step,condition,population,skill_reachability,resource_reachability,n_agents,maker_count,stage_consumer,stage_customizer,stage_maker,stage_advanced_maker,skill_mean,skill_median,skill_max,skill_var,method_count_total,method_holders,method_adoption_rate,method_peer_held,knowledge_diffusion_lag_mean,hop_count_mean,latent_distributed_resources,completed_projects_total,time_total,time_practice,time_share_practice,time_observe,time_share_observe,time_idle,time_share_idle,time_make,time_share_make,skill_gain_per_time,method_self_discovery_per_time,method_peer_acquisition_per_time,peer_acquired_count,self_discovered_count,reject_time_budget_exceeded,reject_missing_asset,count_practice,count_observe,count_idle,count_make,time_ask,time_share_ask,time_share,time_share_share,count_ask,count_share,reject_insufficient_material
0,A,reachability,0.725,0.0,,,,,,,,,,,,,,,,,,,,,,,,,,,,,,,,,,,,,,,,,,,,,
1,A,all_agents,,,40,0,15,25,0,0,0.1665246128232781,0.13874065638775757,0.7018317074583597,0.014120894711174512,4,4,0.1,0,0.0,0.0,25.65,35,,,,,,,,,,,,,,,,,,,,,,,,,,,
1,A,participants_only,,,30,0,5,25,0,0,0.16275073416449798,0.13806498804369113,0.5120837102934693,0.011813665217216726,4,4,0.13333333333333333,0,0.0,0.0,24.2,35,,,,,,,,,,,,,,,,,,,,,,,,,,,
1,A,nonparticipants_only,,,10,0,10,0,0,0,0.1778462487996184,0.1425975812632197,0.7018317074583597,0.020871677271473515,0,0,0.0,0,0.0,0.0,30.0,0,,,,,,,,,,,,,,,,,,,,,,,,,,,
1,A,step_totals,,,,,,,,,,,,,,,,,,,,,83.99999999999997,20.0,0.23809523809523817,4.000000000000002,0.04761904761904766,0.0,0.0,60.0,0.7142857142857145,0.02022517238505584,0.06666666666666667,0.0,0,4,29,14,40,40,33,60,,,,,,,
2,A,all_agents,,,40,1,12,27,1,0,0.17330355807793138,0.1446852373922934,0.6983225489210678,0.014214026325854789,11,10,0.25,4,1.0,1.0,26.3,74,,,,,,,,,,,,,,,,,,,,,,,,,,,
2,A,participants_only,,,30,1,2,27,1,0,0.17154742433390682,0.1446852373922934,0.5316003618817305,0.012172634421239071,11,10,0.3333333333333333,4,1.0,1.0,23.4,74,,,,,,,,,,,,,,,,,,,,,,,,,,,
2,A,nonparticipants_only,,,10,0,10,0,0,0,0.1785719593100051,0.14188459335690362,0.6983225489210678,0.02030119397097912,0,0,0.0,0,0.0,0.0,35.0,0,,,,,,,,,,,,,,,,,,,,,,,,,,,
2,A,step_totals,,,,,,,,,,,,,,,,,,,,,88.00000000000001,20.0,0.22727272727272724,4.000000000000002,0.04545454545454547,0.0,0.0,60.0,0.6818181818181817,0.019978935099408023,0.05,0.5000000000000002,4,3,20,12,40,40,32,60,3.400000000000001,0.03863636363636364,0.6000000000000001,0.006818181818181818,17,3,
3,A,all_agents,,,40,3,10,27,3,0,0.17977094137168034,0.14798314465733625,0.6948309361764625,0.014476631867430553,20,16,0.4,8,1.25,1.0,27.625,112,,,,,,,,,,,,,,,,,,,,,,,,,,,
3,A,participants_only,,,30,3,0,27,3,0,0.17993233242184944,0.1489680575216639,0.5503363474064613,0.012714222009415669,20,16,0.5333333333333333,8,1.25,1.0,23.5,112,,,,,,,,,,,,,,,,,,,,,,,,,,,
3,A,nonparticipants_only,,,10,0,10,0,0,0,0.1792867682211731,0.1411751703901191,0.6948309361764625,0.01976354887662231,0,0,0.0,0,0.0,0.0,40.0,0,,,,,,,,,,,,,,,,,,,,,,,,,,,
3,A,step_totals,,,,,,,,,,,,,,,,,,,,,88.00000000000001,20.0,0.22727272727272724,4.000000000000002,0.04545454545454547,0.0,0.0,59.0,0.6704545454545453,0.01911589967630383,0.0847457627118644,0.4444444444444448,4,5,16,11,40,40,31,59,3.2000000000000006,0.03636363636363636,1.7999999999999998,0.02045454545454545,16,9,
4,A,all_agents,,,40,3,10,27,3,0,0.18485538902670778,0.16107070016905833,0.6913567814955802,0.014487636642799562,37,28,0.7,20,1.65,1.3,29.775,139,,,,,,,,,,,,,,,,,,,,,,,,,,,
4,A,participants_only,,,30,3,0,27,3,0,0.18647622276316542,0.16237335686397703,0.547584665669429,0.012889781386018893,37,28,0.9333333333333333,20,1.65,1.3,24.7,139,,,,,,,,,,,,,,,,,,,,,,,,,,,
4,A,nonparticipants_only,,,10,0,10,0,0,0,0.17999288781733475,0.14046929453816848,0.6913567814955802,0.01924967718912669,0,0,0.0,0,0.0,0.0,45.0,0,,,,,,,,,,,,,,,,,,,,,,,,,,,
4,A,step_totals,,,,,,,,,,,,,,,,,,,,,84.00000000000003,20.0,0.23809523809523803,4.000000000000002,0.04761904761904762,0.0,0.0,51.0,0.607142857142857,0.016306472324613002,0.09803921568627451,0.9230769230769243,12,5,5,27,40,40,38,51,6.000000000000003,0.07142857142857144,3.0000000000000004,0.035714285714285705,30,15,26
5,A,all_agents,,,40,6,10,24,6,0,0.1892871692347607,0.16223802600780726,0.6878999975881023,0.01463137855573747,58,29,0.725,38,2.289473684210526,1.631578947368421,32.375,163,,,,,,,,,,,,,,,,,,,,,,,,,,,
5,A,participants_only,,,30,6,0,24,6,0,0.19215281734989886,0.16331724119524194,0.5470483581349596,0.013222415900847674,58,29,0.9666666666666667,38,2.289473684210526,1.631578947368421,26.5,163,,,,,,,,,,,,,,,,,,,,,,,,,,,
5,A,nonparticipants_only,,,10,0,10,0,0,0,0.18069022488934622,0.13976694806547763,0.6878999975881023,0.01875972325096932,0,0,0.0,0,0.0,0.0,50.0,0,,,,,,,,,,,,,,,,,,,,,,,,,,,
5,A,step_totals,,,,,,,,,,,,,,,,,,,,,79.90000000000006,20.0,0.25031289111389216,3.700000000000002,0.046307884856070076,0.0,0.0,45.0,0.5632040050062573,0.015230208287324364,0.06666666666666667,1.2080536912751698,18,3,2,24,40,37,38,45,5.8000000000000025,0.07259073842302877,5.400000000000002,0.06758448060075091,29,27,28
6,A,all_agents,,,40,8,10,22,8,0,0.19406344016776583,0.16413296875230338,0.6844604976001618,0.014790784165595356,65,30,0.75,43,2.5348837209302326,1.6744186046511629,33.275,191,,,,,,,,,,,,,,,,,,,,,,,,,,,
6,A,participants_only,,,30,8,0,22,8,0,0.19829122975514635,0.17046402477632477,0.5651664238095612,0.013553410562600962,65,30,1.0,43,2.5348837209302326,1.6744186046511629,27.7,191,,,,,,,,,,,,,,,,,,,,,,,,,,,
6,A,nonparticipants_only,,,10,0,10,0,0,0,0.18138007140562434,0.13906811332515023,0.6844604976001618,0.018288414517036576,0,0,0.0,0,0.0,0.0,50.0,0,,,,,,,,,,,,,,,,,,,,,,,,,,,
6,A,step_totals,,,,,,,,,,,,,,,,,,,,,80.10000000000008,20.0,0.2496878901373281,3.1000000000000014,0.03870162297128587,0.0,0.0,45.0,0.5617977528089882,0.016234592377423793,0.044444444444444446,0.33112582781457006,5,2,3,28,40,31,39,45,6.200000000000003,0.07740324594257174,5.8000000000000025,0.07240948813982517,31,29,30
7,A,all_agents,,,40,10,10,20,10,0,0.19941095460378733,0.16886107026113895,0.681038195112161,0.014940665660111475,78,30,0.75,51,2.9019607843137254,1.7254901960784315,33.625,221,,,,,,,,,,,,,,,,,,,,,,,,,,,
7,A,participants_only,,,30,10,0,20,10,0,0.20519375242856025,0.17630944668178578,0.5825597668571787,0.013842136532719557,78,30,1.0,51,2.9019607843137254,1.7254901960784315,28.166666666666668,221,,,,,,,,,,,,,,,,,,,,,,,,,,,
7,A,nonparticipants_only,,,10,0,10,0,0,0,0.1820625611294685,0.1416749264230901,0.681038195112161,0.017834964034100842,0,0,0.0,0,0.0,0.0,50.0,0,,,,,,,,,,,,,,,,,,,,,,,,,,,
7,A,step_totals,,,,,,,,,,,,,,,,,,,,,90.70000000000009,20.0,0.2205071664829105,0.8999999999999999,0.009922822491730971,0.0,0.0,57.0,0.6284454244762949,0.015832579065766964,0.08771929824561403,0.5839416058394168,8,5,4,33,40,9,39,57,6.800000000000003,0.0749724366041896,6.000000000000003,0.06615214994487317,34,30,32
8,A,all_agents,,,40,10,10,20,10,0,0.20431636021294644,0.17224471687169907,0.6776330041366002,0.01517525020851133,81,30,0.75,53,3.056603773584906,1.7169811320754718,34.05,247,,,,,,,,,,,,,,,,,,,,,,,,,,,
8,A,participants_only,,,30,10,0,20,10,0,0.2115092435026363,0.17900368631758454,0.5992573761828915,0.014226924045141656,81,30,1.0,53,3.056603773584906,1.7169811320754718,28.733333333333334,247,,,,,,,,,,,,,,,,,,,,,,,,,,,
8,A,nonparticipants_only,,,10,0,10,0,0,0,0.18273771034387679,0.14561356449394935,0.6776330041366002,0.017399377858391147,0,0,0.0,0,0.0,0.0,50.0,0,,,,,,,,,,,,,,,,,,,,,,,,,,,
8,A,step_totals,,,,,,,,,,,,,,,,,,,,,92.3000000000001,20.0,0.21668472372697703,0.1,0.001083423618634885,0.0,0.0,59.0,0.6392199349945822,0.014372909431934533,0.01694915254237288,0.15037593984962425,2,1,4,35,40,1,39,59,7.200000000000004,0.07800650054171177,6.000000000000003,0.06500541711809313,36,30,32
9,A,all_agents,,,40,11,10,19,11,0,0.20933346647315831,0.17469583252515952,0.6742448391159173,0.015452112520240311,87,30,0.75,54,3.1481481481481484,1.7407407407407407,33.525,275,,,,,,,,,,,,,,,,,,,,,,,,,,,
9,A,participants_only,,,30,11,0,19,11,0,0.21797585735692632,0.18350744853558731,0.6152870811355758,0.014644572546284878,87,30,1.0,54,3.1481481481481484,1.7407407407407407,28.033333333333335,275,,,,,,,,,,,,,,,,,,,,,,,,,,,
9,A,nonparticipants_only,,,10,0,10,0,0,0,0.18340629382185433,0.14951103924742454,0.6742448391159173,0.016978441399852582,0,0,0.0,0,0.0,0.0,50.0,0,,,,,,,,,,,,,,,,,,,,,,,,,,,
9,A,step_totals,,,,,,,,,,,,,,,,,,,,,91.80000000000011,20.0,0.21786492374727642,,,0.0,0.0,59.0,0.6427015250544654,0.014758623589478366,0.0847457627118644,0.07812500000000008,1,5,6,36,40,,38,59,6.800000000000003,0.07407407407407403,6.000000000000003,0.06535947712418295,34,30,36
10,A,all_agents,,,40,11,10,19,11,0,0.2144857314754457,0.17955840621010954,0.6708736149203377,0.015901792107274652,96,30,0.75,56,3.357142857142857,1.7321428571428572,33.05,306,,,,,,,,,,,,,,,,,,,,,,,,,,,
10,A,participants_only,,,30,11,0,19,11,0,0.22462478896958452,0.18787576480607382,0.6306755978901528,0.015267468041396174,96,30,1.0,56,3.357142857142857,1.7321428571428572,27.4,306,,,,,,,,,,,,,,,,,,,,,,,,,,,
10,A,nonparticipants_only,,,10,0,10,0,0,0,0.18406855899302912,0.1494958344285941,0.6708736149203377,0.016571158462476646,0,0,0.0,0,0.0,0.0,50.0,0,,,,,,,,,,,,,,,,,,,,,,,,,,,
10,A,step_totals,,,,,,,,,,,,,,,,,,,,,92.20000000000012,20.0,0.2169197396963121,,,0.0,0.0,59.0,0.6399132321041207,0.01500563840654151,0.11864406779661017,0.15151515151515169,2,7,4,35,40,,38,59,7.200000000000004,0.0780911062906724,6.000000000000003,0.06507592190889365,36,30,34
10,A,reachability,0.325,0.0,,,,,,,,,,,,,,,,,,,,,,,,,,,,,,,,,,,,,,,,,,,,,
11,A,all_agents,,,40,14,10,16,14,0,0.2198145819440957,0.1808041385345403,0.667519246845736,0.01648822735183489,102,30,0.75,57,3.4210526315789473,1.736842105263158,32.65,341,,,,,,,,,,,,,,,,,,,,,,,,,,,
11,A,participants_only,,,30,14,0,16,14,0,0.23151117103093605,0.19179504381969315,0.6454485739745467,0.016044883330646423,102,30,1.0,57,3.4210526315789473,1.736842105263158,26.866666666666667,341,,,,,,,,,,,,,,,,,,,,,,,,,,,
11,A,nonparticipants_only,,,10,0,10,0,0,0,0.18472481468357468,0.1487483552564511,0.667519246845736,0.016176537060203583,0,0,0.0,0,0.0,0.0,50.0,0,,,,,,,,,,,,,,,,,,,,,,,,,,,
11,A,step_totals,,,,,,,,,,,,,,,,,,,,,90.90000000000009,20.0,0.2200220022002198,0.1,0.001100110011001099,0.0,0.0,58.0,0.6380638063806374,0.015736194222192555,0.08620689655172414,0.07751937984496131,1,5,6,34,40,1,38,58,6.800000000000003,0.07480748074807476,6.000000000000003,0.06600660066006597,34,30,37
12,A,all_agents,,,40,16,10,14,16,0,0.2248407892129704,0.1875866707950664,0.6641816506115074,0.017089075379509117,109,30,0.75,59,3.6610169491525424,1.7627118644067796,32.375,375,,,,,,,,,,,,,,,,,,,,,,,,,,,
12,A,participants_only,,,30,16,0,14,16,0,0.23799596015356544,0.19837597458629133,0.6596306310155649,0.016828719883957514,109,30,1.0,59,3.6610169491525424,1.7627118644067796,26.5,375,,,,,,,,,,,,,,,,,,,,,,,,,,,
12,A,nonparticipants_only,,,10,0,10,0,0,0,0.18537527639118537,0.15018673749835637,0.6641816506115074,0.01579343959644863,0,0,0.0,0,0.0,0.0,50.0,0,,,,,,,,,,,,,,,,,,,,,,,,,,,
12,A,step_totals,,,,,,,,,,,,,,,,,,,,,86.9000000000001,20.0,0.23014959723820455,0.1,0.0011507479861910229,0.0,0.0,54.0,0.6214039125431523,0.01565562256284187,0.09259259259259259,0.15503875968992262,2,5,4,43,40,1,37,54,7.200000000000004,0.08285385500575368,5.600000000000002,0.0644418872266973,36,28,36
13,A,all_agents,,,40,20,10,10,20,0,0.22951936183879132,0.19040121101838187,0.6732454057749423,0.017721746732196487,110,30,0.75,59,3.6610169491525424,1.7627118644067796,31.9,405,,,,,,,,,,,,,,,,,,,,,,,,,,,
13,A,participants_only,,,30,20,0,10,20,0,0.2440191841777166,0.20011159059343686,0.6732454057749423,0.01764726951227297,110,30,1.0,59,3.6610169491525424,1.7627118644067796,25.866666666666667,405,,,,,,,,,,,,,,,,,,,,,,,,,,,
13,A,nonparticipants_only,,,10,0,10,0,0,0,0.1860198948220155,0.14999518005219198,0.6608607423584498,0.015422240217642278,0,0,0.0,0,0.0,0.0,50.0,0,,,,,,,,,,,,,,,,,,,,,,,,,,,
13,A,step_totals,,,,,,,,,,,,,,,,,,,,,90.60000000000011,20.0,0.22075055187637943,,,0.0,0.0,58.0,0.6401766004415004,0.014066465338609462,0.017241379310344827,0.0,0,1,7,34,40,,37,58,6.600000000000003,0.07284768211920524,6.000000000000003,0.06622516556291386,33,30,36
14,A,all_agents,,,40,20,10,10,20,0,0.23424691101437226,0.19699594588899522,0.6863155895439446,0.01846821592559392,116,30,0.75,59,3.6610169491525424,1.7627118644067796,31.675,439,,,,,,,,,,,,,,,,,,,,,,,,,,,
14,A,participants_only,,,30,20,0,10,20,0,0.25010928827499207,0.20863253419822309,0.6863155895439446,0.018598313042351065,116,30,1.0,59,3.6610169491525424,1.7627118644067796,25.566666666666666,439,,,,,,,,,,,,,,,,,,,,,,,,,,,
14,A,nonparticipants_only,,,10,0,10,0,0,0,0.18665977923251298,0.1511834093605593,0.6575564386466576,0.015058544427023755,0,0,0.0,0,0.0,0.0,50.0,0,,,,,,,,,,,,,,,,,,,,,,,,,,,
14,A,step_totals,,,,,,,,,,,,,,,,,,,,,85.8000000000001,20.0,0.23310023310023284,,,0.0,0.0,53.0,0.617715617715617,0.015041650403455738,0.11320754716981132,0.0,0,6,5,46,40,,36,53,7.0000000000000036,0.08158508158508153,5.8000000000000025,0.06759906759906756,35,29,36
15,A,all_agents,,,40,20,10,10,20,0,0.23848953891061744,0.19645581110153665,0.6988629659621868,0.01928032597647298,119,30,0.75,59,3.6610169491525424,1.7627118644067796,31.35,469,,,,,,,,,,,,,,,,,,,,,,,,,,,
15,A,participants_only,,,30,20,0,10,20,0,0.25555484776406023,0.21251512355870758,0.6988629659621868,0.019639721714321694,119,30,1.0,59,3.6610169491525424,1.7627118644067796,25.133333333333333,469,,,,,,,,,,,,,,,,,,,,,,,,,,,
15,A,nonparticipants_only,,,10,0,10,0,0,0,0.18729361235028902,0.15259124607155156,0.6542686564534242,0.014707441567766105,0,0,0.0,0,0.0,0.0,50.0,0,,,,,,,,,,,,,,,,,,,,,,,,,,,
15,A,step_totals,,,,,,,,,,,,,,,,,,,,,87.5000000000001,19.5,0.22285714285714261,,,0.0,0.0,55.0,0.6285714285714279,0.01341694317645358,0.05454545454545454,0.0,0,3,5,37,39,,38,55,7.0000000000000036,0.07999999999999995,6.000000000000003,0.06857142857142852,35,30,41
16,A,all_agents,,,40,21,10,9,21,0,0.2425791233266485,0.19712490008988098,0.7109084473236993,0.020139925645526108,123,30,0.75,59,3.6610169491525424,1.7627118644067796,31.3,501,,,,,,,,,,,,,,,,,,,,,,,,,,,
16,A,participants_only,,,30,21,0,9,21,0,0.26079807084743284,0.21375713248719805,0.7109084473236993,0.020736985787428944,123,30,1.0,59,3.6610169491525424,1.7627118644067796,25.066666666666666,501,,,,,,,,,,,,,,,,,,,,,,,,,,,
16,A,nonparticipants_only,,,10,0,10,0,0,0,0.18792228076429549,0.15240154833988073,0.6509973131711572,0.014365584634636478,0,0,0.0,0,0.0,0.0,50.0,0,,,,,,,,,,,,,,,,,,,,,,,,,,,
16,A,step_totals,,,,,,,,,,,,,,,,,,,,,81.0000000000001,20.0,0.2469135802469133,,,0.0,0.0,48.0,0.5925925925925919,0.014143306204111873,0.08333333333333333,0.0,0,4,5,56,40,,37,48,7.0000000000000036,0.08641975308641969,6.000000000000003,0.07407407407407401,35,30,45
17,A,all_agents,,,40,23,10,7,23,0,0.24676849593190117,0.1992083527193878,0.7224721094307514,0.021064998923624057,129,30,0.75,59,3.6610169491525424,1.7627118644067796,31.15,534,,,,,,,,,,,,,,,,,,,,,,,,,,,
17,A,participants_only,,,30,23,0,7,23,0,0.26617607325966347,0.21762222218414276,0.7224721094307514,0.02190238030252899,129,30,1.0,59,3.6610169491525424,1.7627118644067796,24.866666666666667,534,,,,,,,,,,,,,,,,,,,,,,,,,,,
17,A,nonparticipants_only,,,10,0,10,0,0,0,0.18854576394861422,0.15356422349373683,0.6477423266053014,0.014033006094112371,0,0,0.0,0,0.0,0.0,50.0,0,,,,,,,,,,,,,,,,,,,,,,,,,,,
17,A,step_totals,,,,,,,,,,,,,,,,,,,,,85.3000000000001,19.5,0.22860492379835848,,,0.0,0.0,53.0,0.6213364595545128,0.013697807786012548,0.11320754716981132,0.0,0,6,6,39,39,,38,53,6.800000000000003,0.07971864009378658,6.000000000000003,0.0703399765533411,34,30,43
18,A,all_agents,,,40,26,10,4,26,0,0.25057154466683434,0.19847674818336797,0.7335732250535213,0.02203591337894842,135,30,0.75,59,3.6610169491525424,1.7627118644067796,31.225,567,,,,,,,,,,,,,,,,,,,,,,,,,,,
18,A,participants_only,,,30,26,0,4,26,0,0.27104070372371303,0.22005158396773317,0.7335732250535213,0.023135400232399,135,30,1.0,59,3.6610169491525424,1.7627118644067796,24.966666666666665,567,,,,,,,,,,,,,,,,,,,,,,,,,,,
18,A,nonparticipants_only,,,10,0,10,0,0,0,0.1891640674961983,0.1529195336264091,0.6445036149722749,0.013709615148647094,0,0,0.0,0,0.0,0.0,50.0,0,,,,,,,,,,,,,,,,,,,,,,,,,,,
18,A,step_totals,,,,,,,,,,,,,,,,,,,,,78.3000000000001,18.5,0.23627075351213253,,,0.0,0.0,47.0,0.600255427841634,0.013830874792750938,0.1276595744680851,0.0,0,6,6,56,37,,36,47,6.800000000000003,0.08684546615581092,6.000000000000003,0.0766283524904214,34,30,45
19,A,all_agents,,,40,28,10,2,28,0,0.25486844814879395,0.2020727407306115,0.7362374928029861,0.023028420288126794,140,30,0.75,59,3.6610169491525424,1.7627118644067796,31.075,603,,,,,,,,,,,,,,,,,,,,,,,,,,,
19,A,participants_only,,,30,28,0,2,28,0,0.27656565278653056,0.22178238573660852,0.7362374928029861,0.02435584076220399,140,30,1.0,59,3.6610169491525424,1.7627118644067796,24.766666666666666,603,,,,,,,,,,,,,,,,,,,,,,,,,,,
19,A,nonparticipants_only,,,10,0,10,0,0,0,0.18977683423558422,0.15290439981667692,0.6412810968974135,0.01339693459679339,0,0,0.0,0,0.0,0.0,50.0,0,,,,,,,,,,,,,,,,,,,,,,,,,,,
19,A,step_totals,,,,,,,,,,,,,,,,,,,,,84.9000000000001,19.5,0.2296819787985863,,,0.0,0.0,53.0,0.6242638398115422,0.014052856618827755,0.09433962264150944,0.0,0,5,8,38,39,,38,53,6.400000000000003,0.07538280329799758,6.000000000000003,0.07067137809187274,32,30,43
20,A,all_agents,,,40,30,10,0,30,0,0.25842290972975995,0.2036594549059208,0.7467879930908666,0.024087214454242965,145,30,0.75,59,3.6610169491525424,1.7627118644067796,31.15,636,,,,,,,,,,,,,,,,,,,,,,,,,,,
20,A,participants_only,,,30,30,0,0,30,0,0.28110208413452825,0.2240652814209938,0.7467879930908666,0.0256956291254532,145,30,1.0,59,3.6610169491525424,1.7627118644067796,24.866666666666667,636,,,,,,,,,,,,,,,,,,,,,,,,,,,
20,A,nonparticipants_only,,,10,0,10,0,0,0,0.19038538651545495,0.15434910914927974,0.6380746914129265,0.013089831020429474,0,0,0.0,0,0.0,0.0,50.0,0,,,,,,,,,,,,,,,,,,,,,,,,,,,
20,A,step_totals,,,,,,,,,,,,,,,,,,,,,78.3000000000001,18.5,0.23627075351213253,,,0.0,0.0,47.0,0.600255427841634,0.013087589816478925,0.10638297872340426,0.0,0,5,6,56,37,,36,47,6.800000000000003,0.08684546615581092,6.000000000000003,0.0766283524904214,34,30,45
20,A,reachability,0.15,0.0,,,,,,,,,,,,,,,,,,,,,,,,,,,,,,,,,,,,,,,,,,,,,
21,A,all_agents,,,40,30,10,0,30,0,0.2624596414463727,0.20709212921860076,0.756916473367232,0.025129823554388257,150,30,0.75,60,3.9,1.7666666666666666,31.0,672,,,,,,,,,,,,,,,,,,,,,,,,,,,
21,A,participants_only,,,30,30,0,0,30,0,0.2862833393510385,0.22350419971426444,0.756916473367232,0.026971888281908094,150,30,1.0,60,3.9,1.7666666666666666,24.666666666666668,672,,,,,,,,,,,,,,,,,,,,,,,,,,,
21,A,nonparticipants_only,,,10,0,10,0,0,0,0.1909885477323753,0.15780766348481282,0.6348843179558619,0.012792806389595417,0,0,0.0,0,0.0,0.0,50.0,0,,,,,,,,,,,,,,,,,,,,,,,,,,,
21,A,step_totals,,,,,,,,,,,,,,,,,,,,,84.9000000000001,19.5,0.2296819787985863,,,0.0,0.0,53.0,0.6242638398115422,0.013345953810008488,0.07547169811320754,0.08064516129032266,1,4,8,38,39,,38,53,6.400000000000003,0.07538280329799758,6.000000000000003,0.07067137809187274,32,30,43
22,A,all_agents,,,40,30,10,0,30,0,0.2658037131107844,0.20836393267839642,0.7666398144325427,0.026211045394038884,153,30,0.75,60,3.9,1.7666666666666666,31.075,705,,,,,,,,,,,,,,,,,,,,,,,,,,,
22,A,participants_only,,,30,30,0,0,30,0,0.29054266610409246,0.22633823184130442,0.7666398144325427,0.028332057870523918,153,30,1.0,60,3.9,1.7666666666666666,24.766666666666666,705,,,,,,,,,,,,,,,,,,,,,,,,,,,
22,A,nonparticipants_only,,,10,0,10,0,0,0,0.19158685413086027,0.15907500060838348,0.6317098963660825,0.012503818422122517,0,0,0.0,0,0.0,0.0,50.0,0,,,,,,,,,,,,,,,,,,,,,,,,,,,
22,A,step_totals,,,,,,,,,,,,,,,,,,,,,78.1000000000001,18.5,0.23687580025608165,,,0.0,0.0,47.0,0.6017925736235589,0.01251182335073575,0.06382978723404255,0.0,0,3,7,56,37,,36,47,6.600000000000003,0.08450704225352107,6.000000000000003,0.07682458386683733,33,30,45
23,A,all_agents,,,40,30,10,0,30,0,0.26941359851803887,0.21234392633668042,0.775974221855241,0.02728559716277172,159,30,0.75,60,3.9,1.7666666666666666,30.925,739,,,,,,,,,,,,,,,,,,,,,,,,,,,
23,A,participants_only,,,30,30,0,0,30,0,0.2951578045455842,0.22692826189012894,0.775974221855241,0.029656258001554914,159,30,1.0,60,3.9,1.7666666666666666,24.566666666666666,739,,,,,,,,,,,,,,,,,,,,,,,,,,,
23,A,nonparticipants_only,,,10,0,10,0,0,0,0.192180980435403,0.1590411847109994,0.6285513468842522,0.012220444918557746,0,0,0.0,0,0.0,0.0,50.0,0,,,,,,,,,,,,,,,,,,,,,,,,,,,
23,A,step_totals,,,,,,,,,,,,,,,,,,,,,84.2000000000001,19.0,0.22565320665083108,,,0.0,0.0,53.0,0.629453681710213,0.012259885628703957,0.11320754716981132,0.0,0,6,9,37,38,,37,53,6.200000000000003,0.07363420427553438,6.000000000000003,0.07125890736342037,31,30,43
24,A,all_agents,,,40,30,10,0,30,0,0.27303230544537616,0.21434865767616465,0.7849352529810314,0.028376508740087902,163,30,0.75,60,3.9,1.7666666666666666,31.0,777,,,,,,,,,,,,,,,,,,,,,,,,,,,
24,A,participants_only,,,30,30,0,0,30,0,0.29978643674154504,0.23297237460801606,0.7849352529810314,0.03099008962154916,163,30,1.0,60,3.9,1.7666666666666666,24.666666666666668,777,,,,,,,,,,,,,,,,,,,,,,,,,,,
24,A,nonparticipants_only,,,10,0,10,0,0,0,0.19276991155686934,0.1604501001075722,0.625408590149831,0.011946363598752384,0,0,0.0,0,0.0,0.0,50.0,0,,,,,,,,,,,,,,,,,,,,,,,,,,,
24,A,step_totals,,,,,,,,,,,,,,,,,,,,,78.1000000000001,18.5,0.23687580025608165,,,0.0,0.0,47.0,0.6017925736235589,0.01336839919416399,0.0851063829787234,0.0,0,4,7,56,37,,36,47,6.600000000000003,0.08450704225352107,6.000000000000003,0.07682458386683733,33,30,45
25,A,all_agents,,,40,30,10,0,30,0,0.27648474120786276,0.21620437056180383,0.7935378428617902,0.02949144718330536,166,30,0.75,60,3.9,1.7666666666666666,30.85,812,,,,,,,,,,,,,,,,,,,,,,,,,,,
25,A,participants_only,,,30,30,0,0,30,0,0.30419479191882887,0.23664821585904922,0.7935378428617902,0.032357818167668036,166,30,1.0,60,3.9,1.7666666666666666,24.466666666666665,812,,,,,,,,,,,,,,,,,,,,,,,,,,,
25,A,nonparticipants_only,,,10,0,10,0,0,0,0.1933545890749643,0.16382296573753063,0.6222815471990818,0.011678171305365559,0,0,0.0,0,0.0,0.0,50.0,0,,,,,,,,,,,,,,,,,,,,,,,,,,,
25,A,step_totals,,,,,,,,,,,,,,,,,,,,,83.3000000000001,18.5,0.22208883553421344,,,0.0,0.0,53.0,0.6362545018007195,0.011956621230792422,0.05660377358490566,0.0,0,3,11,36,37,,36,53,5.8000000000000025,0.06962785114045614,6.000000000000003,0.0720288115246098,29,30,43
26,A,all_agents,,,40,30,10,0,30,0,0.279601042121828,0.21789069184305174,0.8017963291473186,0.0306191633732959,171,30,0.75,60,3.9,1.7666666666666666,31.0,847,,,,,,,,,,,,,,,,,,,,,,,,,,,
26,A,participants_only,,,30,30,0,0,30,0,0.308156499838221,0.24039097623219663,0.8017963291473186,0.033758178505001936,171,30,1.0,60,3.9,1.7666666666666666,24.666666666666668,847,,,,,,,,,,,,,,,,,,,,,,,,,,,
26,A,nonparticipants_only,,,10,0,10,0,0,0,0.19393466897264885,0.16537955204992744,0.6191701394630864,0.011417147993465267,0,0,0.0,0,0.0,0.0,50.0,0,,,,,,,,,,,,,,,,,,,,,,,,,,,
26,A,step_totals,,,,,,,,,,,,,,,,,,,,,78.1000000000001,18.5,0.23687580025608165,,,0.0,0.0,47.0,0.6017925736235589,0.011848505875241935,0.10638297872340426,0.0,0,5,7,56,37,,35,47,6.600000000000003,0.08450704225352107,6.000000000000003,0.07682458386683733,33,30,44
27,A,all_agents,,,40,30,10,0,30,0,0.2829367462683819,0.21966750362517776,0.8097244759814258,0.03167881681971034,175,30,0.75,60,3.9,1.7666666666666666,30.85,882,,,,,,,,,,,,,,,,,,,,,,,,,,,
27,A,participants_only,,,30,30,0,0,30,0,0.3124123439197144,0.2409198135229001,0.8097244759814258,0.03504179858481347,175,30,1.0,60,3.9,1.7666666666666666,24.466666666666665,882,,,,,,,,,,,,,,,,,,,,,,,,,,,
27,A,nonparticipants_only,,,10,0,10,0,0,0,0.19450995331438464,0.16555508956670917,0.616074288765771,0.011164141241562155,0,0,0.0,0,0.0,0.0,50.0,0,,,,,,,,,,,,,,,,,,,,,,,,,,,
27,A,step_totals,,,,,,,,,,,,,,,,,,,,,83.3000000000001,18.5,0.22208883553421344,,,0.0,0.0,53.0,0.6362545018007195,0.011639027712495404,0.07547169811320754,0.0,0,4,11,35,37,,36,53,5.8000000000000025,0.06962785114045614,6.000000000000003,0.0720288115246098,29,30,43
28,A,all_agents,,,40,30,10,0,30,0,0.2860876203085263,0.2230263409637472,0.8173354969421688,0.03278861888813323,180,30,0.75,60,3.9,1.7666666666666666,31.0,919,,,,,,,,,,,,,,,,,,,,,,,,,,,
28,A,participants_only,,,30,30,0,0,30,0,0.3164232211496098,0.24527039526526817,0.8173354969421688,0.036397964981504306,180,30,1.0,60,3.9,1.7666666666666666,24.666666666666668,919,,,,,,,,,,,,,,,,,,,,,,,,,,,
28,A,nonparticipants_only,,,10,0,10,0,0,0,0.19508081778527572,0.1666744112933285,0.6129939173219421,0.010917596467345463,0,0,0.0,0,0.0,0.0,50.0,0,,,,,,,,,,,,,,,,,,,,,,,,,,,
28,A,step_totals,,,,,,,,,,,,,,,,,,,,,78.10000000000008,18.5,0.2368758002560817,,,0.0,0.0,47.0,0.601792573623559,0.011964197783148445,0.10638297872340426,0.0,0,5,7,56,37,,35,47,6.600000000000003,0.08450704225352108,6.000000000000003,0.07682458386683734,33,30,44
29,A,all_agents,,,40,30,10,0,30,0,0.2892506349618609,0.2237078861546976,0.824642077064482,0.03381705222433727,188,30,0.75,60,3.9,1.7666666666666666,30.85,954,,,,,,,,,,,,,,,,,,,,,,,,,,,
29,A,participants_only,,,30,30,0,0,30,0,0.3204514823623084,0.25100830356377246,0.824642077064482,0.037637263009195,188,30,1.0,60,3.9,1.7666666666666666,24.466666666666665,954,,,,,,,,,,,,,,,,,,,,,,,,,,,
29,A,nonparticipants_only,,,10,0,10,0,0,0,0.19564809276051823,0.16968923362106697,0.6099289477353323,0.010674505327691887,0,0,0.0,0,0.0,0.0,50.0,0,,,,,,,,,,,,,,,,,,,,,,,,,,,
29,A,step_totals,,,,,,,,,,,,,,,,,,,,,82.8000000000001,18.0,0.21739130434782583,,,0.0,0.0,53.0,0.6400966183574872,0.011256857563554613,0.1509433962264151,0.0,0,8,11,35,36,,36,53,5.8000000000000025,0.07004830917874391,6.000000000000003,0.07246376811594198,29,30,43
30,A,all_agents,,,40,30,10,0,30,0,0.29195347841429775,0.22764763233258012,0.8316563939819027,0.03493356350844603,192,30,0.75,60,3.9,1.7666666666666666,31.0,989,,,,,,,,,,,,,,,,,,,,,,,,,,,
30,A,participants_only,,,30,30,0,0,30,0,0.3238676869750182,0.25157860285605244,0.8316563939819027,0.03902456429153739,192,30,1.0,60,3.9,1.7666666666666666,24.666666666666668,989,,,,,,,,,,,,,,,,,,,,,,,,,,,
30,A,nonparticipants_only,,,10,0,10,0,0,0,0.19621085273213631,0.17118250352250686,0.6068793029966557,0.010438360662485994,0,0,0.0,0,0.0,0.0,50.0,0,,,,,,,,,,,,,,,,,,,,,,,,,,,
30,A,step_totals,,,,,,,,,,,,,,,,,,,,,76.90000000000009,17.5,0.22756827048114409,,,0.0,0.0,47.0,0.6111833550065012,0.010800861516058446,0.0851063829787234,0.0,0,4,8,55,35,,34,47,6.400000000000003,0.08322496749024702,6.000000000000003,0.07802340702210657,32,30,43
30,A,reachability,0.15,0.0,,,,,,,,,,,,,,,,,,,,,,,,,,,,,,,,,,,,,,,,,,,,,
31,A,all_agents,,,40,30,10,0,30,0,0.29525355471350234,0.23144081421404072,0.8383901382226266,0.03598001444452121,199,30,0.75,60,3.9,1.7666666666666666,30.85,1028,,,,,,,,,,,,,,,,,,,,,,,,,,,
31,A,participants_only,,,30,30,0,0,30,0,0.32808195184758276,0.25414542396705886,0.8383901382226266,0.04025850906470869,199,30,1.0,60,3.9,1.7666666666666666,24.466666666666665,1028,,,,,,,,,,,,,,,,,,,,,,,,,,,
31,A,nonparticipants_only,,,10,0,10,0,0,0,0.19676836331126105,0.17132881694393443,0.6038449064816724,0.010212086683243958,0,0,0.0,0,0.0,0.0,50.0,0,,,,,,,,,,,,,,,,,,,,,,,,,,,
31,A,step_totals,,,,,,,,,,,,,,,,,,,,,82.6000000000001,18.0,0.21791767554479394,,,0.0,0.0,53.0,0.6416464891041155,0.01168462300316417,0.1320754716981132,0.0,0,7,12,34,36,,36,53,5.600000000000002,0.06779661016949147,6.000000000000003,0.07263922518159802,28,30,43
32,A,all_agents,,,40,30,10,0,30,0,0.29792343259680276,0.23257999863875164,0.8448545326937216,0.03709048729461158,207,30,0.75,60,3.9,1.7666666666666666,31.0,1065,,,,,,,,,,,,,,,,,,,,,,,,,,,
32,A,participants_only,,,30,30,0,0,30,0,0.33145723294375207,0.2548254126965057,0.8448545326937216,0.04162585297473018,207,30,1.0,60,3.9,1.7666666666666666,24.666666666666668,1065,,,,,,,,,,,,,,,,,,,,,,,,,,,
32,A,nonparticipants_only,,,10,0,10,0,0,0,0.19732203155595485,0.17244515712176944,0.6008256819492641,0.009990201065747066,0,0,0.0,0,0.0,0.0,50.0,0,,,,,,,,,,,,,,,,,,,,,,,,,,,
32,A,step_totals,,,,,,,,,,,,,,,,,,,,,76.40000000000008,17.0,0.22251308900523536,,,0.0,0.0,47.0,0.6151832460732978,0.01082760030842188,0.1702127659574468,0.0,0,8,8,55,34,,34,47,6.400000000000003,0.08376963350785335,6.000000000000003,0.07853403141361252,32,30,43
33,A,all_agents,,,40,30,10,0,30,0,0.30081349728149764,0.23182285607091013,0.8510603513859727,0.038090544972539865,211,30,0.75,61,4.360655737704918,1.7704918032786885,30.85,1101,,,,,,,,,,,,,,,,,,,,,,,,,,,
33,A,participants_only,,,30,30,0,0,30,0,0.3351273417382198,0.2558777288085441,0.8510603513859727,0.04282016127038423,211,30,1.0,61,4.360655737704918,1.7704918032786885,24.466666666666665,1101,,,,,,,,,,,,,,,,,,,,,,,,,,,
33,A,nonparticipants_only,,,10,0,10,0,0,0,0.19787196391133136,0.17419938364853801,0.5978215535395178,0.009772417022205339,0,0,0.0,0,0.0,0.0,50.0,0,,,,,,,,,,,,,,,,,,,,,,,,,,,
33,A,step_totals,,,,,,,,,,,,,,,,,,,,,82.60000000000008,18.0,0.21791767554479397,,,0.0,0.0,53.0,0.6416464891041156,0.010514097064062318,0.05660377358490566,0.08620689655172421,1,3,12,34,36,,36,53,5.600000000000002,0.06779661016949148,6.000000000000003,0.07263922518159803,28,30,43
34,A,all_agents,,,40,30,10,0,30,0,0.3034397322011229,0.23314973241815629,0.8570179373305338,0.03915689062674454,218,30,0.75,61,4.360655737704918,1.7704918032786885,31.0,1139,,,,,,,,,,,,,,,,,,,,,,,,,,,
34,A,participants_only,,,30,30,0,0,30,0,0.33844691832416485,0.25548709808270387,0.8570179373305338,0.04412092772038662,218,30,1.0,61,4.360655737704918,1.7704918032786885,24.666666666666668,1139,,,,,,,,,,,,,,,,,,,,,,,,,,,
34,A,nonparticipants_only,,,10,0,10,0,0,0,0.19841817383199697,0.17645656317948782,0.5948324457718203,0.009558742382778672,0,0,0.0,0,0.0,0.0,50.0,0,,,,,,,,,,,,,,,,,,,,,,,,,,,
34,A,step_totals,,,,,,,,,,,,,,,,,,,,,76.40000000000009,17.0,0.22251308900523534,,,0.0,0.0,47.0,0.6151832460732977,0.010697741420169401,0.14893617021276595,0.0,0,7,8,55,34,,34,47,6.400000000000003,0.08376963350785334,6.000000000000003,0.07853403141361251,32,30,42
35,A,all_agents,,,40,30,10,0,30,0,0.3064226443317445,0.23670732486308504,0.8627372198373124,0.040160322302919264,223,30,0.75,61,4.360655737704918,1.7704918032786885,30.85,1178,,,,,,,,,,,,,,,,,,,,,,,,,,,
35,A,participants_only,,,30,30,0,0,30,0,0.3422435687427827,0.2574813645703964,0.8627372198373124,0.0452971241173053,223,30,1.0,61,4.360655737704918,1.7704918032786885,24.466666666666665,1178,,,,,,,,,,,,,,,,,,,,,,,,,,,
35,A,nonparticipants_only,,,10,0,10,0,0,0,0.19895987109862984,0.17610123177596138,0.5918582835429611,0.009352253351825407,0,0,0.0,0,0.0,0.0,50.0,0,,,,,,,,,,,,,,,,,,,,,,,,,,,
35,A,step_totals,,,,,,,,,,,,,,,,,,,,,82.40000000000009,18.0,0.21844660194174734,,,0.0,0.0,53.0,0.6432038834951449,0.01083081390322335,0.09433962264150944,0.0,0,5,13,34,36,,36,53,5.400000000000002,0.06553398058252423,6.000000000000003,0.07281553398058248,27,30,43
36,A,all_agents,,,40,30,10,0,29,1,0.30904810153294393,0.23726856704634858,0.8682277310438199,0.04119704922737896,234,30,0.75,61,4.360655737704918,1.7704918032786885,31.0,1218,,,,,,,,,,,,,,,,,,,,,,,,,,,
36,A,participants_only,,,30,30,0,0,29,1,0.34556495647867935,0.2568686615055761,0.8682277310438199,0.04654509413551775,234,30,1.0,61,4.360655737704918,1.7704918032786885,24.666666666666668,1218,,,,,,,,,,,,,,,,,,,,,,,,,,,
36,A,nonparticipants_only,,,10,0,10,0,0,0,0.19949753669573786,0.17691000574022103,0.5888989921252463,0.009151146161428068,0,0,0.0,0,0.0,0.0,50.0,0,,,,,,,,,,,,,,,,,,,,,,,,,,,
36,A,step_totals,,,,,,,,,,,,,,,,,,,,,75.70000000000009,16.5,0.21796565389696143,,,0.0,0.0,47.0,0.6208718626155871,0.010834085354633382,0.23404255319148937,0.0,0,11,9,53,33,,33,47,6.200000000000003,0.08190224570673706,6.000000000000003,0.07926023778071328,31,30,41
37,A,all_agents,,,40,30,10,0,29,1,0.312055477136199,0.23947097269150952,0.873498621802067,0.04218034959593758,238,30,0.75,61,4.360655737704918,1.7704918032786885,30.85,1259,,,,,,,,,,,,,,,,,,,,,,,,,,,
37,A,participants_only,,,30,30,0,0,29,1,0.34939681689479724,0.257678552856877,0.873498621802067,0.047678179326608776,238,30,1.0,61,4.360655737704918,1.7704918032786885,24.466666666666665,1259,,,,,,,,,,,,,,,,,,,,,,,,,,,
37,A,nonparticipants_only,,,10,0,10,0,0,0,0.2000314578604045,0.17862866639252364,0.5859544971646201,0.008954352544319217,0,0,0.0,0,0.0,0.0,50.0,0,,,,,,,,,,,,,,,,,,,,,,,,,,,
37,A,step_totals,,,,,,,,,,,,,,,,,,,,,82.2000000000001,18.0,0.21897810218978075,,,0.0,0.0,53.0,0.6447688564476878,0.010951648904059997,0.07547169811320754,0.0,0,4,14,34,36,,36,53,5.200000000000002,0.06326034063260336,6.000000000000003,0.07299270072992695,26,30,42
38,A,all_agents,,,40,30,10,0,29,1,0.31453506568153483,0.24369640196900566,0.8785586769299844,0.04312131559615766,241,30,0.75,61,4.360655737704918,1.7704918032786885,31.0,1298,,,,,,,,,,,,,,,,,,,,,,,,,,,
38,A,participants_only,,,30,30,0,0,29,1,0.3525260874553924,0.2572636359091157,0.8785586769299844,0.048801637398757994,241,30,1.0,61,4.360655737704918,1.7704918032786885,24.666666666666668,1298,,,,,,,,,,,,,,,,,,,,,,,,,,,
38,A,nonparticipants_only,,,10,0,10,0,0,0,0.20056200035996227,0.18036566496322617,0.583024724678797,0.00876053736329607,0,0,0.0,0,0.0,0.0,50.0,0,,,,,,,,,,,,,,,,,,,,,,,,,,,
38,A,step_totals,,,,,,,,,,,,,,,,,,,,,75.50000000000007,16.5,0.21854304635761568,,,0.0,0.0,47.0,0.6225165562913901,0.010429066584637176,0.06382978723404255,0.0,0,3,10,52,33,,33,47,6.000000000000003,0.07947019867549665,6.000000000000003,0.07947019867549665,30,30,41
39,A,all_agents,,,40,30,10,0,29,1,0.3171264074796171,0.24450927205637535,0.883416329852785,0.044005721307968114,248,30,0.75,61,4.360655737704918,1.7704918032786885,30.85,1335,,,,,,,,,,,,,,,,,,,,,,,,,,,
39,A,participants_only,,,30,30,0,0,29,1,0.3558056973885428,0.25644650044945877,0.883416329852785,0.049832577000605456,248,30,1.0,61,4.360655737704918,1.7704918032786885,24.466666666666665,1335,,,,,,,,,,,,,,,,,,,,,,,,,,,
39,A,nonparticipants_only,,,10,0,10,0,0,0,0.20108853775284002,0.18109977353455495,0.580109601055403,0.008572104615751456,0,0,0.0,0,0.0,0.0,50.0,0,,,,,,,,,,,,,,,,,,,,,,,,,,,
39,A,step_totals,,,,,,,,,,,,,,,,,,,,,82.20000000000009,18.0,0.21897810218978078,,,0.0,0.0,53.0,0.6447688564476879,0.009759936587666112,0.1320754716981132,0.0,0,7,14,33,36,,36,53,5.200000000000002,0.06326034063260336,6.000000000000003,0.07299270072992696,26,30,41
40,A,all_agents,,,40,30,10,0,29,1,0.31918328297224524,0.24542969330287662,0.8880796766586736,0.044923085956894364,249,30,0.75,61,4.360655737704918,1.7704918032786885,31.0,1371,,,,,,,,,,,,,,,,,,,,,,,,,,,
40,A,participants_only,,,30,30,0,0,29,1,0.35837400722871565,0.25724021712853623,0.8880796766586736,0.05095751540017417,249,30,1.0,61,4.360655737704918,1.7704918032786885,24.666666666666668,1371,,,,,,,,,,,,,,,,,,,,,,,,,,,
40,A,nonparticipants_only,,,10,0,10,0,0,0,0.20161111020283407,0.18070560091893434,0.5772090530501259,0.008388843214094555,0,0,0.0,0,0.0,0.0,50.0,0,,,,,,,,,,,,,,,,,,,,,,,,,,,
40,A,step_totals,,,,,,,,,,,,,,,,,,,,,75.50000000000009,16.5,0.21854304635761565,,,0.0,0.0,47.0,0.62251655629139,0.009108966666893923,0.02127659574468085,0.0,0,1,10,52,33,,33,47,6.000000000000003,0.07947019867549664,6.000000000000003,0.07947019867549664,30,30,41
40,A,reachability,0.175,0.0,,,,,,,,,,,,,,,,,,,,,,,,,,,,,,,,,,,,,,,,,,,,,
41,A,all_agents,,,40,30,10,0,26,4,0.32197279508589477,0.24658274309430772,0.8925564895923267,0.04579748069684548,258,30,0.75,61,4.360655737704918,1.7704918032786885,30.85,1412,,,,,,,,,,,,,,,,,,,,,,,,,,,
41,A,participants_only,,,30,30,0,0,26,4,0.3619204004296768,0.25744892020769605,0.8925564895923267,0.051943410889910654,258,30,1.0,61,4.360655737704918,1.7704918032786885,24.466666666666665,1412,,,,,,,,,,,,,,,,,,,,,,,,,,,
41,A,nonparticipants_only,,,10,0,10,0,0,0,0.2021299790545485,0.1814903931221501,0.5743230077848753,0.008209956045219144,0,0,0.0,0,0.0,0.0,50.0,0,,,,,,,,,,,,,,,,,,,,,,,,,,,
41,A,step_totals,,,,,,,,,,,,,,,,,,,,,82.20000000000007,18.0,0.21897810218978084,,,0.0,0.0,53.0,0.644768856447688,0.010356270024794082,0.16981132075471697,0.0,0,9,14,33,36,,36,53,5.200000000000002,0.06326034063260337,6.000000000000003,0.07299270072992697,26,30,41
42,A,all_agents,,,40,30,10,0,26,4,0.32404259554201353,0.24800588649773908,0.8968542300086336,0.04664403167771415,264,30,0.75,61,4.360655737704918,1.7704918032786885,31.0,1449,,,,,,,,,,,,,,,,,,,,,,,,,,,
42,A,participants_only,,,30,30,0,0,26,4,0.3645082348772776,0.2588559166927504,0.8968542300086336,0.052964358433719536,264,30,1.0,61,4.360655737704918,1.7704918032786885,24.666666666666668,1449,,,,,,,,,,,,,,,,,,,,,,,,,,,
42,A,nonparticipants_only,,,10,0,10,0,0,0,0.20264567753622145,0.18315809205844735,0.5714513927459509,0.008033435807957987,0,0,0.0,0,0.0,0.0,50.0,0,,,,,,,,,,,,,,,,,,,,,,,,,,,
42,A,step_totals,,,,,,,,,,,,,,,,,,,,,75.3000000000001,16.5,0.21912350597609534,,,0.0,0.0,47.0,0.6241699867197867,0.00920409125700712,0.1276595744680851,0.0,0,6,11,51,33,,33,47,5.8000000000000025,0.07702523240371839,6.000000000000003,0.07968127490039834,29,30,41
43,A,all_agents,,,40,30,10,0,26,4,0.32655335043327444,0.24789994722467024,0.9009800608082883,0.0475026955961476,270,30,0.75,61,4.360655737704918,1.7704918032786885,30.85,1489,,,,,,,,,,,,,,,,,,,,,,,,,,,
43,A,participants_only,,,30,30,0,0,26,4,0.36768538830265757,0.2608501391214946,0.9009800608082883,0.05394857370801737,270,30,1.0,61,4.360655737704918,1.7704918032786885,24.466666666666665,1489,,,,,,,,,,,,,,,,,,,,,,,,,,,
43,A,nonparticipants_only,,,10,0,10,0,0,0,0.20315723682512524,0.18403453851958357,0.5685941357822212,0.007862926789077932,0,0,0.0,0,0.0,0.0,50.0,0,,,,,,,,,,,,,,,,,,,,,,,,,,,
43,A,step_totals,,,,,,,,,,,,,,,,,,,,,80.60000000000008,17.0,0.2109181141439204,,,0.0,0.0,53.0,0.6575682382133988,0.009776031069542179,0.11320754716981132,0.0,0,6,17,31,34,,35,53,4.600000000000001,0.05707196029776671,6.000000000000003,0.0744416873449131,23,30,40
44,A,all_agents,,,40,30,10,0,26,4,0.32844199485822184,0.24786008304978413,0.9049408583759567,0.048319916055941846,273,30,0.75,61,4.360655737704918,1.7704918032786885,31.0,1525,,,,,,,,,,,,,,,,,,,,,,,,,,,
44,A,participants_only,,,30,30,0,0,26,4,0.3700341740481972,0.2595458884258871,0.9049408583759567,0.05494177484282096,273,30,1.0,61,4.360655737704918,1.7704918032786885,24.666666666666668,1525,,,,,,,,,,,,,,,,,,,,,,,,,,,
44,A,nonparticipants_only,,,10,0,10,0,0,0,0.20366545728829552,0.18450620619468086,0.56575116510331,0.0076954272580521945,0,0,0.0,0,0.0,0.0,50.0,0,,,,,,,,,,,,,,,,,,,,,,,,,,,
44,A,step_totals,,,,,,,,,,,,,,,,,,,,,74.60000000000008,16.0,0.21447721179624643,,,0.0,0.0,47.0,0.6300268096514738,0.008744940383714223,0.06382978723404255,0.0,0,3,12,50,32,,32,47,5.600000000000002,0.07506702412868628,6.000000000000003,0.08042895442359245,28,30,41
45,A,all_agents,,,40,30,10,0,26,4,0.3306585112003014,0.24802114370813658,0.9087432240409185,0.04911345916721056,281,30,0.75,61,4.360655737704918,1.7704918032786885,30.85,1562,,,,,,,,,,,,,,,,,,,,,,,,,,,
45,A,participants_only,,,30,30,0,0,26,4,0.3728214030036881,0.2620476824853081,0.9087432240409185,0.05586282536532989,281,30,1.0,61,4.360655737704918,1.7704918032786885,24.466666666666665,1562,,,,,,,,,,,,,,,,,,,,,,,,,,,
45,A,nonparticipants_only,,,10,0,10,0,0,0,0.2041698357901412,0.18368444876933676,0.5629224092777935,0.007532847230163429,0,0,0.0,0,0.0,0.0,50.0,0,,,,,,,,,,,,,,,,,,,,,,,,,,,
45,A,step_totals,,,,,,,,,,,,,,,,,,,,,80.40000000000008,17.0,0.21144278606965153,,,0.0,0.0,53.0,0.6592039800995019,0.008940226253559506,0.1509433962264151,0.0,0,8,18,31,34,,35,53,4.400000000000001,0.054726368159203946,6.000000000000003,0.07462686567164176,22,30,40
46,A,all_agents,,,40,30,10,0,26,4,0.3324960959352929,0.24934510416857197,0.9123934950792817,0.04991076473631958,290,30,0.75,61,4.360655737704918,1.7704918032786885,31.0,1599,,,,,,,,,,,,,,,,,,,,,,,,,,,
46,A,participants_only,,,30,30,0,0,26,4,0.3751045536772159,0.2619137463911805,0.9123934950792817,0.05682777206903015,290,30,1.0,61,4.360655737704918,1.7704918032786885,24.666666666666668,1599,,,,,,,,,,,,,,,,,,,,,,,,,,,
46,A,nonparticipants_only,,,10,0,10,0,0,0,0.2046707227095239,0.18326537811213542,0.5601077972314045,0.007373974684445022,0,0,0.0,0,0.0,0.0,50.0,0,,,,,,,,,,,,,,,,,,,,,,,,,,,
46,A,step_totals,,,,,,,,,,,,,,,,,,,,,74.80000000000008,16.0,0.2139037433155078,,,0.0,0.0,47.0,0.6283422459893041,0.008579878463829339,0.19148936170212766,0.0,0,9,11,51,32,,32,47,5.8000000000000025,0.0775401069518716,6.000000000000003,0.08021390374331545,29,30,41
47,A,all_agents,,,40,30,10,0,25,5,0.3350087073884486,0.25044606964174493,0.9158977552761104,0.050707268823721584,299,30,0.75,61,4.360655737704918,1.7704918032786885,30.85,1641,,,,,,,,,,,,,,,,,,,,,,,,,,,
47,A,participants_only,,,30,30,0,0,25,5,0.37828891011645377,0.2629917052617141,0.9158977552761104,0.057710668836832416,299,30,1.0,61,4.360655737704918,1.7704918032786885,24.466666666666665,1641,,,,,,,,,,,,,,,,,,,,,,,,,,,
47,A,nonparticipants_only,,,10,0,10,0,0,0,0.2051680992044331,0.18314685691322985,0.5573072582452474,0.007218957406262368,0,0,0.0,0,0.0,0.0,50.0,0,,,,,,,,,,,,,,,,,,,,,,,,,,,
47,A,step_totals,,,,,,,,,,,,,,,,,,,,,80.20000000000006,17.0,0.21197007481296742,,,0.0,0.0,53.0,0.6608478802992513,0.009866939596165488,0.16981132075471697,0.0,0,9,19,31,34,,35,53,4.200000000000001,0.05236907730673314,6.000000000000003,0.07481296758104736,21,30,40
48,A,all_agents,,,40,30,10,0,25,5,0.33676114351776304,0.24967805403633048,0.919261845065066,0.0513976780521477,305,30,0.75,61,4.360655737704918,1.7704918032786885,31.0,1676,,,,,,,,,,,,,,,,,,,,,,,,,,,
48,A,participants_only,,,30,30,0,0,25,5,0.3804607099442685,0.2634033038026723,0.919261845065066,0.05853630374227226,305,30,1.0,61,4.360655737704918,1.7704918032786885,24.666666666666668,1676,,,,,,,,,,,,,,,,,,,,,,,,,,,
48,A,nonparticipants_only,,,10,0,10,0,0,0,0.20566244423824684,0.18526135799585003,0.5545207219540211,0.0070659757113993036,0,0,0.0,0,0.0,0.0,50.0,0,,,,,,,,,,,,,,,,,,,,,,,,,,,
48,A,step_totals,,,,,,,,,,,,,,,,,,,,,74.60000000000008,16.0,0.21447721179624643,,,0.0,0.0,47.0,0.6300268096514738,0.008359053104914835,0.1276595744680851,0.0,0,6,12,50,32,,32,47,5.600000000000002,0.07506702412868628,6.000000000000003,0.08042895442359245,28,30,41
49,A,all_agents,,,40,30,10,0,25,5,0.3389253179596918,0.24879660230377743,0.9224913712624634,0.052179875957292204,308,30,0.75,61,4.360655737704918,1.7704918032786885,30.85,1716,,,,,,,,,,,,,,,,,,,,,,,,,,,
49,A,participants_only,,,30,30,0,0,25,5,0.38318269691028406,0.2660039117944757,0.9224913712624634,0.05943258311371507,308,30,1.0,61,4.360655737704918,1.7704918032786885,24.466666666666665,1716,,,,,,,,,,,,,,,,,,,,,,,,,,,
49,A,nonparticipants_only,,,10,0,10,0,0,0,0.20615318110791486,0.18734030200298524,0.551748118344251,0.006917167389107649,0,0,0.0,0,0.0,0.0,50.0,0,,,,,,,,,,,,,,,,,,,,,,,,,,,
49,A,step_totals,,,,,,,,,,,,,,,,,,,,,79.20000000000007,16.0,0.20202020202020182,,,0.0,0.0,53.0,0.6691919191919186,0.00898760123532734,0.05660377358490566,0.0,0,3,19,30,32,,34,53,4.200000000000001,0.053030303030303,6.000000000000003,0.07575757575757572,21,30,40
50,A,all_agents,,,40,30,10,0,25,5,0.3406746419754911,0.24863665261553808,0.9255917164119648,0.05293678740530271,312,30,0.75,61,4.360655737704918,1.7704918032786885,31.0,1755,,,,,,,,,,,,,,,,,,,,,,,,,,,
50,A,participants_only,,,30,30,0,0,25,5,0.3853527005025352,0.2651691194694916,0.9255917164119648,0.06034051500078308,312,30,1.0,61,4.360655737704918,1.7704918032786885,24.666666666666668,1755,,,,,,,,,,,,,,,,,,,,,,,,,,,
50,A,nonparticipants_only,,,10,0,10,0,0,0,0.20664046639435882,0.18829819677201629,0.5489893777525298,0.0067720576539098696,0,0,0.0,0,0.0,0.0,50.0,0,,,,,,,,,,,,,,,,,,,,,,,,,,,
50,A,step_totals,,,,,,,,,,,,,,,,,,,,,74.60000000000008,16.0,0.21447721179624643,,,0.0,0.0,47.0,0.6300268096514738,0.008373390783696423,0.0851063829787234,0.0,0,4,12,50,32,,32,47,5.600000000000002,0.07506702412868628,6.000000000000003,0.08042895442359245,28,30,41
50,A,reachability,0.175,0.0,,,,,,,,,,,,,,,,,,,,,,,,,,,,,,,,,,,,,,,,,,,,,
51,A,all_agents,,,40,30,10,0,25,5,0.3424788055229996,0.25253633749947424,0.9285680477554862,0.05366727884559902,315,30,0.75,61,4.360655737704918,1.7704918032786885,30.85,1793,,,,,,,,,,,,,,,,,,,,,,,,,,,
51,A,participants_only,,,30,30,0,0,25,5,0.3875970233817977,0.2701872586513667,0.9285680477554862,0.061203335186072086,315,30,1.0,61,4.360655737704918,1.7704918032786885,24.466666666666665,1793,,,,,,,,,,,,,,,,,,,,,,,,,,,
51,A,nonparticipants_only,,,10,0,10,0,0,0,0.20712415194660558,0.18802752472015294,0.5462444308637671,0.006631266831132302,0,0,0.0,0,0.0,0.0,50.0,0,,,,,,,,,,,,,,,,,,,,,,,,,,,
51,A,step_totals,,,,,,,,,,,,,,,,,,,,,77.50000000000007,14.5,0.18709677419354823,,,0.0,0.0,53.0,0.6838709677419349,0.008134150269321534,0.05660377358490566,0.0,0,3,20,29,29,,33,53,4.000000000000001,0.05161290322580642,6.000000000000003,0.07741935483870964,20,30,40
52,A,all_agents,,,40,30,10,0,25,5,0.3442230141444254,0.25151964264490395,0.9314253258452667,0.05437155963962033,322,30,0.75,61,4.360655737704918,1.7704918032786885,31.0,1832,,,,,,,,,,,,,,,,,,,,,,,,,,,
52,A,participants_only,,,30,30,0,0,25,5,0.38976242995986704,0.27069201754658256,0.9314253258452667,0.06203580094298531,322,30,1.0,61,4.360655737704918,1.7704918032786885,24.666666666666668,1832,,,,,,,,,,,,,,,,,,,,,,,,,,,
52,A,nonparticipants_only,,,10,0,10,0,0,0,0.20760476669810046,0.18764634916459427,0.5435132087094482,0.006492775015785021,0,0,0.0,0,0.0,0.0,50.0,0,,,,,,,,,,,,,,,,,,,,,,,,,,,
52,A,step_totals,,,,,,,,,,,,,,,,,,,,,74.60000000000008,16.0,0.21447721179624643,,,0.0,0.0,47.0,0.6300268096514738,0.008376477482853561,0.14893617021276595,0.0,0,7,12,50,32,,32,47,5.600000000000002,0.07506702412868628,6.000000000000003,0.08042895442359245,28,30,41
53,A,all_agents,,,40,30,10,0,25,5,0.3461985289344231,0.25159237308607474,0.9341683128114561,0.05511919683644088,327,30,0.75,61,4.360655737704918,1.7704918032786885,30.85,1874,,,,,,,,,,,,,,,,,,,,,,,,,,,
53,A,participants_only,,,30,30,0,0,25,5,0.39223727458433244,0.2704457558247272,0.9341683128114561,0.06289508534612169,327,30,1.0,61,4.360655737704918,1.7704918032786885,24.466666666666665,1874,,,,,,,,,,,,,,,,,,,,,,,,,,,
53,A,nonparticipants_only,,,10,0,10,0,0,0,0.20808229198469522,0.1896437367526193,0.540795642665901,0.006356738095193905,0,0,0.0,0,0.0,0.0,50.0,0,,,,,,,,,,,,,,,,,,,,,,,,,,,
53,A,step_totals,,,,,,,,,,,,,,,,,,,,,77.00000000000007,14.0,0.18181818181818166,,,0.0,0.0,53.0,0.6883116883116877,0.008758747504503906,0.09433962264150944,0.0,0,5,20,29,28,,33,53,4.000000000000001,0.05194805194805191,6.000000000000003,0.07792207792207788,20,30,40
54,A,all_agents,,,40,30,10,0,24,6,0.34774933846421324,0.25033441122064437,0.9368015802989978,0.05577011044835919,334,30,0.75,61,4.360655737704918,1.7704918032786885,31.0,1912,,,,,,,,,,,,,,,,,,,,,,,,,,,
54,A,participants_only,,,30,30,0,0,24,6,0.3941468309785841,0.27296906558603284,0.9368015802989978,0.06367500355745907,334,30,1.0,61,4.360655737704918,1.7704918032786885,24.666666666666668,1912,,,,,,,,,,,,,,,,,,,,,,,,,,,
54,A,nonparticipants_only,,,10,0,10,0,0,0,0.2085568609211007,0.191661035923736,0.5380916644525715,0.006222703381606335,0,0,0.0,0,0.0,0.0,50.0,0,,,,,,,,,,,,,,,,,,,,,,,,,,,
54,A,step_totals,,,,,,,,,,,,,,,,,,,,,74.10000000000008,15.5,0.20917678812415633,,,0.0,0.0,47.0,0.6342780026990547,0.007845576958085515,0.14893617021276595,0.0,0,7,12,50,31,,32,47,5.600000000000002,0.07557354925775973,6.000000000000003,0.08097165991902829,28,30,41
55,A,all_agents,,,40,30,10,0,24,6,0.34942871688713467,0.2506691400113356,0.9393295170870379,0.05649402882545669,340,30,0.75,61,4.360655737704918,1.7704918032786885,30.85,1952,,,,,,,,,,,,,,,,,,,,,,,,,,,
55,A,participants_only,,,30,30,0,0,24,6,0.39622897495256937,0.2745745760324274,0.9393295170870379,0.0645334339743231,340,30,1.0,61,4.360655737704918,1.7704918032786885,24.466666666666665,1952,,,,,,,,,,,,,,,,,,,,,,,,,,,
55,A,nonparticipants_only,,,10,0,10,0,0,0,0.2090279426908304,0.19259052720245795,0.5354012061303086,0.006092643518961966,0,0,0.0,0,0.0,0.0,50.0,0,,,,,,,,,,,,,,,,,,,,,,,,,,,
55,A,step_totals,,,,,,,,,,,,,,,,,,,,,76.30000000000008,13.5,0.17693315858453454,,,0.0,0.0,53.0,0.6946264744429874,0.007938368741964715,0.11320754716981132,0.0,0,6,21,28,27,,32,53,3.800000000000001,0.0498034076015727,6.000000000000003,0.07863695937090427,19,30,40
56,A,all_agents,,,40,30,10,0,24,6,0.3511488679463662,0.2505066981794267,0.9417563364035564,0.0571511939332849,346,30,0.75,61,4.360655737704918,1.7704918032786885,31.0,1994,,,,,,,,,,,,,,,,,,,,,,,,,,,
56,A,participants_only,,,30,30,0,0,24,6,0.3983666107084391,0.27400010731178104,0.9417563364035564,0.06529477080033795,346,30,1.0,61,4.360655737704918,1.7704918032786885,24.666666666666668,1994,,,,,,,,,,,,,,,,,,,,,,,,,,,
56,A,nonparticipants_only,,,10,0,10,0,0,0,0.2094956396601471,0.1923278811167556,0.532724200099657,0.005966280553582163,0,0,0.0,0,0.0,0.0,50.0,0,,,,,,,,,,,,,,,,,,,,,,,,,,,
56,A,step_totals,,,,,,,,,,,,,,,,,,,,,74.10000000000008,15.5,0.20917678812415633,,,0.0,0.0,47.0,0.6342780026990547,0.008413574670260536,0.1276595744680851,0.0,0,6,12,50,31,,32,47,5.600000000000002,0.07557354925775973,6.000000000000003,0.08097165991902829,28,30,41
57,A,all_agents,,,40,30,10,0,24,6,0.3528233810601658,0.252438618548369,0.9440860829474141,0.05781272786869038,353,30,0.75,61,4.360655737704918,1.7704918032786885,30.85,2034,,,,,,,,,,,,,,,,,,,,,,,,,,,
57,A,participants_only,,,30,30,0,0,24,6,0.4004445541868511,0.27364560029719043,0.9440860829474141,0.06606456113301172,353,30,1.0,61,4.360655737704918,1.7704918032786885,24.466666666666665,2034,,,,,,,,,,,,,,,,,,,,,,,,,,,
57,A,nonparticipants_only,,,10,0,10,0,0,0,0.20995986168011013,0.19190838255162862,0.5300605790991587,0.005843914516185603,0,0,0.0,0,0.0,0.0,50.0,0,,,,,,,,,,,,,,,,,,,,,,,,,,,
57,A,step_totals,,,,,,,,,,,,,,,,,,,,,75.80000000000007,13.0,0.171503957783641,,,0.0,0.0,53.0,0.6992084432717672,0.008011648535228047,0.1320754716981132,0.0,0,7,21,28,26,,32,53,3.800000000000001,0.050131926121372,6.000000000000003,0.07915567282321896,19,30,40
58,A,all_agents,,,40,30,10,0,24,6,0.35435127092701874,0.25342504873389415,0.9463226396295176,0.058440074829865206,359,30,0.75,61,4.360655737704918,1.7704918032786885,31.0,2075,,,,,,,,,,,,,,,,,,,,,,,,,,,
58,A,participants_only,,,30,30,0,0,24,6,0.4023278423625024,0.27487386102311184,0.9463226396295176,0.06680572381277954,359,30,1.0,61,4.360655737704918,1.7704918032786885,24.666666666666668,2075,,,,,,,,,,,,,,,,,,,,,,,,,,,
58,A,nonparticipants_only,,,10,0,10,0,0,0,0.21042155662056775,0.1940866376866983,0.5274102762036629,0.005722111000673407,0,0,0.0,0,0.0,0.0,50.0,0,,,,,,,,,,,,,,,,,,,,,,,,,,,
58,A,step_totals,,,,,,,,,,,,,,,,,,,,,73.60000000000008,15.0,0.20380434782608672,,,0.0,0.0,47.0,0.6385869565217385,0.007884892668212509,0.1276595744680851,0.0,0,6,13,49,30,,32,47,5.600000000000002,0.07608695652173908,6.000000000000003,0.08152173913043473,28,30,41
59,A,all_agents,,,40,30,10,0,24,6,0.35612398113866095,0.2541715174785677,0.9484697340443369,0.05909772037700308,368,30,0.75,61,4.360655737704918,1.7704918032786885,30.85,2118,,,,,,,,,,,,,,,,,,,,,,,,,,,
59,A,participants_only,,,30,30,0,0,24,6,0.40453851486108205,0.2746728629378462,0.9484697340443369,0.06755369802752967,368,30,1.0,61,4.360655737704918,1.7704918032786885,24.466666666666665,2118,,,,,,,,,,,,,,,,,,,,,,,,,,,
59,A,nonparticipants_only,,,10,0,10,0,0,0,0.2108803799713976,0.1961882822035114,0.5247732248226445,0.005602182518709891,0,0,0.0,0,0.0,0.0,50.0,0,,,,,,,,,,,,,,,,,,,,,,,,,,,
59,A,step_totals,,,,,,,,,,,,,,,,,,,,,75.20000000000007,12.0,0.15957446808510622,,,0.0,0.0,53.0,0.7047872340425525,0.008441414653620144,0.16981132075471697,0.0,0,9,20,28,24,,32,53,4.200000000000001,0.0558510638297872,6.000000000000003,0.07978723404255315,21,30,39
60,A,all_agents,,,40,30,10,0,24,6,0.3575478715342083,0.25424515052755986,0.9505309446825634,0.05963850096983653,374,30,0.75,61,4.360655737704918,1.7704918032786885,31.0,2158,,,,,,,,,,,,,,,,,,,,,,,,,,,
60,A,participants_only,,,30,30,0,0,24,6,0.40628509469603014,0.2750602337810145,0.9505309446825634,0.0681885278558966,374,30,1.0,61,4.360655737704918,1.7704918032786885,24.666666666666668,2158,,,,,,,,,,,,,,,,,,,,,,,,,,,
60,A,nonparticipants_only,,,10,0,10,0,0,0,0.21133620204874262,0.1967553333469687,0.5221493586985313,0.005484617253353531,0,0,0.0,0,0.0,0.0,50.0,0,,,,,,,,,,,,,,,,,,,,,,,,,,,
60,A,step_totals,,,,,,,,,,,,,,,,,,,,,73.10000000000008,14.5,0.19835841313269473,,,0.0,0.0,47.0,0.6429548563611485,0.007637268649991355,0.1276595744680851,0.0,0,6,13,49,29,,32,47,5.600000000000002,0.07660738714090282,6.000000000000003,0.08207934336525302,28,30,41
60,A,reachability,0.2,0.0,,,,,,,,,,,,,,,,,,,,,,,,,,,,,,,,,,,,,,,,,,,,,
61,A,all_agents,,,40,30,10,0,24,6,0.359240252634832,0.2538434551590225,0.9525097068952608,0.0602959584063407,381,30,0.75,61,4.360655737704918,1.7704918032786885,30.85,2201,,,,,,,,,,,,,,,,,,,,,,,,,,,
61,A,participants_only,,,30,30,0,0,24,6,0.40839095490170413,0.27368493261210947,0.9525097068952608,0.06894052942371756,381,30,1.0,61,4.360655737704918,1.7704918032786885,24.466666666666665,2201,,,,,,,,,,,,,,,,,,,,,,,,,,,
61,A,nonparticipants_only,,,10,0,10,0,0,0,0.21178814583421543,0.19650047524152386,0.5195386119050386,0.005372746954289572,0,0,0.0,0,0.0,0.0,50.0,0,,,,,,,,,,,,,,,,,,,,,,,,,,,
61,A,step_totals,,,,,,,,,,,,,,,,,,,,,75.00000000000007,12.0,0.15999999999999984,,,0.0,0.0,53.0,0.706666666666666,0.008221542519342448,0.1320754716981132,0.0,0,7,21,28,24,,32,53,4.000000000000001,0.053333333333333295,6.000000000000003,0.07999999999999996,20,30,39
62,A,all_agents,,,40,30,10,0,24,6,0.3606128899804208,0.2542488107833165,0.9544093186194504,0.0608612578785662,386,30,0.75,61,4.360655737704918,1.7704918032786885,31.0,2241,,,,,,,,,,,,,,,,,,,,,,,,,,,
62,A,participants_only,,,30,30,0,0,24,6,0.4100714234638493,0.2730286549357436,0.9544093186194504,0.06960954604409082,386,30,1.0,61,4.360655737704918,1.7704918032786885,24.666666666666668,2241,,,,,,,,,,,,,,,,,,,,,,,,,,,
62,A,nonparticipants_only,,,10,0,10,0,0,0,0.21223728953013526,0.19715249630377912,0.5169409188455134,0.005262634970015292,0,0,0.0,0,0.0,0.0,50.0,0,,,,,,,,,,,,,,,,,,,,,,,,,,,
62,A,step_totals,,,,,,,,,,,,,,,,,,,,,72.60000000000008,14.0,0.19283746556473808,,,0.0,0.0,47.0,0.6473829201101922,0.007559951488375076,0.10638297872340426,0.0,0,5,13,48,28,,31,47,5.600000000000002,0.07713498622589526,6.000000000000003,0.0826446280991735,28,30,41
63,A,all_agents,,,40,30,10,0,23,7,0.3622968752001281,0.2540222447187218,0.9562329458746724,0.061570853867576915,393,30,0.75,61,4.360655737704918,1.7704918032786885,30.85,2287,,,,,,,,,,,,,,,,,,,,,,,,,,,
63,A,participants_only,,,30,30,0,0,23,7,0.4121680211698625,0.2716635116610649,0.9562329458746724,0.07042761597536691,393,30,1.0,61,4.360655737704918,1.7704918032786885,24.466666666666665,2287,,,,,,,,,,,,,,,,,,,,,,,,,,,
63,A,nonparticipants_only,,,10,0,10,0,0,0,0.21268343729092484,0.19926208850322763,0.5143562142512859,0.005154993140192228,0,0,0.0,0,0.0,0.0,50.0,0,,,,,,,,,,,,,,,,,,,,,,,,,,,
63,A,step_totals,,,,,,,,,,,,,,,,,,,,,74.70000000000007,11.5,0.15394912985274417,,,0.0,0.0,53.0,0.7095046854082991,0.00825778642501601,0.1320754716981132,0.0,0,7,20,28,23,,32,53,4.200000000000001,0.05622489959839353,6.000000000000003,0.0803212851405622,21,30,38
64,A,all_agents,,,40,30,10,0,21,9,0.36358034433403363,0.2553214585651934,0.9579836280396855,0.06210359974662532,399,30,0.75,61,4.360655737704918,1.7704918032786885,31.0,2328,,,,,,,,,,,,,,,,,,,,,,,,,,,
64,A,participants_only,,,30,30,0,0,21,9,0.41373145520349036,0.270885208787828,0.9579836280396855,0.07106151611055475,399,30,1.0,61,4.360655737704918,1.7704918032786885,24.666666666666668,2328,,,,,,,,,,,,,,,,,,,,,,,,,,,
64,A,nonparticipants_only,,,10,0,10,0,0,0,0.21312701172566342,0.2003692666059649,0.5117844331800294,0.005048243597550531,0,0,0.0,0,0.0,0.0,50.0,0,,,,,,,,,,,,,,,,,,,,,,,,,,,
64,A,step_totals,,,,,,,,,,,,,,,,,,,,,72.60000000000008,14.0,0.19283746556473808,,,0.0,0.0,47.0,0.6473829201101922,0.007287636525704857,0.1276595744680851,0.0,0,6,13,48,28,,31,47,5.600000000000002,0.07713498622589526,6.000000000000003,0.0826446280991735,28,30,40
65,A,all_agents,,,40,30,10,0,22,8,0.3651177061688268,0.2555146968073174,0.9596642829180981,0.06279504924392905,407,30,0.75,61,4.360655737704918,1.7704918032786885,30.85,2372,,,,,,,,,,,,,,,,,,,,,,,,,,,
65,A,participants_only,,,30,30,0,0,22,8,0.4156344477347408,0.26953078274388886,0.9596642829180981,0.07187081880091309,407,30,1.0,61,4.360655737704918,1.7704918032786885,24.466666666666665,2372,,,,,,,,,,,,,,,,,,,,,,,,,,,
65,A,nonparticipants_only,,,10,0,10,0,0,0,0.21356748147108495,0.20077792735844768,0.5092255110141293,0.004944446431728882,0,0,0.0,0,0.0,0.0,50.0,0,,,,,,,,,,,,,,,,,,,,,,,,,,,
65,A,step_totals,,,,,,,,,,,,,,,,,,,,,74.20000000000006,11.0,0.14824797843665757,,,0.0,0.0,53.0,0.7142857142857137,0.00786731700564867,0.1509433962264151,0.0,0,8,20,27,22,,30,53,4.200000000000001,0.05660377358490563,6.000000000000003,0.08086253369272234,21,30,36
66,A,all_agents,,,40,30,10,0,21,9,0.3661701212944836,0.2553236158820183,0.9612777116013742,0.06332948380762961,412,30,0.75,61,4.360655737704918,1.7704918032786885,31.0,2412,,,,,,,,,,,,,,,,,,,,,,,,,,,
66,A,participants_only,,,30,30,0,0,21,9,0.4168918966570555,0.271216338706614,0.9612777116013742,0.0725338754399939,412,30,1.0,61,4.360655737704918,1.7704918032786885,24.666666666666668,2412,,,,,,,,,,,,,,,,,,,,,,,,,,,
66,A,nonparticipants_only,,,10,0,10,0,0,0,0.21400479520676802,0.2005493436287492,0.5066793834590586,0.004843926959362305,0,0,0.0,0,0.0,0.0,50.0,0,,,,,,,,,,,,,,,,,,,,,,,,,,,
66,A,step_totals,,,,,,,,,,,,,,,,,,,,,71.40000000000008,13.0,0.18207282913165246,,,0.0,0.0,47.0,0.6582633053221282,0.006685608571566798,0.10638297872340426,0.0,0,5,14,47,26,,31,47,5.400000000000002,0.07563025210084029,6.000000000000003,0.0840336134453781,27,30,39
67,A,all_agents,,,40,30,10,0,21,9,0.36751453560295766,0.2549357805037904,0.9628266031373193,0.06399402918893672,418,30,0.75,61,4.360655737704918,1.7704918032786885,30.85,2455,,,,,,,,,,,,,,,,,,,,,,,,,,,
67,A,participants_only,,,30,30,0,0,21,9,0.41853971203833085,0.2698602570130809,0.9628266031373193,0.0733289524473617,418,30,1.0,61,4.360655737704918,1.7704918032786885,24.466666666666665,2455,,,,,,,,,,,,,,,,,,,,,,,,,,,
67,A,nonparticipants_only,,,10,0,10,0,0,0,0.21443900629683804,0.20118227909425507,0.5041459865417633,0.004746435850530197,0,0,0.0,0,0.0,0.0,50.0,0,,,,,,,,,,,,,,,,,,,,,,,,,,,
67,A,step_totals,,,,,,,,,,,,,,,,,,,,,74.00000000000007,11.0,0.14864864864864852,,,0.0,0.0,53.0,0.7162162162162156,0.007273111660962383,0.11320754716981132,0.0,0,6,20,26,22,,29,53,4.000000000000001,0.054054054054054015,6.000000000000003,0.08108108108108104,20,30,36
68,A,all_agents,,,40,30,10,0,21,9,0.3684649239681637,0.2550481179096561,0.9643135390118265,0.06449027311690353,428,30,0.75,61,4.360655737704918,1.7704918032786885,31.0,2493,,,,,,,,,,,,,,,,,,,,,,,,,,,
68,A,participants_only,,,30,30,0,0,21,9,0.4196630229770217,0.27060905382932365,0.9643135390118265,0.07395201515259424,428,30,1.0,61,4.360655737704918,1.7704918032786885,24.666666666666668,2493,,,,,,,,,,,,,,,,,,,,,,,,,,,
68,A,nonparticipants_only,,,10,0,10,0,0,0,0.21487062694158993,0.20257927634913758,0.5016252566090545,0.004650102904381526,0,0,0.0,0,0.0,0.0,50.0,0,,,,,,,,,,,,,,,,,,,,,,,,,,,
68,A,step_totals,,,,,,,,,,,,,,,,,,,,,70.50000000000007,12.5,0.1773049645390069,,,0.0,0.0,47.0,0.666666666666666,0.006461864541721031,0.2127659574468085,0.0,0,10,15,46,25,,31,47,5.000000000000002,0.07092198581560279,6.000000000000003,0.08510638297872336,25,30,39
69,A,all_agents,,,40,30,10,0,21,9,0.36972874343318657,0.2550836505310067,0.9657409974513534,0.06510533078061019,435,30,0.75,61,4.360655737704918,1.7704918032786885,30.85,2534,,,,,,,,,,,,,,,,,,,,,,,,,,,
69,A,participants_only,,,30,30,0,0,21,9,0.4212053110349015,0.27017326660215346,0.9657409974513534,0.0746886952513237,435,30,1.0,61,4.360655737704918,1.7704918032786885,24.466666666666665,2534,,,,,,,,,,,,,,,,,,,,,,,,,,,
69,A,nonparticipants_only,,,10,0,10,0,0,0,0.21529904062804175,0.20327671344961415,0.4991171303260093,0.004557193223822518,0,0,0.0,0,0.0,0.0,50.0,0,,,,,,,,,,,,,,,,,,,,,,,,,,,
69,A,step_totals,,,,,,,,,,,,,,,,,,,,,73.50000000000007,10.5,0.1428571428571427,,,0.0,0.0,53.0,0.721088435374149,0.007085318429029659,0.1320754716981132,0.0,0,7,20,26,21,,28,53,4.000000000000001,0.05442176870748295,6.000000000000003,0.08163265306122444,20,30,35
70,A,all_agents,,,40,30,10,0,21,9,0.37070575444870724,0.2555827822355625,0.9671113575532994,0.06560835519147647,440,30,0.75,61,4.360655737704918,1.7704918032786885,31.0,2575,,,,,,,,,,,,,,,,,,,,,,,,,,,
70,A,participants_only,,,30,30,0,0,21,9,0.4223660460849942,0.2697846023545533,0.9671113575532994,0.07531417268501102,440,30,1.0,61,4.360655737704918,1.7704918032786885,24.666666666666668,2575,,,,,,,,,,,,,,,,,,,,,,,,,,,
70,A,nonparticipants_only,,,10,0,10,0,0,0,0.2157248795398462,0.2040663622778209,0.49662154467437924,0.004465473927518133,0,0,0.0,0,0.0,0.0,50.0,0,,,,,,,,,,,,,,,,,,,,,,,,,,,
70,A,step_totals,,,,,,,,,,,,,,,,,,,,,70.50000000000007,12.5,0.1773049645390069,,,0.0,0.0,47.0,0.666666666666666,0.0065686191648802105,0.10638297872340426,0.0,0,5,15,46,25,,31,47,5.000000000000002,0.07092198581560279,6.000000000000003,0.08510638297872336,25,30,39
70,A,reachability,0.2,0.0,,,,,,,,,,,,,,,,,,,,,,,,,,,,,,,,,,,,,,,,,,,,,
71,A,all_agents,,,40,30,10,0,21,9,0.3719815537900578,0.2562001479940447,0.9684269032511674,0.06626569462548748,452,30,0.75,61,4.360655737704918,1.7704918032786885,30.85,2620,,,,,,,,,,,,,,,,,,,,,,,,,,,
71,A,participants_only,,,30,30,0,0,21,9,0.42392618725881154,0.2691867534741353,0.9684269032511674,0.07610232309594944,452,30,1.0,61,4.360655737704918,1.7704918032786885,24.466666666666665,2620,,,,,,,,,,,,,,,,,,,,,,,,,,,
71,A,nonparticipants_only,,,10,0,10,0,0,0,0.21614765338379638,0.20412903649825329,0.49413843695100734,0.004376869859663479,0,0,0.0,0,0.0,0.0,50.0,0,,,,,,,,,,,,,,,,,,,,,,,,,,,
71,A,step_totals,,,,,,,,,,,,,,,,,,,,,73.30000000000007,10.5,0.1432469304229194,,,0.0,0.0,53.0,0.7230559345156883,0.007154398971068463,0.22641509433962265,0.0,0,12,22,26,21,,28,53,3.800000000000001,0.05184174624829465,6.000000000000003,0.08185538881309683,19,30,35
72,A,all_agents,,,40,30,10,0,21,9,0.37306982930487875,0.2564641226511919,0.9696898271211207,0.06673473920297042,458,30,0.75,61,4.360655737704918,1.7704918032786885,31.0,2662,,,,,,,,,,,,,,,,,,,,,,,,,,,
72,A,participants_only,,,30,30,0,0,21,9,0.4252371813037461,0.26878167192672775,0.9696898271211207,0.07666398031081056,458,30,1.0,61,4.360655737704918,1.7704918032786885,24.666666666666668,2662,,,,,,,,,,,,,,,,,,,,,,,,,,,
72,A,nonparticipants_only,,,10,0,10,0,0,0,0.21656777330827656,0.20424253250283736,0.4916677447662523,0.004289824504565178,0,0,0.0,0,0.0,0.0,50.0,0,,,,,,,,,,,,,,,,,,,,,,,,,,,
72,A,step_totals,,,,,,,,,,,,,,,,,,,,,70.50000000000007,12.5,0.1773049645390069,,,0.0,0.0,47.0,0.666666666666666,0.006963389916040675,0.1276595744680851,0.0,0,6,15,46,25,,31,47,5.000000000000002,0.07092198581560279,6.000000000000003,0.08510638297872336,25,30,39
73,A,all_agents,,,40,30,10,0,21,9,0.3743483524532783,0.25576830833777,0.9709022340362758,0.06742122665395742,465,30,0.75,61,4.360655737704918,1.7704918032786885,30.85,2709,,,,,,,,,,,,,,,,,,,,,,,,,,,
73,A,participants_only,,,30,30,0,0,21,9,0.4268028375961205,0.2677491627361328,0.9709022340362758,0.07748719986357092,465,30,1.0,61,4.360655737704918,1.7704918032786885,24.466666666666665,2709,,,,,,,,,,,,,,,,,,,,,,,,,,,
73,A,nonparticipants_only,,,10,0,10,0,0,0,0.2169848970247516,0.20622980828854853,0.489209406042421,0.004205630885909075,0,0,0.0,0,0.0,0.0,50.0,0,,,,,,,,,,,,,,,,,,,,,,,,,,,
73,A,step_totals,,,,,,,,,,,,,,,,,,,,,72.30000000000007,9.5,0.13139695712309807,,,0.0,0.0,53.0,0.7330567081604419,0.007305244570358333,0.1320754716981132,0.0,0,7,21,24,19,,25,53,3.800000000000001,0.05255878284923925,6.000000000000003,0.08298755186721987,19,30,33
74,A,all_agents,,,40,30,10,0,21,9,0.3753450121445547,0.2561235047626983,0.9720661446748248,0.06788012550998304,470,30,0.75,61,4.360655737704918,1.7704918032786885,31.0,2751,,,,,,,,,,,,,,,,,,,,,,,,,,,
74,A,participants_only,,,30,30,0,0,21,9,0.4279935182757146,0.2690981875723583,0.9720661446748248,0.07804516270812324,470,30,1.0,61,4.360655737704918,1.7704918032786885,24.666666666666668,2751,,,,,,,,,,,,,,,,,,,,,,,,,,,
74,A,nonparticipants_only,,,10,0,10,0,0,0,0.2173994937510749,0.20717452785956722,0.4867633590122089,0.004122631541449005,0,0,0.0,0,0.0,0.0,50.0,0,,,,,,,,,,,,,,,,,,,,,,,,,,,
74,A,step_totals,,,,,,,,,,,,,,,,,,,,,70.00000000000007,12.0,0.17142857142857126,,,0.0,0.0,47.0,0.6714285714285707,0.0067360772676528366,0.10638297872340426,0.0,0,5,16,45,24,,30,47,5.000000000000002,0.07142857142857138,6.000000000000003,0.08571428571428566,25,30,38
75,A,all_agents,,,40,30,10,0,21,9,0.3767609082369683,0.25615805950404397,0.9731834988878317,0.06859383910347204,476,30,0.75,61,4.360655737704918,1.7704918032786885,30.85,2801,,,,,,,,,,,,,,,,,,,,,,,,,,,
75,A,participants_only,,,30,30,0,0,21,9,0.4297441322309633,0.26901555896499807,0.9731834988878317,0.07888220477877587,476,30,1.0,61,4.360655737704918,1.7704918032786885,24.466666666666665,2801,,,,,,,,,,,,,,,,,,,,,,,,,,,
75,A,nonparticipants_only,,,10,0,10,0,0,0,0.2178112362549833,0.20789088702515685,0.48432954221714786,0.0040420777799863375,0,0,0.0,0,0.0,0.0,50.0,0,,,,,,,,,,,,,,,,,,,,,,,,,,,
75,A,step_totals,,,,,,,,,,,,,,,,,,,,,72.10000000000007,9.5,0.13176144244105398,,,0.0,0.0,53.0,0.7350901525658801,0.00779383027004332,0.11320754716981132,0.0,0,6,22,24,19,,25,53,3.600000000000001,0.049930651872399416,6.000000000000003,0.0832177531206657,18,30,33
76,A,all_agents,,,40,30,10,0,21,9,0.3777581259672927,0.2574093247795747,0.9742561589323184,0.06905504192546011,480,30,0.75,61,4.360655737704918,1.7704918032786885,31.0,2844,,,,,,,,,,,,,,,,,,,,,,,,,,,
76,A,participants_only,,,30,30,0,0,21,9,0.4309374782891991,0.26937388611375523,0.9742561589323184,0.07943983648293897,480,30,1.0,61,4.360655737704918,1.7704918032786885,24.666666666666668,2844,,,,,,,,,,,,,,,,,,,,,,,,,,,
76,A,nonparticipants_only,,,10,0,10,0,0,0,0.21822006900157356,0.2080512034549571,0.48190789450606214,0.003964136092494153,0,0,0.0,0,0.0,0.0,50.0,0,,,,,,,,,,,,,,,,,,,,,,,,,,,
76,A,step_totals,,,,,,,,,,,,,,,,,,,,,69.80000000000007,12.0,0.1719197707736388,,,0.0,0.0,47.0,0.6733524355300853,0.006776343376543508,0.0851063829787234,0.0,0,4,16,44,24,,28,47,4.800000000000002,0.06876790830945555,6.000000000000003,0.08595988538681944,24,30,37
77,A,all_agents,,,40,30,10,0,21,9,0.3788760805153049,0.2572360336351486,0.9745135973429953,0.06968073403133926,485,30,0.75,61,4.360655737704918,1.7704918032786885,30.85,2889,,,,,,,,,,,,,,,,,,,,,,,,,,,
77,A,participants_only,,,30,30,0,0,21,9,0.4322927141570013,0.26903537781268844,0.9745135973429953,0.08019822787443177,485,30,1.0,61,4.360655737704918,1.7704918032786885,24.466666666666665,2889,,,,,,,,,,,,,,,,,,,,,,,,,,,
77,A,nonparticipants_only,,,10,0,10,0,0,0,0.21862617959021569,0.20860563574477115,0.47949835503353183,0.003888211506727185,0,0,0.0,0,0.0,0.0,50.0,0,,,,,,,,,,,,,,,,,,,,,,,,,,,
77,A,step_totals,,,,,,,,,,,,,,,,,,,,,72.10000000000008,9.5,0.13176144244105395,,,0.0,0.0,53.0,0.73509015256588,0.0068126834398288755,0.09433962264150944,0.0,0,5,22,23,19,,24,53,3.600000000000001,0.0499306518723994,6.000000000000003,0.08321775312066569,18,30,32
78,A,all_agents,,,40,30,10,0,21,9,0.3798986920779926,0.25698971705548823,0.9755330534492754,0.07014444999457242,493,30,0.75,61,4.360655737704918,1.7704918032786885,31.0,2934,,,,,,,,,,,,,,,,,,,,,,,,,,,
78,A,participants_only,,,30,30,0,0,21,9,0.43352162365034047,0.26890432006187925,0.9755330534492754,0.08075320555449148,493,30,1.0,61,4.360655737704918,1.7704918032786885,24.666666666666668,2934,,,,,,,,,,,,,,,,,,,,,,,,,,,
78,A,nonparticipants_only,,,10,0,10,0,0,0,0.219029897360949,0.20950776533266185,0.47710086325836415,0.003813157829862861,0,0,0.0,0,0.0,0.0,50.0,0,,,,,,,,,,,,,,,,,,,,,,,,,,,
78,A,step_totals,,,,,,,,,,,,,,,,,,,,,69.60000000000007,12.0,0.17241379310344812,,,0.0,0.0,47.0,0.6752873563218385,0.006898151947658601,0.1702127659574468,0.0,0,8,16,44,24,,28,47,4.600000000000001,0.06609195402298847,6.000000000000003,0.0862068965517241,23,30,37
79,A,all_agents,,,40,30,10,0,21,9,0.38101205599802535,0.2572291288571389,0.9765117313113044,0.07079038208122031,500,30,0.75,61,4.360655737704918,1.7704918032786885,30.85,2981,,,,,,,,,,,,,,,,,,,,,,,,,,,
79,A,participants_only,,,30,30,0,0,21,9,0.4348724243287954,0.2680303845520868,0.9765117313113044,0.08153674779591309,500,30,1.0,61,4.360655737704918,1.7704918032786885,24.466666666666665,2981,,,,,,,,,,,,,,,,,,,,,,,,,,,
79,A,nonparticipants_only,,,10,0,10,0,0,0,0.21943095100571544,0.21064913689699125,0.47471535894207234,0.003740013616427426,0,0,0.0,0,0.0,0.0,50.0,0,,,,,,,,,,,,,,,,,,,,,,,,,,,
79,A,step_totals,,,,,,,,,,,,,,,,,,,,,71.90000000000005,9.5,0.1321279554937412,,,0.0,0.0,53.0,0.7371349095966615,0.006828534908810231,0.1320754716981132,0.0,0,7,22,23,19,,24,53,3.400000000000001,0.04728789986091792,6.000000000000003,0.0834492350486787,17,30,32
80,A,all_agents,,,40,30,10,0,21,9,0.38174638616459355,0.25609389706807817,0.9774512620588522,0.07120283126653923,505,30,0.75,61,4.360655737704918,1.7704918032786885,31.0,3022,,,,,,,,,,,,,,,,,,,,,,,,,,,
80,A,participants_only,,,30,30,0,0,21,9,0.43571871511031046,0.2685169187974771,0.9774512620588522,0.08206221528429253,505,30,1.0,61,4.360655737704918,1.7704918032786885,24.666666666666668,3022,,,,,,,,,,,,,,,,,,,,,,,,,,,
80,A,nonparticipants_only,,,10,0,10,0,0,0,0.21982939932744297,0.21110200796034723,0.472341782147362,0.0036685317113832917,0,0,0.0,0,0.0,0.0,50.0,0,,,,,,,,,,,,,,,,,,,,,,,,,,,
80,A,step_totals,,,,,,,,,,,,,,,,,,,,,69.10000000000007,11.5,0.1664254703328508,,,0.0,0.0,47.0,0.6801736613603466,0.005979221980785804,0.10638297872340426,0.0,0,5,17,43,23,,28,47,4.600000000000001,0.06657018813314033,6.000000000000003,0.08683068017366131,23,30,37
80,A,reachability,0.2,0.0,,,,,,,,,,,,,,,,,,,,,,,,,,,,,,,,,,,,,,,,,,,,,
81,A,all_agents,,,40,30,10,0,21,9,0.38278430710064615,0.25692904864396787,0.9783532115764981,0.07182267538465245,513,30,0.75,61,4.360655737704918,1.7704918032786885,30.85,3067,,,,,,,,,,,,,,,,,,,,,,,,,,,
81,A,participants_only,,,30,30,0,0,21,9,0.43697094479960275,0.2673942441318822,0.9783532115764981,0.08281818531527468,513,30,1.0,61,4.360655737704918,1.7704918032786885,24.466666666666665,3067,,,,,,,,,,,,,,,,,,,,,,,,,,,
81,A,nonparticipants_only,,,10,0,10,0,0,0,0.2202243940037765,0.21239175481171654,0.46998007323662516,0.003601845131369993,0,0,0.0,0,0.0,0.0,50.0,0,,,,,,,,,,,,,,,,,,,,,,,,,,,
81,A,step_totals,,,,,,,,,,,,,,,,,,,,,71.40000000000005,9.0,0.12605042016806714,,,0.0,0.0,53.0,0.7422969187675065,0.006647250680510448,0.1509433962264151,0.0,0,8,23,23,18,,23,53,3.400000000000001,0.047619047619047596,6.000000000000003,0.08403361344537813,17,30,30
82,A,all_agents,,,40,30,10,0,21,9,0.3836418779862755,0.25600842597784307,0.9792190831134382,0.07223484168128384,517,30,0.75,61,4.360655737704918,1.7704918032786885,31.0,3111,,,,,,,,,,,,,,,,,,,,,,,,,,,
82,A,participants_only,,,30,30,0,0,21,9,0.4379834689408723,0.2692401737363932,0.9792190831134382,0.08332250741728027,517,30,1.0,61,4.360655737704918,1.7704918032786885,24.666666666666668,3111,,,,,,,,,,,,,,,,,,,,,,,,,,,
82,A,nonparticipants_only,,,10,0,10,0,0,0,0.22061710512248514,0.2120177641839271,0.467630172870442,0.0035357423835739817,0,0,0.0,0,0.0,0.0,50.0,0,,,,,,,,,,,,,,,,,,,,,,,,,,,
82,A,step_totals,,,,,,,,,,,,,,,,,,,,,69.10000000000007,11.5,0.1664254703328508,,,0.0,0.0,47.0,0.6801736613603466,0.0064195652804720765,0.0851063829787234,0.0,0,4,17,43,23,,28,47,4.600000000000001,0.06657018813314033,6.000000000000003,0.08683068017366131,23,30,37
83,A,all_agents,,,40,30,10,0,21,9,0.3844541633990921,0.2567106187591457,0.9800503197889007,0.07279904476535033,529,30,0.75,61,4.360655737704918,1.7704918032786885,30.85,3155,,,,,,,,,,,,,,,,,,,,,,,,,,,
83,A,participants_only,,,30,30,0,0,21,9,0.43893631824641943,0.2690024128709798,0.9800503197889007,0.08403559123290624,529,30,1.0,61,4.360655737704918,1.7704918032786885,24.466666666666665,3155,,,,,,,,,,,,,,,,,,,,,,,,,,,
83,A,nonparticipants_only,,,10,0,10,0,0,0,0.22100769885711014,0.21285279834301807,0.46529202200608977,0.0034697430009848064,0,0,0.0,0,0.0,0.0,50.0,0,,,,,,,,,,,,,,,,,,,,,,,,,,,
83,A,step_totals,,,,,,,,,,,,,,,,,,,,,71.40000000000006,9.0,0.1260504201680671,,,0.0,0.0,53.0,0.7422969187675064,0.005899101312226351,0.22641509433962265,0.0,0,12,23,23,18,,23,53,3.400000000000001,0.04761904761904759,6.000000000000003,0.08403361344537812,17,30,29
84,A,all_agents,,,40,30,10,0,21,9,0.38523180861873196,0.2568839559575524,0.9808483069973446,0.07321072305636359,532,30,0.75,61,4.360655737704918,1.7704918032786885,31.0,3198,,,,,,,,,,,,,,,,,,,,,,,,,,,
84,A,participants_only,,,30,30,0,0,21,9,0.43984372424573714,0.2689028698552043,0.9808483069973446,0.08454971220786542,532,30,1.0,61,4.360655737704918,1.7704918032786885,24.666666666666668,3198,,,,,,,,,,,,,,,,,,,,,,,,,,,
84,A,nonparticipants_only,,,10,0,10,0,0,0,0.2213960617377163,0.2136575147932731,0.4629655618960593,0.0034042196604444595,0,0,0.0,0,0.0,0.0,50.0,0,,,,,,,,,,,,,,,,,,,,,,,,,,,
84,A,step_totals,,,,,,,,,,,,,,,,,,,,,69.10000000000007,11.5,0.1664254703328508,,,0.0,0.0,47.0,0.6801736613603466,0.006152251272569794,0.06382978723404255,0.0,0,3,17,43,23,,28,47,4.600000000000001,0.06657018813314033,6.000000000000003,0.08683068017366131,23,30,36
85,A,all_agents,,,40,30,10,0,21,9,0.3863115547931401,0.25584658044926695,0.9816143747174508,0.07383815924394342,543,30,0.75,61,4.360655737704918,1.7704918032786885,30.85,3246,,,,,,,,,,,,,,,,,,,,,,,,,,,
85,A,participants_only,,,30,30,0,0,21,9,0.4411548904465692,0.2676613246002134,0.9816143747174508,0.0853058624908459,543,30,1.0,61,4.360655737704918,1.7704918032786885,24.466666666666665,3246,,,,,,,,,,,,,,,,,,,,,,,,,,,
85,A,nonparticipants_only,,,10,0,10,0,0,0,0.22178154783285256,0.21440682222831176,0.46065073408657903,0.0033415519160996565,0,0,0.0,0,0.0,0.0,50.0,0,,,,,,,,,,,,,,,,,,,,,,,,,,,
85,A,step_totals,,,,,,,,,,,,,,,,,,,,,71.40000000000005,9.0,0.12605042016806714,,,0.0,0.0,53.0,0.7422969187675065,0.006805995699611163,0.20754716981132076,0.0,0,11,23,23,18,,23,53,3.400000000000001,0.047619047619047596,6.000000000000003,0.08403361344537813,17,30,28
86,A,all_agents,,,40,30,10,0,21,9,0.3870798362450999,0.25497200603460585,0.9823497997287528,0.07422109069577985,554,30,0.75,61,4.360655737704918,1.7704918032786885,31.0,3290,,,,,,,,,,,,,,,,,,,,,,,,,,,
86,A,participants_only,,,30,30,0,0,21,9,0.442051831776808,0.2685486967113567,0.9823497997287528,0.08577947972880023,554,30,1.0,61,4.360655737704918,1.7704918032786885,24.666666666666668,3290,,,,,,,,,,,,,,,,,,,,,,,,,,,
86,A,nonparticipants_only,,,10,0,10,0,0,0,0.2221638496499754,0.2145814771046799,0.45834748041614615,0.0032828800838610095,0,0,0.0,0,0.0,0.0,50.0,0,,,,,,,,,,,,,,,,,,,,,,,,,,,
86,A,step_totals,,,,,,,,,,,,,,,,,,,,,69.10000000000007,11.5,0.1664254703328508,,,0.0,0.0,47.0,0.6801736613603466,0.006133327499584373,0.23404255319148937,0.0,0,11,17,43,23,,28,47,4.600000000000001,0.06657018813314033,6.000000000000003,0.08683068017366131,23,30,36
87,A,all_agents,,,40,30,10,0,21,9,0.3881872312767909,0.25477750600540744,0.9830558077396027,0.07489367632377116,563,30,0.75,61,4.360655737704918,1.7704918032786885,30.85,3341,,,,,,,,,,,,,,,,,,,,,,,,,,,
87,A,participants_only,,,30,30,0,0,21,9,0.4434017632034064,0.26720595322779994,0.9830558077396027,0.0865883671840996,563,30,1.0,61,4.360655737704918,1.7704918032786885,24.466666666666665,3341,,,,,,,,,,,,,,,,,,,,,,,,,,,
87,A,nonparticipants_only,,,10,0,10,0,0,0,0.22254363549694442,0.2154001344019878,0.45605574301406543,0.003225869312282891,0,0,0.0,0,0.0,0.0,50.0,0,,,,,,,,,,,,,,,,,,,,,,,,,,,
87,A,step_totals,,,,,,,,,,,,,,,,,,,,,70.90000000000006,8.5,0.11988716502115646,,,0.0,0.0,53.0,0.7475317348377991,0.00697425376067283,0.16981132075471697,0.0,0,9,23,22,17,,23,53,3.400000000000001,0.04795486600846259,6.000000000000003,0.08462623413258107,17,30,28
88,A,all_agents,,,40,30,10,0,21,9,0.3888248910808949,0.2539804554451911,0.9837335754300186,0.07526135444319958,575,30,0.75,61,4.360655737704918,1.7704918032786885,31.0,3384,,,,,,,,,,,,,,,,,,,,,,,,,,,
88,A,participants_only,,,30,30,0,0,21,9,0.4441260097823723,0.26689734360432715,0.9837335754300186,0.08705954647855974,575,30,1.0,61,4.360655737704918,1.7704918032786885,24.666666666666668,3384,,,,,,,,,,,,,,,,,,,,,,,,,,,
88,A,nonparticipants_only,,,10,0,10,0,0,0,0.22292153497646272,0.21612518745664303,0.4537754642989951,0.003168213581500393,0,0,0.0,0,0.0,0.0,50.0,0,,,,,,,,,,,,,,,,,,,,,,,,,,,
88,A,step_totals,,,,,,,,,,,,,,,,,,,,,69.10000000000007,11.5,0.1664254703328508,,,0.0,0.0,47.0,0.6801736613603466,0.005695451245272069,0.2553191489361702,0.0,0,12,17,42,23,,27,47,4.600000000000001,0.06657018813314033,6.000000000000003,0.08683068017366131,23,30,35
89,A,all_agents,,,40,30,10,0,21,9,0.389725932277429,0.2533660710087964,0.9843842324128178,0.07587680386502395,582,30,0.75,61,4.360655737704918,1.7704918032786885,30.85,3432,,,,,,,,,,,,,,,,,,,,,,,,,,,
89,A,participants_only,,,30,30,0,0,21,9,0.4452021544598465,0.26556285688630554,0.9843842324128178,0.08782161805023184,582,30,1.0,61,4.360655737704918,1.7704918032786885,24.466666666666665,3432,,,,,,,,,,,,,,,,,,,,,,,,,,,
89,A,nonparticipants_only,,,10,0,10,0,0,0,0.22329726573017644,0.2168670890418876,0.4515065869775001,0.0031110265778048285,0,0,0.0,0,0.0,0.0,50.0,0,,,,,,,,,,,,,,,,,,,,,,,,,,,
89,A,step_totals,,,,,,,,,,,,,,,,,,,,,70.70000000000007,8.5,0.1202263083451201,,,0.0,0.0,53.0,0.7496463932107489,0.006299802818149654,0.1320754716981132,0.0,0,7,23,20,17,,21,53,3.2000000000000006,0.04526166902404522,6.000000000000003,0.08486562942008481,16,30,28
90,A,all_agents,,,40,30,10,0,21,9,0.3903995342970324,0.25249650835070303,0.9850088631163051,0.07623533874677552,585,30,0.75,61,4.360655737704918,1.7704918032786885,31.0,3476,,,,,,,,,,,,,,,,,,,,,,,,,,,
90,A,participants_only,,,30,30,0,0,21,9,0.4459759083588016,0.2670854835385204,0.9850088631163051,0.08827357931121456,585,30,1.0,61,4.360655737704918,1.7704918032786885,24.666666666666668,3476,,,,,,,,,,,,,,,,,,,,,,,,,,,
90,A,nonparticipants_only,,,10,0,10,0,0,0,0.22367041211172464,0.21649794503928088,0.4492490540426126,0.0030558168072140034,0,0,0.0,0,0.0,0.0,50.0,0,,,,,,,,,,,,,,,,,,,,,,,,,,,
90,A,step_totals,,,,,,,,,,,,,,,,,,,,,69.10000000000008,11.5,0.16642547033285074,,,0.0,0.0,47.0,0.6801736613603465,0.00583184076224363,0.06382978723404255,0.0,0,3,17,42,23,,27,47,4.600000000000001,0.06657018813314032,6.000000000000003,0.0868306801736613,23,30,34
90,A,reachability,0.225,0.0,,,,,,,,,,,,,,,,,,,,,,,,,,,,,,,,,,,,,,,,,,,,,
91,A,all_agents,,,40,30,10,0,21,9,0.3912767099078334,0.2529907144794555,0.9856085085916528,0.07686266939985852,587,30,0.75,61,4.360655737704918,1.7704918032786885,30.85,3525,,,,,,,,,,,,,,,,,,,,,,,,,,,
91,A,participants_only,,,30,30,0,0,21,9,0.4470220462102965,0.2657500561208278,0.9856085085916528,0.08905218843701838,587,30,1.0,61,4.360655737704918,1.7704918032786885,24.466666666666665,3525,,,,,,,,,,,,,,,,,,,,,,,,,,,
91,A,nonparticipants_only,,,10,0,10,0,0,0,0.22404070100044418,0.21747845922862719,0.44700280877239956,0.0030036020546824046,0,0,0.0,0,0.0,0.0,50.0,0,,,,,,,,,,,,,,,,,,,,,,,,,,,
91,A,step_totals,,,,,,,,,,,,,,,,,,,,,70.70000000000006,8.5,0.12022630834512013,,,0.0,0.0,53.0,0.749646393210749,0.006225232654659476,0.03773584905660377,0.0,0,2,23,19,17,,21,53,3.2000000000000006,0.045261669024045235,6.000000000000003,0.08486562942008483,16,30,28
92,A,all_agents,,,40,30,10,0,21,9,0.3918953587947931,0.2520949972659129,0.9861841682479867,0.07717214457285987,594,30,0.75,61,4.360655737704918,1.7704918032786885,31.0,3567,,,,,,,,,,,,,,,,,,,,,,,,,,,
92,A,participants_only,,,30,30,0,0,21,9,0.4477242499995272,0.2665528831482546,0.9861841682479867,0.08944459042526955,594,30,1.0,61,4.360655737704918,1.7704918032786885,24.666666666666668,3567,,,,,,,,,,,,,,,,,,,,,,,,,,,
92,A,nonparticipants_only,,,10,0,10,0,0,0,0.22440868518059084,0.21752515373761885,0.44476779472853756,0.0029524258978304227,0,0,0.0,0,0.0,0.0,50.0,0,,,,,,,,,,,,,,,,,,,,,,,,,,,
92,A,step_totals,,,,,,,,,,,,,,,,,,,,,69.10000000000008,11.5,0.16642547033285074,,,0.0,0.0,47.0,0.6801736613603465,0.005652257323333739,0.14893617021276595,0.0,0,7,17,42,23,,27,47,4.600000000000001,0.06657018813314032,6.000000000000003,0.0868306801736613,23,30,34
93,A,all_agents,,,40,30,10,0,21,9,0.39279936877869925,0.25221299560270904,0.9867368015180672,0.07779921752289866,600,30,0.75,61,4.360655737704918,1.7704918032786885,30.85,3616,,,,,,,,,,,,,,,,,,,,,,,,,,,
93,A,participants_only,,,30,30,0,0,21,9,0.448807727612003,0.2652201187325133,0.9867368015180672,0.09021700677455852,600,30,1.0,61,4.360655737704918,1.7704918032786885,24.466666666666665,3616,,,,,,,,,,,,,,,,,,,,,,,,,,,
93,A,nonparticipants_only,,,10,0,10,0,0,0,0.22477429227878803,0.21936949770453218,0.44254395575489486,0.002902614657517727,0,0,0.0,0,0.0,0.0,50.0,0,,,,,,,,,,,,,,,,,,,,,,,,,,,
93,A,step_totals,,,,,,,,,,,,,,,,,,,,,70.90000000000006,8.5,0.11988716502115646,,,0.0,0.0,53.0,0.7475317348377991,0.006304527564116201,0.11320754716981132,0.0,0,6,23,19,17,,21,53,3.400000000000001,0.04795486600846259,6.000000000000003,0.08462623413258107,17,30,28
94,A,all_agents,,,40,30,10,0,21,9,0.39346423733019775,0.25235136169503136,0.9872673294573445,0.07813967656535671,607,30,0.75,61,4.360655737704918,1.7704918032786885,31.0,3660,,,,,,,,,,,,,,,,,,,,,,,,,,,
94,A,participants_only,,,30,30,0,0,21,9,0.44957305465533204,0.26459330852616214,0.9872673294573445,0.0906423650786724,607,30,1.0,61,4.360655737704918,1.7704918032786885,24.666666666666668,3660,,,,,,,,,,,,,,,,,,,,,,,,,,,
94,A,nonparticipants_only,,,10,0,10,0,0,0,0.2251377853547948,0.21866163331748267,0.4403312359761204,0.00285321844590611,0,0,0.0,0,0.0,0.0,50.0,0,,,,,,,,,,,,,,,,,,,,,,,,,,,
94,A,step_totals,,,,,,,,,,,,,,,,,,,,,69.10000000000007,11.5,0.1664254703328508,,,0.0,0.0,47.0,0.6801736613603466,0.005825424333159401,0.14893617021276595,0.0,0,7,17,42,23,,27,47,4.600000000000001,0.06657018813314033,6.000000000000003,0.08683068017366131,23,30,34
95,A,all_agents,,,40,30,10,0,21,9,0.3943343340627649,0.2519174566575558,0.9877766362790508,0.07876095424597626,612,30,0.75,61,4.360655737704918,1.7704918032786885,30.85,3709,,,,,,,,,,,,,,,,,,,,,,,,,,,
95,A,participants_only,,,30,30,0,0,21,9,0.450612687236048,0.2632703419835314,0.9877766362790508,0.09141094886231171,612,30,1.0,61,4.360655737704918,1.7704918032786885,24.466666666666665,3709,,,,,,,,,,,,,,,,,,,,,,,,,,,
95,A,nonparticipants_only,,,10,0,10,0,0,0,0.22549927454291563,0.21926060836506817,0.4381295797962398,0.0028039339662085105,0,0,0.0,0,0.0,0.0,50.0,0,,,,,,,,,,,,,,,,,,,,,,,,,,,
95,A,step_totals,,,,,,,,,,,,,,,,,,,,,70.70000000000006,8.5,0.12022630834512013,,,0.0,0.0,53.0,0.749646393210749,0.00621482903998783,0.09433962264150944,0.0,0,5,23,19,17,,20,53,3.2000000000000006,0.045261669024045235,6.000000000000003,0.08486562942008483,16,30,26
96,A,all_agents,,,40,30,10,0,21,9,0.39496561760681465,0.25100139522971077,0.9882655708278887,0.07908785123910973,625,30,0.75,61,4.360655737704918,1.7704918032786885,31.0,3753,,,,,,,,,,,,,,,,,,,,,,,,,,,
96,A,participants_only,,,30,30,0,0,21,9,0.45133468058574744,0.26321656404637206,0.9882655708278887,0.09182192693466262,625,30,1.0,61,4.360655737704918,1.7704918032786885,24.666666666666668,3753,,,,,,,,,,,,,,,,,,,,,,,,,,,
96,A,nonparticipants_only,,,10,0,10,0,0,0,0.22585842867001624,0.2189042012090862,0.4359389318972586,0.00275596901897638,0,0,0.0,0,0.0,0.0,50.0,0,,,,,,,,,,,,,,,,,,,,,,,,,,,
96,A,step_totals,,,,,,,,,,,,,,,,,,,,,68.90000000000006,11.5,0.16690856313497807,,,0.0,0.0,47.0,0.682148040638606,0.005737618636573272,0.2765957446808511,0.0,0,13,17,42,23,,27,47,4.400000000000001,0.0638606676342525,6.000000000000003,0.08708272859216251,22,30,34
97,A,all_agents,,,40,30,10,0,21,9,0.39588276425027874,0.2508903369182226,0.9887349479947731,0.0797436117844681,633,30,0.75,61,4.360655737704918,1.7704918032786885,30.85,3805,,,,,,,,,,,,,,,,,,,,,,,,,,,
97,A,participants_only,,,30,30,0,0,21,9,0.4524386525298831,0.2619004812261402,0.9887349479947731,0.09262725068164017,633,30,1.0,61,4.360655737704918,1.7704918032786885,24.466666666666665,3805,,,,,,,,,,,,,,,,,,,,,,,,,,,
97,A,nonparticipants_only,,,10,0,10,0,0,0,0.2262150994114657,0.21985088399725874,0.43375923723777227,0.0027098731038107914,0,0,0.0,0,0.0,0.0,50.0,0,,,,,,,,,,,,,,,,,,,,,,,,,,,
97,A,step_totals,,,,,,,,,,,,,,,,,,,,,70.70000000000006,8.5,0.12022630834512013,,,0.0,0.0,53.0,0.749646393210749,0.006380904196862056,0.1509433962264151,0.0,0,8,23,19,17,,20,53,3.2000000000000006,0.045261669024045235,6.000000000000003,0.08486562942008483,16,30,25
98,A,all_agents,,,40,30,10,0,21,9,0.3964736417176937,0.2500752371209536,0.9891855500749822,0.08002462804147957,642,30,0.75,61,4.360655737704918,1.7704918032786885,31.0,3848,,,,,,,,,,,,,,,,,,,,,,,,,,,
98,A,participants_only,,,30,30,0,0,21,9,0.45310837357245387,0.2632883148262132,0.9891855500749822,0.09298115880031577,642,30,1.0,61,4.360655737704918,1.7704918032786885,24.666666666666668,3848,,,,,,,,,,,,,,,,,,,,,,,,,,,
98,A,nonparticipants_only,,,10,0,10,0,0,0,0.22656944615341337,0.21989596737131378,0.4315904410515834,0.002665121537844008,0,0,0.0,0,0.0,0.0,50.0,0,,,,,,,,,,,,,,,,,,,,,,,,,,,
98,A,step_totals,,,,,,,,,,,,,,,,,,,,,68.90000000000008,11.5,0.16690856313497804,,,0.0,0.0,47.0,0.6821480406386059,0.005609126612916205,0.19148936170212766,0.0,0,9,17,42,23,,27,47,4.400000000000001,0.0638606676342525,6.000000000000003,0.0870827285921625,22,30,34
99,A,all_agents,,,40,30,10,0,21,9,0.39724922912861443,0.2493220046703746,0.9896181280719829,0.08062871089403513,649,30,0.75,61,4.360655737704918,1.7704918032786885,30.85,3898,,,,,,,,,,,,,,,,,,,,,,,,,,,
99,A,participants_only,,,30,30,0,0,21,9,0.4540251464691903,0.2619718732520821,0.9896181280719829,0.09373701413880775,649,30,1.0,61,4.360655737704918,1.7704918032786885,24.466666666666665,3898,,,,,,,,,,,,,,,,,,,,,,,,,,,
99,A,nonparticipants_only,,,10,0,10,0,0,0,0.22692147710688693,0.22167667458383322,0.42943248884632546,0.0026217436813504406,0,0,0.0,0,0.0,0.0,50.0,0,,,,,,,,,,,,,,,,,,,,,,,,,,,
99,A,step_totals,,,,,,,,,,,,,,,,,,,,,70.70000000000006,8.5,0.12022630834512013,,,0.0,0.0,53.0,0.749646393210749,0.0059067739630479805,0.1320754716981132,0.0,0,7,23,19,17,,20,53,3.2000000000000006,0.045261669024045235,6.000000000000003,0.08486562942008483,16,30,25
100,A,all_agents,,,40,30,10,0,21,9,0.3978918231763974,0.24843932190360432,0.9900334029491036,0.08093332751323068,659,30,0.75,61,4.360655737704918,1.7704918032786885,31.0,3943,,,,,,,,,,,,,,,,,,,,,,,,,,,
100,A,participants_only,,,30,30,0,0,21,9,0.45476523376107114,0.26246113827577694,0.9900334029491036,0.09411332646718451,659,30,1.0,61,4.360655737704918,1.7704918032786885,24.666666666666668,3943,,,,,,,,,,,,,,,,,,,,,,,,,,,
100,A,nonparticipants_only,,,10,0,10,0,0,0,0.22727159142237596,0.22099323416159233,0.4272853264020938,0.0025783126729745686,0,0,0.0,0,0.0,0.0,50.0,0,,,,,,,,,,,,,,,,,,,,,,,,,,,
100,A,step_totals,,,,,,,,,,,,,,,,,,,,,68.90000000000006,11.5,0.16690856313497807,,,0.0,0.0,47.0,0.682148040638606,0.005799985184959136,0.2127659574468085,0.0,0,10,17,42,23,,27,47,4.400000000000001,0.0638606676342525,6.000000000000003,0.08708272859216251,22,30,34
100,A,reachability,0.225,0.0,,,,,,,,,,,,,,,,,,,,,,,,,,,,,,,,,,,,,,,,,,,,,
101,A,all_agents,,,40,30,10,0,21,9,0.3987237429705685,0.2491654855681294,0.9904320668311395,0.08156984794357841,667,30,0.75,61,4.360655737704918,1.7704918032786885,30.85,3995,,,,,,,,,,,,,,,,,,,,,,,,,,,
101,A,participants_only,,,30,30,0,0,21,9,0.45575839222072845,0.261148832584398,0.9904320668311395,0.09490302698989643,667,30,1.0,61,4.360655737704918,1.7704918032786885,24.466666666666665,3995,,,,,,,,,,,,,,,,,,,,,,,,,,,
101,A,nonparticipants_only,,,10,0,10,0,0,0,0.22761979522008885,0.22157154233321807,0.42514889977008335,0.002534896223559194,0,0,0.0,0,0.0,0.0,50.0,0,,,,,,,,,,,,,,,,,,,,,,,,,,,
101,A,step_totals,,,,,,,,,,,,,,,,,,,,,70.70000000000006,8.5,0.12022630834512013,,,0.0,0.0,53.0,0.749646393210749,0.006105739066911239,0.1509433962264151,0.0,0,8,23,19,17,,21,53,3.2000000000000006,0.045261669024045235,6.000000000000003,0.08486562942008483,16,30,23
102,A,all_agents,,,40,30,10,0,21,9,0.3992914934296764,0.24829358157331036,0.9908147841578939,0.08185008596516256,676,30,0.75,61,4.360655737704918,1.7704918032786885,31.0,4039,,,,,,,,,,,,,,,,,,,,,,,,,,,
102,A,participants_only,,,30,30,0,0,21,9,0.45640010891105676,0.2615164690788577,0.9908147841578939,0.09525686265281147,676,30,1.0,61,4.360655737704918,1.7704918032786885,24.666666666666668,4039,,,,,,,,,,,,,,,,,,,,,,,,,,,
102,A,nonparticipants_only,,,10,0,10,0,0,0,0.2279656469855356,0.22122743255508776,0.4230231552712329,0.0024930283558140904,0,0,0.0,0,0.0,0.0,50.0,0,,,,,,,,,,,,,,,,,,,,,,,,,,,
102,A,step_totals,,,,,,,,,,,,,,,,,,,,,68.70000000000007,11.5,0.1673944687045122,,,0.0,0.0,47.0,0.6841339155749628,0.005567346884135889,0.19148936170212766,0.0,0,9,17,40,23,,25,47,4.200000000000001,0.06113537117903925,6.000000000000003,0.08733624454148466,21,30,34
103,A,all_agents,,,40,30,10,0,21,9,0.40008264406383454,0.2481238472742916,0.9911821927915782,0.08247739903851495,682,30,0.75,61,4.360655737704918,1.7704918032786885,30.85,4091,,,,,,,,,,,,,,,,,,,,,,,,,,,
103,A,participants_only,,,30,30,0,0,21,9,0.45734047962325364,0.26020888673346343,0.9911821927915782,0.09603841844704075,682,30,1.0,61,4.360655737704918,1.7704918032786885,24.466666666666665,4091,,,,,,,,,,,,,,,,,,,,,,,,,,,
103,A,nonparticipants_only,,,10,0,10,0,0,0,0.2283091373855773,0.22214145125176726,0.42090803949487676,0.002452824017543812,0,0,0.0,0,0.0,0.0,50.0,0,,,,,,,,,,,,,,,,,,,,,,,,,,,
103,A,step_totals,,,,,,,,,,,,,,,,,,,,,70.50000000000007,8.5,0.1205673758865247,,,0.0,0.0,53.0,0.7517730496453893,0.005990208569338071,0.11320754716981132,0.0,0,6,23,19,17,,21,53,3.0000000000000004,0.042553191489361666,6.000000000000003,0.08510638297872336,15,30,23
104,A,all_agents,,,40,30,10,0,21,9,0.4007179988881375,0.24771821830780066,0.991534905079915,0.08278212665297245,690,30,0.75,61,4.360655737704918,1.7704918032786885,31.0,4138,,,,,,,,,,,,,,,,,,,,,,,,,,,
104,A,participants_only,,,30,30,0,0,21,9,0.45807378901747864,0.2612558334759115,0.991534905079915,0.09641307367157635,690,30,1.0,61,4.360655737704918,1.7704918032786885,24.666666666666668,4138,,,,,,,,,,,,,,,,,,,,,,,,,,,
104,A,nonparticipants_only,,,10,0,10,0,0,0,0.228650628500114,0.22218497908105764,0.4188034992974024,0.002413045660828409,0,0,0.0,0,0.0,0.0,50.0,0,,,,,,,,,,,,,,,,,,,,,,,,,,,
104,A,step_totals,,,,,,,,,,,,,,,,,,,,,68.70000000000007,11.5,0.1673944687045122,,,0.0,0.0,47.0,0.6841339155749628,0.005814667850969066,0.1702127659574468,0.0,0,8,17,40,23,,25,47,4.200000000000001,0.06113537117903925,6.000000000000003,0.08733624454148466,21,30,34
105,A,all_agents,,,40,30,10,0,21,9,0.40141466350362803,0.24734190349191743,0.9918735088767184,0.08337601432020122,700,30,0.75,61,4.360655737704918,1.7704918032786885,30.85,4188,,,,,,,,,,,,,,,,,,,,,,,,,,,
105,A,participants_only,,,30,30,0,0,21,9,0.4588895891967914,0.25994955430853195,0.9918735088767184,0.09716302511989275,700,30,1.0,61,4.360655737704918,1.7704918032786885,24.466666666666665,4188,,,,,,,,,,,,,,,,,,,,,,,,,,,
105,A,nonparticipants_only,,,10,0,10,0,0,0,0.22898988642413792,0.22390424524485547,0.4167094818009154,0.002374576919910852,0,0,0.0,0,0.0,0.0,50.0,0,,,,,,,,,,,,,,,,,,,,,,,,,,,
105,A,step_totals,,,,,,,,,,,,,,,,,,,,,70.50000000000007,8.5,0.1205673758865247,,,0.0,0.0,53.0,0.7517730496453893,0.005675918805298802,0.18867924528301888,0.0,0,10,23,19,17,,21,53,3.0000000000000004,0.042553191489361666,6.000000000000003,0.08510638297872336,15,30,23
106,A,all_agents,,,40,30,10,0,21,9,0.4020171450904821,0.24723416867441128,0.9921985685216497,0.08367151152257554,708,30,0.75,61,4.360655737704918,1.7704918032786885,31.0,4235,,,,,,,,,,,,,,,,,,,,,,,,,,,
106,A,participants_only,,,30,30,0,0,21,9,0.45958051543687095,0.26152006353488194,0.9921985685216497,0.09752886341192363,708,30,1.0,61,4.360655737704918,1.7704918032786885,24.666666666666668,4235,,,,,,,,,,,,,,,,,,,,,,,,,,,
106,A,nonparticipants_only,,,10,0,10,0,0,0,0.2293270340513154,0.2232443860694282,0.4146259343919108,0.002336956586904997,0,0,0.0,0,0.0,0.0,50.0,0,,,,,,,,,,,,,,,,,,,,,,,,,,,
106,A,step_totals,,,,,,,,,,,,,,,,,,,,,68.90000000000006,11.5,0.16690856313497807,,,0.0,0.0,47.0,0.682148040638606,0.005692396146387643,0.1702127659574468,0.0,0,8,17,39,23,,25,47,4.400000000000001,0.0638606676342525,6.000000000000003,0.08708272859216251,22,30,34
107,A,all_agents,,,40,30,10,0,21,9,0.4027315821563103,0.24704419547511616,0.9925106257807836,0.08427559525166972,720,30,0.75,61,4.360655737704918,1.7704918032786885,30.85,4287,,,,,,,,,,,,,,,,,,,,,,,,,,,
107,A,participants_only,,,30,30,0,0,21,9,0.4604213518652561,0.26021246321720753,0.9925106257807836,0.09828852664629013,720,30,1.0,61,4.360655737704918,1.7704918032786885,24.466666666666665,4287,,,,,,,,,,,,,,,,,,,,,,,,,,,
107,A,nonparticipants_only,,,10,0,10,0,0,0,0.2296622730294729,0.22380274044949344,0.41255280471995126,0.002299486718954072,0,0,0.0,0,0.0,0.0,50.0,0,,,,,,,,,,,,,,,,,,,,,,,,,,,
107,A,step_totals,,,,,,,,,,,,,,,,,,,,,70.50000000000006,8.5,0.12056737588652472,,,0.0,0.0,53.0,0.7517730496453895,0.005743925246591549,0.22641509433962265,0.0,0,12,23,19,17,,21,53,3.0000000000000004,0.04255319148936167,6.000000000000003,0.08510638297872337,15,30,22
108,A,all_agents,,,40,30,10,0,21,9,0.40330088173919193,0.24664754482072787,0.9928102007495523,0.0845575527023496,727,30,0.75,61,4.360655737704918,1.7704918032786885,31.0,4333,,,,,,,,,,,,,,,,,,,,,,,,,,,
108,A,participants_only,,,30,30,0,0,21,9,0.46106932129665146,0.26072939405725915,0.9928102007495523,0.09864050603082443,727,30,1.0,61,4.360655737704918,1.7704918032786885,24.666666666666668,4333,,,,,,,,,,,,,,,,,,,,,,,,,,,
108,A,nonparticipants_only,,,10,0,10,0,0,0,0.22999556306681346,0.22347050374375538,0.4104900406963515,0.0022623814100789117,0,0,0.0,0,0.0,0.0,50.0,0,,,,,,,,,,,,,,,,,,,,,,,,,,,
108,A,step_totals,,,,,,,,,,,,,,,,,,,,,68.70000000000006,11.5,0.16739446870451222,,,0.0,0.0,47.0,0.6841339155749631,0.005603632528181158,0.14893617021276595,0.0,0,7,17,39,23,,25,47,4.200000000000001,0.06113537117903926,6.000000000000003,0.08733624454148468,21,30,34
109,A,all_agents,,,40,30,10,0,21,9,0.40401653799831266,0.2466820614320921,0.9930977927195702,0.08517317583079324,734,30,0.75,61,4.360655737704918,1.7704918032786885,30.85,4386,,,,,,,,,,,,,,,,,,,,,,,,,,,
109,A,participants_only,,,30,30,0,0,21,9,0.4619131664360472,0.2594257470869728,0.9930977927195702,0.09941395926880071,734,30,1.0,61,4.360655737704918,1.7704918032786885,24.466666666666665,4386,,,,,,,,,,,,,,,,,,,,,,,,,,,
109,A,nonparticipants_only,,,10,0,10,0,0,0,0.2303266526851092,0.22435298538207948,0.4084375904928697,0.002226590503285781,0,0,0.0,0,0.0,0.0,50.0,0,,,,,,,,,,,,,,,,,,,,,,,,,,,
109,A,step_totals,,,,,,,,,,,,,,,,,,,,,70.50000000000006,8.5,0.12056737588652472,,,0.0,0.0,53.0,0.7517730496453895,0.005754661811863213,0.1320754716981132,0.0,0,7,23,19,17,,21,53,3.0000000000000004,0.04255319148936167,6.000000000000003,0.08510638297872337,15,30,21
110,A,all_agents,,,40,30,10,0,21,9,0.4044991132930633,0.24666593572500034,0.9933738810107874,0.08543046599400281,744,30,0.75,61,4.360655737704918,1.7704918032786885,31.0,4432,,,,,,,,,,,,,,,,,,,,,,,,,,,
110,A,participants_only,,,30,30,0,0,21,9,0.4624469738650146,0.25982641741936896,0.9933738810107874,0.0997447440310773,744,30,1.0,61,4.360655737704918,1.7704918032786885,24.666666666666668,4432,,,,,,,,,,,,,,,,,,,,,,,,,,,
110,A,nonparticipants_only,,,10,0,10,0,0,0,0.23065553157720942,0.2243950113387086,0.40639540254040535,0.002192177344383593,0,0,0.0,0,0.0,0.0,50.0,0,,,,,,,,,,,,,,,,,,,,,,,,,,,
110,A,step_totals,,,,,,,,,,,,,,,,,,,,,68.70000000000006,11.5,0.16739446870451222,,,0.0,0.0,47.0,0.6841339155749631,0.005310572601106795,0.2127659574468085,0.0,0,10,17,39,23,,25,47,4.200000000000001,0.06113537117903926,6.000000000000003,0.08733624454148468,21,30,34
110,A,reachability,0.225,0.0,,,,,,,,,,,,,,,,,,,,,,,,,,,,,,,,,,,,,,,,,,,,,
111,A,all_agents,,,40,30,10,0,21,9,0.40514212091669,0.24669141316659404,0.9936389257703558,0.08601250818564003,751,30,0.75,61,4.360655737704918,1.7704918032786885,30.85,4484,,,,,,,,,,,,,,,,,,,,,,,,,,,
111,A,participants_only,,,30,30,0,0,21,9,0.4631954418679605,0.25852728533227215,0.9936389257703558,0.10048280792390954,751,30,1.0,61,4.360655737704918,1.7704918032786885,24.466666666666665,4484,,,,,,,,,,,,,,,,,,,,,,,,,,,
111,A,nonparticipants_only,,,10,0,10,0,0,0,0.23098215806287867,0.22605495639941178,0.4043634255277033,0.0021593520891768883,0,0,0.0,0,0.0,0.0,50.0,0,,,,,,,,,,,,,,,,,,,,,,,,,,,
111,A,step_totals,,,,,,,,,,,,,,,,,,,,,70.50000000000006,8.5,0.12056737588652472,,,0.0,0.0,53.0,0.7517730496453895,0.0055123314489399005,0.1320754716981132,0.0,0,7,23,19,17,,21,53,3.0000000000000004,0.04255319148936167,6.000000000000003,0.08510638297872337,15,30,21
112,A,all_agents,,,40,30,10,0,21,9,0.4055761194865533,0.24733673526509853,0.9938933687395416,0.08623716701753394,757,30,0.75,61,4.360655737704918,1.7704918032786885,31.0,4528,,,,,,,,,,,,,,,,,,,,,,,,,,,
112,A,participants_only,,,30,30,0,0,21,9,0.46366583781844006,0.25957728485399023,0.9938933687395416,0.10077639012263802,757,30,1.0,61,4.360655737704918,1.7704918032786885,24.666666666666668,4528,,,,,,,,,,,,,,,,,,,,,,,,,,,
112,A,nonparticipants_only,,,10,0,10,0,0,0,0.23130696449089308,0.225417864829721,0.40234160840006483,0.002126513191686393,0,0,0.0,0,0.0,0.0,50.0,0,,,,,,,,,,,,,,,,,,,,,,,,,,,
112,A,step_totals,,,,,,,,,,,,,,,,,,,,,68.70000000000006,11.5,0.16739446870451222,,,0.0,0.0,47.0,0.6841339155749631,0.005149997624766723,0.1276595744680851,0.0,0,6,17,39,23,,25,47,4.200000000000001,0.06113537117903926,6.000000000000003,0.08733624454148468,21,30,33
113,A,all_agents,,,40,30,10,0,21,9,0.4060906615816264,0.24726275829855304,0.9941376339899599,0.08674598456091254,763,30,0.75,61,4.360655737704918,1.7704918032786885,30.85,4577,,,,,,,,,,,,,,,,,,,,,,,,,,,
113,A,participants_only,,,30,30,0,0,21,9,0.4642441865686543,0.25827939842972025,0.9941376339899599,0.10143622828825836,763,30,1.0,61,4.360655737704918,1.7704918032786885,24.466666666666665,4577,,,,,,,,,,,,,,,,,,,,,,,,,,,
113,A,nonparticipants_only,,,10,0,10,0,0,0,0.23163008662054255,0.2259569538985502,0.4003299003580645,0.002093263757872471,0,0,0.0,0,0.0,0.0,50.0,0,,,,,,,,,,,,,,,,,,,,,,,,,,,
113,A,step_totals,,,,,,,,,,,,,,,,,,,,,70.50000000000007,8.5,0.1205673758865247,,,0.0,0.0,53.0,0.7517730496453893,0.005079887354845498,0.11320754716981132,0.0,0,6,23,19,17,,21,53,3.0000000000000004,0.042553191489361666,6.000000000000003,0.08510638297872336,15,30,21
114,A,all_agents,,,40,30,10,0,21,9,0.40643148392259126,0.24669084089643034,0.9943721286303615,0.08691900228885399,767,30,0.75,61,4.360655737704918,1.7704918032786885,31.0,4619,,,,,,,,,,,,,,,,,,,,,,,,,,,
114,A,participants_only,,,30,30,0,0,21,9,0.4645916025156362,0.2598298532356594,0.9943721286303615,0.10167459226655384,767,30,1.0,61,4.360655737704918,1.7704918032786885,24.666666666666668,4619,,,,,,,,,,,,,,,,,,,,,,,,,,,
114,A,nonparticipants_only,,,10,0,10,0,0,0,0.2319511281434565,0.22563618059986792,0.39832825085627416,0.0020610396186698196,0,0,0.0,0,0.0,0.0,50.0,0,,,,,,,,,,,,,,,,,,,,,,,,,,,
114,A,step_totals,,,,,,,,,,,,,,,,,,,,,68.70000000000006,11.5,0.16739446870451222,,,0.0,0.0,47.0,0.6841339155749631,0.004831303000303939,0.0851063829787234,0.0,0,4,17,39,23,,25,47,4.200000000000001,0.06113537117903926,6.000000000000003,0.08733624454148468,21,30,33
115,A,all_agents,,,40,30,10,0,21,9,0.40701170125697334,0.24681562396150913,0.994597243485147,0.0874783146946551,776,30,0.75,61,4.360655737704918,1.7704918032786885,30.85,4670,,,,,,,,,,,,,,,,,,,,,,,,,,,
115,A,participants_only,,,30,30,0,0,21,9,0.46525895731032213,0.2585307039694811,0.994597243485147,0.10238996070714884,776,30,1.0,61,4.360655737704918,1.7704918032786885,24.466666666666665,4670,,,,,,,,,,,,,,,,,,,,,,,,,,,
115,A,nonparticipants_only,,,10,0,10,0,0,0,0.23226993309692698,0.22648821332612218,0.3963366096019928,0.002030462604241333,0,0,0.0,0,0.0,0.0,50.0,0,,,,,,,,,,,,,,,,,,,,,,,,,,,
115,A,step_totals,,,,,,,,,,,,,,,,,,,,,70.50000000000006,8.5,0.12056737588652472,,,0.0,0.0,53.0,0.7517730496453895,0.005306540736756836,0.16981132075471697,0.0,0,9,23,19,17,,21,53,3.0000000000000004,0.04255319148936167,6.000000000000003,0.08510638297872337,15,30,21
116,A,all_agents,,,40,30,10,0,21,9,0.40741725400321294,0.24606461642167166,0.9948133537457411,0.08767674137857795,782,30,0.75,61,4.360655737704918,1.7704918032786885,31.0,4715,,,,,,,,,,,,,,,,,,,,,,,,,,,
116,A,participants_only,,,30,30,0,0,21,9,0.4656939760528242,0.2590740796072669,0.9948133537457411,0.10265110673367413,782,30,1.0,61,4.360655737704918,1.7704918032786885,24.666666666666668,4715,,,,,,,,,,,,,,,,,,,,,,,,,,,
116,A,nonparticipants_only,,,10,0,10,0,0,0,0.23258708785437915,0.2265287892303055,0.39435492655398285,0.0019995293191176744,0,0,0.0,0,0.0,0.0,50.0,0,,,,,,,,,,,,,,,,,,,,,,,,,,,
116,A,step_totals,,,,,,,,,,,,,,,,,,,,,68.70000000000007,11.5,0.1673944687045122,,,0.0,0.0,47.0,0.6841339155749628,0.005065523234876789,0.1276595744680851,0.0,0,6,17,39,23,,25,47,4.200000000000001,0.06113537117903925,6.000000000000003,0.08733624454148466,21,30,33
117,A,all_agents,,,40,30,10,0,21,9,0.40788487694922804,0.24699313081218185,0.9950208195959115,0.08818265855781272,783,30,0.75,61,4.360655737704918,1.7704918032786885,30.85,4765,,,,,,,,,,,,,,,,,,,,,,,,,,,
117,A,participants_only,,,30,30,0,0,21,9,0.46621253721975414,0.2577787092092306,0.9950208195959115,0.10331152843650461,783,30,1.0,61,4.360655737704918,1.7704918032786885,24.466666666666665,4765,,,,,,,,,,,,,,,,,,,,,,,,,,,
117,A,nonparticipants_only,,,10,0,10,0,0,0,0.23290189613764983,0.22813145998750006,0.3923831519212129,0.0019706574901302305,0,0,0.0,0,0.0,0.0,50.0,0,,,,,,,,,,,,,,,,,,,,,,,,,,,
117,A,step_totals,,,,,,,,,,,,,,,,,,,,,70.50000000000006,8.5,0.12056737588652472,,,0.0,0.0,53.0,0.7517730496453895,0.004927392116773223,0.018867924528301886,0.0,0,1,23,19,17,,21,53,3.0000000000000004,0.04255319148936167,6.000000000000003,0.08510638297872337,15,30,21
118,A,all_agents,,,40,30,10,0,21,9,0.40830400107855325,0.24657249160237477,0.995219986812075,0.08838986613801979,791,30,0.75,61,4.360655737704918,1.7704918032786885,31.0,4810,,,,,,,,,,,,,,,,,,,,,,,,,,,
118,A,participants_only,,,30,30,0,0,21,9,0.4666670657114574,0.25821095544567213,0.995219986812075,0.10358074950873887,791,30,1.0,61,4.360655737704918,1.7704918032786885,24.666666666666668,4810,,,,,,,,,,,,,,,,,,,,,,,,,,,
118,A,nonparticipants_only,,,10,0,10,0,0,0,0.23321480717984072,0.22751635045612434,0.39042123616160684,0.0019422482657279446,0,0,0.0,0,0.0,0.0,50.0,0,,,,,,,,,,,,,,,,,,,,,,,,,,,
118,A,step_totals,,,,,,,,,,,,,,,,,,,,,68.70000000000007,11.5,0.1673944687045122,,,0.0,0.0,47.0,0.6841339155749628,0.005118832424966279,0.1702127659574468,0.0,0,8,17,39,23,,25,47,4.200000000000001,0.06113537117903925,6.000000000000003,0.08733624454148466,21,30,32
119,A,all_agents,,,40,30,10,0,21,9,0.4088685924588996,0.24736129082053454,0.995411187339592,0.08894916449162406,799,30,0.75,61,4.360655737704918,1.7704918032786885,30.85,4862,,,,,,,,,,,,,,,,,,,,,,,,,,,
119,A,participants_only,,,30,30,0,0,21,9,0.46731610120096395,0.2569199006684438,0.995411187339592,0.10429660190378313,799,30,1.0,61,4.360655737704918,1.7704918032786885,24.466666666666665,4862,,,,,,,,,,,,,,,,,,,,,,,,,,,
119,A,nonparticipants_only,,,10,0,10,0,0,0,0.23352606623270672,0.22803683893889964,0.3884691299807988,0.0019135169173026437,0,0,0.0,0,0.0,0.0,50.0,0,,,,,,,,,,,,,,,,,,,,,,,,,,,
119,A,step_totals,,,,,,,,,,,,,,,,,,,,,70.50000000000006,8.5,0.12056737588652472,,,0.0,0.0,53.0,0.7517730496453895,0.00526241825509885,0.1509433962264151,0.0,0,8,23,19,17,,21,53,3.0000000000000004,0.04255319148936167,6.000000000000003,0.08510638297872337,15,30,21
120,A,all_agents,,,40,30,10,0,21,9,0.40922277570133586,0.24673525893401227,0.9955947398460083,0.08912451179588353,802,30,0.75,61,4.360655737704918,1.7704918032786885,31.0,4907,,,,,,,,,,,,,,,,,,,,,,,,,,,
120,A,participants_only,,,30,30,0,0,21,9,0.4676851722425528,0.257972818236363,0.9955947398460083,0.10453299525748964,802,30,1.0,61,4.360655737704918,1.7704918032786885,24.666666666666668,4907,,,,,,,,,,,,,,,,,,,,,,,,,,,
120,A,nonparticipants_only,,,10,0,10,0,0,0,0.23383558607768495,0.22772713351692075,0.3865267843308948,0.0018848396989551883,0,0,0.0,0,0.0,0.0,50.0,0,,,,,,,,,,,,,,,,,,,,,,,,,,,
120,A,step_totals,,,,,,,,,,,,,,,,,,,,,68.90000000000006,11.5,0.16690856313497807,,,0.0,0.0,47.0,0.682148040638606,0.004886382659741613,0.06382978723404255,0.0,0,3,17,39,23,,25,47,4.400000000000001,0.0638606676342525,6.000000000000003,0.08708272859216251,22,30,32
120,A,reachability,0.225,0.0,,,,,,,,,,,,,,,,,,,,,,,,,,,,,,,,,,,,,,,,,,,,,
121,A,all_agents,,,40,30,10,0,21,9,0.40968206085289577,0.24674883740881715,0.995770950252168,0.08962980375905712,806,30,0.75,61,4.360655737704918,1.7704918032786885,30.85,4958,,,,,,,,,,,,,,,,,,,,,,,,,,,
121,A,participants_only,,,30,30,0,0,21,9,0.4681950533922645,0.25668295414518116,0.995770950252168,0.10519223103415071,806,30,1.0,61,4.360655737704918,1.7704918032786885,24.466666666666665,4958,,,,,,,,,,,,,,,,,,,,,,,,,,,
121,A,nonparticipants_only,,,10,0,10,0,0,0,0.23414308323478936,0.22854976793228024,0.38459415040924033,0.0018572783828295892,0,0,0.0,0,0.0,0.0,50.0,0,,,,,,,,,,,,,,,,,,,,,,,,,,,
121,A,step_totals,,,,,,,,,,,,,,,,,,,,,70.50000000000006,8.5,0.12056737588652472,,,0.0,0.0,53.0,0.7517730496453895,0.004907424236552238,0.07547169811320754,0.0,0,4,23,19,17,,21,53,3.0000000000000004,0.04255319148936167,6.000000000000003,0.08510638297872337,15,30,21
122,A,all_agents,,,40,30,10,0,21,9,0.41003907132826917,0.24612085585663118,0.9959401122420812,0.08982070215412796,812,30,0.75,61,4.360655737704918,1.7704918032786885,31.0,5004,,,,,,,,,,,,,,,,,,,,,,,,,,,
122,A,participants_only,,,30,30,0,0,21,9,0.46856924246318044,0.2582142396237235,0.9959401122420812,0.10544754963030119,812,30,1.0,61,4.360655737704918,1.7704918032786885,24.666666666666668,5004,,,,,,,,,,,,,,,,,,,,,,,,,,,
122,A,nonparticipants_only,,,10,0,10,0,0,0,0.23444855792353533,0.22858894381624217,0.3826711796571941,0.0018307885286242547,0,0,0.0,0,0.0,0.0,50.0,0,,,,,,,,,,,,,,,,,,,,,,,,,,,
122,A,step_totals,,,,,,,,,,,,,,,,,,,,,68.70000000000007,11.5,0.1673944687045122,,,0.0,0.0,47.0,0.6841339155749628,0.004915915048075088,0.1276595744680851,0.0,0,6,17,39,23,,25,47,4.200000000000001,0.06113537117903925,6.000000000000003,0.08733624454148466,21,30,32
123,A,all_agents,,,40,30,10,0,21,9,0.4104956143100532,0.24621271778600068,0.996102507752398,0.09031827000481416,816,30,0.75,61,4.360655737704918,1.7704918032786885,30.85,5054,,,,,,,,,,,,,,,,,,,,,,,,,,,
123,A,participants_only,,,30,30,0,0,21,9,0.46907689381774764,0.2569231684256049,0.996102507752398,0.10609521244989858,816,30,1.0,61,4.360655737704918,1.7704918032786885,24.466666666666665,5054,,,,,,,,,,,,,,,,,,,,,,,,,,,
123,A,nonparticipants_only,,,10,0,10,0,0,0,0.2347517757869699,0.23013631644728488,0.38075782375890815,0.0018062469644574784,0,0,0.0,0,0.0,0.0,50.0,0,,,,,,,,,,,,,,,,,,,,,,,,,,,
123,A,step_totals,,,,,,,,,,,,,,,,,,,,,70.50000000000006,8.5,0.12056737588652472,,,0.0,0.0,53.0,0.7517730496453895,0.0049016305323314815,0.07547169811320754,0.0,0,4,23,19,17,,21,53,3.0000000000000004,0.04255319148936167,6.000000000000003,0.08510638297872337,15,30,21
124,A,all_agents,,,40,30,10,0,21,9,0.41088505063281405,0.24682934848947205,0.996258407442302,0.0905167929626362,824,30,0.75,61,4.360655737704918,1.7704918032786885,31.0,5100,,,,,,,,,,,,,,,,,,,,,,,,,,,
124,A,participants_only,,,30,30,0,0,21,9,0.4694956021314396,0.2574918217316218,0.996258407442302,0.106354491365441,824,30,1.0,61,4.360655737704918,1.7704918032786885,24.666666666666668,5100,,,,,,,,,,,,,,,,,,,,,,,,,,,
124,A,nonparticipants_only,,,10,0,10,0,0,0,0.23505339613693746,0.22954243049181244,0.37885403464011363,0.0017813367905453624,0,0,0.0,0,0.0,0.0,50.0,0,,,,,,,,,,,,,,,,,,,,,,,,,,,
124,A,step_totals,,,,,,,,,,,,,,,,,,,,,68.70000000000006,11.5,0.16739446870451222,,,0.0,0.0,47.0,0.6841339155749631,0.005035276485668924,0.1702127659574468,0.0,0,8,17,39,23,,25,47,4.200000000000001,0.06113537117903926,6.000000000000003,0.08733624454148468,21,30,32
125,A,all_agents,,,40,30,10,0,21,9,0.41137440919696616,0.24677487011527893,0.9964080711446099,0.09104424697991065,830,30,0.75,61,4.360655737704918,1.7704918032786885,30.85,5153,,,,,,,,,,,,,,,,,,,,,,,,,,,
125,A,participants_only,,,30,30,0,0,21,9,0.47004803213855745,0.25620436262296364,0.9964080711446099,0.1070367186393581,830,30,1.0,61,4.360655737704918,1.7704918032786885,24.466666666666665,5153,,,,,,,,,,,,,,,,,,,,,,,,,,,
125,A,nonparticipants_only,,,10,0,10,0,0,0,0.23535354037219244,0.2300449601782149,0.37695976446691304,0.001755703652464016,0,0,0.0,0,0.0,0.0,50.0,0,,,,,,,,,,,,,,,,,,,,,,,,,,,
125,A,step_totals,,,,,,,,,,,,,,,,,,,,,70.50000000000006,8.5,0.12056737588652472,,,0.0,0.0,53.0,0.7517730496453895,0.00501817724892155,0.11320754716981132,0.0,0,6,23,19,17,,21,53,3.0000000000000004,0.04255319148936167,6.000000000000003,0.08510638297872337,15,30,21
126,A,all_agents,,,40,30,10,0,21,9,0.41165331692748613,0.24686089664083727,0.9965517482988255,0.09119066230329237,834,30,0.75,61,4.360655737704918,1.7704918032786885,31.0,5198,,,,,,,,,,,,,,,,,,,,,,,,,,,
126,A,participants_only,,,30,30,0,0,21,9,0.47032036864061727,0.2566667911748296,0.9965517482988255,0.10724372900549008,834,30,1.0,61,4.360655737704918,1.7704918032786885,24.666666666666668,5198,,,,,,,,,,,,,,,,,,,,,,,,,,,
126,A,nonparticipants_only,,,10,0,10,0,0,0,0.23565216178809262,0.22974594074986115,0.3750749656445785,0.0017295867161648175,0,0,0.0,0,0.0,0.0,50.0,0,,,,,,,,,,,,,,,,,,,,,,,,,,,
126,A,step_totals,,,,,,,,,,,,,,,,,,,,,68.90000000000008,11.5,0.16690856313497804,,,0.0,0.0,47.0,0.6821480406386059,0.004643231635782097,0.0851063829787234,0.0,0,4,17,39,23,,25,47,4.400000000000001,0.0638606676342525,6.000000000000003,0.0870827285921625,22,30,32
127,A,all_agents,,,40,30,10,0,21,9,0.4120478167098231,0.24680809815666205,0.9966896783668725,0.09166389465417703,842,30,0.75,61,4.360655737704918,1.7704918032786885,30.85,5249,,,,,,,,,,,,,,,,,,,,,,,,,,,
127,A,participants_only,,,30,30,0,0,21,9,0.4707475961144361,0.2553834572189555,0.9966896783668725,0.10786730372474407,842,30,1.0,61,4.360655737704918,1.7704918032786885,24.466666666666665,5249,,,,,,,,,,,,,,,,,,,,,,,,,,,
127,A,nonparticipants_only,,,10,0,10,0,0,0,0.23594847849598408,0.23054019120583708,0.37319959081635556,0.0017056982166731177,0,0,0.0,0,0.0,0.0,50.0,0,,,,,,,,,,,,,,,,,,,,,,,,,,,
127,A,step_totals,,,,,,,,,,,,,,,,,,,,,70.50000000000006,8.5,0.12056737588652472,,,0.0,0.0,53.0,0.7517730496453895,0.004697687768581016,0.1509433962264151,0.0,0,8,23,19,17,,21,53,3.0000000000000004,0.04255319148936167,6.000000000000003,0.08510638297872337,15,30,21
128,A,all_agents,,,40,30,10,0,21,9,0.4123614102557315,0.24622464161863028,0.9968220912321976,0.09182022701807163,847,30,0.75,61,4.360655737704918,1.7704918032786885,31.0,5295,,,,,,,,,,,,,,,,,,,,,,,,,,,
128,A,participants_only,,,30,30,0,0,21,9,0.47106755213924295,0.2564391640463916,0.9968220912321976,0.10808054142542045,847,30,1.0,61,4.360655737704918,1.7704918032786885,24.666666666666668,5295,,,,,,,,,,,,,,,,,,,,,,,,,,,
128,A,nonparticipants_only,,,10,0,10,0,0,0,0.2362429846051972,0.23057801537550351,0.3713335928622738,0.001682350657861461,0,0,0.0,0,0.0,0.0,50.0,0,,,,,,,,,,,,,,,,,,,,,,,,,,,
128,A,step_totals,,,,,,,,,,,,,,,,,,,,,68.90000000000006,11.5,0.16690856313497807,,,0.0,0.0,47.0,0.682148040638606,0.004768831592561989,0.10638297872340426,0.0,0,5,17,39,23,,25,47,4.400000000000001,0.0638606676342525,6.000000000000003,0.08708272859216251,22,30,32
129,A,all_agents,,,40,30,10,0,21,9,0.4127767269819685,0.2463498908320419,0.9969492075829096,0.0923059627734123,853,30,0.75,61,4.360655737704918,1.7704918032786885,30.85,5346,,,,,,,,,,,,,,,,,,,,,,,,,,,
129,A,participants_only,,,30,30,0,0,21,9,0.47152381583488295,0.25515696822615963,0.9969492075829096,0.10871627999262616,853,30,1.0,61,4.360655737704918,1.7704918032786885,24.466666666666665,5346,,,,,,,,,,,,,,,,,,,,,,,,,,,
129,A,nonparticipants_only,,,10,0,10,0,0,0,0.23653546042322493,0.23207199787225244,0.3694769248979624,0.001660365731463941,0,0,0.0,0,0.0,0.0,50.0,0,,,,,,,,,,,,,,,,,,,,,,,,,,,
129,A,step_totals,,,,,,,,,,,,,,,,,,,,,70.30000000000005,8.5,0.12091038406827871,,,0.0,0.0,53.0,0.753911806543385,0.004785002292927958,0.11320754716981132,0.0,0,6,23,19,17,,21,53,2.8000000000000003,0.039829302987197696,6.000000000000003,0.08534850640113795,14,30,21
130,A,all_agents,,,40,30,10,0,21,9,0.4131134767240902,0.24586246042255544,0.9970712392795932,0.09247518419822312,865,30,0.75,61,4.360655737704918,1.7704918032786885,31.0,5393,,,,,,,,,,,,,,,,,,,,,,,,,,,
130,A,participants_only,,,30,30,0,0,21,9,0.4718758385744982,0.25666993040712893,0.9970712392795932,0.10894217408096217,865,30,1.0,61,4.360655737704918,1.7704918032786885,24.666666666666668,5393,,,,,,,,,,,,,,,,,,,,,,,,,,,
130,A,nonparticipants_only,,,10,0,10,0,0,0,0.23682639117286627,0.23149860320005708,0.3676295402734726,0.0016380325071465608,0,0,0.0,0,0.0,0.0,50.0,0,,,,,,,,,,,,,,,,,,,,,,,,,,,
130,A,step_totals,,,,,,,,,,,,,,,,,,,,,68.90000000000006,11.5,0.16690856313497807,,,0.0,0.0,47.0,0.682148040638606,0.004854678516282167,0.2553191489361702,0.0,0,12,17,39,23,,25,47,4.400000000000001,0.0638606676342525,6.000000000000003,0.08708272859216251,22,30,32
130,A,reachability,0.225,0.0,,,,,,,,,,,,,,,,,,,,,,,,,,,,,,,,,,,,,,,,,,,,,
131,A,all_agents,,,40,30,10,0,21,9,0.4135163498319408,0.2469721226368612,0.9971883897084095,0.09295350707077936,872,30,0.75,61,4.360655737704918,1.7704918032786885,30.85,5445,,,,,,,,,,,,,,,,,,,,,,,,,,,
131,A,participants_only,,,30,30,0,0,21,9,0.47231643029680065,0.25538658075509324,0.9971883897084095,0.10957011835466766,872,30,1.0,61,4.360655737704918,1.7704918032786885,24.466666666666665,5445,,,,,,,,,,,,,,,,,,,,,,,,,,,
131,A,nonparticipants_only,,,10,0,10,0,0,0,0.23711610843736117,0.23198379373562708,0.36579139257210525,0.0016142796670264843,0,0,0.0,0,0.0,0.0,50.0,0,,,,,,,,,,,,,,,,,,,,,,,,,,,
131,A,step_totals,,,,,,,,,,,,,,,,,,,,,70.30000000000005,8.5,0.12091038406827871,,,0.0,0.0,53.0,0.753911806543385,0.004747128072638109,0.1320754716981132,0.0,0,7,23,19,17,,21,53,2.8000000000000003,0.039829302987197696,6.000000000000003,0.08534850640113795,14,30,21
132,A,all_agents,,,40,30,10,0,21,9,0.41383469056018307,0.2464500665719508,0.9973008541200731,0.09311196358908874,882,30,0.75,61,4.360655737704918,1.7704918032786885,31.0,5491,,,,,,,,,,,,,,,,,,,,,,,,,,,
132,A,participants_only,,,30,30,0,0,21,9,0.47264496264509614,0.2559793961105845,0.9973008541200731,0.10978414012813119,882,30,1.0,61,4.360655737704918,1.7704918032786885,24.666666666666668,5491,,,,,,,,,,,,,,,,,,,,,,,,,,,
132,A,nonparticipants_only,,,10,0,10,0,0,0,0.23740387430544402,0.23169509159421248,0.36396243560924474,0.00159165673954343,0,0,0.0,0,0.0,0.0,50.0,0,,,,,,,,,,,,,,,,,,,,,,,,,,,
132,A,step_totals,,,,,,,,,,,,,,,,,,,,,68.70000000000006,11.5,0.16739446870451222,,,0.0,0.0,47.0,0.6841339155749631,0.0048104283801502406,0.2127659574468085,0.0,0,10,17,39,23,,25,47,4.200000000000001,0.06113537117903926,6.000000000000003,0.08733624454148468,21,30,32
133,A,all_agents,,,40,30,10,0,21,9,0.41423532011421965,0.2470518074579539,0.9974088199552702,0.09359669821550093,894,30,0.75,61,4.360655737704918,1.7704918032786885,30.85,5543,,,,,,,,,,,,,,,,,,,,,,,,,,,
133,A,participants_only,,,30,30,0,0,21,9,0.4730839102236788,0.25469949913003154,0.9974088199552702,0.1104193991194808,894,30,1.0,61,4.360655737704918,1.7704918032786885,24.466666666666665,5543,,,,,,,,,,,,,,,,,,,,,,,,,,,
133,A,nonparticipants_only,,,10,0,10,0,0,0,0.23768954978584206,0.23246193744340093,0.3621426234311985,0.0015707168091076264,0,0,0.0,0,0.0,0.0,50.0,0,,,,,,,,,,,,,,,,,,,,,,,,,,,
133,A,step_totals,,,,,,,,,,,,,,,,,,,,,70.30000000000005,8.5,0.12091038406827871,,,0.0,0.0,53.0,0.753911806543385,0.004742393989834674,0.22641509433962265,0.0,0,12,23,19,17,,21,53,2.8000000000000003,0.039829302987197696,6.000000000000003,0.08534850640113795,14,30,21
134,A,all_agents,,,40,30,10,0,21,9,0.41453656158441216,0.24666148094754187,0.9974347317557175,0.09374592234786486,897,30,0.75,61,4.360655737704918,1.7704918032786885,31.0,5588,,,,,,,,,,,,,,,,,,,,,,,,,,,
134,A,participants_only,,,30,30,0,0,21,9,0.4733908749779885,0.25519077791412126,0.9974347317557175,0.11062264282499035,897,30,1.0,61,4.360655737704918,1.7704918032786885,24.666666666666668,5588,,,,,,,,,,,,,,,,,,,,,,,,,,,
134,A,nonparticipants_only,,,10,0,10,0,0,0,0.2379736214036832,0.23249845653796292,0.36033191031404255,0.0015497984561368176,0,0,0.0,0,0.0,0.0,50.0,0,,,,,,,,,,,,,,,,,,,,,,,,,,,
134,A,step_totals,,,,,,,,,,,,,,,,,,,,,68.90000000000008,11.5,0.16690856313497804,,,0.0,0.0,47.0,0.6821480406386059,0.004742099591578708,0.06382978723404255,0.0,0,3,17,39,23,,25,47,4.400000000000001,0.0638606676342525,6.000000000000003,0.0870827285921625,22,30,31
135,A,all_agents,,,40,30,10,0,21,9,0.41486807061656944,0.2463911996224143,0.9975373424854888,0.09418303631090562,906,30,0.75,61,4.360655737704918,1.7704918032786885,30.85,5638,,,,,,,,,,,,,,,,,,,,,,,,,,,
135,A,participants_only,,,30,30,0,0,21,9,0.4737388507574737,0.2539148240245507,0.9975373424854888,0.11120424003962605,906,30,1.0,61,4.360655737704918,1.7704918032786885,24.466666666666665,5638,,,,,,,,,,,,,,,,,,,,,,,,,,,
135,A,nonparticipants_only,,,10,0,10,0,0,0,0.23825573019385665,0.23394089105943183,0.35853025076247236,0.0015302000719601358,0,0,0.0,0,0.0,0.0,50.0,0,,,,,,,,,,,,,,,,,,,,,,,,,,,
135,A,step_totals,,,,,,,,,,,,,,,,,,,,,70.30000000000005,8.5,0.12091038406827871,,,0.0,0.0,53.0,0.753911806543385,0.004509563012977168,0.16981132075471697,0.0,0,9,23,19,17,,21,53,2.8000000000000003,0.039829302987197696,6.000000000000003,0.08534850640113795,14,30,21
136,A,all_agents,,,40,30,10,0,21,9,0.41511999930447907,0.24641581816592448,0.9976358487860693,0.09430233762310253,915,30,0.75,61,4.360655737704918,1.7704918032786885,31.0,5684,,,,,,,,,,,,,,,,,,,,,,,,,,,
136,A,participants_only,,,30,30,0,0,21,9,0.47398114818806125,0.25497319700876325,0.9976358487860693,0.11137472181522717,915,30,1.0,61,4.360655737704918,1.7704918032786885,24.666666666666668,5684,,,,,,,,,,,,,,,,,,,,,,,,,,,
136,A,nonparticipants_only,,,10,0,10,0,0,0,0.23853655265373255,0.23338728064471764,0.35673759950866,0.0015095668719858559,0,0,0.0,0,0.0,0.0,50.0,0,,,,,,,,,,,,,,,,,,,,,,,,,,,
136,A,step_totals,,,,,,,,,,,,,,,,,,,,,68.90000000000006,11.5,0.16690856313497807,,,0.0,0.0,47.0,0.682148040638606,0.004574841019573121,0.19148936170212766,0.0,0,9,17,39,23,,25,47,4.400000000000001,0.0638606676342525,6.000000000000003,0.08708272859216251,22,30,31
137,A,all_agents,,,40,30,10,0,21,9,0.41545837861784457,0.24606813845309822,0.9977304148346264,0.09474839105085904,923,30,0.75,61,4.360655737704918,1.7704918032786885,30.85,5736,,,,,,,,,,,,,,,,,,,,,,,,,,,
137,A,participants_only,,,30,30,0,0,21,9,0.47433925927346327,0.2536983310237194,0.9977304148346264,0.11196698483283943,923,30,1.0,61,4.360655737704918,1.7704918032786885,24.466666666666665,5736,,,,,,,,,,,,,,,,,,,,,,,,,,,
137,A,nonparticipants_only,,,10,0,10,0,0,0,0.23881573665098843,0.23385573029491039,0.3549539115111167,0.0014891124235433411,0,0,0.0,0,0.0,0.0,50.0,0,,,,,,,,,,,,,,,,,,,,,,,,,,,
137,A,step_totals,,,,,,,,,,,,,,,,,,,,,70.30000000000005,8.5,0.12091038406827871,,,0.0,0.0,53.0,0.753911806543385,0.004535707418302118,0.1509433962264151,0.0,0,8,23,19,17,,21,53,2.8000000000000003,0.039829302987197696,6.000000000000003,0.08534850640113795,14,30,21
138,A,all_agents,,,40,30,10,0,21,9,0.4157292896494797,0.24633853661046734,0.9978211982412414,0.0948797394443558,927,30,0.75,61,4.360655737704918,1.7704918032786885,31.0,5781,,,,,,,,,,,,,,,,,,,,,,,,,,,
138,A,participants_only,,,30,30,0,0,21,9,0.474607997068944,0.25519377859778536,0.9978211982412414,0.11214974497692627,927,30,1.0,61,4.360655737704918,1.7704918032786885,24.666666666666668,5781,,,,,,,,,,,,,,,,,,,,,,,,,,,
138,A,nonparticipants_only,,,10,0,10,0,0,0,0.23909316739108688,0.23357698945550653,0.35317914195356115,0.0014692965980018689,0,0,0.0,0,0.0,0.0,50.0,0,,,,,,,,,,,,,,,,,,,,,,,,,,,
138,A,step_totals,,,,,,,,,,,,,,,,,,,,,68.90000000000006,11.5,0.16690856313497807,,,0.0,0.0,47.0,0.682148040638606,0.004645144620549336,0.0851063829787234,0.0,0,4,17,39,23,,25,47,4.400000000000001,0.0638606676342525,6.000000000000003,0.08708272859216251,22,30,31
139,A,all_agents,,,40,30,10,0,21,9,0.41607453020496415,0.24637599485666548,0.9979083503115918,0.09533538379018133,933,30,0.75,61,4.360655737704918,1.7704918032786885,30.85,5834,,,,,,,,,,,,,,,,,,,,,,,,,,,
139,A,participants_only,,,30,30,0,0,21,9,0.47497646698588014,0.2539178097047965,0.9979083503115918,0.11275255249868261,933,30,1.0,61,4.360655737704918,1.7704918032786885,24.466666666666665,5834,,,,,,,,,,,,,,,,,,,,,,,,,,,
139,A,nonparticipants_only,,,10,0,10,0,0,0,0.2393687198622162,0.23431737625918173,0.35141324624379333,0.001450619786161178,0,0,0.0,0,0.0,0.0,50.0,0,,,,,,,,,,,,,,,,,,,,,,,,,,,
139,A,step_totals,,,,,,,,,,,,,,,,,,,,,70.30000000000005,8.5,0.12091038406827871,,,0.0,0.0,53.0,0.753911806543385,0.0045619458062392875,0.11320754716981132,0.0,0,6,23,19,17,,21,53,2.8000000000000003,0.039829302987197696,6.000000000000003,0.08534850640113795,14,30,21
140,A,all_agents,,,40,30,10,0,21,9,0.4162789072663839,0.24664814392782658,0.997992016299128,0.0954215550385966,943,30,0.75,61,4.360655737704918,1.7704918032786885,31.0,5879,,,,,,,,,,,,,,,,,,,,,,,,,,,
140,A,participants_only,,,30,30,0,0,21,9,0.47515763592044485,0.2545337207283481,0.997992016299128,0.11288459818933609,943,30,1.0,61,4.360655737704918,1.7704918032786885,24.666666666666668,5879,,,,,,,,,,,,,,,,,,,,,,,,,,,
140,A,nonparticipants_only,,,10,0,10,0,0,0,0.23964272130420097,0.23435263530860406,0.34965618001257437,0.0014319693313556846,0,0,0.0,0,0.0,0.0,50.0,0,,,,,,,,,,,,,,,,,,,,,,,,,,,
140,A,step_totals,,,,,,,,,,,,,,,,,,,,,68.90000000000008,11.5,0.16690856313497804,,,0.0,0.0,47.0,0.6821480406386059,0.004417826819714419,0.2127659574468085,0.0,0,10,17,39,23,,25,47,4.400000000000001,0.0638606676342525,6.000000000000003,0.0870827285921625,22,30,31
140,A,reachability,0.25,0.0,,,,,,,,,,,,,,,,,,,,,,,,,,,,,,,,,,,,,,,,,,,,,
141,A,all_agents,,,40,30,10,0,21,9,0.41660641444591423,0.2464781204228197,0.9980723356471629,0.09586785719626072,954,30,0.75,61,4.360655737704918,1.7704918032786885,30.85,5932,,,,,,,,,,,,,,,,,,,,,,,,,,,
141,A,participants_only,,,30,30,0,0,21,9,0.47550354163289277,0.2532610521247064,0.9980723356471629,0.11347702534091005,954,30,1.0,61,4.360655737704918,1.7704918032786885,24.466666666666665,5932,,,,,,,,,,,,,,,,,,,,,,,,,,,
141,A,nonparticipants_only,,,10,0,10,0,0,0,0.2399150328849789,0.23574530045244133,0.3479078991125115,0.0014138936717633022,0,0,0.0,0,0.0,0.0,50.0,0,,,,,,,,,,,,,,,,,,,,,,,,,,,
141,A,step_totals,,,,,,,,,,,,,,,,,,,,,70.30000000000005,8.5,0.12091038406827871,,,0.0,0.0,53.0,0.753911806543385,0.0045031084759505615,0.20754716981132076,0.0,0,11,23,19,17,,21,53,2.8000000000000003,0.039829302987197696,6.000000000000003,0.08534850640113795,14,30,21
142,A,all_agents,,,40,30,10,0,21,9,0.4168518522430392,0.24638432309928399,0.9981494422212764,0.09598306451897769,959,30,0.75,61,4.360655737704918,1.7704918032786885,31.0,5979,,,,,,,,,,,,,,,,,,,,,,,,,,,
142,A,participants_only,,,30,30,0,0,21,9,0.4757404997273715,0.2537799078487245,0.9981494422212764,0.11364078240874322,959,30,1.0,61,4.360655737704918,1.7704918032786885,24.666666666666668,5979,,,,,,,,,,,,,,,,,,,,,,,,,,,
142,A,nonparticipants_only,,,10,0,10,0,0,0,0.2401859097900426,0.2352107916644427,0.346168359616949,0.0013954372192737394,0,0,0.0,0,0.0,0.0,50.0,0,,,,,,,,,,,,,,,,,,,,,,,,,,,
142,A,step_totals,,,,,,,,,,,,,,,,,,,,,68.70000000000005,11.5,0.16739446870451227,,,0.0,0.0,47.0,0.6841339155749632,0.004578818236114623,0.10638297872340426,0.0,0,5,17,39,23,,25,47,4.200000000000001,0.06113537117903928,6.000000000000003,0.0873362445414847,21,30,31
143,A,all_agents,,,40,30,10,0,21,9,0.4171623055199606,0.24611675086078386,0.9982234645324254,0.09641927073206717,965,30,0.75,61,4.360655737704918,1.7704918032786885,30.85,6032,,,,,,,,,,,,,,,,,,,,,,,,,,,
143,A,participants_only,,,30,30,0,0,21,9,0.47606465325616354,0.2525110083094809,0.9982234645324254,0.11422209576680065,965,30,1.0,61,4.360655737704918,1.7704918032786885,24.466666666666665,6032,,,,,,,,,,,,,,,,,,,,,,,,,,,
143,A,nonparticipants_only,,,10,0,10,0,0,0,0.2404552623113517,0.23566307805232106,0.3444375178188642,0.0013769568018278534,0,0,0.0,0,0.0,0.0,50.0,0,,,,,,,,,,,,,,,,,,,,,,,,,,,
143,A,step_totals,,,,,,,,,,,,,,,,,,,,,70.30000000000005,8.5,0.12091038406827871,,,0.0,0.0,53.0,0.753911806543385,0.004447635197802606,0.11320754716981132,0.0,0,6,23,19,17,,21,53,2.8000000000000003,0.039829302987197696,6.000000000000003,0.08534850640113795,14,30,21
144,A,all_agents,,,40,30,10,0,21,9,0.41739338912399393,0.2457271892072706,0.9982412298871012,0.09652468200184947,968,30,0.75,61,4.360655737704918,1.7704918032786885,31.0,6076,,,,,,,,,,,,,,,,,,,,,,,,,,,
144,A,participants_only,,,30,30,0,0,21,9,0.47628353567418535,0.2535719297808146,0.9982412298871012,0.11437438038365563,968,30,1.0,61,4.360655737704918,1.7704918032786885,24.666666666666668,6076,,,,,,,,,,,,,,,,,,,,,,,,,,,
144,A,nonparticipants_only,,,10,0,10,0,0,0,0.24072294947341957,0.235393954812809,0.3427153302297699,0.0013589945279946266,0,0,0.0,0,0.0,0.0,50.0,0,,,,,,,,,,,,,,,,,,,,,,,,,,,
144,A,step_totals,,,,,,,,,,,,,,,,,,,,,69.10000000000008,11.5,0.16642547033285074,,,0.0,0.0,47.0,0.6801736613603465,0.004506609017112357,0.06382978723404255,0.0,0,3,17,39,23,,25,47,4.600000000000001,0.06657018813314032,6.000000000000003,0.0868306801736613,23,30,31
145,A,all_agents,,,40,30,10,0,21,9,0.4176690506572711,0.24608860257653586,0.9983115806916172,0.09693560627289491,976,30,0.75,61,4.360655737704918,1.7704918032786885,30.85,6128,,,,,,,,,,,,,,,,,,,,,,,,,,,
145,A,participants_only,,,30,30,0,0,21,9,0.47656244229790895,0.25230407013191053,0.9983115806916172,0.11492643169237182,976,30,1.0,61,4.360655737704918,1.7704918032786885,24.466666666666665,6128,,,,,,,,,,,,,,,,,,,,,,,,,,,
145,A,nonparticipants_only,,,10,0,10,0,0,0,0.24098887573535746,0.23610879550685004,0.34100175357862106,0.0013419510672135232,0,0,0.0,0,0.0,0.0,50.0,0,,,,,,,,,,,,,,,,,,,,,,,,,,,
145,A,step_totals,,,,,,,,,,,,,,,,,,,,,70.30000000000005,8.5,0.12091038406827871,,,0.0,0.0,53.0,0.753911806543385,0.0043308380789205195,0.1509433962264151,0.0,0,8,23,19,17,,21,53,2.8000000000000003,0.039829302987197696,6.000000000000003,0.08534850640113795,14,30,21
146,A,all_agents,,,40,30,10,0,21,9,0.41788839227373437,0.24629495068945123,0.9983791174639525,0.09703438998862167,984,30,0.75,61,4.360655737704918,1.7704918032786885,31.0,6175,,,,,,,,,,,,,,,,,,,,,,,,,,,
146,A,participants_only,,,30,30,0,0,21,9,0.4767667331855722,0.2537827760985365,0.9983791174639525,0.11507097947846112,984,30,1.0,61,4.360655737704918,1.7704918032786885,24.666666666666668,6175,,,,,,,,,,,,,,,,,,,,,,,,,,,
146,A,nonparticipants_only,,,10,0,10,0,0,0,0.24125336953822088,0.23614283798739555,0.33929674481072797,0.001324713176736146,0,0,0.0,0,0.0,0.0,50.0,0,,,,,,,,,,,,,,,,,,,,,,,,,,,
146,A,step_totals,,,,,,,,,,,,,,,,,,,,,68.70000000000006,11.5,0.16739446870451222,,,0.0,0.0,47.0,0.6841339155749631,0.004495076437689775,0.1702127659574468,0.0,0,8,17,39,23,,25,47,4.200000000000001,0.06113537117903926,6.000000000000003,0.08733624454148468,21,30,31
147,A,all_agents,,,40,30,10,0,21,9,0.4181446562258932,0.24609906647461915,0.9984439527653943,0.09743394970920113,994,30,0.75,61,4.360655737704918,1.7704918032786885,30.85,6227,,,,,,,,,,,,,,,,,,,,,,,,,,,
147,A,participants_only,,,30,30,0,0,21,9,0.47702086293382084,0.25251386221804384,0.9984439527653943,0.11561008302098054,994,30,1.0,61,4.360655737704918,1.7704918032786885,24.466666666666665,6227,,,,,,,,,,,,,,,,,,,,,,,,,,,
147,A,nonparticipants_only,,,10,0,10,0,0,0,0.24151603610211042,0.23748745098298873,0.33760026108667435,0.0013086571780875098,0,0,0.0,0,0.0,0.0,50.0,0,,,,,,,,,,,,,,,,,,,,,,,,,,,
147,A,step_totals,,,,,,,,,,,,,,,,,,,,,70.30000000000005,8.5,0.12091038406827871,,,0.0,0.0,53.0,0.753911806543385,0.004266873615705929,0.18867924528301888,0.0,0,10,23,19,17,,21,53,2.8000000000000003,0.039829302987197696,6.000000000000003,0.08534850640113795,14,30,21
148,A,all_agents,,,40,30,10,0,21,9,0.4182845214178503,0.2462689680178115,0.9985061946547785,0.09748194573806947,999,30,0.75,61,4.360655737704918,1.7704918032786885,31.0,6271,,,,,,,,,,,,,,,,,,,,,,,,,,,
148,A,participants_only,,,30,30,0,0,21,9,0.4771202374454789,0.253151849592516,0.9985061946547785,0.11569868058933687,999,30,1.0,61,4.360655737704918,1.7704918032786885,24.666666666666668,6271,,,,,,,,,,,,,,,,,,,,,,,,,,,
148,A,nonparticipants_only,,,10,0,10,0,0,0,0.24177737333496457,0.23697138474425067,0.33591225978124095,0.0012920434184622409,0,0,0.0,0,0.0,0.0,50.0,0,,,,,,,,,,,,,,,,,,,,,,,,,,,
148,A,step_totals,,,,,,,,,,,,,,,,,,,,,68.90000000000006,11.5,0.16690856313497807,,,0.0,0.0,47.0,0.682148040638606,0.004208281028148788,0.10638297872340426,0.0,0,5,17,39,23,,25,47,4.400000000000001,0.0638606676342525,6.000000000000003,0.08708272859216251,22,30,31
149,A,all_agents,,,40,30,10,0,21,9,0.41852402815304013,0.24606149953867842,0.9985659468685874,0.09787211138878771,1012,30,0.75,61,4.360655737704918,1.7704918032786885,30.85,6323,,,,,,,,,,,,,,,,,,,,,,,,,,,
149,A,participants_only,,,30,30,0,0,21,9,0.47735294907873277,0.25188609034455345,0.9985659468685874,0.11622767671351539,1012,30,1.0,61,4.360655737704918,1.7704918032786885,24.466666666666665,6323,,,,,,,,,,,,,,,,,,,,,,,,,,,
149,A,nonparticipants_only,,,10,0,10,0,0,0,0.24203726537596207,0.2374080655627247,0.3342326984823347,0.0012753121672278978,0,0,0.0,0,0.0,0.0,50.0,0,,,,,,,,,,,,,,,,,,,,,,,,,,,
149,A,step_totals,,,,,,,,,,,,,,,,,,,,,70.50000000000007,8.5,0.1205673758865247,,,0.0,0.0,53.0,0.7517730496453893,0.0041987586399144464,0.24528301886792453,0.0,0,13,23,19,17,,21,53,3.0000000000000004,0.042553191489361666,6.000000000000003,0.08510638297872336,15,30,21
150,A,all_agents,,,40,30,10,0,21,9,0.41872249192210753,0.24607555984618157,0.9985802873999015,0.09795531227483234,1018,30,0.75,61,4.360655737704918,1.7704918032786885,31.0,6369,,,,,,,,,,,,,,,,,,,,,,,,,,,
150,A,participants_only,,,30,30,0,0,21,9,0.47753145572102457,0.25243130591239965,0.9985802873999015,0.11635347038376874,1018,30,1.0,61,4.360655737704918,1.7704918032786885,24.666666666666668,6369,,,,,,,,,,,,,,,,,,,,,,,,,,,
150,A,nonparticipants_only,,,10,0,10,0,0,0,0.24229560052535654,0.23714822807999214,0.332561534989923,0.0012589072707951782,0,0,0.0,0,0.0,0.0,50.0,0,,,,,,,,,,,,,,,,,,,,,,,,,,,
150,A,step_totals,,,,,,,,,,,,,,,,,,,,,68.70000000000007,11.5,0.1673944687045122,,,0.0,0.0,47.0,0.6841339155749628,0.0044284510476310926,0.1276595744680851,0.0,0,6,17,39,23,,25,47,4.200000000000001,0.06113537117903925,6.000000000000003,0.08733624454148466,21,30,31
150,A,reachability,0.25,0.0,,,,,,,,,,,,,,,,,,,,,,,,,,,,,,,,,,,,,,,,,,,,,
151,A,all_agents,,,40,30,10,0,21,9,0.4189749112316242,0.24592064901790928,0.9986370759039054,0.09835658454231572,1025,30,0.75,61,4.360655737704918,1.7704918032786885,30.85,6421,,,,,,,,,,,,,,,,,,,,,,,,,,,
151,A,participants_only,,,30,30,0,0,21,9,0.47778244875531023,0.25116914938283763,0.9986370759039054,0.11689441502326926,1025,30,1.0,61,4.360655737704918,1.7704918032786885,24.466666666666665,6421,,,,,,,,,,,,,,,,,,,,,,,,,,,
151,A,nonparticipants_only,,,10,0,10,0,0,0,0.24255229866056635,0.237838404100581,0.3308987273149734,0.001243175464258323,0,0,0.0,0,0.0,0.0,50.0,0,,,,,,,,,,,,,,,,,,,,,,,,,,,
151,A,step_totals,,,,,,,,,,,,,,,,,,,,,70.30000000000005,8.5,0.12091038406827871,,,0.0,0.0,53.0,0.753911806543385,0.004256557489487234,0.1320754716981132,0.0,0,7,23,19,17,,21,53,2.8000000000000003,0.039829302987197696,6.000000000000003,0.08534850640113795,14,30,21
152,A,all_agents,,,40,30,10,0,21,9,0.41907496638900915,0.2461286582493024,0.9986915928677491,0.09837200338306204,1032,30,0.75,61,4.360655737704918,1.7704918032786885,31.0,6465,,,,,,,,,,,,,,,,,,,,,,,,,,,
152,A,participants_only,,,30,30,0,0,21,9,0.4778308138908361,0.2522325068649356,0.9986915928677491,0.11694438422872205,1032,30,1.0,61,4.360655737704918,1.7704918032786885,24.666666666666668,6465,,,,,,,,,,,,,,,,,,,,,,,,,,,
152,A,nonparticipants_only,,,10,0,10,0,0,0,0.24280742388352838,0.23787127198841912,0.3292442336783985,0.0012278654581867146,0,0,0.0,0,0.0,0.0,50.0,0,,,,,,,,,,,,,,,,,,,,,,,,,,,
152,A,step_totals,,,,,,,,,,,,,,,,,,,,,68.70000000000007,11.5,0.1673944687045122,,,0.0,0.0,47.0,0.6841339155749628,0.004087770615523511,0.14893617021276595,0.0,0,7,17,39,23,,25,47,4.200000000000001,0.06113537117903925,6.000000000000003,0.08733624454148466,21,30,31
153,A,all_agents,,,40,30,10,0,21,9,0.4192920241036448,0.2461505808926493,0.9987439291530391,0.09874829733989333,1044,30,0.75,61,4.360655737704918,1.7704918032786885,30.85,6517,,,,,,,,,,,,,,,,,,,,,,,,,,,
153,A,participants_only,,,30,30,0,0,21,9,0.47803575243662016,0.25097134433061086,0.9987439291530391,0.11745659069866538,1044,30,1.0,61,4.360655737704918,1.7704918032786885,24.466666666666665,6517,,,,,,,,,,,,,,,,,,,,,,,,,,,
153,A,nonparticipants_only,,,10,0,10,0,0,0,0.24306083910471885,0.23916949081432903,0.32759801251000653,0.0012135098420763054,0,0,0.0,0,0.0,0.0,50.0,0,,,,,,,,,,,,,,,,,,,,,,,,,,,
153,A,step_totals,,,,,,,,,,,,,,,,,,,,,70.50000000000007,8.5,0.1205673758865247,,,0.0,0.0,53.0,0.7517730496453893,0.004123970262823437,0.22641509433962265,0.0,0,12,23,19,17,,21,53,3.0000000000000004,0.042553191489361666,6.000000000000003,0.08510638297872336,15,30,21
154,A,all_agents,,,40,30,10,0,21,9,0.41944255769020206,0.24577709440830536,0.9987941719869176,0.09879726863007472,1048,30,0.75,61,4.360655737704918,1.7704918032786885,31.0,6563,,,,,,,,,,,,,,,,,,,,,,,,,,,
154,A,participants_only,,,30,30,0,0,21,9,0.4781524113630711,0.25243404757326926,0.9987941719869176,0.11754279560174427,1048,30,1.0,61,4.360655737704918,1.7704918032786885,24.666666666666668,6563,,,,,,,,,,,,,,,,,,,,,,,,,,,
154,A,nonparticipants_only,,,10,0,10,0,0,0,0.24331299667159503,0.23867123078803,0.3259600224474565,0.0011985246955897827,0,0,0.0,0,0.0,0.0,50.0,0,,,,,,,,,,,,,,,,,,,,,,,,,,,
154,A,step_totals,,,,,,,,,,,,,,,,,,,,,68.90000000000006,11.5,0.16690856313497807,,,0.0,0.0,47.0,0.682148040638606,0.004254107480608811,0.0851063829787234,0.0,0,4,17,39,23,,25,47,4.400000000000001,0.0638606676342525,6.000000000000003,0.08708272859216251,22,30,31
155,A,all_agents,,,40,30,10,0,21,9,0.41964354340698373,0.2464628116870931,0.9988424051074408,0.0991635201304198,1062,30,0.75,61,4.360655737704918,1.7704918032786885,30.85,6614,,,,,,,,,,,,,,,,,,,,,,,,,,,
155,A,participants_only,,,30,30,0,0,21,9,0.47833678840642574,0.2511718773354029,0.9988424051074408,0.11804401931724558,1062,30,1.0,61,4.360655737704918,1.7704918032786885,24.466666666666665,6614,,,,,,,,,,,,,,,,,,,,,,,,,,,
155,A,nonparticipants_only,,,10,0,10,0,0,0,0.24356380840865752,0.23909284448752172,0.3243302223352192,0.00118325846716811,0,0,0.0,0,0.0,0.0,50.0,0,,,,,,,,,,,,,,,,,,,,,,,,,,,
155,A,step_totals,,,,,,,,,,,,,,,,,,,,,70.50000000000006,8.5,0.12056737588652472,,,0.0,0.0,53.0,0.7517730496453895,0.0040709011396623685,0.2641509433962264,0.0,0,14,23,19,17,,21,53,3.0000000000000004,0.04255319148936167,6.000000000000003,0.08510638297872337,15,30,21
156,A,all_agents,,,40,30,10,0,21,9,0.4197935730014233,0.24630897599067986,0.9988887089031432,0.09920867917837181,1068,30,0.75,61,4.360655737704918,1.7704918032786885,31.0,6659,,,,,,,,,,,,,,,,,,,,,,,,,,,
156,A,participants_only,,,30,30,0,0,21,9,0.4784537045910459,0.2518309667307689,0.9988887089031432,0.11812482768799627,1068,30,1.0,61,4.360655737704918,1.7704918032786885,24.666666666666668,6659,,,,,,,,,,,,,,,,,,,,,,,,,,,
156,A,nonparticipants_only,,,10,0,10,0,0,0,0.24381317823255538,0.23884197236828297,0.3227085712235431,0.0011681011921563056,0,0,0.0,0,0.0,0.0,50.0,0,,,,,,,,,,,,,,,,,,,,,,,,,,,
156,A,step_totals,,,,,,,,,,,,,,,,,,,,,68.70000000000006,11.5,0.16739446870451222,,,0.0,0.0,47.0,0.6841339155749631,0.004267140955970145,0.1276595744680851,0.0,0,6,17,39,23,,25,47,4.200000000000001,0.06113537117903926,6.000000000000003,0.08733624454148468,21,30,31
