step,condition,population,skill_reachability,resource_reachability,n_agents,maker_count,stage_consumer,stage_customizer,stage_maker,stage_advanced_maker,skill_mean,skill_median,skill_max,skill_var,method_count_total,method_holders,method_adoption_rate,method_peer_held,knowledge_diffusion_lag_mean,hop_count_mean,latent_distributed_resources,completed_projects_total,time_total,time_practice,time_share_practice,time_observe,time_share_observe,time_idle,time_share_idle,time_make,time_share_make,skill_gain_per_time,method_self_discovery_per_time,method_peer_acquisition_per_time,peer_acquired_count,self_discovered_count,reject_missing_asset,reject_time_budget_exceeded,count_practice,count_observe,count_idle,count_make,time_ask,time_share_ask,time_share,time_share_share,count_ask,count_share,reject_insufficient_material
0,C,reachability,0.825,0.0,,,,,,,,,,,,,,,,,,,,,,,,,,,,,,,,,,,,,,,,,,,,,
1,C,all_agents,,,40,0,22,18,0,0,0.16173754682002892,0.14550260812443627,0.5866256306861962,0.010404199078216488,1,1,0.025,0,0.0,0.0,25.925,25,,,,,,,,,,,,,,,,,,,,,,,,,,,
1,C,participants_only,,,30,0,12,18,0,0,0.16019107343090547,0.14057546728271209,0.5866256306861962,0.010849599305829379,1,1,0.03333333333333333,0,0.0,0.0,24.566666666666666,25,,,,,,,,,,,,,,,,,,,,,,,,,,,
1,C,nonparticipants_only,,,10,0,10,0,0,0,0.16637696698739926,0.15192027374758837,0.3909319147402761,0.00903929943605861,0,0,0.0,0,0.0,0.0,30.0,0,,,,,,,,,,,,,,,,,,,,,,,,,,,
1,C,step_totals,,,,,,,,,,,,,,,,,,,,,83.99999999999999,20.0,0.23809523809523814,4.000000000000002,0.04761904761904765,0.0,0.0,60.0,0.7142857142857144,0.01732848489950364,0.016666666666666666,0.0,0,1,21,30,40,40,33,60,,,,,,,
2,C,all_agents,,,40,2,15,23,2,0,0.16805615862365256,0.15334538685148408,0.6031606054587484,0.010377198804612745,7,7,0.175,0,0.0,0.0,26.85,58,,,,,,,,,,,,,,,,,,,,,,,,,,,
2,C,participants_only,,,30,2,5,23,2,0,0.16835626461528946,0.15334538685148408,0.6031606054587484,0.010955599318295147,7,7,0.23333333333333334,0,0.0,0.0,24.133333333333333,58,,,,,,,,,,,,,,,,,,,,,,,,,,,
2,C,nonparticipants_only,,,10,0,10,0,0,0,0.16715584064874187,0.15320371492181212,0.3889772551665747,0.008640916500290946,0,0,0.0,0,0.0,0.0,35.0,0,,,,,,,,,,,,,,,,,,,,,,,,,,,
2,C,step_totals,,,,,,,,,,,,,,,,,,,,,87.79999999999998,20.0,0.22779043280182237,4.000000000000002,0.045558086560364495,0.0,0.0,60.0,0.6833712984054671,0.018709135940882745,0.1,0.0,0,6,21,21,40,40,33,60,3.600000000000001,0.04100227790432804,0.2,0.002277904328018224,18,1,
3,C,all_agents,,,40,3,12,25,3,0,0.1746294862957081,0.16010912919045522,0.6190341812403984,0.010622431502875873,10,9,0.225,0,0.0,0.0,28.275,96,,,,,,,,,,,,,,,,,,,,,,,,,,,
3,C,participants_only,,,30,3,2,25,3,0,0.17686480887840847,0.16026032281910305,0.6190341812403984,0.011385489274475483,10,9,0.3,0,0.0,0.0,24.366666666666667,96,,,,,,,,,,,,,,,,,,,,,,,,,,,
3,C,nonparticipants_only,,,10,0,10,0,0,0,0.16792351854760695,0.15506553740263393,0.38703236889074183,0.008273298183492279,0,0,0.0,0,0.0,0.0,40.0,0,,,,,,,,,,,,,,,,,,,,,,,,,,,
3,C,step_totals,,,,,,,,,,,,,,,,,,,,,87.50000000000001,20.0,0.22857142857142854,3.900000000000002,0.04457142857142859,0.0,0.0,59.0,0.6742857142857142,0.0194624386647348,0.05084745762711865,0.0,0,3,19,20,40,39,32,59,3.400000000000001,0.03885714285714286,1.2,0.013714285714285712,17,6,
4,C,all_agents,,,40,3,11,26,3,0,0.1798018889994683,0.1597050219300205,0.6159390103341964,0.010671411375597841,14,11,0.275,0,0.0,0.0,29.8,121,,,,,,,,,,,,,,,,,,,,,,,,,,,
4,C,participants_only,,,30,3,1,26,3,0,0.18350862784611202,0.16118499171485293,0.6159390103341964,0.011530342415887835,14,11,0.36666666666666664,0,0.0,0.0,24.733333333333334,121,,,,,,,,,,,,,,,,,,,,,,,,,,,
4,C,nonparticipants_only,,,10,0,10,0,0,0,0.16868167245953714,0.15692017798846966,0.38509720704628814,0.007929739300201247,0,0,0.0,0,0.0,0.0,45.0,0,,,,,,,,,,,,,,,,,,,,,,,,,,,
4,C,step_totals,,,,,,,,,,,,,,,,,,,,,88.00000000000003,20.0,0.2272727272727272,4.000000000000002,0.04545454545454546,0.0,0.0,57.0,0.6477272727272725,0.015695051627320065,0.07017543859649122,0.0,0,4,29,9,40,40,37,57,5.200000000000002,0.0590909090909091,1.7999999999999998,0.020454545454545447,26,9,18
5,C,all_agents,,,40,4,10,26,4,0,0.18486716414270774,0.16592622444528815,0.6128593152825255,0.010676190201847749,18,13,0.325,0,0.0,0.0,31.775,146,,,,,,,,,,,,,,,,,,,,,,,,,,,
5,C,participants_only,,,30,4,0,26,4,0,0.19001271562573255,0.16940673899590836,0.6128593152825255,0.011592578860747804,18,13,0.43333333333333335,0,0.0,0.0,25.7,146,,,,,,,,,,,,,,,,,,,,,,,,,,,
5,C,nonparticipants_only,,,10,0,10,0,0,0,0.16943050969363344,0.159341903194554,0.3831717210110567,0.00760930382437408,0,0,0.0,0,0.0,0.0,50.0,0,,,,,,,,,,,,,,,,,,,,,,,,,,,
5,C,step_totals,,,,,,,,,,,,,,,,,,,,,85.80000000000004,20.0,0.23310023310023298,3.600000000000002,0.04195804195804196,0.0,0.0,54.0,0.629370629370629,0.015833086504718576,0.07407407407407407,0.0,0,4,28,7,40,36,38,54,6.000000000000003,0.06993006993006994,2.1999999999999997,0.025641025641025626,30,11,26
6,C,all_agents,,,40,4,10,26,4,0,0.1897458530797639,0.17015929919322453,0.6283449426712244,0.010553222211519,18,13,0.325,0,0.0,0.0,32.25,171,,,,,,,,,,,,,,,,,,,,,,,,,,,
6,C,participants_only,,,30,4,0,26,4,0,0.19627060591484297,0.17294020657526898,0.6283449426712244,0.011465507515363023,18,13,0.43333333333333335,0,0.0,0.0,26.333333333333332,171,,,,,,,,,,,,,,,,,,,,,,,,,,,
6,C,nonparticipants_only,,,10,0,10,0,0,0,0.1701715945745268,0.1605342065692702,0.3812558624060014,0.00730549750528047,0,0,0.0,0,0.0,0.0,50.0,0,,,,,,,,,,,,,,,,,,,,,,,,,,,
6,C,step_totals,,,,,,,,,,,,,,,,,,,,,80.60000000000005,20.0,0.24813895781637701,3.0000000000000013,0.037220843672456566,0.0,0.0,49.0,0.6079404466501237,0.01645285329232664,0.0,0.0,0,0,39,6,40,30,38,49,6.000000000000003,0.07444168734491313,2.6,0.03225806451612901,30,13,32
7,C,all_agents,,,40,5,10,25,5,0,0.19434419445236567,0.17087143673123859,0.6252032179578683,0.010610640325061713,25,16,0.4,0,0.0,0.0,32.325,191,,,,,,,,,,,,,,,,,,,,,,,,,,,
7,C,participants_only,,,30,5,0,25,5,0,0.20215703368465882,0.17577182439678113,0.6252032179578683,0.011564873955881514,25,16,0.5333333333333333,0,0.0,0.0,26.433333333333334,191,,,,,,,,,,,,,,,,,,,,,,,,,,,
7,C,nonparticipants_only,,,10,0,10,0,0,0,0.17090567675548612,0.16114877822497037,0.3793495830939714,0.007015453950166393,0,0,0.0,0,0.0,0.0,50.0,0,,,,,,,,,,,,,,,,,,,,,,,,,,,
7,C,step_totals,,,,,,,,,,,,,,,,,,,,,89.20000000000009,20.0,0.2242152466367711,1.2,0.013452914798206265,0.0,0.0,59.0,0.6614349775784747,0.014023495379004533,0.11864406779661017,0.0,0,7,33,17,40,12,39,59,6.400000000000003,0.07174887892376677,2.6,0.029147982062780242,32,13,31
8,C,all_agents,,,40,5,10,25,5,0,0.19962047890841328,0.1773816349249919,0.6401950892395535,0.01069211288330886,29,17,0.425,0,0.0,0.0,32.65,220,,,,,,,,,,,,,,,,,,,,,,,,,,,
8,C,participants_only,,,30,5,0,25,5,0,0.20895016842700073,0.18179252856126937,0.6401950892395535,0.011659893373701624,29,17,0.5666666666666667,0,0.0,0.0,26.866666666666667,220,,,,,,,,,,,,,,,,,,,,,,,,,,,
8,C,nonparticipants_only,,,10,0,10,0,0,0,0.17163141035265095,0.1629574684697998,0.37745283517850153,0.006744254133971678,0,0,0.0,0,0.0,0.0,50.0,0,,,,,,,,,,,,,,,,,,,,,,,,,,,
8,C,step_totals,,,,,,,,,,,,,,,,,,,,,84.90000000000008,20.0,0.23557126030624242,0.1,0.0011778563015312122,0.0,0.0,55.0,0.6478209658421666,0.016717425793482298,0.07272727272727272,0.0,0,4,43,12,40,1,38,55,6.600000000000003,0.07773851590106004,3.2000000000000006,0.0376914016489988,33,16,33
9,C,all_agents,,,40,6,10,24,6,0,0.2045141112812977,0.18026735550937917,0.6532755924384528,0.010907494486953013,31,19,0.475,0,0.0,0.0,32.525,245,,,,,,,,,,,,,,,,,,,,,,,,,,,
9,C,participants_only,,,30,6,0,24,6,0,0.21523535180100445,0.19116549854373585,0.6532755924384528,0.01192164723133652,31,19,0.6333333333333333,0,0.0,0.0,26.7,245,,,,,,,,,,,,,,,,,,,,,,,,,,,
9,C,nonparticipants_only,,,10,0,10,0,0,0,0.17235038972217753,0.16584959683352768,0.375565571002609,0.006485696274425675,0,0,0.0,0,0.0,0.0,50.0,0,,,,,,,,,,,,,,,,,,,,,,,,,,,
9,C,step_totals,,,,,,,,,,,,,,,,,,,,,90.00000000000006,20.0,0.22222222222222207,0.2,0.002222222222222221,0.0,0.0,59.0,0.6555555555555551,0.014730578085382856,0.03389830508474576,0.0,0,2,31,14,40,2,39,59,7.400000000000004,0.08222222222222221,3.400000000000001,0.037777777777777764,37,17,36
10,C,all_agents,,,40,7,10,23,7,0,0.20931374645951112,0.18073919635250107,0.6671445687409147,0.011229541865026501,35,19,0.475,0,0.0,0.0,32.5,272,,,,,,,,,,,,,,,,,,,,,,,,,,,
10,C,participants_only,,,30,7,0,23,7,0,0.22139706843441534,0.19250077384749018,0.6671445687409147,0.012310313037141925,35,19,0.6333333333333333,0,0.0,0.0,26.666666666666668,272,,,,,,,,,,,,,,,,,,,,,,,,,,,
10,C,nonparticipants_only,,,10,0,10,0,0,0,0.1730637805347985,0.1669848328327822,0.37368774314759595,0.006235148309289798,0,0,0.0,0,0.0,0.0,50.0,0,,,,,,,,,,,,,,,,,,,,,,,,,,,
10,C,step_totals,,,,,,,,,,,,,,,,,,,,,84.00000000000007,20.0,0.2380952380952379,,,0.0,0.0,54.0,0.6428571428571423,0.01550258347705232,0.07407407407407407,0.0,0,4,42,14,40,,37,54,6.200000000000003,0.07380952380952378,3.800000000000001,0.045238095238095216,31,19,33
10,C,reachability,0.475,0.0,,,,,,,,,,,,,,,,,,,,,,,,,,,,,,,,,,,,,,,,,,,,,
11,C,all_agents,,,40,9,10,21,9,0,0.21389046954170354,0.18434826048627218,0.6804587859912781,0.011645463820351778,38,19,0.475,0,0.0,0.0,32.125,296,,,,,,,,,,,,,,,,,,,,,,,,,,,
11,C,participants_only,,,30,9,0,21,9,0,0.22726386450038177,0.1951584410190143,0.6804587859912781,0.012812588792873177,38,19,0.6333333333333333,0,0.0,0.0,26.166666666666668,296,,,,,,,,,,,,,,,,,,,,,,,,,,,
11,C,nonparticipants_only,,,10,0,10,0,0,0,0.1737702846656689,0.16679226073200532,0.37181930443185796,0.005997916590137983,0,0,0.0,0,0.0,0.0,50.0,0,,,,,,,,,,,,,,,,,,,,,,,,,,,
11,C,step_totals,,,,,,,,,,,,,,,,,,,,,90.80000000000008,20.0,0.22026431718061654,,,0.0,0.0,60.0,0.6607929515418496,0.013760543845224743,0.05,0.0,0,3,32,14,40,,39,60,7.0000000000000036,0.07709251101321583,3.800000000000001,0.04185022026431715,35,19,38
12,C,all_agents,,,40,10,10,20,10,0,0.21866258733649285,0.18688023354312344,0.693240434551627,0.012308313923417032,44,21,0.525,0,0.0,0.0,32.15,328,,,,,,,,,,,,,,,,,,,,,,,,,,,
12,C,participants_only,,,30,10,0,20,10,0,0.2333931464397209,0.19496545168499746,0.693240434551627,0.013619841656445373,44,21,0.7,0,0.0,0.0,26.2,328,,,,,,,,,,,,,,,,,,,,,,,,,,,
12,C,nonparticipants_only,,,10,0,10,0,0,0,0.17447091002680867,0.16791819586802442,0.3699602079096987,0.005769858266407673,0,0,0.0,0,0.0,0.0,50.0,0,,,,,,,,,,,,,,,,,,,,,,,,,,,
12,C,step_totals,,,,,,,,,,,,,,,,,,,,,80.50000000000007,19.5,0.2422360248447203,,,0.0,0.0,51.0,0.6335403726708069,0.016166580720729438,0.11764705882352941,0.0,0,6,49,12,39,,36,51,6.200000000000003,0.07701863354037264,3.800000000000001,0.047204968944099354,31,19,35
13,C,all_agents,,,40,12,10,18,12,0,0.22343167131054884,0.1895827937743807,0.7055108171695619,0.012835073101509178,47,22,0.55,0,0.0,0.0,31.85,356,,,,,,,,,,,,,,,,,,,,,,,,,,,
13,C,participants_only,,,30,12,0,18,12,0,0.23952012880394077,0.1993427632105524,0.7055108171695619,0.01422855982079112,47,22,0.7333333333333333,0,0.0,0.0,25.8,356,,,,,,,,,,,,,,,,,,,,,,,,,,,
13,C,nonparticipants_only,,,10,0,10,0,0,0,0.17516629883037296,0.16711542380683111,0.3681104068701502,0.005548551369463196,0,0,0.0,0,0.0,0.0,50.0,0,,,,,,,,,,,,,,,,,,,,,,,,,,,
13,C,step_totals,,,,,,,,,,,,,,,,,,,,,89.80000000000008,20.0,0.22271714922048977,,,0.0,0.0,59.0,0.6570155902004449,0.014430673223480607,0.05084745762711865,0.0,0,3,32,13,40,,39,59,6.800000000000003,0.07572383073496657,4.000000000000001,0.04454342984409797,34,20,39
14,C,all_agents,,,40,16,10,14,16,0,0.22826700567970196,0.19065929272204235,0.7172903844827794,0.013679175421898507,51,22,0.55,0,0.0,0.0,31.975,392,,,,,,,,,,,,,,,,,,,,,,,,,,,
14,C,participants_only,,,30,16,0,14,16,0,0.24573736097022272,0.2020777704231867,0.7172903844827794,0.015239357002560466,51,22,0.7333333333333333,0,0.0,0.0,25.966666666666665,392,,,,,,,,,,,,,,,,,,,,,,,,,,,
14,C,nonparticipants_only,,,10,0,10,0,0,0,0.17585593980813968,0.16627984668779694,0.36626985483579944,0.005336070912188312,0,0,0.0,0,0.0,0.0,50.0,0,,,,,,,,,,,,,,,,,,,,,,,,,,,
14,C,step_totals,,,,,,,,,,,,,,,,,,,,,78.80000000000007,19.0,0.2411167512690353,,,0.0,0.0,50.0,0.6345177664974614,0.01672454755533337,0.08,0.0,0,4,50,13,38,,35,50,5.8000000000000025,0.07360406091370555,4.000000000000001,0.05076142131979692,29,20,34
15,C,all_agents,,,40,17,10,13,17,0,0.2328108830981198,0.19072619165191407,0.7285987691034682,0.014449673878129099,54,22,0.55,0,0.0,0.0,31.775,422,,,,,,,,,,,,,,,,,,,,,,,,,,,
15,C,participants_only,,,30,17,0,13,17,0,0.2515680763339673,0.2045141505826747,0.7285987691034682,0.01614737782893311,54,22,0.7333333333333333,0,0.0,0.0,25.7,422,,,,,,,,,,,,,,,,,,,,,,,,,,,
15,C,nonparticipants_only,,,10,0,10,0,0,0,0.17653930339057725,0.16544844745435797,0.36443850556162044,0.0051345744486739784,0,0,0.0,0,0.0,0.0,50.0,0,,,,,,,,,,,,,,,,,,,,,,,,,,,
15,C,step_totals,,,,,,,,,,,,,,,,,,,,,87.40000000000008,20.0,0.22883295194507988,,,0.0,0.0,57.0,0.6521739130434777,0.014262033539565839,0.05263157894736842,0.0,0,3,34,14,40,,39,57,6.200000000000003,0.0709382151029748,4.200000000000001,0.04805491990846679,31,21,41
16,C,all_agents,,,40,20,10,10,20,0,0.23722492750065488,0.19172716661954986,0.7394548183393295,0.015437959941764647,62,23,0.575,0,0.0,0.0,31.925,457,,,,,,,,,,,,,,,,,,,,,,,,,,,
16,C,participants_only,,,30,20,0,10,20,0,0.25722718988695403,0.2055047717201564,0.7394548183393295,0.017337884693542936,62,23,0.7666666666666667,0,0.0,0.0,25.9,457,,,,,,,,,,,,,,,,,,,,,,,,,,,
16,C,nonparticipants_only,,,10,0,10,0,0,0,0.1772181403417574,0.16462120521708618,0.3626163130338123,0.004937099679585483,0,0,0.0,0,0.0,0.0,50.0,0,,,,,,,,,,,,,,,,,,,,,,,,,,,
16,C,step_totals,,,,,,,,,,,,,,,,,,,,,77.50000000000009,18.5,0.2387096774193546,,,0.0,0.0,49.0,0.6322580645161283,0.015748845988965723,0.16326530612244897,0.0,0,8,51,13,37,,34,49,5.8000000000000025,0.0748387096774193,4.200000000000001,0.05419354838709673,29,21,34
17,C,all_agents,,,40,21,10,9,21,0,0.24150898836323706,0.191626487108499,0.7498766256057563,0.016257114378993093,67,24,0.6,0,0.0,0.0,31.7,486,,,,,,,,,,,,,,,,,,,,,,,,,,,
17,C,participants_only,,,30,21,0,9,21,0,0.2627150308927942,0.20782759213479812,0.7498766256057563,0.018294067885303286,67,24,0.8,0,0.0,0.0,25.6,486,,,,,,,,,,,,,,,,,,,,,,,,,,,
17,C,nonparticipants_only,,,10,0,10,0,0,0,0.1778908607745657,0.16379809919100075,0.36080323146864324,0.004749898982877894,0,0,0.0,0,0.0,0.0,50.0,0,,,,,,,,,,,,,,,,,,,,,,,,,,,
17,C,step_totals,,,,,,,,,,,,,,,,,,,,,87.60000000000007,20.0,0.22831050228310484,,,0.0,0.0,57.0,0.6506849315068488,0.013499119934425603,0.08771929824561403,0.0,0,5,34,14,40,,39,57,6.200000000000003,0.07077625570776254,4.400000000000001,0.05022831050228308,31,22,41
18,C,all_agents,,,40,22,10,8,22,0,0.24553859312367346,0.19507514004441812,0.759881560581526,0.01728442725585238,72,27,0.675,0,0.0,0.0,31.85,519,,,,,,,,,,,,,,,,,,,,,,,,,,,
18,C,participants_only,,,30,22,0,8,22,0,0.267865205529727,0.20979426146856006,0.759881560581526,0.019529307736870765,72,27,0.9,0,0.0,0.0,25.8,519,,,,,,,,,,,,,,,,,,,,,,,,,,,
18,C,nonparticipants_only,,,10,0,10,0,0,0,0.17855875590551293,0.16297910869504573,0.3589992153113,0.004568054354435513,0,0,0.0,0,0.0,0.0,50.0,0,,,,,,,,,,,,,,,,,,,,,,,,,,,
18,C,step_totals,,,,,,,,,,,,,,,,,,,,,77.90000000000008,18.5,0.23748395378690607,,,0.0,0.0,49.0,0.6290115532734268,0.014510085496909369,0.10204081632653061,0.0,0,5,51,12,37,,32,49,5.8000000000000025,0.07445442875481383,4.600000000000001,0.059050064184852334,29,23,33
19,C,all_agents,,,40,23,10,7,23,0,0.24994839124803553,0.1956351136573254,0.769486298158265,0.018214625833002467,79,28,0.7,0,0.0,0.0,31.625,552,,,,,,,,,,,,,,,,,,,,,,,,,,,
19,C,participants_only,,,30,23,0,7,23,0,0.2735242237265141,0.21346718864672765,0.769486298158265,0.020597797119260186,79,28,0.9333333333333333,0,0.0,0.0,25.5,552,,,,,,,,,,,,,,,,,,,,,,,,,,,
19,C,nonparticipants_only,,,10,0,10,0,0,0,0.17922089381259984,0.162233015563499,0.35720421923474355,0.004395273449589896,0,0,0.0,0,0.0,0.0,50.0,0,,,,,,,,,,,,,,,,,,,,,,,,,,,
19,C,step_totals,,,,,,,,,,,,,,,,,,,,,88.00000000000009,20.0,0.22727272727272704,,,0.0,0.0,57.0,0.6477272727272722,0.013797576509198078,0.12280701754385964,0.0,0,7,32,13,40,,38,57,5.8000000000000025,0.06590909090909088,5.200000000000002,0.059090909090909055,29,26,42
20,C,all_agents,,,40,23,10,7,22,1,0.2542863178373443,0.19738866683292444,0.7787068462319344,0.01946437013275278,84,28,0.7,0,0.0,0.0,31.8,592,,,,,,,,,,,,,,,,,,,,,,,,,,,
20,C,participants_only,,,30,23,0,7,22,1,0.27908902970830135,0.2152105906219794,0.7787068462319344,0.022082508378552478,84,28,0.9333333333333333,0,0.0,0.0,25.733333333333334,592,,,,,,,,,,,,,,,,,,,,,,,,,,,
20,C,nonparticipants_only,,,10,0,10,0,0,0,0.17987818222447316,0.1631850086439635,0.35541819813856984,0.004227861201509122,0,0,0.0,0,0.0,0.0,50.0,0,,,,,,,,,,,,,,,,,,,,,,,,,,,
20,C,step_totals,,,,,,,,,,,,,,,,,,,,,78.70000000000007,18.5,0.23506988564167702,,,0.0,0.0,49.0,0.6226175349428202,0.015327399743090735,0.10204081632653061,0.0,0,5,51,12,37,,31,49,5.8000000000000025,0.07369758576874202,5.400000000000002,0.06861499364675981,29,27,33
20,C,reachability,0.225,0.0,,,,,,,,,,,,,,,,,,,,,,,,,,,,,,,,,,,,,,,,,,,,,
21,C,all_agents,,,40,25,10,5,25,0,0.25864392021917476,0.2002633171945643,0.787558572382657,0.020486131498680192,92,29,0.725,0,0.0,0.0,31.6,627,,,,,,,,,,,,,,,,,,,,,,,,,,,
21,C,participants_only,,,30,25,0,5,25,0,0.28468199147882434,0.21694761443704322,0.787558572382657,0.023246414357947623,92,29,0.9666666666666667,0,0.0,0.0,25.466666666666665,627,,,,,,,,,,,,,,,,,,,,,,,,,,,
21,C,nonparticipants_only,,,10,0,10,0,0,0,0.1805297064402261,0.16440332117287676,0.353641107147877,0.004069509061806847,0,0,0.0,0,0.0,0.0,50.0,0,,,,,,,,,,,,,,,,,,,,,,,,,,,
21,C,step_totals,,,,,,,,,,,,,,,,,,,,,88.20000000000009,20.0,0.22675736961451223,,,0.0,0.0,57.0,0.6462585034013599,0.01364265508133181,0.14035087719298245,0.0,0,8,33,13,40,,39,57,5.600000000000002,0.06349206349206346,5.600000000000002,0.06349206349206346,28,28,41
22,C,all_agents,,,40,28,10,2,27,1,0.26288055218945244,0.20074823139945078,0.7960562294873508,0.02174391766616396,104,29,0.725,0,0.0,0.0,31.8,668,,,,,,,,,,,,,,,,,,,,,,,,,,,
22,C,participants_only,,,30,28,0,2,27,1,0.29011505146729477,0.22210049082835695,0.7960562294873508,0.024720274344431456,104,29,0.9666666666666667,0,0.0,0.0,25.733333333333334,668,,,,,,,,,,,,,,,,,,,,,,,,,,,
22,C,nonparticipants_only,,,10,0,10,0,0,0,0.18117705435592527,0.16532767009342741,0.35187290161213763,0.003914232220383901,0,0,0.0,0,0.0,0.0,50.0,0,,,,,,,,,,,,,,,,,,,,,,,,,,,
22,C,step_totals,,,,,,,,,,,,,,,,,,,,,78.90000000000009,18.5,0.23447401774397944,,,0.0,0.0,49.0,0.6210392902408104,0.015011523512047873,0.24489795918367346,0.0,0,12,51,11,37,,31,49,5.8000000000000025,0.07351077313054494,5.600000000000002,0.07097591888466408,29,28,33
23,C,all_agents,,,40,29,10,1,28,1,0.2673071332788652,0.20349658695702705,0.8042139803078567,0.022897103064370757,108,29,0.725,0,0.0,0.0,31.6,707,,,,,,,,,,,,,,,,,,,,,,,,,,,
23,C,participants_only,,,30,29,0,1,28,1,0.295803357628487,0.22664618958363114,0.8042139803078567,0.026025062222375234,108,29,0.9666666666666667,0,0.0,0.0,25.466666666666665,707,,,,,,,,,,,,,,,,,,,,,,,,,,,
23,C,nonparticipants_only,,,10,0,10,0,0,0,0.18181846022999976,0.16533237862198974,0.35011353710407694,0.003768807964149581,0,0,0.0,0,0.0,0.0,50.0,0,,,,,,,,,,,,,,,,,,,,,,,,,,,
23,C,step_totals,,,,,,,,,,,,,,,,,,,,,88.40000000000009,20.0,0.2262443438914025,,,0.0,0.0,57.0,0.6447963800904971,0.013816523650848818,0.07017543859649122,0.0,0,4,32,12,40,,38,57,5.600000000000002,0.06334841628959272,5.8000000000000025,0.06561085972850675,28,29,41
24,C,all_agents,,,40,29,10,1,28,1,0.27123225992751093,0.20490922744994855,0.8120454210955425,0.024238187267632213,113,29,0.725,0,0.0,0.0,31.8,748,,,,,,,,,,,,,,,,,,,,,,,,,,,
24,C,participants_only,,,30,29,0,1,28,1,0.3008246022046142,0.22646772398248038,0.8120454210955425,0.027605389946416158,113,29,0.9666666666666667,0,0.0,0.0,25.733333333333334,748,,,,,,,,,,,,,,,,,,,,,,,,,,,
24,C,nonparticipants_only,,,10,0,10,0,0,0,0.18245523309620093,0.16804456994209538,0.34836296941855655,0.003628098573937536,0,0,0.0,0,0.0,0.0,50.0,0,,,,,,,,,,,,,,,,,,,,,,,,,,,
24,C,step_totals,,,,,,,,,,,,,,,,,,,,,78.40000000000009,18.0,0.2295918367346936,,,0.0,0.0,49.0,0.6249999999999992,0.014184678350647153,0.10204081632653061,0.0,0,5,51,11,36,,31,49,5.8000000000000025,0.07397959183673464,5.600000000000002,0.07142857142857137,29,28,32
25,C,all_agents,,,40,30,10,0,29,1,0.27528893996512954,0.20779746239793495,0.8195636042517207,0.02536238128416082,116,29,0.725,0,0.0,0.0,31.6,785,,,,,,,,,,,,,,,,,,,,,,,,,,,
25,C,participants_only,,,30,30,0,0,29,1,0.30602287705256015,0.2321227912204311,0.8195636042517207,0.028873774841112115,116,29,0.9666666666666667,0,0.0,0.0,25.466666666666665,785,,,,,,,,,,,,,,,,,,,,,,,,,,,
25,C,nonparticipants_only,,,10,0,10,0,0,0,0.18308712870283772,0.16961490651637567,0.34662115457146375,0.0034933019465772292,0,0,0.0,0,0.0,0.0,50.0,0,,,,,,,,,,,,,,,,,,,,,,,,,,,
25,C,step_totals,,,,,,,,,,,,,,,,,,,,,88.2000000000001,20.0,0.2267573696145122,,,0.0,0.0,57.0,0.6462585034013598,0.01286634693442784,0.05263157894736842,0.0,0,3,31,13,40,,38,57,5.400000000000002,0.06122448979591832,5.8000000000000025,0.06575963718820857,27,29,41
26,C,all_agents,,,40,30,10,0,29,1,0.27896290737999446,0.2093491185193606,0.8267810600816519,0.026760197153742175,119,30,0.75,0,0.0,0.0,31.75,826,,,,,,,,,,,,,,,,,,,,,,,,,,,
26,C,participants_only,,,30,30,0,0,29,1,0.3107124724520188,0.23096217726432894,0.8267810600816519,0.030526778247714936,119,30,1.0,0,0.0,0.0,25.666666666666668,826,,,,,,,,,,,,,,,,,,,,,,,,,,,
26,C,nonparticipants_only,,,10,0,10,0,0,0,0.1837142121639217,0.17155736721769485,0.3448880487986064,0.0033640352846714466,0,0,0.0,0,0.0,0.0,50.0,0,,,,,,,,,,,,,,,,,,,,,,,,,,,
26,C,step_totals,,,,,,,,,,,,,,,,,,,,,78.90000000000009,17.5,0.22179974651457515,,,0.0,0.0,50.0,0.6337135614702147,0.01334897873906226,0.06,0.0,0,3,51,11,35,,31,50,5.8000000000000025,0.07351077313054494,5.600000000000002,0.07097591888466408,29,28,32
27,C,all_agents,,,40,30,10,0,29,1,0.282866242643787,0.21056957307174745,0.8337098176783858,0.02785782099824067,131,30,0.75,0,0.0,0.0,31.55,863,,,,,,,,,,,,,,,,,,,,,,,,,,,
27,C,participants_only,,,30,30,0,0,29,1,0.3157095628598048,0.23504054305740177,0.8337098176783858,0.03174862874249169,131,30,1.0,0,0.0,0.0,25.4,863,,,,,,,,,,,,,,,,,,,,,,,,,,,
27,C,nonparticipants_only,,,10,0,10,0,0,0,0.18433628199573385,0.1729607426611997,0.34316360855461336,0.0032411935717450734,0,0,0.0,0,0.0,0.0,50.0,0,,,,,,,,,,,,,,,,,,,,,,,,,,,
27,C,step_totals,,,,,,,,,,,,,,,,,,,,,88.40000000000009,20.0,0.2262443438914025,,,0.0,0.0,57.0,0.6447963800904971,0.012445063126741153,0.21052631578947367,0.0,0,12,31,13,40,,38,57,5.400000000000002,0.061085972850678696,6.000000000000003,0.06787330316742078,27,30,41
28,C,all_agents,,,40,30,10,0,28,2,0.2861190854723875,0.21366743588341036,0.8403614249712503,0.02912593728513411,136,30,0.75,0,0.0,0.0,31.7,900,,,,,,,,,,,,,,,,,,,,,,,,,,,
28,C,participants_only,,,30,30,0,0,28,2,0.3198408280094637,0.23386534034211476,0.8403614249712503,0.03324502140921329,136,30,1.0,0,0.0,0.0,25.6,900,,,,,,,,,,,,,,,,,,,,,,,,,,,
28,C,nonparticipants_only,,,10,0,10,0,0,0,0.18495385786115887,0.17520838040037356,0.3414477905118403,0.003122813876054296,0,0,0.0,0,0.0,0.0,50.0,0,,,,,,,,,,,,,,,,,,,,,,,,,,,
28,C,step_totals,,,,,,,,,,,,,,,,,,,,,78.40000000000008,17.0,0.21683673469387735,,,0.0,0.0,50.0,0.6377551020408156,0.012191106576353377,0.1,0.0,0,5,50,12,34,,31,50,5.600000000000002,0.07142857142857138,5.8000000000000025,0.07397959183673465,28,29,32
29,C,all_agents,,,40,30,10,0,28,2,0.28965749847470995,0.21523062407416677,0.8467469679724003,0.03019290352451724,140,30,0.75,0,0.0,0.0,31.5,935,,,,,,,,,,,,,,,,,,,,,,,,,,,
29,C,participants_only,,,30,30,0,0,28,2,0.3243543045629854,0.2385193980018347,0.8467469679724003,0.034438930971802915,140,30,1.0,0,0.0,0.0,25.333333333333332,935,,,,,,,,,,,,,,,,,,,,,,,,,,,
29,C,nonparticipants_only,,,10,0,10,0,0,0,0.1855670802098837,0.17829739298334904,0.3397405515592811,0.0030084009499315675,0,0,0.0,0,0.0,0.0,50.0,0,,,,,,,,,,,,,,,,,,,,,,,,,,,
29,C,step_totals,,,,,,,,,,,,,,,,,,,,,88.60000000000011,20.0,0.22573363431151214,,,0.0,0.0,57.0,0.6433408577878096,0.01145255972455481,0.07017543859649122,0.0,0,4,31,12,40,,38,57,5.600000000000002,0.06320541760722342,6.000000000000003,0.06772009029345367,28,30,41
30,C,all_agents,,,40,30,10,0,28,2,0.29286449521409524,0.21718287864165803,0.8528770892535044,0.03153580241891927,147,30,0.75,0,0.0,0.0,31.65,975,,,,,,,,,,,,,,,,,,,,,,,,,,,
30,C,participants_only,,,30,30,0,0,28,2,0.32842748102499936,0.23732680101182552,0.8528770892535044,0.03602229937236985,147,30,1.0,0,0.0,0.0,25.533333333333335,975,,,,,,,,,,,,,,,,,,,,,,,,,,,
30,C,nonparticipants_only,,,10,0,10,0,0,0,0.18617553778138288,0.18033338946678062,0.3380418488014847,0.0028996000411287185,0,0,0.0,0,0.0,0.0,50.0,0,,,,,,,,,,,,,,,,,,,,,,,,,,,
30,C,step_totals,,,,,,,,,,,,,,,,,,,,,77.90000000000008,16.5,0.21181001283697026,,,0.0,0.0,50.0,0.6418485237483947,0.012174549827448767,0.14,0.0,0,7,50,12,33,,31,50,5.600000000000002,0.07188703465982024,5.8000000000000025,0.07445442875481383,28,29,31
30,C,reachability,0.25,0.0,,,,,,,,,,,,,,,,,,,,,,,,,,,,,,,,,,,,,,,,,,,,,
31,C,all_agents,,,40,30,10,0,28,2,0.2961052458586293,0.21945502985506,0.8587620056833641,0.03253944643779389,148,30,0.75,0,0.0,0.0,31.45,1008,,,,,,,,,,,,,,,,,,,,,,,,,,,
31,C,participants_only,,,30,30,0,0,28,2,0.33254738243214316,0.2378634662623457,0.8587620056833641,0.03714117714760167,148,30,1.0,0,0.0,0.0,25.266666666666666,1008,,,,,,,,,,,,,,,,,,,,,,,,,,,
31,C,nonparticipants_only,,,10,0,10,0,0,0,0.18677883613808763,0.18170107003782104,0.33635163955747727,0.0027979024918588966,0,0,0.0,0,0.0,0.0,50.0,0,,,,,,,,,,,,,,,,,,,,,,,,,,,
31,C,step_totals,,,,,,,,,,,,,,,,,,,,,88.1000000000001,19.5,0.22133938706015868,,,0.0,0.0,57.0,0.6469920544835407,0.010739867994185375,0.017543859649122806,0.0,0,1,31,12,39,,38,57,5.600000000000002,0.06356413166855841,6.000000000000003,0.06810442678774116,28,30,41
32,C,all_agents,,,40,30,10,0,28,2,0.29910771231851696,0.22095286161303668,0.8644115254560296,0.03387584025170263,153,30,0.75,0,0.0,0.0,31.6,1049,,,,,,,,,,,,,,,,,,,,,,,,,,,
32,C,participants_only,,,30,30,0,0,28,2,0.3363508984228202,0.23667414893103397,0.8644115254560296,0.0387199317974099,153,30,1.0,0,0.0,0.0,25.466666666666665,1049,,,,,,,,,,,,,,,,,,,,,,,,,,,
32,C,nonparticipants_only,,,10,0,10,0,0,0,0.18737815400560723,0.1847286877234567,0.3346698813596899,0.002698906680183613,0,0,0.0,0,0.0,0.0,50.0,0,,,,,,,,,,,,,,,,,,,,,,,,,,,
32,C,step_totals,,,,,,,,,,,,,,,,,,,,,76.90000000000008,15.5,0.20156046814044193,,,0.0,0.0,50.0,0.6501950585175547,0.011746737884887302,0.1,0.0,0,5,50,12,31,,31,50,5.600000000000002,0.07282184655396615,5.8000000000000025,0.07542262678803636,28,29,31
33,C,all_agents,,,40,30,10,0,28,2,0.30272973318863744,0.22263380767184648,0.8698350644377885,0.034946419458767614,161,30,0.75,0,0.0,0.0,31.4,1090,,,,,,,,,,,,,,,,,,,,,,,,,,,
33,C,participants_only,,,30,30,0,0,28,2,0.3409818718895129,0.24153817783097217,0.8698350644377885,0.03987453743521377,161,30,1.0,0,0.0,0.0,25.2,1090,,,,,,,,,,,,,,,,,,,,,,,,,,,
33,C,nonparticipants_only,,,10,0,10,0,0,0,0.18797331708601112,0.18587269420601105,0.3329965319528914,0.002603352147136989,0,0,0.0,0,0.0,0.0,50.0,0,,,,,,,,,,,,,,,,,,,,,,,,,,,
33,C,step_totals,,,,,,,,,,,,,,,,,,,,,87.6000000000001,19.0,0.21689497716894954,,,0.0,0.0,57.0,0.6506849315068486,0.011883562852699972,0.14035087719298245,0.0,0,8,31,12,38,,38,57,5.600000000000002,0.06392694063926936,6.000000000000003,0.06849315068493146,28,30,41
34,C,all_agents,,,40,30,10,0,28,2,0.30560167966173424,0.2250933062729332,0.8750416618602769,0.03621052755268803,166,30,0.75,0,0.0,0.0,31.6,1131,,,,,,,,,,,,,,,,,,,,,,,,,,,
34,C,participants_only,,,30,30,0,0,28,2,0.34461419861194864,0.2406130542141519,0.8750416618602769,0.04135544560633765,166,30,1.0,0,0.0,0.0,25.466666666666665,1131,,,,,,,,,,,,,,,,,,,,,,,,,,,
34,C,nonparticipants_only,,,10,0,10,0,0,0,0.18856412281109106,0.1870708811042415,0.33133154929312697,0.002512053773649105,0,0,0.0,0,0.0,0.0,50.0,0,,,,,,,,,,,,,,,,,,,,,,,,,,,
34,C,step_totals,,,,,,,,,,,,,,,,,,,,,76.6000000000001,16.0,0.2088772845953,,,0.0,0.0,49.0,0.6396866840731062,0.01143460800795214,0.10204081632653061,0.0,0,5,50,12,32,,32,49,5.600000000000002,0.07310704960835503,6.000000000000003,0.07832898172323753,28,30,32
35,C,all_agents,,,40,30,10,0,27,3,0.30881615964317033,0.22692538483039898,0.8800399953858657,0.03725496875434376,172,30,0.75,0,0.0,0.0,31.4,1170,,,,,,,,,,,,,,,,,,,,,,,,,,,
35,C,participants_only,,,30,30,0,0,27,3,0.34870474679240765,0.24427925325348995,0.8800399953858657,0.042500307837406444,172,30,1.0,0,0.0,0.0,25.2,1170,,,,,,,,,,,,,,,,,,,,,,,,,,,
35,C,nonparticipants_only,,,10,0,10,0,0,0,0.18915039819545867,0.18868783062909045,0.32967489154666135,0.0024257588880082,0,0,0.0,0,0.0,0.0,50.0,0,,,,,,,,,,,,,,,,,,,,,,,,,,,
35,C,step_totals,,,,,,,,,,,,,,,,,,,,,86.40000000000009,18.0,0.20833333333333312,,,0.0,0.0,57.0,0.6597222222222215,0.010964510476251119,0.10526315789473684,0.0,0,6,28,13,36,,36,57,5.400000000000002,0.06249999999999996,6.000000000000003,0.0694444444444444,27,30,41
36,C,all_agents,,,40,30,10,0,27,3,0.31150315511195426,0.22940418466552187,0.8848383955704311,0.038456805178304784,176,30,0.75,0,0.0,0.0,31.6,1210,,,,,,,,,,,,,,,,,,,,,,,,,,,
36,C,participants_only,,,30,30,0,0,27,3,0.3520932685730688,0.24629327544780893,0.8848383955704311,0.0439048859051091,176,30,1.0,0,0.0,0.0,25.466666666666665,1210,,,,,,,,,,,,,,,,,,,,,,,,,,,
36,C,nonparticipants_only,,,10,0,10,0,0,0,0.1897328147286107,0.19046287378822824,0.32802651708892805,0.0023418752684580247,0,0,0.0,0,0.0,0.0,50.0,0,,,,,,,,,,,,,,,,,,,,,,,,,,,
36,C,step_totals,,,,,,,,,,,,,,,,,,,,,76.40000000000009,16.0,0.20942408376963326,,,0.0,0.0,49.0,0.6413612565445018,0.010913399398713455,0.08163265306122448,0.0,0,4,49,13,32,,32,49,5.400000000000002,0.07068062827225126,6.000000000000003,0.07853403141361251,27,30,32
37,C,all_agents,,,40,30,10,0,24,6,0.31481561187940943,0.23058658226852424,0.8894448597476139,0.039459186120679085,182,30,0.75,0,0.0,0.0,31.4,1252,,,,,,,,,,,,,,,,,,,,,,,,,,,
37,C,participants_only,,,30,30,0,0,24,6,0.35631716694950455,0.24935038858094372,0.8894448597476139,0.04496867738320246,182,30,1.0,0,0.0,0.0,25.2,1252,,,,,,,,,,,,,,,,,,,,,,,,,,,
37,C,nonparticipants_only,,,10,0,10,0,0,0,0.19031094666912426,0.1911926608007905,0.3263863845034834,0.0022621634542753745,0,0,0.0,0,0.0,0.0,50.0,0,,,,,,,,,,,,,,,,,,,,,,,,,,,
37,C,step_totals,,,,,,,,,,,,,,,,,,,,,85.70000000000009,17.5,0.2042007001166859,,,0.0,0.0,57.0,0.665110851808634,0.011363310529155153,0.10526315789473684,0.0,0,6,27,14,35,,34,57,5.200000000000002,0.06067677946324383,6.000000000000003,0.0700116686114352,26,30,39
38,C,all_agents,,,40,30,10,0,24,6,0.3174704902895501,0.2320584044159461,0.8938670653577093,0.04068864868762363,189,30,0.75,0,0.0,0.0,31.6,1295,,,,,,,,,,,,,,,,,,,,,,,,,,,
38,C,participants_only,,,30,30,0,0,24,6,0.35966558299338913,0.24949297286339964,0.8938670653577093,0.04640146612952445,189,30,1.0,0,0.0,0.0,25.466666666666665,1295,,,,,,,,,,,,,,,,,,,,,,,,,,,
38,C,nonparticipants_only,,,10,0,10,0,0,0,0.1908852121780328,0.19233641094670156,0.32475445258096597,0.0021850861824942967,0,0,0.0,0,0.0,0.0,50.0,0,,,,,,,,,,,,,,,,,,,,,,,,,,,
38,C,step_totals,,,,,,,,,,,,,,,,,,,,,75.90000000000008,15.5,0.20421607378129097,,,0.0,0.0,49.0,0.6455862977602101,0.010927956371931715,0.14285714285714285,0.0,0,7,49,13,31,,31,49,5.400000000000002,0.07114624505928849,6.000000000000003,0.07905138339920945,27,30,32
39,C,all_agents,,,40,30,10,0,24,6,0.32030299121067635,0.23367319604510772,0.898112382743401,0.04166182531948692,193,30,0.75,0,0.0,0.0,31.4,1334,,,,,,,,,,,,,,,,,,,,,,,,,,,
39,C,participants_only,,,30,30,0,0,24,6,0.363252189247317,0.25396507655906253,0.898112382743401,0.04746675102758947,193,30,1.0,0,0.0,0.0,25.2,1334,,,,,,,,,,,,,,,,,,,,,,,,,,,
39,C,nonparticipants_only,,,10,0,10,0,0,0,0.1914553971007545,0.19391317475926273,0.32313068031806114,0.0021114448512923913,0,0,0.0,0,0.0,0.0,50.0,0,,,,,,,,,,,,,,,,,,,,,,,,,,,
39,C,step_totals,,,,,,,,,,,,,,,,,,,,,84.5000000000001,16.5,0.1952662721893489,,,0.0,0.0,57.0,0.6745562130177507,0.01020953520026146,0.07017543859649122,0.0,0,4,26,15,33,,33,57,5.000000000000002,0.05917159763313604,6.000000000000003,0.07100591715976326,25,30,39
40,C,all_agents,,,40,30,10,0,24,6,0.3226988936244014,0.23443650941967448,0.902187887433665,0.0428207887379255,196,30,0.75,0,0.0,0.0,31.6,1375,,,,,,,,,,,,,,,,,,,,,,,,,,,
40,C,participants_only,,,30,30,0,0,24,6,0.3662577990370487,0.2557630529190918,0.902187887433665,0.0488252441879169,196,30,1.0,0,0.0,0.0,25.466666666666665,1375,,,,,,,,,,,,,,,,,,,,,,,,,,,
40,C,nonparticipants_only,,,10,0,10,0,0,0,0.19202217738645988,0.1956442396731889,0.3215150269164708,0.0020388834989759548,0,0,0.0,0,0.0,0.0,50.0,0,,,,,,,,,,,,,,,,,,,,,,,,,,,
40,C,step_totals,,,,,,,,,,,,,,,,,,,,,75.70000000000007,15.5,0.2047556142668426,,,0.0,0.0,49.0,0.647291941875825,0.010163186010009368,0.061224489795918366,0.0,0,3,48,14,31,,31,49,5.200000000000002,0.06869220607661819,6.000000000000003,0.0792602377807133,26,30,31
40,C,reachability,0.25,0.0,,,,,,,,,,,,,,,,,,,,,,,,,,,,,,,,,,,,,,,,,,,,,
41,C,all_agents,,,40,30,10,0,23,7,0.3253084475701164,0.2354756487008259,0.9061003719363183,0.043743006346458224,201,30,0.75,0,0.0,0.0,31.4,1412,,,,,,,,,,,,,,,,,,,,,,,,,,,
41,C,participants_only,,,30,30,0,0,23,7,0.369549815142565,0.25872443600885886,0.9061003719363183,0.049837549383214115,201,30,1.0,0,0.0,0.0,25.2,1412,,,,,,,,,,,,,,,,,,,,,,,,,,,
41,C,nonparticipants_only,,,10,0,10,0,0,0,0.19258434485277062,0.1972149315343431,0.31990745178188845,0.0019717939800244833,0,0,0.0,0,0.0,0.0,50.0,0,,,,,,,,,,,,,,,,,,,,,,,,,,,
41,C,step_totals,,,,,,,,,,,,,,,,,,,,,84.30000000000008,16.5,0.19572953736654786,,,0.0,0.0,57.0,0.6761565836298926,0.009619431232744856,0.08771929824561403,0.0,0,5,25,16,33,,33,57,4.800000000000002,0.05693950177935939,6.000000000000003,0.07117437722419925,24,30,39
42,C,all_agents,,,40,30,10,0,23,7,0.3276909344782312,0.23656338907540797,0.9098563570588656,0.04482621807167232,208,30,0.75,0,0.0,0.0,31.6,1454,,,,,,,,,,,,,,,,,,,,,,,,,,,
42,C,participants_only,,,30,30,0,0,23,7,0.37254031263351756,0.26361433996507627,0.9098563570588656,0.05108676514379914,208,30,1.0,0,0.0,0.0,25.466666666666665,1454,,,,,,,,,,,,,,,,,,,,,,,,,,,
42,C,nonparticipants_only,,,10,0,10,0,0,0,0.19314280001237233,0.19806126755611758,0.318307914522979,0.0019069762043014045,0,0,0.0,0,0.0,0.0,50.0,0,,,,,,,,,,,,,,,,,,,,,,,,,,,
42,C,step_totals,,,,,,,,,,,,,,,,,,,,,75.50000000000009,15.5,0.20529801324503288,,,0.0,0.0,49.0,0.6490066225165556,0.010172418421256043,0.14285714285714285,0.0,0,7,47,15,31,,31,49,5.000000000000002,0.06622516556291386,6.000000000000003,0.07947019867549664,25,30,31
43,C,all_agents,,,40,30,10,0,23,7,0.3305242031074273,0.23872267988461046,0.913462102776511,0.0457324060199815,217,30,0.75,0,0.0,0.0,31.4,1496,,,,,,,,,,,,,,,,,,,,,,,,,,,
43,C,participants_only,,,30,30,0,0,23,7,0.3761331349568432,0.2687909802960299,0.913462102776511,0.05204083157917918,217,30,1.0,0,0.0,0.0,25.2,1496,,,,,,,,,,,,,,,,,,,,,,,,,,,
43,C,nonparticipants_only,,,10,0,10,0,0,0,0.1936974075591796,0.20044141686560063,0.31671637495036414,0.001845033369052492,0,0,0.0,0,0.0,0.0,50.0,0,,,,,,,,,,,,,,,,,,,,,,,,,,,
43,C,step_totals,,,,,,,,,,,,,,,,,,,,,83.40000000000008,16.0,0.19184652278177441,,,0.0,0.0,57.0,0.6834532374100714,0.010400969827958819,0.15789473684210525,0.0,0,9,23,18,32,,32,57,4.400000000000001,0.05275779376498797,6.000000000000003,0.07194244604316544,22,30,38
44,C,all_agents,,,40,30,10,0,23,7,0.33262604329490386,0.23874257999855575,0.9169236186654506,0.04678892857274639,219,30,0.75,0,0.0,0.0,31.6,1537,,,,,,,,,,,,,,,,,,,,,,,,,,,
44,C,participants_only,,,30,30,0,0,23,7,0.3787518346744923,0.26761583895417485,0.9169236186654506,0.05328020016501915,219,30,1.0,0,0.0,0.0,25.466666666666665,1537,,,,,,,,,,,,,,,,,,,,,,,,,,,
44,C,nonparticipants_only,,,10,0,10,0,0,0,0.19424866915613856,0.20152042325164737,0.3151327930756123,0.0017840502312083412,0,0,0.0,0,0.0,0.0,50.0,0,,,,,,,,,,,,,,,,,,,,,,,,,,,
44,C,step_totals,,,,,,,,,,,,,,,,,,,,,75.00000000000007,15.0,0.19999999999999982,,,0.0,0.0,49.0,0.6533333333333328,0.009391221553313135,0.04081632653061224,0.0,0,2,47,15,30,,31,49,5.000000000000002,0.06666666666666662,6.000000000000003,0.07999999999999996,25,30,31
45,C,all_agents,,,40,30,10,0,23,7,0.33539073221818183,0.2389263992422295,0.9202466739188325,0.047744439150020565,225,30,0.75,0,0.0,0.0,31.4,1582,,,,,,,,,,,,,,,,,,,,,,,,,,,
45,C,participants_only,,,30,30,0,0,23,7,0.38225571911639317,0.266770129497772,0.9202466739188325,0.05429822805014571,225,30,1.0,0,0.0,0.0,25.2,1582,,,,,,,,,,,,,,,,,,,,,,,,,,,
45,C,nonparticipants_only,,,10,0,10,0,0,0,0.19479577152354796,0.20228495898736376,0.31355712911023426,0.001727148486010922,0,0,0.0,0,0.0,0.0,50.0,0,,,,,,,,,,,,,,,,,,,,,,,,,,,
45,C,step_totals,,,,,,,,,,,,,,,,,,,,,81.70000000000007,14.5,0.17747858017135848,,,0.0,0.0,57.0,0.6976744186046505,0.01048499573650479,0.10526315789473684,0.0,0,6,21,20,29,,32,57,4.200000000000001,0.05140758873929005,6.000000000000003,0.0734394124847001,21,30,38
46,C,all_agents,,,40,30,10,0,23,7,0.33735771423246685,0.24030568265191504,0.9234368069620792,0.04871109194797355,233,30,0.75,0,0.0,0.0,31.6,1621,,,,,,,,,,,,,,,,,,,,,,,,,,,
46,C,participants_only,,,30,30,0,0,23,7,0.38469710726728246,0.267422807141242,0.9234368069620792,0.055426925369911936,233,30,1.0,0,0.0,0.0,25.466666666666665,1621,,,,,,,,,,,,,,,,,,,,,,,,,,,
46,C,nonparticipants_only,,,10,0,10,0,0,0,0.19533953512801985,0.20302962597138224,0.3119893434646831,0.0016713740873013653,0,0,0.0,0,0.0,0.0,50.0,0,,,,,,,,,,,,,,,,,,,,,,,,,,,
46,C,step_totals,,,,,,,,,,,,,,,,,,,,,75.00000000000009,15.0,0.19999999999999976,,,0.0,0.0,49.0,0.6533333333333325,0.00898945680223816,0.16326530612244897,0.0,0,8,47,15,30,,31,49,5.000000000000002,0.06666666666666661,6.000000000000003,0.07999999999999995,25,30,31
47,C,all_agents,,,40,30,10,0,23,7,0.3397023513671196,0.2412224612962754,0.926499334683596,0.04953035712209238,239,30,0.75,0,0.0,0.0,31.4,1661,,,,,,,,,,,,,,,,,,,,,,,,,,,
47,C,participants_only,,,30,30,0,0,23,7,0.38764318304026335,0.2697595191697272,0.926499334683596,0.05630814694161941,239,30,1.0,0,0.0,0.0,25.2,1661,,,,,,,,,,,,,,,,,,,,,,,,,,,
47,C,nonparticipants_only,,,10,0,10,0,0,0,0.19587985634768848,0.20440943535858377,0.3104293967473597,0.0016171075653589094,0,0,0.0,0,0.0,0.0,50.0,0,,,,,,,,,,,,,,,,,,,,,,,,,,,
47,C,step_totals,,,,,,,,,,,,,,,,,,,,,81.70000000000007,14.5,0.17747858017135848,,,0.0,0.0,57.0,0.6976744186046505,0.0092696971857347,0.10526315789473684,0.0,0,6,21,20,29,,32,57,4.200000000000001,0.05140758873929005,6.000000000000003,0.0734394124847001,21,30,38
48,C,all_agents,,,40,30,10,0,23,7,0.34166562207962187,0.2417977320460269,0.9294393612962522,0.05049600015747946,244,30,0.75,0,0.0,0.0,31.6,1703,,,,,,,,,,,,,,,,,,,,,,,,,,,
48,C,participants_only,,,30,30,0,0,23,7,0.39008199006320027,0.27122869412665085,0.9294393612962522,0.057429663086213514,244,30,1.0,0,0.0,0.0,25.466666666666665,1703,,,,,,,,,,,,,,,,,,,,,,,,,,,
48,C,nonparticipants_only,,,10,0,10,0,0,0,0.19641651812888694,0.2056250333920014,0.3088772497636229,0.0015652751066220897,0,0,0.0,0,0.0,0.0,50.0,0,,,,,,,,,,,,,,,,,,,,,,,,,,,
48,C,step_totals,,,,,,,,,,,,,,,,,,,,,75.00000000000009,15.0,0.19999999999999976,,,0.0,0.0,49.0,0.6533333333333325,0.009003383941301893,0.10204081632653061,0.0,0,5,47,15,30,,31,49,5.000000000000002,0.06666666666666661,6.000000000000003,0.07999999999999995,25,30,31
49,C,all_agents,,,40,30,10,0,23,7,0.34386255457979387,0.24098655867796354,0.9322617868444021,0.05130127909349181,252,30,0.75,0,0.0,0.0,31.4,1742,,,,,,,,,,,,,,,,,,,,,,,,,,,
49,C,participants_only,,,30,30,0,0,23,7,0.3928337141873699,0.2708576816832512,0.9322617868444021,0.058303175648924,252,30,1.0,0,0.0,0.0,25.2,1742,,,,,,,,,,,,,,,,,,,,,,,,,,,
49,C,nonparticipants_only,,,10,0,10,0,0,0,0.19694907575706574,0.20637470126867152,0.30733286351480477,0.0015174957474670227,0,0,0.0,0,0.0,0.0,50.0,0,,,,,,,,,,,,,,,,,,,,,,,,,,,
49,C,step_totals,,,,,,,,,,,,,,,,,,,,,81.20000000000007,14.0,0.17241379310344812,,,0.0,0.0,57.0,0.701970443349753,0.008922134274174534,0.14035087719298245,0.0,0,8,19,21,28,,32,57,4.200000000000001,0.05172413793103445,6.000000000000003,0.07389162561576351,21,30,37
50,C,all_agents,,,40,30,10,0,22,8,0.34570730771874736,0.24184987408568925,0.934971315370626,0.052260618781332153,258,30,0.75,0,0.0,0.0,31.6,1785,,,,,,,,,,,,,,,,,,,,,,,,,,,
50,C,participants_only,,,30,30,0,0,22,8,0.3951169654099548,0.2703789511498318,0.934971315370626,0.059425259386388554,258,30,1.0,0,0.0,0.0,25.466666666666665,1785,,,,,,,,,,,,,,,,,,,,,,,,,,,
50,C,nonparticipants_only,,,10,0,10,0,0,0,0.19747833464512515,0.20724142123003714,0.3057961991972307,0.0014709256882154606,0,0,0.0,0,0.0,0.0,50.0,0,,,,,,,,,,,,,,,,,,,,,,,,,,,
50,C,step_totals,,,,,,,,,,,,,,,,,,,,,74.00000000000009,14.0,0.18918918918918898,,,0.0,0.0,49.0,0.6621621621621614,0.008796943276555183,0.12244897959183673,0.0,0,6,47,15,28,,31,49,5.000000000000002,0.06756756756756752,6.000000000000003,0.08108108108108103,25,30,31
50,C,reachability,0.25,0.0,,,,,,,,,,,,,,,,,,,,,,,,,,,,,,,,,,,,,,,,,,,,,
51,C,all_agents,,,40,30,10,0,21,9,0.3479634847070806,0.2421359533907829,0.937572462755801,0.05303517994033975,265,30,0.75,0,0.0,0.0,31.4,1826,,,,,,,,,,,,,,,,,,,,,,,,,,,
51,C,participants_only,,,30,30,0,0,21,9,0.39794981692753634,0.2737516093563433,0.937572462755801,0.06024408509517608,265,30,1.0,0,0.0,0.0,25.2,1826,,,,,,,,,,,,,,,,,,,,,,,,,,,
51,C,nonparticipants_only,,,10,0,10,0,0,0,0.19800448804571333,0.20882518306411335,0.3042672182012446,0.0014248635695854946,0,0,0.0,0,0.0,0.0,50.0,0,,,,,,,,,,,,,,,,,,,,,,,,,,,
51,C,step_totals,,,,,,,,,,,,,,,,,,,,,80.00000000000007,13.0,0.16249999999999987,,,0.0,0.0,57.0,0.7124999999999994,0.00927687412117539,0.12280701754385964,0.0,0,7,18,23,26,,32,57,4.000000000000001,0.04999999999999997,6.000000000000003,0.07499999999999997,20,30,37
52,C,all_agents,,,40,30,10,0,21,9,0.34962254338208637,0.2417989960487692,0.940069564245569,0.053926493577805844,273,30,0.75,0,0.0,0.0,31.6,1867,,,,,,,,,,,,,,,,,,,,,,,,,,,
52,C,participants_only,,,30,30,0,0,21,9,0.39998760405981093,0.2727362072278549,0.940069564245569,0.06129542579607767,273,30,1.0,0,0.0,0.0,25.466666666666665,1867,,,,,,,,,,,,,,,,,,,,,,,,,,,
52,C,nonparticipants_only,,,10,0,10,0,0,0,0.19852736134891275,0.21043074352484162,0.30274588211023834,0.001380024878139854,0,0,0.0,0,0.0,0.0,50.0,0,,,,,,,,,,,,,,,,,,,,,,,,,,,
52,C,step_totals,,,,,,,,,,,,,,,,,,,,,74.00000000000006,14.0,0.18918918918918903,,,0.0,0.0,49.0,0.6621621621621616,0.008222234722342882,0.16326530612244897,0.0,0,8,47,15,28,,31,49,5.000000000000002,0.06756756756756754,6.000000000000003,0.08108108108108106,25,30,31
53,C,all_agents,,,40,30,10,0,19,11,0.35175413230033803,0.24182664682594573,0.9424667816757463,0.054715331169802095,285,30,0.75,0,0.0,0.0,31.4,1910,,,,,,,,,,,,,,,,,,,,,,,,,,,
53,C,participants_only,,,30,30,0,0,19,11,0.40265671692281113,0.2733751662029479,0.9424667816757463,0.06214330360459129,285,30,1.0,0,0.0,0.0,25.2,1910,,,,,,,,,,,,,,,,,,,,,,,,,,,
53,C,nonparticipants_only,,,10,0,10,0,0,0,0.19904637843291859,0.21118671272484496,0.3012321526996872,0.0013385364104580514,0,0,0.0,0,0.0,0.0,50.0,0,,,,,,,,,,,,,,,,,,,,,,,,,,,
53,C,step_totals,,,,,,,,,,,,,,,,,,,,,80.00000000000007,13.0,0.16249999999999987,,,0.0,0.0,57.0,0.7124999999999994,0.008918888443706615,0.21052631578947367,0.0,0,12,18,23,26,,32,57,4.000000000000001,0.04999999999999997,6.000000000000003,0.07499999999999997,20,30,37
54,C,all_agents,,,40,30,10,0,20,10,0.35330189808941653,0.2425505704452809,0.9447681104087164,0.05553240465106257,291,30,0.75,0,0.0,0.0,31.6,1950,,,,,,,,,,,,,,,,,,,,,,,,,,,
54,C,participants_only,,,30,30,0,0,20,10,0.4045485654909976,0.27200829037193314,0.9447681104087164,0.06310525721123218,291,30,1.0,0,0.0,0.0,25.466666666666665,1950,,,,,,,,,,,,,,,,,,,,,,,,,,,
54,C,nonparticipants_only,,,10,0,10,0,0,0,0.19956189588467318,0.21161119165618686,0.29972599193618876,0.001299195933334405,0,0,0.0,0,0.0,0.0,50.0,0,,,,,,,,,,,,,,,,,,,,,,,,,,,
54,C,step_totals,,,,,,,,,,,,,,,,,,,,,73.50000000000007,13.5,0.18367346938775492,,,0.0,0.0,49.0,0.6666666666666661,0.00795757295177488,0.12244897959183673,0.0,0,6,47,15,27,,31,49,5.000000000000002,0.0680272108843537,6.000000000000003,0.08163265306122444,25,30,31
55,C,all_agents,,,40,30,10,0,18,12,0.35535090637313627,0.24216664773494812,0.9469773859923678,0.05636663231874736,299,30,0.75,0,0.0,0.0,31.4,1995,,,,,,,,,,,,,,,,,,,,,,,,,,,
55,C,participants_only,,,30,30,0,0,18,12,0.4071098741586667,0.27336611839862035,0.9469773859923678,0.06401895642590262,299,30,1.0,0,0.0,0.0,25.2,1995,,,,,,,,,,,,,,,,,,,,,,,,,,,
55,C,nonparticipants_only,,,10,0,10,0,0,0,0.20007400301654513,0.21223176317779235,0.29822736197650784,0.0012617710425987046,0,0,0.0,0,0.0,0.0,50.0,0,,,,,,,,,,,,,,,,,,,,,,,,,,,
55,C,step_totals,,,,,,,,,,,,,,,,,,,,,78.30000000000008,11.5,0.1468710089399743,,,0.0,0.0,57.0,0.7279693486590031,0.008921558260538302,0.14035087719298245,0.0,0,8,17,25,23,,31,57,3.800000000000001,0.04853128991060022,6.000000000000003,0.07662835249042141,19,30,36
56,C,all_agents,,,40,30,10,0,18,12,0.3567840920039359,0.2414720789576562,0.9490982905526731,0.057192650312219796,307,30,0.75,0,0.0,0.0,31.6,2037,,,,,,,,,,,,,,,,,,,,,,,,,,,
56,C,participants_only,,,30,30,0,0,18,12,0.4088511268829539,0.27199928780662724,0.9490982905526731,0.06500457463190441,307,30,1.0,0,0.0,0.0,25.466666666666665,2037,,,,,,,,,,,,,,,,,,,,,,,,,,,
56,C,nonparticipants_only,,,10,0,10,0,0,0,0.20058298736688188,0.2138348575476679,0.2967362251666253,0.0012251639000514032,0,0,0.0,0,0.0,0.0,50.0,0,,,,,,,,,,,,,,,,,,,,,,,,,,,
56,C,step_totals,,,,,,,,,,,,,,,,,,,,,73.00000000000009,13.0,0.1780821917808217,,,0.0,0.0,49.0,0.671232876712328,0.0076793717810001464,0.16326530612244897,0.0,0,8,47,15,26,,31,49,5.000000000000002,0.06849315068493145,6.000000000000003,0.08219178082191775,25,30,31
57,C,all_agents,,,40,30,10,0,18,12,0.35869866090579516,0.2412420256363449,0.9511343589305662,0.057986339647515685,317,30,0.75,0,0.0,0.0,31.4,2082,,,,,,,,,,,,,,,,,,,,,,,,,,,
57,C,participants_only,,,30,30,0,0,18,12,0.4112352599433027,0.27425628153298165,0.9511343589305662,0.06587827563308885,317,30,1.0,0,0.0,0.0,25.2,2082,,,,,,,,,,,,,,,,,,,,,,,,,,,
57,C,nonparticipants_only,,,10,0,10,0,0,0,0.2010888637932726,0.21404180105020074,0.29525254404079215,0.0011894008296621638,0,0,0.0,0,0.0,0.0,50.0,0,,,,,,,,,,,,,,,,,,,,,,,,,,,
57,C,step_totals,,,,,,,,,,,,,,,,,,,,,77.30000000000005,10.5,0.13583441138421723,,,0.0,0.0,57.0,0.7373868046571793,0.008666148371314611,0.17543859649122806,0.0,0,10,16,25,21,,31,57,3.800000000000001,0.049159120310478636,6.000000000000003,0.07761966364812417,19,30,36
58,C,all_agents,,,40,30,10,0,18,12,0.3602963841578968,0.24149063939283336,0.9530889845733436,0.05877206527773779,322,30,0.75,0,0.0,0.0,31.6,2127,,,,,,,,,,,,,,,,,,,,,,,,,,,
58,C,participants_only,,,30,30,0,0,18,12,0.41319803907511893,0.27288500012531675,0.9530889845733436,0.06678328473025474,322,30,1.0,0,0.0,0.0,25.466666666666665,2127,,,,,,,,,,,,,,,,,,,,,,,,,,,
58,C,nonparticipants_only,,,10,0,10,0,0,0,0.20159141940623038,0.21557947947161865,0.2937762813205882,0.0011553858044166983,0,0,0.0,0,0.0,0.0,50.0,0,,,,,,,,,,,,,,,,,,,,,,,,,,,
58,C,step_totals,,,,,,,,,,,,,,,,,,,,,73.00000000000009,13.0,0.1780821917808217,,,0.0,0.0,49.0,0.671232876712328,0.00824294731186204,0.10204081632653061,0.0,0,5,47,15,26,,30,49,5.000000000000002,0.06849315068493145,6.000000000000003,0.08219178082191775,25,30,30
59,C,all_agents,,,40,30,10,0,17,13,0.36229674729621414,0.24124391489452968,0.9549654251904098,0.05955466237040158,329,30,0.75,0,0.0,0.0,31.4,2174,,,,,,,,,,,,,,,,,,,,,,,,,,,
59,C,participants_only,,,30,30,0,0,17,13,0.4156988273573719,0.27341676257442404,0.9549654251904098,0.06762454963799613,329,30,1.0,0,0.0,0.0,25.2,2174,,,,,,,,,,,,,,,,,,,,,,,,,,,
59,C,nonparticipants_only,,,10,0,10,0,0,0,0.20209050711274085,0.21559334816087655,0.29230739991398524,0.0011236147093182504,0,0,0.0,0,0.0,0.0,50.0,0,,,,,,,,,,,,,,,,,,,,,,,,,,,
59,C,step_totals,,,,,,,,,,,,,,,,,,,,,76.80000000000007,10.0,0.13020833333333323,,,0.0,0.0,57.0,0.7421874999999993,0.009019433158179883,0.12280701754385964,0.0,0,7,16,25,20,,30,57,3.800000000000001,0.04947916666666664,6.000000000000003,0.07812499999999997,19,30,35
60,C,all_agents,,,40,30,10,0,17,13,0.3634296097861244,0.2413816962457913,0.9567668081827935,0.060256585155300746,332,30,0.75,0,0.0,0.0,31.6,2213,,,,,,,,,,,,,,,,,,,,,,,,,,,
60,C,participants_only,,,30,30,0,0,17,13,0.4170440845959519,0.27279726668295406,0.9567668081827935,0.06847940521245251,332,30,1.0,0,0.0,0.0,25.466666666666665,2213,,,,,,,,,,,,,,,,,,,,,,,,,,,
60,C,nonparticipants_only,,,10,0,10,0,0,0,0.20258618535664202,0.2159787549274646,0.29084586291441533,0.0010939820742419954,0,0,0.0,0,0.0,0.0,50.0,0,,,,,,,,,,,,,,,,,,,,,,,,,,,
60,C,step_totals,,,,,,,,,,,,,,,,,,,,,72.50000000000007,12.5,0.1724137931034481,,,0.0,0.0,49.0,0.6758620689655166,0.006798457712480487,0.061224489795918366,0.0,0,3,47,15,25,,30,49,5.000000000000002,0.06896551724137927,6.000000000000003,0.08275862068965513,25,30,30
60,C,reachability,0.25,0.0,,,,,,,,,,,,,,,,,,,,,,,,,,,,,,,,,,,,,,,,,,,,,
61,C,all_agents,,,40,30,10,0,17,13,0.36519033000956286,0.24188551758388438,0.9584961358554818,0.06107371191069996,339,30,0.75,0,0.0,0.0,31.4,2260,,,,,,,,,,,,,,,,,,,,,,,,,,,
61,C,participants_only,,,30,30,0,0,17,13,0.4192275272260165,0.2728858525669201,0.9584961358554818,0.06939637195373449,339,30,1.0,0,0.0,0.0,25.2,2260,,,,,,,,,,,,,,,,,,,,,,,,,,,
61,C,nonparticipants_only,,,10,0,10,0,0,0,0.2030787383602016,0.217377857704357,0.28939163359984327,0.0010655075854773843,0,0,0.0,0,0.0,0.0,50.0,0,,,,,,,,,,,,,,,,,,,,,,,,,,,
61,C,step_totals,,,,,,,,,,,,,,,,,,,,,75.80000000000007,9.0,0.1187335092348284,,,0.0,0.0,57.0,0.7519788918205798,0.008414237615535251,0.12280701754385964,0.0,0,7,16,25,18,,30,57,3.800000000000001,0.050131926121372,6.000000000000003,0.07915567282321896,19,30,35
62,C,all_agents,,,40,30,10,0,17,13,0.36650893139735785,0.24241917599028817,0.9601562904212625,0.06178595616212253,345,30,0.75,0,0.0,0.0,31.6,2303,,,,,,,,,,,,,,,,,,,,,,,,,,,
62,C,participants_only,,,30,30,0,0,17,13,0.4208224349760736,0.2725146709956167,0.9601562904212625,0.07023568137847061,345,30,1.0,0,0.0,0.0,25.466666666666665,2303,,,,,,,,,,,,,,,,,,,,,,,,,,,
62,C,nonparticipants_only,,,10,0,10,0,0,0,0.20356842066121048,0.21743427119087413,0.28794467543184404,0.0010373004611361931,0,0,0.0,0,0.0,0.0,50.0,0,,,,,,,,,,,,,,,,,,,,,,,,,,,
62,C,step_totals,,,,,,,,,,,,,,,,,,,,,72.50000000000007,12.5,0.1724137931034481,,,0.0,0.0,49.0,0.6758620689655166,0.00743506448321142,0.12244897959183673,0.0,0,6,47,15,25,,30,49,5.000000000000002,0.06896551724137927,6.000000000000003,0.08275862068965513,25,30,30
63,C,all_agents,,,40,30,10,0,18,12,0.3682283191204627,0.24165270274214037,0.961750038804412,0.06260116277767767,355,30,0.75,0,0.0,0.0,31.4,2350,,,,,,,,,,,,,,,,,,,,,,,,,,,
63,C,participants_only,,,30,30,0,0,18,12,0.4229527107641382,0.2737066498342796,0.961750038804412,0.0711525867676004,355,30,1.0,0,0.0,0.0,25.2,2350,,,,,,,,,,,,,,,,,,,,,,,,,,,
63,C,nonparticipants_only,,,10,0,10,0,0,0,0.2040551441894363,0.21767318246571415,0.28650495205468485,0.0010097823186649684,0,0,0.0,0,0.0,0.0,50.0,0,,,,,,,,,,,,,,,,,,,,,,,,,,,
63,C,step_totals,,,,,,,,,,,,,,,,,,,,,76.00000000000007,9.0,0.11842105263157883,,,0.0,0.0,57.0,0.7499999999999993,0.00827338177927105,0.17543859649122806,0.0,0,10,16,25,18,,29,57,4.000000000000001,0.05263157894736838,6.000000000000003,0.0789473684210526,20,30,34
64,C,all_agents,,,40,30,10,0,17,13,0.36948354250686355,0.24231462495446204,0.9632800372522355,0.0632463386083486,360,30,0.75,0,0.0,0.0,31.6,2392,,,,,,,,,,,,,,,,,,,,,,,,,,,
64,C,participants_only,,,30,30,0,0,17,13,0.4244652311514705,0.2723381165851082,0.9632800372522355,0.07190833503346253,360,30,1.0,0,0.0,0.0,25.466666666666665,2392,,,,,,,,,,,,,,,,,,,,,,,,,,,
64,C,nonparticipants_only,,,10,0,10,0,0,0,0.20453847657304283,0.21874050240738835,0.2850724272944114,0.0009845162984568842,0,0,0.0,0,0.0,0.0,50.0,0,,,,,,,,,,,,,,,,,,,,,,,,,,,
64,C,step_totals,,,,,,,,,,,,,,,,,,,,,72.50000000000009,12.5,0.17241379310344807,,,0.0,0.0,49.0,0.6758620689655165,0.007246443463051708,0.10204081632653061,0.0,0,5,47,15,25,,30,49,5.000000000000002,0.06896551724137925,6.000000000000003,0.08275862068965512,25,30,30
65,C,all_agents,,,40,30,10,0,17,13,0.371277614818274,0.24283513580574365,0.9647488357621461,0.06405793659949124,369,30,0.75,0,0.0,0.0,31.4,2441,,,,,,,,,,,,,,,,,,,,,,,,,,,
65,C,participants_only,,,30,30,0,0,17,13,0.4266974316086944,0.2723809969138963,0.9647488357621461,0.0728043506036764,369,30,1.0,0,0.0,0.0,25.2,2441,,,,,,,,,,,,,,,,,,,,,,,,,,,
65,C,nonparticipants_only,,,10,0,10,0,0,0,0.20501816444701274,0.21851809141428036,0.28364706515793936,0.0009624214699306018,0,0,0.0,0,0.0,0.0,50.0,0,,,,,,,,,,,,,,,,,,,,,,,,,,,
65,C,step_totals,,,,,,,,,,,,,,,,,,,,,75.80000000000007,9.0,0.1187335092348284,,,0.0,0.0,57.0,0.7519788918205798,0.008542491936293296,0.15789473684210525,0.0,0,9,13,24,18,,27,57,3.800000000000001,0.050131926121372,6.000000000000003,0.07915567282321896,19,30,33
66,C,all_agents,,,40,30,10,0,17,13,0.37246516261962553,0.2428792481853746,0.9661588823316603,0.06470253579902589,376,30,0.75,0,0.0,0.0,31.6,2484,,,,,,,,,,,,,,,,,,,,,,,,,,,
66,C,participants_only,,,30,30,0,0,17,13,0.4281217754235931,0.27101909192932677,0.9661588823316603,0.07356620848245837,376,30,1.0,0,0.0,0.0,25.466666666666665,2484,,,,,,,,,,,,,,,,,,,,,,,,,,,
66,C,nonparticipants_only,,,10,0,10,0,0,0,0.20549532420772304,0.21915032683903352,0.28222882983214964,0.0009396151629993663,0,0,0.0,0,0.0,0.0,50.0,0,,,,,,,,,,,,,,,,,,,,,,,,,,,
66,C,step_totals,,,,,,,,,,,,,,,,,,,,,72.50000000000007,12.5,0.1724137931034481,,,0.0,0.0,49.0,0.6758620689655166,0.007045484754171272,0.14285714285714285,0.0,0,7,47,15,25,,29,49,5.000000000000002,0.06896551724137927,6.000000000000003,0.08275862068965513,25,30,27
67,C,all_agents,,,40,30,10,0,17,13,0.37405268227447547,0.24318164101545425,0.9675125270383939,0.06549897016722799,383,30,0.75,0,0.0,0.0,31.4,2532,,,,,,,,,,,,,,,,,,,,,,,,,,,
67,C,participants_only,,,30,30,0,0,17,13,0.43008029214443644,0.27144786634654267,0.9675125270383939,0.07447007227593486,383,30,1.0,0,0.0,0.0,25.2,2532,,,,,,,,,,,,,,,,,,,,,,,,,,,
67,C,nonparticipants_only,,,10,0,10,0,0,0,0.20596985266459236,0.21964168840531623,0.28081768568298887,0.0009165470282207485,0,0,0.0,0,0.0,0.0,50.0,0,,,,,,,,,,,,,,,,,,,,,,,,,,,
67,C,step_totals,,,,,,,,,,,,,,,,,,,,,76.00000000000007,9.0,0.11842105263157883,,,0.0,0.0,57.0,0.7499999999999993,0.007878737975521764,0.12280701754385964,0.0,0,7,13,24,18,,27,57,4.000000000000001,0.05263157894736838,6.000000000000003,0.0789473684210526,20,30,32
68,C,all_agents,,,40,30,10,0,17,13,0.37528746641670296,0.24351458631022455,0.9688120259568581,0.06611892432360937,391,30,0.75,0,0.0,0.0,31.6,2576,,,,,,,,,,,,,,,,,,,,,,,,,,,
68,C,participants_only,,,30,30,0,0,17,13,0.43156959041282233,0.27009062701480996,0.9688120259568581,0.07518933281427952,391,30,1.0,0,0.0,0.0,25.466666666666665,2576,,,,,,,,,,,,,,,,,,,,,,,,,,,
68,C,nonparticipants_only,,,10,0,10,0,0,0,0.20644109442834507,0.21931425038957275,0.27941359725457393,0.0008955690734243561,0,0,0.0,0,0.0,0.0,50.0,0,,,,,,,,,,,,,,,,,,,,,,,,,,,
68,C,step_totals,,,,,,,,,,,,,,,,,,,,,72.00000000000007,12.0,0.1666666666666665,,,0.0,0.0,49.0,0.6805555555555549,0.007286349288938009,0.16326530612244897,0.0,0,8,47,16,24,,29,49,5.000000000000002,0.0694444444444444,6.000000000000003,0.08333333333333329,25,30,27
69,C,all_agents,,,40,30,10,0,17,13,0.3768651825570872,0.24266152634929075,0.9691239056972896,0.06692604461064802,401,30,0.75,0,0.0,0.0,31.4,2624,,,,,,,,,,,,,,,,,,,,,,,,,,,
69,C,participants_only,,,30,30,0,0,17,13,0.4335170568796183,0.27164721018223453,0.9691239056972896,0.07610535328567655,401,30,1.0,0,0.0,0.0,25.2,2624,,,,,,,,,,,,,,,,,,,,,,,,,,,
69,C,nonparticipants_only,,,10,0,10,0,0,0,0.20690955958949386,0.2201233947729348,0.27801652926830106,0.0008749002144921364,0,0,0.0,0,0.0,0.0,50.0,0,,,,,,,,,,,,,,,,,,,,,,,,,,,
69,C,step_totals,,,,,,,,,,,,,,,,,,,,,75.50000000000006,8.5,0.11258278145695355,,,0.0,0.0,57.0,0.754966887417218,0.00792810725709835,0.17543859649122806,0.0,0,10,13,25,17,,27,57,4.000000000000001,0.0529801324503311,6.000000000000003,0.07947019867549666,20,30,31
70,C,all_agents,,,40,30,10,0,17,13,0.378050108228493,0.24373333517024548,0.9703589494693979,0.06753311514821422,407,30,0.75,0,0.0,0.0,31.55,2669,,,,,,,,,,,,,,,,,,,,,,,,,,,
70,C,participants_only,,,30,30,0,0,17,13,0.4349419785547048,0.27028897413132336,0.9703589494693979,0.07681165192514054,407,30,1.0,0,0.0,0.0,25.4,2669,,,,,,,,,,,,,,,,,,,,,,,,,,,
70,C,nonparticipants_only,,,10,0,10,0,0,0,0.2073744972498576,0.2208367175384744,0.27662644662195957,0.0008572859068612641,0,0,0.0,0,0.0,0.0,50.0,0,,,,,,,,,,,,,,,,,,,,,,,,,,,
70,C,step_totals,,,,,,,,,,,,,,,,,,,,,72.10000000000007,11.5,0.15950069348127585,,,0.0,0.0,50.0,0.6934812760055472,0.007116642777369388,0.12,0.0,0,6,45,17,23,,29,50,4.800000000000002,0.06657420249653255,5.8000000000000025,0.08044382801664351,24,29,27
70,C,reachability,0.25,0.0,,,,,,,,,,,,,,,,,,,,,,,,,,,,,,,,,,,,,,,,,,,,,
71,C,all_agents,,,40,30,10,0,17,13,0.3795830481815657,0.24320551912953245,0.971544591490622,0.06835613124994476,419,30,0.75,0,0.0,0.0,31.35,2719,,,,,,,,,,,,,,,,,,,,,,,,,,,
71,C,participants_only,,,30,30,0,0,17,13,0.4368317202958801,0.27246872795303073,0.971544591490622,0.07775228988070673,419,30,1.0,0,0.0,0.0,25.133333333333333,2719,,,,,,,,,,,,,,,,,,,,,,,,,,,
71,C,nonparticipants_only,,,10,0,10,0,0,0,0.20783703183862232,0.22016459853855094,0.27524331438884975,0.0008387298514314312,0,0,0.0,0,0.0,0.0,50.0,0,,,,,,,,,,,,,,,,,,,,,,,,,,,
71,C,step_totals,,,,,,,,,,,,,,,,,,,,,74.80000000000007,8.0,0.10695187165775391,,,0.0,0.0,57.0,0.7620320855614966,0.007886099927350931,0.21052631578947367,0.0,0,12,11,25,16,,25,57,3.800000000000001,0.05080213903743312,6.000000000000003,0.08021390374331547,19,30,30
72,C,all_agents,,,40,30,10,0,17,13,0.3807339653773043,0.24414586991440348,0.9726828078309971,0.06894447626446545,426,30,0.75,0,0.0,0.0,31.5,2765,,,,,,,,,,,,,,,,,,,,,,,,,,,
72,C,participants_only,,,30,30,0,0,17,13,0.4382129008604524,0.2711063843132656,0.9726828078309971,0.07843752934840047,426,30,1.0,0,0.0,0.0,25.333333333333332,2765,,,,,,,,,,,,,,,,,,,,,,,,,,,
72,C,nonparticipants_only,,,10,0,10,0,0,0,0.20829715892785997,0.22010060660147385,0.2738670978169055,0.000819380721349548,0,0,0.0,0,0.0,0.0,50.0,0,,,,,,,,,,,,,,,,,,,,,,,,,,,
72,C,step_totals,,,,,,,,,,,,,,,,,,,,,72.10000000000007,11.5,0.15950069348127585,,,0.0,0.0,50.0,0.6934812760055472,0.007022208648588469,0.14,0.0,0,7,45,17,23,,28,50,4.800000000000002,0.06657420249653255,5.8000000000000025,0.08044382801664351,24,29,26
73,C,all_agents,,,40,30,10,0,17,13,0.38215870195338614,0.24313168351424597,0.9737754955177572,0.06970806873856848,431,30,0.75,0,0.0,0.0,31.3,2814,,,,,,,,,,,,,,,,,,,,,,,,,,,
73,C,participants_only,,,30,30,0,0,17,13,0.43996019891865756,0.2719327737632635,0.9737754955177572,0.07931281242208582,431,30,1.0,0,0.0,0.0,25.066666666666666,2814,,,,,,,,,,,,,,,,,,,,,,,,,,,
73,C,nonparticipants_only,,,10,0,10,0,0,0,0.20875421105757172,0.2213957398829508,0.27249776232782097,0.0008016810709010439,0,0,0.0,0,0.0,0.0,50.0,0,,,,,,,,,,,,,,,,,,,,,,,,,,,
73,C,step_totals,,,,,,,,,,,,,,,,,,,,,74.50000000000007,7.5,0.10067114093959723,,,0.0,0.0,57.0,0.7651006711409388,0.007595185690797898,0.08771929824561403,0.0,0,5,11,25,15,,24,57,4.000000000000001,0.0536912751677852,6.000000000000003,0.0805369127516778,20,30,29
74,C,all_agents,,,40,30,10,0,17,13,0.383118398326505,0.2430863023410218,0.9748244756970469,0.0702129369282516,436,30,0.75,0,0.0,0.0,31.5,2858,,,,,,,,,,,,,,,,,,,,,,,,,,,
74,C,participants_only,,,30,30,0,0,17,13,0.44108837772661347,0.2705731098944472,0.9748244756970469,0.07991362463608721,436,30,1.0,0,0.0,0.0,25.333333333333332,2858,,,,,,,,,,,,,,,,,,,,,,,,,,,
74,C,nonparticipants_only,,,10,0,10,0,0,0,0.2092084601261798,0.22152408101068102,0.2711352735161819,0.0007846516649568544,0,0,0.0,0,0.0,0.0,50.0,0,,,,,,,,,,,,,,,,,,,,,,,,,,,
74,C,step_totals,,,,,,,,,,,,,,,,,,,,,71.30000000000007,11.5,0.16129032258064502,,,0.0,0.0,49.0,0.6872370266479657,0.006510980208797484,0.10204081632653061,0.0,0,5,44,17,23,,27,49,4.800000000000002,0.06732117812061707,6.000000000000003,0.08415147265077134,24,30,26
75,C,all_agents,,,40,30,10,0,17,13,0.38431990350844536,0.242184259341989,0.975831496669165,0.07095911286808507,447,30,0.75,0,0.0,0.0,31.3,2905,,,,,,,,,,,,,,,,,,,,,,,,,,,
75,C,participants_only,,,30,30,0,0,17,13,0.4425399175056648,0.270065936549927,0.975831496669165,0.08079770030686148,447,30,1.0,0,0.0,0.0,25.066666666666666,2905,,,,,,,,,,,,,,,,,,,,,,,,,,,
75,C,nonparticipants_only,,,10,0,10,0,0,0,0.20965986151678714,0.22228080315362508,0.26977959714860095,0.0007685101937187492,0,0,0.0,0,0.0,0.0,50.0,0,,,,,,,,,,,,,,,,,,,,,,,,,,,
75,C,step_totals,,,,,,,,,,,,,,,,,,,,,74.50000000000007,7.5,0.10067114093959723,,,0.0,0.0,57.0,0.7651006711409388,0.006883576270425564,0.19298245614035087,0.0,0,11,11,25,15,,24,57,4.000000000000001,0.0536912751677852,6.000000000000003,0.0805369127516778,20,30,29
76,C,all_agents,,,40,30,10,0,16,14,0.3854603504975667,0.24184822512987525,0.9767982368023984,0.07148960132696397,452,30,0.75,0,0.0,0.0,31.5,2952,,,,,,,,,,,,,,,,,,,,,,,,,,,
76,C,participants_only,,,30,30,0,0,16,14,0.4439109851779682,0.2687156068671774,0.9767982368023984,0.08140250685181068,452,30,1.0,0,0.0,0.0,25.333333333333332,2952,,,,,,,,,,,,,,,,,,,,,,,,,,,
76,C,nonparticipants_only,,,10,0,10,0,0,0,0.2101084464563622,0.22296951361991438,0.26843069916285794,0.0007531644179228033,0,0,0.0,0,0.0,0.0,50.0,0,,,,,,,,,,,,,,,,,,,,,,,,,,,
76,C,step_totals,,,,,,,,,,,,,,,,,,,,,71.30000000000007,11.5,0.16129032258064502,,,0.0,0.0,49.0,0.6872370266479657,0.007134710059748468,0.10204081632653061,0.0,0,5,44,17,23,,27,49,4.800000000000002,0.06732117812061707,6.000000000000003,0.08415147265077134,24,30,26
77,C,all_agents,,,40,30,10,0,16,14,0.38657499679783586,0.24124013476102263,0.9777263073303025,0.07222840946667218,457,30,0.75,0,0.0,0.0,31.3,2999,,,,,,,,,,,,,,,,,,,,,,,,,,,
77,C,participants_only,,,30,30,0,0,16,14,0.445248469565953,0.26804693461647694,0.9777263073303025,0.08228844415358796,457,30,1.0,0,0.0,0.0,25.066666666666666,2999,,,,,,,,,,,,,,,,,,,,,,,,,,,
77,C,nonparticipants_only,,,10,0,10,0,0,0,0.21055457849348444,0.22232058523545575,0.26708854566704365,0.000737388525873051,0,0,0.0,0,0.0,0.0,50.0,0,,,,,,,,,,,,,,,,,,,,,,,,,,,
77,C,step_totals,,,,,,,,,,,,,,,,,,,,,74.30000000000007,7.5,0.1009421265141318,,,0.0,0.0,57.0,0.7671601615074017,0.006633074726877317,0.08771929824561403,0.0,0,5,11,25,15,,24,57,3.800000000000001,0.05114401076716013,6.000000000000003,0.08075370121130548,19,30,27
78,C,all_agents,,,40,30,10,0,16,14,0.387448132629834,0.24065981148765128,0.9786172550370904,0.07273050074643282,463,30,0.75,0,0.0,0.0,31.5,3044,,,,,,,,,,,,,,,,,,,,,,,,,,,
78,C,participants_only,,,30,30,0,0,16,14,0.4462648827868521,0.2667066999433946,0.9786172550370904,0.08289548218176399,463,30,1.0,0,0.0,0.0,25.333333333333332,3044,,,,,,,,,,,,,,,,,,,,,,,,,,,
78,C,nonparticipants_only,,,10,0,10,0,0,0,0.21099788215877976,0.2222588012591799,0.2657531029387084,0.0007226352520423086,0,0,0.0,0,0.0,0.0,50.0,0,,,,,,,,,,,,,,,,,,,,,,,,,,,
78,C,step_totals,,,,,,,,,,,,,,,,,,,,,71.10000000000007,11.5,0.16174402250351602,,,0.0,0.0,49.0,0.6891701828410682,0.006266330486392358,0.12244897959183673,0.0,0,6,43,17,23,,27,49,4.600000000000001,0.06469760900140643,6.000000000000003,0.0843881856540084,23,30,25
79,C,all_agents,,,40,30,10,0,16,14,0.38862951568246806,0.24022247844812009,0.9794725648356067,0.07348432818253961,469,30,0.75,0,0.0,0.0,31.3,3093,,,,,,,,,,,,,,,,,,,,,,,,,,,
79,C,participants_only,,,30,30,0,0,16,14,0.4476932039097636,0.2653731664436776,0.9794725648356067,0.08378882481385719,469,30,1.0,0,0.0,0.0,25.066666666666666,3093,,,,,,,,,,,,,,,,,,,,,,,,,,,
79,C,nonparticipants_only,,,10,0,10,0,0,0,0.21143845100058148,0.22350924760588803,0.2644243374240149,0.0007086070844528877,0,0,0.0,0,0.0,0.0,50.0,0,,,,,,,,,,,,,,,,,,,,,,,,,,,
79,C,step_totals,,,,,,,,,,,,,,,,,,,,,74.30000000000007,7.5,0.1009421265141318,,,0.0,0.0,57.0,0.7671601615074017,0.006855436084731458,0.10526315789473684,0.0,0,6,11,25,15,,24,57,3.800000000000001,0.05114401076716013,6.000000000000003,0.08075370121130548,19,30,26
80,C,all_agents,,,40,30,10,0,16,14,0.38947983453793905,0.23997033669509796,0.9802936622421825,0.07394371185690568,475,30,0.75,0,0.0,0.0,31.5,3136,,,,,,,,,,,,,,,,,,,,,,,,,,,
80,C,participants_only,,,30,30,0,0,16,14,0.44868106219168175,0.26414778061239574,0.9802936622421825,0.08434054241016603,475,30,1.0,0,0.0,0.0,25.333333333333332,3136,,,,,,,,,,,,,,,,,,,,,,,,,,,
80,C,nonparticipants_only,,,10,0,10,0,0,0,0.211876151576711,0.22365766422294892,0.2631022157368948,0.0006957959286014241,0,0,0.0,0,0.0,0.0,50.0,0,,,,,,,,,,,,,,,,,,,,,,,,,,,
80,C,step_totals,,,,,,,,,,,,,,,,,,,,,71.10000000000007,11.5,0.16174402250351602,,,0.0,0.0,49.0,0.6891701828410682,0.006204511166872116,0.12244897959183673,0.0,0,6,43,17,23,,27,49,4.600000000000001,0.06469760900140643,6.000000000000003,0.0843881856540084,23,30,25
80,C,reachability,0.25,0.0,,,,,,,,,,,,,,,,,,,,,,,,,,,,,,,,,,,,,,,,,,,,,
81,C,all_agents,,,40,30,10,0,16,14,0.39071144771300576,0.2400593027561712,0.9810819157524953,0.0746921189738645,486,30,0.75,0,0.0,0.0,31.3,3185,,,,,,,,,,,,,,,,,,,,,,,,,,,
81,C,participants_only,,,30,30,0,0,16,14,0.45017803874977186,0.2631035024687433,0.9810819157524953,0.0852171359106075,486,30,1.0,0,0.0,0.0,25.066666666666666,3185,,,,,,,,,,,,,,,,,,,,,,,,,,,
81,C,nonparticipants_only,,,10,0,10,0,0,0,0.21231167460270758,0.22436377288853554,0.2617867046582103,0.0006817627692277012,0,0,0.0,0,0.0,0.0,50.0,0,,,,,,,,,,,,,,,,,,,,,,,,,,,
81,C,step_totals,,,,,,,,,,,,,,,,,,,,,74.30000000000007,7.5,0.1009421265141318,,,0.0,0.0,57.0,0.7671601615074017,0.00702545912181054,0.19298245614035087,0.0,0,11,11,25,15,,23,57,3.800000000000001,0.05114401076716013,6.000000000000003,0.08075370121130548,19,30,26
82,C,all_agents,,,40,30,10,0,16,14,0.3914513826060474,0.24095299800621844,0.9818386391223954,0.07515202918121489,491,30,0.75,0,0.0,0.0,31.5,3229,,,,,,,,,,,,,,,,,,,,,,,,,,,
82,C,participants_only,,,30,30,0,0,16,14,0.45102039362284224,0.2622042765177741,0.9818386391223954,0.08578585084679735,491,30,1.0,0,0.0,0.0,25.333333333333332,3229,,,,,,,,,,,,,,,,,,,,,,,,,,,
82,C,nonparticipants_only,,,10,0,10,0,0,0,0.21274434955566307,0.22502872027181103,0.26047777113491927,0.0006689593022393006,0,0,0.0,0,0.0,0.0,50.0,0,,,,,,,,,,,,,,,,,,,,,,,,,,,
82,C,step_totals,,,,,,,,,,,,,,,,,,,,,70.40000000000006,11.0,0.15624999999999986,,,0.0,0.0,49.0,0.6960227272727266,0.005922308787394109,0.10204081632653061,0.0,0,5,42,18,22,,25,49,4.400000000000001,0.062499999999999965,6.000000000000003,0.0852272727272727,22,30,24
83,C,all_agents,,,40,30,10,0,16,14,0.39260835292709934,0.24011177708247355,0.9825650935574997,0.07589438918022862,493,30,0.75,0,0.0,0.0,31.3,3279,,,,,,,,,,,,,,,,,,,,,,,,,,,
83,C,participants_only,,,30,30,0,0,16,14,0.4524197481518829,0.2612486881802043,0.9825650935574997,0.0866637494008977,493,30,1.0,0,0.0,0.0,25.066666666666666,3279,,,,,,,,,,,,,,,,,,,,,,,,,,,
83,C,nonparticipants_only,,,10,0,10,0,0,0,0.21317416725274863,0.2244021823399805,0.2591753822792447,0.0006574725333982057,0,0,0.0,0,0.0,0.0,50.0,0,,,,,,,,,,,,,,,,,,,,,,,,,,,
83,C,step_totals,,,,,,,,,,,,,,,,,,,,,74.50000000000007,7.5,0.10067114093959723,,,0.0,0.0,57.0,0.7651006711409388,0.00677157436946827,0.03508771929824561,0.0,0,2,11,25,15,,23,57,4.000000000000001,0.0536912751677852,6.000000000000003,0.0805369127516778,20,30,26
84,C,all_agents,,,40,30,10,0,16,14,0.3933724318396258,0.2401262091220029,0.9832624898151997,0.07633421789163337,502,30,0.75,0,0.0,0.0,31.5,3323,,,,,,,,,,,,,,,,,,,,,,,,,,,
84,C,participants_only,,,30,30,0,0,16,14,0.45329595642744314,0.26040443882573283,0.9832624898151997,0.08720071218817417,502,30,1.0,0,0.0,0.0,25.333333333333332,3323,,,,,,,,,,,,,,,,,,,,,,,,,,,
84,C,nonparticipants_only,,,10,0,10,0,0,0,0.21360185807617366,0.22434253014161276,0.2578795053678485,0.0006447894136899509,0,0,0.0,0,0.0,0.0,50.0,0,,,,,,,,,,,,,,,,,,,,,,,,,,,
84,C,step_totals,,,,,,,,,,,,,,,,,,,,,70.40000000000006,11.0,0.15624999999999986,,,0.0,0.0,49.0,0.6960227272727266,0.006020038482747623,0.1836734693877551,0.0,0,9,42,18,22,,25,49,4.400000000000001,0.062499999999999965,6.000000000000003,0.0852272727272727,22,30,24
85,C,all_agents,,,40,30,10,0,16,14,0.3945074041190161,0.23985432576538668,0.9839319902225917,0.0770963176898019,504,30,0.75,0,0.0,0.0,31.3,3375,,,,,,,,,,,,,,,,,,,,,,,,,,,
85,C,participants_only,,,30,30,0,0,16,14,0.45466771790955945,0.2597414393234353,0.9839319902225917,0.08810657233619472,504,30,1.0,0,0.0,0.0,25.066666666666666,3375,,,,,,,,,,,,,,,,,,,,,,,,,,,
85,C,nonparticipants_only,,,10,0,10,0,0,0,0.21402646274738577,0.22554983141968094,0.2565901078410092,0.0006343934861036003,0,0,0.0,0,0.0,0.0,50.0,0,,,,,,,,,,,,,,,,,,,,,,,,,,,
85,C,step_totals,,,,,,,,,,,,,,,,,,,,,74.50000000000007,7.5,0.10067114093959723,,,0.0,0.0,57.0,0.7651006711409388,0.006707493006892537,0.03508771929824561,0.0,0,2,11,25,15,,23,57,4.000000000000001,0.0536912751677852,6.000000000000003,0.0805369127516778,20,30,26
86,C,all_agents,,,40,30,10,0,16,14,0.39530862486607565,0.23953602074578947,0.9845747106136881,0.0774907112239205,510,30,0.75,0,0.0,0.0,31.5,3421,,,,,,,,,,,,,,,,,,,,,,,,,,,
86,C,participants_only,,,30,30,0,0,16,14,0.4555952283080932,0.25958865475889603,0.9845747106136881,0.088575283523583,510,30,1.0,0,0.0,0.0,25.333333333333332,3421,,,,,,,,,,,,,,,,,,,,,,,,,,,
86,C,nonparticipants_only,,,10,0,10,0,0,0,0.21444881454002315,0.22571493330608658,0.25530715730180414,0.00062329967003206,0,0,0.0,0,0.0,0.0,50.0,0,,,,,,,,,,,,,,,,,,,,,,,,,,,
86,C,step_totals,,,,,,,,,,,,,,,,,,,,,70.40000000000006,11.0,0.15624999999999986,,,0.0,0.0,49.0,0.6960227272727266,0.006161524513967174,0.12244897959183673,0.0,0,6,42,18,22,,25,49,4.400000000000001,0.062499999999999965,6.000000000000003,0.0852272727272727,22,30,24
87,C,all_agents,,,40,30,10,0,16,14,0.39632495002222995,0.23875977126416284,0.9851917221891405,0.07818324093741745,521,30,0.75,0,0.0,0.0,31.3,3470,,,,,,,,,,,,,,,,,,,,,,,,,,,
87,C,participants_only,,,30,30,0,0,16,14,0.45681028283558983,0.2590969056451855,0.9851917221891405,0.089406609045182,521,30,1.0,0,0.0,0.0,25.066666666666666,3470,,,,,,,,,,,,,,,,,,,,,,,,,,,
87,C,nonparticipants_only,,,10,0,10,0,0,0,0.21486895158215036,0.22637487238892995,0.2540306215152951,0.0006114307876088962,0,0,0.0,0,0.0,0.0,50.0,0,,,,,,,,,,,,,,,,,,,,,,,,,,,
87,C,step_totals,,,,,,,,,,,,,,,,,,,,,74.30000000000007,7.5,0.1009421265141318,,,0.0,0.0,57.0,0.7671601615074017,0.006350368366103776,0.19298245614035087,0.0,0,11,11,25,15,,22,57,3.800000000000001,0.05114401076716013,6.000000000000003,0.08075370121130548,19,30,25
88,C,all_agents,,,40,30,10,0,16,14,0.3969886009105096,0.23849124965816781,0.9857840533015749,0.07860127278217523,525,30,0.75,0,0.0,0.0,31.5,3516,,,,,,,,,,,,,,,,,,,,,,,,,,,
88,C,participants_only,,,30,30,0,0,16,14,0.45755618335430326,0.25973520337140477,0.9857840533015749,0.08992714804623865,525,30,1.0,0,0.0,0.0,25.333333333333332,3516,,,,,,,,,,,,,,,,,,,,,,,,,,,
88,C,nonparticipants_only,,,10,0,10,0,0,0,0.2152858535791287,0.2270168766042967,0.2527604684077186,0.0006024624729560733,0,0,0.0,0,0.0,0.0,50.0,0,,,,,,,,,,,,,,,,,,,,,,,,,,,
88,C,step_totals,,,,,,,,,,,,,,,,,,,,,69.90000000000008,10.5,0.15021459227467795,,,0.0,0.0,49.0,0.7010014306151637,0.005763780425297243,0.08163265306122448,0.0,0,4,42,19,21,,25,49,4.400000000000001,0.06294706723891268,6.000000000000003,0.08583690987124458,22,30,23
89,C,all_agents,,,40,30,10,0,16,14,0.39787860383188445,0.23848605122839794,0.986352691169512,0.07929577788587054,537,30,0.75,0,0.0,0.0,31.3,3565,,,,,,,,,,,,,,,,,,,,,,,,,,,
89,C,participants_only,,,30,30,0,0,16,14,0.458604592945301,0.26052926823537625,0.986352691169512,0.09077963287928152,537,30,1.0,0,0.0,0.0,25.066666666666666,3565,,,,,,,,,,,,,,,,,,,,,,,,,,,
89,C,nonparticipants_only,,,10,0,10,0,0,0,0.21570063649163496,0.2264119565708634,0.25149666606568,0.0005924638600042526,0,0,0.0,0,0.0,0.0,50.0,0,,,,,,,,,,,,,,,,,,,,,,,,,,,
89,C,step_totals,,,,,,,,,,,,,,,,,,,,,73.40000000000006,7.0,0.09536784741144406,,,0.0,0.0,57.0,0.7765667574931874,0.006042308982328008,0.21052631578947367,0.0,0,12,9,26,14,,20,57,3.400000000000001,0.04632152588555855,6.000000000000003,0.08174386920980924,17,30,24
90,C,all_agents,,,40,30,10,0,16,14,0.39857185471166284,0.23830644897533348,0.9868985835227315,0.07969013746312384,542,30,0.75,0,0.0,0.0,31.5,3610,,,,,,,,,,,,,,,,,,,,,,,,,,,
90,C,participants_only,,,30,30,0,0,16,14,0.4593915300495906,0.25963472413124633,0.9868985835227315,0.09126297682785828,542,30,1.0,0,0.0,0.0,25.333333333333332,3610,,,,,,,,,,,,,,,,,,,,,,,,,,,
90,C,nonparticipants_only,,,10,0,10,0,0,0,0.2161128286978796,0.2261185348601785,0.2502391827353516,0.0005832244703892456,0,0,0.0,0,0.0,0.0,50.0,0,,,,,,,,,,,,,,,,,,,,,,,,,,,
90,C,step_totals,,,,,,,,,,,,,,,,,,,,,69.90000000000006,10.5,0.15021459227467798,,,0.0,0.0,49.0,0.7010014306151638,0.005876494805666711,0.10204081632653061,0.0,0,5,41,19,21,,25,49,4.400000000000001,0.06294706723891269,6.000000000000003,0.0858369098712446,22,30,23
90,C,reachability,0.25,0.0,,,,,,,,,,,,,,,,,,,,,,,,,,,,,,,,,,,,,,,,,,,,,
91,C,all_agents,,,40,30,10,0,16,14,0.39947241063696354,0.23780248704731066,0.9874226401818222,0.08035536543097557,552,30,0.75,0,0.0,0.0,31.3,3660,,,,,,,,,,,,,,,,,,,,,,,,,,,
91,C,participants_only,,,30,30,0,0,16,14,0.46045570006560865,0.25919841074606575,0.9874226401818222,0.09207318119221233,552,30,1.0,0,0.0,0.0,25.066666666666666,3660,,,,,,,,,,,,,,,,,,,,,,,,,,,
91,C,nonparticipants_only,,,10,0,10,0,0,0,0.21652254235102827,0.22619160808281685,0.24922332616306586,0.0005743790728105249,0,0,0.0,0,0.0,0.0,50.0,0,,,,,,,,,,,,,,,,,,,,,,,,,,,
91,C,step_totals,,,,,,,,,,,,,,,,,,,,,73.40000000000006,7.0,0.09536784741144406,,,0.0,0.0,57.0,0.7765667574931874,0.006082551047241877,0.17543859649122806,0.0,0,10,9,26,14,,19,57,3.400000000000001,0.04632152588555855,6.000000000000003,0.08174386920980924,17,30,23
92,C,all_agents,,,40,30,10,0,16,14,0.40006473070219234,0.23781342416992038,0.9879257345745494,0.08072308293942705,558,30,0.75,0,0.0,0.0,31.5,3704,,,,,,,,,,,,,,,,,,,,,,,,,,,
92,C,participants_only,,,30,30,0,0,16,14,0.4611096503155004,0.2591879223339658,0.9879257345745494,0.09253643149722673,558,30,1.0,0,0.0,0.0,25.333333333333332,3704,,,,,,,,,,,,,,,,,,,,,,,,,,,
92,C,nonparticipants_only,,,10,0,10,0,0,0,0.21692997186226823,0.22554041863918123,0.24938834187227282,0.0005652507388851101,0,0,0.0,0,0.0,0.0,50.0,0,,,,,,,,,,,,,,,,,,,,,,,,,,,
92,C,step_totals,,,,,,,,,,,,,,,,,,,,,69.90000000000006,10.5,0.15021459227467798,,,0.0,0.0,49.0,0.7010014306151638,0.005541277972024442,0.12244897959183673,0.0,0,6,41,19,21,,25,49,4.400000000000001,0.06294706723891269,6.000000000000003,0.0858369098712446,22,30,23
93,C,all_agents,,,40,30,10,0,16,14,0.40093632231179277,0.23674558432518178,0.9884087051915674,0.08136094146911423,567,30,0.75,0,0.0,0.0,31.3,3754,,,,,,,,,,,,,,,,,,,,,,,,,,,
93,C,participants_only,,,30,30,0,0,16,14,0.46213683235097774,0.2592565530080383,0.9884087051915674,0.09331356728337604,567,30,1.0,0,0.0,0.0,25.066666666666666,3754,,,,,,,,,,,,,,,,,,,,,,,,,,,
93,C,nonparticipants_only,,,10,0,10,0,0,0,0.2173347921942379,0.2248021566334193,0.25048481582933085,0.000557034877652203,0,0,0.0,0,0.0,0.0,50.0,0,,,,,,,,,,,,,,,,,,,,,,,,,,,
93,C,step_totals,,,,,,,,,,,,,,,,,,,,,73.20000000000006,7.0,0.09562841530054637,,,0.0,0.0,57.0,0.7786885245901632,0.0060172885505375305,0.15789473684210525,0.0,0,9,8,26,14,,19,57,3.2000000000000006,0.04371584699453549,6.000000000000003,0.08196721311475406,16,30,23
94,C,all_agents,,,40,30,10,0,16,14,0.4016315254700951,0.23699188926358056,0.9888723569839047,0.08173828115410532,577,30,0.75,0,0.0,0.0,31.5,3801,,,,,,,,,,,,,,,,,,,,,,,,,,,
94,C,participants_only,,,30,30,0,0,16,14,0.4629296640502772,0.25878255311799797,0.9888723569839047,0.0937713973145556,577,30,1.0,0,0.0,0.0,25.333333333333332,3801,,,,,,,,,,,,,,,,,,,,,,,,,,,
94,C,nonparticipants_only,,,10,0,10,0,0,0,0.217737109729549,0.2251797694038215,0.2520611421380722,0.0005493911520120745,0,0,0.0,0,0.0,0.0,50.0,0,,,,,,,,,,,,,,,,,,,,,,,,,,,
94,C,step_totals,,,,,,,,,,,,,,,,,,,,,69.70000000000007,10.5,0.1506456241032997,,,0.0,0.0,49.0,0.7030129124820652,0.005921886906943691,0.20408163265306123,0.0,0,10,39,19,21,,25,49,4.200000000000001,0.06025824964131989,6.000000000000003,0.08608321377331415,21,30,22
95,C,all_agents,,,40,30,10,0,16,14,0.40247744755863885,0.23717952706205928,0.9893174627045486,0.08240572055098176,588,30,0.75,0,0.0,0.0,31.3,3852,,,,,,,,,,,,,,,,,,,,,,,,,,,
95,C,participants_only,,,30,30,0,0,16,14,0.4639243100730164,0.25939318225595387,0.9893174627045486,0.09459055760097046,588,30,1.0,0,0.0,0.0,25.066666666666666,3852,,,,,,,,,,,,,,,,,,,,,,,,,,,
95,C,nonparticipants_only,,,10,0,10,0,0,0,0.21813686001550608,0.22426181375825618,0.25144414746929616,0.0005426064466858047,0,0,0.0,0,0.0,0.0,50.0,0,,,,,,,,,,,,,,,,,,,,,,,,,,,
95,C,step_totals,,,,,,,,,,,,,,,,,,,,,73.20000000000006,7.0,0.09562841530054637,,,0.0,0.0,57.0,0.7786885245901632,0.005942774204196077,0.19298245614035087,0.0,0,11,8,26,14,,19,57,3.2000000000000006,0.04371584699453549,6.000000000000003,0.08196721311475406,16,30,23
96,C,all_agents,,,40,30,10,0,16,14,0.40305491719954684,0.23701643703183023,0.989424288077503,0.0827222607502868,595,30,0.75,0,0.0,0.0,31.5,3894,,,,,,,,,,,,,,,,,,,,,,,,,,,
96,C,participants_only,,,30,30,0,0,16,14,0.4645616911836029,0.26015857914613993,0.989424288077503,0.09498574733582733,595,30,1.0,0,0.0,0.0,25.333333333333332,3894,,,,,,,,,,,,,,,,,,,,,,,,,,,
96,C,nonparticipants_only,,,10,0,10,0,0,0,0.21853459524737856,0.22374390970938834,0.25113987010028044,0.0005348020425560991,0,0,0.0,0,0.0,0.0,50.0,0,,,,,,,,,,,,,,,,,,,,,,,,,,,
96,C,step_totals,,,,,,,,,,,,,,,,,,,,,69.70000000000007,10.5,0.1506456241032997,,,0.0,0.0,49.0,0.7030129124820652,0.005526358298578533,0.14285714285714285,0.0,0,7,39,19,21,,23,49,4.200000000000001,0.06025824964131989,6.000000000000003,0.08608321377331415,21,30,20
97,C,all_agents,,,40,30,10,0,16,14,0.40405674815716786,0.23638985856020306,0.989847316554403,0.08344861762042878,600,30,0.75,0,0.0,0.0,31.3,3948,,,,,,,,,,,,,,,,,,,,,,,,,,,
97,C,participants_only,,,30,30,0,0,16,14,0.4657657124237395,0.2592987222866717,0.989847316554403,0.0958569476484687,600,30,1.0,0,0.0,0.0,25.066666666666666,3948,,,,,,,,,,,,,,,,,,,,,,,,,,,
97,C,nonparticipants_only,,,10,0,10,0,0,0,0.21892985535745293,0.2245044587974319,0.25062419070852215,0.0005276722860728433,0,0,0.0,0,0.0,0.0,50.0,0,,,,,,,,,,,,,,,,,,,,,,,,,,,
97,C,step_totals,,,,,,,,,,,,,,,,,,,,,73.20000000000006,7.0,0.09562841530054637,,,0.0,0.0,57.0,0.7786885245901632,0.006456818817822631,0.08771929824561403,0.0,0,5,8,26,14,,19,57,3.2000000000000006,0.04371584699453549,6.000000000000003,0.08196721311475406,16,30,23
98,C,all_agents,,,40,30,10,0,16,14,0.4046751637476008,0.23712798304121085,0.9902534238922268,0.08381141740814328,608,30,0.75,0,0.0,0.0,31.5,3996,,,,,,,,,,,,,,,,,,,,,,,,,,,
98,C,participants_only,,,30,30,0,0,16,14,0.4664593136697744,0.2588800658998571,0.9902534238922268,0.09630577123335075,608,30,1.0,0,0.0,0.0,25.333333333333332,3996,,,,,,,,,,,,,,,,,,,,,,,,,,,
98,C,nonparticipants_only,,,10,0,10,0,0,0,0.2193227139810801,0.22443840214463645,0.25078351275952526,0.0005209817532534383,0,0,0.0,0,0.0,0.0,50.0,0,,,,,,,,,,,,,,,,,,,,,,,,,,,
98,C,step_totals,,,,,,,,,,,,,,,,,,,,,69.70000000000006,10.5,0.15064562410329974,,,0.0,0.0,49.0,0.7030129124820654,0.005677997104066437,0.16326530612244897,0.0,0,8,39,19,21,,23,49,4.200000000000001,0.06025824964131991,6.000000000000003,0.08608321377331417,21,30,19
99,C,all_agents,,,40,30,10,0,16,14,0.4055046396360049,0.2368562877809008,0.9906432869365377,0.08446522855833245,613,30,0.75,0,0.0,0.0,31.3,4047,,,,,,,,,,,,,,,,,,,,,,,,,,,
99,C,participants_only,,,30,30,0,0,16,14,0.46743504356010507,0.259202737101323,0.9906432869365377,0.097107538848068,613,30,1.0,0,0.0,0.0,25.066666666666666,4047,,,,,,,,,,,,,,,,,,,,,,,,,,,
99,C,nonparticipants_only,,,10,0,10,0,0,0,0.21971342786370443,0.224075760902951,0.2518421542703822,0.0005137985266994569,0,0,0.0,0,0.0,0.0,50.0,0,,,,,,,,,,,,,,,,,,,,,,,,,,,
99,C,step_totals,,,,,,,,,,,,,,,,,,,,,73.20000000000006,7.0,0.09562841530054637,,,0.0,0.0,57.0,0.7786885245901632,0.005894793965519594,0.08771929824561403,0.0,0,5,8,26,14,,19,57,3.2000000000000006,0.04371584699453549,6.000000000000003,0.08196721311475406,16,30,23
100,C,all_agents,,,40,30,10,0,16,14,0.40602223060946147,0.23709487033505589,0.9910175554590762,0.08480325921443485,618,30,0.75,0,0.0,0.0,31.5,4094,,,,,,,,,,,,,,,,,,,,,,,,,,,
100,C,participants_only,,,30,30,0,0,16,14,0.4679957313896081,0.2585910676297073,0.9910175554590762,0.09753910334397811,618,30,1.0,0,0.0,0.0,25.333333333333332,4094,,,,,,,,,,,,,,,,,,,,,,,,,,,
100,C,nonparticipants_only,,,10,0,10,0,0,0,0.2201017282690216,0.22485973816554705,0.2533640914348243,0.0005071492384430529,0,0,0.0,0,0.0,0.0,50.0,0,,,,,,,,,,,,,,,,,,,,,,,,,,,
100,C,step_totals,,,,,,,,,,,,,,,,,,,,,69.90000000000006,10.5,0.15021459227467798,,,0.0,0.0,49.0,0.7010014306151638,0.005323727649657605,0.10204081632653061,0.0,0,5,39,19,21,,23,49,4.400000000000001,0.06294706723891269,6.000000000000003,0.0858369098712446,22,30,18
100,C,reachability,0.25,0.0,,,,,,,,,,,,,,,,,,,,,,,,,,,,,,,,,,,,,,,,,,,,,
101,C,all_agents,,,40,30,10,0,16,14,0.406972079722241,0.2374458599843412,0.9913768532407131,0.0855385914363389,627,30,0.75,0,0.0,0.0,31.3,4150,,,,,,,,,,,,,,,,,,,,,,,,,,,
101,C,participants_only,,,30,30,0,0,16,14,0.4691335744749689,0.25729811229155874,0.9913768532407131,0.09842819644129652,627,30,1.0,0,0.0,0.0,25.066666666666666,4150,,,,,,,,,,,,,,,,,,,,,,,,,,,
101,C,nonparticipants_only,,,10,0,10,0,0,0,0.22048759546405744,0.22433317520934443,0.2527683853862317,0.0005011592627450904,0,0,0.0,0,0.0,0.0,50.0,0,,,,,,,,,,,,,,,,,,,,,,,,,,,
101,C,step_totals,,,,,,,,,,,,,,,,,,,,,73.40000000000006,7.0,0.09536784741144406,,,0.0,0.0,57.0,0.7765667574931874,0.0062756766923508685,0.15789473684210525,0.0,0,9,9,26,14,,19,57,3.400000000000001,0.04632152588555855,6.000000000000003,0.08174386920980924,17,30,24
102,C,all_agents,,,40,30,10,0,16,14,0.4075189099210492,0.2375373509297692,0.9917217791110846,0.0858737203041308,633,30,0.75,0,0.0,0.0,31.5,4198,,,,,,,,,,,,,,,,,,,,,,,,,,,
102,C,participants_only,,,30,30,0,0,16,14,0.46973470912138526,0.2568474885124979,0.9917217791110846,0.09885033816018408,633,30,1.0,0,0.0,0.0,25.333333333333332,4198,,,,,,,,,,,,,,,,,,,,,,,,,,,
102,C,nonparticipants_only,,,10,0,10,0,0,0,0.22087151232004096,0.22448765102950913,0.25247460672274324,0.0004941986943324589,0,0,0.0,0,0.0,0.0,50.0,0,,,,,,,,,,,,,,,,,,,,,,,,,,,
102,C,step_totals,,,,,,,,,,,,,,,,,,,,,69.90000000000006,10.5,0.15021459227467798,,,0.0,0.0,49.0,0.7010014306151638,0.005436421566564447,0.12244897959183673,0.0,0,6,39,19,21,,23,49,4.400000000000001,0.06294706723891269,6.000000000000003,0.0858369098712446,22,30,18
103,C,all_agents,,,40,30,10,0,16,14,0.40841350965712947,0.23699911208487384,0.9920529079466412,0.08659075225964533,640,30,0.75,0,0.0,0.0,31.3,4253,,,,,,,,,,,,,,,,,,,,,,,,,,,
103,C,participants_only,,,30,30,0,0,16,14,0.4708004238803443,0.2555632510699354,0.9920529079466412,0.09972287232698535,640,30,1.0,0,0.0,0.0,25.066666666666666,4253,,,,,,,,,,,,,,,,,,,,,,,,,,,
103,C,nonparticipants_only,,,10,0,10,0,0,0,0.22125276698748483,0.22663446034298124,0.2519767201957586,0.0004888672620880276,0,0,0.0,0,0.0,0.0,50.0,0,,,,,,,,,,,,,,,,,,,,,,,,,,,
103,C,step_totals,,,,,,,,,,,,,,,,,,,,,72.70000000000006,6.5,0.08940852819807421,,,0.0,0.0,57.0,0.7840440165061892,0.006178533266084106,0.12280701754385964,0.0,0,7,8,27,13,,20,57,3.2000000000000006,0.044016506189821156,6.000000000000003,0.08253094910591469,16,30,24
104,C,all_agents,,,40,30,10,0,16,14,0.40891143482188336,0.2366811013866714,0.9923707916287756,0.08688617128013705,646,30,0.75,0,0.0,0.0,31.5,4300,,,,,,,,,,,,,,,,,,,,,,,,,,,
104,C,participants_only,,,30,30,0,0,16,14,0.4713379193059933,0.2569304845990077,0.9923707916287756,0.1000989829819384,646,30,1.0,0,0.0,0.0,25.333333333333332,4300,,,,,,,,,,,,,,,,,,,,,,,,,,,
104,C,nonparticipants_only,,,10,0,10,0,0,0,0.22163198136955387,0.22657068289138982,0.25213054504102833,0.0004829445941953143,0,0,0.0,0,0.0,0.0,50.0,0,,,,,,,,,,,,,,,,,,,,,,,,,,,
104,C,step_totals,,,,,,,,,,,,,,,,,,,,,69.90000000000008,10.5,0.15021459227467795,,,0.0,0.0,49.0,0.7010014306151637,0.005280569988297743,0.12244897959183673,0.0,0,6,39,19,21,,23,49,4.400000000000001,0.06294706723891268,6.000000000000003,0.08583690987124458,22,30,18
105,C,all_agents,,,40,30,10,0,16,14,0.40958743776159956,0.2377514511828669,0.9926759599636246,0.08751290414660395,655,30,0.75,0,0.0,0.0,31.3,4352,,,,,,,,,,,,,,,,,,,,,,,,,,,
105,C,participants_only,,,30,30,0,0,16,14,0.4721135563250958,0.25564583217601267,0.9926759599636246,0.1008869103647123,655,30,1.0,0,0.0,0.0,25.066666666666666,4352,,,,,,,,,,,,,,,,,,,,,,,,,,,
105,C,nonparticipants_only,,,10,0,10,0,0,0,0.222009082071111,0.22622055412679334,0.25315265946635995,0.00047669946088236723,0,0,0.0,0,0.0,0.0,50.0,0,,,,,,,,,,,,,,,,,,,,,,,,,,,
105,C,step_totals,,,,,,,,,,,,,,,,,,,,,72.90000000000006,6.5,0.08916323731138538,,,0.0,0.0,57.0,0.7818930041152257,0.005445955587739311,0.15789473684210525,0.0,0,9,8,27,13,,20,57,3.400000000000001,0.04663923182441698,6.000000000000003,0.08230452674897117,17,30,24
106,C,all_agents,,,40,30,10,0,16,14,0.4100188335030311,0.2378978245642887,0.9929689215650795,0.08780366284521154,662,30,0.75,0,0.0,0.0,31.5,4399,,,,,,,,,,,,,,,,,,,,,,,,,,,
106,C,participants_only,,,30,30,0,0,16,14,0.47256381244304835,0.2572576269748922,0.9929689215650795,0.10126711743656157,662,30,1.0,0,0.0,0.0,25.333333333333332,4399,,,,,,,,,,,,,,,,,,,,,,,,,,,
106,C,nonparticipants_only,,,10,0,10,0,0,0,0.2223838966829793,0.2269774812461378,0.25462208411509246,0.0004708063838750401,0,0,0.0,0,0.0,0.0,50.0,0,,,,,,,,,,,,,,,,,,,,,,,,,,,
106,C,step_totals,,,,,,,,,,,,,,,,,,,,,69.90000000000008,10.5,0.15021459227467795,,,0.0,0.0,49.0,0.7010014306151637,0.0050607188889917965,0.14285714285714285,0.0,0,7,39,19,21,,24,49,4.400000000000001,0.06294706723891268,6.000000000000003,0.08583690987124458,22,30,18
107,C,all_agents,,,40,30,10,0,16,14,0.41067901849830696,0.23754663210843568,0.9932501647024764,0.08845305972581993,667,30,0.75,0,0.0,0.0,31.3,4452,,,,,,,,,,,,,,,,,,,,,,,,,,,
107,C,participants_only,,,30,30,0,0,16,14,0.47331990554026393,0.2559713388400177,0.9932501647024764,0.10208670251102618,667,30,1.0,0,0.0,0.0,25.066666666666666,4452,,,,,,,,,,,,,,,,,,,,,,,,,,,
107,C,nonparticipants_only,,,10,0,10,0,0,0,0.22275635737243601,0.22646908667832583,0.25404693214978646,0.0004655626173626286,0,0,0.0,0,0.0,0.0,50.0,0,,,,,,,,,,,,,,,,,,,,,,,,,,,
107,C,step_totals,,,,,,,,,,,,,,,,,,,,,72.90000000000005,6.5,0.0891632373113854,,,0.0,0.0,57.0,0.7818930041152258,0.005396201692011618,0.08771929824561403,0.0,0,5,7,27,13,,20,57,3.400000000000001,0.04663923182441699,6.000000000000003,0.08230452674897118,17,30,23
108,C,all_agents,,,40,30,10,0,16,14,0.41119027484243936,0.23874142920331498,0.9935201581143773,0.08876458367812524,677,30,0.75,0,0.0,0.0,31.5,4500,,,,,,,,,,,,,,,,,,,,,,,,,,,
108,C,participants_only,,,30,30,0,0,16,14,0.4738781429130727,0.2562755999260109,0.9935201581143773,0.10248025969494791,677,30,1.0,0,0.0,0.0,25.333333333333332,4500,,,,,,,,,,,,,,,,,,,,,,,,,,,
108,C,nonparticipants_only,,,10,0,10,0,0,0,0.22312667063053956,0.22661823250581886,0.2537632899472782,0.00046032998876377923,0,0,0.0,0,0.0,0.0,50.0,0,,,,,,,,,,,,,,,,,,,,,,,,,,,
108,C,step_totals,,,,,,,,,,,,,,,,,,,,,69.90000000000008,10.5,0.15021459227467795,,,0.0,0.0,49.0,0.7010014306151637,0.005343136486696559,0.20408163265306123,0.0,0,10,39,19,21,,24,49,4.400000000000001,0.06294706723891268,6.000000000000003,0.08583690987124458,22,30,18
109,C,all_agents,,,40,30,10,0,16,14,0.41195087279248743,0.23831806343114834,0.9937793517898023,0.08945728124131772,683,30,0.75,0,0.0,0.0,31.3,4555,,,,,,,,,,,,,,,,,,,,,,,,,,,
109,C,participants_only,,,30,30,0,0,16,14,0.4747696025082516,0.25499422192638077,0.9937793517898023,0.10333970851387717,683,30,1.0,0,0.0,0.0,25.066666666666666,4555,,,,,,,,,,,,,,,,,,,,,,,,,,,
109,C,nonparticipants_only,,,10,0,10,0,0,0,0.22349468364519484,0.22869096888091145,0.2532825823647866,0.000455685786412521,0,0,0.0,0,0.0,0.0,50.0,0,,,,,,,,,,,,,,,,,,,,,,,,,,,
109,C,step_totals,,,,,,,,,,,,,,,,,,,,,72.90000000000006,6.5,0.08916323731138538,,,0.0,0.0,57.0,0.7818930041152257,0.005730740447160148,0.10526315789473684,0.0,0,6,7,27,13,,20,57,3.400000000000001,0.04663923182441698,6.000000000000003,0.08230452674897117,17,30,23
110,C,all_agents,,,40,30,10,0,16,14,0.41235487398753123,0.2381538519249522,0.9940281777182102,0.08971369687167637,692,30,0.75,0,0.0,0.0,31.5,4602,,,,,,,,,,,,,,,,,,,,,,,,,,,
110,C,participants_only,,,30,30,0,0,16,14,0.4751862702812687,0.2552650954106934,0.9940281777182102,0.10367691910794657,692,30,1.0,0,0.0,0.0,25.333333333333332,4602,,,,,,,,,,,,,,,,,,,,,,,,,,,
110,C,nonparticipants_only,,,10,0,10,0,0,0,0.2238606851063187,0.22862939198957102,0.2534310996784496,0.0004506178402174371,0,0,0.0,0,0.0,0.0,50.0,0,,,,,,,,,,,,,,,,,,,,,,,,,,,
110,C,step_totals,,,,,,,,,,,,,,,,,,,,,69.90000000000006,10.5,0.15021459227467798,,,0.0,0.0,49.0,0.7010014306151638,0.004985353290566896,0.1836734693877551,0.0,0,9,39,19,21,,24,49,4.400000000000001,0.06294706723891269,6.000000000000003,0.0858369098712446,22,30,18
110,C,reachability,0.25,0.0,,,,,,,,,,,,,,,,,,,,,,,,,,,,,,,,,,,,,,,,,,,,,
111,C,all_agents,,,40,30,10,0,16,14,0.41305233946656716,0.23913244122412447,0.9942670506094817,0.0903768615076163,704,30,0.75,0,0.0,0.0,31.3,4656,,,,,,,,,,,,,,,,,,,,,,,,,,,
111,C,participants_only,,,30,30,0,0,16,14,0.4759948626616078,0.25398876993363995,0.9942670506094817,0.10450717371067397,704,30,1.0,0,0.0,0.0,25.066666666666666,4656,,,,,,,,,,,,,,,,,,,,,,,,,,,
111,C,nonparticipants_only,,,10,0,10,0,0,0,0.2242247698814453,0.2282913439748773,0.2544179473391136,0.0004447901845445387,0,0,0.0,0,0.0,0.0,50.0,0,,,,,,,,,,,,,,,,,,,,,,,,,,,
111,C,step_totals,,,,,,,,,,,,,,,,,,,,,72.90000000000006,6.5,0.08916323731138538,,,0.0,0.0,57.0,0.7818930041152257,0.005525836909444639,0.21052631578947367,0.0,0,12,7,27,13,,20,57,3.400000000000001,0.04663923182441698,6.000000000000003,0.08230452674897117,17,30,23
112,C,all_agents,,,40,30,10,0,16,14,0.41339167043701297,0.23910019188566334,0.9944963685851025,0.09060137710912497,713,30,0.75,0,0.0,0.0,31.5,4701,,,,,,,,,,,,,,,,,,,,,,,,,,,
112,C,participants_only,,,30,30,0,0,16,14,0.47632667658618627,0.2539303110894182,0.9944963685851025,0.10481214806471305,713,30,1.0,0,0.0,0.0,25.333333333333332,4701,,,,,,,,,,,,,,,,,,,,,,,,,,,
112,C,nonparticipants_only,,,10,0,10,0,0,0,0.22458665198949296,0.22902215428192865,0.2558366713500317,0.000439284254402941,0,0,0.0,0,0.0,0.0,50.0,0,,,,,,,,,,,,,,,,,,,,,,,,,,,
112,C,step_totals,,,,,,,,,,,,,,,,,,,,,69.90000000000006,10.5,0.15021459227467798,,,0.0,0.0,49.0,0.7010014306151638,0.004772684879616987,0.1836734693877551,0.0,0,9,39,19,21,,24,49,4.400000000000001,0.06294706723891269,6.000000000000003,0.0858369098712446,22,30,18
113,C,all_agents,,,40,30,10,0,16,14,0.4140884129190457,0.23907114191746864,0.9947165138416983,0.09127328238285991,720,30,0.75,0,0.0,0.0,31.3,4757,,,,,,,,,,,,,,,,,,,,,,,,,,,
113,C,participants_only,,,30,30,0,0,16,14,0.47713579676064666,0.2526606595339711,0.9947165138416983,0.10565301851330676,720,30,1.0,0,0.0,0.0,25.066666666666666,4757,,,,,,,,,,,,,,,,,,,,,,,,,,,
113,C,nonparticipants_only,,,10,0,10,0,0,0,0.22494626139424273,0.22853130122525955,0.2552813642753816,0.0004344026802773142,0,0,0.0,0,0.0,0.0,50.0,0,,,,,,,,,,,,,,,,,,,,,,,,,,,
113,C,step_totals,,,,,,,,,,,,,,,,,,,,,72.70000000000006,6.5,0.08940852819807421,,,0.0,0.0,57.0,0.7840440165061892,0.005540063549596332,0.12280701754385964,0.0,0,7,7,27,13,,20,57,3.2000000000000006,0.044016506189821156,6.000000000000003,0.08253094910591469,16,30,23
114,C,all_agents,,,40,30,10,0,16,14,0.4144778302432625,0.2396465454529551,0.9949278532880305,0.09152209671447938,730,30,0.75,0,0.0,0.0,31.5,4804,,,,,,,,,,,,,,,,,,,,,,,,,,,
114,C,participants_only,,,30,30,0,0,16,14,0.47753584117033654,0.2518608889465148,0.9949278532880305,0.10598103515785723,730,30,1.0,0,0.0,0.0,25.333333333333332,4804,,,,,,,,,,,,,,,,,,,,,,,,,,,
114,C,nonparticipants_only,,,10,0,10,0,0,0,0.2253037974620404,0.22867530096473251,0.255007508788096,0.0004295284793979765,0,0,0.0,0,0.0,0.0,50.0,0,,,,,,,,,,,,,,,,,,,,,,,,,,,
114,C,step_totals,,,,,,,,,,,,,,,,,,,,,69.90000000000006,10.5,0.15021459227467798,,,0.0,0.0,49.0,0.7010014306151638,0.004953814237494039,0.20408163265306123,0.0,0,10,39,19,21,,24,49,4.400000000000001,0.06294706723891269,6.000000000000003,0.0858369098712446,22,30,18
115,C,all_agents,,,40,30,10,0,16,14,0.4150953184489603,0.23981426778265974,0.9951307391565093,0.09216520742666197,741,30,0.75,0,0.0,0.0,31.3,4859,,,,,,,,,,,,,,,,,,,,,,,,,,,
115,C,participants_only,,,30,30,0,0,16,14,0.4782407203808208,0.25060158450178227,0.9951307391565093,0.10679583656014205,741,30,1.0,0,0.0,0.0,25.066666666666666,4859,,,,,,,,,,,,,,,,,,,,,,,,,,,
115,C,nonparticipants_only,,,10,0,10,0,0,0,0.22565911265337887,0.23067652019443832,0.25454338741235927,0.0004252186045871892,0,0,0.0,0,0.0,0.0,50.0,0,,,,,,,,,,,,,,,,,,,,,,,,,,,
115,C,step_totals,,,,,,,,,,,,,,,,,,,,,72.90000000000006,6.5,0.08916323731138538,,,0.0,0.0,57.0,0.7818930041152257,0.005266300899457495,0.19298245614035087,0.0,0,11,7,27,13,,20,57,3.400000000000001,0.04663923182441698,6.000000000000003,0.08230452674897117,17,30,22
116,C,all_agents,,,40,30,10,0,16,14,0.4154315038348659,0.2394076920249893,0.9953255095902489,0.09238210539939906,747,30,0.75,0,0.0,0.0,31.5,4906,,,,,,,,,,,,,,,,,,,,,,,,,,,
116,C,participants_only,,,30,30,0,0,16,14,0.4785711765473896,0.25219174969504493,0.9953255095902489,0.10708950141905839,747,30,1.0,0,0.0,0.0,25.333333333333332,4906,,,,,,,,,,,,,,,,,,,,,,,,,,,
116,C,nonparticipants_only,,,10,0,10,0,0,0,0.22601248569729468,0.2306170679358025,0.2546867803240765,0.00042049809748570223,0,0,0.0,0,0.0,0.0,50.0,0,,,,,,,,,,,,,,,,,,,,,,,,,,,
116,C,step_totals,,,,,,,,,,,,,,,,,,,,,69.90000000000006,10.5,0.15021459227467798,,,0.0,0.0,49.0,0.7010014306151638,0.004778967450226586,0.12244897959183673,0.0,0,6,39,19,21,,24,49,4.400000000000001,0.06294706723891269,6.000000000000003,0.0858369098712446,22,30,18
117,C,all_agents,,,40,30,10,0,16,14,0.416064644564545,0.23898586219535414,0.9955124892066389,0.09303344928237464,752,30,0.75,0,0.0,0.0,31.3,4962,,,,,,,,,,,,,,,,,,,,,,,,,,,
117,C,participants_only,,,30,30,0,0,16,14,0.47929819002338064,0.25093079094656967,0.9955124892066389,0.10791232579526128,752,30,1.0,0,0.0,0.0,25.066666666666666,4962,,,,,,,,,,,,,,,,,,,,,,,,,,,
117,C,nonparticipants_only,,,10,0,10,0,0,0,0.22636400818803779,0.23029068384002535,0.2556395780551544,0.0004150444881790016,0,0,0.0,0,0.0,0.0,50.0,0,,,,,,,,,,,,,,,,,,,,,,,,,,,
117,C,step_totals,,,,,,,,,,,,,,,,,,,,,72.90000000000008,6.5,0.08916323731138537,,,0.0,0.0,57.0,0.7818930041152256,0.005319984746676643,0.08771929824561403,0.0,0,5,7,27,13,,21,57,3.400000000000001,0.04663923182441697,6.000000000000003,0.08230452674897114,17,30,22
118,C,all_agents,,,40,30,10,0,16,14,0.41642774329304805,0.23997863531139665,0.9956919896383734,0.09325694239089086,759,30,0.75,0,0.0,0.0,31.5,5010,,,,,,,,,,,,,,,,,,,,,,,,,,,
118,C,participants_only,,,30,30,0,0,16,14,0.47966585638675,0.2508032103348097,0.9956919896383734,0.10820972077017912,759,30,1.0,0,0.0,0.0,25.333333333333332,5010,,,,,,,,,,,,,,,,,,,,,,,,,,,
118,C,nonparticipants_only,,,10,0,10,0,0,0,0.2267134040119419,0.23099627846233858,0.2570093507895997,0.0004098998812038296,0,0,0.0,0,0.0,0.0,50.0,0,,,,,,,,,,,,,,,,,,,,,,,,,,,
118,C,step_totals,,,,,,,,,,,,,,,,,,,,,69.90000000000006,10.5,0.15021459227467798,,,0.0,0.0,49.0,0.7010014306151638,0.004880025102575327,0.14285714285714285,0.0,0,7,39,19,21,,24,49,4.400000000000001,0.06294706723891269,6.000000000000003,0.0858369098712446,22,30,18
119,C,all_agents,,,40,30,10,0,16,14,0.4170298517730909,0.24011439986098254,0.9958643100528384,0.09389777118918083,769,30,0.75,0,0.0,0.0,31.3,5065,,,,,,,,,,,,,,,,,,,,,,,,,,,
119,C,participants_only,,,30,30,0,0,16,14,0.4803529338476882,0.24954919428313566,0.9958643100528384,0.10902265878861012,769,30,1.0,0,0.0,0.0,25.066666666666666,5065,,,,,,,,,,,,,,,,,,,,,,,,,,,
119,C,nonparticipants_only,,,10,0,10,0,0,0,0.22706060554929908,0.23052236166917084,0.25647320388276895,0.0004053557097787557,0,0,0.0,0,0.0,0.0,50.0,0,,,,,,,,,,,,,,,,,,,,,,,,,,,
119,C,step_totals,,,,,,,,,,,,,,,,,,,,,72.90000000000006,6.5,0.08916323731138538,,,0.0,0.0,57.0,0.7818930041152257,0.005219927662677237,0.17543859649122806,0.0,0,10,7,27,13,,21,57,3.400000000000001,0.04663923182441698,6.000000000000003,0.08230452674897117,17,30,22
120,C,all_agents,,,40,30,10,0,16,14,0.4173340030915299,0.239792601857365,0.9960297376507249,0.0940880384825059,781,30,0.75,0,0.0,0.0,31.5,5110,,,,,,,,,,,,,,,,,,,,,,,,,,,
120,C,participants_only,,,30,30,0,0,16,14,0.48064340235951597,0.2494115395409306,0.9960297376507249,0.10928479266529008,781,30,1.0,0,0.0,0.0,25.333333333333332,5110,,,,,,,,,,,,,,,,,,,,,,,,,,,
120,C,nonparticipants_only,,,10,0,10,0,0,0,0.2274058052875717,0.23066139287987802,0.25620879743248315,0.00040081550607404,0,0,0.0,0,0.0,0.0,50.0,0,,,,,,,,,,,,,,,,,,,,,,,,,,,
120,C,step_totals,,,,,,,,,,,,,,,,,,,,,69.70000000000005,10.5,0.15064562410329976,,,0.0,0.0,49.0,0.7030129124820655,0.0046988247246147275,0.24489795918367346,0.0,0,12,39,19,21,,24,49,4.200000000000001,0.06025824964131992,6.000000000000003,0.08608321377331418,21,30,18
120,C,reachability,0.25,0.0,,,,,,,,,,,,,,,,,,,,,,,,,,,,,,,,,,,,,,,,,,,,,
121,C,all_agents,,,40,30,10,0,16,14,0.4178632277315887,0.2408482145663058,0.9961885481446959,0.09469626540929234,786,30,0.75,0,0.0,0.0,31.3,5164,,,,,,,,,,,,,,,,,,,,,,,,,,,
121,C,participants_only,,,30,30,0,0,16,14,0.4812346833828128,0.24816448184322593,0.9961885481446959,0.11006564944119467,786,30,1.0,0,0.0,0.0,25.066666666666666,5164,,,,,,,,,,,,,,,,,,,,,,,,,,,
121,C,nonparticipants_only,,,10,0,10,0,0,0,0.22774886077791662,0.23259356257278718,0.25576068997742846,0.00039681661732473466,0,0,0.0,0,0.0,0.0,50.0,0,,,,,,,,,,,,,,,,,,,,,,,,,,,
121,C,step_totals,,,,,,,,,,,,,,,,,,,,,72.90000000000006,6.5,0.08916323731138538,,,0.0,0.0,57.0,0.7818930041152257,0.004981460716622865,0.08771929824561403,0.0,0,5,7,27,13,,21,57,3.400000000000001,0.04663923182441698,6.000000000000003,0.08230452674897117,17,30,22
122,C,all_agents,,,40,30,10,0,16,14,0.4181275984301501,0.2406875674464868,0.9963410062189081,0.09487510721034992,788,30,0.75,0,0.0,0.0,31.5,5211,,,,,,,,,,,,,,,,,,,,,,,,,,,
122,C,participants_only,,,30,30,0,0,16,14,0.4814734508628076,0.24823366154584567,0.9963410062189081,0.11031854824619013,788,30,1.0,0,0.0,0.0,25.333333333333332,5211,,,,,,,,,,,,,,,,,,,,,,,,,,,
122,C,nonparticipants_only,,,10,0,10,0,0,0,0.22809004113217773,0.23253616163909338,0.2558991352982037,0.00039241985778911846,0,0,0.0,0,0.0,0.0,50.0,0,,,,,,,,,,,,,,,,,,,,,,,,,,,
122,C,step_totals,,,,,,,,,,,,,,,,,,,,,69.70000000000006,10.5,0.15064562410329974,,,0.0,0.0,49.0,0.7030129124820654,0.00456853158567342,0.04081632653061224,0.0,0,2,39,19,21,,24,49,4.200000000000001,0.06025824964131991,6.000000000000003,0.08608321377331417,21,30,18
123,C,all_agents,,,40,30,10,0,16,14,0.4186221655746971,0.24034493191880626,0.9964873659701518,0.09547587257784483,792,30,0.75,0,0.0,0.0,31.3,5266,,,,,,,,,,,,,,,,,,,,,,,,,,,
123,C,participants_only,,,30,30,0,0,16,14,0.4820197425048423,0.24699249323811645,0.9964873659701518,0.11109504717516516,792,30,1.0,0,0.0,0.0,25.066666666666666,5266,,,,,,,,,,,,,,,,,,,,,,,,,,,
123,C,nonparticipants_only,,,10,0,10,0,0,0,0.22842943478426136,0.23222103901347235,0.2568190579494226,0.00038731565851964214,0,0,0.0,0,0.0,0.0,50.0,0,,,,,,,,,,,,,,,,,,,,,,,,,,,
123,C,step_totals,,,,,,,,,,,,,,,,,,,,,72.90000000000006,6.5,0.08916323731138538,,,0.0,0.0,57.0,0.7818930041152257,0.004868669632457428,0.07017543859649122,0.0,0,4,7,27,13,,21,57,3.400000000000001,0.04663923182441698,6.000000000000003,0.08230452674897117,17,30,22
124,C,all_agents,,,40,30,10,0,16,14,0.41888520071777735,0.2403656860281797,0.9966278713313457,0.09564243702890111,801,30,0.75,0,0.0,0.0,31.5,5313,,,,,,,,,,,,,,,,,,,,,,,,,,,
124,C,participants_only,,,30,30,0,0,16,14,0.4822580092412186,0.24739760042046435,0.9966278713313457,0.11133129516880297,801,30,1.0,0,0.0,0.0,25.333333333333332,5313,,,,,,,,,,,,,,,,,,,,,,,,,,,
124,C,nonparticipants_only,,,10,0,10,0,0,0,0.22876677514745372,0.2329022879863366,0.25814156840923747,0.00038250828741064275,0,0,0.0,0,0.0,0.0,50.0,0,,,,,,,,,,,,,,,,,,,,,,,,,,,
124,C,step_totals,,,,,,,,,,,,,,,,,,,,,69.50000000000006,10.5,0.15107913669064735,,,0.0,0.0,49.0,0.705035971223021,0.004583260322601497,0.1836734693877551,0.0,0,9,39,19,21,,24,49,4.000000000000001,0.05755395683453234,6.000000000000003,0.08633093525179852,20,30,18
125,C,all_agents,,,40,30,10,0,16,14,0.4193842686455539,0.24039073258362198,0.9967627564780919,0.09625390611399938,815,30,0.75,0,0.0,0.0,31.3,5369,,,,,,,,,,,,,,,,,,,,,,,,,,,
125,C,participants_only,,,30,30,0,0,16,14,0.4828116925490121,0.24616061241836204,0.9967627564780919,0.11212029626721996,815,30,1.0,0,0.0,0.0,25.066666666666666,5369,,,,,,,,,,,,,,,,,,,,,,,,,,,
125,C,nonparticipants_only,,,10,0,10,0,0,0,0.2291019969351794,0.23244472309233244,0.2576239205728844,0.0003782784179899476,0,0,0.0,0,0.0,0.0,50.0,0,,,,,,,,,,,,,,,,,,,,,,,,,,,
125,C,step_totals,,,,,,,,,,,,,,,,,,,,,72.90000000000006,6.5,0.08916323731138538,,,0.0,0.0,57.0,0.7818930041152257,0.004884395009672864,0.24561403508771928,0.0,0,14,7,27,13,,21,57,3.400000000000001,0.04663923182441698,6.000000000000003,0.08230452674897117,17,30,22
126,C,all_agents,,,40,30,10,0,16,14,0.4196737990253449,0.24090221064307654,0.9968922462189682,0.09642966508466887,820,30,0.75,0,0.0,0.0,31.5,5417,,,,,,,,,,,,,,,,,,,,,,,,,,,
126,C,participants_only,,,30,30,0,0,16,14,0.48308663670267166,0.2468567031409929,0.9968922462189682,0.11236345170307233,820,30,1.0,0,0.0,0.0,25.333333333333332,5417,,,,,,,,,,,,,,,,,,,,,,,,,,,
126,C,nonparticipants_only,,,10,0,10,0,0,0,0.22943528599336452,0.23257895720707078,0.2573686371325353,0.00037404944196651937,0,0,0.0,0,0.0,0.0,50.0,0,,,,,,,,,,,,,,,,,,,,,,,,,,,
126,C,step_totals,,,,,,,,,,,,,,,,,,,,,69.70000000000006,10.5,0.15064562410329974,,,0.0,0.0,49.0,0.7030129124820654,0.004667685253114998,0.10204081632653061,0.0,0,5,39,19,21,,24,49,4.200000000000001,0.06025824964131991,6.000000000000003,0.08608321377331417,21,30,18
127,C,all_agents,,,40,30,10,0,16,14,0.42019027832724964,0.2400462899008281,0.9970165563702095,0.09704966610587334,831,30,0.75,0,0.0,0.0,31.3,5473,,,,,,,,,,,,,,,,,,,,,,,,,,,
127,C,participants_only,,,30,30,0,0,16,14,0.48366486950693854,0.2456224196252879,0.9970165563702095,0.11316001330484649,831,30,1.0,0,0.0,0.0,25.066666666666666,5473,,,,,,,,,,,,,,,,,,,,,,,,,,,
127,C,nonparticipants_only,,,10,0,10,0,0,0,0.2297665047881829,0.234444459830062,0.2569359910580967,0.000370339803810217,0,0,0.0,0,0.0,0.0,50.0,0,,,,,,,,,,,,,,,,,,,,,,,,,,,
127,C,step_totals,,,,,,,,,,,,,,,,,,,,,72.90000000000006,6.5,0.08916323731138538,,,0.0,0.0,57.0,0.7818930041152257,0.0049431216165802105,0.19298245614035087,0.0,0,11,7,27,13,,21,57,3.400000000000001,0.04663923182441698,6.000000000000003,0.08230452674897117,17,30,22
128,C,all_agents,,,40,30,10,0,16,14,0.42044835628486127,0.24099375041413273,0.997135894115401,0.09721266524808127,838,30,0.75,0,0.0,0.0,31.5,5520,,,,,,,,,,,,,,,,,,,,,,,,,,,
128,C,participants_only,,,30,30,0,0,16,14,0.4838991706644434,0.24653778555207587,0.997135894115401,0.1133907820452262,838,30,1.0,0,0.0,0.0,25.333333333333332,5520,,,,,,,,,,,,,,,,,,,,,,,,,,,
128,C,nonparticipants_only,,,10,0,10,0,0,0,0.23009591314611494,0.23438903944293923,0.25706965949829375,0.00036624471146025876,0,0,0.0,0,0.0,0.0,50.0,0,,,,,,,,,,,,,,,,,,,,,,,,,,,
128,C,step_totals,,,,,,,,,,,,,,,,,,,,,69.50000000000006,10.5,0.15107913669064735,,,0.0,0.0,49.0,0.705035971223021,0.004579125456433155,0.14285714285714285,0.0,0,7,39,19,21,,24,49,4.000000000000001,0.05755395683453234,6.000000000000003,0.08633093525179852,20,30,18
129,C,all_agents,,,40,30,10,0,16,14,0.42082946776275854,0.240647624342753,0.997250458350785,0.09776087880066411,849,30,0.75,0,0.0,0.0,31.3,5574,,,,,,,,,,,,,,,,,,,,,,,,,,,
129,C,participants_only,,,30,30,0,0,16,14,0.48429809153375575,0.2453050966243155,0.997250458350785,0.11411428461019461,849,30,1.0,0,0.0,0.0,25.066666666666666,5574,,,,,,,,,,,,,,,,,,,,,,,,,,,
129,C,nonparticipants_only,,,10,0,10,0,0,0,0.23042359644976682,0.23408478972469898,0.25795784138267785,0.00036146693145988796,0,0,0.0,0,0.0,0.0,50.0,0,,,,,,,,,,,,,,,,,,,,,,,,,,,
129,C,step_totals,,,,,,,,,,,,,,,,,,,,,72.90000000000006,6.5,0.08916323731138538,,,0.0,0.0,57.0,0.7818930041152257,0.0044988804232146086,0.19298245614035087,0.0,0,11,7,27,13,,21,57,3.400000000000001,0.04663923182441698,6.000000000000003,0.08230452674897117,17,30,22
130,C,all_agents,,,40,30,10,0,16,14,0.4211133399702724,0.24013705938194338,0.9973604400167536,0.09793387114747841,854,30,0.75,0,0.0,0.0,31.5,5622,,,,,,,,,,,,,,,,,,,,,,,,,,,
130,C,participants_only,,,30,30,0,0,16,14,0.4845680208568091,0.24545718607960718,0.9973604400167536,0.11435351731496497,854,30,1.0,0,0.0,0.0,25.333333333333332,5622,,,,,,,,,,,,,,,,,,,,,,,,,,,
130,C,nonparticipants_only,,,10,0,10,0,0,0,0.23074929731066207,0.23474253306393694,0.2592347202928337,0.00035697432807216614,0,0,0.0,0,0.0,0.0,50.0,0,,,,,,,,,,,,,,,,,,,,,,,,,,,
130,C,step_totals,,,,,,,,,,,,,,,,,,,,,69.50000000000006,10.5,0.15107913669064735,,,0.0,0.0,49.0,0.705035971223021,0.00467262079902048,0.10204081632653061,0.0,0,5,39,19,21,,24,49,4.000000000000001,0.05755395683453234,6.000000000000003,0.08633093525179852,20,30,18
130,C,reachability,0.25,0.0,,,,,,,,,,,,,,,,,,,,,,,,,,,,,,,,,,,,,,,,,,,,,
131,C,all_agents,,,40,30,10,0,16,14,0.4215533427869728,0.239613161685516,0.9974660224160835,0.09851284967897661,867,30,0.75,0,0.0,0.0,31.3,5678,,,,,,,,,,,,,,,,,,,,,,,,,,,
131,C,participants_only,,,30,30,0,0,16,14,0.48504680615101187,0.24422990014920914,0.9974660224160835,0.11510710760074741,867,30,1.0,0,0.0,0.0,25.066666666666666,5678,,,,,,,,,,,,,,,,,,,,,,,,,,,
131,C,nonparticipants_only,,,10,0,10,0,0,0,0.2310729526948558,0.23430075586751054,0.25873493323994373,0.0003530372341374359,0,0,0.0,0,0.0,0.0,50.0,0,,,,,,,,,,,,,,,,,,,,,,,,,,,
131,C,step_totals,,,,,,,,,,,,,,,,,,,,,72.90000000000006,6.5,0.08916323731138538,,,0.0,0.0,57.0,0.7818930041152257,0.004694312388452839,0.22807017543859648,0.0,0,13,7,27,13,,21,57,3.400000000000001,0.04663923182441698,6.000000000000003,0.08230452674897117,17,30,22
132,C,all_agents,,,40,30,10,0,16,14,0.4217824730774271,0.24058408247411403,0.9975673815194401,0.09864337348140995,877,30,0.75,0,0.0,0.0,31.5,5725,,,,,,,,,,,,,,,,,,,,,,,,,,,
132,C,participants_only,,,30,30,0,0,16,14,0.4852450500912709,0.24488666575202875,0.9975673815194401,0.11529813716207454,877,30,1.0,0,0.0,0.0,25.333333333333332,5725,,,,,,,,,,,,,,,,,,,,,,,,,,,
132,C,nonparticipants_only,,,10,0,10,0,0,0,0.23139474203589577,0.23443035840400528,0.2584884580316196,0.00034909826455953666,0,0,0.0,0,0.0,0.0,50.0,0,,,,,,,,,,,,,,,,,,,,,,,,,,,
132,C,step_totals,,,,,,,,,,,,,,,,,,,,,69.50000000000007,10.5,0.15107913669064732,,,0.0,0.0,49.0,0.7050359712230209,0.00448880549487638,0.20408163265306123,0.0,0,10,39,19,21,,23,49,4.000000000000001,0.05755395683453233,6.000000000000003,0.08633093525179851,20,30,18
133,C,all_agents,,,40,30,10,0,16,14,0.42219560021280006,0.24006554432865743,0.9976646862586626,0.09921170148058968,888,30,0.75,0,0.0,0.0,31.3,5781,,,,,,,,,,,,,,,,,,,,,,,,,,,
133,C,participants_only,,,30,30,0,0,16,14,0.4856892894352713,0.24366223242326862,0.9976646862586626,0.11604125514385794,888,30,1.0,0,0.0,0.0,25.066666666666666,5781,,,,,,,,,,,,,,,,,,,,,,,,,,,
133,C,nonparticipants_only,,,10,0,10,0,0,0,0.23171453254538632,0.23623149421995288,0.2580707398624266,0.00034565763782777863,0,0,0.0,0,0.0,0.0,50.0,0,,,,,,,,,,,,,,,,,,,,,,,,,,,
133,C,step_totals,,,,,,,,,,,,,,,,,,,,,72.90000000000006,6.5,0.08916323731138538,,,0.0,0.0,57.0,0.7818930041152257,0.004606615703051881,0.19298245614035087,0.0,0,11,7,27,13,,21,57,3.400000000000001,0.04663923182441698,6.000000000000003,0.08230452674897117,17,30,22
134,C,all_agents,,,40,30,10,0,16,14,0.4224476801072494,0.24050572498892586,0.997758098808316,0.09936430493044582,894,30,0.75,0,0.0,0.0,31.5,5829,,,,,,,,,,,,,,,,,,,,,,,,,,,
134,C,participants_only,,,30,30,0,0,16,14,0.48591938178139127,0.2458126637522138,0.997758098808316,0.1162571643756115,894,30,1.0,0,0.0,0.0,25.333333333333332,5829,,,,,,,,,,,,,,,,,,,,,,,,,,,
134,C,nonparticipants_only,,,10,0,10,0,0,0,0.23203257508482406,0.2361779860431482,0.2581997962422642,0.0003418436340137607,0,0,0.0,0,0.0,0.0,50.0,0,,,,,,,,,,,,,,,,,,,,,,,,,,,
134,C,step_totals,,,,,,,,,,,,,,,,,,,,,69.50000000000006,10.5,0.15107913669064735,,,0.0,0.0,49.0,0.705035971223021,0.004573204739016553,0.12244897959183673,0.0,0,6,39,19,21,,23,49,4.000000000000001,0.05755395683453234,6.000000000000003,0.08633093525179852,20,30,18
135,C,all_agents,,,40,30,10,0,16,14,0.4228676669344102,0.24065168126491315,0.9978477748559834,0.09994249909200602,900,30,0.75,0,0.0,0.0,31.3,5886,,,,,,,,,,,,,,,,,,,,,,,,,,,
135,C,participants_only,,,30,30,0,0,16,14,0.48637390521561485,0.24458360043345273,0.9978477748559834,0.11701203931437554,900,30,1.0,0,0.0,0.0,25.066666666666666,5886,,,,,,,,,,,,,,,,,,,,,,,,,,,
135,C,nonparticipants_only,,,10,0,10,0,0,0,0.23234895209079637,0.23588423407638026,0.2590573325348023,0.0003373708173477932,0,0,0.0,0,0.0,0.0,50.0,0,,,,,,,,,,,,,,,,,,,,,,,,,,,
135,C,step_totals,,,,,,,,,,,,,,,,,,,,,72.90000000000005,6.5,0.0891632373113854,,,0.0,0.0,57.0,0.7818930041152258,0.00463065468349839,0.10526315789473684,0.0,0,6,7,27,13,,21,57,3.400000000000001,0.04663923182441699,6.000000000000003,0.08230452674897118,17,30,22
136,C,all_agents,,,40,30,10,0,16,14,0.42306621841073994,0.24132531441641064,0.9979338638617441,0.10006373807606721,904,30,0.75,0,0.0,0.0,31.5,5934,,,,,,,,,,,,,,,,,,,,,,,,,,,
136,C,participants_only,,,30,30,0,0,16,14,0.4865338195290898,0.24550782145065103,0.9979338638617441,0.11719471452675725,904,30,1.0,0,0.0,0.0,25.333333333333332,5934,,,,,,,,,,,,,,,,,,,,,,,,,,,
136,C,nonparticipants_only,,,10,0,10,0,0,0,0.23266341505569038,0.23651928281413165,0.26029015435416925,0.000333172023381509,0,0,0.0,0,0.0,0.0,50.0,0,,,,,,,,,,,,,,,,,,,,,,,,,,,
136,C,step_totals,,,,,,,,,,,,,,,,,,,,,69.50000000000007,10.5,0.15107913669064732,,,0.0,0.0,49.0,0.7050359712230209,0.004393570997682779,0.08163265306122448,0.0,0,4,39,19,21,,23,49,4.000000000000001,0.05755395683453233,6.000000000000003,0.08633093525179851,20,30,18
137,C,all_agents,,,40,30,10,0,16,14,0.42343870632519803,0.24053674453918533,0.9980165093072744,0.100612962417413,915,30,0.75,0,0.0,0.0,31.3,5990,,,,,,,,,,,,,,,,,,,,,,,,,,,
137,C,participants_only,,,30,30,0,0,16,14,0.4869263073934415,0.24428028234339777,0.9980165093072744,0.11791807871709054,915,30,1.0,0,0.0,0.0,25.066666666666666,5990,,,,,,,,,,,,,,,,,,,,,,,,,,,
137,C,nonparticipants_only,,,10,0,10,0,0,0,0.2329759031204678,0.2360927485807588,0.25980761182101336,0.0003295076455753315,0,0,0.0,0,0.0,0.0,50.0,0,,,,,,,,,,,,,,,,,,,,,,,,,,,
137,C,step_totals,,,,,,,,,,,,,,,,,,,,,72.90000000000005,6.5,0.0891632373113854,,,0.0,0.0,57.0,0.7818930041152258,0.004474564913097245,0.19298245614035087,0.0,0,11,7,27,13,,21,57,3.400000000000001,0.04663923182441699,6.000000000000003,0.08230452674897118,17,30,22
138,C,all_agents,,,40,30,10,0,16,14,0.42366123698715547,0.24122856078829502,0.9980958489349834,0.1007440315759261,924,30,0.75,0,0.0,0.0,31.5,6037,,,,,,,,,,,,,,,,,,,,,,,,,,,
138,C,participants_only,,,30,30,0,0,16,14,0.4871194528070244,0.24447491376006708,0.9980958489349834,0.11810898184629548,924,30,1.0,0,0.0,0.0,25.333333333333332,6037,,,,,,,,,,,,,,,,,,,,,,,,,,,
138,C,nonparticipants_only,,,10,0,10,0,0,0,0.23328658952754872,0.23621787934575558,0.25956964092781576,0.00032583890432519823,0,0,0.0,0,0.0,0.0,50.0,0,,,,,,,,,,,,,,,,,,,,,,,,,,,
138,C,step_totals,,,,,,,,,,,,,,,,,,,,,69.50000000000007,10.5,0.15107913669064732,,,0.0,0.0,49.0,0.7050359712230209,0.0044805930324081505,0.1836734693877551,0.0,0,9,39,19,21,,23,49,4.000000000000001,0.05755395683453233,6.000000000000003,0.08633093525179851,20,30,18
139,C,all_agents,,,40,30,10,0,16,14,0.4240366412783761,0.24110499727754295,0.998172014977584,0.10130148622655845,929,30,0.75,0,0.0,0.0,31.3,6093,,,,,,,,,,,,,,,,,,,,,,,,,,,
139,C,participants_only,,,30,30,0,0,16,14,0.4875170730144237,0.24325253919126671,0.998172014977584,0.11884203796719567,929,30,1.0,0,0.0,0.0,25.066666666666666,6093,,,,,,,,,,,,,,,,,,,,,,,,,,,
139,C,nonparticipants_only,,,10,0,10,0,0,0,0.23359534607023322,0.23795686924987458,0.2591663355953906,0.00032264844390674587,0,0,0.0,0,0.0,0.0,50.0,0,,,,,,,,,,,,,,,,,,,,,,,,,,,
139,C,step_totals,,,,,,,,,,,,,,,,,,,,,72.90000000000006,6.5,0.08916323731138538,,,0.0,0.0,57.0,0.7818930041152257,0.004485091755050889,0.08771929824561403,0.0,0,5,7,27,13,,21,57,3.400000000000001,0.04663923182441698,6.000000000000003,0.08230452674897117,17,30,22
140,C,all_agents,,,40,30,10,0,16,14,0.42422678903728867,0.24136155195520512,0.9982451343784806,0.10140713887699578,939,30,0.75,0,0.0,0.0,31.5,6140,,,,,,,,,,,,,,,,,,,,,,,,,,,
140,C,participants_only,,,30,30,0,0,16,14,0.4876682470649317,0.24383131064270397,0.9982451343784806,0.1190038786660622,939,30,1.0,0,0.0,0.0,25.333333333333332,6140,,,,,,,,,,,,,,,,,,,,,,,,,,,
140,C,nonparticipants_only,,,10,0,10,0,0,0,0.2339024149543593,0.2379052073049911,0.2592909390481744,0.00031909634971806624,0,0,0.0,0,0.0,0.0,50.0,0,,,,,,,,,,,,,,,,,,,,,,,,,,,
140,C,step_totals,,,,,,,,,,,,,,,,,,,,,69.50000000000004,10.5,0.1510791366906474,,,0.0,0.0,49.0,0.7050359712230212,0.004373124765054444,0.20408163265306123,0.0,0,10,39,19,21,,23,49,4.000000000000001,0.05755395683453235,6.000000000000003,0.08633093525179855,20,30,18
140,C,reachability,0.25,0.0,,,,,,,,,,,,,,,,,,,,,,,,,,,,,,,,,,,,,,,,,,,,,
141,C,all_agents,,,40,30,10,0,16,14,0.4245547318465759,0.24107448989685465,0.9983153290033414,0.10193444162802903,947,30,0.75,0,0.0,0.0,31.3,6195,,,,,,,,,,,,,,,,,,,,,,,,,,,
141,C,participants_only,,,30,30,0,0,16,14,0.48800368387138643,0.24261215408949044,0.9983153290033414,0.11970454129450622,947,30,1.0,0,0.0,0.0,25.066666666666666,6195,,,,,,,,,,,,,,,,,,,,,,,,,,,
141,C,nonparticipants_only,,,10,0,10,0,0,0,0.2342078757721443,0.23762159087806675,0.2601188871362285,0.0003149084720369742,0,0,0.0,0,0.0,0.0,50.0,0,,,,,,,,,,,,,,,,,,,,,,,,,,,
141,C,step_totals,,,,,,,,,,,,,,,,,,,,,72.90000000000006,6.5,0.08916323731138538,,,0.0,0.0,57.0,0.7818930041152257,0.004329586766619233,0.14035087719298245,0.0,0,8,7,27,13,,22,57,3.400000000000001,0.04663923182441698,6.000000000000003,0.08230452674897117,17,30,22
142,C,all_agents,,,40,30,10,0,16,14,0.4247276198683917,0.24209090654698773,0.9983827158432077,0.10202842471163971,954,30,0.75,0,0.0,0.0,31.5,6242,,,,,,,,,,,,,,,,,,,,,,,,,,,
142,C,participants_only,,,30,30,0,0,16,14,0.48813299696105017,0.24472232609300376,0.9983827158432077,0.11985327092609636,954,30,1.0,0,0.0,0.0,25.333333333333332,6242,,,,,,,,,,,,,,,,,,,,,,,,,,,
142,C,nonparticipants_only,,,10,0,10,0,0,0,0.23451148859041607,0.23823472806283374,0.2613091719989659,0.00031098393712302157,0,0,0.0,0,0.0,0.0,50.0,0,,,,,,,,,,,,,,,,,,,,,,,,,,,
142,C,step_totals,,,,,,,,,,,,,,,,,,,,,69.50000000000006,10.5,0.15107913669064735,,,0.0,0.0,49.0,0.705035971223021,0.00431743601424674,0.14285714285714285,0.0,0,7,39,19,21,,23,49,4.000000000000001,0.05755395683453234,6.000000000000003,0.08633093525179852,20,30,18
143,C,all_agents,,,40,30,10,0,16,14,0.4250402658513012,0.2416498915558359,0.9984474072094794,0.10254832698483911,964,30,0.75,0,0.0,0.0,31.3,6298,,,,,,,,,,,,,,,,,,,,,,,,,,,
143,C,participants_only,,,30,30,0,0,16,14,0.48844928958506817,0.24349871446253873,0.9984474072094794,0.12054576095514152,964,30,1.0,0,0.0,0.0,25.066666666666666,6298,,,,,,,,,,,,,,,,,,,,,,,,,,,
143,C,nonparticipants_only,,,10,0,10,0,0,0,0.2348131946500003,0.2378229108533657,0.26084327898521525,0.00030757358349878104,0,0,0.0,0,0.0,0.0,50.0,0,,,,,,,,,,,,,,,,,,,,,,,,,,,
143,C,step_totals,,,,,,,,,,,,,,,,,,,,,72.90000000000006,6.5,0.08916323731138538,,,0.0,0.0,57.0,0.7818930041152257,0.004279217102087308,0.17543859649122806,0.0,0,10,7,27,13,,22,57,3.400000000000001,0.04663923182441698,6.000000000000003,0.08230452674897117,17,30,22
144,C,all_agents,,,40,30,10,0,16,14,0.42518991563429936,0.24160790285507447,0.9985095109211003,0.10263127360906271,969,30,0.75,0,0.0,0.0,31.5,6346,,,,,,,,,,,,,,,,,,,,,,,,,,,
144,C,participants_only,,,30,30,0,0,16,14,0.48854883377379693,0.24452331436130675,0.9985095109211003,0.12068290256832934,969,30,1.0,0,0.0,0.0,25.333333333333332,6346,,,,,,,,,,,,,,,,,,,,,,,,,,,
144,C,nonparticipants_only,,,10,0,10,0,0,0,0.23511316121580672,0.23794372413968062,0.26061351897651375,0.0003041566375721943,0,0,0.0,0,0.0,0.0,50.0,0,,,,,,,,,,,,,,,,,,,,,,,,,,,
144,C,step_totals,,,,,,,,,,,,,,,,,,,,,69.50000000000006,10.5,0.15107913669064735,,,0.0,0.0,49.0,0.705035971223021,0.004240463583222474,0.10204081632653061,0.0,0,5,39,19,21,,23,49,4.000000000000001,0.05755395683453234,6.000000000000003,0.08633093525179852,20,30,18
145,C,all_agents,,,40,30,10,0,16,14,0.4254474239265277,0.24245771247619213,0.9985691304842563,0.10312039464058866,984,30,0.75,0,0.0,0.0,31.3,6401,,,,,,,,,,,,,,,,,,,,,,,,,,,
145,C,participants_only,,,30,30,0,0,16,14,0.48879281040045514,0.2433006977895002,0.9985691304842563,0.12134290797161643,984,30,1.0,0,0.0,0.0,25.066666666666666,6401,,,,,,,,,,,,,,,,,,,,,,,,,,,
145,C,nonparticipants_only,,,10,0,10,0,0,0,0.23541126450474525,0.2396227123980073,0.2602241291841644,0.0003011987971305318,0,0,0.0,0,0.0,0.0,50.0,0,,,,,,,,,,,,,,,,,,,,,,,,,,,
145,C,step_totals,,,,,,,,,,,,,,,,,,,,,72.90000000000005,6.5,0.0891632373113854,,,0.0,0.0,57.0,0.7818930041152258,0.004097514528590962,0.2631578947368421,0.0,0,15,7,27,13,,22,57,3.400000000000001,0.04663923182441699,6.000000000000003,0.08230452674897118,17,30,22
146,C,all_agents,,,40,30,10,0,16,14,0.42558306963883147,0.2425450847179319,0.9986263652648861,0.10318356402512943,994,30,0.75,0,0.0,0.0,31.5,6448,,,,,,,,,,,,,,,,,,,,,,,,,,,
146,C,participants_only,,,30,30,0,0,16,14,0.4888748467298926,0.24353599359681471,0.9986263652648861,0.12145539226468556,994,30,1.0,0,0.0,0.0,25.333333333333332,6448,,,,,,,,,,,,,,,,,,,,,,,,,,,
146,C,nonparticipants_only,,,10,0,10,0,0,0,0.2357077383656481,0.23957283298314916,0.2603444333525069,0.00029789073832619785,0,0,0.0,0,0.0,0.0,50.0,0,,,,,,,,,,,,,,,,,,,,,,,,,,,
146,C,step_totals,,,,,,,,,,,,,,,,,,,,,69.50000000000007,10.5,0.15107913669064732,,,0.0,0.0,49.0,0.7050359712230209,0.0041945493316409115,0.20408163265306123,0.0,0,10,39,19,21,,23,49,4.000000000000001,0.05755395683453233,6.000000000000003,0.08633093525179851,20,30,18
147,C,all_agents,,,40,30,10,0,16,14,0.42588578365392515,0.24180774179857192,0.9986813106542907,0.10370355047611396,1000,30,0.75,0,0.0,0.0,31.3,6505,,,,,,,,,,,,,,,,,,,,,,,,,,,
147,C,participants_only,,,30,30,0,0,16,14,0.4891801583237323,0.24231831362883063,0.9986813106542907,0.12214869947192081,1000,30,1.0,0,0.0,0.0,25.066666666666666,6505,,,,,,,,,,,,,,,,,,,,,,,,,,,
147,C,nonparticipants_only,,,10,0,10,0,0,0,0.23600265964450381,0.23929900238209356,0.261143814139626,0.00029396911059040396,0,0,0.0,0,0.0,0.0,50.0,0,,,,,,,,,,,,,,,,,,,,,,,,,,,
147,C,step_totals,,,,,,,,,,,,,,,,,,,,,72.90000000000006,6.5,0.08916323731138538,,,0.0,0.0,57.0,0.7818930041152257,0.004246357994038376,0.10526315789473684,0.0,0,6,7,27,13,,22,57,3.400000000000001,0.04663923182441698,6.000000000000003,0.08230452674897117,17,30,22
148,C,all_agents,,,40,30,10,0,16,14,0.4260497262960295,0.2426315634339305,0.998734058228119,0.10379031887989798,1007,30,0.75,0,0.0,0.0,31.5,6553,,,,,,,,,,,,,,,,,,,,,,,,,,,
148,C,participants_only,,,30,30,0,0,16,14,0.4893010361657958,0.24282253316641267,0.998734058228119,0.12228741217314217,1007,30,1.0,0,0.0,0.0,25.333333333333332,6553,,,,,,,,,,,,,,,,,,,,,,,,,,,
148,C,nonparticipants_only,,,10,0,10,0,0,0,0.23629579668673062,0.23989098404428083,0.26229302972958807,0.0002903005972710897,0,0,0.0,0,0.0,0.0,50.0,0,,,,,,,,,,,,,,,,,,,,,,,,,,,
148,C,step_totals,,,,,,,,,,,,,,,,,,,,,69.50000000000004,10.5,0.1510791366906474,,,0.0,0.0,49.0,0.7050359712230212,0.004295572063678283,0.14285714285714285,0.0,0,7,39,19,21,,23,49,4.000000000000001,0.05755395683453235,6.000000000000003,0.08633093525179855,20,30,18
149,C,all_agents,,,40,30,10,0,16,14,0.42631776336973104,0.24160842050058062,0.9987846958989942,0.1042852899154686,1014,30,0.75,0,0.0,0.0,31.3,6607,,,,,,,,,,,,,,,,,,,,,,,,,,,
149,C,participants_only,,,30,30,0,0,16,14,0.48956132023945303,0.24160842050058062,0.9987846958989942,0.1229523543283844,1014,30,1.0,0,0.0,0.0,25.066666666666666,6607,,,,,,,,,,,,,,,,,,,,,,,,,,,
149,C,nonparticipants_only,,,10,0,10,0,0,0,0.23658709276056525,0.2394933760664335,0.2618432117646471,0.00028712685031620315,0,0,0.0,0,0.0,0.0,50.0,0,,,,,,,,,,,,,,,,,,,,,,,,,,,
149,C,step_totals,,,,,,,,,,,,,,,,,,,,,72.90000000000006,6.5,0.08916323731138538,,,0.0,0.0,57.0,0.7818930041152257,0.0041323260086932444,0.12280701754385964,0.0,0,7,7,27,13,,22,57,3.400000000000001,0.04663923182441698,6.000000000000003,0.08230452674897117,17,30,22
150,C,all_agents,,,40,30,10,0,16,14,0.426470948290496,0.24267125612500115,0.9988333080630345,0.10436376787210849,1017,30,0.75,0,0.0,0.0,31.5,6656,,,,,,,,,,,,,,,,,,,,,,,,,,,
150,C,participants_only,,,30,30,0,0,16,14,0.48966902793411016,0.24367422404216446,0.9988333080630345,0.12308105324009255,1017,30,1.0,0,0.0,0.0,25.333333333333332,6656,,,,,,,,,,,,,,,,,,,,,,,,,,,
150,C,nonparticipants_only,,,10,0,10,0,0,0,0.2368767093596534,0.23961002084320432,0.26162137933426366,0.0002839445204691108,0,0,0.0,0,0.0,0.0,50.0,0,,,,,,,,,,,,,,,,,,,,,,,,,,,
150,C,step_totals,,,,,,,,,,,,,,,,,,,,,69.50000000000006,10.5,0.15107913669064735,,,0.0,0.0,49.0,0.705035971223021,0.004261207326350492,0.061224489795918366,0.0,0,3,39,19,21,,23,49,4.000000000000001,0.05755395683453234,6.000000000000003,0.08633093525179852,20,30,18
150,C,reachability,0.25,0.0,,,,,,,,,,,,,,,,,,,,,,,,,,,,,,,,,,,,,,,,,,,,,
151,C,all_agents,,,40,30,10,0,16,14,0.4267059797256629,0.24245585292195365,0.9988799757405131,0.10484431226053369,1026,30,0.75,0,0.0,0.0,31.3,6711,,,,,,,,,,,,,,,,,,,,,,,,,,,
151,C,participants_only,,,30,30,0,0,16,14,0.4898864639769226,0.24245585292195365,0.9988799757405131,0.12373158766526779,1026,30,1.0,0,0.0,0.0,25.066666666666666,6711,,,,,,,,,,,,,,,,,,,,,,,,,,,
151,C,nonparticipants_only,,,10,0,10,0,0,0,0.2371645269718839,0.2412310777365893,0.2612454249438912,0.0002812029636473123,0,0,0.0,0,0.0,0.0,50.0,0,,,,,,,,,,,,,,,,,,,,,,,,,,,
151,C,step_totals,,,,,,,,,,,,,,,,,,,,,72.90000000000005,6.5,0.0891632373113854,,,0.0,0.0,57.0,0.7818930041152258,0.004023632275013044,0.15789473684210525,0.0,0,9,7,27,13,,22,57,3.400000000000001,0.04663923182441699,6.000000000000003,0.08230452674897118,17,30,22
152,C,all_agents,,,40,30,10,0,16,14,0.4267930636945541,0.2432798033290106,0.9989247767108926,0.10487573812969726,1034,30,0.75,0,0.0,0.0,31.5,6758,,,,,,,,,,,,,,,,,,,,,,,,,,,
152,C,participants_only,,,30,30,0,0,16,14,0.4899071611335951,0.24358225805883144,0.9989247767108926,0.12380805289673769,1034,30,1.0,0,0.0,0.0,25.333333333333332,6758,,,,,,,,,,,,,,,,,,,,,,,,,,,
152,C,nonparticipants_only,,,10,0,10,0,0,0,0.2374507713774308,0.24118291934781388,0.26136157816916095,0.00027812228203870815,0,0,0.0,0,0.0,0.0,50.0,0,,,,,,,,,,,,,,,,,,,,,,,,,,,
152,C,step_totals,,,,,,,,,,,,,,,,,,,,,69.50000000000006,10.5,0.15107913669064735,,,0.0,0.0,49.0,0.705035971223021,0.004035083044588029,0.16326530612244897,0.0,0,8,39,19,21,,23,49,4.000000000000001,0.05755395683453234,6.000000000000003,0.08633093525179852,20,30,18
153,C,all_agents,,,40,30,10,0,16,14,0.42701389025958103,0.2423643467685373,0.9989677856424569,0.105347689829719,1041,30,0.75,0,0.0,0.0,31.3,6813,,,,,,,,,,,,,,,,,,,,,,,,,,,
153,C,participants_only,,,30,30,0,0,16,14,0.4901066814225049,0.2423643467685373,0.9989677856424569,0.12444930209913051,1041,30,1.0,0,0.0,0.0,25.066666666666666,6813,,,,,,,,,,,,,,,,,,,,,,,,,,,
153,C,nonparticipants_only,,,10,0,10,0,0,0,0.2377355167708092,0.24091853692509024,0.2621333773339093,0.0002744494607444863,0,0,0.0,0,0.0,0.0,50.0,0,,,,,,,,,,,,,,,,,,,,,,,,,,,
153,C,step_totals,,,,,,,,,,,,,,,,,,,,,72.90000000000006,6.5,0.08916323731138538,,,0.0,0.0,57.0,0.7818930041152257,0.003976161906079462,0.12280701754385964,0.0,0,7,7,27,13,,22,57,3.400000000000001,0.04663923182441698,6.000000000000003,0.08230452674897117,17,30,22
154,C,all_agents,,,40,30,10,0,16,14,0.42714888250155464,0.24263717324700113,0.9990090742167587,0.10541053007946667,1045,30,0.75,0,0.0,0.0,31.5,6862,,,,,,,,,,,,,,,,,,,,,,,,,,,
154,C,participants_only,,,30,30,0,0,16,14,0.4901923301719444,0.24263717324700113,0.9990090742167587,0.12455912827731816,1045,30,1.0,0,0.0,0.0,25.333333333333332,6862,,,,,,,,,,,,,,,,,,,,,,,,,,,
154,C,nonparticipants_only,,,10,0,10,0,0,0,0.2380185394903855,0.24149009300923022,0.26324294069437626,0.00027101995588218135,0,0,0.0,0,0.0,0.0,50.0,0,,,,,,,,,,,,,,,,,,,,,,,,,,,
154,C,step_totals,,,,,,,,,,,,,,,,,,,,,69.50000000000006,10.5,0.15107913669064735,,,0.0,0.0,49.0,0.705035971223021,0.0042025325086242436,0.08163265306122448,0.0,0,4,39,19,21,,23,49,4.000000000000001,0.05755395683453234,6.000000000000003,0.08633093525179852,20,30,18
155,C,all_agents,,,40,30,10,0,16,14,0.4273899969769837,0.24142398738076615,0.9990487112480884,0.1058947322946064,1055,30,0.75,0,0.0,0.0,31.3,6918,,,,,,,,,,,,,,,,,,,,,,,,,,,
155,C,participants_only,,,30,30,0,0,16,14,0.4904200677153603,0.24142398738076615,0.9990487112480884,0.12521246159505114,1055,30,1.0,0,0.0,0.0,25.066666666666666,6918,,,,,,,,,,,,,,,,,,,,,,,,,,,
155,C,nonparticipants_only,,,10,0,10,0,0,0,0.23829978476185407,0.2411062039914496,0.2628086431290302,0.0002680665858551262,0,0,0.0,0,0.0,0.0,50.0,0,,,,,,,,,,,,,,,,,,,,,,,,,,,
155,C,step_totals,,,,,,,,,,,,,,,,,,,,,72.90000000000008,6.5,0.08916323731138537,,,0.0,0.0,57.0,0.7818930041152256,0.004042762939209907,0.17543859649122806,0.0,0,10,7,27,13,,22,57,3.400000000000001,0.04663923182441697,6.000000000000003,0.08230452674897114,17,30,22
156,C,all_agents,,,40,30,10,0,16,14,0.4275152392926843,0.24185827763983106,0.9990867627981648,0.10594970612529453,1061,30,0.75,0,0.0,0.0,31.5,6967,,,,,,,,,,,,,,,,,,,,,,,,,,,
156,C,participants_only,,,30,30,0,0,16,14,0.4904938495546702,0.24185827763983106,0.9990867627981648,0.1253126858111182,1061,30,1.0,0,0.0,0.0,25.333333333333332,6967,,,,,,,,,,,,,,,,,,,,,,,,,,,
156,C,nonparticipants_only,,,10,0,10,0,0,0,0.23857940850672676,0.24121882408782241,0.26259446474590803,0.0002651028614501262,0,0,0.0,0,0.0,0.0,50.0,0,,,,,,,,,,,,,,,,,,,,,,,,,,,
156,C,step_totals,,,,,,,,,,,,,,,,,,,,,69.50000000000006,10.5,0.15107913669064735,,,0.0,0.0,49.0,0.705035971223021,0.00417101822683359,0.12244897959183673,0.0,0,6,39,19,21,,23,49,4.000000000000001,0.05755395683453234,6.000000000000003,0.08633093525179852,20,30,18
