step,condition,population,skill_reachability,resource_reachability,n_agents,maker_count,stage_consumer,stage_customizer,stage_maker,stage_advanced_maker,skill_mean,skill_median,skill_max,skill_var,method_count_total,method_holders,method_adoption_rate,method_peer_held,knowledge_diffusion_lag_mean,hop_count_mean,latent_distributed_resources,completed_projects_total,time_total,time_practice,time_share_practice,time_observe,time_share_observe,time_make,time_share_make,time_idle,time_share_idle,skill_gain_per_time,method_self_discovery_per_time,method_peer_acquisition_per_time,peer_acquired_count,self_discovered_count,reject_time_budget_exceeded,reject_missing_asset,count_practice,count_observe,count_make,count_idle,time_ask,time_share_ask,time_share,time_share_share,count_ask,count_share,reject_insufficient_material
0,B,reachability,0.625,0.0,,,,,,,,,,,,,,,,,,,,,,,,,,,,,,,,,,,,,,,,,,,,,
1,B,all_agents,,,40,0,17,23,0,0,0.16996585818697815,0.14493107608945974,0.6781302533691556,0.015757607062339588,2,2,0.05,0,0.0,0.0,26.0,32,,,,,,,,,,,,,,,,,,,,,,,,,,,
1,B,participants_only,,,30,0,7,23,0,0,0.16985173498976827,0.13792030141516864,0.6781302533691556,0.01726406587628932,2,2,0.06666666666666667,0,0.0,0.0,24.666666666666668,32,,,,,,,,,,,,,,,,,,,,,,,,,,,
1,B,nonparticipants_only,,,10,0,10,0,0,0,0.17030822777860777,0.16203726149981448,0.4077767250178753,0.011238074331240685,0,0,0.0,0,0.0,0.0,30.0,0,,,,,,,,,,,,,,,,,,,,,,,,,,,
1,B,step_totals,,,,,,,,,,,,,,,,,,,,,83.49999999999997,19.5,0.23353293413173662,4.000000000000002,0.047904191616766505,60.0,0.7185628742514972,0.0,0.0,0.018657419109995008,0.03333333333333333,0.0,0,2,30,18,39,40,60,29,,,,,,,
2,B,all_agents,,,40,4,11,25,4,0,0.17667718149014042,0.15195311734712602,0.6910050432343894,0.015857363201023687,10,9,0.225,0,0.0,0.0,27.0,72,,,,,,,,,,,,,,,,,,,,,,,,,,,
2,B,participants_only,,,30,4,1,25,4,0,0.17854391243170287,0.14645491332989125,0.6910050432343894,0.017540130461993382,10,9,0.3,0,0.0,0.0,24.333333333333332,72,,,,,,,,,,,,,,,,,,,,,,,,,,,
2,B,nonparticipants_only,,,10,0,10,0,0,0,0.17107698866545298,0.1612270751923154,0.40573784139278596,0.010767245205216366,0,0,0.0,0,0.0,0.0,35.0,0,,,,,,,,,,,,,,,,,,,,,,,,,,,
2,B,step_totals,,,,,,,,,,,,,,,,,,,,,86.3,19.5,0.22595596755504058,4.000000000000002,0.046349942062572445,60.0,0.6952491309385863,0.0,0.0,0.020131968475259165,0.13333333333333333,0.0,0,8,26,17,39,40,60,29,2.6,0.030127462340672075,0.2,0.0023174971031286215,13,1,
3,B,all_agents,,,40,10,11,19,10,0,0.18244372288028557,0.15554082247869122,0.7033648415050138,0.016284942311899125,27,19,0.475,8,1.125,1.0,28.475,106,,,,,,,,,,,,,,,,,,,,,,,,,,,
3,B,participants_only,,,30,10,1,19,10,0,0.18597954136129546,0.15408377290857675,0.7033648415050138,0.018222733545705187,27,19,0.6333333333333333,8,1.125,1.0,24.633333333333333,106,,,,,,,,,,,,,,,,,,,,,,,,,,,
3,B,nonparticipants_only,,,10,0,10,0,0,0,0.1718362674372559,0.16042093981635383,0.40370915218582204,0.010321544462513122,0,0,0.0,0,0.0,0.0,40.0,0,,,,,,,,,,,,,,,,,,,,,,,,,,,
3,B,step_totals,,,,,,,,,,,,,,,,,,,,,86.89999999999999,19.5,0.22439585730724973,4.000000000000002,0.04602991944764099,59.0,0.6789413118527043,0.0,0.0,0.017370302703565918,0.15254237288135594,0.9523809523809528,8,9,20,15,39,40,59,29,2.8000000000000003,0.032220943613348686,1.5999999999999999,0.018411967779056387,14,8,
4,B,all_agents,,,40,10,10,20,10,0,0.18772078556392602,0.1582380720756107,0.7063311930899636,0.016423509932316567,42,24,0.6,20,1.25,1.0,30.275,136,,,,,,,,,,,,,,,,,,,,,,,,,,,
4,B,participants_only,,,30,10,0,20,10,0,0.19276560423568898,0.15455139514108118,0.7063311930899636,0.018496329067021103,42,24,0.8,20,1.25,1.0,25.366666666666667,136,,,,,,,,,,,,,,,,,,,,,,,,,,,
4,B,nonparticipants_only,,,10,0,10,0,0,0,0.17258632954863712,0.15961883511727207,0.4016906064248929,0.009899650183031345,0,0,0.0,0,0.0,0.0,45.0,0,,,,,,,,,,,,,,,,,,,,,,,,,,,
4,B,step_totals,,,,,,,,,,,,,,,,,,,,,84.60000000000005,20.0,0.23640661938534266,3.800000000000002,0.044917257683215125,53.0,0.626477541371158,0.0,0.0,0.016652972978330415,0.05660377358490566,1.0344827586206908,12,3,9,28,40,38,53,34,4.600000000000001,0.05437352245862882,3.2000000000000006,0.03782505910165483,23,16,17
5,B,all_agents,,,40,10,10,20,10,0,0.19243675466990579,0.15852129091019393,0.718077945366365,0.016679437699270622,56,27,0.675,31,1.5161290322580645,1.096774193548387,32.425,163,,,,,,,,,,,,,,,,,,,,,,,,,,,
5,B,participants_only,,,30,10,0,20,10,0,0.19880674789050193,0.1537786381653758,0.718077945366365,0.018909207370759587,56,27,0.9,31,1.5161290322580645,1.096774193548387,26.566666666666666,163,,,,,,,,,,,,,,,,,,,,,,,,,,,
5,B,nonparticipants_only,,,10,0,10,0,0,0,0.17332677500811727,0.1590165121652461,0.3996821533927684,0.009503206921238438,0,0,0.0,0,0.0,0.0,50.0,0,,,,,,,,,,,,,,,,,,,,,,,,,,,
5,B,step_totals,,,,,,,,,,,,,,,,,,,,,82.80000000000007,19.5,0.2355072463768114,3.3000000000000016,0.039855072463768106,51.0,0.6159420289855068,0.0,0.0,0.015395229206647092,0.058823529411764705,0.894308943089432,11,3,8,25,39,33,51,34,4.400000000000001,0.05314009661835746,4.600000000000001,0.055555555555555525,22,23,22
6,B,all_agents,,,40,10,10,20,10,0,0.19668581906014732,0.1605048326822418,0.7144875556395333,0.01661128430249729,68,28,0.7,40,1.9,1.175,32.775,185,,,,,,,,,,,,,,,,,,,,,,,,,,,
6,B,participants_only,,,30,10,0,20,10,0,0.2042280840921575,0.16790103279743973,0.7144875556395333,0.018878738944528396,68,28,0.9333333333333333,40,1.9,1.175,27.033333333333335,185,,,,,,,,,,,,,,,,,,,,,,,,,,,
6,B,nonparticipants_only,,,10,0,10,0,0,0,0.17405902396411665,0.15921186195849574,0.3976837426258046,0.009126291234646963,0,0,0.0,0,0.0,0.0,50.0,0,,,,,,,,,,,,,,,,,,,,,,,,,,,
6,B,step_totals,,,,,,,,,,,,,,,,,,,,,80.70000000000006,19.5,0.24163568773234184,3.0000000000000013,0.037174721189591066,47.0,0.5824039653035932,0.0,0.0,0.014615222456440867,0.06382978723404255,0.6338028169014094,9,3,4,35,39,30,47,38,5.8000000000000025,0.0718711276332094,5.400000000000002,0.06691449814126392,29,27,33
7,B,all_agents,,,40,12,10,18,12,0,0.2017534862719063,0.164657147876149,0.7259080534139519,0.016700986653131803,78,30,0.75,48,2.3333333333333335,1.25,32.6,213,,,,,,,,,,,,,,,,,,,,,,,,,,,
7,B,participants_only,,,30,12,0,18,12,0,0.21074368541950309,0.16805971238200076,0.7259080534139519,0.01902146077793833,78,30,1.0,48,2.3333333333333335,1.25,26.8,213,,,,,,,,,,,,,,,,,,,,,,,,,,,
7,B,nonparticipants_only,,,10,0,10,0,0,0,0.1747828888291159,0.15966845177680508,0.39569532391267553,0.008769680110150826,0,0,0.0,0,0.0,0.0,50.0,0,,,,,,,,,,,,,,,,,,,,,,,,,,,
7,B,step_totals,,,,,,,,,,,,,,,,,,,,,90.00000000000009,19.5,0.21666666666666645,0.5,0.0055555555555555506,59.0,0.6555555555555549,0.0,0.0,0.01513545585454138,0.03389830508474576,0.6956521739130439,8,2,12,26,39,5,59,34,5.400000000000002,0.05999999999999997,5.600000000000002,0.062222222222222186,27,28,29
8,B,all_agents,,,40,12,10,18,12,0,0.20675590685632794,0.16851112995958442,0.732081728762432,0.01672508298082262,86,30,0.75,54,2.6296296296296298,1.2592592592592593,32.6,241,,,,,,,,,,,,,,,,,,,,,,,,,,,
8,B,participants_only,,,30,12,0,18,12,0,0.21717508654697965,0.17214961512883484,0.732081728762432,0.019054788704035847,86,30,1.0,54,2.6296296296296298,1.2592592592592593,26.8,241,,,,,,,,,,,,,,,,,,,,,,,,,,,
8,B,nonparticipants_only,,,10,0,10,0,0,0,0.17549836778437264,0.16015990150120418,0.3937168472931122,0.00843325414606986,0,0,0.0,0,0.0,0.0,50.0,0,,,,,,,,,,,,,,,,,,,,,,,,,,,
8,B,step_totals,,,,,,,,,,,,,,,,,,,,,88.3000000000001,19.5,0.22083805209513,0.4,0.004530011325028308,56.0,0.6342015855039631,0.0,0.0,0.015401841690796787,0.03571428571428571,0.4687500000000005,6,2,5,40,39,4,56,38,6.400000000000003,0.07248018120045295,6.000000000000003,0.06795016987542464,32,30,36
9,B,all_agents,,,40,13,10,17,13,0,0.21196187797470092,0.17215462117977448,0.7427984596119348,0.017055193651498973,94,30,0.75,58,2.896551724137931,1.2758620689655173,32.225,273,,,,,,,,,,,,,,,,,,,,,,,,,,,
9,B,participants_only,,,30,13,0,17,13,0,0.22388045488583375,0.1786013474412449,0.7427984596119348,0.019467337626596727,94,30,1.0,58,2.896551724137931,1.2758620689655173,26.3,273,,,,,,,,,,,,,,,,,,,,,,,,,,,
9,B,nonparticipants_only,,,10,0,10,0,0,0,0.17620614724130235,0.1636869184719664,0.3917482630566466,0.008114132019166631,0,0,0.0,0,0.0,0.0,50.0,0,,,,,,,,,,,,,,,,,,,,,,,,,,,
9,B,step_totals,,,,,,,,,,,,,,,,,,,,,90.20000000000009,19.5,0.2161862527716184,0.1,0.0011086474501108637,59.0,0.6541019955654096,0.0,0.0,0.015503766522853436,0.06779661016949153,0.3418803418803421,4,4,12,28,39,1,59,36,5.600000000000002,0.06208425720620839,6.000000000000003,0.06651884700665185,28,30,35
10,B,all_agents,,,40,14,10,16,14,0,0.21758953508715476,0.17533220111341746,0.7530865212274575,0.017256476798220337,101,30,0.75,61,3.1311475409836067,1.2950819672131149,32.0,310,,,,,,,,,,,,,,,,,,,,,,,,,,,
10,B,participants_only,,,30,14,0,16,14,0,0.23115023477231136,0.19082612776570707,0.7530865212274575,0.01967052639826645,101,30,1.0,61,3.1311475409836067,1.2950819672131149,26.0,310,,,,,,,,,,,,,,,,,,,,,,,,,,,
10,B,nonparticipants_only,,,10,0,10,0,0,0,0.1769074360316849,0.16558369501964904,0.3897895217413634,0.007807617086669927,0,0,0.0,0,0.0,0.0,50.0,0,,,,,,,,,,,,,,,,,,,,,,,,,,,
10,B,step_totals,,,,,,,,,,,,,,,,,,,,,87.2000000000001,19.5,0.22362385321100892,0.30000000000000004,0.0034403669724770605,55.0,0.6307339449541277,0.0,0.0,0.017329748624490878,0.07272727272727272,0.23622047244094513,3,4,6,42,39,3,55,37,6.400000000000003,0.07339449541284399,6.000000000000003,0.06880733944954123,32,30,39
10,B,reachability,0.3,0.0,,,,,,,,,,,,,,,,,,,,,,,,,,,,,,,,,,,,,,,,,,,,,
11,B,all_agents,,,40,14,10,16,14,0,0.2222096691232111,0.17922630447664661,0.7629630603783591,0.017702083817530627,107,30,0.75,63,3.3015873015873014,1.3333333333333333,31.75,339,,,,,,,,,,,,,,,,,,,,,,,,,,,
11,B,participants_only,,,30,14,0,16,14,0,0.23707905105336397,0.2011476739633853,0.7629630603783591,0.02021289811769967,107,30,1.0,63,3.3015873015873014,1.3333333333333333,25.666666666666668,339,,,,,,,,,,,,,,,,,,,,,,,,,,,
11,B,nonparticipants_only,,,10,0,10,0,0,0,0.17760152333275264,0.16519942174959207,0.38784057413265655,0.007516458689206437,0,0,0.0,0,0.0,0.0,50.0,0,,,,,,,,,,,,,,,,,,,,,,,,,,,
11,B,step_totals,,,,,,,,,,,,,,,,,,,,,88.00000000000009,19.0,0.2159090909090907,0.2,0.0022727272727272704,57.0,0.6477272727272722,0.0,0.0,0.01431691704408277,0.07017543859649122,0.16666666666666682,2,4,10,31,38,2,57,36,5.8000000000000025,0.06590909090909088,6.000000000000003,0.06818181818181815,29,30,40
12,B,all_agents,,,40,15,10,15,15,0,0.22676468817375345,0.17909462269791737,0.7724445379632248,0.01813268065437688,111,30,0.75,64,3.40625,1.34375,31.625,369,,,,,,,,,,,,,,,,,,,,,,,,,,,
12,B,participants_only,,,30,15,0,15,15,0,0.2429229620465658,0.20613079823070407,0.7724445379632248,0.020720958646038776,111,30,1.0,64,3.40625,1.34375,25.5,369,,,,,,,,,,,,,,,,,,,,,,,,,,,
12,B,nonparticipants_only,,,10,0,10,0,0,0,0.17828986655531648,0.16460142726477825,0.38590137126199325,0.007234768904805482,0,0,0.0,0,0.0,0.0,50.0,0,,,,,,,,,,,,,,,,,,,,,,,,,,,
12,B,step_totals,,,,,,,,,,,,,,,,,,,,,84.00000000000009,19.5,0.2321428571428569,0.1,0.0011904761904761893,52.0,0.6190476190476184,0.0,0.0,0.014941554853376211,0.057692307692307696,0.08000000000000008,1,3,8,48,39,1,52,35,6.400000000000003,0.07619047619047616,6.000000000000003,0.07142857142857138,32,30,37
13,B,all_agents,,,40,17,10,13,17,0,0.2314649669489442,0.1841508323831635,0.7815467564446957,0.01881597307473721,115,30,0.75,64,3.40625,1.34375,31.3,402,,,,,,,,,,,,,,,,,,,,,,,,,,,
13,B,participants_only,,,30,17,0,13,17,0,0.2489629070766685,0.21016430015141851,0.7815467564446957,0.021540684679118457,115,30,1.0,64,3.40625,1.34375,25.066666666666666,402,,,,,,,,,,,,,,,,,,,,,,,,,,,
13,B,nonparticipants_only,,,10,0,10,0,0,0,0.1789711465657712,0.16403479329814707,0.38397186440568326,0.006967703357032367,0,0,0.0,0,0.0,0.0,50.0,0,,,,,,,,,,,,,,,,,,,,,,,,,,,
13,B,step_totals,,,,,,,,,,,,,,,,,,,,,87.8000000000001,19.0,0.21640091116173096,,,57.0,0.6492027334851929,0.0,0.0,0.014573120276432516,0.07017543859649122,0.0,0,4,11,31,38,,57,35,5.8000000000000025,0.06605922551252844,6.000000000000003,0.06833712984054666,29,30,41
14,B,all_agents,,,40,18,10,12,18,0,0.23599744526674762,0.185722506470743,0.790284886186908,0.019389756649462523,118,30,0.75,64,3.40625,1.34375,31.175,434,,,,,,,,,,,,,,,,,,,,,,,,,,,
14,B,participants_only,,,30,18,0,12,18,0,0.25478125496252313,0.2142410417103094,0.790284886186908,0.022204043011600207,118,30,1.0,64,3.40625,1.34375,24.9,434,,,,,,,,,,,,,,,,,,,,,,,,,,,
14,B,nonparticipants_only,,,10,0,10,0,0,0,0.17964601617942125,0.1644054326346615,0.38205200508365483,0.00671291948280418,0,0,0.0,0,0.0,0.0,50.0,0,,,,,,,,,,,,,,,,,,,,,,,,,,,
14,B,step_totals,,,,,,,,,,,,,,,,,,,,,83.70000000000009,19.5,0.232974910394265,0.2,0.002389486260454,52.0,0.62126642771804,0.0,0.0,0.014944639804362427,0.057692307692307696,0.0,0,3,9,47,39,2,52,34,6.000000000000003,0.07168458781362003,6.000000000000003,0.07168458781362003,30,30,36
15,B,all_agents,,,40,17,10,13,17,0,0.24043376037784234,0.18721014248591689,0.7923820373250389,0.020171497805378278,125,30,0.75,66,3.696969696969697,1.3333333333333333,31.075,467,,,,,,,,,,,,,,,,,,,,,,,,,,,
15,B,participants_only,,,30,17,0,13,17,0,0.260473280431409,0.21579831984683584,0.7923820373250389,0.023133221630327484,125,30,1.0,66,3.696969696969697,1.3333333333333333,24.766666666666666,467,,,,,,,,,,,,,,,,,,,,,,,,,,,
15,B,nonparticipants_only,,,10,0,10,0,0,0,0.1803152002171425,0.16603048484842714,0.38014174505823656,0.006467337962803072,0,0,0.0,0,0.0,0.0,50.0,0,,,,,,,,,,,,,,,,,,,,,,,,,,,
15,B,step_totals,,,,,,,,,,,,,,,,,,,,,84.40000000000008,19.5,0.2310426540284358,0.1,0.0011848341232227478,53.0,0.6279620853080563,0.0,0.0,0.014474962519104993,0.09433962264150944,0.16806722689075645,2,5,10,36,39,1,53,36,5.8000000000000025,0.06872037914691939,6.000000000000003,0.0710900473933649,29,30,46
16,B,all_agents,,,40,21,10,9,21,0,0.24504506332109352,0.19108409781255276,0.8006867558320373,0.02094830136375042,133,30,0.75,66,3.696969696969697,1.3333333333333333,31.025,504,,,,,,,,,,,,,,,,,,,,,,,,,,,
16,B,participants_only,,,30,21,0,9,21,0,0.2664007256801231,0.2175342348120397,0.8006867558320373,0.024028988589899495,133,30,1.0,66,3.696969696969697,1.3333333333333333,24.7,504,,,,,,,,,,,,,,,,,,,,,,,,,,,
16,B,nonparticipants_only,,,10,0,10,0,0,0,0.18097807624400497,0.16520033242418503,0.37824103633294537,0.006233467907788754,0,0,0.0,0,0.0,0.0,50.0,0,,,,,,,,,,,,,,,,,,,,,,,,,,,
16,B,step_totals,,,,,,,,,,,,,,,,,,,,,81.50000000000009,18.5,0.22699386503067462,,,51.0,0.6257668711656436,0.0,0.0,0.015619251277767442,0.1568627450980392,0.0,0,8,10,49,37,,51,34,6.000000000000003,0.07361963190184044,6.000000000000003,0.07361963190184044,30,30,37
17,B,all_agents,,,40,21,10,9,20,1,0.24935320615474613,0.19395804820063134,0.8086592855987558,0.021838769647443055,140,30,0.75,66,3.696969696969697,1.3333333333333333,30.875,538,,,,,,,,,,,,,,,,,,,,,,,,,,,
17,B,participants_only,,,30,21,0,9,20,1,0.271926078323778,0.21884597693895075,0.8086592855987558,0.025076344010528044,140,30,1.0,66,3.696969696969697,1.3333333333333333,24.5,538,,,,,,,,,,,,,,,,,,,,,,,,,,,
17,B,nonparticipants_only,,,10,0,10,0,0,0,0.18163458964765028,0.16440280866519338,0.3763498311512806,0.006011631862674613,0,0,0.0,0,0.0,0.0,50.0,0,,,,,,,,,,,,,,,,,,,,,,,,,,,
17,B,step_totals,,,,,,,,,,,,,,,,,,,,,84.5000000000001,19.5,0.2307692307692305,,,53.0,0.6272189349112418,0.0,0.0,0.01411846943378927,0.1320754716981132,0.0,0,7,10,36,39,,53,36,6.000000000000003,0.07100591715976326,6.000000000000003,0.07100591715976326,30,30,46
18,B,all_agents,,,40,23,10,7,22,1,0.25359546754557877,0.19596038371246294,0.8163129141748056,0.022709458535741158,147,30,0.75,66,3.696969696969697,1.3333333333333333,30.875,574,,,,,,,,,,,,,,,,,,,,,,,,,,,
18,B,participants_only,,,30,23,0,7,22,1,0.2773651382205849,0.22259511182504327,0.8163129141748056,0.02608756970716575,147,30,1.0,66,3.696969696969697,1.3333333333333333,24.5,574,,,,,,,,,,,,,,,,,,,,,,,,,,,
18,B,nonparticipants_only,,,10,0,10,0,0,0,0.18228645552056033,0.16618557353367752,0.3744680819955242,0.005795158093488411,0,0,0.0,0,0.0,0.0,50.0,0,,,,,,,,,,,,,,,,,,,,,,,,,,,
18,B,step_totals,,,,,,,,,,,,,,,,,,,,,79.80000000000008,18.0,0.22556390977443586,,,50.0,0.6265664160400995,0.0,0.0,0.014898793960613244,0.14,0.0,0,7,11,50,36,,50,32,5.8000000000000025,0.07268170426065158,6.000000000000003,0.07518796992481198,29,30,37
19,B,all_agents,,,40,26,10,4,25,1,0.25756582703190123,0.19847722635477294,0.8236603976078133,0.023801792822879763,153,30,0.75,66,3.696969696969697,1.3333333333333333,30.825,610,,,,,,,,,,,,,,,,,,,,,,,,,,,
19,B,participants_only,,,30,26,0,4,25,1,0.28244357556317595,0.22307789526176175,0.8236603976078133,0.02739733379561117,153,30,1.0,66,3.696969696969697,1.3333333333333333,24.433333333333334,610,,,,,,,,,,,,,,,,,,,,,,,,,,,
19,B,nonparticipants_only,,,10,0,10,0,0,0,0.18293258143807695,0.16868239195654594,0.3725957415855466,0.005588341440861428,0,0,0.0,0,0.0,0.0,50.0,0,,,,,,,,,,,,,,,,,,,,,,,,,,,
19,B,step_totals,,,,,,,,,,,,,,,,,,,,,80.90000000000009,18.5,0.2286773794808403,,,51.0,0.6304079110012354,0.0,0.0,0.013808320355681806,0.11764705882352941,0.0,0,6,13,35,37,,51,35,5.400000000000002,0.0667490729295426,6.000000000000003,0.07416563658838067,27,30,48
20,B,all_agents,,,40,27,10,3,26,1,0.261774734266328,0.2012377934427813,0.8307139817035007,0.024808211693354135,158,30,0.75,66,3.696969696969697,1.3333333333333333,30.825,649,,,,,,,,,,,,,,,,,,,,,,,,,,,
20,B,participants_only,,,30,27,0,3,26,1,0.2878422385864002,0.22196250578545296,0.8307139817035007,0.028561566763450664,158,30,1.0,66,3.696969696969697,1.3333333333333333,24.433333333333334,649,,,,,,,,,,,,,,,,,,,,,,,,,,,
20,B,nonparticipants_only,,,10,0,10,0,0,0,0.1835722213061117,0.17074537430844142,0.37073276287761886,0.005393969105340802,0,0,0.0,0,0.0,0.0,50.0,0,,,,,,,,,,,,,,,,,,,,,,,,,,,
20,B,step_totals,,,,,,,,,,,,,,,,,,,,,79.10000000000008,17.5,0.22123893805309713,,,50.0,0.6321112515802775,0.0,0.0,0.014947554189635032,0.1,0.0,0,5,12,49,35,,50,31,5.600000000000002,0.07079646017699111,6.000000000000003,0.07585335018963334,28,30,33
20,B,reachability,0.175,0.0,,,,,,,,,,,,,,,,,,,,,,,,,,,,,,,,,,,,,,,,,,,,,
21,B,all_agents,,,40,28,10,2,27,1,0.2654650276805743,0.20381398268117057,0.8374854224353607,0.025925264793939317,165,30,0.75,67,3.91044776119403,1.328358208955224,30.775,684,,,,,,,,,,,,,,,,,,,,,,,,,,,
21,B,participants_only,,,30,28,0,2,27,1,0.2925510022521192,0.2240957068630413,0.8374854224353607,0.029897278917334746,165,30,1.0,67,3.91044776119403,1.328358208955224,24.366666666666667,684,,,,,,,,,,,,,,,,,,,,,,,,,,,
21,B,nonparticipants_only,,,10,0,10,0,0,0,0.1842071039659393,0.17094722730671402,0.36887909906323074,0.005205422201868454,0,0,0.0,0,0.0,0.0,50.0,0,,,,,,,,,,,,,,,,,,,,,,,,,,,
21,B,step_totals,,,,,,,,,,,,,,,,,,,,,80.9000000000001,18.5,0.22867737948084024,,,51.0,0.6304079110012353,0.0,0.0,0.012994023721319923,0.11764705882352941,0.0877192982456141,1,6,13,33,37,,51,34,5.400000000000002,0.06674907292954259,6.000000000000003,0.07416563658838066,27,30,47
22,B,all_agents,,,40,30,10,0,29,1,0.26917937563234035,0.20446399369498336,0.8439860055379463,0.027020527774875482,178,30,0.75,68,4.117647058823529,1.3235294117647058,30.8,721,,,,,,,,,,,,,,,,,,,,,,,,,,,
22,B,participants_only,,,30,30,0,0,29,1,0.2972936810718552,0.22383053857445345,0.8439860055379463,0.031190468564968345,178,30,1.0,68,4.117647058823529,1.3235294117647058,24.4,721,,,,,,,,,,,,,,,,,,,,,,,,,,,
22,B,nonparticipants_only,,,10,0,10,0,0,0,0.18483645931379558,0.17009249117018044,0.36703470356791457,0.005025735360440843,0,0,0.0,0,0.0,0.0,50.0,0,,,,,,,,,,,,,,,,,,,,,,,,,,,
22,B,step_totals,,,,,,,,,,,,,,,,,,,,,78.10000000000008,16.5,0.2112676056338026,,,50.0,0.6402048655569775,0.0,0.0,0.013675405267867487,0.24,0.08620689655172421,1,12,12,47,33,,50,30,5.600000000000002,0.07170294494238152,6.000000000000003,0.07682458386683734,28,30,31
23,B,all_agents,,,40,30,10,0,29,1,0.27298348476194206,0.20758323603738899,0.8502265653164285,0.028254205898406527,189,30,0.75,68,4.117647058823529,1.3235294117647058,30.775,760,,,,,,,,,,,,,,,,,,,,,,,,,,,
23,B,participants_only,,,30,30,0,0,29,1,0.30215799484066247,0.2252093089401484,0.8502265653164285,0.032648921971282545,189,30,1.0,68,4.117647058823529,1.3235294117647058,24.366666666666667,760,,,,,,,,,,,,,,,,,,,,,,,,,,,
23,B,nonparticipants_only,,,10,0,10,0,0,0,0.18545995452578096,0.16924202871432956,0.365199530050075,0.004856233219778185,0,0,0.0,0,0.0,0.0,50.0,0,,,,,,,,,,,,,,,,,,,,,,,,,,,
23,B,step_totals,,,,,,,,,,,,,,,,,,,,,79.90000000000009,17.5,0.21902377972465556,,,51.0,0.6382978723404248,0.0,0.0,0.013540866810617556,0.21568627450980393,0.0,0,11,13,34,35,,51,33,5.400000000000002,0.06758448060075088,6.000000000000003,0.07509386733416766,27,30,46
24,B,all_agents,,,40,30,10,0,29,1,0.2767133927847274,0.2077556906424498,0.8562175027037714,0.0294485872835756,198,30,0.75,68,4.117647058823529,1.3235294117647058,30.8,800,,,,,,,,,,,,,,,,,,,,,,,,,,,
24,B,participants_only,,,30,30,0,0,29,1,0.30692488863821593,0.22567916257617537,0.8562175027037714,0.03404990828439122,198,30,1.0,68,4.117647058823529,1.3235294117647058,24.4,800,,,,,,,,,,,,,,,,,,,,,,,,,,,
24,B,nonparticipants_only,,,10,0,10,0,0,0,0.1860789052242618,0.16839581857075792,0.3633735323998246,0.0046918105006644685,0,0,0.0,0,0.0,0.0,50.0,0,,,,,,,,,,,,,,,,,,,,,,,,,,,
24,B,step_totals,,,,,,,,,,,,,,,,,,,,,78.1000000000001,16.5,0.21126760563380256,,,50.0,0.6402048655569774,0.0,0.0,0.013732189981848154,0.18,0.0,0,9,12,47,33,,50,30,5.600000000000002,0.07170294494238151,6.000000000000003,0.07682458386683733,28,30,31
25,B,all_agents,,,40,30,10,0,29,1,0.28002360076448496,0.20982991334302536,0.8576553276767337,0.03060174693484278,203,30,0.75,68,4.117647058823529,1.3235294117647058,30.775,835,,,,,,,,,,,,,,,,,,,,,,,,,,,
25,B,participants_only,,,30,30,0,0,29,1,0.3111338521287021,0.22725551730681268,0.8576553276767337,0.03541950767819804,203,30,1.0,68,4.117647058823529,1.3235294117647058,24.366666666666667,835,,,,,,,,,,,,,,,,,,,,,,,,,,,
25,B,nonparticipants_only,,,10,0,10,0,0,0,0.18669284667183333,0.1675538394779041,0.3615566647378255,0.004534291825439653,0,0,0.0,0,0.0,0.0,50.0,0,,,,,,,,,,,,,,,,,,,,,,,,,,,
25,B,step_totals,,,,,,,,,,,,,,,,,,,,,79.40000000000009,17.0,0.21410579345088138,,,51.0,0.6423173803526441,0.0,0.0,0.012171416216980905,0.09803921568627451,0.0,0,5,13,34,34,,51,33,5.400000000000002,0.06801007556675058,6.000000000000003,0.07556675062972287,27,30,46
26,B,all_agents,,,40,30,10,0,29,1,0.28346690380571904,0.20982837855636352,0.8633491145696643,0.03179165212929993,211,30,0.75,69,4.391304347826087,1.318840579710145,30.8,874,,,,,,,,,,,,,,,,,,,,,,,,,,,
26,B,participants_only,,,30,30,0,0,29,1,0.3155221257380563,0.2278458364865505,0.8633491145696643,0.036816796683182045,211,30,1.0,69,4.391304347826087,1.318840579710145,24.4,874,,,,,,,,,,,,,,,,,,,,,,,,,,,
26,B,nonparticipants_only,,,10,0,10,0,0,0,0.18730123800870713,0.16852687935611,0.35974888141413636,0.004385771430076784,0,0,0.0,0,0.0,0.0,50.0,0,,,,,,,,,,,,,,,,,,,,,,,,,,,
26,B,step_totals,,,,,,,,,,,,,,,,,,,,,77.40000000000008,16.0,0.20671834625322977,,,50.0,0.645994832041343,0.0,0.0,0.013003833817628626,0.14,0.0877192982456141,1,7,13,46,32,,50,30,5.400000000000002,0.06976744186046507,6.000000000000003,0.0775193798449612,27,30,31
27,B,all_agents,,,40,30,10,0,29,1,0.28663063996683236,0.21360149435200843,0.8688151499868778,0.0329998700710466,217,30,0.75,69,4.391304347826087,1.318840579710145,30.775,911,,,,,,,,,,,,,,,,,,,,,,,,,,,
27,B,participants_only,,,30,30,0,0,29,1,0.3195390272708079,0.2316495886705555,0.8688151499868778,0.03825427801093123,217,30,1.0,69,4.391304347826087,1.318840579710145,24.366666666666667,911,,,,,,,,,,,,,,,,,,,,,,,,,,,
27,B,nonparticipants_only,,,10,0,10,0,0,0,0.18790547805490576,0.1716926623782552,0.3579501370070657,0.004241102792011205,0,0,0.0,0,0.0,0.0,50.0,0,,,,,,,,,,,,,,,,,,,,,,,,,,,
27,B,step_totals,,,,,,,,,,,,,,,,,,,,,78.70000000000007,16.5,0.209656925031766,,,51.0,0.6480304955527313,0.0,0.0,0.011866338321242603,0.11764705882352941,0.0,0,6,14,34,33,,51,32,5.200000000000002,0.0660736975857687,6.000000000000003,0.07623888182973312,26,30,45
28,B,all_agents,,,40,30,10,0,29,1,0.2897544157246761,0.21334172510259108,0.8740625439874027,0.034245104416049776,220,30,0.75,69,4.391304347826087,1.318840579710145,30.8,950,,,,,,,,,,,,,,,,,,,,,,,,,,,
28,B,participants_only,,,30,30,0,0,29,1,0.32350405067464105,0.23307246712782098,0.8740625439874027,0.039737209620103804,220,30,1.0,69,4.391304347826087,1.318840579710145,24.4,950,,,,,,,,,,,,,,,,,,,,,,,,,,,
28,B,nonparticipants_only,,,10,0,10,0,0,0,0.18850551087478126,0.1734970395578136,0.35616038632203034,0.004100334492816957,0,0,0.0,0,0.0,0.0,50.0,0,,,,,,,,,,,,,,,,,,,,,,,,,,,
28,B,step_totals,,,,,,,,,,,,,,,,,,,,,76.00000000000007,15.0,0.1973684210526314,,,50.0,0.6578947368421046,0.0,0.0,0.012281617960671978,0.06,0.0,0,3,15,46,30,,50,29,5.000000000000002,0.0657894736842105,6.000000000000003,0.0789473684210526,25,30,30
29,B,all_agents,,,40,30,10,0,29,1,0.29287073179639855,0.21351773930782286,0.8791000422279066,0.035535824607710355,232,30,0.75,70,4.7,1.3142857142857143,30.775,990,,,,,,,,,,,,,,,,,,,,,,,,,,,
29,B,participants_only,,,30,30,0,0,29,1,0.32746080352912993,0.2327699949987494,0.8791000422279066,0.04127298356444743,232,30,1.0,70,4.7,1.3142857142857143,24.366666666666667,990,,,,,,,,,,,,,,,,,,,,,,,,,,,
29,B,nonparticipants_only,,,10,0,10,0,0,0,0.18910051659820437,0.1730833705783394,0.35437958439042017,0.003966670987793065,0,0,0.0,0,0.0,0.0,50.0,0,,,,,,,,,,,,,,,,,,,,,,,,,,,
29,B,step_totals,,,,,,,,,,,,,,,,,,,,,78.20000000000009,16.0,0.20460358056265962,,,51.0,0.6521739130434775,0.0,0.0,0.01183082356542161,0.21568627450980393,0.08928571428571434,1,11,14,34,32,,51,32,5.200000000000002,0.0664961636828644,6.000000000000003,0.07672634271099739,26,30,45
30,B,all_agents,,,40,30,10,0,29,1,0.29608073234260956,0.21305049251433564,0.8839360405387904,0.036776120866769145,244,30,0.75,70,4.7,1.3142857142857143,30.8,1032,,,,,,,,,,,,,,,,,,,,,,,,,,,
30,B,participants_only,,,30,30,0,0,29,1,0.3315437719783275,0.23414107134772993,0.8839360405387904,0.04272564100487437,244,30,1.0,70,4.7,1.3142857142857143,24.4,1032,,,,,,,,,,,,,,,,,,,,,,,,,,,
30,B,nonparticipants_only,,,10,0,10,0,0,0,0.18969161343545574,0.174137537801486,0.3526076864684681,0.0038360342899994284,0,0,0.0,0,0.0,0.0,50.0,0,,,,,,,,,,,,,,,,,,,,,,,,,,,
30,B,step_totals,,,,,,,,,,,,,,,,,,,,,76.00000000000007,15.0,0.1973684210526314,,,50.0,0.6578947368421046,0.0,0.0,0.012575617624957909,0.24,0.0,0,12,15,46,30,,50,29,5.000000000000002,0.0657894736842105,6.000000000000003,0.0789473684210526,25,30,30
30,B,reachability,0.225,0.0,,,,,,,,,,,,,,,,,,,,,,,,,,,,,,,,,,,,,,,,,,,,,
31,B,all_agents,,,40,30,10,0,29,1,0.2991489414953315,0.21520666172664846,0.8885785989172388,0.038021962476148446,248,30,0.75,70,4.7,1.3142857142857143,30.775,1073,,,,,,,,,,,,,,,,,,,,,,,,,,,
31,B,participants_only,,,30,30,0,0,29,1,0.3354391692061425,0.2397304936204736,0.8885785989172388,0.04419118892168916,248,30,1.0,70,4.7,1.3142857142857143,24.366666666666667,1073,,,,,,,,,,,,,,,,,,,,,,,,,,,
31,B,nonparticipants_only,,,10,0,10,0,0,0,0.19027825836289872,0.17793857992231268,0.35084464803612575,0.0037105156118961836,0,0,0.0,0,0.0,0.0,50.0,0,,,,,,,,,,,,,,,,,,,,,,,,,,,
31,B,step_totals,,,,,,,,,,,,,,,,,,,,,78.40000000000009,16.0,0.20408163265306098,,,51.0,0.6505102040816318,0.0,0.0,0.011678482874129282,0.0784313725490196,0.0,0,4,13,35,32,,51,32,5.400000000000002,0.06887755102040811,6.000000000000003,0.0765306122448979,27,30,45
32,B,all_agents,,,40,30,10,0,28,2,0.302156757543817,0.21413062841801522,0.8930354549605493,0.03930662029913889,252,30,0.75,70,4.7,1.3142857142857143,30.8,1116,,,,,,,,,,,,,,,,,,,,,,,,,,,
32,B,participants_only,,,30,30,0,0,28,2,0.3392557843849344,0.23922795236004085,0.8930354549605493,0.04570584838037737,252,30,1.0,70,4.7,1.3142857142857143,24.4,1116,,,,,,,,,,,,,,,,,,,,,,,,,,,
32,B,nonparticipants_only,,,10,0,10,0,0,0,0.19085967702046464,0.17956842031725223,0.3490904247959451,0.0035928825447280213,0,0,0.0,0,0.0,0.0,50.0,0,,,,,,,,,,,,,,,,,,,,,,,,,,,
32,B,step_totals,,,,,,,,,,,,,,,,,,,,,74.80000000000008,14.0,0.18716577540106932,,,50.0,0.6684491978609618,0.0,0.0,0.01217812298881999,0.08,0.0,0,4,16,44,28,,50,27,4.800000000000002,0.06417112299465236,6.000000000000003,0.08021390374331545,24,30,28
33,B,all_agents,,,40,30,10,0,27,3,0.304910553569674,0.21744636956941765,0.8973140367621273,0.04047538891476578,255,30,0.75,70,4.7,1.3142857142857143,30.775,1155,,,,,,,,,,,,,,,,,,,,,,,,,,,
33,B,participants_only,,,30,30,0,0,27,3,0.3427349769653428,0.24233862326220304,0.8973140367621273,0.0470851113679205,255,30,1.0,70,4.7,1.3142857142857143,24.366666666666667,1155,,,,,,,,,,,,,,,,,,,,,,,,,,,
33,B,nonparticipants_only,,,10,0,10,0,0,0,0.19143728338266777,0.17900991589018267,0.34734497267196535,0.0034779774927238766,0,0,0.0,0,0.0,0.0,50.0,0,,,,,,,,,,,,,,,,,,,,,,,,,,,
33,B,step_totals,,,,,,,,,,,,,,,,,,,,,78.40000000000009,16.0,0.20408163265306098,,,51.0,0.6505102040816318,0.0,0.0,0.010740419657649563,0.058823529411764705,0.0,0,3,13,35,32,,51,32,5.400000000000002,0.06887755102040811,6.000000000000003,0.0765306122448979,27,30,45
34,B,all_agents,,,40,30,10,0,27,3,0.30777343584364397,0.21635913772157056,0.9014214752916422,0.04169130485667711,263,30,0.75,70,4.7,1.3142857142857143,30.8,1198,,,,,,,,,,,,,,,,,,,,,,,,,,,
34,B,participants_only,,,30,30,0,0,27,3,0.3463609149637505,0.24112693014589204,0.9014214752916422,0.04851037865335689,263,30,1.0,70,4.7,1.3142857142857143,24.4,1198,,,,,,,,,,,,,,,,,,,,,,,,,,,
34,B,nonparticipants_only,,,10,0,10,0,0,0,0.19201099848332442,0.18176970741799808,0.3456082478086055,0.0033661609285019012,0,0,0.0,0,0.0,0.0,50.0,0,,,,,,,,,,,,,,,,,,,,,,,,,,,
34,B,step_totals,,,,,,,,,,,,,,,,,,,,,74.30000000000007,13.5,0.18169582772543724,,,50.0,0.672947510094212,0.0,0.0,0.011823527631039074,0.16,0.0,0,8,16,43,27,,50,27,4.800000000000002,0.06460296096904437,6.000000000000003,0.08075370121130548,24,30,28
35,B,all_agents,,,40,30,10,0,27,3,0.3101876695451666,0.21561108079083813,0.9053646162799764,0.04278407060937883,267,30,0.75,70,4.7,1.3142857142857143,30.775,1234,,,,,,,,,,,,,,,,,,,,,,,,,,,
35,B,participants_only,,,30,30,0,0,27,3,0.34939018724007725,0.24370124386496034,0.9053646162799764,0.04981135408803157,267,30,1.0,70,4.7,1.3142857142857143,24.366666666666667,1234,,,,,,,,,,,,,,,,,,,,,,,,,,,
35,B,nonparticipants_only,,,10,0,10,0,0,0,0.19258011646043446,0.1852998971092444,0.3438802065695625,0.0032601714499831736,0,0,0.0,0,0.0,0.0,50.0,0,,,,,,,,,,,,,,,,,,,,,,,,,,,
35,B,step_totals,,,,,,,,,,,,,,,,,,,,,78.20000000000007,16.0,0.20460358056265965,,,51.0,0.6521739130434776,0.0,0.0,0.009750152006562858,0.0784313725490196,0.0,0,4,14,34,32,,51,32,5.200000000000002,0.06649616368286441,6.000000000000003,0.0767263427109974,26,30,45
36,B,all_agents,,,40,30,10,0,27,3,0.31284680752770433,0.21618528824994449,0.9091500316287774,0.04396259801752586,274,30,0.75,70,4.7,1.3142857142857143,30.8,1276,,,,,,,,,,,,,,,,,,,,,,,,,,,
36,B,participants_only,,,30,30,0,0,27,3,0.3527472279095943,0.24248273764563555,0.9091500316287774,0.05119643630985576,274,30,1.0,70,4.7,1.3142857142857143,24.4,1276,,,,,,,,,,,,,,,,,,,,,,,,,,,
36,B,nonparticipants_only,,,10,0,10,0,0,0,0.19314554638203435,0.18499495518098505,0.3421608055367147,0.0031565605807176863,0,0,0.0,0,0.0,0.0,50.0,0,,,,,,,,,,,,,,,,,,,,,,,,,,,
36,B,step_totals,,,,,,,,,,,,,,,,,,,,,74.10000000000007,13.5,0.1821862348178136,,,50.0,0.6747638326585689,0.0,0.0,0.011212480834144025,0.14,0.0,0,7,17,43,27,,50,27,4.600000000000001,0.062078272604588355,6.000000000000003,0.0809716599190283,23,30,28
37,B,all_agents,,,40,30,10,0,26,4,0.3155894892881905,0.21697944669769756,0.9127840303636263,0.045041044750421574,279,30,0.75,70,4.7,1.3142857142857143,30.775,1318,,,,,,,,,,,,,,,,,,,,,,,,,,,
37,B,participants_only,,,30,30,0,0,26,4,0.3562171525975696,0.2461005017771593,0.9127840303636263,0.05243287409052901,279,30,1.0,70,4.7,1.3142857142857143,24.366666666666667,1318,,,,,,,,,,,,,,,,,,,,,,,,,,,
37,B,nonparticipants_only,,,10,0,10,0,0,0,0.1937064993600531,0.18623591194821607,0.3404500015090311,0.0030582724183360424,0,0,0.0,0,0.0,0.0,50.0,0,,,,,,,,,,,,,,,,,,,,,,,,,,,
37,B,step_totals,,,,,,,,,,,,,,,,,,,,,78.20000000000007,16.0,0.20460358056265965,,,51.0,0.6521739130434776,0.0,0.0,0.010782413989472321,0.09803921568627451,0.0,0,5,14,34,32,,51,32,5.200000000000002,0.06649616368286441,6.000000000000003,0.0767263427109974,26,30,45
38,B,all_agents,,,40,30,10,0,24,6,0.31816208685608965,0.21674299355492924,0.9162726691490812,0.04618847794510683,292,30,0.75,70,4.7,1.3142857142857143,30.8,1361,,,,,,,,,,,,,,,,,,,,,,,,,,,
38,B,participants_only,,,30,30,0,0,24,6,0.35946177724956996,0.24486999926827352,0.9162726691490812,0.05377355848388543,292,30,1.0,70,4.7,1.3142857142857143,24.4,1361,,,,,,,,,,,,,,,,,,,,,,,,,,,
38,B,nonparticipants_only,,,10,0,10,0,0,0,0.1942630156756487,0.18836926154284117,0.33874775150148595,0.002965263209603075,0,0,0.0,0,0.0,0.0,50.0,0,,,,,,,,,,,,,,,,,,,,,,,,,,,
38,B,step_totals,,,,,,,,,,,,,,,,,,,,,74.10000000000008,13.5,0.18218623481781357,,,50.0,0.6747638326585688,0.0,0.0,0.010956317823653285,0.26,0.0,0,13,17,42,27,,50,27,4.600000000000001,0.06207827260458835,6.000000000000003,0.08097165991902829,23,30,28
39,B,all_agents,,,40,30,10,0,24,6,0.32050156181762357,0.21736900639149348,0.919621762383118,0.04720743781613672,300,30,0.75,70,4.7,1.3142857142857143,30.775,1399,,,,,,,,,,,,,,,,,,,,,,,,,,,
39,B,participants_only,,,30,30,0,0,24,6,0.362396759705757,0.24716835808499849,0.919621762383118,0.0549642588284736,300,30,1.0,70,4.7,1.3142857142857143,24.366666666666667,1399,,,,,,,,,,,,,,,,,,,,,,,,,,,
39,B,nonparticipants_only,,,10,0,10,0,0,0,0.19481596815322322,0.19055158638355107,0.3370540127439785,0.002874483506095743,0,0,0.0,0,0.0,0.0,50.0,0,,,,,,,,,,,,,,,,,,,,,,,,,,,
39,B,step_totals,,,,,,,,,,,,,,,,,,,,,77.70000000000009,15.5,0.19948519948519927,,,51.0,0.6563706563706556,0.0,0.0,0.00964203602950974,0.1568627450980392,0.0,0,8,14,33,31,,51,32,5.200000000000002,0.06692406692406687,6.000000000000003,0.07722007722007716,26,30,45
40,B,all_agents,,,40,30,10,0,23,7,0.3228908982801668,0.21963365126910434,0.9228368918877933,0.048366861101281224,305,30,0.75,70,4.7,1.3142857142857143,30.8,1442,,,,,,,,,,,,,,,,,,,,,,,,,,,
40,B,participants_only,,,30,30,0,0,23,7,0.3653996073397793,0.24593251629457347,0.9228368918877933,0.05633188693230355,305,30,1.0,70,4.7,1.3142857142857143,24.4,1442,,,,,,,,,,,,,,,,,,,,,,,,,,,
40,B,nonparticipants_only,,,10,0,10,0,0,0,0.19536477110132944,0.19028704290203405,0.3353687426802586,0.002787899457236907,0,0,0.0,0,0.0,0.0,50.0,0,,,,,,,,,,,,,,,,,,,,,,,,,,,
40,B,step_totals,,,,,,,,,,,,,,,,,,,,,74.10000000000008,13.5,0.18218623481781357,,,50.0,0.6747638326585688,0.0,0.0,0.010382050516554891,0.1,0.0,0,5,17,41,27,,50,27,4.600000000000001,0.06207827260458835,6.000000000000003,0.08097165991902829,23,30,28
40,B,reachability,0.25,0.0,,,,,,,,,,,,,,,,,,,,,,,,,,,,,,,,,,,,,,,,,,,,,
41,B,all_agents,,,40,30,10,0,23,7,0.3251678480695794,0.2209117719225855,0.9259234162122816,0.04937929921014836,315,30,0.75,70,4.7,1.3142857142857143,30.775,1482,,,,,,,,,,,,,,,,,,,,,,,,,,,
41,B,participants_only,,,30,30,0,0,23,7,0.3682538575099714,0.24955851965915604,0.9259234162122816,0.05751207622517086,315,30,1.0,70,4.7,1.3142857142857143,24.366666666666667,1482,,,,,,,,,,,,,,,,,,,,,,,,,,,
41,B,nonparticipants_only,,,10,0,10,0,0,0,0.195909819748403,0.19154687950607097,0.3336918989668573,0.0027041176511101504,0,0,0.0,0,0.0,0.0,50.0,0,,,,,,,,,,,,,,,,,,,,,,,,,,,
41,B,step_totals,,,,,,,,,,,,,,,,,,,,,77.70000000000009,15.5,0.19948519948519927,,,51.0,0.6563706563706556,0.0,0.0,0.009471173143228113,0.19607843137254902,0.0,0,10,14,33,31,,51,32,5.200000000000002,0.06692406692406687,6.000000000000003,0.07722007722007716,26,30,45
42,B,all_agents,,,40,30,10,0,23,7,0.32737752841548157,0.2211751629132371,0.9288864795637903,0.05045363201244003,319,30,0.75,70,4.7,1.3142857142857143,30.8,1523,,,,,,,,,,,,,,,,,,,,,,,,,,,
42,B,participants_only,,,30,30,0,0,23,7,0.3710196467589997,0.24831072706086027,0.9288864795637903,0.05877859093431874,319,30,1.0,70,4.7,1.3142857142857143,24.4,1523,,,,,,,,,,,,,,,,,,,,,,,,,,,
42,B,nonparticipants_only,,,10,0,10,0,0,0,0.1964511733849273,0.193627373500475,0.332023439472023,0.002623141324688245,0,0,0.0,0,0.0,0.0,50.0,0,,,,,,,,,,,,,,,,,,,,,,,,,,,
42,B,step_totals,,,,,,,,,,,,,,,,,,,,,74.10000000000007,13.5,0.1821862348178136,,,50.0,0.6747638326585689,0.0,0.0,0.009819858362538127,0.08,0.0,0,4,17,41,27,,50,27,4.600000000000001,0.062078272604588355,6.000000000000003,0.0809716599190283,23,30,28
43,B,all_agents,,,40,30,10,0,23,7,0.32996447774394944,0.22304337686212025,0.9317310203812387,0.051511171115657194,325,30,0.75,70,4.7,1.3142857142857143,30.775,1569,,,,,,,,,,,,,,,,,,,,,,,,,,,
43,B,participants_only,,,30,30,0,0,23,7,0.37428976419769966,0.2491794669946248,0.9317310203812387,0.05997403705280045,325,30,1.0,70,4.7,1.3142857142857143,24.366666666666667,1569,,,,,,,,,,,,,,,,,,,,,,,,,,,
43,B,nonparticipants_only,,,10,0,10,0,0,0,0.1969886183826986,0.19580550433645,0.3303633222746629,0.0025458010737432236,0,0,0.0,0,0.0,0.0,50.0,0,,,,,,,,,,,,,,,,,,,,,,,,,,,
43,B,step_totals,,,,,,,,,,,,,,,,,,,,,77.50000000000007,15.5,0.19999999999999982,,,51.0,0.6580645161290316,0.0,0.0,0.010476958080203701,0.11764705882352941,0.0,0,6,15,32,31,,51,32,5.000000000000002,0.06451612903225803,6.000000000000003,0.07741935483870964,25,30,44
44,B,all_agents,,,40,30,10,0,23,7,0.33227504874591957,0.2237580654230133,0.9344617795659891,0.052570928356069684,330,30,0.75,70,4.7,1.3142857142857143,30.8,1613,,,,,,,,,,,,,,,,,,,,,,,,,,,
44,B,participants_only,,,30,30,0,0,23,7,0.37719282147674327,0.2479335696596517,0.9344617795659891,0.06119964636835944,330,30,1.0,70,4.7,1.3142857142857143,24.4,1613,,,,,,,,,,,,,,,,,,,,,,,,,,,
44,B,nonparticipants_only,,,10,0,10,0,0,0,0.19752173055344854,0.1954480145258324,0.3287115056632896,0.0024734986340252756,0,0,0.0,0,0.0,0.0,50.0,0,,,,,,,,,,,,,,,,,,,,,,,,,,,
44,B,step_totals,,,,,,,,,,,,,,,,,,,,,74.30000000000008,13.5,0.18169582772543721,,,50.0,0.6729475100942119,0.0,0.0,0.010145558226335815,0.1,0.0,0,5,16,41,27,,50,27,4.800000000000002,0.06460296096904436,6.000000000000003,0.08075370121130547,24,30,28
45,B,all_agents,,,40,30,10,0,23,7,0.33444732676241,0.22553060017848614,0.9370833083833495,0.05353659677705431,337,30,0.75,70,4.7,1.3142857142857143,30.775,1655,,,,,,,,,,,,,,,,,,,,,,,,,,,
45,B,participants_only,,,30,30,0,0,23,7,0.37991263154413435,0.24854037670324008,0.9370833083833495,0.06231272966282506,337,30,1.0,70,4.7,1.3142857142857143,24.366666666666667,1655,,,,,,,,,,,,,,,,,,,,,,,,,,,
45,B,nonparticipants_only,,,10,0,10,0,0,0,0.1980514124172369,0.19672626320222208,0.32706794813497314,0.002403070853001001,0,0,0.0,0,0.0,0.0,50.0,0,,,,,,,,,,,,,,,,,,,,,,,,,,,
45,B,step_totals,,,,,,,,,,,,,,,,,,,,,77.50000000000009,15.5,0.1999999999999998,,,51.0,0.6580645161290315,0.0,0.0,0.009216627636625048,0.13725490196078433,0.0,0,7,15,31,31,,51,31,5.000000000000002,0.06451612903225802,6.000000000000003,0.07741935483870963,25,30,44
46,B,all_agents,,,40,30,10,0,23,7,0.33662495617912513,0.22478601345054744,0.9395999760480156,0.054560377826859456,343,30,0.75,70,4.7,1.3142857142857143,30.8,1699,,,,,,,,,,,,,,,,,,,,,,,,,,,
46,B,participants_only,,,30,30,0,0,23,7,0.382640805511131,0.24729767481972387,0.9395999760480156,0.06349882890771402,343,30,1.0,70,4.7,1.3142857142857143,24.4,1699,,,,,,,,,,,,,,,,,,,,,,,,,,,
46,B,nonparticipants_only,,,10,0,10,0,0,0,0.19857740818310754,0.19760136471472806,0.3254326083942983,0.002335523907345378,0,0,0.0,0,0.0,0.0,50.0,0,,,,,,,,,,,,,,,,,,,,,,,,,,,
46,B,step_totals,,,,,,,,,,,,,,,,,,,,,74.10000000000007,13.5,0.1821862348178136,,,50.0,0.6747638326585689,0.0,0.0,0.009763706816595113,0.12,0.0,0,6,17,41,27,,50,27,4.600000000000001,0.062078272604588355,6.000000000000003,0.0809716599190283,23,30,28
47,B,all_agents,,,40,30,10,0,22,8,0.3384267471479852,0.22514701061695747,0.942015977006095,0.05549330426294498,349,30,0.75,70,4.7,1.3142857142857143,30.775,1739,,,,,,,,,,,,,,,,,,,,,,,,,,,
47,B,participants_only,,,30,30,0,0,22,8,0.38486902838188597,0.24850956990766243,0.942015977006095,0.06460677861150664,349,30,1.0,70,4.7,1.3142857142857143,24.366666666666667,1739,,,,,,,,,,,,,,,,,,,,,,,,,,,
47,B,nonparticipants_only,,,10,0,10,0,0,0,0.19909990344628276,0.19959414181118665,0.3238054453523268,0.0022702553827551597,0,0,0.0,0,0.0,0.0,50.0,0,,,,,,,,,,,,,,,,,,,,,,,,,,,
47,B,step_totals,,,,,,,,,,,,,,,,,,,,,75.60000000000007,14.0,0.18518518518518504,,,51.0,0.674603174603174,0.0,0.0,0.008337712402499118,0.11764705882352941,0.0,0,6,17,31,28,,51,29,4.600000000000001,0.060846560846560815,6.000000000000003,0.07936507936507933,23,30,42
48,B,all_agents,,,40,30,10,0,22,8,0.34036695100648523,0.22460173866336175,0.9443353379258511,0.05646910145864568,356,30,0.75,70,4.7,1.3142857142857143,30.8,1782,,,,,,,,,,,,,,,,,,,,,,,,,,,
48,B,participants_only,,,30,30,0,0,22,8,0.3872831004269865,0.24726702205812412,0.9443353379258511,0.06575140518583862,356,30,1.0,70,4.7,1.3142857142857143,24.4,1782,,,,,,,,,,,,,,,,,,,,,,,,,,,
48,B,nonparticipants_only,,,10,0,10,0,0,0,0.1996185027449814,0.20026848733507968,0.32218641812556514,0.00220868935970525,0,0,0.0,0,0.0,0.0,50.0,0,,,,,,,,,,,,,,,,,,,,,,,,,,,
48,B,step_totals,,,,,,,,,,,,,,,,,,,,,74.30000000000007,13.5,0.18169582772543724,,,50.0,0.672947510094212,0.0,0.0,0.00898609496981014,0.14,0.0,0,7,16,41,27,,50,27,4.800000000000002,0.06460296096904437,6.000000000000003,0.08075370121130548,24,30,28
49,B,all_agents,,,40,30,10,0,22,8,0.3424875956881339,0.22638498701348866,0.946561924408817,0.05729770742859711,362,30,0.75,70,4.7,1.3142857142857143,30.775,1826,,,,,,,,,,,,,,,,,,,,,,,,,,,
49,B,participants_only,,,30,30,0,0,22,8,0.3899387800153302,0.24834585929119452,0.946561924408817,0.06667453097575042,362,30,1.0,70,4.7,1.3142857142857143,24.366666666666667,1826,,,,,,,,,,,,,,,,,,,,,,,,,,,
49,B,nonparticipants_only,,,10,0,10,0,0,0,0.20013404270654517,0.19997594064025176,0.3205754860349373,0.002147858058494492,0,0,0.0,0,0.0,0.0,50.0,0,,,,,,,,,,,,,,,,,,,,,,,,,,,
49,B,step_totals,,,,,,,,,,,,,,,,,,,,,75.60000000000008,14.0,0.18518518518518498,,,51.0,0.6746031746031739,0.0,0.0,0.009370203698935256,0.11764705882352941,0.0,0,6,17,31,28,,51,29,4.600000000000001,0.0608465608465608,6.000000000000003,0.07936507936507932,23,30,42
50,B,all_agents,,,40,30,10,0,22,8,0.34440838803584733,0.22610297379480165,0.9486994474324644,0.058218936231611465,367,30,0.75,70,4.7,1.3142857142857143,30.8,1870,,,,,,,,,,,,,,,,,,,,,,,,,,,
50,B,participants_only,,,30,30,0,0,22,8,0.3923293704991199,0.24710412999473855,0.9486994474324644,0.06774232061994227,367,30,1.0,70,4.7,1.3142857142857143,24.4,1870,,,,,,,,,,,,,,,,,,,,,,,,,,,
50,B,nonparticipants_only,,,10,0,10,0,0,0,0.20064544064602946,0.20100476383472962,0.3189726086047626,0.0020917363436756646,0,0,0.0,0,0.0,0.0,50.0,0,,,,,,,,,,,,,,,,,,,,,,,,,,,
50,B,step_totals,,,,,,,,,,,,,,,,,,,,,73.80000000000007,13.0,0.17615176151761502,,,50.0,0.67750677506775,0.0,0.0,0.009023238379022844,0.1,0.0,0,5,16,40,26,,50,26,4.800000000000002,0.06504065040650403,6.000000000000003,0.08130081300813004,24,30,28
50,B,reachability,0.25,0.0,,,,,,,,,,,,,,,,,,,,,,,,,,,,,,,,,,,,,,,,,,,,,
51,B,all_agents,,,40,30,10,0,22,8,0.3461454643044075,0.2279715323458532,0.9507514695351658,0.059065259636925875,370,30,0.75,70,4.7,1.3142857142857143,30.775,1911,,,,,,,,,,,,,,,,,,,,,,,,,,,
51,B,participants_only,,,30,30,0,0,22,8,0.3944760584506445,0.2463139288837357,0.9507514695351658,0.06873132255830292,370,30,1.0,70,4.7,1.3142857142857143,24.366666666666667,1911,,,,,,,,,,,,,,,,,,,,,,,,,,,
51,B,nonparticipants_only,,,10,0,10,0,0,0,0.20115368186569652,0.20161758953347958,0.3173777455617388,0.0020369149064554267,0,0,0.0,0,0.0,0.0,50.0,0,,,,,,,,,,,,,,,,,,,,,,,,,,,
51,B,step_totals,,,,,,,,,,,,,,,,,,,,,75.40000000000008,14.0,0.1856763925729441,,,51.0,0.6763925729442964,0.0,0.0,0.008194573229245567,0.058823529411764705,0.0,0,3,18,28,28,,51,29,4.400000000000001,0.05835543766578245,6.000000000000003,0.07957559681697608,22,30,42
52,B,all_agents,,,40,30,10,0,22,8,0.3479842952382099,0.22819029722479695,0.9527214107537592,0.059994390490447594,377,30,0.75,70,4.7,1.3142857142857143,30.8,1956,,,,,,,,,,,,,,,,,,,,,,,,,,,
52,B,participants_only,,,30,30,0,0,22,8,0.3967595640076357,0.24555671032403228,0.9527214107537592,0.06981499380228083,377,30,1.0,70,4.7,1.3142857142857143,24.4,1956,,,,,,,,,,,,,,,,,,,,,,,,,,,
52,B,nonparticipants_only,,,10,0,10,0,0,0,0.2016584889299325,0.2021360513529562,0.3157908568339301,0.00198425843259122,0,0,0.0,0,0.0,0.0,50.0,0,,,,,,,,,,,,,,,,,,,,,,,,,,,
52,B,step_totals,,,,,,,,,,,,,,,,,,,,,73.10000000000007,12.5,0.17099863201094376,,,50.0,0.683994528043775,0.0,0.0,0.008872024647573327,0.14,0.0,0,7,17,40,25,,50,25,4.600000000000001,0.06292749658002732,6.000000000000003,0.08207934336525304,23,30,27
53,B,all_agents,,,40,30,10,0,22,8,0.34979071881294865,0.22900270067812664,0.9546125543236088,0.06083314026386899,385,30,0.75,70,4.7,1.3142857142857143,30.775,2000,,,,,,,,,,,,,,,,,,,,,,,,,,,
53,B,participants_only,,,30,30,0,0,22,8,0.3990008047857657,0.24656811379918764,0.9546125543236088,0.07078043408948355,385,30,1.0,70,4.7,1.3142857142857143,24.366666666666667,2000,,,,,,,,,,,,,,,,,,,,,,,,,,,
53,B,nonparticipants_only,,,10,0,10,0,0,0,0.20216046089449768,0.20382780268106027,0.31421190254976045,0.0019316680496008157,0,0,0.0,0,0.0,0.0,50.0,0,,,,,,,,,,,,,,,,,,,,,,,,,,,
53,B,step_totals,,,,,,,,,,,,,,,,,,,,,74.90000000000008,13.5,0.18024032042723612,,,51.0,0.6809078771695587,0.0,0.0,0.008503107741785471,0.1568627450980392,0.0,0,8,18,28,27,,51,29,4.400000000000001,0.05874499332443253,6.000000000000003,0.08010680907877164,22,30,42
54,B,all_agents,,,40,30,10,0,22,8,0.3513239458846125,0.2293749118205281,0.9564280521506645,0.06168617687005266,387,30,0.75,70,4.7,1.3142857142857143,30.8,2042,,,,,,,,,,,,,,,,,,,,,,,,,,,
54,B,participants_only,,,30,30,0,0,22,8,0.40087904530949725,0.24676346941820482,0.9564280521506645,0.07179781565522299,387,30,1.0,70,4.7,1.3142857142857143,24.4,2042,,,,,,,,,,,,,,,,,,,,,,,,,,,
54,B,nonparticipants_only,,,10,0,10,0,0,0,0.20265864760995816,0.20343381151545192,0.3126408430370116,0.0018827659664190667,0,0,0.0,0,0.0,0.0,50.0,0,,,,,,,,,,,,,,,,,,,,,,,,,,,
54,B,step_totals,,,,,,,,,,,,,,,,,,,,,73.10000000000008,12.5,0.17099863201094373,,,50.0,0.6839945280437749,0.0,0.0,0.007887612258031057,0.04,0.0,0,2,17,40,25,,50,25,4.600000000000001,0.06292749658002732,6.000000000000003,0.08207934336525302,23,30,27
55,B,all_agents,,,40,30,10,0,22,8,0.35284630250569254,0.2297856408353408,0.9581709300646379,0.06246306799175664,400,30,0.75,70,4.7,1.3142857142857143,30.775,2083,,,,,,,,,,,,,,,,,,,,,,,,,,,
55,B,participants_only,,,30,30,0,0,22,8,0.402743877073516,0.24912648599338533,0.9581709300646379,0.0727131211605555,400,30,1.0,70,4.7,1.3142857142857143,24.366666666666667,2083,,,,,,,,,,,,,,,,,,,,,,,,,,,
55,B,nonparticipants_only,,,10,0,10,0,0,0,0.2031535788022219,0.20343745125998752,0.31107763882182654,0.0018356931123419365,0,0,0.0,0,0.0,0.0,50.0,0,,,,,,,,,,,,,,,,,,,,,,,,,,,
55,B,step_totals,,,,,,,,,,,,,,,,,,,,,74.20000000000007,13.0,0.17520215633423164,,,51.0,0.6873315363881395,0.0,0.0,0.007695941171352087,0.2549019607843137,0.0,0,13,19,28,26,,51,28,4.200000000000001,0.05660377358490562,6.000000000000003,0.08086253369272232,21,30,41
56,B,all_agents,,,40,30,10,0,22,8,0.35454109838407444,0.23062924454966666,0.9598440928620524,0.06335240639705013,408,30,0.75,70,4.7,1.3142857142857143,30.8,2129,,,,,,,,,,,,,,,,,,,,,,,,,,,
56,B,participants_only,,,30,30,0,0,22,8,0.404839897138253,0.24878965738060976,0.9598440928620524,0.07375255981982282,408,30,1.0,70,4.7,1.3142857142857143,24.4,2129,,,,,,,,,,,,,,,,,,,,,,,,,,,
56,B,nonparticipants_only,,,10,0,10,0,0,0,0.20364470212153882,0.20394484822336328,0.30952225062771743,0.001792316255371836,0,0,0.0,0,0.0,0.0,50.0,0,,,,,,,,,,,,,,,,,,,,,,,,,,,
56,B,step_totals,,,,,,,,,,,,,,,,,,,,,73.10000000000008,12.5,0.17099863201094373,,,50.0,0.6839945280437749,0.0,0.0,0.008433148686986252,0.16,0.0,0,8,17,40,25,,50,25,4.600000000000001,0.06292749658002732,6.000000000000003,0.08207934336525302,23,30,27
57,B,all_agents,,,40,30,10,0,21,9,0.3562824174968201,0.23000824076233742,0.9614503291475703,0.06415762861968992,413,30,0.75,70,4.7,1.3142857142857143,30.775,2175,,,,,,,,,,,,,,,,,,,,,,,,,,,
57,B,participants_only,,,30,30,0,0,21,9,0.4069988930036438,0.24876000143055052,0.9614503291475703,0.07467177582957342,413,30,1.0,70,4.7,1.3142857142857143,24.366666666666667,2175,,,,,,,,,,,,,,,,,,,,,,,,,,,
57,B,nonparticipants_only,,,10,0,10,0,0,0,0.204132990976349,0.204253787475003,0.30797463937457886,0.0017492563360284586,0,0,0.0,0,0.0,0.0,50.0,0,,,,,,,,,,,,,,,,,,,,,,,,,,,
57,B,step_totals,,,,,,,,,,,,,,,,,,,,,74.20000000000007,13.0,0.17520215633423164,,,51.0,0.6873315363881395,0.0,0.0,0.008422887615955063,0.09803921568627451,0.0,0,5,19,28,26,,51,28,4.200000000000001,0.05660377358490562,6.000000000000003,0.08086253369272232,21,30,41
58,B,all_agents,,,40,30,10,0,22,8,0.3577252155558047,0.2293711905423632,0.9629923159816676,0.06492967435862658,420,30,0.75,70,4.7,1.3142857142857143,30.8,2217,,,,,,,,,,,,,,,,,,,,,,,,,,,
58,B,participants_only,,,30,30,0,0,22,8,0.40876090279849825,0.2490292662300744,0.9629923159816676,0.07558510432542545,420,30,1.0,70,4.7,1.3142857142857143,24.4,2217,,,,,,,,,,,,,,,,,,,,,,,,,,,
58,B,nonparticipants_only,,,10,0,10,0,0,0,0.20461815382772405,0.20565169143920758,0.306434766177706,0.0017076879902216075,0,0,0.0,0,0.0,0.0,50.0,0,,,,,,,,,,,,,,,,,,,,,,,,,,,
58,B,step_totals,,,,,,,,,,,,,,,,,,,,,72.40000000000006,12.0,0.16574585635359101,,,50.0,0.6906077348066293,0.0,0.0,0.007715740002186104,0.14,0.0,0,7,18,37,24,,50,24,4.400000000000001,0.06077348066298339,6.000000000000003,0.08287292817679555,22,30,27
59,B,all_agents,,,40,30,10,0,21,9,0.35919429672417247,0.2282243345896514,0.9644726233424009,0.06564351532826207,427,30,0.75,70,4.7,1.3142857142857143,30.775,2260,,,,,,,,,,,,,,,,,,,,,,,,,,,
59,B,participants_only,,,30,30,0,0,21,9,0.4105588965694403,0.2528544096286321,0.9644726233424009,0.0764158756067233,427,30,1.0,70,4.7,1.3142857142857143,24.366666666666667,2260,,,,,,,,,,,,,,,,,,,,,,,,,,,
59,B,nonparticipants_only,,,10,0,10,0,0,0,0.20510049718836906,0.20723447658251642,0.30490259234681744,0.001666569085704576,0,0,0.0,0,0.0,0.0,50.0,0,,,,,,,,,,,,,,,,,,,,,,,,,,,
59,B,step_totals,,,,,,,,,,,,,,,,,,,,,73.70000000000006,12.5,0.16960651289009485,,,51.0,0.6919945725915869,0.0,0.0,0.007626365725588915,0.13725490196078433,0.0,0,7,19,28,25,,51,28,4.200000000000001,0.05698778833107188,6.000000000000003,0.08141112618724557,21,30,40
60,B,all_agents,,,40,30,10,0,21,9,0.3606300061904821,0.22719569556563696,0.9658937184087049,0.06644985648276791,438,30,0.75,70,4.7,1.3142857142857143,30.8,2305,,,,,,,,,,,,,,,,,,,,,,,,,,,
60,B,participants_only,,,30,30,0,0,21,9,0.41231342935940735,0.252526050614042,0.9658937184087049,0.07737280993285085,438,30,1.0,70,4.7,1.3142857142857143,24.4,2305,,,,,,,,,,,,,,,,,,,,,,,,,,,
60,B,nonparticipants_only,,,10,0,10,0,0,0,0.20557973668370627,0.2064790653278584,0.3033780793850833,0.0016268813670206903,0,0,0.0,0,0.0,0.0,50.0,0,,,,,,,,,,,,,,,,,,,,,,,,,,,
60,B,step_totals,,,,,,,,,,,,,,,,,,,,,72.40000000000006,12.0,0.16574585635359101,,,50.0,0.6906077348066293,0.0,0.0,0.007707923697497474,0.22,0.0,0,11,18,37,24,,50,24,4.400000000000001,0.06077348066298339,6.000000000000003,0.08287292817679555,22,30,27
60,B,reachability,0.25,0.0,,,,,,,,,,,,,,,,,,,,,,,,,,,,,,,,,,,,,,,,,,,,,
61,B,all_agents,,,40,30,10,0,21,9,0.3619225411430964,0.22885293433909673,0.9672579696723567,0.06711053547414353,442,30,0.75,70,4.7,1.3142857142857143,30.775,2345,,,,,,,,,,,,,,,,,,,,,,,,,,,
61,B,participants_only,,,30,30,0,0,21,9,0.41387806911831115,0.2523977387029742,0.9672579696723567,0.07815373658126042,442,30,1.0,70,4.7,1.3142857142857143,24.366666666666667,2345,,,,,,,,,,,,,,,,,,,,,,,,,,,
61,B,nonparticipants_only,,,10,0,10,0,0,0,0.20605595721745204,0.20574282833905075,0.3018611889881579,0.0015884095065929736,0,0,0.0,0,0.0,0.0,50.0,0,,,,,,,,,,,,,,,,,,,,,,,,,,,
61,B,step_totals,,,,,,,,,,,,,,,,,,,,,73.20000000000007,12.0,0.16393442622950802,,,51.0,0.6967213114754092,0.0,0.0,0.007130920002281027,0.0784313725490196,0.0,0,4,19,28,24,,51,28,4.200000000000001,0.05737704918032783,6.000000000000003,0.08196721311475405,21,30,40
62,B,all_agents,,,40,30,10,0,21,9,0.3633033693536,0.22845857928148045,0.9685676508854624,0.06787265401324788,452,30,0.75,70,4.7,1.3142857142857143,30.8,2390,,,,,,,,,,,,,,,,,,,,,,,,,,,
62,B,participants_only,,,30,30,0,0,21,9,0.41556162732837165,0.25214484757173905,0.9685676508854624,0.0790554232046468,452,30,1.0,70,4.7,1.3142857142857143,24.4,2390,,,,,,,,,,,,,,,,,,,,,,,,,,,
62,B,nonparticipants_only,,,10,0,10,0,0,0,0.20652859542928514,0.20526213085356013,0.3003518830432171,0.0015532401203576895,0,0,0.0,0,0.0,0.0,50.0,0,,,,,,,,,,,,,,,,,,,,,,,,,,,
62,B,step_totals,,,,,,,,,,,,,,,,,,,,,72.40000000000008,12.0,0.165745856353591,,,50.0,0.6906077348066291,0.0,0.0,0.007540480480731562,0.2,0.0,0,10,18,37,24,,50,24,4.400000000000001,0.06077348066298338,6.000000000000003,0.08287292817679554,22,30,27
63,B,all_agents,,,40,30,10,0,22,8,0.36482687430777966,0.22862103071076467,0.9698249448500439,0.06860587498106785,460,30,0.75,70,4.7,1.3142857142857143,30.775,2437,,,,,,,,,,,,,,,,,,,,,,,,,,,
63,B,participants_only,,,30,30,0,0,22,8,0.4174364267003865,0.2547491874839324,0.9698249448500439,0.07989695522334335,460,30,1.0,70,4.7,1.3142857142857143,24.366666666666667,2437,,,,,,,,,,,,,,,,,,,,,,,,,,,
63,B,nonparticipants_only,,,10,0,10,0,0,0,0.20699821712995908,0.20574957127750487,0.298850123628001,0.001519454218835984,0,0,0.0,0,0.0,0.0,50.0,0,,,,,,,,,,,,,,,,,,,,,,,,,,,
63,B,step_totals,,,,,,,,,,,,,,,,,,,,,73.20000000000007,12.0,0.16393442622950802,,,51.0,0.6967213114754092,0.0,0.0,0.007903359943859696,0.1568627450980392,0.0,0,8,19,28,24,,51,28,4.200000000000001,0.05737704918032783,6.000000000000003,0.08196721311475405,21,30,39
64,B,all_agents,,,40,30,10,0,21,9,0.3662512312302576,0.22941937071691343,0.9710319470560421,0.06937406624066655,466,30,0.75,70,4.7,1.3142857142857143,30.8,2484,,,,,,,,,,,,,,,,,,,,,,,,,,,
64,B,participants_only,,,30,30,0,0,21,9,0.4191797907612885,0.2534754415465127,0.9710319470560421,0.08079822780379835,466,30,1.0,70,4.7,1.3142857142857143,24.4,2484,,,,,,,,,,,,,,,,,,,,,,,,,,,
64,B,nonparticipants_only,,,10,0,10,0,0,0,0.20746555263716504,0.2060463595727886,0.297355873009861,0.0014843925829126135,0,0,0.0,0,0.0,0.0,50.0,0,,,,,,,,,,,,,,,,,,,,,,,,,,,
64,B,step_totals,,,,,,,,,,,,,,,,,,,,,71.40000000000008,11.0,0.15406162464985979,,,50.0,0.7002801120448172,0.0,0.0,0.00784853281222866,0.12,0.0,0,6,18,37,22,,50,24,4.400000000000001,0.06162464985994393,6.000000000000003,0.0840336134453781,22,30,27
65,B,all_agents,,,40,30,10,0,21,9,0.36765274870935216,0.22918312406688982,0.9721906691738005,0.07003947678533005,468,30,0.75,70,4.7,1.3142857142857143,30.775,2529,,,,,,,,,,,,,,,,,,,,,,,,,,,
65,B,participants_only,,,30,30,0,0,21,9,0.4208935300250085,0.2549882745801152,0.9721906691738005,0.08156472702304748,468,30,1.0,70,4.7,1.3142857142857143,24.366666666666667,2529,,,,,,,,,,,,,,,,,,,,,,,,,,,
65,B,nonparticipants_only,,,10,0,10,0,0,0,0.20793040476238323,0.20738928227459705,0.2958690936448117,0.0014487565309593035,0,0,0.0,0,0.0,0.0,50.0,0,,,,,,,,,,,,,,,,,,,,,,,,,,,
65,B,step_totals,,,,,,,,,,,,,,,,,,,,,73.20000000000006,12.0,0.16393442622950807,,,51.0,0.6967213114754093,0.0,0.0,0.007521279597099565,0.0392156862745098,0.0,0,2,19,26,24,,51,27,4.200000000000001,0.057377049180327835,6.000000000000003,0.08196721311475406,21,30,39
66,B,all_agents,,,40,30,10,0,21,9,0.3688145617825561,0.2283675282252732,0.9733030424068485,0.07075748790624038,476,30,0.75,70,4.7,1.3142857142857143,30.8,2574,,,,,,,,,,,,,,,,,,,,,,,,,,,
66,B,participants_only,,,30,30,0,0,21,9,0.42228896037554736,0.2537133332072146,0.9733030424068485,0.08243268885000284,476,30,1.0,70,4.7,1.3142857142857143,24.4,2574,,,,,,,,,,,,,,,,,,,,,,,,,,,
66,B,nonparticipants_only,,,10,0,10,0,0,0,0.20839136600358246,0.20890981455396865,0.29438974817658764,0.0014177494163677914,0,0,0.0,0,0.0,0.0,50.0,0,,,,,,,,,,,,,,,,,,,,,,,,,,,
66,B,step_totals,,,,,,,,,,,,,,,,,,,,,71.40000000000006,11.0,0.1540616246498598,,,50.0,0.7002801120448173,0.0,0.0,0.006981687115891872,0.16,0.0,0,8,18,37,22,,50,24,4.400000000000001,0.06162464985994394,6.000000000000003,0.08403361344537812,22,30,27
67,B,all_agents,,,40,30,10,0,22,8,0.3701135812124226,0.23125069979832466,0.9743709207105745,0.07141876228747046,485,30,0.75,70,4.7,1.3142857142857143,30.775,2620,,,,,,,,,,,,,,,,,,,,,,,,,,,
67,B,participants_only,,,30,30,0,0,22,8,0.4238683123067949,0.25461837496828066,0.9743709207105745,0.08320405764273618,485,30,1.0,70,4.7,1.3142857142857143,24.366666666666667,2620,,,,,,,,,,,,,,,,,,,,,,,,,,,
67,B,nonparticipants_only,,,10,0,10,0,0,0,0.20884938792930555,0.2084551446976923,0.2929177994357047,0.0013880228413339526,0,0,0.0,0,0.0,0.0,50.0,0,,,,,,,,,,,,,,,,,,,,,,,,,,,
67,B,step_totals,,,,,,,,,,,,,,,,,,,,,72.70000000000006,11.5,0.15818431911966974,,,51.0,0.7015130674002745,0.0,0.0,0.0072644927078983935,0.17647058823529413,0.0,0,9,19,26,23,,51,26,4.200000000000001,0.05777166437414027,6.000000000000003,0.08253094910591469,21,30,38
68,B,all_agents,,,40,30,10,0,22,8,0.3713523452705631,0.23120627950518757,0.9753960838821515,0.07211343174191129,489,30,0.75,70,4.7,1.3142857142857143,30.8,2666,,,,,,,,,,,,,,,,,,,,,,,,,,,
68,B,participants_only,,,30,30,0,0,22,8,0.425368280120862,0.2533452830934393,0.9753960838821515,0.08402725354485904,489,30,1.0,70,4.7,1.3142857142857143,24.4,2666,,,,,,,,,,,,,,,,,,,,,,,,,,,
68,B,nonparticipants_only,,,10,0,10,0,0,0,0.20930454071966628,0.2080059426844179,0.2914532104385261,0.0013593117200471733,0,0,0.0,0,0.0,0.0,50.0,0,,,,,,,,,,,,,,,,,,,,,,,,,,,
68,B,step_totals,,,,,,,,,,,,,,,,,,,,,71.40000000000006,11.0,0.1540616246498598,,,50.0,0.7002801120448173,0.0,0.0,0.007255718521374101,0.08,0.0,0,4,18,37,22,,50,24,4.400000000000001,0.06162464985994394,6.000000000000003,0.08403361344537812,22,30,27
69,B,all_agents,,,40,30,10,0,22,8,0.37256814690970236,0.23060825076173003,0.9763802405268655,0.07279089629425162,494,30,0.75,70,4.7,1.3142857142857143,30.775,2713,,,,,,,,,,,,,,,,,,,,,,,,,,,
69,B,participants_only,,,30,30,0,0,22,8,0.42683842386386445,0.25590951417799057,0.9763802405268655,0.08483016761555935,494,30,1.0,70,4.7,1.3142857142857143,24.366666666666667,2713,,,,,,,,,,,,,,,,,,,,,,,,,,,
69,B,nonparticipants_only,,,10,0,10,0,0,0,0.2097573160472161,0.20847656459343447,0.28999594438633347,0.0013299268021509094,0,0,0.0,0,0.0,0.0,50.0,0,,,,,,,,,,,,,,,,,,,,,,,,,,,
69,B,step_totals,,,,,,,,,,,,,,,,,,,,,71.50000000000006,10.5,0.14685314685314674,,,51.0,0.7132867132867127,0.0,0.0,0.0071617900409526175,0.09803921568627451,0.0,0,5,20,25,21,,51,26,4.000000000000001,0.05594405594405591,6.000000000000003,0.08391608391608389,20,30,38
70,B,all_agents,,,40,30,10,0,22,8,0.3736629953363208,0.23137904505633827,0.9773250309057908,0.07346853438913602,499,30,0.75,70,4.7,1.3142857142857143,30.8,2759,,,,,,,,,,,,,,,,,,,,,,,,,,,
70,B,participants_only,,,30,30,0,0,22,8,0.428148288114243,0.25462996660710063,0.9773250309057908,0.08564945298802981,499,30,1.0,70,4.7,1.3142857142857143,24.4,2759,,,,,,,,,,,,,,,,,,,,,,,,,,,
70,B,nonparticipants_only,,,10,0,10,0,0,0,0.21020711700255432,0.20876311258420197,0.2885459646644018,0.0013020130433038584,0,0,0.0,0,0.0,0.0,50.0,0,,,,,,,,,,,,,,,,,,,,,,,,,,,
70,B,step_totals,,,,,,,,,,,,,,,,,,,,,71.40000000000006,11.0,0.1540616246498598,,,50.0,0.7002801120448173,0.0,0.0,0.006786176299195206,0.1,0.0,0,5,18,37,22,,50,24,4.400000000000001,0.06162464985994394,6.000000000000003,0.08403361344537812,22,30,26
70,B,reachability,0.25,0.0,,,,,,,,,,,,,,,,,,,,,,,,,,,,,,,,,,,,,,,,,,,,,
71,B,all_agents,,,40,30,10,0,22,8,0.374758284549603,0.23094709162887836,0.9775517805967329,0.07409210786114262,507,30,0.75,70,4.7,1.3142857142857143,30.775,2803,,,,,,,,,,,,,,,,,,,,,,,,,,,
71,B,participants_only,,,30,30,0,0,22,8,0.4294597709452958,0.256140351876506,0.9775517805967329,0.08639510466283118,507,30,1.0,70,4.7,1.3142857142857143,24.366666666666667,2803,,,,,,,,,,,,,,,,,,,,,,,,,,,
71,B,nonparticipants_only,,,10,0,10,0,0,0,0.21065382536252458,0.21041751285996563,0.2871032348410798,0.0012760860892989867,0,0,0.0,0,0.0,0.0,50.0,0,,,,,,,,,,,,,,,,,,,,,,,,,,,
71,B,step_totals,,,,,,,,,,,,,,,,,,,,,71.50000000000007,10.5,0.1468531468531467,,,51.0,0.7132867132867126,0.0,0.0,0.006768841412029927,0.1568627450980392,0.0,0,8,20,25,21,,51,25,4.000000000000001,0.0559440559440559,6.000000000000003,0.08391608391608386,20,30,37
72,B,all_agents,,,40,30,10,0,22,8,0.37600767405414565,0.2308161514259665,0.9784497093728636,0.0747604755811395,517,30,0.75,70,4.7,1.3142857142857143,30.8,2851,,,,,,,,,,,,,,,,,,,,,,,,,,,
72,B,participants_only,,,30,30,0,0,22,8,0.43097765203937954,0.2548596501171235,0.9784497093728636,0.08717680507269153,517,30,1.0,70,4.7,1.3142857142857143,24.4,2851,,,,,,,,,,,,,,,,,,,,,,,,,,,
72,B,nonparticipants_only,,,10,0,10,0,0,0,0.21109774009844404,0.21152776767521825,0.2856677186668744,0.0012511053501182967,0,0,0.0,0,0.0,0.0,50.0,0,,,,,,,,,,,,,,,,,,,,,,,,,,,
72,B,step_totals,,,,,,,,,,,,,,,,,,,,,71.40000000000008,11.0,0.15406162464985979,,,50.0,0.7002801120448172,0.0,0.0,0.00731789800754328,0.2,0.0,0,10,18,37,22,,50,24,4.400000000000001,0.06162464985994393,6.000000000000003,0.0840336134453781,22,30,26
73,B,all_agents,,,40,30,10,0,22,8,0.3771761810953269,0.23331836722282556,0.979311720997949,0.07539221106912755,521,30,0.75,70,4.7,1.3142857142857143,30.775,2898,,,,,,,,,,,,,,,,,,,,,,,,,,,
73,B,participants_only,,,30,30,0,0,22,8,0.4323885020938063,0.25578321518263636,0.979311720997949,0.08792072613250451,521,30,1.0,70,4.7,1.3142857142857143,24.366666666666667,2898,,,,,,,,,,,,,,,,,,,,,,,,,,,
73,B,nonparticipants_only,,,10,0,10,0,0,0,0.211539218099889,0.21093294811428945,0.28423938007354005,0.0012258611985272324,0,0,0.0,0,0.0,0.0,50.0,0,,,,,,,,,,,,,,,,,,,,,,,,,,,
73,B,step_totals,,,,,,,,,,,,,,,,,,,,,71.70000000000006,10.5,0.14644351464435135,,,51.0,0.7112970711297065,0.0,0.0,0.007010142000294206,0.0784313725490196,0.0,0,4,20,25,21,,51,24,4.200000000000001,0.05857740585774055,6.000000000000003,0.0836820083682008,21,30,35
74,B,all_agents,,,40,30,10,0,22,8,0.3782463588804924,0.2336457555808733,0.9801392521580311,0.0760165093035257,525,30,0.75,70,4.7,1.3142857142857143,30.8,2945,,,,,,,,,,,,,,,,,,,,,,,,,,,
74,B,participants_only,,,30,30,0,0,22,8,0.4336693215047457,0.25450429910672323,0.9801392521580311,0.08866745304758702,525,30,1.0,70,4.7,1.3142857142857143,24.4,2945,,,,,,,,,,,,,,,,,,,,,,,,,,,
74,B,nonparticipants_only,,,10,0,10,0,0,0,0.21197747100773254,0.21065508276059458,0.28281818317317237,0.0012032206387492088,0,0,0.0,0,0.0,0.0,50.0,0,,,,,,,,,,,,,,,,,,,,,,,,,,,
74,B,step_totals,,,,,,,,,,,,,,,,,,,,,71.40000000000006,11.0,0.1540616246498598,,,50.0,0.7002801120448173,0.0,0.0,0.006730008457345985,0.08,0.0,0,4,18,36,22,,50,24,4.400000000000001,0.06162464985994394,6.000000000000003,0.08403361344537812,22,30,25
75,B,all_agents,,,40,30,10,0,22,8,0.379353737645342,0.23416835211293435,0.9809336820717098,0.0766402094876285,528,30,0.75,70,4.7,1.3142857142857143,30.775,2993,,,,,,,,,,,,,,,,,,,,,,,,,,,
75,B,participants_only,,,30,30,0,0,22,8,0.4350006993300042,0.25484069816248006,0.9809336820717098,0.08940662262144596,528,30,1.0,70,4.7,1.3142857142857143,24.366666666666667,2993,,,,,,,,,,,,,,,,,,,,,,,,,,,
75,B,nonparticipants_only,,,10,0,10,0,0,0,0.21241285259135562,0.2121228617222303,0.2814040922573065,0.0011819579493650056,0,0,0.0,0,0.0,0.0,50.0,0,,,,,,,,,,,,,,,,,,,,,,,,,,,
75,B,step_totals,,,,,,,,,,,,,,,,,,,,,71.50000000000007,10.5,0.1468531468531467,,,51.0,0.7132867132867126,0.0,0.0,0.00683645301872827,0.058823529411764705,0.0,0,3,20,25,21,,51,24,4.000000000000001,0.0559440559440559,6.000000000000003,0.08391608391608386,20,30,35
76,B,all_agents,,,40,30,10,0,22,8,0.38041650325474274,0.2340241747655328,0.9816963347888414,0.0772637180314038,537,30,0.75,70,4.7,1.3142857142857143,30.8,3041,,,,,,,,,,,,,,,,,,,,,,,,,,,
76,B,participants_only,,,30,30,0,0,22,8,0.43627345417666985,0.2535664946716677,0.9816963347888414,0.09015127615933817,537,30,1.0,70,4.7,1.3142857142857143,24.4,3041,,,,,,,,,,,,,,,,,,,,,,,,,,,
76,B,nonparticipants_only,,,10,0,10,0,0,0,0.21284565048896123,0.21191094843268946,0.27999707179601996,0.0011610560520657473,0,0,0.0,0,0.0,0.0,50.0,0,,,,,,,,,,,,,,,,,,,,,,,,,,,
76,B,step_totals,,,,,,,,,,,,,,,,,,,,,71.40000000000006,11.0,0.1540616246498598,,,50.0,0.7002801120448173,0.0,0.0,0.006718796434656982,0.18,0.0,0,9,18,35,22,,50,23,4.400000000000001,0.06162464985994394,6.000000000000003,0.08403361344537812,22,30,25
77,B,all_agents,,,40,30,10,0,22,8,0.3813727098056829,0.23343398636153673,0.9824284813972878,0.07782049498059013,547,30,0.75,70,4.7,1.3142857142857143,30.775,3087,,,,,,,,,,,,,,,,,,,,,,,,,,,
77,B,participants_only,,,30,30,0,0,22,8,0.43740484547078295,0.25447147555568983,0.9824284813972878,0.09082258853195621,547,30,1.0,70,4.7,1.3142857142857143,24.366666666666667,3087,,,,,,,,,,,,,,,,,,,,,,,,,,,
77,B,nonparticipants_only,,,10,0,10,0,0,0,0.21327630281038304,0.21230917348070305,0.27859708643703984,0.0011390116001858388,0,0,0.0,0,0.0,0.0,50.0,0,,,,,,,,,,,,,,,,,,,,,,,,,,,
77,B,step_totals,,,,,,,,,,,,,,,,,,,,,71.50000000000007,10.5,0.1468531468531467,,,51.0,0.7132867132867126,0.0,0.0,0.006341709857759621,0.19607843137254902,0.0,0,10,20,25,21,,51,24,4.000000000000001,0.0559440559440559,6.000000000000003,0.08391608391608386,20,30,35
78,B,all_agents,,,40,30,10,0,22,8,0.382446033335202,0.23485777750204925,0.9831313421413963,0.07841629576831823,550,30,0.75,70,4.7,1.3142857142857143,30.8,3134,,,,,,,,,,,,,,,,,,,,,,,,,,,
78,B,participants_only,,,30,30,0,0,22,8,0.43869339868955937,0.25319911817791135,0.9831313421413963,0.09152698443416896,550,30,1.0,70,4.7,1.3142857142857143,24.4,3134,,,,,,,,,,,,,,,,,,,,,,,,,,,
78,B,nonparticipants_only,,,10,0,10,0,0,0,0.21370393727213002,0.21405539163727616,0.27720410100485465,0.0011190364590873184,0,0,0.0,0,0.0,0.0,50.0,0,,,,,,,,,,,,,,,,,,,,,,,,,,,
78,B,step_totals,,,,,,,,,,,,,,,,,,,,,71.40000000000008,11.0,0.15406162464985979,,,50.0,0.7002801120448172,0.0,0.0,0.006765873968166473,0.06,0.0,0,3,18,35,22,,50,23,4.400000000000001,0.06162464985994393,6.000000000000003,0.0840336134453781,22,30,25
79,B,all_agents,,,40,30,10,0,22,8,0.3834693123470805,0.23534947381983834,0.9838060884557405,0.07897254044413725,555,30,0.75,70,4.7,1.3142857142857143,30.775,3181,,,,,,,,,,,,,,,,,,,,,,,,,,,
79,B,participants_only,,,30,30,0,0,22,8,0.4399160715580856,0.2546865827387598,0.9838060884557405,0.09218528279638914,555,30,1.0,70,4.7,1.3142857142857143,24.366666666666667,3181,,,,,,,,,,,,,,,,,,,,,,,,,,,
79,B,nonparticipants_only,,,10,0,10,0,0,0,0.2141290347140653,0.21386863017745134,0.27581808049983036,0.0010994738822793103,0,0,0.0,0,0.0,0.0,50.0,0,,,,,,,,,,,,,,,,,,,,,,,,,,,
79,B,step_totals,,,,,,,,,,,,,,,,,,,,,71.50000000000007,10.5,0.1468531468531467,,,51.0,0.7132867132867126,0.0,0.0,0.006580497247945035,0.09803921568627451,0.0,0,5,20,25,21,,51,24,4.000000000000001,0.0559440559440559,6.000000000000003,0.08391608391608386,20,30,35
80,B,all_agents,,,40,30,10,0,22,8,0.3843502437471367,0.23541022636256542,0.9844538449175109,0.079531079572026,560,30,0.75,70,4.7,1.3142857142857143,30.8,3228,,,,,,,,,,,,,,,,,,,,,,,,,,,
80,B,participants_only,,,30,30,0,0,22,8,0.44094984291244677,0.253413149825066,0.9844538449175109,0.09286709210836301,560,30,1.0,70,4.7,1.3142857142857143,24.4,3228,,,,,,,,,,,,,,,,,,,,,,,,,,,
80,B,nonparticipants_only,,,10,0,10,0,0,0,0.21455144625120642,0.21455898915910404,0.2744389900973312,0.0010808664549297237,0,0,0.0,0,0.0,0.0,50.0,0,,,,,,,,,,,,,,,,,,,,,,,,,,,
80,B,step_totals,,,,,,,,,,,,,,,,,,,,,70.70000000000006,10.5,0.1485148514851484,,,50.0,0.7072135785007067,0.0,0.0,0.00621605965965925,0.1,0.0,0,5,19,34,21,,50,22,4.200000000000001,0.05940594059405937,6.000000000000003,0.08486562942008483,21,30,25
80,B,reachability,0.25,0.0,,,,,,,,,,,,,,,,,,,,,,,,,,,,,,,,,,,,,,,,,,,,,
81,B,all_agents,,,40,30,10,0,22,8,0.3853314278832171,0.235939418234556,0.9850756911208104,0.0801131377145321,569,30,0.75,70,4.7,1.3142857142857143,30.775,3276,,,,,,,,,,,,,,,,,,,,,,,,,,,
81,B,participants_only,,,30,30,0,0,22,8,0.4421182701085679,0.2535999321323054,0.9850756911208104,0.09356382318787904,569,30,1.0,70,4.7,1.3142857142857143,24.366666666666667,3276,,,,,,,,,,,,,,,,,,,,,,,,,,,
81,B,nonparticipants_only,,,10,0,10,0,0,0,0.21497090120716475,0.21499360658220193,0.27661858436473113,0.001064135895368711,0,0,0.0,0,0.0,0.0,50.0,0,,,,,,,,,,,,,,,,,,,,,,,,,,,
81,B,step_totals,,,,,,,,,,,,,,,,,,,,,70.80000000000007,10.0,0.1412429378531072,,,51.0,0.7203389830508468,0.0,0.0,0.006525824307838877,0.17647058823529413,0.0,0,9,21,23,20,,51,23,3.800000000000001,0.053672316384180754,6.000000000000003,0.08474576271186436,19,30,34
82,B,all_agents,,,40,30,10,0,22,8,0.38618319024887665,0.235800215544057,0.9856726634759779,0.08065055779855881,578,30,0.75,70,4.7,1.3142857142857143,30.8,3323,,,,,,,,,,,,,,,,,,,,,,,,,,,
82,B,participants_only,,,30,30,0,0,22,8,0.44311478967230394,0.25233193247164387,0.9856726634759779,0.09422061895169653,578,30,1.0,70,4.7,1.3142857142857143,24.4,3323,,,,,,,,,,,,,,,,,,,,,,,,,,,
82,B,nonparticipants_only,,,10,0,10,0,0,0,0.21538839197859458,0.2152630137769751,0.2754825386889051,0.0010458901842305308,0,0,0.0,0,0.0,0.0,50.0,0,,,,,,,,,,,,,,,,,,,,,,,,,,,
82,B,step_totals,,,,,,,,,,,,,,,,,,,,,70.70000000000007,10.5,0.14851485148514837,,,50.0,0.7072135785007064,0.0,0.0,0.006129871209836796,0.18,0.0,0,9,19,34,21,,50,22,4.200000000000001,0.05940594059405936,6.000000000000003,0.08486562942008481,21,30,25
83,B,all_agents,,,40,30,10,0,22,8,0.3871228876611629,0.2351312981665215,0.9862457569369388,0.08121261251967742,585,30,0.75,70,4.7,1.3142857142857143,30.775,3371,,,,,,,,,,,,,,,,,,,,,,,,,,,
83,B,participants_only,,,30,30,0,0,22,8,0.44422938868665846,0.2528092906345374,0.9862457569369388,0.094896190386444,585,30,1.0,70,4.7,1.3142857142857143,24.366666666666667,3371,,,,,,,,,,,,,,,,,,,,,,,,,,,
83,B,nonparticipants_only,,,10,0,10,0,0,0,0.21580338458467604,0.2162552835247382,0.27556705474147125,0.0010280494068785535,0,0,0.0,0,0.0,0.0,50.0,0,,,,,,,,,,,,,,,,,,,,,,,,,,,
83,B,step_totals,,,,,,,,,,,,,,,,,,,,,70.30000000000007,9.5,0.135135135135135,,,51.0,0.7254623044096721,0.0,0.0,0.0064578504320542286,0.13725490196078433,0.0,0,7,21,22,19,,51,23,3.800000000000001,0.054054054054054015,6.000000000000003,0.08534850640113793,19,30,34
84,B,all_agents,,,40,30,10,0,22,8,0.3879967353315116,0.23647006916409288,0.9867959266594613,0.08173008343337373,591,30,0.75,70,4.7,1.3142857142857143,30.8,3419,,,,,,,,,,,,,,,,,,,,,,,,,,,
84,B,participants_only,,,30,30,0,0,22,8,0.44525711896065484,0.2515452441813647,0.9867959266594613,0.09552118179767577,591,30,1.0,70,4.7,1.3142857142857143,24.4,3419,,,,,,,,,,,,,,,,,,,,,,,,,,,
84,B,nonparticipants_only,,,10,0,10,0,0,0,0.21621558444408198,0.2170994838273266,0.27511560567486065,0.0010117699401878042,0,0,0.0,0,0.0,0.0,50.0,0,,,,,,,,,,,,,,,,,,,,,,,,,,,
84,B,step_totals,,,,,,,,,,,,,,,,,,,,,70.70000000000007,10.5,0.14851485148514837,,,50.0,0.7072135785007064,0.0,0.0,0.006216560666224968,0.12,0.0,0,6,19,34,21,,50,22,4.200000000000001,0.05940594059405936,6.000000000000003,0.08486562942008481,21,30,24
85,B,all_agents,,,40,30,10,0,22,8,0.3887321156587159,0.23781822998748797,0.9873240895930828,0.08225812186917508,597,30,0.75,70,4.7,1.3142857142857143,30.775,3465,,,,,,,,,,,,,,,,,,,,,,,,,,,
85,B,participants_only,,,30,30,0,0,22,8,0.44610097152641975,0.252028827473228,0.9873240895930828,0.09618105177992525,597,30,1.0,70,4.7,1.3142857142857143,24.366666666666667,3465,,,,,,,,,,,,,,,,,,,,,,,,,,,
85,B,nonparticipants_only,,,10,0,10,0,0,0,0.21662554805560424,0.21676613171635278,0.27465102122748036,0.0009951046540919582,0,0,0.0,0,0.0,0.0,50.0,0,,,,,,,,,,,,,,,,,,,,,,,,,,,
85,B,step_totals,,,,,,,,,,,,,,,,,,,,,70.30000000000007,9.5,0.135135135135135,,,51.0,0.7254623044096721,0.0,0.0,0.005770478080993388,0.11764705882352941,0.0,0,6,21,22,19,,51,23,3.800000000000001,0.054054054054054015,6.000000000000003,0.08534850640113793,19,30,33
86,B,all_agents,,,40,30,10,0,22,8,0.38950108453517396,0.2378916302689877,0.9878311260093595,0.08274606328106167,602,30,0.75,70,4.7,1.3142857142857143,30.8,3511,,,,,,,,,,,,,,,,,,,,,,,,,,,
86,B,participants_only,,,30,30,0,0,22,8,0.446990594534071,0.25220299666458845,0.9878311260093595,0.09678104956041753,602,30,1.0,70,4.7,1.3142857142857143,24.4,3511,,,,,,,,,,,,,,,,,,,,,,,,,,,
86,B,nonparticipants_only,,,10,0,10,0,0,0,0.21703255453848308,0.21821390992093403,0.2747340661323788,0.0009805793240347982,0,0,0.0,0,0.0,0.0,50.0,0,,,,,,,,,,,,,,,,,,,,,,,,,,,
86,B,step_totals,,,,,,,,,,,,,,,,,,,,,70.70000000000006,10.5,0.1485148514851484,,,50.0,0.7072135785007067,0.0,0.0,0.005869583667148097,0.1,0.0,0,5,19,34,21,,50,22,4.200000000000001,0.05940594059405937,6.000000000000003,0.08486562942008483,21,30,24
87,B,all_agents,,,40,30,10,0,22,8,0.39034400556743276,0.23757561847983016,0.9883178809689851,0.08329145525958624,607,30,0.75,70,4.7,1.3142857142857143,30.775,3560,,,,,,,,,,,,,,,,,,,,,,,,,,,
87,B,participants_only,,,30,30,0,0,22,8,0.4479795872976636,0.2515747631673663,0.9883178809689851,0.09744585974106484,607,30,1.0,70,4.7,1.3142857142857143,24.366666666666667,3560,,,,,,,,,,,,,,,,,,,,,,,,,,,
87,B,nonparticipants_only,,,10,0,10,0,0,0,0.2174372603767405,0.21801537527347573,0.27707421019712186,0.0009659184385651392,0,0,0.0,0,0.0,0.0,50.0,0,,,,,,,,,,,,,,,,,,,,,,,,,,,
87,B,step_totals,,,,,,,,,,,,,,,,,,,,,70.30000000000005,9.5,0.13513513513513503,,,51.0,0.7254623044096723,0.0,0.0,0.006146535457952598,0.09803921568627451,0.0,0,5,21,22,19,,51,23,3.800000000000001,0.05405405405405403,6.000000000000003,0.08534850640113795,19,30,33
88,B,all_agents,,,40,30,10,0,22,8,0.391121585723878,0.23746572253950884,0.9887851657302257,0.08376446916214238,614,30,0.75,70,4.7,1.3142857142857143,30.8,3606,,,,,,,,,,,,,,,,,,,,,,,,,,,
88,B,participants_only,,,30,30,0,0,22,8,0.44888220029910253,0.25101606212846206,0.9887851657302257,0.09802382476976441,614,30,1.0,70,4.7,1.3142857142857143,24.4,3606,,,,,,,,,,,,,,,,,,,,,,,,,,,
88,B,nonparticipants_only,,,10,0,10,0,0,0,0.2178397419982044,0.2184614884554118,0.27597736233957126,0.0009509391859845829,0,0,0.0,0,0.0,0.0,50.0,0,,,,,,,,,,,,,,,,,,,,,,,,,,,
88,B,step_totals,,,,,,,,,,,,,,,,,,,,,70.70000000000006,10.5,0.1485148514851484,,,50.0,0.7072135785007067,0.0,0.0,0.005909749464319395,0.14,0.0,0,7,19,34,21,,50,22,4.200000000000001,0.05940594059405937,6.000000000000003,0.08486562942008483,21,30,23
89,B,all_agents,,,40,30,10,0,22,8,0.3919228522123087,0.23665121190431615,0.9892337591010166,0.0842790750166663,616,30,0.75,70,4.7,1.3142857142857143,30.775,3654,,,,,,,,,,,,,,,,,,,,,,,,,,,
89,B,participants_only,,,30,30,0,0,22,8,0.44981714021639707,0.25204794322128565,0.9892337591010166,0.09865319929726768,616,30,1.0,70,4.7,1.3142857142857143,24.366666666666667,3654,,,,,,,,,,,,,,,,,,,,,,,,,,,
89,B,nonparticipants_only,,,10,0,10,0,0,0,0.21823998820004378,0.21995177017038298,0.27605896227270643,0.0009357191728582951,0,0,0.0,0,0.0,0.0,50.0,0,,,,,,,,,,,,,,,,,,,,,,,,,,,
89,B,step_totals,,,,,,,,,,,,,,,,,,,,,70.30000000000005,9.5,0.13513513513513503,,,51.0,0.7254623044096723,0.0,0.0,0.006013450419344729,0.0392156862745098,0.0,0,2,21,22,19,,51,23,3.800000000000001,0.05405405405405403,6.000000000000003,0.08534850640113795,19,30,33
90,B,all_agents,,,40,30,10,0,22,8,0.3926622801021118,0.23638762795939383,0.9896644087369759,0.08473417882053201,629,30,0.75,70,4.7,1.3142857142857143,30.8,3700,,,,,,,,,,,,,,,,,,,,,,,,,,,
90,B,participants_only,,,30,30,0,0,22,8,0.4506704817453661,0.25238246887404087,0.9896644087369759,0.0992119302996471,629,30,1.0,70,4.7,1.3142857142857143,24.4,3700,,,,,,,,,,,,,,,,,,,,,,,,,,,
90,B,nonparticipants_only,,,10,0,10,0,0,0,0.21863767517234892,0.2198494634322411,0.2756230898847895,0.000921506888573285,0,0,0.0,0,0.0,0.0,50.0,0,,,,,,,,,,,,,,,,,,,,,,,,,,,
90,B,step_totals,,,,,,,,,,,,,,,,,,,,,70.70000000000007,10.5,0.14851485148514837,,,50.0,0.7072135785007064,0.0,0.0,0.005790977527434383,0.26,0.0,0,13,19,34,21,,50,22,4.200000000000001,0.05940594059405936,6.000000000000003,0.08486562942008481,21,30,23
90,B,reachability,0.25,0.0,,,,,,,,,,,,,,,,,,,,,,,,,,,,,,,,,,,,,,,,,,,,,
91,B,all_agents,,,40,30,10,0,22,8,0.3933582618479392,0.236574652517677,0.9900778323874969,0.08522831210116183,639,30,0.75,70,4.7,1.3142857142857143,30.775,3748,,,,,,,,,,,,,,,,,,,,,,,,,,,
91,B,participants_only,,,30,30,0,0,22,8,0.4514667515470898,0.25160178891477636,0.9900778323874969,0.09982858606121062,639,30,1.0,70,4.7,1.3142857142857143,24.366666666666667,3748,,,,,,,,,,,,,,,,,,,,,,,,,,,
91,B,nonparticipants_only,,,10,0,10,0,0,0,0.21903279275048756,0.2204962382397062,0.2751745353357924,0.0009083313196200449,0,0,0.0,0,0.0,0.0,50.0,0,,,,,,,,,,,,,,,,,,,,,,,,,,,
91,B,step_totals,,,,,,,,,,,,,,,,,,,,,70.30000000000007,9.5,0.135135135135135,,,51.0,0.7254623044096721,0.0,0.0,0.005662782139942684,0.19607843137254902,0.0,0,10,21,22,19,,51,23,3.800000000000001,0.054054054054054015,6.000000000000003,0.08534850640113793,19,30,33
92,B,all_agents,,,40,30,10,0,22,8,0.3941273270455769,0.2382791500327281,0.990474719091997,0.08569286122245064,645,30,0.75,71,5.887323943661972,1.3098591549295775,30.8,3797,,,,,,,,,,,,,,,,,,,,,,,,,,,
92,B,participants_only,,,30,30,0,0,22,8,0.4523612610229998,0.25037732648302113,0.990474719091997,0.10039385850029599,645,30,1.0,71,5.887323943661972,1.3098591549295775,24.4,3797,,,,,,,,,,,,,,,,,,,,,,,,,,,
92,B,nonparticipants_only,,,10,0,10,0,0,0,0.21942552511330843,0.2209282921243384,0.2752547148813481,0.0008955765910724543,0,0,0.0,0,0.0,0.0,50.0,0,,,,,,,,,,,,,,,,,,,,,,,,,,,
92,B,step_totals,,,,,,,,,,,,,,,,,,,,,70.70000000000006,10.5,0.1485148514851484,,,50.0,0.7072135785007067,0.0,0.0,0.0059002978005746895,0.1,0.09803921568627455,1,5,19,34,21,,50,22,4.200000000000001,0.05940594059405937,6.000000000000003,0.08486562942008483,21,30,23
93,B,all_agents,,,40,30,10,0,22,8,0.3949403253584513,0.23814088246491116,0.9908557303283172,0.08623075059948199,653,30,0.75,71,5.887323943661972,1.3098591549295775,30.775,3848,,,,,,,,,,,,,,,,,,,,,,,,,,,
93,B,participants_only,,,30,30,0,0,22,8,0.45331515913036835,0.2508557711514212,0.9908557303283172,0.10104937114245065,653,30,1.0,71,5.887323943661972,1.3098591549295775,24.366666666666667,3848,,,,,,,,,,,,,,,,,,,,,,,,,,,
93,B,nonparticipants_only,,,10,0,10,0,0,0,0.21981582404270003,0.22113106531091326,0.27751411523680164,0.0008834343557885927,0,0,0.0,0,0.0,0.0,50.0,0,,,,,,,,,,,,,,,,,,,,,,,,,,,
93,B,step_totals,,,,,,,,,,,,,,,,,,,,,70.30000000000007,9.5,0.135135135135135,,,51.0,0.7254623044096721,0.0,0.0,0.006071388670421852,0.1568627450980392,0.0,0,8,21,22,19,,51,23,3.800000000000001,0.054054054054054015,6.000000000000003,0.08534850640113793,19,30,32
94,B,all_agents,,,40,30,10,0,22,8,0.3956247106346791,0.23851130228017448,0.9912215011151845,0.08663744456462638,662,30,0.75,71,5.887323943661972,1.3098591549295775,30.8,3895,,,,,,,,,,,,,,,,,,,,,,,,,,,
94,B,participants_only,,,30,30,0,0,22,8,0.4540982534305012,0.25104712846221483,0.9912215011151845,0.10154977242261937,662,30,1.0,71,5.887323943661972,1.3098591549295775,24.4,3895,,,,,,,,,,,,,,,,,,,,,,,,,,,
94,B,nonparticipants_only,,,10,0,10,0,0,0,0.22020408224721286,0.22208544109053446,0.27645511272641543,0.0008705985055094271,0,0,0.0,0,0.0,0.0,50.0,0,,,,,,,,,,,,,,,,,,,,,,,,,,,
94,B,step_totals,,,,,,,,,,,,,,,,,,,,,70.70000000000006,10.5,0.1485148514851484,,,50.0,0.7072135785007067,0.0,0.0,0.005624352750710483,0.18,0.0,0,9,19,34,21,,50,22,4.200000000000001,0.05940594059405937,6.000000000000003,0.08486562942008483,21,30,23
95,B,all_agents,,,40,30,10,0,22,8,0.39629392920154516,0.23782395613273996,0.9915726410705771,0.08709366094431534,668,30,0.75,71,5.887323943661972,1.3098591549295775,30.775,3943,,,,,,,,,,,,,,,,,,,,,,,,,,,
95,B,participants_only,,,30,30,0,0,22,8,0.45486180635346074,0.2504217467737554,0.9915726410705771,0.1021183922266352,668,30,1.0,71,5.887323943661972,1.3098591549295775,24.366666666666667,3943,,,,,,,,,,,,,,,,,,,,,,,,,,,
95,B,nonparticipants_only,,,10,0,10,0,0,0,0.2205902977457983,0.22287634481262633,0.27653389715712984,0.0008571122883731784,0,0,0.0,0,0.0,0.0,50.0,0,,,,,,,,,,,,,,,,,,,,,,,,,,,
95,B,step_totals,,,,,,,,,,,,,,,,,,,,,70.30000000000005,9.5,0.13513513513513503,,,51.0,0.7254623044096723,0.0,0.0,0.005589637232984659,0.11764705882352941,0.0,0,6,21,22,19,,51,23,3.800000000000001,0.05405405405405403,6.000000000000003,0.08534850640113795,19,30,32
96,B,all_agents,,,40,30,10,0,22,8,0.39702815723345053,0.23785499933427318,0.991909735427754,0.08754750518317879,675,30,0.75,71,5.887323943661972,1.3098591549295775,30.8,3992,,,,,,,,,,,,,,,,,,,,,,,,,,,
96,B,participants_only,,,30,30,0,0,22,8,0.4557129100036076,0.249912578759184,0.991909735427754,0.10267271109656737,675,30,1.0,71,5.887323943661972,1.3098591549295775,24.4,3992,,,,,,,,,,,,,,,,,,,,,,,,,,,
96,B,nonparticipants_only,,,10,0,10,0,0,0,0.2209738989229792,0.22258891309521817,0.27611306399432206,0.0008450849506795641,0,0,0.0,0,0.0,0.0,50.0,0,,,,,,,,,,,,,,,,,,,,,,,,,,,
96,B,step_totals,,,,,,,,,,,,,,,,,,,,,70.50000000000006,10.5,0.14893617021276584,,,50.0,0.7092198581560278,0.0,0.0,0.005818409219823699,0.14,0.0,0,7,20,34,21,,50,22,4.000000000000001,0.05673758865248223,6.000000000000003,0.08510638297872337,20,30,23
97,B,all_agents,,,40,30,10,0,22,8,0.39771482693835886,0.23831231791422428,0.9922333460106438,0.08803819450557598,680,30,0.75,71,5.887323943661972,1.3098591549295775,30.775,4042,,,,,,,,,,,,,,,,,,,,,,,,,,,
97,B,participants_only,,,30,30,0,0,22,8,0.45650138312271116,0.25089891823435573,0.9922333460106438,0.10328296840333093,680,30,1.0,71,5.887323943661972,1.3098591549295775,24.366666666666667,4042,,,,,,,,,,,,,,,,,,,,,,,,,,,
97,B,nonparticipants_only,,,10,0,10,0,0,0,0.22135515838530198,0.22392053863740968,0.2756799862523516,0.0008335625561190705,0,0,0.0,0,0.0,0.0,50.0,0,,,,,,,,,,,,,,,,,,,,,,,,,,,
97,B,step_totals,,,,,,,,,,,,,,,,,,,,,70.30000000000007,9.5,0.135135135135135,,,51.0,0.7254623044096721,0.0,0.0,0.00565776172438307,0.09803921568627451,0.0,0,5,21,22,19,,51,23,3.800000000000001,0.054054054054054015,6.000000000000003,0.08534850640113793,19,30,32
98,B,all_agents,,,40,30,10,0,22,8,0.39830919148057375,0.23998275452471468,0.992544012170218,0.0884167564762007,686,30,0.75,71,5.887323943661972,1.3098591549295775,30.8,4088,,,,,,,,,,,,,,,,,,,,,,,,,,,
98,B,participants_only,,,30,30,0,0,22,8,0.45716761895475727,0.2512186797447321,0.992544012170218,0.10375736245714973,686,30,1.0,71,5.887323943661972,1.3098591549295775,24.4,4088,,,,,,,,,,,,,,,,,,,,,,,,,,,
98,B,nonparticipants_only,,,10,0,10,0,0,0,0.22173390905802343,0.22373453800325033,0.27575739930416243,0.0008231647165490635,0,0,0.0,0,0.0,0.0,50.0,0,,,,,,,,,,,,,,,,,,,,,,,,,,,
98,B,step_totals,,,,,,,,,,,,,,,,,,,,,70.70000000000007,10.5,0.14851485148514837,,,50.0,0.7072135785007064,0.0,0.0,0.005336373887720671,0.12,0.0,0,6,19,34,21,,50,22,4.200000000000001,0.05940594059405936,6.000000000000003,0.08486562942008481,21,30,23
99,B,all_agents,,,40,30,10,0,22,8,0.39890537483185445,0.23984925770433513,0.9928422516834093,0.08884730550701359,691,30,0.75,71,5.887323943661972,1.3098591549295775,30.775,4135,,,,,,,,,,,,,,,,,,,,,,,,,,,
99,B,participants_only,,,30,30,0,0,22,8,0.45783702849316227,0.25044757975170406,0.9928422516834093,0.10430031988336733,691,30,1.0,71,5.887323943661972,1.3098591549295775,24.366666666666667,4135,,,,,,,,,,,,,,,,,,,,,,,,,,,
99,B,nonparticipants_only,,,10,0,10,0,0,0,0.2221104138479309,0.22412761188929747,0.27793884190982704,0.0008129847388763416,0,0,0.0,0,0.0,0.0,50.0,0,,,,,,,,,,,,,,,,,,,,,,,,,,,
99,B,step_totals,,,,,,,,,,,,,,,,,,,,,70.10000000000007,9.5,0.13552068473609116,,,51.0,0.7275320970042789,0.0,0.0,0.005371031442890431,0.09803921568627451,0.0,0,5,21,22,19,,51,23,3.600000000000001,0.051355206847360876,6.000000000000003,0.08559201141226815,18,30,32
100,B,all_agents,,,40,30,10,0,22,8,0.399487794367299,0.24018498010825076,0.993128561616073,0.08923129195082176,701,30,0.75,71,5.887323943661972,1.3098591549295775,30.8,4183,,,,,,,,,,,,,,,,,,,,,,,,,,,
100,B,participants_only,,,30,30,0,0,22,8,0.4584887056607661,0.24930203343019286,0.993128561616073,0.1047833821195929,701,30,1.0,71,5.887323943661972,1.3098591549295775,24.4,4183,,,,,,,,,,,,,,,,,,,,,,,,,,,
100,B,nonparticipants_only,,,10,0,10,0,0,0,0.22248506048689753,0.2255734338337281,0.276916378940798,0.0008017310429933655,0,0,0.0,0,0.0,0.0,50.0,0,,,,,,,,,,,,,,,,,,,,,,,,,,,
100,B,step_totals,,,,,,,,,,,,,,,,,,,,,70.50000000000006,10.5,0.14893617021276584,,,50.0,0.7092198581560278,0.0,0.0,0.005319151375606714,0.2,0.0,0,10,20,34,21,,50,22,4.000000000000001,0.05673758865248223,6.000000000000003,0.08510638297872337,20,30,23
100,B,reachability,0.25,0.0,,,,,,,,,,,,,,,,,,,,,,,,,,,,,,,,,,,,,,,,,,,,,
101,B,all_agents,,,40,30,10,0,22,8,0.4000557977850793,0.23954326651415647,0.99340341915143,0.08967344197332834,711,30,0.75,71,5.887323943661972,1.3098591549295775,30.775,4231,,,,,,,,,,,,,,,,,,,,,,,,,,,
101,B,participants_only,,,30,30,0,0,22,8,0.45912186512570435,0.249734487153832,0.99340341915143,0.10534594676560015,711,30,1.0,71,5.887323943661972,1.3098591549295775,24.366666666666667,4231,,,,,,,,,,,,,,,,,,,,,,,,,,,
101,B,nonparticipants_only,,,10,0,10,0,0,0,0.22285759576320432,0.22545283536344374,0.2769924450144394,0.0007903238634659384,0,0,0.0,0,0.0,0.0,50.0,0,,,,,,,,,,,,,,,,,,,,,,,,,,,
101,B,step_totals,,,,,,,,,,,,,,,,,,,,,70.10000000000005,9.5,0.1355206847360912,,,51.0,0.7275320970042791,0.0,0.0,0.0052817536958088915,0.19607843137254902,0.0,0,10,21,22,19,,51,23,3.600000000000001,0.05135520684736089,6.000000000000003,0.08559201141226816,18,30,32
102,B,all_agents,,,40,30,10,0,22,8,0.4006412373478537,0.2395982386093088,0.9936672823853728,0.09006171151781461,716,30,0.75,71,5.887323943661972,1.3098591549295775,30.8,4279,,,,,,,,,,,,,,,,,,,,,,,,,,,
102,B,participants_only,,,30,30,0,0,22,8,0.4597790691870223,0.24994227399397634,0.9936672823853728,0.10583320152288234,716,30,1.0,71,5.887323943661972,1.3098591549295775,24.4,4279,,,,,,,,,,,,,,,,,,,,,,,,,,,
102,B,nonparticipants_only,,,10,0,10,0,0,0,0.2232277418303477,0.2260587775800137,0.27658613216731187,0.0007798436469579517,0,0,0.0,0,0.0,0.0,50.0,0,,,,,,,,,,,,,,,,,,,,,,,,,,,
102,B,step_totals,,,,,,,,,,,,,,,,,,,,,70.70000000000007,10.5,0.14851485148514837,,,50.0,0.7072135785007064,0.0,0.0,0.005322085732036839,0.1,0.0,0,5,19,34,21,,50,22,4.200000000000001,0.05940594059405936,6.000000000000003,0.08486562942008481,21,30,23
103,B,all_agents,,,40,30,10,0,22,8,0.4012383084329495,0.23872553214757608,0.9939205910899579,0.09050781852048469,723,30,0.75,71,5.887323943661972,1.3098591549295775,30.775,4327,,,,,,,,,,,,,,,,,,,,,,,,,,,
103,B,participants_only,,,30,30,0,0,22,8,0.46045260217156403,0.2493196182509556,0.9939205910899579,0.10639491241390013,723,30,1.0,71,5.887323943661972,1.3098591549295775,24.366666666666667,4327,,,,,,,,,,,,,,,,,,,,,,,,,,,
103,B,nonparticipants_only,,,10,0,10,0,0,0,0.22359542721710593,0.22658633452033722,0.2761679972247289,0.0007705458446832655,0,0,0.0,0,0.0,0.0,50.0,0,,,,,,,,,,,,,,,,,,,,,,,,,,,
103,B,step_totals,,,,,,,,,,,,,,,,,,,,,70.30000000000007,9.5,0.135135135135135,,,51.0,0.7254623044096721,0.0,0.0,0.005373261861480455,0.13725490196078433,0.0,0,7,21,22,19,,51,23,3.800000000000001,0.054054054054054015,6.000000000000003,0.08534850640113793,19,30,32
104,B,all_agents,,,40,30,10,0,22,8,0.40179232424791766,0.2407885706324104,0.9941637674463596,0.09086022739020219,728,30,0.75,71,5.887323943661972,1.3098591549295775,30.8,4375,,,,,,,,,,,,,,,,,,,,,,,,,,,
104,B,participants_only,,,30,30,0,0,22,8,0.46106950203106856,0.24885779714249956,0.9941637674463596,0.10683784422745679,728,30,1.0,71,5.887323943661972,1.3098591549295775,24.4,4375,,,,,,,,,,,,,,,,,,,,,,,,,,,
104,B,nonparticipants_only,,,10,0,10,0,0,0,0.223960790898465,0.2265313604997793,0.27624273923716025,0.0007619712072150543,0,0,0.0,0,0.0,0.0,50.0,0,,,,,,,,,,,,,,,,,,,,,,,,,,,
104,B,step_totals,,,,,,,,,,,,,,,,,,,,,70.50000000000007,10.5,0.1489361702127658,,,50.0,0.7092198581560276,0.0,0.0,0.005237767368988318,0.1,0.0,0,5,20,34,21,,50,22,4.000000000000001,0.056737588652482226,6.000000000000003,0.08510638297872336,20,30,23
105,B,all_agents,,,40,30,10,0,22,8,0.40231407079511994,0.24044431540827232,0.9943972167485052,0.09127922381324426,737,30,0.75,71,5.887323943661972,1.3098591549295775,30.775,4424,,,,,,,,,,,,,,,,,,,,,,,,,,,
105,B,participants_only,,,30,30,0,0,22,8,0.4616440627171795,0.2498006049592607,0.9943972167485052,0.10737436792171061,737,30,1.0,71,5.887323943661972,1.3098591549295775,24.366666666666667,4424,,,,,,,,,,,,,,,,,,,,,,,,,,,
105,B,nonparticipants_only,,,10,0,10,0,0,0,0.22432409502894146,0.2275476498844008,0.2783489139265298,0.0007532161901854631,0,0,0.0,0,0.0,0.0,50.0,0,,,,,,,,,,,,,,,,,,,,,,,,,,,
105,B,step_totals,,,,,,,,,,,,,,,,,,,,,70.10000000000005,9.5,0.1355206847360912,,,51.0,0.7275320970042791,0.0,0.0,0.00513692046177389,0.17647058823529413,0.0,0,9,21,22,19,,51,22,3.600000000000001,0.05135520684736089,6.000000000000003,0.08559201141226816,18,30,31
106,B,all_agents,,,40,30,10,0,22,8,0.4028650664972816,0.24105748147654388,0.9946213280785651,0.09166817193658047,743,30,0.75,71,5.887323943661972,1.3098591549295775,30.8,4474,,,,,,,,,,,,,,,,,,,,,,,,,,,
106,B,participants_only,,,30,30,0,0,22,8,0.4622582652914826,0.25010625393618086,0.9946213280785651,0.10786605956387332,743,30,1.0,71,5.887323943661972,1.3098591549295775,24.4,4474,,,,,,,,,,,,,,,,,,,,,,,,,,,
106,B,nonparticipants_only,,,10,0,10,0,0,0,0.22468547011467865,0.22828862177898648,0.2773617297482276,0.0007438842986121904,0,0,0.0,0,0.0,0.0,50.0,0,,,,,,,,,,,,,,,,,,,,,,,,,,,
106,B,step_totals,,,,,,,,,,,,,,,,,,,,,70.00000000000007,10.0,0.1428571428571427,,,50.0,0.7142857142857135,0.0,0.0,0.005293508403262883,0.12,0.0,0,6,20,33,20,,50,22,4.000000000000001,0.0571428571428571,6.000000000000003,0.08571428571428566,20,30,23
107,B,all_agents,,,40,30,10,0,22,8,0.40337167942653424,0.24004118238347494,0.9948364749554225,0.09206986963377554,751,30,0.75,71,5.887323943661972,1.3098591549295775,30.775,4523,,,,,,,,,,,,,,,,,,,,,,,,,,,
107,B,participants_only,,,30,30,0,0,22,8,0.46281392670178784,0.24934431110179783,0.9948364749554225,0.1083816559217145,751,30,1.0,71,5.887323943661972,1.3098591549295775,24.366666666666667,4523,,,,,,,,,,,,,,,,,,,,,,,,,,,
107,B,nonparticipants_only,,,10,0,10,0,0,0,0.22504493760077365,0.2281421161314378,0.2774351712582665,0.0007339416363700376,0,0,0.0,0,0.0,0.0,50.0,0,,,,,,,,,,,,,,,,,,,,,,,,,,,
107,B,step_totals,,,,,,,,,,,,,,,,,,,,,70.10000000000007,9.5,0.13552068473609116,,,51.0,0.7275320970042789,0.0,0.0,0.0050926568977407004,0.1568627450980392,0.0,0,8,21,22,19,,51,22,3.600000000000001,0.051355206847360876,6.000000000000003,0.08559201141226815,18,30,31
108,B,all_agents,,,40,30,10,0,22,8,0.40384272344539807,0.24002248612359633,0.9950430159572056,0.09242330661232631,761,30,0.75,71,5.887323943661972,1.3098591549295775,30.8,4571,,,,,,,,,,,,,,,,,,,,,,,,,,,
108,B,participants_only,,,30,30,0,0,22,8,0.4633229859347458,0.24827419796275507,0.9950430159572056,0.10883765021931092,761,30,1.0,71,5.887323943661972,1.3098591549295775,24.4,4571,,,,,,,,,,,,,,,,,,,,,,,,,,,
108,B,nonparticipants_only,,,10,0,10,0,0,0,0.22540193597735486,0.22926750680614003,0.2770428777217033,0.0007254562817519914,0,0,0.0,0,0.0,0.0,50.0,0,,,,,,,,,,,,,,,,,,,,,,,,,,,
108,B,step_totals,,,,,,,,,,,,,,,,,,,,,70.00000000000006,10.0,0.14285714285714274,,,50.0,0.7142857142857137,0.0,0.0,0.005025764111288569,0.2,0.0,0,10,20,33,20,,50,22,4.000000000000001,0.057142857142857106,6.000000000000003,0.08571428571428569,20,30,22
109,B,all_agents,,,40,30,10,0,22,8,0.4043507467918387,0.23931441340660392,0.9952412953189174,0.09283217099015473,772,30,0.75,71,5.887323943661972,1.3098591549295775,30.775,4619,,,,,,,,,,,,,,,,,,,,,,,,,,,
109,B,participants_only,,,30,30,0,0,22,8,0.46388209288086196,0.24866269053172874,0.9952412953189174,0.10936110986852375,772,30,1.0,71,5.887323943661972,1.3098591549295775,24.366666666666667,4619,,,,,,,,,,,,,,,,,,,,,,,,,,,
109,B,nonparticipants_only,,,10,0,10,0,0,0,0.225756708524769,0.22909324888012766,0.2766391699961264,0.0007175803489949366,0,0,0.0,0,0.0,0.0,50.0,0,,,,,,,,,,,,,,,,,,,,,,,,,,,
109,B,step_totals,,,,,,,,,,,,,,,,,,,,,70.10000000000007,9.5,0.13552068473609116,,,51.0,0.7275320970042789,0.0,0.0,0.005102577479676339,0.21568627450980393,0.0,0,11,21,22,19,,51,22,3.600000000000001,0.051355206847360876,6.000000000000003,0.08559201141226815,18,30,31
110,B,all_agents,,,40,30,10,0,22,8,0.40478849592045296,0.24024586602306733,0.9954316435061606,0.09314933809920205,778,30,0.75,71,5.887323943661972,1.3098591549295775,30.8,4666,,,,,,,,,,,,,,,,,,,,,,,,,,,
110,B,participants_only,,,30,30,0,0,22,8,0.4643482136867959,0.24888618179118044,0.9954316435061606,0.10977299984874059,778,30,1.0,71,5.887323943661972,1.3098591549295775,24.4,4666,,,,,,,,,,,,,,,,,,,,,,,,,,,
110,B,nonparticipants_only,,,10,0,10,0,0,0,0.226109342621424,0.22933872722897747,0.2767113331300117,0.0007100330857092749,0,0,0.0,0,0.0,0.0,50.0,0,,,,,,,,,,,,,,,,,,,,,,,,,,,
110,B,step_totals,,,,,,,,,,,,,,,,,,,,,70.00000000000007,10.0,0.1428571428571427,,,50.0,0.7142857142857135,0.0,0.0,0.0049181887303447495,0.12,0.0,0,6,20,33,20,,50,22,4.000000000000001,0.0571428571428571,6.000000000000003,0.08571428571428566,20,30,22
110,B,reachability,0.25,0.0,,,,,,,,,,,,,,,,,,,,,,,,,,,,,,,,,,,,,,,,,,,,,
111,B,all_agents,,,40,30,10,0,22,8,0.40524459438404414,0.24050577978553664,0.9956143777659142,0.09351629179817486,784,30,0.75,71,5.887323943661972,1.3098591549295775,30.775,4714,,,,,,,,,,,,,,,,,,,,,,,,,,,
111,B,participants_only,,,30,30,0,0,22,8,0.46483944671017535,0.24826613168519682,0.9956143777659142,0.11024815830243057,784,30,1.0,71,5.887323943661972,1.3098591549295775,24.366666666666667,4714,,,,,,,,,,,,,,,,,,,,,,,,,,,
111,B,nonparticipants_only,,,10,0,10,0,0,0,0.22646003740565077,0.2299484884417383,0.27874483692727947,0.0007021352001272134,0,0,0.0,0,0.0,0.0,50.0,0,,,,,,,,,,,,,,,,,,,,,,,,,,,
111,B,step_totals,,,,,,,,,,,,,,,,,,,,,70.10000000000005,9.5,0.1355206847360912,,,51.0,0.7275320970042791,0.0,0.0,0.004930601562936907,0.11764705882352941,0.0,0,6,21,22,19,,51,22,3.600000000000001,0.05135520684736089,6.000000000000003,0.08559201141226816,18,30,31
112,B,all_agents,,,40,30,10,0,22,8,0.40571937310042594,0.2416544510614424,0.9957898026552776,0.09386381892673959,790,30,0.75,71,5.887323943661972,1.3098591549295775,30.8,4763,,,,,,,,,,,,,,,,,,,,,,,,,,,
112,B,participants_only,,,30,30,0,0,22,8,0.46535620571215575,0.2478495678480035,0.9957898026552776,0.1106943322204117,790,30,1.0,71,5.887323943661972,1.3098591549295775,24.4,4763,,,,,,,,,,,,,,,,,,,,,,,,,,,
112,B,nonparticipants_only,,,10,0,10,0,0,0,0.22680887526523658,0.23028755930757422,0.27779171428967864,0.0006936573982095111,0,0,0.0,0,0.0,0.0,50.0,0,,,,,,,,,,,,,,,,,,,,,,,,,,,
112,B,step_totals,,,,,,,,,,,,,,,,,,,,,70.00000000000006,10.0,0.14285714285714274,,,50.0,0.7142857142857137,0.0,0.0,0.005050978224007378,0.12,0.0,0,6,20,33,20,,50,22,4.000000000000001,0.057142857142857106,6.000000000000003,0.08571428571428569,20,30,22
113,B,all_agents,,,40,30,10,0,22,8,0.40617645548380976,0.24119006266095772,0.9959582105490665,0.09425302534520152,798,30,0.75,71,5.887323943661972,1.3098591549295775,30.775,4812,,,,,,,,,,,,,,,,,,,,,,,,,,,
113,B,participants_only,,,30,30,0,0,22,8,0.46584998162567715,0.24875076525692924,0.9959582105490665,0.11119879267460485,798,30,1.0,71,5.887323943661972,1.3098591549295775,24.366666666666667,4812,,,,,,,,,,,,,,,,,,,,,,,,,,,
113,B,nonparticipants_only,,,10,0,10,0,0,0,0.22715587705820733,0.23024536114885302,0.2778626217933605,0.0006845666905418664,0,0,0.0,0,0.0,0.0,50.0,0,,,,,,,,,,,,,,,,,,,,,,,,,,,
113,B,step_totals,,,,,,,,,,,,,,,,,,,,,69.90000000000006,9.5,0.13590844062947055,,,51.0,0.7296137339055787,0.0,0.0,0.0049540308118932435,0.1568627450980392,0.0,0,8,21,22,19,,51,22,3.400000000000001,0.04864091559370526,6.000000000000003,0.0858369098712446,17,30,31
114,B,all_agents,,,40,30,10,0,22,8,0.4065689111679662,0.2407329801417517,0.9961198821271039,0.09454838630978682,805,30,0.75,71,5.887323943661972,1.3098591549295775,30.8,4860,,,,,,,,,,,,,,,,,,,,,,,,,,,
114,B,participants_only,,,30,30,0,0,22,8,0.4662583623380821,0.24904292455084287,0.9961198821271039,0.11158764074109617,805,30,1.0,71,5.887323943661972,1.3098591549295775,24.4,4860,,,,,,,,,,,,,,,,,,,,,,,,,,,
114,B,nonparticipants_only,,,10,0,10,0,0,0,0.22750055765761842,0.23123316540821792,0.2774838638487933,0.0006766560439829306,0,0,0.0,0,0.0,0.0,50.0,0,,,,,,,,,,,,,,,,,,,,,,,,,,,
114,B,step_totals,,,,,,,,,,,,,,,,,,,,,70.00000000000006,10.0,0.14285714285714274,,,50.0,0.7142857142857137,0.0,0.0,0.004774595673064867,0.14,0.0,0,7,20,33,20,,50,22,4.000000000000001,0.057142857142857106,6.000000000000003,0.08571428571428569,20,30,21
115,B,all_agents,,,40,30,10,0,22,8,0.4070486126021564,0.23995074754941748,0.9962750868420197,0.0949486367298162,815,30,0.75,71,5.887323943661972,1.3098591549295775,30.775,4911,,,,,,,,,,,,,,,,,,,,,,,,,,,
115,B,participants_only,,,30,30,0,0,22,8,0.46678378706044826,0.24828973472794041,0.9962750868420197,0.11210190813257409,815,30,1.0,71,5.887323943661972,1.3098591549295775,24.366666666666667,4911,,,,,,,,,,,,,,,,,,,,,,,,,,,
115,B,nonparticipants_only,,,10,0,10,0,0,0,0.22784308922728086,0.23106492003140344,0.27709408554735876,0.0006693297107917663,0,0,0.0,0,0.0,0.0,50.0,0,,,,,,,,,,,,,,,,,,,,,,,,,,,
115,B,step_totals,,,,,,,,,,,,,,,,,,,,,69.90000000000006,9.5,0.13590844062947055,,,51.0,0.7296137339055787,0.0,0.0,0.005036294660568645,0.19607843137254902,0.0,0,10,21,22,19,,51,22,3.400000000000001,0.04864091559370526,6.000000000000003,0.0858369098712446,17,30,31
116,B,all_agents,,,40,30,10,0,22,8,0.40745731696795967,0.2406879541922109,0.9964240833683389,0.09525358099392102,822,30,0.75,71,5.887323943661972,1.3098591549295775,30.8,4960,,,,,,,,,,,,,,,,,,,,,,,,,,,
116,B,participants_only,,,30,30,0,0,22,8,0.46721523724703923,0.2472917255610742,0.9964240833683389,0.11249996605919847,822,30,1.0,71,5.887323943661972,1.3098591549295775,24.4,4960,,,,,,,,,,,,,,,,,,,,,,,,,,,
116,B,nonparticipants_only,,,10,0,10,0,0,0,0.2281835561307212,0.23120267596362626,0.27716375878363836,0.0006623173651187971,0,0,0.0,0,0.0,0.0,50.0,0,,,,,,,,,,,,,,,,,,,,,,,,,,,
116,B,step_totals,,,,,,,,,,,,,,,,,,,,,70.00000000000007,10.0,0.1428571428571427,,,50.0,0.7142857142857135,0.0,0.0,0.004836568651337408,0.14,0.0,0,7,20,33,20,,50,22,4.000000000000001,0.0571428571428571,6.000000000000003,0.08571428571428566,20,30,21
117,B,all_agents,,,40,30,10,0,22,8,0.40790874299546004,0.2407775231170071,0.9965671200336054,0.09563798878883052,829,30,0.75,71,5.887323943661972,1.3098591549295775,30.775,5008,,,,,,,,,,,,,,,,,,,,,,,,,,,
117,B,participants_only,,,30,30,0,0,22,8,0.46770427378219537,0.24764669263258673,0.9965671200336054,0.11299697487666469,829,30,1.0,71,5.887323943661972,1.3098591549295775,24.366666666666667,5008,,,,,,,,,,,,,,,,,,,,,,,,,,,
117,B,nonparticipants_only,,,10,0,10,0,0,0,0.22852215063525427,0.23189015437183946,0.2791270991059648,0.0006549645005191974,0,0,0.0,0,0.0,0.0,50.0,0,,,,,,,,,,,,,,,,,,,,,,,,,,,
117,B,step_totals,,,,,,,,,,,,,,,,,,,,,70.30000000000007,9.5,0.135135135135135,,,51.0,0.7254623044096721,0.0,0.0,0.004915852672677311,0.13725490196078433,0.0,0,7,21,22,19,,51,22,3.800000000000001,0.054054054054054015,6.000000000000003,0.08534850640113793,19,30,31
118,B,all_agents,,,40,30,10,0,22,8,0.4083192307730782,0.24050640709553317,0.9967044352322612,0.09594928136475102,833,30,0.75,71,5.887323943661972,1.3098591549295775,30.8,5058,,,,,,,,,,,,,,,,,,,,,,,,,,,
118,B,participants_only,,,30,30,0,0,22,8,0.4681393236021105,0.2478766997527138,0.9967044352322612,0.11340291798370723,833,30,1.0,71,5.887323943661972,1.3098591549295775,24.4,5058,,,,,,,,,,,,,,,,,,,,,,,,,,,
118,B,nonparticipants_only,,,10,0,10,0,0,0,0.228858952285981,0.2322175260265747,0.2782068627587113,0.000647049434993763,0,0,0.0,0,0.0,0.0,50.0,0,,,,,,,,,,,,,,,,,,,,,,,,,,,
118,B,step_totals,,,,,,,,,,,,,,,,,,,,,70.00000000000006,10.0,0.14285714285714274,,,50.0,0.7142857142857137,0.0,0.0,0.004849072662485918,0.08,0.0,0,4,20,33,20,,50,22,4.000000000000001,0.057142857142857106,6.000000000000003,0.08571428571428569,20,30,20
119,B,all_agents,,,40,30,10,0,22,8,0.40870914625949484,0.24112269497257294,0.9968362578229707,0.09630362363058627,839,30,0.75,71,5.887323943661972,1.3098591549295775,30.775,5108,,,,,,,,,,,,,,,,,,,,,,,,,,,
119,B,participants_only,,,30,30,0,0,22,8,0.46854753460557724,0.24725914028512402,0.9968362578229707,0.11386945379692612,839,30,1.0,71,5.887323943661972,1.3098591549295775,24.366666666666667,5108,,,,,,,,,,,,,,,,,,,,,,,,,,,
119,B,nonparticipants_only,,,10,0,10,0,0,0,0.22919398122124754,0.23227603635878954,0.2782753236887185,0.0006385404932878497,0,0,0.0,0,0.0,0.0,50.0,0,,,,,,,,,,,,,,,,,,,,,,,,,,,
119,B,step_totals,,,,,,,,,,,,,,,,,,,,,70.30000000000007,9.5,0.135135135135135,,,51.0,0.7254623044096721,0.0,0.0,0.004711779295985767,0.11764705882352941,0.0,0,6,21,22,19,,51,22,3.800000000000001,0.054054054054054015,6.000000000000003,0.08534850640113793,19,30,31
120,B,all_agents,,,40,30,10,0,22,8,0.4090519153972338,0.24163070140350923,0.9969628075100518,0.0965647011749707,845,30,0.75,71,5.887323943661972,1.3098591549295775,30.8,5155,,,,,,,,,,,,,,,,,,,,,,,,,,,
120,B,participants_only,,,30,30,0,0,22,8,0.4688936308453783,0.246885836309455,0.9969628075100518,0.11421842273369852,845,30,1.0,71,5.887323943661972,1.3098591549295775,24.4,5155,,,,,,,,,,,,,,,,,,,,,,,,,,,
120,B,nonparticipants_only,,,10,0,10,0,0,0,0.22952676905280048,0.2331310014479503,0.277909634307676,0.0006311656054669217,0,0,0.0,0,0.0,0.0,50.0,0,,,,,,,,,,,,,,,,,,,,,,,,,,,
120,B,step_totals,,,,,,,,,,,,,,,,,,,,,70.00000000000006,10.0,0.14285714285714274,,,50.0,0.7142857142857137,0.0,0.0,0.004621521543673806,0.12,0.0,0,6,20,33,20,,50,22,4.000000000000001,0.057142857142857106,6.000000000000003,0.08571428571428569,20,30,20
120,B,reachability,0.25,0.0,,,,,,,,,,,,,,,,,,,,,,,,,,,,,,,,,,,,,,,,,,,,,
121,B,all_agents,,,40,30,10,0,22,8,0.4094640649205983,0.24068517285904042,0.9970842952096498,0.09693076008867012,852,30,0.75,71,5.887323943661972,1.3098591549295775,30.775,5206,,,,,,,,,,,,,,,,,,,,,,,,,,,
121,B,participants_only,,,30,30,0,0,22,8,0.4693329258927455,0.24774725976757228,0.9970842952096498,0.1146957743732745,852,30,1.0,71,5.887323943661972,1.3098591549295775,24.366666666666667,5206,,,,,,,,,,,,,,,,,,,,,,,,,,,
121,B,nonparticipants_only,,,10,0,10,0,0,0,0.22985748200415648,0.23296856116493303,0.27753330481323274,0.0006243510656294123,0,0,0.0,0,0.0,0.0,50.0,0,,,,,,,,,,,,,,,,,,,,,,,,,,,
121,B,step_totals,,,,,,,,,,,,,,,,,,,,,70.30000000000007,9.5,0.135135135135135,,,51.0,0.7254623044096721,0.0,0.0,0.0047911564413388045,0.13725490196078433,0.0,0,7,21,22,19,,51,22,3.800000000000001,0.054054054054054015,6.000000000000003,0.08534850640113793,19,30,31
122,B,all_agents,,,40,30,10,0,22,8,0.40978628220486246,0.2402351403876887,0.9972009234012638,0.09718071354639808,856,30,0.75,71,5.887323943661972,1.3098591549295775,30.8,5254,,,,,,,,,,,,,,,,,,,,,,,,,,,
122,B,participants_only,,,30,30,0,0,22,8,0.4696529757638215,0.24802652473969886,0.9972009234012638,0.11503225521628213,856,30,1.0,71,5.887323943661972,1.3098591549295775,24.4,5254,,,,,,,,,,,,,,,,,,,,,,,,,,,
122,B,nonparticipants_only,,,10,0,10,0,0,0,0.23018620152798533,0.23300231150618209,0.27760057406267225,0.0006178365645582405,0,0,0.0,0,0.0,0.0,50.0,0,,,,,,,,,,,,,,,,,,,,,,,,,,,
122,B,step_totals,,,,,,,,,,,,,,,,,,,,,70.00000000000007,10.0,0.1428571428571427,,,50.0,0.7142857142857135,0.0,0.0,0.004556354395468865,0.08,0.0,0,4,20,33,20,,50,22,4.000000000000001,0.0571428571428571,6.000000000000003,0.08571428571428566,20,30,20
123,B,all_agents,,,40,30,10,0,22,8,0.41017772555942766,0.24094236044732728,0.9973128864652132,0.0975358744916375,860,30,0.75,71,5.887323943661972,1.3098591549295775,30.775,5305,,,,,,,,,,,,,,,,,,,,,,,,,,,
123,B,participants_only,,,30,30,0,0,22,8,0.4700659296600164,0.24728170161796953,0.9973128864652132,0.11549778088241458,860,30,1.0,71,5.887323943661972,1.3098591549295775,24.366666666666667,5305,,,,,,,,,,,,,,,,,,,,,,,,,,,
123,B,nonparticipants_only,,,10,0,10,0,0,0,0.23051311325766152,0.2337648255763768,0.279496171811962,0.0006109914345809666,0,0,0.0,0,0.0,0.0,50.0,0,,,,,,,,,,,,,,,,,,,,,,,,,,,
123,B,step_totals,,,,,,,,,,,,,,,,,,,,,70.30000000000007,9.5,0.135135135135135,,,51.0,0.7254623044096721,0.0,0.0,0.00472452780157899,0.0784313725490196,0.0,0,4,21,22,19,,51,22,3.800000000000001,0.054054054054054015,6.000000000000003,0.08534850640113793,19,30,31
124,B,all_agents,,,40,30,10,0,22,8,0.41053246982776265,0.24053273514999052,0.9974203710066046,0.09781360689899203,866,30,0.75,71,5.887323943661972,1.3098591549295775,30.8,5355,,,,,,,,,,,,,,,,,,,,,,,,,,,
124,B,participants_only,,,30,30,0,0,22,8,0.4704305284391226,0.24635261414621817,0.9974203710066046,0.11586583237588204,866,30,1.0,71,5.887323943661972,1.3098591549295775,24.4,5355,,,,,,,,,,,,,,,,,,,,,,,,,,,
124,B,nonparticipants_only,,,10,0,10,0,0,0,0.23083829399368297,0.23408090168648388,0.278607687055228,0.0006036013634031221,0,0,0.0,0,0.0,0.0,50.0,0,,,,,,,,,,,,,,,,,,,,,,,,,,,
124,B,step_totals,,,,,,,,,,,,,,,,,,,,,70.00000000000006,10.0,0.14285714285714274,,,50.0,0.7142857142857137,0.0,0.0,0.004673315630346712,0.12,0.0,0,6,20,33,20,,50,22,4.000000000000001,0.057142857142857106,6.000000000000003,0.08571428571428569,20,30,20
125,B,all_agents,,,40,30,10,0,22,8,0.410903995583174,0.24000588603583187,0.9975235561663405,0.09815755497845981,872,30,0.75,71,5.887323943661972,1.3098591549295775,30.775,5406,,,,,,,,,,,,,,,,,,,,,,,,,,,
125,B,participants_only,,,30,30,0,0,22,8,0.4708180730510494,0.24669191490233622,0.9975235561663405,0.1163194079450877,872,30,1.0,71,5.887323943661972,1.3098591549295775,24.366666666666667,5406,,,,,,,,,,,,,,,,,,,,,,,,,,,
125,B,nonparticipants_only,,,10,0,10,0,0,0,0.23116176317954762,0.23423664569061076,0.2786737858274888,0.0005956359326571884,0,0,0.0,0,0.0,0.0,50.0,0,,,,,,,,,,,,,,,,,,,,,,,,,,,
125,B,step_totals,,,,,,,,,,,,,,,,,,,,,70.10000000000007,9.5,0.13552068473609116,,,51.0,0.7275320970042789,0.0,0.0,0.00467448362061163,0.11764705882352941,0.0,0,6,21,22,19,,51,22,3.600000000000001,0.051355206847360876,6.000000000000003,0.08559201141226815,18,30,31
126,B,all_agents,,,40,30,10,0,22,8,0.41123937746067807,0.240226290548876,0.997548320604677,0.09842257770242697,880,30,0.75,71,5.887323943661972,1.3098591549295775,30.8,5454,,,,,,,,,,,,,,,,,,,,,,,,,,,
126,B,participants_only,,,30,30,0,0,22,8,0.4711581470848555,0.24691177075949816,0.997548320604677,0.11667281429187057,880,30,1.0,71,5.887323943661972,1.3098591549295775,24.4,5454,,,,,,,,,,,,,,,,,,,,,,,,,,,
126,B,nonparticipants_only,,,10,0,10,0,0,0,0.23148306858814602,0.2349633550570152,0.2783207140957262,0.0005887604947933268,0,0,0.0,0,0.0,0.0,50.0,0,,,,,,,,,,,,,,,,,,,,,,,,,,,
126,B,step_totals,,,,,,,,,,,,,,,,,,,,,70.00000000000007,10.0,0.1428571428571427,,,50.0,0.7142857142857135,0.0,0.0,0.004611745875254627,0.16,0.0,0,8,20,33,20,,50,22,4.000000000000001,0.0571428571428571,6.000000000000003,0.08571428571428566,20,30,20
127,B,all_agents,,,40,30,10,0,22,8,0.41152094698787617,0.2417956391106671,0.99764638778049,0.09869888666656275,888,30,0.75,71,5.887323943661972,1.3098591549295775,30.775,5501,,,,,,,,,,,,,,,,,,,,,,,,,,,
127,B,participants_only,,,30,30,0,0,22,8,0.4714271390812807,0.24629659200707346,0.99764638778049,0.11704936730941413,888,30,1.0,71,5.887323943661972,1.3098591549295775,24.366666666666667,5501,,,,,,,,,,,,,,,,,,,,,,,,,,,
127,B,nonparticipants_only,,,10,0,10,0,0,0,0.23180237070766269,0.23480651957038057,0.2779573693742094,0.0005824225244260306,0,0,0.0,0,0.0,0.0,50.0,0,,,,,,,,,,,,,,,,,,,,,,,,,,,
127,B,step_totals,,,,,,,,,,,,,,,,,,,,,69.70000000000006,9.5,0.13629842180774737,,,51.0,0.7317073170731702,0.0,0.0,0.004395863488870717,0.1568627450980392,0.0,0,8,21,22,19,,51,22,3.2000000000000006,0.04591104734576754,6.000000000000003,0.08608321377331417,16,30,31
128,B,all_agents,,,40,30,10,0,22,8,0.4118137803283655,0.2411611711727803,0.9977405322692704,0.09893560282192358,899,30,0.75,71,5.887323943661972,1.3098591549295775,30.8,5550,,,,,,,,,,,,,,,,,,,,,,,,,,,
128,B,participants_only,,,30,30,0,0,22,8,0.47171179104437194,0.24596463863798934,0.9977405322692704,0.11737092656608956,899,30,1.0,71,5.887323943661972,1.3098591549295775,24.4,5550,,,,,,,,,,,,,,,,,,,,,,,,,,,
128,B,nonparticipants_only,,,10,0,10,0,0,0,0.23211974818034617,0.234739852901944,0.27802231758333246,0.0005763713366077515,0,0,0.0,0,0.0,0.0,50.0,0,,,,,,,,,,,,,,,,,,,,,,,,,,,
128,B,step_totals,,,,,,,,,,,,,,,,,,,,,70.00000000000007,10.0,0.1428571428571427,,,50.0,0.7142857142857135,0.0,0.0,0.004468824943675708,0.22,0.0,0,11,20,33,20,,50,22,4.000000000000001,0.0571428571428571,6.000000000000003,0.08571428571428566,20,30,20
129,B,all_agents,,,40,30,10,0,22,8,0.41215125783223544,0.24063764401903004,0.9978309109784996,0.09926027681891829,911,30,0.75,71,5.887323943661972,1.3098591549295775,30.775,5601,,,,,,,,,,,,,,,,,,,,,,,,,,,
129,B,participants_only,,,30,30,0,0,22,8,0.4720565503648052,0.24530563347356454,0.9978309109784996,0.11780245973332557,911,30,1.0,71,5.887323943661972,1.3098591549295775,24.366666666666667,5601,,,,,,,,,,,,,,,,,,,,,,,,,,,
129,B,nonparticipants_only,,,10,0,10,0,0,0,0.2324353802345263,0.23557481362356794,0.2798525101313338,0.0005699991947434362,0,0,0.0,0,0.0,0.0,50.0,0,,,,,,,,,,,,,,,,,,,,,,,,,,,
129,B,step_totals,,,,,,,,,,,,,,,,,,,,,69.90000000000006,9.5,0.13590844062947055,,,51.0,0.7296137339055787,0.0,0.0,0.00457852111160647,0.23529411764705882,0.0,0,12,21,22,19,,51,22,3.400000000000001,0.04864091559370526,6.000000000000003,0.0858369098712446,17,30,31
130,B,all_agents,,,40,30,10,0,22,8,0.4124269216475339,0.2412054921010599,0.9979176745393596,0.09948557360912288,917,30,0.75,71,5.887323943661972,1.3098591549295775,30.8,5649,,,,,,,,,,,,,,,,,,,,,,,,,,,
130,B,participants_only,,,30,30,0,0,22,8,0.4723194485231129,0.24547299942241763,0.9979176745393596,0.1181112727363653,917,30,1.0,71,5.887323943661972,1.3098591549295775,24.4,5649,,,,,,,,,,,,,,,,,,,,,,,,,,,
130,B,nonparticipants_only,,,10,0,10,0,0,0,0.23274934102079703,0.23587998392751874,0.27899468141667283,0.0005630989208922643,0,0,0.0,0,0.0,0.0,50.0,0,,,,,,,,,,,,,,,,,,,,,,,,,,,
130,B,step_totals,,,,,,,,,,,,,,,,,,,,,70.00000000000006,10.0,0.14285714285714274,,,50.0,0.7142857142857137,0.0,0.0,0.004414606154270137,0.12,0.0,0,6,20,33,20,,50,22,4.000000000000001,0.057142857142857106,6.000000000000003,0.08571428571428569,20,30,20
130,B,reachability,0.25,0.0,,,,,,,,,,,,,,,,,,,,,,,,,,,,,,,,,,,,,,,,,,,,,
131,B,all_agents,,,40,30,10,0,22,8,0.41274743179056633,0.24080039656431482,0.9980009675577852,0.09979990038182347,924,30,0.75,71,5.887323943661972,1.3098591549295775,30.775,5700,,,,,,,,,,,,,,,,,,,,,,,,,,,
131,B,participants_only,,,30,30,0,0,22,8,0.47264269261682745,0.24552805991370624,0.9980009675577852,0.11853155099828576,924,30,1.0,71,5.887323943661972,1.3098591549295775,24.366666666666667,5700,,,,,,,,,,,,,,,,,,,,,,,,,,,
131,B,nonparticipants_only,,,10,0,10,0,0,0,0.23306164931178303,0.23612960667876637,0.27905849953445083,0.0005556412990864225,0,0,0.0,0,0.0,0.0,50.0,0,,,,,,,,,,,,,,,,,,,,,,,,,,,
131,B,step_totals,,,,,,,,,,,,,,,,,,,,,70.10000000000008,9.5,0.13552068473609113,,,51.0,0.7275320970042788,0.0,0.0,0.00451112891435292,0.13725490196078433,0.0,0,7,21,22,19,,51,22,3.600000000000001,0.05135520684736087,6.000000000000003,0.08559201141226813,18,30,31
132,B,all_agents,,,40,30,10,0,22,8,0.4130015776291762,0.24041740651954482,0.9980809288554738,0.10001465625338249,934,30,0.75,71,5.887323943661972,1.3098591549295775,30.8,5749,,,,,,,,,,,,,,,,,,,,,,,,,,,
132,B,participants_only,,,30,30,0,0,22,8,0.47287814734426875,0.24459060982837236,0.9980809288554738,0.11882898344649269,934,30,1.0,71,5.887323943661972,1.3098591549295775,24.4,5749,,,,,,,,,,,,,,,,,,,,,,,,,,,
132,B,nonparticipants_only,,,10,0,10,0,0,0,0.23337186848389885,0.23666121116942368,0.2787176100959483,0.0005492314638959535,0,0,0.0,0,0.0,0.0,50.0,0,,,,,,,,,,,,,,,,,,,,,,,,,,,
132,B,step_totals,,,,,,,,,,,,,,,,,,,,,70.00000000000006,10.0,0.14285714285714274,,,50.0,0.7142857142857137,0.0,0.0,0.004344890020529609,0.2,0.0,0,10,20,33,20,,50,22,4.000000000000001,0.057142857142857106,6.000000000000003,0.08571428571428569,20,30,20
133,B,all_agents,,,40,30,10,0,22,8,0.4133057243350557,0.24043619414961354,0.9981576917012549,0.100320022405439,939,30,0.75,71,5.887323943661972,1.3098591549295775,30.775,5800,,,,,,,,,,,,,,,,,,,,,,,,,,,
133,B,participants_only,,,30,30,0,0,22,8,0.47318091461744516,0.24386113398331433,0.9981576917012549,0.1192387638132817,939,30,1.0,71,5.887323943661972,1.3098591549295775,24.366666666666667,5800,,,,,,,,,,,,,,,,,,,,,,,,,,,
133,B,nonparticipants_only,,,10,0,10,0,0,0,0.23368015348788737,0.23665197962926454,0.27836680212420184,0.0005433372456827536,0,0,0.0,0,0.0,0.0,50.0,0,,,,,,,,,,,,,,,,,,,,,,,,,,,
133,B,step_totals,,,,,,,,,,,,,,,,,,,,,69.70000000000006,9.5,0.13629842180774737,,,51.0,0.7317073170731702,0.0,0.0,0.0044832058570361015,0.09803921568627451,0.0,0,5,21,22,19,,51,22,3.2000000000000006,0.04591104734576754,6.000000000000003,0.08608321377331417,16,30,31
134,B,all_agents,,,40,30,10,0,22,8,0.4135812411088328,0.2407922211657993,0.9982313840332047,0.1005456935851185,949,30,0.75,71,5.887323943661972,1.3098591549295775,30.8,5848,,,,,,,,,,,,,,,,,,,,,,,,,,,
134,B,participants_only,,,30,30,0,0,22,8,0.47344612806092845,0.24300653687387594,0.9982313840332047,0.11954646695163779,949,30,1.0,71,5.887323943661972,1.3098591549295775,24.4,5848,,,,,,,,,,,,,,,,,,,,,,,,,,,
134,B,nonparticipants_only,,,10,0,10,0,0,0,0.2339865802525459,0.23641744263086126,0.27842950937756683,0.0005377172081143912,0,0,0.0,0,0.0,0.0,50.0,0,,,,,,,,,,,,,,,,,,,,,,,,,,,
134,B,step_totals,,,,,,,,,,,,,,,,,,,,,70.00000000000006,10.0,0.14285714285714274,,,50.0,0.7142857142857137,0.0,0.0,0.004421942630879934,0.2,0.0,0,10,20,33,20,,50,22,4.000000000000001,0.057142857142857106,6.000000000000003,0.08571428571428569,20,30,20
135,B,all_agents,,,40,30,10,0,22,8,0.4138484689639129,0.24094006440285767,0.9983021286718765,0.10082306215989313,958,30,0.75,71,5.887323943661972,1.3098591549295775,30.775,5898,,,,,,,,,,,,,,,,,,,,,,,,,,,
135,B,participants_only,,,30,30,0,0,22,8,0.4737008513444981,0.24190152724711936,0.9983021286718765,0.1199242569483061,958,30,1.0,71,5.887323943661972,1.3098591549295775,24.366666666666667,5898,,,,,,,,,,,,,,,,,,,,,,,,,,,
135,B,nonparticipants_only,,,10,0,10,0,0,0,0.23429132182215753,0.2373223503238947,0.28019655344797406,0.0005317856750729261,0,0,0.0,0,0.0,0.0,50.0,0,,,,,,,,,,,,,,,,,,,,,,,,,,,
135,B,step_totals,,,,,,,,,,,,,,,,,,,,,69.70000000000006,9.5,0.13629842180774737,,,51.0,0.7317073170731702,0.0,0.0,0.00435992162878835,0.17647058823529413,0.0,0,9,21,22,19,,51,22,3.2000000000000006,0.04591104734576754,6.000000000000003,0.08608321377331417,16,30,31
136,B,all_agents,,,40,30,10,0,22,8,0.4140382831822182,0.2402318234927993,0.9983700435250015,0.10098349102577953,963,30,0.75,71,5.887323943661972,1.3098591549295775,30.8,5943,,,,,,,,,,,,,,,,,,,,,,,,,,,
136,B,participants_only,,,30,30,0,0,22,8,0.473852894313343,0.24165221495815692,0.9983700435250015,0.12015838975714974,963,30,1.0,71,5.887323943661972,1.3098591549295775,24.4,5943,,,,,,,,,,,,,,,,,,,,,,,,,,,
136,B,nonparticipants_only,,,10,0,10,0,0,0,0.2345944497888438,0.23761699111272833,0.27936832302745246,0.0005253423744567287,0,0,0.0,0,0.0,0.0,50.0,0,,,,,,,,,,,,,,,,,,,,,,,,,,,
136,B,step_totals,,,,,,,,,,,,,,,,,,,,,70.00000000000007,10.0,0.1428571428571427,,,50.0,0.7142857142857135,0.0,0.0,0.004131390932527427,0.1,0.0,0,5,20,33,20,,50,22,4.000000000000001,0.0571428571428571,6.000000000000003,0.08571428571428566,20,30,20
137,B,all_agents,,,40,30,10,0,22,8,0.4142881817771571,0.23948855951282932,0.9984352417840014,0.101251291399473,969,30,0.75,71,5.887323943661972,1.3098591549295775,30.775,5993,,,,,,,,,,,,,,,,,,,,,,,,,,,
137,B,participants_only,,,30,30,0,0,22,8,0.47408558161037495,0.24180789372911982,0.9984352417840014,0.12052601934509434,969,30,1.0,71,5.887323943661972,1.3098591549295775,24.366666666666667,5993,,,,,,,,,,,,,,,,,,,,,,,,,,,
137,B,nonparticipants_only,,,10,0,10,0,0,0,0.23489598227750375,0.2379572534437394,0.2794299391818442,0.0005183592408444244,0,0,0.0,0,0.0,0.0,50.0,0,,,,,,,,,,,,,,,,,,,,,,,,,,,
137,B,step_totals,,,,,,,,,,,,,,,,,,,,,69.70000000000005,9.5,0.1362984218077474,,,51.0,0.7317073170731703,0.0,0.0,0.004302235669771072,0.11764705882352941,0.0,0,6,21,22,19,,51,22,3.2000000000000006,0.04591104734576756,6.000000000000003,0.08608321377331418,16,30,31
138,B,all_agents,,,40,30,10,0,22,8,0.41453979257392304,0.23965573317478386,0.9984508893661614,0.10146094716145082,977,30,0.75,71,5.887323943661972,1.3098591549295775,30.8,6041,,,,,,,,,,,,,,,,,,,,,,,,,,,
138,B,participants_only,,,30,30,0,0,22,8,0.4743212241886653,0.24110641548615147,0.9984508893661614,0.12081519013308896,977,30,1.0,71,5.887323943661972,1.3098591549295775,24.4,6041,,,,,,,,,,,,,,,,,,,,,,,,,,,
138,B,nonparticipants_only,,,10,0,10,0,0,0,0.2351954977296962,0.23827250686297463,0.27910081170199075,0.0005123834556391412,0,0,0.0,0,0.0,0.0,50.0,0,,,,,,,,,,,,,,,,,,,,,,,,,,,
138,B,step_totals,,,,,,,,,,,,,,,,,,,,,70.00000000000006,10.0,0.14285714285714274,,,50.0,0.7142857142857137,0.0,0.0,0.004346211837130277,0.16,0.0,0,8,20,33,20,,50,22,4.000000000000001,0.057142857142857106,6.000000000000003,0.08571428571428569,20,30,20
139,B,all_agents,,,40,30,10,0,22,8,0.41480174344426496,0.239315585926262,0.998512853791515,0.10173993386364306,987,30,0.75,71,5.887323943661972,1.3098591549295775,30.775,6092,,,,,,,,,,,,,,,,,,,,,,,,,,,
139,B,participants_only,,,30,30,0,0,22,8,0.47457127600909166,0.2399514817541235,0.998512853791515,0.12119468958778212,987,30,1.0,71,5.887323943661972,1.3098591549295775,24.366666666666667,6092,,,,,,,,,,,,,,,,,,,,,,,,,,,
139,B,nonparticipants_only,,,10,0,10,0,0,0,0.23549314574978472,0.23845745450890993,0.27876210791533,0.0005069024150113207,0,0,0.0,0,0.0,0.0,50.0,0,,,,,,,,,,,,,,,,,,,,,,,,,,,
139,B,step_totals,,,,,,,,,,,,,,,,,,,,,69.70000000000007,9.5,0.13629842180774734,,,51.0,0.7317073170731699,0.0,0.0,0.004346659673670074,0.19607843137254902,0.0,0,10,21,22,19,,51,22,3.2000000000000006,0.045911047345767536,6.000000000000003,0.08608321377331415,16,30,31
140,B,all_agents,,,40,30,10,0,22,8,0.4150411483484466,0.23875172434535288,0.9985723396398544,0.10194177592665057,998,30,0.75,71,5.887323943661972,1.3098591549295775,30.8,6142,,,,,,,,,,,,,,,,,,,,,,,,,,,
140,B,participants_only,,,30,30,0,0,22,8,0.4747918645823489,0.23930627606131805,0.9985723396398544,0.12147454768317473,998,30,1.0,71,5.887323943661972,1.3098591549295775,24.4,6142,,,,,,,,,,,,,,,,,,,,,,,,,,,
140,B,nonparticipants_only,,,10,0,10,0,0,0,0.23578899964673958,0.23804127657676627,0.27882265153427943,0.0005016835715062555,0,0,0.0,0,0.0,0.0,50.0,0,,,,,,,,,,,,,,,,,,,,,,,,,,,
140,B,step_totals,,,,,,,,,,,,,,,,,,,,,70.00000000000007,10.0,0.1428571428571427,,,50.0,0.7142857142857135,0.0,0.0,0.004307504832867292,0.22,0.0,0,11,20,33,20,,50,22,4.000000000000001,0.0571428571428571,6.000000000000003,0.08571428571428566,20,30,20
140,B,reachability,0.25,0.0,,,,,,,,,,,,,,,,,,,,,,,,,,,,,,,,,,,,,,,,,,,,,
141,B,all_agents,,,40,30,10,0,22,8,0.41528956574858095,0.2390179606140145,0.9986294460542602,0.10221208859676804,1001,30,0.75,71,5.887323943661972,1.3098591549295775,30.775,6193,,,,,,,,,,,,,,,,,,,,,,,,,,,
141,B,participants_only,,,30,30,0,0,22,8,0.47502501216671805,0.2390179606140145,0.9986294460542602,0.12184410306915892,1001,30,1.0,71,5.887323943661972,1.3098591549295775,24.366666666666667,6193,,,,,,,,,,,,,,,,,,,,,,,,,,,
141,B,nonparticipants_only,,,10,0,10,0,0,0,0.23608322649416982,0.2390095904820428,0.2805287259853917,0.0004961624743059612,0,0,0.0,0,0.0,0.0,50.0,0,,,,,,,,,,,,,,,,,,,,,,,,,,,
141,B,step_totals,,,,,,,,,,,,,,,,,,,,,69.70000000000006,9.5,0.13629842180774737,,,51.0,0.7317073170731702,0.0,0.0,0.00430288162799775,0.058823529411764705,0.0,0,3,21,22,19,,51,22,3.2000000000000006,0.04591104734576754,6.000000000000003,0.08608321377331417,16,30,31
142,B,all_agents,,,40,30,10,0,22,8,0.41551632157245505,0.23929406506335232,0.9986842682120898,0.10240455278550145,1011,30,0.75,71,5.887323943661972,1.3098591549295775,30.8,6242,,,,,,,,,,,,,,,,,,,,,,,,,,,
142,B,participants_only,,,30,30,0,0,22,8,0.47522979695860623,0.2396356659966099,0.9986842682120898,0.12211322529812489,1011,30,1.0,71,5.887323943661972,1.3098591549295775,24.4,6242,,,,,,,,,,,,,,,,,,,,,,,,,,,
142,B,nonparticipants_only,,,10,0,10,0,0,0,0.2363758954140015,0.23929406506335232,0.27972907260732943,0.0004901455353213533,0,0,0.0,0,0.0,0.0,50.0,0,,,,,,,,,,,,,,,,,,,,,,,,,,,
142,B,step_totals,,,,,,,,,,,,,,,,,,,,,70.00000000000007,10.0,0.1428571428571427,,,50.0,0.7142857142857135,0.0,0.0,0.004267489808503856,0.2,0.0,0,10,20,33,20,,50,22,4.000000000000001,0.0571428571428571,6.000000000000003,0.08571428571428566,20,30,20
143,B,all_agents,,,40,30,10,0,22,8,0.41570356752505033,0.24002766012364346,0.9987368974836062,0.10262735370797285,1022,30,0.75,71,5.887323943661972,1.3098591549295775,30.775,6291,,,,,,,,,,,,,,,,,,,,,,,,,,,
143,B,participants_only,,,30,30,0,0,22,8,0.47538241539814813,0.240034387068711,0.9987368974836062,0.12242901014668364,1022,30,1.0,71,5.887323943661972,1.3098591549295775,24.366666666666667,6291,,,,,,,,,,,,,,,,,,,,,,,,,,,
143,B,nonparticipants_only,,,10,0,10,0,0,0,0.23666702390575697,0.23972183957013973,0.2797885627742948,0.00048360579031634846,0,0,0.0,0,0.0,0.0,50.0,0,,,,,,,,,,,,,,,,,,,,,,,,,,,
143,B,step_totals,,,,,,,,,,,,,,,,,,,,,69.90000000000006,9.5,0.13590844062947055,,,51.0,0.7296137339055787,0.0,0.0,0.00408389497086695,0.21568627450980393,0.0,0,11,21,22,19,,51,22,3.400000000000001,0.04864091559370526,6.000000000000003,0.0858369098712446,17,30,31
144,B,all_agents,,,40,30,10,0,22,8,0.4158601413768499,0.23938178527817833,0.9987874215842619,0.10277147474633823,1029,30,0.75,71,5.887323943661972,1.3098591549295775,30.8,6339,,,,,,,,,,,,,,,,,,,,,,,,,,,
144,B,participants_only,,,30,30,0,0,22,8,0.47549478685035473,0.23932325400847398,0.9987874215842619,0.12264412435164207,1029,30,1.0,71,5.887323943661972,1.3098591549295775,24.4,6339,,,,,,,,,,,,,,,,,,,,,,,,,,,
144,B,nonparticipants_only,,,10,0,10,0,0,0,0.2369562049563355,0.23982820683786038,0.279470791421593,0.0004780346414194655,0,0,0.0,0,0.0,0.0,50.0,0,,,,,,,,,,,,,,,,,,,,,,,,,,,
144,B,step_totals,,,,,,,,,,,,,,,,,,,,,70.00000000000007,10.0,0.1428571428571427,,,50.0,0.7142857142857135,0.0,0.0,0.004028583741990335,0.14,0.0,0,7,20,33,20,,50,22,4.000000000000001,0.0571428571428571,6.000000000000003,0.08571428571428566,20,30,20
145,B,all_agents,,,40,30,10,0,22,8,0.416085752471097,0.23961418282095565,0.9988359247208914,0.10302659638861786,1036,30,0.75,71,5.887323943661972,1.3098591549295775,30.775,6390,,,,,,,,,,,,,,,,,,,,,,,,,,,
145,B,participants_only,,,30,30,0,0,22,8,0.47569980895873226,0.23854282551263675,0.9988359247208914,0.12299580616322438,1036,30,1.0,71,5.887323943661972,1.3098591549295775,24.366666666666667,6390,,,,,,,,,,,,,,,,,,,,,,,,,,,
145,B,nonparticipants_only,,,10,0,10,0,0,0,0.2372435830081914,0.24010552933373133,0.27914377418043057,0.00047293829386673217,0,0,0.0,0,0.0,0.0,50.0,0,,,,,,,,,,,,,,,,,,,,,,,,,,,
145,B,step_totals,,,,,,,,,,,,,,,,,,,,,70.10000000000007,9.5,0.13552068473609116,,,51.0,0.7275320970042789,0.0,0.0,0.0042045364813585616,0.13725490196078433,0.0,0,7,21,22,19,,51,22,3.600000000000001,0.051355206847360876,6.000000000000003,0.08559201141226815,18,30,31
146,B,all_agents,,,40,30,10,0,22,8,0.41629210277068485,0.2397037110944254,0.9988824877320558,0.10320460207563747,1042,30,0.75,71,5.887323943661972,1.3098591549295775,30.8,6439,,,,,,,,,,,,,,,,,,,,,,,,,,,
146,B,participants_only,,,30,30,0,0,22,8,0.4758797274139593,0.23923765468071334,0.9988824877320558,0.12324736514350187,1042,30,1.0,71,5.887323943661972,1.3098591549295775,24.4,6439,,,,,,,,,,,,,,,,,,,,,,,,,,,
146,B,nonparticipants_only,,,10,0,10,0,0,0,0.23752922884086175,0.2397037110944254,0.27920222881843165,0.00046809274451116277,0,0,0.0,0,0.0,0.0,50.0,0,,,,,,,,,,,,,,,,,,,,,,,,,,,
146,B,step_totals,,,,,,,,,,,,,,,,,,,,,70.00000000000007,10.0,0.1428571428571427,,,50.0,0.7142857142857135,0.0,0.0,0.004201845744602317,0.12,0.0,0,6,20,33,20,,50,23,4.000000000000001,0.0571428571428571,6.000000000000003,0.08571428571428566,20,30,20
147,B,all_agents,,,40,30,10,0,22,8,0.4164768266042123,0.23940409175049887,0.9989271882227736,0.10343079447597185,1045,30,0.75,71,5.887323943661972,1.3098591549295775,30.775,6489,,,,,,,,,,,,,,,,,,,,,,,,,,,
147,B,participants_only,,,30,30,0,0,22,8,0.4760313342178523,0.23904106987015583,0.9989271882227736,0.12356645047071892,1045,30,1.0,71,5.887323943661972,1.3098591549295775,24.366666666666667,6489,,,,,,,,,,,,,,,,,,,,,,,,,,,
147,B,nonparticipants_only,,,10,0,10,0,0,0,0.23781330376329218,0.24063861455388935,0.28084943732980017,0.0004629539664933222,0,0,0.0,0,0.0,0.0,50.0,0,,,,,,,,,,,,,,,,,,,,,,,,,,,
147,B,step_totals,,,,,,,,,,,,,,,,,,,,,69.90000000000006,9.5,0.13590844062947055,,,51.0,0.7296137339055787,0.0,0.0,0.004078800223946239,0.058823529411764705,0.0,0,3,21,22,19,,51,22,3.400000000000001,0.04864091559370526,6.000000000000003,0.0858369098712446,17,30,31
148,B,all_agents,,,40,30,10,0,22,8,0.4166454637460272,0.24004371774638877,0.9989701006938626,0.10358114361261674,1049,30,0.75,71,5.887323943661972,1.3098591549295775,30.8,6537,,,,,,,,,,,,,,,,,,,,,,,,,,,
148,B,participants_only,,,30,30,0,0,22,8,0.47616199349055477,0.2384454582469474,0.9989701006938626,0.12378687728534792,1049,30,1.0,71,5.887323943661972,1.3098591549295775,24.4,6537,,,,,,,,,,,,,,,,,,,,,,,,,,,
148,B,nonparticipants_only,,,10,0,10,0,0,0,0.23809587451244413,0.2409132736997992,0.2800773749795141,0.0004573348404482411,0,0,0.0,0,0.0,0.0,50.0,0,,,,,,,,,,,,,,,,,,,,,,,,,,,
148,B,step_totals,,,,,,,,,,,,,,,,,,,,,70.00000000000007,10.0,0.1428571428571427,,,50.0,0.7142857142857135,0.0,0.0,0.004074854309118343,0.08,0.0,0,4,20,33,20,,50,23,4.000000000000001,0.0571428571428571,6.000000000000003,0.08571428571428566,20,30,20
149,B,all_agents,,,40,30,10,0,22,8,0.41684934496721465,0.2404959393299088,0.9990112966661081,0.1038205919787604,1059,30,0.75,71,5.887323943661972,1.3098591549295775,30.775,6587,,,,,,,,,,,,,,,,,,,,,,,,,,,
149,B,participants_only,,,30,30,0,0,22,8,0.47634014062827257,0.23819711448420655,0.9990112966661081,0.12412043374603007,1059,30,1.0,71,5.887323943661972,1.3098591549295775,24.366666666666667,6587,,,,,,,,,,,,,,,,,,,,,,,,,,,
149,B,nonparticipants_only,,,10,0,10,0,0,0,0.23837695798404104,0.2413895789297828,0.2801348125135585,0.0004512094563224407,0,0,0.0,0,0.0,0.0,50.0,0,,,,,,,,,,,,,,,,,,,,,,,,,,,
149,B,step_totals,,,,,,,,,,,,,,,,,,,,,70.10000000000005,9.5,0.1355206847360912,,,51.0,0.7275320970042791,0.0,0.0,0.004134714891784195,0.19607843137254902,0.0,0,10,21,22,19,,51,22,3.600000000000001,0.05135520684736089,6.000000000000003,0.08559201141226816,18,30,31
150,B,all_agents,,,40,30,10,0,22,8,0.416964015349083,0.24054580535084136,0.9990508447994638,0.10392785542888268,1066,30,0.75,71,5.887323943661972,1.3098591549295775,30.8,6632,,,,,,,,,,,,,,,,,,,,,,,,,,,
150,B,participants_only,,,30,30,0,0,22,8,0.4763999667292925,0.23881206144925798,0.9990508447994638,0.12429127279794942,1066,30,1.0,71,5.887323943661972,1.3098591549295775,24.4,6632,,,,,,,,,,,,,,,,,,,,,,,,,,,
150,B,nonparticipants_only,,,10,0,10,0,0,0,0.2386561612084542,0.24136601149992304,0.27982800545921327,0.00044601552403480515,0,0,0.0,0,0.0,0.0,50.0,0,,,,,,,,,,,,,,,,,,,,,,,,,,,
150,B,step_totals,,,,,,,,,,,,,,,,,,,,,70.00000000000006,10.0,0.14285714285714274,,,50.0,0.7142857142857137,0.0,0.0,0.0038922007468365906,0.14,0.0,0,7,20,33,20,,50,23,4.000000000000001,0.057142857142857106,6.000000000000003,0.08571428571428569,20,30,20
150,B,reachability,0.25,0.0,,,,,,,,,,,,,,,,,,,,,,,,,,,,,,,,,,,,,,,,,,,,,
151,B,all_agents,,,40,30,10,0,22,8,0.41713699368480583,0.2401383290940193,0.9990888110074853,0.10414357161403445,1073,30,0.75,71,5.887323943661972,1.3098591549295775,30.775,6682,,,,,,,,,,,,,,,,,,,,,,,,,,,
151,B,participants_only,,,30,30,0,0,22,8,0.4765381170316298,0.23916868140489966,0.9990888110074853,0.12459702922165697,1073,30,1.0,71,5.887323943661972,1.3098591549295775,24.366666666666667,6682,,,,,,,,,,,,,,,,,,,,,,,,,,,
151,B,nonparticipants_only,,,10,0,10,0,0,0,0.2389336236443338,0.24169673942251035,0.2795122715340872,0.0004412773327916675,0,0,0.0,0,0.0,0.0,50.0,0,,,,,,,,,,,,,,,,,,,,,,,,,,,
151,B,step_totals,,,,,,,,,,,,,,,,,,,,,69.90000000000005,9.5,0.13590844062947058,,,51.0,0.7296137339055789,0.0,0.0,0.004041398232739183,0.13725490196078433,0.0,0,7,21,22,19,,51,22,3.400000000000001,0.04864091559370527,6.000000000000003,0.08583690987124461,17,30,31
152,B,all_agents,,,40,30,10,0,22,8,0.4172974930806983,0.2404882557253978,0.9991252585671858,0.10428546807831365,1080,30,0.75,71,5.887323943661972,1.3098591549295775,30.8,6731,,,,,,,,,,,,,,,,,,,,,,,,,,,
152,B,participants_only,,,30,30,0,0,22,8,0.47666018623124484,0.23846467457640091,0.9991252585671858,0.12480598038752741,1080,30,1.0,71,5.887323943661972,1.3098591549295775,24.4,6731,,,,,,,,,,,,,,,,,,,,,,,,,,,
152,B,nonparticipants_only,,,10,0,10,0,0,0,0.23920941362905854,0.24130878541301426,0.2795687092687837,0.00043677909364097745,0,0,0.0,0,0.0,0.0,50.0,0,,,,,,,,,,,,,,,,,,,,,,,,,,,
152,B,step_totals,,,,,,,,,,,,,,,,,,,,,70.00000000000007,10.0,0.1428571428571427,,,50.0,0.7142857142857135,0.0,0.0,0.004050854355280855,0.14,0.0,0,7,20,33,20,,50,23,4.000000000000001,0.0571428571428571,6.000000000000003,0.08571428571428566,20,30,20
153,B,all_agents,,,40,30,10,0,22,8,0.4174617583968312,0.2404961678617053,0.9991602482244983,0.10449527031012935,1085,30,0.75,71,5.887323943661972,1.3098591549295775,30.775,6781,,,,,,,,,,,,,,,,,,,,,,,,,,,
153,B,participants_only,,,30,30,0,0,22,8,0.47678778222717055,0.23774294926130646,0.9991602482244983,0.12510471985454438,1085,30,1.0,71,5.887323943661972,1.3098591549295775,24.366666666666667,6781,,,,,,,,,,,,,,,,,,,,,,,,,,,
153,B,nonparticipants_only,,,10,0,10,0,0,0,0.23948368690581306,0.2422114312118145,0.28115908293515907,0.0004319964346683568,0,0,0.0,0,0.0,0.0,50.0,0,,,,,,,,,,,,,,,,,,,,,,,,,,,
153,B,step_totals,,,,,,,,,,,,,,,,,,,,,70.10000000000005,9.5,0.1355206847360912,,,51.0,0.7275320970042791,0.0,0.0,0.004001522458743871,0.09803921568627451,0.0,0,5,21,22,19,,51,22,3.600000000000001,0.05135520684736089,6.000000000000003,0.08559201141226816,18,30,31
154,B,all_agents,,,40,30,10,0,22,8,0.41761401244102775,0.2403484053520104,0.9991938382955184,0.10463071337885614,1095,30,0.75,71,5.887323943661972,1.3098591549295775,30.8,6829,,,,,,,,,,,,,,,,,,,,,,,,,,,
154,B,participants_only,,,30,30,0,0,22,8,0.47689984728507545,0.23857540596476,0.9991938382955184,0.12530612748707443,1095,30,1.0,71,5.887323943661972,1.3098591549295775,24.4,6829,,,,,,,,,,,,,,,,,,,,,,,,,,,
154,B,nonparticipants_only,,,10,0,10,0,0,0,0.23975650790888445,0.2424766135915008,0.28041365961915476,0.0004267484963328079,0,0,0.0,0,0.0,0.0,50.0,0,,,,,,,,,,,,,,,,,,,,,,,,,,,
154,B,step_totals,,,,,,,,,,,,,,,,,,,,,70.00000000000006,10.0,0.14285714285714274,,,50.0,0.7142857142857137,0.0,0.0,0.004024588140565907,0.2,0.0,0,10,20,33,20,,50,23,4.000000000000001,0.057142857142857106,6.000000000000003,0.08571428571428569,20,30,20
155,B,all_agents,,,40,30,10,0,22,8,0.4177692832626448,0.24080391041465138,0.9992260847636977,0.10483365671884773,1098,30,0.75,71,5.887323943661972,1.3098591549295775,30.775,6879,,,,,,,,,,,,,,,,,,,,,,,,,,,
155,B,participants_only,,,30,30,0,0,22,8,0.4770164133665162,0.23821920382350403,0.9992260847636977,0.1255969824636189,1098,30,1.0,71,5.887323943661972,1.3098591549295775,24.366666666666667,6879,,,,,,,,,,,,,,,,,,,,,,,,,,,
155,B,nonparticipants_only,,,10,0,10,0,0,0,0.24002789295103052,0.24293648451233124,0.2804691153437794,0.0004210103779934108,0,0,0.0,0,0.0,0.0,50.0,0,,,,,,,,,,,,,,,,,,,,,,,,,,,
155,B,step_totals,,,,,,,,,,,,,,,,,,,,,69.90000000000006,9.5,0.13590844062947055,,,51.0,0.7296137339055787,0.0,0.0,0.0039841021039357894,0.058823529411764705,0.0,0,3,21,22,19,,51,22,3.400000000000001,0.04864091559370526,6.000000000000003,0.0858369098712446,17,30,31
156,B,all_agents,,,40,30,10,0,22,8,0.41791163370270556,0.24162645956213658,0.9992570413731497,0.1049623592186987,1109,30,0.75,71,5.887323943661972,1.3098591549295775,30.8,6927,,,,,,,,,,,,,,,,,,,,,,,,,,,
156,B,participants_only,,,30,30,0,0,22,8,0.47711635739642666,0.2376299242521979,0.9992570413731497,0.125790292360534,1109,30,1.0,71,5.887323943661972,1.3098591549295775,24.4,6927,,,,,,,,,,,,,,,,,,,,,,,,,,,
156,B,nonparticipants_only,,,10,0,10,0,0,0,0.24029746262154228,0.2429137302468121,0.28017289427855213,0.0004161681013945165,0,0,0.0,0,0.0,0.0,50.0,0,,,,,,,,,,,,,,,,,,,,,,,,,,,
156,B,step_totals,,,,,,,,,,,,,,,,,,,,,70.00000000000006,10.0,0.14285714285714274,,,50.0,0.7142857142857137,0.0,0.0,0.003992208587318597,0.22,0.0,0,11,20,33,20,,50,23,4.000000000000001,0.057142857142857106,6.000000000000003,0.08571428571428569,20,30,20
