step,condition,population,skill_reachability,resource_reachability,n_agents,maker_count,stage_consumer,stage_customizer,stage_maker,stage_advanced_maker,skill_mean,skill_median,skill_max,skill_var,method_count_total,method_holders,method_adoption_rate,method_peer_held,knowledge_diffusion_lag_mean,hop_count_mean,latent_distributed_resources,completed_projects_total,time_total,time_observe,time_share_observe,time_make,time_share_make,time_practice,time_share_practice,time_idle,time_share_idle,skill_gain_per_time,method_self_discovery_per_time,method_peer_acquisition_per_time,peer_acquired_count,self_discovered_count,reject_time_budget_exceeded,reject_missing_asset,count_observe,count_make,count_practice,count_idle,time_share,time_share_share,time_ask,time_share_ask,count_share,count_ask,reject_insufficient_material
0,D,reachability,0.85,0.0,,,,,,,,,,,,,,,,,,,,,,,,,,,,,,,,,,,,,,,,,,,,,
1,D,all_agents,,,40,0,14,26,0,0,0.16710516447472426,0.14191069505100587,0.6347843751449279,0.012687464794181822,9,9,0.225,0,0.0,0.0,25.8,39,,,,,,,,,,,,,,,,,,,,,,,,,,,
1,D,participants_only,,,30,0,4,26,0,0,0.16752096716341225,0.1404464078687081,0.6347843751449279,0.012984496660155356,9,9,0.3,0,0.0,0.0,24.4,39,,,,,,,,,,,,,,,,,,,,,,,,,,,
1,D,nonparticipants_only,,,10,0,10,0,0,0,0.16585775640866027,0.14989143868275367,0.5156527693880186,0.011794294493750178,0,0,0.0,0,0.0,0.0,30.0,0,,,,,,,,,,,,,,,,,,,,,,,,,,,
1,D,step_totals,,,,,,,,,,,,,,,,,,,,,83.99999999999994,4.000000000000002,0.04761904761904767,60.0,0.7142857142857147,20.0,0.23809523809523825,0.0,0.0,0.021168919083507532,0.15,0.0,0,9,30,9,40,60,40,32,,,,,,,
2,D,all_agents,,,40,4,13,23,4,0,0.1726424301125627,0.14570326961626556,0.6384365313934787,0.012813948970127999,10,10,0.25,0,0.0,0.0,26.6,66,,,,,,,,,,,,,,,,,,,,,,,,,,,
2,D,participants_only,,,30,4,3,23,4,0,0.17463816978309643,0.14331920912043522,0.6384365313934787,0.01330033834840593,10,10,0.3333333333333333,0,0.0,0.0,23.8,66,,,,,,,,,,,,,,,,,,,,,,,,,,,
2,D,nonparticipants_only,,,10,0,10,0,0,0,0.1666552111009615,0.14914198148933994,0.5130745055410786,0.011306985113303705,0,0,0.0,0,0.0,0.0,35.0,0,,,,,,,,,,,,,,,,,,,,,,,,,,,
2,D,step_totals,,,,,,,,,,,,,,,,,,,,,88.39999999999999,4.000000000000002,0.04524886877828057,60.0,0.6787330316742082,20.0,0.22624434389140274,0.0,0.0,0.01646116861355994,0.016666666666666666,0.0,0,1,21,8,40,60,40,31,1.5999999999999999,0.01809954751131222,2.8000000000000003,0.031674208144796386,8,14,
3,D,all_agents,,,40,6,11,23,6,0,0.17960851906571626,0.15282515015689718,0.6528990701377395,0.01315994189235098,17,14,0.35,0,0.0,0.0,28.0,109,,,,,,,,,,,,,,,,,,,,,,,,,,,
3,D,participants_only,,,30,6,1,23,6,0,0.18366424302519826,0.15445709338666008,0.6528990701377395,0.013863474182809641,17,14,0.4666666666666667,0,0.0,0.0,24.0,109,,,,,,,,,,,,,,,,,,,,,,,,,,,
3,D,nonparticipants_only,,,10,0,10,0,0,0,0.1674413471872703,0.14839627158189322,0.5105091330133732,0.0108519582589488,0,0,0.0,0,0.0,0.0,40.0,0,,,,,,,,,,,,,,,,,,,,,,,,,,,
3,D,step_totals,,,,,,,,,,,,,,,,,,,,,88.9,3.900000000000002,0.043869516310461217,60.0,0.6749156355455568,20.0,0.22497187851518557,0.0,0.0,0.020214816593443256,0.11666666666666667,0.0,0,7,19,7,39,60,40,31,1.7999999999999998,0.0202474690663667,3.2000000000000006,0.0359955005624297,9,16,
4,D,all_agents,,,40,6,10,24,6,0,0.18471105534764012,0.15464175882856235,0.6496345747870508,0.013239041194023792,20,15,0.375,0,0.0,0.0,29.7,134,,,,,,,,,,,,,,,,,,,,,,,,,,,
4,D,participants_only,,,30,6,0,24,6,0,0.19020891146444655,0.1549256270071717,0.6496345747870508,0.014056604483517617,20,15,0.5,0,0.0,0.0,24.6,134,,,,,,,,,,,,,,,,,,,,,,,,,,,
4,D,nonparticipants_only,,,10,0,10,0,0,0,0.16821748699722075,0.14765429022398374,0.5079565873483063,0.01042363426296904,0,0,0.0,0,0.0,0.0,45.0,0,,,,,,,,,,,,,,,,,,,,,,,,,,,
4,D,step_totals,,,,,,,,,,,,,,,,,,,,,88.40000000000003,4.000000000000002,0.04524886877828055,57.0,0.6447963800904974,20.0,0.22624434389140263,0.0,0.0,0.015448008731375171,0.05263157894736842,0.0,0,3,6,19,40,57,40,38,2.8000000000000003,0.03167420814479637,4.600000000000001,0.05203619909502262,14,23,24
5,D,all_agents,,,40,5,10,25,5,0,0.1896585522564476,0.15819122026776855,0.6463864019131155,0.013166063960826289,23,17,0.425,0,0.0,0.0,31.9,158,,,,,,,,,,,,,,,,,,,,,,,,,,,
5,D,participants_only,,,30,5,0,25,5,0,0.19655038149887397,0.16227124313199398,0.6463864019131155,0.014023418892319232,23,17,0.5666666666666667,0,0.0,0.0,25.866666666666667,158,,,,,,,,,,,,,,,,,,,,,,,,,,,
5,D,nonparticipants_only,,,10,0,10,0,0,0,0.16898306452916842,0.14691601877286384,0.5054168044115648,0.010024031442666299,0,0,0.0,0,0.0,0.0,50.0,0,,,,,,,,,,,,,,,,,,,,,,,,,,,
5,D,step_totals,,,,,,,,,,,,,,,,,,,,,86.10000000000005,3.700000000000002,0.042973286875725894,54.0,0.6271777003484317,20.0,0.23228803716608581,0.0,0.0,0.01549010821486669,0.05555555555555555,0.0,0,3,5,20,37,54,40,38,3.0000000000000004,0.034843205574912876,5.400000000000002,0.06271777003484319,15,27,32
6,D,all_agents,,,40,7,10,23,7,0,0.19505949915423706,0.16385129545447055,0.6605309458365909,0.013424240858212049,25,17,0.425,0,0.0,0.0,32.475,190,,,,,,,,,,,,,,,,,,,,,,,,,,,
6,D,participants_only,,,30,7,0,23,7,0,0.2034992127239057,0.17275987026364562,0.6605309458365909,0.014399452842380922,25,17,0.5666666666666667,0,0.0,0.0,26.633333333333333,190,,,,,,,,,,,,,,,,,,,,,,,,,,,
6,D,nonparticipants_only,,,10,0,10,0,0,0,0.1697403584452312,0.14618143867899952,0.502889720389507,0.009643859724048846,0,0,0.0,0,0.0,0.0,50.0,0,,,,,,,,,,,,,,,,,,,,,,,,,,,
6,D,step_totals,,,,,,,,,,,,,,,,,,,,,84.60000000000004,3.0000000000000013,0.03546099290780142,52.0,0.614657210401891,20.0,0.2364066193853427,0.0,0.0,0.017071634559513067,0.038461538461538464,0.0,0,2,6,21,30,52,40,38,3.400000000000001,0.04018912529550826,6.200000000000003,0.07328605200945626,17,31,31
7,D,all_agents,,,40,11,10,19,11,0,0.19975892509598034,0.16390536136283362,0.6572282911074079,0.013736445638026964,29,19,0.475,0,0.0,0.0,32.85,214,,,,,,,,,,,,,,,,,,,,,,,,,,,
7,D,participants_only,,,30,11,0,19,11,0,0.20951572651139294,0.17379713003630753,0.6572282911074079,0.014839031797752388,29,19,0.6333333333333333,0,0.0,0.0,27.133333333333333,214,,,,,,,,,,,,,,,,,,,,,,,,,,,
7,D,nonparticipants_only,,,10,0,10,0,0,0,0.17048852084974253,0.14545053148560452,0.5003752717875595,0.009286345072533123,0,0,0.0,0,0.0,0.0,50.0,0,,,,,,,,,,,,,,,,,,,,,,,,,,,
7,D,step_totals,,,,,,,,,,,,,,,,,,,,,87.50000000000007,0.7,0.007999999999999993,57.0,0.6514285714285709,20.0,0.2285714285714284,0.0,0.0,0.014541192846074979,0.07017543859649122,0.0,0,4,15,20,7,57,40,38,3.400000000000001,0.03885714285714283,6.400000000000003,0.07314285714285712,17,32,33
8,D,all_agents,,,40,13,10,17,13,0,0.2053298622394609,0.16706254543012095,0.6709391594631116,0.014148540380507387,32,19,0.475,0,0.0,0.0,33.25,248,,,,,,,,,,,,,,,,,,,,,,,,,,,
8,D,participants_only,,,30,13,0,17,13,0,0.21669683984002544,0.17707402049287613,0.6709391594631116,0.015365897044455519,32,19,0.6333333333333333,0,0.0,0.0,27.666666666666668,248,,,,,,,,,,,,,,,,,,,,,,,,,,,
8,D,nonparticipants_only,,,10,0,10,0,0,0,0.1712289294377672,0.1447232788281765,0.4978733954286217,0.008945972231402154,0,0,0.0,0,0.0,0.0,50.0,0,,,,,,,,,,,,,,,,,,,,,,,,,,,
8,D,step_totals,,,,,,,,,,,,,,,,,,,,,87.20000000000009,0.2,0.002293577981651374,57.0,0.6536697247706416,20.0,0.22935779816513738,0.0,0.0,0.016982222813619725,0.05263157894736842,0.0,0,3,16,27,2,57,40,38,3.600000000000001,0.04128440366972474,6.400000000000003,0.073394495412844,18,32,31
9,D,all_agents,,,40,14,10,16,14,0,0.2100236419638977,0.16737293224695637,0.667584463665796,0.014565129716422065,33,19,0.475,0,0.0,0.0,33.0,273,,,,,,,,,,,,,,,,,,,,,,,,,,,
9,D,participants_only,,,30,14,0,16,14,0,0.22271105120242324,0.1805872559520882,0.667584463665796,0.015901838104237207,33,19,0.6333333333333333,0,0.0,0.0,27.333333333333332,273,,,,,,,,,,,,,,,,,,,,,,,,,,,
9,D,nonparticipants_only,,,10,0,10,0,0,0,0.17196141424832098,0.1439996624340356,0.49538402845147855,0.008623360314746755,0,0,0.0,0,0.0,0.0,50.0,0,,,,,,,,,,,,,,,,,,,,,,,,,,,
9,D,step_totals,,,,,,,,,,,,,,,,,,,,,89.30000000000007,0.1,0.0011198208286674124,59.0,0.6606942889137732,20.0,0.22396416573348246,0.0,0.0,0.014214955609916237,0.01694915254237288,0.0,0,1,15,24,1,59,40,39,3.800000000000001,0.04255319148936168,6.400000000000003,0.07166853303471442,19,32,37
10,D,all_agents,,,40,16,10,14,16,0,0.21492295674792292,0.1711033530850739,0.6808810851191642,0.015173657414760037,39,20,0.5,0,0.0,0.0,32.725,303,,,,,,,,,,,,,,,,,,,,,,,,,,,
10,D,participants_only,,,30,16,0,14,16,0,0.22900175960891533,0.182788203775708,0.6808810851191642,0.016666642896361453,39,20,0.6666666666666666,0,0.0,0.0,26.966666666666665,303,,,,,,,,,,,,,,,,,,,,,,,,,,,
10,D,nonparticipants_only,,,10,0,10,0,0,0,0.17268654816494572,0.14327966412186544,0.49290710830922113,0.00831614868997154,0,0,0.0,0,0.0,0.0,50.0,0,,,,,,,,,,,,,,,,,,,,,,,,,,,
10,D,step_totals,,,,,,,,,,,,,,,,,,,,,86.80000000000007,,,57.0,0.656682027649769,20.0,0.2304147465437786,0.0,0.0,0.01521042973328671,0.10526315789473684,0.0,0,6,18,29,,57,40,38,3.800000000000001,0.04377880184331795,6.000000000000003,0.06912442396313362,19,30,30
10,D,reachability,0.375,0.0,,,,,,,,,,,,,,,,,,,,,,,,,,,,,,,,,,,,,,,,,,,,,
11,D,all_agents,,,40,17,10,13,17,0,0.21991355702507542,0.17519999280525533,0.6774766796935684,0.015713729258183172,44,22,0.55,0,0.0,0.0,32.35,333,,,,,,,,,,,,,,,,,,,,,,,,,,,
11,D,participants_only,,,30,17,0,13,17,0,0.23541670386629213,0.18938700778113304,0.6774766796935684,0.017315186866841543,44,22,0.7333333333333333,0,0.0,0.0,26.466666666666665,333,,,,,,,,,,,,,,,,,,,,,,,,,,,
11,D,nonparticipants_only,,,10,0,10,0,0,0,0.1734041165014252,0.1425632658012561,0.490442572767675,0.008025185688444124,0,0,0.0,0,0.0,0.0,50.0,0,,,,,,,,,,,,,,,,,,,,,,,,,,,
11,D,step_totals,,,,,,,,,,,,,,,,,,,,,89.30000000000007,0.1,0.0011198208286674124,59.0,0.6606942889137732,20.0,0.22396416573348246,0.0,0.0,0.015064422293609098,0.0847457627118644,0.0,0,5,15,23,1,59,40,39,4.000000000000001,0.044792833146696506,6.200000000000003,0.06942889137737959,20,31,37
12,D,all_agents,,,40,17,10,13,17,0,0.2248440170034573,0.17761631499127778,0.6903776125058256,0.0165021662354308,48,22,0.55,0,0.0,0.0,32.25,368,,,,,,,,,,,,,,,,,,,,,,,,,,,
12,D,participants_only,,,30,17,0,13,17,0,0.241753905644935,0.1917896266994984,0.6903776125058256,0.018275979107316064,48,22,0.7333333333333333,0,0.0,0.0,26.333333333333332,368,,,,,,,,,,,,,,,,,,,,,,,,,,,
12,D,nonparticipants_only,,,10,0,10,0,0,0,0.1741143510790241,0.14399199664681392,0.4879903599038366,0.007749395613368869,0,0,0.0,0,0.0,0.0,50.0,0,,,,,,,,,,,,,,,,,,,,,,,,,,,
12,D,step_totals,,,,,,,,,,,,,,,,,,,,,82.50000000000009,0.1,0.001212121212121211,52.0,0.6303030303030297,20.0,0.24242424242424218,0.0,0.0,0.01621750295188156,0.07692307692307693,0.0,0,4,12,40,1,52,40,37,4.400000000000001,0.053333333333333295,6.000000000000003,0.07272727272727268,22,30,36
13,D,all_agents,,,40,19,10,11,19,0,0.22929352831817965,0.178969475399765,0.6869257244432965,0.017158728513651623,52,23,0.575,0,0.0,0.0,31.875,395,,,,,,,,,,,,,,,,,,,,,,,,,,,
13,D,participants_only,,,30,19,0,11,19,0,0.24745192972604593,0.1979289741417667,0.6869257244432965,0.01906452028132081,52,23,0.7666666666666667,0,0.0,0.0,25.833333333333332,395,,,,,,,,,,,,,,,,,,,,,,,,,,,
13,D,nonparticipants_only,,,10,0,10,0,0,0,0.17481832409458073,0.1466602281819651,0.48555040810431743,0.007484622710373645,0,0,0.0,0,0.0,0.0,50.0,0,,,,,,,,,,,,,,,,,,,,,,,,,,,
13,D,step_totals,,,,,,,,,,,,,,,,,,,,,90.0000000000001,,,59.0,0.6555555555555548,20.0,0.222222222222222,0.0,0.0,0.013508080527217175,0.06779661016949153,0.0,0,4,13,23,,59,40,39,4.400000000000001,0.04888888888888885,6.600000000000003,0.07333333333333329,22,33,38
14,D,all_agents,,,40,19,10,11,19,0,0.2335750383361775,0.17840115728143868,0.6994486954655647,0.017920940011625627,54,23,0.575,0,0.0,0.0,31.85,425,,,,,,,,,,,,,,,,,,,,,,,,,,,
14,D,participants_only,,,30,19,0,11,19,0,0.25292820623873763,0.19830676198769728,0.6994486954655647,0.01998547372073046,54,23,0.7666666666666667,0,0.0,0.0,25.8,425,,,,,,,,,,,,,,,,,,,,,,,,,,,
14,D,nonparticipants_only,,,10,0,10,0,0,0,0.17551553462849723,0.14946249620029295,0.48312265606379584,0.007232797589934936,0,0,0.0,0,0.0,0.0,50.0,0,,,,,,,,,,,,,,,,,,,,,,,,,,,
14,D,step_totals,,,,,,,,,,,,,,,,,,,,,81.60000000000008,,,51.0,0.6249999999999994,20.0,0.24509803921568604,0.0,0.0,0.01453292444046976,0.0392156862745098,0.0,0,2,13,43,,51,40,37,4.600000000000001,0.0563725490196078,6.000000000000003,0.07352941176470584,23,30,38
15,D,all_agents,,,40,21,10,9,21,0,0.23840091286928355,0.181764249307378,0.6959514519882368,0.018721272751486415,60,24,0.6,0,0.0,0.0,31.55,459,,,,,,,,,,,,,,,,,,,,,,,,,,,
15,D,participants_only,,,30,21,0,9,21,0,0.2591323905141994,0.20450061347729276,0.6959514519882368,0.020911881014175432,60,24,0.8,0,0.0,0.0,25.4,459,,,,,,,,,,,,,,,,,,,,,,,,,,,
15,D,nonparticipants_only,,,10,0,10,0,0,0,0.17620647993453611,0.15165510285217362,0.48070704278347687,0.006991917979319642,0,0,0.0,0,0.0,0.0,50.0,0,,,,,,,,,,,,,,,,,,,,,,,,,,,
15,D,step_totals,,,,,,,,,,,,,,,,,,,,,89.00000000000009,,,58.0,0.6516853932584263,20.0,0.22471910112359528,0.0,0.0,0.014754265104737246,0.10344827586206896,0.0,0,6,14,24,,58,40,39,4.600000000000001,0.051685393258426936,6.400000000000003,0.07191011235955053,23,32,42
16,D,all_agents,,,40,22,10,8,22,0,0.24278145341538307,0.18420379789014646,0.7081133939087073,0.01967726158642898,64,25,0.625,0,0.0,0.0,31.625,494,,,,,,,,,,,,,,,,,,,,,,,,,,,
16,D,participants_only,,,30,22,0,8,22,0,0.26474480974827197,0.2048609170630869,0.7081133939087073,0.02205303631093839,64,25,0.8333333333333334,0,0.0,0.0,25.5,494,,,,,,,,,,,,,,,,,,,,,,,,,,,
16,D,nonparticipants_only,,,10,0,10,0,0,0,0.1768913844167164,0.15464713167109914,0.47830350756955947,0.006761269156035322,0,0,0.0,0,0.0,0.0,50.0,0,,,,,,,,,,,,,,,,,,,,,,,,,,,
16,D,step_totals,,,,,,,,,,,,,,,,,,,,,80.80000000000008,,,51.0,0.6311881188118805,19.0,0.2351485148514849,0.0,0.0,0.014999507026548729,0.0784313725490196,0.0,0,4,13,43,,51,38,35,4.800000000000002,0.05940594059405937,6.000000000000003,0.07425742574257421,24,30,35
17,D,all_agents,,,40,23,10,7,23,0,0.2471376659508682,0.18731990764871728,0.7045728269391638,0.020564688297840986,67,25,0.625,0,0.0,0.0,31.475,526,,,,,,,,,,,,,,,,,,,,,,,,,,,
17,D,participants_only,,,30,23,0,7,23,0,0.2703266784564858,0.2042845550980558,0.7045728269391638,0.023088901262403438,67,25,0.8333333333333334,0,0.0,0.0,25.3,526,,,,,,,,,,,,,,,,,,,,,,,,,,,
17,D,nonparticipants_only,,,10,0,10,0,0,0,0.17757062843401542,0.15443863022562226,0.4759119900317117,0.006539285792325368,0,0,0.0,0,0.0,0.0,50.0,0,,,,,,,,,,,,,,,,,,,,,,,,,,,
17,D,step_totals,,,,,,,,,,,,,,,,,,,,,87.3000000000001,0.1,0.0011454753722794947,56.0,0.641466208476517,20.0,0.22909507445589894,0.0,0.0,0.013763744054382928,0.05357142857142857,0.0,0,3,12,25,1,56,40,39,5.000000000000002,0.057273768613974756,6.200000000000003,0.07101947308132871,25,31,45
18,D,all_agents,,,40,24,10,6,24,0,0.2517159157722071,0.19144995111168878,0.7163899138615972,0.021691014952904784,75,26,0.65,0,0.0,0.0,31.575,566,,,,,,,,,,,,,,,,,,,,,,,,,,,
18,D,participants_only,,,30,24,0,6,24,0,0.2762065807958378,0.2059408391897292,0.7163899138615972,0.024413124828772687,75,26,0.8666666666666667,0,0.0,0.0,25.433333333333334,566,,,,,,,,,,,,,,,,,,,,,,,,,,,
18,D,nonparticipants_only,,,10,0,10,0,0,0,0.17824392070131498,0.1543082891202258,0.47353243008155316,0.006327173245704819,0,0,0.0,0,0.0,0.0,50.0,0,,,,,,,,,,,,,,,,,,,,,,,,,,,
18,D,step_totals,,,,,,,,,,,,,,,,,,,,,80.60000000000008,,,51.0,0.6327543424317612,19.0,0.23573200992555807,0.0,0.0,0.01561758614231795,0.1568627450980392,0.0,0,8,14,42,,51,38,35,4.800000000000002,0.05955334987593048,5.8000000000000025,0.07196029776674934,24,29,34
19,D,all_agents,,,40,26,10,4,26,0,0.25592438328245154,0.1944622662383842,0.7128079642922892,0.022645159122159905,80,27,0.675,0,0.0,0.0,31.425,599,,,,,,,,,,,,,,,,,,,,,,,,,,,
19,D,participants_only,,,30,26,0,4,26,0,0.28159515193467405,0.20714138931228288,0.7128079642922892,0.02551698120693979,80,27,0.9,0,0.0,0.0,25.233333333333334,599,,,,,,,,,,,,,,,,,,,,,,,,,,,
19,D,nonparticipants_only,,,10,0,10,0,0,0,0.17891207732578396,0.15604328420603408,0.47116476793114537,0.0061218325094690934,0,0,0.0,0,0.0,0.0,50.0,0,,,,,,,,,,,,,,,,,,,,,,,,,,,
19,D,step_totals,,,,,,,,,,,,,,,,,,,,,87.20000000000009,,,56.0,0.6422018348623847,20.0,0.22935779816513738,0.0,0.0,0.013410958076760758,0.08928571428571429,0.0,0,5,14,26,,56,40,38,5.200000000000002,0.05963302752293574,6.000000000000003,0.06880733944954125,26,30,45
20,D,all_agents,,,40,27,10,3,27,0,0.260377745978496,0.1982489552039872,0.7242956457205977,0.023817771087109092,87,27,0.675,0,0.0,0.0,31.525,640,,,,,,,,,,,,,,,,,,,,,,,,,,,
20,D,participants_only,,,30,27,0,3,27,0,0.287312202790901,0.21077860072385912,0.7242956457205977,0.026879808007568867,87,27,0.9,0,0.0,0.0,25.366666666666667,640,,,,,,,,,,,,,,,,,,,,,,,,,,,
20,D,nonparticipants_only,,,10,0,10,0,0,0,0.17957437554128103,0.15588659205391892,0.46880894409148965,0.005926080760378065,0,0,0.0,0,0.0,0.0,50.0,0,,,,,,,,,,,,,,,,,,,,,,,,,,,
20,D,step_totals,,,,,,,,,,,,,,,,,,,,,80.8000000000001,,,51.0,0.6311881188118804,19.0,0.23514851485148486,0.0,0.0,0.015235157707184704,0.13725490196078433,0.0,0,7,14,41,,51,38,32,5.200000000000002,0.0643564356435643,5.600000000000002,0.06930693069306926,26,28,32
20,D,reachability,0.175,0.0,,,,,,,,,,,,,,,,,,,,,,,,,,,,,,,,,,,,,,,,,,,,,
21,D,all_agents,,,40,29,10,1,29,0,0.26467672119365493,0.20052324073463174,0.7206741674919946,0.024803141227791342,93,28,0.7,0,0.0,0.0,31.375,676,,,,,,,,,,,,,,,,,,,,,,,,,,,
21,D,participants_only,,,30,29,0,1,29,0,0.29282522818302154,0.2125390040615724,0.7206741674919946,0.027988717556556388,93,28,0.9333333333333333,0,0.0,0.0,25.166666666666668,676,,,,,,,,,,,,,,,,,,,,,,,,,,,
21,D,nonparticipants_only,,,10,0,10,0,0,0,0.18023120022555494,0.15616139486078123,0.4664648993710322,0.005738350892731136,0,0,0.0,0,0.0,0.0,50.0,0,,,,,,,,,,,,,,,,,,,,,,,,,,,
21,D,step_totals,,,,,,,,,,,,,,,,,,,,,87.20000000000009,,,56.0,0.6422018348623847,20.0,0.22935779816513738,0.0,0.0,0.013677415918068595,0.10714285714285714,0.0,0,6,14,26,,56,40,37,5.400000000000002,0.06192660550458712,5.8000000000000025,0.06651376146788987,27,29,45
22,D,all_agents,,,40,30,10,0,30,0,0.26866818976682516,0.20076782658750486,0.7234674258170747,0.025984802847672538,99,28,0.7,0,0.0,0.0,31.5,715,,,,,,,,,,,,,,,,,,,,,,,,,,,
22,D,participants_only,,,30,30,0,0,30,0,0.29792979434116634,0.2161438263609478,0.7234674258170747,0.02936954788345574,99,28,0.9333333333333333,0,0.0,0.0,25.333333333333332,715,,,,,,,,,,,,,,,,,,,,,,,,,,,
22,D,nonparticipants_only,,,10,0,10,0,0,0,0.1808833760438015,0.15726304332147292,0.46413257487417703,0.005555669713141655,0,0,0.0,0,0.0,0.0,50.0,0,,,,,,,,,,,,,,,,,,,,,,,,,,,
22,D,step_totals,,,,,,,,,,,,,,,,,,,,,79.70000000000007,,,51.0,0.6398996235884561,17.5,0.21957340025094083,0.0,0.0,0.014122419419523354,0.11764705882352941,0.0,0,6,13,40,,51,35,32,5.600000000000002,0.0702634880803011,5.600000000000002,0.0702634880803011,28,28,31
23,D,all_agents,,,40,30,10,0,30,0,0.27278105504548683,0.20512257018371738,0.7263126441314489,0.02711628355387409,103,28,0.7,0,0.0,0.0,31.35,753,,,,,,,,,,,,,,,,,,,,,,,,,,,
23,D,participants_only,,,30,30,0,0,30,0,0.3031978954671916,0.21735605826077284,0.7263126441314489,0.03066116361468186,103,28,0.9333333333333333,0,0.0,0.0,25.133333333333333,753,,,,,,,,,,,,,,,,,,,,,,,,,,,
23,D,nonparticipants_only,,,10,0,10,0,0,0,0.18153053378037262,0.15975824464319735,0.46181191199980615,0.005379433196577359,0,0,0.0,0,0.0,0.0,50.0,0,,,,,,,,,,,,,,,,,,,,,,,,,,,
23,D,step_totals,,,,,,,,,,,,,,,,,,,,,86.5000000000001,,,56.0,0.6473988439306351,19.5,0.22543352601156044,0.0,0.0,0.01332618441871918,0.07142857142857142,0.0,0,4,14,24,,56,39,37,5.600000000000002,0.06473988439306354,5.400000000000002,0.06242774566473984,28,27,45
24,D,all_agents,,,40,30,10,0,29,1,0.27664917789843174,0.20491509408870096,0.737260138366191,0.028396424485734727,107,29,0.725,0,0.0,0.0,31.475,794,,,,,,,,,,,,,,,,,,,,,,,,,,,
24,D,participants_only,,,30,30,0,0,29,1,0.3081411690888996,0.21903744770283712,0.737260138366191,0.032158993170791725,107,29,0.9666666666666667,0,0.0,0.0,25.3,794,,,,,,,,,,,,,,,,,,,,,,,,,,,
24,D,nonparticipants_only,,,10,0,10,0,0,0,0.18217320432702808,0.16113553600549718,0.4595028524398071,0.005207772320877652,0,0,0.0,0,0.0,0.0,50.0,0,,,,,,,,,,,,,,,,,,,,,,,,,,,
24,D,step_totals,,,,,,,,,,,,,,,,,,,,,79.70000000000007,,,51.0,0.6398996235884561,17.5,0.21957340025094083,0.0,0.0,0.01378169464704251,0.0784313725490196,0.0,0,4,13,39,,51,35,32,5.600000000000002,0.0702634880803011,5.600000000000002,0.0702634880803011,28,28,29
25,D,all_agents,,,40,30,10,0,29,1,0.2804904342682804,0.20939605047169182,0.7477697328315434,0.029487749431946163,113,29,0.725,0,0.0,0.0,31.325,831,,,,,,,,,,,,,,,,,,,,,,,,,,,
25,D,participants_only,,,30,30,0,0,29,1,0.31305027454850404,0.22602285060394978,0.7477697328315434,0.03339564315780278,113,29,0.9666666666666667,0,0.0,0.0,25.1,831,,,,,,,,,,,,,,,,,,,,,,,,,,,
25,D,nonparticipants_only,,,10,0,10,0,0,0,0.1828109134276096,0.1615362223502238,0.45720533817760806,0.005042349865492252,0,0,0.0,0,0.0,0.0,50.0,0,,,,,,,,,,,,,,,,,,,,,,,,,,,
25,D,step_totals,,,,,,,,,,,,,,,,,,,,,86.20000000000009,,,56.0,0.6496519721577719,19.0,0.22041763341067264,0.0,0.0,0.012645714838765896,0.10714285714285714,0.0,0,6,14,23,,56,38,37,5.8000000000000025,0.0672853828306264,5.400000000000002,0.06264501160092803,29,27,45
26,D,all_agents,,,40,30,10,0,28,2,0.28408869812778487,0.21036433057751483,0.7578589435182816,0.03083584427552638,119,29,0.725,0,0.0,0.0,31.45,873,,,,,,,,,,,,,,,,,,,,,,,,,,,
26,D,participants_only,,,30,30,0,0,28,2,0.31763693552896893,0.22858233347893336,0.7578589435182816,0.034985157239849345,119,29,0.9666666666666667,0,0.0,0.0,25.266666666666666,873,,,,,,,,,,,,,,,,,,,,,,,,,,,
26,D,nonparticipants_only,,,10,0,10,0,0,0,0.18344398592423258,0.16169352877925933,0.45491931148672,0.004882094589842994,0,0,0.0,0,0.0,0.0,50.0,0,,,,,,,,,,,,,,,,,,,,,,,,,,,
26,D,step_totals,,,,,,,,,,,,,,,,,,,,,78.40000000000008,,,51.0,0.6505102040816321,16.0,0.20408163265306103,0.0,0.0,0.013244343501806819,0.11764705882352941,0.0,0,6,13,39,,51,32,31,5.8000000000000025,0.07397959183673465,5.600000000000002,0.07142857142857138,29,28,27
27,D,all_agents,,,40,30,10,0,27,3,0.2882069994664683,0.21108993159987466,0.7675445857775504,0.03195823924958588,124,29,0.725,0,0.0,0.0,31.325,916,,,,,,,,,,,,,,,,,,,,,,,,,,,
27,D,participants_only,,,30,30,0,0,27,3,0.3229185879400766,0.23180704898482818,0.7675445857775504,0.03621549450402603,124,29,0.9666666666666667,0,0.0,0.0,25.1,916,,,,,,,,,,,,,,,,,,,,,,,,,,,
27,D,nonparticipants_only,,,10,0,10,0,0,0,0.18407223404564335,0.16381390831560752,0.4526447149292864,0.004727740993931778,0,0,0.0,0,0.0,0.0,50.0,0,,,,,,,,,,,,,,,,,,,,,,,,,,,
27,D,step_totals,,,,,,,,,,,,,,,,,,,,,86.0000000000001,,,56.0,0.6511627906976737,19.0,0.2209302325581393,0.0,0.0,0.01348704223527809,0.08928571428571429,0.0,0,5,15,22,,56,38,37,5.8000000000000025,0.06744186046511623,5.200000000000002,0.06046511627906972,29,26,45
28,D,all_agents,,,40,30,10,0,27,3,0.2914591659892977,0.21225198751115973,0.7768428023464483,0.0332657718628897,129,29,0.725,0,0.0,0.0,31.45,956,,,,,,,,,,,,,,,,,,,,,,,,,,,
28,D,participants_only,,,30,30,0,0,27,3,0.32704682064943047,0.23411925823055552,0.7768428023464483,0.03776266104755219,129,29,0.9666666666666667,0,0.0,0.0,25.266666666666666,956,,,,,,,,,,,,,,,,,,,,,,,,,,,
28,D,nonparticipants_only,,,10,0,10,0,0,0,0.18469620200889938,0.164166649081267,0.45038149135463995,0.004577330338395779,0,0,0.0,0,0.0,0.0,50.0,0,,,,,,,,,,,,,,,,,,,,,,,,,,,
28,D,step_totals,,,,,,,,,,,,,,,,,,,,,78.00000000000009,,,51.0,0.6538461538461531,16.0,0.2051282051282049,0.0,0.0,0.012291762111926936,0.09803921568627451,0.0,0,5,15,37,,51,32,31,5.8000000000000025,0.0743589743589743,5.200000000000002,0.06666666666666662,29,26,27
29,D,all_agents,,,40,30,10,0,27,3,0.2952074452234631,0.215267772379523,0.7857690902525903,0.03435883614708261,136,29,0.725,0,0.0,0.0,31.325,997,,,,,,,,,,,,,,,,,,,,,,,,,,,
29,D,participants_only,,,30,30,0,0,27,3,0.33183809149050336,0.2350789539719934,0.7857690902525903,0.03896715112344528,136,29,0.9666666666666667,0,0.0,0.0,25.1,997,,,,,,,,,,,,,,,,,,,,,,,,,,,
29,D,nonparticipants_only,,,10,0,10,0,0,0,0.1853155064223424,0.16623304537224248,0.4481295838978667,0.004432240266702244,0,0,0.0,0,0.0,0.0,50.0,0,,,,,,,,,,,,,,,,,,,,,,,,,,,
29,D,step_totals,,,,,,,,,,,,,,,,,,,,,85.10000000000008,,,56.0,0.658049353701527,18.5,0.2173913043478259,0.0,0.0,0.012603187829132678,0.125,0.0,0,7,17,19,,56,37,37,5.8000000000000025,0.06815511163337247,4.800000000000002,0.05640423031727376,29,24,44
30,D,all_agents,,,40,30,10,0,27,3,0.2985354801109293,0.21653442432410142,0.7943383266424867,0.03567417051532033,142,29,0.725,0,0.0,0.0,31.45,1041,,,,,,,,,,,,,,,,,,,,,,,,,,,
30,D,participants_only,,,30,30,0,0,27,3,0.3360705468207523,0.23712326482587692,0.7943383266424867,0.040499349064322426,142,29,0.9666666666666667,0,0.0,0.0,25.266666666666666,1041,,,,,,,,,,,,,,,,,,,,,,,,,,,
30,D,nonparticipants_only,,,10,0,10,0,0,0,0.18593027998146025,0.1666172129076087,0.44588893597837737,0.004292060073383681,0,0,0.0,0,0.0,0.0,50.0,0,,,,,,,,,,,,,,,,,,,,,,,,,,,
30,D,step_totals,,,,,,,,,,,,,,,,,,,,,77.00000000000007,,,51.0,0.6623376623376618,15.0,0.19480519480519462,0.0,0.0,0.012746525281761444,0.11764705882352941,0.0,0,6,15,37,,51,30,29,5.8000000000000025,0.0753246753246753,5.200000000000002,0.0675324675324675,29,26,25
30,D,reachability,0.175,0.0,,,,,,,,,,,,,,,,,,,,,,,,,,,,,,,,,,,,,,,,,,,,,
31,D,all_agents,,,40,30,10,0,26,4,0.30211748640160696,0.2183252884721416,0.8025647935767872,0.03676278652476553,146,29,0.725,0,0.0,0.0,31.325,1083,,,,,,,,,,,,,,,,,,,,,,,,,,,
31,D,participants_only,,,30,30,0,0,26,4,0.3406431360152968,0.23718712777055845,0.8025647935767872,0.041694544318444056,146,29,0.9666666666666667,0,0.0,0.0,25.1,1083,,,,,,,,,,,,,,,,,,,,,,,,,,,
31,D,nonparticipants_only,,,10,0,10,0,0,0,0.1865405375605374,0.16873883750979826,0.4436594912984855,0.004156805005848358,0,0,0.0,0,0.0,0.0,50.0,0,,,,,,,,,,,,,,,,,,,,,,,,,,,
31,D,step_totals,,,,,,,,,,,,,,,,,,,,,84.30000000000008,,,56.0,0.6642941874258593,17.5,0.20759193357058106,0.0,0.0,0.01231729709877827,0.07142857142857142,0.0,0,4,16,18,,56,35,37,5.8000000000000025,0.0688018979833926,5.000000000000002,0.059311981020166035,29,25,45
32,D,all_agents,,,40,30,10,0,26,4,0.3053097136901466,0.22036741813770308,0.8104622018337158,0.03804674033284619,151,29,0.725,0,0.0,0.0,31.45,1127,,,,,,,,,,,,,,,,,,,,,,,,,,,
32,D,participants_only,,,30,30,0,0,26,4,0.34469738845694753,0.23998358447562423,0.8104622018337158,0.04318177962250892,151,29,0.9666666666666667,0,0.0,0.0,25.266666666666666,1127,,,,,,,,,,,,,,,,,,,,,,,,,,,
32,D,nonparticipants_only,,,10,0,10,0,0,0,0.18714668938974394,0.1709233751263025,0.44144119384199304,0.004024955381434593,0,0,0.0,0,0.0,0.0,50.0,0,,,,,,,,,,,,,,,,,,,,,,,,,,,
32,D,step_totals,,,,,,,,,,,,,,,,,,,,,77.00000000000009,,,51.0,0.6623376623376616,15.0,0.1948051948051946,0.0,0.0,0.01235451969265894,0.09803921568627451,0.0,0,5,15,37,,51,30,29,5.8000000000000025,0.07532467532467528,5.200000000000002,0.06753246753246749,29,26,25
33,D,all_agents,,,40,30,10,0,26,4,0.30856115879569046,0.2221267158059404,0.8180437137603671,0.039146918441937004,153,29,0.725,0,0.0,0.0,31.325,1168,,,,,,,,,,,,,,,,,,,,,,,,,,,
33,D,participants_only,,,30,30,0,0,26,4,0.3488321301896164,0.23878366655324612,0.8180437137603671,0.04440942633713286,153,29,0.9666666666666667,0,0.0,0.0,25.1,1168,,,,,,,,,,,,,,,,,,,,,,,,,,,
33,D,nonparticipants_only,,,10,0,10,0,0,0,0.18774824461391254,0.172489831065962,0.43923398787278306,0.0038983811122246174,0,0,0.0,0,0.0,0.0,50.0,0,,,,,,,,,,,,,,,,,,,,,,,,,,,
33,D,step_totals,,,,,,,,,,,,,,,,,,,,,83.80000000000008,,,56.0,0.6682577565632452,17.0,0.20286396181384228,0.0,0.0,0.011469779951432238,0.03571428571428571,0.0,0,2,16,18,,56,34,36,5.8000000000000025,0.06921241050119328,5.000000000000002,0.05966587112171834,29,25,44
34,D,all_agents,,,40,30,10,0,25,5,0.3113305872204421,0.22178087834912574,0.8253219652099524,0.04047342510105074,155,29,0.725,0,0.0,0.0,31.45,1211,,,,,,,,,,,,,,,,,,,,,,,,,,,
34,D,participants_only,,,30,30,0,0,25,5,0.35232553714404025,0.2390682055641837,0.8253219652099524,0.045983827748012414,155,29,0.9666666666666667,0,0.0,0.0,25.266666666666666,1211,,,,,,,,,,,,,,,,,,,,,,,,,,,
34,D,nonparticipants_only,,,10,0,10,0,0,0,0.18834573744964775,0.17310455901134372,0.43703781793341917,0.00377518612930591,0,0,0.0,0,0.0,0.0,50.0,0,,,,,,,,,,,,,,,,,,,,,,,,,,,
34,D,step_totals,,,,,,,,,,,,,,,,,,,,,75.80000000000007,,,51.0,0.6728232189973609,14.0,0.18469656992084416,0.0,0.0,0.011262401878267991,0.0392156862745098,0.0,0,2,16,37,,51,28,29,5.8000000000000025,0.07651715039577833,5.000000000000002,0.06596306068601579,29,25,25
35,D,all_agents,,,40,30,10,0,25,5,0.31465682846507276,0.22371293400440428,0.8323090866015543,0.04157609941667185,159,29,0.725,0,0.0,0.0,31.325,1255,,,,,,,,,,,,,,,,,,,,,,,,,,,
35,D,participants_only,,,30,30,0,0,25,5,0.3565627405437877,0.24066948038976238,0.8323090866015543,0.04719183106936292,159,29,0.9666666666666667,0,0.0,0.0,25.1,1255,,,,,,,,,,,,,,,,,,,,,,,,,,,
35,D,nonparticipants_only,,,10,0,10,0,0,0,0.18893909222892774,0.17448331037493375,0.4348526288437521,0.003655638852810729,0,0,0.0,0,0.0,0.0,50.0,0,,,,,,,,,,,,,,,,,,,,,,,,,,,
35,D,step_totals,,,,,,,,,,,,,,,,,,,,,83.60000000000008,,,56.0,0.6698564593301429,17.0,0.20334928229665053,0.0,0.0,0.011734168962210996,0.07142857142857142,0.0,0,4,17,18,,56,34,35,5.8000000000000025,0.06937799043062197,4.800000000000002,0.0574162679425837,29,24,43
36,D,all_agents,,,40,30,10,0,25,5,0.3174613106647684,0.2240708305668272,0.8390167231374922,0.04283797550193606,165,29,0.725,0,0.0,0.0,31.45,1300,,,,,,,,,,,,,,,,,,,,,,,,,,,
36,D,participants_only,,,30,30,0,0,25,5,0.3601056020154116,0.2423017796289956,0.8390167231374922,0.04866336444194038,165,29,0.9666666666666667,0,0.0,0.0,25.266666666666666,1300,,,,,,,,,,,,,,,,,,,,,,,,,,,
36,D,nonparticipants_only,,,10,0,10,0,0,0,0.18952843661283883,0.17666359916324936,0.43267836569953333,0.003539381664340595,0,0,0.0,0,0.0,0.0,50.0,0,,,,,,,,,,,,,,,,,,,,,,,,,,,
36,D,step_totals,,,,,,,,,,,,,,,,,,,,,76.00000000000006,,,51.0,0.6710526315789469,14.0,0.18421052631578932,0.0,0.0,0.011377676647173363,0.11764705882352941,0.0,0,6,15,38,,51,28,29,5.8000000000000025,0.07631578947368418,5.200000000000002,0.06842105263157892,29,26,26
37,D,all_agents,,,40,30,10,0,24,6,0.32013614956629244,0.2257928029422114,0.8454560542119925,0.043814813120194515,168,29,0.725,0,0.0,0.0,31.325,1337,,,,,,,,,,,,,,,,,,,,,,,,,,,
37,D,participants_only,,,30,30,0,0,24,6,0.36347706091893167,0.24641896801062865,0.8454560542119925,0.049763455797216506,168,29,0.9666666666666667,0,0.0,0.0,25.1,1337,,,,,,,,,,,,,,,,,,,,,,,,,,,
37,D,nonparticipants_only,,,10,0,10,0,0,0,0.19011341550837488,0.17816636978831285,0.43051497387103566,0.003427669926600612,0,0,0.0,0,0.0,0.0,50.0,0,,,,,,,,,,,,,,,,,,,,,,,,,,,
37,D,step_totals,,,,,,,,,,,,,,,,,,,,,82.90000000000008,,,56.0,0.6755126658624843,16.5,0.19903498190591054,0.0,0.0,0.009982756937501008,0.05357142857142857,0.0,0,3,18,17,,56,33,34,5.8000000000000025,0.06996381182147161,4.600000000000001,0.05548854041013265,29,23,43
38,D,all_agents,,,40,30,10,0,24,6,0.3227425389604711,0.22466383892750036,0.8516378120435129,0.04502498648314185,174,30,0.75,0,0.0,0.0,31.45,1381,,,,,,,,,,,,,,,,,,,,,,,,,,,
38,D,participants_only,,,30,30,0,0,24,6,0.36675861228332346,0.24773094709410493,0.8516378120435129,0.05117711679624847,174,30,1.0,0,0.0,0.0,25.266666666666666,1381,,,,,,,,,,,,,,,,,,,,,,,,,,,
38,D,nonparticipants_only,,,10,0,10,0,0,0,0.19069431899191433,0.17876586731172922,0.4283623990016805,0.003319619014669473,0,0,0.0,0,0.0,0.0,50.0,0,,,,,,,,,,,,,,,,,,,,,,,,,,,
38,D,step_totals,,,,,,,,,,,,,,,,,,,,,75.80000000000007,,,51.0,0.6728232189973609,14.0,0.18469656992084416,0.0,0.0,0.010804564125967754,0.11764705882352941,0.0,0,6,16,38,,51,28,29,5.8000000000000025,0.07651715039577833,5.000000000000002,0.06596306068601579,29,25,26
39,D,all_agents,,,40,30,10,0,24,6,0.3258120843785081,0.22679764477779368,0.8575722995617724,0.04601015483411981,185,30,0.75,0,0.0,0.0,31.325,1425,,,,,,,,,,,,,,,,,,,,,,,,,,,
39,D,participants_only,,,30,30,0,0,24,6,0.3706589577607049,0.251791550242503,0.8575722995617724,0.052230557947903905,185,30,1.0,0,0.0,0.0,25.1,1425,,,,,,,,,,,,,,,,,,,,,,,,,,,
39,D,nonparticipants_only,,,10,0,10,0,0,0,0.19127146423191776,0.18008545890560232,0.4262205870066721,0.003214040866862036,0,0,0.0,0,0.0,0.0,50.0,0,,,,,,,,,,,,,,,,,,,,,,,,,,,
39,D,step_totals,,,,,,,,,,,,,,,,,,,,,83.1000000000001,,,56.0,0.6738868832731642,16.5,0.19855595667870013,0.0,0.0,0.01112315758020497,0.19642857142857142,0.0,0,11,17,17,,56,33,34,6.000000000000003,0.0722021660649819,4.600000000000001,0.05535499398315278,30,23,43
40,D,all_agents,,,40,30,10,0,24,6,0.32822745940708475,0.2266408546390832,0.8604777802171303,0.04719863695977706,192,30,0.75,0,0.0,0.0,31.45,1469,,,,,,,,,,,,,,,,,,,,,,,,,,,
40,D,participants_only,,,30,30,0,0,24,6,0.3736882983885451,0.25303260910982234,0.8604777802171303,0.05362788566735412,192,30,1.0,0,0.0,0.0,25.266666666666666,1469,,,,,,,,,,,,,,,,,,,,,,,,,,,
40,D,nonparticipants_only,,,10,0,10,0,0,0,0.19184494246270362,0.18128659602853947,0.4240894840716387,0.003110636266266684,0,0,0.0,0,0.0,0.0,50.0,0,,,,,,,,,,,,,,,,,,,,,,,,,,,
40,D,step_totals,,,,,,,,,,,,,,,,,,,,,74.60000000000008,,,51.0,0.6836461126005354,13.0,0.1742627345844502,0.0,0.0,0.01043252890300868,0.13725490196078433,0.0,0,7,17,38,,51,26,28,6.000000000000003,0.08042895442359245,4.600000000000001,0.06166219839142086,30,23,25
40,D,reachability,0.2,0.0,,,,,,,,,,,,,,,,,,,,,,,,,,,,,,,,,,,,,,,,,,,,,
41,D,all_agents,,,40,30,10,0,24,6,0.3309340377885753,0.2291859895955256,0.8660586690084451,0.048192562528813356,195,30,0.75,0,0.0,0.0,31.325,1511,,,,,,,,,,,,,,,,,,,,,,,,,,,
41,D,participants_only,,,30,30,0,0,24,6,0.3771074447156094,0.254118148959519,0.8660586690084451,0.05472452112037525,195,30,1.0,0,0.0,0.0,25.1,1511,,,,,,,,,,,,,,,,,,,,,,,,,,,
41,D,nonparticipants_only,,,10,0,10,0,0,0,0.19241381700747295,0.1830794715737757,0.4219690366512805,0.0030128846671338906,0,0,0.0,0,0.0,0.0,50.0,0,,,,,,,,,,,,,,,,,,,,,,,,,,,
41,D,step_totals,,,,,,,,,,,,,,,,,,,,,82.80000000000008,,,56.0,0.6763285024154583,16.0,0.19323671497584521,0.0,0.0,0.010143813540078041,0.05357142857142857,0.0,0,3,16,17,,56,32,32,6.000000000000003,0.07246376811594199,4.800000000000002,0.05797101449275358,30,24,42
42,D,all_agents,,,40,30,10,0,24,6,0.3332747807541799,0.22866193940037,0.8714163222481073,0.049376809663667566,204,30,0.75,0,0.0,0.0,31.45,1557,,,,,,,,,,,,,,,,,,,,,,,,,,,
42,D,participants_only,,,30,30,0,0,24,6,0.38004008397800476,0.2557466593953663,0.8714163222481073,0.05611510889943702,204,30,1.0,0,0.0,0.0,25.266666666666666,1557,,,,,,,,,,,,,,,,,,,,,,,,,,,
42,D,nonparticipants_only,,,10,0,10,0,0,0,0.192978871082705,0.18321773624306703,0.4198591914680241,0.002917988928963668,0,0,0.0,0,0.0,0.0,50.0,0,,,,,,,,,,,,,,,,,,,,,,,,,,,
42,D,step_totals,,,,,,,,,,,,,,,,,,,,,73.90000000000008,,,51.0,0.6901217861975636,12.5,0.1691474966170499,0.0,0.0,0.01033222650801111,0.17647058823529413,0.0,0,9,18,37,,51,25,27,6.000000000000003,0.08119079837618398,4.400000000000001,0.05953991880920158,30,22,25
43,D,all_agents,,,40,30,10,0,24,6,0.3359635198803021,0.2290039953804548,0.876559669358183,0.050376289286012885,210,30,0.75,0,0.0,0.0,31.325,1602,,,,,,,,,,,,,,,,,,,,,,,,,,,
43,D,participants_only,,,30,30,0,0,24,6,0.3834380347711715,0.2594628268248602,0.876559669358183,0.05721090012180283,210,30,1.0,0,0.0,0.0,25.1,1602,,,,,,,,,,,,,,,,,,,,,,,,,,,
43,D,nonparticipants_only,,,10,0,10,0,0,0,0.19353997520769406,0.18415019724427903,0.417759895510684,0.002826502009162536,0,0,0.0,0,0.0,0.0,50.0,0,,,,,,,,,,,,,,,,,,,,,,,,,,,
43,D,step_totals,,,,,,,,,,,,,,,,,,,,,81.1000000000001,,,56.0,0.6905055487053013,14.5,0.1787916152897655,0.0,0.0,0.010370298008918687,0.10714285714285714,0.0,0,6,17,15,,56,29,31,6.000000000000003,0.07398273736128232,4.600000000000001,0.05672009864364977,30,23,42
44,D,all_agents,,,40,30,10,0,24,6,0.33801470768380476,0.2286622816234648,0.8814972825838556,0.05143828611559084,217,30,0.75,0,0.0,0.0,31.45,1644,,,,,,,,,,,,,,,,,,,,,,,,,,,
44,D,participants_only,,,30,30,0,0,24,6,0.3859870055665738,0.2614929383510134,0.8814972825838556,0.05846703530031369,217,30,1.0,0,0.0,0.0,25.266666666666666,1644,,,,,,,,,,,,,,,,,,,,,,,,,,,
44,D,nonparticipants_only,,,10,0,10,0,0,0,0.1940978140354977,0.18558586022059853,0.41567109603313057,0.002735942191584781,0,0,0.0,0,0.0,0.0,50.0,0,,,,,,,,,,,,,,,,,,,,,,,,,,,
44,D,step_totals,,,,,,,,,,,,,,,,,,,,,73.90000000000008,,,51.0,0.6901217861975636,12.5,0.1691474966170499,0.0,0.0,0.009421114987268983,0.13725490196078433,0.0,0,7,18,37,,51,25,27,6.000000000000003,0.08119079837618398,4.400000000000001,0.05953991880920158,30,22,25
45,D,all_agents,,,40,30,10,0,24,6,0.3404121147353107,0.23027680718523771,0.8862373912805014,0.05234151611659923,223,30,0.75,0,0.0,0.0,31.325,1686,,,,,,,,,,,,,,,,,,,,,,,,,,,
45,D,participants_only,,,30,30,0,0,24,6,0.3889989741605338,0.263577572917268,0.8862373912805014,0.05946282536236209,223,30,1.0,0,0.0,0.0,25.1,1686,,,,,,,,,,,,,,,,,,,,,,,,,,,
45,D,nonparticipants_only,,,10,0,10,0,0,0,0.19465153645964145,0.1880268910182715,0.4135927405529649,0.0026493934736339596,0,0,0.0,0,0.0,0.0,50.0,0,,,,,,,,,,,,,,,,,,,,,,,,,,,
45,D,step_totals,,,,,,,,,,,,,,,,,,,,,81.10000000000008,,,56.0,0.6905055487053015,14.5,0.17879161528976556,0.0,0.0,0.009527249304789636,0.10714285714285714,0.0,0,6,17,15,,56,29,32,6.000000000000003,0.07398273736128233,4.600000000000001,0.056720098643649776,30,23,42
46,D,all_agents,,,40,30,10,0,24,6,0.3423944903969676,0.23133647696337722,0.8907878956292813,0.053393484602760014,228,30,0.75,0,0.0,0.0,31.45,1730,,,,,,,,,,,,,,,,,,,,,,,,,,,
46,D,participants_only,,,30,30,0,0,24,6,0.39145896976479627,0.26373936321727853,0.8907878956292813,0.060706239288476564,228,30,1.0,0,0.0,0.0,25.266666666666666,1730,,,,,,,,,,,,,,,,,,,,,,,,,,,
46,D,nonparticipants_only,,,10,0,10,0,0,0,0.19520105229348148,0.18835797434186008,0.41152477685020006,0.002567342917977314,0,0,0.0,0,0.0,0.0,50.0,0,,,,,,,,,,,,,,,,,,,,,,,,,,,
46,D,step_totals,,,,,,,,,,,,,,,,,,,,,73.90000000000008,,,51.0,0.6901217861975636,12.5,0.1691474966170499,0.0,0.0,0.009221602131175658,0.09803921568627451,0.0,0,5,18,37,,51,25,27,6.000000000000003,0.08119079837618398,4.400000000000001,0.05953991880920158,30,22,24
47,D,all_agents,,,40,30,10,0,24,6,0.34466831099704576,0.23214695540513733,0.89515637980411,0.05418157927287337,235,30,0.75,0,0.0,0.0,31.325,1771,,,,,,,,,,,,,,,,,,,,,,,,,,,
47,D,participants_only,,,30,30,0,0,24,6,0.39430864641192503,0.26601800463926595,0.89515637980411,0.06155667389561087,235,30,1.0,0,0.0,0.0,25.1,1771,,,,,,,,,,,,,,,,,,,,,,,,,,,
47,D,nonparticipants_only,,,10,0,10,0,0,0,0.19574730475240806,0.18872281165558435,0.40946715296594904,0.002486340603440294,0,0,0.0,0,0.0,0.0,50.0,0,,,,,,,,,,,,,,,,,,,,,,,,,,,
47,D,step_totals,,,,,,,,,,,,,,,,,,,,,81.10000000000008,,,56.0,0.6905055487053015,14.5,0.17879161528976556,0.0,0.0,0.009180009105153032,0.125,0.0,0,7,17,15,,56,29,31,6.000000000000003,0.07398273736128233,4.600000000000001,0.056720098643649776,30,23,42
48,D,all_agents,,,40,30,10,0,23,7,0.346557694291645,0.23119881034323836,0.8993501246119456,0.055177431672167786,238,30,0.75,0,0.0,0.0,31.45,1814,,,,,,,,,,,,,,,,,,,,,,,,,,,
48,D,participants_only,,,30,30,0,0,23,7,0.3966470010475798,0.2646879146160696,0.8993501246119456,0.0627313581169462,238,30,1.0,0,0.0,0.0,25.266666666666666,1814,,,,,,,,,,,,,,,,,,,,,,,,,,,
48,D,nonparticipants_only,,,10,0,10,0,0,0,0.19628977402384054,0.1891704353933193,0.4074198172011193,0.002408388522350894,0,0,0.0,0,0.0,0.0,50.0,0,,,,,,,,,,,,,,,,,,,,,,,,,,,
48,D,step_totals,,,,,,,,,,,,,,,,,,,,,73.90000000000006,,,51.0,0.6901217861975637,12.5,0.16914749661704992,0.0,0.0,0.008943540346662279,0.058823529411764705,0.0,0,3,18,37,,51,25,27,6.000000000000003,0.081190798376184,4.400000000000001,0.05953991880920159,30,22,24
49,D,all_agents,,,40,30,10,0,23,7,0.348581609365434,0.2309800355450629,0.9033761196274678,0.05590908288768869,240,30,0.75,0,0.0,0.0,31.325,1853,,,,,,,,,,,,,,,,,,,,,,,,,,,
49,D,participants_only,,,30,30,0,0,23,7,0.3991659048347386,0.26894161509373704,0.9033761196274678,0.06353286486868337,240,30,1.0,0,0.0,0.0,25.1,1853,,,,,,,,,,,,,,,,,,,,,,,,,,,
49,D,nonparticipants_only,,,10,0,10,0,0,0,0.19682872295752005,0.18970588879477063,0.4053827181151137,0.002332485567193678,0,0,0.0,0,0.0,0.0,50.0,0,,,,,,,,,,,,,,,,,,,,,,,,,,,
49,D,step_totals,,,,,,,,,,,,,,,,,,,,,80.90000000000008,,,56.0,0.6922126081582194,14.5,0.17923362175525323,0.0,0.0,0.00847999236819991,0.03571428571428571,0.0,0,2,18,15,,56,29,31,6.000000000000003,0.07416563658838068,4.400000000000001,0.05438813349814582,30,22,41
50,D,all_agents,,,40,30,10,0,23,7,0.350341730450779,0.22982513536733762,0.907241074842369,0.05688202831115793,246,30,0.75,0,0.0,0.0,31.45,1896,,,,,,,,,,,,,,,,,,,,,,,,,,,
50,D,participants_only,,,30,30,0,0,23,7,0.4013343520953666,0.2675969070182684,0.907241074842369,0.06468845700045302,246,30,1.0,0,0.0,0.0,25.266666666666666,1896,,,,,,,,,,,,,,,,,,,,,,,,,,,
50,D,nonparticipants_only,,,10,0,10,0,0,0,0.19736386551701618,0.19114409109332298,0.4033558045245382,0.002259772697015865,0,0,0.0,0,0.0,0.0,50.0,0,,,,,,,,,,,,,,,,,,,,,,,,,,,
50,D,step_totals,,,,,,,,,,,,,,,,,,,,,73.40000000000008,,,51.0,0.694822888283378,12.0,0.16348773841961836,0.0,0.0,0.008618002565289693,0.11764705882352941,0.0,0,6,18,37,,51,24,27,6.000000000000003,0.08174386920980921,4.400000000000001,0.059945504087193416,30,22,24
50,D,reachability,0.2,0.0,,,,,,,,,,,,,,,,,,,,,,,,,,,,,,,,,,,,,,,,,,,,,
51,D,all_agents,,,40,30,10,0,23,7,0.3526068160791398,0.2297746618325933,0.9109514318486743,0.057680363135792036,250,30,0.75,0,0.0,0.0,31.325,1941,,,,,,,,,,,,,,,,,,,,,,,,,,,
51,D,participants_only,,,30,30,0,0,23,7,0.40417733969216857,0.2706730259762339,0.9109514318486743,0.06553901852375611,250,30,1.0,0,0.0,0.0,25.1,1941,,,,,,,,,,,,,,,,,,,,,,,,,,,
51,D,nonparticipants_only,,,10,0,10,0,0,0,0.1978952452400535,0.1926730347450116,0.40133902550191547,0.0021901701032363374,0,0,0.0,0,0.0,0.0,50.0,0,,,,,,,,,,,,,,,,,,,,,,,,,,,
51,D,step_totals,,,,,,,,,,,,,,,,,,,,,80.40000000000009,,,56.0,0.6965174129353225,14.0,0.17412935323383064,0.0,0.0,0.009280189587696915,0.07142857142857142,0.0,0,4,18,14,,56,28,30,6.000000000000003,0.07462686567164174,4.400000000000001,0.05472636815920393,30,22,41
52,D,all_agents,,,40,30,10,0,23,7,0.35428160069006814,0.2287853259799251,0.9145133745747274,0.05861947382194845,258,30,0.75,0,0.0,0.0,31.45,1985,,,,,,,,,,,,,,,,,,,,,,,,,,,
52,D,participants_only,,,30,30,0,0,23,7,0.4062343315641224,0.2693196608463527,0.9145133745747274,0.06665571889906627,258,30,1.0,0,0.0,0.0,25.266666666666666,1985,,,,,,,,,,,,,,,,,,,,,,,,,,,
52,D,nonparticipants_only,,,10,0,10,0,0,0,0.19842340806790537,0.19247756497200483,0.3993323303744059,0.002121703647332089,0,0,0.0,0,0.0,0.0,50.0,0,,,,,,,,,,,,,,,,,,,,,,,,,,,
52,D,step_totals,,,,,,,,,,,,,,,,,,,,,73.40000000000006,,,51.0,0.6948228882833781,12.0,0.1634877384196184,0.0,0.0,0.008364049159881324,0.1568627450980392,0.0,0,8,18,37,,51,24,27,6.000000000000003,0.08174386920980924,4.400000000000001,0.05994550408719343,30,22,24
53,D,all_agents,,,40,30,10,0,22,8,0.3562920335475244,0.23055387368164182,0.9179328395917383,0.059389801939557105,263,30,0.75,0,0.0,0.0,31.325,2028,,,,,,,,,,,,,,,,,,,,,,,,,,,
53,D,participants_only,,,30,30,0,0,22,8,0.4087401096853788,0.2753536872577228,0.9179328395917383,0.06749772869244493,263,30,1.0,0,0.0,0.0,25.1,2028,,,,,,,,,,,,,,,,,,,,,,,,,,,
53,D,nonparticipants_only,,,10,0,10,0,0,0,0.19894780513396126,0.1933814592667759,0.3973356687225339,0.0020564133941475852,0,0,0.0,0,0.0,0.0,50.0,0,,,,,,,,,,,,,,,,,,,,,,,,,,,
53,D,step_totals,,,,,,,,,,,,,,,,,,,,,80.10000000000008,,,56.0,0.6991260923845186,13.5,0.16853932584269646,0.0,0.0,0.008581612125737258,0.08928571428571429,0.0,0,5,17,14,,56,27,30,6.000000000000003,0.07490636704119846,4.600000000000001,0.05742821473158548,30,23,41
54,D,all_agents,,,40,30,10,0,22,8,0.3579388869827801,0.23198142908694824,0.9212155260080688,0.06022936220504099,269,30,0.75,0,0.0,0.0,31.45,2069,,,,,,,,,,,,,,,,,,,,,,,,,,,
54,D,participants_only,,,30,30,0,0,22,8,0.41076223172356885,0.2739769188214342,0.9212155260080688,0.06848031350095347,269,30,1.0,0,0.0,0.0,25.266666666666666,2069,,,,,,,,,,,,,,,,,,,,,,,,,,,
54,D,nonparticipants_only,,,10,0,10,0,0,0,0.19946885276041376,0.19349050198202883,0.39534899037892124,0.0019928393220529543,0,0,0.0,0,0.0,0.0,50.0,0,,,,,,,,,,,,,,,,,,,,,,,,,,,
54,D,step_totals,,,,,,,,,,,,,,,,,,,,,73.40000000000008,,,51.0,0.694822888283378,12.0,0.16348773841961836,0.0,0.0,0.008295472377378382,0.11764705882352941,0.0,0,6,18,37,,51,24,27,6.000000000000003,0.08174386920980921,4.400000000000001,0.059945504087193416,30,22,24
55,D,all_agents,,,40,30,10,0,21,9,0.3599051193606245,0.23167897998629192,0.924366904967746,0.06102280608415279,274,30,0.75,0,0.0,0.0,31.325,2114,,,,,,,,,,,,,,,,,,,,,,,,,,,
55,D,participants_only,,,30,30,0,0,21,9,0.4132113301082322,0.2753319835834004,0.924366904967746,0.06935377284971175,274,30,1.0,0,0.0,0.0,25.1,2114,,,,,,,,,,,,,,,,,,,,,,,,,,,
55,D,nonparticipants_only,,,10,0,10,0,0,0,0.1999864871178014,0.19383644730422067,0.39337224542702665,0.0019312805362555017,0,0,0.0,0,0.0,0.0,50.0,0,,,,,,,,,,,,,,,,,,,,,,,,,,,
55,D,step_totals,,,,,,,,,,,,,,,,,,,,,78.90000000000008,,,56.0,0.7097591888466406,12.5,0.1584283903675537,0.0,0.0,0.008628614831335958,0.08928571428571429,0.0,0,5,18,14,,56,25,29,6.000000000000003,0.07604562737642581,4.400000000000001,0.05576679340937892,30,22,40
56,D,all_agents,,,40,30,10,0,21,9,0.3614161621321336,0.2311240022491525,0.9273922287690362,0.06188053904255445,278,30,0.75,0,0.0,0.0,31.45,2158,,,,,,,,,,,,,,,,,,,,,,,,,,,
56,D,participants_only,,,30,30,0,0,21,9,0.41505474367786654,0.27395532366548336,0.9273922287690362,0.07037471581186883,278,30,1.0,0,0.0,0.0,25.266666666666666,2158,,,,,,,,,,,,,,,,,,,,,,,,,,,
56,D,nonparticipants_only,,,10,0,10,0,0,0,0.20050041749493472,0.19608096285629728,0.3914053841998915,0.001872839571752388,0,0,0.0,0,0.0,0.0,50.0,0,,,,,,,,,,,,,,,,,,,,,,,,,,,
56,D,step_totals,,,,,,,,,,,,,,,,,,,,,73.40000000000008,,,51.0,0.694822888283378,12.0,0.16348773841961836,0.0,0.0,0.00787388180613662,0.0784313725490196,0.0,0,4,18,37,,51,24,27,6.000000000000003,0.08174386920980921,4.400000000000001,0.059945504087193416,30,22,24
57,D,all_agents,,,40,30,10,0,20,10,0.3635675554620674,0.2306572089261062,0.9302965396182747,0.06266236270156475,287,30,0.75,0,0.0,0.0,31.325,2207,,,,,,,,,,,,,,,,,,,,,,,,,,,
57,D,participants_only,,,30,30,0,0,20,10,0.417753047156461,0.27439346739317094,0.9302965396182747,0.07120023791938004,287,30,1.0,0,0.0,0.0,25.1,2207,,,,,,,,,,,,,,,,,,,,,,,,,,,
57,D,nonparticipants_only,,,10,0,10,0,0,0,0.20101108037888685,0.19587584427632745,0.38944835727889204,0.0018159269261605567,0,0,0.0,0,0.0,0.0,50.0,0,,,,,,,,,,,,,,,,,,,,,,,,,,,
57,D,step_totals,,,,,,,,,,,,,,,,,,,,,78.90000000000008,,,56.0,0.7097591888466406,12.5,0.1584283903675537,0.0,0.0,0.009206860711117435,0.16071428571428573,0.0,0,9,18,14,,56,25,29,6.000000000000003,0.07604562737642581,4.400000000000001,0.05576679340937892,30,22,40
58,D,all_agents,,,40,30,10,0,20,10,0.3649764547824663,0.22950392288147567,0.9330846780335438,0.06349239020804255,292,30,0.75,0,0.0,0.0,31.45,2251,,,,,,,,,,,,,,,,,,,,,,,,,,,
58,D,participants_only,,,30,30,0,0,20,10,0.4194625152224631,0.27404535477591957,0.9330846780335438,0.0721944715461514,292,30,1.0,0,0.0,0.0,25.266666666666666,2251,,,,,,,,,,,,,,,,,,,,,,,,,,,
58,D,nonparticipants_only,,,10,0,10,0,0,0,0.20151827346247606,0.19568711894045354,0.3875011154924976,0.0017613768064642515,0,0,0.0,0,0.0,0.0,50.0,0,,,,,,,,,,,,,,,,,,,,,,,,,,,
58,D,step_totals,,,,,,,,,,,,,,,,,,,,,72.20000000000007,,,51.0,0.7063711911357333,11.0,0.15235457063711896,0.0,0.0,0.007724897205266512,0.09803921568627451,0.0,0,5,19,36,,51,22,26,6.000000000000003,0.0831024930747922,4.200000000000001,0.05817174515235453,30,21,24
59,D,all_agents,,,40,30,10,0,20,10,0.3669165270884303,0.2286813246596151,0.9357612909122021,0.06427222300132722,297,30,0.75,0,0.0,0.0,31.325,2299,,,,,,,,,,,,,,,,,,,,,,,,,,,
59,D,participants_only,,,30,30,0,0,20,10,0.42188129107863404,0.2741575391434682,0.9357612909122021,0.07304232361156758,297,30,1.0,0,0.0,0.0,25.1,2299,,,,,,,,,,,,,,,,,,,,,,,,,,,
59,D,nonparticipants_only,,,10,0,10,0,0,0,0.20202223511781894,0.19655982550654372,0.38556360991503513,0.0017084178046204977,0,0,0.0,0,0.0,0.0,50.0,0,,,,,,,,,,,,,,,,,,,,,,,,,,,
59,D,step_totals,,,,,,,,,,,,,,,,,,,,,78.70000000000007,,,56.0,0.7115628970775089,12.5,0.15883100381194395,0.0,0.0,0.00860043797383142,0.08928571428571429,0.0,0,5,19,14,,56,25,29,6.000000000000003,0.07623888182973312,4.200000000000001,0.05336721728081318,30,21,40
60,D,all_agents,,,40,30,10,0,20,10,0.36817021236862985,0.227537918036317,0.9383308392757139,0.06505479922002178,309,30,0.75,0,0.0,0.0,31.45,2343,,,,,,,,,,,,,,,,,,,,,,,,,,,
60,D,participants_only,,,30,30,0,0,20,10,0.4233859495913944,0.27462856410969416,0.9383308392757139,0.07399231587842539,309,30,1.0,0,0.0,0.0,25.266666666666666,2343,,,,,,,,,,,,,,,,,,,,,,,,,,,
60,D,nonparticipants_only,,,10,0,10,0,0,0,0.20252300070033621,0.1968642395527525,0.38363579186545993,0.0016569176001702652,0,0,0.0,0,0.0,0.0,50.0,0,,,,,,,,,,,,,,,,,,,,,,,,,,,
60,D,step_totals,,,,,,,,,,,,,,,,,,,,,72.20000000000007,,,51.0,0.7063711911357333,11.0,0.15235457063711896,0.0,0.0,0.007231726208565049,0.23529411764705882,0.0,0,12,19,36,,51,22,26,6.000000000000003,0.0831024930747922,4.200000000000001,0.05817174515235453,30,21,24
60,D,reachability,0.2,0.0,,,,,,,,,,,,,,,,,,,,,,,,,,,,,,,,,,,,,,,,,,,,,
61,D,all_agents,,,40,30,10,0,19,11,0.3702235651540399,0.22857240352767644,0.9407976057046854,0.06582858965139088,314,30,0.75,0,0.0,0.0,31.325,2394,,,,,,,,,,,,,,,,,,,,,,,,,,,
61,D,participants_only,,,30,30,0,0,19,11,0.4259580825483559,0.27448848612179094,0.9407976057046854,0.0748098004263268,314,30,1.0,0,0.0,0.0,25.1,2394,,,,,,,,,,,,,,,,,,,,,,,,,,,
61,D,nonparticipants_only,,,10,0,10,0,0,0,0.20302001297109198,0.1979114673768516,0.38171761290613265,0.0016089201764554156,0,0,0.0,0,0.0,0.0,50.0,0,,,,,,,,,,,,,,,,,,,,,,,,,,,
61,D,step_totals,,,,,,,,,,,,,,,,,,,,,78.00000000000007,,,56.0,0.7179487179487173,12.0,0.15384615384615372,0.0,0.0,0.009049849814273295,0.08928571428571429,0.0,0,5,19,14,,56,24,28,6.000000000000003,0.07692307692307689,4.000000000000001,0.051282051282051246,30,20,39
62,D,all_agents,,,40,30,10,0,19,11,0.3715392757484494,0.22941983542617753,0.943165701476498,0.06659169467640806,321,30,0.75,0,0.0,0.0,31.45,2440,,,,,,,,,,,,,,,,,,,,,,,,,,,
62,D,participants_only,,,30,30,0,0,19,11,0.4275476195442162,0.2741394065156225,0.943165701476498,0.07572086513193356,321,30,1.0,0,0.0,0.0,25.266666666666666,2440,,,,,,,,,,,,,,,,,,,,,,,,,,,
62,D,nonparticipants_only,,,10,0,10,0,0,0,0.20351424436114893,0.1992110620002505,0.379809024841602,0.0015609684128938175,0,0,0.0,0,0.0,0.0,50.0,0,,,,,,,,,,,,,,,,,,,,,,,,,,,
62,D,step_totals,,,,,,,,,,,,,,,,,,,,,72.20000000000007,,,51.0,0.7063711911357333,11.0,0.15235457063711896,0.0,0.0,0.007463404732731257,0.13725490196078433,0.0,0,7,19,36,,51,22,26,6.000000000000003,0.0831024930747922,4.200000000000001,0.05817174515235453,30,21,24
63,D,all_agents,,,40,30,10,0,18,12,0.37316690806762576,0.22946343613476267,0.9454390734174382,0.06730544511465313,328,30,0.75,0,0.0,0.0,31.325,2486,,,,,,,,,,,,,,,,,,,,,,,,,,,
63,D,participants_only,,,30,30,0,0,18,12,0.4295541560323266,0.2753184686259898,0.9454390734174382,0.07651748597090108,328,30,1.0,0,0.0,0.0,25.1,2486,,,,,,,,,,,,,,,,,,,,,,,,,,,
63,D,nonparticipants_only,,,10,0,10,0,0,0,0.2040051641735233,0.19923517495884752,0.377909979717394,0.0015150617495173783,0,0,0.0,0,0.0,0.0,50.0,0,,,,,,,,,,,,,,,,,,,,,,,,,,,
63,D,step_totals,,,,,,,,,,,,,,,,,,,,,77.00000000000007,,,56.0,0.7272727272727266,11.0,0.14285714285714274,0.0,0.0,0.007886837733243899,0.125,0.0,0,7,21,13,,56,22,28,6.000000000000003,0.07792207792207788,4.000000000000001,0.05194805194805191,30,20,38
64,D,all_agents,,,40,30,10,0,18,12,0.3744201404972688,0.22947360445115397,0.9476215104807406,0.06803088714241061,333,30,0.75,0,0.0,0.0,31.45,2532,,,,,,,,,,,,,,,,,,,,,,,,,,,
64,D,participants_only,,,30,30,0,0,18,12,0.43106252687340463,0.274777915380335,0.9476215104807406,0.07738424874687137,333,30,1.0,0,0.0,0.0,25.266666666666666,2532,,,,,,,,,,,,,,,,,,,,,,,,,,,
64,D,nonparticipants_only,,,10,0,10,0,0,0,0.20449298136886127,0.19977957563680102,0.376020429818807,0.0014704831164268242,0,0,0.0,0,0.0,0.0,50.0,0,,,,,,,,,,,,,,,,,,,,,,,,,,,
64,D,step_totals,,,,,,,,,,,,,,,,,,,,,72.20000000000007,,,51.0,0.7063711911357333,11.0,0.15235457063711896,0.0,0.0,0.0072746621861724675,0.09803921568627451,0.0,0,5,19,36,,51,22,26,6.000000000000003,0.0831024930747922,4.200000000000001,0.05817174515235453,30,21,24
65,D,all_agents,,,40,30,10,0,18,12,0.3759965539668492,0.22967215682078201,0.949716650061511,0.06875223893245412,339,30,0.75,0,0.0,0.0,31.325,2579,,,,,,,,,,,,,,,,,,,,,,,,,,,
65,D,participants_only,,,30,30,0,0,18,12,0.43300299090544214,0.27612408858938575,0.949716650061511,0.07819440827090778,339,30,1.0,0,0.0,0.0,25.1,2579,,,,,,,,,,,,,,,,,,,,,,,,,,,
65,D,nonparticipants_only,,,10,0,10,0,0,0,0.20497724315107063,0.20010112093302693,0.374140327669713,0.0014289246878879454,0,0,0.0,0,0.0,0.0,50.0,0,,,,,,,,,,,,,,,,,,,,,,,,,,,
65,D,step_totals,,,,,,,,,,,,,,,,,,,,,76.50000000000007,,,56.0,0.732026143790849,10.5,0.1372549019607842,0.0,0.0,0.0078050491228600204,0.10714285714285714,0.0,0,6,21,13,,56,21,28,6.000000000000003,0.07843137254901957,4.000000000000001,0.052287581699346365,30,20,37
66,D,all_agents,,,40,30,10,0,18,12,0.3771564085111051,0.2300690287016196,0.9517279840590506,0.06946487870026509,343,30,0.75,0,0.0,0.0,31.45,2625,,,,,,,,,,,,,,,,,,,,,,,,,,,
66,D,participants_only,,,30,30,0,0,18,12,0.4343891708390087,0.27576622688774055,0.9517279840590506,0.07905421710100212,343,30,1.0,0,0.0,0.0,25.266666666666666,2625,,,,,,,,,,,,,,,,,,,,,,,,,,,
66,D,nonparticipants_only,,,10,0,10,0,0,0,0.20545812152739445,0.20196837203320825,0.37226962603136443,0.0013897944938664115,0,0,0.0,0,0.0,0.0,50.0,0,,,,,,,,,,,,,,,,,,,,,,,,,,,
66,D,step_totals,,,,,,,,,,,,,,,,,,,,,72.20000000000009,,,51.0,0.7063711911357332,11.0,0.15235457063711894,0.0,0.0,0.006982839909002098,0.0784313725490196,0.0,0,4,19,36,,51,22,27,6.000000000000003,0.08310249307479219,4.200000000000001,0.058171745152354515,30,21,24
67,D,all_agents,,,40,30,10,0,18,12,0.3784823877415536,0.2289186835581115,0.9536588646966886,0.0701482341079417,348,30,0.75,0,0.0,0.0,31.325,2670,,,,,,,,,,,,,,,,,,,,,,,,,,,
67,D,participants_only,,,30,30,0,0,18,12,0.4359976967467273,0.27669462315455995,0.9536588646966886,0.07984889923187974,348,30,1.0,0,0.0,0.0,25.1,2670,,,,,,,,,,,,,,,,,,,,,,,,,,,
67,D,nonparticipants_only,,,10,0,10,0,0,0,0.2059364607260327,0.20313017858726123,0.3704082779012076,0.0013501094966002932,0,0,0.0,0,0.0,0.0,50.0,0,,,,,,,,,,,,,,,,,,,,,,,,,,,
67,D,step_totals,,,,,,,,,,,,,,,,,,,,,75.80000000000008,,,56.0,0.7387862796833765,10.0,0.13192612137203152,0.0,0.0,0.007113894969698028,0.08928571428571429,0.0,0,5,21,13,,56,20,28,6.000000000000003,0.07915567282321895,3.800000000000001,0.05013192612137199,30,19,37
68,D,all_agents,,,40,30,10,0,18,12,0.37961918878586204,0.22804605839861705,0.9555125101088211,0.0708457120147555,354,30,0.75,0,0.0,0.0,31.45,2717,,,,,,,,,,,,,,,,,,,,,,,,,,,
68,D,participants_only,,,30,30,0,0,18,12,0.4373550187204466,0.27555299723936855,0.9555125101088211,0.0806899348968108,354,30,1.0,0,0.0,0.0,25.266666666666666,2717,,,,,,,,,,,,,,,,,,,,,,,,,,,
68,D,nonparticipants_only,,,10,0,10,0,0,0,0.20641169898210843,0.2031535765485454,0.36855623651170155,0.0013119306697663665,0,0,0.0,0,0.0,0.0,50.0,0,,,,,,,,,,,,,,,,,,,,,,,,,,,
68,D,step_totals,,,,,,,,,,,,,,,,,,,,,71.50000000000006,,,51.0,0.7132867132867127,10.5,0.14685314685314674,0.0,0.0,0.007005577280975117,0.11764705882352941,0.0,0,6,20,35,,51,21,27,6.000000000000003,0.08391608391608389,4.000000000000001,0.05594405594405591,30,20,24
69,D,all_agents,,,40,30,10,0,18,12,0.38086446731785645,0.22837962638699386,0.9572920097044683,0.07149561834769697,359,30,0.75,0,0.0,0.0,31.325,2761,,,,,,,,,,,,,,,,,,,,,,,,,,,
69,D,participants_only,,,30,30,0,0,18,12,0.4388579318998323,0.27596033877423487,0.9572920097044683,0.0814497035624399,359,30,1.0,0,0.0,0.0,25.1,2761,,,,,,,,,,,,,,,,,,,,,,,,,,,
69,D,nonparticipants_only,,,10,0,10,0,0,0,0.2068840735719288,0.2036818346606551,0.36671345532914307,0.001274459492817475,0,0,0.0,0,0.0,0.0,50.0,0,,,,,,,,,,,,,,,,,,,,,,,,,,,
69,D,step_totals,,,,,,,,,,,,,,,,,,,,,76.00000000000007,,,56.0,0.7368421052631572,10.0,0.13157894736842093,0.0,0.0,0.006852128767064927,0.08928571428571429,0.0,0,5,21,13,,56,20,28,6.000000000000003,0.0789473684210526,4.000000000000001,0.05263157894736838,30,20,36
70,D,all_agents,,,40,30,10,0,18,12,0.38190166827672106,0.22959135832046254,0.9590003293162895,0.07212110274309493,367,30,0.75,0,0.0,0.0,31.45,2805,,,,,,,,,,,,,,,,,,,,,,,,,,,
70,D,participants_only,,,30,30,0,0,18,12,0.4400845194954469,0.2745805370803637,0.9590003293162895,0.08220735558991231,367,30,1.0,0,0.0,0.0,25.266666666666666,2805,,,,,,,,,,,,,,,,,,,,,,,,,,,
70,D,nonparticipants_only,,,10,0,10,0,0,0,0.20735311462054348,0.20409309799443898,0.3648798880524973,0.0012394140913580805,0,0,0.0,0,0.0,0.0,50.0,0,,,,,,,,,,,,,,,,,,,,,,,,,,,
70,D,step_totals,,,,,,,,,,,,,,,,,,,,,71.50000000000007,,,51.0,0.7132867132867126,10.5,0.1468531468531467,0.0,0.0,0.006685028497559775,0.1568627450980392,0.0,0,8,20,33,,51,21,25,6.000000000000003,0.08391608391608386,4.000000000000001,0.0559440559440559,30,20,24
70,D,reachability,0.225,0.0,,,,,,,,,,,,,,,,,,,,,,,,,,,,,,,,,,,,,,,,,,,,,
71,D,all_agents,,,40,30,10,0,16,14,0.383322228479916,0.22946984848353016,0.960640316143638,0.07282314447069259,373,30,0.75,0,0.0,0.0,31.325,2854,,,,,,,,,,,,,,,,,,,,,,,,,,,
71,D,participants_only,,,30,30,0,0,16,14,0.4418232710505225,0.27482136717746075,0.960640316143638,0.0830060634826228,373,30,1.0,0,0.0,0.0,25.1,2854,,,,,,,,,,,,,,,,,,,,,,,,,,,
71,D,nonparticipants_only,,,10,0,10,0,0,0,0.20781910076809662,0.20578101106302732,0.36305548861223486,0.0012059236527270415,0,0,0.0,0,0.0,0.0,50.0,0,,,,,,,,,,,,,,,,,,,,,,,,,,,
71,D,step_totals,,,,,,,,,,,,,,,,,,,,,75.50000000000007,,,56.0,0.7417218543046351,9.5,0.12582781456953632,0.0,0.0,0.007480295397218756,0.10714285714285714,0.0,0,6,22,13,,56,19,27,6.000000000000003,0.07947019867549665,4.000000000000001,0.05298013245033109,30,20,35
72,D,all_agents,,,40,30,10,0,17,13,0.384412975909334,0.22881910248380194,0.9622147034978925,0.07347505949354802,378,30,0.75,0,0.0,0.0,31.45,2902,,,,,,,,,,,,,,,,,,,,,,,,,,,
72,D,participants_only,,,30,30,0,0,17,13,0.4431231598384829,0.27355111018690303,0.9622147034978925,0.0837883482073784,378,30,1.0,0,0.0,0.0,25.266666666666666,2902,,,,,,,,,,,,,,,,,,,,,,,,,,,
72,D,nonparticipants_only,,,10,0,10,0,0,0,0.20828242412188736,0.20618274836808814,0.36124021116917365,0.0011725649881229316,0,0,0.0,0,0.0,0.0,50.0,0,,,,,,,,,,,,,,,,,,,,,,,,,,,
72,D,step_totals,,,,,,,,,,,,,,,,,,,,,71.50000000000006,,,51.0,0.7132867132867127,10.5,0.14685314685314674,0.0,0.0,0.0068827774429698,0.09803921568627451,0.0,0,5,20,33,,51,21,25,6.000000000000003,0.08391608391608389,4.000000000000001,0.05594405594405591,30,20,24
73,D,all_agents,,,40,30,10,0,16,14,0.38574261103022056,0.2289676444578547,0.9637261153579768,0.0741744147411736,382,30,0.75,0,0.0,0.0,31.325,2951,,,,,,,,,,,,,,,,,,,,,,,,,,,
73,D,participants_only,,,30,30,0,0,16,14,0.4447425382767254,0.2739561221543586,0.9637261153579768,0.08459515209537649,382,30,1.0,0,0.0,0.0,25.1,2951,,,,,,,,,,,,,,,,,,,,,,,,,,,
73,D,nonparticipants_only,,,10,0,10,0,0,0,0.20874282929070623,0.2066094612244488,0.35943401011332776,0.0011403056974506394,0,0,0.0,0,0.0,0.0,50.0,0,,,,,,,,,,,,,,,,,,,,,,,,,,,
73,D,step_totals,,,,,,,,,,,,,,,,,,,,,75.30000000000007,,,56.0,0.7436918990703845,9.5,0.12616201859229736,0.0,0.0,0.007222204382540889,0.07142857142857142,0.0,0,4,22,13,,56,19,26,6.000000000000003,0.07968127490039836,3.800000000000001,0.05046480743691896,30,19,34
74,D,all_agents,,,40,30,10,0,16,14,0.38679969989151514,0.22874690100074951,0.9651770707436578,0.07477964028718626,390,30,0.75,0,0.0,0.0,31.45,2998,,,,,,,,,,,,,,,,,,,,,,,,,,,
74,D,participants_only,,,30,30,0,0,16,14,0.4459994678762357,0.2725863415435868,0.9651770707436578,0.0853181038553371,390,30,1.0,0,0.0,0.0,25.266666666666666,2998,,,,,,,,,,,,,,,,,,,,,,,,,,,
74,D,nonparticipants_only,,,10,0,10,0,0,0,0.20920039593735348,0.2064378934015103,0.35763684006276114,0.0011088992293968075,0,0,0.0,0,0.0,0.0,50.0,0,,,,,,,,,,,,,,,,,,,,,,,,,,,
74,D,step_totals,,,,,,,,,,,,,,,,,,,,,71.50000000000007,,,51.0,0.7132867132867126,10.5,0.1468531468531467,0.0,0.0,0.006786864472297892,0.1568627450980392,0.0,0,8,20,33,,51,21,25,6.000000000000003,0.08391608391608386,4.000000000000001,0.0559440559440559,30,20,24
75,D,all_agents,,,40,30,10,0,16,14,0.3879910091045314,0.2285895735376167,0.9665699879139115,0.07541433800899197,396,30,0.75,0,0.0,0.0,31.325,3046,,,,,,,,,,,,,,,,,,,,,,,,,,,
75,D,participants_only,,,30,30,0,0,16,14,0.44743639378717825,0.2721892405253672,0.9665699879139115,0.08605764649060549,396,30,1.0,0,0.0,0.0,25.1,3046,,,,,,,,,,,,,,,,,,,,,,,,,,,
75,D,nonparticipants_only,,,10,0,10,0,0,0,0.20965485505659068,0.20741747502374758,0.35584865586244735,0.0010793674433369474,0,0,0.0,0,0.0,0.0,50.0,0,,,,,,,,,,,,,,,,,,,,,,,,,,,
75,D,step_totals,,,,,,,,,,,,,,,,,,,,,75.30000000000007,,,56.0,0.7436918990703845,9.5,0.12616201859229736,0.0,0.0,0.006792755194403588,0.10714285714285714,0.0,0,6,22,13,,56,19,26,6.000000000000003,0.07968127490039836,3.800000000000001,0.05046480743691896,30,19,34
76,D,all_agents,,,40,30,10,0,16,14,0.389102795961446,0.2283474273367291,0.967907188397355,0.07604080930389588,406,30,0.75,0,0.0,0.0,31.45,3096,,,,,,,,,,,,,,,,,,,,,,,,,,,
76,D,participants_only,,,30,30,0,0,16,14,0.44876821055895355,0.2714842470453327,0.967907188397355,0.08679772173824496,406,30,1.0,0,0.0,0.0,25.266666666666666,3096,,,,,,,,,,,,,,,,,,,,,,,,,,,
76,D,nonparticipants_only,,,10,0,10,0,0,0,0.2101065521689232,0.2085701993788914,0.3540694125831351,0.0010505316117390058,0,0,0.0,0,0.0,0.0,50.0,0,,,,,,,,,,,,,,,,,,,,,,,,,,,
76,D,step_totals,,,,,,,,,,,,,,,,,,,,,71.50000000000007,,,51.0,0.7132867132867126,10.5,0.1468531468531467,0.0,0.0,0.006984617281422148,0.19607843137254902,0.0,0,10,20,33,,51,21,25,6.000000000000003,0.08391608391608386,4.000000000000001,0.0559440559440559,30,20,24
77,D,all_agents,,,40,30,10,0,16,14,0.39005214916800035,0.2293088947555934,0.9691909008614608,0.07661224334062859,411,30,0.75,0,0.0,0.0,31.325,3141,,,,,,,,,,,,,,,,,,,,,,,,,,,
77,D,participants_only,,,30,30,0,0,16,14,0.4498843419806928,0.2706850066606408,0.9691909008614608,0.0874893660028568,411,30,1.0,0,0.0,0.0,25.1,3141,,,,,,,,,,,,,,,,,,,,,,,,,,,
77,D,nonparticipants_only,,,10,0,10,0,0,0,0.21055557072992287,0.20971261477099784,0.35229906552021945,0.0010221797926414555,0,0,0.0,0,0.0,0.0,50.0,0,,,,,,,,,,,,,,,,,,,,,,,,,,,
77,D,step_totals,,,,,,,,,,,,,,,,,,,,,75.50000000000007,,,56.0,0.7417218543046351,9.5,0.12582781456953632,0.0,0.0,0.006018170965422799,0.08928571428571429,0.0,0,5,22,13,,56,19,26,6.000000000000003,0.07947019867549665,4.000000000000001,0.05298013245033109,30,20,34
78,D,all_agents,,,40,30,10,0,16,14,0.391071827194888,0.23027594048575523,0.9704232648270024,0.07722722080752899,418,30,0.75,0,0.0,0.0,31.45,3191,,,,,,,,,,,,,,,,,,,,,,,,,,,
78,D,participants_only,,,30,30,0,0,16,14,0.4510952760414089,0.2697340221916711,0.9704232648270024,0.08822642064606956,418,30,1.0,0,0.0,0.0,25.266666666666666,3191,,,,,,,,,,,,,,,,,,,,,,,,,,,
78,D,nonparticipants_only,,,10,0,10,0,0,0,0.21100148065532537,0.2102845736473583,0.35053757019261833,0.0009958483547364025,0,0,0.0,0,0.0,0.0,50.0,0,,,,,,,,,,,,,,,,,,,,,,,,,,,
78,D,step_totals,,,,,,,,,,,,,,,,,,,,,71.00000000000006,,,51.0,0.718309859154929,10.0,0.1408450704225351,0.0,0.0,0.006753824408714058,0.13725490196078433,0.0,0,7,20,33,,51,20,24,6.000000000000003,0.0845070422535211,4.000000000000001,0.05633802816901405,30,20,23
79,D,all_agents,,,40,30,10,0,16,14,0.39195929555753367,0.22998671292889553,0.9716063342339223,0.07778685667467454,421,30,0.75,0,0.0,0.0,31.325,3236,,,,,,,,,,,,,,,,,,,,,,,,,,,
79,D,participants_only,,,30,30,0,0,16,14,0.45213074079798693,0.2701235381096014,0.9716063342339223,0.0889103397248662,421,30,1.0,0,0.0,0.0,25.1,3236,,,,,,,,,,,,,,,,,,,,,,,,,,,
79,D,nonparticipants_only,,,10,0,10,0,0,0,0.2114449598361737,0.21011809315254162,0.3487848823416552,0.000969173656201084,0,0,0.0,0,0.0,0.0,50.0,0,,,,,,,,,,,,,,,,,,,,,,,,,,,
79,D,step_totals,,,,,,,,,,,,,,,,,,,,,74.80000000000005,,,56.0,0.7486631016042775,9.0,0.12032085561497317,0.0,0.0,0.005901494286009256,0.05357142857142857,0.0,0,3,23,13,,56,18,26,6.000000000000003,0.08021390374331548,3.800000000000001,0.050802139037433136,30,19,33
80,D,all_agents,,,40,30,10,0,16,14,0.39285629841755604,0.23085059032160749,0.9727420808645654,0.0783691407024023,427,30,0.75,0,0.0,0.0,31.45,3285,,,,,,,,,,,,,,,,,,,,,,,,,,,
80,D,participants_only,,,30,30,0,0,16,14,0.453179821193775,0.2687729204190534,0.9727420808645654,0.08962208202511404,427,30,1.0,0,0.0,0.0,25.266666666666666,3285,,,,,,,,,,,,,,,,,,,,,,,,,,,
80,D,nonparticipants_only,,,10,0,10,0,0,0,0.21188573008889938,0.21088793478657397,0.34704095792994694,0.0009431879326710555,0,0,0.0,0,0.0,0.0,50.0,0,,,,,,,,,,,,,,,,,,,,,,,,,,,
80,D,step_totals,,,,,,,,,,,,,,,,,,,,,70.30000000000005,,,51.0,0.7254623044096723,9.5,0.13513513513513503,0.0,0.0,0.0064315609011170085,0.11764705882352941,0.0,0,6,21,32,,51,19,23,6.000000000000003,0.08534850640113795,3.800000000000001,0.05405405405405403,30,19,22
80,D,reachability,0.25,0.0,,,,,,,,,,,,,,,,,,,,,,,,,,,,,,,,,,,,,,,,,,,,,
81,D,all_agents,,,40,30,10,0,16,14,0.3940050289722507,0.2305778789785296,0.9738323976299827,0.07893772136834235,435,30,0.75,0,0.0,0.0,31.325,3333,,,,,,,,,,,,,,,,,,,,,,,,,,,
81,D,participants_only,,,30,30,0,0,16,14,0.4545654749711448,0.26760133779092143,0.9738323976299827,0.09027391828113648,435,30,1.0,0,0.0,0.0,25.1,3333,,,,,,,,,,,,,,,,,,,,,,,,,,,
81,D,nonparticipants_only,,,10,0,10,0,0,0,0.2123236909755685,0.21146552668200813,0.3453057531402972,0.0009183191949403378,0,0,0.0,0,0.0,0.0,50.0,0,,,,,,,,,,,,,,,,,,,,,,,,,,,
81,D,step_totals,,,,,,,,,,,,,,,,,,,,,74.30000000000007,,,56.0,0.7537012113055175,8.5,0.11440107671601604,0.0,0.0,0.006806915872774757,0.14285714285714285,0.0,0,8,23,13,,56,17,26,6.000000000000003,0.08075370121130548,3.800000000000001,0.05114401076716013,30,19,33
82,D,all_agents,,,40,30,10,0,16,14,0.39486974877283226,0.23020805090561158,0.9748791017247834,0.07950663087581455,448,30,0.75,0,0.0,0.0,31.45,3380,,,,,,,,,,,,,,,,,,,,,,,,,,,
82,D,participants_only,,,30,30,0,0,16,14,0.45557329624309534,0.2662633311019668,0.9748791017247834,0.09097127174706227,448,30,1.0,0,0.0,0.0,25.266666666666666,3380,,,,,,,,,,,,,,,,,,,,,,,,,,,
82,D,nonparticipants_only,,,10,0,10,0,0,0,0.21275910636204307,0.21325456255780853,0.3435792243745957,0.0008936601563776474,0,0,0.0,0,0.0,0.0,50.0,0,,,,,,,,,,,,,,,,,,,,,,,,,,,
82,D,step_totals,,,,,,,,,,,,,,,,,,,,,70.30000000000007,,,51.0,0.7254623044096721,9.5,0.135135135135135,0.0,0.0,0.006335679024245732,0.2549019607843137,0.0,0,13,21,32,,51,19,23,6.000000000000003,0.08534850640113793,3.800000000000001,0.054054054054054015,30,19,22
83,D,all_agents,,,40,30,10,0,16,14,0.3958322791401148,0.22936770072575857,0.9758839376557921,0.08008788956200047,455,30,0.75,0,0.0,0.0,31.325,3428,,,,,,,,,,,,,,,,,,,,,,,,,,,
83,D,participants_only,,,30,30,0,0,16,14,0.4567125549130854,0.264932014446457,0.9758839376557921,0.09166783102552041,455,30,1.0,0,0.0,0.0,25.1,3428,,,,,,,,,,,,,,,,,,,,,,,,,,,
83,D,nonparticipants_only,,,10,0,10,0,0,0,0.21319145182120294,0.21353749818332218,0.34186132825272275,0.0008711694331252259,0,0,0.0,0,0.0,0.0,50.0,0,,,,,,,,,,,,,,,,,,,,,,,,,,,
83,D,step_totals,,,,,,,,,,,,,,,,,,,,,73.40000000000006,,,56.0,0.7629427792915525,8.0,0.10899182561307892,0.0,0.0,0.006309222198930019,0.125,0.0,0,7,24,12,,56,16,26,6.000000000000003,0.08174386920980924,3.400000000000001,0.04632152588555855,30,17,33
84,D,all_agents,,,40,30,10,0,16,14,0.3966752075344893,0.23092380777750532,0.9768485801495603,0.08064838695540193,463,30,0.75,0,0.0,0.0,31.45,3478,,,,,,,,,,,,,,,,,,,,,,,,,,,
84,D,participants_only,,,30,30,0,0,16,14,0.4576931832395714,0.26360735437422467,0.9768485801495603,0.09235544576547448,463,30,1.0,0,0.0,0.0,25.266666666666666,3478,,,,,,,,,,,,,,,,,,,,,,,,,,,
84,D,nonparticipants_only,,,10,0,10,0,0,0,0.2136212804192429,0.21315420285473885,0.34015202161145913,0.0008488902154322879,0,0,0.0,0,0.0,0.0,50.0,0,,,,,,,,,,,,,,,,,,,,,,,,,,,
84,D,step_totals,,,,,,,,,,,,,,,,,,,,,70.30000000000007,,,51.0,0.7254623044096721,9.5,0.135135135135135,0.0,0.0,0.006272542032622019,0.1568627450980392,0.0,0,8,21,32,,51,19,23,6.000000000000003,0.08534850640113793,3.800000000000001,0.054054054054054015,30,19,22
85,D,all_agents,,,40,30,10,0,16,14,0.39752632497513374,0.2314085251507765,0.9777746369435779,0.08125806122157615,466,30,0.75,0,0.0,0.0,31.325,3527,,,,,,,,,,,,,,,,,,,,,,,,,,,
85,D,participants_only,,,30,30,0,0,16,14,0.4586855521699113,0.2622893176023536,0.9777746369435779,0.09310671885944831,466,30,1.0,0,0.0,0.0,25.1,3527,,,,,,,,,,,,,,,,,,,,,,,,,,,
85,D,nonparticipants_only,,,10,0,10,0,0,0,0.21404864339080096,0.21363443564290457,0.3384512615034018,0.0008266754552106548,0,0,0.0,0,0.0,0.0,50.0,0,,,,,,,,,,,,,,,,,,,,,,,,,,,
85,D,step_totals,,,,,,,,,,,,,,,,,,,,,73.60000000000007,,,56.0,0.7608695652173906,8.0,0.10869565217391294,0.0,0.0,0.005937213607790295,0.05357142857142857,0.0,0,3,24,12,,56,16,25,6.000000000000003,0.08152173913043474,3.600000000000001,0.04891304347826084,30,18,32
86,D,all_agents,,,40,30,10,0,16,14,0.3981307056023758,0.23118047131198433,0.9786636514658348,0.08171457609283016,476,30,0.75,0,0.0,0.0,31.45,3572,,,,,,,,,,,,,,,,,,,,,,,,,,,
86,D,participants_only,,,30,30,0,0,16,14,0.4593497221787447,0.2609778710143418,0.9786636514658348,0.09369363612658459,476,30,1.0,0,0.0,0.0,25.266666666666666,3572,,,,,,,,,,,,,,,,,,,,,,,,,,,
86,D,nonparticipants_only,,,10,0,10,0,0,0,0.2144736558732691,0.21358674075712808,0.3367590051958848,0.0008041801046341009,0,0,0.0,0,0.0,0.0,50.0,0,,,,,,,,,,,,,,,,,,,,,,,,,,,
86,D,step_totals,,,,,,,,,,,,,,,,,,,,,70.30000000000007,,,51.0,0.7254623044096721,9.5,0.135135135135135,0.0,0.0,0.005467983470923522,0.19607843137254902,0.0,0,10,21,32,,51,19,23,6.000000000000003,0.08534850640113793,3.800000000000001,0.054054054054054015,30,19,22
87,D,all_agents,,,40,30,10,0,16,14,0.3990095599711486,0.23182816995033648,0.9795171054072014,0.08231324159113107,484,30,0.75,0,0.0,0.0,31.325,3622,,,,,,,,,,,,,,,,,,,,,,,,,,,
87,D,participants_only,,,30,30,0,0,16,14,0.4603806836209229,0.2596729816592701,0.9795171054072014,0.09442469052414686,484,30,1.0,0,0.0,0.0,25.1,3622,,,,,,,,,,,,,,,,,,,,,,,,,,,
87,D,nonparticipants_only,,,10,0,10,0,0,0,0.21489618902182575,0.21466669059869276,0.3350752101699054,0.0007819169756530846,0,0,0.0,0,0.0,0.0,50.0,0,,,,,,,,,,,,,,,,,,,,,,,,,,,
87,D,step_totals,,,,,,,,,,,,,,,,,,,,,73.40000000000008,,,56.0,0.7629427792915523,8.0,0.10899182561307891,0.0,0.0,0.006048895904432792,0.14285714285714285,0.0,0,8,24,12,,56,16,25,6.000000000000003,0.08174386920980921,3.400000000000001,0.046321525885558545,30,17,31
88,D,all_agents,,,40,30,10,0,16,14,0.399763737191445,0.2316526439753582,0.9803364211909134,0.08283979440145349,492,30,0.75,0,0.0,0.0,31.45,3672,,,,,,,,,,,,,,,,,,,,,,,,,,,
88,D,participants_only,,,30,30,0,0,16,14,0.46124639260831046,0.25837461675097373,0.9803364211909134,0.09507872486381806,492,30,1.0,0,0.0,0.0,25.266666666666666,3672,,,,,,,,,,,,,,,,,,,,,,,,,,,
88,D,nonparticipants_only,,,10,0,10,0,0,0,0.2153157709408485,0.21589358128945796,0.3333998341190558,0.0007616000090515109,0,0,0.0,0,0.0,0.0,50.0,0,,,,,,,,,,,,,,,,,,,,,,,,,,,
88,D,step_totals,,,,,,,,,,,,,,,,,,,,,70.30000000000007,,,51.0,0.7254623044096721,9.5,0.135135135135135,0.0,0.0,0.005989382341004652,0.1568627450980392,0.0,0,8,21,31,,51,19,22,6.000000000000003,0.08534850640113793,3.800000000000001,0.054054054054054015,30,19,21
89,D,all_agents,,,40,30,10,0,16,14,0.4006514129607872,0.23116040644567779,0.9811229643432768,0.08343411212255605,504,30,0.75,0,0.0,0.0,31.325,3722,,,,,,,,,,,,,,,,,,,,,,,,,,,
89,D,participants_only,,,30,30,0,0,16,14,0.4622909416762462,0.25708274366721884,0.9811229643432768,0.09580049006467921,504,30,1.0,0,0.0,0.0,25.1,3722,,,,,,,,,,,,,,,,,,,,,,,,,,,
89,D,nonparticipants_only,,,10,0,10,0,0,0,0.21573282681441025,0.21602922136333844,0.33173283494846056,0.0007418002930198893,0,0,0.0,0,0.0,0.0,50.0,0,,,,,,,,,,,,,,,,,,,,,,,,,,,
89,D,step_totals,,,,,,,,,,,,,,,,,,,,,73.60000000000007,,,56.0,0.7608695652173906,8.0,0.10869565217391294,0.0,0.0,0.006068382551129156,0.21428571428571427,0.0,0,12,24,12,,56,16,25,6.000000000000003,0.08152173913043474,3.600000000000001,0.04891304347826084,30,18,31
90,D,all_agents,,,40,30,10,0,16,14,0.4013090554353189,0.23047326827212503,0.9818780457695457,0.08391535038021847,507,30,0.75,0,0.0,0.0,31.45,3769,,,,,,,,,,,,,,,,,,,,,,,,,,,
90,D,participants_only,,,30,30,0,0,16,14,0.4630297240755856,0.25579732994888277,0.9818780457695457,0.09640816802928322,507,30,1.0,0,0.0,0.0,25.266666666666666,3769,,,,,,,,,,,,,,,,,,,,,,,,,,,
90,D,nonparticipants_only,,,10,0,10,0,0,0,0.21614704951451869,0.21581536112376065,0.33007417077371826,0.0007236061842049553,0,0,0.0,0,0.0,0.0,50.0,0,,,,,,,,,,,,,,,,,,,,,,,,,,,
90,D,step_totals,,,,,,,,,,,,,,,,,,,,,70.30000000000005,,,51.0,0.7254623044096723,9.5,0.13513513513513503,0.0,0.0,0.005670595291788283,0.058823529411764705,0.0,0,3,21,31,,51,19,22,6.000000000000003,0.08534850640113795,3.800000000000001,0.05405405405405403,30,19,19
90,D,reachability,0.25,0.0,,,,,,,,,,,,,,,,,,,,,,,,,,,,,,,,,,,,,,,,,,,,,
91,D,all_agents,,,40,30,10,0,16,14,0.40223570369982037,0.23075622991768863,0.9826029239387639,0.08449954120743307,510,30,0.75,0,0.0,0.0,31.325,3821,,,,,,,,,,,,,,,,,,,,,,,,,,,
91,D,participants_only,,,30,30,0,0,16,14,0.4641278761917183,0.25451834329913836,0.9826029239387639,0.09710868092055287,510,30,1.0,0,0.0,0.0,25.1,3821,,,,,,,,,,,,,,,,,,,,,,,,,,,
91,D,nonparticipants_only,,,10,0,10,0,0,0,0.21655918622412682,0.21607317629696315,0.32842379991984966,0.0007044298788716009,0,0,0.0,0,0.0,0.0,50.0,0,,,,,,,,,,,,,,,,,,,,,,,,,,,
91,D,step_totals,,,,,,,,,,,,,,,,,,,,,73.40000000000006,,,56.0,0.7629427792915525,8.0,0.10899182561307892,0.0,0.0,0.0062186424344318324,0.05357142857142857,0.0,0,3,24,12,,56,16,25,6.000000000000003,0.08174386920980924,3.400000000000001,0.04632152588555855,30,17,31
92,D,all_agents,,,40,30,10,0,16,14,0.4028103346056332,0.2323093336703814,0.9832988069812134,0.08493988720978356,514,30,0.75,0,0.0,0.0,31.45,3868,,,,,,,,,,,,,,,,,,,,,,,,,,,
92,D,participants_only,,,30,30,0,0,16,14,0.46475737106137227,0.2532457515826427,0.9832988069812134,0.09767532273735072,514,30,1.0,0,0.0,0.0,25.266666666666666,3868,,,,,,,,,,,,,,,,,,,,,,,,,,,
92,D,nonparticipants_only,,,10,0,10,0,0,0,0.21696922523841602,0.21671904816059573,0.3267816809202504,0.0006843567192981228,0,0,0.0,0,0.0,0.0,50.0,0,,,,,,,,,,,,,,,,,,,,,,,,,,,
92,D,step_totals,,,,,,,,,,,,,,,,,,,,,70.30000000000005,,,51.0,0.7254623044096723,9.5,0.13513513513513503,0.0,0.0,0.005399531774560284,0.0784313725490196,0.0,0,4,21,31,,51,19,22,6.000000000000003,0.08534850640113795,3.800000000000001,0.05405405405405403,30,19,19
93,D,all_agents,,,40,30,10,0,16,14,0.4035908076030907,0.23273248226266802,0.9839668547019649,0.08542993547533947,519,30,0.75,0,0.0,0.0,31.325,3914,,,,,,,,,,,,,,,,,,,,,,,,,,,
93,D,participants_only,,,30,30,0,0,16,14,0.46566227962049545,0.25197952282472946,0.9839668547019649,0.09827304507640085,519,30,1.0,0,0.0,0.0,25.1,3914,,,,,,,,,,,,,,,,,,,,,,,,,,,
93,D,nonparticipants_only,,,10,0,10,0,0,0,0.21737639155087637,0.2170368793884771,0.32514777251564914,0.0006661950112657551,0,0,0.0,0,0.0,0.0,50.0,0,,,,,,,,,,,,,,,,,,,,,,,,,,,
93,D,step_totals,,,,,,,,,,,,,,,,,,,,,73.20000000000007,,,56.0,0.7650273224043708,8.0,0.10928961748633868,0.0,0.0,0.0057613833994595515,0.08928571428571429,0.0,0,5,24,12,,56,16,25,6.000000000000003,0.08196721311475405,3.2000000000000006,0.043715846994535484,30,16,31
94,D,all_agents,,,40,30,10,0,16,14,0.4041770173738422,0.23276521452216742,0.9846081805138863,0.08587825228764967,525,30,0.75,0,0.0,0.0,31.45,3962,,,,,,,,,,,,,,,,,,,,,,,,,,,
94,D,participants_only,,,30,30,0,0,16,14,0.46630897868406396,0.25143334892205077,0.9846081805138863,0.09884668426550035,525,30,1.0,0,0.0,0.0,25.266666666666666,3962,,,,,,,,,,,,,,,,,,,,,,,,,,,
94,D,nonparticipants_only,,,10,0,10,0,0,0,0.21778113344317668,0.2183206902655738,0.32352203365307086,0.0006483889590387902,0,0,0.0,0,0.0,0.0,50.0,0,,,,,,,,,,,,,,,,,,,,,,,,,,,
94,D,step_totals,,,,,,,,,,,,,,,,,,,,,70.30000000000007,,,51.0,0.7254623044096721,9.5,0.135135135135135,0.0,0.0,0.005447861073853328,0.11764705882352941,0.0,0,6,21,31,,51,19,22,6.000000000000003,0.08534850640113793,3.800000000000001,0.054054054054054015,30,19,19
95,D,all_agents,,,40,30,10,0,16,14,0.4051684797898328,0.23263902604148295,0.9852238532933308,0.0864498506283698,532,30,0.75,0,0.0,0.0,31.325,4016,,,,,,,,,,,,,,,,,,,,,,,,,,,
95,D,participants_only,,,30,30,0,0,16,14,0.46749695796704527,0.25017618217744053,0.9852238532933308,0.09951629810699872,532,30,1.0,0,0.0,0.0,25.1,4016,,,,,,,,,,,,,,,,,,,,,,,,,,,
95,D,nonparticipants_only,,,10,0,10,0,0,0,0.21818304525819537,0.21835239775349485,0.3219044234848055,0.0006324378898360269,0,0,0.0,0,0.0,0.0,50.0,0,,,,,,,,,,,,,,,,,,,,,,,,,,,
95,D,step_totals,,,,,,,,,,,,,,,,,,,,,73.20000000000006,,,56.0,0.765027322404371,8.0,0.10928961748633871,0.0,0.0,0.006458119848464877,0.125,0.0,0,7,24,12,,56,16,25,6.000000000000003,0.08196721311475406,3.2000000000000006,0.04371584699453549,30,16,31
96,D,all_agents,,,40,30,10,0,16,14,0.40565405076585426,0.23191983039545094,0.9858148991615976,0.08683960833572568,538,30,0.75,0,0.0,0.0,31.45,4063,,,,,,,,,,,,,,,,,,,,,,,,,,,
96,D,participants_only,,,30,30,0,0,16,14,0.4680112318570111,0.24965153386111155,0.9858148991615976,0.10002679751829029,538,30,1.0,0,0.0,0.0,25.266666666666666,4063,,,,,,,,,,,,,,,,,,,,,,,,,,,
96,D,nonparticipants_only,,,10,0,10,0,0,0,0.21858250749238367,0.21814591649082418,0.3202949013673815,0.0006170243844078829,0,0,0.0,0,0.0,0.0,50.0,0,,,,,,,,,,,,,,,,,,,,,,,,,,,
96,D,step_totals,,,,,,,,,,,,,,,,,,,,,70.30000000000007,,,51.0,0.7254623044096721,9.5,0.135135135135135,0.0,0.0,0.005117121076381485,0.11764705882352941,0.0,0,6,21,31,,51,19,22,6.000000000000003,0.08534850640113793,3.800000000000001,0.054054054054054015,30,19,19
97,D,all_agents,,,40,30,10,0,16,14,0.40631628479254095,0.23092328334754397,0.9863823031951336,0.08740890053606788,546,30,0.75,0,0.0,0.0,31.325,4114,,,,,,,,,,,,,,,,,,,,,,,,,,,
97,D,participants_only,,,30,30,0,0,16,14,0.46876167228277715,0.24840327619180602,0.9863823031951336,0.10074747565878733,546,30,1.0,0,0.0,0.0,25.1,4114,,,,,,,,,,,,,,,,,,,,,,,,,,,
97,D,nonparticipants_only,,,10,0,10,0,0,0,0.2189801223218323,0.2183948360777638,0.3186934268605446,0.0006000581422405283,0,0,0.0,0,0.0,0.0,50.0,0,,,,,,,,,,,,,,,,,,,,,,,,,,,
97,D,step_totals,,,,,,,,,,,,,,,,,,,,,72.20000000000006,,,56.0,0.7756232686980603,7.0,0.09695290858725754,0.0,0.0,0.005488681593888749,0.14285714285714285,0.0,0,8,26,12,,56,14,24,6.000000000000003,0.08310249307479221,3.2000000000000006,0.04432132963988917,30,16,30
98,D,all_agents,,,40,30,10,0,16,14,0.4069297581802757,0.23144994020526655,0.9869270110673283,0.08783760451655304,554,30,0.75,0,0.0,0.0,31.45,4164,,,,,,,,,,,,,,,,,,,,,,,,,,,
98,D,participants_only,,,30,30,0,0,16,14,0.4694479285303592,0.2479547411573129,0.9869270110673283,0.10128809924085384,554,30,1.0,0,0.0,0.0,25.266666666666666,4164,,,,,,,,,,,,,,,,,,,,,,,,,,,
98,D,nonparticipants_only,,,10,0,10,0,0,0,0.21937524713002524,0.21901842295015114,0.31709995972624183,0.0005838608565858599,0,0,0.0,0,0.0,0.0,50.0,0,,,,,,,,,,,,,,,,,,,,,,,,,,,
98,D,step_totals,,,,,,,,,,,,,,,,,,,,,70.30000000000005,,,51.0,0.7254623044096723,9.5,0.13513513513513503,0.0,0.0,0.00556184889339402,0.1568627450980392,0.0,0,8,21,31,,51,19,22,6.000000000000003,0.08534850640113795,3.800000000000001,0.05405405405405403,30,19,19
99,D,all_agents,,,40,30,10,0,16,14,0.4077352199769536,0.2311273280869054,0.987057740956655,0.08841696103228804,562,30,0.75,0,0.0,0.0,31.325,4213,,,,,,,,,,,,,,,,,,,,,,,,,,,
99,D,participants_only,,,30,30,0,0,16,14,0.47039095638798417,0.24671496745152632,0.987057740956655,0.10199697117244283,562,30,1.0,0,0.0,0.0,25.1,4213,,,,,,,,,,,,,,,,,,,,,,,,,,,
99,D,nonparticipants_only,,,10,0,10,0,0,0,0.21976801074386204,0.21942380494023972,0.3155144599276106,0.0005680349493212012,0,0,0.0,0,0.0,0.0,50.0,0,,,,,,,,,,,,,,,,,,,,,,,,,,,
99,D,step_totals,,,,,,,,,,,,,,,,,,,,,72.20000000000006,,,56.0,0.7756232686980603,7.0,0.09695290858725754,0.0,0.0,0.005969950787153117,0.14285714285714285,0.0,0,8,26,12,,56,14,24,6.000000000000003,0.08310249307479221,3.2000000000000006,0.04432132963988917,30,16,30
100,D,all_agents,,,40,30,10,0,16,14,0.40823540102604794,0.23169213891360801,0.9875754313183888,0.08880988319228782,572,30,0.75,0,0.0,0.0,31.45,4261,,,,,,,,,,,,,,,,,,,,,,,,,,,
100,D,participants_only,,,30,30,0,0,16,14,0.4709278500320943,0.24670800845619428,0.9875754313183888,0.1025071827946694,572,30,1.0,0,0.0,0.0,25.266666666666666,4261,,,,,,,,,,,,,,,,,,,,,,,,,,,
100,D,nonparticipants_only,,,10,0,10,0,0,0,0.2201580540079088,0.22066405491819524,0.31393688762797256,0.0005538664366343296,0,0,0.0,0,0.0,0.0,50.0,0,,,,,,,,,,,,,,,,,,,,,,,,,,,
100,D,step_totals,,,,,,,,,,,,,,,,,,,,,70.30000000000005,,,51.0,0.7254623044096723,9.5,0.13513513513513503,0.0,0.0,0.005184998534966801,0.19607843137254902,0.0,0,10,21,31,,51,19,22,6.000000000000003,0.08534850640113795,3.800000000000001,0.05405405405405403,30,19,19
100,D,reachability,0.25,0.0,,,,,,,,,,,,,,,,,,,,,,,,,,,,,,,,,,,,,,,,,,,,,
101,D,all_agents,,,40,30,10,0,16,14,0.40895555551177165,0.2315462412336833,0.9880724140656532,0.08937041657189485,578,30,0.75,0,0.0,0.0,31.325,4313,,,,,,,,,,,,,,,,,,,,,,,,,,,
101,D,participants_only,,,30,30,0,0,16,14,0.47175885994441125,0.2454744684139133,0.9880724140656532,0.10320336602417501,578,30,1.0,0,0.0,0.0,25.1,4313,,,,,,,,,,,,,,,,,,,,,,,,,,,
101,D,nonparticipants_only,,,10,0,10,0,0,0,0.2205456422138528,0.22059541588249926,0.3123672031898327,0.0005405076431485996,0,0,0.0,0,0.0,0.0,50.0,0,,,,,,,,,,,,,,,,,,,,,,,,,,,
101,D,step_totals,,,,,,,,,,,,,,,,,,,,,72.20000000000006,,,56.0,0.7756232686980603,7.0,0.09695290858725754,0.0,0.0,0.005689531310256769,0.10714285714285714,0.0,0,6,26,12,,56,14,23,6.000000000000003,0.08310249307479221,3.2000000000000006,0.04432132963988917,30,16,29
102,D,all_agents,,,40,30,10,0,16,14,0.4094879401434051,0.23157844655670418,0.988549517503027,0.0897627702204022,582,30,0.75,0,0.0,0.0,31.45,4362,,,,,,,,,,,,,,,,,,,,,,,,,,,
102,D,participants_only,,,30,30,0,0,16,14,0.4723402445116775,0.24562084087503866,0.988549517503027,0.1037063511018873,582,30,1.0,0,0.0,0.0,25.266666666666666,4362,,,,,,,,,,,,,,,,,,,,,,,,,,,
102,D,nonparticipants_only,,,10,0,10,0,0,0,0.22093102703858794,0.22039605899447628,0.3108053671738835,0.0005270816031234824,0,0,0.0,0,0.0,0.0,50.0,0,,,,,,,,,,,,,,,,,,,,,,,,,,,
102,D,step_totals,,,,,,,,,,,,,,,,,,,,,70.10000000000005,,,51.0,0.7275320970042791,9.5,0.1355206847360912,0.0,0.0,0.005318883751484616,0.0784313725490196,0.0,0,4,21,31,,51,19,22,6.000000000000003,0.08559201141226816,3.600000000000001,0.05135520684736089,30,18,19
103,D,all_agents,,,40,30,10,0,16,14,0.41017467519078915,0.23130290386039432,0.9890075368029059,0.09031713693664786,591,30,0.75,0,0.0,0.0,31.325,4415,,,,,,,,,,,,,,,,,,,,,,,,,,,
103,D,participants_only,,,30,30,0,0,16,14,0.47312817449270417,0.24439273667066347,0.9890075368029059,0.1043990304110187,591,30,1.0,0,0.0,0.0,25.1,4415,,,,,,,,,,,,,,,,,,,,,,,,,,,
103,D,nonparticipants_only,,,10,0,10,0,0,0,0.22131417728504402,0.2210552388701305,0.3092513403380141,0.000513739621260805,0,0,0.0,0,0.0,0.0,50.0,0,,,,,,,,,,,,,,,,,,,,,,,,,,,
103,D,step_totals,,,,,,,,,,,,,,,,,,,,,72.00000000000006,,,56.0,0.7777777777777771,7.0,0.09722222222222214,0.0,0.0,0.005598166453501988,0.16071428571428573,0.0,0,9,26,12,,56,14,22,6.000000000000003,0.0833333333333333,3.0000000000000004,0.04166666666666664,30,15,27
104,D,all_agents,,,40,30,10,0,16,14,0.4107204230166946,0.23144936325767884,0.9894472353307896,0.0907194201457424,599,30,0.75,0,0.0,0.0,31.45,4466,,,,,,,,,,,,,,,,,,,,,,,,,,,
104,D,participants_only,,,30,30,0,0,16,14,0.473728789490736,0.24557243380848837,0.9894472353307896,0.10491243805543822,599,30,1.0,0,0.0,0.0,25.266666666666666,4466,,,,,,,,,,,,,,,,,,,,,,,,,,,
104,D,nonparticipants_only,,,10,0,10,0,0,0,0.22169532359457012,0.22144484462247646,0.30770508363632404,0.0004997154679295293,0,0,0.0,0,0.0,0.0,50.0,0,,,,,,,,,,,,,,,,,,,,,,,,,,,
104,D,step_totals,,,,,,,,,,,,,,,,,,,,,70.10000000000007,,,51.0,0.7275320970042789,9.5,0.13552068473609116,0.0,0.0,0.005373427671388906,0.1568627450980392,0.0,0,8,21,30,,51,19,22,6.000000000000003,0.08559201141226815,3.600000000000001,0.051355206847360876,30,18,19
105,D,all_agents,,,40,30,10,0,16,14,0.4114568525489483,0.2316103294061645,0.989869345917558,0.09127755331911414,608,30,0.75,0,0.0,0.0,31.325,4520,,,,,,,,,,,,,,,,,,,,,,,,,,,
105,D,participants_only,,,30,30,0,0,16,14,0.47458452944433704,0.2443445716394459,0.989869345917558,0.10560054939146561,608,30,1.0,0,0.0,0.0,25.1,4520,,,,,,,,,,,,,,,,,,,,,,,,,,,
105,D,nonparticipants_only,,,10,0,10,0,0,0,0.22207382186278243,0.2222034591553794,0.3061665582181424,0.00048732201955670293,0,0,0.0,0,0.0,0.0,50.0,0,,,,,,,,,,,,,,,,,,,,,,,,,,,
105,D,step_totals,,,,,,,,,,,,,,,,,,,,,71.80000000000007,,,56.0,0.7799442896935925,7.0,0.09749303621169907,0.0,0.0,0.005784459963558953,0.16071428571428573,0.0,0,9,26,11,,56,14,21,6.000000000000003,0.08356545961002781,2.8000000000000003,0.03899721448467963,30,14,27
106,D,all_agents,,,40,30,10,0,16,14,0.41187390876107377,0.2319269709477469,0.9902745720808557,0.09162350195625124,615,30,0.75,0,0.0,0.0,31.45,4568,,,,,,,,,,,,,,,,,,,,,,,,,,,
106,D,participants_only,,,30,30,0,0,16,14,0.475015224081902,0.24320640932581095,0.9902745720808557,0.10605883968703436,615,30,1.0,0,0.0,0.0,25.266666666666666,4568,,,,,,,,,,,,,,,,,,,,,,,,,,,
106,D,nonparticipants_only,,,10,0,10,0,0,0,0.22244996279858908,0.22301102822869473,0.3046357254270517,0.0004755803585707536,0,0,0.0,0,0.0,0.0,50.0,0,,,,,,,,,,,,,,,,,,,,,,,,,,,
106,D,step_totals,,,,,,,,,,,,,,,,,,,,,70.10000000000007,,,51.0,0.7275320970042789,9.5,0.13552068473609116,0.0,0.0,0.004941772145706693,0.13725490196078433,0.0,0,7,21,30,,51,19,22,6.000000000000003,0.08559201141226815,3.600000000000001,0.051355206847360876,30,18,19
107,D,all_agents,,,40,30,10,0,16,14,0.4124744969110629,0.2314893797296194,0.9906635891976214,0.09213585835360724,624,30,0.75,0,0.0,0.0,31.325,4620,,,,,,,,,,,,,,,,,,,,,,,,,,,
107,D,participants_only,,,30,30,0,0,16,14,0.47569136578823734,0.2419903772791819,0.9906635891976214,0.10670763696878154,624,30,1.0,0,0.0,0.0,25.1,4620,,,,,,,,,,,,,,,,,,,,,,,,,,,
107,D,nonparticipants_only,,,10,0,10,0,0,0,0.22282389027953975,0.2229231631536544,0.30311254679991645,0.00046405238047804106,0,0,0.0,0,0.0,0.0,50.0,0,,,,,,,,,,,,,,,,,,,,,,,,,,,
107,D,step_totals,,,,,,,,,,,,,,,,,,,,,72.00000000000007,,,56.0,0.777777777777777,7.0,0.09722222222222213,0.0,0.0,0.005318213938854297,0.16071428571428573,0.0,0,9,26,11,,56,14,21,6.000000000000003,0.08333333333333329,3.0000000000000004,0.04166666666666663,30,15,27
108,D,all_agents,,,40,30,10,0,16,14,0.41289240635993285,0.23107424231504287,0.9910370456297166,0.09246434822658568,629,30,0.75,0,0.0,0.0,31.45,4669,,,,,,,,,,,,,,,,,,,,,,,,,,,
108,D,participants_only,,,30,30,0,0,16,14,0.47612479085739623,0.2422964724313508,0.9910370456297166,0.10714112970625064,629,30,1.0,0,0.0,0.0,25.266666666666666,4669,,,,,,,,,,,,,,,,,,,,,,,,,,,
108,D,nonparticipants_only,,,10,0,10,0,0,0,0.2231952528675429,0.22341808848118913,0.30159698406591684,0.00045399039677034106,0,0,0.0,0,0.0,0.0,50.0,0,,,,,,,,,,,,,,,,,,,,,,,,,,,
108,D,step_totals,,,,,,,,,,,,,,,,,,,,,69.90000000000006,,,51.0,0.7296137339055787,9.5,0.13590844062947055,0.0,0.0,0.004965872678971827,0.09803921568627451,0.0,0,5,21,30,,51,19,22,6.000000000000003,0.0858369098712446,3.400000000000001,0.04864091559370526,30,17,19
109,D,all_agents,,,40,30,10,0,16,14,0.4135346013007478,0.2305036623360343,0.991395563804528,0.09300620143934674,638,30,0.75,0,0.0,0.0,31.325,4723,,,,,,,,,,,,,,,,,,,,,,,,,,,
109,D,participants_only,,,30,30,0,0,16,14,0.4768578529707563,0.24108499006919404,0.991395563804528,0.10782138784533996,638,30,1.0,0,0.0,0.0,25.1,4723,,,,,,,,,,,,,,,,,,,,,,,,,,,
109,D,nonparticipants_only,,,10,0,10,0,0,0,0.22356484629072232,0.22386243756019658,0.30008899914558723,0.0004426317966082515,0,0,0.0,0,0.0,0.0,50.0,0,,,,,,,,,,,,,,,,,,,,,,,,,,,
109,D,step_totals,,,,,,,,,,,,,,,,,,,,,72.00000000000006,,,56.0,0.7777777777777771,7.0,0.09722222222222214,0.0,0.0,0.0054597758673055235,0.16071428571428573,0.0,0,9,26,11,,56,14,20,6.000000000000003,0.0833333333333333,3.0000000000000004,0.04166666666666664,30,15,26
110,D,all_agents,,,40,30,10,0,16,14,0.41393269211174566,0.2304730685319635,0.9917397412523469,0.09332138510900484,641,30,0.75,0,0.0,0.0,31.45,4771,,,,,,,,,,,,,,,,,,,,,,,,,,,
110,D,participants_only,,,30,30,0,0,16,14,0.47726620697123684,0.24114988468998222,0.9917397412523469,0.10824002769508252,641,30,1.0,0,0.0,0.0,25.266666666666666,4771,,,,,,,,,,,,,,,,,,,,,,,,,,,
110,D,nonparticipants_only,,,10,0,10,0,0,0,0.2239321475332722,0.22478221968002993,0.2985885541498593,0.00043184809728316186,0,0,0.0,0,0.0,0.0,50.0,0,,,,,,,,,,,,,,,,,,,,,,,,,,,
110,D,step_totals,,,,,,,,,,,,,,,,,,,,,70.10000000000007,,,51.0,0.7275320970042789,9.5,0.13552068473609116,0.0,0.0,0.004891992894140519,0.058823529411764705,0.0,0,3,21,30,,51,19,22,6.000000000000003,0.08559201141226815,3.600000000000001,0.051355206847360876,30,18,19
110,D,reachability,0.25,0.0,,,,,,,,,,,,,,,,,,,,,,,,,,,,,,,,,,,,,,,,,,,,,
111,D,all_agents,,,40,30,10,0,16,14,0.4143667637382108,0.23016979553083078,0.992070151602253,0.09378196326764521,650,30,0.75,0,0.0,0.0,31.325,4820,,,,,,,,,,,,,,,,,,,,,,,,,,,
111,D,participants_only,,,30,30,0,0,16,14,0.47772330055608436,0.23994413526653233,0.992070151602253,0.10884584113996343,650,30,1.0,0,0.0,0.0,25.1,4820,,,,,,,,,,,,,,,,,,,,,,,,,,,
111,D,nonparticipants_only,,,10,0,10,0,0,0,0.2242971532845903,0.22498818499201795,0.29709561137911,0.000421720560035773,0,0,0.0,0,0.0,0.0,50.0,0,,,,,,,,,,,,,,,,,,,,,,,,,,,
111,D,step_totals,,,,,,,,,,,,,,,,,,,,,71.80000000000005,,,56.0,0.7799442896935928,7.0,0.0974930362116991,0.0,0.0,0.00478158563642813,0.16071428571428573,0.0,0,9,26,10,,56,14,20,6.000000000000003,0.08356545961002783,2.8000000000000003,0.03899721448467964,30,14,26
112,D,all_agents,,,40,30,10,0,16,14,0.41473232938934296,0.23076436401897243,0.9923873455381629,0.09408293574036951,656,30,0.75,0,0.0,0.0,31.45,4868,,,,,,,,,,,,,,,,,,,,,,,,,,,
112,D,participants_only,,,30,30,0,0,16,14,0.4780897607554022,0.24050769365286234,0.9923873455381629,0.10925003318276809,656,30,1.0,0,0.0,0.0,25.266666666666666,4868,,,,,,,,,,,,,,,,,,,,,,,,,,,
112,D,nonparticipants_only,,,10,0,10,0,0,0,0.2246600352911651,0.2254614721303516,0.2956101333222145,0.00041167410151482514,0,0,0.0,0,0.0,0.0,50.0,0,,,,,,,,,,,,,,,,,,,,,,,,,,,
112,D,step_totals,,,,,,,,,,,,,,,,,,,,,69.90000000000006,,,51.0,0.7296137339055787,9.5,0.13590844062947055,0.0,0.0,0.004798709894357641,0.11764705882352941,0.0,0,6,21,30,,51,19,22,6.000000000000003,0.0858369098712446,3.400000000000001,0.04864091559370526,30,17,19
113,D,all_agents,,,40,30,10,0,16,14,0.41523214698804817,0.23051700313752413,0.9926918517166363,0.0945669090194939,666,30,0.75,0,0.0,0.0,31.325,4919,,,,,,,,,,,,,,,,,,,,,,,,,,,
113,D,participants_only,,,30,30,0,0,16,14,0.47863607743037473,0.23930515518459805,0.9926918517166363,0.10987454012638495,666,30,1.0,0,0.0,0.0,25.1,4919,,,,,,,,,,,,,,,,,,,,,,,,,,,
113,D,nonparticipants_only,,,10,0,10,0,0,0,0.22502035566106865,0.22534784827723714,0.2941320826556034,0.0004033149523962157,0,0,0.0,0,0.0,0.0,50.0,0,,,,,,,,,,,,,,,,,,,,,,,,,,,
113,D,step_totals,,,,,,,,,,,,,,,,,,,,,71.80000000000005,,,56.0,0.7799442896935928,7.0,0.0974930362116991,0.0,0.0,0.005003280086861725,0.17857142857142858,0.0,0,10,26,10,,56,14,20,6.000000000000003,0.08356545961002783,2.8000000000000003,0.03899721448467964,30,14,26
114,D,all_agents,,,40,30,10,0,16,14,0.41556590812416094,0.23020011614652758,0.9929841776479709,0.09485855913539305,674,30,0.75,0,0.0,0.0,31.45,4968,,,,,,,,,,,,,,,,,,,,,,,,,,,
114,D,participants_only,,,30,30,0,0,16,14,0.4789616853512784,0.23957073226028333,0.9929841776479709,0.11027030176775326,674,30,1.0,0,0.0,0.0,25.266666666666666,4968,,,,,,,,,,,,,,,,,,,,,,,,,,,
114,D,nonparticipants_only,,,10,0,10,0,0,0,0.2253785764428085,0.2260488076857135,0.2926614222423254,0.00039503639554871567,0,0,0.0,0,0.0,0.0,50.0,0,,,,,,,,,,,,,,,,,,,,,,,,,,,
114,D,step_totals,,,,,,,,,,,,,,,,,,,,,69.90000000000006,,,51.0,0.7296137339055787,9.5,0.13590844062947055,0.0,0.0,0.00469514894046724,0.1568627450980392,0.0,0,8,21,30,,51,19,22,6.000000000000003,0.0858369098712446,3.400000000000001,0.04864091559370526,30,17,19
115,D,all_agents,,,40,30,10,0,16,14,0.41610811992745117,0.23066233800530678,0.9932648105420521,0.09534881053861523,684,30,0.75,0,0.0,0.0,31.325,5021,,,,,,,,,,,,,,,,,,,,,,,,,,,
115,D,participants_only,,,30,30,0,0,16,14,0.4795659124628766,0.2383728785989819,0.9932648105420521,0.11089528123405755,684,30,1.0,0,0.0,0.0,25.1,5021,,,,,,,,,,,,,,,,,,,,,,,,,,,
115,D,nonparticipants_only,,,10,0,10,0,0,0,0.2257347423211748,0.22627877349370157,0.29119811513111377,0.0003867012506590686,0,0,0.0,0,0.0,0.0,50.0,0,,,,,,,,,,,,,,,,,,,,,,,,,,,
115,D,step_totals,,,,,,,,,,,,,,,,,,,,,71.80000000000007,,,56.0,0.7799442896935925,7.0,0.09749303621169907,0.0,0.0,0.00514687689187702,0.17857142857142858,0.0,0,10,26,10,,56,14,20,6.000000000000003,0.08356545961002781,2.8000000000000003,0.03899721448467963,30,14,26
116,D,all_agents,,,40,30,10,0,16,14,0.4165076416383927,0.23079412845576497,0.99353421812037,0.09566671186027272,695,30,0.75,0,0.0,0.0,31.45,5071,,,,,,,,,,,,,,,,,,,,,,,,,,,
116,D,participants_only,,,30,30,0,0,16,14,0.4799805393331018,0.23867653163424726,0.99353421812037,0.11131436959537375,695,30,1.0,0,0.0,0.0,25.266666666666666,5071,,,,,,,,,,,,,,,,,,,,,,,,,,,
116,D,nonparticipants_only,,,10,0,10,0,0,0,0.22608894855426545,0.22731125464933313,0.28974212455545817,0.00037803375381354967,0,0,0.0,0,0.0,0.0,50.0,0,,,,,,,,,,,,,,,,,,,,,,,,,,,
116,D,step_totals,,,,,,,,,,,,,,,,,,,,,69.90000000000006,,,51.0,0.7296137339055787,9.5,0.13590844062947055,0.0,0.0,0.00492771772300455,0.21568627450980393,0.0,0,11,21,30,,51,19,22,6.000000000000003,0.0858369098712446,3.400000000000001,0.04864091559370526,30,17,19
117,D,all_agents,,,40,30,10,0,16,14,0.41708082439099425,0.23037559155897286,0.9937928493955552,0.09619574791815623,706,30,0.75,0,0.0,0.0,31.325,5126,,,,,,,,,,,,,,,,,,,,,,,,,,,
117,D,participants_only,,,30,30,0,0,16,14,0.48062740377338065,0.23748314897607603,0.9937928493955552,0.11198516979620013,706,30,1.0,0,0.0,0.0,25.1,5126,,,,,,,,,,,,,,,,,,,,,,,,,,,
117,D,nonparticipants_only,,,10,0,10,0,0,0,0.22644108624383522,0.22766520686923553,0.2882934139326809,0.00036946926960135945,0,0,0.0,0,0.0,0.0,50.0,0,,,,,,,,,,,,,,,,,,,,,,,,,,,
117,D,step_totals,,,,,,,,,,,,,,,,,,,,,71.60000000000005,,,56.0,0.7821229050279324,7.0,0.09776536312849154,0.0,0.0,0.00526823343141621,0.19642857142857142,0.0,0,11,26,10,,56,14,20,6.000000000000003,0.08379888268156423,2.6,0.03631284916201115,30,13,26
118,D,all_agents,,,40,30,10,0,16,14,0.4174585162191005,0.2307335061888381,0.994041135419733,0.09650216135556686,711,30,0.75,0,0.0,0.0,31.45,5177,,,,,,,,,,,,,,,,,,,,,,,,,,,
118,D,participants_only,,,30,30,0,0,16,14,0.4810143376475799,0.23801342492139002,0.994041135419733,0.11239171003261712,711,30,1.0,0,0.0,0.0,25.266666666666666,5177,,,,,,,,,,,,,,,,,,,,,,,,,,,
118,D,nonparticipants_only,,,10,0,10,0,0,0,0.22679105193366236,0.22794214957004852,0.28685194686301746,0.0003614060750309655,0,0,0.0,0,0.0,0.0,50.0,0,,,,,,,,,,,,,,,,,,,,,,,,,,,
118,D,step_totals,,,,,,,,,,,,,,,,,,,,,70.10000000000007,,,51.0,0.7275320970042789,9.5,0.13552068473609116,0.0,0.0,0.004845725576242517,0.09803921568627451,0.0,0,5,21,30,,51,19,22,6.000000000000003,0.08559201141226815,3.600000000000001,0.051355206847360876,30,18,19
119,D,all_agents,,,40,30,10,0,16,14,0.41797228950110543,0.23059789354431676,0.9942794900029437,0.09700270633531198,723,30,0.75,0,0.0,0.0,31.325,5231,,,,,,,,,,,,,,,,,,,,,,,,,,,
119,D,participants_only,,,30,30,0,0,16,14,0.4815834761147984,0.23682335779678307,0.9942794900029437,0.11303330544254105,723,30,1.0,0,0.0,0.0,25.1,5231,,,,,,,,,,,,,,,,,,,,,,,,,,,
119,D,nonparticipants_only,,,10,0,10,0,0,0,0.22713872966002643,0.22792060168362074,0.28541768712870236,0.00035431226479988804,0,0,0.0,0,0.0,0.0,50.0,0,,,,,,,,,,,,,,,,,,,,,,,,,,,
119,D,step_totals,,,,,,,,,,,,,,,,,,,,,72.00000000000006,,,56.0,0.7777777777777771,7.0,0.09722222222222214,0.0,0.0,0.005043222895706143,0.21428571428571427,0.0,0,12,26,10,,56,14,19,6.000000000000003,0.0833333333333333,3.0000000000000004,0.04166666666666664,30,15,25
120,D,all_agents,,,40,30,10,0,16,14,0.4182814218782512,0.23132598853100697,0.994508310402826,0.09725901004347928,727,30,0.75,0,0.0,0.0,31.45,5279,,,,,,,,,,,,,,,,,,,,,,,,,,,
120,D,participants_only,,,30,30,0,0,16,14,0.48188055978215033,0.23803687322559275,0.994508310402826,0.11338308609197775,727,30,1.0,0,0.0,0.0,25.266666666666666,5279,,,,,,,,,,,,,,,,,,,,,,,,,,,
120,D,nonparticipants_only,,,10,0,10,0,0,0,0.22748400816655384,0.22864027691740751,0.28399059869305887,0.00034857779255374576,0,0,0.0,0,0.0,0.0,50.0,0,,,,,,,,,,,,,,,,,,,,,,,,,,,
120,D,step_totals,,,,,,,,,,,,,,,,,,,,,69.90000000000006,,,51.0,0.7296137339055787,9.5,0.13590844062947055,0.0,0.0,0.004630053656562356,0.0784313725490196,0.0,0,4,21,30,,51,19,22,6.000000000000003,0.0858369098712446,3.400000000000001,0.04864091559370526,30,17,19
120,D,reachability,0.25,0.0,,,,,,,,,,,,,,,,,,,,,,,,,,,,,,,,,,,,,,,,,,,,,
121,D,all_agents,,,40,30,10,0,16,14,0.4186961137174766,0.23132659325139776,0.9947279779867129,0.0977081630458657,731,30,0.75,0,0.0,0.0,31.325,5329,,,,,,,,,,,,,,,,,,,,,,,,,,,
121,D,participants_only,,,30,30,0,0,16,14,0.4823189400329674,0.23684668885946478,0.9947279779867129,0.11397221749408765,731,30,1.0,0,0.0,0.0,25.1,5329,,,,,,,,,,,,,,,,,,,,,,,,,,,
121,D,nonparticipants_only,,,10,0,10,0,0,0,0.2278276347710044,0.22899269166539377,0.28257064569959356,0.00034163136074666345,0,0,0.0,0,0.0,0.0,50.0,0,,,,,,,,,,,,,,,,,,,,,,,,,,,
121,D,step_totals,,,,,,,,,,,,,,,,,,,,,72.20000000000007,,,56.0,0.7756232686980602,7.0,0.09695290858725752,0.0,0.0,0.004701657957665247,0.07142857142857142,0.0,0,4,26,10,,56,14,19,6.000000000000003,0.0831024930747922,3.2000000000000006,0.04432132963988916,30,16,25
122,D,all_agents,,,40,30,10,0,16,14,0.41901438730527324,0.232017501742582,0.9949388588672443,0.09797333074591451,739,30,0.75,0,0.0,0.0,31.45,5378,,,,,,,,,,,,,,,,,,,,,,,,,,,
122,D,participants_only,,,30,30,0,0,16,14,0.482629381363511,0.2374506824019329,0.9949388588672443,0.11433222813042,739,30,1.0,0,0.0,0.0,25.266666666666666,5378,,,,,,,,,,,,,,,,,,,,,,,,,,,
122,D,nonparticipants_only,,,10,0,10,0,0,0,0.22816940513055997,0.22967889033628583,0.28115779247109557,0.0003342289640425279,0,0,0.0,0,0.0,0.0,50.0,0,,,,,,,,,,,,,,,,,,,,,,,,,,,
122,D,step_totals,,,,,,,,,,,,,,,,,,,,,69.90000000000006,,,51.0,0.7296137339055787,9.5,0.13590844062947055,0.0,0.0,0.004666635615825511,0.1568627450980392,0.0,0,8,21,30,,51,19,22,6.000000000000003,0.0858369098712446,3.400000000000001,0.04864091559370526,30,17,19
123,D,all_agents,,,40,30,10,0,16,14,0.4195039964948586,0.23159221417356984,0.9951413045125546,0.09847805407300192,745,30,0.75,0,0.0,0.0,31.325,5433,,,,,,,,,,,,,,,,,,,,,,,,,,,
123,D,participants_only,,,30,30,0,0,16,14,0.4831689818025683,0.23626342898992325,0.9951413045125546,0.11498201568202299,745,30,1.0,0,0.0,0.0,25.1,5433,,,,,,,,,,,,,,,,,,,,,,,,,,,
123,D,nonparticipants_only,,,10,0,10,0,0,0,0.22850904057172944,0.23025804730303012,0.2797520035087401,0.0003274049951679619,0,0,0.0,0,0.0,0.0,50.0,0,,,,,,,,,,,,,,,,,,,,,,,,,,,
123,D,step_totals,,,,,,,,,,,,,,,,,,,,,72.20000000000006,,,56.0,0.7756232686980603,7.0,0.09695290858725754,0.0,0.0,0.004952711458989034,0.10714285714285714,0.0,0,6,26,10,,56,14,19,6.000000000000003,0.08310249307479221,3.2000000000000006,0.04432132963988917,30,16,25
124,D,all_agents,,,40,30,10,0,16,14,0.41982135589333275,0.23228818330038406,0.9953356523320523,0.09874732265320359,753,30,0.75,0,0.0,0.0,31.45,5483,,,,,,,,,,,,,,,,,,,,,,,,,,,
124,D,participants_only,,,30,30,0,0,16,14,0.4834795658581815,0.2365640070877481,0.9953356523320523,0.1153467784068318,753,30,1.0,0,0.0,0.0,25.266666666666666,5483,,,,,,,,,,,,,,,,,,,,,,,,,,,
124,D,nonparticipants_only,,,10,0,10,0,0,0,0.2288467259987866,0.2303298927962074,0.2783532434911964,0.0003205430411737299,0,0,0.0,0,0.0,0.0,50.0,0,,,,,,,,,,,,,,,,,,,,,,,,,,,
124,D,step_totals,,,,,,,,,,,,,,,,,,,,,69.90000000000005,,,51.0,0.7296137339055789,9.5,0.13590844062947058,0.0,0.0,0.004669251716414752,0.1568627450980392,0.0,0,8,21,30,,51,19,23,6.000000000000003,0.08583690987124461,3.400000000000001,0.04864091559370527,30,17,19
125,D,all_agents,,,40,30,10,0,16,14,0.4203410399487796,0.2321265491482348,0.9955222262387703,0.09925876639637811,762,30,0.75,0,0.0,0.0,31.325,5539,,,,,,,,,,,,,,,,,,,,,,,,,,,
125,D,participants_only,,,30,30,0,0,16,14,0.4840607728087805,0.23538118705230937,0.9955222262387703,0.11599891885167507,762,30,1.0,0,0.0,0.0,25.1,5539,,,,,,,,,,,,,,,,,,,,,,,,,,,
125,D,nonparticipants_only,,,10,0,10,0,0,0,0.2291818413687766,0.23056398401891504,0.27696147727374043,0.00031585676148854653,0,0,0.0,0,0.0,0.0,50.0,0,,,,,,,,,,,,,,,,,,,,,,,,,,,
125,D,step_totals,,,,,,,,,,,,,,,,,,,,,72.00000000000007,,,56.0,0.777777777777777,7.0,0.09722222222222213,0.0,0.0,0.005068306841421637,0.16071428571428573,0.0,0,9,26,10,,56,14,19,6.000000000000003,0.08333333333333329,3.0000000000000004,0.04166666666666663,30,15,24
126,D,all_agents,,,40,30,10,0,16,14,0.4206403385759796,0.23289527410354535,0.9957013371892195,0.09951741076786871,765,30,0.75,0,0.0,0.0,31.45,5590,,,,,,,,,,,,,,,,,,,,,,,,,,,
126,D,participants_only,,,30,30,0,0,16,14,0.4843487972484282,0.23682436477745505,0.9957013371892195,0.11635102321526862,765,30,1.0,0,0.0,0.0,25.266666666666666,5590,,,,,,,,,,,,,,,,,,,,,,,,,,,
126,D,nonparticipants_only,,,10,0,10,0,0,0,0.22951496255863377,0.23096591640249364,0.27557666988737173,0.0003113609486399171,0,0,0.0,0,0.0,0.0,50.0,0,,,,,,,,,,,,,,,,,,,,,,,,,,,
126,D,step_totals,,,,,,,,,,,,,,,,,,,,,69.90000000000006,,,51.0,0.7296137339055787,9.5,0.13590844062947055,0.0,0.0,0.004613160275405571,0.058823529411764705,0.0,0,3,21,30,,51,19,23,6.000000000000003,0.0858369098712446,3.400000000000001,0.04864091559370526,30,17,19
127,D,all_agents,,,40,30,10,0,16,14,0.4210835292775756,0.23232235173906346,0.9958732837016507,0.0999823753438427,769,30,0.75,0,0.0,0.0,31.325,5643,,,,,,,,,,,,,,,,,,,,,,,,,,,
127,D,participants_only,,,30,30,0,0,16,14,0.48482919695880344,0.23564024295356778,0.9958732837016507,0.11695394112767278,769,30,1.0,0,0.0,0.0,25.1,5643,,,,,,,,,,,,,,,,,,,,,,,,,,,
127,D,nonparticipants_only,,,10,0,10,0,0,0,0.22984652623389196,0.23179789791716976,0.2741987865379349,0.00030555621484603415,0,0,0.0,0,0.0,0.0,50.0,0,,,,,,,,,,,,,,,,,,,,,,,,,,,
127,D,step_totals,,,,,,,,,,,,,,,,,,,,,72.00000000000006,,,56.0,0.7777777777777771,7.0,0.09722222222222214,0.0,0.0,0.004815274241851958,0.07142857142857142,0.0,0,4,26,10,,56,14,19,6.000000000000003,0.0833333333333333,3.0000000000000004,0.04166666666666664,30,15,24
128,D,all_agents,,,40,30,10,0,16,14,0.42132426408133833,0.23330593635316305,0.9960383523535847,0.10020671957287763,774,30,0.75,0,0.0,0.0,31.45,5692,,,,,,,,,,,,,,,,,,,,,,,,,,,
128,D,participants_only,,,30,30,0,0,16,14,0.48504025757147934,0.2373820931463937,0.9960383523535847,0.11727025903097497,774,30,1.0,0,0.0,0.0,25.266666666666666,5692,,,,,,,,,,,,,,,,,,,,,,,,,,,
128,D,nonparticipants_only,,,10,0,10,0,0,0,0.23017628361091536,0.23205435898457805,0.2728277926052452,0.000299367281357379,0,0,0.0,0,0.0,0.0,50.0,0,,,,,,,,,,,,,,,,,,,,,,,,,,,
128,D,step_totals,,,,,,,,,,,,,,,,,,,,,69.90000000000008,,,51.0,0.7296137339055786,9.5,0.13590844062947052,0.0,0.0,0.004417862372456816,0.09803921568627451,0.0,0,5,21,30,,51,19,23,6.000000000000003,0.08583690987124458,3.400000000000001,0.04864091559370525,30,17,19
129,D,all_agents,,,40,30,10,0,16,14,0.4217902774425348,0.23340040210918034,0.9961968182594414,0.10070201197308938,788,30,0.75,0,0.0,0.0,31.325,5747,,,,,,,,,,,,,,,,,,,,,,,,,,,
129,D,participants_only,,,30,30,0,0,16,14,0.4855523425014315,0.23619518268066175,0.9961968182594414,0.11790915541320834,788,30,1.0,0,0.0,0.0,25.1,5747,,,,,,,,,,,,,,,,,,,,,,,,,,,
129,D,nonparticipants_only,,,10,0,10,0,0,0,0.23050408226584457,0.23252777558019644,0.27146365364221897,0.00029337036583272007,0,0,0.0,0,0.0,0.0,50.0,0,,,,,,,,,,,,,,,,,,,,,,,,,,,
129,D,step_totals,,,,,,,,,,,,,,,,,,,,,72.20000000000006,,,56.0,0.7756232686980603,7.0,0.09695290858725754,0.0,0.0,0.00487885120351372,0.25,0.0,0,14,26,10,,56,14,19,6.000000000000003,0.08310249307479221,3.2000000000000006,0.04432132963988917,30,16,24
130,D,all_agents,,,40,30,10,0,16,14,0.4220562852413746,0.2337728604766492,0.9963489455290637,0.10093641795942764,796,30,0.75,0,0.0,0.0,31.45,5798,,,,,,,,,,,,,,,,,,,,,,,,,,,
130,D,participants_only,,,30,30,0,0,16,14,0.4857984192118033,0.236821773596612,0.9963489455290637,0.11823373996229708,796,30,1.0,0,0.0,0.0,25.266666666666666,5798,,,,,,,,,,,,,,,,,,,,,,,,,,,
130,D,nonparticipants_only,,,10,0,10,0,0,0,0.23082988333008878,0.23230953271295585,0.27010633537400786,0.00028773623357046096,0,0,0.0,0,0.0,0.0,50.0,0,,,,,,,,,,,,,,,,,,,,,,,,,,,
130,D,step_totals,,,,,,,,,,,,,,,,,,,,,69.90000000000005,,,51.0,0.7296137339055789,9.5,0.13590844062947058,0.0,0.0,0.004510205299860444,0.1568627450980392,0.0,0,8,21,30,,51,19,23,6.000000000000003,0.08583690987124461,3.400000000000001,0.04864091559370527,30,17,19
130,D,reachability,0.25,0.0,,,,,,,,,,,,,,,,,,,,,,,,,,,,,,,,,,,,,,,,,,,,,
131,D,all_agents,,,40,30,10,0,16,14,0.4224090764250103,0.23365378745032783,0.9964949877079011,0.10138563939620025,803,30,0.75,0,0.0,0.0,31.325,5852,,,,,,,,,,,,,,,,,,,,,,,,,,,
131,D,participants_only,,,30,30,0,0,16,14,0.4861610093748675,0.23563766472862896,0.9964949877079011,0.11882897227601083,803,30,1.0,0,0.0,0.0,25.1,5852,,,,,,,,,,,,,,,,,,,,,,,,,,,
131,D,nonparticipants_only,,,10,0,10,0,0,0,0.2311532775754387,0.23301373670694636,0.2687558036971378,0.0002839332986514556,0,0,0.0,0,0.0,0.0,50.0,0,,,,,,,,,,,,,,,,,,,,,,,,,,,
131,D,step_totals,,,,,,,,,,,,,,,,,,,,,72.20000000000006,,,56.0,0.7756232686980603,7.0,0.09695290858725754,0.0,0.0,0.004503462009413623,0.125,0.0,0,7,26,10,,56,14,19,6.000000000000003,0.08310249307479221,3.2000000000000006,0.04432132963988917,30,16,23
132,D,all_agents,,,40,30,10,0,16,14,0.42262862271386664,0.2343122324832192,0.9966351881995851,0.10158889031544945,812,30,0.75,0,0.0,0.0,31.45,5902,,,,,,,,,,,,,,,,,,,,,,,,,,,
132,D,participants_only,,,30,30,0,0,16,14,0.48634655925807435,0.23597423130697892,0.9966351881995851,0.11911859326819427,812,30,1.0,0,0.0,0.0,25.266666666666666,5902,,,,,,,,,,,,,,,,,,,,,,,,,,,
132,D,nonparticipants_only,,,10,0,10,0,0,0,0.23147481308124337,0.23322175042794396,0.2674120246786521,0.0002800762077947745,0,0,0.0,0,0.0,0.0,50.0,0,,,,,,,,,,,,,,,,,,,,,,,,,,,
132,D,step_totals,,,,,,,,,,,,,,,,,,,,,69.90000000000006,,,51.0,0.7296137339055787,9.5,0.13590844062947055,0.0,0.0,0.00435415496051035,0.17647058823529413,0.0,0,9,21,30,,51,19,23,6.000000000000003,0.0858369098712446,3.400000000000001,0.04864091559370526,30,17,19
133,D,all_agents,,,40,30,10,0,16,14,0.422976653529129,0.23415723552042966,0.9967697806716017,0.10202572002656958,821,30,0.75,0,0.0,0.0,31.325,5956,,,,,,,,,,,,,,,,,,,,,,,,,,,
133,D,participants_only,,,30,30,0,0,16,14,0.4867039640648198,0.23479436015044403,0.9967697806716017,0.11969781813291501,821,30,1.0,0,0.0,0.0,25.1,5956,,,,,,,,,,,,,,,,,,,,,,,,,,,
133,D,nonparticipants_only,,,10,0,10,0,0,0,0.23179472192205652,0.23415723552042966,0.26607496455525886,0.000275384410184851,0,0,0.0,0,0.0,0.0,50.0,0,,,,,,,,,,,,,,,,,,,,,,,,,,,
133,D,step_totals,,,,,,,,,,,,,,,,,,,,,72.00000000000006,,,56.0,0.7777777777777771,7.0,0.09722222222222214,0.0,0.0,0.004501064091851526,0.16071428571428573,0.0,0,9,26,10,,56,14,19,6.000000000000003,0.0833333333333333,3.0000000000000004,0.04166666666666664,30,15,23
134,D,all_agents,,,40,30,10,0,16,14,0.4231534059954514,0.23468414204319468,0.9968989894447376,0.10219386761455077,833,30,0.75,0,0.0,0.0,31.45,6003,,,,,,,,,,,,,,,,,,,,,,,,,,,
134,D,participants_only,,,30,30,0,0,16,14,0.48683354589900485,0.2362230982246969,0.9968989894447376,0.1199478599290037,833,30,1.0,0,0.0,0.0,25.266666666666666,6003,,,,,,,,,,,,,,,,,,,,,,,,,,,
134,D,nonparticipants_only,,,10,0,10,0,0,0,0.23211298628479116,0.23440568077872595,0.26474458973248255,0.00026996805355832855,0,0,0.0,0,0.0,0.0,50.0,0,,,,,,,,,,,,,,,,,,,,,,,,,,,
134,D,step_totals,,,,,,,,,,,,,,,,,,,,,69.90000000000006,,,51.0,0.7296137339055787,9.5,0.13590844062947055,0.0,0.0,0.0042164117776259625,0.23529411764705882,0.0,0,12,21,30,,51,19,23,6.000000000000003,0.0858369098712446,3.400000000000001,0.04864091559370526,30,17,19
135,D,all_agents,,,40,30,10,0,16,14,0.42351284293857316,0.23479770464898103,0.9970230298669481,0.1026454755893193,842,30,0.75,0,0.0,0.0,31.325,6058,,,,,,,,,,,,,,,,,,,,,,,,,,,
135,D,participants_only,,,30,30,0,0,16,14,0.487207374565456,0.2350419827335734,0.9970230298669481,0.12054428616596362,842,30,1.0,0,0.0,0.0,25.1,6058,,,,,,,,,,,,,,,,,,,,,,,,,,,
135,D,nonparticipants_only,,,10,0,10,0,0,0,0.23242924805792495,0.23479770464898103,0.26342086678382015,0.00026512354937073725,0,0,0.0,0,0.0,0.0,50.0,0,,,,,,,,,,,,,,,,,,,,,,,,,,,
135,D,step_totals,,,,,,,,,,,,,,,,,,,,,72.00000000000006,,,56.0,0.7777777777777771,7.0,0.09722222222222214,0.0,0.0,0.0045380073079513625,0.16071428571428573,0.0,0,9,26,10,,56,14,19,6.000000000000003,0.0833333333333333,3.0000000000000004,0.04166666666666664,30,15,22
136,D,all_agents,,,40,30,10,0,16,14,0.4237066782164118,0.23540133477500091,0.9971421086722702,0.10282661056979314,853,30,0.75,0,0.0,0.0,31.45,6108,,,,,,,,,,,,,,,,,,,,,,,,,,,
136,D,participants_only,,,30,30,0,0,16,14,0.4873610197824811,0.23675621149766335,0.9971421086722702,0.12080785655073414,853,30,1.0,0,0.0,0.0,25.266666666666666,6108,,,,,,,,,,,,,,,,,,,,,,,,,,,
136,D,nonparticipants_only,,,10,0,10,0,0,0,0.23274365351820375,0.23470841547665877,0.262103762449901,0.0002603702244522408,0,0,0.0,0,0.0,0.0,50.0,0,,,,,,,,,,,,,,,,,,,,,,,,,,,
136,D,step_totals,,,,,,,,,,,,,,,,,,,,,69.90000000000006,,,51.0,0.7296137339055787,9.5,0.13590844062947055,0.0,0.0,0.004277691607878397,0.21568627450980393,0.0,0,11,21,30,,51,19,23,6.000000000000003,0.0858369098712446,3.400000000000001,0.04864091559370526,30,17,19
137,D,all_agents,,,40,30,10,0,16,14,0.42402537071860663,0.23542919793581113,0.9972564243253793,0.10325467170310129,864,30,0.75,0,0.0,0.0,31.325,6162,,,,,,,,,,,,,,,,,,,,,,,,,,,
137,D,participants_only,,,30,30,0,0,16,14,0.48768189433657655,0.23557243044017503,0.9972564243253793,0.12137856583899263,864,30,1.0,0,0.0,0.0,25.1,6162,,,,,,,,,,,,,,,,,,,,,,,,,,,
137,D,nonparticipants_only,,,10,0,10,0,0,0,0.23305579986469696,0.23542919793581113,0.26240571063296736,0.00025715330592534293,0,0,0.0,0,0.0,0.0,50.0,0,,,,,,,,,,,,,,,,,,,,,,,,,,,
137,D,step_totals,,,,,,,,,,,,,,,,,,,,,72.20000000000005,,,56.0,0.7756232686980604,7.0,0.09695290858725755,0.0,0.0,0.004389095026964231,0.19642857142857142,0.0,0,11,26,10,,56,14,19,6.000000000000003,0.08310249307479223,3.2000000000000006,0.044321329639889176,30,16,22
138,D,all_agents,,,40,30,10,0,16,14,0.42418648266588777,0.23594798594526017,0.9973661673523642,0.10340002820970126,869,30,0.75,0,0.0,0.0,31.45,6210,,,,,,,,,,,,,,,,,,,,,,,,,,,
138,D,participants_only,,,30,30,0,0,16,14,0.4877932994340694,0.23622062140447941,0.9973661673523642,0.12159862964343313,869,30,1.0,0,0.0,0.0,25.266666666666666,6210,,,,,,,,,,,,,,,,,,,,,,,,,,,
138,D,nonparticipants_only,,,10,0,10,0,0,0,0.23336603236134298,0.23574797186009327,0.26212786104587665,0.00025429823593337383,0,0,0.0,0,0.0,0.0,50.0,0,,,,,,,,,,,,,,,,,,,,,,,,,,,
138,D,step_totals,,,,,,,,,,,,,,,,,,,,,69.90000000000006,,,51.0,0.7296137339055787,9.5,0.13590844062947055,0.0,0.0,0.004167297595356711,0.09803921568627451,0.0,0,5,21,30,,51,19,23,6.000000000000003,0.0858369098712446,3.400000000000001,0.04864091559370526,30,17,19
139,D,all_agents,,,40,30,10,0,16,14,0.4245186989509884,0.2359288089591316,0.9974715206582696,0.1038394511940685,877,30,0.75,0,0.0,0.0,31.325,6264,,,,,,,,,,,,,,,,,,,,,,,,,,,
139,D,participants_only,,,30,30,0,0,16,14,0.4881333349787774,0.235039518297457,0.9974715206582696,0.12218188202184767,877,30,1.0,0,0.0,0.0,25.1,6264,,,,,,,,,,,,,,,,,,,,,,,,,,,
139,D,nonparticipants_only,,,10,0,10,0,0,0,0.23367479086762152,0.23636866734576006,0.26220226744471214,0.00025029570735420054,0,0,0.0,0,0.0,0.0,50.0,0,,,,,,,,,,,,,,,,,,,,,,,,,,,
139,D,step_totals,,,,,,,,,,,,,,,,,,,,,72.20000000000006,,,56.0,0.7756232686980603,7.0,0.09695290858725754,0.0,0.0,0.004433289049380167,0.14285714285714285,0.0,0,8,26,10,,56,14,19,6.000000000000003,0.08310249307479221,3.2000000000000006,0.04432132963988917,30,16,22
140,D,all_agents,,,40,30,10,0,16,14,0.4246982062612411,0.2364621621110516,0.9975726598319388,0.10400530776048261,884,30,0.75,0,0.0,0.0,31.45,6314,,,,,,,,,,,,,,,,,,,,,,,,,,,
140,D,participants_only,,,30,30,0,0,16,14,0.4882703238505916,0.2354104850205913,0.9975726598319388,0.12242609757057221,884,30,1.0,0,0.0,0.0,25.266666666666666,6314,,,,,,,,,,,,,,,,,,,,,,,,,,,
140,D,nonparticipants_only,,,10,0,10,0,0,0,0.23398185349318962,0.23682081974550823,0.2610654604956652,0.000245968712683327,0,0,0.0,0,0.0,0.0,50.0,0,,,,,,,,,,,,,,,,,,,,,,,,,,,
140,D,step_totals,,,,,,,,,,,,,,,,,,,,,69.90000000000005,,,51.0,0.7296137339055789,9.5,0.13590844062947058,0.0,0.0,0.004233450406419061,0.13725490196078433,0.0,0,7,21,30,,51,19,23,6.000000000000003,0.08583690987124461,3.400000000000001,0.04864091559370527,30,17,19
140,D,reachability,0.25,0.0,,,,,,,,,,,,,,,,,,,,,,,,,,,,,,,,,,,,,,,,,,,,,
141,D,all_agents,,,40,30,10,0,16,14,0.4249288623804545,0.23622977146153035,0.9976697534386613,0.1043790707654874,891,30,0.75,0,0.0,0.0,31.325,6364,,,,,,,,,,,,,,,,,,,,,,,,,,,
141,D,participants_only,,,30,30,0,0,16,14,0.48847613222835284,0.23423343259548834,0.9976697534386613,0.12293842470683494,891,30,1.0,0,0.0,0.0,25.1,6364,,,,,,,,,,,,,,,,,,,,,,,,,,,
141,D,nonparticipants_only,,,10,0,10,0,0,0,0.23428705283675946,0.2369426751282549,0.26125187368200176,0.0002419428799854831,0,0,0.0,0,0.0,0.0,50.0,0,,,,,,,,,,,,,,,,,,,,,,,,,,,
141,D,step_totals,,,,,,,,,,,,,,,,,,,,,72.20000000000006,,,56.0,0.7756232686980603,7.0,0.09695290858725754,0.0,0.0,0.0040951565862143114,0.125,0.0,0,7,26,10,,56,14,19,6.000000000000003,0.08310249307479221,3.2000000000000006,0.04432132963988917,30,16,22
142,D,all_agents,,,40,30,10,0,16,14,0.4251250222532638,0.23647574814604544,0.9977629633011148,0.10455527234179153,895,30,0.75,0,0.0,0.0,31.45,6415,,,,,,,,,,,,,,,,,,,,,,,,,,,
142,D,participants_only,,,30,30,0,0,16,14,0.48863652211653574,0.23454331240808976,0.9977629633011148,0.12319292651928085,895,30,1.0,0,0.0,0.0,25.266666666666666,6415,,,,,,,,,,,,,,,,,,,,,,,,,,,
142,D,nonparticipants_only,,,10,0,10,0,0,0,0.23459052266344813,0.23717082647276216,0.26100161870381966,0.0002377824307349831,0,0,0.0,0,0.0,0.0,50.0,0,,,,,,,,,,,,,,,,,,,,,,,,,,,
142,D,step_totals,,,,,,,,,,,,,,,,,,,,,69.90000000000006,,,51.0,0.7296137339055787,9.5,0.13590844062947055,0.0,0.0,0.004294318752538934,0.0784313725490196,0.0,0,4,21,30,,51,19,23,6.000000000000003,0.0858369098712446,3.400000000000001,0.04864091559370526,30,17,20
143,D,all_agents,,,40,30,10,0,16,14,0.4254077298256273,0.23609527044371797,0.9978524447690702,0.10497740364151183,906,30,0.75,0,0.0,0.0,31.325,6469,,,,,,,,,,,,,,,,,,,,,,,,,,,
143,D,participants_only,,,30,30,0,0,16,14,0.488913074561183,0.2333705958460493,0.9978524447690702,0.12375965455819044,906,30,1.0,0,0.0,0.0,25.1,6469,,,,,,,,,,,,,,,,,,,,,,,,,,,
143,D,nonparticipants_only,,,10,0,10,0,0,0,0.23489169561896037,0.23753439117583308,0.2633517336857924,0.00023550517169481877,0,0,0.0,0,0.0,0.0,50.0,0,,,,,,,,,,,,,,,,,,,,,,,,,,,
143,D,step_totals,,,,,,,,,,,,,,,,,,,,,72.20000000000006,,,56.0,0.7756232686980603,7.0,0.09695290858725754,0.0,0.0,0.004268320826294155,0.19642857142857142,0.0,0,11,26,10,,56,14,19,6.000000000000003,0.08310249307479221,3.2000000000000006,0.04432132963988917,30,16,22
144,D,all_agents,,,40,30,10,0,16,14,0.4255557666467523,0.23691265222554464,0.9979383469783074,0.10512319383712296,915,30,0.75,0,0.0,0.0,31.45,6518,,,,,,,,,,,,,,,,,,,,,,,,,,,
144,D,participants_only,,,30,30,0,0,16,14,0.48901065071299754,0.23463633843755355,0.9979383469783074,0.12398042068312883,915,30,1.0,0,0.0,0.0,25.266666666666666,6518,,,,,,,,,,,,,,,,,,,,,,,,,,,
144,D,nonparticipants_only,,,10,0,10,0,0,0,0.23519111444801682,0.23828695335967745,0.26308347094706036,0.0002332455567780042,0,0,0.0,0,0.0,0.0,50.0,0,,,,,,,,,,,,,,,,,,,,,,,,,,,
144,D,step_totals,,,,,,,,,,,,,,,,,,,,,69.90000000000008,,,51.0,0.7296137339055786,9.5,0.13590844062947052,0.0,0.0,0.004131514191530186,0.17647058823529413,0.0,0,9,21,30,,51,19,23,6.000000000000003,0.08583690987124458,3.400000000000001,0.04864091559370525,30,17,20
145,D,all_agents,,,40,30,10,0,16,14,0.4258585928281743,0.23709551859287906,0.9980208130991751,0.10555886520801847,923,30,0.75,0,0.0,0.0,31.325,6574,,,,,,,,,,,,,,,,,,,,,,,,,,,
145,D,participants_only,,,30,30,0,0,16,14,0.48931512203391997,0.23346315674536577,0.9980208130991751,0.12456148192392562,923,30,1.0,0,0.0,0.0,25.1,6574,,,,,,,,,,,,,,,,,,,,,,,,,,,
145,D,nonparticipants_only,,,10,0,10,0,0,0,0.23548900521093738,0.23825387429215172,0.2631553100472721,0.00023024187422122225,0,0,0.0,0,0.0,0.0,50.0,0,,,,,,,,,,,,,,,,,,,,,,,,,,,
145,D,step_totals,,,,,,,,,,,,,,,,,,,,,72.20000000000006,,,56.0,0.7756232686980603,7.0,0.09695290858725754,0.0,0.0,0.004335361962067195,0.14285714285714285,0.0,0,8,26,10,,56,14,19,6.000000000000003,0.08310249307479221,3.2000000000000006,0.04432132963988917,30,16,22
146,D,all_agents,,,40,30,10,0,16,14,0.42601449822656495,0.23706260492069095,0.9980999805752081,0.10570168182449854,930,30,0.75,0,0.0,0.0,31.45,6624,,,,,,,,,,,,,,,,,,,,,,,,,,,
146,D,participants_only,,,30,30,0,0,16,14,0.48942422205578406,0.23448113848267516,0.9980999805752081,0.12477684248815302,930,30,1.0,0,0.0,0.0,25.266666666666666,6624,,,,,,,,,,,,,,,,,,,,,,,,,,,
146,D,nonparticipants_only,,,10,0,10,0,0,0,0.23578532673890756,0.23867162454122165,0.2620577271832697,0.0002266829203610771,0,0,0.0,0,0.0,0.0,50.0,0,,,,,,,,,,,,,,,,,,,,,,,,,,,
146,D,step_totals,,,,,,,,,,,,,,,,,,,,,69.90000000000006,,,51.0,0.7296137339055787,9.5,0.13590844062947055,0.0,0.0,0.004162082652938233,0.13725490196078433,0.0,0,7,21,30,,51,19,23,6.000000000000003,0.0858369098712446,3.400000000000001,0.04864091559370526,30,17,20
147,D,all_agents,,,40,30,10,0,16,14,0.426246145793313,0.2370375653024791,0.9981759813521998,0.10609061694567183,939,30,0.75,0,0.0,0.0,31.325,6677,,,,,,,,,,,,,,,,,,,,,,,,,,,
147,D,participants_only,,,30,30,0,0,16,14,0.4896348910032841,0.23330873279026176,0.9981759813521998,0.1253072241758032,939,30,1.0,0,0.0,0.0,25.1,6677,,,,,,,,,,,,,,,,,,,,,,,,,,,
147,D,nonparticipants_only,,,10,0,10,0,0,0,0.2360799101633995,0.23874974849689568,0.2622377084185345,0.00022319902374198151,0,0,0.0,0,0.0,0.0,50.0,0,,,,,,,,,,,,,,,,,,,,,,,,,,,
147,D,step_totals,,,,,,,,,,,,,,,,,,,,,72.40000000000006,,,56.0,0.7734806629834248,7.0,0.0966850828729281,0.0,0.0,0.004087722597658103,0.16071428571428573,0.0,0,9,26,10,,56,14,19,6.000000000000003,0.08287292817679555,3.400000000000001,0.0469613259668508,30,17,22
148,D,all_agents,,,40,30,10,0,16,14,0.42637409594017694,0.2375842285378325,0.9982489420981118,0.1062195669801905,948,30,0.75,0,0.0,0.0,31.45,6726,,,,,,,,,,,,,,,,,,,,,,,,,,,
148,D,participants_only,,,30,30,0,0,16,14,0.489707890762215,0.23370863852612722,0.9982489420981118,0.12550808649174952,948,30,1.0,0,0.0,0.0,25.266666666666666,6726,,,,,,,,,,,,,,,,,,,,,,,,,,,
148,D,nonparticipants_only,,,10,0,10,0,0,0,0.23637271147406294,0.23886304664150143,0.26199608817165426,0.00021997364679332253,0,0,0.0,0,0.0,0.0,50.0,0,,,,,,,,,,,,,,,,,,,,,,,,,,,
148,D,step_totals,,,,,,,,,,,,,,,,,,,,,70.10000000000007,,,51.0,0.7275320970042789,9.5,0.13552068473609116,0.0,0.0,0.004056264908094592,0.17647058823529413,0.0,0,9,21,30,,51,19,23,6.000000000000003,0.08559201141226815,3.600000000000001,0.051355206847360876,30,18,20
149,D,all_agents,,,40,30,10,0,16,14,0.4266075522398726,0.23766873140829392,0.9983189844141873,0.10660821822815446,959,30,0.75,0,0.0,0.0,31.325,6780,,,,,,,,,,,,,,,,,,,,,,,,,,,
149,D,participants_only,,,30,30,0,0,16,14,0.4899222742941073,0.23254009533349657,0.9983189844141873,0.1260365267468099,959,30,1.0,0,0.0,0.0,25.1,6780,,,,,,,,,,,,,,,,,,,,,,,,,,,
149,D,nonparticipants_only,,,10,0,10,0,0,0,0.23666338607716877,0.23921406700461695,0.2642651154104576,0.00021824432652830034,0,0,0.0,0,0.0,0.0,50.0,0,,,,,,,,,,,,,,,,,,,,,,,,,,,
149,D,step_totals,,,,,,,,,,,,,,,,,,,,,72.40000000000006,,,56.0,0.7734806629834248,7.0,0.0966850828729281,0.0,0.0,0.0040930341928069255,0.19642857142857142,0.0,0,11,26,10,,56,14,19,6.000000000000003,0.08287292817679555,3.400000000000001,0.0469613259668508,30,17,22
150,D,all_agents,,,40,30,10,0,16,14,0.42675999207206644,0.23801799666959386,0.9983862250376199,0.10675063706764855,968,30,0.75,0,0.0,0.0,31.45,6830,,,,,,,,,,,,,,,,,,,,,,,,,,,
150,D,participants_only,,,30,30,0,0,16,14,0.4900292343434589,0.23292192255918598,0.9983862250376199,0.12624990027576682,968,30,1.0,0,0.0,0.0,25.266666666666666,6830,,,,,,,,,,,,,,,,,,,,,,,,,,,
150,D,nonparticipants_only,,,10,0,10,0,0,0,0.2369522652578889,0.2399406629827434,0.2640061087380147,0.00021688323213975424,0,0,0.0,0,0.0,0.0,50.0,0,,,,,,,,,,,,,,,,,,,,,,,,,,,
150,D,step_totals,,,,,,,,,,,,,,,,,,,,,69.90000000000006,,,51.0,0.7296137339055787,9.5,0.13590844062947055,0.0,0.0,0.004153438521558862,0.17647058823529413,0.0,0,9,21,30,,51,19,23,6.000000000000003,0.0858369098712446,3.400000000000001,0.04864091559370526,30,17,20
150,D,reachability,0.25,0.0,,,,,,,,,,,,,,,,,,,,,,,,,,,,,,,,,,,,,,,,,,,,,
151,D,all_agents,,,40,30,10,0,16,14,0.42697152852551146,0.23825821250722024,0.9984507760361151,0.10712811223343001,978,30,0.75,0,0.0,0.0,31.325,6883,,,,,,,,,,,,,,,,,,,,,,,,,,,
151,D,participants_only,,,30,30,0,0,16,14,0.4902154596305648,0.23175731294639002,0.9984507760361151,0.1267667803227598,978,30,1.0,0,0.0,0.0,25.1,6883,,,,,,,,,,,,,,,,,,,,,,,,,,,
151,D,nonparticipants_only,,,10,0,10,0,0,0,0.2372397352103514,0.23990872526657814,0.26407546912099256,0.00021457010599187007,0,0,0.0,0,0.0,0.0,50.0,0,,,,,,,,,,,,,,,,,,,,,,,,,,,
151,D,step_totals,,,,,,,,,,,,,,,,,,,,,72.40000000000006,,,56.0,0.7734806629834248,7.0,0.0966850828729281,0.0,0.0,0.004020536253765829,0.17857142857142858,0.0,0,10,26,10,,56,14,19,6.000000000000003,0.08287292817679555,3.400000000000001,0.0469613259668508,30,17,22
152,D,all_agents,,,40,30,10,0,16,14,0.4270798144252736,0.238263666216812,0.9985127449946705,0.10723241529027548,986,30,0.75,0,0.0,0.0,31.45,6932,,,,,,,,,,,,,,,,,,,,,,,,,,,
152,D,participants_only,,,30,30,0,0,16,14,0.49026450284777395,0.2341815144638284,0.9985127449946705,0.1269368300195834,986,30,1.0,0,0.0,0.0,25.266666666666666,6932,,,,,,,,,,,,,,,,,,,,,,,,,,,
152,D,nonparticipants_only,,,10,0,10,0,0,0,0.23752574915777264,0.24031206157200474,0.2630157569646219,0.00021151288977042,0,0,0.0,0,0.0,0.0,50.0,0,,,,,,,,,,,,,,,,,,,,,,,,,,,
152,D,step_totals,,,,,,,,,,,,,,,,,,,,,69.90000000000005,,,51.0,0.7296137339055789,9.5,0.13590844062947058,0.0,0.0,0.004003955765782374,0.1568627450980392,0.0,0,8,21,30,,51,19,23,6.000000000000003,0.08583690987124461,3.400000000000001,0.04864091559370527,30,17,20
153,D,all_agents,,,40,30,10,0,16,14,0.42728567735113676,0.23844919284079258,0.9985722351948837,0.10761780060180183,996,30,0.75,0,0.0,0.0,31.325,6987,,,,,,,,,,,,,,,,,,,,,,,,,,,
153,D,participants_only,,,30,30,0,0,16,14,0.4904442025154097,0.23301060689150924,0.9985722351948837,0.12746491452952902,996,30,1.0,0,0.0,0.0,25.1,6987,,,,,,,,,,,,,,,,,,,,,,,,,,,
153,D,nonparticipants_only,,,10,0,10,0,0,0,0.23781010185831794,0.24038748995946116,0.26318952817514646,0.00020846720750712124,0,0,0.0,0,0.0,0.0,50.0,0,,,,,,,,,,,,,,,,,,,,,,,,,,,
153,D,step_totals,,,,,,,,,,,,,,,,,,,,,72.40000000000006,,,56.0,0.7734806629834248,7.0,0.0966850828729281,0.0,0.0,0.004001419778812629,0.17857142857142858,0.0,0,10,26,10,,56,14,19,6.000000000000003,0.08287292817679555,3.400000000000001,0.0469613259668508,30,17,22
154,D,all_agents,,,40,30,10,0,16,14,0.42740206963010613,0.23918555250966383,0.9986293457870884,0.1077297658816287,998,30,0.75,0,0.0,0.0,31.45,7036,,,,,,,,,,,,,,,,,,,,,,,,,,,
154,D,participants_only,,,30,30,0,0,16,14,0.49050515936336697,0.2340331641906176,0.9986293457870884,0.12764320882875682,998,30,1.0,0,0.0,0.0,25.266666666666666,7036,,,,,,,,,,,,,,,,,,,,,,,,,,,
154,D,nonparticipants_only,,,10,0,10,0,0,0,0.23809280043032358,0.24049687889497637,0.26295624472909246,0.00020543783363664845,0,0,0.0,0,0.0,0.0,50.0,0,,,,,,,,,,,,,,,,,,,,,,,,,,,
154,D,step_totals,,,,,,,,,,,,,,,,,,,,,69.90000000000006,,,51.0,0.7296137339055787,9.5,0.13590844062947055,0.0,0.0,0.004033324438626853,0.0392156862745098,0.0,0,2,21,30,,51,19,23,6.000000000000003,0.0858369098712446,3.400000000000001,0.04864091559370526,30,17,20
155,D,all_agents,,,40,30,10,0,16,14,0.4276146411196861,0.23907090518604435,0.9986841719556049,0.1081133758752384,1005,30,0.75,0,0.0,0.0,31.325,7091,,,,,,,,,,,,,,,,,,,,,,,,,,,
155,D,participants_only,,,30,30,0,0,16,14,0.49069503960154004,0.23286299836966448,0.9986841719556049,0.1281666708782064,1005,30,1.0,0,0.0,0.0,25.1,7091,,,,,,,,,,,,,,,,,,,,,,,,,,,
155,D,nonparticipants_only,,,10,0,10,0,0,0,0.23837344567412427,0.24083578774471065,0.2651469820546806,0.00020385079478058623,0,0,0.0,0,0.0,0.0,50.0,0,,,,,,,,,,,,,,,,,,,,,,,,,,,
155,D,step_totals,,,,,,,,,,,,,,,,,,,,,72.40000000000006,,,56.0,0.7734806629834248,7.0,0.0966850828729281,0.0,0.0,0.004023010924173103,0.125,0.0,0,7,26,10,,56,14,19,6.000000000000003,0.08287292817679555,3.400000000000001,0.0469613259668508,30,17,22
156,D,all_agents,,,40,30,10,0,16,14,0.4277124702337142,0.23866974981188246,0.9987368050773807,0.10821446085147524,1015,30,0.75,0,0.0,0.0,31.45,7141,,,,,,,,,,,,,,,,,,,,,,,,,,,
156,D,participants_only,,,30,30,0,0,16,14,0.4907325078301802,0.23329475817948822,0.9987368050773807,0.12833230789970665,1015,30,1.0,0,0.0,0.0,25.266666666666666,7141,,,,,,,,,,,,,,,,,,,,,,,,,,,
156,D,nonparticipants_only,,,10,0,10,0,0,0,0.23865235744431645,0.24153731344818496,0.2648969120796739,0.00020261804286121927,0,0,0.0,0,0.0,0.0,50.0,0,,,,,,,,,,,,,,,,,,,,,,,,,,,
156,D,step_totals,,,,,,,,,,,,,,,,,,,,,69.90000000000005,,,51.0,0.7296137339055789,9.5,0.13590844062947058,0.0,0.0,0.003970940508260363,0.19607843137254902,0.0,0,10,21,30,,51,19,23,6.000000000000003,0.08583690987124461,3.400000000000001,0.04864091559370527,30,17,20
