step,condition,population,skill_reachability,resource_reachability,n_agents,maker_count,stage_consumer,stage_customizer,stage_maker,stage_advanced_maker,skill_mean,skill_median,skill_max,skill_var,method_count_total,method_holders,method_adoption_rate,method_peer_held,knowledge_diffusion_lag_mean,hop_count_mean,latent_distributed_resources,completed_projects_total,time_total,time_practice,time_share_practice,time_observe,time_share_observe,time_idle,time_share_idle,time_make,time_share_make,skill_gain_per_time,method_self_discovery_per_time,method_peer_acquisition_per_time,peer_acquired_count,self_discovered_count,reject_missing_asset,reject_time_budget_exceeded,count_practice,count_observe,count_idle,count_make,time_ask,time_share_ask,time_share,time_share_share,count_ask,count_share,reject_insufficient_material
0,B,reachability,0.825,0.0,,,,,,,,,,,,,,,,,,,,,,,,,,,,,,,,,,,,,,,,,,,,,
1,B,all_agents,,,40,0,22,18,0,0,0.16173754682002892,0.14550260812443627,0.5866256306861962,0.010404199078216488,1,1,0.025,0,0.0,0.0,25.925,25,,,,,,,,,,,,,,,,,,,,,,,,,,,
1,B,participants_only,,,30,0,12,18,0,0,0.16019107343090547,0.14057546728271209,0.5866256306861962,0.010849599305829379,1,1,0.03333333333333333,0,0.0,0.0,24.566666666666666,25,,,,,,,,,,,,,,,,,,,,,,,,,,,
1,B,nonparticipants_only,,,10,0,10,0,0,0,0.16637696698739926,0.15192027374758837,0.3909319147402761,0.00903929943605861,0,0,0.0,0,0.0,0.0,30.0,0,,,,,,,,,,,,,,,,,,,,,,,,,,,
1,B,step_totals,,,,,,,,,,,,,,,,,,,,,83.99999999999999,20.0,0.23809523809523814,4.000000000000002,0.04761904761904765,0.0,0.0,60.0,0.7142857142857144,0.01732848489950364,0.016666666666666666,0.0,0,1,21,30,40,40,33,60,,,,,,,
2,B,all_agents,,,40,2,15,23,2,0,0.16770008030872616,0.15147840879940566,0.6031606054587484,0.01042752031715107,5,5,0.125,1,1.0,1.0,26.85,55,,,,,,,,,,,,,,,,,,,,,,,,,,,
2,B,participants_only,,,30,2,5,23,2,0,0.16788149352872092,0.1493159889497679,0.6031606054587484,0.011022923279745555,5,5,0.16666666666666666,1,1.0,1.0,24.133333333333333,55,,,,,,,,,,,,,,,,,,,,,,,,,,,
2,B,nonparticipants_only,,,10,0,10,0,0,0,0.16715584064874187,0.15320371492181212,0.3889772551665747,0.008640916500290946,0,0,0.0,0,0.0,0.0,35.0,0,,,,,,,,,,,,,,,,,,,,,,,,,,,
2,B,step_totals,,,,,,,,,,,,,,,,,,,,,87.80000000000001,20.0,0.2277904328018223,4.000000000000002,0.04555808656036448,0.0,0.0,60.0,0.6833712984054668,0.01773580113926154,0.05,0.12820512820512828,1,3,21,21,40,40,33,60,3.600000000000001,0.041002277904328026,0.2,0.002277904328018223,18,1,
3,B,all_agents,,,40,4,13,23,4,0,0.17403687899921386,0.15564388848959934,0.6190341812403984,0.010613221460871626,15,12,0.3,6,1.5,1.0,28.2,90,,,,,,,,,,,,,,,,,,,,,,,,,,,
3,B,participants_only,,,30,4,3,23,4,0,0.17607466581641615,0.15778357771947682,0.6190341812403984,0.011376585586215288,15,12,0.4,6,1.5,1.0,24.266666666666666,90,,,,,,,,,,,,,,,,,,,,,,,,,,,
3,B,nonparticipants_only,,,10,0,10,0,0,0,0.16792351854760695,0.15506553740263393,0.38703236889074183,0.008273298183492279,0,0,0.0,0,0.0,0.0,40.0,0,,,,,,,,,,,,,,,,,,,,,,,,,,,
3,B,step_totals,,,,,,,,,,,,,,,,,,,,,88.8,20.0,0.22522522522522523,3.800000000000002,0.04279279279279282,0.0,0.0,60.0,0.6756756756756757,0.018541584409509836,0.08333333333333333,0.5681818181818185,5,5,20,15,40,38,33,60,4.400000000000001,0.049549549549549564,0.6000000000000001,0.006756756756756758,22,3,
4,B,all_agents,,,40,5,10,25,5,0,0.17935534843799586,0.15931938338935073,0.6159390103341964,0.010628231233542063,25,16,0.4,14,1.8571428571428572,1.3571428571428572,29.725,116,,,,,,,,,,,,,,,,,,,,,,,,,,,
4,B,participants_only,,,30,5,0,25,5,0,0.18291324043081544,0.1597050219300205,0.6159390103341964,0.01147709416292539,25,16,0.5333333333333333,14,1.8571428571428572,1.3571428571428572,24.633333333333333,116,,,,,,,,,,,,,,,,,,,,,,,,,,,
4,B,nonparticipants_only,,,10,0,10,0,0,0,0.16868167245953714,0.15692017798846966,0.38509720704628814,0.007929739300201247,0,0,0.0,0,0.0,0.0,45.0,0,,,,,,,,,,,,,,,,,,,,,,,,,,,
4,B,step_totals,,,,,,,,,,,,,,,,,,,,,88.20000000000002,20.0,0.22675736961451243,4.000000000000002,0.04535147392290251,0.0,0.0,57.0,0.6462585034013604,0.01604746557640009,0.03508771929824561,0.714285714285715,8,2,28,9,40,40,37,57,5.400000000000002,0.06122448979591838,1.7999999999999998,0.020408163265306117,27,9,18
5,B,all_agents,,,40,5,10,25,5,0,0.18433208091268108,0.16373431468740224,0.6128593152825255,0.010609650932235455,39,25,0.625,26,2.5,1.7307692307692308,31.725,140,,,,,,,,,,,,,,,,,,,,,,,,,,,
5,B,participants_only,,,30,5,0,25,5,0,0.1892992713190303,0.16808500703988039,0.6128593152825255,0.011511074712724202,39,25,0.8333333333333334,26,2.5,1.7307692307692308,25.633333333333333,140,,,,,,,,,,,,,,,,,,,,,,,,,,,
5,B,nonparticipants_only,,,10,0,10,0,0,0,0.16943050969363344,0.159341903194554,0.3831717210110567,0.00760930382437408,0,0,0.0,0,0.0,0.0,50.0,0,,,,,,,,,,,,,,,,,,,,,,,,,,,
5,B,step_totals,,,,,,,,,,,,,,,,,,,,,87.10000000000007,20.0,0.22962112514351304,3.700000000000002,0.042479908151549936,0.0,0.0,54.0,0.6199770378874851,0.015382259041026735,0.037037037037037035,0.9160305343511463,12,2,28,2,40,37,39,54,6.600000000000003,0.07577497129735934,2.8000000000000003,0.03214695752009183,33,14,25
6,B,all_agents,,,40,5,10,25,5,0,0.18916619680834126,0.16929265448898734,0.6283449426712244,0.010623909202182053,50,28,0.7,33,2.8484848484848486,1.7575757575757576,32.525,167,,,,,,,,,,,,,,,,,,,,,,,,,,,
6,B,participants_only,,,30,5,0,25,5,0,0.1954977308862794,0.1714992748518836,0.6283449426712244,0.011569693139362212,50,28,0.9333333333333333,33,2.8484848484848486,1.7575757575757576,26.7,167,,,,,,,,,,,,,,,,,,,,,,,,,,,
6,B,nonparticipants_only,,,10,0,10,0,0,0,0.1701715945745268,0.1605342065692702,0.3812558624060014,0.00730549750528047,0,0,0.0,0,0.0,0.0,50.0,0,,,,,,,,,,,,,,,,,,,,,,,,,,,
6,B,step_totals,,,,,,,,,,,,,,,,,,,,,78.00000000000009,20.0,0.2564102564102561,3.0000000000000013,0.038461538461538436,0.0,0.0,44.0,0.5641025641025634,0.016857235941445052,0.09090909090909091,0.5000000000000007,7,4,34,5,40,30,38,44,6.400000000000003,0.082051282051282,4.600000000000001,0.05897435897435893,32,23,29
7,B,all_agents,,,40,5,10,25,5,0,0.19453312983061263,0.17273604246933522,0.6252032179578683,0.010781861182130167,64,30,0.75,42,3.1904761904761907,1.9047619047619047,32.625,196,,,,,,,,,,,,,,,,,,,,,,,,,,,
7,B,participants_only,,,30,5,0,25,5,0,0.20240894752232144,0.17523686240364644,0.6252032179578683,0.011789216242199288,64,30,1.0,42,3.1904761904761907,1.9047619047619047,26.833333333333332,196,,,,,,,,,,,,,,,,,,,,,,,,,,,
7,B,nonparticipants_only,,,10,0,10,0,0,0,0.17090567675548612,0.16114877822497037,0.3793495830939714,0.007015453950166393,0,0,0.0,0,0.0,0.0,50.0,0,,,,,,,,,,,,,,,,,,,,,,,,,,,
7,B,step_totals,,,,,,,,,,,,,,,,,,,,,90.40000000000009,20.0,0.22123893805309713,1.2,0.013274336283185827,0.0,0.0,57.0,0.6305309734513268,0.015868584236416534,0.08771929824561403,0.671641791044777,9,5,33,4,40,12,38,57,6.800000000000003,0.07522123893805306,5.400000000000002,0.059734513274336244,34,27,30
8,B,all_agents,,,40,6,10,24,6,0,0.19944468799328086,0.1773816349249919,0.6401950892395535,0.010939367524093222,68,30,0.75,45,3.3555555555555556,1.9333333333333333,33.05,223,,,,,,,,,,,,,,,,,,,,,,,,,,,
8,B,participants_only,,,30,6,0,24,6,0,0.2087157805401575,0.1823761808027851,0.6401950892395535,0.011993926026082732,68,30,1.0,45,3.3555555555555556,1.9333333333333333,27.4,223,,,,,,,,,,,,,,,,,,,,,,,,,,,
8,B,nonparticipants_only,,,10,0,10,0,0,0,0.17163141035265095,0.1629574684697998,0.37745283517850153,0.006744254133971678,0,0,0.0,0,0.0,0.0,50.0,0,,,,,,,,,,,,,,,,,,,,,,,,,,,
8,B,step_totals,,,,,,,,,,,,,,,,,,,,,84.40000000000009,20.0,0.23696682464454952,0.2,0.002369668246445495,0.0,0.0,52.0,0.6161137440758288,0.01580088253820842,0.019230769230769232,0.24193548387096794,3,1,44,7,40,2,38,52,6.600000000000003,0.07819905213270137,5.600000000000002,0.06635071090047388,33,28,34
9,B,all_agents,,,40,7,10,23,7,0,0.20401557331527256,0.17732254614103216,0.6532755924384528,0.01107766363378109,73,30,0.75,48,3.4583333333333335,1.8958333333333333,32.825,244,,,,,,,,,,,,,,,,,,,,,,,,,,,
9,B,participants_only,,,30,7,0,23,7,0,0.21457063451297087,0.18257962911256437,0.6532755924384528,0.012162682152684266,73,30,1.0,48,3.4583333333333335,1.8958333333333333,27.1,244,,,,,,,,,,,,,,,,,,,,,,,,,,,
9,B,nonparticipants_only,,,10,0,10,0,0,0,0.17235038972217753,0.16584959683352768,0.375565571002609,0.006485696274425675,0,0,0.0,0,0.0,0.0,50.0,0,,,,,,,,,,,,,,,,,,,,,,,,,,,
9,B,step_totals,,,,,,,,,,,,,,,,,,,,,93.10000000000012,20.0,0.21482277121374838,0.1,0.001074113856068742,0.0,0.0,60.0,0.6444683136412451,0.013398529379414834,0.03333333333333333,0.22900763358778647,3,2,32,4,40,1,38,60,7.0000000000000036,0.07518796992481197,6.000000000000003,0.06444683136412455,35,30,35
10,B,all_agents,,,40,8,10,22,8,0,0.20874569871752022,0.1799791480888707,0.6671445687409147,0.011393973904300159,74,30,0.75,48,3.4583333333333335,1.8958333333333333,32.775,271,,,,,,,,,,,,,,,,,,,,,,,,,,,
10,B,participants_only,,,30,8,0,22,8,0,0.2206396714450941,0.1875536327844511,0.6671445687409147,0.012547716086993193,74,30,1.0,48,3.4583333333333335,1.8958333333333333,27.033333333333335,271,,,,,,,,,,,,,,,,,,,,,,,,,,,
10,B,nonparticipants_only,,,10,0,10,0,0,0,0.1730637805347985,0.1669848328327822,0.37368774314759595,0.006235148309289798,0,0,0.0,0,0.0,0.0,50.0,0,,,,,,,,,,,,,,,,,,,,,,,,,,,
10,B,step_totals,,,,,,,,,,,,,,,,,,,,,84.3000000000001,19.5,0.23131672597864741,,,0.0,0.0,53.0,0.6287069988137597,0.015294293852517798,0.018867924528301886,0.0,0,1,44,9,39,,37,53,6.200000000000003,0.07354685646500587,5.600000000000002,0.06642941874258596,31,28,34
10,B,reachability,0.475,0.0,,,,,,,,,,,,,,,,,,,,,,,,,,,,,,,,,,,,,,,,,,,,,
11,B,all_agents,,,40,8,10,22,8,0,0.2140041306564602,0.1827746465813211,0.6804587859912781,0.011855727400320652,84,30,0.75,53,3.9622641509433962,1.9811320754716981,32.375,302,,,,,,,,,,,,,,,,,,,,,,,,,,,
11,B,participants_only,,,30,8,0,22,8,0,0.2274154126533906,0.19214645483585024,0.6804587859912781,0.013088881064510113,84,30,1.0,53,3.9622641509433962,1.9811320754716981,26.5,302,,,,,,,,,,,,,,,,,,,,,,,,,,,
11,B,nonparticipants_only,,,10,0,10,0,0,0,0.1737702846656689,0.16679226073200532,0.37181930443185796,0.005997916590137983,0,0,0.0,0,0.0,0.0,50.0,0,,,,,,,,,,,,,,,,,,,,,,,,,,,
11,B,step_totals,,,,,,,,,,,,,,,,,,,,,93.00000000000011,20.0,0.21505376344085994,,,0.0,0.0,60.0,0.6451612903225799,0.015188423649446208,0.08333333333333333,0.384615384615385,5,5,32,5,40,,39,60,7.0000000000000036,0.07526881720430102,6.000000000000003,0.06451612903225802,35,30,37
12,B,all_agents,,,40,10,10,20,10,0,0.2190500107054382,0.18502701120424317,0.693240434551627,0.012580341611611442,90,30,0.75,54,4.018518518518518,1.962962962962963,32.4,337,,,,,,,,,,,,,,,,,,,,,,,,,,,
12,B,participants_only,,,30,10,0,20,10,0,0.23390971093164806,0.19374821419705776,0.693240434551627,0.013967259963428083,90,30,1.0,54,4.018518518518518,1.962962962962963,26.533333333333335,337,,,,,,,,,,,,,,,,,,,,,,,,,,,
12,B,nonparticipants_only,,,10,0,10,0,0,0,0.17447091002680867,0.16791819586802442,0.3699602079096987,0.005769858266407673,0,0,0.0,0,0.0,0.0,50.0,0,,,,,,,,,,,,,,,,,,,,,,,,,,,
12,B,step_totals,,,,,,,,,,,,,,,,,,,,,82.30000000000008,19.5,0.23693803159173732,,,0.0,0.0,51.0,0.6196840826245438,0.01659397731238366,0.09803921568627451,0.08474576271186447,1,5,48,9,39,,37,51,6.200000000000003,0.07533414337788574,5.600000000000002,0.06804374240583227,31,28,34
13,B,all_agents,,,40,12,10,18,12,0,0.22336742829925274,0.18709695964019601,0.7055108171695619,0.013051030281607595,93,30,0.75,54,4.018518518518518,1.962962962962963,32.05,360,,,,,,,,,,,,,,,,,,,,,,,,,,,
13,B,participants_only,,,30,12,0,18,12,0,0.23943447145554603,0.19920571944814194,0.7055108171695619,0.014519257082510967,93,30,1.0,54,4.018518518518518,1.962962962962963,26.066666666666666,360,,,,,,,,,,,,,,,,,,,,,,,,,,,
13,B,nonparticipants_only,,,10,0,10,0,0,0,0.17516629883037296,0.16711542380683111,0.3681104068701502,0.005548551369463196,0,0,0.0,0,0.0,0.0,50.0,0,,,,,,,,,,,,,,,,,,,,,,,,,,,
13,B,step_totals,,,,,,,,,,,,,,,,,,,,,91.8000000000001,20.0,0.21786492374727645,,,0.0,0.0,59.0,0.6427015250544655,0.01294313586532787,0.05084745762711865,0.0,0,3,32,6,40,,39,59,6.800000000000003,0.07407407407407403,6.000000000000003,0.06535947712418297,34,30,39
14,B,all_agents,,,40,13,10,17,13,0,0.22795448480050245,0.18891216035121922,0.7172903844827794,0.01385629600555098,99,30,0.75,54,4.018518518518518,1.962962962962963,32.075,393,,,,,,,,,,,,,,,,,,,,,,,,,,,
14,B,participants_only,,,30,13,0,17,13,0,0.2453206664646234,0.20236877754422838,0.7172903844827794,0.01549003397430687,99,30,1.0,54,4.018518518518518,1.962962962962963,26.1,393,,,,,,,,,,,,,,,,,,,,,,,,,,,
14,B,nonparticipants_only,,,10,0,10,0,0,0,0.17585593980813968,0.16627984668779694,0.36626985483579944,0.005336070912188312,0,0,0.0,0,0.0,0.0,50.0,0,,,,,,,,,,,,,,,,,,,,,,,,,,,
14,B,step_totals,,,,,,,,,,,,,,,,,,,,,80.90000000000009,18.5,0.2286773794808403,,,0.0,0.0,51.0,0.6304079110012354,0.015563190607708562,0.11764705882352941,0.0,0,6,50,11,37,,35,51,5.8000000000000025,0.07169344870210131,5.600000000000002,0.06922126081582196,29,28,35
15,B,all_agents,,,40,15,10,15,15,0,0.23294090796834002,0.18970599625843215,0.7285987691034682,0.014657754090068581,101,30,0.75,54,4.018518518518518,1.962962962962963,31.775,427,,,,,,,,,,,,,,,,,,,,,,,,,,,
15,B,participants_only,,,30,15,0,15,15,0,0.25174144282759425,0.20582234577717598,0.7285987691034682,0.016418306859890645,101,30,1.0,54,4.018518518518518,1.962962962962963,25.7,427,,,,,,,,,,,,,,,,,,,,,,,,,,,
15,B,nonparticipants_only,,,10,0,10,0,0,0,0.17653930339057725,0.16544844745435797,0.36443850556162044,0.0051345744486739784,0,0,0.0,0,0.0,0.0,50.0,0,,,,,,,,,,,,,,,,,,,,,,,,,,,
15,B,step_totals,,,,,,,,,,,,,,,,,,,,,91.80000000000011,20.0,0.21786492374727642,,,0.0,0.0,59.0,0.6427015250544654,0.014729548723576411,0.03389830508474576,0.0,0,2,31,6,40,,39,59,6.800000000000003,0.07407407407407403,6.000000000000003,0.06535947712418295,34,30,39
16,B,all_agents,,,40,19,10,11,19,0,0.23763187677237393,0.18939947558443493,0.7394548183393295,0.01578302679917767,105,30,0.75,54,4.018518518518518,1.962962962962963,31.875,466,,,,,,,,,,,,,,,,,,,,,,,,,,,
16,B,participants_only,,,30,19,0,11,19,0,0.2577697889159128,0.20777782367991354,0.7394548183393295,0.017776193817038176,105,30,1.0,54,4.018518518518518,1.962962962962963,25.833333333333332,466,,,,,,,,,,,,,,,,,,,,,,,,,,,
16,B,nonparticipants_only,,,10,0,10,0,0,0,0.1772181403417574,0.16462120521708618,0.3626163130338123,0.004937099679585483,0,0,0.0,0,0.0,0.0,50.0,0,,,,,,,,,,,,,,,,,,,,,,,,,,,
16,B,step_totals,,,,,,,,,,,,,,,,,,,,,79.40000000000009,18.0,0.2267002518891685,,,0.0,0.0,50.0,0.629722921914357,0.016213912326147283,0.08,0.0,0,4,51,11,36,,33,50,5.8000000000000025,0.07304785894206543,5.600000000000002,0.070528967254408,29,28,34
17,B,all_agents,,,40,23,10,7,23,0,0.24264863562364,0.19255449252562226,0.7498766256057563,0.016684141098497494,113,30,0.75,55,4.236363636363636,2.0,31.6,503,,,,,,,,,,,,,,,,,,,,,,,,,,,
17,B,participants_only,,,30,23,0,7,23,0,0.26423456057333145,0.2098980107315854,0.7498766256057563,0.018798413179969182,113,30,1.0,55,4.236363636363636,2.0,25.466666666666665,503,,,,,,,,,,,,,,,,,,,,,,,,,,,
17,B,nonparticipants_only,,,10,0,10,0,0,0,0.1778908607745657,0.16379809919100075,0.36080323146864324,0.004749898982877894,0,0,0.0,0,0.0,0.0,50.0,0,,,,,,,,,,,,,,,,,,,,,,,,,,,
17,B,step_totals,,,,,,,,,,,,,,,,,,,,,90.80000000000011,20.0,0.22026431718061648,,,0.0,0.0,58.0,0.6387665198237877,0.01496767145500695,0.1206896551724138,0.07812500000000008,1,7,32,6,40,,39,58,6.800000000000003,0.07488986784140964,6.000000000000003,0.06607929515418497,34,30,40
18,B,all_agents,,,40,25,10,5,25,0,0.24681003824321837,0.19561988497251945,0.759881560581526,0.017852490448453936,118,30,0.75,55,4.236363636363636,2.0,31.75,539,,,,,,,,,,,,,,,,,,,,,,,,,,,
18,B,participants_only,,,30,25,0,5,25,0,0.2695604656891202,0.21017543756903487,0.759881560581526,0.020210308017241774,118,30,1.0,55,4.236363636363636,2.0,25.666666666666668,539,,,,,,,,,,,,,,,,,,,,,,,,,,,
18,B,nonparticipants_only,,,10,0,10,0,0,0,0.17855875590551293,0.16297910869504573,0.3589992153113,0.004568054354435513,0,0,0.0,0,0.0,0.0,50.0,0,,,,,,,,,,,,,,,,,,,,,,,,,,,
18,B,step_totals,,,,,,,,,,,,,,,,,,,,,78.60000000000008,18.0,0.22900763358778603,,,0.0,0.0,49.0,0.6234096692111953,0.014788124870944193,0.10204081632653061,0.0,0,5,52,11,36,,33,49,5.8000000000000025,0.07379134860050886,5.8000000000000025,0.07379134860050886,29,29,36
19,B,all_agents,,,40,28,10,2,28,0,0.2515505522499397,0.1969304071222288,0.769486298158265,0.018872838248949243,124,30,0.75,55,4.236363636363636,2.0,31.5,576,,,,,,,,,,,,,,,,,,,,,,,,,,,
19,B,participants_only,,,30,28,0,2,28,0,0.2756604383957197,0.21482239124801084,0.769486298158265,0.021373546742219137,124,30,1.0,55,4.236363636363636,2.0,25.333333333333332,576,,,,,,,,,,,,,,,,,,,,,,,,,,,
19,B,nonparticipants_only,,,10,0,10,0,0,0,0.17922089381259984,0.162233015563499,0.35720421923474355,0.004395273449589896,0,0,0.0,0,0.0,0.0,50.0,0,,,,,,,,,,,,,,,,,,,,,,,,,,,
19,B,step_totals,,,,,,,,,,,,,,,,,,,,,90.20000000000009,20.0,0.22172949002217274,,,0.0,0.0,58.0,0.6430155210643009,0.014333060772692773,0.10344827586206896,0.0,0,6,30,9,40,,39,58,6.200000000000003,0.06873614190687358,6.000000000000003,0.06651884700665185,31,30,39
20,B,all_agents,,,40,27,10,3,26,1,0.2554787872604199,0.19853786233695897,0.7787068462319344,0.019997592808445933,128,30,0.75,55,4.236363636363636,2.0,31.675,611,,,,,,,,,,,,,,,,,,,,,,,,,,,
20,B,participants_only,,,30,27,0,3,26,1,0.2806789889390688,0.21589143254327411,0.7787068462319344,0.02271396935217989,128,30,1.0,55,4.236363636363636,2.0,25.566666666666666,611,,,,,,,,,,,,,,,,,,,,,,,,,,,
20,B,nonparticipants_only,,,10,0,10,0,0,0,0.17987818222447316,0.1631850086439635,0.35541819813856984,0.004227861201509122,0,0,0.0,0,0.0,0.0,50.0,0,,,,,,,,,,,,,,,,,,,,,,,,,,,
20,B,step_totals,,,,,,,,,,,,,,,,,,,,,78.6000000000001,18.0,0.22900763358778597,,,0.0,0.0,49.0,0.6234096692111952,0.014118131493782259,0.08163265306122448,0.0,0,4,52,11,36,,33,49,5.8000000000000025,0.07379134860050884,5.8000000000000025,0.07379134860050884,29,29,36
20,B,reachability,0.225,0.0,,,,,,,,,,,,,,,,,,,,,,,,,,,,,,,,,,,,,,,,,,,,,
21,B,all_agents,,,40,28,10,2,28,0,0.2598838374793142,0.20065675085174567,0.787558572382657,0.02098989501175407,132,30,0.75,55,4.236363636363636,2.0,31.425,646,,,,,,,,,,,,,,,,,,,,,,,,,,,
21,B,participants_only,,,30,28,0,2,28,0,0.28633521449234356,0.22317231787875008,0.787558572382657,0.023831322278194806,132,30,1.0,55,4.236363636363636,2.0,25.233333333333334,646,,,,,,,,,,,,,,,,,,,,,,,,,,,
21,B,nonparticipants_only,,,10,0,10,0,0,0,0.1805297064402261,0.16440332117287676,0.353641107147877,0.004069509061806847,0,0,0.0,0,0.0,0.0,50.0,0,,,,,,,,,,,,,,,,,,,,,,,,,,,
21,B,step_totals,,,,,,,,,,,,,,,,,,,,,89.6000000000001,20.0,0.22321428571428548,,,0.0,0.0,58.0,0.6473214285714279,0.01354639658880512,0.06896551724137931,0.0,0,4,29,12,40,,38,58,5.600000000000002,0.06249999999999996,6.000000000000003,0.06696428571428567,28,30,38
22,B,all_agents,,,40,29,10,1,28,1,0.2637929002871039,0.2010316872975383,0.7960562294873508,0.02224989898550479,142,30,0.75,55,4.236363636363636,2.0,31.65,684,,,,,,,,,,,,,,,,,,,,,,,,,,,
22,B,participants_only,,,30,29,0,1,28,1,0.29133151559749676,0.2231299166937213,0.7960562294873508,0.02532828657435653,142,30,1.0,55,4.236363636363636,2.0,25.533333333333335,684,,,,,,,,,,,,,,,,,,,,,,,,,,,
22,B,nonparticipants_only,,,10,0,10,0,0,0,0.18117705435592527,0.16532767009342741,0.35187290161213763,0.003914232220383901,0,0,0.0,0,0.0,0.0,50.0,0,,,,,,,,,,,,,,,,,,,,,,,,,,,
22,B,step_totals,,,,,,,,,,,,,,,,,,,,,78.10000000000008,18.5,0.2368758002560817,,,0.0,0.0,48.0,0.6145966709346985,0.014172112043447373,0.20833333333333334,0.0,0,10,52,11,37,,33,48,5.8000000000000025,0.07426376440460943,5.8000000000000025,0.07426376440460943,29,29,35
23,B,all_agents,,,40,29,10,1,28,1,0.2679150442370025,0.2027925533122612,0.8042139803078567,0.02333677535525566,145,30,0.75,56,4.535714285714286,1.9821428571428572,31.4,719,,,,,,,,,,,,,,,,,,,,,,,,,,,
23,B,participants_only,,,30,29,0,1,28,1,0.29661390557267003,0.22675756401142788,0.8042139803078567,0.026564932584435517,145,30,1.0,56,4.535714285714286,1.9821428571428572,25.2,719,,,,,,,,,,,,,,,,,,,,,,,,,,,
23,B,nonparticipants_only,,,10,0,10,0,0,0,0.18181846022999976,0.16533237862198974,0.35011353710407694,0.003768807964149581,0,0,0.0,0,0.0,0.0,50.0,0,,,,,,,,,,,,,,,,,,,,,,,,,,,
23,B,step_totals,,,,,,,,,,,,,,,,,,,,,89.60000000000011,20.0,0.22321428571428545,,,0.0,0.0,58.0,0.6473214285714278,0.012827726322370116,0.034482758620689655,0.08620689655172421,1,2,29,12,40,,38,58,5.600000000000002,0.06249999999999995,6.000000000000003,0.06696428571428566,28,30,38
24,B,all_agents,,,40,29,10,1,28,1,0.27165294680971014,0.2033091139577933,0.8120454210955425,0.024576575547990226,153,30,0.75,56,4.535714285714286,1.9821428571428572,31.65,757,,,,,,,,,,,,,,,,,,,,,,,,,,,
24,B,participants_only,,,30,29,0,1,28,1,0.30138551804754654,0.22742919962784658,0.8120454210955425,0.028023298036355723,153,30,1.0,56,4.535714285714286,1.9821428571428572,25.533333333333335,757,,,,,,,,,,,,,,,,,,,,,,,,,,,
24,B,nonparticipants_only,,,10,0,10,0,0,0,0.18245523309620093,0.16804456994209538,0.34836296941855655,0.003628098573937536,0,0,0.0,0,0.0,0.0,50.0,0,,,,,,,,,,,,,,,,,,,,,,,,,,,
24,B,step_totals,,,,,,,,,,,,,,,,,,,,,78.10000000000008,18.5,0.2368758002560817,,,0.0,0.0,48.0,0.6145966709346985,0.013689579331151495,0.16666666666666666,0.0,0,8,52,11,37,,32,48,5.8000000000000025,0.07426376440460943,5.8000000000000025,0.07426376440460943,29,29,34
25,B,all_agents,,,40,29,10,1,28,1,0.2756289965182374,0.20765749102940317,0.8195636042517207,0.02562063142247634,156,30,0.75,56,4.535714285714286,1.9821428571428572,31.4,792,,,,,,,,,,,,,,,,,,,,,,,,,,,
25,B,participants_only,,,30,29,0,1,28,1,0.30647628579003733,0.2313963926251994,0.8195636042517207,0.029190186892770306,156,30,1.0,56,4.535714285714286,1.9821428571428572,25.2,792,,,,,,,,,,,,,,,,,,,,,,,,,,,
25,B,nonparticipants_only,,,10,0,10,0,0,0,0.18308712870283772,0.16961490651637567,0.34662115457146375,0.0034933019465772292,0,0,0.0,0,0.0,0.0,50.0,0,,,,,,,,,,,,,,,,,,,,,,,,,,,
25,B,step_totals,,,,,,,,,,,,,,,,,,,,,89.30000000000008,19.5,0.21836506159014538,,,0.0,0.0,58.0,0.6494960806270991,0.012495295018926047,0.05172413793103448,0.0,0,3,29,11,39,,38,58,5.8000000000000025,0.06494960806270994,6.000000000000003,0.06718924972004477,29,30,38
26,B,all_agents,,,40,29,10,1,28,1,0.27922534726202153,0.2087120006170417,0.8267810600816519,0.026933050633806802,162,30,0.75,56,4.535714285714286,1.9821428571428572,31.65,832,,,,,,,,,,,,,,,,,,,,,,,,,,,
26,B,participants_only,,,30,29,0,1,28,1,0.3110623922947215,0.23023941066207343,0.8267810600816519,0.030734999337861932,162,30,1.0,56,4.535714285714286,1.9821428571428572,25.533333333333335,832,,,,,,,,,,,,,,,,,,,,,,,,,,,
26,B,nonparticipants_only,,,10,0,10,0,0,0,0.1837142121639217,0.17155736721769485,0.3448880487986064,0.0033640352846714466,0,0,0.0,0,0.0,0.0,50.0,0,,,,,,,,,,,,,,,,,,,,,,,,,,,
26,B,step_totals,,,,,,,,,,,,,,,,,,,,,77.10000000000008,17.5,0.22697795071335905,,,0.0,0.0,48.0,0.6225680933852134,0.013472221120935069,0.125,0.0,0,6,52,11,35,,32,48,5.8000000000000025,0.07522697795071331,5.8000000000000025,0.07522697795071331,29,29,33
27,B,all_agents,,,40,29,10,1,28,1,0.2828957934073928,0.20936050639279913,0.8337098176783858,0.02798037185657796,167,30,0.75,56,4.535714285714286,1.9821428571428572,31.4,866,,,,,,,,,,,,,,,,,,,,,,,,,,,
27,B,participants_only,,,30,29,0,1,28,1,0.3157489638779458,0.2326748859385605,0.8337098176783858,0.03190944137832006,167,30,1.0,56,4.535714285714286,1.9821428571428572,25.2,866,,,,,,,,,,,,,,,,,,,,,,,,,,,
27,B,nonparticipants_only,,,10,0,10,0,0,0,0.18433628199573385,0.1729607426611997,0.34316360855461336,0.0032411935717450734,0,0,0.0,0,0.0,0.0,50.0,0,,,,,,,,,,,,,,,,,,,,,,,,,,,
27,B,step_totals,,,,,,,,,,,,,,,,,,,,,88.90000000000009,19.5,0.21934758155230574,,,0.0,0.0,58.0,0.6524184476940376,0.011764024848559011,0.08620689655172414,0.0,0,5,28,13,39,,38,58,5.400000000000002,0.060742407199100075,6.000000000000003,0.06749156355455564,27,30,38
28,B,all_agents,,,40,29,10,1,28,1,0.28634287391292385,0.21302257868781085,0.8403614249712503,0.02930409073767522,174,30,0.75,56,4.535714285714286,1.9821428571428572,31.65,907,,,,,,,,,,,,,,,,,,,,,,,,,,,
28,B,participants_only,,,30,29,0,1,28,1,0.32013921259684547,0.23151151150886767,0.8403614249712503,0.03346241299112884,174,30,1.0,56,4.535714285714286,1.9821428571428572,25.533333333333335,907,,,,,,,,,,,,,,,,,,,,,,,,,,,
28,B,nonparticipants_only,,,10,0,10,0,0,0,0.18495385786115887,0.17520838040037356,0.3414477905118403,0.003122813876054296,0,0,0.0,0,0.0,0.0,50.0,0,,,,,,,,,,,,,,,,,,,,,,,,,,,
28,B,step_totals,,,,,,,,,,,,,,,,,,,,,76.1000000000001,16.5,0.2168199737187908,,,0.0,0.0,48.0,0.6307490144546641,0.013229916566250092,0.14583333333333334,0.0,0,7,52,11,33,,31,48,5.8000000000000025,0.07621550591327195,5.8000000000000025,0.07621550591327195,29,29,32
29,B,all_agents,,,40,29,10,1,28,1,0.29013637923964686,0.21546944533823215,0.8467469679724003,0.03031763633452257,178,30,0.75,56,4.535714285714286,1.9821428571428572,31.4,944,,,,,,,,,,,,,,,,,,,,,,,,,,,
29,B,participants_only,,,30,29,0,1,28,1,0.3249928122495679,0.23530239326116956,0.8467469679724003,0.03456083110735245,178,30,1.0,56,4.535714285714286,1.9821428571428572,25.2,944,,,,,,,,,,,,,,,,,,,,,,,,,,,
29,B,nonparticipants_only,,,10,0,10,0,0,0,0.1855670802098837,0.17829739298334904,0.3397405515592811,0.0030084009499315675,0,0,0.0,0,0.0,0.0,50.0,0,,,,,,,,,,,,,,,,,,,,,,,,,,,
29,B,step_totals,,,,,,,,,,,,,,,,,,,,,88.90000000000009,19.5,0.21934758155230574,,,0.0,0.0,58.0,0.6524184476940376,0.012104914664873685,0.06896551724137931,0.0,0,4,28,13,39,,38,58,5.400000000000002,0.060742407199100075,6.000000000000003,0.06749156355455564,27,30,38
30,B,all_agents,,,40,30,10,0,29,1,0.29335091148092224,0.2163594501645532,0.8528770892535044,0.03167362715996514,180,30,0.75,56,4.535714285714286,1.9821428571428572,31.65,985,,,,,,,,,,,,,,,,,,,,,,,,,,,
30,B,participants_only,,,30,30,0,0,29,1,0.32907603604743535,0.23412588129486372,0.8528770892535044,0.0361598314317391,180,30,1.0,56,4.535714285714286,1.9821428571428572,25.533333333333335,985,,,,,,,,,,,,,,,,,,,,,,,,,,,
30,B,nonparticipants_only,,,10,0,10,0,0,0,0.18617553778138288,0.18033338946678062,0.3380418488014847,0.0028996000411287185,0,0,0.0,0,0.0,0.0,50.0,0,,,,,,,,,,,,,,,,,,,,,,,,,,,
30,B,step_totals,,,,,,,,,,,,,,,,,,,,,76.30000000000008,16.5,0.21625163826998667,,,0.0,0.0,48.0,0.629095674967234,0.012494932008989738,0.041666666666666664,0.0,0,2,51,11,33,,31,48,5.8000000000000025,0.07601572739187414,6.000000000000003,0.07863695937090427,29,30,32
30,B,reachability,0.25,0.0,,,,,,,,,,,,,,,,,,,,,,,,,,,,,,,,,,,,,,,,,,,,,
31,B,all_agents,,,40,30,10,0,28,2,0.2970581890151727,0.2194207421783686,0.8587620056833641,0.03271566379848178,184,30,0.75,56,4.535714285714286,1.9821428571428572,31.4,1024,,,,,,,,,,,,,,,,,,,,,,,,,,,
31,B,participants_only,,,30,30,0,0,28,2,0.3338179733075344,0.24050886373251312,0.8587620056833641,0.037283123935805566,184,30,1.0,56,4.535714285714286,1.9821428571428572,25.2,1024,,,,,,,,,,,,,,,,,,,,,,,,,,,
31,B,nonparticipants_only,,,10,0,10,0,0,0,0.18677883613808763,0.18170107003782104,0.33635163955747727,0.0027979024918588966,0,0,0.0,0,0.0,0.0,50.0,0,,,,,,,,,,,,,,,,,,,,,,,,,,,
31,B,step_totals,,,,,,,,,,,,,,,,,,,,,88.40000000000009,19.0,0.21493212669683237,,,0.0,0.0,58.0,0.6561085972850672,0.011975304120679509,0.06896551724137931,0.0,0,4,28,13,38,,38,58,5.400000000000002,0.061085972850678696,6.000000000000003,0.06787330316742078,27,30,38
32,B,all_agents,,,40,30,10,0,27,3,0.2999639959942281,0.22057350732473013,0.8644115254560296,0.03407709093447573,191,30,0.75,56,4.535714285714286,1.9821428571428572,31.65,1065,,,,,,,,,,,,,,,,,,,,,,,,,,,
32,B,participants_only,,,30,30,0,0,27,3,0.33749260999043507,0.23930631941385055,0.8644115254560296,0.038902898212001234,191,30,1.0,56,4.535714285714286,1.9821428571428572,25.533333333333335,1065,,,,,,,,,,,,,,,,,,,,,,,,,,,
32,B,nonparticipants_only,,,10,0,10,0,0,0,0.18737815400560723,0.1847286877234567,0.3346698813596899,0.002698906680183613,0,0,0.0,0,0.0,0.0,50.0,0,,,,,,,,,,,,,,,,,,,,,,,,,,,
32,B,step_totals,,,,,,,,,,,,,,,,,,,,,75.30000000000007,15.5,0.2058432934926957,,,0.0,0.0,48.0,0.6374501992031867,0.011740385661674983,0.14583333333333334,0.0,0,7,51,11,31,,31,48,5.8000000000000025,0.07702523240371842,6.000000000000003,0.07968127490039836,29,30,32
33,B,all_agents,,,40,30,10,0,26,4,0.3035905627941772,0.22153756676558284,0.8698350644377885,0.035174122655591646,198,30,0.75,56,4.535714285714286,1.9821428571428572,31.4,1106,,,,,,,,,,,,,,,,,,,,,,,,,,,
33,B,participants_only,,,30,30,0,0,26,4,0.34212964469689916,0.242450223422191,0.8698350644377885,0.040090002822791,198,30,1.0,56,4.535714285714286,1.9821428571428572,25.2,1106,,,,,,,,,,,,,,,,,,,,,,,,,,,
33,B,nonparticipants_only,,,10,0,10,0,0,0,0.18797331708601112,0.18587269420601105,0.3329965319528914,0.002603352147136989,0,0,0.0,0,0.0,0.0,50.0,0,,,,,,,,,,,,,,,,,,,,,,,,,,,
33,B,step_totals,,,,,,,,,,,,,,,,,,,,,88.40000000000009,19.0,0.21493212669683237,,,0.0,0.0,58.0,0.6561085972850672,0.011785013527309231,0.1206896551724138,0.0,0,7,28,13,38,,38,58,5.400000000000002,0.061085972850678696,6.000000000000003,0.06787330316742078,27,30,40
34,B,all_agents,,,40,30,10,0,26,4,0.30640483444276906,0.22505970007238799,0.8750416618602769,0.036477430418697374,206,30,0.75,56,4.535714285714286,1.9821428571428572,31.6,1147,,,,,,,,,,,,,,,,,,,,,,,,,,,
34,B,participants_only,,,30,30,0,0,26,4,0.3456850716533284,0.24123797230508004,0.8750416618602769,0.04162747449244222,206,30,1.0,56,4.535714285714286,1.9821428571428572,25.466666666666665,1147,,,,,,,,,,,,,,,,,,,,,,,,,,,
34,B,nonparticipants_only,,,10,0,10,0,0,0,0.18856412281109106,0.1870708811042415,0.33133154929312697,0.002512053773649105,0,0,0.0,0,0.0,0.0,50.0,0,,,,,,,,,,,,,,,,,,,,,,,,,,,
34,B,step_totals,,,,,,,,,,,,,,,,,,,,,75.90000000000008,15.5,0.20421607378129097,,,0.0,0.0,49.0,0.6455862977602101,0.01136416323029734,0.16326530612244897,0.0,0,8,51,12,31,,31,49,5.600000000000002,0.07378129117259548,5.8000000000000025,0.07641633728590246,28,29,31
35,B,all_agents,,,40,30,10,0,25,5,0.3099144868923314,0.22646640102775603,0.8762912452416741,0.03746582503103068,213,30,0.75,56,4.535714285714286,1.9821428571428572,31.35,1187,,,,,,,,,,,,,,,,,,,,,,,,,,,
35,B,participants_only,,,30,30,0,0,25,5,0.3501691831246223,0.24647114041223922,0.8762912452416741,0.04266408480368878,213,30,1.0,56,4.535714285714286,1.9821428571428572,25.133333333333333,1187,,,,,,,,,,,,,,,,,,,,,,,,,,,
35,B,nonparticipants_only,,,10,0,10,0,0,0,0.18915039819545867,0.18868783062909045,0.32967489154666135,0.0024257588880082,0,0,0.0,0,0.0,0.0,50.0,0,,,,,,,,,,,,,,,,,,,,,,,,,,,
35,B,step_totals,,,,,,,,,,,,,,,,,,,,,88.40000000000009,19.0,0.21493212669683237,,,0.0,0.0,58.0,0.6561085972850672,0.011489178237018966,0.1206896551724138,0.0,0,7,28,13,38,,38,58,5.400000000000002,0.061085972850678696,6.000000000000003,0.06787330316742078,27,30,40
36,B,all_agents,,,40,30,10,0,25,5,0.3126317915117165,0.22759626573555408,0.8812395954320071,0.03875078988356113,216,30,0.75,56,4.535714285714286,1.9821428571428572,31.55,1229,,,,,,,,,,,,,,,,,,,,,,,,,,,
36,B,participants_only,,,30,30,0,0,25,5,0.35359811710608513,0.24523878471017801,0.8812395954320071,0.044174135424446884,216,30,1.0,56,4.535714285714286,1.9821428571428572,25.4,1229,,,,,,,,,,,,,,,,,,,,,,,,,,,
36,B,nonparticipants_only,,,10,0,10,0,0,0,0.1897328147286107,0.19046287378822824,0.32802651708892805,0.0023418752684580247,0,0,0.0,0,0.0,0.0,50.0,0,,,,,,,,,,,,,,,,,,,,,,,,,,,
36,B,step_totals,,,,,,,,,,,,,,,,,,,,,75.90000000000008,15.5,0.20421607378129097,,,0.0,0.0,49.0,0.6455862977602101,0.011089197012889072,0.061224489795918366,0.0,0,3,51,12,31,,31,49,5.600000000000002,0.07378129117259548,5.8000000000000025,0.07641633728590246,28,29,31
37,B,all_agents,,,40,30,10,0,23,7,0.3160526339346387,0.23058658226852424,0.8859900116147269,0.03971056443702791,223,30,0.75,56,4.535714285714286,1.9821428571428572,31.3,1271,,,,,,,,,,,,,,,,,,,,,,,,,,,
37,B,participants_only,,,30,30,0,0,23,7,0.3579665296898102,0.24828794363987422,0.8859900116147269,0.045166266135110565,223,30,1.0,56,4.535714285714286,1.9821428571428572,25.066666666666666,1271,,,,,,,,,,,,,,,,,,,,,,,,,,,
37,B,nonparticipants_only,,,10,0,10,0,0,0,0.19031094666912426,0.1911926608007905,0.3263863845034834,0.0022621634542753745,0,0,0.0,0,0.0,0.0,50.0,0,,,,,,,,,,,,,,,,,,,,,,,,,,,
37,B,step_totals,,,,,,,,,,,,,,,,,,,,,86.6000000000001,18.0,0.20785219399538082,,,0.0,0.0,58.0,0.6697459584295605,0.011529674497717765,0.1206896551724138,0.0,0,7,26,17,36,,36,58,4.600000000000001,0.053117782909930675,6.000000000000003,0.06928406466512697,23,30,38
38,B,all_agents,,,40,30,10,0,23,7,0.3185184880772173,0.23222441641350805,0.8905504111501378,0.040943453488463954,229,30,0.75,56,4.535714285714286,1.9821428571428572,31.5,1312,,,,,,,,,,,,,,,,,,,,,,,,,,,
38,B,participants_only,,,30,30,0,0,23,7,0.36106291337694546,0.24885616089477092,0.8905504111501378,0.0466227967607839,229,30,1.0,56,4.535714285714286,1.9821428571428572,25.333333333333332,1312,,,,,,,,,,,,,,,,,,,,,,,,,,,
38,B,nonparticipants_only,,,10,0,10,0,0,0,0.1908852121780328,0.19233641094670156,0.32475445258096597,0.0021850861824942967,0,0,0.0,0,0.0,0.0,50.0,0,,,,,,,,,,,,,,,,,,,,,,,,,,,
38,B,step_totals,,,,,,,,,,,,,,,,,,,,,75.40000000000009,15.0,0.1989389920424401,,,0.0,0.0,49.0,0.6498673740053043,0.010412198322819909,0.12244897959183673,0.0,0,6,51,12,30,,30,49,5.600000000000002,0.07427055702917766,5.8000000000000025,0.07692307692307686,28,29,28
39,B,all_agents,,,40,30,10,0,23,7,0.32174461926710407,0.23304773305499352,0.8949283947041322,0.04191640896277327,237,30,0.75,56,4.535714285714286,1.9821428571428572,31.25,1354,,,,,,,,,,,,,,,,,,,,,,,,,,,
39,B,participants_only,,,30,30,0,0,23,7,0.3651743599892206,0.256365375284393,0.8949283947041322,0.04764016081650583,237,30,1.0,56,4.535714285714286,1.9821428571428572,25.0,1354,,,,,,,,,,,,,,,,,,,,,,,,,,,
39,B,nonparticipants_only,,,10,0,10,0,0,0,0.1914553971007545,0.19391317475926273,0.32313068031806114,0.0021114448512923913,0,0,0.0,0,0.0,0.0,50.0,0,,,,,,,,,,,,,,,,,,,,,,,,,,,
39,B,step_totals,,,,,,,,,,,,,,,,,,,,,86.40000000000008,18.0,0.20833333333333315,,,0.0,0.0,58.0,0.6712962962962957,0.011036123672113603,0.13793103448275862,0.0,0,8,25,18,36,,36,58,4.400000000000001,0.050925925925925895,6.000000000000003,0.06944444444444442,22,30,38
40,B,all_agents,,,40,30,10,0,24,6,0.3241246175207697,0.23461660582176663,0.8991312589159669,0.04303293467987654,243,30,0.75,56,4.535714285714286,1.9821428571428572,31.45,1394,,,,,,,,,,,,,,,,,,,,,,,,,,,
40,B,participants_only,,,30,30,0,0,24,6,0.3681587642322063,0.25797773593231466,0.8991312589159669,0.04894159410042611,243,30,1.0,56,4.535714285714286,1.9821428571428572,25.266666666666666,1394,,,,,,,,,,,,,,,,,,,,,,,,,,,
40,B,nonparticipants_only,,,10,0,10,0,0,0,0.19202217738645988,0.1956442396731889,0.3215150269164708,0.0020388834989759548,0,0,0.0,0,0.0,0.0,50.0,0,,,,,,,,,,,,,,,,,,,,,,,,,,,
40,B,step_totals,,,,,,,,,,,,,,,,,,,,,75.40000000000008,15.0,0.19893899204244012,,,0.0,0.0,49.0,0.6498673740053044,0.010170355066679243,0.12244897959183673,0.0,0,6,51,12,30,,30,49,5.600000000000002,0.07427055702917768,5.8000000000000025,0.07692307692307687,28,29,28
40,B,reachability,0.25,0.0,,,,,,,,,,,,,,,,,,,,,,,,,,,,,,,,,,,,,,,,,,,,,
41,B,all_agents,,,40,30,10,0,22,8,0.3270416701815567,0.23482359821779528,0.9031660085593283,0.04397041165332043,249,30,0.75,56,4.535714285714286,1.9821428571428572,31.2,1434,,,,,,,,,,,,,,,,,,,,,,,,,,,
41,B,participants_only,,,30,30,0,0,22,8,0.37186077862448536,0.2592581126360619,0.9031660085593283,0.04993494095127641,249,30,1.0,56,4.535714285714286,1.9821428571428572,24.933333333333334,1434,,,,,,,,,,,,,,,,,,,,,,,,,,,
41,B,nonparticipants_only,,,10,0,10,0,0,0,0.19258434485277062,0.1972149315343431,0.31990745178188845,0.0019717939800244833,0,0,0.0,0,0.0,0.0,50.0,0,,,,,,,,,,,,,,,,,,,,,,,,,,,
41,B,step_totals,,,,,,,,,,,,,,,,,,,,,85.70000000000007,17.5,0.20420070011668595,,,0.0,0.0,58.0,0.6767794632438734,0.010291001615672837,0.10344827586206896,0.0,0,6,24,19,35,,36,58,4.200000000000001,0.04900816802800464,6.000000000000003,0.07001166861143521,21,30,37
42,B,all_agents,,,40,30,10,0,22,8,0.3291887902596214,0.23647824603381434,0.9070393682169552,0.0451039688786708,259,30,0.75,56,4.535714285714286,1.9821428571428572,31.45,1475,,,,,,,,,,,,,,,,,,,,,,,,,,,
42,B,participants_only,,,30,30,0,0,22,8,0.37453745367537106,0.2604491934734206,0.9070393682169552,0.051276961342414114,259,30,1.0,56,4.535714285714286,1.9821428571428572,25.266666666666666,1475,,,,,,,,,,,,,,,,,,,,,,,,,,,
42,B,nonparticipants_only,,,10,0,10,0,0,0,0.19314280001237233,0.19806126755611758,0.318307914522979,0.0019069762043014045,0,0,0.0,0,0.0,0.0,50.0,0,,,,,,,,,,,,,,,,,,,,,,,,,,,
42,B,step_totals,,,,,,,,,,,,,,,,,,,,,74.60000000000008,15.0,0.201072386058981,,,0.0,0.0,48.0,0.6434316353887393,0.0096014152720492,0.20833333333333334,0.0,0,10,50,13,30,,31,48,5.600000000000002,0.07506702412868628,6.000000000000003,0.08042895442359245,28,30,30
43,B,all_agents,,,40,30,10,0,22,8,0.33204505038310755,0.23888847801544588,0.910757793488277,0.04605384673440458,269,30,0.75,56,4.535714285714286,1.9821428571428572,31.2,1518,,,,,,,,,,,,,,,,,,,,,,,,,,,
43,B,participants_only,,,30,30,0,0,22,8,0.37816093132441686,0.2629560040116387,0.910757793488277,0.05228341995621655,269,30,1.0,56,4.535714285714286,1.9821428571428572,24.933333333333334,1518,,,,,,,,,,,,,,,,,,,,,,,,,,,
43,B,nonparticipants_only,,,10,0,10,0,0,0,0.1936974075591796,0.20044141686560063,0.31671637495036414,0.001845033369052492,0,0,0.0,0,0.0,0.0,50.0,0,,,,,,,,,,,,,,,,,,,,,,,,,,,
43,B,step_totals,,,,,,,,,,,,,,,,,,,,,83.50000000000007,15.5,0.1856287425149699,,,0.0,0.0,58.0,0.6946107784431131,0.010459725968900694,0.1724137931034483,0.0,0,10,22,20,31,,34,58,4.000000000000001,0.047904191616766435,6.000000000000003,0.07185628742514967,20,30,37
44,B,all_agents,,,40,30,10,0,21,9,0.3342263805620147,0.2393144126116687,0.9143274817487459,0.047153006912056955,274,30,0.75,56,4.535714285714286,1.9821428571428572,31.45,1561,,,,,,,,,,,,,,,,,,,,,,,,,,,
44,B,participants_only,,,30,30,0,0,21,9,0.3808856176973068,0.26507835626772996,0.9143274817487459,0.05356765483215016,274,30,1.0,56,4.535714285714286,1.9821428571428572,25.266666666666666,1561,,,,,,,,,,,,,,,,,,,,,,,,,,,
44,B,nonparticipants_only,,,10,0,10,0,0,0,0.19424866915613856,0.20152042325164737,0.3151327930756123,0.0017840502312083412,0,0,0.0,0,0.0,0.0,50.0,0,,,,,,,,,,,,,,,,,,,,,,,,,,,
44,B,step_totals,,,,,,,,,,,,,,,,,,,,,74.60000000000008,15.0,0.201072386058981,,,0.0,0.0,48.0,0.6434316353887393,0.00974227771048839,0.10416666666666667,0.0,0,5,50,13,30,,31,48,5.600000000000002,0.07506702412868628,6.000000000000003,0.08042895442359245,28,30,30
45,B,all_agents,,,40,30,10,0,21,9,0.3369699450669951,0.24069546489603016,0.917754382478796,0.04809538700120651,280,30,0.75,56,4.535714285714286,1.9821428571428572,31.2,1605,,,,,,,,,,,,,,,,,,,,,,,,,,,
45,B,participants_only,,,30,30,0,0,21,9,0.38436133624814417,0.26629545247458464,0.917754382478796,0.05456769067393294,280,30,1.0,56,4.535714285714286,1.9821428571428572,24.933333333333334,1605,,,,,,,,,,,,,,,,,,,,,,,,,,,
45,B,nonparticipants_only,,,10,0,10,0,0,0,0.19479577152354796,0.20228495898736376,0.31355712911023426,0.001727148486010922,0,0,0.0,0,0.0,0.0,50.0,0,,,,,,,,,,,,,,,,,,,,,,,,,,,
45,B,step_totals,,,,,,,,,,,,,,,,,,,,,82.80000000000007,15.0,0.18115942028985493,,,0.0,0.0,58.0,0.7004830917874391,0.010250641891614702,0.10344827586206896,0.0,0,6,20,21,30,,33,58,3.800000000000001,0.04589371980676326,6.000000000000003,0.072463768115942,19,30,37
46,B,all_agents,,,40,30,10,0,21,9,0.3391651345198309,0.24058199650004763,0.9210442071796442,0.049152074006169263,283,30,0.75,56,4.535714285714286,1.9821428571428572,31.45,1650,,,,,,,,,,,,,,,,,,,,,,,,,,,
46,B,participants_only,,,30,30,0,0,21,9,0.3871070009837679,0.2689158269251592,0.9210442071796442,0.055785283738941364,283,30,1.0,56,4.535714285714286,1.9821428571428572,25.266666666666666,1650,,,,,,,,,,,,,,,,,,,,,,,,,,,
46,B,nonparticipants_only,,,10,0,10,0,0,0,0.19533953512801985,0.20302962597138224,0.3119893434646831,0.0016713740873013653,0,0,0.0,0,0.0,0.0,50.0,0,,,,,,,,,,,,,,,,,,,,,,,,,,,
46,B,step_totals,,,,,,,,,,,,,,,,,,,,,73.90000000000008,14.5,0.19621109607577789,,,0.0,0.0,48.0,0.6495263870094716,0.009927067386745057,0.0625,0.0,0,3,48,14,29,,31,48,5.400000000000002,0.07307171853856559,6.000000000000003,0.08119079837618398,27,30,30
47,B,all_agents,,,40,30,10,0,21,9,0.3418762005407437,0.24299319260887758,0.9242024388924585,0.05011939104539394,289,30,0.75,56,4.535714285714286,1.9821428571428572,31.2,1696,,,,,,,,,,,,,,,,,,,,,,,,,,,
47,B,participants_only,,,30,30,0,0,21,9,0.3905416486050954,0.26771082048608896,0.9242024388924585,0.05681351553085581,289,30,1.0,56,4.535714285714286,1.9821428571428572,24.933333333333334,1696,,,,,,,,,,,,,,,,,,,,,,,,,,,
47,B,nonparticipants_only,,,10,0,10,0,0,0,0.19587985634768848,0.20440943535858377,0.3104293967473597,0.0016171075653589094,0,0,0.0,0,0.0,0.0,50.0,0,,,,,,,,,,,,,,,,,,,,,,,,,,,
47,B,step_totals,,,,,,,,,,,,,,,,,,,,,82.10000000000008,14.5,0.17661388550548096,,,0.0,0.0,58.0,0.7064555420219238,0.01027793963892338,0.10344827586206896,0.0,0,6,20,22,29,,32,58,3.600000000000001,0.043848964677222865,6.000000000000003,0.07308160779537146,18,30,36
48,B,all_agents,,,40,30,10,0,21,9,0.34374955823915904,0.243068899264762,0.9272343413367601,0.051086514537060236,295,30,0.75,56,4.535714285714286,1.9821428571428572,31.45,1738,,,,,,,,,,,,,,,,,,,,,,,,,,,
48,B,participants_only,,,30,30,0,0,21,9,0.39286057160924975,0.2692582378601673,0.9272343413367601,0.05794602781025737,295,30,1.0,56,4.535714285714286,1.9821428571428572,25.266666666666666,1738,,,,,,,,,,,,,,,,,,,,,,,,,,,
48,B,nonparticipants_only,,,10,0,10,0,0,0,0.19641651812888694,0.2056250333920014,0.3088772497636229,0.0015652751066220897,0,0,0.0,0,0.0,0.0,50.0,0,,,,,,,,,,,,,,,,,,,,,,,,,,,
48,B,step_totals,,,,,,,,,,,,,,,,,,,,,73.40000000000009,14.0,0.19073569482288805,,,0.0,0.0,48.0,0.6539509536784733,0.00898880822401504,0.125,0.0,0,6,47,15,28,,31,48,5.400000000000002,0.07356948228882827,6.000000000000003,0.0817438692098092,27,30,30
49,B,all_agents,,,40,30,10,0,21,9,0.3461766953969577,0.2427288483653987,0.9301449676832897,0.05202063105316471,300,30,0.75,56,4.535714285714286,1.9821428571428572,31.2,1783,,,,,,,,,,,,,,,,,,,,,,,,,,,
49,B,participants_only,,,30,30,0,0,21,9,0.3959192352769217,0.26791194667086643,0.9301449676832897,0.05895772839355804,300,30,1.0,56,4.535714285714286,1.9821428571428572,24.933333333333334,1783,,,,,,,,,,,,,,,,,,,,,,,,,,,
49,B,nonparticipants_only,,,10,0,10,0,0,0,0.19694907575706574,0.20637470126867152,0.30733286351480477,0.0015174957474670227,0,0,0.0,0,0.0,0.0,50.0,0,,,,,,,,,,,,,,,,,,,,,,,,,,,
49,B,step_totals,,,,,,,,,,,,,,,,,,,,,80.40000000000006,13.0,0.1616915422885571,,,0.0,0.0,58.0,0.7213930348258701,0.009707002225786798,0.08620689655172414,0.0,0,5,18,23,26,,32,58,3.400000000000001,0.04228855721393032,6.000000000000003,0.07462686567164177,17,30,35
50,B,all_agents,,,40,30,10,0,21,9,0.34794540950130964,0.24151520412357175,0.9329391689759581,0.052972914800831196,304,30,0.75,56,4.535714285714286,1.9821428571428572,31.45,1826,,,,,,,,,,,,,,,,,,,,,,,,,,,
50,B,participants_only,,,30,30,0,0,21,9,0.3981011011200378,0.2692468732458203,0.9329391689759581,0.06007787089802461,304,30,1.0,56,4.535714285714286,1.9821428571428572,25.266666666666666,1826,,,,,,,,,,,,,,,,,,,,,,,,,,,
50,B,nonparticipants_only,,,10,0,10,0,0,0,0.19747833464512515,0.20724142123003714,0.3057961991972307,0.0014709256882154606,0,0,0.0,0,0.0,0.0,50.0,0,,,,,,,,,,,,,,,,,,,,,,,,,,,
50,B,step_totals,,,,,,,,,,,,,,,,,,,,,72.70000000000007,13.5,0.18569463548830792,,,0.0,0.0,48.0,0.660247592847317,0.008774531262018588,0.08333333333333333,0.0,0,4,47,15,27,,31,48,5.200000000000002,0.07152682255845938,6.000000000000003,0.08253094910591467,26,30,30
50,B,reachability,0.25,0.0,,,,,,,,,,,,,,,,,,,,,,,,,,,,,,,,,,,,,,,,,,,,,
51,B,all_agents,,,40,30,10,0,21,9,0.3500630914752478,0.24157851042032175,0.9356216022169197,0.05381572048684213,308,30,0.75,56,4.535714285714286,1.9821428571428572,31.2,1867,,,,,,,,,,,,,,,,,,,,,,,,,,,
51,B,participants_only,,,30,30,0,0,21,9,0.40074929261842596,0.26790063887959126,0.9356216022169197,0.061002975513954144,308,30,1.0,56,4.535714285714286,1.9821428571428572,24.933333333333334,1867,,,,,,,,,,,,,,,,,,,,,,,,,,,
51,B,nonparticipants_only,,,10,0,10,0,0,0,0.19800448804571333,0.20882518306411335,0.3042672182012446,0.0014248635695854946,0,0,0.0,0,0.0,0.0,50.0,0,,,,,,,,,,,,,,,,,,,,,,,,,,,
51,B,step_totals,,,,,,,,,,,,,,,,,,,,,80.10000000000008,12.5,0.15605493133583007,,,0.0,0.0,58.0,0.7240948813982515,0.008848192505647745,0.06896551724137931,0.0,0,4,18,22,25,,31,58,3.600000000000001,0.04494382022471907,6.000000000000003,0.07490636704119846,18,30,35
52,B,all_agents,,,40,30,10,0,21,9,0.35174948898801967,0.24119455599777545,0.9381967381282429,0.05469885107272945,315,30,0.75,56,4.535714285714286,1.9821428571428572,31.45,1910,,,,,,,,,,,,,,,,,,,,,,,,,,,
52,B,participants_only,,,30,30,0,0,21,9,0.40282353153438866,0.2730387580907477,0.9381967381282429,0.06203756184947941,315,30,1.0,56,4.535714285714286,1.9821428571428572,25.266666666666666,1910,,,,,,,,,,,,,,,,,,,,,,,,,,,
52,B,nonparticipants_only,,,10,0,10,0,0,0,0.19852736134891275,0.21043074352484162,0.30274588211023834,0.001380024878139854,0,0,0.0,0,0.0,0.0,50.0,0,,,,,,,,,,,,,,,,,,,,,,,,,,,
52,B,step_totals,,,,,,,,,,,,,,,,,,,,,72.90000000000008,13.5,0.18518518518518498,,,0.0,0.0,48.0,0.6584362139917689,0.008503707819334811,0.14583333333333334,0.0,0,7,47,15,27,,31,48,5.400000000000002,0.07407407407407403,6.000000000000003,0.08230452674897114,27,30,30
53,B,all_agents,,,40,30,10,0,20,10,0.3541082955685257,0.240587661952597,0.9406688686031132,0.05562665524763852,323,30,0.75,56,4.535714285714286,1.9821428571428572,31.2,1958,,,,,,,,,,,,,,,,,,,,,,,,,,,
53,B,participants_only,,,30,30,0,0,20,10,0.4057956012803947,0.27167356430029393,0.9406688686031132,0.06303638457302316,323,30,1.0,56,4.535714285714286,1.9821428571428572,24.933333333333334,1958,,,,,,,,,,,,,,,,,,,,,,,,,,,
53,B,nonparticipants_only,,,10,0,10,0,0,0,0.19904637843291859,0.21118671272484496,0.3012321526996872,0.0013385364104580514,0,0,0.0,0,0.0,0.0,50.0,0,,,,,,,,,,,,,,,,,,,,,,,,,,,
53,B,step_totals,,,,,,,,,,,,,,,,,,,,,79.20000000000007,12.0,0.15151515151515138,,,0.0,0.0,58.0,0.7323232323232316,0.00970870800555523,0.13793103448275862,0.0,0,8,17,24,24,,30,58,3.2000000000000006,0.04040404040404037,6.000000000000003,0.07575757575757572,16,30,35
54,B,all_agents,,,40,30,10,0,20,10,0.3557323984377659,0.23969574335104532,0.9430421138589886,0.05646743738785108,325,30,0.75,56,4.535714285714286,1.9821428571428572,31.45,2001,,,,,,,,,,,,,,,,,,,,,,,,,,,
54,B,participants_only,,,30,30,0,0,20,10,0.4077892326221301,0.27202865700889267,0.9430421138589886,0.06401719526482973,325,30,1.0,56,4.535714285714286,1.9821428571428572,25.266666666666666,2001,,,,,,,,,,,,,,,,,,,,,,,,,,,
54,B,nonparticipants_only,,,10,0,10,0,0,0,0.19956189588467318,0.21161119165618686,0.29972599193618876,0.001299195933334405,0,0,0.0,0,0.0,0.0,50.0,0,,,,,,,,,,,,,,,,,,,,,,,,,,,
54,B,step_totals,,,,,,,,,,,,,,,,,,,,,72.90000000000009,13.5,0.18518518518518495,,,0.0,0.0,48.0,0.6584362139917688,0.008326304571155446,0.041666666666666664,0.0,0,2,47,15,27,,31,48,5.400000000000002,0.07407407407407401,6.000000000000003,0.08230452674897112,27,30,30
55,B,all_agents,,,40,30,10,0,19,11,0.3579062294348346,0.24221132973501178,0.9453204293046291,0.05730764559335745,328,30,0.75,56,4.535714285714286,1.9821428571428572,31.2,2047,,,,,,,,,,,,,,,,,,,,,,,,,,,
55,B,participants_only,,,30,30,0,0,19,11,0.41051697157426437,0.2706685137238482,0.9453204293046291,0.0649180430230974,328,30,1.0,56,4.535714285714286,1.9821428571428572,24.933333333333334,2047,,,,,,,,,,,,,,,,,,,,,,,,,,,
55,B,nonparticipants_only,,,10,0,10,0,0,0,0.20007400301654513,0.21223176317779235,0.29822736197650784,0.0012617710425987046,0,0,0.0,0,0.0,0.0,50.0,0,,,,,,,,,,,,,,,,,,,,,,,,,,,
55,B,step_totals,,,,,,,,,,,,,,,,,,,,,78.30000000000007,11.5,0.14687100893997432,,,0.0,0.0,58.0,0.7407407407407401,0.009282028496999658,0.05172413793103448,0.0,0,3,16,26,23,,29,58,2.8000000000000003,0.03575989782886332,6.000000000000003,0.07662835249042142,14,30,33
56,B,all_agents,,,40,30,10,0,19,11,0.3593626681007549,0.2410002730863367,0.9475076121324439,0.058135996543347106,335,30,0.75,56,4.535714285714286,1.9821428571428572,31.45,2090,,,,,,,,,,,,,,,,,,,,,,,,,,,
56,B,participants_only,,,30,30,0,0,19,11,0.4122892283453792,0.27215744086100724,0.9475076121324439,0.06590139097380095,335,30,1.0,56,4.535714285714286,1.9821428571428572,25.266666666666666,2090,,,,,,,,,,,,,,,,,,,,,,,,,,,
56,B,nonparticipants_only,,,10,0,10,0,0,0,0.20058298736688188,0.2138348575476679,0.2967362251666253,0.0012251639000514032,0,0,0.0,0,0.0,0.0,50.0,0,,,,,,,,,,,,,,,,,,,,,,,,,,,
56,B,step_totals,,,,,,,,,,,,,,,,,,,,,72.20000000000007,13.0,0.18005540166204967,,,0.0,0.0,48.0,0.6648199445983373,0.007888151958372717,0.14583333333333334,0.0,0,7,47,16,26,,31,48,5.200000000000002,0.0720221606648199,6.000000000000003,0.0831024930747922,26,30,30
57,B,all_agents,,,40,30,10,0,19,11,0.3614408306678373,0.24101432931231467,0.9496073076471462,0.059011621019965564,344,30,0.75,56,4.535714285714286,1.9821428571428572,31.2,2137,,,,,,,,,,,,,,,,,,,,,,,,,,,
57,B,participants_only,,,30,30,0,0,19,11,0.4148914862926922,0.2707966536567022,0.9496073076471462,0.06685780406982604,344,30,1.0,56,4.535714285714286,1.9821428571428572,24.933333333333334,2137,,,,,,,,,,,,,,,,,,,,,,,,,,,
57,B,nonparticipants_only,,,10,0,10,0,0,0,0.2010888637932726,0.21404180105020074,0.29525254404079215,0.0011894008296621638,0,0,0.0,0,0.0,0.0,50.0,0,,,,,,,,,,,,,,,,,,,,,,,,,,,
57,B,step_totals,,,,,,,,,,,,,,,,,,,,,78.00000000000006,11.0,0.1410256410256409,,,0.0,0.0,58.0,0.7435897435897431,0.009049571062322,0.15517241379310345,0.0,0,9,16,25,22,,27,58,3.0000000000000004,0.038461538461538436,6.000000000000003,0.0769230769230769,15,30,32
58,B,all_agents,,,40,30,10,0,19,11,0.3627948222374695,0.23980925766575312,0.9516230153412604,0.059782289907926785,354,30,0.75,56,4.535714285714286,1.9821428571428572,31.45,2180,,,,,,,,,,,,,,,,,,,,,,,,,,,
58,B,participants_only,,,30,30,0,0,19,11,0.41652928984788257,0.2694426703884187,0.9516230153412604,0.06777501923826537,354,30,1.0,56,4.535714285714286,1.9821428571428572,25.266666666666666,2180,,,,,,,,,,,,,,,,,,,,,,,,,,,
58,B,nonparticipants_only,,,10,0,10,0,0,0,0.20159141940623038,0.21557947947161865,0.2937762813205882,0.0011553858044166983,0,0,0.0,0,0.0,0.0,50.0,0,,,,,,,,,,,,,,,,,,,,,,,,,,,
58,B,step_totals,,,,,,,,,,,,,,,,,,,,,71.20000000000007,12.0,0.16853932584269646,,,0.0,0.0,48.0,0.6741573033707858,0.007712818034237717,0.20833333333333334,0.0,0,10,47,16,24,,30,48,5.200000000000002,0.0730337078651685,6.000000000000003,0.08426966292134827,26,30,29
59,B,all_agents,,,40,30,10,0,19,11,0.36452036453045744,0.24017107677667515,0.95355809472761,0.060627864367648804,360,30,0.75,56,4.535714285714286,1.9821428571428572,31.2,2225,,,,,,,,,,,,,,,,,,,,,,,,,,,
59,B,participants_only,,,30,30,0,0,19,11,0.418663650336363,0.26873784683848345,0.95355809472761,0.0687366326623191,360,30,1.0,56,4.535714285714286,1.9821428571428572,24.933333333333334,2225,,,,,,,,,,,,,,,,,,,,,,,,,,,
59,B,nonparticipants_only,,,10,0,10,0,0,0,0.20209050711274085,0.21559334816087655,0.29230739991398524,0.0011236147093182504,0,0,0.0,0,0.0,0.0,50.0,0,,,,,,,,,,,,,,,,,,,,,,,,,,,
59,B,step_totals,,,,,,,,,,,,,,,,,,,,,76.80000000000007,10.0,0.13020833333333323,,,0.0,0.0,58.0,0.7552083333333327,0.008131895517731778,0.10344827586206896,0.0,0,6,16,26,20,,27,58,2.8000000000000003,0.03645833333333331,6.000000000000003,0.07812499999999997,14,30,32
60,B,all_agents,,,40,30,10,0,19,11,0.3658449211656985,0.24014483321930963,0.9554157709385056,0.06140336735586846,363,30,0.75,56,4.535714285714286,1.9821428571428572,31.45,2269,,,,,,,,,,,,,,,,,,,,,,,,,,,
60,B,participants_only,,,30,30,0,0,19,11,0.4202644997687173,0.26884863290987016,0.9554157709385056,0.06966053364175671,363,30,1.0,56,4.535714285714286,1.9821428571428572,25.266666666666666,2269,,,,,,,,,,,,,,,,,,,,,,,,,,,
60,B,nonparticipants_only,,,10,0,10,0,0,0,0.20258618535664202,0.2159787549274646,0.29084586291441533,0.0010939820742419954,0,0,0.0,0,0.0,0.0,50.0,0,,,,,,,,,,,,,,,,,,,,,,,,,,,
60,B,step_totals,,,,,,,,,,,,,,,,,,,,,70.50000000000009,11.5,0.16312056737588632,,,0.0,0.0,48.0,0.6808510638297864,0.007723213901557072,0.0625,0.0,0,3,46,17,23,,30,48,5.000000000000002,0.07092198581560277,6.000000000000003,0.08510638297872333,25,30,28
60,B,reachability,0.25,0.0,,,,,,,,,,,,,,,,,,,,,,,,,,,,,,,,,,,,,,,,,,,,,
61,B,all_agents,,,40,30,10,0,19,11,0.36765061517249276,0.2401093163794015,0.9571991401009654,0.06226294484177551,375,30,0.75,56,4.535714285714286,1.9821428571428572,31.2,2317,,,,,,,,,,,,,,,,,,,,,,,,,,,
61,B,participants_only,,,30,30,0,0,19,11,0.4225079074432564,0.2695472130659531,0.9571991401009654,0.07062480053275492,375,30,1.0,56,4.535714285714286,1.9821428571428572,24.933333333333334,2317,,,,,,,,,,,,,,,,,,,,,,,,,,,
61,B,nonparticipants_only,,,10,0,10,0,0,0,0.2030787383602016,0.217377857704357,0.28939163359984327,0.0010655075854773843,0,0,0.0,0,0.0,0.0,50.0,0,,,,,,,,,,,,,,,,,,,,,,,,,,,
61,B,step_totals,,,,,,,,,,,,,,,,,,,,,75.60000000000007,9.0,0.11904761904761894,,,0.0,0.0,58.0,0.7671957671957665,0.008558880026306845,0.20689655172413793,0.0,0,12,16,27,18,,27,58,2.6,0.03439153439153436,6.000000000000003,0.07936507936507933,13,30,31
62,B,all_agents,,,40,30,10,0,18,12,0.36888785890125725,0.23967038610255614,0.9576271486999558,0.06298907949407288,381,30,0.75,56,4.535714285714286,1.9821428571428572,31.45,2359,,,,,,,,,,,,,,,,,,,,,,,,,,,
62,B,participants_only,,,30,30,0,0,18,12,0.4239943383146061,0.2692390907454021,0.9576271486999558,0.07149277621171639,381,30,1.0,56,4.535714285714286,1.9821428571428572,25.266666666666666,2359,,,,,,,,,,,,,,,,,,,,,,,,,,,
62,B,nonparticipants_only,,,10,0,10,0,0,0,0.20356842066121048,0.21743427119087413,0.28794467543184404,0.0010373004611361931,0,0,0.0,0,0.0,0.0,50.0,0,,,,,,,,,,,,,,,,,,,,,,,,,,,
62,B,step_totals,,,,,,,,,,,,,,,,,,,,,70.50000000000006,11.5,0.1631205673758864,,,0.0,0.0,48.0,0.6808510638297867,0.007447364473292981,0.125,0.0,0,6,46,17,23,,30,48,5.000000000000002,0.0709219858156028,6.000000000000003,0.08510638297872337,25,30,27
63,B,all_agents,,,40,30,10,0,18,12,0.3707666613441859,0.2412405410623749,0.9593220627519575,0.06381380574660282,386,30,0.75,56,4.535714285714286,1.9821428571428572,31.2,2408,,,,,,,,,,,,,,,,,,,,,,,,,,,
63,B,participants_only,,,30,30,0,0,18,12,0.42633716706243574,0.26931912468151026,0.9593220627519575,0.07239615579945395,386,30,1.0,56,4.535714285714286,1.9821428571428572,24.933333333333334,2408,,,,,,,,,,,,,,,,,,,,,,,,,,,
63,B,nonparticipants_only,,,10,0,10,0,0,0,0.2040551441894363,0.21767318246571415,0.28650495205468485,0.0010097823186649684,0,0,0.0,0,0.0,0.0,50.0,0,,,,,,,,,,,,,,,,,,,,,,,,,,,
63,B,step_totals,,,,,,,,,,,,,,,,,,,,,75.80000000000005,9.0,0.11873350923482841,,,0.0,0.0,58.0,0.7651715039577831,0.008779179423682929,0.08620689655172414,0.0,0,5,16,27,18,,27,58,2.8000000000000003,0.036939313984168845,6.000000000000003,0.07915567282321898,14,30,30
64,B,all_agents,,,40,30,10,0,18,12,0.3718674457653952,0.2412855752023933,0.9609491802418793,0.06452231210122301,394,30,0.75,56,4.535714285714286,1.9821428571428572,31.45,2451,,,,,,,,,,,,,,,,,,,,,,,,,,,
64,B,participants_only,,,30,30,0,0,18,12,0.4276437688295127,0.2679725290581027,0.9609491802418793,0.07325758451060052,394,30,1.0,56,4.535714285714286,1.9821428571428572,25.266666666666666,2451,,,,,,,,,,,,,,,,,,,,,,,,,,,
64,B,nonparticipants_only,,,10,0,10,0,0,0,0.20453847657304283,0.21874050240738835,0.2850724272944114,0.0009845162984568842,0,0,0.0,0,0.0,0.0,50.0,0,,,,,,,,,,,,,,,,,,,,,,,,,,,
64,B,step_totals,,,,,,,,,,,,,,,,,,,,,70.50000000000006,11.5,0.1631205673758864,,,0.0,0.0,48.0,0.6808510638297867,0.007005808689446972,0.16666666666666666,0.0,0,8,45,17,23,,30,48,5.000000000000002,0.0709219858156028,6.000000000000003,0.08510638297872337,25,30,27
65,B,all_agents,,,40,30,10,0,18,12,0.37355244604816773,0.2423007789952833,0.9625112130322041,0.06535899166815431,403,30,0.75,56,4.535714285714286,1.9821428571428572,31.2,2499,,,,,,,,,,,,,,,,,,,,,,,,,,,
65,B,participants_only,,,30,30,0,0,18,12,0.4297305399152194,0.2666326664128122,0.9625112130322041,0.07420060214542115,403,30,1.0,56,4.535714285714286,1.9821428571428572,24.933333333333334,2499,,,,,,,,,,,,,,,,,,,,,,,,,,,
65,B,nonparticipants_only,,,10,0,10,0,0,0,0.20501816444701274,0.21851809141428036,0.28364706515793936,0.0009624214699306018,0,0,0.0,0,0.0,0.0,50.0,0,,,,,,,,,,,,,,,,,,,,,,,,,,,
65,B,step_totals,,,,,,,,,,,,,,,,,,,,,75.80000000000007,9.0,0.1187335092348284,,,0.0,0.0,58.0,0.765171503957783,0.008173826920500072,0.15517241379310345,0.0,0,9,16,27,18,,26,58,2.8000000000000003,0.03693931398416884,6.000000000000003,0.07915567282321896,14,30,29
66,B,all_agents,,,40,30,10,0,16,14,0.3747345550417325,0.24227298632561642,0.9640107645109159,0.06599328645606693,408,30,0.75,56,4.535714285714286,1.9821428571428572,31.45,2544,,,,,,,,,,,,,,,,,,,,,,,,,,,
66,B,participants_only,,,30,30,0,0,16,14,0.4311476319864022,0.2652995030807481,0.9640107645109159,0.07494810255229518,408,30,1.0,56,4.535714285714286,1.9821428571428572,25.266666666666666,2544,,,,,,,,,,,,,,,,,,,,,,,,,,,
66,B,nonparticipants_only,,,10,0,10,0,0,0,0.20549532420772304,0.21915032683903352,0.28222882983214964,0.0009396151629993663,0,0,0.0,0,0.0,0.0,50.0,0,,,,,,,,,,,,,,,,,,,,,,,,,,,
66,B,step_totals,,,,,,,,,,,,,,,,,,,,,70.50000000000007,11.5,0.16312056737588637,,,0.0,0.0,48.0,0.6808510638297866,0.007303279928317937,0.10416666666666667,0.0,0,5,45,17,23,,30,48,5.000000000000002,0.07092198581560279,6.000000000000003,0.08510638297872336,25,30,27
67,B,all_agents,,,40,30,10,0,15,15,0.37653735196363,0.2422118411814359,0.9654503339304793,0.06681872655180464,412,30,0.75,56,4.535714285714286,1.9821428571428572,31.2,2595,,,,,,,,,,,,,,,,,,,,,,,,,,,
67,B,participants_only,,,30,30,0,0,15,15,0.4333931850633092,0.26433107276949985,0.9654503339304793,0.07585577669649829,412,30,1.0,56,4.535714285714286,1.9821428571428572,24.933333333333334,2595,,,,,,,,,,,,,,,,,,,,,,,,,,,
67,B,nonparticipants_only,,,10,0,10,0,0,0,0.20596985266459236,0.21964168840531623,0.28081768568298887,0.0009165470282207485,0,0,0.0,0,0.0,0.0,50.0,0,,,,,,,,,,,,,,,,,,,,,,,,,,,
67,B,step_totals,,,,,,,,,,,,,,,,,,,,,75.80000000000007,9.0,0.1187335092348284,,,0.0,0.0,58.0,0.765171503957783,0.008558382432913557,0.06896551724137931,0.0,0,4,16,27,18,,25,58,2.8000000000000003,0.03693931398416884,6.000000000000003,0.07915567282321896,14,30,28
68,B,all_agents,,,40,30,10,0,15,15,0.3776106033836805,0.24158507103603635,0.9668323205732601,0.06744983564162833,416,30,0.75,56,4.535714285714286,1.9821428571428572,31.45,2639,,,,,,,,,,,,,,,,,,,,,,,,,,,
68,B,participants_only,,,30,30,0,0,15,15,0.4346671063687923,0.2640283339125485,0.9668323205732601,0.07661281303280269,416,30,1.0,56,4.535714285714286,1.9821428571428572,25.266666666666666,2639,,,,,,,,,,,,,,,,,,,,,,,,,,,
68,B,nonparticipants_only,,,10,0,10,0,0,0,0.20644109442834507,0.21931425038957275,0.27941359725457393,0.0008955690734243561,0,0,0.0,0,0.0,0.0,50.0,0,,,,,,,,,,,,,,,,,,,,,,,,,,,
68,B,step_totals,,,,,,,,,,,,,,,,,,,,,70.50000000000007,11.5,0.16312056737588637,,,0.0,0.0,48.0,0.6808510638297866,0.006955643486976075,0.08333333333333333,0.0,0,4,45,17,23,,30,48,5.000000000000002,0.07092198581560279,6.000000000000003,0.08510638297872336,25,30,27
69,B,all_agents,,,40,30,10,0,15,15,0.3791963871903453,0.24284196650479228,0.9681590277503297,0.06827943444202605,427,30,0.75,56,4.535714285714286,1.9821428571428572,31.2,2689,,,,,,,,,,,,,,,,,,,,,,,,,,,
69,B,participants_only,,,30,30,0,0,15,15,0.4366253297239625,0.26342970536085253,0.9681590277503297,0.07755527875575269,427,30,1.0,56,4.535714285714286,1.9821428571428572,24.933333333333334,2689,,,,,,,,,,,,,,,,,,,,,,,,,,,
69,B,nonparticipants_only,,,10,0,10,0,0,0,0.20690955958949386,0.2201233947729348,0.27801652926830106,0.0008749002144921364,0,0,0.0,0,0.0,0.0,50.0,0,,,,,,,,,,,,,,,,,,,,,,,,,,,
69,B,step_totals,,,,,,,,,,,,,,,,,,,,,75.80000000000007,9.0,0.1187335092348284,,,0.0,0.0,58.0,0.765171503957783,0.007880885287892289,0.1896551724137931,0.0,0,11,16,27,18,,25,58,2.8000000000000003,0.03693931398416884,6.000000000000003,0.07915567282321896,14,30,27
70,B,all_agents,,,40,30,10,0,16,14,0.3801367725774068,0.24281116641201472,0.9694326666403165,0.06886926031057741,431,30,0.75,56,4.535714285714286,1.9821428571428572,31.45,2732,,,,,,,,,,,,,,,,,,,,,,,,,,,
70,B,participants_only,,,30,30,0,0,16,14,0.4377241976865899,0.2638692424266939,0.9694326666403165,0.07827467232232639,431,30,1.0,56,4.535714285714286,1.9821428571428572,25.266666666666666,2732,,,,,,,,,,,,,,,,,,,,,,,,,,,
70,B,nonparticipants_only,,,10,0,10,0,0,0,0.2073744972498576,0.2208367175384744,0.27662644662195957,0.0008572859068612641,0,0,0.0,0,0.0,0.0,50.0,0,,,,,,,,,,,,,,,,,,,,,,,,,,,
70,B,step_totals,,,,,,,,,,,,,,,,,,,,,70.50000000000009,11.5,0.16312056737588632,,,0.0,0.0,48.0,0.6808510638297864,0.0065226893294427464,0.08333333333333333,0.0,0,4,45,17,23,,30,48,5.000000000000002,0.07092198581560277,6.000000000000003,0.08510638297872333,25,30,27
70,B,reachability,0.25,0.0,,,,,,,,,,,,,,,,,,,,,,,,,,,,,,,,,,,,,,,,,,,,,
71,B,all_agents,,,40,30,10,0,16,14,0.38166710383572006,0.24206405038962298,0.9706553599747038,0.06972556117448574,437,30,0.75,56,4.535714285714286,1.9821428571428572,31.2,2783,,,,,,,,,,,,,,,,,,,,,,,,,,,
71,B,participants_only,,,30,30,0,0,16,14,0.439610461168086,0.26260154826371335,0.9706553599747038,0.07925810764638554,437,30,1.0,56,4.535714285714286,1.9821428571428572,24.933333333333334,2783,,,,,,,,,,,,,,,,,,,,,,,,,,,
71,B,nonparticipants_only,,,10,0,10,0,0,0,0.20783703183862232,0.22016459853855094,0.27524331438884975,0.0008387298514314312,0,0,0.0,0,0.0,0.0,50.0,0,,,,,,,,,,,,,,,,,,,,,,,,,,,
71,B,step_totals,,,,,,,,,,,,,,,,,,,,,73.80000000000005,7.0,0.09485094850948503,,,0.0,0.0,58.0,0.7859078590785902,0.00798599398443067,0.10344827586206896,0.0,0,6,15,28,14,,23,58,2.8000000000000003,0.037940379403794015,6.000000000000003,0.08130081300813005,14,30,24
72,B,all_agents,,,40,30,10,0,16,14,0.3825470961298516,0.24123839578567627,0.9718291455757156,0.07030339281164301,443,30,0.75,56,4.535714285714286,1.9821428571428572,31.45,2827,,,,,,,,,,,,,,,,,,,,,,,,,,,
72,B,participants_only,,,30,30,0,0,16,14,0.4406304085305155,0.2631261095922074,0.9718291455757156,0.07997004545734171,443,30,1.0,56,4.535714285714286,1.9821428571428572,25.266666666666666,2827,,,,,,,,,,,,,,,,,,,,,,,,,,,
72,B,nonparticipants_only,,,10,0,10,0,0,0,0.20829715892785997,0.22010060660147385,0.2738670978169055,0.000819380721349548,0,0,0.0,0,0.0,0.0,50.0,0,,,,,,,,,,,,,,,,,,,,,,,,,,,
72,B,step_totals,,,,,,,,,,,,,,,,,,,,,70.30000000000007,11.5,0.16358463726884764,,,0.0,0.0,48.0,0.6827880512091031,0.0063551546450433954,0.125,0.0,0,6,45,18,23,,30,48,4.800000000000002,0.06827880512091034,6.000000000000003,0.08534850640113793,24,30,27
73,B,all_agents,,,40,30,10,0,16,14,0.38359984417925236,0.2413595508592945,0.972955979752687,0.07108163560808903,447,30,0.75,56,4.535714285714286,1.9821428571428572,31.2,2873,,,,,,,,,,,,,,,,,,,,,,,,,,,
73,B,participants_only,,,30,30,0,0,16,14,0.44188172188647923,0.2618104790442463,0.972955979752687,0.08092117804416443,447,30,1.0,56,4.535714285714286,1.9821428571428572,24.933333333333334,2873,,,,,,,,,,,,,,,,,,,,,,,,,,,
73,B,nonparticipants_only,,,10,0,10,0,0,0,0.20875421105757172,0.2213957398829508,0.27249776232782097,0.0008016810709010439,0,0,0.0,0,0.0,0.0,50.0,0,,,,,,,,,,,,,,,,,,,,,,,,,,,
73,B,step_totals,,,,,,,,,,,,,,,,,,,,,74.20000000000006,7.0,0.09433962264150936,,,0.0,0.0,58.0,0.781671159029649,0.006404675203118198,0.06896551724137931,0.0,0,4,14,28,14,,23,58,3.2000000000000006,0.04312668463611857,6.000000000000003,0.08086253369272234,16,30,23
74,B,all_agents,,,40,30,10,0,16,14,0.3846384836449882,0.24130872549413118,0.9740377405625795,0.07164600418992015,453,30,0.75,56,4.535714285714286,1.9821428571428572,31.45,2919,,,,,,,,,,,,,,,,,,,,,,,,,,,
74,B,participants_only,,,30,30,0,0,16,14,0.4431151581512577,0.2607845209109697,0.9740377405625795,0.08158836918632584,453,30,1.0,56,4.535714285714286,1.9821428571428572,25.266666666666666,2919,,,,,,,,,,,,,,,,,,,,,,,,,,,
74,B,nonparticipants_only,,,10,0,10,0,0,0,0.2092084601261798,0.22152408101068102,0.2711352735161819,0.0007846516649568544,0,0,0.0,0,0.0,0.0,50.0,0,,,,,,,,,,,,,,,,,,,,,,,,,,,
74,B,step_totals,,,,,,,,,,,,,,,,,,,,,70.30000000000007,11.5,0.16358463726884764,,,0.0,0.0,48.0,0.6827880512091031,0.006908748468069911,0.125,0.0,0,6,45,18,23,,30,48,4.800000000000002,0.06827880512091034,6.000000000000003,0.08534850640113793,24,30,27
75,B,all_agents,,,40,30,10,0,16,14,0.38620916166564156,0.24058929885808134,0.9750762309400763,0.0725270483241711,465,30,0.75,56,4.535714285714286,1.9821428571428572,31.2,2974,,,,,,,,,,,,,,,,,,,,,,,,,,,
75,B,participants_only,,,30,30,0,0,16,14,0.4450589283819264,0.2594805983064149,0.9750762309400763,0.08259338086407732,465,30,1.0,56,4.535714285714286,1.9821428571428572,24.933333333333334,2974,,,,,,,,,,,,,,,,,,,,,,,,,,,
75,B,nonparticipants_only,,,10,0,10,0,0,0,0.20965986151678714,0.22228080315362508,0.26977959714860095,0.0007685101937187492,0,0,0.0,0,0.0,0.0,50.0,0,,,,,,,,,,,,,,,,,,,,,,,,,,,
75,B,step_totals,,,,,,,,,,,,,,,,,,,,,74.20000000000007,7.0,0.09433962264150934,,,0.0,0.0,58.0,0.7816711590296488,0.008088821808256638,0.20689655172413793,0.0,0,12,14,28,14,,23,58,3.2000000000000006,0.043126684636118566,6.000000000000003,0.08086253369272232,16,30,23
76,B,all_agents,,,40,30,10,0,16,14,0.3869599747250334,0.23975977833395787,0.9760731817024733,0.07300530133622564,469,30,0.75,56,4.535714285714286,1.9821428571428572,31.45,3017,,,,,,,,,,,,,,,,,,,,,,,,,,,
76,B,participants_only,,,30,30,0,0,16,14,0.44591048414792384,0.2592659186741895,0.9760731817024733,0.08318869673078676,469,30,1.0,56,4.535714285714286,1.9821428571428572,25.266666666666666,3017,,,,,,,,,,,,,,,,,,,,,,,,,,,
76,B,nonparticipants_only,,,10,0,10,0,0,0,0.2101084464563622,0.22296951361991438,0.26843069916285794,0.0007531644179228033,0,0,0.0,0,0.0,0.0,50.0,0,,,,,,,,,,,,,,,,,,,,,,,,,,,
76,B,step_totals,,,,,,,,,,,,,,,,,,,,,69.90000000000008,11.5,0.16452074391988536,,,0.0,0.0,48.0,0.6866952789699563,0.005981044750523669,0.08333333333333333,0.0,0,4,43,18,23,,28,48,4.400000000000001,0.06294706723891268,6.000000000000003,0.08583690987124458,22,30,27
77,B,all_agents,,,40,30,10,0,16,14,0.3884393134594462,0.23941839753906008,0.9770302544343743,0.07388933786250684,475,30,0.75,56,4.535714285714286,1.9821428571428572,31.2,3072,,,,,,,,,,,,,,,,,,,,,,,,,,,
77,B,participants_only,,,30,30,0,0,16,14,0.4477342251147668,0.25974659572439,0.9770302544343743,0.084209774781869,475,30,1.0,56,4.535714285714286,1.9821428571428572,24.933333333333334,3072,,,,,,,,,,,,,,,,,,,,,,,,,,,
77,B,nonparticipants_only,,,10,0,10,0,0,0,0.21055457849348444,0.22232058523545575,0.26708854566704365,0.000737388525873051,0,0,0.0,0,0.0,0.0,50.0,0,,,,,,,,,,,,,,,,,,,,,,,,,,,
77,B,step_totals,,,,,,,,,,,,,,,,,,,,,74.20000000000007,7.0,0.09433962264150934,,,0.0,0.0,58.0,0.7816711590296488,0.007797999470368687,0.10344827586206896,0.0,0,6,14,28,14,,23,58,3.2000000000000006,0.043126684636118566,6.000000000000003,0.08086253369272232,16,30,23
78,B,all_agents,,,40,30,10,0,16,14,0.38919451241561565,0.23865784845480092,0.9779490442569994,0.07436124261140728,483,30,0.75,56,4.535714285714286,1.9821428571428572,31.45,3116,,,,,,,,,,,,,,,,,,,,,,,,,,,
78,B,participants_only,,,30,30,0,0,16,14,0.44859338916789426,0.2601848264344042,0.9779490442569994,0.0847945388267994,483,30,1.0,56,4.535714285714286,1.9821428571428572,25.266666666666666,3116,,,,,,,,,,,,,,,,,,,,,,,,,,,
78,B,nonparticipants_only,,,10,0,10,0,0,0,0.21099788215877976,0.2222588012591799,0.2657531029387084,0.0007226352520423086,0,0,0.0,0,0.0,0.0,50.0,0,,,,,,,,,,,,,,,,,,,,,,,,,,,
78,B,step_totals,,,,,,,,,,,,,,,,,,,,,69.90000000000008,11.5,0.16452074391988536,,,0.0,0.0,48.0,0.6866952789699563,0.0060163593514835035,0.16666666666666666,0.0,0,8,43,18,23,,28,48,4.400000000000001,0.06294706723891268,6.000000000000003,0.08583690987124458,22,30,27
79,B,all_agents,,,40,30,10,0,16,14,0.39051833822991155,0.23861765443169647,0.9788310824867194,0.07519482437052936,488,30,0.75,56,4.535714285714286,1.9821428571428572,31.2,3169,,,,,,,,,,,,,,,,,,,,,,,,,,,
79,B,participants_only,,,30,30,0,0,16,14,0.45021163397302155,0.2593741507962426,0.9788310824867194,0.0857704052391906,488,30,1.0,56,4.535714285714286,1.9821428571428572,24.933333333333334,3169,,,,,,,,,,,,,,,,,,,,,,,,,,,
79,B,nonparticipants_only,,,10,0,10,0,0,0,0.21143845100058148,0.22350924760588803,0.2644243374240149,0.0007086070844528877,0,0,0.0,0,0.0,0.0,50.0,0,,,,,,,,,,,,,,,,,,,,,,,,,,,
79,B,step_totals,,,,,,,,,,,,,,,,,,,,,74.20000000000006,7.0,0.09433962264150936,,,0.0,0.0,58.0,0.781671159029649,0.007300168015065483,0.08620689655172414,0.0,0,5,14,28,14,,23,58,3.2000000000000006,0.04312668463611857,6.000000000000003,0.08086253369272234,16,30,23
80,B,all_agents,,,40,30,10,0,16,14,0.3913284169357711,0.23753692312313468,0.9796778391872506,0.07562810361079884,497,30,0.75,56,4.535714285714286,1.9821428571428572,31.45,3213,,,,,,,,,,,,,,,,,,,,,,,,,,,
80,B,participants_only,,,30,30,0,0,16,14,0.4511458387221245,0.2607796901564371,0.9796778391872506,0.08629304370819864,497,30,1.0,56,4.535714285714286,1.9821428571428572,25.266666666666666,3213,,,,,,,,,,,,,,,,,,,,,,,,,,,
80,B,nonparticipants_only,,,10,0,10,0,0,0,0.211876151576711,0.22365766422294892,0.2631022157368948,0.0006957959286014241,0,0,0.0,0,0.0,0.0,50.0,0,,,,,,,,,,,,,,,,,,,,,,,,,,,
80,B,step_totals,,,,,,,,,,,,,,,,,,,,,69.70000000000006,11.5,0.16499282639885207,,,0.0,0.0,48.0,0.688665710186513,0.00623956660346532,0.1875,0.0,0,9,43,18,23,,28,48,4.200000000000001,0.06025824964131991,6.000000000000003,0.08608321377331417,21,30,27
80,B,reachability,0.25,0.0,,,,,,,,,,,,,,,,,,,,,,,,,,,,,,,,,,,,,,,,,,,,,
81,B,all_agents,,,40,30,10,0,16,14,0.392555405760173,0.23744719271260917,0.9804907256197606,0.0764384069831874,501,30,0.75,56,4.535714285714286,1.9821428571428572,31.2,3264,,,,,,,,,,,,,,,,,,,,,,,,,,,
81,B,participants_only,,,30,30,0,0,16,14,0.45263664947932813,0.25947579170565493,0.9804907256197606,0.0872515983338119,501,30,1.0,56,4.535714285714286,1.9821428571428572,24.933333333333334,3264,,,,,,,,,,,,,,,,,,,,,,,,,,,
81,B,nonparticipants_only,,,10,0,10,0,0,0,0.21231167460270758,0.22436377288853554,0.2617867046582103,0.0006817627692277012,0,0,0.0,0,0.0,0.0,50.0,0,,,,,,,,,,,,,,,,,,,,,,,,,,,
81,B,step_totals,,,,,,,,,,,,,,,,,,,,,74.00000000000007,7.0,0.0945945945945945,,,0.0,0.0,58.0,0.783783783783783,0.007012972517869478,0.06896551724137931,0.0,0,4,13,28,14,,23,58,3.0000000000000004,0.04054054054054051,6.000000000000003,0.08108108108108104,15,30,23
82,B,all_agents,,,40,30,10,0,16,14,0.3934035188395776,0.23738818072632756,0.9812710965949701,0.07689572348355841,506,30,0.75,56,4.535714285714286,1.9821428571428572,31.45,3310,,,,,,,,,,,,,,,,,,,,,,,,,,,
82,B,participants_only,,,30,30,0,0,16,14,0.4536232419342157,0.2589936131712423,0.9812710965949701,0.08779898467895186,506,30,1.0,56,4.535714285714286,1.9821428571428572,25.266666666666666,3310,,,,,,,,,,,,,,,,,,,,,,,,,,,
82,B,nonparticipants_only,,,10,0,10,0,0,0,0.21274434955566307,0.22502872027181103,0.26047777113491927,0.0006689593022393006,0,0,0.0,0,0.0,0.0,50.0,0,,,,,,,,,,,,,,,,,,,,,,,,,,,
82,B,step_totals,,,,,,,,,,,,,,,,,,,,,69.70000000000006,11.5,0.16499282639885207,,,0.0,0.0,48.0,0.688665710186513,0.006387918624969905,0.10416666666666667,0.0,0,5,43,18,23,,28,48,4.200000000000001,0.06025824964131991,6.000000000000003,0.08608321377331417,21,30,27
83,B,all_agents,,,40,30,10,0,16,14,0.39455754183557284,0.23855164889089778,0.9820202527311713,0.07771975821255378,508,30,0.75,56,4.535714285714286,1.9821428571428572,31.2,3363,,,,,,,,,,,,,,,,,,,,,,,,,,,
83,B,participants_only,,,30,30,0,0,16,14,0.45501866669651425,0.25889599339156716,0.9820202527311713,0.08878499629447092,508,30,1.0,56,4.535714285714286,1.9821428571428572,24.933333333333334,3363,,,,,,,,,,,,,,,,,,,,,,,,,,,
83,B,nonparticipants_only,,,10,0,10,0,0,0,0.21317416725274863,0.2244021823399805,0.2591753822792447,0.0006574725333982057,0,0,0.0,0,0.0,0.0,50.0,0,,,,,,,,,,,,,,,,,,,,,,,,,,,
83,B,step_totals,,,,,,,,,,,,,,,,,,,,,73.80000000000005,7.0,0.09485094850948503,,,0.0,0.0,58.0,0.7859078590785902,0.006801529387778747,0.034482758620689655,0.0,0,2,12,28,14,,21,58,2.8000000000000003,0.037940379403794015,6.000000000000003,0.08130081300813005,14,30,21
84,B,all_agents,,,40,30,10,0,16,14,0.3952356079782013,0.23882296912182854,0.9827394426219245,0.07813611122795762,517,30,0.75,56,4.535714285714286,1.9821428571428572,31.45,3408,,,,,,,,,,,,,,,,,,,,,,,,,,,
84,B,participants_only,,,30,30,0,0,16,14,0.45578019127887714,0.2590661181467918,0.9827394426219245,0.08930396556450358,517,30,1.0,56,4.535714285714286,1.9821428571428572,25.266666666666666,3408,,,,,,,,,,,,,,,,,,,,,,,,,,,
84,B,nonparticipants_only,,,10,0,10,0,0,0,0.21360185807617366,0.22434253014161276,0.2578795053678485,0.0006447894136899509,0,0,0.0,0,0.0,0.0,50.0,0,,,,,,,,,,,,,,,,,,,,,,,,,,,
84,B,step_totals,,,,,,,,,,,,,,,,,,,,,69.70000000000006,11.5,0.16499282639885207,,,0.0,0.0,48.0,0.688665710186513,0.005817527152668347,0.1875,0.0,0,9,43,18,23,,27,48,4.200000000000001,0.06025824964131991,6.000000000000003,0.08608321377331417,21,30,26
85,B,all_agents,,,40,30,10,0,16,14,0.3963048742173134,0.23841144596205635,0.9834298649170475,0.07886653570487269,531,30,0.75,56,4.535714285714286,1.9821428571428572,31.2,3458,,,,,,,,,,,,,,,,,,,,,,,,,,,
85,B,participants_only,,,30,30,0,0,16,14,0.45706434470728924,0.25891787153547496,0.9834298649170475,0.09017706342757338,531,30,1.0,56,4.535714285714286,1.9821428571428572,24.933333333333334,3458,,,,,,,,,,,,,,,,,,,,,,,,,,,
85,B,nonparticipants_only,,,10,0,10,0,0,0,0.21402646274738577,0.22554983141968094,0.2565901078410092,0.0006343934861036003,0,0,0.0,0,0.0,0.0,50.0,0,,,,,,,,,,,,,,,,,,,,,,,,,,,
85,B,step_totals,,,,,,,,,,,,,,,,,,,,,73.80000000000005,7.0,0.09485094850948503,,,0.0,0.0,58.0,0.7859078590785902,0.006531051359350172,0.2413793103448276,0.0,0,14,12,28,14,,21,58,2.8000000000000003,0.037940379403794015,6.000000000000003,0.08130081300813005,14,30,21
86,B,all_agents,,,40,30,10,0,16,14,0.3971470165947132,0.23778976308879607,0.9840926703203656,0.07928947727014819,540,30,0.75,56,4.535714285714286,1.9821428571428572,31.45,3506,,,,,,,,,,,,,,,,,,,,,,,,,,,
86,B,participants_only,,,30,30,0,0,16,14,0.4580464172796098,0.2586019336898698,0.9840926703203656,0.09067658845506854,540,30,1.0,56,4.535714285714286,1.9821428571428572,25.266666666666666,3506,,,,,,,,,,,,,,,,,,,,,,,,,,,
86,B,nonparticipants_only,,,10,0,10,0,0,0,0.21444881454002315,0.22571493330608658,0.25530715730180414,0.00062329967003206,0,0,0.0,0,0.0,0.0,50.0,0,,,,,,,,,,,,,,,,,,,,,,,,,,,
86,B,step_totals,,,,,,,,,,,,,,,,,,,,,69.70000000000006,11.5,0.16499282639885207,,,0.0,0.0,48.0,0.688665710186513,0.006396487410340812,0.1875,0.0,0,9,43,18,23,,27,48,4.200000000000001,0.06025824964131991,6.000000000000003,0.08608321377331417,21,30,25
87,B,all_agents,,,40,30,10,0,16,14,0.3982754488445325,0.23672853898692986,0.984728963507551,0.0801265753560732,548,30,0.75,56,4.535714285714286,1.9821428571428572,31.2,3561,,,,,,,,,,,,,,,,,,,,,,,,,,,
87,B,participants_only,,,30,30,0,0,16,14,0.45941094793199316,0.2578521612390244,0.984728963507551,0.09168142655086967,548,30,1.0,56,4.535714285714286,1.9821428571428572,24.933333333333334,3561,,,,,,,,,,,,,,,,,,,,,,,,,,,
87,B,nonparticipants_only,,,10,0,10,0,0,0,0.21486895158215036,0.22637487238892995,0.2540306215152951,0.0006114307876088962,0,0,0.0,0,0.0,0.0,50.0,0,,,,,,,,,,,,,,,,,,,,,,,,,,,
87,B,step_totals,,,,,,,,,,,,,,,,,,,,,73.30000000000005,6.5,0.08867667121418821,,,0.0,0.0,58.0,0.7912687585266024,0.0067950927478719995,0.13793103448275862,0.0,0,8,10,28,13,,20,58,2.8000000000000003,0.03819918144611185,6.000000000000003,0.08185538881309684,14,30,21
88,B,all_agents,,,40,30,10,0,16,14,0.39887256971579765,0.23634053516847942,0.9853398049672489,0.08046494974536667,554,30,0.75,56,4.535714285714286,1.9821428571428572,31.45,3604,,,,,,,,,,,,,,,,,,,,,,,,,,,
88,B,participants_only,,,30,30,0,0,16,14,0.46006814176135397,0.25917054336347384,0.9853398049672489,0.09210618668423871,554,30,1.0,56,4.535714285714286,1.9821428571428572,25.266666666666666,3604,,,,,,,,,,,,,,,,,,,,,,,,,,,
88,B,nonparticipants_only,,,10,0,10,0,0,0,0.2152858535791287,0.2270168766042967,0.2527604684077186,0.0006024624729560733,0,0,0.0,0,0.0,0.0,50.0,0,,,,,,,,,,,,,,,,,,,,,,,,,,,
88,B,step_totals,,,,,,,,,,,,,,,,,,,,,69.70000000000006,11.5,0.16499282639885207,,,0.0,0.0,48.0,0.688665710186513,0.005567688723357207,0.125,0.0,0,6,42,18,23,,26,48,4.200000000000001,0.06025824964131991,6.000000000000003,0.08608321377331417,21,30,25
89,B,all_agents,,,40,30,10,0,16,14,0.40000327424792015,0.2361498889790783,0.985926212768559,0.08125678395411128,556,30,0.75,56,4.535714285714286,1.9821428571428572,31.2,3658,,,,,,,,,,,,,,,,,,,,,,,,,,,
89,B,participants_only,,,30,30,0,0,16,14,0.46143748683334856,0.25787469064665647,0.985926212768559,0.09304824074818051,556,30,1.0,56,4.535714285714286,1.9821428571428572,24.933333333333334,3658,,,,,,,,,,,,,,,,,,,,,,,,,,,
89,B,nonparticipants_only,,,10,0,10,0,0,0,0.21570063649163496,0.2264119565708634,0.25149666606568,0.0005924638600042526,0,0,0.0,0,0.0,0.0,50.0,0,,,,,,,,,,,,,,,,,,,,,,,,,,,
89,B,step_totals,,,,,,,,,,,,,,,,,,,,,73.50000000000006,6.5,0.0884353741496598,,,0.0,0.0,58.0,0.7891156462585028,0.006787724803251165,0.034482758620689655,0.0,0,2,10,28,13,,20,58,3.0000000000000004,0.04081632653061222,6.000000000000003,0.08163265306122447,15,30,21
90,B,all_agents,,,40,30,10,0,16,14,0.40071600905792,0.23528821646238374,0.9864891642578166,0.08161329897222798,563,30,0.75,56,4.535714285714286,1.9821428571428572,31.45,3704,,,,,,,,,,,,,,,,,,,,,,,,,,,
90,B,participants_only,,,30,30,0,0,16,14,0.46225040251126676,0.25746329409953705,0.9864891642578166,0.09347739749548906,563,30,1.0,56,4.535714285714286,1.9821428571428572,25.266666666666666,3704,,,,,,,,,,,,,,,,,,,,,,,,,,,
90,B,nonparticipants_only,,,10,0,10,0,0,0,0.2161128286978796,0.2261185348601785,0.2502391827353516,0.0005832244703892456,0,0,0.0,0,0.0,0.0,50.0,0,,,,,,,,,,,,,,,,,,,,,,,,,,,
90,B,step_totals,,,,,,,,,,,,,,,,,,,,,69.70000000000007,11.5,0.16499282639885204,,,0.0,0.0,48.0,0.6886657101865129,0.005982182292025306,0.14583333333333334,0.0,0,7,42,18,23,,26,48,4.200000000000001,0.06025824964131989,6.000000000000003,0.08608321377331415,21,30,24
90,B,reachability,0.25,0.0,,,,,,,,,,,,,,,,,,,,,,,,,,,,,,,,,,,,,,,,,,,,,
91,B,all_agents,,,40,30,10,0,16,14,0.4016653426497887,0.2343784260993601,0.987029597687504,0.0823642543088805,572,30,0.75,56,4.535714285714286,1.9821428571428572,31.2,3756,,,,,,,,,,,,,,,,,,,,,,,,,,,
91,B,participants_only,,,30,30,0,0,16,14,0.4633796094160422,0.2561759776290393,0.987029597687504,0.09439294316425195,572,30,1.0,56,4.535714285714286,1.9821428571428572,24.933333333333334,3756,,,,,,,,,,,,,,,,,,,,,,,,,,,
91,B,nonparticipants_only,,,10,0,10,0,0,0,0.21652254235102827,0.22619160808281685,0.24922332616306586,0.0005743790728105249,0,0,0.0,0,0.0,0.0,50.0,0,,,,,,,,,,,,,,,,,,,,,,,,,,,
91,B,step_totals,,,,,,,,,,,,,,,,,,,,,73.50000000000007,6.5,0.08843537414965978,,,0.0,0.0,58.0,0.7891156462585026,0.006201349579029678,0.15517241379310345,0.0,0,9,9,28,13,,19,58,3.0000000000000004,0.040816326530612214,6.000000000000003,0.08163265306122444,15,30,21
92,B,all_agents,,,40,30,10,0,16,14,0.4023260894298941,0.23524480739680753,0.9875484137800038,0.08271681867456555,577,30,0.75,56,4.535714285714286,1.9821428571428572,31.45,3803,,,,,,,,,,,,,,,,,,,,,,,,,,,
92,B,participants_only,,,30,30,0,0,16,14,0.46412479528576944,0.25753259909991755,0.9875484137800038,0.09482435447128171,577,30,1.0,56,4.535714285714286,1.9821428571428572,25.266666666666666,3803,,,,,,,,,,,,,,,,,,,,,,,,,,,
92,B,nonparticipants_only,,,10,0,10,0,0,0,0.21692997186226823,0.22554041863918123,0.24938834187227282,0.0005652507388851101,0,0,0.0,0,0.0,0.0,50.0,0,,,,,,,,,,,,,,,,,,,,,,,,,,,
92,B,step_totals,,,,,,,,,,,,,,,,,,,,,69.20000000000007,11.0,0.15895953757225417,,,0.0,0.0,48.0,0.693641618497109,0.005880679599901993,0.10416666666666667,0.0,0,5,41,18,22,,25,48,4.200000000000001,0.06069364161849706,6.000000000000003,0.08670520231213867,21,30,23
93,B,all_agents,,,40,30,10,0,16,14,0.40323640536326927,0.23504069512591283,0.9876729296422038,0.08346198481184802,587,30,0.75,56,4.535714285714286,1.9821428571428572,31.2,3854,,,,,,,,,,,,,,,,,,,,,,,,,,,
93,B,participants_only,,,30,30,0,0,16,14,0.4652036097529464,0.2570515259273609,0.9876729296422038,0.09573723044375856,587,30,1.0,56,4.535714285714286,1.9821428571428572,24.933333333333334,3854,,,,,,,,,,,,,,,,,,,,,,,,,,,
93,B,nonparticipants_only,,,10,0,10,0,0,0,0.2173347921942379,0.2248021566334193,0.25048481582933085,0.000557034877652203,0,0,0.0,0,0.0,0.0,50.0,0,,,,,,,,,,,,,,,,,,,,,,,,,,,
93,B,step_totals,,,,,,,,,,,,,,,,,,,,,73.10000000000007,6.5,0.08891928864569075,,,0.0,0.0,58.0,0.793433652530779,0.006112903900483309,0.1724137931034483,0.0,0,10,9,28,13,,18,58,2.6,0.035567715458276306,6.000000000000003,0.08207934336525304,13,30,20
94,B,all_agents,,,40,30,10,0,16,14,0.4038236225590724,0.23504577622221356,0.9881660124565156,0.08379397466515616,600,30,0.75,56,4.535714285714286,1.9821428571428572,31.45,3899,,,,,,,,,,,,,,,,,,,,,,,,,,,
94,B,participants_only,,,30,30,0,0,16,14,0.4658524601689135,0.25708890121960215,0.9881660124565156,0.09615186238862534,600,30,1.0,56,4.535714285714286,1.9821428571428572,25.266666666666666,3899,,,,,,,,,,,,,,,,,,,,,,,,,,,
94,B,nonparticipants_only,,,10,0,10,0,0,0,0.217737109729549,0.2251797694038215,0.2520611421380722,0.0005493911520120745,0,0,0.0,0,0.0,0.0,50.0,0,,,,,,,,,,,,,,,,,,,,,,,,,,,
94,B,step_totals,,,,,,,,,,,,,,,,,,,,,69.20000000000006,11.0,0.1589595375722542,,,0.0,0.0,48.0,0.6936416184971093,0.005637473823930189,0.2708333333333333,0.0,0,13,41,18,22,,25,48,4.200000000000001,0.06069364161849707,6.000000000000003,0.0867052023121387,21,30,23
95,B,all_agents,,,40,30,10,0,16,14,0.4045555577062064,0.23493065575366512,0.9886393719582549,0.0844668501455627,607,30,0.75,56,4.535714285714286,1.9821428571428572,31.2,3949,,,,,,,,,,,,,,,,,,,,,,,,,,,
95,B,participants_only,,,30,30,0,0,16,14,0.46669512360310644,0.25639734402071895,0.9886393719582549,0.09699629544576756,607,30,1.0,56,4.535714285714286,1.9821428571428572,24.933333333333334,3949,,,,,,,,,,,,,,,,,,,,,,,,,,,
95,B,nonparticipants_only,,,10,0,10,0,0,0,0.21813686001550608,0.22426181375825618,0.25144414746929616,0.0005426064466858047,0,0,0.0,0,0.0,0.0,50.0,0,,,,,,,,,,,,,,,,,,,,,,,,,,,
95,B,step_totals,,,,,,,,,,,,,,,,,,,,,72.80000000000007,6.0,0.08241758241758235,,,0.0,0.0,58.0,0.796703296703296,0.005576352336567504,0.1206896551724138,0.0,0,7,8,28,12,,18,58,2.8000000000000003,0.03846153846153843,6.000000000000003,0.08241758241758237,14,30,20
96,B,all_agents,,,40,30,10,0,16,14,0.40512305065425097,0.23546383442864716,0.9890937970799247,0.0847883752909615,614,30,0.75,56,4.535714285714286,1.9821428571428572,31.45,3996,,,,,,,,,,,,,,,,,,,,,,,,,,,
96,B,participants_only,,,30,30,0,0,16,14,0.46731920245654174,0.2576324155556441,0.9890937970799247,0.09739945451104225,614,30,1.0,56,4.535714285714286,1.9821428571428572,25.266666666666666,3996,,,,,,,,,,,,,,,,,,,,,,,,,,,
96,B,nonparticipants_only,,,10,0,10,0,0,0,0.21853459524737856,0.22374390970938834,0.25113987010028044,0.0005348020425560991,0,0,0.0,0,0.0,0.0,50.0,0,,,,,,,,,,,,,,,,,,,,,,,,,,,
96,B,step_totals,,,,,,,,,,,,,,,,,,,,,69.20000000000007,11.0,0.15895953757225417,,,0.0,0.0,48.0,0.693641618497109,0.005578068564821971,0.14583333333333334,0.0,0,7,41,18,22,,25,48,4.200000000000001,0.06069364161849706,6.000000000000003,0.08670520231213867,21,30,23
97,B,all_agents,,,40,30,10,0,16,14,0.4060457889721048,0.23546456089521514,0.9895300451967277,0.08557351768079019,618,30,0.75,56,4.535714285714286,1.9821428571428572,31.2,4051,,,,,,,,,,,,,,,,,,,,,,,,,,,
97,B,participants_only,,,30,30,0,0,16,14,0.46841776684365544,0.2563442534778659,0.9895300451967277,0.09836107831792583,618,30,1.0,56,4.535714285714286,1.9821428571428572,24.933333333333334,4051,,,,,,,,,,,,,,,,,,,,,,,,,,,
97,B,nonparticipants_only,,,10,0,10,0,0,0,0.21892985535745293,0.2245044587974319,0.25062419070852215,0.0005276722860728433,0,0,0.0,0,0.0,0.0,50.0,0,,,,,,,,,,,,,,,,,,,,,,,,,,,
97,B,step_totals,,,,,,,,,,,,,,,,,,,,,72.40000000000006,6.0,0.08287292817679551,,,0.0,0.0,58.0,0.8011049723756899,0.006244129183983431,0.06896551724137931,0.0,0,4,7,28,12,,18,58,2.4,0.0331491712707182,6.000000000000003,0.08287292817679555,12,30,20
98,B,all_agents,,,40,30,10,0,16,14,0.4065540336858094,0.23591977935086428,0.9899488433888586,0.08585179638372104,625,30,0.75,56,4.535714285714286,1.9821428571428572,31.45,4094,,,,,,,,,,,,,,,,,,,,,,,,,,,
98,B,participants_only,,,30,30,0,0,16,14,0.4689644735873858,0.2560005149861987,0.9899488433888586,0.09871514922571044,625,30,1.0,56,4.535714285714286,1.9821428571428572,25.266666666666666,4094,,,,,,,,,,,,,,,,,,,,,,,,,,,
98,B,nonparticipants_only,,,10,0,10,0,0,0,0.2193227139810801,0.22443840214463645,0.25078351275952526,0.0005209817532534383,0,0,0.0,0,0.0,0.0,50.0,0,,,,,,,,,,,,,,,,,,,,,,,,,,,
98,B,step_totals,,,,,,,,,,,,,,,,,,,,,69.20000000000006,11.0,0.1589595375722542,,,0.0,0.0,48.0,0.6936416184971093,0.0053853439798023555,0.14583333333333334,0.0,0,7,41,18,22,,25,48,4.200000000000001,0.06069364161849707,6.000000000000003,0.0867052023121387,21,30,23
99,B,all_agents,,,40,30,10,0,16,14,0.4073625061571692,0.2360698515625907,0.9903508896533042,0.08661976555348919,632,30,0.75,56,4.535714285714286,1.9821428571428572,31.2,4149,,,,,,,,,,,,,,,,,,,,,,,,,,,
99,B,participants_only,,,30,30,0,0,16,14,0.4699121989216574,0.25473367724572316,0.9903508896533042,0.0996718983026916,632,30,1.0,56,4.535714285714286,1.9821428571428572,24.933333333333334,4149,,,,,,,,,,,,,,,,,,,,,,,,,,,
99,B,nonparticipants_only,,,10,0,10,0,0,0,0.21971342786370443,0.224075760902951,0.2518421542703822,0.0005137985266994569,0,0,0.0,0,0.0,0.0,50.0,0,,,,,,,,,,,,,,,,,,,,,,,,,,,
99,B,step_totals,,,,,,,,,,,,,,,,,,,,,72.40000000000006,6.0,0.08287292817679551,,,0.0,0.0,58.0,0.8011049723756899,0.00586876723057775,0.1206896551724138,0.0,0,7,7,28,12,,18,58,2.4,0.0331491712707182,6.000000000000003,0.08287292817679555,12,30,19
100,B,all_agents,,,40,30,10,0,16,14,0.4078523496478932,0.2360939474217835,0.990736854067172,0.08690687498199613,643,30,0.75,56,4.535714285714286,1.9821428571428572,31.45,4194,,,,,,,,,,,,,,,,,,,,,,,,,,,
100,B,participants_only,,,30,30,0,0,16,14,0.4704358901075171,0.2560667612409052,0.990736854067172,0.10003998541733498,643,30,1.0,56,4.535714285714286,1.9821428571428572,25.266666666666666,4194,,,,,,,,,,,,,,,,,,,,,,,,,,,
100,B,nonparticipants_only,,,10,0,10,0,0,0,0.2201017282690216,0.22485973816554705,0.2533640914348243,0.0005071492384430529,0,0,0.0,0,0.0,0.0,50.0,0,,,,,,,,,,,,,,,,,,,,,,,,,,,
100,B,step_totals,,,,,,,,,,,,,,,,,,,,,69.20000000000006,11.0,0.1589595375722542,,,0.0,0.0,48.0,0.6936416184971093,0.00533233140275654,0.22916666666666666,0.0,0,11,41,18,22,,25,48,4.200000000000001,0.06069364161849707,6.000000000000003,0.0867052023121387,21,30,23
100,B,reachability,0.25,0.0,,,,,,,,,,,,,,,,,,,,,,,,,,,,,,,,,,,,,,,,,,,,,
101,B,all_agents,,,40,30,10,0,16,14,0.40863827675040215,0.23608698351448648,0.9911073799044852,0.08765294728177449,651,30,0.75,56,4.535714285714286,1.9821428571428572,31.2,4248,,,,,,,,,,,,,,,,,,,,,,,,,,,
101,B,participants_only,,,30,30,0,0,16,14,0.471355170512517,0.25563204439598286,0.9911073799044852,0.10096990823544398,651,30,1.0,56,4.535714285714286,1.9821428571428572,24.933333333333334,4248,,,,,,,,,,,,,,,,,,,,,,,,,,,
101,B,nonparticipants_only,,,10,0,10,0,0,0,0.22048759546405744,0.22433317520934443,0.2527683853862317,0.0005011592627450904,0,0,0.0,0,0.0,0.0,50.0,0,,,,,,,,,,,,,,,,,,,,,,,,,,,
101,B,step_totals,,,,,,,,,,,,,,,,,,,,,72.60000000000007,6.0,0.08264462809917347,,,0.0,0.0,58.0,0.7988980716253437,0.005781150638968366,0.13793103448275862,0.0,0,8,5,28,12,,18,58,2.6,0.035812672176308506,6.000000000000003,0.08264462809917351,13,30,19
102,B,all_agents,,,40,30,10,0,16,14,0.4091046484990089,0.23656218330104095,0.9914630847083058,0.08792831198916676,663,30,0.75,56,4.535714285714286,1.9821428571428572,31.45,4295,,,,,,,,,,,,,,,,,,,,,,,,,,,
102,B,participants_only,,,30,30,0,0,16,14,0.47184902722533145,0.25564264577115897,0.9914630847083058,0.10132558817376935,663,30,1.0,56,4.535714285714286,1.9821428571428572,25.266666666666666,4295,,,,,,,,,,,,,,,,,,,,,,,,,,,
102,B,nonparticipants_only,,,10,0,10,0,0,0,0.22087151232004096,0.22448765102950913,0.25247460672274324,0.0004941986943324589,0,0,0.0,0,0.0,0.0,50.0,0,,,,,,,,,,,,,,,,,,,,,,,,,,,
102,B,step_totals,,,,,,,,,,,,,,,,,,,,,69.20000000000006,11.0,0.1589595375722542,,,0.0,0.0,48.0,0.6936416184971093,0.005261621492828971,0.25,0.0,0,12,41,18,22,,25,48,4.200000000000001,0.06069364161849707,6.000000000000003,0.0867052023121387,21,30,23
103,B,all_agents,,,40,30,10,0,16,14,0.4097372692991717,0.23634966417512035,0.9918045613199735,0.08859969380588606,669,30,0.75,56,4.535714285714286,1.9821428571428572,31.2,4347,,,,,,,,,,,,,,,,,,,,,,,,,,,
103,B,participants_only,,,30,30,0,0,16,14,0.47256543673640067,0.2548102907964957,0.9918045613199735,0.10218045482640349,669,30,1.0,56,4.535714285714286,1.9821428571428572,24.933333333333334,4347,,,,,,,,,,,,,,,,,,,,,,,,,,,
103,B,nonparticipants_only,,,10,0,10,0,0,0,0.22125276698748483,0.22663446034298124,0.2519767201957586,0.0004888672620880276,0,0,0.0,0,0.0,0.0,50.0,0,,,,,,,,,,,,,,,,,,,,,,,,,,,
103,B,step_totals,,,,,,,,,,,,,,,,,,,,,72.60000000000005,6.0,0.0826446280991735,,,0.0,0.0,58.0,0.7988980716253438,0.005277233735610572,0.10344827586206896,0.0,0,6,5,28,12,,18,58,2.6,0.03581267217630851,6.000000000000003,0.08264462809917353,13,30,19
104,B,all_agents,,,40,30,10,0,16,14,0.41009660929034264,0.23605432595528247,0.9921323788671745,0.08881425012493038,678,30,0.75,56,4.535714285714286,1.9821428571428572,31.45,4391,,,,,,,,,,,,,,,,,,,,,,,,,,,
104,B,participants_only,,,30,30,0,0,16,14,0.47291815193060555,0.2549399816699748,0.9921323788671745,0.10247183375636593,678,30,1.0,56,4.535714285714286,1.9821428571428572,25.266666666666666,4391,,,,,,,,,,,,,,,,,,,,,,,,,,,
104,B,nonparticipants_only,,,10,0,10,0,0,0,0.22163198136955387,0.22657068289138982,0.25213054504102833,0.0004829445941953143,0,0,0.0,0,0.0,0.0,50.0,0,,,,,,,,,,,,,,,,,,,,,,,,,,,
104,B,step_totals,,,,,,,,,,,,,,,,,,,,,69.20000000000006,11.0,0.1589595375722542,,,0.0,0.0,48.0,0.6936416184971093,0.00489794155970188,0.1875,0.0,0,9,41,18,22,,25,48,4.200000000000001,0.06069364161849707,6.000000000000003,0.0867052023121387,21,30,23
105,B,all_agents,,,40,30,10,0,16,14,0.41090211181357433,0.23667503813387172,0.9924470837124876,0.08957828527452862,691,30,0.75,56,4.535714285714286,1.9821428571428572,31.2,4448,,,,,,,,,,,,,,,,,,,,,,,,,,,
105,B,participants_only,,,30,30,0,0,16,14,0.4738664550610621,0.2539454221504907,0.9924470837124876,0.10342077979672752,691,30,1.0,56,4.535714285714286,1.9821428571428572,24.933333333333334,4448,,,,,,,,,,,,,,,,,,,,,,,,,,,
105,B,nonparticipants_only,,,10,0,10,0,0,0,0.222009082071111,0.22622055412679334,0.25315265946635995,0.00047669946088236723,0,0,0.0,0,0.0,0.0,50.0,0,,,,,,,,,,,,,,,,,,,,,,,,,,,
105,B,step_totals,,,,,,,,,,,,,,,,,,,,,72.60000000000007,6.0,0.08264462809917347,,,0.0,0.0,58.0,0.7988980716253437,0.005855468060293831,0.22413793103448276,0.0,0,13,5,28,12,,18,58,2.6,0.035812672176308506,6.000000000000003,0.08264462809917351,13,30,19
106,B,all_agents,,,40,30,10,0,16,14,0.41120648275066035,0.23695217587036996,0.9925226128753627,0.08975504172146723,698,30,0.75,56,4.535714285714286,1.9821428571428572,31.45,4489,,,,,,,,,,,,,,,,,,,,,,,,,,,
106,B,participants_only,,,30,30,0,0,16,14,0.4741473447732207,0.2542009381716974,0.9925226128753627,0.10367024505209271,698,30,1.0,56,4.535714285714286,1.9821428571428572,25.266666666666666,4489,,,,,,,,,,,,,,,,,,,,,,,,,,,
106,B,nonparticipants_only,,,10,0,10,0,0,0,0.2223838966829793,0.2269774812461378,0.25462208411509246,0.0004708063838750401,0,0,0.0,0,0.0,0.0,50.0,0,,,,,,,,,,,,,,,,,,,,,,,,,,,
106,B,step_totals,,,,,,,,,,,,,,,,,,,,,69.20000000000006,11.0,0.1589595375722542,,,0.0,0.0,48.0,0.6936416184971093,0.0047173529567649435,0.14583333333333334,0.0,0,7,41,18,22,,24,48,4.200000000000001,0.06069364161849707,6.000000000000003,0.0867052023121387,21,30,22
107,B,all_agents,,,40,30,10,0,16,14,0.4119794410498568,0.23713801736813728,0.9928217083603482,0.09050524205461577,702,30,0.75,56,4.535714285714286,1.9821428571428572,31.2,4546,,,,,,,,,,,,,,,,,,,,,,,,,,,
107,B,participants_only,,,30,30,0,0,16,14,0.4750538022756637,0.2532784190673533,0.9928217083603482,0.10460496835752585,702,30,1.0,56,4.535714285714286,1.9821428571428572,24.933333333333334,4546,,,,,,,,,,,,,,,,,,,,,,,,,,,
107,B,nonparticipants_only,,,10,0,10,0,0,0,0.22275635737243601,0.22646908667832583,0.25404693214978646,0.0004655626173626286,0,0,0.0,0,0.0,0.0,50.0,0,,,,,,,,,,,,,,,,,,,,,,,,,,,
107,B,step_totals,,,,,,,,,,,,,,,,,,,,,72.60000000000007,6.0,0.08264462809917347,,,0.0,0.0,58.0,0.7988980716253437,0.005747082864756079,0.06896551724137931,0.0,0,4,5,28,12,,18,58,2.6,0.035812672176308506,6.000000000000003,0.08264462809917351,13,30,19
108,B,all_agents,,,40,30,10,0,16,14,0.4123587782298001,0.23708511599484286,0.9931088400259342,0.09070647067301717,708,30,0.75,56,4.535714285714286,1.9821428571428572,31.45,4591,,,,,,,,,,,,,,,,,,,,,,,,,,,
108,B,participants_only,,,30,30,0,0,16,14,0.47543614742955365,0.25328870257238234,0.9931088400259342,0.10487349954712025,708,30,1.0,56,4.535714285714286,1.9821428571428572,25.266666666666666,4591,,,,,,,,,,,,,,,,,,,,,,,,,,,
108,B,nonparticipants_only,,,10,0,10,0,0,0,0.22312667063053956,0.22661823250581886,0.2537632899472782,0.00046032998876377923,0,0,0.0,0,0.0,0.0,50.0,0,,,,,,,,,,,,,,,,,,,,,,,,,,,
108,B,step_totals,,,,,,,,,,,,,,,,,,,,,69.20000000000006,11.0,0.1589595375722542,,,0.0,0.0,48.0,0.6936416184971093,0.0049866165386269435,0.125,0.0,0,6,41,18,22,,23,48,4.200000000000001,0.06069364161849707,6.000000000000003,0.0867052023121387,21,30,22
109,B,all_agents,,,40,30,10,0,16,14,0.4130068131373016,0.2378568201613679,0.9933844864248969,0.09138863637475628,719,30,0.75,56,4.535714285714286,1.9821428571428572,31.2,4645,,,,,,,,,,,,,,,,,,,,,,,,,,,
109,B,participants_only,,,30,30,0,0,16,14,0.47617752296800386,0.2533922894028796,0.9933844864248969,0.10573746558214507,719,30,1.0,56,4.535714285714286,1.9821428571428572,24.933333333333334,4645,,,,,,,,,,,,,,,,,,,,,,,,,,,
109,B,nonparticipants_only,,,10,0,10,0,0,0,0.22349468364519484,0.22869096888091145,0.2532825823647866,0.000455685786412521,0,0,0.0,0,0.0,0.0,50.0,0,,,,,,,,,,,,,,,,,,,,,,,,,,,
109,B,step_totals,,,,,,,,,,,,,,,,,,,,,72.60000000000005,6.0,0.0826446280991735,,,0.0,0.0,58.0,0.7988980716253438,0.005334975679108393,0.1896551724137931,0.0,0,11,5,28,12,,18,58,2.6,0.03581267217630851,6.000000000000003,0.08264462809917353,13,30,19
110,B,all_agents,,,40,30,10,0,16,14,0.413372859660431,0.23776044268946978,0.993649106967901,0.09160022973398363,726,30,0.75,56,4.535714285714286,1.9821428571428572,31.45,4691,,,,,,,,,,,,,,,,,,,,,,,,,,,
110,B,participants_only,,,30,30,0,0,16,14,0.47654358451180184,0.25377495942249184,0.993649106967901,0.10602127178558199,726,30,1.0,56,4.535714285714286,1.9821428571428572,25.266666666666666,4691,,,,,,,,,,,,,,,,,,,,,,,,,,,
110,B,nonparticipants_only,,,10,0,10,0,0,0,0.2238606851063187,0.22862939198957102,0.2534310996784496,0.0004506178402174371,0,0,0.0,0,0.0,0.0,50.0,0,,,,,,,,,,,,,,,,,,,,,,,,,,,
110,B,step_totals,,,,,,,,,,,,,,,,,,,,,69.20000000000007,11.0,0.15895953757225417,,,0.0,0.0,48.0,0.693641618497109,0.0049479219246252775,0.14583333333333334,0.0,0,7,41,18,22,,23,48,4.200000000000001,0.06069364161849706,6.000000000000003,0.08670520231213867,21,30,22
110,B,reachability,0.25,0.0,,,,,,,,,,,,,,,,,,,,,,,,,,,,,,,,,,,,,,,,,,,,,
111,B,all_agents,,,40,30,10,0,16,14,0.41408684444280913,0.23840690867335884,0.9939031426891849,0.092331410454368,729,30,0.75,56,4.535714285714286,1.9821428571428572,31.2,4747,,,,,,,,,,,,,,,,,,,,,,,,,,,
111,B,participants_only,,,30,30,0,0,16,14,0.4773742026299304,0.25298891906923626,0.9939031426891849,0.10693912505242255,729,30,1.0,56,4.535714285714286,1.9821428571428572,24.933333333333334,4747,,,,,,,,,,,,,,,,,,,,,,,,,,,
111,B,nonparticipants_only,,,10,0,10,0,0,0,0.2242247698814453,0.2282913439748773,0.2544179473391136,0.0004447901845445387,0,0,0.0,0,0.0,0.0,50.0,0,,,,,,,,,,,,,,,,,,,,,,,,,,,
111,B,step_totals,,,,,,,,,,,,,,,,,,,,,72.40000000000006,6.0,0.08287292817679551,,,0.0,0.0,58.0,0.8011049723756899,0.005569529683710852,0.05172413793103448,0.0,0,3,5,28,12,,17,58,2.4,0.0331491712707182,6.000000000000003,0.08287292817679555,12,30,18
112,B,all_agents,,,40,30,10,0,16,14,0.41448429142746457,0.2386041569186514,0.9941470169816174,0.09254432970616097,731,30,0.75,56,4.535714285714286,1.9821428571428572,31.45,4794,,,,,,,,,,,,,,,,,,,,,,,,,,,
112,B,participants_only,,,30,30,0,0,16,14,0.47778350457345514,0.25354572014446936,0.9941470169816174,0.10721884998380748,731,30,1.0,56,4.535714285714286,1.9821428571428572,25.266666666666666,4794,,,,,,,,,,,,,,,,,,,,,,,,,,,
112,B,nonparticipants_only,,,10,0,10,0,0,0,0.22458665198949296,0.22902215428192865,0.2558366713500317,0.000439284254402941,0,0,0.0,0,0.0,0.0,50.0,0,,,,,,,,,,,,,,,,,,,,,,,,,,,
112,B,step_totals,,,,,,,,,,,,,,,,,,,,,69.20000000000006,11.0,0.1589595375722542,,,0.0,0.0,48.0,0.6936416184971093,0.005065421812867332,0.041666666666666664,0.0,0,2,41,18,22,,23,48,4.200000000000001,0.06069364161849707,6.000000000000003,0.0867052023121387,21,30,22
113,B,all_agents,,,40,30,10,0,16,14,0.4151489151990654,0.23888099519850875,0.9943811363023527,0.09325948459702627,743,30,0.75,56,4.535714285714286,1.9821428571428572,31.2,4850,,,,,,,,,,,,,,,,,,,,,,,,,,,
113,B,participants_only,,,30,30,0,0,16,14,0.47854979980067297,0.25259564305990767,0.9943811363023527,0.1081224898962105,743,30,1.0,56,4.535714285714286,1.9821428571428572,24.933333333333334,4850,,,,,,,,,,,,,,,,,,,,,,,,,,,
113,B,nonparticipants_only,,,10,0,10,0,0,0,0.22494626139424273,0.22853130122525955,0.2552813642753816,0.0004344026802773142,0,0,0.0,0,0.0,0.0,50.0,0,,,,,,,,,,,,,,,,,,,,,,,,,,,
113,B,step_totals,,,,,,,,,,,,,,,,,,,,,72.40000000000005,6.0,0.08287292817679552,,,0.0,0.0,58.0,0.8011049723756901,0.005411803771212432,0.20689655172413793,0.0,0,12,5,28,12,,18,58,2.4,0.03314917127071821,6.000000000000003,0.08287292817679556,12,30,19
114,B,all_agents,,,40,30,10,0,16,14,0.41543925160621026,0.23873091599827334,0.9946058908502586,0.09341533134261286,748,30,0.75,56,4.535714285714286,1.9821428571428572,31.45,4895,,,,,,,,,,,,,,,,,,,,,,,,,,,
114,B,participants_only,,,30,30,0,0,16,14,0.4788177363209335,0.2519279361077577,0.9946058908502586,0.10834326966474685,748,30,1.0,56,4.535714285714286,1.9821428571428572,25.266666666666666,4895,,,,,,,,,,,,,,,,,,,,,,,,,,,
114,B,nonparticipants_only,,,10,0,10,0,0,0,0.2253037974620404,0.22867530096473251,0.255007508788096,0.0004295284793979765,0,0,0.0,0,0.0,0.0,50.0,0,,,,,,,,,,,,,,,,,,,,,,,,,,,
114,B,step_totals,,,,,,,,,,,,,,,,,,,,,69.20000000000006,11.0,0.1589595375722542,,,0.0,0.0,48.0,0.6936416184971093,0.004703108610589058,0.10416666666666667,0.0,0,5,41,18,22,,23,48,4.200000000000001,0.06069364161849707,6.000000000000003,0.0867052023121387,21,30,22
115,B,all_agents,,,40,30,10,0,16,14,0.41605956333431066,0.23955012161106903,0.9948216552162483,0.09410507700287787,758,30,0.75,56,4.535714285714286,1.9821428571428572,31.2,4951,,,,,,,,,,,,,,,,,,,,,,,,,,,
115,B,participants_only,,,30,30,0,0,16,14,0.4795263802279546,0.2509834810416717,0.9948216552162483,0.10921954908252945,758,30,1.0,56,4.535714285714286,1.9821428571428572,24.933333333333334,4951,,,,,,,,,,,,,,,,,,,,,,,,,,,
115,B,nonparticipants_only,,,10,0,10,0,0,0,0.22565911265337887,0.23067652019443832,0.25454338741235927,0.0004252186045871892,0,0,0.0,0,0.0,0.0,50.0,0,,,,,,,,,,,,,,,,,,,,,,,,,,,
115,B,step_totals,,,,,,,,,,,,,,,,,,,,,72.40000000000006,6.0,0.08287292817679551,,,0.0,0.0,58.0,0.8011049723756899,0.005265737103510756,0.1724137931034483,0.0,0,10,5,28,12,,18,58,2.4,0.0331491712707182,6.000000000000003,0.08287292817679555,12,30,19
116,B,all_agents,,,40,30,10,0,16,14,0.416372658519979,0.23905658923886414,0.9950287890075984,0.09426808016170955,769,30,0.75,56,4.535714285714286,1.9821428571428572,31.45,4997,,,,,,,,,,,,,,,,,,,,,,,,,,,
116,B,participants_only,,,30,30,0,0,16,14,0.4798260494608738,0.25073945860421826,0.9950287890075984,0.10944527622885872,769,30,1.0,56,4.535714285714286,1.9821428571428572,25.266666666666666,4997,,,,,,,,,,,,,,,,,,,,,,,,,,,
116,B,nonparticipants_only,,,10,0,10,0,0,0,0.22601248569729468,0.2306170679358025,0.2546867803240765,0.00042049809748570223,0,0,0.0,0,0.0,0.0,50.0,0,,,,,,,,,,,,,,,,,,,,,,,,,,,
116,B,step_totals,,,,,,,,,,,,,,,,,,,,,69.20000000000007,11.0,0.15895953757225417,,,0.0,0.0,48.0,0.693641618497109,0.004790339785760192,0.22916666666666666,0.0,0,11,41,18,22,,23,48,4.200000000000001,0.06069364161849706,6.000000000000003,0.08670520231213867,21,30,22
117,B,all_agents,,,40,30,10,0,16,14,0.4168530116744283,0.23898586219535414,0.9952276374472945,0.09489815012139118,776,30,0.75,56,4.535714285714286,1.9821428571428572,31.2,5050,,,,,,,,,,,,,,,,,,,,,,,,,,,
117,B,participants_only,,,30,30,0,0,16,14,0.48034934616989183,0.2496421715100068,0.9952276374472945,0.11026538068835608,776,30,1.0,56,4.535714285714286,1.9821428571428572,24.933333333333334,5050,,,,,,,,,,,,,,,,,,,,,,,,,,,
117,B,nonparticipants_only,,,10,0,10,0,0,0,0.22636400818803779,0.23029068384002535,0.2556395780551544,0.0004150444881790016,0,0,0.0,0,0.0,0.0,50.0,0,,,,,,,,,,,,,,,,,,,,,,,,,,,
117,B,step_totals,,,,,,,,,,,,,,,,,,,,,72.40000000000006,6.0,0.08287292817679551,,,0.0,0.0,58.0,0.8011049723756899,0.004803605656798715,0.1206896551724138,0.0,0,7,5,28,12,,18,58,2.4,0.0331491712707182,6.000000000000003,0.08287292817679555,12,30,19
118,B,all_agents,,,40,30,10,0,16,14,0.41719130412249067,0.23997863531139665,0.9954185319494027,0.09507140908123728,782,30,0.75,56,4.535714285714286,1.9821428571428572,31.45,5098,,,,,,,,,,,,,,,,,,,,,,,,,,,
118,B,participants_only,,,30,30,0,0,16,14,0.4806839374926736,0.2507993826340003,0.9954185319494027,0.11049998751212656,782,30,1.0,56,4.535714285714286,1.9821428571428572,25.266666666666666,5098,,,,,,,,,,,,,,,,,,,,,,,,,,,
118,B,nonparticipants_only,,,10,0,10,0,0,0,0.2267134040119419,0.23099627846233858,0.2570093507895997,0.0004098998812038296,0,0,0.0,0,0.0,0.0,50.0,0,,,,,,,,,,,,,,,,,,,,,,,,,,,
118,B,step_totals,,,,,,,,,,,,,,,,,,,,,69.20000000000006,11.0,0.1589595375722542,,,0.0,0.0,48.0,0.6936416184971093,0.004883819296259508,0.125,0.0,0,6,41,18,22,,23,48,4.200000000000001,0.06069364161849707,6.000000000000003,0.0867052023121387,21,30,22
119,B,all_agents,,,40,30,10,0,16,14,0.4177260548546375,0.24011439986098254,0.9956017906714265,0.09573286540522541,790,30,0.75,56,4.535714285714286,1.9821428571428572,31.2,5152,,,,,,,,,,,,,,,,,,,,,,,,,,,
119,B,participants_only,,,30,30,0,0,16,14,0.48128120462308366,0.25045480280676324,0.9956017906714265,0.1113516737220158,790,30,1.0,56,4.535714285714286,1.9821428571428572,24.933333333333334,5152,,,,,,,,,,,,,,,,,,,,,,,,,,,
119,B,nonparticipants_only,,,10,0,10,0,0,0,0.22706060554929908,0.23052236166917084,0.25647320388276895,0.0004053557097787557,0,0,0.0,0,0.0,0.0,50.0,0,,,,,,,,,,,,,,,,,,,,,,,,,,,
119,B,step_totals,,,,,,,,,,,,,,,,,,,,,72.40000000000005,6.0,0.08287292817679552,,,0.0,0.0,58.0,0.8011049723756901,0.0049857228411551695,0.13793103448275862,0.0,0,8,5,28,12,,19,58,2.4,0.03314917127071821,6.000000000000003,0.08287292817679556,12,30,19
120,B,all_agents,,,40,30,10,0,16,14,0.41797176244807344,0.23975099927398008,0.9957777190445695,0.09584985439754043,796,30,0.75,56,4.535714285714286,1.9821428571428572,31.45,5197,,,,,,,,,,,,,,,,,,,,,,,,,,,
120,B,participants_only,,,30,30,0,0,16,14,0.4814937481682407,0.25041574271121964,0.9957777190445695,0.11152603001536336,796,30,1.0,56,4.535714285714286,1.9821428571428572,25.266666666666666,5197,,,,,,,,,,,,,,,,,,,,,,,,,,,
120,B,nonparticipants_only,,,10,0,10,0,0,0,0.2274058052875717,0.23066139287987802,0.25620879743248315,0.00040081550607404,0,0,0.0,0,0.0,0.0,50.0,0,,,,,,,,,,,,,,,,,,,,,,,,,,,
120,B,step_totals,,,,,,,,,,,,,,,,,,,,,69.20000000000006,11.0,0.1589595375722542,,,0.0,0.0,48.0,0.6936416184971093,0.004569358991815274,0.125,0.0,0,6,41,18,22,,23,48,4.200000000000001,0.06069364161849707,6.000000000000003,0.0867052023121387,21,30,22
120,B,reachability,0.25,0.0,,,,,,,,,,,,,,,,,,,,,,,,,,,,,,,,,,,,,,,,,,,,,
121,B,all_agents,,,40,30,10,0,16,14,0.41852677789427895,0.2408482145663058,0.9959466102827866,0.09652424813158612,806,30,0.75,56,4.535714285714286,1.9821428571428572,31.2,5253,,,,,,,,,,,,,,,,,,,,,,,,,,,
121,B,participants_only,,,30,30,0,0,16,14,0.48211941693306637,0.2498891695069822,0.9959466102827866,0.11239063034333653,806,30,1.0,56,4.535714285714286,1.9821428571428572,24.933333333333334,5253,,,,,,,,,,,,,,,,,,,,,,,,,,,
121,B,nonparticipants_only,,,10,0,10,0,0,0,0.22774886077791662,0.23259356257278718,0.25576068997742846,0.00039681661732473466,0,0,0.0,0,0.0,0.0,50.0,0,,,,,,,,,,,,,,,,,,,,,,,,,,,
121,B,step_totals,,,,,,,,,,,,,,,,,,,,,72.40000000000006,6.0,0.08287292817679551,,,0.0,0.0,58.0,0.8011049723756899,0.005053613506191786,0.1724137931034483,0.0,0,10,5,28,12,,19,58,2.4,0.0331491712707182,6.000000000000003,0.08287292817679555,12,30,19
122,B,all_agents,,,40,30,10,0,16,14,0.4188288142206366,0.2406875674464868,0.9961087458714751,0.09667193759456096,815,30,0.75,56,4.535714285714286,1.9821428571428572,31.45,5301,,,,,,,,,,,,,,,,,,,,,,,,,,,
122,B,participants_only,,,30,30,0,0,16,14,0.48240840525012296,0.2501800439212962,0.9961087458714751,0.11259565259157796,815,30,1.0,56,4.535714285714286,1.9821428571428572,25.266666666666666,5301,,,,,,,,,,,,,,,,,,,,,,,,,,,
122,B,nonparticipants_only,,,10,0,10,0,0,0,0.22809004113217773,0.23253616163909338,0.2558991352982037,0.00039241985778911846,0,0,0.0,0,0.0,0.0,50.0,0,,,,,,,,,,,,,,,,,,,,,,,,,,,
122,B,step_totals,,,,,,,,,,,,,,,,,,,,,69.20000000000006,11.0,0.1589595375722542,,,0.0,0.0,48.0,0.6936416184971093,0.004772322020536514,0.1875,0.0,0,9,41,18,22,,23,48,4.200000000000001,0.06069364161849707,6.000000000000003,0.0867052023121387,21,30,22
123,B,all_agents,,,40,30,10,0,16,14,0.41937965768710017,0.24059319910697496,0.9962643960366161,0.0973546693887318,824,30,0.75,56,4.535714285714286,1.9821428571428572,31.2,5358,,,,,,,,,,,,,,,,,,,,,,,,,,,
123,B,participants_only,,,30,30,0,0,16,14,0.48302973198804644,0.24963125971566044,0.9962643960366161,0.11347179279807193,824,30,1.0,56,4.535714285714286,1.9821428571428572,24.933333333333334,5358,,,,,,,,,,,,,,,,,,,,,,,,,,,
123,B,nonparticipants_only,,,10,0,10,0,0,0,0.22842943478426136,0.23222103901347235,0.2568190579494226,0.00038731565851964214,0,0,0.0,0,0.0,0.0,50.0,0,,,,,,,,,,,,,,,,,,,,,,,,,,,
123,B,step_totals,,,,,,,,,,,,,,,,,,,,,72.40000000000005,6.0,0.08287292817679552,,,0.0,0.0,58.0,0.8011049723756901,0.005041601165655743,0.15517241379310345,0.0,0,9,5,28,12,,19,58,2.4,0.03314917127071821,6.000000000000003,0.08287292817679556,12,30,19
124,B,all_agents,,,40,30,10,0,16,14,0.4196737257077704,0.24043738612663068,0.9964138201951515,0.09748843402459038,828,30,0.75,56,4.535714285714286,1.9821428571428572,31.45,5406,,,,,,,,,,,,,,,,,,,,,,,,,,,
124,B,participants_only,,,30,30,0,0,16,14,0.4833093758945426,0.24947467801593265,0.9964138201951515,0.11365909203821067,828,30,1.0,56,4.535714285714286,1.9821428571428572,25.266666666666666,5406,,,,,,,,,,,,,,,,,,,,,,,,,,,
124,B,nonparticipants_only,,,10,0,10,0,0,0,0.22876677514745372,0.2329022879863366,0.25814156840923747,0.00038250828741064275,0,0,0.0,0,0.0,0.0,50.0,0,,,,,,,,,,,,,,,,,,,,,,,,,,,
124,B,step_totals,,,,,,,,,,,,,,,,,,,,,69.20000000000006,11.0,0.1589595375722542,,,0.0,0.0,48.0,0.6936416184971093,0.004757311972161685,0.08333333333333333,0.0,0,4,41,18,22,,23,48,4.200000000000001,0.06069364161849707,6.000000000000003,0.0867052023121387,21,30,22
125,B,all_agents,,,40,30,10,0,16,14,0.42019373899803575,0.24057567819502093,0.9965572673873454,0.09816147134734068,836,30,0.75,56,4.535714285714286,1.9821428571428572,31.2,5464,,,,,,,,,,,,,,,,,,,,,,,,,,,
125,B,participants_only,,,30,30,0,0,16,14,0.48389098635232114,0.24845069296380268,0.9965572673873454,0.11452651170840551,836,30,1.0,56,4.535714285714286,1.9821428571428572,24.933333333333334,5464,,,,,,,,,,,,,,,,,,,,,,,,,,,
125,B,nonparticipants_only,,,10,0,10,0,0,0,0.2291019969351794,0.23244472309233244,0.2576239205728844,0.0003782784179899476,0,0,0.0,0,0.0,0.0,50.0,0,,,,,,,,,,,,,,,,,,,,,,,,,,,
125,B,step_totals,,,,,,,,,,,,,,,,,,,,,72.40000000000005,6.0,0.08287292817679552,,,0.0,0.0,58.0,0.8011049723756901,0.004939810737729368,0.13793103448275862,0.0,0,8,5,28,12,,19,58,2.4,0.03314917127071821,6.000000000000003,0.08287292817679556,12,30,18
126,B,all_agents,,,40,30,10,0,16,14,0.4204676605213941,0.2409301812733824,0.9966949766918516,0.09828332953128721,842,30,0.75,56,4.535714285714286,1.9821428571428572,31.45,5512,,,,,,,,,,,,,,,,,,,,,,,,,,,
126,B,participants_only,,,30,30,0,0,16,14,0.484145118697404,0.2495319573250473,0.9966949766918516,0.1147004815086975,842,30,1.0,56,4.535714285714286,1.9821428571428572,25.266666666666666,5512,,,,,,,,,,,,,,,,,,,,,,,,,,,
126,B,nonparticipants_only,,,10,0,10,0,0,0,0.22943528599336452,0.23257895720707078,0.2573686371325353,0.00037404944196651937,0,0,0.0,0,0.0,0.0,50.0,0,,,,,,,,,,,,,,,,,,,,,,,,,,,
126,B,step_totals,,,,,,,,,,,,,,,,,,,,,69.20000000000006,11.0,0.1589595375722542,,,0.0,0.0,48.0,0.6936416184971093,0.004693092272992924,0.125,0.0,0,6,41,18,22,,23,48,4.200000000000001,0.06069364161849707,6.000000000000003,0.0867052023121387,21,30,21
127,B,all_agents,,,40,30,10,0,16,14,0.4208731714416791,0.24064484602104352,0.9968271776241775,0.09888480804837682,850,30,0.75,56,4.535714285714286,1.9821428571428572,31.2,5567,,,,,,,,,,,,,,,,,,,,,,,,,,,
127,B,participants_only,,,30,30,0,0,16,14,0.48457539365951113,0.24922745913611194,0.9968271776241775,0.1154910716679388,850,30,1.0,56,4.535714285714286,1.9821428571428572,24.933333333333334,5567,,,,,,,,,,,,,,,,,,,,,,,,,,,
127,B,nonparticipants_only,,,10,0,10,0,0,0,0.2297665047881829,0.234444459830062,0.2569359910580967,0.000370339803810217,0,0,0.0,0,0.0,0.0,50.0,0,,,,,,,,,,,,,,,,,,,,,,,,,,,
127,B,step_totals,,,,,,,,,,,,,,,,,,,,,72.40000000000006,6.0,0.08287292817679551,,,0.0,0.0,58.0,0.8011049723756899,0.004560525446628279,0.13793103448275862,0.0,0,8,5,28,12,,19,58,2.4,0.0331491712707182,6.000000000000003,0.08287292817679555,12,30,18
128,B,all_agents,,,40,30,10,0,16,14,0.42112958150263125,0.24154964740473733,0.9969540905192104,0.09899593219942628,858,30,0.75,56,4.535714285714286,1.9821428571428572,31.45,5615,,,,,,,,,,,,,,,,,,,,,,,,,,,
128,B,participants_only,,,30,30,0,0,16,14,0.48480747095480337,0.24916524918132604,0.9969540905192104,0.11565300027508274,858,30,1.0,56,4.535714285714286,1.9821428571428572,25.266666666666666,5615,,,,,,,,,,,,,,,,,,,,,,,,,,,
128,B,nonparticipants_only,,,10,0,10,0,0,0,0.23009591314611494,0.23438903944293923,0.25706965949829375,0.00036624471146025876,0,0,0.0,0,0.0,0.0,50.0,0,,,,,,,,,,,,,,,,,,,,,,,,,,,
128,B,step_totals,,,,,,,,,,,,,,,,,,,,,69.20000000000006,11.0,0.1589595375722542,,,0.0,0.0,48.0,0.6936416184971093,0.004636541275276676,0.16666666666666666,0.0,0,8,41,18,22,,23,48,4.200000000000001,0.06069364161849707,6.000000000000003,0.0867052023121387,21,30,21
129,B,all_agents,,,40,30,10,0,16,14,0.4215942365042108,0.241320974783299,0.9970759268984419,0.09964683590815826,868,30,0.75,56,4.535714285714286,1.9821428571428572,31.2,5673,,,,,,,,,,,,,,,,,,,,,,,,,,,
129,B,participants_only,,,30,30,0,0,16,14,0.48531778318902546,0.24868678981294506,0.9970759268984419,0.11649919729202403,868,30,1.0,56,4.535714285714286,1.9821428571428572,24.933333333333334,5673,,,,,,,,,,,,,,,,,,,,,,,,,,,
129,B,nonparticipants_only,,,10,0,10,0,0,0,0.23042359644976682,0.23408478972469898,0.25795784138267785,0.00036146693145988796,0,0,0.0,0,0.0,0.0,50.0,0,,,,,,,,,,,,,,,,,,,,,,,,,,,
129,B,step_totals,,,,,,,,,,,,,,,,,,,,,72.40000000000006,6.0,0.08287292817679551,,,0.0,0.0,58.0,0.8011049723756899,0.004757261239208023,0.1724137931034483,0.0,0,10,5,28,12,,19,58,2.4,0.0331491712707182,6.000000000000003,0.08287292817679555,12,30,18
130,B,all_agents,,,40,30,10,0,16,14,0.4217528807722438,0.24176611651041263,0.9971928898225042,0.09969156953904884,874,30,0.75,56,4.535714285714286,1.9821428571428572,31.45,5717,,,,,,,,,,,,,,,,,,,,,,,,,,,
130,B,participants_only,,,30,30,0,0,16,14,0.48542074192610435,0.24901420535058294,0.9971928898225042,0.116588715100412,874,30,1.0,56,4.535714285714286,1.9821428571428572,25.266666666666666,5717,,,,,,,,,,,,,,,,,,,,,,,,,,,
130,B,nonparticipants_only,,,10,0,10,0,0,0,0.23074929731066207,0.23474253306393694,0.2592347202928337,0.00035697432807216614,0,0,0.0,0,0.0,0.0,50.0,0,,,,,,,,,,,,,,,,,,,,,,,,,,,
130,B,step_totals,,,,,,,,,,,,,,,,,,,,,69.20000000000006,11.0,0.1589595375722542,,,0.0,0.0,48.0,0.6936416184971093,0.004302778100672528,0.125,0.0,0,6,41,18,22,,23,48,4.200000000000001,0.06069364161849707,6.000000000000003,0.0867052023121387,21,30,21
130,B,reachability,0.25,0.0,,,,,,,,,,,,,,,,,,,,,,,,,,,,,,,,,,,,,,,,,,,,,
131,B,all_agents,,,40,30,10,0,16,14,0.4221134200279426,0.24207653702984155,0.9973051742296041,0.10027432786376422,883,30,0.75,56,4.535714285714286,1.9821428571428572,31.2,5772,,,,,,,,,,,,,,,,,,,,,,,,,,,
131,B,participants_only,,,30,30,0,0,16,14,0.4857935758056382,0.24836638152230422,0.9973051742296041,0.11736077578082017,883,30,1.0,56,4.535714285714286,1.9821428571428572,24.933333333333334,5772,,,,,,,,,,,,,,,,,,,,,,,,,,,
131,B,nonparticipants_only,,,10,0,10,0,0,0,0.2310729526948558,0.23430075586751054,0.25873493323994373,0.0003530372341374359,0,0,0.0,0,0.0,0.0,50.0,0,,,,,,,,,,,,,,,,,,,,,,,,,,,
131,B,step_totals,,,,,,,,,,,,,,,,,,,,,72.40000000000006,6.0,0.08287292817679551,,,0.0,0.0,58.0,0.8011049723756899,0.004410627168520709,0.15517241379310345,0.0,0,9,5,28,12,,19,58,2.4,0.0331491712707182,6.000000000000003,0.08287292817679555,12,30,18
132,B,all_agents,,,40,30,10,0,16,14,0.42231254567819315,0.24241880842813993,0.99741296726042,0.10034236672172736,888,30,0.75,56,4.535714285714286,1.9821428571428572,31.45,5818,,,,,,,,,,,,,,,,,,,,,,,,,,,
132,B,participants_only,,,30,30,0,0,16,14,0.48595181355895894,0.24826571796197577,0.99741296726042,0.11747363054185049,888,30,1.0,56,4.535714285714286,1.9821428571428572,25.266666666666666,5818,,,,,,,,,,,,,,,,,,,,,,,,,,,
132,B,nonparticipants_only,,,10,0,10,0,0,0,0.23139474203589577,0.23443035840400528,0.2584884580316196,0.00034909826455953666,0,0,0.0,0,0.0,0.0,50.0,0,,,,,,,,,,,,,,,,,,,,,,,,,,,
132,B,step_totals,,,,,,,,,,,,,,,,,,,,,69.20000000000007,11.0,0.15895953757225417,,,0.0,0.0,48.0,0.693641618497109,0.004448607618649448,0.10416666666666667,0.0,0,5,41,18,22,,23,48,4.200000000000001,0.06069364161849706,6.000000000000003,0.08670520231213867,21,30,22
133,B,all_agents,,,40,30,10,0,16,14,0.4226104143303514,0.24211869143569037,0.9975164485700031,0.10089186932013298,897,30,0.75,56,4.535714285714286,1.9821428571428572,31.2,5872,,,,,,,,,,,,,,,,,,,,,,,,,,,
133,B,participants_only,,,30,30,0,0,16,14,0.4862423749253397,0.24731179979857798,0.9975164485700031,0.11821116757758612,897,30,1.0,56,4.535714285714286,1.9821428571428572,24.933333333333334,5872,,,,,,,,,,,,,,,,,,,,,,,,,,,
133,B,nonparticipants_only,,,10,0,10,0,0,0,0.23171453254538632,0.23623149421995288,0.2580707398624266,0.00034565763782777863,0,0,0.0,0,0.0,0.0,50.0,0,,,,,,,,,,,,,,,,,,,,,,,,,,,
133,B,step_totals,,,,,,,,,,,,,,,,,,,,,72.60000000000005,6.0,0.0826446280991735,,,0.0,0.0,58.0,0.7988980716253438,0.004191647396941574,0.15517241379310345,0.0,0,9,5,28,12,,19,58,2.6,0.03581267217630851,6.000000000000003,0.08264462809917353,13,30,18
134,B,all_agents,,,40,30,10,0,16,14,0.42276694465945963,0.24299441740155725,0.997615790627203,0.10093375146707456,904,30,0.75,56,4.535714285714286,1.9821428571428572,31.45,5918,,,,,,,,,,,,,,,,,,,,,,,,,,,
134,B,participants_only,,,30,30,0,0,16,14,0.48634506785100484,0.24832046927400514,0.997615790627203,0.11829567641719098,904,30,1.0,56,4.535714285714286,1.9821428571428572,25.266666666666666,5918,,,,,,,,,,,,,,,,,,,,,,,,,,,
134,B,nonparticipants_only,,,10,0,10,0,0,0,0.23203257508482406,0.2361779860431482,0.2581997962422642,0.0003418436340137607,0,0,0.0,0,0.0,0.0,50.0,0,,,,,,,,,,,,,,,,,,,,,,,,,,,
134,B,step_totals,,,,,,,,,,,,,,,,,,,,,69.20000000000006,11.0,0.1589595375722542,,,0.0,0.0,48.0,0.6936416184971093,0.004304000089023889,0.14583333333333334,0.0,0,7,41,18,22,,23,48,4.200000000000001,0.06069364161849707,6.000000000000003,0.0867052023121387,21,30,22
135,B,all_agents,,,40,30,10,0,16,14,0.4231659470584377,0.24266700449311365,0.9977111590021148,0.10155515881918917,912,30,0.75,56,4.535714285714286,1.9821428571428572,31.2,5976,,,,,,,,,,,,,,,,,,,,,,,,,,,
135,B,participants_only,,,30,30,0,0,16,14,0.48677161204765146,0.24805428373791466,0.9977111590021148,0.11911169901158926,912,30,1.0,56,4.535714285714286,1.9821428571428572,24.933333333333334,5976,,,,,,,,,,,,,,,,,,,,,,,,,,,
135,B,nonparticipants_only,,,10,0,10,0,0,0,0.23234895209079637,0.23588423407638026,0.2590573325348023,0.0003373708173477932,0,0,0.0,0,0.0,0.0,50.0,0,,,,,,,,,,,,,,,,,,,,,,,,,,,
135,B,step_totals,,,,,,,,,,,,,,,,,,,,,72.40000000000006,6.0,0.08287292817679551,,,0.0,0.0,58.0,0.8011049723756899,0.004538464240076545,0.13793103448275862,0.0,0,8,5,28,12,,19,58,2.4,0.0331491712707182,6.000000000000003,0.08287292817679555,12,30,18
136,B,all_agents,,,40,30,10,0,16,14,0.42336920194803335,0.24256072616355712,0.9978027126420302,0.10162226199654198,921,30,0.75,56,4.535714285714286,1.9821428571428572,31.45,6020,,,,,,,,,,,,,,,,,,,,,,,,,,,
136,B,participants_only,,,30,30,0,0,16,14,0.48693779757881434,0.24796994563273028,0.9978027126420302,0.1192214265857165,921,30,1.0,56,4.535714285714286,1.9821428571428572,25.266666666666666,6020,,,,,,,,,,,,,,,,,,,,,,,,,,,
136,B,nonparticipants_only,,,10,0,10,0,0,0,0.23266341505569038,0.23651928281413165,0.26029015435416925,0.000333172023381509,0,0,0.0,0,0.0,0.0,50.0,0,,,,,,,,,,,,,,,,,,,,,,,,,,,
136,B,step_totals,,,,,,,,,,,,,,,,,,,,,69.40000000000006,11.0,0.15850144092219007,,,0.0,0.0,48.0,0.6916426512968293,0.0044579615378091434,0.1875,0.0,0,9,41,18,22,,23,48,4.400000000000001,0.06340057636887604,6.000000000000003,0.08645533141210371,22,30,22
137,B,all_agents,,,40,30,10,0,16,14,0.4237145833910045,0.24344977349726363,0.997890604136349,0.10221095450001252,929,30,0.75,56,4.535714285714286,1.9821428571428572,31.2,6075,,,,,,,,,,,,,,,,,,,,,,,,,,,
137,B,participants_only,,,30,30,0,0,16,14,0.48729414348118344,0.24753747661724668,0.997890604136349,0.12000199493978224,929,30,1.0,56,4.535714285714286,1.9821428571428572,24.933333333333334,6075,,,,,,,,,,,,,,,,,,,,,,,,,,,
137,B,nonparticipants_only,,,10,0,10,0,0,0,0.2329759031204678,0.2360927485807588,0.25980761182101336,0.0003295076455753315,0,0,0.0,0,0.0,0.0,50.0,0,,,,,,,,,,,,,,,,,,,,,,,,,,,
137,B,step_totals,,,,,,,,,,,,,,,,,,,,,72.40000000000006,6.0,0.08287292817679551,,,0.0,0.0,58.0,0.8011049723756899,0.004361368808977899,0.13793103448275862,0.0,0,8,5,28,12,,19,58,2.4,0.0331491712707182,6.000000000000003,0.08287292817679555,12,30,18
138,B,all_agents,,,40,30,10,0,16,14,0.4239069479966399,0.24357135325085552,0.997974979970895,0.10227050488789469,934,30,0.75,56,4.535714285714286,1.9821428571428572,31.45,6123,,,,,,,,,,,,,,,,,,,,,,,,,,,
138,B,participants_only,,,30,30,0,0,16,14,0.4874470674863369,0.24789982055182114,0.997974979970895,0.12010267307669126,934,30,1.0,56,4.535714285714286,1.9821428571428572,25.266666666666666,6123,,,,,,,,,,,,,,,,,,,,,,,,,,,
138,B,nonparticipants_only,,,10,0,10,0,0,0,0.23328658952754872,0.23621787934575558,0.25956964092781576,0.00032583890432519823,0,0,0.0,0,0.0,0.0,50.0,0,,,,,,,,,,,,,,,,,,,,,,,,,,,
138,B,step_totals,,,,,,,,,,,,,,,,,,,,,69.20000000000006,11.0,0.1589595375722542,,,0.0,0.0,48.0,0.6936416184971093,0.0044372067840817864,0.10416666666666667,0.0,0,5,41,18,22,,23,48,4.200000000000001,0.06069364161849707,6.000000000000003,0.0867052023121387,21,30,22
139,B,all_agents,,,40,30,10,0,16,14,0.42426327807663095,0.2434903706979613,0.9980559807720593,0.1028699399590988,945,30,0.75,56,4.535714285714286,1.9821428571428572,31.2,6179,,,,,,,,,,,,,,,,,,,,,,,,,,,
139,B,participants_only,,,30,30,0,0,16,14,0.48781925541209686,0.24715732817103359,0.9980559807720593,0.1208949214438978,945,30,1.0,56,4.535714285714286,1.9821428571428572,24.933333333333334,6179,,,,,,,,,,,,,,,,,,,,,,,,,,,
139,B,nonparticipants_only,,,10,0,10,0,0,0,0.23359534607023322,0.23795686924987458,0.2591663355953906,0.00032264844390674587,0,0,0.0,0,0.0,0.0,50.0,0,,,,,,,,,,,,,,,,,,,,,,,,,,,
139,B,step_totals,,,,,,,,,,,,,,,,,,,,,72.40000000000005,6.0,0.08287292817679552,,,0.0,0.0,58.0,0.8011049723756901,0.00439800010596679,0.1896551724137931,0.0,0,11,5,28,12,,19,58,2.4,0.03314917127071821,6.000000000000003,0.08287292817679556,12,30,18
140,B,all_agents,,,40,30,10,0,16,14,0.4244422029354615,0.24412317824110108,0.9981337415411768,0.10291856762675114,951,30,0.75,56,4.535714285714286,1.9821428571428572,31.45,6226,,,,,,,,,,,,,,,,,,,,,,,,,,,
140,B,participants_only,,,30,30,0,0,16,14,0.4879554655958289,0.24711011482764522,0.9981337415411768,0.12098265325070288,951,30,1.0,56,4.535714285714286,1.9821428571428572,25.266666666666666,6226,,,,,,,,,,,,,,,,,,,,,,,,,,,
140,B,nonparticipants_only,,,10,0,10,0,0,0,0.2339024149543593,0.2379052073049911,0.2592909390481744,0.00031909634971806624,0,0,0.0,0,0.0,0.0,50.0,0,,,,,,,,,,,,,,,,,,,,,,,,,,,
140,B,step_totals,,,,,,,,,,,,,,,,,,,,,69.20000000000007,11.0,0.15895953757225417,,,0.0,0.0,48.0,0.693641618497109,0.0043948264706421,0.125,0.0,0,6,41,18,22,,23,48,4.200000000000001,0.06069364161849706,6.000000000000003,0.08670520231213867,21,30,22
140,B,reachability,0.25,0.0,,,,,,,,,,,,,,,,,,,,,,,,,,,,,,,,,,,,,,,,,,,,,
141,B,all_agents,,,40,30,10,0,16,14,0.4247562022186388,0.243935350218267,0.9982083918795298,0.10348991586347298,956,30,0.75,56,4.535714285714286,1.9821428571428572,31.2,6283,,,,,,,,,,,,,,,,,,,,,,,,,,,
141,B,participants_only,,,30,30,0,0,16,14,0.488272311034137,0.24622317118169867,0.9982083918795298,0.12174440067770283,956,30,1.0,56,4.535714285714286,1.9821428571428572,24.933333333333334,6283,,,,,,,,,,,,,,,,,,,,,,,,,,,
141,B,nonparticipants_only,,,10,0,10,0,0,0,0.2342078757721443,0.23762159087806675,0.2601188871362285,0.0003149084720369742,0,0,0.0,0,0.0,0.0,50.0,0,,,,,,,,,,,,,,,,,,,,,,,,,,,
141,B,step_totals,,,,,,,,,,,,,,,,,,,,,72.40000000000005,6.0,0.08287292817679552,,,0.0,0.0,58.0,0.8011049723756901,0.004258292036656354,0.08620689655172414,0.0,0,5,5,28,12,,19,58,2.4,0.03314917127071821,6.000000000000003,0.08287292817679556,12,30,18
142,B,all_agents,,,40,30,10,0,16,14,0.42489289126186497,0.24349923058361808,0.9982800562043486,0.10350924292515247,961,30,0.75,56,4.535714285714286,1.9821428571428572,31.45,6330,,,,,,,,,,,,,,,,,,,,,,,,,,,
142,B,participants_only,,,30,30,0,0,16,14,0.48835335881901454,0.24716244971462736,0.9982800562043486,0.12179973881754079,961,30,1.0,56,4.535714285714286,1.9821428571428572,25.266666666666666,6330,,,,,,,,,,,,,,,,,,,,,,,,,,,
142,B,nonparticipants_only,,,10,0,10,0,0,0,0.23451148859041607,0.23823472806283374,0.2613091719989659,0.00031098393712302157,0,0,0.0,0,0.0,0.0,50.0,0,,,,,,,,,,,,,,,,,,,,,,,,,,,
142,B,step_totals,,,,,,,,,,,,,,,,,,,,,69.20000000000006,11.0,0.1589595375722542,,,0.0,0.0,48.0,0.6936416184971093,0.004251976003608036,0.10416666666666667,0.0,0,5,41,18,22,,23,48,4.200000000000001,0.06069364161849707,6.000000000000003,0.0867052023121387,21,30,22
143,B,all_agents,,,40,30,10,0,16,14,0.42513408474159886,0.24342196547507824,0.9983488539561747,0.10403244180547085,964,30,0.75,56,4.535714285714286,1.9821428571428572,31.2,6385,,,,,,,,,,,,,,,,,,,,,,,,,,,
143,B,participants_only,,,30,30,0,0,16,14,0.48857438143879844,0.2469328859193191,0.9983488539561747,0.1225087128993467,964,30,1.0,56,4.535714285714286,1.9821428571428572,24.933333333333334,6385,,,,,,,,,,,,,,,,,,,,,,,,,,,
143,B,nonparticipants_only,,,10,0,10,0,0,0,0.2348131946500003,0.2378229108533657,0.26084327898521525,0.00030757358349878104,0,0,0.0,0,0.0,0.0,50.0,0,,,,,,,,,,,,,,,,,,,,,,,,,,,
143,B,step_totals,,,,,,,,,,,,,,,,,,,,,72.40000000000005,6.0,0.08287292817679552,,,0.0,0.0,58.0,0.8011049723756901,0.004016447721635872,0.05172413793103448,0.0,0,3,5,28,12,,19,58,2.4,0.03314917127071821,6.000000000000003,0.08287292817679556,12,30,18
144,B,all_agents,,,40,30,10,0,16,14,0.42527356075645517,0.24407850241607293,0.9984148997979276,0.10404858715645804,968,30,0.75,56,4.535714285714286,1.9821428571428572,31.45,6432,,,,,,,,,,,,,,,,,,,,,,,,,,,
144,B,participants_only,,,30,30,0,0,16,14,0.48866036060333795,0.24682739627991013,0.9984148997979276,0.12255851841677153,968,30,1.0,56,4.535714285714286,1.9821428571428572,25.266666666666666,6432,,,,,,,,,,,,,,,,,,,,,,,,,,,
144,B,nonparticipants_only,,,10,0,10,0,0,0,0.23511316121580672,0.23794372413968062,0.26061351897651375,0.0003041566375721943,0,0,0.0,0,0.0,0.0,50.0,0,,,,,,,,,,,,,,,,,,,,,,,,,,,
144,B,step_totals,,,,,,,,,,,,,,,,,,,,,69.40000000000006,11.0,0.15850144092219007,,,0.0,0.0,48.0,0.6916426512968293,0.004251331652734812,0.08333333333333333,0.0,0,4,41,18,22,,23,48,4.400000000000001,0.06340057636887604,6.000000000000003,0.08645533141210371,22,30,22
145,B,all_agents,,,40,30,10,0,16,14,0.4255159553696707,0.2438839960326739,0.9984783038060105,0.10457823369212191,979,30,0.75,56,4.535714285714286,1.9821428571428572,31.2,6486,,,,,,,,,,,,,,,,,,,,,,,,,,,
145,B,participants_only,,,30,30,0,0,16,14,0.4888841856579792,0.24643888785335025,0.9984783038060105,0.12327511488429731,979,30,1.0,56,4.535714285714286,1.9821428571428572,24.933333333333334,6486,,,,,,,,,,,,,,,,,,,,,,,,,,,
145,B,nonparticipants_only,,,10,0,10,0,0,0,0.23541126450474525,0.2396227123980073,0.2602241291841644,0.0003011987971305318,0,0,0.0,0,0.0,0.0,50.0,0,,,,,,,,,,,,,,,,,,,,,,,,,,,
145,B,step_totals,,,,,,,,,,,,,,,,,,,,,72.40000000000005,6.0,0.08287292817679552,,,0.0,0.0,58.0,0.8011049723756901,0.004020318091917537,0.1896551724137931,0.0,0,11,5,28,12,,19,58,2.4,0.03314917127071821,6.000000000000003,0.08287292817679556,12,30,18
146,B,all_agents,,,40,30,10,0,16,14,0.4256150085008384,0.24410878567434646,0.9985391716537702,0.10456515078611796,985,30,0.75,56,4.535714285714286,1.9821428571428572,31.45,6530,,,,,,,,,,,,,,,,,,,,,,,,,,,
146,B,participants_only,,,30,30,0,0,16,14,0.4889174318792351,0.24683461863544293,0.9985391716537702,0.12329211691307071,985,30,1.0,56,4.535714285714286,1.9821428571428572,25.266666666666666,6530,,,,,,,,,,,,,,,,,,,,,,,,,,,
146,B,nonparticipants_only,,,10,0,10,0,0,0,0.2357077383656481,0.23957283298314916,0.2603444333525069,0.00029789073832619785,0,0,0.0,0,0.0,0.0,50.0,0,,,,,,,,,,,,,,,,,,,,,,,,,,,
146,B,step_totals,,,,,,,,,,,,,,,,,,,,,69.40000000000006,11.0,0.15850144092219007,,,0.0,0.0,48.0,0.6916426512968293,0.004114079340264708,0.125,0.0,0,6,41,18,22,,23,48,4.400000000000001,0.06340057636887604,6.000000000000003,0.08645533141210371,22,30,22
147,B,all_agents,,,40,30,10,0,16,14,0.42585746769225047,0.24460030165869595,0.9985976047876194,0.1050911780440574,997,30,0.75,56,4.535714285714286,1.9821428571428572,31.2,6586,,,,,,,,,,,,,,,,,,,,,,,,,,,
147,B,participants_only,,,30,30,0,0,16,14,0.48914240370816603,0.24600163585702506,0.9985976047876194,0.12400364851572564,997,30,1.0,56,4.535714285714286,1.9821428571428572,24.933333333333334,6586,,,,,,,,,,,,,,,,,,,,,,,,,,,
147,B,nonparticipants_only,,,10,0,10,0,0,0,0.23600265964450381,0.23929900238209356,0.261143814139626,0.00029396911059040396,0,0,0.0,0,0.0,0.0,50.0,0,,,,,,,,,,,,,,,,,,,,,,,,,,,
147,B,step_totals,,,,,,,,,,,,,,,,,,,,,72.60000000000007,6.0,0.08264462809917347,,,0.0,0.0,58.0,0.7988980716253437,0.004008811518478942,0.20689655172413793,0.0,0,12,5,28,12,,19,58,2.6,0.035812672176308506,6.000000000000003,0.08264462809917351,13,30,18
148,B,all_agents,,,40,30,10,0,16,14,0.4259976804166025,0.24435384938367224,0.9986537005961146,0.10510746213464324,1002,30,0.75,56,4.535714285714286,1.9821428571428572,31.45,6634,,,,,,,,,,,,,,,,,,,,,,,,,,,
148,B,participants_only,,,30,30,0,0,16,14,0.48923164165989314,0.24600551372878837,0.9986537005961146,0.12405238056236202,1002,30,1.0,56,4.535714285714286,1.9821428571428572,25.266666666666666,6634,,,,,,,,,,,,,,,,,,,,,,,,,,,
148,B,nonparticipants_only,,,10,0,10,0,0,0,0.23629579668673062,0.23989098404428083,0.26229302972958807,0.0002903005972710897,0,0,0.0,0,0.0,0.0,50.0,0,,,,,,,,,,,,,,,,,,,,,,,,,,,
148,B,step_totals,,,,,,,,,,,,,,,,,,,,,69.40000000000008,11.0,0.15850144092219004,,,0.0,0.0,48.0,0.6916426512968292,0.004258860707969077,0.10416666666666667,0.0,0,5,41,18,22,,23,48,4.400000000000001,0.06340057636887603,6.000000000000003,0.0864553314121037,22,30,22
149,B,all_agents,,,40,30,10,0,16,14,0.4262419202990513,0.24397809633495582,0.99870755257227,0.10564123960013923,1014,30,0.75,56,4.535714285714286,1.9821428571428572,31.2,6691,,,,,,,,,,,,,,,,,,,,,,,,,,,
149,B,participants_only,,,30,30,0,0,16,14,0.48946019614521324,0.24518258870945708,0.99870755257227,0.12477307557956784,1014,30,1.0,56,4.535714285714286,1.9821428571428572,24.933333333333334,6691,,,,,,,,,,,,,,,,,,,,,,,,,,,
149,B,nonparticipants_only,,,10,0,10,0,0,0,0.23658709276056525,0.2394933760664335,0.2618432117646471,0.00028712685031620315,0,0,0.0,0,0.0,0.0,50.0,0,,,,,,,,,,,,,,,,,,,,,,,,,,,
149,B,step_totals,,,,,,,,,,,,,,,,,,,,,72.60000000000005,6.0,0.0826446280991735,,,0.0,0.0,58.0,0.7988980716253438,0.00401446883663086,0.20689655172413793,0.0,0,12,5,28,12,,19,58,2.6,0.03581267217630851,6.000000000000003,0.08264462809917353,13,30,18
150,B,all_agents,,,40,30,10,0,16,14,0.4263723331404142,0.2439566757659098,0.9987592504693792,0.10564940697726455,1021,30,0.75,56,4.535714285714286,1.9821428571428572,31.45,6739,,,,,,,,,,,,,,,,,,,,,,,,,,,
150,B,participants_only,,,30,30,0,0,16,14,0.4895375410673343,0.24605553883857884,0.9987592504693792,0.1248118538263921,1021,30,1.0,56,4.535714285714286,1.9821428571428572,25.266666666666666,6739,,,,,,,,,,,,,,,,,,,,,,,,,,,
150,B,nonparticipants_only,,,10,0,10,0,0,0,0.2368767093596534,0.23961002084320432,0.26162137933426366,0.0002839445204691108,0,0,0.0,0,0.0,0.0,50.0,0,,,,,,,,,,,,,,,,,,,,,,,,,,,
150,B,step_totals,,,,,,,,,,,,,,,,,,,,,69.40000000000008,11.0,0.15850144092219004,,,0.0,0.0,48.0,0.6916426512968292,0.004227293743524925,0.14583333333333334,0.0,0,7,41,18,22,,23,48,4.400000000000001,0.06340057636887603,6.000000000000003,0.0864553314121037,22,30,22
150,B,reachability,0.25,0.0,,,,,,,,,,,,,,,,,,,,,,,,,,,,,,,,,,,,,,,,,,,,,
151,B,all_agents,,,40,30,10,0,16,14,0.4266117019730258,0.24423108571192872,0.998808880450604,0.10617782650578382,1029,30,0.75,56,4.535714285714286,1.9821428571428572,31.2,6796,,,,,,,,,,,,,,,,,,,,,,,,,,,
151,B,participants_only,,,30,30,0,0,16,14,0.48976076030673976,0.24586098049964944,0.998808880450604,0.1255254867460901,1029,30,1.0,56,4.535714285714286,1.9821428571428572,24.933333333333334,6796,,,,,,,,,,,,,,,,,,,,,,,,,,,
151,B,nonparticipants_only,,,10,0,10,0,0,0,0.2371645269718839,0.2412310777365893,0.2612454249438912,0.0002812029636473123,0,0,0.0,0,0.0,0.0,50.0,0,,,,,,,,,,,,,,,,,,,,,,,,,,,
151,B,step_totals,,,,,,,,,,,,,,,,,,,,,72.80000000000005,6.0,0.08241758241758236,,,0.0,0.0,58.0,0.7967032967032961,0.00398708078536483,0.13793103448275862,0.0,0,8,5,28,12,,19,58,2.8000000000000003,0.038461538461538436,6.000000000000003,0.08241758241758239,14,30,18
152,B,all_agents,,,40,30,10,0,16,14,0.4267324648512842,0.2444424977647275,0.9988565252325798,0.10617789777884755,1038,30,0.75,56,4.535714285714286,1.9821428571428572,31.45,6843,,,,,,,,,,,,,,,,,,,,,,,,,,,
152,B,participants_only,,,30,30,0,0,16,14,0.489826362675902,0.24573527283966495,0.9988565252325798,0.12555446317363725,1038,30,1.0,56,4.535714285714286,1.9821428571428572,25.266666666666666,6843,,,,,,,,,,,,,,,,,,,,,,,,,,,
152,B,nonparticipants_only,,,10,0,10,0,0,0,0.2374507713774308,0.24118291934781388,0.26136157816916095,0.00027812228203870815,0,0,0.0,0,0.0,0.0,50.0,0,,,,,,,,,,,,,,,,,,,,,,,,,,,
152,B,step_totals,,,,,,,,,,,,,,,,,,,,,69.60000000000008,11.0,0.15804597701149406,,,0.0,0.0,48.0,0.6896551724137923,0.004184012278956571,0.1875,0.0,0,9,41,18,22,,23,48,4.600000000000001,0.06609195402298845,6.000000000000003,0.08620689655172407,23,30,22
153,B,all_agents,,,40,30,10,0,16,14,0.42693273083662997,0.24450659647546663,0.9989022642232767,0.10667809822260749,1049,30,0.75,56,4.535714285714286,1.9821428571428572,31.2,6898,,,,,,,,,,,,,,,,,,,,,,,,,,,
153,B,participants_only,,,30,30,0,0,16,14,0.48999846885857024,0.2453887848207943,0.9989022642232767,0.1262368318942205,1049,30,1.0,56,4.535714285714286,1.9821428571428572,24.933333333333334,6898,,,,,,,,,,,,,,,,,,,,,,,,,,,
153,B,nonparticipants_only,,,10,0,10,0,0,0,0.2377355167708092,0.24091853692509024,0.2621333773339093,0.0002744494607444863,0,0,0.0,0,0.0,0.0,50.0,0,,,,,,,,,,,,,,,,,,,,,,,,,,,
153,B,step_totals,,,,,,,,,,,,,,,,,,,,,72.40000000000005,6.0,0.08287292817679552,,,0.0,0.0,58.0,0.8011049723756901,0.0038795672888698035,0.1896551724137931,0.0,0,11,5,28,12,,19,58,2.4,0.03314917127071821,6.000000000000003,0.08287292817679556,12,30,18
154,B,all_agents,,,40,30,10,0,16,14,0.42704515394694614,0.24485930482028495,0.9989461736543456,0.10667073436412511,1055,30,0.75,56,4.535714285714286,1.9821428571428572,31.45,6946,,,,,,,,,,,,,,,,,,,,,,,,,,,
154,B,participants_only,,,30,30,0,0,16,14,0.49005402543246634,0.24581642893659156,0.9989461736543456,0.1262568342900242,1055,30,1.0,56,4.535714285714286,1.9821428571428572,25.266666666666666,6946,,,,,,,,,,,,,,,,,,,,,,,,,,,
154,B,nonparticipants_only,,,10,0,10,0,0,0,0.2380185394903855,0.24149009300923022,0.26324294069437626,0.00027101995588218135,0,0,0.0,0,0.0,0.0,50.0,0,,,,,,,,,,,,,,,,,,,,,,,,,,,
154,B,step_totals,,,,,,,,,,,,,,,,,,,,,69.40000000000006,11.0,0.15850144092219007,,,0.0,0.0,48.0,0.6916426512968293,0.004169212550106431,0.125,0.0,0,6,41,18,22,,23,48,4.400000000000001,0.06340057636887604,6.000000000000003,0.08645533141210371,22,30,22
155,B,all_agents,,,40,30,10,0,16,14,0.42722570507462343,0.2445694841829334,0.9989883267081717,0.10716092145298102,1064,30,0.75,56,4.535714285714286,1.9821428571428572,31.2,7001,,,,,,,,,,,,,,,,,,,,,,,,,,,
155,B,participants_only,,,30,30,0,0,16,14,0.49020101184554654,0.2448969495143962,0.9989883267081717,0.12692831602378882,1064,30,1.0,56,4.535714285714286,1.9821428571428572,24.933333333333334,7001,,,,,,,,,,,,,,,,,,,,,,,,,,,
155,B,nonparticipants_only,,,10,0,10,0,0,0,0.23829978476185407,0.2411062039914496,0.2628086431290302,0.0002680665858551262,0,0,0.0,0,0.0,0.0,50.0,0,,,,,,,,,,,,,,,,,,,,,,,,,,,
155,B,step_totals,,,,,,,,,,,,,,,,,,,,,72.80000000000005,6.0,0.08241758241758236,,,0.0,0.0,58.0,0.7967032967032961,0.0037926231963055605,0.15517241379310345,0.0,0,9,5,28,12,,19,58,2.8000000000000003,0.038461538461538436,6.000000000000003,0.08241758241758239,14,30,18
156,B,all_agents,,,40,30,10,0,16,14,0.4273019152800186,0.24439126692116087,0.9990287936398449,0.10712673779707539,1071,30,0.75,56,4.535714285714286,1.9821428571428572,31.45,7048,,,,,,,,,,,,,,,,,,,,,,,,,,,
156,B,participants_only,,,30,30,0,0,16,14,0.4902094175377826,0.24494966371302804,0.9990287936398449,0.12691786741437483,1071,30,1.0,56,4.535714285714286,1.9821428571428572,25.266666666666666,7048,,,,,,,,,,,,,,,,,,,,,,,,,,,
156,B,nonparticipants_only,,,10,0,10,0,0,0,0.23857940850672676,0.24121882408782241,0.26259446474590803,0.0002651028614501262,0,0,0.0,0,0.0,0.0,50.0,0,,,,,,,,,,,,,,,,,,,,,,,,,,,
156,B,step_totals,,,,,,,,,,,,,,,,,,,,,69.40000000000006,11.0,0.15850144092219007,,,0.0,0.0,48.0,0.6916426512968293,0.004045262590172574,0.14583333333333334,0.0,0,7,41,18,22,,23,48,4.400000000000001,0.06340057636887604,6.000000000000003,0.08645533141210371,22,30,22
