step,condition,population,skill_reachability,resource_reachability,n_agents,maker_count,stage_consumer,stage_customizer,stage_maker,stage_advanced_maker,skill_mean,skill_median,skill_max,skill_var,method_count_total,method_holders,method_adoption_rate,method_peer_held,knowledge_diffusion_lag_mean,hop_count_mean,latent_distributed_resources,completed_projects_total,time_total,time_practice,time_share_practice,time_observe,time_share_observe,time_make,time_share_make,time_idle,time_share_idle,skill_gain_per_time,method_self_discovery_per_time,method_peer_acquisition_per_time,peer_acquired_count,self_discovered_count,reject_time_budget_exceeded,reject_missing_asset,count_practice,count_observe,count_make,count_idle,time_ask,time_share_ask,time_share,time_share_share,count_ask,count_share,reject_insufficient_material
0,B,reachability,0.75,0.0,,,,,,,,,,,,,,,,,,,,,,,,,,,,,,,,,,,,,,,,,,,,,
1,B,all_agents,,,40,0,17,23,0,0,0.15927375817194317,0.13926775386100795,0.4629241935927738,0.010408859123466117,4,4,0.1,0,0.0,0.0,25.85,29,,,,,,,,,,,,,,,,,,,,,,,,,,,
1,B,participants_only,,,30,0,7,23,0,0,0.1621685576007071,0.14391722978551952,0.4629241935927738,0.010504398321744008,4,4,0.13333333333333333,0,0.0,0.0,24.466666666666665,29,,,,,,,,,,,,,,,,,,,,,,,,,,,
1,B,nonparticipants_only,,,10,0,10,0,0,0,0.1505893598856514,0.1248080947789153,0.42249825525007495,0.010021683163839184,0,0,0.0,0,0.0,0.0,30.0,0,,,,,,,,,,,,,,,,,,,,,,,,,,,
1,B,step_totals,,,,,,,,,,,,,,,,,,,,,83.99999999999999,20.0,0.23809523809523814,4.000000000000002,0.04761904761904765,60.0,0.7142857142857144,0.0,0.0,0.018958448569915468,0.06666666666666667,0.0,0,4,30,14,40,40,60,32,,,,,,,
2,B,all_agents,,,40,2,14,24,2,0,0.1656100306688992,0.14518560087646887,0.4844072258490629,0.01026928711286142,7,7,0.175,1,1.0,1.0,26.7,61,,,,,,,,,,,,,,,,,,,,,,,,,,,
2,B,participants_only,,,30,2,4,24,2,0,0.17032513975189817,0.15034633413555049,0.4844072258490629,0.010404953053987828,7,7,0.23333333333333334,1,1.0,1.0,23.933333333333334,61,,,,,,,,,,,,,,,,,,,,,,,,,,,
2,B,nonparticipants_only,,,10,0,10,0,0,0,0.15146470341990242,0.12418405430502072,0.4203857639738246,0.009595502245507245,0,0,0.0,0,0.0,0.0,35.0,0,,,,,,,,,,,,,,,,,,,,,,,,,,,
2,B,step_totals,,,,,,,,,,,,,,,,,,,,,87.4,20.0,0.22883295194508008,4.000000000000002,0.04576659038901604,60.0,0.6864988558352403,0.0,0.0,0.018848927898507662,0.03333333333333333,0.1351351351351352,1,2,25,13,40,40,60,32,2.8000000000000003,0.032036613272311214,0.6000000000000001,0.006864988558352403,14,3,
3,B,all_agents,,,40,5,11,24,5,0,0.17213446971485988,0.15537407431719819,0.5050309368151004,0.010402390632073152,19,17,0.425,7,1.4285714285714286,1.0,28.075,97,,,,,,,,,,,,,,,,,,,,,,,,,,,
3,B,participants_only,,,30,5,1,24,5,0,0.1787363775678624,0.1646267639922702,0.5050309368151004,0.010629216841201309,19,17,0.5666666666666667,7,1.4285714285714286,1.0,24.1,97,,,,,,,,,,,,,,,,,,,,,,,,,,,
3,B,nonparticipants_only,,,10,0,10,0,0,0,0.15232874615585237,0.12356313403349561,0.41828383515395545,0.00919888975709425,0,0,0.0,0,0.0,0.0,40.0,0,,,,,,,,,,,,,,,,,,,,,,,,,,,
3,B,step_totals,,,,,,,,,,,,,,,,,,,,,87.89999999999999,20.0,0.22753128555176338,3.900000000000002,0.044368600682593885,60.0,0.6825938566552902,0.0,0.0,0.01924121501417619,0.1,0.7594936708860763,6,6,22,11,40,39,60,32,2.8000000000000003,0.031854379977246876,1.2,0.013651877133105802,14,6,
4,B,all_agents,,,40,5,11,24,5,0,0.17650686079024525,0.1562584266632881,0.5248296993424963,0.010515215195355757,32,22,0.55,15,1.9333333333333333,1.3333333333333333,30.075,116,,,,,,,,,,,,,,,,,,,,,,,,,,,
4,B,participants_only,,,30,5,1,24,5,0,0.1842815573079647,0.16436642897246495,0.5248296993424963,0.010836352800889225,32,22,0.7333333333333333,15,1.9333333333333333,1.3333333333333333,25.1,116,,,,,,,,,,,,,,,,,,,,,,,,,,,
4,B,nonparticipants_only,,,10,0,10,0,0,0,0.15318277123708698,0.12294531836332814,0.4161924159781857,0.008826451507443689,0,0,0.0,0,0.0,0.0,45.0,0,,,,,,,,,,,,,,,,,,,,,,,,,,,
4,B,step_totals,,,,,,,,,,,,,,,,,,,,,83.80000000000004,20.0,0.23866348448687338,3.800000000000002,0.04534606205250597,52.0,0.6205250596658708,0.0,0.0,0.014149243944155957,0.09615384615384616,0.677966101694916,8,5,8,21,40,38,52,37,4.800000000000002,0.05727923627684963,3.2000000000000006,0.03818615751789975,24,16,21
5,B,all_agents,,,40,6,10,24,6,0,0.18159998971789656,0.1576835402136395,0.5438365113687965,0.01071178960454594,46,26,0.65,24,2.1666666666666665,1.375,32.225,143,,,,,,,,,,,,,,,,,,,,,,,,,,,
5,B,participants_only,,,30,6,0,24,6,0,0.1907909496493286,0.16865840858007375,0.5438365113687965,0.011118888086755705,46,26,0.8666666666666667,24,2.1666666666666665,1.375,26.3,143,,,,,,,,,,,,,,,,,,,,,,,,,,,
5,B,nonparticipants_only,,,10,0,10,0,0,0,0.1540271099236004,0.12233059177151151,0.41411145389829473,0.008476809224382369,0,0,0.0,0,0.0,0.0,50.0,0,,,,,,,,,,,,,,,,,,,,,,,,,,,
5,B,step_totals,,,,,,,,,,,,,,,,,,,,,83.80000000000005,20.0,0.23866348448687336,3.600000000000002,0.04295942720763723,51.0,0.6085918854415271,0.0,0.0,0.016204173457379387,0.09803921568627451,0.7031250000000009,9,5,7,22,40,36,51,38,4.800000000000002,0.057279236276849624,4.400000000000001,0.05250596658711215,24,22,23
6,B,all_agents,,,40,6,10,24,6,0,0.1866735349810565,0.16272687384346463,0.5620830509140446,0.01098164215024947,59,26,0.65,33,2.727272727272727,1.5757575757575757,32.7,172,,,,,,,,,,,,,,,,,,,,,,,,,,,
6,B,participants_only,,,30,6,0,24,6,0,0.19727698822388204,0.17630167003177322,0.5620830509140446,0.011477761337197807,59,26,0.8666666666666667,33,2.727272727272727,1.5757575757575757,26.933333333333334,172,,,,,,,,,,,,,,,,,,,,,,,,,,,
6,B,nonparticipants_only,,,10,0,10,0,0,0,0.15486317525257984,0.12171893881265394,0.4120408966288033,0.008144085941331012,0,0,0.0,0,0.0,0.0,50.0,0,,,,,,,,,,,,,,,,,,,,,,,,,,,
6,B,step_totals,,,,,,,,,,,,,,,,,,,,,81.80000000000005,20.0,0.24449877750611232,3.2000000000000015,0.03911980440097799,48.0,0.5867970660146695,0.0,0.0,0.016629257507707558,0.08333333333333333,0.6521739130434792,9,4,4,32,40,32,48,39,5.400000000000002,0.06601466992665035,5.200000000000002,0.06356968215158923,27,26,29
7,B,all_agents,,,40,6,10,24,6,0,0.19185970143132844,0.16255801057578068,0.5795997288774829,0.011387478872904247,64,27,0.675,35,2.857142857142857,1.5714285714285714,32.725,200,,,,,,,,,,,,,,,,,,,,,,,,,,,
7,B,participants_only,,,30,6,0,24,6,0,0.20391617606332674,0.1767131103536954,0.5795997288774829,0.01199152922403031,64,27,0.9,35,2.857142857142857,1.5714285714285714,26.966666666666665,200,,,,,,,,,,,,,,,,,,,,,,,,,,,
7,B,nonparticipants_only,,,10,0,10,0,0,0,0.15569027753533346,0.12117063298149003,0.40998069214565924,0.00783102485290183,0,0,0.0,0,0.0,0.0,50.0,0,,,,,,,,,,,,,,,,,,,,,,,,,,,
7,B,step_totals,,,,,,,,,,,,,,,,,,,,,89.40000000000008,20.0,0.22371364653243828,0.6,0.006711409395973148,58.0,0.6487695749440711,0.0,0.0,0.015429580464185704,0.05172413793103448,0.17543859649122817,2,3,11,25,40,6,58,38,5.600000000000002,0.06263982102908275,5.200000000000002,0.058165548098433974,28,26,29
8,B,all_agents,,,40,7,10,23,7,0,0.19688682331958127,0.16515470344751593,0.5964157397223836,0.011719785072410411,76,28,0.7,39,3.128205128205128,1.5384615384615385,32.975,227,,,,,,,,,,,,,,,,,,,,,,,,,,,
8,B,participants_only,,,30,7,0,23,7,0,0.2103457847676369,0.1796556928406829,0.5964157397223836,0.012391301241005154,76,28,0.9333333333333333,39,3.128205128205128,1.5384615384615385,27.3,227,,,,,,,,,,,,,,,,,,,,,,,,,,,
8,B,nonparticipants_only,,,10,0,10,0,0,0,0.15650993897541438,0.12147294977180892,0.40793078868493093,0.007531512847503208,0,0,0.0,0,0.0,0.0,50.0,0,,,,,,,,,,,,,,,,,,,,,,,,,,,
8,B,step_totals,,,,,,,,,,,,,,,,,,,,,89.2000000000001,20.0,0.22421524663677103,0.2,0.0022421524663677104,57.0,0.6390134529147975,0.0,0.0,0.015096605161867237,0.14035087719298245,0.3278688524590167,4,8,7,33,40,2,57,39,6.600000000000003,0.07399103139013448,5.400000000000002,0.060538116591928204,33,27,34
9,B,all_agents,,,40,7,10,23,7,0,0.20168846796439951,0.17006268157799143,0.6125591101334883,0.012157474288978886,79,29,0.725,40,3.2,1.525,32.575,252,,,,,,,,,,,,,,,,,,,,,,,,,,,
9,B,participants_only,,,30,7,0,23,7,0,0.21647758151379395,0.18658388918038002,0.6125591101334883,0.012918537588922762,79,29,0.9666666666666667,40,3.2,1.525,26.766666666666666,252,,,,,,,,,,,,,,,,,,,,,,,,,,,
9,B,nonparticipants_only,,,10,0,10,0,0,0,0.15732112731621617,0.12543327129124662,0.4058911347415063,0.007249669834224673,0,0,0.0,0,0.0,0.0,50.0,0,,,,,,,,,,,,,,,,,,,,,,,,,,,
9,B,step_totals,,,,,,,,,,,,,,,,,,,,,90.90000000000009,20.0,0.2200220022002198,0.30000000000000004,0.0033003300330032973,59.0,0.6490649064906484,0.0,0.0,0.014152008742194517,0.03389830508474576,0.08403361344537823,1,2,9,24,40,3,59,36,6.000000000000003,0.06600660066006597,5.600000000000002,0.06160616061606157,30,28,34
10,B,all_agents,,,40,8,10,22,8,0,0.20664939060580287,0.1740284934263136,0.6280567457281487,0.012649174371866226,88,29,0.725,43,3.511627906976744,1.5348837209302326,32.25,281,,,,,,,,,,,,,,,,,,,,,,,,,,,
10,B,participants_only,,,30,8,0,22,8,0,0.2228236488037031,0.18983289815265525,0.6280567457281487,0.013494285724140036,88,29,0.9666666666666667,43,3.511627906976744,1.5348837209302326,26.333333333333332,281,,,,,,,,,,,,,,,,,,,,,,,,,,,
10,B,nonparticipants_only,,,10,0,10,0,0,0,0.1581266160121021,0.12858220566357892,0.40386167906779874,0.006974560776016673,0,0,0.0,0,0.0,0.0,50.0,0,,,,,,,,,,,,,,,,,,,,,,,,,,,
10,B,step_totals,,,,,,,,,,,,,,,,,,,,,88.4000000000001,19.0,0.21493212669683232,,,57.0,0.644796380090497,0.0,0.0,0.015069201724190349,0.10526315789473684,0.24193548387096797,3,6,7,34,38,,57,37,6.600000000000003,0.07466063348416284,5.8000000000000025,0.06561085972850673,33,29,31
10,B,reachability,0.4,0.0,,,,,,,,,,,,,,,,,,,,,,,,,,,,,,,,,,,,,,,,,,,,,
11,B,all_agents,,,40,11,10,19,11,0,0.21170522730100894,0.1776223808180618,0.6429344758990228,0.013353340693652863,96,29,0.725,45,3.7333333333333334,1.5555555555555556,31.875,312,,,,,,,,,,,,,,,,,,,,,,,,,,,
11,B,participants_only,,,30,11,0,19,11,0,0.2292987247189558,0.1923774728094509,0.6429344758990228,0.014328752270020803,96,29,0.9666666666666667,45,3.7333333333333334,1.5555555555555556,25.833333333333332,312,,,,,,,,,,,,,,,,,,,,,,,,,,,
11,B,nonparticipants_only,,,10,0,10,0,0,0,0.1589247350471684,0.12809364967653303,0.40184237067245976,0.006712732147805418,0,0,0.0,0,0.0,0.0,50.0,0,,,,,,,,,,,,,,,,,,,,,,,,,,,
11,B,step_totals,,,,,,,,,,,,,,,,,,,,,91.0000000000001,20.0,0.21978021978021953,,,59.0,0.6483516483516476,0.0,0.0,0.014824618991140412,0.1016949152542373,0.16666666666666682,2,6,9,26,40,,59,36,6.200000000000003,0.06813186813186808,5.8000000000000025,0.06373626373626369,31,29,37
12,B,all_agents,,,40,13,10,17,13,0,0.21675945030155327,0.18629031356655373,0.6572170968630618,0.014056846662302683,110,30,0.75,47,3.851063829787234,1.553191489361702,31.825,347,,,,,,,,,,,,,,,,,,,,,,,,,,,
12,B,participants_only,,,30,13,0,17,13,0,0.2357739812389078,0.19948104679719578,0.6572170968630618,0.015142000844251933,110,30,1.0,47,3.851063829787234,1.553191489361702,25.766666666666666,347,,,,,,,,,,,,,,,,,,,,,,,,,,,
12,B,nonparticipants_only,,,10,0,10,0,0,0,0.15971585748948974,0.1281078876409062,0.3998331588190975,0.006462755475243583,0,0,0.0,0,0.0,0.0,50.0,0,,,,,,,,,,,,,,,,,,,,,,,,,,,
12,B,step_totals,,,,,,,,,,,,,,,,,,,,,83.3000000000001,19.5,0.2340936374549817,0.2,0.0024009603841536587,51.0,0.6122448979591829,0.0,0.0,0.016371261149419634,0.23529411764705882,0.15625000000000014,2,12,6,44,39,2,51,39,6.800000000000003,0.08163265306122444,5.8000000000000025,0.06962785114045614,34,29,37
13,B,all_agents,,,40,15,10,15,15,0,0.22184993576061932,0.1920970594396087,0.6709284129885393,0.014880352052582134,117,30,0.75,48,3.9583333333333335,1.5416666666666667,31.425,381,,,,,,,,,,,,,,,,,,,,,,,,,,,
13,B,participants_only,,,30,15,0,15,15,0,0.24229952712263197,0.21429039404749367,0.6709284129885393,0.01609436985696368,117,30,1.0,48,3.9583333333333335,1.5416666666666667,25.233333333333334,381,,,,,,,,,,,,,,,,,,,,,,,,,,,
13,B,nonparticipants_only,,,10,0,10,0,0,0,0.16050116167458134,0.12827557699380815,0.397833993025002,0.006220069196957866,0,0,0.0,0,0.0,0.0,50.0,0,,,,,,,,,,,,,,,,,,,,,,,,,,,
13,B,step_totals,,,,,,,,,,,,,,,,,,,,,90.0000000000001,20.0,0.222222222222222,,,58.0,0.6444444444444437,0.0,0.0,0.015113093380617783,0.10344827586206896,0.08333333333333341,1,6,10,26,40,,58,35,6.000000000000003,0.06666666666666662,6.000000000000003,0.06666666666666662,30,30,39
14,B,all_agents,,,40,17,10,13,17,0,0.22632711030781086,0.19239337219211003,0.6840912764689978,0.015595720891491941,121,30,0.75,48,3.9583333333333335,1.5416666666666667,31.45,412,,,,,,,,,,,,,,,,,,,,,,,,,,,
14,B,participants_only,,,30,17,0,13,17,0,0.24800960136392042,0.21456013993433765,0.6840912764689978,0.016917579374851645,121,30,1.0,48,3.9583333333333335,1.5416666666666667,25.266666666666666,412,,,,,,,,,,,,,,,,,,,,,,,,,,,
14,B,nonparticipants_only,,,10,0,10,0,0,0,0.16127963713948212,0.1276341991088391,0.395844823059877,0.005988580420633569,0,0,0.0,0,0.0,0.0,50.0,0,,,,,,,,,,,,,,,,,,,,,,,,,,,
14,B,step_totals,,,,,,,,,,,,,,,,,,,,,82.2000000000001,19.5,0.23722627737226248,0.1,0.0012165450121654486,50.0,0.6082725060827243,0.0,0.0,0.014944179171477527,0.08,0.0,0,4,7,47,39,1,50,38,6.600000000000003,0.08029197080291965,6.000000000000003,0.07299270072992695,33,30,38
15,B,all_agents,,,40,18,10,12,18,0,0.23115579190333976,0.19812674905504282,0.6967276254102379,0.016588829684884815,129,30,0.75,48,3.9583333333333335,1.5416666666666667,31.175,447,,,,,,,,,,,,,,,,,,,,,,,,,,,
15,B,participants_only,,,30,18,0,12,18,0,0.25419043172761197,0.21932091574481627,0.6967276254102379,0.018074041317332555,129,30,1.0,48,3.9583333333333335,1.5416666666666667,24.9,447,,,,,,,,,,,,,,,,,,,,,,,,,,,
15,B,nonparticipants_only,,,10,0,10,0,0,0,0.16205187243052327,0.12855339656245818,0.3938655989445776,0.005766059205534243,0,0,0.0,0,0.0,0.0,50.0,0,,,,,,,,,,,,,,,,,,,,,,,,,,,
15,B,step_totals,,,,,,,,,,,,,,,,,,,,,87.8000000000001,20.0,0.22779043280182207,,,56.0,0.6378132118451018,0.0,0.0,0.014815385469065454,0.14285714285714285,0.0,0,8,11,28,40,,56,35,5.8000000000000025,0.06605922551252844,6.000000000000003,0.06833712984054666,29,30,41
16,B,all_agents,,,40,20,10,10,20,0,0.23561774142707356,0.19739624665334832,0.7088585203938284,0.01755344635661134,137,30,0.75,48,3.9583333333333335,1.5416666666666667,31.325,483,,,,,,,,,,,,,,,,,,,,,,,,,,,
16,B,participants_only,,,30,20,0,10,20,0,0.2598842198633432,0.2206270610353243,0.7088585203938284,0.019198855132039193,137,30,1.0,48,3.9583333333333335,1.5416666666666667,25.1,483,,,,,,,,,,,,,,,,,,,,,,,,,,,
16,B,nonparticipants_only,,,10,0,10,0,0,0,0.16281830611826464,0.12967680816435567,0.39189627094985474,0.00555087632195251,0,0,0.0,0,0.0,0.0,50.0,0,,,,,,,,,,,,,,,,,,,,,,,,,,,
16,B,step_totals,,,,,,,,,,,,,,,,,,,,,78.7000000000001,19.0,0.2414231257941547,0.1,0.001270648030495551,47.0,0.597204574332909,0.0,0.0,0.015636511824742082,0.1702127659574468,0.0,0,8,7,53,38,1,47,37,6.600000000000003,0.08386277001270641,6.000000000000003,0.0762388818297331,33,30,40
17,B,all_agents,,,40,24,10,6,24,0,0.24048833555362342,0.20312119025158115,0.7205041795780752,0.018657717312671854,138,30,0.75,48,3.9583333333333335,1.5416666666666667,31.125,522,,,,,,,,,,,,,,,,,,,,,,,,,,,
17,B,participants_only,,,30,24,0,6,24,0,0.2661249140616606,0.22395434088857685,0.7205041795780752,0.02046659560857113,138,30,1.0,48,3.9583333333333335,1.5416666666666667,24.833333333333332,522,,,,,,,,,,,,,,,,,,,,,,,,,,,
17,B,nonparticipants_only,,,10,0,10,0,0,0,0.16357860002951172,0.13101493363108685,0.38993678959510547,0.005344272533788941,0,0,0.0,0,0.0,0.0,50.0,0,,,,,,,,,,,,,,,,,,,,,,,,,,,
17,B,step_totals,,,,,,,,,,,,,,,,,,,,,85.8000000000001,20.0,0.23310023310023284,,,54.0,0.6293706293706287,0.0,0.0,0.015345149240809477,0.018518518518518517,0.0,0,1,11,30,40,,54,35,5.8000000000000025,0.06759906759906756,6.000000000000003,0.06993006993006988,29,30,43
18,B,all_agents,,,40,24,10,6,24,0,0.24455151180862286,0.20277862407204522,0.7316840123949522,0.01966549462902662,142,30,0.75,48,3.9583333333333335,1.5416666666666667,31.275,556,,,,,,,,,,,,,,,,,,,,,,,,,,,
18,B,participants_only,,,30,24,0,6,24,0,0.2712912562779323,0.22628207750750867,0.7316840123949522,0.02164453964112351,142,30,1.0,48,3.9583333333333335,1.5416666666666667,25.033333333333335,556,,,,,,,,,,,,,,,,,,,,,,,,,,,
18,B,nonparticipants_only,,,10,0,10,0,0,0,0.16433227840069442,0.13278988441957656,0.38798710564712996,0.005148192381328355,0,0,0.0,0,0.0,0.0,50.0,0,,,,,,,,,,,,,,,,,,,,,,,,,,,
18,B,step_totals,,,,,,,,,,,,,,,,,,,,,78.40000000000009,19.0,0.24234693877550992,,,47.0,0.5994897959183666,0.0,0.0,0.014506865151368958,0.0851063829787234,0.0,0,4,8,54,38,,47,35,6.400000000000003,0.08163265306122443,6.000000000000003,0.0765306122448979,32,30,38
19,B,all_agents,,,40,24,10,6,24,0,0.2483632655851697,0.20497213564899286,0.7424166518991541,0.02066772068223307,145,30,0.75,49,4.224489795918367,1.5714285714285714,31.125,585,,,,,,,,,,,,,,,,,,,,,,,,,,,
19,B,participants_only,,,30,24,0,6,24,0,0.27612403124870266,0.2294159093894828,0.7424166518991541,0.022822187562619126,145,30,1.0,49,4.224489795918367,1.5714285714285714,24.833333333333332,585,,,,,,,,,,,,,,,,,,,,,,,,,,,
19,B,nonparticipants_only,,,10,0,10,0,0,0,0.1650809685945707,0.135343373839093,0.38604717011889433,0.004956398718367784,0,0,0.0,0,0.0,0.0,50.0,0,,,,,,,,,,,,,,,,,,,,,,,,,,,
19,B,step_totals,,,,,,,,,,,,,,,,,,,,,84.30000000000008,19.5,0.23131672597864747,,,53.0,0.6287069988137598,0.0,0.0,0.012635339170374928,0.03773584905660377,0.08474576271186447,1,2,11,31,39,,53,35,5.8000000000000025,0.0688018979833926,6.000000000000003,0.07117437722419925,29,30,44
20,B,all_agents,,,40,26,10,4,26,0,0.25218455672524903,0.204781395585575,0.7527199858231879,0.02177171427526127,149,30,0.75,49,4.224489795918367,1.5714285714285714,31.275,619,,,,,,,,,,,,,,,,,,,,,,,,,,,
20,B,participants_only,,,30,26,0,4,26,0,0.280971580595174,0.23143231039210005,0.7527199858231879,0.024123023337305968,149,30,1.0,49,4.224489795918367,1.5714285714285714,25.033333333333335,619,,,,,,,,,,,,,,,,,,,,,,,,,,,
20,B,nonparticipants_only,,,10,0,10,0,0,0,0.16582348511547418,0.13754418564029208,0.38411693426829985,0.0047734741696756145,0,0,0.0,0,0.0,0.0,50.0,0,,,,,,,,,,,,,,,,,,,,,,,,,,,
20,B,step_totals,,,,,,,,,,,,,,,,,,,,,78.40000000000009,19.0,0.24234693877550992,,,47.0,0.5994897959183666,0.0,0.0,0.013789579853973206,0.0851063829787234,0.0,0,4,8,54,38,,47,35,6.400000000000003,0.08163265306122443,6.000000000000003,0.0765306122448979,32,30,38
20,B,reachability,0.175,0.0,,,,,,,,,,,,,,,,,,,,,,,,,,,,,,,,,,,,,,,,,,,,,
21,B,all_agents,,,40,28,10,2,28,0,0.25621542835638506,0.2053291370797985,0.7626111863902604,0.023025442076316047,155,30,0.75,49,4.224489795918367,1.5714285714285714,31.125,655,,,,,,,,,,,,,,,,,,,,,,,,,,,
21,B,participants_only,,,30,28,0,2,28,0,0.28610046143839424,0.23459005772176636,0.7626111863902604,0.025595607853664673,155,30,1.0,49,4.224489795918367,1.5714285714285714,24.833333333333332,655,,,,,,,,,,,,,,,,,,,,,,,,,,,
21,B,nonparticipants_only,,,10,0,10,0,0,0,0.16656032911035756,0.13870989975686351,0.38219634959695836,0.004597562316516782,0,0,0.0,0,0.0,0.0,50.0,0,,,,,,,,,,,,,,,,,,,,,,,,,,,
21,B,step_totals,,,,,,,,,,,,,,,,,,,,,84.10000000000008,19.5,0.23186682520808538,,,53.0,0.6302021403091552,0.0,0.0,0.013322491864156728,0.11320754716981132,0.0,0,6,12,31,39,,53,35,5.600000000000002,0.06658739595719378,6.000000000000003,0.07134363852556477,28,30,44
22,B,all_agents,,,40,28,10,2,28,0,0.25990762281299046,0.2086880216920881,0.77210673893465,0.024145959314467065,160,30,0.75,50,4.54,1.6,31.275,690,,,,,,,,,,,,,,,,,,,,,,,,,,,
22,B,participants_only,,,30,28,0,2,28,0,0.290779635049233,0.23674332567429962,0.77210673893465,0.026906165445307606,160,30,1.0,50,4.54,1.6,25.033333333333335,690,,,,,,,,,,,,,,,,,,,,,,,,,,,
22,B,nonparticipants_only,,,10,0,10,0,0,0,0.16729158610426303,0.14092165411421687,0.38028536784897354,0.004428367247768979,0,0,0.0,0,0.0,0.0,50.0,0,,,,,,,,,,,,,,,,,,,,,,,,,,,
22,B,step_totals,,,,,,,,,,,,,,,,,,,,,78.40000000000009,19.0,0.24234693877550992,,,47.0,0.5994897959183666,0.0,0.0,0.013420171667394495,0.0851063829787234,0.08064516129032266,1,4,8,54,38,,47,35,6.400000000000003,0.08163265306122443,6.000000000000003,0.0765306122448979,32,30,38
23,B,all_agents,,,40,30,10,0,30,0,0.263837302026486,0.21008735411113938,0.781222469377264,0.025338494348107136,173,30,0.75,50,4.54,1.6,31.125,726,,,,,,,,,,,,,,,,,,,,,,,,,,,
23,B,participants_only,,,30,30,0,0,30,0,0.2957772773782137,0.23924015376419444,0.781222469377264,0.028282197453185345,173,30,1.0,50,4.54,1.6,24.833333333333332,726,,,,,,,,,,,,,,,,,,,,,,,,,,,
23,B,nonparticipants_only,,,10,0,10,0,0,0,0.16801737597130278,0.1434169021892308,0.37838394100972866,0.004265440727244806,0,0,0.0,0,0.0,0.0,50.0,0,,,,,,,,,,,,,,,,,,,,,,,,,,,
23,B,step_totals,,,,,,,,,,,,,,,,,,,,,84.3000000000001,19.5,0.23131672597864741,,,53.0,0.6287069988137597,0.0,0.0,0.013013371019306538,0.24528301886792453,0.0,0,13,11,31,39,,53,35,5.8000000000000025,0.06880189798339259,6.000000000000003,0.07117437722419924,29,30,44
24,B,all_agents,,,40,30,10,0,30,0,0.26754729611645467,0.2112982467280284,0.7899735706021734,0.026510415040641562,176,30,0.75,50,4.54,1.6,31.275,764,,,,,,,,,,,,,,,,,,,,,,,,,,,
24,B,participants_only,,,30,30,0,0,30,0,0.30048380942152925,0.24018833292645442,0.7899735706021734,0.029638407884665187,176,30,1.0,50,4.54,1.6,25.033333333333335,764,,,,,,,,,,,,,,,,,,,,,,,,,,,
24,B,nonparticipants_only,,,10,0,10,0,0,0,0.1687377562012309,0.1444211084607946,0.37649202130468,0.00410866960422643,0,0,0.0,0,0.0,0.0,50.0,0,,,,,,,,,,,,,,,,,,,,,,,,,,,
24,B,step_totals,,,,,,,,,,,,,,,,,,,,,77.90000000000009,18.5,0.237483953786906,,,47.0,0.6033376123234909,0.0,0.0,0.013603048463467519,0.06382978723404255,0.0,0,3,8,54,37,,47,34,6.400000000000003,0.08215661103979455,6.000000000000003,0.0770218228498074,32,30,38
25,B,all_agents,,,40,30,10,0,30,0,0.2711741663463924,0.21141042872247454,0.7983746277780865,0.02776226163715897,184,30,0.75,50,4.54,1.6,31.125,800,,,,,,,,,,,,,,,,,,,,,,,,,,,
25,B,participants_only,,,30,30,0,0,30,0,0.30508123204847065,0.2412981174268325,0.7983746277780865,0.031098535835861026,184,30,1.0,50,4.54,1.6,24.833333333333332,800,,,,,,,,,,,,,,,,,,,,,,,,,,,
25,B,nonparticipants_only,,,10,0,10,0,0,0,0.16945296924015782,0.14484782978605276,0.37460956119815664,0.003957169786752218,0,0,0.0,0,0.0,0.0,50.0,0,,,,,,,,,,,,,,,,,,,,,,,,,,,
25,B,step_totals,,,,,,,,,,,,,,,,,,,,,83.20000000000009,19.0,0.2283653846153844,,,53.0,0.6370192307692301,0.0,0.0,0.012346390112101752,0.1509433962264151,0.0,0,8,14,31,38,,53,34,5.200000000000002,0.06249999999999996,6.000000000000003,0.07211538461538457,26,30,44
26,B,all_agents,,,40,30,10,0,30,0,0.2744288738492477,0.21035337657886216,0.8064396426669631,0.028928958655123186,187,30,0.75,50,4.54,1.6,31.275,835,,,,,,,,,,,,,,,,,,,,,,,,,,,
26,B,participants_only,,,30,30,0,0,30,0,0.3091839647098619,0.2414438514597023,0.8064396426669631,0.03247069301872754,187,30,1.0,50,4.54,1.6,25.033333333333335,835,,,,,,,,,,,,,,,,,,,,,,,,,,,
26,B,nonparticipants_only,,,10,0,10,0,0,0,0.170163601267405,0.14738032200324186,0.37273651339216585,0.0038087594755555026,0,0,0.0,0,0.0,0.0,50.0,0,,,,,,,,,,,,,,,,,,,,,,,,,,,
26,B,step_totals,,,,,,,,,,,,,,,,,,,,,77.70000000000007,18.5,0.23809523809523786,,,47.0,0.6048906048906043,0.0,0.0,0.01225967386033082,0.06382978723404255,0.0,0,3,9,54,37,,47,34,6.200000000000003,0.07979407979407975,6.000000000000003,0.07722007722007718,31,30,37
27,B,all_agents,,,40,30,10,0,30,0,0.2780799443676125,0.21239953522313526,0.8141820569602846,0.030136975905558232,194,30,0.75,50,4.54,1.6,31.125,873,,,,,,,,,,,,,,,,,,,,,,,,,,,
27,B,participants_only,,,30,30,0,0,30,0,0.3138171206317519,0.24334273997520933,0.8141820569602846,0.033851328388526336,194,30,1.0,50,4.54,1.6,24.833333333333332,873,,,,,,,,,,,,,,,,,,,,,,,,,,,
27,B,nonparticipants_only,,,10,0,10,0,0,0,0.17086841557519444,0.1474442324754731,0.370872830825205,0.00366816924864395,0,0,0.0,0,0.0,0.0,50.0,0,,,,,,,,,,,,,,,,,,,,,,,,,,,
27,B,step_totals,,,,,,,,,,,,,,,,,,,,,83.20000000000009,19.0,0.2283653846153844,,,53.0,0.6370192307692301,0.0,0.0,0.012438559622592152,0.1320754716981132,0.0,0,7,14,30,38,,53,34,5.200000000000002,0.06249999999999996,6.000000000000003,0.07211538461538457,26,30,44
28,B,all_agents,,,40,30,10,0,30,0,0.2814362915725752,0.21169311443395633,0.8216147746818732,0.031296591878884956,199,30,0.75,50,4.54,1.6,31.275,911,,,,,,,,,,,,,,,,,,,,,,,,,,,
28,B,participants_only,,,30,30,0,0,30,0,0.3180590018612412,0.24403947741439908,0.8216147746818732,0.03518634269796566,199,30,1.0,50,4.54,1.6,25.033333333333335,911,,,,,,,,,,,,,,,,,,,,,,,,,,,
28,B,nonparticipants_only,,,10,0,10,0,0,0,0.1715681607065771,0.14974155840597803,0.36901846667107896,0.0035326645149920764,0,0,0.0,0,0.0,0.0,50.0,0,,,,,,,,,,,,,,,,,,,,,,,,,,,
28,B,step_totals,,,,,,,,,,,,,,,,,,,,,77.70000000000009,18.5,0.23809523809523783,,,47.0,0.6048906048906042,0.0,0.0,0.012610554956590104,0.10638297872340426,0.0,0,5,9,54,37,,47,34,6.200000000000003,0.07979407979407974,6.000000000000003,0.07722007722007716,31,30,37
29,B,all_agents,,,40,30,10,0,30,0,0.2850213906177574,0.2140439141269021,0.8287501836945982,0.03254097730265336,206,30,0.75,50,4.54,1.6,31.125,951,,,,,,,,,,,,,,,,,,,,,,,,,,,
29,B,participants_only,,,30,30,0,0,30,0,0.3226073826127814,0.24646262717022863,0.8287501836945982,0.03660378222269213,206,30,1.0,50,4.54,1.6,24.833333333333332,951,,,,,,,,,,,,,,,,,,,,,,,,,,,
29,B,nonparticipants_only,,,10,0,10,0,0,0,0.17226341463268546,0.15109725174839944,0.36717337433772357,0.00340008101153697,0,0,0.0,0,0.0,0.0,50.0,0,,,,,,,,,,,,,,,,,,,,,,,,,,,
29,B,step_totals,,,,,,,,,,,,,,,,,,,,,82.5000000000001,18.5,0.22424242424242397,,,53.0,0.6424242424242417,0.0,0.0,0.012390667571202954,0.1320754716981132,0.0,0,7,15,29,37,,53,34,5.000000000000002,0.06060606060606055,6.000000000000003,0.07272727272727267,25,30,42
30,B,all_agents,,,40,30,10,0,30,0,0.28818278555508664,0.21335475419739758,0.8356001763468143,0.03368691538767838,211,30,0.75,50,4.54,1.6,31.275,989,,,,,,,,,,,,,,,,,,,,,,,,,,,
30,B,participants_only,,,30,30,0,0,30,0,0.3265924612934163,0.24773350478412975,0.8356001763468143,0.037923990151857316,211,30,1.0,50,4.54,1.6,25.033333333333335,989,,,,,,,,,,,,,,,,,,,,,,,,,,,
30,B,nonparticipants_only,,,10,0,10,0,0,0,0.17295375834009766,0.1522356508693119,0.36533750746603494,0.003272052811258013,0,0,0.0,0,0.0,0.0,50.0,0,,,,,,,,,,,,,,,,,,,,,,,,,,,
30,B,step_totals,,,,,,,,,,,,,,,,,,,,,77.5000000000001,18.5,0.23870967741935453,,,47.0,0.606451612903225,0.0,0.0,0.012068825141855468,0.10638297872340426,0.0,0,5,10,54,37,,47,34,6.000000000000003,0.07741935483870961,6.000000000000003,0.07741935483870961,30,30,36
30,B,reachability,0.225,0.0,,,,,,,,,,,,,,,,,,,,,,,,,,,,,,,,,,,,,,,,,,,,,
31,B,all_agents,,,40,30,10,0,30,0,0.2913702743578217,0.21506796567660602,0.8421761692929417,0.034933130201733734,218,30,0.75,50,4.54,1.6,31.125,1027,,,,,,,,,,,,,,,,,,,,,,,,,,,
31,B,participants_only,,,30,30,0,0,30,0,0.3306142178349285,0.24758407063918603,0.8421761692929417,0.039366672735875886,218,30,1.0,50,4.54,1.6,24.833333333333332,1027,,,,,,,,,,,,,,,,,,,,,,,,,,,
31,B,nonparticipants_only,,,10,0,10,0,0,0,0.17363844392650143,0.15284576459584212,0.36351081992870476,0.003151457403695062,0,0,0.0,0,0.0,0.0,50.0,0,,,,,,,,,,,,,,,,,,,,,,,,,,,
31,B,step_totals,,,,,,,,,,,,,,,,,,,,,81.5000000000001,17.5,0.21472392638036783,,,53.0,0.6503067484662569,0.0,0.0,0.011415079096835886,0.1320754716981132,0.0,0,7,15,28,35,,53,33,5.000000000000002,0.061349693251533687,6.000000000000003,0.07361963190184044,25,30,41
32,B,all_agents,,,40,30,10,0,30,0,0.29406961797401965,0.2172535248417523,0.848489122521224,0.03593123863721973,223,30,0.75,50,4.54,1.6,31.275,1060,,,,,,,,,,,,,,,,,,,,,,,,,,,
32,B,participants_only,,,30,30,0,0,30,0,0.3339865066519972,0.25140725470707326,0.848489122521224,0.040523958599259564,223,30,1.0,50,4.54,1.6,25.033333333333335,1060,,,,,,,,,,,,,,,,,,,,,,,,,,,
32,B,nonparticipants_only,,,10,0,10,0,0,0,0.17431895194008704,0.15269308028157172,0.36169326582906125,0.003032782730339623,0,0,0.0,0,0.0,0.0,50.0,0,,,,,,,,,,,,,,,,,,,,,,,,,,,
32,B,step_totals,,,,,,,,,,,,,,,,,,,,,77.5000000000001,18.5,0.23870967741935453,,,47.0,0.606451612903225,0.0,0.0,0.010666407729370974,0.10638297872340426,0.0,0,5,10,54,37,,47,34,6.000000000000003,0.07741935483870961,6.000000000000003,0.07741935483870961,30,30,36
33,B,all_agents,,,40,30,10,0,28,2,0.2971063196712727,0.21831186462640695,0.854549557620375,0.037206824240850596,229,30,0.75,50,4.54,1.6,31.125,1100,,,,,,,,,,,,,,,,,,,,,,,,,,,
33,B,participants_only,,,30,30,0,0,28,2,0.3378103484024394,0.2522702064859853,0.854549557620375,0.042008486845112866,229,30,1.0,50,4.54,1.6,24.833333333333332,1100,,,,,,,,,,,,,,,,,,,,,,,,,,,
33,B,nonparticipants_only,,,10,0,10,0,0,0,0.17499423347777254,0.15354405265951393,0.3598847994999159,0.0029200209686920334,0,0,0.0,0,0.0,0.0,50.0,0,,,,,,,,,,,,,,,,,,,,,,,,,,,
33,B,step_totals,,,,,,,,,,,,,,,,,,,,,80.10000000000008,16.5,0.20599250936329566,,,53.0,0.6616729088639195,0.0,0.0,0.011208204903890321,0.11320754716981132,0.0,0,6,17,28,33,,53,33,4.600000000000001,0.05742821473158548,6.000000000000003,0.07490636704119846,23,30,40
34,B,all_agents,,,40,30,10,0,28,2,0.30001623125345456,0.2183774288132273,0.86036757531556,0.0383032821706706,235,30,0.75,50,4.54,1.6,31.275,1140,,,,,,,,,,,,,,,,,,,,,,,,,,,
34,B,participants_only,,,30,30,0,0,28,2,0.34146651205834927,0.2539636730404593,0.86036757531556,0.04326216718417644,235,30,1.0,50,4.54,1.6,25.033333333333335,1140,,,,,,,,,,,,,,,,,,,,,,,,,,,
34,B,nonparticipants_only,,,10,0,10,0,0,0,0.17566538883877034,0.15552379061672666,0.3580853755024163,0.0028091177844975696,0,0,0.0,0,0.0,0.0,50.0,0,,,,,,,,,,,,,,,,,,,,,,,,,,,
34,B,step_totals,,,,,,,,,,,,,,,,,,,,,75.80000000000008,17.0,0.22427440633245357,,,47.0,0.6200527704485481,0.0,0.0,0.01164695261272475,0.1276595744680851,0.0,0,6,11,53,34,,47,33,5.8000000000000025,0.07651715039577832,6.000000000000003,0.07915567282321895,29,30,35
35,B,all_agents,,,40,30,10,0,26,4,0.3031122271075207,0.21998031826457137,0.8659528723029376,0.03946752924993876,239,30,0.75,50,4.54,1.6,31.125,1181,,,,,,,,,,,,,,,,,,,,,,,,,,,
35,B,participants_only,,,30,30,0,0,26,4,0.3453724250701415,0.25633559766795644,0.8659528723029376,0.04457865885088993,239,30,1.0,50,4.54,1.6,24.833333333333332,1181,,,,,,,,,,,,,,,,,,,,,,,,,,,
35,B,nonparticipants_only,,,10,0,10,0,0,0,0.17633163321965858,0.15812701608208313,0.35629494862490424,0.002703048465006543,0,0,0.0,0,0.0,0.0,50.0,0,,,,,,,,,,,,,,,,,,,,,,,,,,,
35,B,step_totals,,,,,,,,,,,,,,,,,,,,,80.10000000000007,16.5,0.20599250936329572,,,53.0,0.6616729088639196,0.0,0.0,0.011412397970417654,0.07547169811320754,0.0,0,4,17,28,33,,53,33,4.600000000000001,0.05742821473158549,6.000000000000003,0.07490636704119848,23,30,40
36,B,all_agents,,,40,30,10,0,26,4,0.3057099285514467,0.21888041667324853,0.8713147574108201,0.04053660068226631,246,30,0.75,50,4.54,1.6,31.275,1220,,,,,,,,,,,,,,,,,,,,,,,,,,,
36,B,participants_only,,,30,30,0,0,26,4,0.3486155125578609,0.2598028002135677,0.8713147574108201,0.045818215584307036,246,30,1.0,50,4.54,1.6,25.033333333333335,1220,,,,,,,,,,,,,,,,,,,,,,,,,,,
36,B,nonparticipants_only,,,10,0,10,0,0,0,0.176993176532204,0.1583991323375512,0.35451347388177973,0.0026010863089665245,0,0,0.0,0,0.0,0.0,50.0,0,,,,,,,,,,,,,,,,,,,,,,,,,,,
36,B,step_totals,,,,,,,,,,,,,,,,,,,,,74.60000000000008,16.0,0.21447721179624643,,,47.0,0.6300268096514738,0.0,0.0,0.010894634337855926,0.14893617021276595,0.0,0,7,12,52,32,,47,31,5.600000000000002,0.07506702412868628,6.000000000000003,0.08042895442359245,28,30,35
37,B,all_agents,,,40,30,10,0,26,4,0.3083082378818037,0.21959739693459202,0.8764621671143873,0.0416973507457988,249,30,0.75,50,4.54,1.6,31.125,1258,,,,,,,,,,,,,,,,,,,,,,,,,,,
37,B,participants_only,,,30,30,0,0,26,4,0.3518608464567257,0.2597165745146358,0.8764621671143873,0.04717520176757042,249,30,1.0,50,4.54,1.6,24.833333333333332,1258,,,,,,,,,,,,,,,,,,,,,,,,,,,
37,B,nonparticipants_only,,,10,0,10,0,0,0,0.17765041215703778,0.15850844230946512,0.35274090651237083,0.0025018411163195346,0,0,0.0,0,0.0,0.0,50.0,0,,,,,,,,,,,,,,,,,,,,,,,,,,,
37,B,step_totals,,,,,,,,,,,,,,,,,,,,,79.40000000000008,16.0,0.20151133501259427,,,53.0,0.6675062972292185,0.0,0.0,0.010043646200877865,0.05660377358490566,0.0,0,3,18,27,32,,53,33,4.400000000000001,0.05541561712846344,6.000000000000003,0.07556675062972289,22,30,40
38,B,all_agents,,,40,30,10,0,25,5,0.3106879013380816,0.21961855701998995,0.8814036804298118,0.042680466766356735,255,30,0.75,50,4.54,1.6,31.275,1295,,,,,,,,,,,,,,,,,,,,,,,,,,,
38,B,participants_only,,,30,30,0,0,25,5,0.35481608891950345,0.2606805809078977,0.8814036804298118,0.04831630261899979,255,30,1.0,50,4.54,1.6,25.033333333333335,1295,,,,,,,,,,,,,,,,,,,,,,,,,,,
38,B,nonparticipants_only,,,10,0,10,0,0,0,0.17830333859381614,0.15918427673903154,0.350977201979809,0.0024053959377737665,0,0,0.0,0,0.0,0.0,50.0,0,,,,,,,,,,,,,,,,,,,,,,,,,,,
38,B,step_totals,,,,,,,,,,,,,,,,,,,,,74.60000000000008,16.0,0.21447721179624643,,,47.0,0.6300268096514738,0.0,0.0,0.010217761591179228,0.1276595744680851,0.0,0,6,12,52,32,,47,31,5.600000000000002,0.07506702412868628,6.000000000000003,0.08042895442359245,28,30,35
39,B,all_agents,,,40,30,10,0,25,5,0.3133529521387471,0.2215501788511392,0.8861475332126193,0.04383506588279233,258,30,0.75,50,4.54,1.6,31.125,1336,,,,,,,,,,,,,,,,,,,,,,,,,,,
39,B,participants_only,,,30,30,0,0,25,5,0.35815363907908754,0.2629976563816349,0.8861475332126193,0.049646449102412164,258,30,1.0,50,4.54,1.6,24.833333333333332,1336,,,,,,,,,,,,,,,,,,,,,,,,,,,
39,B,nonparticipants_only,,,10,0,10,0,0,0,0.17895089131772568,0.1610748764781563,0.34922231596990994,0.0023156976200161125,0,0,0.0,0,0.0,0.0,50.0,0,,,,,,,,,,,,,,,,,,,,,,,,,,,
39,B,step_totals,,,,,,,,,,,,,,,,,,,,,79.40000000000006,16.0,0.2015113350125943,,,53.0,0.6675062972292186,0.0,0.0,0.010266055002358707,0.05660377358490566,0.0,0,3,18,27,32,,53,33,4.400000000000001,0.05541561712846345,6.000000000000003,0.0755667506297229,22,30,40
40,B,all_agents,,,40,30,10,0,25,5,0.3156316330491356,0.22130058161352056,0.8907016318841146,0.04488317925880634,267,30,0.75,50,4.54,1.6,31.275,1376,,,,,,,,,,,,,,,,,,,,,,,,,,,
40,B,participants_only,,,30,30,0,0,25,5,0.36097727093672966,0.2632574157011697,0.8907016318841146,0.05087708964627425,267,30,1.0,50,4.54,1.6,25.033333333333335,1376,,,,,,,,,,,,,,,,,,,,,,,,,,,
40,B,nonparticipants_only,,,10,0,10,0,0,0,0.17959471938635374,0.16338823468969335,0.3474762043900604,0.0022267255912090523,0,0,0.0,0,0.0,0.0,50.0,0,,,,,,,,,,,,,,,,,,,,,,,,,,,
40,B,step_totals,,,,,,,,,,,,,,,,,,,,,73.10000000000008,14.5,0.19835841313269473,,,47.0,0.6429548563611485,0.0,0.0,0.010168923275179537,0.19148936170212766,0.0,0,9,12,50,29,,47,30,5.600000000000002,0.07660738714090282,6.000000000000003,0.08207934336525302,28,30,35
40,B,reachability,0.25,0.0,,,,,,,,,,,,,,,,,,,,,,,,,,,,,,,,,,,,,,,,,,,,,
41,B,all_agents,,,40,30,10,0,25,5,0.31834263910946936,0.2226898655570074,0.8950735666087499,0.04600075018821477,273,30,0.75,50,4.54,1.6,31.125,1419,,,,,,,,,,,,,,,,,,,,,,,,,,,
41,B,participants_only,,,30,30,0,0,25,5,0.36437879561464437,0.26334535746614957,0.8950735666087499,0.05214336148432405,273,30,1.0,50,4.54,1.6,24.833333333333332,1419,,,,,,,,,,,,,,,,,,,,,,,,,,,
41,B,nonparticipants_only,,,10,0,10,0,0,0,0.1802341695939441,0.16365228215548328,0.34573882336811007,0.0021409838306592497,0,0,0.0,0,0.0,0.0,50.0,0,,,,,,,,,,,,,,,,,,,,,,,,,,,
41,B,step_totals,,,,,,,,,,,,,,,,,,,,,79.40000000000008,16.0,0.20151133501259427,,,53.0,0.6675062972292185,0.0,0.0,0.010427815965921041,0.11320754716981132,0.0,0,6,18,27,32,,53,32,4.400000000000001,0.05541561712846344,6.000000000000003,0.07556675062972289,22,30,39
42,B,all_agents,,,40,30,10,0,25,5,0.3206077805959916,0.2231324923366766,0.8992706239443999,0.04696238258704367,277,30,0.75,50,4.54,1.6,31.275,1459,,,,,,,,,,,,,,,,,,,,,,,,,,,
42,B,participants_only,,,30,30,0,0,25,5,0.36718721519266845,0.2620286306788188,0.8992706239443999,0.05325206738307295,277,30,1.0,50,4.54,1.6,25.033333333333335,1459,,,,,,,,,,,,,,,,,,,,,,,,,,,
42,B,nonparticipants_only,,,10,0,10,0,0,0,0.18086947680596108,0.16375835086872417,0.3440101292512695,0.0020576034708026715,0,0,0.0,0,0.0,0.0,50.0,0,,,,,,,,,,,,,,,,,,,,,,,,,,,
42,B,step_totals,,,,,,,,,,,,,,,,,,,,,73.10000000000008,14.5,0.19835841313269473,,,47.0,0.6429548563611485,0.0,0.0,0.010152047453344635,0.0851063829787234,0.0,0,4,12,50,29,,47,30,5.600000000000002,0.07660738714090282,6.000000000000003,0.08207934336525302,28,30,35
43,B,all_agents,,,40,30,10,0,25,5,0.323124417981113,0.22470069601734732,0.9032997989866239,0.04804722864386469,282,30,0.75,50,4.54,1.6,31.125,1501,,,,,,,,,,,,,,,,,,,,,,,,,,,
43,B,participants_only,,,30,30,0,0,25,5,0.37033270896972287,0.26443664511698284,0.9032997989866239,0.054488231205697124,282,30,1.0,50,4.54,1.6,24.833333333333332,1501,,,,,,,,,,,,,,,,,,,,,,,,,,,
43,B,nonparticipants_only,,,10,0,10,0,0,0,0.1814995450152835,0.16441414545958244,0.34229007860501315,0.0019807481015842354,0,0,0.0,0,0.0,0.0,50.0,0,,,,,,,,,,,,,,,,,,,,,,,,,,,
43,B,step_totals,,,,,,,,,,,,,,,,,,,,,78.20000000000007,15.0,0.19181585677749344,,,53.0,0.6777493606138101,0.0,0.0,0.010041537615623718,0.09433962264150944,0.0,0,5,19,27,30,,53,32,4.200000000000001,0.05370843989769817,6.000000000000003,0.0767263427109974,21,30,39
44,B,all_agents,,,40,30,10,0,25,5,0.32528796666174425,0.2245074244688277,0.9071678070271589,0.049012419136555456,291,30,0.75,50,4.54,1.6,31.275,1542,,,,,,,,,,,,,,,,,,,,,,,,,,,
44,B,participants_only,,,30,30,0,0,25,5,0.3730087060989551,0.263114461891398,0.9071678070271589,0.05560568943242831,291,30,1.0,50,4.54,1.6,25.033333333333335,1542,,,,,,,,,,,,,,,,,,,,,,,,,,,
44,B,nonparticipants_only,,,10,0,10,0,0,0,0.1821257483501118,0.16809194518139306,0.3405786282119881,0.0019053805797268806,0,0,0.0,0,0.0,0.0,50.0,0,,,,,,,,,,,,,,,,,,,,,,,,,,,
44,B,step_totals,,,,,,,,,,,,,,,,,,,,,72.90000000000008,14.5,0.1989026063100135,,,47.0,0.6447187928669403,0.0,0.0,0.009872965452332889,0.19148936170212766,0.0,0,9,12,49,29,,47,29,5.400000000000002,0.07407407407407403,6.000000000000003,0.08230452674897114,27,30,35
45,B,all_agents,,,40,30,10,0,25,5,0.32759670233773025,0.22536875016228508,0.9108810947460726,0.05003672009389299,298,30,0.75,50,4.54,1.6,31.125,1583,,,,,,,,,,,,,,,,,,,,,,,,,,,
45,B,participants_only,,,30,30,0,0,25,5,0.3758796317006719,0.2658609082194425,0.9108810947460726,0.05677994330578467,298,30,1.0,50,4.54,1.6,24.833333333333332,1583,,,,,,,,,,,,,,,,,,,,,,,,,,,
45,B,nonparticipants_only,,,10,0,10,0,0,0,0.18274791424890527,0.1693565005246649,0.33887573507092816,0.0018321552438162123,0,0,0.0,0,0.0,0.0,50.0,0,,,,,,,,,,,,,,,,,,,,,,,,,,,
45,B,step_totals,,,,,,,,,,,,,,,,,,,,,78.20000000000007,15.0,0.19181585677749344,,,53.0,0.6777493606138101,0.0,0.0,0.009425975961821957,0.1320754716981132,0.0,0,7,20,26,30,,53,32,4.200000000000001,0.05370843989769817,6.000000000000003,0.0767263427109974,21,30,39
46,B,all_agents,,,40,30,10,0,25,5,0.32974221702136514,0.22731837510521846,0.9144458509562297,0.05092623352594119,302,30,0.75,50,4.54,1.6,31.275,1624,,,,,,,,,,,,,,,,,,,,,,,,,,,
46,B,participants_only,,,30,30,0,0,25,5,0.3785342354036578,0.26453160367834533,0.9144458509562297,0.05779207973538035,302,30,1.0,50,4.54,1.6,25.033333333333335,1624,,,,,,,,,,,,,,,,,,,,,,,,,,,
46,B,nonparticipants_only,,,10,0,10,0,0,0,0.18336616187448723,0.16921440148128855,0.3371813563955735,0.0017607622038079127,0,0,0.0,0,0.0,0.0,50.0,0,,,,,,,,,,,,,,,,,,,,,,,,,,,
46,B,step_totals,,,,,,,,,,,,,,,,,,,,,72.90000000000009,14.5,0.19890260631001347,,,47.0,0.6447187928669402,0.0,0.0,0.009838382477240847,0.0851063829787234,0.0,0,4,12,49,29,,47,29,5.400000000000002,0.07407407407407401,6.000000000000003,0.08230452674897112,27,30,35
47,B,all_agents,,,40,30,10,0,24,6,0.33201479059394073,0.22824809391946432,0.9178680169179805,0.05198195731715096,307,30,0.75,50,4.54,1.6,31.125,1668,,,,,,,,,,,,,,,,,,,,,,,,,,,
47,B,participants_only,,,30,30,0,0,24,6,0.38135979074711857,0.2641098316973288,0.9178680169179805,0.05900495685440938,307,30,1.0,50,4.54,1.6,24.833333333333332,1668,,,,,,,,,,,,,,,,,,,,,,,,,,,
47,B,nonparticipants_only,,,10,0,10,0,0,0,0.18397979013440716,0.1691460124408134,0.3354954496135956,0.001693810223970223,0,0,0.0,0,0.0,0.0,50.0,0,,,,,,,,,,,,,,,,,,,,,,,,,,,
47,B,step_totals,,,,,,,,,,,,,,,,,,,,,77.00000000000009,14.0,0.18181818181818163,,,53.0,0.6883116883116875,0.0,0.0,0.00951177473524214,0.09433962264150944,0.0,0,5,20,24,28,,53,30,4.000000000000001,0.0519480519480519,6.000000000000003,0.07792207792207786,20,30,39
48,B,all_agents,,,40,30,10,0,24,6,0.3337474057988687,0.22866387034469043,0.9211532962412613,0.052789400239619456,311,30,0.75,50,4.54,1.6,31.275,1705,,,,,,,,,,,,,,,,,,,,,,,,,,,
48,B,participants_only,,,30,30,0,0,24,6,0.38346692022576057,0.2627892825388422,0.9211532962412613,0.059954042807635076,311,30,1.0,50,4.54,1.6,25.033333333333335,1705,,,,,,,,,,,,,,,,,,,,,,,,,,,
48,B,nonparticipants_only,,,10,0,10,0,0,0,0.1845888625181932,0.1719058805203162,0.3338179723655276,0.0016311111574217345,0,0,0.0,0,0.0,0.0,50.0,0,,,,,,,,,,,,,,,,,,,,,,,,,,,
48,B,step_totals,,,,,,,,,,,,,,,,,,,,,72.70000000000007,14.5,0.19944979367262702,,,47.0,0.646492434662998,0.0,0.0,0.00852712186597063,0.0851063829787234,0.0,0,4,13,49,29,,47,30,5.200000000000002,0.07152682255845938,6.000000000000003,0.08253094910591467,26,30,35
49,B,all_agents,,,40,30,10,0,24,6,0.33594348838251686,0.22844058594606076,0.9243071643916109,0.0537834295447505,321,30,0.75,50,4.54,1.6,31.125,1749,,,,,,,,,,,,,,,,,,,,,,,,,,,
49,B,participants_only,,,30,30,0,0,24,6,0.38619321173408844,0.26428511568056967,0.9243071643916109,0.061088006933682076,321,30,1.0,50,4.54,1.6,24.833333333333332,1749,,,,,,,,,,,,,,,,,,,,,,,,,,,
49,B,nonparticipants_only,,,10,0,10,0,0,0,0.18519431832780217,0.173758076548583,0.3321488825037,0.001569281015042068,0,0,0.0,0,0.0,0.0,50.0,0,,,,,,,,,,,,,,,,,,,,,,,,,,,
49,B,step_totals,,,,,,,,,,,,,,,,,,,,,77.00000000000009,14.0,0.18181818181818163,,,53.0,0.6883116883116875,0.0,0.0,0.009291949721298898,0.18867924528301888,0.0,0,10,20,24,28,,53,30,4.000000000000001,0.0519480519480519,6.000000000000003,0.07792207792207786,20,30,39
50,B,all_agents,,,40,30,10,0,24,6,0.3378411903925366,0.23035472811269586,0.9273348778159465,0.05459512076706756,328,30,0.75,50,4.54,1.6,31.275,1790,,,,,,,,,,,,,,,,,,,,,,,,,,,
50,B,participants_only,,,30,30,0,0,24,6,0.3885227686713403,0.2629636901021668,0.9273348778159465,0.06201657031794571,328,30,1.0,50,4.54,1.6,25.033333333333335,1790,,,,,,,,,,,,,,,,,,,,,,,,,,,
50,B,nonparticipants_only,,,10,0,10,0,0,0,0.18579645555612584,0.17430974252267933,0.3304881380911815,0.0015073035924671166,0,0,0.0,0,0.0,0.0,50.0,0,,,,,,,,,,,,,,,,,,,,,,,,,,,
50,B,step_totals,,,,,,,,,,,,,,,,,,,,,72.70000000000009,14.5,0.199449793672627,,,47.0,0.6464924346629979,0.0,0.0,0.009098537468054179,0.14893617021276595,0.0,0,7,13,49,29,,47,29,5.200000000000002,0.07152682255845937,6.000000000000003,0.08253094910591466,26,30,35
50,B,reachability,0.25,0.0,,,,,,,,,,,,,,,,,,,,,,,,,,,,,,,,,,,,,,,,,,,,,
51,B,all_agents,,,40,30,10,0,24,6,0.33998475920074056,0.23125334749527088,0.9302414827033086,0.05564211357460208,334,30,0.75,50,4.54,1.6,31.125,1837,,,,,,,,,,,,,,,,,,,,,,,,,,,
51,B,participants_only,,,30,30,0,0,24,6,0.391181799856546,0.2635561963761862,0.9302414827033086,0.06322118964934602,334,30,1.0,50,4.54,1.6,24.833333333333332,1837,,,,,,,,,,,,,,,,,,,,,,,,,,,
51,B,nonparticipants_only,,,10,0,10,0,0,0,0.18639363723332417,0.1740723563743388,0.3288356974007256,0.00145124168742391,0,0,0.0,0,0.0,0.0,50.0,0,,,,,,,,,,,,,,,,,,,,,,,,,,,
51,B,step_totals,,,,,,,,,,,,,,,,,,,,,74.80000000000008,12.0,0.16042780748663085,,,53.0,0.7085561497326195,0.0,0.0,0.009475948313795505,0.11320754716981132,0.0,0,6,21,23,24,,53,29,3.800000000000001,0.050802139037433115,6.000000000000003,0.08021390374331545,19,30,38
52,B,all_agents,,,40,30,10,0,23,7,0.341670213417102,0.23119193406908084,0.9330318233951763,0.05643373053295819,338,30,0.75,50,4.54,1.6,31.275,1878,,,,,,,,,,,,,,,,,,,,,,,,,,,
52,B,participants_only,,,30,30,0,0,23,7,0.39323122123803717,0.2622384153943053,0.9330318233951763,0.06414539682472935,338,30,1.0,50,4.54,1.6,25.033333333333335,1878,,,,,,,,,,,,,,,,,,,,,,,,,,,
52,B,nonparticipants_only,,,10,0,10,0,0,0,0.18698718995429628,0.17405562083030754,0.32719151891372195,0.0013962813275182186,0,0,0.0,0,0.0,0.0,50.0,0,,,,,,,,,,,,,,,,,,,,,,,,,,,
52,B,step_totals,,,,,,,,,,,,,,,,,,,,,71.50000000000007,13.5,0.18881118881118863,,,47.0,0.6573426573426567,0.0,0.0,0.008592300426315166,0.0851063829787234,0.0,0,4,14,47,27,,47,28,5.000000000000002,0.06993006993006988,6.000000000000003,0.08391608391608386,25,30,35
53,B,all_agents,,,40,30,10,0,24,6,0.34342481694329086,0.23169217397807468,0.9357105504593692,0.057381330037407266,344,30,0.75,50,4.54,1.6,31.125,1920,,,,,,,,,,,,,,,,,,,,,,,,,,,
53,B,participants_only,,,30,30,0,0,24,6,0.39537425423468964,0.2623447327277614,0.9357105504593692,0.06526522851075477,344,30,1.0,50,4.54,1.6,24.833333333333332,1920,,,,,,,,,,,,,,,,,,,,,,,,,,,
53,B,nonparticipants_only,,,10,0,10,0,0,0,0.1875765050690948,0.1751847317965019,0.3255555613191533,0.0013447061986491414,0,0,0.0,0,0.0,0.0,50.0,0,,,,,,,,,,,,,,,,,,,,,,,,,,,
53,B,step_totals,,,,,,,,,,,,,,,,,,,,,73.80000000000007,11.0,0.14905149051490502,,,53.0,0.7181571815718151,0.0,0.0,0.008392804729089933,0.11320754716981132,0.0,0,6,21,20,22,,53,27,3.800000000000001,0.05149051490514902,6.000000000000003,0.08130081300813004,19,30,38
54,B,all_agents,,,40,30,10,0,23,7,0.3450121552838082,0.2307820367192584,0.9382821284409945,0.05814210509712244,352,30,0.75,50,4.54,1.6,31.275,1961,,,,,,,,,,,,,,,,,,,,,,,,,,,
54,B,participants_only,,,30,30,0,0,23,7,0.39729549535024755,0.2610330090641225,0.9382821284409945,0.0661571110053885,352,30,1.0,50,4.54,1.6,25.033333333333335,1961,,,,,,,,,,,,,,,,,,,,,,,,,,,
54,B,nonparticipants_only,,,10,0,10,0,0,0,0.18816213508449006,0.17780241526899987,0.3239277835125575,0.0012945155902889364,0,0,0.0,0,0.0,0.0,50.0,0,,,,,,,,,,,,,,,,,,,,,,,,,,,
54,B,step_totals,,,,,,,,,,,,,,,,,,,,,71.30000000000008,13.5,0.1893408134642354,,,47.0,0.6591865357643751,0.0,0.0,0.008305550531671318,0.1702127659574468,0.0,0,8,15,47,27,,47,28,4.800000000000002,0.06732117812061705,6.000000000000003,0.08415147265077133,24,30,34
55,B,all_agents,,,40,30,10,0,23,7,0.3468443119603658,0.23033552390899736,0.9407508433033547,0.05904172125796311,363,30,0.75,50,4.54,1.6,31.125,2006,,,,,,,,,,,,,,,,,,,,,,,,,,,
55,B,participants_only,,,30,30,0,0,23,7,0.3995443660647835,0.2607189216029605,0.9407508433033547,0.0671979149754174,363,30,1.0,50,4.54,1.6,24.833333333333332,2006,,,,,,,,,,,,,,,,,,,,,,,,,,,
55,B,nonparticipants_only,,,10,0,10,0,0,0,0.1887441496471126,0.17905797101477405,0.32230814459499474,0.0012455916742975773,0,0,0.0,0,0.0,0.0,50.0,0,,,,,,,,,,,,,,,,,,,,,,,,,,,
55,B,step_totals,,,,,,,,,,,,,,,,,,,,,73.80000000000007,11.0,0.14905149051490502,,,53.0,0.7181571815718151,0.0,0.0,0.008661137234568192,0.20754716981132076,0.0,0,11,21,20,22,,53,27,3.800000000000001,0.05149051490514902,6.000000000000003,0.08130081300813004,19,30,38
56,B,all_agents,,,40,30,10,0,23,7,0.3483639085183748,0.2297298297318797,0.9431208095712205,0.05976980313211291,370,30,0.75,50,4.54,1.6,31.275,2047,,,,,,,,,,,,,,,,,,,,,,,,,,,
56,B,participants_only,,,30,30,0,0,23,7,0.40137785534086334,0.2594153269949456,0.9431208095712205,0.0680512419491079,370,30,1.0,50,4.54,1.6,25.033333333333335,2047,,,,,,,,,,,,,,,,,,,,,,,,,,,
56,B,nonparticipants_only,,,10,0,10,0,0,0,0.18932206805090915,0.17879473502133647,0.32069660387201976,0.0011997439887562237,0,0,0.0,0,0.0,0.0,50.0,0,,,,,,,,,,,,,,,,,,,,,,,,,,,
56,B,step_totals,,,,,,,,,,,,,,,,,,,,,70.60000000000008,13.0,0.18413597733711026,,,47.0,0.6657223796033986,0.0,0.0,0.008201233967495131,0.14893617021276595,0.0,0,7,16,47,26,,47,28,4.600000000000001,0.06515580736543904,6.000000000000003,0.08498583569405094,23,30,34
57,B,all_agents,,,40,30,10,0,23,7,0.3499829997116599,0.23080113267313604,0.9453959771883717,0.06064027200035098,378,30,0.75,50,4.54,1.6,31.125,2090,,,,,,,,,,,,,,,,,,,,,,,,,,,
57,B,participants_only,,,30,30,0,0,23,7,0.4033453166323786,0.25852372835405046,0.9453959771883717,0.06907809606960937,378,30,1.0,50,4.54,1.6,24.833333333333332,2090,,,,,,,,,,,,,,,,,,,,,,,,,,,
57,B,nonparticipants_only,,,10,0,10,0,0,0,0.18989604894950404,0.1787948989144223,0.3190931208526597,0.0011563573868092212,0,0,0.0,0,0.0,0.0,50.0,0,,,,,,,,,,,,,,,,,,,,,,,,,,,
57,B,step_totals,,,,,,,,,,,,,,,,,,,,,73.10000000000007,10.5,0.14363885088919276,,,53.0,0.7250341997264016,0.0,0.0,0.008076235406505119,0.1509433962264151,0.0,0,8,22,19,21,,53,28,3.600000000000001,0.04924760601915182,6.000000000000003,0.08207934336525304,18,30,38
58,B,all_agents,,,40,30,10,0,23,7,0.35136619730422664,0.23015978277541027,0.9475801381008367,0.061307903889372774,382,30,0.75,50,4.54,1.6,31.275,2130,,,,,,,,,,,,,,,,,,,,,,,,,,,
58,B,participants_only,,,30,30,0,0,23,7,0.4049994334763672,0.25723110971228025,0.9475801381008367,0.06986639534948601,382,30,1.0,50,4.54,1.6,25.033333333333335,2130,,,,,,,,,,,,,,,,,,,,,,,,,,,
58,B,nonparticipants_only,,,10,0,10,0,0,0,0.19046648878780476,0.17989052948859124,0.31749765524839635,0.0011141412414737272,0,0,0.0,0,0.0,0.0,50.0,0,,,,,,,,,,,,,,,,,,,,,,,,,,,
58,B,step_totals,,,,,,,,,,,,,,,,,,,,,70.60000000000008,13.0,0.18413597733711026,,,47.0,0.6657223796033986,0.0,0.0,0.0077561995579458025,0.0851063829787234,0.0,0,4,16,47,26,,47,28,4.600000000000001,0.06515580736543904,6.000000000000003,0.08498583569405094,23,30,34
59,B,all_agents,,,40,30,10,0,23,7,0.35286812098350767,0.22975036469672724,0.9496769325768033,0.06219676050146801,388,30,0.75,50,4.54,1.6,31.125,2174,,,,,,,,,,,,,,,,,,,,,,,,,,,
59,B,participants_only,,,30,30,0,0,23,7,0.4068131185796462,0.25602504004394255,0.9496769325768033,0.07093073805903372,388,30,1.0,50,4.54,1.6,24.833333333333332,2174,,,,,,,,,,,,,,,,,,,,,,,,,,,
59,B,nonparticipants_only,,,10,0,10,0,0,0,0.1910331281950923,0.1824305934254708,0.31591016697215435,0.0010740746410022655,0,0,0.0,0,0.0,0.0,50.0,0,,,,,,,,,,,,,,,,,,,,,,,,,,,
59,B,step_totals,,,,,,,,,,,,,,,,,,,,,72.10000000000005,9.5,0.131761442441054,,,53.0,0.7350901525658802,0.0,0.0,0.007844379446968816,0.11320754716981132,0.0,0,6,22,18,19,,53,26,3.600000000000001,0.04993065187239942,6.000000000000003,0.08321775312066572,18,30,37
60,B,all_agents,,,40,30,10,0,23,7,0.35431535416641097,0.22885111188625545,0.9516898552737312,0.06289020463951027,393,30,0.75,50,4.54,1.6,31.275,2217,,,,,,,,,,,,,,,,,,,,,,,,,,,
60,B,participants_only,,,30,30,0,0,23,7,0.408555129824645,0.2547449148437228,0.9516898552737312,0.07174047923442023,393,30,1.0,50,4.54,1.6,25.033333333333335,2217,,,,,,,,,,,,,,,,,,,,,,,,,,,
60,B,nonparticipants_only,,,10,0,10,0,0,0,0.19159602719170907,0.18345699594825518,0.3143306161372936,0.001035941693313762,0,0,0.0,0,0.0,0.0,50.0,0,,,,,,,,,,,,,,,,,,,,,,,,,,,
60,B,step_totals,,,,,,,,,,,,,,,,,,,,,70.80000000000007,13.0,0.18361581920903938,,,47.0,0.6638418079096039,0.0,0.0,0.007969651815470331,0.10638297872340426,0.0,0,5,15,47,26,,47,28,4.800000000000002,0.06779661016949148,6.000000000000003,0.08474576271186436,24,30,33
60,B,reachability,0.25,0.0,,,,,,,,,,,,,,,,,,,,,,,,,,,,,,,,,,,,,,,,,,,,,
61,B,all_agents,,,40,30,10,0,23,7,0.3559281533652544,0.22949687631450694,0.9536222610627819,0.06380847641250335,399,30,0.75,50,4.54,1.6,31.125,2264,,,,,,,,,,,,,,,,,,,,,,,,,,,
61,B,participants_only,,,30,30,0,0,23,7,0.4105191371408607,0.25347119026950415,0.9536222610627819,0.07282399881652797,399,30,1.0,50,4.54,1.6,24.833333333333332,2264,,,,,,,,,,,,,,,,,,,,,,,,,,,
61,B,nonparticipants_only,,,10,0,10,0,0,0,0.19215520203843572,0.18293696814938593,0.3127589630566071,0.0009998030853674517,0,0,0.0,0,0.0,0.0,50.0,0,,,,,,,,,,,,,,,,,,,,,,,,,,,
61,B,step_totals,,,,,,,,,,,,,,,,,,,,,72.10000000000007,9.5,0.13176144244105398,,,53.0,0.7350901525658801,0.0,0.0,0.008228057745776732,0.11320754716981132,0.0,0,6,22,18,19,,53,26,3.600000000000001,0.049930651872399416,6.000000000000003,0.0832177531206657,18,30,37
62,B,all_agents,,,40,30,10,0,23,7,0.3574247171316696,0.2292649814722449,0.9554773706202706,0.06444182252528172,403,30,0.75,50,4.54,1.6,31.275,2308,,,,,,,,,,,,,,,,,,,,,,,,,,,
62,B,participants_only,,,30,30,0,0,23,7,0.41232928851670503,0.2522038343181567,0.9554773706202706,0.07354290100344331,403,30,1.0,50,4.54,1.6,25.033333333333335,2308,,,,,,,,,,,,,,,,,,,,,,,,,,,
62,B,nonparticipants_only,,,10,0,10,0,0,0,0.19271100297656335,0.18271810805698419,0.3111951682413241,0.0009644435831035372,0,0,0.0,0,0.0,0.0,50.0,0,,,,,,,,,,,,,,,,,,,,,,,,,,,
62,B,step_totals,,,,,,,,,,,,,,,,,,,,,70.60000000000007,13.0,0.18413597733711032,,,47.0,0.6657223796033989,0.0,0.0,0.008180533937545864,0.0851063829787234,0.0,0,4,16,47,26,,47,28,4.600000000000001,0.06515580736543905,6.000000000000003,0.08498583569405095,23,30,33
63,B,all_agents,,,40,30,10,0,23,7,0.3589534139018397,0.22961867311330392,0.9572582757954597,0.06533505464143728,412,30,0.75,50,4.54,1.6,31.125,2355,,,,,,,,,,,,,,,,,,,,,,,,,,,
63,B,participants_only,,,30,30,0,0,23,7,0.41418370662358656,0.2509428151465659,0.9572582757954597,0.07460081570953711,412,30,1.0,50,4.54,1.6,24.833333333333332,2355,,,,,,,,,,,,,,,,,,,,,,,,,,,
63,B,nonparticipants_only,,,10,0,10,0,0,0,0.19326253573659932,0.1824766797116586,0.30963919240011745,0.0009331486275797553,0,0,0.0,0,0.0,0.0,50.0,0,,,,,,,,,,,,,,,,,,,,,,,,,,,
63,B,step_totals,,,,,,,,,,,,,,,,,,,,,72.10000000000007,9.5,0.13176144244105398,,,53.0,0.7350901525658801,0.0,0.0,0.007963848517073529,0.16981132075471697,0.0,0,9,22,17,19,,53,26,3.600000000000001,0.049930651872399416,6.000000000000003,0.0832177531206657,18,30,37
64,B,all_agents,,,40,30,10,0,23,7,0.36036138235635534,0.22888573479772742,0.9589679447636413,0.06600052054038932,420,30,0.75,50,4.54,1.6,31.275,2400,,,,,,,,,,,,,,,,,,,,,,,,,,,
64,B,participants_only,,,30,30,0,0,23,7,0.4158782378564626,0.24968810107083306,0.9589679447636413,0.07537144283496289,420,30,1.0,50,4.54,1.6,25.033333333333335,2400,,,,,,,,,,,,,,,,,,,,,,,,,,,
64,B,nonparticipants_only,,,10,0,10,0,0,0,0.19381081585603352,0.18353450693948564,0.3080909964381169,0.000902298721231121,0,0,0.0,0,0.0,0.0,50.0,0,,,,,,,,,,,,,,,,,,,,,,,,,,,
64,B,step_totals,,,,,,,,,,,,,,,,,,,,,70.30000000000008,12.5,0.17780938833570392,,,47.0,0.6685633001422467,0.0,0.0,0.007943222909055787,0.1702127659574468,0.0,0,8,15,46,25,,47,27,4.800000000000002,0.06827880512091032,6.000000000000003,0.08534850640113792,24,30,32
65,B,all_agents,,,40,30,10,0,23,7,0.3618957750841189,0.22942817504716545,0.9606092269730957,0.06688606705172752,428,30,0.75,50,4.54,1.6,31.125,2449,,,,,,,,,,,,,,,,,,,,,,,,,,,
65,B,participants_only,,,30,30,0,0,23,7,0.4177424582547741,0.24961118564196305,0.9606092269730957,0.07641522676495296,428,30,1.0,50,4.54,1.6,24.833333333333332,2449,,,,,,,,,,,,,,,,,,,,,,,,,,,
65,B,nonparticipants_only,,,10,0,10,0,0,0,0.19435572557215355,0.1857115938075019,0.3065505414559263,0.0008723636580887756,0,0,0.0,0,0.0,0.0,50.0,0,,,,,,,,,,,,,,,,,,,,,,,,,,,
65,B,step_totals,,,,,,,,,,,,,,,,,,,,,72.10000000000005,9.5,0.131761442441054,,,53.0,0.7350901525658802,0.0,0.0,0.00799952300120692,0.1509433962264151,0.0,0,8,22,17,19,,53,26,3.600000000000001,0.04993065187239942,6.000000000000003,0.08321775312066572,18,30,36
66,B,all_agents,,,40,30,10,0,23,7,0.3631809018041671,0.22913299142825477,0.9621848578941719,0.06749632628002125,433,30,0.75,50,4.54,1.6,31.275,2493,,,,,,,,,,,,,,,,,,,,,,,,,,,
66,B,participants_only,,,30,30,0,0,23,7,0.41927552773753557,0.24836312971375324,0.9621848578941719,0.07712724433877405,433,30,1.0,50,4.54,1.6,25.033333333333335,2493,,,,,,,,,,,,,,,,,,,,,,,,,,,
66,B,nonparticipants_only,,,10,0,10,0,0,0,0.19489702400406186,0.18576867579602915,0.30501778874864666,0.0008442874005085454,0,0,0.0,0,0.0,0.0,50.0,0,,,,,,,,,,,,,,,,,,,,,,,,,,,
66,B,step_totals,,,,,,,,,,,,,,,,,,,,,70.10000000000008,12.5,0.1783166904422252,,,47.0,0.6704707560627667,0.0,0.0,0.007564844507985311,0.10638297872340426,0.0,0,5,16,46,25,,47,27,4.600000000000001,0.06562054208273889,6.000000000000003,0.08559201141226813,23,30,32
67,B,all_agents,,,40,30,10,0,22,8,0.36442603648574745,0.2290987525208601,0.963697463578405,0.0682772979441199,439,30,0.75,50,4.54,1.6,31.125,2538,,,,,,,,,,,,,,,,,,,,,,,,,,,
67,B,participants_only,,,30,30,0,0,22,8,0.42075641549557086,0.24857781087544303,0.963697463578405,0.07807146570737986,439,30,1.0,50,4.54,1.6,24.833333333333332,2538,,,,,,,,,,,,,,,,,,,,,,,,,,,
67,B,nonparticipants_only,,,10,0,10,0,0,0,0.1954348994562773,0.18600230683528712,0.3034926998049034,0.0008174554616557745,0,0,0.0,0,0.0,0.0,50.0,0,,,,,,,,,,,,,,,,,,,,,,,,,,,
67,B,step_totals,,,,,,,,,,,,,,,,,,,,,72.10000000000007,9.5,0.13176144244105398,,,53.0,0.7350901525658801,0.0,0.0,0.007050921178408069,0.11320754716981132,0.0,0,6,22,17,19,,53,25,3.600000000000001,0.049930651872399416,6.000000000000003,0.0832177531206657,18,30,36
68,B,all_agents,,,40,30,10,0,23,7,0.36561126019245194,0.22857429109244648,0.9651495650352688,0.06886206694181289,445,30,0.75,50,4.54,1.6,31.275,2581,,,,,,,,,,,,,,,,,,,,,,,,,,,
68,B,participants_only,,,30,30,0,0,23,7,0.42215863738222387,0.2473349218210658,0.9651495650352688,0.07876140797657263,445,30,1.0,50,4.54,1.6,25.033333333333335,2581,,,,,,,,,,,,,,,,,,,,,,,,,,,
68,B,nonparticipants_only,,,10,0,10,0,0,0,0.19596912862313615,0.18549503532026734,0.30197523630587886,0.0007927734330256234,0,0,0.0,0,0.0,0.0,50.0,0,,,,,,,,,,,,,,,,,,,,,,,,,,,
68,B,step_totals,,,,,,,,,,,,,,,,,,,,,69.80000000000007,12.0,0.1719197707736388,,,47.0,0.6733524355300853,0.0,0.0,0.007286872967979476,0.1276595744680851,0.0,0,6,16,46,24,,47,27,4.800000000000002,0.06876790830945555,6.000000000000003,0.08595988538681944,24,30,30
69,B,all_agents,,,40,30,10,0,22,8,0.3669392800864156,0.23062394619888293,0.9665435824338581,0.06966320469780425,454,30,0.75,50,4.54,1.6,31.125,2626,,,,,,,,,,,,,,,,,,,,,,,,,,,
69,B,participants_only,,,30,30,0,0,22,8,0.4237523107555911,0.2489722883865171,0.9665435824338581,0.0797172131302731,454,30,1.0,50,4.54,1.6,24.833333333333332,2626,,,,,,,,,,,,,,,,,,,,,,,,,,,
69,B,nonparticipants_only,,,10,0,10,0,0,0,0.1965001880788891,0.18544136452709165,0.3004653601243495,0.000768533954597607,0,0,0.0,0,0.0,0.0,50.0,0,,,,,,,,,,,,,,,,,,,,,,,,,,,
69,B,step_totals,,,,,,,,,,,,,,,,,,,,,72.10000000000007,9.5,0.13176144244105398,,,53.0,0.7350901525658801,0.0,0.0,0.007339908884433399,0.16981132075471697,0.0,0,9,22,17,19,,53,25,3.600000000000001,0.049930651872399416,6.000000000000003,0.0832177531206657,18,30,36
70,B,all_agents,,,40,30,10,0,22,8,0.36814017206035954,0.23018792677705036,0.9678818391365037,0.07023612829092364,461,30,0.75,50,4.54,1.6,31.275,2671,,,,,,,,,,,,,,,,,,,,,,,,,,,
70,B,participants_only,,,30,30,0,0,22,8,0.4251774514284119,0.24772742694458452,0.9678818391365037,0.08038720443363562,461,30,1.0,50,4.54,1.6,25.033333333333335,2671,,,,,,,,,,,,,,,,,,,,,,,,,,,
70,B,nonparticipants_only,,,10,0,10,0,0,0,0.19702833395620264,0.1871138050740976,0.29896303332372776,0.000743885010276777,0,0,0.0,0,0.0,0.0,50.0,0,,,,,,,,,,,,,,,,,,,,,,,,,,,
70,B,step_totals,,,,,,,,,,,,,,,,,,,,,69.80000000000008,12.0,0.17191977077363876,,,47.0,0.6733524355300852,0.0,0.0,0.007358355271851107,0.14893617021276595,0.0,0,7,16,46,24,,47,27,4.800000000000002,0.06876790830945553,6.000000000000003,0.08595988538681942,24,30,30
70,B,reachability,0.25,0.0,,,,,,,,,,,,,,,,,,,,,,,,,,,,,,,,,,,,,,,,,,,,,
71,B,all_agents,,,40,30,10,0,22,8,0.3693731703232872,0.22986836382387915,0.9691665655710435,0.07102124120936966,466,30,0.75,50,4.54,1.6,31.125,2718,,,,,,,,,,,,,,,,,,,,,,,,,,,
71,B,participants_only,,,30,30,0,0,22,8,0.4266466564997359,0.2495945436210722,0.9691665655710435,0.08133333201800377,466,30,1.0,50,4.54,1.6,24.833333333333332,2718,,,,,,,,,,,,,,,,,,,,,,,,,,,
71,B,nonparticipants_only,,,10,0,10,0,0,0,0.19755271179394124,0.18907796469726937,0.2974682181571091,0.0007219421578210518,0,0,0.0,0,0.0,0.0,50.0,0,,,,,,,,,,,,,,,,,,,,,,,,,,,
71,B,step_totals,,,,,,,,,,,,,,,,,,,,,71.90000000000006,9.5,0.1321279554937412,,,53.0,0.7371349095966614,0.0,0.0,0.007057598335387612,0.09433962264150944,0.0,0,5,22,16,19,,53,24,3.400000000000001,0.047287899860917915,6.000000000000003,0.08344923504867868,17,30,35
72,B,all_agents,,,40,30,10,0,22,8,0.37041299978591463,0.22959015538655347,0.9703999029482018,0.07157162572627368,475,30,0.75,50,4.54,1.6,31.275,2762,,,,,,,,,,,,,,,,,,,,,,,,,,,
72,B,participants_only,,,30,30,0,0,22,8,0.42785928685248237,0.24834657090296686,0.9703999029482018,0.08199525851013988,475,30,1.0,50,4.54,1.6,25.033333333333335,2762,,,,,,,,,,,,,,,,,,,,,,,,,,,
72,B,nonparticipants_only,,,10,0,10,0,0,0,0.19807413858621153,0.18926573007805947,0.2959808770663236,0.0006998166018610233,0,0,0.0,0,0.0,0.0,50.0,0,,,,,,,,,,,,,,,,,,,,,,,,,,,
72,B,step_totals,,,,,,,,,,,,,,,,,,,,,68.90000000000006,11.5,0.16690856313497807,,,47.0,0.682148040638606,0.0,0.0,0.006924636284805946,0.19148936170212766,0.0,0,9,17,43,23,,47,26,4.400000000000001,0.0638606676342525,6.000000000000003,0.08708272859216251,22,30,30
73,B,all_agents,,,40,30,10,0,22,8,0.37169931674249207,0.2309369468562833,0.9715839068302737,0.07236829612568486,487,30,0.75,50,4.54,1.6,31.125,2811,,,,,,,,,,,,,,,,,,,,,,,,,,,
73,B,participants_only,,,30,30,0,0,22,8,0.42940161002607696,0.24995107310894066,0.9715839068302737,0.08294676034697179,487,30,1.0,50,4.54,1.6,24.833333333333332,2811,,,,,,,,,,,,,,,,,,,,,,,,,,,
73,B,nonparticipants_only,,,10,0,10,0,0,0,0.19859243689173742,0.18941065451884215,0.29450097268099196,0.0006782476596059651,0,0,0.0,0,0.0,0.0,50.0,0,,,,,,,,,,,,,,,,,,,,,,,,,,,
73,B,step_totals,,,,,,,,,,,,,,,,,,,,,71.90000000000006,9.5,0.1321279554937412,,,53.0,0.7371349095966614,0.0,0.0,0.007248333794692603,0.22641509433962265,0.0,0,12,22,16,19,,53,23,3.400000000000001,0.047287899860917915,6.000000000000003,0.08344923504867868,17,30,34
74,B,all_agents,,,40,30,10,0,22,8,0.37252809237461765,0.22978226212200187,0.9727205505570627,0.07285045428518053,497,30,0.75,51,5.882352941176471,1.607843137254902,31.275,2851,,,,,,,,,,,,,,,,,,,,,,,,,,,
74,B,participants_only,,,30,30,0,0,22,8,0.4303350019547627,0.248701317743396,0.9727205505570627,0.08354799339157486,497,30,1.0,51,5.882352941176471,1.607843137254902,25.033333333333335,2851,,,,,,,,,,,,,,,,,,,,,,,,,,,
74,B,nonparticipants_only,,,10,0,10,0,0,0,0.19910736363418266,0.18942186655815996,0.293028467817587,0.0006581714235128485,0,0,0.0,0,0.0,0.0,50.0,0,,,,,,,,,,,,,,,,,,,,,,,,,,,
74,B,step_totals,,,,,,,,,,,,,,,,,,,,,68.90000000000006,11.5,0.16690856313497807,,,47.0,0.682148040638606,0.0,0.0,0.006206184249490287,0.19148936170212766,0.0961538461538462,1,9,17,43,23,,47,26,4.400000000000001,0.0638606676342525,6.000000000000003,0.08708272859216251,22,30,30
75,B,all_agents,,,40,30,10,0,22,8,0.37373109821461586,0.22978598366808153,0.9738117285347803,0.07363623344955005,503,30,0.75,51,5.882352941176471,1.607843137254902,31.125,2900,,,,,,,,,,,,,,,,,,,,,,,,,,,
75,B,participants_only,,,30,30,0,0,22,8,0.4317683980178717,0.2503319396727422,0.9738117285347803,0.08449545627268475,503,30,1.0,51,5.882352941176471,1.607843137254902,24.833333333333332,2900,,,,,,,,,,,,,,,,,,,,,,,,,,,
75,B,nonparticipants_only,,,10,0,10,0,0,0,0.19961919880484824,0.18992125471577448,0.29156332547849906,0.000638626958709936,0,0,0.0,0,0.0,0.0,50.0,0,,,,,,,,,,,,,,,,,,,,,,,,,,,
75,B,step_totals,,,,,,,,,,,,,,,,,,,,,72.10000000000007,9.5,0.13176144244105398,,,53.0,0.7350901525658801,0.0,0.0,0.0069595465233751415,0.11320754716981132,0.0,0,6,22,16,19,,53,23,3.600000000000001,0.049930651872399416,6.000000000000003,0.0832177531206657,18,30,34
76,B,all_agents,,,40,30,10,0,22,8,0.37476458058366563,0.2307897262743983,0.974859259393389,0.07412449003382471,507,30,0.75,51,5.882352941176471,1.607843137254902,31.275,2944,,,,,,,,,,,,,,,,,,,,,,,,,,,
76,B,participants_only,,,30,30,0,0,22,8,0.4329769032542339,0.24908027997437848,0.974859259393389,0.08507101002731135,507,30,1.0,51,5.882352941176471,1.607843137254902,25.033333333333335,2944,,,,,,,,,,,,,,,,,,,,,,,,,,,
76,B,nonparticipants_only,,,10,0,10,0,0,0,0.2001276125719608,0.19135641755120134,0.2901055088511066,0.0006208359249364959,0,0,0.0,0,0.0,0.0,50.0,0,,,,,,,,,,,,,,,,,,,,,,,,,,,
76,B,step_totals,,,,,,,,,,,,,,,,,,,,,68.90000000000005,11.5,0.16690856313497812,,,47.0,0.6821480406386062,0.0,0.0,0.00693541141590635,0.0851063829787234,0.0,0,4,17,43,23,,47,26,4.400000000000001,0.06386066763425251,6.000000000000003,0.08708272859216253,22,30,29
77,B,all_agents,,,40,30,10,0,22,8,0.37578148877361717,0.23035839092829077,0.9758648890176534,0.07481228548615013,513,30,0.75,51,5.882352941176471,1.607843137254902,31.125,2990,,,,,,,,,,,,,,,,,,,,,,,,,,,
77,B,participants_only,,,30,30,0,0,22,8,0.4341642556246183,0.25093272477794937,0.9758648890176534,0.08591461498798622,513,30,1.0,51,5.882352941176471,1.607843137254902,24.833333333333332,2990,,,,,,,,,,,,,,,,,,,,,,,,,,,
77,B,nonparticipants_only,,,10,0,10,0,0,0,0.20063318822061385,0.1925464948380341,0.2886549813068511,0.0006027273985016141,0,0,0.0,0,0.0,0.0,50.0,0,,,,,,,,,,,,,,,,,,,,,,,,,,,
77,B,step_totals,,,,,,,,,,,,,,,,,,,,,72.10000000000008,9.5,0.13176144244105395,,,53.0,0.73509015256588,0.0,0.0,0.006353135880116006,0.11320754716981132,0.0,0,6,22,16,19,,53,21,3.600000000000001,0.0499306518723994,6.000000000000003,0.08321775312066569,18,30,32
78,B,all_agents,,,40,30,10,0,22,8,0.3767320333175585,0.22975679030240748,0.9768302934569473,0.07530218066298959,516,30,0.75,51,5.882352941176471,1.607843137254902,31.275,3035,,,,,,,,,,,,,,,,,,,,,,,,,,,
78,B,participants_only,,,30,30,0,0,22,8,0.43526406903109593,0.24967806115405966,0.9768302934569473,0.0865041099812062,516,30,1.0,51,5.882352941176471,1.607843137254902,25.033333333333335,3035,,,,,,,,,,,,,,,,,,,,,,,,,,,
78,B,nonparticipants_only,,,10,0,10,0,0,0,0.20113592617694653,0.1933268035759651,0.28721170640031685,0.0005844022510900716,0,0,0.0,0,0.0,0.0,50.0,0,,,,,,,,,,,,,,,,,,,,,,,,,,,
78,B,step_totals,,,,,,,,,,,,,,,,,,,,,68.90000000000006,11.5,0.16690856313497807,,,47.0,0.682148040638606,0.0,0.0,0.006659465995740179,0.06382978723404255,0.0,0,3,17,43,23,,47,26,4.400000000000001,0.0638606676342525,6.000000000000003,0.08708272859216251,22,30,29
79,B,all_agents,,,40,30,10,0,22,8,0.377798312715733,0.22952471981331696,0.9777570817186694,0.07605029966323192,524,30,0.75,51,5.882352941176471,1.607843137254902,31.125,3084,,,,,,,,,,,,,,,,,,,,,,,,,,,
79,B,participants_only,,,30,30,0,0,22,8,0.43651920843109193,0.2512769526670593,0.9777570817186694,0.08741893942719013,524,30,1.0,51,5.882352941176471,1.607843137254902,24.833333333333332,3084,,,,,,,,,,,,,,,,,,,,,,,,,,,
79,B,nonparticipants_only,,,10,0,10,0,0,0,0.20163562556965625,0.19319450409723213,0.2857756478683153,0.0005666572479885771,0,0,0.0,0,0.0,0.0,50.0,0,,,,,,,,,,,,,,,,,,,,,,,,,,,
79,B,step_totals,,,,,,,,,,,,,,,,,,,,,71.60000000000007,9.0,0.12569832402234626,,,53.0,0.7402234636871502,0.0,0.0,0.006590320776418422,0.1509433962264151,0.0,0,8,22,16,18,,53,21,3.600000000000001,0.050279329608938515,6.000000000000003,0.08379888268156421,18,30,30
80,B,all_agents,,,40,30,10,0,22,8,0.3786672902449155,0.22927407310651426,0.9786467984499226,0.07648424027420903,532,30,0.75,51,5.882352941176471,1.607843137254902,31.275,3127,,,,,,,,,,,,,,,,,,,,,,,,,,,
80,B,participants_only,,,30,30,0,0,22,8,0.43751235306612596,0.250020567903724,0.9786467984499226,0.08794461103923704,532,30,1.0,51,5.882352941176471,1.607843137254902,25.033333333333335,3127,,,,,,,,,,,,,,,,,,,,,,,,,,,
80,B,nonparticipants_only,,,10,0,10,0,0,0,0.2021321017812842,0.1932658980693301,0.2843467696289737,0.0005502309579385819,0,0,0.0,0,0.0,0.0,50.0,0,,,,,,,,,,,,,,,,,,,,,,,,,,,
80,B,step_totals,,,,,,,,,,,,,,,,,,,,,68.90000000000006,11.5,0.16690856313497807,,,47.0,0.682148040638606,0.0,0.0,0.006390001821629666,0.1702127659574468,0.0,0,8,17,43,23,,47,26,4.400000000000001,0.0638606676342525,6.000000000000003,0.08708272859216251,22,30,28
80,B,reachability,0.25,0.0,,,,,,,,,,,,,,,,,,,,,,,,,,,,,,,,,,,,,,,,,,,,,
81,B,all_agents,,,40,30,10,0,22,8,0.37979786460396997,0.22878330845155315,0.9795009265119258,0.07729068284204163,537,30,0.75,51,5.882352941176471,1.607843137254902,31.125,3179,,,,,,,,,,,,,,,,,,,,,,,,,,,
81,B,participants_only,,,30,30,0,0,22,8,0.43885544984669395,0.24877046506420541,0.9795009265119258,0.08892437997556533,537,30,1.0,51,5.882352941176471,1.607843137254902,24.833333333333332,3179,,,,,,,,,,,,,,,,,,,,,,,,,,,
81,B,nonparticipants_only,,,10,0,10,0,0,0,0.20262510887579807,0.19420586336850004,0.28292503578082884,0.0005360109450512403,0,0,0.0,0,0.0,0.0,50.0,0,,,,,,,,,,,,,,,,,,,,,,,,,,,
81,B,step_totals,,,,,,,,,,,,,,,,,,,,,71.10000000000007,8.5,0.11954992967651185,,,53.0,0.7454289732770738,0.0,0.0,0.006880866142611033,0.09433962264150944,0.0,0,5,23,16,17,,53,21,3.600000000000001,0.05063291139240503,6.000000000000003,0.0843881856540084,18,30,29
82,B,all_agents,,,40,30,10,0,22,8,0.38062971223095876,0.2285224413547205,0.9803208894514488,0.0777335236410434,547,30,0.75,51,5.882352941176471,1.607843137254902,31.275,3222,,,,,,,,,,,,,,,,,,,,,,,,,,,
82,B,participants_only,,,30,30,0,0,22,8,0.4398011475599555,0.24752661273888438,0.9803208894514488,0.0894658877644636,547,30,1.0,51,5.882352941176471,1.607843137254902,25.033333333333335,3222,,,,,,,,,,,,,,,,,,,,,,,,,,,
82,B,nonparticipants_only,,,10,0,10,0,0,0,0.2031154062439688,0.1960717940654242,0.28151041060192467,0.000521326164059217,0,0,0.0,0,0.0,0.0,50.0,0,,,,,,,,,,,,,,,,,,,,,,,,,,,
82,B,step_totals,,,,,,,,,,,,,,,,,,,,,68.90000000000006,11.5,0.16690856313497807,,,47.0,0.682148040638606,0.0,0.0,0.0062759854811868495,0.2127659574468085,0.0,0,10,17,43,23,,47,26,4.400000000000001,0.0638606676342525,6.000000000000003,0.08708272859216251,22,30,28
83,B,all_agents,,,40,30,10,0,22,8,0.38172980915462146,0.22811477559309107,0.9811080538733908,0.07850165059419895,554,30,0.75,51,5.882352941176471,1.607843137254902,31.125,3274,,,,,,,,,,,,,,,,,,,,,,,,,,,
83,B,participants_only,,,30,30,0,0,22,8,0.44110541686908195,0.24628897967518995,0.9811080538733908,0.09039826372187423,554,30,1.0,51,5.882352941176471,1.607843137254902,24.833333333333332,3274,,,,,,,,,,,,,,,,,,,,,,,,,,,
83,B,nonparticipants_only,,,10,0,10,0,0,0,0.20360298601123994,0.19602552657687694,0.28010285854891503,0.0005062577136350553,0,0,0.0,0,0.0,0.0,50.0,0,,,,,,,,,,,,,,,,,,,,,,,,,,,
83,B,step_totals,,,,,,,,,,,,,,,,,,,,,70.90000000000005,8.5,0.11988716502115648,,,53.0,0.7475317348377992,0.0,0.0,0.006807035510862591,0.1320754716981132,0.0,0,7,23,16,17,,53,21,3.400000000000001,0.047954866008462604,6.000000000000003,0.08462623413258108,17,30,27
84,B,all_agents,,,40,30,10,0,22,8,0.38252231441424733,0.2272277331913556,0.9818637317184552,0.07892536021403153,561,30,0.75,51,5.882352941176471,1.607843137254902,31.275,3318,,,,,,,,,,,,,,,,,,,,,,,,,,,
84,B,participants_only,,,30,30,0,0,22,8,0.4420004823663017,0.245057534776814,0.9818637317184552,0.09091953084330825,561,30,1.0,51,5.882352941176471,1.607843137254902,25.033333333333335,3318,,,,,,,,,,,,,,,,,,,,,,,,,,,
84,B,nonparticipants_only,,,10,0,10,0,0,0,0.20408781055808425,0.1967267884326434,0.27870234425617046,0.0004910187710079124,0,0,0.0,0,0.0,0.0,50.0,0,,,,,,,,,,,,,,,,,,,,,,,,,,,
84,B,step_totals,,,,,,,,,,,,,,,,,,,,,68.90000000000006,11.5,0.16690856313497807,,,47.0,0.682148040638606,0.0,0.0,0.006155240874386405,0.14893617021276595,0.0,0,7,17,43,23,,47,26,4.400000000000001,0.0638606676342525,6.000000000000003,0.08708272859216251,22,30,28
85,B,all_agents,,,40,30,10,0,22,8,0.3834479993883441,0.22771025056154492,0.982589182449717,0.07964887473533068,569,30,0.75,51,5.882352941176471,1.607843137254902,31.125,3368,,,,,,,,,,,,,,,,,,,,,,,,,,,
85,B,participants_only,,,30,30,0,0,22,8,0.4430740882258876,0.24393413502662248,0.982589182449717,0.09181867636759315,569,30,1.0,51,5.882352941176471,1.607843137254902,24.833333333333332,3368,,,,,,,,,,,,,,,,,,,,,,,,,,,
85,B,nonparticipants_only,,,10,0,10,0,0,0,0.20456973287571364,0.19683899543390154,0.27730883253488964,0.00047622419779171934,0,0,0.0,0,0.0,0.0,50.0,0,,,,,,,,,,,,,,,,,,,,,,,,,,,
85,B,step_totals,,,,,,,,,,,,,,,,,,,,,70.90000000000006,8.5,0.11988716502115646,,,53.0,0.7475317348377991,0.0,0.0,0.006225963533080732,0.1509433962264151,0.0,0,8,23,16,17,,53,21,3.400000000000001,0.04795486600846259,6.000000000000003,0.08462623413258107,17,30,27
86,B,all_agents,,,40,30,10,0,22,8,0.3842746204322103,0.2283087220254169,0.9832856151517284,0.0800699500934374,576,30,0.75,51,5.882352941176471,1.607843137254902,31.275,3414,,,,,,,,,,,,,,,,,,,,,,,,,,,
86,B,participants_only,,,30,30,0,0,22,8,0.4440168460988723,0.24271446435148936,0.9832856151517284,0.09232846219507053,576,30,1.0,51,5.882352941176471,1.607843137254902,25.033333333333335,3414,,,,,,,,,,,,,,,,,,,,,,,,,,,
86,B,nonparticipants_only,,,10,0,10,0,0,0,0.20504794343222404,0.19707064048444406,0.27592228837221516,0.00046481145726146023,0,0,0.0,0,0.0,0.0,50.0,0,,,,,,,,,,,,,,,,,,,,,,,,,,,
86,B,step_totals,,,,,,,,,,,,,,,,,,,,,68.90000000000006,11.5,0.16690856313497807,,,47.0,0.682148040638606,0.0,0.0,0.006285461799613074,0.14893617021276595,0.0,0,7,17,43,23,,47,26,4.400000000000001,0.0638606676342525,6.000000000000003,0.08708272859216251,22,30,27
87,B,all_agents,,,40,30,10,0,22,8,0.3852157604506019,0.2274976857495865,0.9839541905456592,0.08079780081451604,586,30,0.75,51,5.882352941176471,1.607843137254902,31.125,3465,,,,,,,,,,,,,,,,,,,,,,,,,,,
87,B,participants_only,,,30,30,0,0,22,8,0.44511322039957635,0.2419369326038457,0.9839541905456592,0.09322843109703753,586,30,1.0,51,5.882352941176471,1.607843137254902,24.833333333333332,3465,,,,,,,,,,,,,,,,,,,,,,,,,,,
87,B,nonparticipants_only,,,10,0,10,0,0,0,0.2055233806036788,0.19808455789666318,0.2745426769303541,0.00045344146688369513,0,0,0.0,0,0.0,0.0,50.0,0,,,,,,,,,,,,,,,,,,,,,,,,,,,
87,B,step_totals,,,,,,,,,,,,,,,,,,,,,70.70000000000006,8.5,0.12022630834512013,,,53.0,0.749646393210749,0.0,0.0,0.006305308720612543,0.18867924528301888,0.0,0,10,23,16,17,,53,20,3.2000000000000006,0.045261669024045235,6.000000000000003,0.08486562942008483,16,30,26
88,B,all_agents,,,40,30,10,0,22,8,0.3859939837527583,0.22758350017493723,0.9845960229238329,0.08120230529767496,593,30,0.75,51,5.882352941176471,1.607843137254902,31.275,3511,,,,,,,,,,,,,,,,,,,,,,,,,,,
88,B,participants_only,,,30,30,0,0,22,8,0.4459932371779634,0.24072724794082645,0.9845960229238329,0.09372291619558272,593,30,1.0,51,5.882352941176471,1.607843137254902,25.033333333333335,3511,,,,,,,,,,,,,,,,,,,,,,,,,,,
88,B,nonparticipants_only,,,10,0,10,0,0,0,0.2059962234771427,0.19978721027086127,0.27316996354570233,0.00044154766496772697,0,0,0.0,0,0.0,0.0,50.0,0,,,,,,,,,,,,,,,,,,,,,,,,,,,
88,B,step_totals,,,,,,,,,,,,,,,,,,,,,68.90000000000008,11.5,0.16690856313497804,,,47.0,0.6821480406386059,0.0,0.0,0.006130823453434574,0.14893617021276595,0.0,0,7,17,43,23,,47,26,4.400000000000001,0.0638606676342525,6.000000000000003,0.0870827285921625,22,30,27
89,B,all_agents,,,40,30,10,0,22,8,0.3869199489581003,0.227320858336831,0.9852121820068795,0.08193458502340015,602,30,0.75,51,5.882352941176471,1.607843137254902,31.125,3563,,,,,,,,,,,,,,,,,,,,,,,,,,,
89,B,participants_only,,,30,30,0,0,22,8,0.44707112276198757,0.24034149532795568,0.9852121820068795,0.09463035106080159,602,30,1.0,51,5.882352941176471,1.607843137254902,24.833333333333332,3563,,,,,,,,,,,,,,,,,,,,,,,,,,,
89,B,nonparticipants_only,,,10,0,10,0,0,0,0.20646642754643824,0.1999570519350391,0.2718041137279738,0.000429322391370278,0,0,0.0,0,0.0,0.0,50.0,0,,,,,,,,,,,,,,,,,,,,,,,,,,,
89,B,step_totals,,,,,,,,,,,,,,,,,,,,,70.70000000000006,8.5,0.12022630834512013,,,53.0,0.749646393210749,0.0,0.0,0.006263879591271338,0.16981132075471697,0.0,0,9,23,16,17,,53,20,3.2000000000000006,0.045261669024045235,6.000000000000003,0.08486562942008483,16,30,26
90,B,all_agents,,,40,30,10,0,22,8,0.38760537747466145,0.22717956841969555,0.9858036947266043,0.08229078812041048,606,30,0.75,51,5.882352941176471,1.607843137254902,31.275,3607,,,,,,,,,,,,,,,,,,,,,,,,,,,
90,B,participants_only,,,30,30,0,0,22,8,0.4478291692895203,0.2393431066768692,0.9858036947266043,0.09507448959981908,606,30,1.0,51,5.882352941176471,1.607843137254902,25.033333333333335,3607,,,,,,,,,,,,,,,,,,,,,,,,,,,
90,B,nonparticipants_only,,,10,0,10,0,0,0,0.20693400203008494,0.20008396018206798,0.27044509315933396,0.00041682247547114744,0,0,0.0,0,0.0,0.0,50.0,0,,,,,,,,,,,,,,,,,,,,,,,,,,,
90,B,step_totals,,,,,,,,,,,,,,,,,,,,,68.90000000000006,11.5,0.16690856313497807,,,47.0,0.682148040638606,0.0,0.0,0.005820797690996475,0.0851063829787234,0.0,0,4,17,43,23,,47,26,4.400000000000001,0.0638606676342525,6.000000000000003,0.08708272859216251,22,30,27
90,B,reachability,0.25,0.0,,,,,,,,,,,,,,,,,,,,,,,,,,,,,,,,,,,,,,,,,,,,,
91,B,all_agents,,,40,30,10,0,22,8,0.38847732500701915,0.2272212080969998,0.9863715469375401,0.08296638134649817,618,30,0.75,51,5.882352941176471,1.607843137254902,31.125,3658,,,,,,,,,,,,,,,,,,,,,,,,,,,
91,B,participants_only,,,30,30,0,0,22,8,0.44883703586735896,0.2390222023373605,0.9863715469375401,0.09591306494624857,618,30,1.0,51,5.882352941176471,1.607843137254902,24.833333333333332,3658,,,,,,,,,,,,,,,,,,,,,,,,,,,
91,B,nonparticipants_only,,,10,0,10,0,0,0,0.2073981924259996,0.20024280568693723,0.2690928676935373,0.00040679420552104146,0,0,0.0,0,0.0,0.0,50.0,0,,,,,,,,,,,,,,,,,,,,,,,,,,,
91,B,step_totals,,,,,,,,,,,,,,,,,,,,,70.70000000000006,8.5,0.12022630834512013,,,53.0,0.749646393210749,0.0,0.0,0.006088079339871048,0.22641509433962265,0.0,0,12,23,16,17,,53,20,3.2000000000000006,0.045261669024045235,6.000000000000003,0.08486562942008483,16,30,26
92,B,all_agents,,,40,30,10,0,22,8,0.38920044757202005,0.22697686547877832,0.9869166850600385,0.08332423130902544,622,30,0.75,51,5.882352941176471,1.607843137254902,31.275,3704,,,,,,,,,,,,,,,,,,,,,,,,,,,
92,B,participants_only,,,30,30,0,0,22,8,0.4496474773977314,0.2386954687235919,0.9869166850600385,0.09635093159197627,622,30,1.0,51,5.882352941176471,1.607843137254902,25.033333333333335,3704,,,,,,,,,,,,,,,,,,,,,,,,,,,
92,B,nonparticipants_only,,,10,0,10,0,0,0,0.20785935809488607,0.2006945232261505,0.26774740335506964,0.0003980094831676817,0,0,0.0,0,0.0,0.0,50.0,0,,,,,,,,,,,,,,,,,,,,,,,,,,,
92,B,step_totals,,,,,,,,,,,,,,,,,,,,,68.90000000000008,11.5,0.16690856313497804,,,47.0,0.6821480406386059,0.0,0.0,0.005964172574374029,0.0851063829787234,0.0,0,4,17,43,23,,47,26,4.400000000000001,0.0638606676342525,6.000000000000003,0.0870827285921625,22,30,27
93,B,all_agents,,,40,30,10,0,22,8,0.38996851440663977,0.22756073329825927,0.987440017657637,0.08397512465381103,635,30,0.75,51,5.882352941176471,1.607843137254902,31.125,3753,,,,,,,,,,,,,,,,,,,,,,,,,,,
93,B,participants_only,,,30,30,0,0,22,8,0.45051873008764837,0.24013955432928225,0.987440017657637,0.09717178747527642,635,30,1.0,51,5.882352941176471,1.607843137254902,24.833333333333332,3753,,,,,,,,,,,,,,,,,,,,,,,,,,,
93,B,nonparticipants_only,,,10,0,10,0,0,0,0.2083178673636141,0.20252864277860994,0.2664086663382943,0.000389192761214987,0,0,0.0,0,0.0,0.0,50.0,0,,,,,,,,,,,,,,,,,,,,,,,,,,,
93,B,step_totals,,,,,,,,,,,,,,,,,,,,,70.70000000000005,8.5,0.12022630834512014,,,53.0,0.7496463932107492,0.0,0.0,0.005744009496880973,0.24528301886792453,0.0,0,13,23,16,17,,53,20,3.2000000000000006,0.04526166902404524,6.000000000000003,0.08486562942008485,16,30,26
94,B,all_agents,,,40,30,10,0,22,8,0.3905473903693374,0.22801014534665243,0.9879424169513316,0.08427633967157835,643,30,0.75,51,5.882352941176471,1.607843137254902,31.275,3797,,,,,,,,,,,,,,,,,,,,,,,,,,,
94,B,participants_only,,,30,30,0,0,22,8,0.45113856804879704,0.2389388565576358,0.9879424169513316,0.09755665362883413,643,30,1.0,51,5.882352941176471,1.607843137254902,25.033333333333335,3797,,,,,,,,,,,,,,,,,,,,,,,,,,,
94,B,nonparticipants_only,,,10,0,10,0,0,0,0.20877385733095838,0.20301803344427904,0.26507662300660284,0.00037990804880479775,0,0,0.0,0,0.0,0.0,50.0,0,,,,,,,,,,,,,,,,,,,,,,,,,,,
94,B,step_totals,,,,,,,,,,,,,,,,,,,,,68.90000000000006,11.5,0.16690856313497807,,,47.0,0.682148040638606,0.0,0.0,0.005472209229921317,0.1702127659574468,0.0,0,8,17,43,23,,47,26,4.400000000000001,0.0638606676342525,6.000000000000003,0.08708272859216251,22,30,27
95,B,all_agents,,,40,30,10,0,22,8,0.39127015351159117,0.22780600780721266,0.9884247202732783,0.08490682565627912,652,30,0.75,51,5.882352941176471,1.607843137254902,31.125,3846,,,,,,,,,,,,,,,,,,,,,,,,,,,
95,B,participants_only,,,30,30,0,0,22,8,0.4519510949434553,0.23919464925150266,0.9884247202732783,0.09835699495264855,652,30,1.0,51,5.882352941176471,1.607843137254902,24.833333333333332,3846,,,,,,,,,,,,,,,,,,,,,,,,,,,
95,B,nonparticipants_only,,,10,0,10,0,0,0,0.20922732921599865,0.20378983114129112,0.26375123989156984,0.00037019793048289007,0,0,0.0,0,0.0,0.0,50.0,0,,,,,,,,,,,,,,,,,,,,,,,,,,,
95,B,step_totals,,,,,,,,,,,,,,,,,,,,,70.70000000000005,8.5,0.12022630834512014,,,53.0,0.7496463932107492,0.0,0.0,0.005597384603398911,0.16981132075471697,0.0,0,9,23,16,17,,53,20,3.2000000000000006,0.04526166902404524,6.000000000000003,0.08486562942008485,16,30,26
96,B,all_agents,,,40,30,10,0,22,8,0.39189716663306073,0.2273716417887327,0.9888877314623472,0.08520702637243835,662,30,0.75,51,5.882352941176471,1.607843137254902,31.275,3891,,,,,,,,,,,,,,,,,,,,,,,,,,,
96,B,participants_only,,,30,30,0,0,22,8,0.4526369896716559,0.2381631366154617,0.9888877314623472,0.0987313302370189,662,30,1.0,51,5.882352941176471,1.607843137254902,25.033333333333335,3891,,,,,,,,,,,,,,,,,,,,,,,,,,,
96,B,nonparticipants_only,,,10,0,10,0,0,0,0.20967769751727525,0.20351236328184574,0.262432483692112,0.00036220154557848347,0,0,0.0,0,0.0,0.0,50.0,0,,,,,,,,,,,,,,,,,,,,,,,,,,,
96,B,step_totals,,,,,,,,,,,,,,,,,,,,,69.10000000000007,11.5,0.1664254703328508,,,47.0,0.6801736613603466,0.0,0.0,0.005633949519727701,0.2127659574468085,0.0,0,10,17,43,23,,47,26,4.600000000000001,0.06657018813314033,6.000000000000003,0.08683068017366131,23,30,27
97,B,all_agents,,,40,30,10,0,22,8,0.39267895738801967,0.2275499365222352,0.9893322222038533,0.08585142533907693,669,30,0.75,51,5.882352941176471,1.607843137254902,31.125,3941,,,,,,,,,,,,,,,,,,,,,,,,,,,
97,B,participants_only,,,30,30,0,0,22,8,0.45353016288577086,0.2385345556415433,0.9893322222038533,0.09953887772178224,669,30,1.0,51,5.882352941176471,1.607843137254902,24.833333333333332,3941,,,,,,,,,,,,,,,,,,,,,,,,,,,
97,B,nonparticipants_only,,,10,0,10,0,0,0,0.21012534089476592,0.20372146388008383,0.2611203212736514,0.0003546376646063473,0,0,0.0,0,0.0,0.0,50.0,0,,,,,,,,,,,,,,,,,,,,,,,,,,,
97,B,step_totals,,,,,,,,,,,,,,,,,,,,,70.70000000000006,8.5,0.12022630834512013,,,53.0,0.749646393210749,0.0,0.0,0.005805249189716174,0.1320754716981132,0.0,0,7,23,16,17,,53,20,3.2000000000000006,0.045261669024045235,6.000000000000003,0.08486562942008483,16,30,26
98,B,all_agents,,,40,30,10,0,22,8,0.39326516233229186,0.22744649011892623,0.9897589333156992,0.08613872393492762,676,30,0.75,51,5.882352941176471,1.607843137254902,31.275,3986,,,,,,,,,,,,,,,,,,,,,,,,,,,
98,B,participants_only,,,30,30,0,0,22,8,0.4541635215826689,0.23816938624798117,0.9897589333156992,0.09990112426871753,676,30,1.0,51,5.882352941176471,1.607843137254902,25.033333333333335,3986,,,,,,,,,,,,,,,,,,,,,,,,,,,
98,B,nonparticipants_only,,,10,0,10,0,0,0,0.21057008458116072,0.20457170192720753,0.25981471966728314,0.0003482010209020798,0,0,0.0,0,0.0,0.0,50.0,0,,,,,,,,,,,,,,,,,,,,,,,,,,,
98,B,step_totals,,,,,,,,,,,,,,,,,,,,,68.90000000000006,11.5,0.16690856313497807,,,47.0,0.682148040638606,0.0,0.0,0.005519049178007909,0.14893617021276595,0.0,0,7,17,43,23,,47,26,4.400000000000001,0.0638606676342525,6.000000000000003,0.08708272859216251,22,30,27
99,B,all_agents,,,40,30,10,0,22,8,0.39391089005378127,0.22701022953886668,0.9901685759830712,0.08673710656633739,685,30,0.75,51,5.882352941176471,1.607843137254902,31.125,4035,,,,,,,,,,,,,,,,,,,,,,,,,,,
99,B,participants_only,,,30,30,0,0,22,8,0.4548771035892683,0.23844806268856977,0.9901685759830712,0.10066803536070354,685,30,1.0,51,5.882352941176471,1.607843137254902,24.833333333333332,4035,,,,,,,,,,,,,,,,,,,,,,,,,,,
99,B,nonparticipants_only,,,10,0,10,0,0,0,0.21101224944732022,0.20665716489254493,0.2585156460689467,0.000341769868983689,0,0,0.0,0,0.0,0.0,50.0,0,,,,,,,,,,,,,,,,,,,,,,,,,,,
99,B,step_totals,,,,,,,,,,,,,,,,,,,,,70.50000000000004,8.5,0.12056737588652475,,,53.0,0.7517730496453896,0.0,0.0,0.005365315590282211,0.16981132075471697,0.0,0,9,23,16,17,,53,20,3.0000000000000004,0.04255319148936168,6.000000000000003,0.08510638297872339,15,30,26
100,B,all_agents,,,40,30,10,0,22,8,0.3944881159986631,0.22704617779164257,0.9905618329437483,0.087025732727529,693,30,0.75,51,5.882352941176471,1.607843137254902,31.275,4079,,,,,,,,,,,,,,,,,,,,,,,,,,,
100,B,participants_only,,,30,30,0,0,22,8,0.45550015108459546,0.23813574931897052,0.9905618329437483,0.10103284172955178,693,30,1.0,51,5.882352941176471,1.607843137254902,25.033333333333335,4079,,,,,,,,,,,,,,,,,,,,,,,,,,,
100,B,nonparticipants_only,,,10,0,10,0,0,0,0.21145201074086603,0.20681628400675592,0.257223067838602,0.00033478461753615364,0,0,0.0,0,0.0,0.0,50.0,0,,,,,,,,,,,,,,,,,,,,,,,,,,,
100,B,step_totals,,,,,,,,,,,,,,,,,,,,,68.90000000000006,11.5,0.16690856313497807,,,47.0,0.682148040638606,0.0,0.0,0.005497527669631111,0.1702127659574468,0.0,0,8,17,43,23,,47,26,4.400000000000001,0.0638606676342525,6.000000000000003,0.08708272859216251,22,30,27
100,B,reachability,0.25,0.0,,,,,,,,,,,,,,,,,,,,,,,,,,,,,,,,,,,,,,,,,,,,,
101,B,all_agents,,,40,30,10,0,22,8,0.3951591424184551,0.22726051297287952,0.9909393596259984,0.08763824345706274,697,30,0.75,51,5.882352941176471,1.607843137254902,31.125,4130,,,,,,,,,,,,,,,,,,,,,,,,,,,
101,B,participants_only,,,30,30,0,0,22,8,0.4562492589372532,0.23852315288784173,0.9909393596259984,0.10181321353403865,697,30,1.0,51,5.882352941176471,1.607843137254902,24.833333333333332,4130,,,,,,,,,,,,,,,,,,,,,,,,,,,
101,B,nonparticipants_only,,,10,0,10,0,0,0,0.211888792862061,0.2069351802031107,0.255936952499409,0.00032930519077117854,0,0,0.0,0,0.0,0.0,50.0,0,,,,,,,,,,,,,,,,,,,,,,,,,,,
101,B,step_totals,,,,,,,,,,,,,,,,,,,,,70.50000000000006,8.5,0.12056737588652472,,,53.0,0.7517730496453895,0.0,0.0,0.005458538839932209,0.07547169811320754,0.0,0,4,23,16,17,,53,20,3.0000000000000004,0.04255319148936167,6.000000000000003,0.08510638297872337,15,30,26
102,B,all_agents,,,40,30,10,0,22,8,0.3957354158311851,0.22772474621812955,0.9913017852409585,0.08791606729305795,708,30,0.75,51,5.882352941176471,1.607843137254902,31.275,4176,,,,,,,,,,,,,,,,,,,,,,,,,,,
102,B,participants_only,,,30,30,0,0,22,8,0.4568728528376725,0.23733053712340252,0.9913017852409585,0.10216241427143218,708,30,1.0,51,5.882352941176471,1.607843137254902,25.033333333333335,4176,,,,,,,,,,,,,,,,,,,,,,,,,,,
102,B,nonparticipants_only,,,10,0,10,0,0,0,0.21232310481172303,0.20680739601998324,0.2556047426037884,0.00032359191326875833,0,0,0.0,0,0.0,0.0,50.0,0,,,,,,,,,,,,,,,,,,,,,,,,,,,
102,B,step_totals,,,,,,,,,,,,,,,,,,,,,68.90000000000006,11.5,0.16690856313497807,,,47.0,0.682148040638606,0.0,0.0,0.005503073133990146,0.23404255319148937,0.0,0,11,17,43,23,,47,26,4.400000000000001,0.0638606676342525,6.000000000000003,0.08708272859216251,22,30,27
103,B,all_agents,,,40,30,10,0,22,8,0.39636723604664287,0.22743135574588408,0.9916497138313202,0.0885099578400233,714,30,0.75,51,5.882352941176471,1.607843137254902,31.125,4227,,,,,,,,,,,,,,,,,,,,,,,,,,,
103,B,participants_only,,,30,30,0,0,22,8,0.4575713794201349,0.2378436498463809,0.9916497138313202,0.10292341290178761,714,30,1.0,51,5.882352941176471,1.607843137254902,24.833333333333332,4227,,,,,,,,,,,,,,,,,,,,,,,,,,,
103,B,nonparticipants_only,,,10,0,10,0,0,0,0.21275480592616658,0.2066673125968827,0.25585857645908666,0.0003182266617346566,0,0,0.0,0,0.0,0.0,50.0,0,,,,,,,,,,,,,,,,,,,,,,,,,,,
103,B,step_totals,,,,,,,,,,,,,,,,,,,,,70.90000000000006,8.5,0.11988716502115646,,,53.0,0.7475317348377991,0.0,0.0,0.005302488755890169,0.11320754716981132,0.0,0,6,23,16,17,,53,20,3.400000000000001,0.04795486600846259,6.000000000000003,0.08462623413258107,17,30,26
104,B,all_agents,,,40,30,10,0,22,8,0.39694501846715907,0.2279610002282717,0.9919837252780673,0.08879511936802745,729,30,0.75,51,5.882352941176471,1.607843137254902,31.275,4274,,,,,,,,,,,,,,,,,,,,,,,,,,,
104,B,participants_only,,,30,30,0,0,22,8,0.4581987933725026,0.23721620374815172,0.9919837252780673,0.10328073171070722,729,30,1.0,51,5.882352941176471,1.607843137254902,25.033333333333335,4274,,,,,,,,,,,,,,,,,,,,,,,,,,,
104,B,nonparticipants_only,,,10,0,10,0,0,0,0.21318369375112858,0.2074882142562437,0.2559361726394027,0.0003139830581343154,0,0,0.0,0,0.0,0.0,50.0,0,,,,,,,,,,,,,,,,,,,,,,,,,,,
104,B,step_totals,,,,,,,,,,,,,,,,,,,,,68.90000000000006,11.5,0.16690856313497807,,,47.0,0.682148040638606,0.0,0.0,0.005517553718950233,0.3191489361702128,0.0,0,15,17,43,23,,47,26,4.400000000000001,0.0638606676342525,6.000000000000003,0.08708272859216251,22,30,26
105,B,all_agents,,,40,30,10,0,22,8,0.39757135403655397,0.22798627641065708,0.9923043762669447,0.08939180141970925,734,30,0.75,51,5.882352941176471,1.607843137254902,31.125,4325,,,,,,,,,,,,,,,,,,,,,,,,,,,
105,B,participants_only,,,30,30,0,0,22,8,0.45889174271617417,0.23705838755984482,0.9923043762669447,0.1040451744673014,734,30,1.0,51,5.882352941176471,1.607843137254902,24.833333333333332,4325,,,,,,,,,,,,,,,,,,,,,,,,,,,
105,B,nonparticipants_only,,,10,0,10,0,0,0,0.21361018799769324,0.2094024684644296,0.2554577548085825,0.0003094014630963954,0,0,0.0,0,0.0,0.0,50.0,0,,,,,,,,,,,,,,,,,,,,,,,,,,,
105,B,step_totals,,,,,,,,,,,,,,,,,,,,,70.90000000000006,8.5,0.11988716502115646,,,53.0,0.7475317348377991,0.0,0.0,0.0052914282710622195,0.09433962264150944,0.0,0,5,23,16,17,,53,20,3.400000000000001,0.04795486600846259,6.000000000000003,0.08462623413258107,17,30,26
106,B,all_agents,,,40,30,10,0,22,8,0.3980509089696213,0.2278694943935245,0.9926122012162669,0.08961431190065293,741,30,0.75,51,5.882352941176471,1.607843137254902,31.275,4369,,,,,,,,,,,,,,,,,,,,,,,,,,,
106,B,participants_only,,,30,30,0,0,22,8,0.4593898425915248,0.2370033032737639,0.9926122012162669,0.10433417367106293,741,30,1.0,51,5.882352941176471,1.607843137254902,25.033333333333335,4369,,,,,,,,,,,,,,,,,,,,,,,,,,,
106,B,nonparticipants_only,,,10,0,10,0,0,0,0.21403410810391083,0.20955609737498443,0.2569905179671453,0.00030514925495553585,0,0,0.0,0,0.0,0.0,50.0,0,,,,,,,,,,,,,,,,,,,,,,,,,,,
106,B,step_totals,,,,,,,,,,,,,,,,,,,,,68.90000000000006,11.5,0.16690856313497807,,,47.0,0.682148040638606,0.0,0.0,0.005184369874167432,0.14893617021276595,0.0,0,7,17,43,23,,47,26,4.400000000000001,0.0638606676342525,6.000000000000003,0.08708272859216251,22,30,26
107,B,all_agents,,,40,30,10,0,22,8,0.3986848495028677,0.22799192309371577,0.9929077131676163,0.09018686740529858,746,30,0.75,51,5.882352941176471,1.607843137254902,31.125,4420,,,,,,,,,,,,,,,,,,,,,,,,,,,
107,B,participants_only,,,30,30,0,0,22,8,0.46009465332158145,0.2370015035833916,0.9929077131676163,0.10506405258892378,746,30,1.0,51,5.882352941176471,1.607843137254902,24.833333333333332,4420,,,,,,,,,,,,,,,,,,,,,,,,,,,
107,B,nonparticipants_only,,,10,0,10,0,0,0,0.21445543804672645,0.20967089120855786,0.25710617186483253,0.00030134379378803116,0,0,0.0,0,0.0,0.0,50.0,0,,,,,,,,,,,,,,,,,,,,,,,,,,,
107,B,step_totals,,,,,,,,,,,,,,,,,,,,,70.70000000000006,8.5,0.12022630834512013,,,53.0,0.749646393210749,0.0,0.0,0.005337795966799759,0.09433962264150944,0.0,0,5,23,16,17,,53,20,3.2000000000000006,0.045261669024045235,6.000000000000003,0.08486562942008483,16,30,26
108,B,all_agents,,,40,30,10,0,22,8,0.39920995492427674,0.22846277754369076,0.9931914046409116,0.09044236914489717,755,30,0.75,51,5.882352941176471,1.607843137254902,31.275,4467,,,,,,,,,,,,,,,,,,,,,,,,,,,
108,B,participants_only,,,30,30,0,0,22,8,0.46065509187044346,0.23692645649772043,0.9931914046409116,0.10538888879585319,755,30,1.0,51,5.882352941176471,1.607843137254902,25.033333333333335,4467,,,,,,,,,,,,,,,,,,,,,,,,,,,
108,B,nonparticipants_only,,,10,0,10,0,0,0,0.21487454408577655,0.20954751605694677,0.2567854244512186,0.000296751940030946,0,0,0.0,0,0.0,0.0,50.0,0,,,,,,,,,,,,,,,,,,,,,,,,,,,
108,B,step_totals,,,,,,,,,,,,,,,,,,,,,68.70000000000006,11.5,0.16739446870451222,,,47.0,0.6841339155749631,0.0,0.0,0.0053685197383487706,0.19148936170212766,0.0,0,9,17,43,23,,47,26,4.200000000000001,0.06113537117903926,6.000000000000003,0.08733624454148468,21,30,26
109,B,all_agents,,,40,30,10,0,22,8,0.3997786504879667,0.2283372432706525,0.9934637484552752,0.09101194958394643,763,30,0.75,51,5.882352941176471,1.607843137254902,31.125,4519,,,,,,,,,,,,,,,,,,,,,,,,,,,
109,B,participants_only,,,30,30,0,0,22,8,0.46127451463344504,0.23756587170548527,0.9934637484552752,0.10612472144614365,763,30,1.0,51,5.882352941176471,1.607843137254902,24.833333333333332,4519,,,,,,,,,,,,,,,,,,,,,,,,,,,
109,B,nonparticipants_only,,,10,0,10,0,0,0,0.21529105805153154,0.20951151853194702,0.25703050009058953,0.0002927383133651551,0,0,0.0,0,0.0,0.0,50.0,0,,,,,,,,,,,,,,,,,,,,,,,,,,,
109,B,step_totals,,,,,,,,,,,,,,,,,,,,,70.90000000000006,8.5,0.11988716502115646,,,53.0,0.7475317348377991,0.0,0.0,0.005108733744960565,0.1509433962264151,0.0,0,8,23,16,17,,53,20,3.400000000000001,0.04795486600846259,6.000000000000003,0.08462623413258107,17,30,26
110,B,all_agents,,,40,30,10,0,22,8,0.40020780502530123,0.22746405744071968,0.9937251985170642,0.0912098095864711,772,30,0.75,51,5.882352941176471,1.607843137254902,31.275,4564,,,,,,,,,,,,,,,,,,,,,,,,,,,
110,B,participants_only,,,30,30,0,0,22,8,0.4617087911460503,0.23681669502299468,0.9937251985170642,0.10638698303703843,772,30,1.0,51,5.882352941176471,1.607843137254902,25.033333333333335,4564,,,,,,,,,,,,,,,,,,,,,,,,,,,
110,B,nonparticipants_only,,,10,0,10,0,0,0,0.21570484666305392,0.21030409601847727,0.2571054189129088,0.00028983370887423495,0,0,0.0,0,0.0,0.0,50.0,0,,,,,,,,,,,,,,,,,,,,,,,,,,,
110,B,step_totals,,,,,,,,,,,,,,,,,,,,,68.90000000000005,11.5,0.16690856313497812,,,47.0,0.6821480406386062,0.0,0.0,0.0050261215844103905,0.19148936170212766,0.0,0,9,17,43,23,,47,27,4.400000000000001,0.06386066763425251,6.000000000000003,0.08708272859216253,22,30,26
110,B,reachability,0.25,0.0,,,,,,,,,,,,,,,,,,,,,,,,,,,,,,,,,,,,,,,,,,,,,
111,B,all_agents,,,40,30,10,0,22,8,0.40075127626632573,0.22707323878830743,0.9939761905763816,0.09173220343384447,781,30,0.75,51,5.882352941176471,1.607843137254902,31.125,4613,,,,,,,,,,,,,,,,,,,,,,,,,,,
111,B,participants_only,,,30,30,0,0,22,8,0.46229630053768095,0.23724727259593914,0.9939761905763816,0.10706277030947559,781,30,1.0,51,5.882352941176471,1.607843137254902,24.833333333333332,4613,,,,,,,,,,,,,,,,,,,,,,,,,,,
111,B,nonparticipants_only,,,10,0,10,0,0,0,0.2161162034522598,0.2120530488109969,0.2566435082838599,0.0002870226562105505,0,0,0.0,0,0.0,0.0,50.0,0,,,,,,,,,,,,,,,,,,,,,,,,,,,
111,B,step_totals,,,,,,,,,,,,,,,,,,,,,70.50000000000006,8.5,0.12056737588652472,,,53.0,0.7517730496453895,0.0,0.0,0.005057035374258971,0.16981132075471697,0.0,0,9,23,16,17,,53,20,3.0000000000000004,0.04255319148936167,6.000000000000003,0.08510638297872337,15,30,26
112,B,all_agents,,,40,30,10,0,22,8,0.4011991720019617,0.22772641062946988,0.9942171429533264,0.09193872188122038,787,30,0.75,51,5.882352941176471,1.607843137254902,31.275,4659,,,,,,,,,,,,,,,,,,,,,,,,,,,
112,B,participants_only,,,30,30,0,0,22,8,0.46275715053762817,0.2367217710518398,0.9942171429533264,0.10733277217180921,787,30,1.0,51,5.882352941176471,1.607843137254902,25.033333333333335,4659,,,,,,,,,,,,,,,,,,,,,,,,,,,
112,B,nonparticipants_only,,,10,0,10,0,0,0,0.21652523639496227,0.21220137695042435,0.2581233853894872,0.00028395435268294264,0,0,0.0,0,0.0,0.0,50.0,0,,,,,,,,,,,,,,,,,,,,,,,,,,,
112,B,step_totals,,,,,,,,,,,,,,,,,,,,,68.90000000000006,11.5,0.16690856313497807,,,47.0,0.682148040638606,0.0,0.0,0.0050998562007754066,0.1276595744680851,0.0,0,6,17,43,23,,47,27,4.400000000000001,0.0638606676342525,6.000000000000003,0.08708272859216251,22,30,26
113,B,all_agents,,,40,30,10,0,22,8,0.4017428547933693,0.22817556536943934,0.9944484572351934,0.09247269274973965,791,30,0.75,51,5.882352941176471,1.607843137254902,31.125,4711,,,,,,,,,,,,,,,,,,,,,,,,,,,
113,B,participants_only,,,30,30,0,0,22,8,0.46334649707147,0.23644679251463582,0.9944484572351934,0.10802330370995998,791,30,1.0,51,5.882352941176471,1.607843137254902,24.833333333333332,4711,,,,,,,,,,,,,,,,,,,,,,,,,,,
113,B,nonparticipants_only,,,10,0,10,0,0,0,0.2169319279590672,0.2123122099680524,0.2582350487958053,0.00028075496594033887,0,0,0.0,0,0.0,0.0,50.0,0,,,,,,,,,,,,,,,,,,,,,,,,,,,
113,B,step_totals,,,,,,,,,,,,,,,,,,,,,70.50000000000006,8.5,0.12056737588652472,,,53.0,0.7517730496453895,0.0,0.0,0.005063776130881993,0.07547169811320754,0.0,0,4,23,16,17,,53,20,3.0000000000000004,0.04255319148936167,6.000000000000003,0.08510638297872337,15,30,26
114,B,all_agents,,,40,30,10,0,22,8,0.40213581367931833,0.22788470090718144,0.9946705189457856,0.09264354441701685,797,30,0.75,51,5.882352941176471,1.607843137254902,31.275,4756,,,,,,,,,,,,,,,,,,,,,,,,,,,
114,B,participants_only,,,30,30,0,0,22,8,0.4637355875382616,0.2365182668461402,0.9946705189457856,0.10825435554902912,797,30,1.0,51,5.882352941176471,1.607843137254902,25.033333333333335,4756,,,,,,,,,,,,,,,,,,,,,,,,,,,
114,B,nonparticipants_only,,,10,0,10,0,0,0,0.21733649210248884,0.21219309171990516,0.25792536836576313,0.00027672534730472655,0,0,0.0,0,0.0,0.0,50.0,0,,,,,,,,,,,,,,,,,,,,,,,,,,,
114,B,step_totals,,,,,,,,,,,,,,,,,,,,,68.90000000000008,11.5,0.16690856313497804,,,47.0,0.6821480406386059,0.0,0.0,0.004916558903361699,0.1276595744680851,0.0,0,6,17,43,23,,47,27,4.400000000000001,0.0638606676342525,6.000000000000003,0.0870827285921625,22,30,26
115,B,all_agents,,,40,30,10,0,22,8,0.40268606880975194,0.2278889319289174,0.9948836981879542,0.09318824627848875,803,30,0.75,51,5.882352941176471,1.607843137254902,31.125,4809,,,,,,,,,,,,,,,,,,,,,,,,,,,
115,B,participants_only,,,30,30,0,0,22,8,0.4643352441535383,0.23646667158430995,0.9948836981879542,0.10895741549869936,803,30,1.0,51,5.882352941176471,1.607843137254902,24.833333333333332,4809,,,,,,,,,,,,,,,,,,,,,,,,,,,
115,B,nonparticipants_only,,,10,0,10,0,0,0,0.217738542778393,0.2122575887408224,0.258161987980363,0.00027328877102995505,0,0,0.0,0,0.0,0.0,50.0,0,,,,,,,,,,,,,,,,,,,,,,,,,,,
115,B,step_totals,,,,,,,,,,,,,,,,,,,,,70.50000000000004,8.5,0.12056737588652475,,,53.0,0.7517730496453896,0.0,0.0,0.005090913055781474,0.11320754716981132,0.0,0,6,23,16,17,,53,19,3.0000000000000004,0.04255319148936168,6.000000000000003,0.08510638297872339,15,30,25
116,B,all_agents,,,40,30,10,0,22,8,0.40308884656530636,0.22800915418451326,0.9950883502604361,0.09336786510098274,812,30,0.75,51,5.882352941176471,1.607843137254902,31.275,4855,,,,,,,,,,,,,,,,,,,,,,,,,,,
116,B,participants_only,,,30,30,0,0,22,8,0.46473911070788787,0.2364448116687186,0.9950883502604361,0.10919726835528076,812,30,1.0,51,5.882352941176471,1.607843137254902,25.033333333333335,4855,,,,,,,,,,,,,,,,,,,,,,,,,,,
116,B,nonparticipants_only,,,10,0,10,0,0,0,0.2181380541375618,0.2130228193442586,0.2582343218235348,0.0002705945118878264,0,0,0.0,0,0.0,0.0,50.0,0,,,,,,,,,,,,,,,,,,,,,,,,,,,
116,B,step_totals,,,,,,,,,,,,,,,,,,,,,68.90000000000005,11.5,0.16690856313497812,,,47.0,0.6821480406386062,0.0,0.0,0.004959047360004732,0.19148936170212766,0.0,0,9,17,43,23,,47,27,4.400000000000001,0.06386066763425251,6.000000000000003,0.08708272859216253,22,30,26
117,B,all_agents,,,40,30,10,0,22,8,0.4035775216230272,0.22791488605333607,0.9952848162500186,0.09387539708263375,820,30,0.75,51,5.882352941176471,1.607843137254902,31.125,4905,,,,,,,,,,,,,,,,,,,,,,,,,,,
117,B,participants_only,,,30,30,0,0,22,8,0.46525828963691446,0.2370560065678497,0.9952848162500186,0.1098597977738973,820,30,1.0,51,5.882352941176471,1.607843137254902,24.833333333333332,4905,,,,,,,,,,,,,,,,,,,,,,,,,,,
117,B,nonparticipants_only,,,10,0,10,0,0,0,0.21853521758136546,0.21461217423725565,0.25778834883615137,0.0002679892954473427,0,0,0.0,0,0.0,0.0,50.0,0,,,,,,,,,,,,,,,,,,,,,,,,,,,
117,B,step_totals,,,,,,,,,,,,,,,,,,,,,70.50000000000006,8.5,0.12056737588652472,,,53.0,0.7517730496453895,0.0,0.0,0.004886219902697953,0.1509433962264151,0.0,0,8,23,16,17,,53,19,3.0000000000000004,0.04255319148936167,6.000000000000003,0.08510638297872337,15,30,25
118,B,all_agents,,,40,30,10,0,22,8,0.40399193818809626,0.22787027855774838,0.9954734236000179,0.09406433061682384,827,30,0.75,51,5.882352941176471,1.607843137254902,31.275,4951,,,,,,,,,,,,,,,,,,,,,,,,,,,
118,B,participants_only,,,30,30,0,0,22,8,0.46567920513077893,0.23633989446834733,0.9954734236000179,0.11010945339894891,827,30,1.0,51,5.882352941176471,1.607843137254902,25.033333333333335,4951,,,,,,,,,,,,,,,,,,,,,,,,,,,
118,B,nonparticipants_only,,,10,0,10,0,0,0,0.21893013736004824,0.21470618312654385,0.25921716465516764,0.0002651354361552019,0,0,0.0,0,0.0,0.0,50.0,0,,,,,,,,,,,,,,,,,,,,,,,,,,,
118,B,step_totals,,,,,,,,,,,,,,,,,,,,,68.90000000000006,11.5,0.16690856313497807,,,47.0,0.682148040638606,0.0,0.0,0.00500637915608956,0.14893617021276595,0.0,0,7,17,43,23,,47,27,4.400000000000001,0.0638606676342525,6.000000000000003,0.08708272859216251,22,30,26
119,B,all_agents,,,40,30,10,0,22,8,0.40449004736398114,0.22843047364488203,0.9956544866560172,0.09458300681400648,838,30,0.75,51,5.882352941176471,1.607843137254902,31.125,5003,,,,,,,,,,,,,,,,,,,,,,,,,,,
119,B,participants_only,,,30,30,0,0,22,8,0.46621246430316193,0.236677216192836,0.9956544866560172,0.11078466401880582,838,30,1.0,51,5.882352941176471,1.607843137254902,24.833333333333332,5003,,,,,,,,,,,,,,,,,,,,,,,,,,,
119,B,nonparticipants_only,,,10,0,10,0,0,0,0.2193227965464388,0.2149113487351128,0.25932497525697085,0.0002621541658396321,0,0,0.0,0,0.0,0.0,50.0,0,,,,,,,,,,,,,,,,,,,,,,,,,,,
119,B,step_totals,,,,,,,,,,,,,,,,,,,,,70.70000000000006,8.5,0.12022630834512013,,,53.0,0.749646393210749,0.0,0.0,0.00491007775620928,0.20754716981132076,0.0,0,11,23,16,17,,53,19,3.2000000000000006,0.045261669024045235,6.000000000000003,0.08486562942008483,16,30,25
120,B,all_agents,,,40,30,10,0,22,8,0.40484729835813904,0.2294059814836204,0.9958283071897766,0.0947359622074319,842,30,0.75,51,5.882352941176471,1.607843137254902,31.275,5048,,,,,,,,,,,,,,,,,,,,,,,,,,,
120,B,participants_only,,,30,30,0,0,22,8,0.46655859723881726,0.23624915992486045,0.9958283071897766,0.11099535495621589,842,30,1.0,51,5.882352941176471,1.607843137254902,25.033333333333335,5048,,,,,,,,,,,,,,,,,,,,,,,,,,,
120,B,nonparticipants_only,,,10,0,10,0,0,0,0.21971340171610423,0.21474738514282904,0.2590259799582387,0.00025837104659511424,0,0,0.0,0,0.0,0.0,50.0,0,,,,,,,,,,,,,,,,,,,,,,,,,,,
120,B,step_totals,,,,,,,,,,,,,,,,,,,,,68.90000000000006,11.5,0.16690856313497807,,,47.0,0.682148040638606,0.0,0.0,0.004815320963557323,0.0851063829787234,0.0,0,4,17,43,23,,47,27,4.400000000000001,0.0638606676342525,6.000000000000003,0.08708272859216251,22,30,26
120,B,reachability,0.25,0.0,,,,,,,,,,,,,,,,,,,,,,,,,,,,,,,,,,,,,,,,,,,,,
121,B,all_agents,,,40,30,10,0,22,8,0.4052640542515568,0.22877259107569664,0.9959951749021855,0.09520124628875772,850,30,0.75,51,5.882352941176471,1.607843137254902,31.125,5099,,,,,,,,,,,,,,,,,,,,,,,,,,,
121,B,participants_only,,,30,30,0,0,22,8,0.46698487895465307,0.23586218994743652,0.9959951749021855,0.11161210145096435,850,30,1.0,51,5.882352941176471,1.607843137254902,24.833333333333332,5099,,,,,,,,,,,,,,,,,,,,,,,,,,,
121,B,nonparticipants_only,,,10,0,10,0,0,0,0.2201015801422679,0.21488204825192217,0.25925443531250036,0.00025515837777365335,0,0,0.0,0,0.0,0.0,50.0,0,,,,,,,,,,,,,,,,,,,,,,,,,,,
121,B,step_totals,,,,,,,,,,,,,,,,,,,,,70.70000000000006,8.5,0.12022630834512013,,,53.0,0.749646393210749,0.0,0.0,0.004638692874819725,0.1509433962264151,0.0,0,8,23,16,17,,53,19,3.2000000000000006,0.045261669024045235,6.000000000000003,0.08486562942008483,16,30,25
122,B,all_agents,,,40,30,10,0,22,8,0.4056057675717129,0.22895387120219643,0.996155367906098,0.09534442815845198,858,30,0.75,51,5.882352941176471,1.607843137254902,31.275,5145,,,,,,,,,,,,,,,,,,,,,,,,,,,
122,B,participants_only,,,30,30,0,0,22,8,0.46731192113974834,0.23605463728766804,0.996155367906098,0.11181108674599022,858,30,1.0,51,5.882352941176471,1.607843137254902,25.033333333333335,5145,,,,,,,,,,,,,,,,,,,,,,,,,,,
122,B,nonparticipants_only,,,10,0,10,0,0,0,0.22048730686760643,0.2156477365624747,0.25932427336795855,0.00025265973789355384,0,0,0.0,0,0.0,0.0,50.0,0,,,,,,,,,,,,,,,,,,,,,,,,,,,
122,B,step_totals,,,,,,,,,,,,,,,,,,,,,68.70000000000007,11.5,0.1673944687045122,,,47.0,0.6841339155749628,0.0,0.0,0.004780624873502197,0.1702127659574468,0.0,0,8,17,43,23,,47,27,4.200000000000001,0.06113537117903925,6.000000000000003,0.08733624454148466,21,30,26
123,B,all_agents,,,40,30,10,0,22,8,0.4059854738262733,0.22885948334572975,0.9963091531898541,0.09580276390408893,867,30,0.75,51,5.882352941176471,1.607843137254902,31.125,5196,,,,,,,,,,,,,,,,,,,,,,,,,,,
123,B,participants_only,,,30,30,0,0,22,8,0.46769037620522175,0.23595544415999914,0.9963091531898541,0.11242362333704939,867,30,1.0,51,5.882352941176471,1.607843137254902,24.833333333333332,5196,,,,,,,,,,,,,,,,,,,,,,,,,,,
123,B,nonparticipants_only,,,10,0,10,0,0,0,0.22087076668942798,0.2170489777137401,0.25889368811408553,0.0002502458740608609,0,0,0.0,0,0.0,0.0,50.0,0,,,,,,,,,,,,,,,,,,,,,,,,,,,
123,B,step_totals,,,,,,,,,,,,,,,,,,,,,70.50000000000006,8.5,0.12056737588652472,,,53.0,0.7517730496453895,0.0,0.0,0.004529684102611201,0.16981132075471697,0.0,0,9,23,16,17,,53,19,3.0000000000000004,0.04255319148936167,6.000000000000003,0.08510638297872337,15,30,25
124,B,all_agents,,,40,30,10,0,22,8,0.4063463328827812,0.22888834888432985,0.9964567870622599,0.09595695293110026,882,30,0.75,51,5.882352941176471,1.607843137254902,31.275,5243,,,,,,,,,,,,,,,,,,,,,,,,,,,
124,B,participants_only,,,30,30,0,0,22,8,0.46804442375672367,0.23598442402215658,0.9964567870622599,0.11263345567265597,882,30,1.0,51,5.882352941176471,1.607843137254902,25.033333333333335,5243,,,,,,,,,,,,,,,,,,,,,,,,,,,
124,B,nonparticipants_only,,,10,0,10,0,0,0,0.22125206026095412,0.2171579923389444,0.2602732044515626,0.0002475916965621538,0,0,0.0,0,0.0,0.0,50.0,0,,,,,,,,,,,,,,,,,,,,,,,,,,,
124,B,step_totals,,,,,,,,,,,,,,,,,,,,,68.70000000000006,11.5,0.16739446870451222,,,47.0,0.6841339155749631,0.0,0.0,0.004853389718742516,0.3191489361702128,0.0,0,15,17,43,23,,47,27,4.200000000000001,0.06113537117903926,6.000000000000003,0.08733624454148468,21,30,26
125,B,all_agents,,,40,30,10,0,22,8,0.40675047157636496,0.2284603377519096,0.9965985155797695,0.09642066425302342,893,30,0.75,51,5.882352941176471,1.607843137254902,31.125,5295,,,,,,,,,,,,,,,,,,,,,,,,,,,
125,B,participants_only,,,30,30,0,0,22,8,0.4684569050221319,0.23656864410354894,0.9965985155797695,0.11324854538590476,893,30,1.0,51,5.882352941176471,1.607843137254902,24.833333333333332,5295,,,,,,,,,,,,,,,,,,,,,,,,,,,
125,B,nonparticipants_only,,,10,0,10,0,0,0,0.2216311712390641,0.2174212296368026,0.26037729518499464,0.0002448137112170395,0,0,0.0,0,0.0,0.0,50.0,0,,,,,,,,,,,,,,,,,,,,,,,,,,,
125,B,step_totals,,,,,,,,,,,,,,,,,,,,,70.70000000000007,8.5,0.1202263083451201,,,53.0,0.7496463932107489,0.0,0.0,0.004604578700581182,0.20754716981132076,0.0,0,11,23,16,17,,53,19,3.2000000000000006,0.04526166902404522,6.000000000000003,0.08486562942008481,16,30,25
126,B,all_agents,,,40,30,10,0,22,8,0.40705888848876104,0.2292496901495965,0.9967345749565788,0.09654157690873234,902,30,0.75,51,5.882352941176471,1.607843137254902,31.275,5341,,,,,,,,,,,,,,,,,,,,,,,,,,,
126,B,participants_only,,,30,30,0,0,22,8,0.46874241829444924,0.23588413729622434,0.9967345749565788,0.11342225071500826,902,30,1.0,51,5.882352941176471,1.607843137254902,25.033333333333335,5341,,,,,,,,,,,,,,,,,,,,,,,,,,,
126,B,nonparticipants_only,,,10,0,10,0,0,0,0.22200829907169645,0.2172135459038848,0.26008861634063957,0.00024126129843391361,0,0,0.0,0,0.0,0.0,50.0,0,,,,,,,,,,,,,,,,,,,,,,,,,,,
126,B,step_totals,,,,,,,,,,,,,,,,,,,,,68.70000000000006,11.5,0.16739446870451222,,,47.0,0.6841339155749631,0.0,0.0,0.004675895673486464,0.19148936170212766,0.0,0,9,17,43,23,,47,27,4.200000000000001,0.06113537117903926,6.000000000000003,0.08733624454148468,21,30,26
127,B,all_agents,,,40,30,10,0,22,8,0.40747416286556476,0.22987566478531501,0.9968651919583157,0.09701562896523772,904,30,0.75,51,5.882352941176471,1.607843137254902,31.125,5393,,,,,,,,,,,,,,,,,,,,,,,,,,,
127,B,participants_only,,,30,30,0,0,22,8,0.46917118918990625,0.23613231897806441,0.9968651919583157,0.11404866050189227,904,30,1.0,51,5.882352941176471,1.607843137254902,24.833333333333332,5393,,,,,,,,,,,,,,,,,,,,,,,,,,,
127,B,nonparticipants_only,,,10,0,10,0,0,0,0.22238308389254033,0.21739318950470204,0.26030918913203344,0.00023825766807624642,0,0,0.0,0,0.0,0.0,50.0,0,,,,,,,,,,,,,,,,,,,,,,,,,,,
127,B,step_totals,,,,,,,,,,,,,,,,,,,,,70.50000000000006,8.5,0.12056737588652472,,,53.0,0.7517730496453895,0.0,0.0,0.004659627332928312,0.03773584905660377,0.0,0,2,23,16,17,,53,19,3.0000000000000004,0.04255319148936167,6.000000000000003,0.08510638297872337,15,30,25
128,B,all_agents,,,40,30,10,0,22,8,0.4078011387216829,0.229625435691318,0.9969905842799831,0.09714674061516762,913,30,0.75,51,5.882352941176471,1.607843137254902,31.275,5439,,,,,,,,,,,,,,,,,,,,,,,,,,,
128,B,participants_only,,,30,30,0,0,22,8,0.4694830177604461,0.2357394911892225,0.9969905842799831,0.11423172370122646,913,30,1.0,51,5.882352941176471,1.607843137254902,25.033333333333335,5439,,,,,,,,,,,,,,,,,,,,,,,,,,,
128,B,nonparticipants_only,,,10,0,10,0,0,0,0.22275550160539317,0.21818208433414693,0.26037661751377456,0.0002359409359596917,0,0,0.0,0,0.0,0.0,50.0,0,,,,,,,,,,,,,,,,,,,,,,,,,,,
128,B,step_totals,,,,,,,,,,,,,,,,,,,,,68.70000000000007,11.5,0.1673944687045122,,,47.0,0.6841339155749628,0.0,0.0,0.004747010053708988,0.19148936170212766,0.0,0,9,17,43,23,,47,27,4.200000000000001,0.06113537117903925,6.000000000000003,0.08733624454148466,21,30,26
129,B,all_agents,,,40,30,10,0,22,8,0.4081256710671694,0.22961497204518871,0.9971109609087838,0.09757003961872122,916,30,0.75,51,5.882352941176471,1.607843137254902,31.125,5489,,,,,,,,,,,,,,,,,,,,,,,,,,,
129,B,participants_only,,,30,30,0,0,22,8,0.46979231787910386,0.2353610150692902,0.9971109609087838,0.11480438319503385,916,30,1.0,51,5.882352941176471,1.607843137254902,24.833333333333332,5489,,,,,,,,,,,,,,,,,,,,,,,,,,,
129,B,nonparticipants_only,,,10,0,10,0,0,0,0.22312573063136595,0.21938609931101066,0.25996088905914166,0.00023370494144889627,0,0,0.0,0,0.0,0.0,50.0,0,,,,,,,,,,,,,,,,,,,,,,,,,,,
129,B,step_totals,,,,,,,,,,,,,,,,,,,,,70.50000000000006,8.5,0.12056737588652472,,,53.0,0.7517730496453895,0.0,0.0,0.0043549911054558315,0.05660377358490566,0.0,0,3,23,16,17,,53,19,3.0000000000000004,0.04255319148936167,6.000000000000003,0.08510638297872337,15,30,25
130,B,all_agents,,,40,30,10,0,22,8,0.40843792728895906,0.22963539855451384,0.9972265224724325,0.09769244377996687,920,30,0.75,51,5.882352941176471,1.607843137254902,31.275,5536,,,,,,,,,,,,,,,,,,,,,,,,,,,
130,B,participants_only,,,30,30,0,0,22,8,0.4700859470016893,0.23561146981560377,0.9972265224724325,0.11497759947127822,920,30,1.0,51,5.882352941176471,1.607843137254902,25.033333333333335,5536,,,,,,,,,,,,,,,,,,,,,,,,,,,
130,B,nonparticipants_only,,,10,0,10,0,0,0,0.22349386815076816,0.2195407300214151,0.2612928069312971,0.00023123669201862145,0,0,0.0,0,0.0,0.0,50.0,0,,,,,,,,,,,,,,,,,,,,,,,,,,,
130,B,step_totals,,,,,,,,,,,,,,,,,,,,,68.70000000000007,11.5,0.1673944687045122,,,47.0,0.6841339155749628,0.0,0.0,0.004700079578011657,0.0851063829787234,0.0,0,4,17,43,23,,47,27,4.200000000000001,0.06113537117903925,6.000000000000003,0.08733624454148466,21,30,26
130,B,reachability,0.25,0.0,,,,,,,,,,,,,,,,,,,,,,,,,,,,,,,,,,,,,,,,,,,,,
131,B,all_agents,,,40,30,10,0,22,8,0.40881723372861634,0.2294136719533956,0.9973374615735352,0.09814554710326708,928,30,0.75,51,5.882352941176471,1.607843137254902,31.125,5589,,,,,,,,,,,,,,,,,,,,,,,,,,,
131,B,participants_only,,,30,30,0,0,22,8,0.47046967884336255,0.2354667795329457,0.9973374615735352,0.11558041746072448,928,30,1.0,51,5.882352941176471,1.607843137254902,24.833333333333332,5589,,,,,,,,,,,,,,,,,,,,,,,,,,,
131,B,nonparticipants_only,,,10,0,10,0,0,0,0.22385989838437773,0.21984451027446145,0.26139330614570827,0.00022864816737333074,0,0,0.0,0,0.0,0.0,50.0,0,,,,,,,,,,,,,,,,,,,,,,,,,,,
131,B,step_totals,,,,,,,,,,,,,,,,,,,,,70.50000000000006,8.5,0.12056737588652472,,,53.0,0.7517730496453895,0.0,0.0,0.00454541044345768,0.1509433962264151,0.0,0,8,23,16,17,,53,19,3.0000000000000004,0.04255319148936167,6.000000000000003,0.08510638297872337,15,30,25
132,B,all_agents,,,40,30,10,0,22,8,0.4090806454940538,0.22937546242349852,0.9974439631105938,0.09823408875923788,936,30,0.75,51,5.882352941176471,1.607843137254902,31.275,5634,,,,,,,,,,,,,,,,,,,,,,,,,,,
132,B,participants_only,,,30,30,0,0,22,8,0.4706995226925936,0.2355443553816479,0.9974439631105938,0.11571613700105828,936,30,1.0,51,5.882352941176471,1.607843137254902,25.033333333333335,5634,,,,,,,,,,,,,,,,,,,,,,,,,,,
132,B,nonparticipants_only,,,10,0,10,0,0,0,0.22422401389843458,0.21963793012784705,0.2611145877995284,0.0002253117072720515,0,0,0.0,0,0.0,0.0,50.0,0,,,,,,,,,,,,,,,,,,,,,,,,,,,
132,B,step_totals,,,,,,,,,,,,,,,,,,,,,68.70000000000006,11.5,0.16739446870451222,,,47.0,0.6841339155749631,0.0,0.0,0.004535652890819547,0.1702127659574468,0.0,0,8,17,43,23,,47,27,4.200000000000001,0.06113537117903926,6.000000000000003,0.08733624454148468,21,30,26
133,B,all_agents,,,40,30,10,0,22,8,0.40944174617458196,0.2298038634231387,0.99754620458617,0.0986772032866939,939,30,0.75,51,5.882352941176471,1.607843137254902,31.125,5687,,,,,,,,,,,,,,,,,,,,,,,,,,,
133,B,participants_only,,,30,30,0,0,22,8,0.4710603724849895,0.23610279116700422,0.99754620458617,0.11630801620077717,939,30,1.0,51,5.882352941176471,1.607843137254902,24.833333333333332,5687,,,,,,,,,,,,,,,,,,,,,,,,,,,
133,B,nonparticipants_only,,,10,0,10,0,0,0,0.22458586724335944,0.21981768700663168,0.2613275500059101,0.00022250324386435894,0,0,0.0,0,0.0,0.0,50.0,0,,,,,,,,,,,,,,,,,,,,,,,,,,,
133,B,step_totals,,,,,,,,,,,,,,,,,,,,,70.50000000000004,8.5,0.12056737588652475,,,53.0,0.7517730496453896,0.0,0.0,0.004486756074163913,0.05660377358490566,0.0,0,3,23,16,17,,53,19,3.0000000000000004,0.04255319148936168,6.000000000000003,0.08510638297872339,15,30,25
134,B,all_agents,,,40,30,10,0,22,8,0.4096710814973097,0.23023918835394883,0.9976443564027232,0.09873920207179117,945,30,0.75,51,5.882352941176471,1.607843137254902,31.275,5731,,,,,,,,,,,,,,,,,,,,,,,,,,,
134,B,participants_only,,,30,30,0,0,22,8,0.47124629694496006,0.23544849476620425,0.9976443564027232,0.11641278891494136,945,30,1.0,51,5.882352941176471,1.607843137254902,25.033333333333335,5731,,,,,,,,,,,,,,,,,,,,,,,,,,,
134,B,nonparticipants_only,,,10,0,10,0,0,0,0.2249454351543587,0.2206289876434045,0.261392651856676,0.00022035565324590042,0,0,0.0,0,0.0,0.0,50.0,0,,,,,,,,,,,,,,,,,,,,,,,,,,,
134,B,step_totals,,,,,,,,,,,,,,,,,,,,,68.70000000000006,11.5,0.16739446870451222,,,47.0,0.6841339155749631,0.0,0.0,0.004421228052056913,0.1276595744680851,0.0,0,6,17,43,23,,47,27,4.200000000000001,0.06113537117903926,6.000000000000003,0.08733624454148468,21,30,26
135,B,all_agents,,,40,30,10,0,22,8,0.4100149356538621,0.23044486064449696,0.9977385821466143,0.09917297115386187,951,30,0.75,51,5.882352941176471,1.607843137254902,31.125,5784,,,,,,,,,,,,,,,,,,,,,,,,,,,
135,B,participants_only,,,30,30,0,0,22,8,0.4715856175730332,0.23561147056192594,0.9977385821466143,0.11699407105830317,951,30,1.0,51,5.882352941176471,1.607843137254902,24.833333333333332,5784,,,,,,,,,,,,,,,,,,,,,,,,,,,
135,B,nonparticipants_only,,,10,0,10,0,0,0,0.22530288989634867,0.2216425814854066,0.2609912675862282,0.0002182849766369823,0,0,0.0,0,0.0,0.0,50.0,0,,,,,,,,,,,,,,,,,,,,,,,,,,,
135,B,step_totals,,,,,,,,,,,,,,,,,,,,,70.70000000000006,8.5,0.12022630834512013,,,53.0,0.749646393210749,0.0,0.0,0.004418212947455687,0.11320754716981132,0.0,0,6,23,16,17,,53,19,3.2000000000000006,0.045261669024045235,6.000000000000003,0.08486562942008483,16,30,25
136,B,all_agents,,,40,30,10,0,22,8,0.41026613440492604,0.23005966277644663,0.9978290388607497,0.09924795442708034,965,30,0.75,51,5.882352941176471,1.607843137254902,31.275,5830,,,,,,,,,,,,,,,,,,,,,,,,,,,
136,B,participants_only,,,30,30,0,0,22,8,0.47180207077438296,0.23523560692644124,0.9978290388607497,0.11711192342944446,965,30,1.0,51,5.882352941176471,1.607843137254902,25.033333333333335,5830,,,,,,,,,,,,,,,,,,,,,,,,,,,
136,B,nonparticipants_only,,,10,0,10,0,0,0,0.22565832529655527,0.22184125435572277,0.26227722931786757,0.00021598984159774766,0,0,0.0,0,0.0,0.0,50.0,0,,,,,,,,,,,,,,,,,,,,,,,,,,,
136,B,step_totals,,,,,,,,,,,,,,,,,,,,,68.70000000000006,11.5,0.16739446870451222,,,47.0,0.6841339155749631,0.0,0.0,0.0045030706408021445,0.2978723404255319,0.0,0,14,17,43,23,,47,27,4.200000000000001,0.06113537117903926,6.000000000000003,0.08733624454148468,21,30,26
137,B,all_agents,,,40,30,10,0,22,8,0.41057153195102886,0.23038055042178046,0.9979158773063197,0.09965353896943203,972,30,0.75,51,5.882352941176471,1.607843137254902,31.125,5882,,,,,,,,,,,,,,,,,,,,,,,,,,,
137,B,participants_only,,,30,30,0,0,22,8,0.47209146722797224,0.23489858530840346,0.9979158773063197,0.11766138291592004,972,30,1.0,51,5.882352941176471,1.607843137254902,24.833333333333332,5882,,,,,,,,,,,,,,,,,,,,,,,,,,,
137,B,nonparticipants_only,,,10,0,10,0,0,0,0.22601172612019862,0.22218417868059914,0.26237426093407645,0.00021357789221632332,0,0,0.0,0,0.0,0.0,50.0,0,,,,,,,,,,,,,,,,,,,,,,,,,,,
137,B,step_totals,,,,,,,,,,,,,,,,,,,,,70.70000000000006,8.5,0.12022630834512013,,,53.0,0.749646393210749,0.0,0.0,0.00429106371417004,0.1320754716981132,0.0,0,7,23,16,17,,53,19,3.2000000000000006,0.045261669024045235,6.000000000000003,0.08486562942008483,16,30,25
138,B,all_agents,,,40,30,10,0,22,8,0.4108314707121142,0.2301920483349611,0.9979992422140669,0.09973781311084395,978,30,0.75,51,5.882352941176471,1.607843137254902,31.275,5929,,,,,,,,,,,,,,,,,,,,,,,,,,,
138,B,participants_only,,,30,30,0,0,22,8,0.47232086818639746,0.2351878613447741,0.9979992422140669,0.11778981894052519,978,30,1.0,51,5.882352941176471,1.607843137254902,25.033333333333335,5929,,,,,,,,,,,,,,,,,,,,,,,,,,,
138,B,nonparticipants_only,,,10,0,10,0,0,0,0.22636327828926414,0.222014552166395,0.2621051594116882,0.00021044360079541886,0,0,0.0,0,0.0,0.0,50.0,0,,,,,,,,,,,,,,,,,,,,,,,,,,,
138,B,step_totals,,,,,,,,,,,,,,,,,,,,,68.70000000000006,11.5,0.16739446870451222,,,47.0,0.6841339155749631,0.0,0.0,0.004538056232670949,0.1276595744680851,0.0,0,6,17,43,23,,47,27,4.200000000000001,0.06113537117903926,6.000000000000003,0.08733624454148468,21,30,26
139,B,all_agents,,,40,30,10,0,22,8,0.4111186188299602,0.23011155104333997,0.9980792725255042,0.10013270915148491,984,30,0.75,51,5.882352941176471,1.607843137254902,31.125,5980,,,,,,,,,,,,,,,,,,,,,,,,,,,
139,B,participants_only,,,30,30,0,0,22,8,0.47258727632578673,0.23499968190402798,0.9980792725255042,0.11832742299694637,984,30,1.0,51,5.882352941176471,1.607843137254902,24.833333333333332,5980,,,,,,,,,,,,,,,,,,,,,,,,,,,
139,B,nonparticipants_only,,,10,0,10,0,0,0,0.22671264634248053,0.2221585302906786,0.2623107736266618,0.00020781736302969255,0,0,0.0,0,0.0,0.0,50.0,0,,,,,,,,,,,,,,,,,,,,,,,,,,,
139,B,step_totals,,,,,,,,,,,,,,,,,,,,,70.50000000000006,8.5,0.12056737588652472,,,53.0,0.7517730496453895,0.0,0.0,0.004244343886542438,0.11320754716981132,0.0,0,6,23,16,17,,53,19,3.0000000000000004,0.04255319148936167,6.000000000000003,0.08510638297872337,15,30,25
140,B,all_agents,,,40,30,10,0,22,8,0.4113656614867963,0.23058863508134325,0.9981561016244841,0.10020774673614939,987,30,0.75,51,5.882352941176471,1.607843137254902,31.275,6026,,,,,,,,,,,,,,,,,,,,,,,,,,,
140,B,participants_only,,,30,30,0,0,22,8,0.4728009460431362,0.23512370897680757,0.9981561016244841,0.118444543218044,987,30,1.0,51,5.882352941176471,1.607843137254902,25.033333333333335,6026,,,,,,,,,,,,,,,,,,,,,,,,,,,
140,B,nonparticipants_only,,,10,0,10,0,0,0,0.22705980781777654,0.2229914636507541,0.2623736292204592,0.0002058270282440778,0,0,0.0,0,0.0,0.0,50.0,0,,,,,,,,,,,,,,,,,,,,,,,,,,,
140,B,step_totals,,,,,,,,,,,,,,,,,,,,,68.70000000000006,11.5,0.16739446870451222,,,47.0,0.6841339155749631,0.0,0.0,0.0044972137438945734,0.06382978723404255,0.0,0,3,17,43,23,,47,27,4.200000000000001,0.06113537117903926,6.000000000000003,0.08733624454148468,21,30,26
140,B,reachability,0.25,0.0,,,,,,,,,,,,,,,,,,,,,,,,,,,,,,,,,,,,,,,,,,,,,
141,B,all_agents,,,40,30,10,0,22,8,0.4116637659732679,0.23091177815613,0.9982298575595048,0.10061414285556097,998,30,0.75,51,5.882352941176471,1.607843137254902,31.125,6079,,,,,,,,,,,,,,,,,,,,,,,,,,,
141,B,participants_only,,,30,30,0,0,22,8,0.4730833782855954,0.2356574984446796,0.9982298575595048,0.11899474537230027,998,30,1.0,51,5.882352941176471,1.607843137254902,24.833333333333332,6079,,,,,,,,,,,,,,,,,,,,,,,,,,,
141,B,nonparticipants_only,,,10,0,10,0,0,0,0.22740492903628556,0.2238212065981578,0.261986094206275,0.00020390998618378367,0,0,0.0,0,0.0,0.0,50.0,0,,,,,,,,,,,,,,,,,,,,,,,,,,,
141,B,step_totals,,,,,,,,,,,,,,,,,,,,,70.70000000000006,8.5,0.12022630834512013,,,53.0,0.749646393210749,0.0,0.0,0.004272507433219047,0.20754716981132076,0.0,0,11,23,16,17,,53,19,3.2000000000000006,0.045261669024045235,6.000000000000003,0.08486562942008483,16,30,25
142,B,all_agents,,,40,30,10,0,22,8,0.4118580582096077,0.23094827424935568,0.9983006632571246,0.10064646286298534,1009,30,0.75,51,5.882352941176471,1.607843137254902,31.275,6124,,,,,,,,,,,,,,,,,,,,,,,,,,,
142,B,participants_only,,,30,30,0,0,22,8,0.47322804408352903,0.23503207912741514,0.9983006632571246,0.11906292447668512,1009,30,1.0,51,5.882352941176471,1.607843137254902,25.033333333333335,6124,,,,,,,,,,,,,,,,,,,,,,,,,,,
142,B,nonparticipants_only,,,10,0,10,0,0,0,0.22774810058784378,0.2240673042181541,0.26322768545586533,0.00020177602790235054,0,0,0.0,0,0.0,0.0,50.0,0,,,,,,,,,,,,,,,,,,,,,,,,,,,
142,B,step_totals,,,,,,,,,,,,,,,,,,,,,68.70000000000006,11.5,0.16739446870451222,,,47.0,0.6841339155749631,0.0,0.0,0.004316891481036195,0.23404255319148937,0.0,0,11,17,43,23,,47,27,4.200000000000001,0.06113537117903926,6.000000000000003,0.08733624454148468,21,30,26
143,B,all_agents,,,40,30,10,0,22,8,0.4120993555993805,0.2307809651414467,0.9983686367268396,0.10100827357884652,1019,30,0.75,51,5.882352941176471,1.607843137254902,31.125,6175,,,,,,,,,,,,,,,,,,,,,,,,,,,
143,B,participants_only,,,30,30,0,0,22,8,0.47343603821139796,0.23511360956128263,0.9983686367268396,0.11956243402191614,1019,30,1.0,51,5.882352941176471,1.607843137254902,24.833333333333332,6175,,,,,,,,,,,,,,,,,,,,,,,,,,,
143,B,nonparticipants_only,,,10,0,10,0,0,0,0.22808930776332806,0.224437695836488,0.26332136911895926,0.00019952864346923488,0,0,0.0,0,0.0,0.0,50.0,0,,,,,,,,,,,,,,,,,,,,,,,,,,,
143,B,step_totals,,,,,,,,,,,,,,,,,,,,,70.50000000000006,8.5,0.12056737588652472,,,53.0,0.7517730496453895,0.0,0.0,0.0040937386116538885,0.18867924528301888,0.0,0,10,23,16,17,,53,19,3.0000000000000004,0.04255319148936167,6.000000000000003,0.08510638297872337,15,30,25
144,B,all_agents,,,40,30,10,0,22,8,0.41230239157586496,0.23088537077044055,0.998433891257766,0.10104905585679563,1029,30,0.75,51,5.882352941176471,1.607843137254902,31.275,6220,,,,,,,,,,,,,,,,,,,,,,,,,,,
144,B,participants_only,,,30,30,0,0,22,8,0.47359361207791295,0.23473769149767873,0.998433891257766,0.1196400917526049,1029,30,1.0,51,5.882352941176471,1.607843137254902,25.033333333333335,6220,,,,,,,,,,,,,,,,,,,,,,,,,,,
144,B,nonparticipants_only,,,10,0,10,0,0,0,0.22842873006972111,0.22427959539843634,0.26306155260402864,0.0001965836417998748,0,0,0.0,0,0.0,0.0,50.0,0,,,,,,,,,,,,,,,,,,,,,,,,,,,
144,B,step_totals,,,,,,,,,,,,,,,,,,,,,68.70000000000006,11.5,0.16739446870451222,,,47.0,0.6841339155749631,0.0,0.0,0.004351361513722278,0.2127659574468085,0.0,0,10,17,43,23,,47,27,4.200000000000001,0.06113537117903926,6.000000000000003,0.08733624454148468,21,30,26
145,B,all_agents,,,40,30,10,0,22,8,0.4125576684896926,0.23098906397088842,0.9984965356074554,0.1014237608557216,1034,30,0.75,51,5.882352941176471,1.607843137254902,31.125,6272,,,,,,,,,,,,,,,,,,,,,,,,,,,
145,B,participants_only,,,30,30,0,0,22,8,0.47382154344611743,0.23383872604709585,0.9984965356074554,0.12015392245697196,1034,30,1.0,51,5.882352941176471,1.607843137254902,24.833333333333332,6272,,,,,,,,,,,,,,,,,,,,,,,,,,,
145,B,nonparticipants_only,,,10,0,10,0,0,0,0.22876604362041825,0.2244186057397589,0.2632600723607379,0.00019412755585309916,0,0,0.0,0,0.0,0.0,50.0,0,,,,,,,,,,,,,,,,,,,,,,,,,,,
145,B,step_totals,,,,,,,,,,,,,,,,,,,,,70.50000000000006,8.5,0.12056737588652472,,,53.0,0.7517730496453895,0.0,0.0,0.004144032673721802,0.09433962264150944,0.0,0,5,23,16,17,,53,19,3.0000000000000004,0.04255319148936167,6.000000000000003,0.08510638297872337,15,30,25
146,B,all_agents,,,40,30,10,0,22,8,0.41271595463500804,0.23079686280005102,0.9985566741831572,0.10143423291174229,1038,30,0.75,51,5.882352941176471,1.607843137254902,31.275,6315,,,,,,,,,,,,,,,,,,,,,,,,,,,
146,B,participants_only,,,30,30,0,0,22,8,0.4739208639372196,0.2342320950183136,0.9985566741831572,0.12019738572102065,1038,30,1.0,51,5.882352941176471,1.607843137254902,25.033333333333335,6315,,,,,,,,,,,,,,,,,,,,,,,,,,,
146,B,nonparticipants_only,,,10,0,10,0,0,0,0.22910122672837346,0.22527242541339765,0.26332075920182085,0.00019228341160392227,0,0,0.0,0,0.0,0.0,50.0,0,,,,,,,,,,,,,,,,,,,,,,,,,,,
146,B,step_totals,,,,,,,,,,,,,,,,,,,,,68.90000000000006,11.5,0.16690856313497807,,,47.0,0.682148040638606,0.0,0.0,0.004186050787753567,0.0851063829787234,0.0,0,4,17,43,23,,47,27,4.400000000000001,0.0638606676342525,6.000000000000003,0.08708272859216251,22,30,26
147,B,all_agents,,,40,30,10,0,22,8,0.4129756189058413,0.23123420210986442,0.998614407215831,0.10181728593864661,1045,30,0.75,51,5.882352941176471,1.607843137254902,31.125,6368,,,,,,,,,,,,,,,,,,,,,,,,,,,
147,B,participants_only,,,30,30,0,0,22,8,0.4741560118824483,0.2339751864848833,0.998614407215831,0.12072071626932247,1045,30,1.0,51,5.882352941176471,1.607843137254902,24.833333333333332,6368,,,,,,,,,,,,,,,,,,,,,,,,,,,
147,B,nonparticipants_only,,,10,0,10,0,0,0,0.22943443997602,0.2259246610086411,0.26294659559284034,0.00019050912935412095,0,0,0.0,0,0.0,0.0,50.0,0,,,,,,,,,,,,,,,,,,,,,,,,,,,
147,B,step_totals,,,,,,,,,,,,,,,,,,,,,70.50000000000006,8.5,0.12056737588652472,,,53.0,0.7517730496453895,0.0,0.0,0.004160406313187499,0.1320754716981132,0.0,0,7,23,16,17,,53,19,3.0000000000000004,0.04255319148936167,6.000000000000003,0.08510638297872337,15,30,25
148,B,all_agents,,,40,30,10,0,22,8,0.4131446622592721,0.23052282130799212,0.9986698309271977,0.10182892112702442,1046,30,0.75,51,5.882352941176471,1.607843137254902,31.275,6413,,,,,,,,,,,,,,,,,,,,,,,,,,,
148,B,participants_only,,,30,30,0,0,22,8,0.4742709594031939,0.23401314975719423,0.9986698309271977,0.12076335628372871,1046,30,1.0,51,5.882352941176471,1.607843137254902,25.033333333333335,6413,,,,,,,,,,,,,,,,,,,,,,,,,,,
148,B,nonparticipants_only,,,10,0,10,0,0,0,0.2297657708275064,0.22626151983859327,0.2641453473077099,0.00018852522658717265,0,0,0.0,0,0.0,0.0,50.0,0,,,,,,,,,,,,,,,,,,,,,,,,,,,
148,B,step_totals,,,,,,,,,,,,,,,,,,,,,68.90000000000008,11.5,0.16690856313497804,,,47.0,0.6821480406386059,0.0,0.0,0.0042276025030469995,0.02127659574468085,0.0,0,1,17,43,23,,47,27,4.400000000000001,0.0638606676342525,6.000000000000003,0.0870827285921625,22,30,26
149,B,all_agents,,,40,30,10,0,22,8,0.41337174858675696,0.23138602681319037,0.9987230376901098,0.10218688743766915,1055,30,0.75,51,5.882352941176471,1.607843137254902,31.125,6465,,,,,,,,,,,,,,,,,,,,,,,,,,,
149,B,participants_only,,,30,30,0,0,22,8,0.47446392975526613,0.23408337813533367,0.9987230376901098,0.12125802111301659,1055,30,1.0,51,5.882352941176471,1.607843137254902,24.833333333333332,6465,,,,,,,,,,,,,,,,,,,,,,,,,,,
149,B,nonparticipants_only,,,10,0,10,0,0,0,0.23009520508122924,0.22656925656290075,0.26423579853457385,0.0001864312125154068,0,0,0.0,0,0.0,0.0,50.0,0,,,,,,,,,,,,,,,,,,,,,,,,,,,
149,B,step_totals,,,,,,,,,,,,,,,,,,,,,70.50000000000006,8.5,0.12056737588652472,,,53.0,0.7517730496453895,0.0,0.0,0.00405152573612318,0.16981132075471697,0.0,0,9,23,16,17,,53,19,3.0000000000000004,0.04255319148936167,6.000000000000003,0.08510638297872337,15,30,25
150,B,all_agents,,,40,30,10,0,22,8,0.4135708513802971,0.23118538807147557,0.9987741161825054,0.10222606353742442,1062,30,0.75,51,5.882352941176471,1.607843137254902,31.275,6512,,,,,,,,,,,,,,,,,,,,,,,,,,,
150,B,participants_only,,,30,30,0,0,22,8,0.47462016315689287,0.23413977754389342,0.9987741161825054,0.12133212302085276,1062,30,1.0,51,5.882352941176471,1.607843137254902,25.033333333333335,6512,,,,,,,,,,,,,,,,,,,,,,,,,,,
150,B,nonparticipants_only,,,10,0,10,0,0,0,0.2304229160505099,0.22646648618037357,0.2639849466596696,0.00018366346638745517,0,0,0.0,0,0.0,0.0,50.0,0,,,,,,,,,,,,,,,,,,,,,,,,,,,
150,B,step_totals,,,,,,,,,,,,,,,,,,,,,68.90000000000006,11.5,0.16690856313497807,,,47.0,0.682148040638606,0.0,0.0,0.004335271547701934,0.14893617021276595,0.0,0,7,17,43,23,,47,27,4.400000000000001,0.0638606676342525,6.000000000000003,0.08708272859216251,22,30,26
150,B,reachability,0.25,0.0,,,,,,,,,,,,,,,,,,,,,,,,,,,,,,,,,,,,,,,,,,,,,
151,B,all_agents,,,40,30,10,0,22,8,0.4138062958811881,0.23128496292143988,0.9988231515352052,0.10259290614476671,1068,30,0.75,51,5.882352941176471,1.607843137254902,31.125,6563,,,,,,,,,,,,,,,,,,,,,,,,,,,
151,B,participants_only,,,30,30,0,0,22,8,0.47482553083357043,0.23380414802421878,0.9988231515352052,0.12183669796717886,1068,30,1.0,51,5.882352941176471,1.607843137254902,24.833333333333332,6563,,,,,,,,,,,,,,,,,,,,,,,,,,,
151,B,nonparticipants_only,,,10,0,10,0,0,0,0.2307485910240411,0.22658914222345744,0.2641766167434184,0.00018136626744180348,0,0,0.0,0,0.0,0.0,50.0,0,,,,,,,,,,,,,,,,,,,,,,,,,,,
151,B,step_totals,,,,,,,,,,,,,,,,,,,,,70.50000000000004,8.5,0.12056737588652475,,,53.0,0.7517730496453896,0.0,0.0,0.004082655250668326,0.11320754716981132,0.0,0,6,23,16,17,,53,20,3.0000000000000004,0.04255319148936168,6.000000000000003,0.08510638297872339,15,30,25
152,B,all_agents,,,40,30,10,0,22,8,0.41396915901872305,0.2315337521041584,0.998870225473797,0.10260441913826039,1075,30,0.75,51,5.882352941176471,1.607843137254902,31.275,6608,,,,,,,,,,,,,,,,,,,,,,,,,,,
152,B,participants_only,,,30,30,0,0,22,8,0.4749348090039437,0.23367565677380805,0.998870225473797,0.12187876426764126,1075,30,1.0,51,5.882352941176471,1.607843137254902,25.033333333333335,6608,,,,,,,,,,,,,,,,,,,,,,,,,,,
152,B,nonparticipants_only,,,10,0,10,0,0,0,0.23107220906306095,0.22747468547718508,0.26423520966185443,0.0001796580126725192,0,0,0.0,0,0.0,0.0,50.0,0,,,,,,,,,,,,,,,,,,,,,,,,,,,
152,B,step_totals,,,,,,,,,,,,,,,,,,,,,68.90000000000008,11.5,0.16690856313497804,,,47.0,0.6821480406386059,0.0,0.0,0.004212460047048072,0.14893617021276595,0.0,0,7,17,43,23,,47,27,4.400000000000001,0.0638606676342525,6.000000000000003,0.0870827285921625,22,30,26
153,B,all_agents,,,40,30,10,0,22,8,0.414174370794218,0.2314212124473221,0.9989154164548452,0.10294757499883998,1082,30,0.75,51,5.882352941176471,1.607843137254902,31.125,6659,,,,,,,,,,,,,,,,,,,,,,,,,,,
153,B,participants_only,,,30,30,0,0,22,8,0.47510118598918766,0.2333941043450018,0.9989154164548452,0.12235578730300854,1082,30,1.0,51,5.882352941176471,1.607843137254902,24.833333333333332,6659,,,,,,,,,,,,,,,,,,,,,,,,,,,
153,B,nonparticipants_only,,,10,0,10,0,0,0,0.23139392520930901,0.22795553838680288,0.26387395609466385,0.00017801636871046648,0,0,0.0,0,0.0,0.0,50.0,0,,,,,,,,,,,,,,,,,,,,,,,,,,,
153,B,step_totals,,,,,,,,,,,,,,,,,,,,,70.50000000000006,8.5,0.12056737588652472,,,53.0,0.7517730496453895,0.0,0.0,0.003981654162290771,0.1320754716981132,0.0,0,7,23,16,17,,53,20,3.0000000000000004,0.04255319148936167,6.000000000000003,0.08510638297872337,15,30,25
154,B,all_agents,,,40,30,10,0,22,8,0.4143363662148545,0.23099572063499624,0.9989587997966514,0.10295624183677032,1090,30,0.75,51,5.882352941176471,1.607843137254902,31.275,6704,,,,,,,,,,,,,,,,,,,,,,,,,,,
154,B,participants_only,,,30,30,0,0,22,8,0.47521054698344123,0.2338147159387085,0.9989587997966514,0.12239360152503932,1090,30,1.0,51,5.882352941176471,1.607843137254902,25.033333333333335,6704,,,,,,,,,,,,,,,,,,,,,,,,,,,
154,B,nonparticipants_only,,,10,0,10,0,0,0,0.2317138239090941,0.22838002682602798,0.2650313463987408,0.0001761721610043509,0,0,0.0,0,0.0,0.0,50.0,0,,,,,,,,,,,,,,,,,,,,,,,,,,,
154,B,step_totals,,,,,,,,,,,,,,,,,,,,,68.90000000000006,11.5,0.16690856313497807,,,47.0,0.682148040638606,0.0,0.0,0.00421213002716002,0.1702127659574468,0.0,0,8,17,43,23,,47,27,4.400000000000001,0.0638606676342525,6.000000000000003,0.08708272859216251,22,30,26
155,B,all_agents,,,40,30,10,0,22,8,0.41455033870051033,0.2310659981541604,0.9990004478047854,0.10330907304789627,1094,30,0.75,51,5.882352941176471,1.607843137254902,31.125,6754,,,,,,,,,,,,,,,,,,,,,,,,,,,
155,B,participants_only,,,30,30,0,0,22,8,0.4753898211170734,0.2335540426259744,0.9990004478047854,0.12288158655330952,1094,30,1.0,51,5.882352941176471,1.607843137254902,24.833333333333332,6754,,,,,,,,,,,,,,,,,,,,,,,,,,,
155,B,nonparticipants_only,,,10,0,10,0,0,0,0.23203189145082115,0.22862727048413192,0.26511867672049605,0.00017422108307305528,0,0,0.0,0,0.0,0.0,50.0,0,,,,,,,,,,,,,,,,,,,,,,,,,,,
155,B,step_totals,,,,,,,,,,,,,,,,,,,,,70.50000000000006,8.5,0.12056737588652472,,,53.0,0.7517730496453895,0.0,0.0,0.004013320457716974,0.07547169811320754,0.0,0,4,23,16,17,,53,20,3.0000000000000004,0.04255319148936167,6.000000000000003,0.08510638297872337,15,30,25
156,B,all_agents,,,40,30,10,0,22,8,0.41472349425830507,0.23148241414721987,0.9990404298925939,0.1033275643920449,1101,30,0.75,51,5.882352941176471,1.607843137254902,31.275,6800,,,,,,,,,,,,,,,,,,,,,,,,,,,
156,B,participants_only,,,30,30,0,0,22,8,0.4755152272884552,0.23363520743833593,0.9990404298925939,0.12293034018792408,1101,30,1.0,51,5.882352941176471,1.607843137254902,25.033333333333335,6800,,,,,,,,,,,,,,,,,,,,,,,,,,,
156,B,nonparticipants_only,,,10,0,10,0,0,0,0.2323482951678547,0.22857792106358865,0.2648764801720596,0.00017161934669876608,0,0,0.0,0,0.0,0.0,50.0,0,,,,,,,,,,,,,,,,,,,,,,,,,,,
156,B,step_totals,,,,,,,,,,,,,,,,,,,,,68.90000000000006,11.5,0.16690856313497807,,,47.0,0.682148040638606,0.0,0.0,0.004254505184255905,0.14893617021276595,0.0,0,7,17,43,23,,47,27,4.400000000000001,0.0638606676342525,6.000000000000003,0.08708272859216251,22,30,26
