step,condition,population,skill_reachability,resource_reachability,n_agents,maker_count,stage_consumer,stage_customizer,stage_maker,stage_advanced_maker,skill_mean,skill_median,skill_max,skill_var,method_count_total,method_holders,method_adoption_rate,method_peer_held,knowledge_diffusion_lag_mean,hop_count_mean,latent_distributed_resources,completed_projects_total,time_total,time_practice,time_share_practice,time_observe,time_share_observe,time_make,time_share_make,time_idle,time_share_idle,skill_gain_per_time,method_self_discovery_per_time,method_peer_acquisition_per_time,peer_acquired_count,self_discovered_count,reject_time_budget_exceeded,reject_missing_asset,count_practice,count_observe,count_make,count_idle,time_ask,time_share_ask,time_share,time_share_share,count_ask,count_share,reject_insufficient_material
0,B,reachability,0.65,0.0,,,,,,,,,,,,,,,,,,,,,,,,,,,,,,,,,,,,,,,,,,,,,
1,B,all_agents,,,40,0,18,22,0,0,0.16339611922692113,0.13492574603709384,0.6808536421606997,0.013268727981024856,5,4,0.1,0,0.0,0.0,26.225,30,,,,,,,,,,,,,,,,,,,,,,,,,,,
1,B,participants_only,,,30,0,8,22,0,0,0.1621298180055855,0.12445322862384564,0.6808536421606997,0.013596430687448178,5,4,0.13333333333333333,0,0.0,0.0,24.966666666666665,30,,,,,,,,,,,,,,,,,,,,,,,,,,,
1,B,nonparticipants_only,,,10,0,10,0,0,0,0.1671950228909279,0.1560341173753483,0.520165958722787,0.01226637763635702,0,0,0.0,0,0.0,0.0,30.0,0,,,,,,,,,,,,,,,,,,,,,,,,,,,
1,B,step_totals,,,,,,,,,,,,,,,,,,,,,83.49999999999997,19.5,0.23353293413173662,4.000000000000002,0.047904191616766505,60.0,0.7185628742514972,0.0,0.0,0.01869616400109852,0.08333333333333333,0.0,0,5,30,23,39,40,60,29,,,,,,,
2,B,all_agents,,,40,3,15,22,3,0,0.16917406864439907,0.13709210213473627,0.6774493739498961,0.013311119135690443,13,10,0.25,3,1.0,1.0,27.45,59,,,,,,,,,,,,,,,,,,,,,,,,,,,
2,B,participants_only,,,30,3,5,22,3,0,0.1695718983780943,0.1269478210236463,0.6774493739498961,0.013817977962652328,13,10,0.3333333333333333,3,1.0,1.0,24.933333333333334,59,,,,,,,,,,,,,,,,,,,,,,,,,,,
2,B,nonparticipants_only,,,10,0,10,0,0,0,0.16798057944331338,0.15525394678847154,0.5175651289291731,0.011788643432840643,0,0,0.0,0,0.0,0.0,35.0,0,,,,,,,,,,,,,,,,,,,,,,,,,,,
2,B,step_totals,,,,,,,,,,,,,,,,,,,,,88.80000000000001,20.0,0.2252252252252252,4.000000000000002,0.04504504504504506,60.0,0.6756756756756755,0.0,0.0,0.01707712686994163,0.08333333333333333,0.3409090909090911,3,5,18,21,40,40,60,29,4.200000000000001,0.0472972972972973,0.6000000000000001,0.006756756756756757,21,3,
3,B,all_agents,,,40,5,11,24,5,0,0.17564541819348103,0.14183378912238687,0.6740621270801467,0.01343410296567801,30,23,0.575,13,1.3846153846153846,1.0,29.1,96,,,,,,,,,,,,,,,,,,,,,,,,,,,
3,B,participants_only,,,30,5,1,24,5,0,0.1779416112028499,0.1408202584973161,0.6740621270801467,0.014112663627787146,30,23,0.7666666666666667,13,1.3846153846153846,1.0,25.466666666666665,96,,,,,,,,,,,,,,,,,,,,,,,,,,,
3,B,nonparticipants_only,,,10,0,10,0,0,0,0.16875683916537448,0.1544776770545292,0.5149773032845272,0.011335150951315305,0,0,0.0,0,0.0,0.0,40.0,0,,,,,,,,,,,,,,,,,,,,,,,,,,,
3,B,step_totals,,,,,,,,,,,,,,,,,,,,,88.60000000000002,20.0,0.22573363431151236,3.800000000000002,0.04288939051918737,59.0,0.6659142212189615,0.0,0.0,0.018990194661542215,0.11864406779661017,1.0416666666666672,10,7,16,21,40,38,59,28,4.000000000000001,0.045146726862302484,1.7999999999999998,0.02031602708803611,20,9,
4,B,all_agents,,,40,6,10,24,6,0,0.18029543058062342,0.14276467937249604,0.670691816444746,0.013600497664000736,43,26,0.65,23,1.4782608695652173,1.173913043478261,31.225,119,,,,,,,,,,,,,,,,,,,,,,,,,,,
4,B,participants_only,,,30,6,0,24,6,0,0.18388589573326627,0.14114156016528295,0.670691816444746,0.014447471261850895,43,26,0.8666666666666667,23,1.4782608695652173,1.173913043478261,26.633333333333333,119,,,,,,,,,,,,,,,,,,,,,,,,,,,
4,B,nonparticipants_only,,,10,0,10,0,0,0,0.1695240351226949,0.15370528866925653,0.5124024167681045,0.010904879590302148,0,0,0.0,0,0.0,0.0,45.0,0,,,,,,,,,,,,,,,,,,,,,,,,,,,
4,B,step_totals,,,,,,,,,,,,,,,,,,,,,83.70000000000005,20.0,0.2389486260454001,3.900000000000002,0.04659498207885305,51.0,0.6093189964157703,0.0,0.0,0.014981442998796505,0.058823529411764705,0.7874015748031507,10,3,9,27,40,39,51,35,4.400000000000001,0.05256869772998804,4.400000000000001,0.05256869772998804,22,22,15
5,B,all_agents,,,40,6,10,24,6,0,0.18531869721430178,0.14904077585077977,0.6673383573625222,0.01372308445107266,55,30,0.75,34,1.9705882352941178,1.3235294117647058,33.575,146,,,,,,,,,,,,,,,,,,,,,,,,,,,
5,B,participants_only,,,30,6,0,24,6,0,0.1903306250965262,0.14857200071626467,0.6673383573625222,0.014698744621276924,55,30,1.0,34,1.9705882352941178,1.3235294117647058,28.1,146,,,,,,,,,,,,,,,,,,,,,,,,,,,
5,B,nonparticipants_only,,,10,0,10,0,0,0,0.17028291356762837,0.15293676222591027,0.509840404684264,0.010494670887300443,0,0,0.0,0,0.0,0.0,50.0,0,,,,,,,,,,,,,,,,,,,,,,,,,,,
5,B,step_totals,,,,,,,,,,,,,,,,,,,,,83.30000000000007,20.0,0.24009603841536595,3.5000000000000018,0.042016806722689065,50.0,0.6002400960384149,0.0,0.0,0.01616144867648062,0.02,0.8270676691729335,11,1,7,25,40,35,50,35,4.800000000000002,0.05762304921968785,5.000000000000002,0.06002400960384151,24,25,20
6,B,all_agents,,,40,8,10,22,8,0,0.18987303310442438,0.1533318676844576,0.6640016655757096,0.01386997701152058,67,30,0.75,41,2.1707317073170733,1.3414634146341464,33.85,171,,,,,,,,,,,,,,,,,,,,,,,,,,,
6,B,participants_only,,,30,8,0,22,8,0,0.19615288776098186,0.15515968123663154,0.6640016655757096,0.014967497519112402,67,30,1.0,41,2.1707317073170733,1.3414634146341464,28.466666666666665,171,,,,,,,,,,,,,,,,,,,,,,,,,,,
6,B,nonparticipants_only,,,10,0,10,0,0,0,0.1710334691347519,0.1521720784147807,0.5072912026608426,0.010104176594655269,0,0,0.0,0,0.0,0.0,50.0,0,,,,,,,,,,,,,,,,,,,,,,,,,,,
6,B,step_totals,,,,,,,,,,,,,,,,,,,,,80.80000000000007,20.0,0.24752475247524733,3.2000000000000015,0.03960396039603959,46.0,0.5693069306930688,0.0,0.0,0.015424239099566396,0.10869565217391304,0.47297297297297375,7,5,3,32,40,32,46,39,6.000000000000003,0.07425742574257423,5.600000000000002,0.06930693069306927,30,28,28
7,B,all_agents,,,40,9,10,21,9,0,0.19570571581597587,0.16577306085996177,0.660681657247831,0.014161369955082216,74,30,0.75,43,2.3255813953488373,1.372093023255814,33.55,205,,,,,,,,,,,,,,,,,,,,,,,,,,,
7,B,participants_only,,,30,9,0,21,9,0,0.20368264411040043,0.16922747831292884,0.660681657247831,0.015381736831956119,74,30,1.0,43,2.3255813953488373,1.372093023255814,28.066666666666666,205,,,,,,,,,,,,,,,,,,,,,,,,,,,
7,B,nonparticipants_only,,,10,0,10,0,0,0,0.1717749309327021,0.1514112180227068,0.5047547466475384,0.009736692704287807,0,0,0.0,0,0.0,0.0,50.0,0,,,,,,,,,,,,,,,,,,,,,,,,,,,
7,B,step_totals,,,,,,,,,,,,,,,,,,,,,91.70000000000009,19.5,0.21264994547437274,0.4,0.004362050163576877,60.0,0.6543075245365315,0.0,0.0,0.016762783012701527,0.08333333333333333,0.16393442622950835,2,5,7,31,39,4,60,38,6.000000000000003,0.06543075245365318,5.8000000000000025,0.06324972737186474,30,29,22
8,B,all_agents,,,40,10,10,20,10,0,0.20103107845214668,0.17163805196564658,0.6573782489615918,0.014445683993348135,85,30,0.75,46,2.5434782608695654,1.4130434782608696,33.55,237,,,,,,,,,,,,,,,,,,,,,,,,,,,
8,B,participants_only,,,30,10,0,20,10,0,0.21053859186597149,0.1749132965550317,0.6573782489615918,0.01577037405747213,85,30,1.0,46,2.5434782608695654,1.4130434782608696,28.066666666666666,237,,,,,,,,,,,,,,,,,,,,,,,,,,,
8,B,nonparticipants_only,,,10,0,10,0,0,0,0.17250853821067233,0.1506541619325933,0.5022309729143007,0.009386900065207444,0,0,0.0,0,0.0,0.0,50.0,0,,,,,,,,,,,,,,,,,,,,,,,,,,,
8,B,step_totals,,,,,,,,,,,,,,,,,,,,,86.3000000000001,19.5,0.2259559675550403,0.4,0.004634994206257237,54.0,0.625724217844727,0.0,0.0,0.016525843175207687,0.14814814814814814,0.23437500000000025,3,8,6,41,39,4,54,39,6.600000000000003,0.07647740440324445,5.8000000000000025,0.06720741599072996,33,29,29
9,B,all_agents,,,40,12,10,18,12,0,0.20635223363251284,0.17633701809862035,0.6540913577167838,0.01494256773240661,97,30,0.75,52,3.0576923076923075,1.4423076923076923,33.25,270,,,,,,,,,,,,,,,,,,,,,,,,,,,
9,B,participants_only,,,30,12,0,18,12,0,0.21739138009822498,0.1831641635894814,0.6540913577167838,0.01641834818576336,97,30,1.0,52,3.0576923076923075,1.4423076923076923,27.666666666666668,270,,,,,,,,,,,,,,,,,,,,,,,,,,,
9,B,nonparticipants_only,,,10,0,10,0,0,0,0.17323479423537644,0.1499008911229303,0.49971981804972926,0.00905287331603902,0,0,0.0,0,0.0,0.0,50.0,0,,,,,,,,,,,,,,,,,,,,,,,,,,,
9,B,step_totals,,,,,,,,,,,,,,,,,,,,,88.2000000000001,19.0,0.2154195011337866,0.2,0.002267573696145122,57.0,0.6462585034013598,0.0,0.0,0.016084045410493863,0.10526315789473684,0.491803278688525,6,6,9,31,38,2,57,37,6.200000000000003,0.07029478458049881,5.8000000000000025,0.06575963718820857,31,29,29
10,B,all_agents,,,40,13,10,17,13,0,0.21089182360641825,0.18305488110398327,0.6581419208553242,0.01550132882998442,100,30,0.75,52,3.0576923076923075,1.4423076923076923,33.0,298,,,,,,,,,,,,,,,,,,,,,,,,,,,
10,B,participants_only,,,30,13,0,17,13,0,0.22320487486844592,0.19133252195358658,0.6581419208553242,0.017149144523408114,100,30,1.0,52,3.0576923076923075,1.4423076923076923,27.333333333333332,298,,,,,,,,,,,,,,,,,,,,,,,,,,,
10,B,nonparticipants_only,,,10,0,10,0,0,0,0.17395266982033536,0.14915138666731564,0.4972212189594806,0.008738546973137489,0,0,0.0,0,0.0,0.0,50.0,0,,,,,,,,,,,,,,,,,,,,,,,,,,,
10,B,step_totals,,,,,,,,,,,,,,,,,,,,,83.70000000000009,19.5,0.232974910394265,0.2,0.002389486260454,52.0,0.62126642771804,0.0,0.0,0.014797793093056729,0.057692307692307696,0.0,0,3,9,45,39,2,52,34,6.200000000000003,0.07407407407407403,5.8000000000000025,0.06929510155316602,31,29,26
10,B,reachability,0.425,0.0,,,,,,,,,,,,,,,,,,,,,,,,,,,,,,,,,,,,,,,,,,,,,
11,B,all_agents,,,40,14,10,16,14,0,0.2159108943166351,0.18527124726603303,0.6718162440211112,0.016134413785839522,106,30,0.75,54,3.2777777777777777,1.462962962962963,32.525,330,,,,,,,,,,,,,,,,,,,,,,,,,,,
11,B,participants_only,,,30,14,0,16,14,0,0.22965985290799354,0.19453326229769596,0.6718162440211112,0.017944210258865907,106,30,1.0,54,3.2777777777777777,1.462962962962963,26.7,330,,,,,,,,,,,,,,,,,,,,,,,,,,,
11,B,nonparticipants_only,,,10,0,10,0,0,0,0.17466401854255972,0.14840562973397908,0.49473511286468325,0.008436618018597686,0,0,0.0,0,0.0,0.0,50.0,0,,,,,,,,,,,,,,,,,,,,,,,,,,,
11,B,step_totals,,,,,,,,,,,,,,,,,,,,,89.10000000000011,19.0,0.21324354657687966,0.1,0.0011223344556677878,58.0,0.6509539842873169,0.0,0.0,0.01512596833766718,0.06896551724137931,0.16528925619834725,2,4,10,29,38,1,58,37,6.000000000000003,0.06734006734006728,6.000000000000003,0.06734006734006728,30,30,30
12,B,all_agents,,,40,15,10,15,15,0,0.22043704809133544,0.18967762784942147,0.6849435942602667,0.01684471149786954,113,30,0.75,57,3.526315789473684,1.456140350877193,32.45,361,,,,,,,,,,,,,,,,,,,,,,,,,,,
12,B,participants_only,,,30,15,0,15,15,0,0.2354600335379879,0.1939630548036787,0.6849435942602667,0.018840242626222862,113,30,1.0,57,3.526315789473684,1.456140350877193,26.6,361,,,,,,,,,,,,,,,,,,,,,,,,,,,
12,B,nonparticipants_only,,,10,0,10,0,0,0,0.17536809175137816,0.14766360158530917,0.4922614373003598,0.008149837012045599,0,0,0.0,0,0.0,0.0,50.0,0,,,,,,,,,,,,,,,,,,,,,,,,,,,
12,B,step_totals,,,,,,,,,,,,,,,,,,,,,82.0000000000001,19.0,0.23170731707317044,0.2,0.0024390243902438994,51.0,0.6219512195121943,0.0,0.0,0.015093779621279942,0.0784313725490196,0.2500000000000002,3,4,10,48,38,2,51,33,6.000000000000003,0.07317073170731701,5.8000000000000025,0.07073170731707311,30,29,28
13,B,all_agents,,,40,15,10,15,15,0,0.2250029931253376,0.19035867188155053,0.6975458504898561,0.017490972166867312,117,30,0.75,57,3.526315789473684,1.456140350877193,32.125,390,,,,,,,,,,,,,,,,,,,,,,,,,,,
13,B,participants_only,,,30,15,0,15,15,0,0.24131539928398263,0.20486496382047203,0.6975458504898561,0.01963188634977371,117,30,1.0,57,3.526315789473684,1.456140350877193,26.166666666666668,390,,,,,,,,,,,,,,,,,,,,,,,,,,,
13,B,nonparticipants_only,,,10,0,10,0,0,0,0.17606577464940262,0.14692528357738263,0.48980013011385803,0.00787509448193292,0,0,0.0,0,0.0,0.0,50.0,0,,,,,,,,,,,,,,,,,,,,,,,,,,,
13,B,step_totals,,,,,,,,,,,,,,,,,,,,,88.90000000000009,19.0,0.2137232845894261,0.1,0.0011248593925759268,58.0,0.6524184476940376,0.0,0.0,0.013992124854947517,0.06896551724137931,0.0,0,4,11,28,38,1,58,37,5.8000000000000025,0.06524184476940378,6.000000000000003,0.06749156355455564,29,30,31
14,B,all_agents,,,40,18,10,12,18,0,0.22989465228357767,0.19051574891650092,0.7096440164702619,0.01836410970153164,121,30,0.75,57,3.526315789473684,1.456140350877193,32.175,428,,,,,,,,,,,,,,,,,,,,,,,,,,,
14,B,participants_only,,,30,18,0,12,18,0,0.24760723339117188,0.20863594333036695,0.7096440164702619,0.020693000624376234,121,30,1.0,57,3.526315789473684,1.456140350877193,26.233333333333334,428,,,,,,,,,,,,,,,,,,,,,,,,,,,
14,B,nonparticipants_only,,,10,0,10,0,0,0,0.17675690896079504,0.15042006459749716,0.48735112946328873,0.007612610579080606,0,0,0.0,0,0.0,0.0,50.0,0,,,,,,,,,,,,,,,,,,,,,,,,,,,
14,B,step_totals,,,,,,,,,,,,,,,,,,,,,80.8000000000001,19.0,0.23514851485148486,,,50.0,0.618811881188118,0.0,0.0,0.016457617583848075,0.08,0.0,0,4,10,53,38,,50,33,6.000000000000003,0.0742574257425742,5.8000000000000025,0.07178217821782172,30,29,30
15,B,all_agents,,,40,20,10,10,20,0,0.2345276926167812,0.1895631701719184,0.7212582558114514,0.019279525931653666,123,30,0.75,57,3.526315789473684,1.456140350877193,31.925,462,,,,,,,,,,,,,,,,,,,,,,,,,,,
15,B,participants_only,,,30,20,0,10,20,0,0.2535560129257745,0.2088642776695635,0.7212582558114514,0.021805168764022873,123,30,1.0,57,3.526315789473684,1.456140350877193,25.9,462,,,,,,,,,,,,,,,,,,,,,,,,,,,
15,B,nonparticipants_only,,,10,0,10,0,0,0,0.17744273168980118,0.150391119295117,0.4849143738159723,0.007357673749166281,0,0,0.0,0,0.0,0.0,50.0,0,,,,,,,,,,,,,,,,,,,,,,,,,,,
15,B,step_totals,,,,,,,,,,,,,,,,,,,,,87.80000000000008,19.0,0.216400911161731,,,57.0,0.649202733485193,0.0,0.0,0.01438114806690273,0.03508771929824561,0.0,0,2,11,31,38,,57,37,5.8000000000000025,0.06605922551252844,6.000000000000003,0.06833712984054666,29,30,34
16,B,all_agents,,,40,20,10,10,20,0,0.238719498761423,0.18959486556210126,0.7324079255789934,0.020202874359867243,131,30,0.75,57,3.526315789473684,1.456140350877193,32.1,496,,,,,,,,,,,,,,,,,,,,,,,,,,,
16,B,participants_only,,,30,20,0,10,20,0,0.2589190949410481,0.21141613757336092,0.7324079255789934,0.022931672496100397,131,30,1.0,57,3.526315789473684,1.456140350877193,26.133333333333333,496,,,,,,,,,,,,,,,,,,,,,,,,,,,
16,B,nonparticipants_only,,,10,0,10,0,0,0,0.1781207102225478,0.15289158081209986,0.48248980194689245,0.007120195721328689,0,0,0.0,0,0.0,0.0,50.0,0,,,,,,,,,,,,,,,,,,,,,,,,,,,
16,B,step_totals,,,,,,,,,,,,,,,,,,,,,78.80000000000008,18.0,0.22842639593908606,,,49.0,0.6218274111675121,0.0,0.0,0.01482084239193893,0.16326530612244897,0.0,0,8,10,56,36,,49,31,6.000000000000003,0.07614213197969538,5.8000000000000025,0.07360406091370554,30,29,28
17,B,all_agents,,,40,23,10,7,23,0,0.24319451632381853,0.1916290272898244,0.7431116085558336,0.021117496697943727,139,30,0.75,57,3.526315789473684,1.456140350877193,31.9,530,,,,,,,,,,,,,,,,,,,,,,,,,,,
17,B,participants_only,,,30,23,0,7,23,0,0.2646613577850421,0.2111740568901666,0.7431116085558336,0.024017408523180732,139,30,1.0,57,3.526315789473684,1.456140350877193,25.866666666666667,530,,,,,,,,,,,,,,,,,,,,,,,,,,,
17,B,nonparticipants_only,,,10,0,10,0,0,0,0.17879399194014783,0.1526237114800167,0.480077352937158,0.006887857834377022,0,0,0.0,0,0.0,0.0,50.0,0,,,,,,,,,,,,,,,,,,,,,,,,,,,
17,B,step_totals,,,,,,,,,,,,,,,,,,,,,87.8000000000001,19.0,0.21640091116173096,,,57.0,0.6492027334851929,0.0,0.0,0.013981329239373981,0.14035087719298245,0.0,0,8,11,31,38,,57,37,5.8000000000000025,0.06605922551252844,6.000000000000003,0.06833712984054666,29,30,34
18,B,all_agents,,,40,23,10,7,23,0,0.2475673058545027,0.19676042232194782,0.7533871442136002,0.022154667788126563,144,30,0.75,57,3.526315789473684,1.456140350877193,32.075,569,,,,,,,,,,,,,,,,,,,,,,,,,,,
18,B,participants_only,,,30,23,0,7,23,0,0.2702689678683529,0.21497204855798138,0.7533871442136002,0.025257525648515976,144,30,1.0,57,3.526315789473684,1.456140350877193,26.1,569,,,,,,,,,,,,,,,,,,,,,,,,,,,
18,B,nonparticipants_only,,,10,0,10,0,0,0,0.17946231981295205,0.15373073402123838,0.4776769661724722,0.006661708708665247,0,0,0.0,0,0.0,0.0,50.0,0,,,,,,,,,,,,,,,,,,,,,,,,,,,
18,B,step_totals,,,,,,,,,,,,,,,,,,,,,78.30000000000008,17.5,0.22349936143039567,,,49.0,0.6257982120051079,0.0,0.0,0.015489092087078354,0.10204081632653061,0.0,0,5,10,56,35,,49,30,6.000000000000003,0.07662835249042141,5.8000000000000025,0.07407407407407403,30,29,27
19,B,all_agents,,,40,25,10,5,25,0,0.251774713728061,0.1989687432748235,0.7632516584450562,0.02317709028224425,148,30,0.75,57,3.526315789473684,1.456140350877193,31.875,603,,,,,,,,,,,,,,,,,,,,,,,,,,,
19,B,participants_only,,,30,25,0,5,25,0,0.275658350066803,0.21684361002845248,0.7632516584450562,0.02647127210223514,148,30,1.0,57,3.526315789473684,1.456140350877193,25.833333333333332,603,,,,,,,,,,,,,,,,,,,,,,,,,,,
19,B,nonparticipants_only,,,10,0,10,0,0,0,0.1801238047118349,0.1570670760003713,0.47528858134160984,0.0064494078051362275,0,0,0.0,0,0.0,0.0,50.0,0,,,,,,,,,,,,,,,,,,,,,,,,,,,
19,B,step_totals,,,,,,,,,,,,,,,,,,,,,87.8000000000001,19.0,0.21640091116173096,,,57.0,0.6492027334851929,0.0,0.0,0.013266313856102408,0.07017543859649122,0.0,0,4,11,31,38,,57,37,5.8000000000000025,0.06605922551252844,6.000000000000003,0.06833712984054666,29,30,34
20,B,all_agents,,,40,25,10,5,25,0,0.2556160641920766,0.2028052021771965,0.7727215921072539,0.02426984797490696,151,30,0.75,57,3.526315789473684,1.456140350877193,32.05,639,,,,,,,,,,,,,,,,,,,,,,,,,,,
20,B,participants_only,,,30,25,0,5,25,0,0.2805613503963862,0.21865787637041073,0.7727215921072539,0.027789468726991187,151,30,1.0,57,3.526315789473684,1.456140350877193,26.066666666666666,639,,,,,,,,,,,,,,,,,,,,,,,,,,,
20,B,nonparticipants_only,,,10,0,10,0,0,0,0.18078020557914784,0.15804674403928493,0.47291213843490176,0.006243778072875257,0,0,0.0,0,0.0,0.0,50.0,0,,,,,,,,,,,,,,,,,,,,,,,,,,,
20,B,step_totals,,,,,,,,,,,,,,,,,,,,,77.10000000000008,16.5,0.21400778210116708,,,49.0,0.6355382619974053,0.0,0.0,0.014127392935026963,0.061224489795918366,0.0,0,3,11,55,33,,49,30,5.8000000000000025,0.07522697795071331,5.8000000000000025,0.07522697795071331,29,29,27
20,B,reachability,0.225,0.0,,,,,,,,,,,,,,,,,,,,,,,,,,,,,,,,,,,,,,,,,,,,,
21,B,all_agents,,,40,29,10,1,29,0,0.259855047738579,0.2025045669806338,0.7818127284229637,0.025269678391494178,159,30,0.75,57,3.526315789473684,1.456140350877193,31.85,675,,,,,,,,,,,,,,,,,,,,,,,,,,,
21,B,participants_only,,,30,29,0,1,29,0,0.28599576206968325,0.21756458698855868,0.7818127284229637,0.028946309424121672,159,30,1.0,57,3.526315789473684,1.456140350877193,25.8,675,,,,,,,,,,,,,,,,,,,,,,,,,,,
21,B,nonparticipants_only,,,10,0,10,0,0,0,0.18143290474526622,0.16222381580576892,0.47054757774272726,0.006039741944726893,0,0,0.0,0,0.0,0.0,50.0,0,,,,,,,,,,,,,,,,,,,,,,,,,,,
21,B,step_totals,,,,,,,,,,,,,,,,,,,,,87.80000000000008,19.0,0.216400911161731,,,57.0,0.649202733485193,0.0,0.0,0.013367243733119597,0.14035087719298245,0.0,0,8,11,31,38,,57,37,5.8000000000000025,0.06605922551252844,6.000000000000003,0.06833712984054666,29,30,34
22,B,all_agents,,,40,29,10,1,29,0,0.2635770179113481,0.2060219727527376,0.7905402192860451,0.026471198596926922,164,30,0.75,57,3.526315789473684,1.456140350877193,32.05,713,,,,,,,,,,,,,,,,,,,,,,,,,,,
22,B,participants_only,,,30,29,0,1,29,0,0.2907429707813318,0.21819581863671944,0.7905402192860451,0.03039363670194119,164,30,1.0,57,3.526315789473684,1.456140350877193,26.066666666666666,713,,,,,,,,,,,,,,,,,,,,,,,,,,,
22,B,nonparticipants_only,,,10,0,10,0,0,0,0.1820791593013969,0.16260046730262748,0.4681948398540136,0.005848016337873991,0,0,0.0,0,0.0,0.0,50.0,0,,,,,,,,,,,,,,,,,,,,,,,,,,,
22,B,step_totals,,,,,,,,,,,,,,,,,,,,,77.30000000000008,16.5,0.2134540750323413,,,49.0,0.6338939197930136,0.0,0.0,0.013751808532505246,0.10204081632653061,0.0,0,5,11,55,33,,49,31,5.8000000000000025,0.07503234152652001,6.000000000000003,0.07761966364812414,29,30,28
23,B,all_agents,,,40,29,10,1,29,0,0.2677067828417312,0.20881244688250644,0.7989186105146033,0.02760089952783389,168,30,0.75,57,3.526315789473684,1.456140350877193,31.85,751,,,,,,,,,,,,,,,,,,,,,,,,,,,
23,B,participants_only,,,30,29,0,1,29,0,0.2960353294417314,0.22058294306095094,0.7989186105146033,0.03170442657319767,168,30,1.0,57,3.526315789473684,1.456140350877193,25.8,751,,,,,,,,,,,,,,,,,,,,,,,,,,,
23,B,nonparticipants_only,,,10,0,10,0,0,0,0.1827211430417307,0.16642423602322165,0.4658538656547435,0.005660239762121974,0,0,0.0,0,0.0,0.0,50.0,0,,,,,,,,,,,,,,,,,,,,,,,,,,,
23,B,step_totals,,,,,,,,,,,,,,,,,,,,,87.60000000000008,19.0,0.21689497716894957,,,57.0,0.6506849315068487,0.0,0.0,0.013130345214109343,0.07017543859649122,0.0,0,4,12,30,38,,57,36,5.600000000000002,0.06392694063926938,6.000000000000003,0.06849315068493148,28,30,33
24,B,all_agents,,,40,30,10,0,30,0,0.2714038885339017,0.21066787955980315,0.8069618660940192,0.028881290214046926,169,30,0.75,57,3.526315789473684,1.456140350877193,32.05,792,,,,,,,,,,,,,,,,,,,,,,,,,,,
24,B,participants_only,,,30,30,0,0,30,0,0.30075243865067314,0.21948002834564623,0.8069618660940192,0.03323686189246169,169,30,1.0,57,3.526315789473684,1.456140350877193,26.066666666666666,792,,,,,,,,,,,,,,,,,,,,,,,,,,,
24,B,nonparticipants_only,,,10,0,10,0,0,0,0.18335823818358735,0.1672718840395627,0.4635245963264698,0.005478526451322897,0,0,0.0,0,0.0,0.0,50.0,0,,,,,,,,,,,,,,,,,,,,,,,,,,,
24,B,step_totals,,,,,,,,,,,,,,,,,,,,,76.60000000000008,16.0,0.20887728459530006,,,49.0,0.6396866840731064,0.0,0.0,0.013843204978498612,0.02040816326530612,0.0,0,1,11,55,32,,49,31,5.8000000000000025,0.07571801566579629,5.8000000000000025,0.07571801566579629,29,29,27
25,B,all_agents,,,40,30,10,0,30,0,0.2752329869489482,0.21161384646876386,0.8146833914502585,0.02999571441595302,175,30,0.75,57,3.526315789473684,1.456140350877193,31.85,829,,,,,,,,,,,,,,,,,,,,,,,,,,,
25,B,participants_only,,,30,30,0,0,30,0,0.3056472680589453,0.22120869569233076,0.8146833914502585,0.03452602245905596,175,30,1.0,57,3.526315789473684,1.456140350877193,25.8,829,,,,,,,,,,,,,,,,,,,,,,,,,,,
25,B,nonparticipants_only,,,10,0,10,0,0,0,0.18399014361895683,0.16733706047438943,0.46120697334483746,0.005304448341389047,0,0,0.0,0,0.0,0.0,50.0,0,,,,,,,,,,,,,,,,,,,,,,,,,,,
25,B,step_totals,,,,,,,,,,,,,,,,,,,,,86.90000000000009,18.5,0.21288837744533926,,,57.0,0.6559263521288831,0.0,0.0,0.012428796999054359,0.10526315789473684,0.0,0,6,13,30,37,,57,36,5.400000000000002,0.062140391254315266,6.000000000000003,0.0690448791714614,27,30,33
26,B,all_agents,,,40,30,10,0,30,0,0.278626335587631,0.21154595819887395,0.8220960557922481,0.031208154827401066,178,30,0.75,57,3.526315789473684,1.456140350877193,32.05,868,,,,,,,,,,,,,,,,,,,,,,,,,,,
26,B,participants_only,,,30,30,0,0,30,0,0.30996267841888614,0.2274182607496281,0.8220960557922481,0.03597098106872831,178,30,1.0,57,3.526315789473684,1.456140350877193,26.066666666666666,868,,,,,,,,,,,,,,,,,,,,,,,,,,,
26,B,nonparticipants_only,,,10,0,10,0,0,0,0.18461730709386562,0.1671679992587191,0.45890093847811325,0.005136079518963878,0,0,0.0,0,0.0,0.0,50.0,0,,,,,,,,,,,,,,,,,,,,,,,,,,,
26,B,step_totals,,,,,,,,,,,,,,,,,,,,,76.6000000000001,16.0,0.2088772845953,,,49.0,0.6396866840731062,0.0,0.0,0.012936063813086074,0.061224489795918366,0.0,0,3,11,55,32,,49,31,5.8000000000000025,0.07571801566579628,5.8000000000000025,0.07571801566579628,29,29,27
27,B,all_agents,,,40,30,10,0,30,0,0.2819635755674472,0.2137360378280265,0.8292122135605582,0.032249617075553016,186,30,0.75,57,3.526315789473684,1.456140350877193,31.85,901,,,,,,,,,,,,,,,,,,,,,,,,,,,
27,B,participants_only,,,30,30,0,0,30,0,0.3142046796493419,0.22812365585894923,0.8292122135605582,0.03718435156108797,186,30,1.0,57,3.526315789473684,1.456140350877193,25.8,901,,,,,,,,,,,,,,,,,,,,,,,,,,,
27,B,nonparticipants_only,,,10,0,10,0,0,0,0.18524026332176322,0.16772744756396724,0.4566064337857227,0.0049715481099133685,0,0,0.0,0,0.0,0.0,50.0,0,,,,,,,,,,,,,,,,,,,,,,,,,,,
27,B,step_totals,,,,,,,,,,,,,,,,,,,,,86.70000000000009,18.5,0.21337946943483255,,,57.0,0.6574394463667813,0.0,0.0,0.011121244442687825,0.14035087719298245,0.0,0,8,14,30,37,,57,36,5.200000000000002,0.05997693194925025,6.000000000000003,0.06920415224913491,26,30,33
28,B,all_agents,,,40,30,10,0,30,0,0.28504499750352275,0.21325897814447548,0.8360437250181358,0.03343617882191499,193,30,0.75,57,3.526315789473684,1.456140350877193,32.05,938,,,,,,,,,,,,,,,,,,,,,,,,,,,
28,B,participants_only,,,30,30,0,0,30,0,0.31810753686294574,0.23014320360138257,0.8360437250181358,0.03860336736751434,193,30,1.0,57,3.526315789473684,1.456140350877193,26.066666666666666,938,,,,,,,,,,,,,,,,,,,,,,,,,,,
28,B,nonparticipants_only,,,10,0,10,0,0,0,0.1858573794252537,0.16855196177306397,0.4543234016167941,0.004817035078396199,0,0,0.0,0,0.0,0.0,50.0,0,,,,,,,,,,,,,,,,,,,,,,,,,,,
28,B,step_totals,,,,,,,,,,,,,,,,,,,,,76.6000000000001,16.0,0.2088772845953,,,49.0,0.6396866840731062,0.0,0.0,0.01196943077639113,0.14285714285714285,0.0,0,7,11,55,32,,49,31,5.8000000000000025,0.07571801566579628,5.8000000000000025,0.07571801566579628,29,29,27
29,B,all_agents,,,40,30,10,0,30,0,0.2887062797697941,0.2153710382034969,0.8426019760174104,0.03456617475273554,199,30,0.75,57,3.526315789473684,1.456140350877193,31.85,978,,,,,,,,,,,,,,,,,,,,,,,,,,,
29,B,participants_only,,,30,30,0,0,30,0,0.3227848144099626,0.23204754961280893,0.8426019760174104,0.03988786946137614,199,30,1.0,57,3.526315789473684,1.456140350877193,25.8,978,,,,,,,,,,,,,,,,,,,,,,,,,,,
29,B,nonparticipants_only,,,10,0,10,0,0,0,0.1864706758492887,0.168613401480698,0.4520517846087101,0.0046649323481597815,0,0,0.0,0,0.0,0.0,50.0,0,,,,,,,,,,,,,,,,,,,,,,,,,,,
29,B,step_totals,,,,,,,,,,,,,,,,,,,,,86.20000000000009,18.0,0.2088167053364267,,,57.0,0.6612529002320179,0.0,0.0,0.012122316340919431,0.10526315789473684,0.0,0,6,14,29,36,,57,36,5.200000000000002,0.06032482598607885,6.000000000000003,0.0696055684454756,26,30,33
30,B,all_agents,,,40,30,10,0,30,0,0.2917031692914474,0.21521171932172162,0.8488978969767139,0.03579345766258229,203,30,0.75,57,3.526315789473684,1.456140350877193,32.05,1017,,,,,,,,,,,,,,,,,,,,,,,,,,,
30,B,participants_only,,,30,30,0,0,30,0,0.3265777474784433,0.2355555435121484,0.8488978969767139,0.04135370520003403,203,30,1.0,57,3.526315789473684,1.456140350877193,26.066666666666666,1017,,,,,,,,,,,,,,,,,,,,,,,,,,,
30,B,nonparticipants_only,,,10,0,10,0,0,0,0.18707943473045965,0.16929790918368443,0.44979152568566655,0.0045178806055763574,0,0,0.0,0,0.0,0.0,50.0,0,,,,,,,,,,,,,,,,,,,,,,,,,,,
30,B,step_totals,,,,,,,,,,,,,,,,,,,,,76.6000000000001,16.0,0.2088772845953,,,49.0,0.6396866840731062,0.0,0.0,0.011737176206755438,0.08163265306122448,0.0,0,4,11,54,32,,49,31,5.8000000000000025,0.07571801566579628,5.8000000000000025,0.07571801566579628,29,29,27
30,B,reachability,0.225,0.0,,,,,,,,,,,,,,,,,,,,,,,,,,,,,,,,,,,,,,,,,,,,,
31,B,all_agents,,,40,30,10,0,30,0,0.2952897835744555,0.21825338431971641,0.8549419810976454,0.03685327669426671,206,30,0.75,57,3.526315789473684,1.456140350877193,31.85,1058,,,,,,,,,,,,,,,,,,,,,,,,,,,
31,B,participants_only,,,30,30,0,0,30,0,0.3311585846249587,0.23551904989400418,0.8549419810976454,0.0425323376309223,206,30,1.0,57,3.526315789473684,1.456140350877193,25.8,1058,,,,,,,,,,,,,,,,,,,,,,,,,,,
31,B,nonparticipants_only,,,10,0,10,0,0,0,0.187683380422946,0.17035780585718366,0.4475425680572382,0.0043772432186930214,0,0,0.0,0,0.0,0.0,50.0,0,,,,,,,,,,,,,,,,,,,,,,,,,,,
31,B,step_totals,,,,,,,,,,,,,,,,,,,,,85.30000000000008,17.5,0.20515826494724482,,,57.0,0.6682297772567403,0.0,0.0,0.012076008615707904,0.05263157894736842,0.0,0,3,16,27,35,,57,35,4.800000000000002,0.05627198124267288,6.000000000000003,0.07033997655334111,24,30,33
32,B,all_agents,,,40,30,10,0,30,0,0.29801611713597953,0.21800763188441435,0.8607443018537396,0.038035669292930674,217,30,0.75,57,3.526315789473684,1.456140350877193,32.05,1096,,,,,,,,,,,,,,,,,,,,,,,,,,,
32,B,participants_only,,,30,30,0,0,30,0,0.3345940446844864,0.23975236218648044,0.8607443018537396,0.043947981825511614,217,30,1.0,57,3.526315789473684,1.456140350877193,26.066666666666666,1096,,,,,,,,,,,,,,,,,,,,,,,,,,,
32,B,nonparticipants_only,,,10,0,10,0,0,0,0.18828233449045892,0.1720276774932942,0.445304855216952,0.004243394290262041,0,0,0.0,0,0.0,0.0,50.0,0,,,,,,,,,,,,,,,,,,,,,,,,,,,
32,B,step_totals,,,,,,,,,,,,,,,,,,,,,75.90000000000006,15.5,0.204216073781291,,,49.0,0.6455862977602103,0.0,0.0,0.011034844231290173,0.22448979591836735,0.0,0,11,12,54,31,,49,31,5.600000000000002,0.07378129117259549,5.8000000000000025,0.07641633728590247,28,29,27
33,B,all_agents,,,40,30,10,0,29,1,0.30120987890431644,0.219508754771488,0.86631452977959,0.0391162595594243,223,30,0.75,57,3.526315789473684,1.456140350877193,31.85,1135,,,,,,,,,,,,,,,,,,,,,,,,,,,
33,B,participants_only,,,30,30,0,0,29,1,0.33865392476137324,0.24122253834468527,0.86631452977959,0.04517640841611831,223,30,1.0,57,3.526315789473684,1.456140350877193,25.8,1135,,,,,,,,,,,,,,,,,,,,,,,,,,,
33,B,nonparticipants_only,,,10,0,10,0,0,0,0.188877741333146,0.17280624979538517,0.44307833094086724,0.0041111341475977775,0,0,0.0,0,0.0,0.0,50.0,0,,,,,,,,,,,,,,,,,,,,,,,,,,,
33,B,step_totals,,,,,,,,,,,,,,,,,,,,,85.10000000000008,17.5,0.2056404230317272,,,57.0,0.6698002350176256,0.0,0.0,0.011016699156847744,0.10526315789473684,0.0,0,6,17,25,35,,57,35,4.600000000000001,0.05405405405405402,6.000000000000003,0.0705052878965922,23,30,33
34,B,all_agents,,,40,30,10,0,29,1,0.3039781837090859,0.2195403062130571,0.8716619485884064,0.04028091979560051,232,30,0.75,57,3.526315789473684,1.456140350877193,32.05,1175,,,,,,,,,,,,,,,,,,,,,,,,,,,
34,B,participants_only,,,30,30,0,0,29,1,0.34214807909502026,0.2434147668882447,0.8716619485884064,0.04655190851333238,232,30,1.0,57,3.526315789473684,1.456140350877193,26.066666666666666,1175,,,,,,,,,,,,,,,,,,,,,,,,,,,
34,B,nonparticipants_only,,,10,0,10,0,0,0,0.18946849755128276,0.17441907299293521,0.4408629392861629,0.0039846626771267955,0,0,0.0,0,0.0,0.0,50.0,0,,,,,,,,,,,,,,,,,,,,,,,,,,,
34,B,step_totals,,,,,,,,,,,,,,,,,,,,,75.90000000000006,15.5,0.204216073781291,,,49.0,0.6455862977602103,0.0,0.0,0.011196582707815724,0.1836734693877551,0.0,0,9,12,54,31,,49,31,5.600000000000002,0.07378129117259549,5.8000000000000025,0.07641633728590247,28,29,27
35,B,all_agents,,,40,30,10,0,29,1,0.30735447857768045,0.21941822201405856,0.8767954706448702,0.041343714097147224,242,30,0.75,57,3.526315789473684,1.456140350877193,31.85,1218,,,,,,,,,,,,,,,,,,,,,,,,,,,
35,B,participants_only,,,30,30,0,0,29,1,0.34645429896592256,0.24759126139643223,0.8767954706448702,0.04772226553401732,242,30,1.0,57,3.526315789473684,1.456140350877193,25.8,1218,,,,,,,,,,,,,,,,,,,,,,,,,,,
35,B,nonparticipants_only,,,10,0,10,0,0,0,0.19005501741295408,0.17476065594660817,0.43865862458973204,0.0038625083338233966,0,0,0.0,0,0.0,0.0,50.0,0,,,,,,,,,,,,,,,,,,,,,,,,,,,
35,B,step_totals,,,,,,,,,,,,,,,,,,,,,85.1000000000001,17.5,0.20564042303172717,,,57.0,0.6698002350176255,0.0,0.0,0.01155435273773645,0.17543859649122806,0.0,0,10,17,25,35,,57,35,4.600000000000001,0.05405405405405401,6.000000000000003,0.0705052878965922,23,30,33
36,B,all_agents,,,40,30,10,0,28,2,0.3099090082510209,0.22014653004393786,0.8817236518190754,0.0424291247933883,245,30,0.75,57,3.526315789473684,1.456140350877193,32.05,1257,,,,,,,,,,,,,,,,,,,,,,,,,,,
36,B,participants_only,,,30,30,0,0,28,2,0.3496662511632105,0.24883256718914631,0.8817236518190754,0.049001390335489434,245,30,1.0,57,3.526315789473684,1.456140350877193,26.066666666666666,1257,,,,,,,,,,,,,,,,,,,,,,,,,,,
36,B,nonparticipants_only,,,10,0,10,0,0,0,0.1906372795144524,0.17618665108869003,0.4364653314667834,0.0037446677993387694,0,0,0.0,0,0.0,0.0,50.0,0,,,,,,,,,,,,,,,,,,,,,,,,,,,
36,B,step_totals,,,,,,,,,,,,,,,,,,,,,75.90000000000008,15.5,0.20421607378129097,,,49.0,0.6455862977602101,0.0,0.0,0.010553651142974662,0.061224489795918366,0.0,0,3,13,54,31,,49,31,5.400000000000002,0.07114624505928849,6.000000000000003,0.07905138339920945,27,30,27
37,B,all_agents,,,40,30,10,0,27,3,0.31310241123208554,0.221597007228156,0.8864547057463124,0.04346307862545167,257,30,0.75,57,3.526315789473684,1.456140350877193,31.85,1300,,,,,,,,,,,,,,,,,,,,,,,,,,,
37,B,participants_only,,,30,30,0,0,27,3,0.3537314515197655,0.2525796525894146,0.8864547057463124,0.05013748167257833,257,30,1.0,57,3.526315789473684,1.456140350877193,25.8,1300,,,,,,,,,,,,,,,,,,,,,,,,,,,
37,B,nonparticipants_only,,,10,0,10,0,0,0,0.1912152903690458,0.17723231358268138,0.4342830048094495,0.0036312425076966736,0,0,0.0,0,0.0,0.0,50.0,0,,,,,,,,,,,,,,,,,,,,,,,,,,,
37,B,step_totals,,,,,,,,,,,,,,,,,,,,,84.40000000000008,17.0,0.2014218009478671,,,57.0,0.6753554502369662,0.0,0.0,0.01116215683435653,0.21052631578947367,0.0,0,12,18,25,34,,57,35,4.400000000000001,0.05213270142180092,6.000000000000003,0.0710900473933649,22,30,31
38,B,all_agents,,,40,30,10,0,27,3,0.31575554914831516,0.22215143645831809,0.8909965175164598,0.044546943596024284,262,30,0.75,57,3.526315789473684,1.456140350877193,32.05,1342,,,,,,,,,,,,,,,,,,,,,,,,,,,
38,B,participants_only,,,30,30,0,0,27,3,0.3570775142751063,0.25226147404758187,0.8909965175164598,0.051392562826295334,262,30,1.0,57,3.526315789473684,1.456140350877193,26.066666666666666,1342,,,,,,,,,,,,,,,,,,,,,,,,,,,
38,B,nonparticipants_only,,,10,0,10,0,0,0,0.1917896537679417,0.1800726880608702,0.4321115897854022,0.0035200282819342166,0,0,0.0,0,0.0,0.0,50.0,0,,,,,,,,,,,,,,,,,,,,,,,,,,,
38,B,step_totals,,,,,,,,,,,,,,,,,,,,,75.70000000000009,15.5,0.20475561426684255,,,49.0,0.6472919418758248,0.0,0.0,0.0109266183455653,0.10204081632653061,0.0,0,5,14,54,31,,49,31,5.200000000000002,0.06869220607661818,6.000000000000003,0.07926023778071328,26,30,27
39,B,all_agents,,,40,30,10,0,27,3,0.31901058942384153,0.22651180446465954,0.8953566568158015,0.04542906264465512,268,30,0.75,57,3.526315789473684,1.456140350877193,31.85,1386,,,,,,,,,,,,,,,,,,,,,,,,,,,
39,B,participants_only,,,30,30,0,0,27,3,0.36122729362429573,0.25513823662255364,0.8953566568158015,0.0523061993477136,268,30,1.0,57,3.526315789473684,1.456140350877193,25.8,1386,,,,,,,,,,,,,,,,,,,,,,,,,,,
39,B,nonparticipants_only,,,10,0,10,0,0,0,0.19236047682247875,0.18040580799840777,0.4299510318364752,0.003410651172895863,0,0,0.0,0,0.0,0.0,50.0,0,,,,,,,,,,,,,,,,,,,,,,,,,,,
39,B,step_totals,,,,,,,,,,,,,,,,,,,,,83.90000000000008,16.5,0.19666269368295572,,,57.0,0.6793802145411197,0.0,0.0,0.011454430855820779,0.10526315789473684,0.0,0,6,18,24,33,,57,34,4.400000000000001,0.05244338498212154,6.000000000000003,0.07151370679380212,22,30,31
40,B,all_agents,,,40,30,10,0,27,3,0.32151638440554287,0.22777163885523624,0.8995423905431694,0.04650615230283931,271,30,0.75,57,3.526315789473684,1.456140350877193,32.05,1429,,,,,,,,,,,,,,,,,,,,,,,,,,,
40,B,participants_only,,,30,30,0,0,27,3,0.36437979050901637,0.25642127185175817,0.8995423905431694,0.05355606005489612,271,30,1.0,57,3.526315789473684,1.456140350877193,26.066666666666666,1429,,,,,,,,,,,,,,,,,,,,,,,,,,,
40,B,nonparticipants_only,,,10,0,10,0,0,0,0.19292616609512242,0.18179647286488132,0.42780127667729284,0.0033091700531734567,0,0,0.0,0,0.0,0.0,50.0,0,,,,,,,,,,,,,,,,,,,,,,,,,,,
40,B,step_totals,,,,,,,,,,,,,,,,,,,,,75.00000000000007,15.0,0.19999999999999982,,,49.0,0.6533333333333328,0.0,0.0,0.01060137935505709,0.061224489795918366,0.0,0,3,15,52,30,,49,30,5.000000000000002,0.06666666666666662,6.000000000000003,0.07999999999999996,25,30,26
40,B,reachability,0.225,0.0,,,,,,,,,,,,,,,,,,,,,,,,,,,,,,,,,,,,,,,,,,,,,
41,B,all_agents,,,40,30,10,0,27,3,0.32443942374254525,0.23104179794545404,0.9035606949214426,0.047456011376176235,280,30,0.75,57,3.526315789473684,1.456140350877193,31.85,1473,,,,,,,,,,,,,,,,,,,,,,,,,,,
41,B,participants_only,,,30,30,0,0,27,3,0.36808977180764335,0.26117161467357286,0.9035606949214426,0.05458348006445881,280,30,1.0,57,3.526315789473684,1.456140350877193,25.8,1473,,,,,,,,,,,,,,,,,,,,,,,,,,,
41,B,nonparticipants_only,,,10,0,10,0,0,0,0.19348837954725098,0.18281622815693643,0.42566227029390635,0.0032093706768779734,0,0,0.0,0,0.0,0.0,50.0,0,,,,,,,,,,,,,,,,,,,,,,,,,,,
41,B,step_totals,,,,,,,,,,,,,,,,,,,,,82.70000000000009,15.5,0.18742442563482448,,,57.0,0.6892382103990319,0.0,0.0,0.010707434156189855,0.15789473684210525,0.0,0,9,19,23,31,,57,34,4.200000000000001,0.05078597339782342,6.000000000000003,0.07255139056831918,21,30,31
42,B,all_agents,,,40,30,10,0,28,2,0.3268524703717765,0.23431645285435046,0.907418267124585,0.04847743503896969,286,30,0.75,57,3.526315789473684,1.456140350877193,32.05,1516,,,,,,,,,,,,,,,,,,,,,,,,,,,
42,B,participants_only,,,30,30,0,0,28,2,0.3711208630627182,0.2624111050526582,0.907418267124585,0.05576093794171299,286,30,1.0,57,3.526315789473684,1.456140350877193,26.066666666666666,1516,,,,,,,,,,,,,,,,,,,,,,,,,,,
42,B,nonparticipants_only,,,10,0,10,0,0,0,0.19404729229895146,0.18558622987565093,0.42353395894243684,0.0031106392334667695,0,0,0.0,0,0.0,0.0,50.0,0,,,,,,,,,,,,,,,,,,,,,,,,,,,
42,B,step_totals,,,,,,,,,,,,,,,,,,,,,73.80000000000007,14.0,0.18970189701897003,,,49.0,0.6639566395663951,0.0,0.0,0.01054161393883237,0.12244897959183673,0.0,0,6,16,51,28,,49,29,4.800000000000002,0.06504065040650403,6.000000000000003,0.08130081300813004,24,30,25
43,B,all_agents,,,40,30,10,0,28,2,0.3295752264332468,0.2367257794634547,0.9111215364396016,0.049387185089633454,293,30,0.75,57,3.526315789473684,1.456140350877193,31.85,1559,,,,,,,,,,,,,,,,,,,,,,,,,,,
43,B,participants_only,,,30,30,0,0,28,2,0.37456615769379686,0.2616141383140656,0.9111215364396016,0.05674787522815689,293,30,1.0,57,3.526315789473684,1.456140350877193,25.8,1559,,,,,,,,,,,,,,,,,,,,,,,,,,,
43,B,nonparticipants_only,,,10,0,10,0,0,0,0.19460243265159674,0.1859110964756725,0.42141628914772467,0.0030149079257646852,0,0,0.0,0,0.0,0.0,50.0,0,,,,,,,,,,,,,,,,,,,,,,,,,,,
43,B,step_totals,,,,,,,,,,,,,,,,,,,,,82.70000000000009,15.5,0.18742442563482448,,,57.0,0.6892382103990319,0.0,0.0,0.010150083642773311,0.12280701754385964,0.0,0,7,19,23,31,,57,34,4.200000000000001,0.05078597339782342,6.000000000000003,0.07255139056831918,21,30,31
44,B,all_agents,,,40,30,10,0,28,2,0.3315365701003508,0.2390027006286933,0.9146766749820175,0.050379852620549385,298,30,0.75,57,3.526315789473684,1.456140350877193,32.05,1599,,,,,,,,,,,,,,,,,,,,,,,,,,,
44,B,participants_only,,,30,30,0,0,28,2,0.37699759626525187,0.2603060676224953,0.9146766749820175,0.05793191629690654,298,30,1.0,57,3.526315789473684,1.456140350877193,26.066666666666666,1599,,,,,,,,,,,,,,,,,,,,,,,,,,,
44,B,nonparticipants_only,,,10,0,10,0,0,0,0.19515349160564766,0.18726730640498573,0.41930920770198604,0.002923202791888092,0,0,0.0,0,0.0,0.0,50.0,0,,,,,,,,,,,,,,,,,,,,,,,,,,,
44,B,step_totals,,,,,,,,,,,,,,,,,,,,,73.6000000000001,14.0,0.1902173913043476,,,49.0,0.6657608695652165,0.0,0.0,0.009124218532548125,0.10204081632653061,0.0,0,5,17,51,28,,49,29,4.600000000000001,0.06249999999999994,6.000000000000003,0.08152173913043471,23,30,25
45,B,all_agents,,,40,30,10,0,25,5,0.3341535607468528,0.23780768712554984,0.9180896079827369,0.05124414045311866,301,30,0.75,57,3.526315789473684,1.456140350877193,31.85,1642,,,,,,,,,,,,,,,,,,,,,,,,,,,
45,B,participants_only,,,30,30,0,0,25,5,0.38030447559788283,0.26414497944732807,0.9180896079827369,0.05886108019189842,301,30,1.0,57,3.526315789473684,1.456140350877193,25.8,1642,,,,,,,,,,,,,,,,,,,,,,,,,,,
45,B,nonparticipants_only,,,10,0,10,0,0,0,0.19570081619376278,0.18778819267489746,0.4172126616634761,0.0028344379377351347,0,0,0.0,0,0.0,0.0,50.0,0,,,,,,,,,,,,,,,,,,,,,,,,,,,
45,B,step_totals,,,,,,,,,,,,,,,,,,,,,82.70000000000007,15.5,0.1874244256348245,,,57.0,0.689238210399032,0.0,0.0,0.009860246216077643,0.05263157894736842,0.0,0,3,19,23,31,,57,34,4.200000000000001,0.050785973397823425,6.000000000000003,0.07255139056831919,21,30,31
46,B,all_agents,,,40,30,10,0,25,5,0.3363762891343065,0.24133813917764568,0.9213660236634273,0.0522119021896033,309,30,0.75,57,3.526315789473684,1.456140350877193,32.05,1687,,,,,,,,,,,,,,,,,,,,,,,,,,,
46,B,participants_only,,,30,30,0,0,25,5,0.38308690961198477,0.2668681787100619,0.9213660236634273,0.059972196407793665,309,30,1.0,57,3.526315789473684,1.456140350877193,26.066666666666666,1687,,,,,,,,,,,,,,,,,,,,,,,,,,,
46,B,nonparticipants_only,,,10,0,10,0,0,0,0.19624442770127182,0.18867365230799926,0.4151265983551587,0.002748434750115903,0,0,0.0,0,0.0,0.0,50.0,0,,,,,,,,,,,,,,,,,,,,,,,,,,,
46,B,step_totals,,,,,,,,,,,,,,,,,,,,,73.80000000000008,14.0,0.18970189701896997,,,49.0,0.663956639566395,0.0,0.0,0.009978234486115177,0.16326530612244897,0.0,0,8,16,51,28,,49,28,4.800000000000002,0.06504065040650402,6.000000000000003,0.08130081300813002,24,30,25
47,B,all_agents,,,40,30,10,0,24,6,0.3390069589220159,0.24013144848175744,0.9245113827168903,0.05306833659080354,320,30,0.75,57,3.526315789473684,1.456140350877193,31.85,1732,,,,,,,,,,,,,,,,,,,,,,,,,,,
47,B,participants_only,,,30,30,0,0,24,6,0.38641436292833276,0.27004737481056806,0.9245113827168903,0.06087999085504675,320,30,1.0,57,3.526315789473684,1.456140350877193,25.8,1732,,,,,,,,,,,,,,,,,,,,,,,,,,,
47,B,nonparticipants_only,,,10,0,10,0,0,0,0.19678474690306516,0.1898410266600975,0.41305096536338287,0.002663830342656061,0,0,0.0,0,0.0,0.0,50.0,0,,,,,,,,,,,,,,,,,,,,,,,,,,,
47,B,step_totals,,,,,,,,,,,,,,,,,,,,,82.90000000000008,15.5,0.18697225572979476,,,57.0,0.6875753920386001,0.0,0.0,0.00989424367672851,0.19298245614035087,0.0,0,11,18,24,31,,57,34,4.400000000000001,0.0530759951749095,6.000000000000003,0.07237635705669478,22,30,32
48,B,all_agents,,,40,30,10,0,24,6,0.3408164200513473,0.2392861083892674,0.9275309274082146,0.053987433277612434,326,30,0.75,57,3.526315789473684,1.456140350877193,32.05,1774,,,,,,,,,,,,,,,,,,,,,,,,,,,
48,B,participants_only,,,30,30,0,0,24,6,0.38864817075912694,0.27364251622495284,0.9275309274082146,0.06197080179616347,326,30,1.0,57,3.526315789473684,1.456140350877193,26.066666666666666,1774,,,,,,,,,,,,,,,,,,,,,,,,,,,
48,B,nonparticipants_only,,,10,0,10,0,0,0,0.19732116792800827,0.18975912493751734,0.41098571053656596,0.002582811212705149,0,0,0.0,0,0.0,0.0,50.0,0,,,,,,,,,,,,,,,,,,,,,,,,,,,
48,B,step_totals,,,,,,,,,,,,,,,,,,,,,72.60000000000007,13.0,0.17906336088154254,,,49.0,0.6749311294765834,0.0,0.0,0.008840770827512766,0.12244897959183673,0.0,0,6,17,48,26,,49,27,4.600000000000001,0.06336088154269968,6.000000000000003,0.08264462809917351,23,30,25
49,B,all_agents,,,40,30,10,0,24,6,0.3432965531311553,0.2384583279934434,0.930429690311886,0.05480949158509043,333,30,0.75,57,3.526315789473684,1.456140350877193,31.85,1818,,,,,,,,,,,,,,,,,,,,,,,,,,,
49,B,participants_only,,,30,30,0,0,24,6,0.39177731440020597,0.27227430364382804,0.930429690311886,0.06284335067025511,333,30,1.0,57,3.526315789473684,1.456140350877193,25.8,1818,,,,,,,,,,,,,,,,,,,,,,,,,,,
49,B,nonparticipants_only,,,10,0,10,0,0,0,0.19785426932400324,0.19053115708082397,0.4089307819838831,0.0025033037708761838,0,0,0.0,0,0.0,0.0,50.0,0,,,,,,,,,,,,,,,,,,,,,,,,,,,
49,B,step_totals,,,,,,,,,,,,,,,,,,,,,82.70000000000007,15.5,0.1874244256348245,,,57.0,0.689238210399032,0.0,0.0,0.00949872960322593,0.12280701754385964,0.0,0,7,19,22,31,,57,34,4.200000000000001,0.050785973397823425,6.000000000000003,0.07255139056831919,21,30,32
50,B,all_agents,,,40,30,10,0,24,6,0.34515476678260515,0.238381321954379,0.9332125026994106,0.055709419048096204,339,30,0.75,57,3.526315789473684,1.456140350877193,32.05,1862,,,,,,,,,,,,,,,,,,,,,,,,,,,
50,B,participants_only,,,30,30,0,0,24,6,0.39407835855262596,0.27523018087232365,0.9332125026994106,0.06389659746095154,339,30,1.0,57,3.526315789473684,1.456140350877193,26.066666666666666,1862,,,,,,,,,,,,,,,,,,,,,,,,,,,
50,B,nonparticipants_only,,,10,0,10,0,0,0,0.19838399147254265,0.19103436614421343,0.4068861280739637,0.0024256698293744225,0,0,0.0,0,0.0,0.0,50.0,0,,,,,,,,,,,,,,,,,,,,,,,,,,,
50,B,step_totals,,,,,,,,,,,,,,,,,,,,,72.60000000000007,13.0,0.17906336088154254,,,49.0,0.6749311294765834,0.0,0.0,0.009030435770616066,0.12244897959183673,0.0,0,6,17,48,26,,49,27,4.600000000000001,0.06336088154269968,6.000000000000003,0.08264462809917351,23,30,25
50,B,reachability,0.225,0.0,,,,,,,,,,,,,,,,,,,,,,,,,,,,,,,,,,,,,,,,,,,,,
51,B,all_agents,,,40,30,10,0,24,6,0.3476009988798813,0.2389261126212373,0.9358840025914341,0.05646899624684453,342,30,0.75,57,3.526315789473684,1.456140350877193,31.85,1907,,,,,,,,,,,,,,,,,,,,,,,,,,,
51,B,participants_only,,,30,30,0,0,24,6,0.39716468319192216,0.27385402996796204,0.9358840025914341,0.06468197922170357,342,30,1.0,57,3.526315789473684,1.456140350877193,25.8,1907,,,,,,,,,,,,,,,,,,,,,,,,,,,
51,B,nonparticipants_only,,,10,0,10,0,0,0,0.19890994594375883,0.19297947660487255,0.40485169743359384,0.0023513416912637163,0,0,0.0,0,0.0,0.0,50.0,0,,,,,,,,,,,,,,,,,,,,,,,,,,,
51,B,step_totals,,,,,,,,,,,,,,,,,,,,,82.20000000000007,15.0,0.18248175182481735,,,57.0,0.693430656934306,0.0,0.0,0.00948763113333255,0.05263157894736842,0.0,0,3,19,20,30,,57,32,4.200000000000001,0.05109489051094887,6.000000000000003,0.07299270072992697,21,30,31
52,B,all_agents,,,40,30,10,0,24,6,0.3494159386327567,0.23986519290423036,0.9384486424877767,0.05730788159668329,346,30,0.75,57,3.526315789473684,1.456140350877193,32.05,1951,,,,,,,,,,,,,,,,,,,,,,,,,,,
52,B,participants_only,,,30,30,0,0,24,6,0.39941048033418997,0.2750680208740345,0.9384486424877767,0.06565281752377504,346,30,1.0,57,3.526315789473684,1.456140350877193,26.066666666666666,1951,,,,,,,,,,,,,,,,,,,,,,,,,,,
52,B,nonparticipants_only,,,10,0,10,0,0,0,0.19943231352845714,0.19408736097924156,0.40282743894642586,0.0022796234161719282,0,0,0.0,0,0.0,0.0,50.0,0,,,,,,,,,,,,,,,,,,,,,,,,,,,
52,B,step_totals,,,,,,,,,,,,,,,,,,,,,72.10000000000007,12.5,0.1733703190013868,,,49.0,0.6796116504854363,0.0,0.0,0.008990143619052994,0.08163265306122448,0.0,0,4,17,47,25,,49,27,4.600000000000001,0.06380027739251036,6.000000000000003,0.0832177531206657,23,30,25
53,B,all_agents,,,40,30,10,0,24,6,0.3517117640555117,0.2392426837550346,0.9409106967882657,0.05812887025117283,353,30,0.75,57,3.526315789473684,1.456140350877193,31.85,1997,,,,,,,,,,,,,,,,,,,,,,,,,,,
53,B,participants_only,,,30,30,0,0,24,6,0.40229851902042685,0.27369268076966424,0.9409106967882657,0.06653269244074124,353,30,1.0,57,3.526315789473684,1.456140350877193,25.8,1997,,,,,,,,,,,,,,,,,,,,,,,,,,,
53,B,nonparticipants_only,,,10,0,10,0,0,0,0.1999514991607661,0.19403263843107915,0.4008133017516937,0.0022091663479031436,0,0,0.0,0,0.0,0.0,50.0,0,,,,,,,,,,,,,,,,,,,,,,,,,,,
53,B,step_totals,,,,,,,,,,,,,,,,,,,,,81.50000000000007,14.5,0.17791411042944769,,,57.0,0.6993865030674841,0.0,0.0,0.009159261044129646,0.12280701754385964,0.0,0,7,20,20,29,,57,32,4.000000000000001,0.04907975460122696,6.000000000000003,0.07361963190184045,20,30,31
54,B,all_agents,,,40,30,10,0,24,6,0.3533236142116215,0.23993061998353174,0.943274268916735,0.0589800876938624,357,30,0.75,57,3.526315789473684,1.456140350877193,32.05,2041,,,,,,,,,,,,,,,,,,,,,,,,,,,
54,B,participants_only,,,30,30,0,0,24,6,0.4042756032058707,0.27232421736581597,0.943274268916735,0.06754254770002763,357,30,1.0,57,3.526315789473684,1.456140350877193,26.066666666666666,2041,,,,,,,,,,,,,,,,,,,,,,,,,,,
54,B,nonparticipants_only,,,10,0,10,0,0,0,0.2004676472288737,0.19480665328161031,0.39880923524293527,0.0021394454857255564,0,0,0.0,0,0.0,0.0,50.0,0,,,,,,,,,,,,,,,,,,,,,,,,,,,
54,B,step_totals,,,,,,,,,,,,,,,,,,,,,72.10000000000007,12.5,0.1733703190013868,,,49.0,0.6796116504854363,0.0,0.0,0.008341970226279577,0.08163265306122448,0.0,0,4,17,47,25,,49,27,4.600000000000001,0.06380027739251036,6.000000000000003,0.0832177531206657,23,30,25
55,B,all_agents,,,40,30,10,0,22,8,0.3556293673966149,0.23939389950755874,0.9455432981600657,0.05977179995515377,366,30,0.75,57,3.526315789473684,1.456140350877193,31.85,2089,,,,,,,,,,,,,,,,,,,,,,,,,,,
55,B,participants_only,,,30,30,0,0,22,8,0.4071791622848003,0.2709625962789869,0.9455432981600657,0.06837504490196426,366,30,1.0,57,3.526315789473684,1.456140350877193,25.8,2089,,,,,,,,,,,,,,,,,,,,,,,,,,,
55,B,nonparticipants_only,,,10,0,10,0,0,0,0.2009799827320587,0.19527019056767955,0.3968151890667206,0.00207348887855446,0,0,0.0,0,0.0,0.0,50.0,0,,,,,,,,,,,,,,,,,,,,,,,,,,,
55,B,step_totals,,,,,,,,,,,,,,,,,,,,,80.50000000000009,13.5,0.16770186335403708,,,57.0,0.7080745341614899,0.0,0.0,0.009350234505820598,0.15789473684210525,0.0,0,9,21,20,27,,57,32,4.000000000000001,0.049689440993788775,6.000000000000003,0.07453416149068319,20,30,31
56,B,all_agents,,,40,30,10,0,22,8,0.3571560734517583,0.24163855250727684,0.947721566233663,0.060559071806404206,374,30,0.75,57,3.526315789473684,1.456140350877193,32.05,2132,,,,,,,,,,,,,,,,,,,,,,,,,,,
56,B,participants_only,,,30,30,0,0,22,8,0.4090452205882396,0.26960778329759194,0.947721566233663,0.06930526982336938,374,30,1.0,57,3.526315789473684,1.456140350877193,26.066666666666666,2132,,,,,,,,,,,,,,,,,,,,,,,,,,,
56,B,nonparticipants_only,,,10,0,10,0,0,0,0.2014886320423144,0.1971576246238883,0.39483111312138697,0.002010674668891812,0,0,0.0,0,0.0,0.0,50.0,0,,,,,,,,,,,,,,,,,,,,,,,,,,,
56,B,step_totals,,,,,,,,,,,,,,,,,,,,,72.10000000000007,12.5,0.1733703190013868,,,49.0,0.6796116504854363,0.0,0.0,0.008085698128498542,0.16326530612244897,0.0,0,8,17,47,25,,49,27,4.600000000000001,0.06380027739251036,6.000000000000003,0.0832177531206657,23,30,25
57,B,all_agents,,,40,30,10,0,21,9,0.3589571979627633,0.24095576497588317,0.9498127035843165,0.06139589639747977,379,30,0.75,57,3.526315789473684,1.456140350877193,31.85,2177,,,,,,,,,,,,,,,,,,,,,,,,,,,
57,B,participants_only,,,30,30,0,0,21,9,0.4112781539396377,0.26975306478615824,0.9498127035843165,0.07026178580528392,379,30,1.0,57,3.526315789473684,1.456140350877193,25.8,2177,,,,,,,,,,,,,,,,,,,,,,,,,,,
57,B,nonparticipants_only,,,10,0,10,0,0,0,0.20199433003214012,0.19820778301701344,0.39285695755578004,0.001948438962058957,0,0,0.0,0,0.0,0.0,50.0,0,,,,,,,,,,,,,,,,,,,,,,,,,,,
57,B,step_totals,,,,,,,,,,,,,,,,,,,,,77.30000000000007,10.5,0.1358344113842172,,,57.0,0.7373868046571792,0.0,0.0,0.008268308343350466,0.08771929824561403,0.0,0,5,23,19,21,,57,30,3.800000000000001,0.04915912031047863,6.000000000000003,0.07761966364812416,19,30,30
58,B,all_agents,,,40,30,10,0,22,8,0.3602831806904071,0.2415589907054237,0.9518201954409438,0.0621181057803457,386,30,0.75,57,3.526315789473684,1.456140350877193,32.05,2218,,,,,,,,,,,,,,,,,,,,,,,,,,,
58,B,participants_only,,,30,30,0,0,22,8,0.4128786175230767,0.269414920875207,0.9518201954409438,0.07112981463710735,386,30,1.0,57,3.526315789473684,1.456140350877193,26.066666666666666,2218,,,,,,,,,,,,,,,,,,,,,,,,,,,
58,B,nonparticipants_only,,,10,0,10,0,0,0,0.20249687019239818,0.19817943372654168,0.39089267276800116,0.0018876195026286233,0,0,0.0,0,0.0,0.0,50.0,0,,,,,,,,,,,,,,,,,,,,,,,,,,,
58,B,step_totals,,,,,,,,,,,,,,,,,,,,,72.10000000000007,12.5,0.1733703190013868,,,49.0,0.6796116504854363,0.0,0.0,0.007438484811535151,0.14285714285714285,0.0,0,7,17,47,25,,49,27,4.600000000000001,0.06380027739251036,6.000000000000003,0.0832177531206657,23,30,25
59,B,all_agents,,,40,30,10,0,21,9,0.36220662189973374,0.2407069683415265,0.953747387623306,0.06290889286468679,389,30,0.75,57,3.526315789473684,1.456140350877193,31.85,2266,,,,,,,,,,,,,,,,,,,,,,,,,,,
59,B,participants_only,,,30,30,0,0,21,9,0.4152767894012521,0.2714061626569887,0.953747387623306,0.07200315844960879,389,30,1.0,57,3.526315789473684,1.456140350877193,25.8,2266,,,,,,,,,,,,,,,,,,,,,,,,,,,
59,B,nonparticipants_only,,,10,0,10,0,0,0,0.2029961193951784,0.19895537249307388,0.38893820940416113,0.0018287839662500746,0,0,0.0,0,0.0,0.0,50.0,0,,,,,,,,,,,,,,,,,,,,,,,,,,,
59,B,step_totals,,,,,,,,,,,,,,,,,,,,,77.50000000000007,10.5,0.1354838709677418,,,57.0,0.7354838709677413,0.0,0.0,0.008638034206108737,0.05263157894736842,0.0,0,3,22,17,21,,57,30,4.000000000000001,0.05161290322580642,6.000000000000003,0.07741935483870964,20,30,30
60,B,all_agents,,,40,30,10,0,21,9,0.36357561385132625,0.24124621049284817,0.9555974921183737,0.06356888188405828,394,30,0.75,57,3.526315789473684,1.456140350877193,32.0,2308,,,,,,,,,,,,,,,,,,,,,,,,,,,
60,B,participants_only,,,30,30,0,0,21,9,0.4169368616762169,0.27106964446655923,0.9555974921183737,0.07277789687395683,394,30,1.0,57,3.526315789473684,1.456140350877193,26.0,2308,,,,,,,,,,,,,,,,,,,,,,,,,,,
60,B,nonparticipants_only,,,10,0,10,0,0,0,0.20349187037665412,0.19938041434914108,0.3869935183571403,0.0017727636812097825,0,0,0.0,0,0.0,0.0,50.0,0,,,,,,,,,,,,,,,,,,,,,,,,,,,
60,B,step_totals,,,,,,,,,,,,,,,,,,,,,72.40000000000008,12.0,0.165745856353591,,,50.0,0.6906077348066291,0.0,0.0,0.007565095710664247,0.1,0.0,0,5,17,46,24,,50,27,4.600000000000001,0.0635359116022099,5.8000000000000025,0.08011049723756901,23,29,24
60,B,reachability,0.225,0.0,,,,,,,,,,,,,,,,,,,,,,,,,,,,,,,,,,,,,,,,,,,,,
61,B,all_agents,,,40,30,10,0,21,9,0.36546565824620625,0.2402708899346533,0.9573735924336388,0.06436771273110885,402,30,0.75,57,3.526315789473684,1.456140350877193,31.8,2356,,,,,,,,,,,,,,,,,,,,,,,,,,,
61,B,participants_only,,,30,30,0,0,21,9,0.4192927847585346,0.27302770480041105,0.9573735924336388,0.073661217402785,402,30,1.0,57,3.526315789473684,1.456140350877193,25.733333333333334,2356,,,,,,,,,,,,,,,,,,,,,,,,,,,
61,B,nonparticipants_only,,,10,0,10,0,0,0,0.2039842787092212,0.20121188222132014,0.3850585507653546,0.0017188841331899592,0,0,0.0,0,0.0,0.0,50.0,0,,,,,,,,,,,,,,,,,,,,,,,,,,,
61,B,step_totals,,,,,,,,,,,,,,,,,,,,,76.30000000000007,9.5,0.12450851900393174,,,57.0,0.7470511140235904,0.0,0.0,0.008707290884070483,0.14035087719298245,0.0,0,8,24,17,19,,57,30,3.800000000000001,0.04980340760157271,6.000000000000003,0.07863695937090429,19,30,29
62,B,all_agents,,,40,30,10,0,21,9,0.3669453963114336,0.24013308214507806,0.9590786487362933,0.06509613938896737,410,30,0.75,57,3.526315789473684,1.456140350877193,31.95,2402,,,,,,,,,,,,,,,,,,,,,,,,,,,
62,B,participants_only,,,30,30,0,0,21,9,0.4211025298219323,0.2754391449120507,0.9590786487362933,0.07450791553238616,410,30,1.0,57,3.526315789473684,1.456140350877193,25.933333333333334,2402,,,,,,,,,,,,,,,,,,,,,,,,,,,
62,B,nonparticipants_only,,,10,0,10,0,0,0,0.20447399577993736,0.20220602632367296,0.3831332580115278,0.0016648696378231765,0,0,0.0,0,0.0,0.0,50.0,0,,,,,,,,,,,,,,,,,,,,,,,,,,,
62,B,step_totals,,,,,,,,,,,,,,,,,,,,,71.90000000000005,11.5,0.1599443671766341,,,50.0,0.6954102920723222,0.0,0.0,0.008026967136253527,0.16,0.0,0,8,18,45,23,,50,26,4.600000000000001,0.06397774687065366,5.8000000000000025,0.08066759388038941,23,29,24
63,B,all_agents,,,40,30,10,0,21,9,0.3686667145480677,0.23992635199470314,0.9607155027868416,0.0659109765501087,421,30,0.75,57,3.526315789473684,1.456140350877193,31.75,2451,,,,,,,,,,,,,,,,,,,,,,,,,,,
63,B,participants_only,,,30,30,0,0,21,9,0.42323552131052466,0.2774835751929272,0.9607155027868416,0.07543244168912251,421,30,1.0,57,3.526315789473684,1.456140350877193,25.666666666666668,2451,,,,,,,,,,,,,,,,,,,,,,,,,,,
63,B,nonparticipants_only,,,10,0,10,0,0,0,0.2049602942606967,0.20220326827120294,0.3812175917214702,0.001613525075326856,0,0,0.0,0,0.0,0.0,50.0,0,,,,,,,,,,,,,,,,,,,,,,,,,,,
63,B,step_totals,,,,,,,,,,,,,,,,,,,,,76.00000000000007,9.0,0.11842105263157883,,,57.0,0.7499999999999993,0.0,0.0,0.008235178822899697,0.19298245614035087,0.0,0,11,24,16,18,,57,29,4.000000000000001,0.05263157894736838,6.000000000000003,0.0789473684210526,20,30,29
64,B,all_agents,,,40,30,10,0,21,9,0.36992202168168,0.2412801768067213,0.9622868826753679,0.06659971057484428,428,30,0.75,57,3.526315789473684,1.456140350877193,31.9,2495,,,,,,,,,,,,,,,,,,,,,,,,,,,
64,B,participants_only,,,30,30,0,0,21,9,0.42474825674256755,0.2793685860497409,0.9622868826753679,0.07625451509206263,428,30,1.0,57,3.526315789473684,1.456140350877193,25.866666666666667,2495,,,,,,,,,,,,,,,,,,,,,,,,,,,
64,B,nonparticipants_only,,,10,0,10,0,0,0,0.20544331649901743,0.2029810739057898,0.3793115037628628,0.0015643044117688942,0,0,0.0,0,0.0,0.0,50.0,0,,,,,,,,,,,,,,,,,,,,,,,,,,,
64,B,step_totals,,,,,,,,,,,,,,,,,,,,,71.60000000000008,11.0,0.15363128491620096,,,50.0,0.6983240223463679,0.0,0.0,0.007341285637050423,0.14,0.0,0,7,18,44,22,,50,26,4.800000000000002,0.06703910614525134,5.8000000000000025,0.08100558659217871,24,29,24
65,B,all_agents,,,40,30,10,0,21,9,0.37163352946642564,0.24030158657635933,0.9637954073683531,0.06744163836828435,434,30,0.75,57,3.526315789473684,1.456140350877193,31.7,2546,,,,,,,,,,,,,,,,,,,,,,,,,,,
65,B,participants_only,,,30,30,0,0,21,9,0.4268702791982143,0.27797174311949224,0.9637954073683531,0.07721227461207034,434,30,1.0,57,3.526315789473684,1.456140350877193,25.6,2546,,,,,,,,,,,,,,,,,,,,,,,,,,,
65,B,nonparticipants_only,,,10,0,10,0,0,0,0.20592328027105958,0.20336876179812907,0.37741494624404853,0.0015165473857392865,0,0,0.0,0,0.0,0.0,50.0,0,,,,,,,,,,,,,,,,,,,,,,,,,,,
65,B,step_totals,,,,,,,,,,,,,,,,,,,,,75.50000000000007,8.5,0.11258278145695354,,,57.0,0.7549668874172178,0.0,0.0,0.008287276409831339,0.10526315789473684,0.0,0,6,25,15,17,,57,29,4.000000000000001,0.05298013245033109,6.000000000000003,0.07947019867549665,20,30,29
66,B,all_agents,,,40,30,10,0,21,9,0.37295138789559434,0.24098343076846823,0.965243591073619,0.0681274219307949,438,30,0.75,57,3.526315789473684,1.456140350877193,31.85,2593,,,,,,,,,,,,,,,,,,,,,,,,,,,
66,B,participants_only,,,30,30,0,0,21,9,0.42846849262616,0.27849039880690174,0.965243591073619,0.07801778621436241,438,30,1.0,57,3.526315789473684,1.456140350877193,25.8,2593,,,,,,,,,,,,,,,,,,,,,,,,,,,
66,B,nonparticipants_only,,,10,0,10,0,0,0,0.20640007370389743,0.20514592299525283,0.3755278715128283,0.0014705420681172473,0,0,0.0,0,0.0,0.0,50.0,0,,,,,,,,,,,,,,,,,,,,,,,,,,,
66,B,step_totals,,,,,,,,,,,,,,,,,,,,,71.40000000000006,11.0,0.1540616246498598,,,50.0,0.7002801120448173,0.0,0.0,0.007591898456462772,0.08,0.0,0,4,18,43,22,,50,25,4.600000000000001,0.06442577030812321,5.8000000000000025,0.08123249299719884,23,29,24
67,B,all_agents,,,40,30,10,0,20,10,0.3743696830984476,0.2400652090027825,0.9666338474306743,0.06889115537101721,443,30,0.75,57,3.526315789473684,1.456140350877193,31.65,2639,,,,,,,,,,,,,,,,,,,,,,,,,,,
67,B,participants_only,,,30,30,0,0,20,10,0.430201645612585,0.27709794681286726,0.9666338474306743,0.0789106839920162,443,30,1.0,57,3.526315789473684,1.456140350877193,25.533333333333335,2639,,,,,,,,,,,,,,,,,,,,,,,,,,,
67,B,nonparticipants_only,,,10,0,10,0,0,0,0.20687379555603533,0.2060857137422685,0.37365023215526416,0.001426073049859696,0,0,0.0,0,0.0,0.0,50.0,0,,,,,,,,,,,,,,,,,,,,,,,,,,,
67,B,step_totals,,,,,,,,,,,,,,,,,,,,,74.90000000000006,8.5,0.11348464619492647,,,57.0,0.7610146862483305,0.0,0.0,0.007425616541389257,0.08771929824561403,0.0,0,5,26,15,17,,57,28,3.400000000000001,0.0453938584779706,6.000000000000003,0.08010680907877167,17,30,27
68,B,all_agents,,,40,30,10,0,21,9,0.3755020821500541,0.23967017417411984,0.9679684935334473,0.06949099867575334,451,30,0.75,57,3.526315789473684,1.456140350877193,31.85,2683,,,,,,,,,,,,,,,,,,,,,,,,,,,
68,B,participants_only,,,30,30,0,0,21,9,0.43155462695589475,0.27910650628354244,0.9679684935334473,0.07962604726954073,451,30,1.0,57,3.526315789473684,1.456140350877193,25.8,2683,,,,,,,,,,,,,,,,,,,,,,,,,,,
68,B,nonparticipants_only,,,10,0,10,0,0,0,0.20734444773253205,0.20610778809655483,0.37178198099448784,0.0013831995438618623,0,0,0.0,0,0.0,0.0,50.0,0,,,,,,,,,,,,,,,,,,,,,,,,,,,
68,B,step_totals,,,,,,,,,,,,,,,,,,,,,71.10000000000007,11.5,0.16174402250351602,,,49.0,0.6891701828410682,0.0,0.0,0.007033857430356992,0.16326530612244897,0.0,0,8,18,43,23,,49,26,4.600000000000001,0.06469760900140643,6.000000000000003,0.0843881856540084,23,30,26
69,B,all_agents,,,40,30,10,0,20,10,0.37697974863650424,0.2390271363477821,0.9692497537921094,0.0702893093570632,461,30,0.75,57,3.526315789473684,1.456140350877193,31.65,2733,,,,,,,,,,,,,,,,,,,,,,,,,,,
69,B,participants_only,,,30,30,0,0,20,10,0.4333689329152493,0.2777109737521247,0.9692497537921094,0.08055300475351715,461,30,1.0,57,3.526315789473684,1.456140350877193,25.533333333333335,2733,,,,,,,,,,,,,,,,,,,,,,,,,,,
69,B,nonparticipants_only,,,10,0,10,0,0,0,0.2078121958002689,0.2068874052428352,0.3699230710895154,0.0013413419242341241,0,0,0.0,0,0.0,0.0,50.0,0,,,,,,,,,,,,,,,,,,,,,,,,,,,
69,B,step_totals,,,,,,,,,,,,,,,,,,,,,74.40000000000005,8.0,0.10752688172043004,,,57.0,0.7661290322580641,0.0,0.0,0.007699477656598228,0.17543859649122806,0.0,0,10,26,15,16,,57,27,3.400000000000001,0.045698924731182776,6.000000000000003,0.08064516129032256,17,30,26
70,B,all_agents,,,40,30,10,0,20,10,0.3780301960192286,0.23932473578224875,0.9704797636404251,0.07087291944646498,472,30,0.75,57,3.526315789473684,1.456140350877193,31.85,2778,,,,,,,,,,,,,,,,,,,,,,,,,,,
70,B,participants_only,,,30,30,0,0,20,10,0.4346146563366574,0.27958019905749176,0.9704797636404251,0.08125621312934646,472,30,1.0,57,3.526315789473684,1.456140350877193,25.8,2778,,,,,,,,,,,,,,,,,,,,,,,,,,,
70,B,nonparticipants_only,,,10,0,10,0,0,0,0.2082768150669424,0.20723884679096916,0.3680734557340678,0.0013014246048445384,0,0,0.0,0,0.0,0.0,50.0,0,,,,,,,,,,,,,,,,,,,,,,,,,,,
70,B,step_totals,,,,,,,,,,,,,,,,,,,,,70.60000000000007,11.0,0.15580736543909335,,,49.0,0.6940509915014158,0.0,0.0,0.006845845309786931,0.22448979591836735,0.0,0,11,18,43,22,,49,25,4.600000000000001,0.06515580736543905,6.000000000000003,0.08498583569405095,23,30,25
70,B,reachability,0.225,0.0,,,,,,,,,,,,,,,,,,,,,,,,,,,,,,,,,,,,,,,,,,,,,
71,B,all_agents,,,40,30,10,0,20,10,0.3793613650263619,0.23886556104913126,0.9716605730948081,0.07166019318147558,480,30,0.75,57,3.526315789473684,1.456140350877193,31.65,2827,,,,,,,,,,,,,,,,,,,,,,,,,,,
71,B,participants_only,,,30,30,0,0,20,10,0.4362357953271949,0.27818229806220435,0.9716605730948081,0.08218670795786695,480,30,1.0,57,3.526315789473684,1.456140350877193,25.533333333333335,2827,,,,,,,,,,,,,,,,,,,,,,,,,,,
71,B,nonparticipants_only,,,10,0,10,0,0,0,0.20873807412386283,0.20896331161426124,0.3662330884553975,0.0012642389877696935,0,0,0.0,0,0.0,0.0,50.0,0,,,,,,,,,,,,,,,,,,,,,,,,,,,
71,B,step_totals,,,,,,,,,,,,,,,,,,,,,73.20000000000006,7.0,0.09562841530054637,,,57.0,0.7786885245901632,0.0,0.0,0.0073862224662844655,0.14035087719298245,0.0,0,8,27,12,14,,57,25,3.2000000000000006,0.04371584699453549,6.000000000000003,0.08196721311475406,16,30,26
72,B,all_agents,,,40,30,10,0,20,10,0.3802895044630216,0.2408471289626825,0.9727941501710158,0.07221404048836647,485,30,0.75,57,3.526315789473684,1.456140350877193,31.85,2871,,,,,,,,,,,,,,,,,,,,,,,,,,,
72,B,participants_only,,,30,30,0,0,20,10,0.4373205051857618,0.2787323125540412,0.9727941501710158,0.08286593910694455,485,30,1.0,57,3.526315789473684,1.456140350877193,25.8,2871,,,,,,,,,,,,,,,,,,,,,,,,,,,
72,B,nonparticipants_only,,,10,0,10,0,0,0,0.20919650229480094,0.20985036069132684,0.36440192301312047,0.0012279241113858767,0,0,0.0,0,0.0,0.0,50.0,0,,,,,,,,,,,,,,,,,,,,,,,,,,,
72,B,step_totals,,,,,,,,,,,,,,,,,,,,,70.60000000000007,11.0,0.15580736543909335,,,49.0,0.6940509915014158,0.0,0.0,0.006446248336124691,0.10204081632653061,0.0,0,5,18,42,22,,49,24,4.600000000000001,0.06515580736543905,6.000000000000003,0.08498583569405095,23,30,25
73,B,all_agents,,,40,30,10,0,20,10,0.3815911475948756,0.240633893227075,0.9738823841641752,0.07299488776193339,492,30,0.75,57,3.526315789473684,1.456140350877193,31.65,2920,,,,,,,,,,,,,,,,,,,,,,,,,,,
73,B,participants_only,,,30,30,0,0,20,10,0.4389041534410126,0.277338650991271,0.9738823841641752,0.08378990693534125,492,30,1.0,57,3.526315789473684,1.456140350877193,25.533333333333335,2920,,,,,,,,,,,,,,,,,,,,,,,,,,,
73,B,nonparticipants_only,,,10,0,10,0,0,0,0.20965213005646494,0.20989653112198392,0.36257991339805484,0.0011924625722779462,0,0,0.0,0,0.0,0.0,50.0,0,,,,,,,,,,,,,,,,,,,,,,,,,,,
73,B,step_totals,,,,,,,,,,,,,,,,,,,,,72.70000000000006,6.5,0.08940852819807421,,,57.0,0.7840440165061892,0.0,0.0,0.007360958787659633,0.12280701754385964,0.0,0,7,27,12,13,,57,24,3.2000000000000006,0.044016506189821156,6.000000000000003,0.08253094910591469,16,30,25
74,B,all_agents,,,40,30,10,0,20,10,0.3825721502125188,0.2403757625263811,0.9749270887976081,0.07350555458916419,496,30,0.75,57,3.526315789473684,1.456140350877193,31.85,2965,,,,,,,,,,,,,,,,,,,,,,,,,,,
74,B,participants_only,,,30,30,0,0,20,10,0.44006110480490773,0.2772278708834311,0.9749270887976081,0.08440191671128765,496,30,1.0,57,3.526315789473684,1.456140350877193,25.8,2965,,,,,,,,,,,,,,,,,,,,,,,,,,,
74,B,nonparticipants_only,,,10,0,10,0,0,0,0.21010528643535198,0.21067790606502323,0.3607670138310646,0.0011567094212847258,0,0,0.0,0,0.0,0.0,50.0,0,,,,,,,,,,,,,,,,,,,,,,,,,,,
74,B,step_totals,,,,,,,,,,,,,,,,,,,,,70.60000000000007,11.0,0.15580736543909335,,,49.0,0.6940509915014158,0.0,0.0,0.006642659240716962,0.08163265306122448,0.0,0,4,18,42,22,,49,24,4.600000000000001,0.06515580736543905,6.000000000000003,0.08498583569405095,23,30,25
75,B,all_agents,,,40,30,10,0,20,10,0.38388850293185867,0.239559386129487,0.9759300052457038,0.07430736072169589,499,30,0.75,57,3.526315789473684,1.456140350877193,31.65,3017,,,,,,,,,,,,,,,,,,,,,,,,,,,
75,B,participants_only,,,30,30,0,0,20,10,0.441666343147474,0.2758417315290139,0.9759300052457038,0.08534858300969218,499,30,1.0,57,3.526315789473684,1.456140350877193,25.533333333333335,3017,,,,,,,,,,,,,,,,,,,,,,,,,,,
75,B,nonparticipants_only,,,10,0,10,0,0,0,0.21055498228501282,0.21099417604534665,0.35896317876190925,0.0011243480179329542,0,0,0.0,0,0.0,0.0,50.0,0,,,,,,,,,,,,,,,,,,,,,,,,,,,
75,B,step_totals,,,,,,,,,,,,,,,,,,,,,72.50000000000006,6.5,0.08965517241379303,,,57.0,0.7862068965517235,0.0,0.0,0.007437783430932649,0.05263157894736842,0.0,0,3,27,11,13,,57,22,3.0000000000000004,0.04137931034482756,6.000000000000003,0.08275862068965514,15,30,24
76,B,all_agents,,,40,30,10,0,20,10,0.3847505822584185,0.23968842517861258,0.9768928050358757,0.07478679632713588,504,30,0.75,57,3.526315789473684,1.456140350877193,31.85,3061,,,,,,,,,,,,,,,,,,,,,,,,,,,
76,B,participants_only,,,30,30,0,0,20,10,0.44266693998949014,0.27634741244166894,0.9768928050358757,0.0859337579727969,504,30,1.0,57,3.526315789473684,1.456140350877193,25.8,3061,,,,,,,,,,,,,,,,,,,,,,,,,,,
76,B,nonparticipants_only,,,10,0,10,0,0,0,0.21100150906520362,0.2124032215802787,0.3571683628680997,0.0010942574761512898,0,0,0.0,0,0.0,0.0,50.0,0,,,,,,,,,,,,,,,,,,,,,,,,,,,
76,B,step_totals,,,,,,,,,,,,,,,,,,,,,70.60000000000007,11.0,0.15580736543909335,,,49.0,0.6940509915014158,0.0,0.0,0.006255013287148051,0.10204081632653061,0.0,0,5,18,42,22,,49,24,4.600000000000001,0.06515580736543905,6.000000000000003,0.08498583569405095,23,30,25
77,B,all_agents,,,40,30,10,0,20,10,0.38614777199646877,0.23916733897209264,0.9778170928344407,0.07565323500077357,513,30,0.75,57,3.526315789473684,1.456140350877193,31.65,3116,,,,,,,,,,,,,,,,,,,,,,,,,,,
77,B,participants_only,,,30,30,0,0,20,10,0.4443819017372845,0.2749656753794606,0.9778170928344407,0.0869512554297167,513,30,1.0,57,3.526315789473684,1.456140350877193,25.533333333333335,3116,,,,,,,,,,,,,,,,,,,,,,,,,,,
77,B,nonparticipants_only,,,10,0,10,0,0,0,0.21144538277402158,0.2118768927987048,0.3553825210537592,0.0010646073139022772,0,0,0.0,0,0.0,0.0,50.0,0,,,,,,,,,,,,,,,,,,,,,,,,,,,
77,B,step_totals,,,,,,,,,,,,,,,,,,,,,72.70000000000006,6.5,0.08940852819807421,,,57.0,0.7840440165061892,0.0,0.0,0.007690790322543522,0.15789473684210525,0.0,0,9,27,11,13,,57,22,3.2000000000000006,0.044016506189821156,6.000000000000003,0.08253094910591469,16,30,24
78,B,all_agents,,,40,30,10,0,20,10,0.38707536950713206,0.2393214368852974,0.9787044091210632,0.07614158626394511,522,30,0.75,57,3.526315789473684,1.456140350877193,31.85,3162,,,,,,,,,,,,,,,,,,,,,,,,,,,
78,B,participants_only,,,30,30,0,0,20,10,0.4454716273962576,0.2735908470025633,0.9787044091210632,0.08753644609217615,522,30,1.0,57,3.526315789473684,1.456140350877193,25.8,3162,,,,,,,,,,,,,,,,,,,,,,,,,,,
78,B,nonparticipants_only,,,10,0,10,0,0,0,0.21188659583975528,0.2124358614584533,0.3536056084484904,0.0010355315538128954,0,0,0.0,0,0.0,0.0,50.0,0,,,,,,,,,,,,,,,,,,,,,,,,,,,
78,B,step_totals,,,,,,,,,,,,,,,,,,,,,70.60000000000008,11.0,0.15580736543909332,,,49.0,0.6940509915014157,0.0,0.0,0.006497064631290114,0.1836734693877551,0.0,0,9,18,42,22,,49,24,4.600000000000001,0.06515580736543904,6.000000000000003,0.08498583569405094,23,30,25
79,B,all_agents,,,40,30,10,0,20,10,0.38818060758089123,0.23923559089160906,0.9795562327562206,0.07692429989712007,528,30,0.75,57,3.526315789473684,1.456140350877193,31.65,3212,,,,,,,,,,,,,,,,,,,,,,,,,,,
79,B,participants_only,,,30,30,0,0,20,10,0.44679911162448605,0.2722228927675505,0.9795562327562206,0.08848545274342307,528,30,1.0,57,3.526315789473684,1.456140350877193,25.533333333333335,3212,,,,,,,,,,,,,,,,,,,,,,,,,,,
79,B,nonparticipants_only,,,10,0,10,0,0,0,0.21232509545010653,0.21250506570870842,0.35183758040624796,0.0010072931625037306,0,0,0.0,0,0.0,0.0,50.0,0,,,,,,,,,,,,,,,,,,,,,,,,,,,
79,B,step_totals,,,,,,,,,,,,,,,,,,,,,72.50000000000007,6.5,0.08965517241379302,,,57.0,0.7862068965517234,0.0,0.0,0.006753854588811315,0.10526315789473684,0.0,0,6,27,10,13,,57,20,3.0000000000000004,0.04137931034482755,6.000000000000003,0.08275862068965513,15,30,22
80,B,all_agents,,,40,30,10,0,20,10,0.3888733742326554,0.24089375577903405,0.9803739834459718,0.07734896701868738,533,30,0.75,57,3.526315789473684,1.456140350877193,31.85,3255,,,,,,,,,,,,,,,,,,,,,,,,,,,
80,B,participants_only,,,30,30,0,0,20,10,0.4475775138727729,0.2708617783037127,0.9803739834459718,0.08902069783017869,533,30,1.0,57,3.526315789473684,1.456140350877193,25.8,3255,,,,,,,,,,,,,,,,,,,,,,,,,,,
80,B,nonparticipants_only,,,10,0,10,0,0,0,0.2127609553123028,0.213284230923239,0.35007839250421674,0.0009796624535764104,0,0,0.0,0,0.0,0.0,50.0,0,,,,,,,,,,,,,,,,,,,,,,,,,,,
80,B,step_totals,,,,,,,,,,,,,,,,,,,,,70.60000000000008,11.0,0.15580736543909332,,,49.0,0.6940509915014157,0.0,0.0,0.005712681233671381,0.10204081632653061,0.0,0,5,18,42,22,,49,24,4.600000000000001,0.06515580736543904,6.000000000000003,0.08498583569405094,23,30,24
80,B,reachability,0.225,0.0,,,,,,,,,,,,,,,,,,,,,,,,,,,,,,,,,,,,,,,,,,,,,
81,B,all_agents,,,40,30,10,0,20,10,0.3901191855322671,0.24008359836802456,0.9811590241081329,0.07815610638976533,540,30,0.75,57,3.526315789473684,1.456140350877193,31.65,3308,,,,,,,,,,,,,,,,,,,,,,,,,,,
81,B,participants_only,,,30,30,0,0,20,10,0.4490943021217779,0.26950746941219417,0.9811590241081329,0.08997791947932851,540,30,1.0,57,3.526315789473684,1.456140350877193,25.533333333333335,3308,,,,,,,,,,,,,,,,,,,,,,,,,,,
81,B,nonparticipants_only,,,10,0,10,0,0,0,0.21319383576373455,0.21356496153628463,0.34832800054169566,0.0009538946001190538,0,0,0.0,0,0.0,0.0,50.0,0,,,,,,,,,,,,,,,,,,,,,,,,,,,
81,B,step_totals,,,,,,,,,,,,,,,,,,,,,72.50000000000006,6.5,0.08965517241379303,,,57.0,0.7862068965517235,0.0,0.0,0.007223533133319846,0.12280701754385964,0.0,0,7,27,10,13,,57,20,3.0000000000000004,0.04137931034482756,6.000000000000003,0.08275862068965514,15,30,21
82,B,all_agents,,,40,30,10,0,20,10,0.39080221522699604,0.2395194941445829,0.9819126631438077,0.07857465778173787,548,30,0.75,57,3.526315789473684,1.456140350877193,31.85,3351,,,,,,,,,,,,,,,,,,,,,,,,,,,
82,B,participants_only,,,30,30,0,0,20,10,0.4498615723720324,0.26815993206513317,0.9819126631438077,0.09050466563187685,548,30,1.0,57,3.526315789473684,1.456140350877193,25.8,3351,,,,,,,,,,,,,,,,,,,,,,,,,,,
82,B,nonparticipants_only,,,10,0,10,0,0,0,0.21362414379188702,0.21474398114672527,0.34658636053898717,0.0009285422347014521,0,0,0.0,0,0.0,0.0,50.0,0,,,,,,,,,,,,,,,,,,,,,,,,,,,
82,B,step_totals,,,,,,,,,,,,,,,,,,,,,70.60000000000007,11.0,0.15580736543909335,,,49.0,0.6940509915014158,0.0,0.0,0.005695405403092157,0.16326530612244897,0.0,0,8,18,42,22,,49,24,4.600000000000001,0.06515580736543905,6.000000000000003,0.08498583569405095,23,30,24
83,B,all_agents,,,40,30,10,0,20,10,0.39181039634745546,0.2384394083860813,0.9826361566180554,0.07931880105650638,554,30,0.75,57,3.526315789473684,1.456140350877193,31.65,3402,,,,,,,,,,,,,,,,,,,,,,,,,,,
83,B,participants_only,,,30,30,0,0,20,10,0.45106332593325565,0.2668191324048075,0.9826361566180554,0.09141321419456483,554,30,1.0,57,3.526315789473684,1.456140350877193,25.533333333333335,3402,,,,,,,,,,,,,,,,,,,,,,,,,,,
83,B,nonparticipants_only,,,10,0,10,0,0,0,0.2140516075900548,0.2141294042130032,0.3448534287362922,0.0009046456683334262,0,0,0.0,0,0.0,0.0,50.0,0,,,,,,,,,,,,,,,,,,,,,,,,,,,
83,B,step_totals,,,,,,,,,,,,,,,,,,,,,72.50000000000006,6.5,0.08965517241379303,,,57.0,0.7862068965517235,0.0,0.0,0.006441592280212878,0.10526315789473684,0.0,0,6,27,9,13,,57,20,3.0000000000000004,0.04137931034482756,6.000000000000003,0.08275862068965514,15,30,21
84,B,all_agents,,,40,30,10,0,20,10,0.3925148261957276,0.2384066287574395,0.9833307103533332,0.07972971378696787,558,30,0.75,57,3.526315789473684,1.456140350877193,31.85,3446,,,,,,,,,,,,,,,,,,,,,,,,,,,
84,B,participants_only,,,30,30,0,0,20,10,0.45186106924665514,0.26548503674278345,0.9833307103533332,0.09192412979839538,558,30,1.0,57,3.526315789473684,1.456140350877193,25.8,3446,,,,,,,,,,,,,,,,,,,,,,,,,,,
84,B,nonparticipants_only,,,10,0,10,0,0,0,0.21447609704294504,0.21399458161965737,0.34312916159261075,0.0008827469815682026,0,0,0.0,0,0.0,0.0,50.0,0,,,,,,,,,,,,,,,,,,,,,,,,,,,
84,B,step_totals,,,,,,,,,,,,,,,,,,,,,70.60000000000005,11.0,0.15580736543909338,,,49.0,0.6940509915014159,0.0,0.0,0.005781483716910178,0.08163265306122448,0.0,0,4,18,42,22,,49,24,4.600000000000001,0.06515580736543906,6.000000000000003,0.08498583569405097,23,30,23
85,B,all_agents,,,40,30,10,0,20,10,0.3933536977991604,0.23825898186431432,0.9839974819391999,0.0804273535072023,563,30,0.75,57,3.526315789473684,1.456140350877193,31.65,3493,,,,,,,,,,,,,,,,,,,,,,,,,,,
85,B,participants_only,,,30,30,0,0,20,10,0.45283882133062064,0.2641576115590696,0.9839974819391999,0.09279578110245186,563,30,1.0,57,3.526315789473684,1.456140350877193,25.533333333333335,3493,,,,,,,,,,,,,,,,,,,,,,,,,,,
85,B,nonparticipants_only,,,10,0,10,0,0,0,0.2148983272047798,0.2144639487598115,0.3414135157846477,0.0008603116628166181,0,0,0.0,0,0.0,0.0,50.0,0,,,,,,,,,,,,,,,,,,,,,,,,,,,
85,B,step_totals,,,,,,,,,,,,,,,,,,,,,72.30000000000007,6.5,0.08990318118948816,,,57.0,0.7883817427385885,0.0,0.0,0.005903172792629585,0.08771929824561403,0.0,0,5,27,9,13,,57,20,2.8000000000000003,0.038727524204702594,6.000000000000003,0.08298755186721987,14,30,20
86,B,all_agents,,,40,30,10,0,20,10,0.39412153204380745,0.23873804706926505,0.9846375826616319,0.08082252895491883,574,30,0.75,57,3.526315789473684,1.456140350877193,31.85,3539,,,,,,,,,,,,,,,,,,,,,,,,,,,
86,B,participants_only,,,30,30,0,0,20,10,0.4537226675027878,0.26283682350127424,0.9846375826616319,0.09327486833842336,574,30,1.0,57,3.526315789473684,1.456140350877193,25.8,3539,,,,,,,,,,,,,,,,,,,,,,,,,,,
86,B,nonparticipants_only,,,10,0,10,0,0,0,0.2153181256668663,0.2145559991744524,0.33970644820572443,0.0008379666284085094,0,0,0.0,0,0.0,0.0,50.0,0,,,,,,,,,,,,,,,,,,,,,,,,,,,
86,B,step_totals,,,,,,,,,,,,,,,,,,,,,70.60000000000008,11.0,0.15580736543909332,,,49.0,0.6940509915014157,0.0,0.0,0.006008189075978633,0.22448979591836735,0.0,0,11,18,42,22,,49,24,4.600000000000001,0.06515580736543904,6.000000000000003,0.08498583569405094,23,30,23
87,B,all_agents,,,40,30,10,0,20,10,0.3952045369784119,0.23842952096415915,0.9852520793551667,0.08161214686546274,583,30,0.75,57,3.526315789473684,1.456140350877193,31.65,3593,,,,,,,,,,,,,,,,,,,,,,,,,,,
87,B,participants_only,,,30,30,0,0,20,10,0.4550277259258613,0.26152263938376785,0.9852520793551667,0.09422837549040228,583,30,1.0,57,3.526315789473684,1.456140350877193,25.533333333333335,3593,,,,,,,,,,,,,,,,,,,,,,,,,,,
87,B,nonparticipants_only,,,10,0,10,0,0,0,0.21573497013606366,0.21560606446321606,0.3380079159646958,0.0008176937605373508,0,0,0.0,0,0.0,0.0,50.0,0,,,,,,,,,,,,,,,,,,,,,,,,,,,
87,B,step_totals,,,,,,,,,,,,,,,,,,,,,72.30000000000005,6.5,0.08990318118948817,,,57.0,0.7883817427385886,0.0,0.0,0.006720305329210422,0.15789473684210525,0.0,0,9,27,9,13,,57,20,2.8000000000000003,0.0387275242047026,6.000000000000003,0.08298755186721989,14,30,20
88,B,all_agents,,,40,30,10,0,20,10,0.3958925300982414,0.23992723119895898,0.98584199618096,0.08199783630376375,585,30,0.75,57,3.526315789473684,1.456140350877193,31.85,3638,,,,,,,,,,,,,,,,,,,,,,,,,,,
88,B,participants_only,,,30,30,0,0,20,10,0.4558069974557404,0.260215026186849,0.98584199618096,0.09470529280910499,585,30,1.0,57,3.526315789473684,1.456140350877193,25.8,3638,,,,,,,,,,,,,,,,,,,,,,,,,,,
88,B,nonparticipants_only,,,10,0,10,0,0,0,0.21614912802574426,0.21628444431456756,0.3363178763848723,0.000798546002946243,0,0,0.0,0,0.0,0.0,50.0,0,,,,,,,,,,,,,,,,,,,,,,,,,,,
88,B,step_totals,,,,,,,,,,,,,,,,,,,,,70.60000000000007,11.0,0.15580736543909335,,,49.0,0.6940509915014158,0.0,0.0,0.005750299006721944,0.04081632653061224,0.0,0,2,18,42,22,,49,24,4.600000000000001,0.06515580736543905,6.000000000000003,0.08498583569405095,23,30,22
89,B,all_agents,,,40,30,10,0,20,10,0.3970494425860748,0.23901201131789618,0.9864083163337216,0.08282656640186496,594,30,0.75,57,3.526315789473684,1.456140350877193,31.65,3694,,,,,,,,,,,,,,,,,,,,,,,,,,,
89,B,participants_only,,,30,30,0,0,20,10,0.457212359870785,0.25891395105591475,0.9864083163337216,0.09569703997077018,594,30,1.0,57,3.526315789473684,1.456140350877193,25.533333333333335,3694,,,,,,,,,,,,,,,,,,,,,,,,,,,
89,B,nonparticipants_only,,,10,0,10,0,0,0,0.21656069073194414,0.21657612103430834,0.33463628700294795,0.0007802263006666607,0,0,0.0,0,0.0,0.0,50.0,0,,,,,,,,,,,,,,,,,,,,,,,,,,,
89,B,step_totals,,,,,,,,,,,,,,,,,,,,,72.50000000000007,6.5,0.08965517241379302,,,57.0,0.7862068965517234,0.0,0.0,0.006951968859451796,0.15789473684210525,0.0,0,9,27,9,13,,57,20,3.0000000000000004,0.04137931034482755,6.000000000000003,0.08275862068965513,15,30,20
90,B,all_agents,,,40,30,10,0,20,10,0.39765351886448624,0.23910743079391167,0.9869519836803727,0.08316904431504801,602,30,0.75,57,3.526315789473684,1.456140350877193,31.85,3738,,,,,,,,,,,,,,,,,,,,,,,,,,,
90,B,participants_only,,,30,30,0,0,20,10,0.45788147178719957,0.2576193813006352,0.9869519836803727,0.096128162931989,602,30,1.0,57,3.526315789473684,1.456140350877193,25.8,3738,,,,,,,,,,,,,,,,,,,,,,,,,,,
90,B,nonparticipants_only,,,10,0,10,0,0,0,0.21696966009634613,0.21631740545571404,0.33296310556793324,0.0007628127050981355,0,0,0.0,0,0.0,0.0,50.0,0,,,,,,,,,,,,,,,,,,,,,,,,,,,
90,B,step_totals,,,,,,,,,,,,,,,,,,,,,70.60000000000007,11.0,0.15580736543909335,,,49.0,0.6940509915014158,0.0,0.0,0.005480767462318301,0.16326530612244897,0.0,0,8,18,42,22,,49,24,4.600000000000001,0.06515580736543905,6.000000000000003,0.08498583569405095,23,30,22
90,B,reachability,0.25,0.0,,,,,,,,,,,,,,,,,,,,,,,,,,,,,,,,,,,,,,,,,,,,,
91,B,all_agents,,,40,30,10,0,20,10,0.39843214033854635,0.23857090480551318,0.9874739043331578,0.08385294492753109,610,30,0.75,57,3.526315789473684,1.456140350877193,31.65,3788,,,,,,,,,,,,,,,,,,,,,,,,,,,
91,B,participants_only,,,30,30,0,0,20,10,0.4587840824309309,0.256331284394132,0.9874739043331578,0.09698604915207017,610,30,1.0,57,3.526315789473684,1.456140350877193,25.533333333333335,3788,,,,,,,,,,,,,,,,,,,,,,,,,,,
91,B,nonparticipants_only,,,10,0,10,0,0,0,0.21737631406139257,0.21689026350954885,0.3312982900400936,0.0007453492820433195,0,0,0.0,0,0.0,0.0,50.0,0,,,,,,,,,,,,,,,,,,,,,,,,,,,
91,B,step_totals,,,,,,,,,,,,,,,,,,,,,72.30000000000007,6.5,0.08990318118948816,,,57.0,0.7883817427385885,0.0,0.0,0.00572019994738916,0.14035087719298245,0.0,0,8,27,9,13,,57,19,2.8000000000000003,0.038727524204702594,6.000000000000003,0.08298755186721987,14,30,18
92,B,all_agents,,,40,30,10,0,20,10,0.3991761104980832,0.23903280075860517,0.9879749481598316,0.0842304504770676,615,30,0.75,57,3.526315789473684,1.456140350877193,31.85,3836,,,,,,,,,,,,,,,,,,,,,,,,,,,
92,B,participants_only,,,30,30,0,0,20,10,0.4596413185694009,0.255452676035839,0.9879749481598316,0.09744029418478983,615,30,1.0,57,3.526315789473684,1.456140350877193,25.8,3836,,,,,,,,,,,,,,,,,,,,,,,,,,,
92,B,nonparticipants_only,,,10,0,10,0,0,0,0.2177804862841302,0.2169791378411307,0.3296417985898931,0.0007284227086080445,0,0,0.0,0,0.0,0.0,50.0,0,,,,,,,,,,,,,,,,,,,,,,,,,,,
92,B,step_totals,,,,,,,,,,,,,,,,,,,,,70.60000000000008,11.0,0.15580736543909332,,,49.0,0.6940509915014157,0.0,0.0,0.005967059092534081,0.10204081632653061,0.0,0,5,18,42,22,,49,24,4.600000000000001,0.06515580736543904,6.000000000000003,0.08498583569405094,23,30,22
93,B,all_agents,,,40,30,10,0,20,10,0.40012970240638673,0.23831637198683425,0.9884559502334382,0.08499793985221679,622,30,0.75,57,3.526315789473684,1.456140350877193,31.65,3890,,,,,,,,,,,,,,,,,,,,,,,,,,,
93,B,participants_only,,,30,30,0,0,20,10,0.46077891610298116,0.2549516560915017,0.9884559502334382,0.09837976142741564,622,30,1.0,57,3.526315789473684,1.456140350877193,25.533333333333335,3890,,,,,,,,,,,,,,,,,,,,,,,,,,,
93,B,nonparticipants_only,,,10,0,10,0,0,0,0.21818206131660345,0.21799297195605838,0.32799358959694364,0.0007125496624381559,0,0,0.0,0,0.0,0.0,50.0,0,,,,,,,,,,,,,,,,,,,,,,,,,,,
93,B,step_totals,,,,,,,,,,,,,,,,,,,,,72.30000000000005,6.5,0.08990318118948817,,,57.0,0.7883817427385886,0.0,0.0,0.006308242000215485,0.12280701754385964,0.0,0,7,27,9,13,,57,19,2.8000000000000003,0.0387275242047026,6.000000000000003,0.08298755186721989,14,30,18
94,B,all_agents,,,40,30,10,0,20,10,0.4008651997524833,0.24006384253869795,0.9889177122241007,0.08534718263255614,626,30,0.75,57,3.526315789473684,1.456140350877193,31.85,3938,,,,,,,,,,,,,,,,,,,,,,,,,,,
94,B,participants_only,,,30,30,0,0,20,10,0.46162652496158674,0.25468643314401684,0.9889177122241007,0.09879612051573303,626,30,1.0,57,3.526315789473684,1.456140350877193,25.8,3938,,,,,,,,,,,,,,,,,,,,,,,,,,,
94,B,nonparticipants_only,,,10,0,10,0,0,0,0.2185812241251729,0.21873640247543674,0.3263536216489589,0.0006971052890282823,0,0,0.0,0,0.0,0.0,50.0,0,,,,,,,,,,,,,,,,,,,,,,,,,,,
94,B,step_totals,,,,,,,,,,,,,,,,,,,,,70.60000000000007,11.0,0.15580736543909335,,,49.0,0.6940509915014158,0.0,0.0,0.005951127265155514,0.08163265306122448,0.0,0,4,18,42,22,,49,24,4.600000000000001,0.06515580736543905,6.000000000000003,0.08498583569405095,23,30,22
95,B,all_agents,,,40,30,10,0,20,10,0.401708443627356,0.2395634006226723,0.9893610037351367,0.08605641737444795,633,30,0.75,57,3.526315789473684,1.456140350877193,31.65,3990,,,,,,,,,,,,,,,,,,,,,,,,,,,
95,B,participants_only,,,30,30,0,0,20,10,0.46261859712219205,0.2546855465902018,0.9893610037351367,0.09967434291373553,633,30,1.0,57,3.526315789473684,1.456140350877193,25.533333333333335,3990,,,,,,,,,,,,,,,,,,,,,,,,,,,
95,B,nonparticipants_only,,,10,0,10,0,0,0,0.21897798314284797,0.2192379500226751,0.32472185354071414,0.0006820791714114525,0,0,0.0,0,0.0,0.0,50.0,0,,,,,,,,,,,,,,,,,,,,,,,,,,,
95,B,step_totals,,,,,,,,,,,,,,,,,,,,,72.30000000000005,6.5,0.08990318118948817,,,57.0,0.7883817427385886,0.0,0.0,0.005949347061970749,0.12280701754385964,0.0,0,7,27,9,13,,57,18,2.8000000000000003,0.0387275242047026,6.000000000000003,0.08298755186721989,14,30,17
96,B,all_agents,,,40,30,10,0,20,10,0.4021830334743804,0.23979511397029385,0.9897865635857312,0.08629345911443982,637,30,0.75,57,3.526315789473684,1.456140350877193,31.85,4032,,,,,,,,,,,,,,,,,,,,,,,,,,,
96,B,participants_only,,,30,30,0,0,20,10,0.46312008007136624,0.2543334689505242,0.9897865635857312,0.09998160531128829,637,30,1.0,57,3.526315789473684,1.456140350877193,25.8,4032,,,,,,,,,,,,,,,,,,,,,,,,,,,
96,B,nonparticipants_only,,,10,0,10,0,0,0,0.21937189368342278,0.21928221586166957,0.3230982442730106,0.0006691367483357229,0,0,0.0,0,0.0,0.0,50.0,0,,,,,,,,,,,,,,,,,,,,,,,,,,,
96,B,step_totals,,,,,,,,,,,,,,,,,,,,,70.60000000000007,11.0,0.15580736543909335,,,49.0,0.6940509915014158,0.0,0.0,0.005074910726427656,0.08163265306122448,0.0,0,4,18,42,22,,49,24,4.600000000000001,0.06515580736543905,6.000000000000003,0.08498583569405095,23,30,22
97,B,all_agents,,,40,30,10,0,20,10,0.4029776791903446,0.23911423374326457,0.990195101042302,0.08699069542593124,647,30,0.75,57,3.526315789473684,1.456140350877193,31.65,4084,,,,,,,,,,,,,,,,,,,,,,,,,,,
97,B,participants_only,,,30,30,0,0,20,10,0.4640489015216571,0.2542660790715618,0.990195101042302,0.10085064066853562,647,30,1.0,57,3.526315789473684,1.456140350877193,25.533333333333335,4084,,,,,,,,,,,,,,,,,,,,,,,,,,,
97,B,nonparticipants_only,,,10,0,10,0,0,0,0.2197640121964072,0.21972132819779494,0.32148275305164553,0.0006545293336309276,0,0,0.0,0,0.0,0.0,50.0,0,,,,,,,,,,,,,,,,,,,,,,,,,,,
97,B,step_totals,,,,,,,,,,,,,,,,,,,,,72.10000000000005,6.5,0.09015256588072115,,,57.0,0.790568654646324,0.0,0.0,0.005807352914233915,0.17543859649122806,0.0,0,10,27,9,13,,57,18,2.6,0.036061026352288465,6.000000000000003,0.08321775312066572,13,30,17
98,B,all_agents,,,40,30,10,0,20,10,0.4035240510581503,0.23962005263437317,0.99058729700061,0.08731434784595084,658,30,0.75,57,3.526315789473684,1.456140350877193,31.85,4131,,,,,,,,,,,,,,,,,,,,,,,,,,,
98,B,participants_only,,,30,30,0,0,20,10,0.4646474813773822,0.2547159557180378,0.99058729700061,0.10126138878291434,658,30,1.0,57,3.526315789473684,1.456140350877193,25.8,4131,,,,,,,,,,,,,,,,,,,,,,,,,,,
98,B,nonparticipants_only,,,10,0,10,0,0,0,0.22015376010045473,0.22006070095836636,0.3198753392863873,0.0006403402271803906,0,0,0.0,0,0.0,0.0,50.0,0,,,,,,,,,,,,,,,,,,,,,,,,,,,
98,B,step_totals,,,,,,,,,,,,,,,,,,,,,69.90000000000008,10.5,0.15021459227467795,,,49.0,0.7010014306151637,0.0,0.0,0.005402897742838093,0.22448979591836735,0.0,0,11,19,41,21,,49,24,4.400000000000001,0.06294706723891268,6.000000000000003,0.08583690987124458,22,30,22
99,B,all_agents,,,40,30,10,0,20,10,0.4043587377586083,0.2388131891663427,0.9909638051205856,0.08804332836035236,665,30,0.75,57,3.526315789473684,1.456140350877193,31.65,4184,,,,,,,,,,,,,,,,,,,,,,,,,,,
99,B,participants_only,,,30,30,0,0,20,10,0.4656312834957652,0.25505915293433473,0.9909638051205856,0.10216486773409311,665,30,1.0,57,3.526315789473684,1.456140350877193,25.533333333333335,4184,,,,,,,,,,,,,,,,,,,,,,,,,,,
99,B,nonparticipants_only,,,10,0,10,0,0,0,0.2205411005471376,0.220297522226708,0.31827596258995533,0.0006268119057862902,0,0,0.0,0,0.0,0.0,50.0,0,,,,,,,,,,,,,,,,,,,,,,,,,,,
99,B,step_totals,,,,,,,,,,,,,,,,,,,,,72.30000000000007,6.5,0.08990318118948816,,,57.0,0.7883817427385885,0.0,0.0,0.005928598191780088,0.12280701754385964,0.0,0,7,27,9,13,,57,18,2.8000000000000003,0.038727524204702594,6.000000000000003,0.08298755186721987,14,30,17
100,B,all_agents,,,40,30,10,0,20,10,0.40494331446624554,0.23957337511230786,0.9913252529157621,0.08835471130609056,669,30,0.75,57,3.526315789473684,1.456140350877193,31.85,4231,,,,,,,,,,,,,,,,,,,,,,,,,,,
100,B,participants_only,,,30,30,0,0,20,10,0.46628242418405896,0.25555414760143214,0.9913252529157621,0.10255162425634065,669,30,1.0,57,3.526315789473684,1.456140350877193,25.8,4231,,,,,,,,,,,,,,,,,,,,,,,,,,,
100,B,nonparticipants_only,,,10,0,10,0,0,0,0.2209259853128053,0.22101530161689398,0.31668458277700556,0.0006141358836528304,0,0,0.0,0,0.0,0.0,50.0,0,,,,,,,,,,,,,,,,,,,,,,,,,,,
100,B,step_totals,,,,,,,,,,,,,,,,,,,,,69.70000000000007,10.5,0.1506456241032997,,,49.0,0.7030129124820652,0.0,0.0,0.0055611675233136326,0.08163265306122448,0.0,0,4,19,41,21,,49,24,4.200000000000001,0.06025824964131989,6.000000000000003,0.08608321377331415,21,30,22
100,B,reachability,0.25,0.0,,,,,,,,,,,,,,,,,,,,,,,,,,,,,,,,,,,,,,,,,,,,,
101,B,all_agents,,,40,30,10,0,20,10,0.4057708859320058,0.23912400843938486,0.9916722427991317,0.08909830269518802,681,30,0.75,57,3.526315789473684,1.456140350877193,31.65,4286,,,,,,,,,,,,,,,,,,,,,,,,,,,
101,B,participants_only,,,30,30,0,0,20,10,0.46725842321299915,0.25587294413275496,0.9916722427991317,0.103473925661015,681,30,1.0,57,3.526315789473684,1.456140350877193,25.533333333333335,4286,,,,,,,,,,,,,,,,,,,,,,,,,,,
101,B,nonparticipants_only,,,10,0,10,0,0,0,0.22130827408902587,0.2215033569936343,0.31510115986312054,0.0006028269071286209,0,0,0.0,0,0.0,0.0,50.0,0,,,,,,,,,,,,,,,,,,,,,,,,,,,
101,B,step_totals,,,,,,,,,,,,,,,,,,,,,72.30000000000005,6.5,0.08990318118948817,,,57.0,0.7883817427385886,0.0,0.0,0.0059101946313579535,0.21052631578947367,0.0,0,12,27,9,13,,57,18,2.8000000000000003,0.0387275242047026,6.000000000000003,0.08298755186721989,14,30,17
102,B,all_agents,,,40,30,10,0,20,10,0.4062781062488811,0.2402337786981951,0.9920053530871664,0.08937881834480446,688,30,0.75,57,3.526315789473684,1.456140350877193,31.85,4333,,,,,,,,,,,,,,,,,,,,,,,,,,,
102,B,participants_only,,,30,30,0,0,20,10,0.4678080308964752,0.2555330144864483,0.9920053530871664,0.10383081483510254,688,30,1.0,57,3.526315789473684,1.456140350877193,25.8,4333,,,,,,,,,,,,,,,,,,,,,,,,,,,
102,B,nonparticipants_only,,,10,0,10,0,0,0,0.2216883323060989,0.22154228240301116,0.31352565406380495,0.0005916493482470224,0,0,0.0,0,0.0,0.0,50.0,0,,,,,,,,,,,,,,,,,,,,,,,,,,,
102,B,step_totals,,,,,,,,,,,,,,,,,,,,,69.70000000000006,10.5,0.15064562410329974,,,49.0,0.7030129124820654,0.0,0.0,0.005306151708561851,0.14285714285714285,0.0,0,7,19,41,21,,49,24,4.200000000000001,0.06025824964131991,6.000000000000003,0.08608321377331417,21,30,22
103,B,all_agents,,,40,30,10,0,20,10,0.40700707918855983,0.23953608190497605,0.9923251389636798,0.09009205647287216,700,30,0.75,57,3.526315789473684,1.456140350877193,31.65,4387,,,,,,,,,,,,,,,,,,,,,,,,,,,
103,B,participants_only,,,30,30,0,0,20,10,0.468653870452171,0.25546794980997145,0.9923251389636798,0.10472853348844917,700,30,1.0,57,3.526315789473684,1.456140350877193,25.533333333333335,4387,,,,,,,,,,,,,,,,,,,,,,,,,,,
103,B,nonparticipants_only,,,10,0,10,0,0,0,0.22206670539772633,0.22199087059558995,0.3119580257934859,0.000578702948950161,0,0,0.0,0,0.0,0.0,50.0,0,,,,,,,,,,,,,,,,,,,,,,,,,,,
103,B,step_totals,,,,,,,,,,,,,,,,,,,,,72.10000000000005,6.5,0.09015256588072115,,,57.0,0.790568654646324,0.0,0.0,0.00560333357116805,0.21052631578947367,0.0,0,12,27,9,13,,57,18,2.6,0.036061026352288465,6.000000000000003,0.08321775312066572,13,30,17
104,B,all_agents,,,40,30,10,0,20,10,0.40749551290990393,0.23956045273317475,0.9926321334051326,0.09035355625601121,705,30,0.75,57,3.526315789473684,1.456140350877193,31.85,4434,,,,,,,,,,,,,,,,,,,,,,,,,,,
104,B,participants_only,,,30,30,0,0,20,10,0.46917977703572944,0.25590230403212044,0.9926321334051326,0.10506281126712289,705,30,1.0,57,3.526315789473684,1.456140350877193,25.8,4434,,,,,,,,,,,,,,,,,,,,,,,,,,,
104,B,nonparticipants_only,,,10,0,10,0,0,0,0.22244272053242745,0.22231853372856486,0.31039823566451846,0.0005664099337409943,0,0,0.0,0,0.0,0.0,50.0,0,,,,,,,,,,,,,,,,,,,,,,,,,,,
104,B,step_totals,,,,,,,,,,,,,,,,,,,,,69.50000000000007,10.5,0.15107913669064732,,,49.0,0.7050359712230209,0.0,0.0,0.0052662109354210005,0.10204081632653061,0.0,0,5,19,40,21,,49,23,4.000000000000001,0.05755395683453233,6.000000000000003,0.08633093525179851,20,30,22
105,B,all_agents,,,40,30,10,0,20,10,0.40824058094879306,0.23878650918523872,0.9929268480689273,0.09107066178520501,714,30,0.75,57,3.526315789473684,1.456140350877193,31.65,4489,,,,,,,,,,,,,,,,,,,,,,,,,,,
105,B,participants_only,,,30,30,0,0,20,10,0.4700486592276774,0.25609120536314167,0.9929268480689273,0.10596160296951315,714,30,1.0,57,3.526315789473684,1.456140350877193,25.533333333333335,4489,,,,,,,,,,,,,,,,,,,,,,,,,,,
105,B,nonparticipants_only,,,10,0,10,0,0,0,0.2228163461121399,0.22252255690688616,0.30884624448619585,0.0005549757459362011,0,0,0.0,0,0.0,0.0,50.0,0,,,,,,,,,,,,,,,,,,,,,,,,,,,
105,B,step_totals,,,,,,,,,,,,,,,,,,,,,72.10000000000005,6.5,0.09015256588072115,,,57.0,0.790568654646324,0.0,0.0,0.00566072696988125,0.15789473684210525,0.0,0,9,27,9,13,,57,18,2.6,0.036061026352288465,6.000000000000003,0.08321775312066572,13,30,17
106,B,all_agents,,,40,30,10,0,20,10,0.4086949313787108,0.2390665215991198,0.9932097741461702,0.09131894746395179,721,30,0.75,57,3.526315789473684,1.456140350877193,31.85,4534,,,,,,,,,,,,,,,,,,,,,,,,,,,
106,B,participants_only,,,30,30,0,0,20,10,0.4705308001735332,0.25557962401603357,0.9932097741461702,0.1062821216836088,721,30,1.0,57,3.526315789473684,1.456140350877193,25.8,4534,,,,,,,,,,,,,,,,,,,,,,,,,,,
106,B,nonparticipants_only,,,10,0,10,0,0,0,0.22318732499424343,0.2233176459774202,0.3073020132637649,0.0005453287696547919,0,0,0.0,0,0.0,0.0,50.0,0,,,,,,,,,,,,,,,,,,,,,,,,,,,
106,B,step_totals,,,,,,,,,,,,,,,,,,,,,69.50000000000006,10.5,0.15107913669064735,,,49.0,0.705035971223021,0.0,0.0,0.005157519732433283,0.14285714285714285,0.0,0,7,19,40,21,,49,23,4.000000000000001,0.05755395683453234,6.000000000000003,0.08633093525179852,20,30,22
107,B,all_agents,,,40,30,10,0,20,10,0.40940487724433416,0.23813886547034976,0.9934813831803234,0.0920251169942412,726,30,0.75,57,3.526315789473684,1.456140350877193,31.65,4589,,,,,,,,,,,,,,,,,,,,,,,,,,,
107,B,participants_only,,,30,30,0,0,20,10,0.4713544399243211,0.2551600002643222,0.9934813831803234,0.10717063474389121,726,30,1.0,57,3.526315789473684,1.456140350877193,25.533333333333335,4589,,,,,,,,,,,,,,,,,,,,,,,,,,,
107,B,nonparticipants_only,,,10,0,10,0,0,0,0.2235561892043734,0.2236867858712729,0.30576550319744605,0.0005355839503915634,0,0,0.0,0,0.0,0.0,50.0,0,,,,,,,,,,,,,,,,,,,,,,,,,,,
107,B,step_totals,,,,,,,,,,,,,,,,,,,,,72.10000000000005,6.5,0.09015256588072115,,,57.0,0.790568654646324,0.0,0.0,0.005547206533963679,0.08771929824561403,0.0,0,5,27,9,13,,57,18,2.6,0.036061026352288465,6.000000000000003,0.08321775312066572,13,30,17
108,B,all_agents,,,40,30,10,0,20,10,0.4098710337593312,0.23875251974570533,0.9937421278531104,0.09228123205688078,734,30,0.75,57,3.526315789473684,1.456140350877193,31.85,4636,,,,,,,,,,,,,,,,,,,,,,,,,,,
108,B,participants_only,,,30,30,0,0,20,10,0.4718537371899765,0.2548645320481932,0.9937421278531104,0.10749892778029513,734,30,1.0,57,3.526315789473684,1.456140350877193,25.8,4636,,,,,,,,,,,,,,,,,,,,,,,,,,,
108,B,nonparticipants_only,,,10,0,10,0,0,0,0.2239229234673953,0.22372436820866284,0.30423667568145885,0.0005258785917818337,0,0,0.0,0,0.0,0.0,50.0,0,,,,,,,,,,,,,,,,,,,,,,,,,,,
108,B,step_totals,,,,,,,,,,,,,,,,,,,,,69.50000000000006,10.5,0.15107913669064735,,,49.0,0.705035971223021,0.0,0.0,0.005208181308135575,0.16326530612244897,0.0,0,8,19,40,21,,49,23,4.000000000000001,0.05755395683453234,6.000000000000003,0.08633093525179852,20,30,22
109,B,all_agents,,,40,30,10,0,20,10,0.41047647919591373,0.23837199376372006,0.993992442738986,0.09292868461987455,742,30,0.75,57,3.526315789473684,1.456140350877193,31.65,4689,,,,,,,,,,,,,,,,,,,,,,,,,,,
109,B,participants_only,,,30,30,0,0,20,10,0.4725393177076318,0.2544556037899036,0.993992442738986,0.10832615954416422,742,30,1.0,57,3.526315789473684,1.456140350877193,25.533333333333335,4689,,,,,,,,,,,,,,,,,,,,,,,,,,,
109,B,nonparticipants_only,,,10,0,10,0,0,0,0.22428796366075968,0.22418210530526073,0.30271549230305156,0.0005147087574265198,0,0,0.0,0,0.0,0.0,50.0,0,,,,,,,,,,,,,,,,,,,,,,,,,,,
109,B,step_totals,,,,,,,,,,,,,,,,,,,,,72.10000000000005,6.5,0.09015256588072115,,,57.0,0.790568654646324,0.0,0.0,0.005204083084686975,0.14035087719298245,0.0,0,8,27,9,13,,57,18,2.6,0.036061026352288465,6.000000000000003,0.08321775312066572,13,30,17
110,B,all_agents,,,40,30,10,0,20,10,0.41087296107079935,0.23948203916335115,0.9942327450294266,0.09315146728819508,751,30,0.75,57,3.526315789473684,1.456140350877193,31.85,4736,,,,,,,,,,,,,,,,,,,,,,,,,,,
110,B,participants_only,,,30,30,0,0,20,10,0.4729470030884977,0.25413067678885154,0.9942327450294266,0.10862128798552367,751,30,1.0,57,3.526315789473684,1.456140350877193,25.8,4736,,,,,,,,,,,,,,,,,,,,,,,,,,,
110,B,nonparticipants_only,,,10,0,10,0,0,0,0.2246508350177042,0.2244984628365197,0.3012019148415363,0.000503764887229488,0,0,0.0,0,0.0,0.0,50.0,0,,,,,,,,,,,,,,,,,,,,,,,,,,,
110,B,step_totals,,,,,,,,,,,,,,,,,,,,,69.50000000000006,10.5,0.15107913669064735,,,49.0,0.705035971223021,0.0,0.0,0.004976019408886293,0.1836734693877551,0.0,0,9,19,40,21,,49,23,4.000000000000001,0.05755395683453234,6.000000000000003,0.08633093525179852,20,30,21
110,B,reachability,0.25,0.0,,,,,,,,,,,,,,,,,,,,,,,,,,,,,,,,,,,,,,,,,,,,,
111,B,all_agents,,,40,30,10,0,20,10,0.41141246001917986,0.23871674993896982,0.9944634352282495,0.09376936180180956,755,30,0.75,57,3.526315789473684,1.456140350877193,31.65,4789,,,,,,,,,,,,,,,,,,,,,,,,,,,
111,B,participants_only,,,30,30,0,0,20,10,0.4735462479962506,0.25337213252409274,0.9944634352282495,0.10941848022563934,755,30,1.0,57,3.526315789473684,1.456140350877193,25.533333333333335,4789,,,,,,,,,,,,,,,,,,,,,,,,,,,
111,B,nonparticipants_only,,,10,0,10,0,0,0,0.22501109608796765,0.22502038132112573,0.29969590526732864,0.0004947152297652374,0,0,0.0,0,0.0,0.0,50.0,0,,,,,,,,,,,,,,,,,,,,,,,,,,,
111,B,step_totals,,,,,,,,,,,,,,,,,,,,,72.30000000000005,6.5,0.08990318118948817,,,57.0,0.7883817427385886,0.0,0.0,0.0049734877000279926,0.07017543859649122,0.0,0,4,27,9,13,,57,18,2.8000000000000003,0.0387275242047026,6.000000000000003,0.08298755186721989,14,30,17
112,B,all_agents,,,40,30,10,0,20,10,0.41184278997023305,0.23919673302409938,0.9946848978191195,0.09399917742198492,759,30,0.75,57,3.526315789473684,1.456140350877193,31.85,4837,,,,,,,,,,,,,,,,,,,,,,,,,,,
112,B,participants_only,,,30,30,0,0,20,10,0.4740006848431146,0.25296088368939984,0.9946848978191195,0.10971572155775938,759,30,1.0,57,3.526315789473684,1.456140350877193,25.8,4837,,,,,,,,,,,,,,,,,,,,,,,,,,,
112,B,nonparticipants_only,,,10,0,10,0,0,0,0.22536910535158855,0.22628938771596807,0.298197425740992,0.00048629827432327007,0,0,0.0,0,0.0,0.0,50.0,0,,,,,,,,,,,,,,,,,,,,,,,,,,,
112,B,step_totals,,,,,,,,,,,,,,,,,,,,,69.50000000000006,10.5,0.15107913669064735,,,49.0,0.705035971223021,0.0,0.0,0.005104035623592138,0.08163265306122448,0.0,0,4,19,40,21,,49,23,4.000000000000001,0.05755395683453234,6.000000000000003,0.08633093525179852,20,30,21
113,B,all_agents,,,40,30,10,0,20,10,0.41242984903236746,0.23841822966598167,0.9948975019063547,0.09464706039731685,764,30,0.75,57,3.526315789473684,1.456140350877193,31.65,4891,,,,,,,,,,,,,,,,,,,,,,,,,,,
113,B,participants_only,,,30,30,0,0,20,10,0.47466475112876155,0.2532112495635237,0.9948975019063547,0.11054417017282897,764,30,1.0,57,3.526315789473684,1.456140350877193,25.533333333333335,4891,,,,,,,,,,,,,,,,,,,,,,,,,,,
113,B,nonparticipants_only,,,10,0,10,0,0,0,0.22572514274318511,0.22600061584360306,0.29670643861228707,0.00047753460340738797,0,0,0.0,0,0.0,0.0,50.0,0,,,,,,,,,,,,,,,,,,,,,,,,,,,
113,B,step_totals,,,,,,,,,,,,,,,,,,,,,72.30000000000005,6.5,0.08990318118948817,,,57.0,0.7883817427385886,0.0,0.0,0.005133904168080646,0.08771929824561403,0.0,0,5,27,9,13,,57,18,2.8000000000000003,0.0387275242047026,6.000000000000003,0.08298755186721989,14,30,16
114,B,all_agents,,,40,30,10,0,20,10,0.4128524825534735,0.23896061782255434,0.9951016018301005,0.09486022833915278,770,30,0.75,57,3.526315789473684,1.456140350877193,31.85,4939,,,,,,,,,,,,,,,,,,,,,,,,,,,
114,B,participants_only,,,30,30,0,0,20,10,0.47511025288335,0.25352639730238913,0.9951016018301005,0.11081997315162137,770,30,1.0,57,3.526315789473684,1.456140350877193,25.8,4939,,,,,,,,,,,,,,,,,,,,,,,,,,,
114,B,nonparticipants_only,,,10,0,10,0,0,0,0.22607917156384402,0.2258311639052179,0.29522290641922566,0.0004686343043752516,0,0,0.0,0,0.0,0.0,50.0,0,,,,,,,,,,,,,,,,,,,,,,,,,,,
114,B,step_totals,,,,,,,,,,,,,,,,,,,,,69.70000000000006,10.5,0.15064562410329974,,,49.0,0.7030129124820654,0.0,0.0,0.005069180299540081,0.12244897959183673,0.0,0,6,19,40,21,,49,23,4.200000000000001,0.06025824964131991,6.000000000000003,0.08608321377331417,21,30,21
115,B,all_agents,,,40,30,10,0,20,10,0.4134351373872579,0.23786386843142437,0.9952975377568966,0.09551911849994964,778,30,0.75,57,3.526315789473684,1.456140350877193,31.65,4995,,,,,,,,,,,,,,,,,,,,,,,,,,,
115,B,participants_only,,,30,30,0,0,20,10,0.4757696838128898,0.2531187250406553,0.9952975377568966,0.11166359043177787,778,30,1.0,57,3.526315789473684,1.456140350877193,25.533333333333335,4995,,,,,,,,,,,,,,,,,,,,,,,,,,,
115,B,nonparticipants_only,,,10,0,10,0,0,0,0.2264314981103621,0.22629773423448052,0.29374679188712954,0.0004585545673937909,0,0,0.0,0,0.0,0.0,50.0,0,,,,,,,,,,,,,,,,,,,,,,,,,,,
115,B,step_totals,,,,,,,,,,,,,,,,,,,,,72.30000000000005,6.5,0.08990318118948817,,,57.0,0.7883817427385886,0.0,0.0,0.005122320234617289,0.14035087719298245,0.0,0,8,27,9,13,,57,18,2.8000000000000003,0.0387275242047026,6.000000000000003,0.08298755186721989,14,30,16
116,B,all_agents,,,40,30,10,0,20,10,0.413866127353799,0.23933105871641075,0.9954856362466207,0.09574068518105579,790,30,0.75,57,3.526315789473684,1.456140350877193,31.85,5043,,,,,,,,,,,,,,,,,,,,,,,,,,,
116,B,participants_only,,,30,30,0,0,20,10,0.476227706662766,0.2528147004265015,0.9954856362466207,0.11194841468694067,790,30,1.0,57,3.526315789473684,1.456140350877193,25.8,5043,,,,,,,,,,,,,,,,,,,,,,,,,,,
116,B,nonparticipants_only,,,10,0,10,0,0,0,0.226781389426898,0.22712697075451055,0.2922780579276939,0.000449897776498179,0,0,0.0,0,0.0,0.0,50.0,0,,,,,,,,,,,,,,,,,,,,,,,,,,,
116,B,step_totals,,,,,,,,,,,,,,,,,,,,,69.50000000000004,10.5,0.1510791366906474,,,49.0,0.7050359712230212,0.0,0.0,0.005119336864298073,0.24489795918367346,0.0,0,12,19,40,21,,49,23,4.000000000000001,0.05755395683453235,6.000000000000003,0.08633093525179855,20,30,20
117,B,all_agents,,,40,30,10,0,20,10,0.41441391338757,0.23868525779751287,0.9956662107967559,0.09638546295610635,798,30,0.75,57,3.526315789473684,1.456140350877193,31.65,5098,,,,,,,,,,,,,,,,,,,,,,,,,,,
117,B,participants_only,,,30,30,0,0,20,10,0.47684219948574647,0.2525354530599129,0.9956662107967559,0.11277744975699815,798,30,1.0,57,3.526315789473684,1.456140350877193,25.533333333333335,5098,,,,,,,,,,,,,,,,,,,,,,,,,,,
117,B,nonparticipants_only,,,10,0,10,0,0,0,0.22712905509304057,0.22761731537132013,0.2908166676380554,0.00044201169156170625,0,0,0.0,0,0.0,0.0,50.0,0,,,,,,,,,,,,,,,,,,,,,,,,,,,
117,B,step_totals,,,,,,,,,,,,,,,,,,,,,72.30000000000005,6.5,0.08990318118948817,,,57.0,0.7883817427385886,0.0,0.0,0.0050092752301627045,0.14035087719298245,0.0,0,8,27,9,13,,57,18,2.8000000000000003,0.0387275242047026,6.000000000000003,0.08298755186721989,14,30,16
118,B,all_agents,,,40,30,10,0,20,10,0.4147882542027455,0.2394139631491231,0.9958395623648857,0.09657491939319676,803,30,0.75,57,3.526315789473684,1.456140350877193,31.85,5146,,,,,,,,,,,,,,,,,,,,,,,,,,,
118,B,participants_only,,,30,30,0,0,20,10,0.4772261341315105,0.2518678570407643,0.9958395623648857,0.11302777354997105,803,30,1.0,57,3.526315789473684,1.456140350877193,25.8,5146,,,,,,,,,,,,,,,,,,,,,,,,,,,
118,B,nonparticipants_only,,,10,0,10,0,0,0,0.22747461441645048,0.22863672938815127,0.2893625842998651,0.00043449072288735544,0,0,0.0,0,0.0,0.0,50.0,0,,,,,,,,,,,,,,,,,,,,,,,,,,,
118,B,step_totals,,,,,,,,,,,,,,,,,,,,,69.50000000000007,10.5,0.15107913669064732,,,49.0,0.7050359712230209,0.0,0.0,0.00492983974200966,0.10204081632653061,0.0,0,5,19,40,21,,49,23,4.000000000000001,0.05755395683453233,6.000000000000003,0.08633093525179851,20,30,20
119,B,all_agents,,,40,30,10,0,20,10,0.41530175604845776,0.23860457374417746,0.9960059798702903,0.09720567013126549,811,30,0.75,57,3.526315789473684,1.456140350877193,31.65,5200,,,,,,,,,,,,,,,,,,,,,,,,,,,
119,B,participants_only,,,30,30,0,0,20,10,0.47779623594027754,0.2509660648445932,0.9960059798702903,0.11384316418939484,811,30,1.0,57,3.526315789473684,1.456140350877193,25.533333333333335,5200,,,,,,,,,,,,,,,,,,,,,,,,,,,
119,B,nonparticipants_only,,,10,0,10,0,0,0,0.2278183163729986,0.2282824416692622,0.28791577137836577,0.00042646775348872045,0,0,0.0,0,0.0,0.0,50.0,0,,,,,,,,,,,,,,,,,,,,,,,,,,,
119,B,step_totals,,,,,,,,,,,,,,,,,,,,,72.30000000000007,6.5,0.08990318118948816,,,57.0,0.7883817427385885,0.0,0.0,0.004897845464052211,0.14035087719298245,0.0,0,8,27,9,13,,57,18,2.8000000000000003,0.038727524204702594,6.000000000000003,0.08298755186721987,14,30,16
120,B,all_agents,,,40,30,10,0,20,10,0.41565352740809336,0.23844187808708386,0.9961657406754787,0.09738194241437707,816,30,0.75,57,3.526315789473684,1.456140350877193,31.85,5247,,,,,,,,,,,,,,,,,,,,,,,,,,,
120,B,participants_only,,,30,30,0,0,20,10,0.478151365082415,0.25055346551586166,0.9961657406754787,0.11407915826516589,816,30,1.0,57,3.526315789473684,1.456140350877193,25.8,5247,,,,,,,,,,,,,,,,,,,,,,,,,,,
120,B,nonparticipants_only,,,10,0,10,0,0,0,0.2281600143851286,0.22825796464797476,0.28647619252147394,0.00041853829442039413,0,0,0.0,0,0.0,0.0,50.0,0,,,,,,,,,,,,,,,,,,,,,,,,,,,
120,B,step_totals,,,,,,,,,,,,,,,,,,,,,69.50000000000007,10.5,0.15107913669064732,,,49.0,0.7050359712230209,0.0,0.0,0.004860449318160912,0.10204081632653061,0.0,0,5,19,40,21,,49,23,4.000000000000001,0.05755395683453233,6.000000000000003,0.08633093525179851,20,30,21
120,B,reachability,0.25,0.0,,,,,,,,,,,,,,,,,,,,,,,,,,,,,,,,,,,,,,,,,,,,,
121,B,all_agents,,,40,30,10,0,20,10,0.4160540277832988,0.23724966869664843,0.9963191110484595,0.09794187186214003,823,30,0.75,57,3.526315789473684,1.456140350877193,31.65,5300,,,,,,,,,,,,,,,,,,,,,,,,,,,
121,B,participants_only,,,30,30,0,0,20,10,0.4785721244602349,0.24963193356386337,0.9963191110484595,0.1148182339930147,823,30,1.0,57,3.526315789473684,1.456140350877193,25.533333333333335,5300,,,,,,,,,,,,,,,,,,,,,,,,,,,
121,B,nonparticipants_only,,,10,0,10,0,0,0,0.2284997377524906,0.22855827381008254,0.28504381155886654,0.00041063652423530244,0,0,0.0,0,0.0,0.0,50.0,0,,,,,,,,,,,,,,,,,,,,,,,,,,,
121,B,step_totals,,,,,,,,,,,,,,,,,,,,,72.30000000000005,6.5,0.08990318118948817,,,57.0,0.7883817427385886,0.0,0.0,0.004525599536067115,0.12280701754385964,0.0,0,7,27,9,13,,57,18,2.8000000000000003,0.0387275242047026,6.000000000000003,0.08298755186721989,14,30,16
122,B,all_agents,,,40,30,10,0,20,10,0.4164234974111425,0.23732477896333273,0.9964663466065211,0.09813069319090677,830,30,0.75,57,3.526315789473684,1.456140350877193,31.85,5349,,,,,,,,,,,,,,,,,,,,,,,,,,,
122,B,participants_only,,,30,30,0,0,20,10,0.47895219796338134,0.24838377389604405,0.9964663466065211,0.11506720828746553,830,30,1.0,57,3.526315789473684,1.456140350877193,25.8,5349,,,,,,,,,,,,,,,,,,,,,,,,,,,
122,B,nonparticipants_only,,,10,0,10,0,0,0,0.22883739575442572,0.22955832491586264,0.2836185925010722,0.00040308718821173184,0,0,0.0,0,0.0,0.0,50.0,0,,,,,,,,,,,,,,,,,,,,,,,,,,,
122,B,step_totals,,,,,,,,,,,,,,,,,,,,,69.50000000000007,10.5,0.15107913669064732,,,49.0,0.7050359712230209,0.0,0.0,0.004925684959827766,0.14285714285714285,0.0,0,7,19,40,21,,49,23,4.000000000000001,0.05755395683453233,6.000000000000003,0.08633093525179851,20,30,21
123,B,all_agents,,,40,30,10,0,20,10,0.4169004801089094,0.23613815506851607,0.9966076927422602,0.09874152063584525,838,30,0.75,57,3.526315789473684,1.456140350877193,31.65,5404,,,,,,,,,,,,,,,,,,,,,,,,,,,
123,B,participants_only,,,30,30,0,0,20,10,0.4794763165915703,0.24714185502656383,0.9966076927422602,0.11586040512749192,838,30,1.0,57,3.526315789473684,1.456140350877193,25.533333333333335,5404,,,,,,,,,,,,,,,,,,,,,,,,,,,
123,B,nonparticipants_only,,,10,0,10,0,0,0,0.2291729706609268,0.23004572324439043,0.28220049953856685,0.0003960434228486819,0,0,0.0,0,0.0,0.0,50.0,0,,,,,,,,,,,,,,,,,,,,,,,,,,,
123,B,step_totals,,,,,,,,,,,,,,,,,,,,,72.50000000000007,6.5,0.08965517241379302,,,57.0,0.7862068965517234,0.0,0.0,0.004769292965620345,0.14035087719298245,0.0,0,8,27,9,13,,57,18,3.0000000000000004,0.04137931034482755,6.000000000000003,0.08275862068965513,15,30,16
124,B,all_agents,,,40,30,10,0,20,10,0.41718649507722055,0.23645138156888823,0.9967433850325699,0.09887609702330061,840,30,0.75,57,3.526315789473684,1.456140350877193,31.85,5449,,,,,,,,,,,,,,,,,,,,,,,,,,,
124,B,participants_only,,,30,30,0,0,20,10,0.47974647443805807,0.245906145751431,0.9967433850325699,0.11605006237193047,840,30,1.0,57,3.526315789473684,1.456140350877193,25.8,5449,,,,,,,,,,,,,,,,,,,,,,,,,,,
124,B,nonparticipants_only,,,10,0,10,0,0,0,0.2295065569947082,0.23073398966992392,0.280789497040874,0.00038918876587009613,0,0,0.0,0,0.0,0.0,50.0,0,,,,,,,,,,,,,,,,,,,,,,,,,,,
124,B,step_totals,,,,,,,,,,,,,,,,,,,,,69.50000000000006,10.5,0.15107913669064735,,,49.0,0.705035971223021,0.0,0.0,0.004643560540188152,0.04081632653061224,0.0,0,2,19,40,21,,49,23,4.000000000000001,0.05755395683453234,6.000000000000003,0.08633093525179852,20,30,21
125,B,all_agents,,,40,30,10,0,20,10,0.4175979798865146,0.23532297751843292,0.9968736496312671,0.09945214501864992,849,30,0.75,57,3.526315789473684,1.456140350877193,31.65,5503,,,,,,,,,,,,,,,,,,,,,,,,,,,
125,B,participants_only,,,30,30,0,0,20,10,0.48018454408475153,0.24467661502267385,0.9968736496312671,0.11680719152620285,849,30,1.0,57,3.526315789473684,1.456140350877193,25.533333333333335,5503,,,,,,,,,,,,,,,,,,,,,,,,,,,
125,B,nonparticipants_only,,,10,0,10,0,0,0,0.2298382872918038,0.23059122920828118,0.27938554955566963,0.00038206927831073385,0,0,0.0,0,0.0,0.0,50.0,0,,,,,,,,,,,,,,,,,,,,,,,,,,,
125,B,step_totals,,,,,,,,,,,,,,,,,,,,,72.30000000000005,6.5,0.08990318118948817,,,57.0,0.7883817427385886,0.0,0.0,0.00456722007840455,0.15789473684210525,0.0,0,9,27,9,13,,57,18,2.8000000000000003,0.0387275242047026,6.000000000000003,0.08298755186721989,14,30,16
126,B,all_agents,,,40,30,10,0,20,10,0.41789072495699797,0.2369749332600179,0.9969987036460164,0.09959592842318983,856,30,0.75,57,3.526315789473684,1.456140350877193,31.85,5550,,,,,,,,,,,,,,,,,,,,,,,,,,,
126,B,participants_only,,,30,30,0,0,20,10,0.48046504610816515,0.24424737836386978,0.9969987036460164,0.11700699938121717,856,30,1.0,57,3.526315789473684,1.456140350877193,25.8,5550,,,,,,,,,,,,,,,,,,,,,,,,,,,
126,B,nonparticipants_only,,,10,0,10,0,0,0,0.23016776150349638,0.23063308366374216,0.2779886218078913,0.00037616753875491737,0,0,0.0,0,0.0,0.0,50.0,0,,,,,,,,,,,,,,,,,,,,,,,,,,,
126,B,step_totals,,,,,,,,,,,,,,,,,,,,,69.50000000000007,10.5,0.15107913669064732,,,49.0,0.7050359712230209,0.0,0.0,0.0046718832597818045,0.14285714285714285,0.0,0,7,19,40,21,,49,23,4.000000000000001,0.05755395683453233,6.000000000000003,0.08633093525179851,20,30,21
127,B,all_agents,,,40,30,10,0,20,10,0.41834456327206754,0.23618923506759892,0.9971187555001757,0.10020254699528537,869,30,0.75,57,3.526315789473684,1.456140350877193,31.65,5605,,,,,,,,,,,,,,,,,,,,,,,,,,,
127,B,participants_only,,,30,30,0,0,20,10,0.48096088217266375,0.24302614147205043,0.9971187555001757,0.11779708087724391,869,30,1.0,57,3.526315789473684,1.456140350877193,25.533333333333335,5605,,,,,,,,,,,,,,,,,,,,,,,,,,,
127,B,nonparticipants_only,,,10,0,10,0,0,0,0.23049560657027907,0.2310148444174827,0.27659867869885185,0.0003693046374758322,0,0,0.0,0,0.0,0.0,50.0,0,,,,,,,,,,,,,,,,,,,,,,,,,,,
127,B,step_totals,,,,,,,,,,,,,,,,,,,,,72.50000000000007,6.5,0.08965517241379302,,,57.0,0.7862068965517234,0.0,0.0,0.004697063203531058,0.22807017543859648,0.0,0,13,27,9,13,,57,18,3.0000000000000004,0.04137931034482755,6.000000000000003,0.08275862068965513,15,30,16
128,B,all_agents,,,40,30,10,0,20,10,0.41863914962994586,0.23674080107884382,0.9972340052801687,0.10034070763160408,874,30,0.75,57,3.526315789473684,1.456140350877193,31.85,5653,,,,,,,,,,,,,,,,,,,,,,,,,,,
128,B,participants_only,,,30,30,0,0,20,10,0.4812450257235535,0.24338397123468425,0.9972340052801687,0.11798877613791495,874,30,1.0,57,3.526315789473684,1.456140350877193,25.8,5653,,,,,,,,,,,,,,,,,,,,,,,,,,,
128,B,nonparticipants_only,,,10,0,10,0,0,0,0.23082152134912315,0.23184021200523885,0.2752156853053576,0.00036255345529370215,0,0,0.0,0,0.0,0.0,50.0,0,,,,,,,,,,,,,,,,,,,,,,,,,,,
128,B,step_totals,,,,,,,,,,,,,,,,,,,,,69.50000000000007,10.5,0.15107913669064732,,,49.0,0.7050359712230209,0.0,0.0,0.004683894697906247,0.10204081632653061,0.0,0,5,19,40,21,,49,23,4.000000000000001,0.05755395683453233,6.000000000000003,0.08633093525179851,20,30,21
129,B,all_agents,,,40,30,10,0,20,10,0.4190697012158023,0.23597784666175936,0.9973446450689619,0.10093688765990898,877,30,0.75,57,3.526315789473684,1.456140350877193,31.65,5710,,,,,,,,,,,,,,,,,,,,,,,,,,,
129,B,participants_only,,,30,30,0,0,20,10,0.48171111206565936,0.24216705137851083,0.9973446450689619,0.11876802094158667,877,30,1.0,57,3.526315789473684,1.456140350877193,25.533333333333335,5710,,,,,,,,,,,,,,,,,,,,,,,,,,,
129,B,nonparticipants_only,,,10,0,10,0,0,0,0.23114546866623098,0.23257791452369325,0.2738396068788308,0.00035613157574873735,0,0,0.0,0,0.0,0.0,50.0,0,,,,,,,,,,,,,,,,,,,,,,,,,,,
129,B,step_totals,,,,,,,,,,,,,,,,,,,,,72.30000000000005,6.5,0.08990318118948817,,,57.0,0.7883817427385886,0.0,0.0,0.004634832420663735,0.05263157894736842,0.0,0,3,27,9,13,,57,18,2.8000000000000003,0.0387275242047026,6.000000000000003,0.08298755186721989,14,30,16
130,B,all_agents,,,40,30,10,0,20,10,0.41932956010492783,0.23594120814465752,0.9974508592662035,0.10106030614269765,889,30,0.75,57,3.526315789473684,1.456140350877193,31.85,5758,,,,,,,,,,,,,,,,,,,,,,,,,,,
130,B,participants_only,,,30,30,0,0,20,10,0.4819502684293634,0.24337594587105496,0.9974508592662035,0.11894496121536918,889,30,1.0,57,3.526315789473684,1.456140350877193,25.8,5758,,,,,,,,,,,,,,,,,,,,,,,,,,,
130,B,nonparticipants_only,,,10,0,10,0,0,0,0.23146743513162107,0.2328569702723634,0.27247040884443663,0.0003501035920345969,0,0,0.0,0,0.0,0.0,50.0,0,,,,,,,,,,,,,,,,,,,,,,,,,,,
130,B,step_totals,,,,,,,,,,,,,,,,,,,,,69.70000000000007,10.5,0.1506456241032997,,,49.0,0.7030129124820652,0.0,0.0,0.004555634083276363,0.24489795918367346,0.0,0,12,19,40,21,,49,23,4.200000000000001,0.06025824964131989,6.000000000000003,0.08608321377331415,21,30,21
130,B,reachability,0.25,0.0,,,,,,,,,,,,,,,,,,,,,,,,,,,,,,,,,,,,,,,,,,,,,
131,B,all_agents,,,40,30,10,0,20,10,0.4196750615208034,0.23562384305096726,0.9975528248955553,0.10160346850947241,895,30,0.75,57,3.526315789473684,1.456140350877193,31.65,5813,,,,,,,,,,,,,,,,,,,,,,,,,,,
131,B,participants_only,,,30,30,0,0,20,10,0.48230431607921115,0.24215906614169969,0.9975528248955553,0.11966662633041263,895,30,1.0,57,3.526315789473684,1.456140350877193,25.533333333333335,5813,,,,,,,,,,,,,,,,,,,,,,,,,,,
131,B,nonparticipants_only,,,10,0,10,0,0,0,0.23178729784558025,0.2327464860033131,0.27110805680021444,0.0003449127281497746,0,0,0.0,0,0.0,0.0,50.0,0,,,,,,,,,,,,,,,,,,,,,,,,,,,
131,B,step_totals,,,,,,,,,,,,,,,,,,,,,72.50000000000006,6.5,0.08965517241379303,,,57.0,0.7862068965517235,0.0,0.0,0.004341886166829691,0.10526315789473684,0.0,0,6,27,9,13,,57,18,3.0000000000000004,0.04137931034482756,6.000000000000003,0.08275862068965514,15,30,16
132,B,all_agents,,,40,30,10,0,20,10,0.4199286172115854,0.2360838639482556,0.9976507118997331,0.10171795977793337,901,30,0.75,57,3.526315789473684,1.456140350877193,31.85,5861,,,,,,,,,,,,,,,,,,,,,,,,,,,
132,B,participants_only,,,30,30,0,0,20,10,0.4825364057944065,0.24232118513089657,0.9976507118997331,0.11983169218799755,901,30,1.0,57,3.526315789473684,1.456140350877193,25.8,5861,,,,,,,,,,,,,,,,,,,,,,,,,,,
132,B,nonparticipants_only,,,10,0,10,0,0,0,0.2321052514631223,0.23294711746407987,0.26975251651621335,0.0003399402529662545,0,0,0.0,0,0.0,0.0,50.0,0,,,,,,,,,,,,,,,,,,,,,,,,,,,
132,B,step_totals,,,,,,,,,,,,,,,,,,,,,69.70000000000007,10.5,0.1506456241032997,,,49.0,0.7030129124820652,0.0,0.0,0.0045378579130973635,0.12244897959183673,0.0,0,6,19,40,21,,49,23,4.200000000000001,0.06025824964131989,6.000000000000003,0.08608321377331415,21,30,21
133,B,all_agents,,,40,30,10,0,20,10,0.4202957272701239,0.2364873454661357,0.9977446834237438,0.10227335792860937,910,30,0.75,57,3.526315789473684,1.456140350877193,31.65,5915,,,,,,,,,,,,,,,,,,,,,,,,,,,
133,B,participants_only,,,30,30,0,0,20,10,0.48292040500262307,0.2411095792052421,0.9977446834237438,0.12056580317430045,910,30,1.0,57,3.526315789473684,1.456140350877193,25.533333333333335,5915,,,,,,,,,,,,,,,,,,,,,,,,,,,
133,B,nonparticipants_only,,,10,0,10,0,0,0,0.23242169407262636,0.23365982905282634,0.2684037539336323,0.0003338190583435605,0,0,0.0,0,0.0,0.0,50.0,0,,,,,,,,,,,,,,,,,,,,,,,,,,,
133,B,step_totals,,,,,,,,,,,,,,,,,,,,,72.30000000000005,6.5,0.08990318118948817,,,57.0,0.7883817427385886,0.0,0.0,0.004427727782763678,0.15789473684210525,0.0,0,9,27,9,13,,57,18,2.8000000000000003,0.0387275242047026,6.000000000000003,0.08298755186721989,14,30,16
134,B,all_agents,,,40,30,10,0,20,10,0.4205228182511769,0.23706273537508782,0.9977672365895064,0.10237575254945412,916,30,0.75,57,3.526315789473684,1.456140350877193,31.85,5962,,,,,,,,,,,,,,,,,,,,,,,,,,,
134,B,participants_only,,,30,30,0,0,20,10,0.4831183191813181,0.24153171346730934,0.9977672365895064,0.12071899840155391,916,30,1.0,57,3.526315789473684,1.456140350877193,25.8,5962,,,,,,,,,,,,,,,,,,,,,,,,,,,
134,B,nonparticipants_only,,,10,0,10,0,0,0,0.2327363154607532,0.2342101048541722,0.26706173516396414,0.00032765415281104017,0,0,0.0,0,0.0,0.0,50.0,0,,,,,,,,,,,,,,,,,,,,,,,,,,,
134,B,step_totals,,,,,,,,,,,,,,,,,,,,,69.70000000000006,10.5,0.15064562410329974,,,49.0,0.7030129124820654,0.0,0.0,0.004451618650658343,0.12244897959183673,0.0,0,6,19,40,21,,49,23,4.200000000000001,0.06025824964131991,6.000000000000003,0.08608321377331417,21,30,21
135,B,all_agents,,,40,30,10,0,20,10,0.42081053841484917,0.23656449911062552,0.9978565471259261,0.10288059643842726,922,30,0.75,57,3.526315789473684,1.456140350877193,31.65,6016,,,,,,,,,,,,,,,,,,,,,,,,,,,
135,B,participants_only,,,30,30,0,0,20,10,0.4833977251570867,0.24032405489997277,0.9978565471259261,0.12139816778172317,922,30,1.0,57,3.526315789473684,1.456140350877193,25.533333333333335,6016,,,,,,,,,,,,,,,,,,,,,,,,,,,
135,B,nonparticipants_only,,,10,0,10,0,0,0,0.2330489781881366,0.23519499155541768,0.2657264264881443,0.0003220110768469881,0,0,0.0,0,0.0,0.0,50.0,0,,,,,,,,,,,,,,,,,,,,,,,,,,,
135,B,step_totals,,,,,,,,,,,,,,,,,,,,,72.50000000000006,6.5,0.08965517241379303,,,57.0,0.7862068965517235,0.0,0.0,0.004154004786674701,0.10526315789473684,0.0,0,6,27,9,13,,57,18,3.0000000000000004,0.04137931034482756,6.000000000000003,0.08275862068965514,15,30,16
136,B,all_agents,,,40,30,10,0,20,10,0.4210629684672578,0.23684003559155764,0.997942285240889,0.10299550715893736,934,30,0.75,57,3.526315789473684,1.456140350877193,31.85,6064,,,,,,,,,,,,,,,,,,,,,,,,,,,
136,B,participants_only,,,30,30,0,0,20,10,0.4836308159888079,0.2415158586113518,0.997942285240889,0.12156246580094185,934,30,1.0,57,3.526315789473684,1.456140350877193,25.8,6064,,,,,,,,,,,,,,,,,,,,,,,,,,,
136,B,nonparticipants_only,,,10,0,10,0,0,0,0.2333594259026076,0.23506617490992343,0.2643977943557036,0.0003178047111645932,0,0,0.0,0,0.0,0.0,50.0,0,,,,,,,,,,,,,,,,,,,,,,,,,,,
136,B,step_totals,,,,,,,,,,,,,,,,,,,,,69.50000000000006,10.5,0.15107913669064735,,,49.0,0.705035971223021,0.0,0.0,0.004554254664857038,0.24489795918367346,0.0,0,12,19,40,21,,49,23,4.000000000000001,0.05755395683453234,6.000000000000003,0.08633093525179852,20,30,21
137,B,all_agents,,,40,30,10,0,20,10,0.4213652404915536,0.2366113535858015,0.9980245938312534,0.1035111349141393,944,30,0.75,57,3.526315789473684,1.456140350877193,31.65,6119,,,,,,,,,,,,,,,,,,,,,,,,,,,
137,B,participants_only,,,30,30,0,0,20,10,0.48393095278186005,0.24030827931829504,0.9980245938312534,0.12225247929450185,944,30,1.0,57,3.526315789473684,1.456140350877193,25.533333333333335,6119,,,,,,,,,,,,,,,,,,,,,,,,,,,
137,B,nonparticipants_only,,,10,0,10,0,0,0,0.23366810362063437,0.23472972396648106,0.26307580538392505,0.0003134815203308141,0,0,0.0,0,0.0,0.0,50.0,0,,,,,,,,,,,,,,,,,,,,,,,,,,,
137,B,step_totals,,,,,,,,,,,,,,,,,,,,,72.50000000000004,6.5,0.08965517241379305,,,57.0,0.7862068965517237,0.0,0.0,0.004203591608353797,0.17543859649122806,0.0,0,10,27,9,13,,57,18,3.0000000000000004,0.041379310344827565,6.000000000000003,0.08275862068965516,15,30,16
138,B,all_agents,,,40,30,10,0,20,10,0.4215651586452071,0.2374464141925247,0.9981036100780033,0.10359596348257344,954,30,0.75,57,3.526315789473684,1.456140350877193,31.85,6167,,,,,,,,,,,,,,,,,,,,,,,,,,,
138,B,participants_only,,,30,30,0,0,20,10,0.48409521212525547,0.24263465566853812,0.9981036100780033,0.12238486951162432,954,30,1.0,57,3.526315789473684,1.456140350877193,25.8,6167,,,,,,,,,,,,,,,,,,,,,,,,,,,
138,B,nonparticipants_only,,,10,0,10,0,0,0,0.23397499820506193,0.23523119012065652,0.2617604263570054,0.000309154336808261,0,0,0.0,0,0.0,0.0,50.0,0,,,,,,,,,,,,,,,,,,,,,,,,,,,
138,B,step_totals,,,,,,,,,,,,,,,,,,,,,69.50000000000006,10.5,0.15107913669064735,,,49.0,0.705035971223021,0.0,0.0,0.0043759991325517614,0.20408163265306123,0.0,0,10,19,40,21,,49,23,4.000000000000001,0.05755395683453234,6.000000000000003,0.08633093525179852,20,30,21
139,B,all_agents,,,40,30,10,0,20,10,0.4218533441781414,0.23724030814100433,0.9981794656748831,0.1041030469975374,967,30,0.75,57,3.526315789473684,1.456140350877193,31.65,6222,,,,,,,,,,,,,,,,,,,,,,,,,,,
139,B,participants_only,,,30,30,0,0,20,10,0.484377633862554,0.24142148239019542,0.9981794656748831,0.12306572485932843,967,30,1.0,57,3.526315789473684,1.456140350877193,25.533333333333335,6222,,,,,,,,,,,,,,,,,,,,,,,,,,,
139,B,nonparticipants_only,,,10,0,10,0,0,0,0.23428047512490374,0.23604985655882038,0.2604516242252204,0.00030357180568024483,0,0,0.0,0,0.0,0.0,50.0,0,,,,,,,,,,,,,,,,,,,,,,,,,,,
139,B,step_totals,,,,,,,,,,,,,,,,,,,,,72.50000000000007,6.5,0.08965517241379302,,,57.0,0.7862068965517234,0.0,0.0,0.004158212886707054,0.22807017543859648,0.0,0,13,27,9,13,,57,18,3.0000000000000004,0.04137931034482755,6.000000000000003,0.08275862068965513,15,30,16
140,B,all_agents,,,40,30,10,0,20,10,0.4220786161741905,0.2385100409512113,0.9982522870478878,0.10419867605979863,969,30,0.75,57,3.526315789473684,1.456140350877193,31.85,6270,,,,,,,,,,,,,,,,,,,,,,,,,,,
140,B,participants_only,,,30,30,0,0,20,10,0.48457677612117767,0.2415765713291918,0.9982522870478878,0.12320810595256777,969,30,1.0,57,3.526315789473684,1.456140350877193,25.8,6270,,,,,,,,,,,,,,,,,,,,,,,,,,,
140,B,nonparticipants_only,,,10,0,10,0,0,0,0.23458413633322892,0.23657255789492854,0.2616272947062031,0.000298146420380863,0,0,0.0,0,0.0,0.0,50.0,0,,,,,,,,,,,,,,,,,,,,,,,,,,,
140,B,step_totals,,,,,,,,,,,,,,,,,,,,,69.50000000000007,10.5,0.15107913669064732,,,49.0,0.7050359712230209,0.0,0.0,0.004467164352243564,0.04081632653061224,0.0,0,2,19,40,21,,49,23,4.000000000000001,0.05755395683453233,6.000000000000003,0.08633093525179851,20,30,21
140,B,reachability,0.25,0.0,,,,,,,,,,,,,,,,,,,,,,,,,,,,,,,,,,,,,,,,,,,,,
141,B,all_agents,,,40,30,10,0,20,10,0.4223951843456609,0.23807425984287425,0.9983221955659723,0.10473214567354588,977,30,0.75,57,3.526315789473684,1.456140350877193,31.65,6327,,,,,,,,,,,,,,,,,,,,,,,,,,,
141,B,participants_only,,,30,30,0,0,20,10,0.48489837481866466,0.24036868847254583,0.9983221955659723,0.12391818333294714,977,30,1.0,57,3.526315789473684,1.456140350877193,25.533333333333335,6327,,,,,,,,,,,,,,,,,,,,,,,,,,,
141,B,nonparticipants_only,,,10,0,10,0,0,0,0.2348856129266496,0.23731749074645528,0.26215773535818937,0.0002942468636870462,0,0,0.0,0,0.0,0.0,50.0,0,,,,,,,,,,,,,,,,,,,,,,,,,,,
141,B,step_totals,,,,,,,,,,,,,,,,,,,,,72.50000000000007,6.5,0.08965517241379302,,,57.0,0.7862068965517234,0.0,0.0,0.004253355519845192,0.14035087719298245,0.0,0,8,27,9,13,,57,18,3.0000000000000004,0.04137931034482755,6.000000000000003,0.08275862068965513,15,30,16
142,B,all_agents,,,40,30,10,0,20,10,0.4224684692989534,0.23833479581018868,0.9983893077433335,0.10472233462647446,983,30,0.75,57,3.526315789473684,1.456140350877193,31.85,6371,,,,,,,,,,,,,,,,,,,,,,,,,,,
142,B,participants_only,,,30,30,0,0,20,10,0.48489622427871626,0.24087181764983995,0.9983893077433335,0.12394393519528862,983,30,1.0,57,3.526315789473684,1.456140350877193,25.8,6371,,,,,,,,,,,,,,,,,,,,,,,,,,,
142,B,nonparticipants_only,,,10,0,10,0,0,0,0.23518520435966453,0.23700807998779833,0.26195725087139293,0.0002908378182721896,0,0,0.0,0,0.0,0.0,50.0,0,,,,,,,,,,,,,,,,,,,,,,,,,,,
142,B,step_totals,,,,,,,,,,,,,,,,,,,,,69.50000000000006,10.5,0.15107913669064735,,,49.0,0.705035971223021,0.0,0.0,0.003945673626250282,0.12244897959183673,0.0,0,6,19,40,21,,49,23,4.000000000000001,0.05755395683453234,6.000000000000003,0.08633093525179852,20,30,21
143,B,all_agents,,,40,30,10,0,20,10,0.42274563184083763,0.23795633675259284,0.9984537354336002,0.10522890571495425,991,30,0.75,57,3.526315789473684,1.456140350877193,31.65,6427,,,,,,,,,,,,,,,,,,,,,,,,,,,
143,B,participants_only,,,30,30,0,0,20,10,0.4851664607276322,0.23966745856159077,0.9984537354336002,0.12462406497164555,991,30,1.0,57,3.526315789473684,1.456140350877193,25.533333333333335,6427,,,,,,,,,,,,,,,,,,,,,,,,,,,
143,B,nonparticipants_only,,,10,0,10,0,0,0,0.23548314518045405,0.23694312182769767,0.26202085959345955,0.000287109397906524,0,0,0.0,0,0.0,0.0,50.0,0,,,,,,,,,,,,,,,,,,,,,,,,,,,
143,B,step_totals,,,,,,,,,,,,,,,,,,,,,72.30000000000005,6.5,0.08990318118948817,,,57.0,0.7883817427385886,0.0,0.0,0.004133322568337131,0.14035087719298245,0.0,0,8,27,9,13,,57,18,2.8000000000000003,0.0387275242047026,6.000000000000003,0.08298755186721989,14,30,16
144,B,all_agents,,,40,30,10,0,20,10,0.4229252859945671,0.2387803211747949,0.9985155860162561,0.10528937722605383,1004,30,0.75,57,3.526315789473684,1.456140350877193,31.85,6475,,,,,,,,,,,,,,,,,,,,,,,,,,,
144,B,participants_only,,,30,30,0,0,20,10,0.4853072465323415,0.24080678754096851,0.9985155860162561,0.12472538882804332,1004,30,1.0,57,3.526315789473684,1.456140350877193,25.8,6475,,,,,,,,,,,,,,,,,,,,,,,,,,,
144,B,nonparticipants_only,,,10,0,10,0,0,0,0.2357794043812439,0.23720539139202446,0.26180275299963707,0.00028323441364804636,0,0,0.0,0,0.0,0.0,50.0,0,,,,,,,,,,,,,,,,,,,,,,,,,,,
144,B,step_totals,,,,,,,,,,,,,,,,,,,,,69.50000000000006,10.5,0.15107913669064735,,,49.0,0.705035971223021,0.0,0.0,0.0043158437899995655,0.2653061224489796,0.0,0,13,19,40,21,,49,23,4.000000000000001,0.05755395683453234,6.000000000000003,0.08633093525179852,20,30,21
145,B,all_agents,,,40,30,10,0,20,10,0.42320908866118606,0.23817323565303905,0.9985749625756059,0.10580420766765172,1013,30,0.75,57,3.526315789473684,1.456140350877193,31.65,6532,,,,,,,,,,,,,,,,,,,,,,,,,,,
145,B,participants_only,,,30,30,0,0,20,10,0.48558737181301487,0.2396027536032637,0.9985749625756059,0.12541529579281083,1013,30,1.0,57,3.526315789473684,1.456140350877193,25.533333333333335,6532,,,,,,,,,,,,,,,,,,,,,,,,,,,
145,B,nonparticipants_only,,,10,0,10,0,0,0,0.23607423920569964,0.23817323565303905,0.26098511623335113,0.00027834078453767465,0,0,0.0,0,0.0,0.0,50.0,0,,,,,,,,,,,,,,,,,,,,,,,,,,,
145,B,step_totals,,,,,,,,,,,,,,,,,,,,,72.50000000000006,6.5,0.08965517241379303,,,57.0,0.7862068965517235,0.0,0.0,0.004144945572672483,0.15789473684210525,0.0,0,9,27,9,13,,57,18,3.0000000000000004,0.04137931034482756,6.000000000000003,0.08275862068965514,15,30,16
146,B,all_agents,,,40,30,10,0,20,10,0.42337674286874283,0.2397029892159081,0.9986319640725816,0.10585612911815426,1019,30,0.75,57,3.526315789473684,1.456140350877193,31.85,6579,,,,,,,,,,,,,,,,,,,,,,,,,,,
146,B,participants_only,,,30,30,0,0,20,10,0.48571331177873234,0.2419260819826886,0.9986319640725816,0.1255065841632327,1019,30,1.0,57,3.526315789473684,1.456140350877193,25.8,6579,,,,,,,,,,,,,,,,,,,,,,,,,,,
146,B,nonparticipants_only,,,10,0,10,0,0,0,0.23636703613877436,0.2383599211887828,0.2626001760154252,0.00027459010128049415,0,0,0.0,0,0.0,0.0,50.0,0,,,,,,,,,,,,,,,,,,,,,,,,,,,
146,B,step_totals,,,,,,,,,,,,,,,,,,,,,69.50000000000007,10.5,0.15107913669064732,,,49.0,0.7050359712230209,0.0,0.0,0.004277227561522987,0.12244897959183673,0.0,0,6,19,40,21,,49,23,4.000000000000001,0.05755395683453233,6.000000000000003,0.08633093525179851,20,30,21
147,B,all_agents,,,40,30,10,0,20,10,0.42361791656136466,0.23940823645061038,0.9986866855096783,0.10634137467961592,1027,30,0.75,57,3.526315789473684,1.456140350877193,31.65,6633,,,,,,,,,,,,,,,,,,,,,,,,,,,
147,B,participants_only,,,30,30,0,0,20,10,0.4859378988322627,0.24071645157277516,0.9986866855096783,0.1261628974283403,1027,30,1.0,57,3.526315789473684,1.456140350877193,25.533333333333335,6633,,,,,,,,,,,,,,,,,,,,,,,,,,,
147,B,nonparticipants_only,,,10,0,10,0,0,0,0.23665796974867076,0.23915872206615185,0.2631123144840354,0.00027144415050229295,0,0,0.0,0,0.0,0.0,50.0,0,,,,,,,,,,,,,,,,,,,,,,,,,,,
147,B,step_totals,,,,,,,,,,,,,,,,,,,,,72.50000000000006,6.5,0.08965517241379303,,,57.0,0.7862068965517235,0.0,0.0,0.0040041951912789175,0.14035087719298245,0.0,0,8,27,9,13,,57,18,3.0000000000000004,0.04137931034482756,6.000000000000003,0.08275862068965514,15,30,16
148,B,all_agents,,,40,30,10,0,20,10,0.42378365571020266,0.23941841662560734,0.9987392180892912,0.10638959567869799,1035,30,0.75,57,3.526315789473684,1.456140350877193,31.85,6680,,,,,,,,,,,,,,,,,,,,,,,,,,,
148,B,participants_only,,,30,30,0,0,20,10,0.48606249433709553,0.24086482072974102,0.9987392180892912,0.12624865573094474,1035,30,1.0,57,3.526315789473684,1.456140350877193,25.8,6680,,,,,,,,,,,,,,,,,,,,,,,,,,,
148,B,nonparticipants_only,,,10,0,10,0,0,0,0.23694713982952395,0.23892860666405413,0.2629187474607245,0.00026857063338294916,0,0,0.0,0,0.0,0.0,50.0,0,,,,,,,,,,,,,,,,,,,,,,,,,,,
148,B,step_totals,,,,,,,,,,,,,,,,,,,,,69.70000000000007,10.5,0.1506456241032997,,,49.0,0.7030129124820652,0.0,0.0,0.004260777012749853,0.16326530612244897,0.0,0,8,19,40,21,,49,23,4.200000000000001,0.06025824964131989,6.000000000000003,0.08608321377331415,21,30,21
149,B,all_agents,,,40,30,10,0,20,10,0.4239728988446151,0.23896650282243312,0.9987896493657196,0.10683366421773928,1043,30,0.75,57,3.526315789473684,1.456140350877193,31.65,6734,,,,,,,,,,,,,,,,,,,,,,,,,,,
149,B,participants_only,,,30,30,0,0,20,10,0.48621894677410243,0.23966049662609232,0.9987896493657196,0.12685818639184288,1043,30,1.0,57,3.526315789473684,1.456140350877193,25.533333333333335,6734,,,,,,,,,,,,,,,,,,,,,,,,,,,
149,B,nonparticipants_only,,,10,0,10,0,0,0,0.23723475505615313,0.23896650282243312,0.2629801614443389,0.0002652519013480599,0,0,0.0,0,0.0,0.0,50.0,0,,,,,,,,,,,,,,,,,,,,,,,,,,,
149,B,step_totals,,,,,,,,,,,,,,,,,,,,,72.50000000000006,6.5,0.08965517241379303,,,57.0,0.7862068965517235,0.0,0.0,0.003833114985855447,0.14035087719298245,0.0,0,8,27,9,13,,57,18,3.0000000000000004,0.04137931034482756,6.000000000000003,0.08275862068965514,15,30,16
150,B,all_agents,,,40,30,10,0,20,10,0.42409224386772876,0.23968767657824705,0.9988380633910908,0.10685069207535138,1054,30,0.75,57,3.526315789473684,1.456140350877193,31.85,6781,,,,,,,,,,,,,,,,,,,,,,,,,,,
150,B,participants_only,,,30,30,0,0,20,10,0.48628276092012596,0.24024104604369512,0.9988380633910908,0.12690962184797278,1054,30,1.0,57,3.526315789473684,1.456140350877193,25.8,6781,,,,,,,,,,,,,,,,,,,,,,,,,,,
150,B,nonparticipants_only,,,10,0,10,0,0,0,0.23752069271053705,0.23944526056377513,0.2627695803425026,0.0002619778225529997,0,0,0.0,0,0.0,0.0,50.0,0,,,,,,,,,,,,,,,,,,,,,,,,,,,
150,B,step_totals,,,,,,,,,,,,,,,,,,,,,69.50000000000006,10.5,0.15107913669064735,,,49.0,0.705035971223021,0.0,0.0,0.004114649172147253,0.22448979591836735,0.0,0,11,19,40,21,,49,23,4.000000000000001,0.05755395683453234,6.000000000000003,0.08633093525179852,20,30,21
150,B,reachability,0.25,0.0,,,,,,,,,,,,,,,,,,,,,,,,,,,,,,,,,,,,,,,,,,,,,
151,B,all_agents,,,40,30,10,0,20,10,0.4243096033919647,0.23982397141843817,0.9988845408554472,0.10732056678810334,1061,30,0.75,57,3.526315789473684,1.456140350877193,31.65,6837,,,,,,,,,,,,,,,,,,,,,,,,,,,
151,B,participants_only,,,30,30,0,0,20,10,0.4864778116044387,0.23903984081347662,0.9988845408554472,0.12754831784785134,1061,30,1.0,57,3.526315789473684,1.456140350877193,25.533333333333335,6837,,,,,,,,,,,,,,,,,,,,,,,,,,,
151,B,nonparticipants_only,,,10,0,10,0,0,0,0.23780497875454246,0.23988049458665256,0.2619801550980439,0.0002586802606650322,0,0,0.0,0,0.0,0.0,50.0,0,,,,,,,,,,,,,,,,,,,,,,,,,,,
151,B,step_totals,,,,,,,,,,,,,,,,,,,,,72.50000000000006,6.5,0.08965517241379303,,,57.0,0.7862068965517235,0.0,0.0,0.003926181725421885,0.12280701754385964,0.0,0,7,27,9,13,,57,18,3.0000000000000004,0.04137931034482756,6.000000000000003,0.08275862068965514,15,30,16
152,B,all_agents,,,40,30,10,0,20,10,0.4244249368859947,0.24008561377425292,0.9989291592212293,0.10733309070315383,1069,30,0.75,57,3.526315789473684,1.456140350877193,31.85,6884,,,,,,,,,,,,,,,,,,,,,,,,,,,
152,B,participants_only,,,30,30,0,0,20,10,0.48653740389895095,0.24014855719125783,0.9989291592212293,0.12759373761586743,1069,30,1.0,57,3.526315789473684,1.456140350877193,25.8,6884,,,,,,,,,,,,,,,,,,,,,,,,,,,
152,B,nonparticipants_only,,,10,0,10,0,0,0,0.2380875358471258,0.24008561377425292,0.263539489286342,0.0002556472637860141,0,0,0.0,0,0.0,0.0,50.0,0,,,,,,,,,,,,,,,,,,,,,,,,,,,
152,B,step_totals,,,,,,,,,,,,,,,,,,,,,69.50000000000006,10.5,0.15107913669064735,,,49.0,0.705035971223021,0.0,0.0,0.004102549207150094,0.16326530612244897,0.0,0,8,19,40,21,,49,23,4.000000000000001,0.05755395683453234,6.000000000000003,0.08633093525179852,20,30,21
153,B,all_agents,,,40,30,10,0,20,10,0.42463084473071555,0.2406129594604649,0.9989719928523801,0.10779560840839986,1080,30,0.75,57,3.526315789473684,1.456140350877193,31.65,6940,,,,,,,,,,,,,,,,,,,,,,,,,,,
153,B,participants_only,,,30,30,0,0,20,10,0.48671834336791686,0.23894781440530155,0.9989719928523801,0.12822371363303212,1080,30,1.0,57,3.526315789473684,1.456140350877193,25.533333333333335,6940,,,,,,,,,,,,,,,,,,,,,,,,,,,
153,B,nonparticipants_only,,,10,0,10,0,0,0,0.23836834881911162,0.24083197803830325,0.2640339570652505,0.00025300289020934716,0,0,0.0,0,0.0,0.0,50.0,0,,,,,,,,,,,,,,,,,,,,,,,,,,,
153,B,step_totals,,,,,,,,,,,,,,,,,,,,,72.50000000000006,6.5,0.08965517241379303,,,57.0,0.7862068965517235,0.0,0.0,0.0038879859086590456,0.19298245614035087,0.0,0,11,27,9,13,,57,18,3.0000000000000004,0.04137931034482756,6.000000000000003,0.08275862068965514,15,30,16
154,B,all_agents,,,40,30,10,0,20,10,0.4247675795054541,0.2407680303340043,0.9990131131382849,0.1078218856101359,1085,30,0.75,57,3.526315789473684,1.456140350877193,31.85,6987,,,,,,,,,,,,,,,,,,,,,,,,,,,
154,B,participants_only,,,30,30,0,0,20,10,0.4868076070846027,0.2412487808844497,0.9990131131382849,0.1282831580727689,1085,30,1.0,57,3.526315789473684,1.456140350877193,25.8,6987,,,,,,,,,,,,,,,,,,,,,,,,,,,
154,B,nonparticipants_only,,,10,0,10,0,0,0,0.23864749676800814,0.24071713351901997,0.26384706882710235,0.00025048795797862164,0,0,0.0,0,0.0,0.0,50.0,0,,,,,,,,,,,,,,,,,,,,,,,,,,,
154,B,step_totals,,,,,,,,,,,,,,,,,,,,,69.50000000000006,10.5,0.15107913669064735,,,49.0,0.705035971223021,0.0,0.0,0.00417794337897748,0.10204081632653061,0.0,0,5,19,40,21,,49,23,4.000000000000001,0.05755395683453234,6.000000000000003,0.08633093525179852,20,30,21
155,B,all_agents,,,40,30,10,0,20,10,0.4249842674304861,0.24054763484192754,0.9990525886127535,0.10829426449752386,1097,30,0.75,57,3.526315789473684,1.456140350877193,31.65,7044,,,,,,,,,,,,,,,,,,,,,,,,,,,
155,B,participants_only,,,30,30,0,0,20,10,0.48700398981077886,0.24004253698002748,0.9990525886127535,0.12892400454928613,1097,30,1.0,57,3.526315789473684,1.456140350877193,25.533333333333335,7044,,,,,,,,,,,,,,,,,,,,,,,,,,,
155,B,nonparticipants_only,,,10,0,10,0,0,0,0.23892510028960803,0.24054763484192754,0.26390636379893706,0.0002476927726940938,0,0,0.0,0,0.0,0.0,50.0,0,,,,,,,,,,,,,,,,,,,,,,,,,,,
155,B,step_totals,,,,,,,,,,,,,,,,,,,,,72.70000000000006,6.5,0.08940852819807421,,,57.0,0.7840440165061892,0.0,0.0,0.003913324725302603,0.21052631578947367,0.0,0,12,27,9,13,,57,18,3.2000000000000006,0.044016506189821156,6.000000000000003,0.08253094910591469,16,30,16
156,B,all_agents,,,40,30,10,0,20,10,0.4251300041989481,0.2407779246656689,0.9990904850682434,0.10832844805577393,1103,30,0.75,57,3.526315789473684,1.456140350877193,31.85,7091,,,,,,,,,,,,,,,,,,,,,,,,,,,
156,B,participants_only,,,30,30,0,0,20,10,0.4871062815895616,0.24018448292958372,0.9990904850682434,0.12899215091787786,1103,30,1.0,57,3.526315789473684,1.456140350877193,25.8,7091,,,,,,,,,,,,,,,,,,,,,,,,,,,
156,B,nonparticipants_only,,,10,0,10,0,0,0,0.23920117202710747,0.24110862988770648,0.2637030485315102,0.0002446319590828495,0,0,0.0,0,0.0,0.0,50.0,0,,,,,,,,,,,,,,,,,,,,,,,,,,,
156,B,step_totals,,,,,,,,,,,,,,,,,,,,,69.50000000000004,10.5,0.1510791366906474,,,49.0,0.7050359712230212,0.0,0.0,0.004211438593170998,0.12244897959183673,0.0,0,6,19,40,21,,49,23,4.000000000000001,0.05755395683453235,6.000000000000003,0.08633093525179855,20,30,21
