step,condition,population,skill_reachability,resource_reachability,n_agents,maker_count,stage_consumer,stage_customizer,stage_maker,stage_advanced_maker,skill_mean,skill_median,skill_max,skill_var,method_count_total,method_holders,method_adoption_rate,method_peer_held,knowledge_diffusion_lag_mean,hop_count_mean,latent_distributed_resources,completed_projects_total,time_total,time_practice,time_share_practice,time_observe,time_share_observe,time_make,time_share_make,time_idle,time_share_idle,skill_gain_per_time,method_self_discovery_per_time,method_peer_acquisition_per_time,peer_acquired_count,self_discovered_count,reject_time_budget_exceeded,reject_missing_asset,count_practice,count_observe,count_make,count_idle,time_ask,time_share_ask,time_share,time_share_share,count_ask,count_share,reject_insufficient_material
0,D,reachability,0.625,0.0,,,,,,,,,,,,,,,,,,,,,,,,,,,,,,,,,,,,,,,,,,,,,
1,D,all_agents,,,40,0,17,23,0,0,0.16996585818697815,0.14493107608945974,0.6781302533691556,0.015757607062339588,2,2,0.05,0,0.0,0.0,26.0,32,,,,,,,,,,,,,,,,,,,,,,,,,,,
1,D,participants_only,,,30,0,7,23,0,0,0.16985173498976827,0.13792030141516864,0.6781302533691556,0.01726406587628932,2,2,0.06666666666666667,0,0.0,0.0,24.666666666666668,32,,,,,,,,,,,,,,,,,,,,,,,,,,,
1,D,nonparticipants_only,,,10,0,10,0,0,0,0.17030822777860777,0.16203726149981448,0.4077767250178753,0.011238074331240685,0,0,0.0,0,0.0,0.0,30.0,0,,,,,,,,,,,,,,,,,,,,,,,,,,,
1,D,step_totals,,,,,,,,,,,,,,,,,,,,,83.49999999999997,19.5,0.23353293413173662,4.000000000000002,0.047904191616766505,60.0,0.7185628742514972,0.0,0.0,0.018657419109995008,0.03333333333333333,0.0,0,2,30,18,39,40,60,29,,,,,,,
2,D,all_agents,,,40,4,11,25,4,0,0.17667718149014042,0.15195311734712602,0.6910050432343894,0.015857363201023687,10,9,0.225,0,0.0,0.0,27.0,72,,,,,,,,,,,,,,,,,,,,,,,,,,,
2,D,participants_only,,,30,4,1,25,4,0,0.17854391243170287,0.14645491332989125,0.6910050432343894,0.017540130461993382,10,9,0.3,0,0.0,0.0,24.333333333333332,72,,,,,,,,,,,,,,,,,,,,,,,,,,,
2,D,nonparticipants_only,,,10,0,10,0,0,0,0.17107698866545298,0.1612270751923154,0.40573784139278596,0.010767245205216366,0,0,0.0,0,0.0,0.0,35.0,0,,,,,,,,,,,,,,,,,,,,,,,,,,,
2,D,step_totals,,,,,,,,,,,,,,,,,,,,,86.3,19.5,0.22595596755504058,4.000000000000002,0.046349942062572445,60.0,0.6952491309385863,0.0,0.0,0.020131968475259165,0.13333333333333333,0.0,0,8,26,17,39,40,60,29,2.6,0.030127462340672075,0.2,0.0023174971031286215,13,1,
3,D,all_agents,,,40,8,11,21,8,0,0.18291074801933832,0.15985863275355955,0.6940949928020455,0.016164955811880457,16,13,0.325,0,0.0,0.0,28.475,109,,,,,,,,,,,,,,,,,,,,,,,,,,,
3,D,participants_only,,,30,8,1,21,8,0,0.18660224154669913,0.15776266728353777,0.6940949928020455,0.018058251097152717,16,13,0.43333333333333335,0,0.0,0.0,24.633333333333333,109,,,,,,,,,,,,,,,,,,,,,,,,,,,
3,D,nonparticipants_only,,,10,0,10,0,0,0,0.1718362674372559,0.16042093981635383,0.40370915218582204,0.010321544462513122,0,0,0.0,0,0.0,0.0,40.0,0,,,,,,,,,,,,,,,,,,,,,,,,,,,
3,D,step_totals,,,,,,,,,,,,,,,,,,,,,86.89999999999999,19.5,0.22439585730724973,4.000000000000002,0.04602991944764099,59.0,0.6789413118527043,0.0,0.0,0.018660130475403176,0.1016949152542373,0.0,0,6,20,15,39,40,59,29,2.8000000000000003,0.032220943613348686,1.5999999999999999,0.018411967779056387,14,8,
4,D,all_agents,,,40,10,10,20,10,0,0.18804249281747806,0.15946777358751657,0.7063311930899636,0.016390775506080615,21,14,0.35,0,0.0,0.0,30.175,138,,,,,,,,,,,,,,,,,,,,,,,,,,,
4,D,participants_only,,,30,10,0,20,10,0,0.19319454724042504,0.15946777358751657,0.7063311930899636,0.018448309287989007,21,14,0.4666666666666667,0,0.0,0.0,25.233333333333334,138,,,,,,,,,,,,,,,,,,,,,,,,,,,
4,D,nonparticipants_only,,,10,0,10,0,0,0,0.17258632954863712,0.15961883511727207,0.4016906064248929,0.009899650183031345,0,0,0.0,0,0.0,0.0,45.0,0,,,,,,,,,,,,,,,,,,,,,,,,,,,
4,D,step_totals,,,,,,,,,,,,,,,,,,,,,85.40000000000003,20.0,0.2341920374707259,3.800000000000002,0.04449648711943795,54.0,0.6323185011709599,0.0,0.0,0.01608847828187702,0.09259259259259259,0.0,0,5,10,27,40,38,54,34,5.000000000000002,0.058548009367681494,2.6,0.030444964871194368,25,13,17
5,D,all_agents,,,40,10,10,20,10,0,0.1930247260502263,0.15918064936982979,0.718077945366365,0.01673610318626464,25,17,0.425,0,0.0,0.0,32.125,167,,,,,,,,,,,,,,,,,,,,,,,,,,,
5,D,participants_only,,,30,10,0,20,10,0,0.1995907097309293,0.1605501762494032,0.718077945366365,0.01897462004115901,25,17,0.5666666666666667,0,0.0,0.0,26.166666666666668,167,,,,,,,,,,,,,,,,,,,,,,,,,,,
5,D,nonparticipants_only,,,10,0,10,0,0,0,0.17332677500811727,0.1590165121652461,0.3996821533927684,0.009503206921238438,0,0,0.0,0,0.0,0.0,50.0,0,,,,,,,,,,,,,,,,,,,,,,,,,,,
5,D,step_totals,,,,,,,,,,,,,,,,,,,,,85.00000000000004,20.0,0.2352941176470587,3.2000000000000015,0.03764705882352941,54.0,0.6352941176470585,0.0,0.0,0.015714134808363048,0.07407407407407407,0.0,0,4,11,24,40,32,54,33,5.000000000000002,0.0588235294117647,2.8000000000000003,0.032941176470588224,25,14,21
6,D,all_agents,,,40,9,10,21,9,0,0.1977002926319717,0.1605048326822418,0.7144875556395333,0.0166151744516392,28,18,0.45,0,0.0,0.0,32.35,192,,,,,,,,,,,,,,,,,,,,,,,,,,,
6,D,participants_only,,,30,9,0,21,9,0,0.20558071552125667,0.1650316546365287,0.7144875556395333,0.018863064597647413,28,18,0.6,0,0.0,0.0,26.466666666666665,192,,,,,,,,,,,,,,,,,,,,,,,,,,,
6,D,nonparticipants_only,,,10,0,10,0,0,0,0.17405902396411665,0.15921186195849574,0.3976837426258046,0.009126291234646963,0,0,0.0,0,0.0,0.0,50.0,0,,,,,,,,,,,,,,,,,,,,,,,,,,,
6,D,step_totals,,,,,,,,,,,,,,,,,,,,,82.70000000000009,20.0,0.24183796856106382,3.3000000000000016,0.03990326481257555,49.0,0.5925030229746063,0.0,0.0,0.015502379614290419,0.061224489795918366,0.0,0,3,2,37,40,33,49,39,7.0000000000000036,0.08464328899637238,3.400000000000001,0.04111245465538086,35,17,33
7,D,all_agents,,,40,11,10,19,11,0,0.20274752354991493,0.16219234486437478,0.7259080534139519,0.016814485046766654,30,19,0.475,0,0.0,0.0,32.25,220,,,,,,,,,,,,,,,,,,,,,,,,,,,
7,D,participants_only,,,30,11,0,19,11,0,0.21206906845684795,0.16706152763345256,0.7259080534139519,0.01914852189449739,30,19,0.6333333333333333,0,0.0,0.0,26.333333333333332,220,,,,,,,,,,,,,,,,,,,,,,,,,,,
7,D,nonparticipants_only,,,10,0,10,0,0,0,0.1747828888291159,0.15966845177680508,0.39569532391267553,0.008769680110150826,0,0,0.0,0,0.0,0.0,50.0,0,,,,,,,,,,,,,,,,,,,,,,,,,,,
7,D,step_totals,,,,,,,,,,,,,,,,,,,,,89.40000000000006,20.0,0.22371364653243833,0.7999999999999999,0.008948545861297532,59.0,0.659955257270693,0.0,0.0,0.015169247003639525,0.03389830508474576,0.0,0,2,13,27,40,8,59,36,6.000000000000003,0.06711409395973153,3.600000000000001,0.04026845637583891,30,18,31
8,D,all_agents,,,40,12,10,18,12,0,0.20738915751294243,0.16639508806908387,0.732081728762432,0.016795457862878758,34,21,0.525,0,0.0,0.0,32.575,245,,,,,,,,,,,,,,,,,,,,,,,,,,,
8,D,participants_only,,,30,12,0,18,12,0,0.218019420755799,0.16837224261632872,0.732081728762432,0.019130849115365344,34,21,0.7,0,0.0,0.0,26.766666666666666,245,,,,,,,,,,,,,,,,,,,,,,,,,,,
8,D,nonparticipants_only,,,10,0,10,0,0,0,0.17549836778437264,0.16015990150120418,0.3937168472931122,0.00843325414606986,0,0,0.0,0,0.0,0.0,50.0,0,,,,,,,,,,,,,,,,,,,,,,,,,,,
8,D,step_totals,,,,,,,,,,,,,,,,,,,,,84.50000000000009,20.0,0.23668639053254414,0.7,0.008284023668639045,53.0,0.6272189349112419,0.0,0.0,0.015082640077400046,0.07547169811320754,0.0,0,4,10,40,40,7,53,38,7.0000000000000036,0.0828402366863905,3.800000000000001,0.044970414201183403,35,19,37
9,D,all_agents,,,40,13,10,17,13,0,0.21233877505272153,0.1680400942142081,0.7427984596119348,0.0172112359441422,40,21,0.525,0,0.0,0.0,32.25,275,,,,,,,,,,,,,,,,,,,,,,,,,,,
9,D,participants_only,,,30,13,0,17,13,0,0.2243829843231946,0.1735863114220278,0.7427984596119348,0.019663352011330258,40,21,0.7,0,0.0,0.0,26.333333333333332,275,,,,,,,,,,,,,,,,,,,,,,,,,,,
9,D,nonparticipants_only,,,10,0,10,0,0,0,0.17620614724130235,0.1636869184719664,0.3917482630566466,0.008114132019166631,0,0,0.0,0,0.0,0.0,50.0,0,,,,,,,,,,,,,,,,,,,,,,,,,,,
9,D,step_totals,,,,,,,,,,,,,,,,,,,,,88.5000000000001,19.5,0.2203389830508472,,,59.0,0.666666666666666,0.0,0.0,0.015062874198701112,0.1016949152542373,0.0,0,6,17,23,39,,59,35,5.8000000000000025,0.06553672316384176,4.200000000000001,0.04745762711864403,29,21,35
10,D,all_agents,,,40,14,10,16,14,0,0.21674515147045362,0.1701740094587655,0.7530865212274575,0.0174412325485324,45,21,0.525,0,0.0,0.0,32.05,300,,,,,,,,,,,,,,,,,,,,,,,,,,,
10,D,participants_only,,,30,14,0,16,14,0,0.2300243899500432,0.1811959928514436,0.7530865212274575,0.01994708500409531,45,21,0.7,0,0.0,0.0,26.066666666666666,300,,,,,,,,,,,,,,,,,,,,,,,,,,,
10,D,nonparticipants_only,,,10,0,10,0,0,0,0.1769074360316849,0.16558369501964904,0.3897895217413634,0.007807617086669927,0,0,0.0,0,0.0,0.0,50.0,0,,,,,,,,,,,,,,,,,,,,,,,,,,,
10,D,step_totals,,,,,,,,,,,,,,,,,,,,,85.40000000000009,19.5,0.2283372365339576,0.1,0.0011709601873536289,55.0,0.6440281030444958,0.0,0.0,0.014269481153627158,0.09090909090909091,0.0,0,5,12,42,39,1,55,37,6.600000000000003,0.07728337236533954,4.200000000000001,0.049180327868852416,33,21,39
10,D,reachability,0.3,0.0,,,,,,,,,,,,,,,,,,,,,,,,,,,,,,,,,,,,,,,,,,,,,
11,D,all_agents,,,40,15,10,15,15,0,0.22164617907274975,0.17621787471271427,0.7629630603783591,0.017947121026313906,52,23,0.575,0,0.0,0.0,31.75,332,,,,,,,,,,,,,,,,,,,,,,,,,,,
11,D,participants_only,,,30,15,0,15,15,0,0.2363277309860821,0.18392145951157607,0.7629630603783591,0.0205618166056809,52,23,0.7666666666666667,0,0.0,0.0,25.666666666666668,332,,,,,,,,,,,,,,,,,,,,,,,,,,,
11,D,nonparticipants_only,,,10,0,10,0,0,0,0.17760152333275264,0.16519942174959207,0.38784057413265655,0.007516458689206437,0,0,0.0,0,0.0,0.0,50.0,0,,,,,,,,,,,,,,,,,,,,,,,,,,,
11,D,step_totals,,,,,,,,,,,,,,,,,,,,,86.90000000000008,19.5,0.2243958573072495,,,57.0,0.6559263521288832,0.0,0.0,0.015256450061629534,0.12280701754385964,0.0,0,7,15,29,39,,57,36,6.200000000000003,0.07134637514384347,4.200000000000001,0.048331415420022984,31,21,40
12,D,all_agents,,,40,16,10,14,16,0,0.22579581346382674,0.17883574753523424,0.7724445379632248,0.018266234611095864,59,24,0.6,0,0.0,0.0,31.625,357,,,,,,,,,,,,,,,,,,,,,,,,,,,
12,D,participants_only,,,30,16,0,14,16,0,0.24163112909999684,0.1923208693168717,0.7724445379632248,0.02094036096133746,59,24,0.8,0,0.0,0.0,25.5,357,,,,,,,,,,,,,,,,,,,,,,,,,,,
12,D,nonparticipants_only,,,10,0,10,0,0,0,0.17828986655531648,0.16460142726477825,0.38590137126199325,0.007234768904805482,0,0,0.0,0,0.0,0.0,50.0,0,,,,,,,,,,,,,,,,,,,,,,,,,,,
12,D,step_totals,,,,,,,,,,,,,,,,,,,,,83.8000000000001,20.0,0.23866348448687325,,,52.0,0.6205250596658705,0.0,0.0,0.013834507656828168,0.1346153846153846,0.0,0,7,8,48,40,,52,38,7.200000000000004,0.08591885441527441,4.600000000000001,0.05489260143198086,36,23,41
13,D,all_agents,,,40,17,10,13,17,0,0.23059720082157306,0.1841755823831635,0.7815467564446957,0.018948043173573924,61,24,0.6,0,0.0,0.0,31.375,391,,,,,,,,,,,,,,,,,,,,,,,,,,,
13,D,participants_only,,,30,17,0,13,17,0,0.24780588557350702,0.1970859193203003,0.7815467564446957,0.021756934455521997,61,24,0.8,0,0.0,0.0,25.166666666666668,391,,,,,,,,,,,,,,,,,,,,,,,,,,,
13,D,nonparticipants_only,,,10,0,10,0,0,0,0.1789711465657712,0.16403479329814707,0.38397186440568326,0.006967703357032367,0,0,0.0,0,0.0,0.0,50.0,0,,,,,,,,,,,,,,,,,,,,,,,,,,,
13,D,step_totals,,,,,,,,,,,,,,,,,,,,,85.20000000000007,19.0,0.22300469483568056,,,56.0,0.6572769953051637,0.0,0.0,0.01530164735128356,0.03571428571428571,0.0,0,2,16,27,38,,56,35,5.400000000000002,0.06338028169014082,4.800000000000002,0.05633802816901405,27,24,41
14,D,all_agents,,,40,20,10,10,20,0,0.23528772612650323,0.18922949939603298,0.790284886186908,0.019453165433284167,64,24,0.6,0,0.0,0.0,31.25,424,,,,,,,,,,,,,,,,,,,,,,,,,,,
14,D,participants_only,,,30,20,0,10,20,0,0.2538349627755305,0.20261705741344987,0.790284886186908,0.02232391413418407,64,24,0.8,0,0.0,0.0,25.0,424,,,,,,,,,,,,,,,,,,,,,,,,,,,
14,D,nonparticipants_only,,,10,0,10,0,0,0,0.17964601617942125,0.1644054326346615,0.38205200508365483,0.00671291948280418,0,0,0.0,0,0.0,0.0,50.0,0,,,,,,,,,,,,,,,,,,,,,,,,,,,
14,D,step_totals,,,,,,,,,,,,,,,,,,,,,82.60000000000008,20.0,0.24213075060532666,,,52.0,0.6295399515738492,0.0,0.0,0.015601344818235045,0.057692307692307696,0.0,0,3,11,46,40,,52,36,6.000000000000003,0.07263922518159803,4.600000000000001,0.055690072639225145,30,23,38
15,D,all_agents,,,40,21,10,9,21,0,0.24010194521421874,0.1926550316949276,0.7986734907394316,0.020237749987703682,72,25,0.625,0,0.0,0.0,31.2,462,,,,,,,,,,,,,,,,,,,,,,,,,,,
15,D,participants_only,,,30,21,0,9,21,0,0.2600308602132442,0.2108267279456977,0.7986734907394316,0.023239240717183696,72,25,0.8333333333333334,0,0.0,0.0,24.933333333333334,462,,,,,,,,,,,,,,,,,,,,,,,,,,,
15,D,nonparticipants_only,,,10,0,10,0,0,0,0.1803152002171425,0.16603048484842714,0.38014174505823656,0.006467337962803072,0,0,0.0,0,0.0,0.0,50.0,0,,,,,,,,,,,,,,,,,,,,,,,,,,,
15,D,step_totals,,,,,,,,,,,,,,,,,,,,,82.3000000000001,19.5,0.23693803159173726,,,52.0,0.6318347509112994,0.0,0.0,0.015952237264668913,0.15384615384615385,0.0,0,8,12,33,39,,52,36,6.000000000000003,0.07290400972053458,4.800000000000002,0.05832320777642765,30,24,47
16,D,all_agents,,,40,21,10,9,21,0,0.24444498062146422,0.1949320886312878,0.8067265511098544,0.020877593066175003,77,25,0.625,0,0.0,0.0,31.15,494,,,,,,,,,,,,,,,,,,,,,,,,,,,
16,D,participants_only,,,30,21,0,9,21,0,0.2656006154139507,0.21735781214493544,0.8067265511098544,0.023968724585078174,77,25,0.8333333333333334,0,0.0,0.0,24.866666666666667,494,,,,,,,,,,,,,,,,,,,,,,,,,,,
16,D,nonparticipants_only,,,10,0,10,0,0,0,0.18097807624400497,0.16520033242418503,0.37824103633294537,0.006233467907788754,0,0,0.0,0,0.0,0.0,50.0,0,,,,,,,,,,,,,,,,,,,,,,,,,,,
16,D,step_totals,,,,,,,,,,,,,,,,,,,,,81.80000000000008,20.0,0.24449877750611224,,,51.0,0.6234718826405862,0.0,0.0,0.014773330880673346,0.09803921568627451,0.0,0,5,11,47,40,,51,36,6.000000000000003,0.0733496332518337,4.800000000000002,0.05867970660146695,30,24,40
17,D,all_agents,,,40,21,10,9,21,0,0.24867752008502758,0.19642008182411386,0.8144574890654602,0.021770012887034458,81,26,0.65,0,0.0,0.0,31.05,528,,,,,,,,,,,,,,,,,,,,,,,,,,,
17,D,participants_only,,,30,21,0,9,21,0,0.2710251635641533,0.2218417676653423,0.8144574890654602,0.025025137885540626,81,26,0.8666666666666667,0,0.0,0.0,24.733333333333334,528,,,,,,,,,,,,,,,,,,,,,,,,,,,
17,D,nonparticipants_only,,,10,0,10,0,0,0,0.18163458964765028,0.16440280866519338,0.3763498311512806,0.006011631862674613,0,0,0.0,0,0.0,0.0,50.0,0,,,,,,,,,,,,,,,,,,,,,,,,,,,
17,D,step_totals,,,,,,,,,,,,,,,,,,,,,82.30000000000007,19.5,0.23693803159173735,,,52.0,0.6318347509112996,0.0,0.0,0.01426478779631452,0.07692307692307693,0.0,0,4,12,31,39,,52,36,5.8000000000000025,0.07047387606318345,5.000000000000002,0.06075334143377883,29,25,47
18,D,all_agents,,,40,23,10,7,23,0,0.25308878100261295,0.20152466890773163,0.8218791895028418,0.022637057916700974,87,26,0.65,0,0.0,0.0,31.05,565,,,,,,,,,,,,,,,,,,,,,,,,,,,
18,D,participants_only,,,30,23,0,7,23,0,0.27668955616329716,0.2219335169933387,0.8218791895028418,0.02602303817169782,87,26,0.8666666666666667,0,0.0,0.0,24.733333333333334,565,,,,,,,,,,,,,,,,,,,,,,,,,,,
18,D,nonparticipants_only,,,10,0,10,0,0,0,0.18228645552056033,0.16618557353367752,0.3744680819955242,0.005795158093488411,0,0,0.0,0,0.0,0.0,50.0,0,,,,,,,,,,,,,,,,,,,,,,,,,,,
18,D,step_totals,,,,,,,,,,,,,,,,,,,,,80.70000000000009,19.5,0.24163568773234173,,,50.0,0.6195786864931839,0.0,0.0,0.015205534308170256,0.12,0.0,0,6,11,48,39,,50,36,6.000000000000003,0.0743494423791821,5.200000000000002,0.06443618339529116,30,26,39
19,D,all_agents,,,40,24,10,6,24,0,0.2568979792189417,0.2022490386359611,0.8290040219227282,0.02362663622724283,94,26,0.65,0,0.0,0.0,31.0,598,,,,,,,,,,,,,,,,,,,,,,,,,,,
19,D,participants_only,,,30,24,0,6,24,0,0.2815531118125633,0.22443497065998091,0.8290040219227282,0.027207898903200384,94,26,0.8666666666666667,0,0.0,0.0,24.666666666666668,598,,,,,,,,,,,,,,,,,,,,,,,,,,,
19,D,nonparticipants_only,,,10,0,10,0,0,0,0.18293258143807695,0.16868239195654594,0.3725957415855466,0.005588341440861428,0,0,0.0,0,0.0,0.0,50.0,0,,,,,,,,,,,,,,,,,,,,,,,,,,,
19,D,step_totals,,,,,,,,,,,,,,,,,,,,,80.60000000000008,19.0,0.23573200992555807,,,51.0,0.6327543424317612,0.0,0.0,0.013351311829692155,0.13725490196078433,0.0,0,7,14,31,38,,51,35,5.400000000000002,0.0669975186104218,5.200000000000002,0.06451612903225802,27,26,46
20,D,all_agents,,,40,24,10,6,23,1,0.26096229395630705,0.20348061861981276,0.835843861045819,0.02456058849924351,102,28,0.7,0,0.0,0.0,31.0,634,,,,,,,,,,,,,,,,,,,,,,,,,,,
20,D,participants_only,,,30,24,0,6,23,1,0.28675898483970547,0.22608574386955224,0.835843861045819,0.02828758458840996,102,28,0.9333333333333333,0,0.0,0.0,24.666666666666668,634,,,,,,,,,,,,,,,,,,,,,,,,,,,
20,D,nonparticipants_only,,,10,0,10,0,0,0,0.1835722213061117,0.17074537430844142,0.37073276287761886,0.005393969105340802,0,0,0.0,0,0.0,0.0,50.0,0,,,,,,,,,,,,,,,,,,,,,,,,,,,
20,D,step_totals,,,,,,,,,,,,,,,,,,,,,80.20000000000007,19.0,0.2369077306733165,,,50.0,0.6234413965087277,0.0,0.0,0.014286920678432118,0.16,0.0,0,8,12,48,38,,50,34,6.000000000000003,0.07481296758104734,5.200000000000002,0.06483790523690769,30,26,37
20,D,reachability,0.175,0.0,,,,,,,,,,,,,,,,,,,,,,,,,,,,,,,,,,,,,,,,,,,,,
21,D,all_agents,,,40,26,10,4,25,1,0.2646191135238799,0.2043229636909573,0.8424101066039862,0.025623099195589055,109,28,0.7,0,0.0,0.0,30.975,668,,,,,,,,,,,,,,,,,,,,,,,,,,,
21,D,participants_only,,,30,26,0,4,25,1,0.2914231167098601,0.22688301280504156,0.8424101066039862,0.029555173179653112,109,28,0.9333333333333333,0,0.0,0.0,24.633333333333333,668,,,,,,,,,,,,,,,,,,,,,,,,,,,
21,D,nonparticipants_only,,,10,0,10,0,0,0,0.1842071039659393,0.17094722730671402,0.36887909906323074,0.005205422201868454,0,0,0.0,0,0.0,0.0,50.0,0,,,,,,,,,,,,,,,,,,,,,,,,,,,
21,D,step_totals,,,,,,,,,,,,,,,,,,,,,80.70000000000009,18.5,0.22924411400247807,,,51.0,0.6319702602230476,0.0,0.0,0.012914696854420763,0.13725490196078433,0.0,0,7,13,31,37,,51,33,5.600000000000002,0.06939281288723663,5.600000000000002,0.06939281288723663,28,28,46
22,D,all_agents,,,40,29,10,1,28,1,0.2686232952357036,0.20507485857096308,0.8487137023398268,0.02662592253816339,116,28,0.7,0,0.0,0.0,30.975,706,,,,,,,,,,,,,,,,,,,,,,,,,,,
22,D,participants_only,,,30,29,0,1,28,1,0.29655224054300633,0.23128176589129829,0.8487137023398268,0.030705880986824353,116,28,0.9333333333333333,0,0.0,0.0,24.633333333333333,706,,,,,,,,,,,,,,,,,,,,,,,,,,,
22,D,nonparticipants_only,,,10,0,10,0,0,0,0.18483645931379558,0.17009249117018044,0.36703470356791457,0.005025735360440843,0,0,0.0,0,0.0,0.0,50.0,0,,,,,,,,,,,,,,,,,,,,,,,,,,,
22,D,step_totals,,,,,,,,,,,,,,,,,,,,,79.70000000000009,18.5,0.23212045169385168,,,50.0,0.6273525721455451,0.0,0.0,0.01423933040835888,0.14,0.0,0,7,12,48,37,,50,34,5.600000000000002,0.07026348808030108,5.600000000000002,0.07026348808030108,28,28,36
23,D,all_agents,,,40,29,10,1,28,1,0.2725216197435999,0.20636233998622122,0.8547651542462337,0.027844725611624637,127,28,0.7,0,0.0,0.0,30.95,746,,,,,,,,,,,,,,,,,,,,,,,,,,,
23,D,participants_only,,,30,29,0,1,28,1,0.30154217481620627,0.23232359899502003,0.8547651542462337,0.032138785942018085,127,28,0.9333333333333333,0,0.0,0.0,24.6,746,,,,,,,,,,,,,,,,,,,,,,,,,,,
23,D,nonparticipants_only,,,10,0,10,0,0,0,0.18545995452578096,0.16924202871432956,0.365199530050075,0.004856233219778185,0,0,0.0,0,0.0,0.0,50.0,0,,,,,,,,,,,,,,,,,,,,,,,,,,,
23,D,step_totals,,,,,,,,,,,,,,,,,,,,,80.70000000000009,18.5,0.22924411400247807,,,51.0,0.6319702602230476,0.0,0.0,0.013660888089796434,0.21568627450980393,0.0,0,11,13,31,37,,51,33,5.600000000000002,0.06939281288723663,5.600000000000002,0.06939281288723663,28,28,46
24,D,all_agents,,,40,29,10,1,28,1,0.27651592497553457,0.208072853577832,0.8605745480763843,0.028973272752022862,135,28,0.7,0,0.0,0.0,30.975,787,,,,,,,,,,,,,,,,,,,,,,,,,,,
24,D,participants_only,,,30,29,0,1,28,1,0.30666159822595884,0.23648009102826456,0.8605745480763843,0.03343204703959028,135,28,0.9333333333333333,0,0.0,0.0,24.633333333333333,787,,,,,,,,,,,,,,,,,,,,,,,,,,,
24,D,nonparticipants_only,,,10,0,10,0,0,0,0.1860789052242618,0.16839581857075792,0.3633735323998246,0.0046918105006644685,0,0,0.0,0,0.0,0.0,50.0,0,,,,,,,,,,,,,,,,,,,,,,,,,,,
24,D,step_totals,,,,,,,,,,,,,,,,,,,,,79.90000000000008,18.5,0.2315394242803502,,,50.0,0.6257822277847304,0.0,0.0,0.014184430130811948,0.16,0.0,0,8,11,48,37,,50,34,5.8000000000000025,0.07259073842302875,5.600000000000002,0.07008760951188982,29,28,36
25,D,all_agents,,,40,29,10,1,28,1,0.27997809012184727,0.2099886499357247,0.866151566153329,0.030106593692449935,144,29,0.725,0,0.0,0.0,30.95,824,,,,,,,,,,,,,,,,,,,,,,,,,,,
25,D,participants_only,,,30,29,0,1,28,1,0.3110731712718519,0.2380651999839074,0.866151566153329,0.0347630780278852,144,29,0.9666666666666667,0,0.0,0.0,24.6,824,,,,,,,,,,,,,,,,,,,,,,,,,,,
25,D,nonparticipants_only,,,10,0,10,0,0,0,0.18669284667183333,0.1675538394779041,0.3615566647378255,0.004534291825439653,0,0,0.0,0,0.0,0.0,50.0,0,,,,,,,,,,,,,,,,,,,,,,,,,,,
25,D,step_totals,,,,,,,,,,,,,,,,,,,,,79.00000000000007,17.0,0.21518987341772133,,,51.0,0.645569620253164,0.0,0.0,0.012688447100529613,0.17647058823529413,0.0,0,9,14,30,34,,51,33,5.400000000000002,0.0683544303797468,5.600000000000002,0.07088607594936705,27,28,46
26,D,all_agents,,,40,29,10,1,28,1,0.2834061465661858,0.2107796784128119,0.8715055035071958,0.031155001529682726,146,29,0.725,0,0.0,0.0,30.975,860,,,,,,,,,,,,,,,,,,,,,,,,,,,
26,D,participants_only,,,30,29,0,1,28,1,0.31544111608534536,0.24112087150531653,0.8715055035071958,0.03597312114117745,146,29,0.9666666666666667,0,0.0,0.0,24.633333333333333,860,,,,,,,,,,,,,,,,,,,,,,,,,,,
26,D,nonparticipants_only,,,10,0,10,0,0,0,0.18730123800870713,0.16852687935611,0.35974888141413636,0.004385771430076784,0,0,0.0,0,0.0,0.0,50.0,0,,,,,,,,,,,,,,,,,,,,,,,,,,,
26,D,step_totals,,,,,,,,,,,,,,,,,,,,,80.1000000000001,18.5,0.23096129837702845,,,50.0,0.6242197253433202,0.0,0.0,0.012474962572365963,0.04,0.0,0,2,11,48,37,,50,33,5.8000000000000025,0.07240948813982516,5.8000000000000025,0.07240948813982516,29,29,34
27,D,all_agents,,,40,30,10,0,29,1,0.28698533025526957,0.21196404786594703,0.876645283366908,0.03242237201134834,155,29,0.725,0,0.0,0.0,30.95,902,,,,,,,,,,,,,,,,,,,,,,,,,,,
27,D,participants_only,,,30,30,0,0,29,1,0.32001194765539076,0.24474350161276115,0.876645283366908,0.03745309859021808,155,29,0.9666666666666667,0,0.0,0.0,24.6,902,,,,,,,,,,,,,,,,,,,,,,,,,,,
27,D,nonparticipants_only,,,10,0,10,0,0,0,0.18790547805490576,0.1716926623782552,0.3579501370070657,0.004241102792011205,0,0,0.0,0,0.0,0.0,50.0,0,,,,,,,,,,,,,,,,,,,,,,,,,,,
27,D,step_totals,,,,,,,,,,,,,,,,,,,,,79.00000000000007,17.0,0.21518987341772133,,,51.0,0.645569620253164,0.0,0.0,0.013067169955242354,0.17647058823529413,0.0,0,9,15,29,34,,51,33,5.200000000000002,0.06582278481012654,5.8000000000000025,0.0734177215189873,26,29,46
28,D,all_agents,,,40,30,10,0,29,1,0.29032214499095166,0.2126674501152268,0.8815794720322316,0.03358598970831755,161,30,0.75,0,0.0,0.0,30.975,941,,,,,,,,,,,,,,,,,,,,,,,,,,,
28,D,participants_only,,,30,30,0,0,29,1,0.3242610230296752,0.24385076650487986,0.8815794720322316,0.038807151676708354,161,30,1.0,0,0.0,0.0,24.633333333333333,941,,,,,,,,,,,,,,,,,,,,,,,,,,,
28,D,nonparticipants_only,,,10,0,10,0,0,0,0.18850551087478126,0.1734970395578136,0.35616038632203034,0.004100334492816957,0,0,0.0,0,0.0,0.0,50.0,0,,,,,,,,,,,,,,,,,,,,,,,,,,,
28,D,step_totals,,,,,,,,,,,,,,,,,,,,,79.10000000000008,17.5,0.22123893805309713,,,50.0,0.6321112515802775,0.0,0.0,0.01241224443727158,0.12,0.0,0,6,11,48,35,,50,32,5.8000000000000025,0.07332490518331222,5.8000000000000025,0.07332490518331222,29,29,33
29,D,all_agents,,,40,30,10,0,29,1,0.29338383229500337,0.21270789670662105,0.8863162931509424,0.034801334652131255,170,30,0.75,0,0.0,0.0,30.95,979,,,,,,,,,,,,,,,,,,,,,,,,,,,
29,D,participants_only,,,30,30,0,0,29,1,0.3281449375272697,0.24597454589887285,0.8863162931509424,0.040246218125702546,170,30,1.0,0,0.0,0.0,24.6,979,,,,,,,,,,,,,,,,,,,,,,,,,,,
29,D,nonparticipants_only,,,10,0,10,0,0,0,0.18910051659820437,0.1730833705783394,0.35437958439042017,0.003966670987793065,0,0,0.0,0,0.0,0.0,50.0,0,,,,,,,,,,,,,,,,,,,,,,,,,,,
29,D,step_totals,,,,,,,,,,,,,,,,,,,,,78.70000000000009,16.5,0.20965692503176597,,,51.0,0.6480304955527312,0.0,0.0,0.011574514349161793,0.17647058823529413,0.0,0,9,14,29,33,,51,32,5.200000000000002,0.0660736975857687,6.000000000000003,0.07623888182973311,26,30,46
30,D,all_agents,,,40,30,10,0,29,1,0.2964398134183764,0.21280995203308195,0.8908636414249047,0.03590894360006455,179,30,0.75,0,0.0,0.0,30.975,1016,,,,,,,,,,,,,,,,,,,,,,,,,,,
30,D,participants_only,,,30,30,0,0,29,1,0.3320225467460166,0.24474467316937848,0.8908636414249047,0.041535389725822436,179,30,1.0,0,0.0,0.0,24.633333333333333,1016,,,,,,,,,,,,,,,,,,,,,,,,,,,
30,D,nonparticipants_only,,,10,0,10,0,0,0,0.18969161343545574,0.174137537801486,0.3526076864684681,0.0038360342899994284,0,0,0.0,0,0.0,0.0,50.0,0,,,,,,,,,,,,,,,,,,,,,,,,,,,
30,D,step_totals,,,,,,,,,,,,,,,,,,,,,78.40000000000009,17.0,0.2168367346938773,,,50.0,0.6377551020408155,0.0,0.0,0.01169691771560877,0.18,0.0,0,9,13,48,34,,50,31,5.400000000000002,0.06887755102040811,6.000000000000003,0.0765306122448979,27,30,32
30,D,reachability,0.225,0.0,,,,,,,,,,,,,,,,,,,,,,,,,,,,,,,,,,,,,,,,,,,,,
31,D,all_agents,,,40,30,10,0,29,1,0.299274831566288,0.21363008841521375,0.8952290957679085,0.03706256874205346,184,30,0.75,0,0.0,0.0,30.95,1053,,,,,,,,,,,,,,,,,,,,,,,,,,,
31,D,participants_only,,,30,30,0,0,29,1,0.3356070226340844,0.2467948427512909,0.8952290957679085,0.042899807354291754,184,30,1.0,0,0.0,0.0,24.6,1053,,,,,,,,,,,,,,,,,,,,,,,,,,,
31,D,nonparticipants_only,,,10,0,10,0,0,0,0.19027825836289872,0.17793857992231268,0.35084464803612575,0.0037105156118961836,0,0,0.0,0,0.0,0.0,50.0,0,,,,,,,,,,,,,,,,,,,,,,,,,,,
31,D,step_totals,,,,,,,,,,,,,,,,,,,,,78.00000000000007,16.0,0.20512820512820495,,,51.0,0.6538461538461533,0.0,0.0,0.011013754931309773,0.09803921568627451,0.0,0,5,15,29,32,,51,31,5.000000000000002,0.06410256410256407,6.000000000000003,0.07692307692307689,25,30,45
32,D,all_agents,,,40,30,10,0,29,1,0.3021879314508124,0.21392927627878583,0.8994199319371922,0.03820887612010802,187,30,0.75,0,0.0,0.0,30.975,1092,,,,,,,,,,,,,,,,,,,,,,,,,,,
32,D,participants_only,,,30,30,0,0,29,1,0.3392973495942617,0.24556086853753445,0.8994199319371922,0.044239104985453234,187,30,1.0,0,0.0,0.0,24.633333333333333,1092,,,,,,,,,,,,,,,,,,,,,,,,,,,
32,D,nonparticipants_only,,,10,0,10,0,0,0,0.19085967702046464,0.17956842031725223,0.3490904247959451,0.0035928825447280213,0,0,0.0,0,0.0,0.0,50.0,0,,,,,,,,,,,,,,,,,,,,,,,,,,,
32,D,step_totals,,,,,,,,,,,,,,,,,,,,,77.20000000000007,16.0,0.2072538860103625,,,50.0,0.6476683937823828,0.0,0.0,0.011474027793148852,0.06,0.0,0,3,14,47,32,,50,31,5.200000000000002,0.06735751295336784,6.000000000000003,0.07772020725388597,26,30,31
33,D,all_agents,,,40,30,10,0,29,1,0.3051231824061711,0.21411249692329581,0.9034431346597045,0.0394149788277057,193,30,0.75,0,0.0,0.0,30.95,1133,,,,,,,,,,,,,,,,,,,,,,,,,,,
33,D,participants_only,,,30,30,0,0,29,1,0.3430184820806722,0.24728808570339297,0.9034431346597045,0.04564976432301866,193,30,1.0,0,0.0,0.0,24.6,1133,,,,,,,,,,,,,,,,,,,,,,,,,,,
33,D,nonparticipants_only,,,10,0,10,0,0,0,0.19143728338266777,0.17900991589018267,0.34734497267196535,0.0034779774927238766,0,0,0.0,0,0.0,0.0,50.0,0,,,,,,,,,,,,,,,,,,,,,,,,,,,
33,D,step_totals,,,,,,,,,,,,,,,,,,,,,78.00000000000007,16.0,0.20512820512820495,,,51.0,0.6538461538461533,0.0,0.0,0.011345363940977066,0.11764705882352941,0.0,0,6,15,29,32,,51,30,5.000000000000002,0.06410256410256407,6.000000000000003,0.07692307692307689,25,30,45
34,D,all_agents,,,40,30,10,0,28,2,0.30801579903130494,0.21510930605417575,0.9073054092733163,0.04059556444383224,197,30,0.75,0,0.0,0.0,30.975,1175,,,,,,,,,,,,,,,,,,,,,,,,,,,
34,D,participants_only,,,30,30,0,0,28,2,0.3466840658806317,0.246051645274876,0.9073054092733163,0.04702442617108603,197,30,1.0,0,0.0,0.0,24.633333333333333,1175,,,,,,,,,,,,,,,,,,,,,,,,,,,
34,D,nonparticipants_only,,,10,0,10,0,0,0,0.19201099848332442,0.18176970741799808,0.3456082478086055,0.0033661609285019012,0,0,0.0,0,0.0,0.0,50.0,0,,,,,,,,,,,,,,,,,,,,,,,,,,,
34,D,step_totals,,,,,,,,,,,,,,,,,,,,,76.00000000000009,15.0,0.19736842105263136,,,50.0,0.6578947368421045,0.0,0.0,0.011640151140646355,0.08,0.0,0,4,15,46,30,,50,30,5.000000000000002,0.06578947368421048,6.000000000000003,0.07894736842105257,25,30,31
35,D,all_agents,,,40,30,10,0,28,2,0.31049658055441903,0.21700666007305494,0.9110131929023836,0.04170979573311086,203,30,0.75,0,0.0,0.0,30.95,1212,,,,,,,,,,,,,,,,,,,,,,,,,,,
35,D,participants_only,,,30,30,0,0,28,2,0.3498020685857472,0.2485354883022612,0.9110131929023836,0.048346651603296556,203,30,1.0,0,0.0,0.0,24.6,1212,,,,,,,,,,,,,,,,,,,,,,,,,,,
35,D,nonparticipants_only,,,10,0,10,0,0,0,0.19258011646043446,0.1852998971092444,0.3438802065695625,0.0032601714499831736,0,0,0.0,0,0.0,0.0,50.0,0,,,,,,,,,,,,,,,,,,,,,,,,,,,
35,D,step_totals,,,,,,,,,,,,,,,,,,,,,77.00000000000006,15.0,0.19480519480519465,,,51.0,0.6623376623376619,0.0,0.0,0.010121190674643408,0.11764705882352941,0.0,0,6,15,29,30,,51,31,5.000000000000002,0.06493506493506492,6.000000000000003,0.07792207792207789,25,30,44
36,D,all_agents,,,40,30,10,0,25,5,0.312998310487844,0.21757388963575022,0.9145726651862882,0.04283853253830043,208,30,0.75,0,0.0,0.0,30.975,1251,,,,,,,,,,,,,,,,,,,,,,,,,,,
36,D,participants_only,,,30,30,0,0,25,5,0.3529492318564472,0.2472928108607499,0.9145726651862882,0.04968155205136008,208,30,1.0,0,0.0,0.0,24.633333333333333,1251,,,,,,,,,,,,,,,,,,,,,,,,,,,
36,D,nonparticipants_only,,,10,0,10,0,0,0,0.19314554638203435,0.18499495518098505,0.3421608055367147,0.0031565605807176863,0,0,0.0,0,0.0,0.0,50.0,0,,,,,,,,,,,,,,,,,,,,,,,,,,,
36,D,step_totals,,,,,,,,,,,,,,,,,,,,,76.20000000000007,15.0,0.19685039370078722,,,50.0,0.656167979002624,0.0,0.0,0.010396626621408075,0.1,0.0,0,5,14,46,30,,50,30,5.200000000000002,0.06824146981627292,6.000000000000003,0.07874015748031492,26,30,31
37,D,all_agents,,,40,30,10,0,24,6,0.3156996463823111,0.21697944669769756,0.9179897585788367,0.0440407745127718,220,30,0.75,0,0.0,0.0,30.95,1294,,,,,,,,,,,,,,,,,,,,,,,,,,,
37,D,participants_only,,,30,30,0,0,24,6,0.3563640287230639,0.2471839655202235,0.9179897585788367,0.05108724057963071,220,30,1.0,0,0.0,0.0,24.6,1294,,,,,,,,,,,,,,,,,,,,,,,,,,,
37,D,nonparticipants_only,,,10,0,10,0,0,0,0.1937064993600531,0.18623591194821607,0.3404500015090311,0.0030582724183360424,0,0,0.0,0,0.0,0.0,50.0,0,,,,,,,,,,,,,,,,,,,,,,,,,,,
37,D,step_totals,,,,,,,,,,,,,,,,,,,,,76.80000000000007,15.0,0.19531249999999983,,,51.0,0.6640624999999994,0.0,0.0,0.010856381262138141,0.23529411764705882,0.0,0,12,16,29,30,,51,30,4.800000000000002,0.062499999999999965,6.000000000000003,0.07812499999999997,24,30,44
38,D,all_agents,,,40,30,10,0,24,6,0.31818362172390136,0.21776882887011906,0.9212701682356832,0.045104598423952584,228,30,0.75,0,0.0,0.0,30.975,1334,,,,,,,,,,,,,,,,,,,,,,,,,,,
38,D,participants_only,,,30,30,0,0,24,6,0.35949049040665226,0.24786026411672896,0.9212701682356832,0.05232601389390631,228,30,1.0,0,0.0,0.0,24.633333333333333,1334,,,,,,,,,,,,,,,,,,,,,,,,,,,
38,D,nonparticipants_only,,,10,0,10,0,0,0,0.1942630156756487,0.18836926154284117,0.33874775150148595,0.002965263209603075,0,0,0.0,0,0.0,0.0,50.0,0,,,,,,,,,,,,,,,,,,,,,,,,,,,
38,D,step_totals,,,,,,,,,,,,,,,,,,,,,76.20000000000007,15.0,0.19685039370078722,,,50.0,0.656167979002624,0.0,0.0,0.010363642594179809,0.16,0.0,0,8,14,46,30,,50,30,5.200000000000002,0.06824146981627292,6.000000000000003,0.07874015748031492,26,30,31
39,D,all_agents,,,40,30,10,0,24,6,0.32051892751247535,0.21913095432674956,0.9244193615062559,0.046222129541721335,235,30,0.75,0,0.0,0.0,30.95,1374,,,,,,,,,,,,,,,,,,,,,,,,,,,
39,D,participants_only,,,30,30,0,0,24,6,0.3624199139655594,0.2505947139033242,0.9244193615062559,0.05364857422396374,235,30,1.0,0,0.0,0.0,24.6,1374,,,,,,,,,,,,,,,,,,,,,,,,,,,
39,D,nonparticipants_only,,,10,0,10,0,0,0,0.19481596815322322,0.19055158638355107,0.3370540127439785,0.002874483506095743,0,0,0.0,0,0.0,0.0,50.0,0,,,,,,,,,,,,,,,,,,,,,,,,,,,
39,D,step_totals,,,,,,,,,,,,,,,,,,,,,75.80000000000007,14.0,0.18469656992084416,,,51.0,0.6728232189973609,0.0,0.0,0.009889545300446629,0.13725490196078433,0.0,0,7,16,28,28,,51,30,4.800000000000002,0.06332453825857516,6.000000000000003,0.07915567282321896,24,30,43
40,D,all_agents,,,40,30,10,0,24,6,0.3231430250102739,0.22046726443759845,0.9274425870460057,0.04723339794687488,242,30,0.75,0,0.0,0.0,30.975,1416,,,,,,,,,,,,,,,,,,,,,,,,,,,
40,D,participants_only,,,30,30,0,0,24,6,0.36573577631325543,0.25471307140621036,0.9274425870460057,0.05479199425585701,242,30,1.0,0,0.0,0.0,24.633333333333333,1416,,,,,,,,,,,,,,,,,,,,,,,,,,,
40,D,nonparticipants_only,,,10,0,10,0,0,0,0.19536477110132944,0.19028704290203405,0.3353687426802586,0.002787899457236907,0,0,0.0,0,0.0,0.0,50.0,0,,,,,,,,,,,,,,,,,,,,,,,,,,,
40,D,step_totals,,,,,,,,,,,,,,,,,,,,,76.00000000000009,15.0,0.19736842105263136,,,50.0,0.6578947368421045,0.0,0.0,0.010852680001258372,0.14,0.0,0,7,15,46,30,,50,30,5.000000000000002,0.06578947368421048,6.000000000000003,0.07894736842105257,25,30,31
40,D,reachability,0.25,0.0,,,,,,,,,,,,,,,,,,,,,,,,,,,,,,,,,,,,,,,,,,,,,
41,D,all_agents,,,40,30,10,0,24,6,0.32535626070788665,0.22232219303814363,0.9303448835641654,0.048339024889063734,246,30,0.75,0,0.0,0.0,30.95,1457,,,,,,,,,,,,,,,,,,,,,,,,,,,
41,D,participants_only,,,30,30,0,0,24,6,0.3685050743610479,0.25458856452094103,0.9303448835641654,0.05610338015634733,246,30,1.0,0,0.0,0.0,24.6,1457,,,,,,,,,,,,,,,,,,,,,,,,,,,
41,D,nonparticipants_only,,,10,0,10,0,0,0,0.195909819748403,0.19154687950607097,0.3336918989668573,0.0027041176511101504,0,0,0.0,0,0.0,0.0,50.0,0,,,,,,,,,,,,,,,,,,,,,,,,,,,
41,D,step_totals,,,,,,,,,,,,,,,,,,,,,75.10000000000007,13.5,0.17976031957390132,,,51.0,0.6790945406125161,0.0,0.0,0.009631310897908682,0.0784313725490196,0.0,0,4,17,28,27,,51,29,4.600000000000001,0.06125166444740343,6.000000000000003,0.0798934753661784,23,30,42
42,D,all_agents,,,40,30,10,0,23,7,0.32771821838304116,0.22336554081229162,0.9331310882215988,0.04939246097564292,255,30,0.75,0,0.0,0.0,30.975,1500,,,,,,,,,,,,,,,,,,,,,,,,,,,
42,D,participants_only,,,30,30,0,0,23,7,0.3714739000490791,0.2533156216983363,0.9331310882215988,0.05732399548038922,255,30,1.0,0,0.0,0.0,24.633333333333333,1500,,,,,,,,,,,,,,,,,,,,,,,,,,,
42,D,nonparticipants_only,,,10,0,10,0,0,0,0.1964511733849273,0.193627373500475,0.332023439472023,0.002623141324688245,0,0,0.0,0,0.0,0.0,50.0,0,,,,,,,,,,,,,,,,,,,,,,,,,,,
42,D,step_totals,,,,,,,,,,,,,,,,,,,,,74.80000000000008,14.0,0.18716577540106932,,,50.0,0.6684491978609618,0.0,0.0,0.01022974230801794,0.18,0.0,0,9,16,44,28,,50,28,4.800000000000002,0.06417112299465236,6.000000000000003,0.08021390374331545,24,30,30
43,D,all_agents,,,40,30,10,0,23,7,0.32985004629330555,0.2251470565381584,0.9358058446927349,0.0504133776845683,257,30,0.75,0,0.0,0.0,30.95,1541,,,,,,,,,,,,,,,,,,,,,,,,,,,
43,D,participants_only,,,30,30,0,0,23,7,0.3741371889301745,0.2606277787994258,0.9358058446927349,0.058523832543089814,257,30,1.0,0,0.0,0.0,24.6,1541,,,,,,,,,,,,,,,,,,,,,,,,,,,
43,D,nonparticipants_only,,,10,0,10,0,0,0,0.1969886183826986,0.19580550433645,0.3303633222746629,0.0025458010737432236,0,0,0.0,0,0.0,0.0,50.0,0,,,,,,,,,,,,,,,,,,,,,,,,,,,
43,D,step_totals,,,,,,,,,,,,,,,,,,,,,75.10000000000008,13.5,0.17976031957390126,,,51.0,0.679094540612516,0.0,0.0,0.00939288211479984,0.0392156862745098,0.0,0,2,17,28,27,,51,28,4.600000000000001,0.06125166444740342,6.000000000000003,0.07989347536617838,23,30,41
44,D,all_agents,,,40,30,10,0,22,8,0.33195827406041695,0.225160390435537,0.9364477862458075,0.05142687316636584,263,30,0.75,0,0.0,0.0,30.975,1582,,,,,,,,,,,,,,,,,,,,,,,,,,,
44,D,participants_only,,,30,30,0,0,22,8,0.3767704552294064,0.25932463990542864,0.9364477862458075,0.0597121383526567,263,30,1.0,0,0.0,0.0,24.633333333333333,1582,,,,,,,,,,,,,,,,,,,,,,,,,,,
44,D,nonparticipants_only,,,10,0,10,0,0,0,0.19752173055344854,0.1954480145258324,0.3287115056632896,0.0024734986340252756,0,0,0.0,0,0.0,0.0,50.0,0,,,,,,,,,,,,,,,,,,,,,,,,,,,
44,D,step_totals,,,,,,,,,,,,,,,,,,,,,74.30000000000008,13.5,0.18169582772543721,,,50.0,0.6729475100942119,0.0,0.0,0.009517301477563874,0.12,0.0,0,6,16,43,27,,50,27,4.800000000000002,0.06460296096904436,6.000000000000003,0.08075370121130547,24,30,29
45,D,all_agents,,,40,30,10,0,21,9,0.3340056968416045,0.22624933623351567,0.9389898747959752,0.05246071373279749,267,30,0.75,0,0.0,0.0,30.95,1624,,,,,,,,,,,,,,,,,,,,,,,,,,,
45,D,participants_only,,,30,30,0,0,21,9,0.379323791649727,0.2591979837469105,0.9389898747959752,0.060931675824577716,267,30,1.0,0,0.0,0.0,24.6,1624,,,,,,,,,,,,,,,,,,,,,,,,,,,
45,D,nonparticipants_only,,,10,0,10,0,0,0,0.1980514124172369,0.19672626320222208,0.32706794813497314,0.002403070853001001,0,0,0.0,0,0.0,0.0,50.0,0,,,,,,,,,,,,,,,,,,,,,,,,,,,
45,D,step_totals,,,,,,,,,,,,,,,,,,,,,75.10000000000008,13.5,0.17976031957390126,,,51.0,0.679094540612516,0.0,0.0,0.009142586862442733,0.0784313725490196,0.0,0,4,17,28,27,,51,28,4.600000000000001,0.06125166444740342,6.000000000000003,0.07989347536617838,23,30,41
46,D,all_agents,,,40,30,10,0,21,9,0.33619694808060774,0.22686471418738086,0.9414302798041362,0.053399392985793444,277,30,0.75,0,0.0,0.0,30.975,1667,,,,,,,,,,,,,,,,,,,,,,,,,,,
46,D,participants_only,,,30,30,0,0,21,9,0.38207012804644114,0.2579019938281759,0.9414302798041362,0.06200328811789851,277,30,1.0,0,0.0,0.0,24.633333333333333,1667,,,,,,,,,,,,,,,,,,,,,,,,,,,
46,D,nonparticipants_only,,,10,0,10,0,0,0,0.19857740818310754,0.19760136471472806,0.3254326083942983,0.002335523907345378,0,0,0.0,0,0.0,0.0,50.0,0,,,,,,,,,,,,,,,,,,,,,,,,,,,
46,D,step_totals,,,,,,,,,,,,,,,,,,,,,74.30000000000005,13.5,0.18169582772543727,,,50.0,0.6729475100942122,0.0,0.0,0.009803309819883688,0.2,0.0,0,10,16,43,27,,50,27,4.800000000000002,0.06460296096904439,6.000000000000003,0.0807537012113055,24,30,29
47,D,all_agents,,,40,30,10,0,20,10,0.33828976928294113,0.22843798511184368,0.9437730686119707,0.05441500941429477,285,30,0.75,0,0.0,0.0,30.95,1711,,,,,,,,,,,,,,,,,,,,,,,,,,,
47,D,participants_only,,,30,30,0,0,20,10,0.3846863912284939,0.258263659298699,0.9437730686119707,0.06318600797964044,285,30,1.0,0,0.0,0.0,24.6,1711,,,,,,,,,,,,,,,,,,,,,,,,,,,
47,D,nonparticipants_only,,,10,0,10,0,0,0,0.19909990344628276,0.19959414181118665,0.3238054453523268,0.0022702553827551597,0,0,0.0,0,0.0,0.0,50.0,0,,,,,,,,,,,,,,,,,,,,,,,,,,,
47,D,step_totals,,,,,,,,,,,,,,,,,,,,,75.10000000000007,13.5,0.17976031957390132,,,51.0,0.6790945406125161,0.0,0.0,0.009310225948843858,0.1568627450980392,0.0,0,8,17,28,27,,51,28,4.600000000000001,0.06125166444740343,6.000000000000003,0.0798934753661784,23,30,41
48,D,all_agents,,,40,30,10,0,20,10,0.34033210679881404,0.22773231783991546,0.9460221458674919,0.055310344848067544,291,30,0.75,0,0.0,0.0,30.975,1753,,,,,,,,,,,,,,,,,,,,,,,,,,,
48,D,participants_only,,,30,30,0,0,20,10,0.3872366414834249,0.26062496081665004,0.9460221458674919,0.06421075518160219,291,30,1.0,0,0.0,0.0,24.633333333333333,1753,,,,,,,,,,,,,,,,,,,,,,,,,,,
48,D,nonparticipants_only,,,10,0,10,0,0,0,0.1996185027449814,0.20026848733507968,0.32218641812556514,0.00220868935970525,0,0,0.0,0,0.0,0.0,50.0,0,,,,,,,,,,,,,,,,,,,,,,,,,,,
48,D,step_totals,,,,,,,,,,,,,,,,,,,,,73.60000000000007,13.0,0.17663043478260854,,,50.0,0.6793478260869559,0.0,0.0,0.00944732487488191,0.12,0.0,0,6,17,41,26,,50,26,4.600000000000001,0.062499999999999965,6.000000000000003,0.08152173913043474,23,30,28
49,D,all_agents,,,40,30,10,0,20,10,0.3421278728829736,0.22913112961672055,0.9481812600327922,0.056261483403432316,296,30,0.75,0,0.0,0.0,30.95,1794,,,,,,,,,,,,,,,,,,,,,,,,,,,
49,D,participants_only,,,30,30,0,0,20,10,0.38945914960844974,0.25932183601256675,0.9481812600327922,0.06533835949255719,296,30,1.0,0,0.0,0.0,24.6,1794,,,,,,,,,,,,,,,,,,,,,,,,,,,
49,D,nonparticipants_only,,,10,0,10,0,0,0,0.20013404270654517,0.19997594064025176,0.3205754860349373,0.002147858058494492,0,0,0.0,0,0.0,0.0,50.0,0,,,,,,,,,,,,,,,,,,,,,,,,,,,
49,D,step_totals,,,,,,,,,,,,,,,,,,,,,74.60000000000007,13.0,0.17426273458445024,,,51.0,0.6836461126005356,0.0,0.0,0.008455800646456865,0.09803921568627451,0.0,0,5,17,28,26,,51,27,4.600000000000001,0.061662198391420876,6.000000000000003,0.08042895442359246,23,30,40
50,D,all_agents,,,40,30,10,0,20,10,0.3442346772853063,0.229290455361309,0.9502540096314805,0.057182377265504875,306,30,0.75,0,0.0,0.0,30.975,1840,,,,,,,,,,,,,,,,,,,,,,,,,,,
50,D,participants_only,,,30,30,0,0,20,10,0.39209775616506526,0.25802522683250395,0.9502540096314805,0.06638242696004784,306,30,1.0,0,0.0,0.0,24.633333333333333,1840,,,,,,,,,,,,,,,,,,,,,,,,,,,
50,D,nonparticipants_only,,,10,0,10,0,0,0,0.20064544064602946,0.20100476383472962,0.3189726086047626,0.0020917363436756646,0,0,0.0,0,0.0,0.0,50.0,0,,,,,,,,,,,,,,,,,,,,,,,,,,,
50,D,step_totals,,,,,,,,,,,,,,,,,,,,,73.10000000000008,12.5,0.17099863201094373,,,50.0,0.6839945280437749,0.0,0.0,0.009756788575533904,0.2,0.0,0,10,17,40,25,,50,25,4.600000000000001,0.06292749658002732,6.000000000000003,0.08207934336525302,23,30,28
50,D,reachability,0.25,0.0,,,,,,,,,,,,,,,,,,,,,,,,,,,,,,,,,,,,,,,,,,,,,
51,D,all_agents,,,40,30,10,0,20,10,0.3461714958559003,0.2295379678210187,0.9522438492462213,0.058102569077132175,311,30,0.75,0,0.0,0.0,30.95,1884,,,,,,,,,,,,,,,,,,,,,,,,,,,
51,D,participants_only,,,30,30,0,0,20,10,0.39451076718596817,0.2567351006983414,0.9522438492462213,0.06744437985647006,311,30,1.0,0,0.0,0.0,24.6,1884,,,,,,,,,,,,,,,,,,,,,,,,,,,
51,D,nonparticipants_only,,,10,0,10,0,0,0,0.20115368186569652,0.20161758953347958,0.3173777455617388,0.0020369149064554267,0,0,0.0,0,0.0,0.0,50.0,0,,,,,,,,,,,,,,,,,,,,,,,,,,,
51,D,step_totals,,,,,,,,,,,,,,,,,,,,,74.60000000000007,13.0,0.17426273458445024,,,51.0,0.6836461126005356,0.0,0.0,0.008933117883266048,0.09803921568627451,0.0,0,5,17,28,26,,51,27,4.600000000000001,0.061662198391420876,6.000000000000003,0.08042895442359246,23,30,40
52,D,all_agents,,,40,30,10,0,20,10,0.34781376462215247,0.2300713647298544,0.9541540952763724,0.05894482004429035,315,30,0.75,0,0.0,0.0,30.975,1925,,,,,,,,,,,,,,,,,,,,,,,,,,,
52,D,participants_only,,,30,30,0,0,20,10,0.3965321898528924,0.2554514251948497,0.9541540952763724,0.06843773408700392,315,30,1.0,0,0.0,0.0,24.633333333333333,1925,,,,,,,,,,,,,,,,,,,,,,,,,,,
52,D,nonparticipants_only,,,10,0,10,0,0,0,0.2016584889299325,0.2021360513529562,0.3157908568339301,0.00198425843259122,0,0,0.0,0,0.0,0.0,50.0,0,,,,,,,,,,,,,,,,,,,,,,,,,,,
52,D,step_totals,,,,,,,,,,,,,,,,,,,,,73.10000000000008,12.5,0.17099863201094373,,,50.0,0.6839945280437749,0.0,0.0,0.008251351928395946,0.08,0.0,0,4,17,40,25,,50,25,4.600000000000001,0.06292749658002732,6.000000000000003,0.08207934336525302,23,30,27
53,D,all_agents,,,40,30,10,0,20,10,0.3495681862738438,0.23125336884472664,0.9559879314653175,0.05985189041748357,324,30,0.75,0,0.0,0.0,30.95,1969,,,,,,,,,,,,,,,,,,,,,,,,,,,
53,D,participants_only,,,30,30,0,0,20,10,0.39870409473362584,0.25417416806887544,0.9559879314653175,0.0695012812061055,324,30,1.0,0,0.0,0.0,24.6,1969,,,,,,,,,,,,,,,,,,,,,,,,,,,
53,D,nonparticipants_only,,,10,0,10,0,0,0,0.20216046089449768,0.20382780268106027,0.31421190254976045,0.0019316680496008157,0,0,0.0,0,0.0,0.0,50.0,0,,,,,,,,,,,,,,,,,,,,,,,,,,,
53,D,step_totals,,,,,,,,,,,,,,,,,,,,,74.60000000000007,13.0,0.17426273458445024,,,51.0,0.6836461126005356,0.0,0.0,0.008363360829768476,0.17647058823529413,0.0,0,9,17,27,26,,51,26,4.600000000000001,0.061662198391420876,6.000000000000003,0.08042895442359246,23,30,40
54,D,all_agents,,,40,30,10,0,20,10,0.35136296513228105,0.23052047252179142,0.9577484142067048,0.06069787951567967,329,30,0.75,0,0.0,0.0,30.975,2013,,,,,,,,,,,,,,,,,,,,,,,,,,,
54,D,participants_only,,,30,30,0,0,20,10,0.4009310709730554,0.25290329722853105,0.9577484142067048,0.07047492889886439,329,30,1.0,0,0.0,0.0,24.633333333333333,2013,,,,,,,,,,,,,,,,,,,,,,,,,,,
54,D,nonparticipants_only,,,10,0,10,0,0,0,0.20265864760995816,0.20343381151545192,0.3126408430370116,0.0018827659664190667,0,0,0.0,0,0.0,0.0,50.0,0,,,,,,,,,,,,,,,,,,,,,,,,,,,
54,D,step_totals,,,,,,,,,,,,,,,,,,,,,72.40000000000008,12.0,0.165745856353591,,,50.0,0.6906077348066291,0.0,0.0,0.008871862378847429,0.1,0.0,0,5,18,39,24,,50,25,4.400000000000001,0.06077348066298338,6.000000000000003,0.08287292817679554,22,30,27
55,D,all_agents,,,40,30,10,0,20,10,0.35326339638580423,0.23129776841812016,0.9594384776384366,0.06164170831829078,340,30,0.75,0,0.0,0.0,30.95,2061,,,,,,,,,,,,,,,,,,,,,,,,,,,
55,D,participants_only,,,30,30,0,0,20,10,0.40330000224699836,0.2516387807423884,0.9594384776384366,0.07156239901583979,340,30,1.0,0,0.0,0.0,24.6,2061,,,,,,,,,,,,,,,,,,,,,,,,,,,
55,D,nonparticipants_only,,,10,0,10,0,0,0,0.2031535788022219,0.20343745125998752,0.31107763882182654,0.0018356931123419365,0,0,0.0,0,0.0,0.0,50.0,0,,,,,,,,,,,,,,,,,,,,,,,,,,,
55,D,step_totals,,,,,,,,,,,,,,,,,,,,,73.90000000000006,12.5,0.16914749661704992,,,51.0,0.6901217861975637,0.0,0.0,0.008951730187369155,0.21568627450980393,0.0,0,11,18,27,25,,51,26,4.400000000000001,0.05953991880920159,6.000000000000003,0.081190798376184,22,30,38
56,D,all_agents,,,40,30,10,0,21,9,0.35474245404310045,0.23081631190127222,0.9610609385328991,0.062431331606637414,348,30,0.75,0,0.0,0.0,30.975,2102,,,,,,,,,,,,,,,,,,,,,,,,,,,
56,D,participants_only,,,30,30,0,0,21,9,0.4051083713502876,0.25093131509631716,0.9610609385328991,0.07249743421894826,348,30,1.0,0,0.0,0.0,24.633333333333333,2102,,,,,,,,,,,,,,,,,,,,,,,,,,,
56,D,nonparticipants_only,,,10,0,10,0,0,0,0.20364470212153882,0.20394484822336328,0.30952225062771743,0.001792316255371836,0,0,0.0,0,0.0,0.0,50.0,0,,,,,,,,,,,,,,,,,,,,,,,,,,,
56,D,step_totals,,,,,,,,,,,,,,,,,,,,,72.20000000000006,12.0,0.16620498614958434,,,50.0,0.6925207756232681,0.0,0.0,0.007867257905890868,0.16,0.0,0,8,19,38,24,,50,25,4.200000000000001,0.058171745152354536,6.000000000000003,0.08310249307479221,21,30,27
57,D,all_agents,,,40,30,10,0,21,9,0.35631953822982404,0.23065291800384852,0.9626185009915831,0.06330463061473683,355,30,0.75,0,0.0,0.0,30.95,2147,,,,,,,,,,,,,,,,,,,,,,,,,,,
57,D,participants_only,,,30,30,0,0,21,9,0.4070483873143157,0.25037570639330287,0.9626185009915831,0.07352942418989108,355,30,1.0,0,0.0,0.0,24.6,2147,,,,,,,,,,,,,,,,,,,,,,,,,,,
57,D,nonparticipants_only,,,10,0,10,0,0,0,0.204132990976349,0.204253787475003,0.30797463937457886,0.0017492563360284586,0,0,0.0,0,0.0,0.0,50.0,0,,,,,,,,,,,,,,,,,,,,,,,,,,,
57,D,step_totals,,,,,,,,,,,,,,,,,,,,,73.20000000000007,12.0,0.16393442622950802,,,51.0,0.6967213114754092,0.0,0.0,0.008008158022097369,0.13725490196078433,0.0,0,7,19,27,24,,51,26,4.200000000000001,0.05737704918032783,6.000000000000003,0.08196721311475405,21,30,38
58,D,all_agents,,,40,30,10,0,21,9,0.3581038273109744,0.23033608236687447,0.9641137609519198,0.06414751575623402,362,30,0.75,0,0.0,0.0,30.975,2195,,,,,,,,,,,,,,,,,,,,,,,,,,,
58,D,participants_only,,,30,30,0,0,21,9,0.40926571847205795,0.251228207681519,0.9641137609519198,0.07449063524952397,362,30,1.0,0,0.0,0.0,24.633333333333333,2195,,,,,,,,,,,,,,,,,,,,,,,,,,,
58,D,nonparticipants_only,,,10,0,10,0,0,0,0.20461815382772405,0.20565169143920758,0.306434766177706,0.0017076879902216075,0,0,0.0,0,0.0,0.0,50.0,0,,,,,,,,,,,,,,,,,,,,,,,,,,,
58,D,step_totals,,,,,,,,,,,,,,,,,,,,,72.20000000000007,12.0,0.16620498614958432,,,50.0,0.692520775623268,0.0,0.0,0.008898358162043523,0.14,0.0,0,7,19,38,24,,50,25,4.200000000000001,0.05817174515235453,6.000000000000003,0.0831024930747922,21,30,27
59,D,all_agents,,,40,30,10,0,21,9,0.3597121808915413,0.23162657474126735,0.965549210513843,0.0650104565644816,369,30,0.75,0,0.0,0.0,30.95,2242,,,,,,,,,,,,,,,,,,,,,,,,,,,
59,D,participants_only,,,30,30,0,0,21,9,0.41124940879259875,0.2499720666431114,0.965549210513843,0.0755007422851718,369,30,1.0,0,0.0,0.0,24.6,2242,,,,,,,,,,,,,,,,,,,,,,,,,,,
59,D,nonparticipants_only,,,10,0,10,0,0,0,0.20510049718836906,0.20723447658251642,0.30490259234681744,0.001666569085704576,0,0,0.0,0,0.0,0.0,50.0,0,,,,,,,,,,,,,,,,,,,,,,,,,,,
59,D,step_totals,,,,,,,,,,,,,,,,,,,,,72.70000000000006,11.5,0.15818431911966974,,,51.0,0.7015130674002745,0.0,0.0,0.00820452612738749,0.13725490196078433,0.0,0,7,19,27,23,,51,26,4.200000000000001,0.05777166437414027,6.000000000000003,0.08253094910591469,21,30,38
60,D,all_agents,,,40,30,10,0,21,9,0.3610090912194309,0.2307929426807615,0.9669272420932893,0.06575620407951413,374,30,0.75,0,0.0,0.0,30.975,2284,,,,,,,,,,,,,,,,,,,,,,,,,,,
60,D,participants_only,,,30,30,0,0,21,9,0.4128188760646724,0.24989768836334167,0.9669272420932893,0.07639562976083773,374,30,1.0,0,0.0,0.0,24.633333333333333,2284,,,,,,,,,,,,,,,,,,,,,,,,,,,
60,D,nonparticipants_only,,,10,0,10,0,0,0,0.20557973668370627,0.2064790653278584,0.3033780793850833,0.0016268813670206903,0,0,0.0,0,0.0,0.0,50.0,0,,,,,,,,,,,,,,,,,,,,,,,,,,,
60,D,step_totals,,,,,,,,,,,,,,,,,,,,,71.70000000000006,11.5,0.16039051603905147,,,50.0,0.6973500697350064,0.0,0.0,0.007365571498372785,0.1,0.0,0,5,19,38,23,,50,25,4.200000000000001,0.05857740585774055,6.000000000000003,0.0836820083682008,21,30,27
60,D,reachability,0.25,0.0,,,,,,,,,,,,,,,,,,,,,,,,,,,,,,,,,,,,,,,,,,,,,
61,D,all_agents,,,40,30,10,0,21,9,0.3622075627158613,0.23174447137312643,0.9682501524095577,0.0665154276048564,390,30,0.75,0,0.0,0.0,30.95,2326,,,,,,,,,,,,,,,,,,,,,,,,,,,
61,D,participants_only,,,30,30,0,0,21,9,0.4142580978819977,0.2498183323478561,0.9682501524095577,0.07732073412661941,390,30,1.0,0,0.0,0.0,24.6,2326,,,,,,,,,,,,,,,,,,,,,,,,,,,
61,D,nonparticipants_only,,,10,0,10,0,0,0,0.20605595721745204,0.20574282833905075,0.3018611889881579,0.0015884095065929736,0,0,0.0,0,0.0,0.0,50.0,0,,,,,,,,,,,,,,,,,,,,,,,,,,,
61,D,step_totals,,,,,,,,,,,,,,,,,,,,,72.70000000000007,11.5,0.1581843191196697,,,51.0,0.7015130674002744,0.0,0.0,0.006865020322078919,0.3137254901960784,0.0,0,16,19,27,23,,51,26,4.200000000000001,0.05777166437414026,6.000000000000003,0.08253094910591467,21,30,37
62,D,all_agents,,,40,30,10,0,21,9,0.3636874185000731,0.23114700902280585,0.9695201463131754,0.06723682851156917,398,30,0.75,0,0.0,0.0,30.975,2371,,,,,,,,,,,,,,,,,,,,,,,,,,,
62,D,participants_only,,,30,30,0,0,21,9,0.41607369285700235,0.2491393166645714,0.9695201463131754,0.07815407101130846,398,30,1.0,0,0.0,0.0,24.633333333333333,2371,,,,,,,,,,,,,,,,,,,,,,,,,,,
62,D,nonparticipants_only,,,10,0,10,0,0,0,0.20652859542928514,0.20526213085356013,0.3003518830432171,0.0015532401203576895,0,0,0.0,0,0.0,0.0,50.0,0,,,,,,,,,,,,,,,,,,,,,,,,,,,
62,D,step_totals,,,,,,,,,,,,,,,,,,,,,71.70000000000007,11.5,0.16039051603905144,,,50.0,0.6973500697350062,0.0,0.0,0.007989479697278654,0.16,0.0,0,8,19,38,23,,50,25,4.200000000000001,0.05857740585774054,6.000000000000003,0.08368200836820079,21,30,27
63,D,all_agents,,,40,30,10,0,21,9,0.3650039087165406,0.2320287985450899,0.9707393404606484,0.06800101941253692,404,30,0.75,0,0.0,0.0,30.95,2416,,,,,,,,,,,,,,,,,,,,,,,,,,,
63,D,participants_only,,,30,30,0,0,21,9,0.4176724725787344,0.24893908818604166,0.9707393404606484,0.0790656306665466,404,30,1.0,0,0.0,0.0,24.6,2416,,,,,,,,,,,,,,,,,,,,,,,,,,,
63,D,nonparticipants_only,,,10,0,10,0,0,0,0.20699821712995908,0.20574957127750487,0.298850123628001,0.001519454218835984,0,0,0.0,0,0.0,0.0,50.0,0,,,,,,,,,,,,,,,,,,,,,,,,,,,
63,D,step_totals,,,,,,,,,,,,,,,,,,,,,72.20000000000007,11.0,0.15235457063711896,,,51.0,0.7063711911357333,0.0,0.0,0.00733514334733987,0.11764705882352941,0.0,0,6,19,27,22,,51,26,4.200000000000001,0.05817174515235453,6.000000000000003,0.0831024930747922,21,30,36
64,D,all_agents,,,40,30,10,0,21,9,0.3664492858699948,0.2312659135100647,0.9719097668422224,0.0687253061647397,412,30,0.75,0,0.0,0.0,30.975,2462,,,,,,,,,,,,,,,,,,,,,,,,,,,
64,D,participants_only,,,30,30,0,0,21,9,0.41944386361427144,0.24938312905397161,0.9719097668422224,0.07990524294417202,412,30,1.0,0,0.0,0.0,24.633333333333333,2462,,,,,,,,,,,,,,,,,,,,,,,,,,,
64,D,nonparticipants_only,,,10,0,10,0,0,0,0.20746555263716504,0.2060463595727886,0.297355873009861,0.0014843925829126135,0,0,0.0,0,0.0,0.0,50.0,0,,,,,,,,,,,,,,,,,,,,,,,,,,,
64,D,step_totals,,,,,,,,,,,,,,,,,,,,,71.70000000000007,11.5,0.16039051603905144,,,50.0,0.6973500697350062,0.0,0.0,0.007888143689522984,0.16,0.0,0,8,19,38,23,,50,25,4.200000000000001,0.05857740585774054,6.000000000000003,0.08368200836820079,21,30,27
65,D,all_agents,,,40,30,10,0,21,9,0.36779986076767396,0.2334906307333956,0.9730333761685335,0.06950707803153051,418,30,0.75,0,0.0,0.0,30.95,2509,,,,,,,,,,,,,,,,,,,,,,,,,,,
65,D,participants_only,,,30,30,0,0,21,9,0.42108967943610415,0.24881792296491645,0.9730333761685335,0.08083396610353087,418,30,1.0,0,0.0,0.0,24.6,2509,,,,,,,,,,,,,,,,,,,,,,,,,,,
65,D,nonparticipants_only,,,10,0,10,0,0,0,0.20793040476238323,0.20738928227459705,0.2958690936448117,0.0014487565309593035,0,0,0.0,0,0.0,0.0,50.0,0,,,,,,,,,,,,,,,,,,,,,,,,,,,
65,D,step_totals,,,,,,,,,,,,,,,,,,,,,72.20000000000006,11.0,0.152354570637119,,,51.0,0.7063711911357334,0.0,0.0,0.0074660362982724845,0.11764705882352941,0.0,0,6,19,27,22,,51,26,4.200000000000001,0.058171745152354536,6.000000000000003,0.08310249307479221,21,30,36
66,D,all_agents,,,40,30,10,0,21,9,0.3690200783649425,0.2332290390035214,0.9741120411217922,0.07019712679361798,428,30,0.75,0,0.0,0.0,30.975,2553,,,,,,,,,,,,,,,,,,,,,,,,,,,
66,D,participants_only,,,30,30,0,0,21,9,0.42256298248539576,0.24873237220553268,0.9741120411217922,0.08165621559275982,428,30,1.0,0,0.0,0.0,24.633333333333333,2553,,,,,,,,,,,,,,,,,,,,,,,,,,,
66,D,nonparticipants_only,,,10,0,10,0,0,0,0.20839136600358246,0.20890981455396865,0.29438974817658764,0.0014177494163677914,0,0,0.0,0,0.0,0.0,50.0,0,,,,,,,,,,,,,,,,,,,,,,,,,,,
66,D,step_totals,,,,,,,,,,,,,,,,,,,,,70.50000000000007,10.5,0.1489361702127658,,,50.0,0.7092198581560276,0.0,0.0,0.007311468695503797,0.2,0.0,0,10,20,36,21,,50,24,4.000000000000001,0.056737588652482226,6.000000000000003,0.08510638297872336,20,30,25
67,D,all_agents,,,40,30,10,0,22,8,0.3701074601031709,0.23353952026324903,0.9751475594769204,0.07089388016587372,435,30,0.75,0,0.0,0.0,30.95,2596,,,,,,,,,,,,,,,,,,,,,,,,,,,
67,D,participants_only,,,30,30,0,0,22,8,0.42386015082779277,0.2502573927213499,0.9751475594769204,0.08250509223350627,435,30,1.0,0,0.0,0.0,24.6,2596,,,,,,,,,,,,,,,,,,,,,,,,,,,
67,D,nonparticipants_only,,,10,0,10,0,0,0,0.20884938792930555,0.2084551446976923,0.2929177994357047,0.0013880228413339526,0,0,0.0,0,0.0,0.0,50.0,0,,,,,,,,,,,,,,,,,,,,,,,,,,,
67,D,step_totals,,,,,,,,,,,,,,,,,,,,,72.00000000000006,11.0,0.15277777777777765,,,51.0,0.7083333333333328,0.0,0.0,0.006623056534120471,0.13725490196078433,0.0,0,7,19,25,22,,51,25,4.000000000000001,0.055555555555555525,6.000000000000003,0.0833333333333333,20,30,36
68,D,all_agents,,,40,30,10,0,22,8,0.3712918134336318,0.2338337724806223,0.9761416570978436,0.07155297543260286,443,30,0.75,0,0.0,0.0,30.975,2641,,,,,,,,,,,,,,,,,,,,,,,,,,,
68,D,participants_only,,,30,30,0,0,22,8,0.4252875710049537,0.2499177986231508,0.9761416570978436,0.08328869599398425,443,30,1.0,0,0.0,0.0,24.633333333333333,2641,,,,,,,,,,,,,,,,,,,,,,,,,,,
68,D,nonparticipants_only,,,10,0,10,0,0,0,0.20930454071966628,0.2080059426844179,0.2914532104385261,0.0013593117200471733,0,0,0.0,0,0.0,0.0,50.0,0,,,,,,,,,,,,,,,,,,,,,,,,,,,
68,D,step_totals,,,,,,,,,,,,,,,,,,,,,70.50000000000007,10.5,0.1489361702127658,,,50.0,0.7092198581560276,0.0,0.0,0.007200741658917281,0.16,0.0,0,8,20,36,21,,50,24,4.000000000000001,0.056737588652482226,6.000000000000003,0.08510638297872336,20,30,25
69,D,all_agents,,,40,30,10,0,22,8,0.37253378129480746,0.23362701280790388,0.9770959908139298,0.07226494408854917,450,30,0.75,0,0.0,0.0,30.95,2688,,,,,,,,,,,,,,,,,,,,,,,,,,,
69,D,participants_only,,,30,30,0,0,22,8,0.42679260304400457,0.25008272513052693,0.9770959908139298,0.08413387090023733,450,30,1.0,0,0.0,0.0,24.6,2688,,,,,,,,,,,,,,,,,,,,,,,,,,,
69,D,nonparticipants_only,,,10,0,10,0,0,0,0.2097573160472161,0.20847656459343447,0.28999594438633347,0.0013299268021509094,0,0,0.0,0,0.0,0.0,50.0,0,,,,,,,,,,,,,,,,,,,,,,,,,,,
69,D,step_totals,,,,,,,,,,,,,,,,,,,,,72.00000000000007,11.0,0.15277777777777762,,,51.0,0.7083333333333326,0.0,0.0,0.007152748293553402,0.13725490196078433,0.0,0,7,19,25,22,,51,25,4.000000000000001,0.05555555555555551,6.000000000000003,0.08333333333333329,20,30,36
70,D,all_agents,,,40,30,10,0,22,8,0.37370477605548946,0.23303488059530603,0.9780121511813726,0.0729334622788086,458,30,0.75,0,0.0,0.0,30.975,2734,,,,,,,,,,,,,,,,,,,,,,,,,,,
70,D,participants_only,,,30,30,0,0,22,8,0.4282039957398013,0.25070360480292225,0.9780121511813726,0.08492995223918139,458,30,1.0,0,0.0,0.0,24.633333333333333,2734,,,,,,,,,,,,,,,,,,,,,,,,,,,
70,D,nonparticipants_only,,,10,0,10,0,0,0,0.21020711700255432,0.20876311258420197,0.2885459646644018,0.0013020130433038584,0,0,0.0,0,0.0,0.0,50.0,0,,,,,,,,,,,,,,,,,,,,,,,,,,,
70,D,step_totals,,,,,,,,,,,,,,,,,,,,,70.50000000000007,10.5,0.1489361702127658,,,50.0,0.7092198581560276,0.0,0.0,0.0071696743460736845,0.16,0.0,0,8,20,36,21,,50,24,4.000000000000001,0.056737588652482226,6.000000000000003,0.08510638297872336,20,30,25
70,D,reachability,0.25,0.0,,,,,,,,,,,,,,,,,,,,,,,,,,,,,,,,,,,,,,,,,,,,,
71,D,all_agents,,,40,30,10,0,22,8,0.3747064086603238,0.23429678644673713,0.9788916651341177,0.07357986384920316,468,30,0.75,0,0.0,0.0,30.95,2777,,,,,,,,,,,,,,,,,,,,,,,,,,,
71,D,participants_only,,,30,30,0,0,22,8,0.4293906030929235,0.2501581498096504,0.9788916651341177,0.08571967861953506,468,30,1.0,0,0.0,0.0,24.6,2777,,,,,,,,,,,,,,,,,,,,,,,,,,,
71,D,nonparticipants_only,,,10,0,10,0,0,0,0.21065382536252458,0.21041751285996563,0.2871032348410798,0.0012760860892989867,0,0,0.0,0,0.0,0.0,50.0,0,,,,,,,,,,,,,,,,,,,,,,,,,,,
71,D,step_totals,,,,,,,,,,,,,,,,,,,,,71.50000000000006,10.5,0.14685314685314674,,,51.0,0.7132867132867127,0.0,0.0,0.006425946058250501,0.19607843137254902,0.0,0,10,20,24,21,,51,25,4.000000000000001,0.05594405594405591,6.000000000000003,0.08391608391608389,20,30,36
72,D,all_agents,,,40,30,10,0,22,8,0.37577193725704805,0.23470844754661463,0.979735998528753,0.07420138403607394,475,30,0.75,0,0.0,0.0,30.975,2823,,,,,,,,,,,,,,,,,,,,,,,,,,,
72,D,participants_only,,,30,30,0,0,22,8,0.430663336309916,0.25000104899907194,0.979735998528753,0.08646588083813436,475,30,1.0,0,0.0,0.0,24.633333333333333,2823,,,,,,,,,,,,,,,,,,,,,,,,,,,
72,D,nonparticipants_only,,,10,0,10,0,0,0,0.21109774009844404,0.21152776767521825,0.2856677186668744,0.0012511053501182967,0,0,0.0,0,0.0,0.0,50.0,0,,,,,,,,,,,,,,,,,,,,,,,,,,,
72,D,step_totals,,,,,,,,,,,,,,,,,,,,,70.00000000000006,10.0,0.14285714285714274,,,50.0,0.7142857142857137,0.0,0.0,0.006891709369440756,0.14,0.0,0,7,20,36,20,,50,23,4.000000000000001,0.057142857142857106,6.000000000000003,0.08571428571428569,20,30,24
73,D,all_agents,,,40,30,10,0,22,8,0.3767249091688097,0.23478135929763175,0.9805465585876029,0.07481719615110363,480,30,0.75,0,0.0,0.0,30.95,2867,,,,,,,,,,,,,,,,,,,,,,,,,,,
73,D,participants_only,,,30,30,0,0,22,8,0.4317868061917833,0.2515975781089176,0.9805465585876029,0.08722039112022159,480,30,1.0,0,0.0,0.0,24.6,2867,,,,,,,,,,,,,,,,,,,,,,,,,,,
73,D,nonparticipants_only,,,10,0,10,0,0,0,0.211539218099889,0.21093294811428945,0.28423938007354005,0.0012258611985272324,0,0,0.0,0,0.0,0.0,50.0,0,,,,,,,,,,,,,,,,,,,,,,,,,,,
73,D,step_totals,,,,,,,,,,,,,,,,,,,,,71.50000000000007,10.5,0.1468531468531467,,,51.0,0.7132867132867126,0.0,0.0,0.006275178765425043,0.09803921568627451,0.0,0,5,20,24,21,,51,25,4.000000000000001,0.0559440559440559,6.000000000000003,0.08391608391608386,20,30,36
74,D,all_agents,,,40,30,10,0,22,8,0.37771306699279894,0.23468653485306462,0.9813246962440988,0.07541933238169723,482,30,0.75,0,0.0,0.0,30.975,2912,,,,,,,,,,,,,,,,,,,,,,,,,,,
74,D,participants_only,,,30,30,0,0,22,8,0.43295826565448775,0.2512198262752897,0.9813246962440988,0.0879499083953354,482,30,1.0,0,0.0,0.0,24.633333333333333,2912,,,,,,,,,,,,,,,,,,,,,,,,,,,
74,D,nonparticipants_only,,,10,0,10,0,0,0,0.21197747100773254,0.21065508276059458,0.28281818317317237,0.0012032206387492088,0,0,0.0,0,0.0,0.0,50.0,0,,,,,,,,,,,,,,,,,,,,,,,,,,,
74,D,step_totals,,,,,,,,,,,,,,,,,,,,,70.00000000000006,10.0,0.14285714285714274,,,50.0,0.7142857142857137,0.0,0.0,0.006636265651698953,0.04,0.0,0,2,20,36,20,,50,23,4.000000000000001,0.057142857142857106,6.000000000000003,0.08571428571428569,20,30,24
75,D,all_agents,,,40,30,10,0,22,8,0.37876362393657736,0.2343936942873887,0.9820717083943349,0.07606687036079417,488,30,0.75,0,0.0,0.0,30.95,2959,,,,,,,,,,,,,,,,,,,,,,,,,,,
75,D,participants_only,,,30,30,0,0,22,8,0.4342138810516513,0.2514040622022583,0.9820717083943349,0.08872958377475933,488,30,1.0,0,0.0,0.0,24.6,2959,,,,,,,,,,,,,,,,,,,,,,,,,,,
75,D,nonparticipants_only,,,10,0,10,0,0,0,0.21241285259135562,0.2121228617222303,0.2814040922573065,0.0011819579493650056,0,0,0.0,0,0.0,0.0,50.0,0,,,,,,,,,,,,,,,,,,,,,,,,,,,
75,D,step_totals,,,,,,,,,,,,,,,,,,,,,71.50000000000006,10.5,0.14685314685314674,,,51.0,0.7132867132867127,0.0,0.0,0.006614340175580829,0.11764705882352941,0.0,0,6,20,23,21,,51,25,4.000000000000001,0.05594405594405591,6.000000000000003,0.08391608391608389,20,30,36
76,D,all_agents,,,40,30,10,0,22,8,0.3797855224378788,0.23431367774009598,0.9827888400585615,0.07666070680763619,494,30,0.75,0,0.0,0.0,30.975,3006,,,,,,,,,,,,,,,,,,,,,,,,,,,
76,D,participants_only,,,30,30,0,0,22,8,0.43543214642085126,0.25197851920733716,0.9827888400585615,0.08944107001668368,494,30,1.0,0,0.0,0.0,24.633333333333333,3006,,,,,,,,,,,,,,,,,,,,,,,,,,,
76,D,nonparticipants_only,,,10,0,10,0,0,0,0.21284565048896123,0.21191094843268946,0.27999707179601996,0.0011610560520657473,0,0,0.0,0,0.0,0.0,50.0,0,,,,,,,,,,,,,,,,,,,,,,,,,,,
76,D,step_totals,,,,,,,,,,,,,,,,,,,,,70.00000000000006,10.0,0.14285714285714274,,,50.0,0.7142857142857137,0.0,0.0,0.00676380178725514,0.12,0.0,0,6,20,36,20,,50,23,4.000000000000001,0.057142857142857106,6.000000000000003,0.08571428571428569,20,30,24
77,D,all_agents,,,40,30,10,0,22,8,0.3808074121728574,0.23401348370374275,0.9829609516579759,0.07728235693987975,500,30,0.75,0,0.0,0.0,30.95,3052,,,,,,,,,,,,,,,,,,,,,,,,,,,
77,D,participants_only,,,30,30,0,0,22,8,0.43665111529368217,0.2514521338232854,0.9829609516579759,0.0901893953401238,500,30,1.0,0,0.0,0.0,24.6,3052,,,,,,,,,,,,,,,,,,,,,,,,,,,
77,D,nonparticipants_only,,,10,0,10,0,0,0,0.21327630281038304,0.21230917348070305,0.27859708643703984,0.0011390116001858388,0,0,0.0,0,0.0,0.0,50.0,0,,,,,,,,,,,,,,,,,,,,,,,,,,,
77,D,step_totals,,,,,,,,,,,,,,,,,,,,,71.30000000000007,10.5,0.1472650771388498,,,51.0,0.7152875175315562,0.0,0.0,0.006549169243407414,0.11764705882352941,0.0,0,6,20,23,21,,51,25,3.800000000000001,0.05329593267882184,6.000000000000003,0.08415147265077134,19,30,36
78,D,all_agents,,,40,30,10,0,22,8,0.3818094345439052,0.23651050398383683,0.9836425135916569,0.07787036147346083,502,30,0.75,0,0.0,0.0,30.975,3098,,,,,,,,,,,,,,,,,,,,,,,,,,,
78,D,participants_only,,,30,30,0,0,22,8,0.4378446003011636,0.2512259517054757,0.9836425135916569,0.0908943772724783,502,30,1.0,0,0.0,0.0,24.633333333333333,3098,,,,,,,,,,,,,,,,,,,,,,,,,,,
78,D,nonparticipants_only,,,10,0,10,0,0,0,0.21370393727213002,0.21405539163727616,0.27720410100485465,0.0011190364590873184,0,0,0.0,0,0.0,0.0,50.0,0,,,,,,,,,,,,,,,,,,,,,,,,,,,
78,D,step_totals,,,,,,,,,,,,,,,,,,,,,70.00000000000006,10.0,0.14285714285714274,,,50.0,0.7142857142857137,0.0,0.0,0.006708114531686767,0.04,0.0,0,2,20,36,20,,50,23,4.000000000000001,0.057142857142857106,6.000000000000003,0.08571428571428569,20,30,24
79,D,all_agents,,,40,30,10,0,22,8,0.38281218599932404,0.23659319232418635,0.9842968130479907,0.07848904849248275,514,30,0.75,0,0.0,0.0,30.95,3146,,,,,,,,,,,,,,,,,,,,,,,,,,,
79,D,participants_only,,,30,30,0,0,22,8,0.43903990309441027,0.2528915220958134,0.9842968130479907,0.09163934868365035,514,30,1.0,0,0.0,0.0,24.6,3146,,,,,,,,,,,,,,,,,,,,,,,,,,,
79,D,nonparticipants_only,,,10,0,10,0,0,0,0.2141290347140653,0.21386863017745134,0.27581808049983036,0.0010994738822793103,0,0,0.0,0,0.0,0.0,50.0,0,,,,,,,,,,,,,,,,,,,,,,,,,,,
79,D,step_totals,,,,,,,,,,,,,,,,,,,,,71.30000000000007,10.5,0.1472650771388498,,,51.0,0.7152875175315562,0.0,0.0,0.006497006496206541,0.23529411764705882,0.0,0,12,20,23,21,,51,25,3.800000000000001,0.05329593267882184,6.000000000000003,0.08415147265077134,19,30,36
80,D,all_agents,,,40,30,10,0,22,8,0.3836933227039054,0.23639986598211388,0.984924940526071,0.07902910202000007,523,30,0.75,0,0.0,0.0,30.975,3190,,,,,,,,,,,,,,,,,,,,,,,,,,,
80,D,participants_only,,,30,30,0,0,22,8,0.4400739481881384,0.2524769291111257,0.984924940526071,0.0922967474883835,523,30,1.0,0,0.0,0.0,24.633333333333333,3190,,,,,,,,,,,,,,,,,,,,,,,,,,,
80,D,nonparticipants_only,,,10,0,10,0,0,0,0.21455144625120642,0.21455898915910404,0.2744389900973312,0.0010808664549297237,0,0,0.0,0,0.0,0.0,50.0,0,,,,,,,,,,,,,,,,,,,,,,,,,,,
80,D,step_totals,,,,,,,,,,,,,,,,,,,,,70.00000000000007,10.0,0.1428571428571427,,,50.0,0.7142857142857135,0.0,0.0,0.006304968691292253,0.18,0.0,0,9,20,35,20,,50,23,4.000000000000001,0.0571428571428571,6.000000000000003,0.08571428571428566,20,30,24
80,D,reachability,0.25,0.0,,,,,,,,,,,,,,,,,,,,,,,,,,,,,,,,,,,,,,,,,,,,,
81,D,all_agents,,,40,30,10,0,22,8,0.384566808981184,0.2366793363721033,0.9855279429050282,0.07958192770872467,531,30,0.75,0,0.0,0.0,30.95,3236,,,,,,,,,,,,,,,,,,,,,,,,,,,
81,D,participants_only,,,30,30,0,0,22,8,0.4410987782391904,0.25267980821060143,0.9855279429050282,0.0929710707870906,531,30,1.0,0,0.0,0.0,24.6,3236,,,,,,,,,,,,,,,,,,,,,,,,,,,
81,D,nonparticipants_only,,,10,0,10,0,0,0,0.21497090120716475,0.21499360658220193,0.27661858436473113,0.001064135895368711,0,0,0.0,0,0.0,0.0,50.0,0,,,,,,,,,,,,,,,,,,,,,,,,,,,
81,D,step_totals,,,,,,,,,,,,,,,,,,,,,71.30000000000007,10.5,0.1472650771388498,,,51.0,0.7152875175315562,0.0,0.0,0.006072921126206291,0.1568627450980392,0.0,0,8,20,23,21,,51,25,3.800000000000001,0.05329593267882184,6.000000000000003,0.08415147265077134,19,30,36
82,D,all_agents,,,40,30,10,0,22,8,0.38540806778110254,0.23620398083487515,0.9861068251888271,0.08012635285871982,535,30,0.75,0,0.0,0.0,30.975,3283,,,,,,,,,,,,,,,,,,,,,,,,,,,
82,D,participants_only,,,30,30,0,0,22,8,0.4420812930486052,0.2528381100012552,0.9861068251888271,0.09363908923466517,535,30,1.0,0,0.0,0.0,24.633333333333333,3283,,,,,,,,,,,,,,,,,,,,,,,,,,,
82,D,nonparticipants_only,,,10,0,10,0,0,0,0.21538839197859458,0.2152630137769751,0.2754825386889051,0.0010458901842305308,0,0,0.0,0,0.0,0.0,50.0,0,,,,,,,,,,,,,,,,,,,,,,,,,,,
82,D,step_totals,,,,,,,,,,,,,,,,,,,,,70.00000000000007,10.0,0.1428571428571427,,,50.0,0.7142857142857135,0.0,0.0,0.006178234720805424,0.08,0.0,0,4,20,35,20,,50,24,4.000000000000001,0.0571428571428571,6.000000000000003,0.08571428571428566,20,30,23
83,D,all_agents,,,40,30,10,0,22,8,0.386284983442784,0.23586451898882355,0.986662552181274,0.08070717529412925,545,30,0.75,0,0.0,0.0,30.95,3331,,,,,,,,,,,,,,,,,,,,,,,,,,,
83,D,participants_only,,,30,30,0,0,22,8,0.4431121830621533,0.2526123190122539,0.986662552181274,0.09434956145689424,545,30,1.0,0,0.0,0.0,24.6,3331,,,,,,,,,,,,,,,,,,,,,,,,,,,
83,D,nonparticipants_only,,,10,0,10,0,0,0,0.21580338458467604,0.2162552835247382,0.27556705474147125,0.0010280494068785535,0,0,0.0,0,0.0,0.0,50.0,0,,,,,,,,,,,,,,,,,,,,,,,,,,,
83,D,step_totals,,,,,,,,,,,,,,,,,,,,,71.20000000000007,10.0,0.14044943820224703,,,51.0,0.7162921348314599,0.0,0.0,0.006128238726870772,0.19607843137254902,0.0,0,10,21,23,20,,51,23,4.200000000000001,0.05898876404494378,6.000000000000003,0.08426966292134827,21,30,34
84,D,all_agents,,,40,30,10,0,22,8,0.38704794496155553,0.23789972217098038,0.987196050094023,0.08120354958951144,551,30,0.75,0,0.0,0.0,30.975,3377,,,,,,,,,,,,,,,,,,,,,,,,,,,
84,D,participants_only,,,30,30,0,0,22,8,0.4439920651340467,0.25143796320340306,0.987196050094023,0.09496361151707618,551,30,1.0,0,0.0,0.0,24.633333333333333,3377,,,,,,,,,,,,,,,,,,,,,,,,,,,
84,D,nonparticipants_only,,,10,0,10,0,0,0,0.21621558444408198,0.2170994838273266,0.27511560567486065,0.0010117699401878042,0,0,0.0,0,0.0,0.0,50.0,0,,,,,,,,,,,,,,,,,,,,,,,,,,,
84,D,step_totals,,,,,,,,,,,,,,,,,,,,,70.00000000000006,10.0,0.14285714285714274,,,50.0,0.7142857142857137,0.0,0.0,0.0059202697712999654,0.12,0.0,0,6,20,35,20,,50,24,4.000000000000001,0.057142857142857106,6.000000000000003,0.08571428571428569,20,30,22
85,D,all_agents,,,40,30,10,0,22,8,0.38791842355449757,0.23825596553129885,0.987708208090262,0.08177719402565346,562,30,0.75,0,0.0,0.0,30.95,3425,,,,,,,,,,,,,,,,,,,,,,,,,,,
85,D,participants_only,,,30,30,0,0,22,8,0.4450160487207954,0.251253292313821,0.987708208090262,0.09566400195098312,562,30,1.0,0,0.0,0.0,24.6,3425,,,,,,,,,,,,,,,,,,,,,,,,,,,
85,D,nonparticipants_only,,,10,0,10,0,0,0,0.21662554805560424,0.21676613171635278,0.27465102122748036,0.0009951046540919582,0,0,0.0,0,0.0,0.0,50.0,0,,,,,,,,,,,,,,,,,,,,,,,,,,,
85,D,step_totals,,,,,,,,,,,,,,,,,,,,,70.10000000000007,9.5,0.13552068473609116,,,51.0,0.7275320970042789,0.0,0.0,0.006228220722473701,0.21568627450980393,0.0,0,11,21,23,19,,51,23,3.600000000000001,0.051355206847360876,6.000000000000003,0.08559201141226815,18,30,33
86,D,all_agents,,,40,30,10,0,22,8,0.3887993912714461,0.23804916216502608,0.9881998797666516,0.08231258637896187,569,30,0.75,0,0.0,0.0,30.975,3474,,,,,,,,,,,,,,,,,,,,,,,,,,,
86,D,participants_only,,,30,30,0,0,22,8,0.44605500351576716,0.2516713312090627,0.9881998797666516,0.09631043486338271,569,30,1.0,0,0.0,0.0,24.633333333333333,3474,,,,,,,,,,,,,,,,,,,,,,,,,,,
86,D,nonparticipants_only,,,10,0,10,0,0,0,0.21703255453848308,0.21821390992093403,0.2747340661323788,0.0009805793240347982,0,0,0.0,0,0.0,0.0,50.0,0,,,,,,,,,,,,,,,,,,,,,,,,,,,
86,D,step_totals,,,,,,,,,,,,,,,,,,,,,70.00000000000006,10.0,0.14285714285714274,,,50.0,0.7142857142857137,0.0,0.0,0.0063356513524514355,0.14,0.0,0,7,20,34,20,,50,24,4.000000000000001,0.057142857142857106,6.000000000000003,0.08571428571428569,20,30,21
87,D,all_agents,,,40,30,10,0,22,8,0.38947603735873965,0.23829259994965946,0.9886718845759855,0.08281939501014722,573,30,0.75,0,0.0,0.0,30.95,3520,,,,,,,,,,,,,,,,,,,,,,,,,,,
87,D,participants_only,,,30,30,0,0,22,8,0.4468222963527394,0.2519997549198759,0.9886718845759855,0.096949513518247,573,30,1.0,0,0.0,0.0,24.6,3520,,,,,,,,,,,,,,,,,,,,,,,,,,,
87,D,nonparticipants_only,,,10,0,10,0,0,0,0.2174372603767405,0.21801537527347573,0.27707421019712186,0.0009659184385651392,0,0,0.0,0,0.0,0.0,50.0,0,,,,,,,,,,,,,,,,,,,,,,,,,,,
87,D,step_totals,,,,,,,,,,,,,,,,,,,,,70.30000000000005,9.5,0.13513513513513503,,,51.0,0.7254623044096723,0.0,0.0,0.005559707702169453,0.0784313725490196,0.0,0,4,21,23,19,,51,23,3.800000000000001,0.05405405405405403,6.000000000000003,0.08534850640113795,19,30,33
88,D,all_agents,,,40,30,10,0,22,8,0.3903610555909649,0.23798530811255675,0.9891250091929461,0.0833615775206601,579,30,0.75,0,0.0,0.0,30.975,3570,,,,,,,,,,,,,,,,,,,,,,,,,,,
88,D,participants_only,,,30,30,0,0,22,8,0.447868160121885,0.2511600928989729,0.9891250091929461,0.09760352201276458,579,30,1.0,0,0.0,0.0,24.633333333333333,3570,,,,,,,,,,,,,,,,,,,,,,,,,,,
88,D,nonparticipants_only,,,10,0,10,0,0,0,0.2178397419982044,0.2184614884554118,0.27597736233957126,0.0009509391859845829,0,0,0.0,0,0.0,0.0,50.0,0,,,,,,,,,,,,,,,,,,,,,,,,,,,
88,D,step_totals,,,,,,,,,,,,,,,,,,,,,70.00000000000007,10.0,0.1428571428571427,,,50.0,0.7142857142857135,0.0,0.0,0.00635693184577528,0.12,0.0,0,6,20,33,20,,50,23,4.000000000000001,0.0571428571428571,6.000000000000003,0.08571428571428566,20,30,21
89,D,all_agents,,,40,30,10,0,22,8,0.39116401306436516,0.2386927035681177,0.9895600088252282,0.08388077143275963,583,30,0.75,0,0.0,0.0,30.95,3618,,,,,,,,,,,,,,,,,,,,,,,,,,,
89,D,participants_only,,,30,30,0,0,22,8,0.4488053546858056,0.2527691791251854,0.9895600088252282,0.09823902513038166,583,30,1.0,0,0.0,0.0,24.6,3618,,,,,,,,,,,,,,,,,,,,,,,,,,,
89,D,nonparticipants_only,,,10,0,10,0,0,0,0.21823998820004378,0.21995177017038298,0.27605896227270643,0.0009357191728582951,0,0,0.0,0,0.0,0.0,50.0,0,,,,,,,,,,,,,,,,,,,,,,,,,,,
89,D,step_totals,,,,,,,,,,,,,,,,,,,,,70.10000000000005,9.5,0.1355206847360912,,,51.0,0.7275320970042791,0.0,0.0,0.006019248485219439,0.0784313725490196,0.0,0,4,21,23,19,,51,23,3.600000000000001,0.05135520684736089,6.000000000000003,0.08559201141226816,18,30,33
90,D,all_agents,,,40,30,10,0,22,8,0.3918996833195827,0.2398351481295069,0.989977608472219,0.08435876222495414,588,30,0.75,0,0.0,0.0,30.975,3665,,,,,,,,,,,,,,,,,,,,,,,,,,,
90,D,participants_only,,,30,30,0,0,22,8,0.44965368603532724,0.2521975712718434,0.989977608472219,0.0988290813516535,588,30,1.0,0,0.0,0.0,24.633333333333333,3665,,,,,,,,,,,,,,,,,,,,,,,,,,,
90,D,nonparticipants_only,,,10,0,10,0,0,0,0.21863767517234892,0.2198494634322411,0.2756230898847895,0.000921506888573285,0,0,0.0,0,0.0,0.0,50.0,0,,,,,,,,,,,,,,,,,,,,,,,,,,,
90,D,step_totals,,,,,,,,,,,,,,,,,,,,,70.00000000000006,10.0,0.14285714285714274,,,50.0,0.7142857142857137,0.0,0.0,0.005854919607754656,0.1,0.0,0,5,20,33,20,,50,23,4.000000000000001,0.057142857142857106,6.000000000000003,0.08571428571428569,20,30,21
90,D,reachability,0.25,0.0,,,,,,,,,,,,,,,,,,,,,,,,,,,,,,,,,,,,,,,,,,,,,
91,D,all_agents,,,40,30,10,0,22,8,0.39262538274426867,0.23981223624389952,0.9903785041333303,0.08490069680156759,598,30,0.75,0,0.0,0.0,30.95,3714,,,,,,,,,,,,,,,,,,,,,,,,,,,
91,D,participants_only,,,30,30,0,0,22,8,0.45048957940886236,0.2514241018031035,0.9903785041333303,0.09950509093966167,598,30,1.0,0,0.0,0.0,24.6,3714,,,,,,,,,,,,,,,,,,,,,,,,,,,
91,D,nonparticipants_only,,,10,0,10,0,0,0,0.21903279275048756,0.2204962382397062,0.2751745353357924,0.0009083313196200449,0,0,0.0,0,0.0,0.0,50.0,0,,,,,,,,,,,,,,,,,,,,,,,,,,,
91,D,step_totals,,,,,,,,,,,,,,,,,,,,,69.90000000000006,9.5,0.13590844062947055,,,51.0,0.7296137339055787,0.0,0.0,0.0057800883375409675,0.19607843137254902,0.0,0,10,21,23,19,,51,23,3.400000000000001,0.04864091559370526,6.000000000000003,0.0858369098712446,17,30,33
92,D,all_agents,,,40,30,10,0,22,8,0.3934263911673233,0.23952391367351622,0.990763363967997,0.08540839456171186,607,30,0.75,0,0.0,0.0,30.975,3764,,,,,,,,,,,,,,,,,,,,,,,,,,,
92,D,participants_only,,,30,30,0,0,22,8,0.45142667985199486,0.2503437799702025,0.990763363967997,0.10012319993523734,607,30,1.0,0,0.0,0.0,24.633333333333333,3764,,,,,,,,,,,,,,,,,,,,,,,,,,,
92,D,nonparticipants_only,,,10,0,10,0,0,0,0.21942552511330843,0.2209282921243384,0.2752547148813481,0.0008955765910724543,0,0,0.0,0,0.0,0.0,50.0,0,,,,,,,,,,,,,,,,,,,,,,,,,,,
92,D,step_totals,,,,,,,,,,,,,,,,,,,,,70.00000000000006,10.0,0.14285714285714274,,,50.0,0.7142857142857137,0.0,0.0,0.006088129851193493,0.18,0.0,0,9,20,33,20,,50,23,4.000000000000001,0.057142857142857106,6.000000000000003,0.08571428571428569,20,30,21
93,D,all_agents,,,40,30,10,0,22,8,0.3941175726756697,0.239300889590417,0.9911328294092772,0.08592642110162825,613,30,0.75,0,0.0,0.0,30.95,3812,,,,,,,,,,,,,,,,,,,,,,,,,,,
93,D,participants_only,,,30,30,0,0,22,8,0.45221815555332623,0.25169816616138635,0.9911328294092772,0.10077137242734771,613,30,1.0,0,0.0,0.0,24.6,3812,,,,,,,,,,,,,,,,,,,,,,,,,,,
93,D,nonparticipants_only,,,10,0,10,0,0,0,0.21981582404270003,0.22113106531091326,0.27751411523680164,0.0008834343557885927,0,0,0.0,0,0.0,0.0,50.0,0,,,,,,,,,,,,,,,,,,,,,,,,,,,
93,D,step_totals,,,,,,,,,,,,,,,,,,,,,69.90000000000006,9.5,0.13590844062947055,,,51.0,0.7296137339055787,0.0,0.0,0.005671622579593266,0.11764705882352941,0.0,0,6,21,22,19,,51,23,3.400000000000001,0.04864091559370526,6.000000000000003,0.0858369098712446,17,30,33
94,D,all_agents,,,40,30,10,0,22,8,0.3947523924690916,0.23928625466958345,0.9914875162329061,0.08634992791243566,623,30,0.75,0,0.0,0.0,30.975,3858,,,,,,,,,,,,,,,,,,,,,,,,,,,
94,D,participants_only,,,30,30,0,0,22,8,0.4529351625430512,0.25163492985802305,0.9914875162329061,0.10130209878082742,623,30,1.0,0,0.0,0.0,24.633333333333333,3858,,,,,,,,,,,,,,,,,,,,,,,,,,,
94,D,nonparticipants_only,,,10,0,10,0,0,0,0.22020408224721286,0.22208544109053446,0.27645511272641543,0.0008705985055094271,0,0,0.0,0,0.0,0.0,50.0,0,,,,,,,,,,,,,,,,,,,,,,,,,,,
94,D,step_totals,,,,,,,,,,,,,,,,,,,,,70.00000000000007,10.0,0.1428571428571427,,,50.0,0.7142857142857135,0.0,0.0,0.005526968398085779,0.2,0.0,0,10,20,33,20,,50,23,4.000000000000001,0.0571428571428571,6.000000000000003,0.08571428571428566,20,30,21
95,D,all_agents,,,40,30,10,0,22,8,0.39542573087245864,0.23875481411743668,0.9918280155835899,0.08685181773997333,631,30,0.75,0,0.0,0.0,30.95,3906,,,,,,,,,,,,,,,,,,,,,,,,,,,
95,D,participants_only,,,30,30,0,0,22,8,0.45370420858134547,0.2511527745437114,0.9918280155835899,0.10193119570091254,631,30,1.0,0,0.0,0.0,24.6,3906,,,,,,,,,,,,,,,,,,,,,,,,,,,
95,D,nonparticipants_only,,,10,0,10,0,0,0,0.2205902977457983,0.22287634481262633,0.27653389715712984,0.0008571122883731784,0,0,0.0,0,0.0,0.0,50.0,0,,,,,,,,,,,,,,,,,,,,,,,,,,,
95,D,step_totals,,,,,,,,,,,,,,,,,,,,,69.90000000000006,9.5,0.13590844062947055,,,51.0,0.7296137339055787,0.0,0.0,0.005618566064027921,0.1568627450980392,0.0,0,8,21,22,19,,51,23,3.400000000000001,0.04864091559370526,6.000000000000003,0.0858369098712446,17,30,33
96,D,all_agents,,,40,30,10,0,22,8,0.3961000905221345,0.2411288184276738,0.9921548949602463,0.08730664097540573,635,30,0.75,0,0.0,0.0,30.975,3955,,,,,,,,,,,,,,,,,,,,,,,,,,,
96,D,participants_only,,,30,30,0,0,22,8,0.454475487721853,0.2507683924724008,0.9921548949602463,0.10249641165741487,635,30,1.0,0,0.0,0.0,24.633333333333333,3955,,,,,,,,,,,,,,,,,,,,,,,,,,,
96,D,nonparticipants_only,,,10,0,10,0,0,0,0.2209738989229792,0.22258891309521817,0.27611306399432206,0.0008450849506795641,0,0,0.0,0,0.0,0.0,50.0,0,,,,,,,,,,,,,,,,,,,,,,,,,,,
96,D,step_totals,,,,,,,,,,,,,,,,,,,,,70.00000000000007,10.0,0.1428571428571427,,,50.0,0.7142857142857135,0.0,0.0,0.0056708775092906265,0.08,0.0,0,4,20,33,20,,50,24,4.000000000000001,0.0571428571428571,6.000000000000003,0.08571428571428566,20,30,20
97,D,all_agents,,,40,30,10,0,22,8,0.3966898733151517,0.241246891631524,0.9924686991618364,0.08777097668425146,642,30,0.75,0,0.0,0.0,30.95,4002,,,,,,,,,,,,,,,,,,,,,,,,,,,
97,D,participants_only,,,30,30,0,0,22,8,0.4551347782917683,0.2514394445873519,0.9924686991618364,0.10308688705605928,642,30,1.0,0,0.0,0.0,24.6,4002,,,,,,,,,,,,,,,,,,,,,,,,,,,
97,D,nonparticipants_only,,,10,0,10,0,0,0,0.22135515838530198,0.22392053863740968,0.2756799862523516,0.0008335625561190705,0,0,0.0,0,0.0,0.0,50.0,0,,,,,,,,,,,,,,,,,,,,,,,,,,,
97,D,step_totals,,,,,,,,,,,,,,,,,,,,,69.90000000000006,9.5,0.13590844062947055,,,51.0,0.7296137339055787,0.0,0.0,0.005339332707516963,0.13725490196078433,0.0,0,7,21,22,19,,51,23,3.400000000000001,0.04864091559370526,6.000000000000003,0.0858369098712446,17,30,33
98,D,all_agents,,,40,30,10,0,22,8,0.39731177084209623,0.24119460778910412,0.9927699511953629,0.08818445554394863,646,30,0.75,0,0.0,0.0,30.975,4049,,,,,,,,,,,,,,,,,,,,,,,,,,,
98,D,participants_only,,,30,30,0,0,22,8,0.4558377247701205,0.25089306439491454,0.9927699511953629,0.1036037366870076,646,30,1.0,0,0.0,0.0,24.633333333333333,4049,,,,,,,,,,,,,,,,,,,,,,,,,,,
98,D,nonparticipants_only,,,10,0,10,0,0,0,0.22173390905802343,0.22373453800325033,0.27575739930416243,0.0008231647165490635,0,0,0.0,0,0.0,0.0,50.0,0,,,,,,,,,,,,,,,,,,,,,,,,,,,
98,D,step_totals,,,,,,,,,,,,,,,,,,,,,70.00000000000007,10.0,0.1428571428571427,,,50.0,0.7142857142857135,0.0,0.0,0.0054979121584985665,0.08,0.0,0,4,20,33,20,,50,24,4.000000000000001,0.0571428571428571,6.000000000000003,0.08571428571428566,20,30,20
99,D,all_agents,,,40,30,10,0,22,8,0.3979479047889651,0.24089535901767894,0.9930591531475484,0.0886790651774573,650,30,0.75,0,0.0,0.0,30.95,4098,,,,,,,,,,,,,,,,,,,,,,,,,,,
99,D,participants_only,,,30,30,0,0,22,8,0.4565604017693098,0.25020310915746186,0.9930591531475484,0.1042260594479006,650,30,1.0,0,0.0,0.0,24.6,4098,,,,,,,,,,,,,,,,,,,,,,,,,,,
99,D,nonparticipants_only,,,10,0,10,0,0,0,0.2221104138479309,0.22412761188929747,0.27793884190982704,0.0008129847388763416,0,0,0.0,0,0.0,0.0,50.0,0,,,,,,,,,,,,,,,,,,,,,,,,,,,
99,D,step_totals,,,,,,,,,,,,,,,,,,,,,69.90000000000006,9.5,0.13590844062947055,,,51.0,0.7296137339055787,0.0,0.0,0.005506650491358498,0.0784313725490196,0.0,0,4,21,22,19,,51,23,3.400000000000001,0.04864091559370526,6.000000000000003,0.0858369098712446,17,30,33
100,D,all_agents,,,40,30,10,0,22,8,0.39860810072212727,0.24082889310381378,0.9933367870216465,0.08912278530789756,657,30,0.75,0,0.0,0.0,30.975,4148,,,,,,,,,,,,,,,,,,,,,,,,,,,
100,D,participants_only,,,30,30,0,0,22,8,0.4573157808005372,0.2491953418529455,0.9933367870216465,0.10477676992877659,657,30,1.0,0,0.0,0.0,24.633333333333333,4148,,,,,,,,,,,,,,,,,,,,,,,,,,,
100,D,nonparticipants_only,,,10,0,10,0,0,0,0.22248506048689753,0.2255734338337281,0.276916378940798,0.0008017310429933655,0,0,0.0,0,0.0,0.0,50.0,0,,,,,,,,,,,,,,,,,,,,,,,,,,,
100,D,step_totals,,,,,,,,,,,,,,,,,,,,,70.00000000000006,10.0,0.14285714285714274,,,50.0,0.7142857142857137,0.0,0.0,0.0056377230125331445,0.14,0.0,0,7,20,33,20,,50,24,4.000000000000001,0.057142857142857106,6.000000000000003,0.08571428571428569,20,30,20
100,D,reachability,0.25,0.0,,,,,,,,,,,,,,,,,,,,,,,,,,,,,,,,,,,,,,,,,,,,,
101,D,all_agents,,,40,30,10,0,22,8,0.3991760943592521,0.24036812518778577,0.9936033155407806,0.08957493520373241,664,30,0.75,0,0.0,0.0,30.95,4195,,,,,,,,,,,,,,,,,,,,,,,,,,,
101,D,participants_only,,,30,30,0,0,22,8,0.4579489272246014,0.25051495280597375,0.9936033155407806,0.10535282211841479,664,30,1.0,0,0.0,0.0,24.6,4195,,,,,,,,,,,,,,,,,,,,,,,,,,,
101,D,nonparticipants_only,,,10,0,10,0,0,0,0.22285759576320432,0.22545283536344374,0.2769924450144394,0.0007903238634659384,0,0,0.0,0,0.0,0.0,50.0,0,,,,,,,,,,,,,,,,,,,,,,,,,,,
101,D,step_totals,,,,,,,,,,,,,,,,,,,,,69.90000000000006,9.5,0.13590844062947055,,,51.0,0.7296137339055787,0.0,0.0,0.005281322590159003,0.13725490196078433,0.0,0,7,21,22,19,,51,23,3.400000000000001,0.04864091559370526,6.000000000000003,0.0858369098712446,17,30,33
102,D,all_agents,,,40,30,10,0,22,8,0.3997272003470247,0.24233805774002334,0.9938591829191494,0.08995733930604102,667,30,0.75,0,0.0,0.0,30.975,4243,,,,,,,,,,,,,,,,,,,,,,,,,,,
102,D,participants_only,,,30,30,0,0,22,8,0.4585603531859171,0.2504542580340139,0.9938591829191494,0.10583781170054418,667,30,1.0,0,0.0,0.0,24.633333333333333,4243,,,,,,,,,,,,,,,,,,,,,,,,,,,
102,D,nonparticipants_only,,,10,0,10,0,0,0,0.2232277418303477,0.2260587775800137,0.27658613216731187,0.0007798436469579517,0,0,0.0,0,0.0,0.0,50.0,0,,,,,,,,,,,,,,,,,,,,,,,,,,,
102,D,step_totals,,,,,,,,,,,,,,,,,,,,,70.00000000000006,10.0,0.14285714285714274,,,50.0,0.7142857142857137,0.0,0.0,0.005271059536544984,0.06,0.0,0,3,20,33,20,,50,24,4.000000000000001,0.057142857142857106,6.000000000000003,0.08571428571428569,20,30,20
103,D,all_agents,,,40,30,10,0,22,8,0.4002432084890927,0.2419058673067666,0.9941048156023835,0.09038130178797252,675,30,0.75,0,0.0,0.0,30.95,4291,,,,,,,,,,,,,,,,,,,,,,,,,,,
103,D,participants_only,,,30,30,0,0,22,8,0.4591258022464217,0.24992011997896774,0.9941048156023835,0.1063829143787064,675,30,1.0,0,0.0,0.0,24.6,4291,,,,,,,,,,,,,,,,,,,,,,,,,,,
103,D,nonparticipants_only,,,10,0,10,0,0,0,0.22359542721710593,0.22658633452033722,0.2761679972247289,0.0007705458446832655,0,0,0.0,0,0.0,0.0,50.0,0,,,,,,,,,,,,,,,,,,,,,,,,,,,
103,D,step_totals,,,,,,,,,,,,,,,,,,,,,70.10000000000007,9.5,0.13552068473609116,,,51.0,0.7275320970042789,0.0,0.0,0.00509483339403423,0.1568627450980392,0.0,0,8,21,22,19,,51,23,3.600000000000001,0.051355206847360876,6.000000000000003,0.08559201141226815,18,30,33
104,D,all_agents,,,40,30,10,0,22,8,0.4008418805102718,0.24200386715136324,0.9943406229782882,0.09079606674707699,683,30,0.75,0,0.0,0.0,30.975,4341,,,,,,,,,,,,,,,,,,,,,,,,,,,
104,D,participants_only,,,30,30,0,0,22,8,0.4598022437142074,0.2494046868939906,0.9943406229782882,0.10690213421047097,683,30,1.0,0,0.0,0.0,24.633333333333333,4341,,,,,,,,,,,,,,,,,,,,,,,,,,,
104,D,nonparticipants_only,,,10,0,10,0,0,0,0.223960790898465,0.2265313604997793,0.27624273923716025,0.0007619712072150543,0,0,0.0,0,0.0,0.0,50.0,0,,,,,,,,,,,,,,,,,,,,,,,,,,,
104,D,step_totals,,,,,,,,,,,,,,,,,,,,,70.00000000000007,10.0,0.1428571428571427,,,50.0,0.7142857142857135,0.0,0.0,0.005440014750206813,0.16,0.0,0,8,20,33,20,,50,25,4.000000000000001,0.0571428571428571,6.000000000000003,0.08571428571428566,20,30,20
105,D,all_agents,,,40,30,10,0,22,8,0.40142729427824403,0.24208677049557276,0.9945669980591566,0.0912326792754608,691,30,0.75,0,0.0,0.0,30.95,4390,,,,,,,,,,,,,,,,,,,,,,,,,,,
105,D,participants_only,,,30,30,0,0,22,8,0.46046169402801146,0.25016839729780854,0.9945669980591566,0.10745225888862452,691,30,1.0,0,0.0,0.0,24.6,4390,,,,,,,,,,,,,,,,,,,,,,,,,,,
105,D,nonparticipants_only,,,10,0,10,0,0,0,0.22432409502894146,0.2275476498844008,0.2783489139265298,0.0007532161901854631,0,0,0.0,0,0.0,0.0,50.0,0,,,,,,,,,,,,,,,,,,,,,,,,,,,
105,D,step_totals,,,,,,,,,,,,,,,,,,,,,69.90000000000006,9.5,0.13590844062947055,,,51.0,0.7296137339055787,0.0,0.0,0.005355223765478844,0.1568627450980392,0.0,0,8,21,22,19,,51,23,3.400000000000001,0.04864091559370526,6.000000000000003,0.0858369098712446,17,30,33
106,D,all_agents,,,40,30,10,0,22,8,0.40199566949716714,0.24162181643533553,0.9947843181367904,0.09163277991721876,705,30,0.75,0,0.0,0.0,30.975,4440,,,,,,,,,,,,,,,,,,,,,,,,,,,
106,D,participants_only,,,30,30,0,0,22,8,0.46109906929133,0.24964613135457053,0.9947843181367904,0.1079562309878397,705,30,1.0,0,0.0,0.0,24.633333333333333,4440,,,,,,,,,,,,,,,,,,,,,,,,,,,
106,D,nonparticipants_only,,,10,0,10,0,0,0,0.22468547011467865,0.22828862177898648,0.2773617297482276,0.0007438842986121904,0,0,0.0,0,0.0,0.0,50.0,0,,,,,,,,,,,,,,,,,,,,,,,,,,,
106,D,step_totals,,,,,,,,,,,,,,,,,,,,,70.00000000000007,10.0,0.1428571428571427,,,50.0,0.7142857142857135,0.0,0.0,0.005343727334378343,0.28,0.0,0,14,20,33,20,,50,25,4.000000000000001,0.0571428571428571,6.000000000000003,0.08571428571428566,20,30,20
107,D,all_agents,,,40,30,10,0,22,8,0.4025318121558367,0.24120754870337324,0.9949929454113188,0.09204106282700933,710,30,0.75,0,0.0,0.0,30.95,4489,,,,,,,,,,,,,,,,,,,,,,,,,,,
107,D,participants_only,,,30,30,0,0,22,8,0.4616941036741911,0.24903600448458202,0.9949929454113188,0.1084760629397448,710,30,1.0,0,0.0,0.0,24.6,4489,,,,,,,,,,,,,,,,,,,,,,,,,,,
107,D,nonparticipants_only,,,10,0,10,0,0,0,0.22504493760077365,0.2281421161314378,0.2774351712582665,0.0007339416363700376,0,0,0.0,0,0.0,0.0,50.0,0,,,,,,,,,,,,,,,,,,,,,,,,,,,
107,D,step_totals,,,,,,,,,,,,,,,,,,,,,70.10000000000005,9.5,0.1355206847360912,,,51.0,0.7275320970042791,0.0,0.0,0.0051793248497833035,0.09803921568627451,0.0,0,5,21,22,19,,51,23,3.600000000000001,0.05135520684736089,6.000000000000003,0.08559201141226816,18,30,33
108,D,all_agents,,,40,30,10,0,22,8,0.40299548475640873,0.24178913933669016,0.9951932275948661,0.09238092144963041,717,30,0.75,0,0.0,0.0,30.975,4537,,,,,,,,,,,,,,,,,,,,,,,,,,,
108,D,participants_only,,,30,30,0,0,22,8,0.46219333434942667,0.24809758954628885,0.9951932275948661,0.10891520158650625,717,30,1.0,0,0.0,0.0,24.633333333333333,4537,,,,,,,,,,,,,,,,,,,,,,,,,,,
108,D,nonparticipants_only,,,10,0,10,0,0,0,0.22540193597735486,0.22926750680614003,0.2770428777217033,0.0007254562817519914,0,0,0.0,0,0.0,0.0,50.0,0,,,,,,,,,,,,,,,,,,,,,,,,,,,
108,D,step_totals,,,,,,,,,,,,,,,,,,,,,70.00000000000007,10.0,0.1428571428571427,,,50.0,0.7142857142857135,0.0,0.0,0.004991988789616382,0.14,0.0,0,7,20,33,20,,50,25,4.000000000000001,0.0571428571428571,6.000000000000003,0.08571428571428566,20,30,20
109,D,all_agents,,,40,30,10,0,22,8,0.403505634176396,0.24258384423147425,0.9953854984910714,0.0927793018594217,723,30,0.75,0,0.0,0.0,30.95,4586,,,,,,,,,,,,,,,,,,,,,,,,,,,
109,D,participants_only,,,30,30,0,0,22,8,0.4627552760602717,0.24938396005098448,0.9953854984910714,0.10942446210942723,723,30,1.0,0,0.0,0.0,24.6,4586,,,,,,,,,,,,,,,,,,,,,,,,,,,
109,D,nonparticipants_only,,,10,0,10,0,0,0,0.225756708524769,0.22909324888012766,0.2766391699961264,0.0007175803489949366,0,0,0.0,0,0.0,0.0,50.0,0,,,,,,,,,,,,,,,,,,,,,,,,,,,
109,D,step_totals,,,,,,,,,,,,,,,,,,,,,70.10000000000008,9.5,0.13552068473609113,,,51.0,0.7275320970042788,0.0,0.0,0.005095526550873036,0.11764705882352941,0.0,0,6,21,22,19,,51,23,3.600000000000001,0.05135520684736087,6.000000000000003,0.08559201141226813,18,30,33
110,D,all_agents,,,40,30,10,0,22,8,0.403905601274688,0.24242552123763828,0.9955700785514285,0.09308286764634364,735,30,0.75,0,0.0,0.0,30.975,4633,,,,,,,,,,,,,,,,,,,,,,,,,,,
110,D,participants_only,,,30,30,0,0,22,8,0.463171020825776,0.24932569464105864,0.9955700785514285,0.1098242526816225,735,30,1.0,0,0.0,0.0,24.633333333333333,4633,,,,,,,,,,,,,,,,,,,,,,,,,,,
110,D,nonparticipants_only,,,10,0,10,0,0,0,0.226109342621424,0.22933872722897747,0.2767113331300117,0.0007100330857092749,0,0,0.0,0,0.0,0.0,50.0,0,,,,,,,,,,,,,,,,,,,,,,,,,,,
110,D,step_totals,,,,,,,,,,,,,,,,,,,,,70.00000000000007,10.0,0.1428571428571427,,,50.0,0.7142857142857135,0.0,0.0,0.0047802495710565236,0.24,0.0,0,12,20,33,20,,50,25,4.000000000000001,0.0571428571428571,6.000000000000003,0.08571428571428566,20,30,20
110,D,reachability,0.25,0.0,,,,,,,,,,,,,,,,,,,,,,,,,,,,,,,,,,,,,,,,,,,,,
111,D,all_agents,,,40,30,10,0,22,8,0.40433834163482685,0.24305537547220207,0.9957472754093714,0.09344144125886969,743,30,0.75,0,0.0,0.0,30.95,4680,,,,,,,,,,,,,,,,,,,,,,,,,,,
111,D,participants_only,,,30,30,0,0,22,8,0.4636311097112188,0.2487418680806502,0.9957472754093714,0.11029201389380727,743,30,1.0,0,0.0,0.0,24.6,4680,,,,,,,,,,,,,,,,,,,,,,,,,,,
111,D,nonparticipants_only,,,10,0,10,0,0,0,0.22646003740565077,0.2299484884417383,0.27874483692727947,0.0007021352001272134,0,0,0.0,0,0.0,0.0,50.0,0,,,,,,,,,,,,,,,,,,,,,,,,,,,
111,D,step_totals,,,,,,,,,,,,,,,,,,,,,69.90000000000006,9.5,0.13590844062947055,,,51.0,0.7296137339055787,0.0,0.0,0.004849372260027701,0.1568627450980392,0.0,0,8,21,22,19,,51,23,3.400000000000001,0.04864091559370526,6.000000000000003,0.0858369098712446,17,30,33
112,D,all_agents,,,40,30,10,0,22,8,0.4048307244406027,0.2426240873069455,0.9959173843929965,0.09379763478726101,751,30,0.75,0,0.0,0.0,30.975,4729,,,,,,,,,,,,,,,,,,,,,,,,,,,
112,D,participants_only,,,30,30,0,0,22,8,0.46417134083239137,0.2481125848168818,0.9959173843929965,0.11074705890191516,751,30,1.0,0,0.0,0.0,24.633333333333333,4729,,,,,,,,,,,,,,,,,,,,,,,,,,,
112,D,nonparticipants_only,,,10,0,10,0,0,0,0.22680887526523658,0.23028755930757422,0.27779171428967864,0.0006936573982095111,0,0,0.0,0,0.0,0.0,50.0,0,,,,,,,,,,,,,,,,,,,,,,,,,,,
112,D,step_totals,,,,,,,,,,,,,,,,,,,,,70.00000000000006,10.0,0.14285714285714274,,,50.0,0.7142857142857137,0.0,0.0,0.005102323496594086,0.16,0.0,0,8,20,33,20,,50,25,4.000000000000001,0.057142857142857106,6.000000000000003,0.08571428571428569,20,30,20
113,D,all_agents,,,40,30,10,0,22,8,0.405304124325043,0.2418711466961861,0.9960806890172766,0.09418927174592208,760,30,0.75,0,0.0,0.0,30.95,4779,,,,,,,,,,,,,,,,,,,,,,,,,,,
113,D,participants_only,,,30,30,0,0,22,8,0.46468687341398823,0.2489534471206944,0.9960806890172766,0.11125226320693965,760,30,1.0,0,0.0,0.0,24.6,4779,,,,,,,,,,,,,,,,,,,,,,,,,,,
113,D,nonparticipants_only,,,10,0,10,0,0,0,0.22715587705820733,0.23024536114885302,0.2778626217933605,0.0006845666905418664,0,0,0.0,0,0.0,0.0,50.0,0,,,,,,,,,,,,,,,,,,,,,,,,,,,
113,D,step_totals,,,,,,,,,,,,,,,,,,,,,69.90000000000006,9.5,0.13590844062947055,,,51.0,0.7296137339055787,0.0,0.0,0.004995559435484286,0.17647058823529413,0.0,0,9,21,22,19,,51,23,3.400000000000001,0.04864091559370526,6.000000000000003,0.0858369098712446,17,30,33
114,D,all_agents,,,40,30,10,0,22,8,0.40573652913597924,0.24157143507098128,0.9962374614565855,0.09451031979287211,767,30,0.75,0,0.0,0.0,30.975,4827,,,,,,,,,,,,,,,,,,,,,,,,,,,
114,D,participants_only,,,30,30,0,0,22,8,0.46514851962876613,0.2484542311548859,0.9962374614565855,0.11166906925190849,767,30,1.0,0,0.0,0.0,24.633333333333333,4827,,,,,,,,,,,,,,,,,,,,,,,,,,,
114,D,nonparticipants_only,,,10,0,10,0,0,0,0.22750055765761842,0.23123316540821792,0.2774838638487933,0.0006766560439829306,0,0,0.0,0,0.0,0.0,50.0,0,,,,,,,,,,,,,,,,,,,,,,,,,,,
114,D,step_totals,,,,,,,,,,,,,,,,,,,,,70.00000000000006,10.0,0.14285714285714274,,,50.0,0.7142857142857137,0.0,0.0,0.004902760430309604,0.14,0.0,0,7,20,33,20,,50,25,4.000000000000001,0.057142857142857106,6.000000000000003,0.08571428571428569,20,30,20
115,D,all_agents,,,40,30,10,0,22,8,0.4061870622503052,0.24203188858440977,0.9963879629983221,0.09489054567648221,778,30,0.75,0,0.0,0.0,30.95,4877,,,,,,,,,,,,,,,,,,,,,,,,,,,
115,D,participants_only,,,30,30,0,0,22,8,0.46563505325798,0.24792040946251526,0.9963879629983221,0.11216136312565136,778,30,1.0,0,0.0,0.0,24.6,4877,,,,,,,,,,,,,,,,,,,,,,,,,,,
115,D,nonparticipants_only,,,10,0,10,0,0,0,0.22784308922728086,0.23106492003140344,0.27709408554735876,0.0006693297107917663,0,0,0.0,0,0.0,0.0,50.0,0,,,,,,,,,,,,,,,,,,,,,,,,,,,
115,D,step_totals,,,,,,,,,,,,,,,,,,,,,70.10000000000005,9.5,0.1355206847360912,,,51.0,0.7275320970042791,0.0,0.0,0.004908463992666068,0.21568627450980393,0.0,0,11,21,22,19,,51,23,3.600000000000001,0.05135520684736089,6.000000000000003,0.08559201141226816,18,30,33
116,D,all_agents,,,40,30,10,0,22,8,0.40652968102685905,0.24284255562325963,0.9965324444783892,0.09515527679753304,784,30,0.75,0,0.0,0.0,30.975,4923,,,,,,,,,,,,,,,,,,,,,,,,,,,
116,D,participants_only,,,30,30,0,0,22,8,0.4659783893255717,0.24704828605430074,0.9965324444783892,0.11251633426812943,784,30,1.0,0,0.0,0.0,24.633333333333333,4923,,,,,,,,,,,,,,,,,,,,,,,,,,,
116,D,nonparticipants_only,,,10,0,10,0,0,0,0.2281835561307212,0.23120267596362626,0.27716375878363836,0.0006623173651187971,0,0,0.0,0,0.0,0.0,50.0,0,,,,,,,,,,,,,,,,,,,,,,,,,,,
116,D,step_totals,,,,,,,,,,,,,,,,,,,,,70.00000000000007,10.0,0.1428571428571427,,,50.0,0.7142857142857135,0.0,0.0,0.004601001354354431,0.12,0.0,0,6,20,33,20,,50,25,4.000000000000001,0.0571428571428571,6.000000000000003,0.08571428571428566,20,30,20
117,D,all_agents,,,40,30,10,0,22,8,0.4069622679195343,0.24274923600045067,0.9966711466992536,0.09552596599359761,791,30,0.75,0,0.0,0.0,30.95,4973,,,,,,,,,,,,,,,,,,,,,,,,,,,
117,D,participants_only,,,30,30,0,0,22,8,0.46644230701429434,0.24830288316321375,0.9966711466992536,0.11299813295510037,791,30,1.0,0,0.0,0.0,24.6,4973,,,,,,,,,,,,,,,,,,,,,,,,,,,
117,D,nonparticipants_only,,,10,0,10,0,0,0,0.22852215063525427,0.23189015437183946,0.2791270991059648,0.0006549645005191974,0,0,0.0,0,0.0,0.0,50.0,0,,,,,,,,,,,,,,,,,,,,,,,,,,,
117,D,step_totals,,,,,,,,,,,,,,,,,,,,,70.10000000000007,9.5,0.13552068473609116,,,51.0,0.7275320970042789,0.0,0.0,0.004851009790470697,0.13725490196078433,0.0,0,7,21,22,19,,51,23,3.600000000000001,0.051355206847360876,6.000000000000003,0.08559201141226815,18,30,33
118,D,all_agents,,,40,30,10,0,22,8,0.40738933528338567,0.24334658456652014,0.9968043008312835,0.09584354902962988,798,30,0.75,0,0.0,0.0,30.975,5021,,,,,,,,,,,,,,,,,,,,,,,,,,,
118,D,participants_only,,,30,30,0,0,22,8,0.4668994629491872,0.24824693989649832,0.9968043008312835,0.11340989438197527,798,30,1.0,0,0.0,0.0,24.633333333333333,5021,,,,,,,,,,,,,,,,,,,,,,,,,,,
118,D,nonparticipants_only,,,10,0,10,0,0,0,0.228858952285981,0.2322175260265747,0.2782068627587113,0.000647049434993763,0,0,0.0,0,0.0,0.0,50.0,0,,,,,,,,,,,,,,,,,,,,,,,,,,,
118,D,step_totals,,,,,,,,,,,,,,,,,,,,,70.00000000000006,10.0,0.14285714285714274,,,50.0,0.7142857142857137,0.0,0.0,0.004896297125782013,0.14,0.0,0,7,20,33,20,,50,25,4.000000000000001,0.057142857142857106,6.000000000000003,0.08571428571428569,20,30,20
119,D,all_agents,,,40,30,10,0,22,8,0.40782848795540505,0.24286041155584612,0.9969321287980322,0.09622331840685346,801,30,0.75,0,0.0,0.0,30.95,5072,,,,,,,,,,,,,,,,,,,,,,,,,,,
119,D,participants_only,,,30,30,0,0,22,8,0.46737332353345756,0.2476156178110319,0.9969321287980322,0.11390256126863943,801,30,1.0,0,0.0,0.0,24.6,5072,,,,,,,,,,,,,,,,,,,,,,,,,,,
119,D,nonparticipants_only,,,10,0,10,0,0,0,0.22919398122124754,0.23227603635878954,0.2782753236887185,0.0006385404932878497,0,0,0.0,0,0.0,0.0,50.0,0,,,,,,,,,,,,,,,,,,,,,,,,,,,
119,D,step_totals,,,,,,,,,,,,,,,,,,,,,70.10000000000007,9.5,0.13552068473609116,,,51.0,0.7275320970042789,0.0,0.0,0.004879640955580177,0.058823529411764705,0.0,0,3,21,22,19,,51,23,3.600000000000001,0.051355206847360876,6.000000000000003,0.08559201141226815,18,30,33
120,D,all_agents,,,40,30,10,0,22,8,0.4082351722169237,0.24214425420638497,0.9970548436461109,0.09653014591086519,806,30,0.75,0,0.0,0.0,30.975,5121,,,,,,,,,,,,,,,,,,,,,,,,,,,
120,D,participants_only,,,30,30,0,0,22,8,0.4678046399382981,0.24701348890583846,0.9970548436461109,0.1143023867408998,806,30,1.0,0,0.0,0.0,24.633333333333333,5121,,,,,,,,,,,,,,,,,,,,,,,,,,,
120,D,nonparticipants_only,,,10,0,10,0,0,0,0.22952676905280048,0.2331310014479503,0.277909634307676,0.0006311656054669217,0,0,0.0,0,0.0,0.0,50.0,0,,,,,,,,,,,,,,,,,,,,,,,,,,,
120,D,step_totals,,,,,,,,,,,,,,,,,,,,,70.00000000000006,10.0,0.14285714285714274,,,50.0,0.7142857142857137,0.0,0.0,0.004832047194717503,0.1,0.0,0,5,20,33,20,,50,25,4.000000000000001,0.057142857142857106,6.000000000000003,0.08571428571428569,20,30,20
120,D,reachability,0.25,0.0,,,,,,,,,,,,,,,,,,,,,,,,,,,,,,,,,,,,,,,,,,,,,
121,D,all_agents,,,40,30,10,0,22,8,0.4086503465314168,0.24192138060784546,0.9971726499002664,0.09689712300364389,816,30,0.75,0,0.0,0.0,30.95,5171,,,,,,,,,,,,,,,,,,,,,,,,,,,
121,D,participants_only,,,30,30,0,0,22,8,0.46824796804050356,0.24779211823465436,0.9971726499002664,0.1147805410248206,816,30,1.0,0,0.0,0.0,24.6,5171,,,,,,,,,,,,,,,,,,,,,,,,,,,
121,D,nonparticipants_only,,,10,0,10,0,0,0,0.22985748200415648,0.23296856116493303,0.27753330481323274,0.0006243510656294123,0,0,0.0,0,0.0,0.0,50.0,0,,,,,,,,,,,,,,,,,,,,,,,,,,,
121,D,step_totals,,,,,,,,,,,,,,,,,,,,,70.10000000000007,9.5,0.13552068473609116,,,51.0,0.7275320970042789,0.0,0.0,0.004802265688989258,0.19607843137254902,0.0,0,10,21,22,19,,51,22,3.600000000000001,0.051355206847360876,6.000000000000003,0.08559201141226815,18,30,32
122,D,all_agents,,,40,30,10,0,22,8,0.40903745226559457,0.24226496769040962,0.9972857439042557,0.0971932469955972,828,30,0.75,0,0.0,0.0,30.975,5221,,,,,,,,,,,,,,,,,,,,,,,,,,,
122,D,participants_only,,,30,30,0,0,22,8,0.46865453584479766,0.24731493494567136,0.9972857439042557,0.11516826385465144,828,30,1.0,0,0.0,0.0,24.633333333333333,5221,,,,,,,,,,,,,,,,,,,,,,,,,,,
122,D,nonparticipants_only,,,10,0,10,0,0,0,0.23018620152798533,0.23300231150618209,0.27760057406267225,0.0006178365645582405,0,0,0.0,0,0.0,0.0,50.0,0,,,,,,,,,,,,,,,,,,,,,,,,,,,
122,D,step_totals,,,,,,,,,,,,,,,,,,,,,70.00000000000007,10.0,0.1428571428571427,,,50.0,0.7142857142857135,0.0,0.0,0.004770216573950095,0.24,0.0,0,12,20,33,20,,50,25,4.000000000000001,0.0571428571428571,6.000000000000003,0.08571428571428566,20,30,20
123,D,all_agents,,,40,30,10,0,22,8,0.40939183677080565,0.24260786691495412,0.9973943141480855,0.09751491183762448,833,30,0.75,0,0.0,0.0,30.95,5269,,,,,,,,,,,,,,,,,,,,,,,,,,,
123,D,participants_only,,,30,30,0,0,22,8,0.4690180779418537,0.2468540507355047,0.9973943141480855,0.11559506409388703,833,30,1.0,0,0.0,0.0,24.6,5269,,,,,,,,,,,,,,,,,,,,,,,,,,,
123,D,nonparticipants_only,,,10,0,10,0,0,0,0.23051311325766152,0.2337648255763768,0.279496171811962,0.0006109914345809666,0,0,0.0,0,0.0,0.0,50.0,0,,,,,,,,,,,,,,,,,,,,,,,,,,,
123,D,step_totals,,,,,,,,,,,,,,,,,,,,,70.30000000000005,9.5,0.13513513513513503,,,51.0,0.7254623044096723,0.0,0.0,0.004586395027265058,0.09803921568627451,0.0,0,5,21,22,19,,51,22,3.800000000000001,0.05405405405405403,6.000000000000003,0.08534850640113795,19,30,32
124,D,all_agents,,,40,30,10,0,22,8,0.409726868471202,0.24302798219486227,0.9974985415821621,0.09777640790831127,842,30,0.75,0,0.0,0.0,30.975,5317,,,,,,,,,,,,,,,,,,,,,,,,,,,
124,D,participants_only,,,30,30,0,0,22,8,0.4693563932970417,0.24604529310987966,0.9974985415821621,0.11594462249945893,842,30,1.0,0,0.0,0.0,24.633333333333333,5317,,,,,,,,,,,,,,,,,,,,,,,,,,,
124,D,nonparticipants_only,,,10,0,10,0,0,0,0.23083829399368297,0.23408090168648388,0.278607687055228,0.0006036013634031221,0,0,0.0,0,0.0,0.0,50.0,0,,,,,,,,,,,,,,,,,,,,,,,,,,,
124,D,step_totals,,,,,,,,,,,,,,,,,,,,,70.00000000000006,10.0,0.14285714285714274,,,50.0,0.7142857142857137,0.0,0.0,0.004596447026083564,0.18,0.0,0,9,20,33,20,,50,25,4.000000000000001,0.057142857142857106,6.000000000000003,0.08571428571428569,20,30,20
125,D,all_agents,,,40,30,10,0,22,8,0.41010447513005027,0.24323536768347193,0.9975985999188757,0.09812344758227062,851,30,0.75,0,0.0,0.0,30.95,5368,,,,,,,,,,,,,,,,,,,,,,,,,,,
125,D,participants_only,,,30,30,0,0,22,8,0.46975204578021784,0.2472695191278419,0.9975985999188757,0.11640138739427484,851,30,1.0,0,0.0,0.0,24.6,5368,,,,,,,,,,,,,,,,,,,,,,,,,,,
125,D,nonparticipants_only,,,10,0,10,0,0,0,0.23116176317954762,0.23423664569061076,0.2786737858274888,0.0005956359326571884,0,0,0.0,0,0.0,0.0,50.0,0,,,,,,,,,,,,,,,,,,,,,,,,,,,
125,D,step_totals,,,,,,,,,,,,,,,,,,,,,69.90000000000005,9.5,0.13590844062947058,,,51.0,0.7296137339055789,0.0,0.0,0.004696802133762959,0.17647058823529413,0.0,0,9,21,22,19,,51,22,3.400000000000001,0.04864091559370527,6.000000000000003,0.08583690987124461,17,30,32
126,D,all_agents,,,40,30,10,0,22,8,0.41042897630999436,0.24291758858369736,0.9976946559221207,0.09837652193324939,858,30,0.75,0,0.0,0.0,30.975,5417,,,,,,,,,,,,,,,,,,,,,,,,,,,
126,D,participants_only,,,30,30,0,0,22,8,0.47007761221727723,0.2472157955175688,0.9976946559221207,0.1167406033503364,858,30,1.0,0,0.0,0.0,24.633333333333333,5417,,,,,,,,,,,,,,,,,,,,,,,,,,,
126,D,nonparticipants_only,,,10,0,10,0,0,0,0.23148306858814602,0.2349633550570152,0.2783207140957262,0.0005887604947933268,0,0,0.0,0,0.0,0.0,50.0,0,,,,,,,,,,,,,,,,,,,,,,,,,,,
126,D,step_totals,,,,,,,,,,,,,,,,,,,,,70.00000000000006,10.0,0.14285714285714274,,,50.0,0.7142857142857137,0.0,0.0,0.004565418447907431,0.14,0.0,0,7,20,33,20,,50,25,4.000000000000001,0.057142857142857106,6.000000000000003,0.08571428571428569,20,30,20
127,D,all_agents,,,40,30,10,0,22,8,0.4107875115928177,0.24209357141262078,0.9977868696852359,0.09871318457494492,866,30,0.75,0,0.0,0.0,30.95,5468,,,,,,,,,,,,,,,,,,,,,,,,,,,
127,D,participants_only,,,30,30,0,0,22,8,0.47044922522120264,0.2465390741011285,0.9977868696852359,0.11718535829948287,866,30,1.0,0,0.0,0.0,24.6,5468,,,,,,,,,,,,,,,,,,,,,,,,,,,
127,D,nonparticipants_only,,,10,0,10,0,0,0,0.23180237070766269,0.23480651957038057,0.2779573693742094,0.0005824225244260306,0,0,0.0,0,0.0,0.0,50.0,0,,,,,,,,,,,,,,,,,,,,,,,,,,,
127,D,step_totals,,,,,,,,,,,,,,,,,,,,,69.90000000000006,9.5,0.13590844062947055,,,51.0,0.7296137339055787,0.0,0.0,0.004635267147156404,0.1568627450980392,0.0,0,8,21,22,19,,51,22,3.400000000000001,0.04864091559370526,6.000000000000003,0.0858369098712446,17,30,32
128,D,all_agents,,,40,30,10,0,22,8,0.4110683474639501,0.2424158618213249,0.9978753948978265,0.09893590432949459,869,30,0.75,0,0.0,0.0,30.975,5515,,,,,,,,,,,,,,,,,,,,,,,,,,,
128,D,participants_only,,,30,30,0,0,22,8,0.47071788055848474,0.24596290110885152,0.9978753948978265,0.1174901481335396,869,30,1.0,0,0.0,0.0,24.633333333333333,5515,,,,,,,,,,,,,,,,,,,,,,,,,,,
128,D,nonparticipants_only,,,10,0,10,0,0,0,0.23211974818034617,0.234739852901944,0.27802231758333246,0.0005763713366077515,0,0,0.0,0,0.0,0.0,50.0,0,,,,,,,,,,,,,,,,,,,,,,,,,,,
128,D,step_totals,,,,,,,,,,,,,,,,,,,,,70.00000000000006,10.0,0.14285714285714274,,,50.0,0.7142857142857137,0.0,0.0,0.0044201058278367,0.06,0.0,0,3,20,33,20,,50,25,4.000000000000001,0.057142857142857106,6.000000000000003,0.08571428571428569,20,30,20
129,D,all_agents,,,40,30,10,0,22,8,0.4114088959140065,0.24169684773119982,0.9979603791019135,0.09926283419442627,876,30,0.75,0,0.0,0.0,30.95,5566,,,,,,,,,,,,,,,,,,,,,,,,,,,
129,D,participants_only,,,30,30,0,0,22,8,0.4710667344738331,0.24592292752278355,0.9979603791019135,0.11792421505446583,876,30,1.0,0,0.0,0.0,24.6,5566,,,,,,,,,,,,,,,,,,,,,,,,,,,
129,D,nonparticipants_only,,,10,0,10,0,0,0,0.2324353802345263,0.23557481362356794,0.2798525101313338,0.0005699991947434362,0,0,0.0,0,0.0,0.0,50.0,0,,,,,,,,,,,,,,,,,,,,,,,,,,,
129,D,step_totals,,,,,,,,,,,,,,,,,,,,,70.10000000000007,9.5,0.13552068473609116,,,51.0,0.7275320970042789,0.0,0.0,0.004563661326229199,0.13725490196078433,0.0,0,7,21,22,19,,51,22,3.600000000000001,0.051355206847360876,6.000000000000003,0.08559201141226815,18,30,32
130,D,all_agents,,,40,30,10,0,22,8,0.41169862998221657,0.24230843852315717,0.998041963937837,0.09949414081530984,882,30,0.75,0,0.0,0.0,30.975,5614,,,,,,,,,,,,,,,,,,,,,,,,,,,
130,D,participants_only,,,30,30,0,0,22,8,0.47134839296935643,0.2454486338671804,0.998041963937837,0.11823877788242787,882,30,1.0,0,0.0,0.0,24.633333333333333,5614,,,,,,,,,,,,,,,,,,,,,,,,,,,
130,D,nonparticipants_only,,,10,0,10,0,0,0,0.23274934102079703,0.23587998392751874,0.27899468141667283,0.0005630989208922643,0,0,0.0,0,0.0,0.0,50.0,0,,,,,,,,,,,,,,,,,,,,,,,,,,,
130,D,step_totals,,,,,,,,,,,,,,,,,,,,,70.00000000000007,10.0,0.1428571428571427,,,50.0,0.7142857142857135,0.0,0.0,0.004454896948318869,0.12,0.0,0,6,20,33,20,,50,25,4.000000000000001,0.0571428571428571,6.000000000000003,0.08571428571428566,20,30,20
130,D,reachability,0.25,0.0,,,,,,,,,,,,,,,,,,,,,,,,,,,,,,,,,,,,,,,,,,,,,
131,D,all_agents,,,40,30,10,0,22,8,0.4120213031171373,0.24162882627612026,0.9981202853803235,0.0998094213242857,891,30,0.75,0,0.0,0.0,30.95,5664,,,,,,,,,,,,,,,,,,,,,,,,,,,
131,D,participants_only,,,30,30,0,0,22,8,0.47167452105225544,0.24554071949003176,0.9981202853803235,0.11865998902596002,891,30,1.0,0,0.0,0.0,24.6,5664,,,,,,,,,,,,,,,,,,,,,,,,,,,
131,D,nonparticipants_only,,,10,0,10,0,0,0,0.23306164931178303,0.23612960667876637,0.27905849953445083,0.0005556412990864225,0,0,0.0,0,0.0,0.0,50.0,0,,,,,,,,,,,,,,,,,,,,,,,,,,,
131,D,step_totals,,,,,,,,,,,,,,,,,,,,,69.90000000000006,9.5,0.13590844062947055,,,51.0,0.7296137339055787,0.0,0.0,0.00451951734049398,0.17647058823529413,0.0,0,9,21,22,19,,51,22,3.400000000000001,0.04864091559370526,6.000000000000003,0.0858369098712446,17,30,32
132,D,all_agents,,,40,30,10,0,22,8,0.4123050095044634,0.242048229239577,0.9981954739651105,0.10003442297079951,897,30,0.75,0,0.0,0.0,30.975,5712,,,,,,,,,,,,,,,,,,,,,,,,,,,
132,D,participants_only,,,30,30,0,0,22,8,0.4719493898446516,0.2446055815049421,0.9981954739651105,0.11896634504844059,897,30,1.0,0,0.0,0.0,24.633333333333333,5712,,,,,,,,,,,,,,,,,,,,,,,,,,,
132,D,nonparticipants_only,,,10,0,10,0,0,0,0.23337186848389885,0.23666121116942368,0.2787176100959483,0.0005492314638959535,0,0,0.0,0,0.0,0.0,50.0,0,,,,,,,,,,,,,,,,,,,,,,,,,,,
132,D,step_totals,,,,,,,,,,,,,,,,,,,,,70.00000000000007,10.0,0.1428571428571427,,,50.0,0.7142857142857135,0.0,0.0,0.004438660886340422,0.12,0.0,0,6,20,33,20,,50,25,4.000000000000001,0.0571428571428571,6.000000000000003,0.08571428571428566,20,30,20
133,D,all_agents,,,40,30,10,0,22,8,0.41261213194913055,0.24230288507140907,0.9982676550065062,0.10034153894823719,908,30,0.75,0,0.0,0.0,30.95,5763,,,,,,,,,,,,,,,,,,,,,,,,,,,
133,D,participants_only,,,30,30,0,0,22,8,0.4722561247695449,0.24473016154248262,0.9982676550065062,0.11937798266417542,908,30,1.0,0,0.0,0.0,24.6,5763,,,,,,,,,,,,,,,,,,,,,,,,,,,
133,D,nonparticipants_only,,,10,0,10,0,0,0,0.23368015348788737,0.23665197962926454,0.27836680212420184,0.0005433372456827536,0,0,0.0,0,0.0,0.0,50.0,0,,,,,,,,,,,,,,,,,,,,,,,,,,,
133,D,step_totals,,,,,,,,,,,,,,,,,,,,,70.10000000000007,9.5,0.13552068473609116,,,51.0,0.7275320970042789,0.0,0.0,0.004456486510391632,0.21568627450980393,0.0,0,11,21,22,19,,51,22,3.600000000000001,0.051355206847360876,6.000000000000003,0.08559201141226815,18,30,31
134,D,all_agents,,,40,30,10,0,22,8,0.41286943360398026,0.24216564082943032,0.9983369488062459,0.10055230120072166,917,30,0.75,0,0.0,0.0,30.975,5811,,,,,,,,,,,,,,,,,,,,,,,,,,,
134,D,participants_only,,,30,30,0,0,22,8,0.47249705138779174,0.24505035334834252,0.9983369488062459,0.11966868465463484,917,30,1.0,0,0.0,0.0,24.633333333333333,5811,,,,,,,,,,,,,,,,,,,,,,,,,,,
134,D,nonparticipants_only,,,10,0,10,0,0,0,0.2339865802525459,0.23641744263086126,0.27842950937756683,0.0005377172081143912,0,0,0.0,0,0.0,0.0,50.0,0,,,,,,,,,,,,,,,,,,,,,,,,,,,
134,D,step_totals,,,,,,,,,,,,,,,,,,,,,70.00000000000007,10.0,0.1428571428571427,,,50.0,0.7142857142857135,0.0,0.0,0.004352078941641815,0.18,0.0,0,9,20,33,20,,50,25,4.000000000000001,0.0571428571428571,6.000000000000003,0.08571428571428566,20,30,20
135,D,all_agents,,,40,30,10,0,22,8,0.41313830836304405,0.2415427742731075,0.9984034708539961,0.10083066363647639,922,30,0.75,0,0.0,0.0,30.95,5860,,,,,,,,,,,,,,,,,,,,,,,,,,,
135,D,participants_only,,,30,30,0,0,22,8,0.4727539705433395,0.24494462222998645,0.9984034708539961,0.12004751424816375,922,30,1.0,0,0.0,0.0,24.6,5860,,,,,,,,,,,,,,,,,,,,,,,,,,,
135,D,nonparticipants_only,,,10,0,10,0,0,0,0.23429132182215753,0.2373223503238947,0.28019655344797406,0.0005317856750729261,0,0,0.0,0,0.0,0.0,50.0,0,,,,,,,,,,,,,,,,,,,,,,,,,,,
135,D,step_totals,,,,,,,,,,,,,,,,,,,,,70.10000000000005,9.5,0.1355206847360912,,,51.0,0.7275320970042791,0.0,0.0,0.004328912303170523,0.09803921568627451,0.0,0,5,21,22,19,,51,22,3.600000000000001,0.05135520684736089,6.000000000000003,0.08559201141226816,18,30,31
136,D,all_agents,,,40,30,10,0,22,8,0.41338632041721884,0.24178392473780955,0.9984673320198362,0.10103376602307136,928,30,0.75,0,0.0,0.0,30.975,5908,,,,,,,,,,,,,,,,,,,,,,,,,,,
136,D,participants_only,,,30,30,0,0,22,8,0.4729836106266772,0.2439068646047246,0.9984673320198362,0.1203292259047013,928,30,1.0,0,0.0,0.0,24.633333333333333,5908,,,,,,,,,,,,,,,,,,,,,,,,,,,
136,D,nonparticipants_only,,,10,0,10,0,0,0,0.2345944497888438,0.23761699111272833,0.27936832302745246,0.0005253423744567287,0,0,0.0,0,0.0,0.0,50.0,0,,,,,,,,,,,,,,,,,,,,,,,,,,,
136,D,step_totals,,,,,,,,,,,,,,,,,,,,,70.00000000000007,10.0,0.1428571428571427,,,50.0,0.7142857142857135,0.0,0.0,0.004323349231537406,0.12,0.0,0,6,20,33,20,,50,25,4.000000000000001,0.0571428571428571,6.000000000000003,0.08571428571428566,20,30,20
137,D,all_agents,,,40,30,10,0,22,8,0.4136180853628286,0.24164371185421224,0.9985286387390427,0.10128526292094539,937,30,0.75,0,0.0,0.0,30.95,5957,,,,,,,,,,,,,,,,,,,,,,,,,,,
137,D,participants_only,,,30,30,0,0,22,8,0.4731921197246036,0.243733887138959,0.9985286387390427,0.1206779685337606,937,30,1.0,0,0.0,0.0,24.6,5957,,,,,,,,,,,,,,,,,,,,,,,,,,,
137,D,nonparticipants_only,,,10,0,10,0,0,0,0.23489598227750375,0.2379572534437394,0.2794299391818442,0.0005183592408444244,0,0,0.0,0,0.0,0.0,50.0,0,,,,,,,,,,,,,,,,,,,,,,,,,,,
137,D,step_totals,,,,,,,,,,,,,,,,,,,,,70.10000000000007,9.5,0.13552068473609116,,,51.0,0.7275320970042789,0.0,0.0,0.004204949940172011,0.17647058823529413,0.0,0,9,21,22,19,,51,22,3.600000000000001,0.051355206847360876,6.000000000000003,0.08559201141226815,18,30,31
138,D,all_agents,,,40,30,10,0,22,8,0.41387986885569567,0.24134552573772133,0.998587493189481,0.10149919201013265,944,30,0.75,0,0.0,0.0,30.975,6004,,,,,,,,,,,,,,,,,,,,,,,,,,,
138,D,participants_only,,,30,30,0,0,22,8,0.4734413258976955,0.24360731454193063,0.998587493189481,0.12097119286843319,944,30,1.0,0,0.0,0.0,24.633333333333333,6004,,,,,,,,,,,,,,,,,,,,,,,,,,,
138,D,nonparticipants_only,,,10,0,10,0,0,0,0.2351954977296962,0.23827250686297463,0.27910081170199075,0.0005123834556391412,0,0,0.0,0,0.0,0.0,50.0,0,,,,,,,,,,,,,,,,,,,,,,,,,,,
138,D,step_totals,,,,,,,,,,,,,,,,,,,,,70.00000000000006,10.0,0.14285714285714274,,,50.0,0.7142857142857137,0.0,0.0,0.004373159902359181,0.14,0.0,0,7,20,33,20,,50,25,4.000000000000001,0.057142857142857106,6.000000000000003,0.08571428571428569,20,30,20
139,D,all_agents,,,40,30,10,0,22,8,0.4141454682391083,0.24081237013984816,0.9986439934619018,0.10177980770033708,952,30,0.75,0,0.0,0.0,30.95,6055,,,,,,,,,,,,,,,,,,,,,,,,,,,
139,D,participants_only,,,30,30,0,0,22,8,0.47369624240221614,0.24395904549626485,0.9986439934619018,0.12135226398174377,952,30,1.0,0,0.0,0.0,24.6,6055,,,,,,,,,,,,,,,,,,,,,,,,,,,
139,D,nonparticipants_only,,,10,0,10,0,0,0,0.23549314574978472,0.23845745450890993,0.27876210791533,0.0005069024150113207,0,0,0.0,0,0.0,0.0,50.0,0,,,,,,,,,,,,,,,,,,,,,,,,,,,
139,D,step_totals,,,,,,,,,,,,,,,,,,,,,70.10000000000008,9.5,0.13552068473609113,,,51.0,0.7275320970042788,0.0,0.0,0.004324026619969551,0.1568627450980392,0.0,0,8,21,22,19,,51,22,3.600000000000001,0.05135520684736087,6.000000000000003,0.08559201141226813,18,30,31
140,D,all_agents,,,40,30,10,0,22,8,0.414395095305959,0.24152387725991836,0.9986982337234257,0.10198585675750113,958,30,0.75,0,0.0,0.0,30.975,6104,,,,,,,,,,,,,,,,,,,,,,,,,,,
140,D,participants_only,,,30,30,0,0,22,8,0.47393046052569887,0.2433073597860298,0.9986982337234257,0.12163607563877486,958,30,1.0,0,0.0,0.0,24.633333333333333,6104,,,,,,,,,,,,,,,,,,,,,,,,,,,
140,D,nonparticipants_only,,,10,0,10,0,0,0,0.23578899964673958,0.23804127657676627,0.27882265153427943,0.0005016835715062555,0,0,0.0,0,0.0,0.0,50.0,0,,,,,,,,,,,,,,,,,,,,,,,,,,,
140,D,step_totals,,,,,,,,,,,,,,,,,,,,,70.00000000000006,10.0,0.14285714285714274,,,50.0,0.7142857142857137,0.0,0.0,0.004334968936856088,0.12,0.0,0,6,20,33,20,,50,25,4.000000000000001,0.057142857142857106,6.000000000000003,0.08571428571428569,20,30,20
140,D,reachability,0.25,0.0,,,,,,,,,,,,,,,,,,,,,,,,,,,,,,,,,,,,,,,,,,,,,
141,D,all_agents,,,40,30,10,0,22,8,0.4146465374871602,0.24183520859746796,0.9987503043744886,0.10225701399645877,968,30,0.75,0,0.0,0.0,30.95,6154,,,,,,,,,,,,,,,,,,,,,,,,,,,
141,D,participants_only,,,30,30,0,0,22,8,0.4741676411514903,0.24294930272023635,0.9987503043744886,0.12200625071149665,968,30,1.0,0,0.0,0.0,24.6,6154,,,,,,,,,,,,,,,,,,,,,,,,,,,
141,D,nonparticipants_only,,,10,0,10,0,0,0,0.23608322649416982,0.2390095904820428,0.2805287259853917,0.0004961624743059612,0,0,0.0,0,0.0,0.0,50.0,0,,,,,,,,,,,,,,,,,,,,,,,,,,,
141,D,step_totals,,,,,,,,,,,,,,,,,,,,,70.10000000000007,9.5,0.13552068473609116,,,51.0,0.7275320970042789,0.0,0.0,0.004278613682547705,0.19607843137254902,0.0,0,10,21,22,19,,51,22,3.600000000000001,0.051355206847360876,6.000000000000003,0.08559201141226815,18,30,31
142,D,all_agents,,,40,30,10,0,22,8,0.4148576507620412,0.241449589114964,0.998800292199509,0.10243504211633885,976,30,0.75,0,0.0,0.0,30.975,6203,,,,,,,,,,,,,,,,,,,,,,,,,,,
142,D,participants_only,,,30,30,0,0,22,8,0.47435156921138766,0.24258557998761135,0.998800292199509,0.12225856898018136,976,30,1.0,0,0.0,0.0,24.633333333333333,6203,,,,,,,,,,,,,,,,,,,,,,,,,,,
142,D,nonparticipants_only,,,10,0,10,0,0,0,0.2363758954140015,0.23929406506335232,0.27972907260732943,0.0004901455353213533,0,0,0.0,0,0.0,0.0,50.0,0,,,,,,,,,,,,,,,,,,,,,,,,,,,
142,D,step_totals,,,,,,,,,,,,,,,,,,,,,70.00000000000006,10.0,0.14285714285714274,,,50.0,0.7142857142857137,0.0,0.0,0.004206137544786191,0.16,0.0,0,8,20,33,20,,50,25,4.000000000000001,0.057142857142857106,6.000000000000003,0.08571428571428569,20,30,20
143,D,all_agents,,,40,30,10,0,22,8,0.4150786202478737,0.24131691596260516,0.9988482805115287,0.10268184813895571,986,30,0.75,0,0.0,0.0,30.95,6253,,,,,,,,,,,,,,,,,,,,,,,,,,,
143,D,participants_only,,,30,30,0,0,22,8,0.4745491523619126,0.2439330232113811,0.9988482805115287,0.12260095216212777,986,30,1.0,0,0.0,0.0,24.6,6253,,,,,,,,,,,,,,,,,,,,,,,,,,,
143,D,nonparticipants_only,,,10,0,10,0,0,0,0.23666702390575697,0.23972183957013973,0.2797885627742948,0.00048360579031634846,0,0,0.0,0,0.0,0.0,50.0,0,,,,,,,,,,,,,,,,,,,,,,,,,,,
143,D,step_totals,,,,,,,,,,,,,,,,,,,,,70.10000000000007,9.5,0.13552068473609116,,,51.0,0.7275320970042789,0.0,0.0,0.00417723219472512,0.19607843137254902,0.0,0,10,21,22,19,,51,22,3.600000000000001,0.051355206847360876,6.000000000000003,0.08559201141226815,18,30,31
144,D,all_agents,,,40,30,10,0,22,8,0.41530489845141,0.24140311838004352,0.9988943492910676,0.10287191726714016,991,30,0.75,0,0.0,0.0,30.975,6302,,,,,,,,,,,,,,,,,,,,,,,,,,,
144,D,participants_only,,,30,30,0,0,22,8,0.4747544629497682,0.24287049327485516,0.9988943492910676,0.12286620859953594,991,30,1.0,0,0.0,0.0,24.633333333333333,6302,,,,,,,,,,,,,,,,,,,,,,,,,,,
144,D,nonparticipants_only,,,10,0,10,0,0,0,0.2369562049563355,0.23982820683786038,0.279470791421593,0.0004780346414194655,0,0,0.0,0,0.0,0.0,50.0,0,,,,,,,,,,,,,,,,,,,,,,,,,,,
144,D,step_totals,,,,,,,,,,,,,,,,,,,,,70.00000000000006,10.0,0.14285714285714274,,,50.0,0.7142857142857137,0.0,0.0,0.004260576036961368,0.1,0.0,0,5,20,33,20,,50,25,4.000000000000001,0.057142857142857106,6.000000000000003,0.08571428571428569,20,30,20
145,D,all_agents,,,40,30,10,0,22,8,0.415531950820936,0.24137202461318102,0.9989385753194249,0.10312699321246663,996,30,0.75,0,0.0,0.0,30.95,6352,,,,,,,,,,,,,,,,,,,,,,,,,,,
145,D,participants_only,,,30,30,0,0,22,8,0.47496140675851756,0.24277878690298088,0.9989385753194249,0.1232175705865188,996,30,1.0,0,0.0,0.0,24.6,6352,,,,,,,,,,,,,,,,,,,,,,,,,,,
145,D,nonparticipants_only,,,10,0,10,0,0,0,0.2372435830081914,0.24010552933373133,0.27914377418043057,0.00047293829386673217,0,0,0.0,0,0.0,0.0,50.0,0,,,,,,,,,,,,,,,,,,,,,,,,,,,
145,D,step_totals,,,,,,,,,,,,,,,,,,,,,70.30000000000007,9.5,0.135135135135135,,,51.0,0.7254623044096721,0.0,0.0,0.0041883683634955805,0.09803921568627451,0.0,0,5,21,22,19,,51,22,3.800000000000001,0.054054054054054015,6.000000000000003,0.08534850640113793,19,30,31
146,D,all_agents,,,40,30,10,0,22,8,0.41572492952386,0.241564892968466,0.9989810323066479,0.10329148877352315,1004,30,0.75,0,0.0,0.0,30.975,6401,,,,,,,,,,,,,,,,,,,,,,,,,,,
146,D,participants_only,,,30,30,0,0,22,8,0.4751234964181928,0.24273205675061527,0.9989810323066479,0.12345319512012506,1004,30,1.0,0,0.0,0.0,24.633333333333333,6401,,,,,,,,,,,,,,,,,,,,,,,,,,,
146,D,nonparticipants_only,,,10,0,10,0,0,0,0.23752922884086175,0.2397037110944254,0.27920222881843165,0.00046809274451116277,0,0,0.0,0,0.0,0.0,50.0,0,,,,,,,,,,,,,,,,,,,,,,,,,,,
146,D,step_totals,,,,,,,,,,,,,,,,,,,,,70.00000000000006,10.0,0.14285714285714274,,,50.0,0.7142857142857137,0.0,0.0,0.004148979185855074,0.16,0.0,0,8,20,33,20,,50,25,4.000000000000001,0.057142857142857106,6.000000000000003,0.08571428571428569,20,30,20
147,D,all_agents,,,40,30,10,0,22,8,0.4159148706057124,0.24180168645948139,0.999021791014382,0.10351886777201993,1011,30,0.75,0,0.0,0.0,30.95,6450,,,,,,,,,,,,,,,,,,,,,,,,,,,
147,D,participants_only,,,30,30,0,0,22,8,0.47528205955318575,0.24296901171728666,0.999021791014382,0.12377298654642878,1011,30,1.0,0,0.0,0.0,24.6,6450,,,,,,,,,,,,,,,,,,,,,,,,,,,
147,D,nonparticipants_only,,,10,0,10,0,0,0,0.23781330376329218,0.24063861455388935,0.28084943732980017,0.0004629539664933222,0,0,0.0,0,0.0,0.0,50.0,0,,,,,,,,,,,,,,,,,,,,,,,,,,,
147,D,step_totals,,,,,,,,,,,,,,,,,,,,,69.90000000000005,9.5,0.13590844062947058,,,51.0,0.7296137339055789,0.0,0.0,0.00408742512030745,0.13725490196078433,0.0,0,7,21,22,19,,51,22,3.400000000000001,0.04864091559370527,6.000000000000003,0.08583690987124461,17,30,31
148,D,all_agents,,,40,30,10,0,22,8,0.4161200828185244,0.24218210694182288,0.9990609193738068,0.10369429032508895,1022,30,0.75,0,0.0,0.0,30.975,6500,,,,,,,,,,,,,,,,,,,,,,,,,,,
148,D,participants_only,,,30,30,0,0,22,8,0.47546148558721785,0.24236033088932502,0.9990609193738068,0.124021000489744,1022,30,1.0,0,0.0,0.0,24.633333333333333,6500,,,,,,,,,,,,,,,,,,,,,,,,,,,
148,D,nonparticipants_only,,,10,0,10,0,0,0,0.23809587451244413,0.2409132736997992,0.2800773749795141,0.0004573348404482411,0,0,0.0,0,0.0,0.0,50.0,0,,,,,,,,,,,,,,,,,,,,,,,,,,,
148,D,step_totals,,,,,,,,,,,,,,,,,,,,,70.00000000000007,10.0,0.1428571428571427,,,50.0,0.7142857142857135,0.0,0.0,0.004193299054080134,0.22,0.0,0,11,20,33,20,,50,25,4.000000000000001,0.0571428571428571,6.000000000000003,0.08571428571428566,20,30,20
149,D,all_agents,,,40,30,10,0,22,8,0.4163031016662198,0.2417545782420516,0.9990984825988546,0.10391582488473415,1025,30,0.75,0,0.0,0.0,30.95,6550,,,,,,,,,,,,,,,,,,,,,,,,,,,
149,D,participants_only,,,30,30,0,0,22,8,0.47561181622694615,0.2420777147284372,0.9990984825988546,0.12433393553615524,1025,30,1.0,0,0.0,0.0,24.6,6550,,,,,,,,,,,,,,,,,,,,,,,,,,,
149,D,nonparticipants_only,,,10,0,10,0,0,0,0.23837695798404104,0.2413895789297828,0.2801348125135585,0.0004512094563224407,0,0,0.0,0,0.0,0.0,50.0,0,,,,,,,,,,,,,,,,,,,,,,,,,,,
149,D,step_totals,,,,,,,,,,,,,,,,,,,,,70.10000000000005,9.5,0.1355206847360912,,,51.0,0.7275320970042791,0.0,0.0,0.004054706322652702,0.058823529411764705,0.0,0,3,21,22,19,,51,22,3.600000000000001,0.05135520684736089,6.000000000000003,0.08559201141226816,18,30,31
150,D,all_agents,,,40,30,10,0,22,8,0.4164730884356865,0.24165175015794574,0.9991345432949004,0.1040645281651078,1032,30,0.75,0,0.0,0.0,30.975,6599,,,,,,,,,,,,,,,,,,,,,,,,,,,
150,D,participants_only,,,30,30,0,0,22,8,0.4757453975114305,0.24170529411345446,0.9991345432949004,0.12455120588611666,1032,30,1.0,0,0.0,0.0,24.633333333333333,6599,,,,,,,,,,,,,,,,,,,,,,,,,,,
150,D,nonparticipants_only,,,10,0,10,0,0,0,0.2386561612084542,0.24136601149992304,0.27982800545921327,0.00044601552403480515,0,0,0.0,0,0.0,0.0,50.0,0,,,,,,,,,,,,,,,,,,,,,,,,,,,
150,D,step_totals,,,,,,,,,,,,,,,,,,,,,70.00000000000009,10.0,0.14285714285714268,,,50.0,0.7142857142857134,0.0,0.0,0.004074679260283921,0.14,0.0,0,7,20,33,20,,50,25,4.000000000000001,0.057142857142857086,6.000000000000003,0.08571428571428565,20,30,20
150,D,reachability,0.25,0.0,,,,,,,,,,,,,,,,,,,,,,,,,,,,,,,,,,,,,,,,,,,,,
151,D,all_agents,,,40,30,10,0,22,8,0.41663681081278736,0.241976855377392,0.9991691615631043,0.10427629326758057,1039,30,0.75,0,0.0,0.0,30.95,6648,,,,,,,,,,,,,,,,,,,,,,,,,,,
151,D,participants_only,,,30,30,0,0,22,8,0.4758712065356053,0.2425035021692732,0.9991691615631043,0.12485311069925402,1039,30,1.0,0,0.0,0.0,24.6,6648,,,,,,,,,,,,,,,,,,,,,,,,,,,
151,D,nonparticipants_only,,,10,0,10,0,0,0,0.2389336236443338,0.24169673942251035,0.2795122715340872,0.0004412773327916675,0,0,0.0,0,0.0,0.0,50.0,0,,,,,,,,,,,,,,,,,,,,,,,,,,,
151,D,step_totals,,,,,,,,,,,,,,,,,,,,,70.10000000000005,9.5,0.1355206847360912,,,51.0,0.7275320970042791,0.0,0.0,0.003990408814913137,0.13725490196078433,0.0,0,7,21,22,19,,51,22,3.600000000000001,0.05135520684736089,6.000000000000003,0.08559201141226816,18,30,31
152,D,all_agents,,,40,30,10,0,22,8,0.4167977848358378,0.24163484653640005,0.9992023951005802,0.10441812023024818,1042,30,0.75,0,0.0,0.0,30.975,6694,,,,,,,,,,,,,,,,,,,,,,,,,,,
152,D,participants_only,,,30,30,0,0,22,8,0.47599390857143087,0.24175428852157183,0.9992023951005802,0.12506184301450535,1042,30,1.0,0,0.0,0.0,24.633333333333333,6694,,,,,,,,,,,,,,,,,,,,,,,,,,,
152,D,nonparticipants_only,,,10,0,10,0,0,0,0.23920941362905854,0.24130878541301426,0.2795687092687837,0.00043677909364097745,0,0,0.0,0,0.0,0.0,50.0,0,,,,,,,,,,,,,,,,,,,,,,,,,,,
152,D,step_totals,,,,,,,,,,,,,,,,,,,,,70.00000000000006,10.0,0.14285714285714274,,,50.0,0.7142857142857137,0.0,0.0,0.004045278930641803,0.06,0.0,0,3,20,33,20,,50,25,4.000000000000001,0.057142857142857106,6.000000000000003,0.08571428571428569,20,30,20
153,D,all_agents,,,40,30,10,0,22,8,0.4169391720299764,0.24130012879465634,0.9992342992965569,0.10460793060111333,1053,30,0.75,0,0.0,0.0,30.95,6743,,,,,,,,,,,,,,,,,,,,,,,,,,,
153,D,participants_only,,,30,30,0,0,22,8,0.4760910004046975,0.2410948352227501,0.9992342992965569,0.1253374867896385,1053,30,1.0,0,0.0,0.0,24.6,6743,,,,,,,,,,,,,,,,,,,,,,,,,,,
153,D,nonparticipants_only,,,10,0,10,0,0,0,0.23948368690581306,0.2422114312118145,0.28115908293515907,0.0004319964346683568,0,0,0.0,0,0.0,0.0,50.0,0,,,,,,,,,,,,,,,,,,,,,,,,,,,
153,D,step_totals,,,,,,,,,,,,,,,,,,,,,70.10000000000008,9.5,0.13552068473609113,,,51.0,0.7275320970042788,0.0,0.0,0.003915546835030547,0.21568627450980393,0.0,0,11,21,22,19,,51,22,3.600000000000001,0.05135520684736087,6.000000000000003,0.08559201141226813,18,30,31
154,D,all_agents,,,40,30,10,0,22,8,0.4171165925710879,0.2418410849603042,0.9992649273246946,0.10476384191819432,1061,30,0.75,0,0.0,0.0,30.975,6792,,,,,,,,,,,,,,,,,,,,,,,,,,,
154,D,participants_only,,,30,30,0,0,22,8,0.4762366207918224,0.24065651039737077,0.9992649273246946,0.12556216211153307,1061,30,1.0,0,0.0,0.0,24.633333333333333,6792,,,,,,,,,,,,,,,,,,,,,,,,,,,
154,D,nonparticipants_only,,,10,0,10,0,0,0,0.23975650790888445,0.2424766135915008,0.28041365961915476,0.0004267484963328079,0,0,0.0,0,0.0,0.0,50.0,0,,,,,,,,,,,,,,,,,,,,,,,,,,,
154,D,step_totals,,,,,,,,,,,,,,,,,,,,,70.00000000000007,10.0,0.1428571428571427,,,50.0,0.7142857142857135,0.0,0.0,0.0041029330712280656,0.16,0.0,0,8,20,33,20,,50,25,4.000000000000001,0.0571428571428571,6.000000000000003,0.08571428571428566,20,30,20
155,D,all_agents,,,40,30,10,0,22,8,0.41729641565745634,0.24161319120682886,0.9992943302317069,0.10498415799641012,1072,30,0.75,0,0.0,0.0,30.95,6843,,,,,,,,,,,,,,,,,,,,,,,,,,,
155,D,participants_only,,,30,30,0,0,22,8,0.47638592322626494,0.2406859509361248,0.9992943302317069,0.1258722609169852,1072,30,1.0,0,0.0,0.0,24.6,6843,,,,,,,,,,,,,,,,,,,,,,,,,,,
155,D,nonparticipants_only,,,10,0,10,0,0,0,0.24002789295103052,0.24293648451233124,0.2804691153437794,0.0004210103779934108,0,0,0.0,0,0.0,0.0,50.0,0,,,,,,,,,,,,,,,,,,,,,,,,,,,
155,D,step_totals,,,,,,,,,,,,,,,,,,,,,69.90000000000006,9.5,0.13590844062947055,,,51.0,0.7296137339055787,0.0,0.0,0.004061274971560668,0.21568627450980393,0.0,0,11,21,22,19,,51,22,3.400000000000001,0.04864091559370526,6.000000000000003,0.0858369098712446,17,30,31
156,D,all_agents,,,40,30,10,0,22,8,0.41744659596878325,0.24145724570573313,0.9993225570224387,0.10511677285673485,1075,30,0.75,0,0.0,0.0,30.975,6890,,,,,,,,,,,,,,,,,,,,,,,,,,,
156,D,participants_only,,,30,30,0,0,22,8,0.4764963070845302,0.24066049243945967,0.9993225570224387,0.1260695009104356,1075,30,1.0,0,0.0,0.0,24.633333333333333,6890,,,,,,,,,,,,,,,,,,,,,,,,,,,
156,D,nonparticipants_only,,,10,0,10,0,0,0,0.24029746262154228,0.2429137302468121,0.28017289427855213,0.0004161681013945165,0,0,0.0,0,0.0,0.0,50.0,0,,,,,,,,,,,,,,,,,,,,,,,,,,,
156,D,step_totals,,,,,,,,,,,,,,,,,,,,,70.00000000000006,10.0,0.14285714285714274,,,50.0,0.7142857142857137,0.0,0.0,0.004011833690103473,0.06,0.0,0,3,20,33,20,,50,25,4.000000000000001,0.057142857142857106,6.000000000000003,0.08571428571428569,20,30,20
