step,condition,population,skill_reachability,resource_reachability,n_agents,maker_count,stage_consumer,stage_customizer,stage_maker,stage_advanced_maker,skill_mean,skill_median,skill_max,skill_var,method_count_total,method_holders,method_adoption_rate,method_peer_held,knowledge_diffusion_lag_mean,hop_count_mean,latent_distributed_resources,completed_projects_total,time_total,time_practice,time_share_practice,time_observe,time_share_observe,time_make,time_share_make,time_idle,time_share_idle,skill_gain_per_time,method_self_discovery_per_time,method_peer_acquisition_per_time,peer_acquired_count,self_discovered_count,reject_time_budget_exceeded,reject_missing_asset,count_practice,count_observe,count_make,count_idle,time_ask,time_share_ask,time_share,time_share_share,count_ask,count_share,reject_insufficient_material
0,A,reachability,0.675,0.0,,,,,,,,,,,,,,,,,,,,,,,,,,,,,,,,,,,,,,,,,,,,,
1,A,all_agents,,,40,0,17,23,0,0,0.16691752288677997,0.1363323920490882,0.6272793414086859,0.014464172452361089,4,4,0.1,0,0.0,0.0,25.9,34,,,,,,,,,,,,,,,,,,,,,,,,,,,
1,A,participants_only,,,30,0,7,23,0,0,0.1610748495975265,0.13563931730460949,0.54363650256378,0.013352490864488439,4,4,0.13333333333333333,0,0.0,0.0,24.533333333333335,34,,,,,,,,,,,,,,,,,,,,,,,,,,,
1,A,nonparticipants_only,,,10,0,10,0,0,0,0.18444554275454036,0.13836750657158628,0.6272793414086859,0.017389575241999564,0,0,0.0,0,0.0,0.0,30.0,0,,,,,,,,,,,,,,,,,,,,,,,,,,,
1,A,step_totals,,,,,,,,,,,,,,,,,,,,,83.99999999999997,20.0,0.23809523809523817,4.000000000000002,0.04761904761904766,60.0,0.7142857142857145,0.0,0.0,0.020044099315849658,0.06666666666666667,0.0,0,4,30,9,40,40,60,31,,,,,,,
2,A,all_agents,,,40,3,13,24,3,0,0.17304070797323437,0.13754554735570385,0.6241429447016424,0.014402415336867692,12,10,0.25,4,1.0,1.0,26.8,66,,,,,,,,,,,,,,,,,,,,,,,,,,,
2,A,participants_only,,,30,3,3,24,3,0,0.16900955957063846,0.1371403400404266,0.5618910424612289,0.013521265419931604,12,10,0.3333333333333333,4,1.0,1.0,24.066666666666666,66,,,,,,,,,,,,,,,,,,,,,,,,,,,
2,A,nonparticipants_only,,,10,0,10,0,0,0,0.1851341531810221,0.14092574317569284,0.6241429447016424,0.016850863198350937,0,0,0.0,0,0.0,0.0,35.0,0,,,,,,,,,,,,,,,,,,,,,,,,,,,
2,A,step_totals,,,,,,,,,,,,,,,,,,,,,87.60000000000001,20.0,0.228310502283105,4.000000000000002,0.04566210045662102,60.0,0.684931506849315,0.0,0.0,0.01825351731686803,0.06666666666666667,0.5263157894736844,4,4,24,7,40,40,60,29,3.0000000000000004,0.03424657534246576,0.6000000000000001,0.006849315068493151,15,3,
3,A,all_agents,,,40,7,12,21,7,0,0.17939746610219542,0.1420846369930357,0.6210222299781343,0.014519164611951208,20,16,0.4,8,1.375,1.25,28.2,102,,,,,,,,,,,,,,,,,,,,,,,,,,,
3,A,participants_only,,,30,7,2,21,7,0,0.17725861197679058,0.1420846369930357,0.5794154007627798,0.013894963605446765,20,16,0.5333333333333333,8,1.375,1.25,24.266666666666666,102,,,,,,,,,,,,,,,,,,,,,,,,,,,
3,A,nonparticipants_only,,,10,0,10,0,0,0,0.18581402847841,0.1402211144598144,0.6210222299781343,0.0163368712678274,0,0,0.0,0,0.0,0.0,40.0,0,,,,,,,,,,,,,,,,,,,,,,,,,,,
3,A,step_totals,,,,,,,,,,,,,,,,,,,,,88.6,20.0,0.22573363431151244,3.800000000000002,0.04288939051918739,60.0,0.6772009029345373,0.0,0.0,0.01866684000783579,0.06666666666666667,0.46511627906976777,4,4,20,7,40,38,60,29,3.2000000000000006,0.036117381489842,1.5999999999999999,0.01805869074492099,16,8,
4,A,all_agents,,,40,7,11,22,7,0,0.18515640384118337,0.1474728067420442,0.6179171188282436,0.01456331025355102,35,23,0.575,18,1.7777777777777777,1.3888888888888888,29.9,134,,,,,,,,,,,,,,,,,,,,,,,,,,,
4,A,participants_only,,,30,7,1,22,7,0,0.18471339144092827,0.1492334367316151,0.5836212467551519,0.01413490360735063,35,23,0.7666666666666667,18,1.7777777777777777,1.3888888888888888,24.866666666666667,134,,,,,,,,,,,,,,,,,,,,,,,,,,,
4,A,nonparticipants_only,,,10,0,10,0,0,0,0.18648544104194872,0.1395200088875153,0.6179171188282436,0.015846175072310828,0,0,0.0,0,0.0,0.0,45.0,0,,,,,,,,,,,,,,,,,,,,,,,,,,,
4,A,step_totals,,,,,,,,,,,,,,,,,,,,,87.50000000000003,19.0,0.21714285714285708,3.700000000000002,0.042285714285714295,57.0,0.6514285714285712,0.0,0.0,0.017415358185065403,0.08771929824561403,0.8695652173913053,10,5,7,23,38,37,57,34,5.200000000000002,0.059428571428571435,2.6,0.029714285714285707,26,13,20
5,A,all_agents,,,40,9,11,20,9,0,0.19017625149707992,0.1567558514156055,0.6148275332341024,0.014611968423322179,46,24,0.6,27,2.3333333333333335,1.4814814814814814,32.25,162,,,,,,,,,,,,,,,,,,,,,,,,,,,
5,A,participants_only,,,30,9,1,20,9,0,0.1911849159069732,0.15757178933621108,0.6002763968849458,0.014354741060385041,46,24,0.8,27,2.3333333333333335,1.4814814814814814,26.333333333333332,162,,,,,,,,,,,,,,,,,,,,,,,,,,,
5,A,nonparticipants_only,,,10,0,10,0,0,0,0.18715025826740014,0.13882240884307773,0.6148275332341024,0.015371441665432164,0,0,0.0,0,0.0,0.0,50.0,0,,,,,,,,,,,,,,,,,,,,,,,,,,,
5,A,step_totals,,,,,,,,,,,,,,,,,,,,,81.30000000000005,19.5,0.23985239852398507,3.2000000000000015,0.039360393603936034,49.0,0.6027060270602702,0.0,0.0,0.01665692593720189,0.04081632653061224,0.7031250000000009,9,2,7,18,39,32,49,35,5.200000000000002,0.06396063960639604,4.400000000000001,0.054120541205412036,26,22,27
6,A,all_agents,,,40,8,10,22,8,0,0.194440827104411,0.16232778702613593,0.611753395567932,0.01449235104193622,54,25,0.625,32,2.40625,1.46875,32.975,183,,,,,,,,,,,,,,,,,,,,,,,,,,,
6,A,participants_only,,,30,8,0,22,8,0,0.19665233608824684,0.16799908734015134,0.5972750149005212,0.014329888385780348,54,25,0.8333333333333334,32,2.40625,1.46875,27.3,183,,,,,,,,,,,,,,,,,,,,,,,,,,,
6,A,nonparticipants_only,,,10,0,10,0,0,0,0.18780630015290353,0.13812829679886235,0.611753395567932,0.0149210497465768,0,0,0.0,0,0.0,0.0,50.0,0,,,,,,,,,,,,,,,,,,,,,,,,,,,
6,A,step_totals,,,,,,,,,,,,,,,,,,,,,79.70000000000007,20.0,0.25094102885821806,3.5000000000000018,0.043914680050188185,45.0,0.5646173149309907,0.0,0.0,0.014846443547553968,0.06666666666666667,0.34013605442176925,5,3,1,28,40,35,45,40,6.600000000000003,0.082810539523212,4.600000000000001,0.05771643663739018,33,23,33
7,A,all_agents,,,40,11,10,19,11,0,0.1995894838134413,0.16318310059478297,0.6086946285900923,0.014595165919460865,66,30,0.75,41,2.8292682926829267,1.5121951219512195,33.325,211,,,,,,,,,,,,,,,,,,,,,,,,,,,
7,A,participants_only,,,30,11,0,19,11,0,0.2033005741730918,0.1685814290655907,0.5942886398260185,0.01457695101793632,66,30,1.0,41,2.8292682926829267,1.5121951219512195,27.766666666666666,211,,,,,,,,,,,,,,,,,,,,,,,,,,,
7,A,nonparticipants_only,,,10,0,10,0,0,0,0.1884562127344897,0.13743765531486804,0.6086946285900923,0.014484544324144605,0,0,0.0,0,0.0,0.0,50.0,0,,,,,,,,,,,,,,,,,,,,,,,,,,,
7,A,step_totals,,,,,,,,,,,,,,,,,,,,,87.10000000000007,20.0,0.22962112514351304,0.8999999999999999,0.010332950631458086,55.0,0.6314580941446608,0.0,0.0,0.01592463536732197,0.05454545454545454,0.7438016528925626,9,3,11,24,40,9,55,35,6.200000000000003,0.07118254879448907,5.000000000000002,0.057405281285878275,31,25,30
8,A,all_agents,,,40,10,10,20,10,0,0.20460155977030198,0.16885989238614607,0.6056511554471418,0.014698134624938896,73,30,0.75,46,3.1956521739130435,1.5434782608695652,33.875,239,,,,,,,,,,,,,,,,,,,,,,,,,,,
8,A,participants_only,,,30,10,0,20,10,0,0.20976948426519296,0.1719799328615037,0.5998686317583191,0.014800552750354605,73,30,1.0,46,3.1956521739130435,1.5434782608695652,28.5,239,,,,,,,,,,,,,,,,,,,,,,,,,,,
8,A,nonparticipants_only,,,10,0,10,0,0,0,0.18909778628562904,0.14079204956342084,0.6056511554471418,0.014070390925673037,0,0,0.0,0,0.0,0.0,50.0,0,,,,,,,,,,,,,,,,,,,,,,,,,,,
8,A,step_totals,,,,,,,,,,,,,,,,,,,,,87.30000000000011,19.5,0.22336769759450142,0.6,0.006872852233676967,54.0,0.6185567010309271,0.0,0.0,0.01552934062583401,0.037037037037037035,0.3623188405797106,5,2,4,31,39,6,54,38,7.200000000000004,0.08247422680412365,6.000000000000003,0.06872852233676971,36,30,31
9,A,all_agents,,,40,11,10,19,11,0,0.20990789315750252,0.17142532724832754,0.602622899669906,0.014973106139477147,83,30,0.75,47,3.25531914893617,1.574468085106383,33.525,269,,,,,,,,,,,,,,,,,,,,,,,,,,,
9,A,participants_only,,,30,11,0,19,11,0,0.21663247095746477,0.1733981193746008,0.5968692885995275,0.015227855855967587,83,30,1.0,47,3.25531914893617,1.574468085106383,28.033333333333335,269,,,,,,,,,,,,,,,,,,,,,,,,,,,
9,A,nonparticipants_only,,,10,0,10,0,0,0,0.18973415975761576,0.14111558009557615,0.602622899669906,0.013666217630952888,0,0,0.0,0,0.0,0.0,50.0,0,,,,,,,,,,,,,,,,,,,,,,,,,,,
9,A,step_totals,,,,,,,,,,,,,,,,,,,,,91.70000000000009,20.0,0.21810250817884386,0.1,0.0010905125408942192,60.0,0.6543075245365315,0.0,0.0,0.015538604198684157,0.15,0.08547008547008554,1,9,10,24,40,1,60,35,5.8000000000000025,0.06324972737186474,5.8000000000000025,0.06324972737186474,29,29,32
10,A,all_agents,,,40,11,10,19,11,0,0.21511117194529325,0.1725311287777278,0.6129945170555464,0.015449149883425155,90,30,0.75,49,3.4489795918367347,1.6122448979591837,33.25,302,,,,,,,,,,,,,,,,,,,,,,,,,,,
10,A,participants_only,,,30,11,0,19,11,0,0.2233607351079978,0.17697897951245056,0.6129945170555464,0.015898950654304658,90,30,1.0,49,3.4489795918367347,1.6122448979591837,27.666666666666668,302,,,,,,,,,,,,,,,,,,,,,,,,,,,
10,A,nonparticipants_only,,,10,0,10,0,0,0,0.1903624824571795,0.14505821605728125,0.5996097851715565,0.013283084062281209,0,0,0.0,0,0.0,0.0,50.0,0,,,,,,,,,,,,,,,,,,,,,,,,,,,
10,A,step_totals,,,,,,,,,,,,,,,,,,,,,88.30000000000008,19.0,0.21517553793884464,0.1,0.0011325028312570771,57.0,0.645526613816534,0.0,0.0,0.01589022560828016,0.08771929824561403,0.16260162601626033,2,5,9,34,38,1,57,37,6.200000000000003,0.07021517553793881,6.000000000000003,0.06795016987542465,31,30,29
10,A,reachability,0.35,0.0,,,,,,,,,,,,,,,,,,,,,,,,,,,,,,,,,,,,,,,,,,,,,
11,A,all_agents,,,40,12,10,18,12,0,0.2203178497190769,0.1760940846148883,0.6099295444702687,0.016025575939919205,96,30,0.75,49,3.4489795918367347,1.6122448979591837,32.85,335,,,,,,,,,,,,,,,,,,,,,,,,,,,
11,A,participants_only,,,30,12,0,18,12,0,0.23009520732689917,0.17993525058008636,0.6099295444702687,0.01668198068274887,96,30,1.0,49,3.4489795918367347,1.6122448979591837,27.133333333333333,335,,,,,,,,,,,,,,,,,,,,,,,,,,,
11,A,nonparticipants_only,,,10,0,10,0,0,0,0.19098577689560997,0.1489809021731473,0.5966117362456987,0.012909201049935322,0,0,0.0,0,0.0,0.0,50.0,0,,,,,,,,,,,,,,,,,,,,,,,,,,,
11,A,step_totals,,,,,,,,,,,,,,,,,,,,,91.5000000000001,19.5,0.21311475409836042,,,60.0,0.6557377049180321,0.0,0.0,0.015327864289459526,0.1,0.0,0,6,10,21,39,,60,34,6.000000000000003,0.06557377049180324,6.000000000000003,0.06557377049180324,30,30,33
12,A,all_agents,,,40,14,10,16,14,0,0.2251752171082147,0.1777435957400723,0.625532362691458,0.01660076936822085,99,30,0.75,49,3.4489795918367347,1.6122448979591837,32.625,367,,,,,,,,,,,,,,,,,,,,,,,,,,,
12,A,participants_only,,,30,14,0,16,14,0,0.23636624736902276,0.18116155172979198,0.625532362691458,0.017449393818415208,99,30,1.0,49,3.4489795918367347,1.6122448979591837,26.833333333333332,367,,,,,,,,,,,,,,,,,,,,,,,,,,,
12,A,nonparticipants_only,,,10,0,10,0,0,0,0.19160212632579046,0.15316382615253454,0.5936286775644702,0.012552026118057918,0,0,0.0,0,0.0,0.0,50.0,0,,,,,,,,,,,,,,,,,,,,,,,,,,,
12,A,step_totals,,,,,,,,,,,,,,,,,,,,,87.40000000000009,19.0,0.21739130434782586,,,56.0,0.6407322654462236,0.0,0.0,0.015146191355304185,0.05357142857142857,0.0,0,3,7,35,38,,56,36,6.600000000000003,0.07551487414187638,5.8000000000000025,0.06636155606407318,33,29,30
13,A,all_agents,,,40,16,10,14,16,0,0.22997912580112775,0.1804173289374131,0.63500687711611,0.01725352802204982,103,30,0.75,49,3.4489795918367347,1.6122448979591837,32.25,398,,,,,,,,,,,,,,,,,,,,,,,,,,,
13,A,participants_only,,,30,16,0,14,16,0,0.2425677785466941,0.18545482187525494,0.63500687711611,0.018302491115171484,103,30,1.0,49,3.4489795918367347,1.6122448979591837,26.333333333333332,398,,,,,,,,,,,,,,,,,,,,,,,,,,,
13,A,nonparticipants_only,,,10,0,10,0,0,0,0.19221316756442874,0.1554600666611229,0.5906605341766479,0.012204948607303366,0,0,0.0,0,0.0,0.0,50.0,0,,,,,,,,,,,,,,,,,,,,,,,,,,,
13,A,step_totals,,,,,,,,,,,,,,,,,,,,,91.7000000000001,19.5,0.21264994547437271,,,60.0,0.6543075245365314,0.0,0.0,0.014272566876435902,0.06666666666666667,0.0,0,4,9,20,39,,60,33,6.200000000000003,0.06761177753544162,6.000000000000003,0.06543075245365318,31,30,34
14,A,all_agents,,,40,18,10,12,18,0,0.23482527014557716,0.18476849535662832,0.6496066020314656,0.018077089328342413,107,30,0.75,49,3.4489795918367347,1.6122448979591837,32.25,435,,,,,,,,,,,,,,,,,,,,,,,,,,,
14,A,participants_only,,,30,18,0,12,18,0,0.2488278273125763,0.18940851327202368,0.6496066020314656,0.019360770043592268,107,30,1.0,49,3.4489795918367347,1.6122448979591837,26.333333333333332,435,,,,,,,,,,,,,,,,,,,,,,,,,,,
14,A,nonparticipants_only,,,10,0,10,0,0,0,0.19281759864457973,0.15511941932627626,0.5877072315057646,0.011873187896011909,0,0,0.0,0,0.0,0.0,50.0,0,,,,,,,,,,,,,,,,,,,,,,,,,,,
14,A,step_totals,,,,,,,,,,,,,,,,,,,,,83.40000000000009,18.0,0.21582733812949617,,,53.0,0.6354916067146276,0.0,0.0,0.01589058772694614,0.07547169811320754,0.0,0,4,7,39,36,,53,35,6.600000000000003,0.07913669064748197,5.8000000000000025,0.06954436450839324,33,29,32
15,A,all_agents,,,40,19,10,11,19,0,0.2401009203044365,0.18989879130177267,0.663622337950207,0.01888607393786569,110,30,0.75,49,3.4489795918367347,1.6122448979591837,31.975,474,,,,,,,,,,,,,,,,,,,,,,,,,,,
15,A,participants_only,,,30,19,0,11,19,0,0.25566213188998205,0.19575579520676029,0.663622337950207,0.020362978256501792,110,30,1.0,49,3.4489795918367347,1.6122448979591837,25.966666666666665,474,,,,,,,,,,,,,,,,,,,,,,,,,,,
15,A,nonparticipants_only,,,10,0,10,0,0,0,0.19341728554779974,0.15849558164243124,0.5847686953482358,0.011549545309835969,0,0,0.0,0,0.0,0.0,50.0,0,,,,,,,,,,,,,,,,,,,,,,,,,,,
15,A,step_totals,,,,,,,,,,,,,,,,,,,,,90.3000000000001,19.5,0.21594684385382037,,,59.0,0.6533776301218155,0.0,0.0,0.015739369939018345,0.05084745762711865,0.0,0,3,11,20,39,,59,32,5.8000000000000025,0.0642303433001107,6.000000000000003,0.06644518272425246,29,30,35
16,A,all_agents,,,40,20,10,10,20,0,0.2444934608204291,0.1912063182394776,0.6770774444321987,0.01984732929755838,114,30,0.75,49,3.4489795918367347,1.6122448979591837,32.2,511,,,,,,,,,,,,,,,,,,,,,,,,,,,
16,A,participants_only,,,30,20,0,10,20,0,0.26132079251176427,0.19658975980399312,0.6770774444321987,0.02158489539974614,114,30,1.0,49,3.4489795918367347,1.6122448979591837,26.266666666666666,511,,,,,,,,,,,,,,,,,,,,,,,,,,,
16,A,nonparticipants_only,,,10,0,10,0,0,0,0.1940114657464236,0.1581581037703511,0.5818448518714947,0.011236721888792545,0,0,0.0,0,0.0,0.0,50.0,0,,,,,,,,,,,,,,,,,,,,,,,,,,,
16,A,step_totals,,,,,,,,,,,,,,,,,,,,,78.20000000000009,18.0,0.23017902813299207,,,48.0,0.6138107416879789,0.0,0.0,0.01562089948577565,0.08333333333333333,0.0,0,4,8,50,36,,48,36,6.400000000000003,0.08184143222506389,5.8000000000000025,0.07416879795396414,32,29,36
17,A,all_agents,,,40,25,10,5,25,0,0.24886465328307183,0.19319248470070113,0.6899943466549108,0.020798722280129363,123,30,0.75,49,3.4489795918367347,1.6122448979591837,31.975,545,,,,,,,,,,,,,,,,,,,,,,,,,,,
17,A,participants_only,,,30,25,0,5,25,0,0.2669524642978534,0.20213351054460005,0.6899943466549108,0.02277934503537024,123,30,1.0,49,3.4489795918367347,1.6122448979591837,25.966666666666665,545,,,,,,,,,,,,,,,,,,,,,,,,,,,
17,A,nonparticipants_only,,,10,0,10,0,0,0,0.19460122023872709,0.16148187886106458,0.5789356276121372,0.010930827126729275,0,0,0.0,0,0.0,0.0,50.0,0,,,,,,,,,,,,,,,,,,,,,,,,,,,
17,A,step_totals,,,,,,,,,,,,,,,,,,,,,87.30000000000008,18.5,0.21191294387170656,,,57.0,0.6529209621993121,0.0,0.0,0.013861629945281447,0.15789473684210525,0.0,0,9,11,22,37,,57,32,5.8000000000000025,0.06643757159221074,6.000000000000003,0.06872852233676972,29,30,37
18,A,all_agents,,,40,25,10,5,25,0,0.252951342060417,0.1946287769499483,0.7023945727887143,0.021832764165249024,130,30,0.75,49,3.4489795918367347,1.6122448979591837,32.2,581,,,,,,,,,,,,,,,,,,,,,,,,,,,
18,A,participants_only,,,30,25,0,5,25,0,0.2722067542069147,0.201450046664308,0.7023945727887143,0.02408148749419332,130,30,1.0,49,3.4489795918367347,1.6122448979591837,26.266666666666666,581,,,,,,,,,,,,,,,,,,,,,,,,,,,
18,A,nonparticipants_only,,,10,0,10,0,0,0,0.19518510562092384,0.16114754225235112,0.5760409494740766,0.010637343415238228,0,0,0.0,0,0.0,0.0,50.0,0,,,,,,,,,,,,,,,,,,,,,,,,,,,
18,A,step_totals,,,,,,,,,,,,,,,,,,,,,78.00000000000009,18.0,0.2307692307692305,,,48.0,0.6153846153846148,0.0,0.0,0.014763997271055936,0.14583333333333334,0.0,0,7,9,49,36,,48,34,6.200000000000003,0.07948717948717944,5.8000000000000025,0.0743589743589743,31,29,35
19,A,all_agents,,,40,26,10,4,26,0,0.25712920810357637,0.1956284400505982,0.7142987898771658,0.022880071934622024,137,30,0.75,49,3.4489795918367347,1.6122448979591837,31.975,616,,,,,,,,,,,,,,,,,,,,,,,,,,,
19,A,participants_only,,,30,26,0,4,26,0,0.27758405748543363,0.20860750628192354,0.7142987898771658,0.02538307936155636,137,30,1.0,49,3.4489795918367347,1.6122448979591837,25.966666666666665,616,,,,,,,,,,,,,,,,,,,,,,,,,,,
19,A,nonparticipants_only,,,10,0,10,0,0,0,0.19576465995800463,0.162087869760763,0.5731607447267062,0.010350239295005422,0,0,0.0,0,0.0,0.0,50.0,0,,,,,,,,,,,,,,,,,,,,,,,,,,,
19,A,step_totals,,,,,,,,,,,,,,,,,,,,,86.80000000000008,18.0,0.20737327188940072,,,57.0,0.6566820276497689,0.0,0.0,0.01343172051222824,0.12280701754385964,0.0,0,7,11,21,36,,57,32,5.8000000000000025,0.06682027649769581,6.000000000000003,0.0691244239631336,29,30,37
20,A,all_agents,,,40,28,10,2,28,0,0.26115360123483816,0.19691501124836103,0.7257268382820792,0.02401949365289232,146,30,0.75,49,3.4489795918367347,1.6122448979591837,32.2,655,,,,,,,,,,,,,,,,,,,,,,,,,,,
20,A,participants_only,,,30,28,0,2,28,0,0.2827584099898983,0.2075644687505139,0.7257268382820792,0.02680146604472589,146,30,1.0,49,3.4489795918367347,1.6122448979591837,26.266666666666666,655,,,,,,,,,,,,,,,,,,,,,,,,,,,
20,A,nonparticipants_only,,,10,0,10,0,0,0,0.19633917496965775,0.1612774304119592,0.5702949410030727,0.010072363341278933,0,0,0.0,0,0.0,0.0,50.0,0,,,,,,,,,,,,,,,,,,,,,,,,,,,
20,A,step_totals,,,,,,,,,,,,,,,,,,,,,77.00000000000009,17.0,0.22077922077922055,,,48.0,0.6233766233766227,0.0,0.0,0.0147905644207344,0.1875,0.0,0,9,9,49,34,,48,33,6.200000000000003,0.08051948051948046,5.8000000000000025,0.07532467532467528,31,29,34
20,A,reachability,0.15,0.0,,,,,,,,,,,,,,,,,,,,,,,,,,,,,,,,,,,,,,,,,,,,,
21,A,all_agents,,,40,29,10,1,29,0,0.26546293729462805,0.198523320527901,0.736697764750796,0.025139015640171694,152,30,0.75,49,3.4489795918367347,1.6122448979591837,31.975,694,,,,,,,,,,,,,,,,,,,,,,,,,,,
21,A,participants_only,,,30,29,0,1,29,0,0.288314227255292,0.21142897014752224,0.736697764750796,0.028162566714336888,152,30,1.0,49,3.4489795918367347,1.6122448979591837,25.966666666666665,694,,,,,,,,,,,,,,,,,,,,,,,,,,,
21,A,nonparticipants_only,,,10,0,10,0,0,0,0.19690906741263622,0.16047104325989936,0.5674434662980573,0.009802184983280024,0,0,0.0,0,0.0,0.0,50.0,0,,,,,,,,,,,,,,,,,,,,,,,,,,,
21,A,step_totals,,,,,,,,,,,,,,,,,,,,,86.60000000000011,18.0,0.2078521939953808,,,57.0,0.6581986143187059,0.0,0.0,0.013851715466698654,0.10526315789473684,0.0,0,6,12,21,36,,57,32,5.600000000000002,0.06466512702078517,6.000000000000003,0.06928406466512696,28,30,37
22,A,all_agents,,,40,30,10,0,30,0,0.2690978110796231,0.20116609376296424,0.7472298541607642,0.026379765613023992,164,30,0.75,50,3.8,1.64,32.2,732,,,,,,,,,,,,,,,,,,,,,,,,,,,
22,A,participants_only,,,30,30,0,0,30,0,0.2929725748928378,0.2136346717769282,0.7472298541607642,0.02971213711057525,164,30,1.0,50,3.8,1.64,26.266666666666666,732,,,,,,,,,,,,,,,,,,,,,,,,,,,
22,A,nonparticipants_only,,,10,0,10,0,0,0,0.19747351963997886,0.15966868804359988,0.564606248966567,0.009542598954728764,0,0,0.0,0,0.0,0.0,50.0,0,,,,,,,,,,,,,,,,,,,,,,,,,,,
22,A,step_totals,,,,,,,,,,,,,,,,,,,,,76.70000000000009,16.5,0.21512385919165555,,,48.0,0.6258148631029979,0.0,0.0,0.013672715380220074,0.22916666666666666,0.08196721311475418,1,11,9,49,33,,48,33,6.200000000000003,0.08083441981747061,6.000000000000003,0.07822685788787478,31,30,34
23,A,all_agents,,,40,30,10,0,30,0,0.2732901881329641,0.20320110675801625,0.7573406599943335,0.027507303100784686,166,30,0.75,50,3.8,1.64,31.975,772,,,,,,,,,,,,,,,,,,,,,,,,,,,
23,A,participants_only,,,30,30,0,0,30,0,0.29837558056735064,0.21985122435291232,0.7573406599943335,0.03106321886932315,166,30,1.0,50,3.8,1.64,25.966666666666665,772,,,,,,,,,,,,,,,,,,,,,,,,,,,
23,A,nonparticipants_only,,,10,0,10,0,0,0,0.1980340108298045,0.15887034460338187,0.5617832177217341,0.009288232832123183,0,0,0.0,0,0.0,0.0,50.0,0,,,,,,,,,,,,,,,,,,,,,,,,,,,
23,A,step_totals,,,,,,,,,,,,,,,,,,,,,86.6000000000001,18.0,0.20785219399538082,,,57.0,0.658198614318706,0.0,0.0,0.013547618852487075,0.03508771929824561,0.0,0,2,12,21,36,,57,32,5.600000000000002,0.06466512702078518,6.000000000000003,0.06928406466512697,28,30,37
24,A,all_agents,,,40,30,10,0,30,0,0.27665882140456993,0.20813366066120792,0.7670470335945602,0.028722571058818088,170,30,0.75,50,3.8,1.64,32.2,809,,,,,,,,,,,,,,,,,,,,,,,,,,,
24,A,participants_only,,,30,30,0,0,30,0,0.30268207372422673,0.2195170646098351,0.7670470335945602,0.032573054108745156,170,30,1.0,50,3.8,1.64,26.266666666666666,809,,,,,,,,,,,,,,,,,,,,,,,,,,,
24,A,nonparticipants_only,,,10,0,10,0,0,0,0.19858906444559973,0.15807599288036495,0.5589743016331254,0.00904460597352665,0,0,0.0,0,0.0,0.0,50.0,0,,,,,,,,,,,,,,,,,,,,,,,,,,,
24,A,step_totals,,,,,,,,,,,,,,,,,,,,,76.70000000000009,16.5,0.21512385919165555,,,48.0,0.6258148631029979,0.0,0.0,0.012888206775866242,0.08333333333333333,0.0,0,4,9,49,33,,48,33,6.200000000000003,0.08083441981747061,6.000000000000003,0.07822685788787478,31,30,34
25,A,all_agents,,,40,30,10,0,30,0,0.2807632074554798,0.20867617751090398,0.7763651522507777,0.029827079924416057,176,30,0.75,50,3.8,1.64,31.975,850,,,,,,,,,,,,,,,,,,,,,,,,,,,
25,A,participants_only,,,30,30,0,0,30,0,0.3079707763053282,0.22272880157221228,0.7763651522507777,0.033873526124645593,176,30,1.0,50,3.8,1.64,25.966666666666665,850,,,,,,,,,,,,,,,,,,,,,,,,,,,
25,A,nonparticipants_only,,,10,0,10,0,0,0,0.19914050090593446,0.15728561291596313,0.5561794301249599,0.008804719691096526,0,0,0.0,0,0.0,0.0,50.0,0,,,,,,,,,,,,,,,,,,,,,,,,,,,
25,A,step_totals,,,,,,,,,,,,,,,,,,,,,86.6000000000001,18.0,0.20785219399538082,,,57.0,0.658198614318706,0.0,0.0,0.01332419310877461,0.10526315789473684,0.0,0,6,12,21,36,,57,32,5.600000000000002,0.06466512702078518,6.000000000000003,0.06928406466512697,28,30,37
26,A,all_agents,,,40,30,10,0,30,0,0.2841710114568889,0.21071473733846385,0.7853105461607466,0.03106803021209192,188,30,0.75,50,3.8,1.64,32.2,890,,,,,,,,,,,,,,,,,,,,,,,,,,,
26,A,participants_only,,,30,30,0,0,30,0,0.3123322321802768,0.2233752103734672,0.7853105461607466,0.03539430850767212,188,30,1.0,50,3.8,1.64,26.266666666666666,890,,,,,,,,,,,,,,,,,,,,,,,,,,,
26,A,nonparticipants_only,,,10,0,10,0,0,0,0.1996873492867252,0.1564991848513833,0.5533985329743351,0.008572543093774856,0,0,0.0,0,0.0,0.0,50.0,0,,,,,,,,,,,,,,,,,,,,,,,,,,,
26,A,step_totals,,,,,,,,,,,,,,,,,,,,,76.30000000000008,16.5,0.21625163826998667,,,48.0,0.629095674967234,0.0,0.0,0.013095768379484365,0.25,0.0,0,12,11,49,33,,48,33,5.8000000000000025,0.07601572739187414,6.000000000000003,0.07863695937090427,29,30,34
27,A,all_agents,,,40,30,10,0,30,0,0.2877826017522808,0.21453860825206925,0.7938981243143167,0.032246712048502,195,30,0.75,51,4.215686274509804,1.6274509803921569,31.975,929,,,,,,,,,,,,,,,,,,,,,,,,,,,
27,A,participants_only,,,30,30,0,0,30,0,0.3169669894783694,0.2276717830890566,0.7938981243143167,0.03680585215196552,195,30,1.0,51,4.215686274509804,1.6274509803921569,25.966666666666665,929,,,,,,,,,,,,,,,,,,,,,,,,,,,
27,A,nonparticipants_only,,,10,0,10,0,0,0,0.20022943857401507,0.1582839071524021,0.5506315403094634,0.008348549894751407,0,0,0.0,0,0.0,0.0,50.0,0,,,,,,,,,,,,,,,,,,,,,,,,,,,
27,A,step_totals,,,,,,,,,,,,,,,,,,,,,86.1000000000001,17.5,0.20325203252032498,,,57.0,0.6620209059233442,0.0,0.0,0.012059545342933426,0.10526315789473684,0.08620689655172421,1,6,12,20,35,,57,32,5.600000000000002,0.06504065040650402,6.000000000000003,0.06968641114982574,28,30,37
28,A,all_agents,,,40,30,10,0,29,1,0.2910381987974218,0.21497273235663167,0.802142199341744,0.03346253721531286,202,30,0.75,51,4.215686274509804,1.6274509803921569,32.2,969,,,,,,,,,,,,,,,,,,,,,,,,,,,
28,A,participants_only,,,30,30,0,0,29,1,0.3211284916755428,0.22653342417361133,0.802142199341744,0.0382848085456193,202,30,1.0,51,4.215686274509804,1.6274509803921569,26.266666666666666,969,,,,,,,,,,,,,,,,,,,,,,,,,,,
28,A,nonparticipants_only,,,10,0,10,0,0,0,0.20076732016305893,0.15836120123381214,0.5478783826079161,0.008130614518500355,0,0,0.0,0,0.0,0.0,50.0,0,,,,,,,,,,,,,,,,,,,,,,,,,,,
28,A,step_totals,,,,,,,,,,,,,,,,,,,,,76.30000000000007,16.5,0.2162516382699867,,,48.0,0.6290956749672341,0.0,0.0,0.01264500130943697,0.14583333333333334,0.0,0,7,11,49,33,,48,33,5.8000000000000025,0.07601572739187415,6.000000000000003,0.07863695937090429,29,30,34
29,A,all_agents,,,40,30,10,0,29,1,0.2946560484401043,0.21946371160035938,0.8100565113680742,0.03459513570363912,208,30,0.75,51,4.215686274509804,1.6274509803921569,31.975,1010,,,,,,,,,,,,,,,,,,,,,,,,,,,
29,A,participants_only,,,30,30,0,0,29,1,0.3257742279109276,0.232952241597813,0.8100565113680742,0.039614474017917706,208,30,1.0,51,4.215686274509804,1.6274509803921569,25.966666666666665,1010,,,,,,,,,,,,,,,,,,,,,,,,,,,
29,A,nonparticipants_only,,,10,0,10,0,0,0,0.20130151002763436,0.1579762751788062,0.5451389906948765,0.007917027637862924,0,0,0.0,0,0.0,0.0,50.0,0,,,,,,,,,,,,,,,,,,,,,,,,,,,
29,A,step_totals,,,,,,,,,,,,,,,,,,,,,85.60000000000008,17.0,0.19859813084112132,,,57.0,0.6658878504672892,0.0,0.0,0.012181526500906958,0.10526315789473684,0.0,0,6,12,20,34,,57,32,5.600000000000002,0.06542056074766352,6.000000000000003,0.0700934579439252,28,30,37
30,A,all_agents,,,40,30,10,0,28,2,0.2976252604787465,0.21906552796050005,0.8176542509133512,0.035843402329292146,213,30,0.75,51,4.215686274509804,1.6274509803921569,32.2,1050,,,,,,,,,,,,,,,,,,,,,,,,,,,
30,A,participants_only,,,30,30,0,0,28,2,0.32955646085734747,0.23178748038982394,0.8176542509133512,0.04114310449600511,213,30,1.0,51,4.215686274509804,1.6274509803921569,26.266666666666666,1050,,,,,,,,,,,,,,,,,,,,,,,,,,,
30,A,nonparticipants_only,,,10,0,10,0,0,0,0.20183165934294367,0.15747861187102677,0.5424132957414021,0.0077090771377328355,0,0,0.0,0,0.0,0.0,50.0,0,,,,,,,,,,,,,,,,,,,,,,,,,,,
30,A,step_totals,,,,,,,,,,,,,,,,,,,,,75.60000000000008,16.0,0.2116402116402114,,,48.0,0.6349206349206342,0.0,0.0,0.011896966743470388,0.10416666666666667,0.0,0,5,12,49,32,,48,32,5.600000000000002,0.07407407407407403,6.000000000000003,0.07936507936507932,28,30,32
30,A,reachability,0.15,0.0,,,,,,,,,,,,,,,,,,,,,,,,,,,,,,,,,,,,,,,,,,,,,
31,A,all_agents,,,40,30,10,0,28,2,0.3010902135652158,0.219257509439941,0.8249480808768171,0.03697483050464487,221,30,0.75,51,4.215686274509804,1.6274509803921569,31.975,1092,,,,,,,,,,,,,,,,,,,,,,,,,,,
31,A,participants_only,,,30,30,0,0,28,2,0.33400106468296575,0.23411587153735286,0.8249480808768171,0.04246486716803401,221,30,1.0,51,4.215686274509804,1.6274509803921569,25.966666666666665,1092,,,,,,,,,,,,,,,,,,,,,,,,,,,
31,A,nonparticipants_only,,,10,0,10,0,0,0,0.2023576602119659,0.15977424906562418,0.539701229262695,0.007507231058940994,0,0,0.0,0,0.0,0.0,50.0,0,,,,,,,,,,,,,,,,,,,,,,,,,,,
31,A,step_totals,,,,,,,,,,,,,,,,,,,,,84.70000000000009,16.5,0.1948051948051946,,,57.0,0.6729634002361268,0.0,0.0,0.011912003913618742,0.14035087719298245,0.0,0,8,14,19,33,,57,32,5.200000000000002,0.06139315230224317,6.000000000000003,0.07083825265643444,26,30,37
32,A,all_agents,,,40,30,10,0,28,2,0.30398297762573745,0.2198223500227821,0.8319501576417445,0.0381890949988874,227,30,0.75,51,4.215686274509804,1.6274509803921569,32.2,1133,,,,,,,,,,,,,,,,,,,,,,,,,,,
32,A,participants_only,,,30,30,0,0,28,2,0.33768421857779835,0.23294529217966609,0.8319501576417445,0.043938246351463116,227,30,1.0,51,4.215686274509804,1.6274509803921569,26.266666666666666,1133,,,,,,,,,,,,,,,,,,,,,,,,,,,
32,A,nonparticipants_only,,,10,0,10,0,0,0,0.20287925476955476,0.15984756829856417,0.5370027231163815,0.007312357240653875,0,0,0.0,0,0.0,0.0,50.0,0,,,,,,,,,,,,,,,,,,,,,,,,,,,
32,A,step_totals,,,,,,,,,,,,,,,,,,,,,75.40000000000008,16.0,0.21220159151193613,,,48.0,0.6366047745358083,0.0,0.0,0.011716870826186132,0.125,0.0,0,6,13,49,32,,48,32,5.400000000000002,0.07161803713527846,6.000000000000003,0.07957559681697608,27,30,32
33,A,all_agents,,,40,30,10,0,28,2,0.30742060806532956,0.22077018192407533,0.8386721513360748,0.03929379760153415,233,30,0.75,51,4.215686274509804,1.6274509803921569,31.975,1177,,,,,,,,,,,,,,,,,,,,,,,,,,,
33,A,participants_only,,,30,30,0,0,28,2,0.3420949380968893,0.23495305663851337,0.8386721513360748,0.04520912641330738,233,30,1.0,51,4.215686274509804,1.6274509803921569,25.966666666666665,1177,,,,,,,,,,,,,,,,,,,,,,,,,,,
33,A,nonparticipants_only,,,10,0,10,0,0,0,0.20339761797065037,0.159470129601933,0.5343177095007996,0.007120101208564168,0,0,0.0,0,0.0,0.0,50.0,0,,,,,,,,,,,,,,,,,,,,,,,,,,,
33,A,step_totals,,,,,,,,,,,,,,,,,,,,,84.00000000000009,16.0,0.19047619047619027,,,57.0,0.6785714285714279,0.0,0.0,0.0119649802811242,0.10526315789473684,0.0,0,6,15,18,32,,57,31,5.000000000000002,0.059523809523809486,6.000000000000003,0.07142857142857138,25,30,37
34,A,all_agents,,,40,30,10,0,28,2,0.3102741464860603,0.22165776761424333,0.8451252652826318,0.04043389676881068,242,30,0.75,51,4.215686274509804,1.6274509803921569,32.2,1219,,,,,,,,,,,,,,,,,,,,,,,,,,,
34,A,participants_only,,,30,30,0,0,28,2,0.3457281600506478,0.23554585779573983,0.8451252652826318,0.0465729063920978,242,30,1.0,51,4.215686274509804,1.6274509803921569,26.266666666666666,1219,,,,,,,,,,,,,,,,,,,,,,,,,,,
34,A,nonparticipants_only,,,10,0,10,0,0,0,0.2039121057922975,0.1589827570640749,0.5316461209532956,0.006933022964893787,0,0,0.0,0,0.0,0.0,50.0,0,,,,,,,,,,,,,,,,,,,,,,,,,,,
34,A,step_totals,,,,,,,,,,,,,,,,,,,,,74.70000000000009,15.5,0.20749665327978556,,,48.0,0.6425702811244972,0.0,0.0,0.011748320055809244,0.1875,0.0,0,9,14,47,31,,48,31,5.200000000000002,0.0696117804551539,6.000000000000003,0.08032128514056219,26,30,32
35,A,all_agents,,,40,30,10,0,28,2,0.31303801710114615,0.22310499147451104,0.8513202546713265,0.04149037010092033,250,30,0.75,51,4.215686274509804,1.6274509803921569,31.975,1257,,,,,,,,,,,,,,,,,,,,,,,,,,,
35,A,participants_only,,,30,30,0,0,28,2,0.349243165260286,0.23962800203433987,0.8513202546713265,0.047826676094803025,250,30,1.0,51,4.215686274509804,1.6274509803921569,25.966666666666665,1257,,,,,,,,,,,,,,,,,,,,,,,,,,,
35,A,nonparticipants_only,,,10,0,10,0,0,0,0.20442257262372682,0.1612194887643677,0.5289878903485291,0.0067516990805690956,0,0,0.0,0,0.0,0.0,50.0,0,,,,,,,,,,,,,,,,,,,,,,,,,,,
35,A,step_totals,,,,,,,,,,,,,,,,,,,,,83.50000000000009,15.5,0.18562874251496986,,,57.0,0.6826347305389214,0.0,0.0,0.010135829378305676,0.14035087719298245,0.0,0,8,15,17,31,,57,31,5.000000000000002,0.05988023952095804,6.000000000000003,0.07185628742514966,25,30,37
36,A,all_agents,,,40,30,10,0,28,2,0.3155484105569715,0.22229573767480176,0.8572674444844735,0.04262152164287154,254,30,0.75,51,4.215686274509804,1.6274509803921569,32.2,1297,,,,,,,,,,,,,,,,,,,,,,,,,,,
36,A,participants_only,,,30,30,0,0,28,2,0.35242160562057234,0.23960912426975706,0.8572674444844735,0.04919791313086111,254,30,1.0,51,4.215686274509804,1.6274509803921569,26.266666666666666,1297,,,,,,,,,,,,,,,,,,,,,,,,,,,
36,A,nonparticipants_only,,,10,0,10,0,0,0,0.2049288253661693,0.16179894242555404,0.5263429508967865,0.006576757008522636,0,0,0.0,0,0.0,0.0,50.0,0,,,,,,,,,,,,,,,,,,,,,,,,,,,
36,A,step_totals,,,,,,,,,,,,,,,,,,,,,74.70000000000007,15.5,0.20749665327978561,,,48.0,0.6425702811244973,0.0,0.0,0.01067077936882629,0.08333333333333333,0.0,0,4,14,47,31,,48,31,5.200000000000002,0.06961178045515391,6.000000000000003,0.0803212851405622,26,30,32
37,A,all_agents,,,40,30,10,0,28,2,0.3183138981042418,0.22293648004497557,0.8629767467050945,0.04362992008122773,263,30,0.75,51,4.215686274509804,1.6274509803921569,31.975,1336,,,,,,,,,,,,,,,,,,,,,,,,,,,
37,A,participants_only,,,30,30,0,0,28,2,0.3559412432848132,0.24528086534308818,0.8629767467050945,0.050375130904918713,263,30,1.0,51,4.215686274509804,1.6274509803921569,25.966666666666665,1336,,,,,,,,,,,,,,,,,,,,,,,,,,,
37,A,nonparticipants_only,,,10,0,10,0,0,0,0.20543186256252793,0.16229749970703408,0.5237112361423025,0.006404482346100401,0,0,0.0,0,0.0,0.0,50.0,0,,,,,,,,,,,,,,,,,,,,,,,,,,,
37,A,step_totals,,,,,,,,,,,,,,,,,,,,,82.90000000000008,15.5,0.18697225572979476,,,57.0,0.6875753920386001,0.0,0.0,0.010234833153781996,0.15789473684210525,0.0,0,9,18,17,31,,57,31,4.400000000000001,0.0530759951749095,6.000000000000003,0.07237635705669478,22,30,36
38,A,all_agents,,,40,30,10,0,28,2,0.3207186012882354,0.22283985937367246,0.8684576768368907,0.04469748179677293,267,30,0.75,51,4.215686274509804,1.6274509803921569,32.2,1377,,,,,,,,,,,,,,,,,,,,,,,,,,,
38,A,participants_only,,,30,30,0,0,28,2,0.3589811114323309,0.24515335420900813,0.8684576768368907,0.051661459673229305,267,30,1.0,51,4.215686274509804,1.6274509803921569,26.266666666666666,1377,,,,,,,,,,,,,,,,,,,,,,,,,,,
38,A,nonparticipants_only,,,10,0,10,0,0,0,0.20593107085594878,0.16309880382064185,0.521092679961591,0.006237311977079614,0,0,0.0,0,0.0,0.0,50.0,0,,,,,,,,,,,,,,,,,,,,,,,,,,,
38,A,step_totals,,,,,,,,,,,,,,,,,,,,,73.70000000000007,14.5,0.19674355495250997,,,48.0,0.6512890094979641,0.0,0.0,0.010531358489940058,0.08333333333333333,0.0,0,4,14,46,29,,48,30,5.200000000000002,0.07055630936227947,6.000000000000003,0.08141112618724554,26,30,32
39,A,all_agents,,,40,30,10,0,28,2,0.3232364821992662,0.22317945879489898,0.873719369763415,0.04567068112536526,273,30,0.75,51,4.215686274509804,1.6274509803921569,31.975,1415,,,,,,,,,,,,,,,,,,,,,,,,,,,
39,A,participants_only,,,30,30,0,0,28,2,0.36217305243442266,0.24898023038148492,0.873719369763415,0.052805286772115975,273,30,1.0,51,4.215686274509804,1.6274509803921569,25.966666666666665,1415,,,,,,,,,,,,,,,,,,,,,,,,,,,
39,A,nonparticipants_only,,,10,0,10,0,0,0,0.20642677149379696,0.16627472258091625,0.5184872165617831,0.006074186164985865,0,0,0.0,0,0.0,0.0,50.0,0,,,,,,,,,,,,,,,,,,,,,,,,,,,
39,A,step_totals,,,,,,,,,,,,,,,,,,,,,82.90000000000009,15.5,0.18697225572979473,,,57.0,0.6875753920386,0.0,0.0,0.009537917952629878,0.10526315789473684,0.0,0,6,18,17,31,,57,31,4.400000000000001,0.053075995174909484,6.000000000000003,0.07237635705669476,22,30,36
40,A,all_agents,,,40,30,10,0,28,2,0.32542723170941934,0.22392047422625516,0.8787705949728785,0.04672741249135923,282,30,0.75,51,4.215686274509804,1.6274509803921569,32.2,1455,,,,,,,,,,,,,,,,,,,,,,,,,,,
40,A,participants_only,,,30,30,0,0,28,2,0.3649301636279771,0.24969873211311977,0.8787705949728785,0.05408903074331105,282,30,1.0,51,4.215686274509804,1.6274509803921569,26.266666666666666,1455,,,,,,,,,,,,,,,,,,,,,,,,,,,
40,A,nonparticipants_only,,,10,0,10,0,0,0,0.20691843595374607,0.167765232255135,0.5158947804789742,0.005916778173557245,0,0,0.0,0,0.0,0.0,50.0,0,,,,,,,,,,,,,,,,,,,,,,,,,,,
40,A,step_totals,,,,,,,,,,,,,,,,,,,,,73.20000000000007,14.0,0.1912568306010927,,,48.0,0.6557377049180321,0.0,0.0,0.009937084401437816,0.1875,0.0,0,9,14,46,28,,48,30,5.200000000000002,0.07103825136612017,6.000000000000003,0.08196721311475405,26,30,32
40,A,reachability,0.2,0.0,,,,,,,,,,,,,,,,,,,,,,,,,,,,,,,,,,,,,,,,,,,,,
41,A,all_agents,,,40,30,10,0,28,2,0.3277699728774882,0.22441580083956036,0.8836197711739633,0.04768329894993259,288,30,0.75,51,4.215686274509804,1.6274509803921569,31.975,1493,,,,,,,,,,,,,,,,,,,,,,,,,,,
41,A,participants_only,,,30,30,0,0,28,2,0.36789103672647966,0.2484502384525542,0.8836197711739633,0.055218069180310254,288,30,1.0,51,4.215686274509804,1.6274509803921569,25.966666666666665,1493,,,,,,,,,,,,,,,,,,,,,,,,,,,
41,A,nonparticipants_only,,,10,0,10,0,0,0,0.20740678133051374,0.16825143734435194,0.5133153065765793,0.005762591086301385,0,0,0.0,0,0.0,0.0,50.0,0,,,,,,,,,,,,,,,,,,,,,,,,,,,
41,A,step_totals,,,,,,,,,,,,,,,,,,,,,82.20000000000009,15.0,0.18248175182481732,,,57.0,0.6934306569343058,0.0,0.0,0.009139508853629533,0.10526315789473684,0.0,0,6,19,16,30,,57,31,4.200000000000001,0.051094890510948864,6.000000000000003,0.07299270072992696,21,30,36
42,A,all_agents,,,40,30,10,0,28,2,0.3298554784919926,0.22583667069118912,0.8882749803270048,0.04873051433843962,293,30,0.75,51,4.215686274509804,1.6274509803921569,32.2,1534,,,,,,,,,,,,,,,,,,,,,,,,,,,
42,A,participants_only,,,30,30,0,0,28,2,0.370510092431274,0.24720798726029142,0.8882749803270048,0.056492010681856365,293,30,1.0,51,4.215686274509804,1.6274509803921569,26.266666666666666,1534,,,,,,,,,,,,,,,,,,,,,,,,,,,
42,A,nonparticipants_only,,,10,0,10,0,0,0,0.20789163667414845,0.1690578884484056,0.5107487300436964,0.0056124536935652485,0,0,0.0,0,0.0,0.0,50.0,0,,,,,,,,,,,,,,,,,,,,,,,,,,,
42,A,step_totals,,,,,,,,,,,,,,,,,,,,,72.20000000000007,13.0,0.18005540166204967,,,48.0,0.6648199445983373,0.0,0.0,0.009774006521941669,0.10416666666666667,0.0,0,5,14,45,26,,48,29,5.200000000000002,0.0720221606648199,6.000000000000003,0.0831024930747922,26,30,32
43,A,all_agents,,,40,30,10,0,27,3,0.33239775474875943,0.22668238836714655,0.8927439811139246,0.04954599123548393,304,30,0.75,51,4.215686274509804,1.6274509803921569,31.975,1574,,,,,,,,,,,,,,,,,,,,,,,,,,,
43,A,participants_only,,,30,30,0,0,27,3,0.3737393302461168,0.2479682963134495,0.8927439811139246,0.057402756834856856,304,30,1.0,51,4.215686274509804,1.6274509803921569,25.966666666666665,1574,,,,,,,,,,,,,,,,,,,,,,,,,,,
43,A,nonparticipants_only,,,10,0,10,0,0,0,0.2083730282566873,0.1701248465603507,0.5081949863934779,0.0054661840621207415,0,0,0.0,0,0.0,0.0,50.0,0,,,,,,,,,,,,,,,,,,,,,,,,,,,
43,A,step_totals,,,,,,,,,,,,,,,,,,,,,82.00000000000007,15.0,0.1829268292682925,,,57.0,0.6951219512195116,0.0,0.0,0.00976475343312114,0.19298245614035087,0.0,0,11,20,16,30,,57,31,4.000000000000001,0.048780487804878016,6.000000000000003,0.07317073170731704,20,30,36
44,A,all_agents,,,40,30,10,0,27,3,0.334547041567636,0.22651174273670222,0.8970342218693677,0.05058216912892447,310,30,0.75,51,4.215686274509804,1.6274509803921569,32.2,1618,,,,,,,,,,,,,,,,,,,,,,,,,,,
44,A,participants_only,,,30,30,0,0,27,3,0.37644585335488234,0.24672845483188224,0.8970342218693677,0.05864583552842367,310,30,1.0,51,4.215686274509804,1.6274509803921569,26.266666666666666,1618,,,,,,,,,,,,,,,,,,,,,,,,,,,
44,A,nonparticipants_only,,,10,0,10,0,0,0,0.20885060620589707,0.1718974193955724,0.5056540114615106,0.005325044780229793,0,0,0.0,0,0.0,0.0,50.0,0,,,,,,,,,,,,,,,,,,,,,,,,,,,
44,A,step_totals,,,,,,,,,,,,,,,,,,,,,72.20000000000007,13.0,0.18005540166204967,,,48.0,0.6648199445983373,0.0,0.0,0.010012644954596977,0.125,0.0,0,6,14,45,26,,48,29,5.200000000000002,0.0720221606648199,6.000000000000003,0.0831024930747922,26,30,32
45,A,all_agents,,,40,30,10,0,27,3,0.33712074095196076,0.22872219340040834,0.9011528529945929,0.051457296612205654,318,30,0.75,51,4.215686274509804,1.6274509803921569,31.975,1662,,,,,,,,,,,,,,,,,,,,,,,,,,,
45,A,participants_only,,,30,30,0,0,27,3,0.3797192129173512,0.2519837669502327,0.9011528529945929,0.05962268984887409,318,30,1.0,51,4.215686274509804,1.6274509803921569,25.966666666666665,1662,,,,,,,,,,,,,,,,,,,,,,,,,,,
45,A,nonparticipants_only,,,10,0,10,0,0,0,0.20932532505578924,0.17192511050447443,0.503125741404203,0.005185559136766425,0,0,0.0,0,0.0,0.0,50.0,0,,,,,,,,,,,,,,,,,,,,,,,,,,,
45,A,step_totals,,,,,,,,,,,,,,,,,,,,,81.00000000000007,14.0,0.17283950617283936,,,57.0,0.703703703703703,0.0,0.0,0.01002325405516269,0.14035087719298245,0.0,0,8,20,15,28,,57,31,4.000000000000001,0.049382716049382686,6.000000000000003,0.07407407407407404,20,30,36
46,A,all_agents,,,40,30,10,0,27,3,0.33916905434130656,0.22821334866691084,0.9051067388748092,0.05245492019033832,321,30,0.75,51,4.215686274509804,1.6274509803921569,32.2,1706,,,,,,,,,,,,,,,,,,,,,,,,,,,
46,A,participants_only,,,30,30,0,0,27,3,0.38229337466455643,0.25072384811548154,0.9051067388748092,0.06081710219756423,321,30,1.0,51,4.215686274509804,1.6274509803921569,26.266666666666666,1706,,,,,,,,,,,,,,,,,,,,,,,,,,,
46,A,nonparticipants_only,,,10,0,10,0,0,0,0.20979609337155677,0.17318757166958,0.5006101126971819,0.00505189012855338,0,0,0.0,0,0.0,0.0,50.0,0,,,,,,,,,,,,,,,,,,,,,,,,,,,
46,A,step_totals,,,,,,,,,,,,,,,,,,,,,72.00000000000007,13.0,0.18055555555555539,,,48.0,0.666666666666666,0.0,0.0,0.009731698488776988,0.0625,0.0,0,3,15,43,26,,48,28,5.000000000000002,0.0694444444444444,6.000000000000003,0.08333333333333329,25,30,32
47,A,all_agents,,,40,30,10,0,27,3,0.34190819261465527,0.23029134760064612,0.9089024693198168,0.053310740450146325,330,30,0.75,51,4.215686274509804,1.6274509803921569,31.975,1754,,,,,,,,,,,,,,,,,,,,,,,,,,,
47,A,participants_only,,,30,30,0,0,27,3,0.38578968511016615,0.2609702971336211,0.9089024693198168,0.06173829674316559,330,30,1.0,51,4.215686274509804,1.6274509803921569,25.966666666666665,1754,,,,,,,,,,,,,,,,,,,,,,,,,,,
47,A,nonparticipants_only,,,10,0,10,0,0,0,0.21026371512812267,0.1739949848900275,0.498107062133696,0.0049210469674856126,0,0,0.0,0,0.0,0.0,50.0,0,,,,,,,,,,,,,,,,,,,,,,,,,,,
47,A,step_totals,,,,,,,,,,,,,,,,,,,,,81.00000000000007,14.0,0.17283950617283936,,,57.0,0.703703703703703,0.0,0.0,0.010532651011495494,0.15789473684210525,0.0,0,9,20,15,28,,57,31,4.000000000000001,0.049382716049382686,6.000000000000003,0.07407407407407404,20,30,36
48,A,all_agents,,,40,30,10,0,27,3,0.3436390639640405,0.23019965003229848,0.9125463705470241,0.05425668760997732,332,30,0.75,51,4.215686274509804,1.6274509803921569,32.2,1796,,,,,,,,,,,,,,,,,,,,,,,,,,,
48,A,participants_only,,,30,30,0,0,27,3,0.38794267346046124,0.25966544564795296,0.9125463705470241,0.06289336648703808,332,30,1.0,51,4.215686274509804,1.6274509803921569,26.266666666666666,1796,,,,,,,,,,,,,,,,,,,,,,,,,,,
48,A,nonparticipants_only,,,10,0,10,0,0,0,0.21072823547477817,0.1745278749153819,0.4956165268230275,0.004792933205858876,0,0,0.0,0,0.0,0.0,50.0,0,,,,,,,,,,,,,,,,,,,,,,,,,,,
48,A,step_totals,,,,,,,,,,,,,,,,,,,,,72.00000000000007,13.0,0.18055555555555539,,,48.0,0.666666666666666,0.0,0.0,0.008705351264984765,0.041666666666666664,0.0,0,2,15,43,26,,48,28,5.000000000000002,0.0694444444444444,6.000000000000003,0.08333333333333329,25,30,32
49,A,all_agents,,,40,30,10,0,26,4,0.34595483057075566,0.22997329978911857,0.9160445157251432,0.05504987274065548,342,30,0.75,51,4.215686274509804,1.6274509803921569,31.975,1840,,,,,,,,,,,,,,,,,,,,,,,,,,,
49,A,participants_only,,,30,30,0,0,26,4,0.3908766560386222,0.26410503341888103,0.9160445157251432,0.06377176252319154,342,30,1.0,51,4.215686274509804,1.6274509803921569,25.966666666666665,1840,,,,,,,,,,,,,,,,,,,,,,,,,,,
49,A,nonparticipants_only,,,10,0,10,0,0,0,0.21118935416715576,0.1753599267620631,0.49313844418891234,0.0046685585526616636,0,0,0.0,0,0.0,0.0,50.0,0,,,,,,,,,,,,,,,,,,,,,,,,,,,
49,A,step_totals,,,,,,,,,,,,,,,,,,,,,80.10000000000007,13.5,0.16853932584269649,,,57.0,0.7116104868913852,0.0,0.0,0.009411640301321205,0.17543859649122806,0.0,0,10,22,13,27,,57,31,3.600000000000001,0.04494382022471908,6.000000000000003,0.07490636704119848,18,30,36
50,A,all_agents,,,40,30,10,0,26,4,0.3475653791397997,0.23043800917244278,0.9194027350961375,0.05594006939926681,349,30,0.75,51,4.215686274509804,1.6274509803921569,32.2,1881,,,,,,,,,,,,,,,,,,,,,,,,,,,
50,A,participants_only,,,30,30,0,0,26,4,0.39287158709623365,0.26278450825178656,0.9194027350961375,0.06485974977791707,349,30,1.0,51,4.215686274509804,1.6274509803921569,26.266666666666666,1881,,,,,,,,,,,,,,,,,,,,,,,,,,,
50,A,nonparticipants_only,,,10,0,10,0,0,0,0.21164675527049787,0.17629517944756914,0.4906727519679678,0.0045491985106163825,0,0,0.0,0,0.0,0.0,50.0,0,,,,,,,,,,,,,,,,,,,,,,,,,,,
50,A,step_totals,,,,,,,,,,,,,,,,,,,,,72.00000000000007,13.0,0.18055555555555539,,,48.0,0.666666666666666,0.0,0.0,0.008329425803836651,0.14583333333333334,0.0,0,7,15,43,26,,48,28,5.000000000000002,0.0694444444444444,6.000000000000003,0.08333333333333329,25,30,32
50,A,reachability,0.2,0.0,,,,,,,,,,,,,,,,,,,,,,,,,,,,,,,,,,,,,,,,,,,,,
51,A,all_agents,,,40,30,10,0,25,5,0.34972342942798285,0.23313864604098344,0.9226266256922919,0.056708356269560306,356,30,0.75,51,4.215686274509804,1.6274509803921569,31.975,1924,,,,,,,,,,,,,,,,,,,,,,,,,,,
51,A,participants_only,,,30,30,0,0,25,5,0.3955974920164994,0.2670970307697689,0.9226266256922919,0.06571607196185812,356,30,1.0,51,4.215686274509804,1.6274509803921569,25.966666666666665,1924,,,,,,,,,,,,,,,,,,,,,,,,,,,
51,A,nonparticipants_only,,,10,0,10,0,0,0,0.21210124166243333,0.17797733976753125,0.48821938820812794,0.004432053772165289,0,0,0.0,0,0.0,0.0,50.0,0,,,,,,,,,,,,,,,,,,,,,,,,,,,
51,A,step_totals,,,,,,,,,,,,,,,,,,,,,80.10000000000007,13.5,0.16853932584269649,,,57.0,0.7116104868913852,0.0,0.0,0.008953738268026496,0.12280701754385964,0.0,0,7,22,13,27,,57,31,3.600000000000001,0.04494382022471908,6.000000000000003,0.07490636704119848,18,30,36
52,A,all_agents,,,40,30,10,0,25,5,0.3513152573551396,0.23274041967087805,0.9257215606646002,0.05748832567748785,360,30,0.75,51,4.215686274509804,1.6274509803921569,32.2,1965,,,,,,,,,,,,,,,,,,,,,,,,,,,
52,A,participants_only,,,30,30,0,0,25,5,0.39756946461945425,0.26576154561592,0.9257215606646002,0.06665408371618063,360,30,1.0,51,4.215686274509804,1.6274509803921569,26.266666666666666,1965,,,,,,,,,,,,,,,,,,,,,,,,,,,
52,A,nonparticipants_only,,,10,0,10,0,0,0,0.21255263556219559,0.17876081157570273,0.48577829126708727,0.004317631285607349,0,0,0.0,0,0.0,0.0,50.0,0,,,,,,,,,,,,,,,,,,,,,,,,,,,
52,A,step_totals,,,,,,,,,,,,,,,,,,,,,71.50000000000009,12.5,0.17482517482517462,,,48.0,0.6713286713286706,0.0,0.0,0.008373036901339552,0.08333333333333333,0.0,0,4,15,42,25,,48,27,5.000000000000002,0.06993006993006987,6.000000000000003,0.08391608391608385,25,30,31
53,A,all_agents,,,40,30,10,0,24,6,0.3533788684396439,0.23328293626074686,0.9286926982380161,0.05827269366824571,365,30,0.75,51,4.215686274509804,1.6274509803921569,31.975,2009,,,,,,,,,,,,,,,,,,,,,,,,,,,
53,A,participants_only,,,30,30,0,0,24,6,0.40017151745763124,0.2693111240198294,0.9286926982380161,0.06753670139833756,365,30,1.0,51,4.215686274509804,1.6274509803921569,25.966666666666665,2009,,,,,,,,,,,,,,,,,,,,,,,,,,,
53,A,nonparticipants_only,,,10,0,10,0,0,0,0.21300092138568172,0.1797654329288397,0.4833493998107518,0.004206046452523481,0,0,0.0,0,0.0,0.0,50.0,0,,,,,,,,,,,,,,,,,,,,,,,,,,,
53,A,step_totals,,,,,,,,,,,,,,,,,,,,,79.30000000000007,12.5,0.1576292559899116,,,57.0,0.7187894073139969,0.0,0.0,0.00879932641135722,0.08771929824561403,0.0,0,5,22,13,25,,57,31,3.800000000000001,0.047919293820933136,6.000000000000003,0.0756620428751576,19,30,36
54,A,all_agents,,,40,30,10,0,24,6,0.35482896388337326,0.23227424296374172,0.9315449903084955,0.0590644484305123,374,30,0.75,51,4.215686274509804,1.6274509803921569,32.2,2051,,,,,,,,,,,,,,,,,,,,,,,,,,,
54,A,participants_only,,,30,30,0,0,24,6,0.4019566891429347,0.2698621085619354,0.9315449903084955,0.06850230486801177,374,30,1.0,51,4.215686274509804,1.6274509803921569,26.266666666666666,2051,,,,,,,,,,,,,,,,,,,,,,,,,,,
54,A,nonparticipants_only,,,10,0,10,0,0,0,0.21344578810468903,0.18109525081219868,0.48093265281169806,0.004098609260325474,0,0,0.0,0,0.0,0.0,50.0,0,,,,,,,,,,,,,,,,,,,,,,,,,,,
54,A,step_totals,,,,,,,,,,,,,,,,,,,,,71.50000000000007,12.5,0.17482517482517465,,,48.0,0.6713286713286707,0.0,0.0,0.007919980224825748,0.1875,0.0,0,9,15,42,25,,48,27,5.000000000000002,0.06993006993006988,6.000000000000003,0.08391608391608386,25,30,31
55,A,all_agents,,,40,30,10,0,23,7,0.3568006252823675,0.23178392440615797,0.9342831906961556,0.05984973085565805,379,30,0.75,51,4.215686274509804,1.6274509803921569,31.975,2097,,,,,,,,,,,,,,,,,,,,,,,,,,,
55,A,participants_only,,,30,30,0,0,23,7,0.40443832705708854,0.2698057350480015,0.9342831906961556,0.0693908434442553,379,30,1.0,51,4.215686274509804,1.6274509803921569,25.966666666666665,2097,,,,,,,,,,,,,,,,,,,,,,,,,,,
55,A,nonparticipants_only,,,10,0,10,0,0,0,0.21388751995820432,0.18218085765321698,0.4785279895476396,0.003994185525339168,0,0,0.0,0,0.0,0.0,50.0,0,,,,,,,,,,,,,,,,,,,,,,,,,,,
55,A,step_totals,,,,,,,,,,,,,,,,,,,,,77.60000000000007,11.0,0.1417525773195875,,,57.0,0.7345360824742262,0.0,0.0,0.008762316800916053,0.08771929824561403,0.0,0,5,23,13,22,,57,31,3.600000000000001,0.04639175257731956,6.000000000000003,0.07731958762886595,18,30,36
56,A,all_agents,,,40,30,10,0,23,7,0.35823247530145513,0.23304761462324902,0.9369118630683094,0.06063446889143667,384,30,0.75,51,4.215686274509804,1.6274509803921569,32.2,2140,,,,,,,,,,,,,,,,,,,,,,,,,,,
56,A,participants_only,,,30,30,0,0,23,7,0.4062012107546755,0.2684567063727615,0.9369118630683094,0.07034450851617044,384,30,1.0,51,4.215686274509804,1.6274509803921569,26.266666666666666,2140,,,,,,,,,,,,,,,,,,,,,,,,,,,
56,A,nonparticipants_only,,,10,0,10,0,0,0,0.21432626894179396,0.1834980007742217,0.4761353495999014,0.003892355045462868,0,0,0.0,0,0.0,0.0,50.0,0,,,,,,,,,,,,,,,,,,,,,,,,,,,
56,A,step_totals,,,,,,,,,,,,,,,,,,,,,71.50000000000007,12.5,0.17482517482517465,,,48.0,0.6713286713286707,0.0,0.0,0.007881645619198178,0.10416666666666667,0.0,0,5,15,41,25,,48,26,5.000000000000002,0.06993006993006988,6.000000000000003,0.08391608391608386,25,30,31
57,A,all_agents,,,40,30,10,0,22,8,0.360445413018945,0.2350949877185326,0.9394353885455771,0.061449203945919406,393,30,0.75,51,4.215686274509804,1.6274509803921569,31.975,2191,,,,,,,,,,,,,,,,,,,,,,,,,,,
57,A,participants_only,,,30,30,0,0,22,8,0.4090064486567619,0.26953551445897117,0.9394353885455771,0.0712355580530926,393,30,1.0,51,4.215686274509804,1.6274509803921569,25.966666666666665,2191,,,,,,,,,,,,,,,,,,,,,,,,,,,
57,A,nonparticipants_only,,,10,0,10,0,0,0,0.21476230610549435,0.1842619855653212,0.47375467285190187,0.003792051437791948,0,0,0.0,0,0.0,0.0,50.0,0,,,,,,,,,,,,,,,,,,,,,,,,,,,
57,A,step_totals,,,,,,,,,,,,,,,,,,,,,77.10000000000008,10.5,0.1361867704280154,,,57.0,0.7392996108949409,0.0,0.0,0.00960007512854222,0.15789473684210525,0.0,0,9,24,12,21,,57,31,3.600000000000001,0.04669260700389102,6.000000000000003,0.07782101167315171,18,30,36
58,A,all_agents,,,40,30,10,0,22,8,0.36194278601365215,0.2345959639192408,0.941857973003754,0.062203622041338696,403,30,0.75,51,4.215686274509804,1.6274509803921569,32.2,2236,,,,,,,,,,,,,,,,,,,,,,,,,,,
58,A,participants_only,,,30,30,0,0,22,8,0.410858625050864,0.2681878368866763,0.941857973003754,0.0721355342689031,403,30,1.0,51,4.215686274509804,1.6274509803921569,26.266666666666666,2236,,,,,,,,,,,,,,,,,,,,,,,,,,,
58,A,nonparticipants_only,,,10,0,10,0,0,0,0.21519526890201665,0.1854506133007935,0.47138589948764237,0.003694773654072477,0,0,0.0,0,0.0,0.0,50.0,0,,,,,,,,,,,,,,,,,,,,,,,,,,,
58,A,step_totals,,,,,,,,,,,,,,,,,,,,,71.50000000000007,12.5,0.17482517482517465,,,48.0,0.6713286713286707,0.0,0.0,0.008129651967837975,0.20833333333333334,0.0,0,10,15,41,25,,48,26,5.000000000000002,0.06993006993006988,6.000000000000003,0.08391608391608386,25,30,31
59,A,all_agents,,,40,30,10,0,22,8,0.3640341402495668,0.23541816786382197,0.9441836540836038,0.06300950453454512,410,30,0.75,51,4.215686274509804,1.6274509803921569,31.975,2286,,,,,,,,,,,,,,,,,,,,,,,,,,,
59,A,participants_only,,,30,30,0,0,22,8,0.4135037533304049,0.26986975702629223,0.9441836540836038,0.0730237097757191,410,30,1.0,51,4.215686274509804,1.6274509803921569,25.966666666666665,2286,,,,,,,,,,,,,,,,,,,,,,,,,,,
59,A,nonparticipants_only,,,10,0,10,0,0,0,0.2156253010070527,0.18640941229529437,0.46902896999020416,0.003599977390609288,0,0,0.0,0,0.0,0.0,50.0,0,,,,,,,,,,,,,,,,,,,,,,,,,,,
59,A,step_totals,,,,,,,,,,,,,,,,,,,,,77.10000000000007,10.5,0.13618677042801544,,,57.0,0.739299610894941,0.0,0.0,0.009236351117425573,0.12280701754385964,0.0,0,7,24,12,21,,57,31,3.600000000000001,0.046692607003891023,6.000000000000003,0.07782101167315172,18,30,36
60,A,all_agents,,,40,30,10,0,22,8,0.365231315399283,0.2344567572797423,0.9464163079202597,0.06368642895597429,413,30,0.75,51,4.215686274509804,1.6274509803921569,32.2,2327,,,,,,,,,,,,,,,,,,,,,,,,,,,
60,A,participants_only,,,30,30,0,0,22,8,0.41495759315426456,0.26852040824116075,0.9464163079202597,0.073855304617837,413,30,1.0,51,4.215686274509804,1.6274509803921569,26.266666666666666,2327,,,,,,,,,,,,,,,,,,,,,,,,,,,
60,A,nonparticipants_only,,,10,0,10,0,0,0,0.21605248213433823,0.18807538572125057,0.46668382514025314,0.0035073695779992177,0,0,0.0,0,0.0,0.0,50.0,0,,,,,,,,,,,,,,,,,,,,,,,,,,,
60,A,step_totals,,,,,,,,,,,,,,,,,,,,,71.50000000000007,12.5,0.17482517482517465,,,48.0,0.6713286713286707,0.0,0.0,0.0071488049794517705,0.0625,0.0,0,3,15,41,25,,48,26,5.000000000000002,0.06993006993006988,6.000000000000003,0.08391608391608386,25,30,31
60,A,reachability,0.2,0.0,,,,,,,,,,,,,,,,,,,,,,,,,,,,,,,,,,,,,,,,,,,,,
61,A,all_agents,,,40,30,10,0,22,8,0.3668803398537922,0.23779916864169634,0.9485596556034492,0.06444373214045304,420,30,0.75,51,4.215686274509804,1.6274509803921569,31.975,2373,,,,,,,,,,,,,,,,,,,,,,,,,,,
61,A,participants_only,,,30,30,0,0,22,8,0.4170149656853328,0.26984981644270767,0.9485596556034492,0.0747316533751172,420,30,1.0,51,4.215686274509804,1.6274509803921569,25.966666666666665,2373,,,,,,,,,,,,,,,,,,,,,,,,,,,
61,A,nonparticipants_only,,,10,0,10,0,0,0,0.2164764623591703,0.18874302737827459,0.46435040601455185,0.003418199949237598,0,0,0.0,0,0.0,0.0,50.0,0,,,,,,,,,,,,,,,,,,,,,,,,,,,
61,A,step_totals,,,,,,,,,,,,,,,,,,,,,76.70000000000007,10.5,0.13689700130378082,,,57.0,0.7431551499348102,0.0,0.0,0.007910702949822686,0.12280701754385964,0.0,0,7,24,12,21,,57,31,3.2000000000000006,0.04172099087353322,6.000000000000003,0.0782268578878748,16,30,36
62,A,all_agents,,,40,30,10,0,22,8,0.3683300587572344,0.23729513707927044,0.9506172693793112,0.06510986120211085,428,30,0.75,51,4.215686274509804,1.6274509803921569,32.2,2419,,,,,,,,,,,,,,,,,,,,,,,,,,,
62,A,participants_only,,,30,30,0,0,22,8,0.41880756498949123,0.2685005673604941,0.9506172693793112,0.07551070762794668,428,30,1.0,51,4.215686274509804,1.6274509803921569,26.266666666666666,2419,,,,,,,,,,,,,,,,,,,,,,,,,,,
62,A,nonparticipants_only,,,10,0,10,0,0,0,0.21689754006046397,0.18969370738204627,0.46202865398447907,0.003331578299473079,0,0,0.0,0,0.0,0.0,50.0,0,,,,,,,,,,,,,,,,,,,,,,,,,,,
62,A,step_totals,,,,,,,,,,,,,,,,,,,,,71.50000000000007,12.5,0.17482517482517465,,,48.0,0.6713286713286707,0.0,0.0,0.0080156675500725,0.16666666666666666,0.0,0,8,15,41,25,,48,26,5.000000000000002,0.06993006993006988,6.000000000000003,0.08391608391608386,25,30,31
63,A,all_agents,,,40,30,10,0,22,8,0.3701214397030318,0.237151680632461,0.9525925786041388,0.0658910942397804,443,30,0.75,51,4.215686274509804,1.6274509803921569,31.975,2469,,,,,,,,,,,,,,,,,,,,,,,,,,,
63,A,participants_only,,,30,30,0,0,22,8,0.4210566624483816,0.2671580645236916,0.9525925786041388,0.07639478930788145,443,30,1.0,51,4.215686274509804,1.6274509803921569,25.966666666666665,2469,,,,,,,,,,,,,,,,,,,,,,,,,,,
63,A,nonparticipants_only,,,10,0,10,0,0,0,0.21731577146698244,0.1908779893689901,0.45971851071455666,0.0032472460420564465,0,0,0.0,0,0.0,0.0,50.0,0,,,,,,,,,,,,,,,,,,,,,,,,,,,
63,A,step_totals,,,,,,,,,,,,,,,,,,,,,75.70000000000006,9.5,0.12549537648612935,,,57.0,0.7529722589167761,0.0,0.0,0.008515365140889904,0.2631578947368421,0.0,0,15,26,12,19,,57,31,3.2000000000000006,0.04227212681638042,6.000000000000003,0.07926023778071331,16,30,35
64,A,all_agents,,,40,30,10,0,22,8,0.371347019792167,0.23689942131348546,0.9544888754599733,0.06652925638924156,450,30,0.75,51,4.215686274509804,1.6274509803921569,32.2,2513,,,,,,,,,,,,,,,,,,,,,,,,,,,
64,A,participants_only,,,30,30,0,0,22,8,0.42255223446565426,0.2658222742010732,0.9544888754599733,0.07716295197620854,450,30,1.0,51,4.215686274509804,1.6274509803921569,26.266666666666666,2513,,,,,,,,,,,,,,,,,,,,,,,,,,,
64,A,nonparticipants_only,,,10,0,10,0,0,0,0.21773137577170504,0.1920532032212866,0.4574199181609839,0.0031644815112455596,0,0,0.0,0,0.0,0.0,50.0,0,,,,,,,,,,,,,,,,,,,,,,,,,,,
64,A,step_totals,,,,,,,,,,,,,,,,,,,,,71.50000000000009,12.5,0.17482517482517462,,,48.0,0.6713286713286706,0.0,0.0,0.007286203254227849,0.14583333333333334,0.0,0,7,15,41,25,,48,26,5.000000000000002,0.06993006993006987,6.000000000000003,0.08391608391608385,25,30,31
65,A,all_agents,,,40,30,10,0,21,9,0.3727388468343966,0.23724548692471437,0.9563093204415744,0.06721386700107275,454,30,0.75,51,4.215686274509804,1.6274509803921569,31.975,2557,,,,,,,,,,,,,,,,,,,,,,,,,,,
65,A,participants_only,,,30,30,0,0,21,9,0.4242703684165688,0.2644931628300678,0.9563093204415744,0.07796866839145226,454,30,1.0,51,4.215686274509804,1.6274509803921569,25.966666666666665,2557,,,,,,,,,,,,,,,,,,,,,,,,,,,
65,A,nonparticipants_only,,,10,0,10,0,0,0,0.2181442820878803,0.19302658357729857,0.45513281857017895,0.0030834902310477247,0,0,0.0,0,0.0,0.0,50.0,0,,,,,,,,,,,,,,,,,,,,,,,,,,,
65,A,step_totals,,,,,,,,,,,,,,,,,,,,,75.70000000000006,9.5,0.12549537648612935,,,57.0,0.7529722589167761,0.0,0.0,0.007260566727910166,0.07017543859649122,0.0,0,4,26,12,19,,57,30,3.2000000000000006,0.04227212681638042,6.000000000000003,0.07926023778071331,16,30,34
66,A,all_agents,,,40,30,10,0,21,9,0.3739847067346004,0.2362922485960861,0.9580569476239114,0.06784059113501352,457,30,0.75,51,4.215686274509804,1.6274509803921569,32.2,2602,,,,,,,,,,,,,,,,,,,,,,,,,,,
66,A,participants_only,,,30,30,0,0,21,9,0.42579494389040695,0.26317069701591744,0.9580569476239114,0.07871484742815495,457,30,1.0,51,4.215686274509804,1.6274509803921569,26.266666666666666,2602,,,,,,,,,,,,,,,,,,,,,,,,,,,
66,A,nonparticipants_only,,,10,0,10,0,0,0,0.21855399526718056,0.19247683957448408,0.45285715447732805,0.0030062141658981534,0,0,0.0,0,0.0,0.0,50.0,0,,,,,,,,,,,,,,,,,,,,,,,,,,,
66,A,step_totals,,,,,,,,,,,,,,,,,,,,,70.80000000000007,12.0,0.16949152542372864,,,48.0,0.6779661016949146,0.0,0.0,0.007457399360911046,0.0625,0.0,0,3,16,40,24,,48,25,4.800000000000002,0.06779661016949148,6.000000000000003,0.08474576271186436,24,30,31
67,A,all_agents,,,40,30,10,0,20,10,0.37543833545693084,0.23717383709112694,0.9597346697189549,0.06856189837939551,463,30,0.75,51,4.215686274509804,1.6274509803921569,31.975,2648,,,,,,,,,,,,,,,,,,,,,,,,,,,
67,A,participants_only,,,30,30,0,0,20,10,0.42759748148114674,0.2618548435308379,0.9597346697189549,0.07955649196281551,463,30,1.0,51,4.215686274509804,1.6274509803921569,25.966666666666665,2648,,,,,,,,,,,,,,,,,,,,,,,,,,,
67,A,nonparticipants_only,,,10,0,10,0,0,0,0.2189608973842833,0.19278056065816526,0.4505928687049414,0.0029311994614298446,0,0,0.0,0,0.0,0.0,50.0,0,,,,,,,,,,,,,,,,,,,,,,,,,,,
67,A,step_totals,,,,,,,,,,,,,,,,,,,,,75.20000000000005,9.0,0.11968085106382971,,,57.0,0.7579787234042549,0.0,0.0,0.007530128969370158,0.10526315789473684,0.0,0,6,26,12,18,,57,30,3.2000000000000006,0.04255319148936169,6.000000000000003,0.07978723404255318,16,30,34
68,A,all_agents,,,40,30,10,0,20,10,0.3766792102463075,0.23847950254345035,0.9613452829301967,0.06920287592175096,474,30,0.75,51,4.215686274509804,1.6274509803921569,32.2,2695,,,,,,,,,,,,,,,,,,,,,,,,,,,
68,A,participants_only,,,30,30,0,0,20,10,0.42911724505013865,0.2605455693131836,0.9613452829301967,0.08031880086002985,474,30,1.0,51,4.215686274509804,1.6274509803921569,26.266666666666666,2695,,,,,,,,,,,,,,,,,,,,,,,,,,,
68,A,nonparticipants_only,,,10,0,10,0,0,0,0.2193651058348141,0.1936378229537956,0.4483399043614167,0.0028581311778606566,0,0,0.0,0,0.0,0.0,50.0,0,,,,,,,,,,,,,,,,,,,,,,,,,,,
68,A,step_totals,,,,,,,,,,,,,,,,,,,,,70.80000000000007,12.0,0.16949152542372864,,,48.0,0.6779661016949146,0.0,0.0,0.007458745669008543,0.22916666666666666,0.0,0,11,16,40,24,,48,25,4.800000000000002,0.06779661016949148,6.000000000000003,0.08474576271186436,24,30,31
69,A,all_agents,,,40,30,10,0,20,10,0.3783611813447195,0.2383681999018601,0.9628914716129888,0.06998902047823966,484,30,0.75,51,4.215686274509804,1.6274509803921569,31.975,2746,,,,,,,,,,,,,,,,,,,,,,,,,,,
69,A,participants_only,,,30,30,0,0,20,10,0.43122603597869763,0.2592428414666177,0.9628914716129888,0.08121092320790899,484,30,1.0,51,4.215686274509804,1.6274509803921569,25.966666666666665,2746,,,,,,,,,,,,,,,,,,,,,,,,,,,
69,A,nonparticipants_only,,,10,0,10,0,0,0,0.21976661744278514,0.19500104539144342,0.4460982048396096,0.002786998023571994,0,0,0.0,0,0.0,0.0,50.0,0,,,,,,,,,,,,,,,,,,,,,,,,,,,
69,A,step_totals,,,,,,,,,,,,,,,,,,,,,74.30000000000005,8.5,0.11440107671601607,,,57.0,0.7671601615074018,0.0,0.0,0.008384759364583052,0.17543859649122806,0.0,0,10,26,11,17,,57,28,2.8000000000000003,0.03768506056527589,6.000000000000003,0.0807537012113055,14,30,31
70,A,all_agents,,,40,30,10,0,20,10,0.37949247101820505,0.23807273905915496,0.9643758127484693,0.0706027481261663,492,30,0.75,51,4.215686274509804,1.6274509803921569,32.2,2792,,,,,,,,,,,,,,,,,,,,,,,,,,,
70,A,participants_only,,,30,30,0,0,20,10,0.4326013720234087,0.25794662725928463,0.9643758127484693,0.0819492074123322,492,30,1.0,51,4.215686274509804,1.6274509803921569,26.266666666666666,2792,,,,,,,,,,,,,,,,,,,,,,,,,,,
70,A,nonparticipants_only,,,10,0,10,0,0,0,0.22016576800259424,0.19674135006308907,0.44386771381541157,0.002716705875902439,0,0,0.0,0,0.0,0.0,50.0,0,,,,,,,,,,,,,,,,,,,,,,,,,,,
70,A,step_totals,,,,,,,,,,,,,,,,,,,,,70.30000000000007,11.5,0.16358463726884764,,,48.0,0.6827880512091031,0.0,0.0,0.0071757428549791774,0.16666666666666666,0.0,0,8,17,40,23,,48,25,4.800000000000002,0.06827880512091034,6.000000000000003,0.08534850640113793,24,30,30
70,A,reachability,0.225,0.0,,,,,,,,,,,,,,,,,,,,,,,,,,,,,,,,,,,,,,,,,,,,,
71,A,all_agents,,,40,30,10,0,20,10,0.38090447521604776,0.2382803312901704,0.9658007802385306,0.07138019324081434,500,30,0.75,51,4.215686274509804,1.6274509803921569,31.975,2843,,,,,,,,,,,,,,,,,,,,,,,,,,,
71,A,participants_only,,,30,30,0,0,20,10,0.4343519832294118,0.2566568941229882,0.9658007802385306,0.0828638994973989,500,30,1.0,51,4.215686274509804,1.6274509803921569,25.966666666666665,2843,,,,,,,,,,,,,,,,,,,,,,,,,,,
71,A,nonparticipants_only,,,10,0,10,0,0,0,0.22056195117595545,0.19670042295532575,0.4416483752463345,0.0026494411169972133,0,0,0.0,0,0.0,0.0,50.0,0,,,,,,,,,,,,,,,,,,,,,,,,,,,
71,A,step_totals,,,,,,,,,,,,,,,,,,,,,73.30000000000007,7.5,0.10231923601637098,,,57.0,0.7776261937244194,0.0,0.0,0.007664225090242955,0.14035087719298245,0.0,0,8,26,10,15,,57,27,2.8000000000000003,0.038199181446111834,6.000000000000003,0.08185538881309683,14,30,30
72,A,all_agents,,,40,30,10,0,20,10,0.38187922987291395,0.2377610601761017,0.9671687490289893,0.07197894832644595,508,30,0.75,51,4.215686274509804,1.6274509803921569,32.2,2889,,,,,,,,,,,,,,,,,,,,,,,,,,,
72,A,participants_only,,,30,30,0,0,20,10,0.4355203731808897,0.25648303370785086,0.9671687490289893,0.08360145054692046,508,30,1.0,51,4.215686274509804,1.6274509803921569,26.266666666666666,2889,,,,,,,,,,,,,,,,,,,,,,,,,,,
72,A,nonparticipants_only,,,10,0,10,0,0,0,0.2209557999489867,0.19703923255671513,0.4394401333701028,0.002582974600380949,0,0,0.0,0,0.0,0.0,50.0,0,,,,,,,,,,,,,,,,,,,,,,,,,,,
72,A,step_totals,,,,,,,,,,,,,,,,,,,,,69.80000000000007,11.0,0.1575931232091689,,,48.0,0.6876790830945552,0.0,0.0,0.006720640581669273,0.16666666666666666,0.0,0,8,18,40,22,,48,25,4.800000000000002,0.06876790830945555,6.000000000000003,0.08595988538681944,24,30,30
73,A,all_agents,,,40,30,10,0,20,10,0.3832049578275412,0.23657225487522118,0.9684819990678297,0.0727316953088513,514,30,0.75,51,4.215686274509804,1.6274509803921569,31.975,2939,,,,,,,,,,,,,,,,,,,,,,,,,,,
73,A,participants_only,,,30,30,0,0,20,10,0.437157700843284,0.25520061853931164,0.9684819990678297,0.08449221785337503,514,30,1.0,51,4.215686274509804,1.6274509803921569,25.966666666666665,2939,,,,,,,,,,,,,,,,,,,,,,,,,,,
73,A,nonparticipants_only,,,10,0,10,0,0,0,0.22134672878031295,0.1977718228186972,0.43724293270325226,0.002519345928206777,0,0,0.0,0,0.0,0.0,50.0,0,,,,,,,,,,,,,,,,,,,,,,,,,,,
73,A,step_totals,,,,,,,,,,,,,,,,,,,,,73.00000000000006,7.0,0.09589041095890403,,,57.0,0.7808219178082185,0.0,0.0,0.007436288282276789,0.10526315789473684,0.0,0,6,26,10,14,,57,27,3.0000000000000004,0.04109589041095888,6.000000000000003,0.08219178082191778,15,30,30
74,A,all_agents,,,40,30,10,0,20,10,0.3840628304272764,0.23568598106963268,0.9697427191051166,0.0732689615090963,517,30,0.75,51,4.215686274509804,1.6274509803921569,32.2,2982,,,,,,,,,,,,,,,,,,,,,,,,,,,
74,A,participants_only,,,30,30,0,0,20,10,0.4381721406443039,0.25428057270339455,0.9697427191051166,0.08516129990932375,517,30,1.0,51,4.215686274509804,1.6274509803921569,26.266666666666666,2982,,,,,,,,,,,,,,,,,,,,,,,,,,,
74,A,nonparticipants_only,,,10,0,10,0,0,0,0.22173489977619407,0.19909462299228348,0.435056718039736,0.002458136882463843,0,0,0.0,0,0.0,0.0,50.0,0,,,,,,,,,,,,,,,,,,,,,,,,,,,
74,A,step_totals,,,,,,,,,,,,,,,,,,,,,69.60000000000008,11.0,0.15804597701149406,,,48.0,0.6896551724137923,0.0,0.0,0.006353442607323339,0.0625,0.0,0,3,18,39,22,,48,25,4.600000000000001,0.06609195402298845,6.000000000000003,0.08620689655172407,23,30,30
75,A,all_agents,,,40,30,10,0,20,10,0.3855697421845678,0.2345075511642845,0.9709530103409119,0.07408504219535555,525,30,0.75,51,4.215686274509804,1.6274509803921569,31.975,3037,,,,,,,,,,,,,,,,,,,,,,,,,,,
75,A,participants_only,,,30,30,0,0,20,10,0.4400527689818538,0.25300916983987753,0.9709530103409119,0.08610710399719851,525,30,1.0,51,4.215686274509804,1.6274509803921569,25.966666666666665,3037,,,,,,,,,,,,,,,,,,,,,,,,,,,
75,A,nonparticipants_only,,,10,0,10,0,0,0,0.22212066179270978,0.20088257665645876,0.4328814344495373,0.0023980542819012703,0,0,0.0,0,0.0,0.0,50.0,0,,,,,,,,,,,,,,,,,,,,,,,,,,,
75,A,step_totals,,,,,,,,,,,,,,,,,,,,,72.80000000000005,7.0,0.09615384615384608,,,57.0,0.7829670329670324,0.0,0.0,0.008060475766521913,0.14035087719298245,0.0,0,8,26,9,14,,57,24,2.8000000000000003,0.038461538461538436,6.000000000000003,0.08241758241758239,14,30,28
76,A,all_agents,,,40,30,10,0,20,10,0.38650818755039024,0.2357153053402457,0.9721148899272753,0.07463837601045674,526,30,0.75,51,4.215686274509804,1.6274509803921569,32.2,3084,,,,,,,,,,,,,,,,,,,,,,,,,,,
76,A,participants_only,,,30,30,0,0,20,10,0.4411762810677064,0.25215841603980926,0.9721148899272753,0.08678356572672805,526,30,1.0,51,4.215686274509804,1.6274509803921569,26.266666666666666,3084,,,,,,,,,,,,,,,,,,,,,,,,,,,
76,A,nonparticipants_only,,,10,0,10,0,0,0,0.22250390699844172,0.20052150974315436,0.4307170272772896,0.002339601475826501,0,0,0.0,0,0.0,0.0,50.0,0,,,,,,,,,,,,,,,,,,,,,,,,,,,
76,A,step_totals,,,,,,,,,,,,,,,,,,,,,69.60000000000008,11.0,0.15804597701149406,,,48.0,0.6896551724137923,0.0,0.0,0.006651578678854624,0.020833333333333332,0.0,0,1,18,39,22,,48,25,4.600000000000001,0.06609195402298845,6.000000000000003,0.08620689655172407,23,30,30
77,A,all_agents,,,40,30,10,0,20,10,0.3878089688002368,0.23453672881354448,0.9732302943301844,0.07542439902499185,537,30,0.75,51,4.215686274509804,1.6274509803921569,31.975,3137,,,,,,,,,,,,,,,,,,,,,,,,,,,
77,A,participants_only,,,30,30,0,0,20,10,0.4427836529651741,0.25089762395961024,0.9732302943301844,0.08771642380271472,537,30,1.0,51,4.215686274509804,1.6274509803921569,25.966666666666665,3137,,,,,,,,,,,,,,,,,,,,,,,,,,,
77,A,nonparticipants_only,,,10,0,10,0,0,0,0.22288491630542495,0.19999592759680124,0.42856344214090314,0.0022817339034079684,0,0,0.0,0,0.0,0.0,50.0,0,,,,,,,,,,,,,,,,,,,,,,,,,,,
77,A,step_totals,,,,,,,,,,,,,,,,,,,,,72.60000000000007,7.0,0.09641873278236907,,,57.0,0.785123966942148,0.0,0.0,0.007409488832314772,0.19298245614035087,0.0,0,11,26,9,14,,57,22,2.6,0.035812672176308506,6.000000000000003,0.08264462809917351,13,30,26
78,A,all_agents,,,40,30,10,0,20,10,0.38876285202125543,0.23643787406784872,0.974301082556977,0.07596492860083073,544,30,0.75,51,4.215686274509804,1.6274509803921569,32.2,3185,,,,,,,,,,,,,,,,,,,,,,,,,,,
78,A,participants_only,,,30,30,0,0,20,10,0.44392942935810487,0.2509339278095635,0.974301082556977,0.0883709857169451,544,30,1.0,51,4.215686274509804,1.6274509803921569,26.266666666666666,3185,,,,,,,,,,,,,,,,,,,,,,,,,,,
78,A,nonparticipants_only,,,10,0,10,0,0,0,0.22326312001070706,0.2017832413428326,0.4264206249301986,0.002226542191736511,0,0,0.0,0,0.0,0.0,50.0,0,,,,,,,,,,,,,,,,,,,,,,,,,,,
78,A,step_totals,,,,,,,,,,,,,,,,,,,,,69.60000000000007,11.0,0.15804597701149412,,,48.0,0.6896551724137925,0.0,0.0,0.006721352652005266,0.14583333333333334,0.0,0,7,18,39,22,,48,25,4.600000000000001,0.06609195402298847,6.000000000000003,0.0862068965517241,23,30,30
79,A,all_agents,,,40,30,10,0,20,10,0.38990520782769855,0.23525568469750946,0.9753290392546979,0.0766872680724721,548,30,0.75,51,4.215686274509804,1.6274509803921569,31.975,3236,,,,,,,,,,,,,,,,,,,,,,,,,,,
79,A,participants_only,,,30,30,0,0,20,10,0.4453274727041583,0.24967925817051567,0.9753290392546979,0.08923838642658324,548,30,1.0,51,4.215686274509804,1.6274509803921569,25.966666666666665,3236,,,,,,,,,,,,,,,,,,,,,,,,,,,
79,A,nonparticipants_only,,,10,0,10,0,0,0,0.2236384131983194,0.2030668178531042,0.4242885218055476,0.002174383681701132,0,0,0.0,0,0.0,0.0,50.0,0,,,,,,,,,,,,,,,,,,,,,,,,,,,
79,A,step_totals,,,,,,,,,,,,,,,,,,,,,72.60000000000005,7.0,0.09641873278236908,,,57.0,0.7851239669421483,0.0,0.0,0.006893417263894787,0.07017543859649122,0.0,0,4,26,9,14,,57,21,2.6,0.03581267217630851,6.000000000000003,0.08264462809917353,13,30,25
80,A,all_agents,,,40,30,10,0,20,10,0.3908020982260058,0.23547962700764274,0.97631587768451,0.0772024061564556,553,30,0.75,51,4.215686274509804,1.6274509803921569,32.2,3283,,,,,,,,,,,,,,,,,,,,,,,,,,,
80,A,participants_only,,,30,30,0,0,20,10,0.4463989537727573,0.25034999845959593,0.97631587768451,0.08986491320545104,553,30,1.0,51,4.215686274509804,1.6274509803921569,26.266666666666666,3283,,,,,,,,,,,,,,,,,,,,,,,,,,,
80,A,nonparticipants_only,,,10,0,10,0,0,0,0.22401153158575118,0.2046302462550823,0.42216707919651986,0.002122760849233022,0,0,0.0,0,0.0,0.0,50.0,0,,,,,,,,,,,,,,,,,,,,,,,,,,,
80,A,step_totals,,,,,,,,,,,,,,,,,,,,,69.40000000000006,11.0,0.15850144092219007,,,48.0,0.6916426512968293,0.0,0.0,0.006558089868639223,0.10416666666666667,0.0,0,5,18,39,22,,48,25,4.400000000000001,0.06340057636887604,6.000000000000003,0.08645533141210371,22,30,30
80,A,reachability,0.225,0.0,,,,,,,,,,,,,,,,,,,,,,,,,,,,,,,,,,,,,,,,,,,,,
81,A,all_agents,,,40,30,10,0,20,10,0.3919798372649011,0.23430222887260452,0.9772632425771296,0.07796502014912571,557,30,0.75,51,4.215686274509804,1.6274509803921569,31.975,3336,,,,,,,,,,,,,,,,,,,,,,,,,,,
81,A,participants_only,,,30,30,0,0,20,10,0.44784575890053346,0.24909824846729794,0.9772632425771296,0.09077832146006198,557,30,1.0,51,4.215686274509804,1.6274509803921569,25.966666666666665,3336,,,,,,,,,,,,,,,,,,,,,,,,,,,
81,A,nonparticipants_only,,,10,0,10,0,0,0,0.22438207235800406,0.20455064706293052,0.42005624380053724,0.002073101813933546,0,0,0.0,0,0.0,0.0,50.0,0,,,,,,,,,,,,,,,,,,,,,,,,,,,
81,A,step_totals,,,,,,,,,,,,,,,,,,,,,72.60000000000005,7.0,0.09641873278236908,,,57.0,0.7851239669421483,0.0,0.0,0.007018932219883791,0.07017543859649122,0.0,0,4,26,9,14,,57,20,2.6,0.03581267217630851,6.000000000000003,0.08264462809917353,13,30,24
82,A,all_agents,,,40,30,10,0,20,10,0.3926600357549836,0.23434788730940326,0.9781727128740444,0.07841411778180624,567,30,0.75,51,4.215686274509804,1.6274509803921569,32.2,3381,,,,,,,,,,,,,,,,,,,,,,,,,,,
82,A,participants_only,,,30,30,0,0,20,10,0.44862985052327903,0.24891238956563733,0.9781727128740444,0.0913471800976564,567,30,1.0,51,4.215686274509804,1.6274509803921569,26.266666666666666,3381,,,,,,,,,,,,,,,,,,,,,,,,,,,
82,A,nonparticipants_only,,,10,0,10,0,0,0,0.22475059145009754,0.204040649475428,0.41795596258153456,0.002023488851888227,0,0,0.0,0,0.0,0.0,50.0,0,,,,,,,,,,,,,,,,,,,,,,,,,,,
82,A,step_totals,,,,,,,,,,,,,,,,,,,,,69.40000000000008,11.0,0.15850144092219004,,,48.0,0.6916426512968292,0.0,0.0,0.005824345954384199,0.20833333333333334,0.0,0,10,18,39,22,,48,25,4.400000000000001,0.06340057636887603,6.000000000000003,0.0864553314121037,22,30,30
83,A,all_agents,,,40,30,10,0,20,10,0.393786056045955,0.23317614787285626,0.9790458043590826,0.0791629343252519,575,30,0.75,51,4.215686274509804,1.6274509803921569,31.975,3434,,,,,,,,,,,,,,,,,,,,,,,,,,,
83,A,participants_only,,,30,30,0,0,20,10,0.4500091953922527,0.24766782761780912,0.9790458043590826,0.09224791950750102,575,30,1.0,51,4.215686274509804,1.6274509803921569,25.966666666666665,3434,,,,,,,,,,,,,,,,,,,,,,,,,,,
83,A,nonparticipants_only,,,10,0,10,0,0,0,0.22511663800706197,0.20570071330742953,0.41586618276862686,0.0019754820030660203,0,0,0.0,0,0.0,0.0,50.0,0,,,,,,,,,,,,,,,,,,,,,,,,,,,
83,A,step_totals,,,,,,,,,,,,,,,,,,,,,72.60000000000005,7.0,0.09641873278236908,,,57.0,0.7851239669421483,0.0,0.0,0.006852878485127827,0.14035087719298245,0.0,0,8,26,9,14,,57,20,2.6,0.03581267217630851,6.000000000000003,0.08264462809917353,13,30,24
84,A,all_agents,,,40,30,10,0,20,10,0.3945428110525481,0.2327801503376734,0.9798839721847193,0.07960228236928574,582,30,0.75,51,4.215686274509804,1.6274509803921569,32.2,3479,,,,,,,,,,,,,,,,,,,,,,,,,,,
84,A,participants_only,,,30,30,0,0,20,10,0.4508969856221968,0.24642948847972007,0.9798839721847193,0.09279021737779264,582,30,1.0,51,4.215686274509804,1.6274509803921569,26.266666666666666,3479,,,,,,,,,,,,,,,,,,,,,,,,,,,
84,A,nonparticipants_only,,,10,0,10,0,0,0,0.22548028734360193,0.20694622921423064,0.4137868518547837,0.0019289614466476833,0,0,0.0,0,0.0,0.0,50.0,0,,,,,,,,,,,,,,,,,,,,,,,,,,,
84,A,step_totals,,,,,,,,,,,,,,,,,,,,,69.40000000000006,11.0,0.15850144092219007,,,48.0,0.6916426512968293,0.0,0.0,0.006103836474247084,0.14583333333333334,0.0,0,7,18,39,22,,48,25,4.400000000000001,0.06340057636887604,6.000000000000003,0.08645533141210371,22,30,30
85,A,all_agents,,,40,30,10,0,20,10,0.39568697374672873,0.23161624958598503,0.9806886132973306,0.08034485172806095,593,30,0.75,51,4.215686274509804,1.6274509803921569,31.975,3533,,,,,,,,,,,,,,,,,,,,,,,,,,,
85,A,participants_only,,,30,30,0,0,20,10,0.45230215696944215,0.2451973410373215,0.9806886132973306,0.09367727696851111,593,30,1.0,51,4.215686274509804,1.6274509803921569,25.966666666666665,3533,,,,,,,,,,,,,,,,,,,,,,,,,,,
85,A,nonparticipants_only,,,10,0,10,0,0,0,0.22584142407858857,0.20853755134289276,0.4117179175955098,0.0018842283506136,0,0,0.0,0,0.0,0.0,50.0,0,,,,,,,,,,,,,,,,,,,,,,,,,,,
85,A,step_totals,,,,,,,,,,,,,,,,,,,,,72.60000000000005,7.0,0.09641873278236908,,,57.0,0.7851239669421483,0.0,0.0,0.006919280795940148,0.19298245614035087,0.0,0,11,26,9,14,,57,20,2.6,0.03581267217630851,6.000000000000003,0.08264462809917353,13,30,24
86,A,all_agents,,,40,30,10,0,20,10,0.39638867801225974,0.23281723584567615,0.9814610687654374,0.08078137509644799,600,30,0.75,51,4.215686274509804,1.6274509803921569,32.2,3579,,,,,,,,,,,,,,,,,,,,,,,,,,,
86,A,participants_only,,,30,30,0,0,20,10,0.45311829153453986,0.24397135433213488,0.9814610687654374,0.09422142808898772,600,30,1.0,51,4.215686274509804,1.6274509803921569,26.266666666666666,3579,,,,,,,,,,,,,,,,,,,,,,,,,,,
86,A,nonparticipants_only,,,10,0,10,0,0,0,0.2261998374454192,0.2084970751883715,0.40965932800753224,0.0018422275141815013,0,0,0.0,0,0.0,0.0,50.0,0,,,,,,,,,,,,,,,,,,,,,,,,,,,
86,A,step_totals,,,,,,,,,,,,,,,,,,,,,69.40000000000006,11.0,0.15850144092219007,,,48.0,0.6916426512968293,0.0,0.0,0.005928307378149709,0.14583333333333334,0.0,0,7,18,39,22,,48,25,4.400000000000001,0.06340057636887604,6.000000000000003,0.08645533141210371,22,30,30
87,A,all_agents,,,40,30,10,0,20,10,0.39748231127249656,0.2316531496664478,0.9822026260148199,0.0815093934267243,610,30,0.75,51,4.215686274509804,1.6274509803921569,31.975,3633,,,,,,,,,,,,,,,,,,,,,,,,,,,
87,A,participants_only,,,30,30,0,0,20,10,0.4544576928003396,0.2427514975604742,0.9822026260148199,0.09509421310899598,610,30,1.0,51,4.215686274509804,1.6274509803921569,25.966666666666665,3633,,,,,,,,,,,,,,,,,,,,,,,,,,,
87,A,nonparticipants_only,,,10,0,10,0,0,0,0.2265561666889674,0.2089153184852496,0.4076110313674946,0.0018006051769899017,0,0,0.0,0,0.0,0.0,50.0,0,,,,,,,,,,,,,,,,,,,,,,,,,,,
87,A,step_totals,,,,,,,,,,,,,,,,,,,,,72.60000000000005,7.0,0.09641873278236908,,,57.0,0.7851239669421483,0.0,0.0,0.0067577935252914135,0.17543859649122806,0.0,0,10,26,9,14,,57,19,2.6,0.03581267217630851,6.000000000000003,0.08264462809917353,13,30,23
88,A,all_agents,,,40,30,10,0,20,10,0.39804642253359007,0.2335010248028753,0.982914520974227,0.08188791031337624,618,30,0.75,51,4.215686274509804,1.6274509803921569,32.2,3678,,,,,,,,,,,,,,,,,,,,,,,,,,,
88,A,participants_only,,,30,30,0,0,20,10,0.4550916554721158,0.2415377400726718,0.982914520974227,0.09558112928279104,618,30,1.0,51,4.215686274509804,1.6274509803921569,26.266666666666666,3678,,,,,,,,,,,,,,,,,,,,,,,,,,,
88,A,nonparticipants_only,,,10,0,10,0,0,0,0.22691072371801285,0.2102607610471482,0.40557297621065713,0.0017583501930038645,0,0,0.0,0,0.0,0.0,50.0,0,,,,,,,,,,,,,,,,,,,,,,,,,,,
88,A,step_totals,,,,,,,,,,,,,,,,,,,,,69.40000000000006,11.0,0.15850144092219007,,,48.0,0.6916426512968293,0.0,0.0,0.005467708575649147,0.16666666666666666,0.0,0,8,18,39,22,,48,25,4.400000000000001,0.06340057636887604,6.000000000000003,0.08645533141210371,22,30,30
89,A,all_agents,,,40,30,10,0,20,10,0.3990538461752792,0.23233351967886093,0.9835979401352579,0.08262340092392316,629,30,0.75,51,4.215686274509804,1.6274509803921569,31.975,3731,,,,,,,,,,,,,,,,,,,,,,,,,,,
89,A,participants_only,,,30,30,0,0,20,10,0.4563174376158007,0.24033005137230845,0.9835979401352579,0.09647573453714514,629,30,1.0,51,4.215686274509804,1.6274509803921569,25.966666666666665,3731,,,,,,,,,,,,,,,,,,,,,,,,,,,
89,A,nonparticipants_only,,,10,0,10,0,0,0,0.22726307185371508,0.21075189091131463,0.40354511132960386,0.0017169732282537559,0,0,0.0,0,0.0,0.0,50.0,0,,,,,,,,,,,,,,,,,,,,,,,,,,,
89,A,step_totals,,,,,,,,,,,,,,,,,,,,,72.60000000000007,7.0,0.09641873278236907,,,57.0,0.785123966942148,0.0,0.0,0.006477168162439398,0.19298245614035087,0.0,0,11,26,9,14,,57,19,2.6,0.035812672176308506,6.000000000000003,0.08264462809917351,13,30,23
90,A,all_agents,,,40,30,10,0,20,10,0.3997074095620494,0.23209996590888538,0.9842540225298476,0.08301019505486366,636,30,0.75,51,4.215686274509804,1.6274509803921569,32.2,3778,,,,,,,,,,,,,,,,,,,,,,,,,,,
90,A,participants_only,,,30,30,0,0,20,10,0.4570722664830758,0.2400638145723814,0.9842540225298476,0.0969580349835989,636,30,1.0,51,4.215686274509804,1.6274509803921569,26.266666666666666,3778,,,,,,,,,,,,,,,,,,,,,,,,,,,
90,A,nonparticipants_only,,,10,0,10,0,0,0,0.22761283879897024,0.21287381922532278,0.4015273857729558,0.0016779535538199875,0,0,0.0,0,0.0,0.0,50.0,0,,,,,,,,,,,,,,,,,,,,,,,,,,,
90,A,step_totals,,,,,,,,,,,,,,,,,,,,,69.40000000000006,11.0,0.15850144092219007,,,48.0,0.6916426512968293,0.0,0.0,0.005790476992207541,0.14583333333333334,0.0,0,7,18,39,22,,48,25,4.400000000000001,0.06340057636887604,6.000000000000003,0.08645533141210371,22,30,30
90,A,reachability,0.225,0.0,,,,,,,,,,,,,,,,,,,,,,,,,,,,,,,,,,,,,,,,,,,,,
91,A,all_agents,,,40,30,10,0,20,10,0.4005314918909362,0.23093946607934096,0.9848838616286537,0.08367321354816629,642,30,0.75,51,4.215686274509804,1.6274509803921569,31.975,3829,,,,,,,,,,,,,,,,,,,,,,,,,,,
91,A,participants_only,,,30,30,0,0,20,10,0.45805544598657194,0.2388634954995195,0.9848838616286537,0.09778072866893316,642,30,1.0,51,4.215686274509804,1.6274509803921569,25.966666666666665,3829,,,,,,,,,,,,,,,,,,,,,,,,,,,
91,A,nonparticipants_only,,,10,0,10,0,0,0,0.22795962960402885,0.21325113991419287,0.399519748844091,0.001642604648303956,0,0,0.0,0,0.0,0.0,50.0,0,,,,,,,,,,,,,,,,,,,,,,,,,,,
91,A,step_totals,,,,,,,,,,,,,,,,,,,,,72.60000000000007,7.0,0.09641873278236907,,,57.0,0.785123966942148,0.0,0.0,0.005875844727605765,0.10526315789473684,0.0,0,6,26,9,14,,57,19,2.6,0.035812672176308506,6.000000000000003,0.08264462809917351,13,30,23
92,A,all_agents,,,40,30,10,0,20,10,0.4011617122735817,0.23039201308161114,0.9854885071635076,0.08403906655131621,652,30,0.75,51,4.215686274509804,1.6274509803921569,32.2,3874,,,,,,,,,,,,,,,,,,,,,,,,,,,
92,A,participants_only,,,30,30,0,0,20,10,0.4587807961188915,0.23851595010205168,0.9854885071635076,0.09823644180234706,652,30,1.0,51,4.215686274509804,1.6274509803921569,26.266666666666666,3874,,,,,,,,,,,,,,,,,,,,,,,,,,,
92,A,nonparticipants_only,,,10,0,10,0,0,0,0.2283044607376524,0.21420492342389136,0.3975221500998706,0.0016074349201496182,0,0,0.0,0,0.0,0.0,50.0,0,,,,,,,,,,,,,,,,,,,,,,,,,,,
92,A,step_totals,,,,,,,,,,,,,,,,,,,,,69.20000000000006,11.0,0.1589595375722542,,,48.0,0.6936416184971093,0.0,0.0,0.005736527404465811,0.20833333333333334,0.0,0,10,18,38,22,,48,24,4.200000000000001,0.06069364161849707,6.000000000000003,0.0867052023121387,21,30,29
93,A,all_agents,,,40,30,10,0,20,10,0.4020822743693705,0.2292400530162031,0.9860689668769672,0.08474913090888651,657,30,0.75,51,4.215686274509804,1.6274509803921569,31.975,3927,,,,,,,,,,,,,,,,,,,,,,,,,,,
93,A,participants_only,,,30,30,0,0,20,10,0.459893904043908,0.23732337035154144,0.9860689668769672,0.09910602720065043,657,30,1.0,51,4.215686274509804,1.6274509803921569,25.966666666666665,3927,,,,,,,,,,,,,,,,,,,,,,,,,,,
93,A,nonparticipants_only,,,10,0,10,0,0,0,0.22864738534575782,0.21438011543252505,0.3955345393493712,0.0015722277260843429,0,0,0.0,0,0.0,0.0,50.0,0,,,,,,,,,,,,,,,,,,,,,,,,,,,
93,A,step_totals,,,,,,,,,,,,,,,,,,,,,72.60000000000005,7.0,0.09641873278236908,,,57.0,0.7851239669421483,0.0,0.0,0.006200954163234052,0.08771929824561403,0.0,0,5,26,9,14,,57,19,2.6,0.03581267217630851,6.000000000000003,0.08264462809917353,13,30,23
94,A,all_agents,,,40,30,10,0,20,10,0.4026513415105299,0.22870928258141712,0.9866262082018885,0.08509516946895004,668,30,0.75,51,4.215686274509804,1.6274509803921569,32.2,3972,,,,,,,,,,,,,,,,,,,,,,,,,,,
94,A,participants_only,,,30,30,0,0,20,10,0.4605389560867813,0.23678479452967727,0.9866262082018885,0.09954407585031806,668,30,1.0,51,4.215686274509804,1.6274509803921569,26.266666666666666,3972,,,,,,,,,,,,,,,,,,,,,,,,,,,
94,A,nonparticipants_only,,,10,0,10,0,0,0,0.2289884977817758,0.21611244379100628,0.39355686665262435,0.001536739268902434,0,0,0.0,0,0.0,0.0,50.0,0,,,,,,,,,,,,,,,,,,,,,,,,,,,
94,A,step_totals,,,,,,,,,,,,,,,,,,,,,69.20000000000007,11.0,0.15895953757225417,,,48.0,0.693641618497109,0.0,0.0,0.005537077385020514,0.22916666666666666,0.0,0,11,18,38,22,,48,24,4.200000000000001,0.06069364161849706,6.000000000000003,0.08670520231213867,21,30,28
95,A,all_agents,,,40,30,10,0,20,10,0.4034695993704583,0.22756573616851003,0.9871611598738129,0.08573389345159564,673,30,0.75,51,4.215686274509804,1.6274509803921569,31.975,4024,,,,,,,,,,,,,,,,,,,,,,,,,,,
95,A,participants_only,,,30,30,0,0,20,10,0.46151703679259026,0.23560087055702889,0.9871611598738129,0.10033292256777175,673,30,1.0,51,4.215686274509804,1.6274509803921569,25.966666666666665,4024,,,,,,,,,,,,,,,,,,,,,,,,,,,
95,A,nonparticipants_only,,,10,0,10,0,0,0,0.22932728710406233,0.21687141666920207,0.39158908231936124,0.0015027462077513414,0,0,0.0,0,0.0,0.0,50.0,0,,,,,,,,,,,,,,,,,,,,,,,,,,,
95,A,step_totals,,,,,,,,,,,,,,,,,,,,,72.60000000000005,7.0,0.09641873278236908,,,57.0,0.7851239669421483,0.0,0.0,0.005867420943281029,0.08771929824561403,0.0,0,5,26,9,14,,57,19,2.6,0.03581267217630851,6.000000000000003,0.08264462809917353,13,30,23
96,A,all_agents,,,40,30,10,0,20,10,0.403978379977843,0.2264279074876675,0.9876747134788604,0.08605104018947558,682,30,0.75,51,4.215686274509804,1.6274509803921569,32.2,4070,,,,,,,,,,,,,,,,,,,,,,,,,,,
96,A,participants_only,,,30,30,0,0,20,10,0.46208339974248486,0.23587650766958296,0.9876747134788604,0.10073929832376056,682,30,1.0,51,4.215686274509804,1.6274509803921569,26.266666666666666,4070,,,,,,,,,,,,,,,,,,,,,,,,,,,
96,A,nonparticipants_only,,,10,0,10,0,0,0,0.22966332068391743,0.2179601983709259,0.3896311369077644,0.0014719459244276081,0,0,0.0,0,0.0,0.0,50.0,0,,,,,,,,,,,,,,,,,,,,,,,,,,,
96,A,step_totals,,,,,,,,,,,,,,,,,,,,,69.20000000000006,11.0,0.1589595375722542,,,48.0,0.6936416184971093,0.0,0.0,0.0053379776030075266,0.1875,0.0,0,9,18,38,22,,48,24,4.200000000000001,0.06069364161849707,6.000000000000003,0.0867052023121387,21,30,28
97,A,all_agents,,,40,30,10,0,20,10,0.4047583257688708,0.22589928785816105,0.988167724939706,0.0867273269534882,693,30,0.75,51,4.215686274509804,1.6274509803921569,31.975,4122,,,,,,,,,,,,,,,,,,,,,,,,,,,
97,A,participants_only,,,30,30,0,0,20,10,0.4630120784923767,0.23469712513123506,0.988167724939706,0.10158158881766517,693,30,1.0,51,4.215686274509804,1.6274509803921569,25.966666666666665,4122,,,,,,,,,,,,,,,,,,,,,,,,,,,
97,A,nonparticipants_only,,,10,0,10,0,0,0,0.22999706759835314,0.2184046048684199,0.3876829812232256,0.0014425448845008285,0,0,0.0,0,0.0,0.0,50.0,0,,,,,,,,,,,,,,,,,,,,,,,,,,,
97,A,step_totals,,,,,,,,,,,,,,,,,,,,,71.90000000000006,6.5,0.09040333796940186,,,57.0,0.7927677329624472,0.0,0.0,0.005813957160336602,0.19298245614035087,0.0,0,11,27,9,13,,57,19,2.4,0.03337969401947146,6.000000000000003,0.08344923504867868,12,30,21
98,A,all_agents,,,40,30,10,0,20,10,0.4052834067096335,0.22545876243974783,0.9886410159421177,0.08704455884355558,699,30,0.75,51,4.215686274509804,1.6274509803921569,32.2,4169,,,,,,,,,,,,,,,,,,,,,,,,,,,
98,A,participants_only,,,30,30,0,0,20,10,0.46360159839411597,0.23648938402639708,0.9886410159421177,0.10198415419908882,699,30,1.0,51,4.215686274509804,1.6274509803921569,26.266666666666666,4169,,,,,,,,,,,,,,,,,,,,,,,,,,,
98,A,nonparticipants_only,,,10,0,10,0,0,0,0.23032883165618587,0.21886936439165744,0.38574456631710946,0.0014136350007793335,0,0,0.0,0,0.0,0.0,50.0,0,,,,,,,,,,,,,,,,,,,,,,,,,,,
98,A,step_totals,,,,,,,,,,,,,,,,,,,,,69.20000000000006,11.0,0.1589595375722542,,,48.0,0.6936416184971093,0.0,0.0,0.005405061104217204,0.125,0.0,0,6,18,38,22,,48,24,4.200000000000001,0.06069364161849707,6.000000000000003,0.0867052023121387,21,30,28
99,A,all_agents,,,40,30,10,0,20,10,0.40601234453005386,0.22490404961496624,0.989095375304433,0.08770204256065546,707,30,0.75,51,4.215686274509804,1.6274509803921569,31.975,4220,,,,,,,,,,,,,,,,,,,,,,,,,,,
99,A,participants_only,,,30,30,0,0,20,10,0.4644634824102974,0.23530693710626507,0.989095375304433,0.10280855077051895,707,30,1.0,51,4.215686274509804,1.6274509803921569,25.966666666666665,4220,,,,,,,,,,,,,,,,,,,,,,,,,,,
99,A,nonparticipants_only,,,10,0,10,0,0,0,0.2306589308893234,0.2208773595544773,0.3838158434855239,0.0013840916971221541,0,0,0.0,0,0.0,0.0,50.0,0,,,,,,,,,,,,,,,,,,,,,,,,,,,
99,A,step_totals,,,,,,,,,,,,,,,,,,,,,71.90000000000005,6.5,0.09040333796940189,,,57.0,0.7927677329624473,0.0,0.0,0.005647998663437328,0.14035087719298245,0.0,0,8,27,9,13,,57,18,2.4,0.03337969401947147,6.000000000000003,0.0834492350486787,12,30,19
100,A,all_agents,,,40,30,10,0,20,10,0.4064382451153526,0.2245427152143738,0.9895315602922558,0.08798256442662525,716,30,0.75,51,4.215686274509804,1.6274509803921569,32.2,4265,,,,,,,,,,,,,,,,,,,,,,,,,,,
100,A,participants_only,,,30,30,0,0,20,10,0.4649219466334774,0.23712680049446433,0.9895315602922558,0.10317714973804609,716,30,1.0,51,4.215686274509804,1.6274509803921569,26.266666666666666,4265,,,,,,,,,,,,,,,,,,,,,,,,,,,
100,A,nonparticipants_only,,,10,0,10,0,0,0,0.23098714056097822,0.22123442068282984,0.38189676426809627,0.0013546883732293738,0,0,0.0,0,0.0,0.0,50.0,0,,,,,,,,,,,,,,,,,,,,,,,,,,,
100,A,step_totals,,,,,,,,,,,,,,,,,,,,,69.20000000000006,11.0,0.1589595375722542,,,48.0,0.6936416184971093,0.0,0.0,0.0050711521390473845,0.1875,0.0,0,9,18,38,22,,48,24,4.200000000000001,0.06069364161849707,6.000000000000003,0.0867052023121387,21,30,28
100,A,reachability,0.225,0.0,,,,,,,,,,,,,,,,,,,,,,,,,,,,,,,,,,,,,,,,,,,,,
101,A,all_agents,,,40,30,10,0,20,10,0.4071839998068476,0.22488389075740167,0.9899502978805655,0.08865508927971981,726,30,0.75,51,4.215686274509804,1.6274509803921569,31.975,4318,,,,,,,,,,,,,,,,,,,,,,,,,,,
101,A,participants_only,,,30,30,0,0,20,10,0.4658076695057962,0.235941166491992,0.9899502978805655,0.10401745011167303,726,30,1.0,51,4.215686274509804,1.6274509803921569,25.966666666666665,4318,,,,,,,,,,,,,,,,,,,,,,,,,,,
101,A,nonparticipants_only,,,10,0,10,0,0,0,0.2313129907100017,0.22216174311537326,0.3799872804467558,0.0013271909962030278,0,0,0.0,0,0.0,0.0,50.0,0,,,,,,,,,,,,,,,,,,,,,,,,,,,
101,A,step_totals,,,,,,,,,,,,,,,,,,,,,71.90000000000006,6.5,0.09040333796940186,,,57.0,0.7927677329624472,0.0,0.0,0.005706456194167153,0.17543859649122806,0.0,0,10,27,9,13,,57,18,2.4,0.03337969401947146,6.000000000000003,0.08344923504867868,12,30,19
102,A,all_agents,,,40,30,10,0,20,10,0.40757553964316934,0.2264124918139922,0.990352285965343,0.08889849170290005,733,30,0.75,51,4.215686274509804,1.6274509803921569,32.2,4363,,,,,,,,,,,,,,,,,,,,,,,,,,,
102,A,participants_only,,,30,30,0,0,20,10,0.46622194317876464,0.2362814795812847,0.990352285965343,0.10433967415552374,733,30,1.0,51,4.215686274509804,1.6274509803921569,26.266666666666666,4363,,,,,,,,,,,,,,,,,,,,,,,,,,,
102,A,nonparticipants_only,,,10,0,10,0,0,0,0.23163632903638343,0.2217545946301474,0.378087344044522,0.001302136573110368,0,0,0.0,0,0.0,0.0,50.0,0,,,,,,,,,,,,,,,,,,,,,,,,,,,
102,A,step_totals,,,,,,,,,,,,,,,,,,,,,69.20000000000007,11.0,0.15895953757225417,,,48.0,0.693641618497109,0.0,0.0,0.004961018026647752,0.14583333333333334,0.0,0,7,18,38,22,,48,24,4.200000000000001,0.06069364161849706,6.000000000000003,0.08670520231213867,21,30,28
103,A,all_agents,,,40,30,10,0,20,10,0.40817164121780825,0.22579702900457266,0.9907381945267293,0.08950614759461915,742,30,0.75,51,4.215686274509804,1.6274509803921569,31.975,4413,,,,,,,,,,,,,,,,,,,,,,,,,,,
103,A,participants_only,,,30,30,0,0,20,10,0.4669095983110958,0.23510007218337825,0.9907381945267293,0.10511514447821438,742,30,1.0,51,4.215686274509804,1.6274509803921569,25.966666666666665,4413,,,,,,,,,,,,,,,,,,,,,,,,,,,
103,A,nonparticipants_only,,,10,0,10,0,0,0,0.2319577699379455,0.22220557310661326,0.3761969073242994,0.0012773857019187768,0,0,0.0,0,0.0,0.0,50.0,0,,,,,,,,,,,,,,,,,,,,,,,,,,,
103,A,step_totals,,,,,,,,,,,,,,,,,,,,,71.90000000000006,6.5,0.09040333796940186,,,57.0,0.7927677329624472,0.0,0.0,0.005208489881237293,0.15789473684210525,0.0,0,9,27,9,13,,57,18,2.4,0.03337969401947146,6.000000000000003,0.08344923504867868,12,30,19
104,A,all_agents,,,40,30,10,0,20,10,0.4086550735570968,0.22562864398183768,0.9911086667456601,0.08979606640965412,745,30,0.75,51,4.215686274509804,1.6274509803921569,32.2,4461,,,,,,,,,,,,,,,,,,,,,,,,,,,
104,A,participants_only,,,30,30,0,0,20,10,0.46744761049994454,0.235416326869775,0.9911086667456601,0.10548434532094075,745,30,1.0,51,4.215686274509804,1.6274509803921569,26.266666666666666,4461,,,,,,,,,,,,,,,,,,,,,,,,,,,
104,A,nonparticipants_only,,,10,0,10,0,0,0,0.2322774627285535,0.22415402720814762,0.3743159227876779,0.001252480873680795,0,0,0.0,0,0.0,0.0,50.0,0,,,,,,,,,,,,,,,,,,,,,,,,,,,
104,A,step_totals,,,,,,,,,,,,,,,,,,,,,69.20000000000007,11.0,0.15895953757225417,,,48.0,0.693641618497109,0.0,0.0,0.005287587512794818,0.0625,0.0,0,3,18,38,22,,48,24,4.200000000000001,0.06069364161849706,6.000000000000003,0.08670520231213867,21,30,28
105,A,all_agents,,,40,30,10,0,20,10,0.4093031746956852,0.2265712196734783,0.9914643200758337,0.0904561744345875,753,30,0.75,51,4.215686274509804,1.6274509803921569,31.975,4514,,,,,,,,,,,,,,,,,,,,,,,,,,,
105,A,participants_only,,,30,30,0,0,20,10,0.46820572718862113,0.23423924523542614,0.9914643200758337,0.10632116601194155,753,30,1.0,51,4.215686274509804,1.6274509803921569,25.966666666666665,4514,,,,,,,,,,,,,,,,,,,,,,,,,,,
105,A,nonparticipants_only,,,10,0,10,0,0,0,0.23259551721687763,0.22364848260677703,0.3724443431737395,0.001227071420328568,0,0,0.0,0,0.0,0.0,50.0,0,,,,,,,,,,,,,,,,,,,,,,,,,,,
105,A,step_totals,,,,,,,,,,,,,,,,,,,,,71.90000000000006,6.5,0.09040333796940186,,,57.0,0.7927677329624472,0.0,0.0,0.005386347332603066,0.14035087719298245,0.0,0,8,27,9,13,,57,18,2.4,0.03337969401947146,6.000000000000003,0.08344923504867868,12,30,19
106,A,all_agents,,,40,30,10,0,20,10,0.4097583337625204,0.2261359301651084,0.9918057472728004,0.0907284743641313,758,30,0.75,51,4.215686274509804,1.6274509803921569,32.2,4561,,,,,,,,,,,,,,,,,,,,,,,,,,,
106,A,participants_only,,,30,30,0,0,20,10,0.4687073037085623,0.23600215419845597,0.9918057472728004,0.10667039555424127,758,30,1.0,51,4.215686274509804,1.6274509803921569,26.266666666666666,4561,,,,,,,,,,,,,,,,,,,,,,,,,,,
106,A,nonparticipants_only,,,10,0,10,0,0,0,0.23291142392439468,0.22458680835441086,0.3705821214578708,0.0012029381014091525,0,0,0.0,0,0.0,0.0,50.0,0,,,,,,,,,,,,,,,,,,,,,,,,,,,
106,A,step_totals,,,,,,,,,,,,,,,,,,,,,69.20000000000006,11.0,0.1589595375722542,,,48.0,0.6936416184971093,0.0,0.0,0.0051982320275678,0.10416666666666667,0.0,0,5,18,38,22,,48,24,4.200000000000001,0.06069364161849707,6.000000000000003,0.0867052023121387,21,30,28
107,A,all_agents,,,40,30,10,0,20,10,0.4103705210158616,0.2265757352557774,0.9921335173818884,0.09133973885153227,768,30,0.75,51,4.215686274509804,1.6274509803921569,31.975,4613,,,,,,,,,,,,,,,,,,,,,,,,,,,
107,A,participants_only,,,30,30,0,0,20,10,0.46941883415578933,0.2348221434274637,0.9921335173818884,0.10744659574319165,768,30,1.0,51,4.215686274509804,1.6274509803921569,25.966666666666665,4613,,,,,,,,,,,,,,,,,,,,,,,,,,,
107,A,nonparticipants_only,,,10,0,10,0,0,0,0.23322558159607829,0.2247796265603808,0.3687292108505814,0.001178728760502488,0,0,0.0,0,0.0,0.0,50.0,0,,,,,,,,,,,,,,,,,,,,,,,,,,,
107,A,step_totals,,,,,,,,,,,,,,,,,,,,,71.90000000000005,6.5,0.09040333796940189,,,57.0,0.7927677329624473,0.0,0.0,0.005269917958011676,0.17543859649122806,0.0,0,10,27,9,13,,57,18,2.4,0.03337969401947147,6.000000000000003,0.0834492350486787,12,30,19
108,A,all_agents,,,40,30,10,0,20,10,0.41071448372898123,0.22847591470448447,0.9924481766866129,0.0915538275772773,778,30,0.75,51,4.215686274509804,1.6274509803921569,32.2,4658,,,,,,,,,,,,,,,,,,,,,,,,,,,
108,A,participants_only,,,30,30,0,0,20,10,0.4697735408782287,0.23661143857138595,0.9924481766866129,0.10773425782053676,778,30,1.0,51,4.215686274509804,1.6274509803921569,26.266666666666666,4658,,,,,,,,,,,,,,,,,,,,,,,,,,,
108,A,nonparticipants_only,,,10,0,10,0,0,0,0.23353731228123892,0.22443423949444802,0.3668855647963285,0.001156870071202006,0,0,0.0,0,0.0,0.0,50.0,0,,,,,,,,,,,,,,,,,,,,,,,,,,,
108,A,step_totals,,,,,,,,,,,,,,,,,,,,,69.20000000000007,11.0,0.15895953757225417,,,48.0,0.693641618497109,0.0,0.0,0.004820328219041705,0.20833333333333334,0.0,0,10,18,38,22,,48,24,4.200000000000001,0.06069364161849706,6.000000000000003,0.08670520231213867,21,30,28
109,A,all_agents,,,40,30,10,0,20,10,0.4114064962482974,0.22798289541233246,0.9927502496191484,0.09222444449817432,784,30,0.75,51,4.215686274509804,1.6274509803921569,31.975,4712,,,,,,,,,,,,,,,,,,,,,,,,,,,
109,A,participants_only,,,30,30,0,0,20,10,0.47059290458815695,0.235428381378529,0.9927502496191484,0.1085754439427978,784,30,1.0,51,4.215686274509804,1.6274509803921569,25.966666666666665,4712,,,,,,,,,,,,,,,,,,,,,,,,,,,
109,A,nonparticipants_only,,,10,0,10,0,0,0,0.23384727122871893,0.22596846761000017,0.36505113697234687,0.001135074978232788,0,0,0.0,0,0.0,0.0,50.0,0,,,,,,,,,,,,,,,,,,,,,,,,,,,
109,A,step_totals,,,,,,,,,,,,,,,,,,,,,71.90000000000005,6.5,0.09040333796940189,,,57.0,0.7927677329624473,0.0,0.0,0.005537875427529182,0.10526315789473684,0.0,0,6,27,7,13,,57,17,2.4,0.03337969401947147,6.000000000000003,0.0834492350486787,12,30,19
110,A,all_agents,,,40,30,10,0,20,10,0.41179279023646903,0.2288684670499217,0.9930402396343825,0.09244839290413794,786,30,0.75,51,4.215686274509804,1.6274509803921569,32.2,4759,,,,,,,,,,,,,,,,,,,,,,,,,,,
110,A,participants_only,,,30,30,0,0,20,10,0.47100523438170383,0.23525612326116724,0.9930402396343825,0.1088689307174852,786,30,1.0,51,4.215686274509804,1.6274509803921569,26.266666666666666,4759,,,,,,,,,,,,,,,,,,,,,,,,,,,
110,A,nonparticipants_only,,,10,0,10,0,0,0,0.23415545780076474,0.2266799227810385,0.3632258812874851,0.001113416964265554,0,0,0.0,0,0.0,0.0,50.0,0,,,,,,,,,,,,,,,,,,,,,,,,,,,
110,A,step_totals,,,,,,,,,,,,,,,,,,,,,69.20000000000007,11.0,0.15895953757225417,,,48.0,0.693641618497109,0.0,0.0,0.0049769464950613265,0.041666666666666664,0.0,0,2,18,38,22,,48,24,4.200000000000001,0.06069364161849706,6.000000000000003,0.08670520231213867,21,30,28
110,A,reachability,0.225,0.0,,,,,,,,,,,,,,,,,,,,,,,,,,,,,,,,,,,,,,,,,,,,,
111,A,all_agents,,,40,30,10,0,20,10,0.41242287489059726,0.22860441523506353,0.9933186300490072,0.09309081128800348,793,30,0.75,51,4.215686274509804,1.6274509803921569,31.975,4813,,,,,,,,,,,,,,,,,,,,,,,,,,,
111,A,participants_only,,,30,30,0,0,20,10,0.47174327859909376,0.23407984264486142,0.9933186300490072,0.10968121485053547,793,30,1.0,51,4.215686274509804,1.6274509803921569,25.966666666666665,4813,,,,,,,,,,,,,,,,,,,,,,,,,,,
111,A,nonparticipants_only,,,10,0,10,0,0,0,0.23446166376510746,0.22655589011512423,0.3614097518810477,0.0010926770467392971,0,0,0.0,0,0.0,0.0,50.0,0,,,,,,,,,,,,,,,,,,,,,,,,,,,
111,A,step_totals,,,,,,,,,,,,,,,,,,,,,71.90000000000005,6.5,0.09040333796940189,,,57.0,0.7927677329624473,0.0,0.0,0.0053335420591771815,0.12280701754385964,0.0,0,7,27,7,13,,57,17,2.4,0.03337969401947147,6.000000000000003,0.0834492350486787,12,30,19
112,A,all_agents,,,40,30,10,0,20,10,0.4128110324704766,0.2287491844865563,0.9935858848470469,0.09331958766938765,797,30,0.75,51,4.215686274509804,1.6274509803921569,32.2,4861,,,,,,,,,,,,,,,,,,,,,,,,,,,
112,A,participants_only,,,30,30,0,0,20,10,0.4721592990802985,0.23359221427240814,0.9935858848470469,0.1099800531310762,797,30,1.0,51,4.215686274509804,1.6274509803921569,26.266666666666666,4861,,,,,,,,,,,,,,,,,,,,,,,,,,,
112,A,nonparticipants_only,,,10,0,10,0,0,0,0.23476623264101093,0.2274613931588882,0.35960270312164244,0.001071590289236,0,0,0.0,0,0.0,0.0,50.0,0,,,,,,,,,,,,,,,,,,,,,,,,,,,
112,A,step_totals,,,,,,,,,,,,,,,,,,,,,69.20000000000007,11.0,0.15895953757225417,,,48.0,0.693641618497109,0.0,0.0,0.004991966340533308,0.08333333333333333,0.0,0,4,18,38,22,,48,24,4.200000000000001,0.06069364161849706,6.000000000000003,0.08670520231213867,21,30,28
113,A,all_agents,,,40,30,10,0,21,9,0.41341160575272473,0.22958109495487458,0.993842449453165,0.0939540947639158,804,30,0.75,51,4.215686274509804,1.6274509803921569,31.975,4916,,,,,,,,,,,,,,,,,,,,,,,,,,,
113,A,participants_only,,,30,30,0,0,21,9,0.4728591039831875,0.2324242532010461,0.993842449453165,0.11078596436031968,804,30,1.0,51,4.215686274509804,1.6274509803921569,25.966666666666665,4916,,,,,,,,,,,,,,,,,,,,,,,,,,,
113,A,nonparticipants_only,,,10,0,10,0,0,0,0.2350691110613366,0.2270432241160802,0.35780468960603423,0.001050425424373735,0,0,0.0,0,0.0,0.0,50.0,0,,,,,,,,,,,,,,,,,,,,,,,,,,,
113,A,step_totals,,,,,,,,,,,,,,,,,,,,,71.90000000000006,6.5,0.09040333796940186,,,57.0,0.7927677329624472,0.0,0.0,0.0052381717031213925,0.12280701754385964,0.0,0,7,27,7,13,,57,17,2.4,0.03337969401947146,6.000000000000003,0.08344923504867868,12,30,19
114,A,all_agents,,,40,30,10,0,21,9,0.4137762702743931,0.23026221966502522,0.9940887514750384,0.09416708785275196,813,30,0.75,51,4.215686274509804,1.6274509803921569,32.2,4963,,,,,,,,,,,,,,,,,,,,,,,,,,,
114,A,participants_only,,,30,30,0,0,21,9,0.4732451254734197,0.23251050574379267,0.9940887514750384,0.11106616941228087,813,30,1.0,51,4.215686274509804,1.6274509803921569,26.266666666666666,4963,,,,,,,,,,,,,,,,,,,,,,,,,,,
114,A,nonparticipants_only,,,10,0,10,0,0,0,0.23536970467731327,0.22746573113784574,0.35601566615800406,0.0010313063099717113,0,0,0.0,0,0.0,0.0,50.0,0,,,,,,,,,,,,,,,,,,,,,,,,,,,
114,A,step_totals,,,,,,,,,,,,,,,,,,,,,69.20000000000007,11.0,0.15895953757225417,,,48.0,0.693641618497109,0.0,0.0,0.004918339330776203,0.1875,0.0,0,9,18,38,22,,48,24,4.200000000000001,0.06069364161849706,6.000000000000003,0.08670520231213867,21,30,28
115,A,all_agents,,,40,30,10,0,21,9,0.4143260559894038,0.22961350652675555,0.9943252014160369,0.09476707204195393,820,30,0.75,51,4.215686274509804,1.6274509803921569,31.975,5017,,,,,,,,,,,,,,,,,,,,,,,,,,,
115,A,participants_only,,,30,30,0,0,21,9,0.47387857277817996,0.2313479532150737,0.9943252014160369,0.11183257821144359,820,30,1.0,51,4.215686274509804,1.6274509803921569,25.966666666666665,5017,,,,,,,,,,,,,,,,,,,,,,,,,,,
115,A,nonparticipants_only,,,10,0,10,0,0,0,0.2356685056230751,0.22889987453721777,0.35423558782721404,0.0010125264629552795,0,0,0.0,0,0.0,0.0,50.0,0,,,,,,,,,,,,,,,,,,,,,,,,,,,
115,A,step_totals,,,,,,,,,,,,,,,,,,,,,71.90000000000006,6.5,0.09040333796940186,,,57.0,0.7927677329624472,0.0,0.0,0.005070867024781941,0.12280701754385964,0.0,0,7,27,7,13,,57,17,2.4,0.03337969401947146,6.000000000000003,0.08344923504867868,12,30,19
116,A,all_agents,,,40,30,10,0,21,9,0.41460608181574693,0.22920308871312461,0.9945521933593954,0.09491457989999999,824,30,0.75,51,4.215686274509804,1.6274509803921569,32.2,5062,,,,,,,,,,,,,,,,,,,,,,,,,,,
116,A,participants_only,,,30,30,0,0,21,9,0.4741530396380285,0.23101689016439836,0.9945521933593954,0.11203766631225483,824,30,1.0,51,4.215686274509804,1.6274509803921569,26.266666666666666,5062,,,,,,,,,,,,,,,,,,,,,,,,,,,
116,A,nonparticipants_only,,,10,0,10,0,0,0,0.2359652083489022,0.22851615918622437,0.352464409888078,0.000995238432572541,0,0,0.0,0,0.0,0.0,50.0,0,,,,,,,,,,,,,,,,,,,,,,,,,,,
116,A,step_totals,,,,,,,,,,,,,,,,,,,,,69.20000000000007,11.0,0.15895953757225417,,,48.0,0.693641618497109,0.0,0.0,0.00463196898415827,0.08333333333333333,0.0,0,4,18,38,22,,48,24,4.200000000000001,0.06069364161849706,6.000000000000003,0.08670520231213867,21,30,28
117,A,all_agents,,,40,30,10,0,21,9,0.4151782394782045,0.22904025738175332,0.9947701056250196,0.0955443911408161,833,30,0.75,51,4.215686274509804,1.6274509803921569,31.975,5118,,,,,,,,,,,,,,,,,,,,,,,,,,,
117,A,participants_only,,,30,30,0,0,21,9,0.4748175118195018,0.22986180571357634,0.9947701056250196,0.11283938104902465,833,30,1.0,51,4.215686274509804,1.6274509803921569,25.966666666666665,5118,,,,,,,,,,,,,,,,,,,,,,,,,,,
117,A,nonparticipants_only,,,10,0,10,0,0,0,0.23626042245431256,0.22776806313637565,0.3507020878386376,0.0009773077513973078,0,0,0.0,0,0.0,0.0,50.0,0,,,,,,,,,,,,,,,,,,,,,,,,,,,
117,A,step_totals,,,,,,,,,,,,,,,,,,,,,72.10000000000005,6.5,0.09015256588072115,,,57.0,0.790568654646324,0.0,0.0,0.0051324497598352874,0.15789473684210525,0.0,0,9,27,7,13,,57,17,2.6,0.036061026352288465,6.000000000000003,0.08321775312066572,13,30,19
118,A,all_agents,,,40,30,10,0,21,9,0.41547891854833696,0.2294537803567231,0.9949793014000188,0.0957118761958569,836,30,0.75,51,4.215686274509804,1.6274509803921569,32.2,5165,,,,,,,,,,,,,,,,,,,,,,,,,,,
118,A,participants_only,,,30,30,0,0,21,9,0.47512053998112397,0.23086091232673803,0.9949793014000188,0.11306766301050875,836,30,1.0,51,4.215686274509804,1.6274509803921569,26.266666666666666,5165,,,,,,,,,,,,,,,,,,,,,,,,,,,
118,A,nonparticipants_only,,,10,0,10,0,0,0,0.23655405424997575,0.2294537803567231,0.3489485773994444,0.0009590396663187568,0,0,0.0,0,0.0,0.0,50.0,0,,,,,,,,,,,,,,,,,,,,,,,,,,,
118,A,step_totals,,,,,,,,,,,,,,,,,,,,,69.20000000000007,11.0,0.15895953757225417,,,48.0,0.693641618497109,0.0,0.0,0.004711632678856068,0.0625,0.0,0,3,18,38,22,,48,24,4.200000000000001,0.06069364161849706,6.000000000000003,0.08670520231213867,21,30,28
119,A,all_agents,,,40,30,10,0,21,9,0.4159706022335815,0.22907040182180727,0.995180129344018,0.09631241929239127,843,30,0.75,51,4.215686274509804,1.6274509803921569,31.975,5219,,,,,,,,,,,,,,,,,,,,,,,,,,,
119,A,participants_only,,,30,30,0,0,21,9,0.47567876609983717,0.22970660776510432,0.995180129344018,0.11384280554985672,843,30,1.0,51,4.215686274509804,1.6274509803921569,25.966666666666665,5219,,,,,,,,,,,,,,,,,,,,,,,,,,,
119,A,nonparticipants_only,,,10,0,10,0,0,0,0.23684611063481448,0.22907040182180727,0.3472038345124472,0.0009404825326392973,0,0,0.0,0,0.0,0.0,50.0,0,,,,,,,,,,,,,,,,,,,,,,,,,,,
119,A,step_totals,,,,,,,,,,,,,,,,,,,,,71.90000000000006,6.5,0.09040333796940186,,,57.0,0.7927677329624472,0.0,0.0,0.004879888586011489,0.12280701754385964,0.0,0,7,27,7,13,,57,17,2.4,0.03337969401947146,6.000000000000003,0.08344923504867868,12,30,19
120,A,all_agents,,,40,30,10,0,21,9,0.41625114595389867,0.23057997690293097,0.9953729241702572,0.09646570634947992,847,30,0.75,51,4.215686274509804,1.6274509803921569,32.2,5265,,,,,,,,,,,,,,,,,,,,,,,,,,,
120,A,participants_only,,,30,30,0,0,21,9,0.4759562341294052,0.2314317453929018,0.9953729241702572,0.11405409564315921,847,30,1.0,51,4.215686274509804,1.6274509803921569,26.266666666666666,5265,,,,,,,,,,,,,,,,,,,,,,,,,,,
120,A,nonparticipants_only,,,10,0,10,0,0,0,0.237135881427379,0.23031736213278192,0.34546781533988496,0.0009241678199019139,0,0,0.0,0,0.0,0.0,50.0,0,,,,,,,,,,,,,,,,,,,,,,,,,,,
120,A,step_totals,,,,,,,,,,,,,,,,,,,,,69.20000000000006,11.0,0.1589595375722542,,,48.0,0.6936416184971093,0.0,0.0,0.004647844434568008,0.08333333333333333,0.0,0,4,18,38,22,,48,24,4.200000000000001,0.06069364161849707,6.000000000000003,0.0867052023121387,21,30,28
120,A,reachability,0.25,0.0,,,,,,,,,,,,,,,,,,,,,,,,,,,,,,,,,,,,,,,,,,,,,
121,A,all_agents,,,40,30,10,0,21,9,0.41664113125080454,0.23090272156297853,0.995558007203447,0.09701623795140009,853,30,0.75,51,4.215686274509804,1.6274509803921569,31.975,5317,,,,,,,,,,,,,,,,,,,,,,,,,,,
121,A,participants_only,,,30,30,0,0,21,9,0.47638031167496037,0.23027458666593725,0.995558007203447,0.11477679154435673,853,30,1.0,51,4.215686274509804,1.6274509803921569,25.966666666666665,5317,,,,,,,,,,,,,,,,,,,,,,,,,,,
121,A,nonparticipants_only,,,10,0,10,0,0,0,0.23742358997833732,0.23090272156297853,0.34374047626318555,0.0009093410395321723,0,0,0.0,0,0.0,0.0,50.0,0,,,,,,,,,,,,,,,,,,,,,,,,,,,
121,A,step_totals,,,,,,,,,,,,,,,,,,,,,71.90000000000006,6.5,0.09040333796940186,,,57.0,0.7927677329624472,0.0,0.0,0.004541296552862757,0.10526315789473684,0.0,0,6,27,7,13,,57,17,2.4,0.03337969401947146,6.000000000000003,0.08344923504867868,12,30,19
122,A,all_agents,,,40,30,10,0,21,9,0.41693467136370516,0.23053224582454457,0.9957356869153091,0.0971799278663274,858,30,0.75,51,4.215686274509804,1.6274509803921569,32.2,5365,,,,,,,,,,,,,,,,,,,,,,,,,,,
122,A,participants_only,,,30,30,0,0,21,9,0.4766763313794203,0.23067472521388793,0.9957356869153091,0.1149988238146395,858,30,1.0,51,4.215686274509804,1.6274509803921569,26.266666666666666,5365,,,,,,,,,,,,,,,,,,,,,,,,,,,
122,A,nonparticipants_only,,,10,0,10,0,0,0,0.2377096913165599,0.23053224582454457,0.3420217738818696,0.0008944487241916248,0,0,0.0,0,0.0,0.0,50.0,0,,,,,,,,,,,,,,,,,,,,,,,,,,,
122,A,step_totals,,,,,,,,,,,,,,,,,,,,,69.20000000000007,11.0,0.15895953757225417,,,48.0,0.693641618497109,0.0,0.0,0.004697625771510489,0.10416666666666667,0.0,0,5,18,38,22,,48,24,4.200000000000001,0.06069364161849706,6.000000000000003,0.08670520231213867,21,30,28
123,A,all_agents,,,40,30,10,0,21,9,0.4174156217827803,0.2298099618821125,0.9959062594386967,0.0977529095523231,869,30,0.75,51,4.215686274509804,1.6274509803921569,31.975,5418,,,,,,,,,,,,,,,,,,,,,,,,,,,
123,A,participants_only,,,30,30,0,0,21,9,0.4772226619876001,0.22952135158781847,0.9959062594386967,0.11573688130168593,869,30,1.0,51,4.215686274509804,1.6274509803921569,25.966666666666665,5418,,,,,,,,,,,,,,,,,,,,,,,,,,,
123,A,nonparticipants_only,,,10,0,10,0,0,0,0.2379945011683209,0.2298099618821125,0.34031166501246024,0.0008784096075034779,0,0,0.0,0,0.0,0.0,50.0,0,,,,,,,,,,,,,,,,,,,,,,,,,,,
123,A,step_totals,,,,,,,,,,,,,,,,,,,,,72.10000000000007,6.5,0.09015256588072114,,,57.0,0.7905686546463239,0.0,0.0,0.004833670358989042,0.19298245614035087,0.0,0,11,27,7,13,,57,17,2.6,0.03606102635228846,6.000000000000003,0.0832177531206657,13,30,19
124,A,all_agents,,,40,30,10,0,21,9,0.4176540282344122,0.2299599397378319,0.9960700090611488,0.09788190508953876,876,30,0.75,51,4.215686274509804,1.6274509803921569,32.2,5465,,,,,,,,,,,,,,,,,,,,,,,,,,,
124,A,participants_only,,,30,30,0,0,21,9,0.4774461308407852,0.22989994483127812,0.9960700090611488,0.1159214041144762,876,30,1.0,51,4.215686274509804,1.6274509803921569,26.266666666666666,5465,,,,,,,,,,,,,,,,,,,,,,,,,,,
124,A,nonparticipants_only,,,10,0,10,0,0,0,0.23827772041529352,0.2301714298909146,0.33861010668739794,0.0008622616056341223,0,0,0.0,0,0.0,0.0,50.0,0,,,,,,,,,,,,,,,,,,,,,,,,,,,
124,A,step_totals,,,,,,,,,,,,,,,,,,,,,69.20000000000005,11.0,0.15895953757225423,,,48.0,0.6936416184971094,0.0,0.0,0.004513204170221973,0.14583333333333334,0.0,0,7,18,38,22,,48,24,4.200000000000001,0.060693641618497086,6.000000000000003,0.08670520231213871,21,30,28
125,A,all_agents,,,40,30,10,0,21,9,0.41812333896666254,0.23028032798538384,0.9962272086987028,0.09847114669861348,884,30,0.75,51,4.215686274509804,1.6274509803921569,31.975,5521,,,,,,,,,,,,,,,,,,,,,,,,,,,
125,A,participants_only,,,30,30,0,0,21,9,0.47797795604463217,0.22875044510712172,0.9962272086987028,0.11668270208867397,884,30,1.0,51,4.215686274509804,1.6274509803921569,25.966666666666665,5521,,,,,,,,,,,,,,,,,,,,,,,,,,,
125,A,nonparticipants_only,,,10,0,10,0,0,0,0.23855948773275368,0.23079329514618452,0.33691705615396095,0.0008455783018275457,0,0,0.0,0,0.0,0.0,50.0,0,,,,,,,,,,,,,,,,,,,,,,,,,,,
125,A,step_totals,,,,,,,,,,,,,,,,,,,,,72.10000000000005,6.5,0.09015256588072115,,,57.0,0.790568654646324,0.0,0.0,0.004796122777375614,0.14035087719298245,0.0,0,8,27,7,13,,57,17,2.6,0.036061026352288465,6.000000000000003,0.08321775312066572,13,30,19
126,A,all_agents,,,40,30,10,0,21,9,0.418384708928142,0.23092681599922202,0.9963781203507547,0.09861023688881182,894,30,0.75,51,4.215686274509804,1.6274509803921569,32.2,5569,,,,,,,,,,,,,,,,,,,,,,,,,,,
126,A,participants_only,,,30,30,0,0,21,9,0.47823340469488784,0.23042457766871866,0.9963781203507547,0.11687533105127682,894,30,1.0,51,4.215686274509804,1.6274509803921569,26.266666666666666,5569,,,,,,,,,,,,,,,,,,,,,,,,,,,
126,A,nonparticipants_only,,,10,0,10,0,0,0,0.23883862162790453,0.23092681599922202,0.33523247087319114,0.0008325577816508291,0,0,0.0,0,0.0,0.0,50.0,0,,,,,,,,,,,,,,,,,,,,,,,,,,,
126,A,step_totals,,,,,,,,,,,,,,,,,,,,,69.20000000000005,11.0,0.15895953757225423,,,48.0,0.6936416184971094,0.0,0.0,0.0045982893114604175,0.20833333333333334,0.0,0,10,18,38,22,,48,24,4.200000000000001,0.060693641618497086,6.000000000000003,0.08670520231213871,21,30,28
127,A,all_agents,,,40,30,10,0,21,9,0.4188235481488265,0.23136222985227017,0.9965229955367245,0.09919276148011538,901,30,0.75,51,4.215686274509804,1.6274509803921569,31.975,5625,,,,,,,,,,,,,,,,,,,,,,,,,,,
127,A,participants_only,,,30,30,0,0,21,9,0.47872604795331547,0.22927245478037506,0.9965229955367245,0.11763046016824232,901,30,1.0,51,4.215686274509804,1.6274509803921569,25.966666666666665,5625,,,,,,,,,,,,,,,,,,,,,,,,,,,
127,A,nonparticipants_only,,,10,0,10,0,0,0,0.23911604873535958,0.23207043164792632,0.3335563085188252,0.0008199516218129652,0,0,0.0,0,0.0,0.0,50.0,0,,,,,,,,,,,,,,,,,,,,,,,,,,,
127,A,step_totals,,,,,,,,,,,,,,,,,,,,,71.90000000000005,6.5,0.09040333796940189,,,57.0,0.7927677329624473,0.0,0.0,0.004708328985038319,0.12280701754385964,0.0,0,7,27,7,13,,57,17,2.4,0.03337969401947147,6.000000000000003,0.0834492350486787,12,30,19
128,A,all_agents,,,40,30,10,0,21,9,0.41903694006860254,0.23184345183900396,0.9966620757152556,0.09929675014107978,908,30,0.75,51,4.215686274509804,1.6274509803921569,32.2,5670,,,,,,,,,,,,,,,,,,,,,,,,,,,
128,A,participants_only,,,30,30,0,0,21,9,0.4789185649116614,0.23097021726886868,0.9966620757152556,0.11778350670554474,908,30,1.0,51,4.215686274509804,1.6274509803921569,26.266666666666666,5670,,,,,,,,,,,,,,,,,,,,,,,,,,,
128,A,nonparticipants_only,,,10,0,10,0,0,0,0.23939206553942588,0.2321415806667948,0.33188852697623106,0.0008067725215467146,0,0,0.0,0,0.0,0.0,50.0,0,,,,,,,,,,,,,,,,,,,,,,,,,,,
128,A,step_totals,,,,,,,,,,,,,,,,,,,,,69.20000000000007,11.0,0.15895953757225417,,,48.0,0.693641618497109,0.0,0.0,0.004437834472100913,0.14583333333333334,0.0,0,7,18,38,22,,48,24,4.200000000000001,0.06069364161849706,6.000000000000003,0.08670520231213867,21,30,28
129,A,all_agents,,,40,30,10,0,21,9,0.41941488508017494,0.2313163760952252,0.9967955926866453,0.09982757767647345,916,30,0.75,51,4.215686274509804,1.6274509803921569,31.975,5724,,,,,,,,,,,,,,,,,,,,,,,,,,,
129,A,participants_only,,,30,30,0,0,21,9,0.47933092197416066,0.22981536618252435,0.9967955926866453,0.11847947920549882,916,30,1.0,51,4.215686274509804,1.6274509803921569,25.966666666666665,5724,,,,,,,,,,,,,,,,,,,,,,,,,,,
129,A,nonparticipants_only,,,10,0,10,0,0,0,0.23966677439821762,0.23147281797250804,0.3302290843413499,0.0007926953644197519,0,0,0.0,0,0.0,0.0,50.0,0,,,,,,,,,,,,,,,,,,,,,,,,,,,
129,A,step_totals,,,,,,,,,,,,,,,,,,,,,71.90000000000006,6.5,0.09040333796940186,,,57.0,0.7927677329624472,0.0,0.0,0.004506377586379968,0.14035087719298245,0.0,0,8,27,7,13,,57,17,2.4,0.03337969401947146,6.000000000000003,0.08344923504867868,12,30,19
130,A,all_agents,,,40,30,10,0,21,9,0.4196475328515474,0.23088490865973738,0.9969237689791794,0.09994322011688524,925,30,0.75,51,4.215686274509804,1.6274509803921569,32.2,5772,,,,,,,,,,,,,,,,,,,,,,,,,,,
130,A,participants_only,,,30,30,0,0,21,9,0.47955003893073656,0.2302466078421083,0.9969237689791794,0.11864496376713826,925,30,1.0,51,4.215686274509804,1.6274509803921569,26.266666666666666,5772,,,,,,,,,,,,,,,,,,,,,,,,,,,
130,A,nonparticipants_only,,,10,0,10,0,0,0,0.2399400146139798,0.23199755660585056,0.32857793891964315,0.0007782663513186037,0,0,0.0,0,0.0,0.0,50.0,0,,,,,,,,,,,,,,,,,,,,,,,,,,,
130,A,step_totals,,,,,,,,,,,,,,,,,,,,,69.20000000000006,11.0,0.1589595375722542,,,48.0,0.6936416184971093,0.0,0.0,0.004509743537719223,0.1875,0.0,0,9,18,38,22,,48,24,4.200000000000001,0.06069364161849707,6.000000000000003,0.0867052023121387,21,30,28
130,A,reachability,0.25,0.0,,,,,,,,,,,,,,,,,,,,,,,,,,,,,,,,,,,,,,,,,,,,,
131,A,all_agents,,,40,30,10,0,21,9,0.4200299084974576,0.23176640335011842,0.9970468182200123,0.10048674626029909,939,30,0.75,51,4.215686274509804,1.6274509803921569,31.975,5826,,,,,,,,,,,,,,,,,,,,,,,,,,,
131,A,participants_only,,,30,30,0,0,21,9,0.479969330549545,0.22909537480289777,0.9970468182200123,0.1193567075649898,939,30,1.0,51,4.215686274509804,1.6274509803921569,25.966666666666665,5826,,,,,,,,,,,,,,,,,,,,,,,,,,,
131,A,nonparticipants_only,,,10,0,10,0,0,0,0.2402116423411954,0.23264199716225997,0.32693504922504496,0.000764050554967831,0,0,0.0,0,0.0,0.0,50.0,0,,,,,,,,,,,,,,,,,,,,,,,,,,,
131,A,step_totals,,,,,,,,,,,,,,,,,,,,,71.90000000000005,6.5,0.09040333796940189,,,57.0,0.7927677329624473,0.0,0.0,0.004522385027062698,0.24561403508771928,0.0,0,14,27,7,13,,57,17,2.4,0.03337969401947147,6.000000000000003,0.0834492350486787,12,30,19
132,A,all_agents,,,40,30,10,0,21,9,0.4202478010349994,0.23183044840161232,0.9971649454912118,0.10059151096571935,944,30,0.75,51,4.215686274509804,1.6274509803921569,32.2,5873,,,,,,,,,,,,,,,,,,,,,,,,,,,
132,A,participants_only,,,30,30,0,0,21,9,0.48017008445042075,0.22950602205051712,0.9971649454912118,0.11950843764745413,944,30,1.0,51,4.215686274509804,1.6274509803921569,26.266666666666666,5873,,,,,,,,,,,,,,,,,,,,,,,,,,,
132,A,nonparticipants_only,,,10,0,10,0,0,0,0.24048095078873546,0.2327999593751248,0.32530037397891975,0.0007525703238980745,0,0,0.0,0,0.0,0.0,50.0,0,,,,,,,,,,,,,,,,,,,,,,,,,,,
132,A,step_totals,,,,,,,,,,,,,,,,,,,,,69.20000000000007,11.0,0.15895953757225417,,,48.0,0.693641618497109,0.0,0.0,0.00446275423052848,0.10416666666666667,0.0,0,5,18,38,22,,48,24,4.200000000000001,0.06069364161849706,6.000000000000003,0.08670520231213867,21,30,28
133,A,all_agents,,,40,30,10,0,21,9,0.42064828192433995,0.23282966492937285,0.9972783476715633,0.10114493174498632,953,30,0.75,51,4.215686274509804,1.6274509803921569,31.975,5929,,,,,,,,,,,,,,,,,,,,,,,,,,,
133,A,participants_only,,,30,30,0,0,21,9,0.4806148112897159,0.22835849194026453,0.9972783476715633,0.12022890566435028,953,30,1.0,51,4.215686274509804,1.6274509803921569,25.966666666666665,5929,,,,,,,,,,,,,,,,,,,,,,,,,,,
133,A,nonparticipants_only,,,10,0,10,0,0,0,0.24074869382821207,0.2339388826132095,0.32367387210902515,0.0007411942573524308,0,0,0.0,0,0.0,0.0,50.0,0,,,,,,,,,,,,,,,,,,,,,,,,,,,
133,A,step_totals,,,,,,,,,,,,,,,,,,,,,71.90000000000005,6.5,0.09040333796940189,,,57.0,0.7927677329624473,0.0,0.0,0.004583166845778864,0.15789473684210525,0.0,0,9,27,7,13,,57,16,2.4,0.03337969401947147,6.000000000000003,0.0834492350486787,12,30,18
134,A,all_agents,,,40,30,10,0,21,9,0.4208322506954611,0.23350759835941026,0.9973872137647007,0.10122133219552708,963,30,0.75,51,4.215686274509804,1.6274509803921569,32.2,5975,,,,,,,,,,,,,,,,,,,,,,,,,,,
134,A,participants_only,,,30,30,0,0,21,9,0.4807713126309019,0.23000750044869478,0.9973872137647007,0.12034791327555158,963,30,1.0,51,4.215686274509804,1.6274509803921569,26.266666666666666,5975,,,,,,,,,,,,,,,,,,,,,,,,,,,
134,A,nonparticipants_only,,,10,0,10,0,0,0,0.24101506488913874,0.23404278158397163,0.32205550274848005,0.0007292952070462345,0,0,0.0,0,0.0,0.0,50.0,0,,,,,,,,,,,,,,,,,,,,,,,,,,,
134,A,step_totals,,,,,,,,,,,,,,,,,,,,,69.20000000000007,11.0,0.15895953757225417,,,48.0,0.693641618497109,0.0,0.0,0.004350493076459942,0.20833333333333334,0.0,0,10,18,38,22,,48,24,4.200000000000001,0.06069364161849706,6.000000000000003,0.08670520231213867,21,30,28
135,A,all_agents,,,40,30,10,0,21,9,0.42123627705935396,0.23297685973449067,0.9974917252141127,0.1017852789478997,973,30,0.75,51,4.215686274509804,1.6274509803921569,31.975,6032,,,,,,,,,,,,,,,,,,,,,,,,,,,
135,A,participants_only,,,30,30,0,0,21,9,0.4812216488997396,0.2288574629464513,0.9974917252141127,0.12108187129343864,973,30,1.0,51,4.215686274509804,1.6274509803921569,25.966666666666665,6032,,,,,,,,,,,,,,,,,,,,,,,,,,,
135,A,nonparticipants_only,,,10,0,10,0,0,0,0.2412801615381972,0.2333268600068768,0.3204452252347377,0.0007165638933309301,0,0,0.0,0,0.0,0.0,50.0,0,,,,,,,,,,,,,,,,,,,,,,,,,,,
135,A,step_totals,,,,,,,,,,,,,,,,,,,,,72.10000000000007,6.5,0.09015256588072114,,,57.0,0.7905686546463239,0.0,0.0,0.00458312087446991,0.17543859649122806,0.0,0,10,27,7,13,,57,15,2.6,0.03606102635228846,6.000000000000003,0.0832177531206657,13,30,17
136,A,all_agents,,,40,30,10,0,21,9,0.42141250580838036,0.23267712814035374,0.9975920562055481,0.10185389216605287,987,30,0.75,51,4.215686274509804,1.6274509803921569,32.2,6079,,,,,,,,,,,,,,,,,,,,,,,,,,,
136,A,participants_only,,,30,30,0,0,21,9,0.48136879761907614,0.23052905848535987,0.9975920562055481,0.12119142159335601,987,30,1.0,51,4.215686274509804,1.6274509803921569,26.266666666666666,6079,,,,,,,,,,,,,,,,,,,,,,,,,,,
136,A,nonparticipants_only,,,10,0,10,0,0,0,0.24154363037629317,0.2339677745291056,0.318842999108564,0.0007042207518718765,0,0,0.0,0,0.0,0.0,50.0,0,,,,,,,,,,,,,,,,,,,,,,,,,,,
136,A,step_totals,,,,,,,,,,,,,,,,,,,,,69.20000000000005,11.0,0.15895953757225423,,,48.0,0.6936416184971094,0.0,0.0,0.004329029833468203,0.2916666666666667,0.0,0,14,18,38,22,,48,24,4.200000000000001,0.060693641618497086,6.000000000000003,0.08670520231213871,21,30,28
137,A,all_agents,,,40,30,10,0,21,9,0.4217342446912238,0.2328508435594963,0.9976883739573262,0.10237233459679237,995,30,0.75,51,4.215686274509804,1.6274509803921569,31.975,6134,,,,,,,,,,,,,,,,,,,,,,,,,,,
137,A,participants_only,,,30,30,0,0,21,9,0.4817104273427197,0.2293764131929331,0.9976883739573262,0.12187736478159704,995,30,1.0,51,4.215686274509804,1.6274509803921569,25.966666666666665,6134,,,,,,,,,,,,,,,,,,,,,,,,,,,
137,A,nonparticipants_only,,,10,0,10,0,0,0,0.24180569673673616,0.23439197074844842,0.3172487841130212,0.0006915342170312176,0,0,0.0,0,0.0,0.0,50.0,0,,,,,,,,,,,,,,,,,,,,,,,,,,,
137,A,step_totals,,,,,,,,,,,,,,,,,,,,,71.90000000000006,6.5,0.09040333796940186,,,57.0,0.7927677329624472,0.0,0.0,0.004321759893590427,0.14035087719298245,0.0,0,8,27,7,13,,57,15,2.4,0.03337969401947146,6.000000000000003,0.08344923504867868,12,30,17
138,A,all_agents,,,40,30,10,0,21,9,0.4218677150071459,0.2335032708606641,0.9977808389990331,0.10240990600650239,1004,30,0.75,51,4.215686274509804,1.6274509803921569,32.2,6180,,,,,,,,,,,,,,,,,,,,,,,,,,,
138,A,participants_only,,,30,30,0,0,21,9,0.4818017520469327,0.22983738524201436,0.9977808389990331,0.1219511194253702,1004,30,1.0,51,4.215686274509804,1.6274509803921569,26.266666666666666,6180,,,,,,,,,,,,,,,,,,,,,,,,,,,
138,A,nonparticipants_only,,,10,0,10,0,0,0,0.24206560388778542,0.23464323890946445,0.3156625401924561,0.0006812001992605146,0,0,0.0,0,0.0,0.0,50.0,0,,,,,,,,,,,,,,,,,,,,,,,,,,,
138,A,step_totals,,,,,,,,,,,,,,,,,,,,,69.20000000000007,11.0,0.15895953757225417,,,48.0,0.693641618497109,0.0,0.0,0.004184202481886533,0.1875,0.0,0,9,18,38,22,,48,24,4.200000000000001,0.06069364161849706,6.000000000000003,0.08670520231213867,21,30,28
139,A,all_agents,,,40,30,10,0,21,9,0.4222074264430001,0.23420687584361885,0.9978696054390718,0.10293813310297675,1015,30,0.75,51,4.215686274509804,1.6274509803921569,31.975,6235,,,,,,,,,,,,,,,,,,,,,,,,,,,
139,A,participants_only,,,30,30,0,0,21,9,0.4821685720516273,0.22868819831580428,0.9978696054390718,0.12264582279334241,1015,30,1.0,51,4.215686274509804,1.6274509803921569,25.966666666666665,6235,,,,,,,,,,,,,,,,,,,,,,,,,,,
139,A,nonparticipants_only,,,10,0,10,0,0,0,0.24232398961711848,0.23574286504262965,0.31408422749149384,0.0006709962394919145,0,0,0.0,0,0.0,0.0,50.0,0,,,,,,,,,,,,,,,,,,,,,,,,,,,
139,A,step_totals,,,,,,,,,,,,,,,,,,,,,71.90000000000006,6.5,0.09040333796940186,,,57.0,0.7927677329624472,0.0,0.0,0.004380960390247872,0.19298245614035087,0.0,0,11,27,7,13,,57,15,2.4,0.03337969401947146,6.000000000000003,0.08344923504867868,12,30,17
140,A,all_agents,,,40,30,10,0,21,9,0.4223793834397796,0.23458172273089167,0.9979548212215089,0.10300329550777444,1022,30,0.75,51,4.215686274509804,1.6274509803921569,32.2,6283,,,,,,,,,,,,,,,,,,,,,,,,,,,
140,A,participants_only,,,30,30,0,0,21,9,0.4823121647670898,0.2291294848782245,0.9979548212215089,0.12274986726715276,1022,30,1.0,51,4.215686274509804,1.6274509803921569,26.266666666666666,6283,,,,,,,,,,,,,,,,,,,,,,,,,,,
140,A,nonparticipants_only,,,10,0,10,0,0,0,0.24258103945784876,0.23584317911089925,0.31251380635403636,0.0006603208981132216,0,0,0.0,0,0.0,0.0,50.0,0,,,,,,,,,,,,,,,,,,,,,,,,,,,
140,A,step_totals,,,,,,,,,,,,,,,,,,,,,69.20000000000007,11.0,0.15895953757225417,,,48.0,0.693641618497109,0.0,0.0,0.004322159086683245,0.14583333333333334,0.0,0,7,18,38,22,,48,24,4.200000000000001,0.06069364161849706,6.000000000000003,0.08670520231213867,21,30,28
140,A,reachability,0.25,0.0,,,,,,,,,,,,,,,,,,,,,,,,,,,,,,,,,,,,,,,,,,,,,
141,A,all_agents,,,40,30,10,0,21,9,0.42272453018870254,0.23465038217025042,0.9980366283726485,0.10354208724978557,1033,30,0.75,51,4.215686274509804,1.6274509803921569,31.975,6340,,,,,,,,,,,,,,,,,,,,,,,,,,,
141,A,participants_only,,,30,30,0,0,21,9,0.48268715517073535,0.22798383745383338,0.9980366283726485,0.12345753553731517,1033,30,1.0,51,4.215686274509804,1.6274509803921569,25.966666666666665,6340,,,,,,,,,,,,,,,,,,,,,,,,,,,
141,A,nonparticipants_only,,,10,0,10,0,0,0,0.24283665524260414,0.23515195950175838,0.3109512373222662,0.0006495456503659066,0,0,0.0,0,0.0,0.0,50.0,0,,,,,,,,,,,,,,,,,,,,,,,,,,,
141,A,step_totals,,,,,,,,,,,,,,,,,,,,,71.90000000000006,6.5,0.09040333796940186,,,57.0,0.7927677329624472,0.0,0.0,0.0043997431838313575,0.19298245614035087,0.0,0,11,27,7,13,,57,15,2.4,0.03337969401947146,6.000000000000003,0.08344923504867868,12,30,17
142,A,all_agents,,,40,30,10,0,21,9,0.4228676256248955,0.23425513187043717,0.9981151632377425,0.10358178569027111,1042,30,0.75,51,4.215686274509804,1.6274509803921569,32.2,6387,,,,,,,,,,,,,,,,,,,,,,,,,,,
142,A,participants_only,,,30,30,0,0,21,9,0.4827932177726068,0.22960883074812027,0.9981151632377425,0.12353186974543702,1042,30,1.0,51,4.215686274509804,1.6274509803921569,26.266666666666666,6387,,,,,,,,,,,,,,,,,,,,,,,,,,,
142,A,nonparticipants_only,,,10,0,10,0,0,0,0.2430908491817618,0.2358312386594086,0.3093964811356549,0.0006386143937274173,0,0,0.0,0,0.0,0.0,50.0,0,,,,,,,,,,,,,,,,,,,,,,,,,,,
142,A,step_totals,,,,,,,,,,,,,,,,,,,,,69.20000000000006,11.0,0.1589595375722542,,,48.0,0.6936416184971093,0.0,0.0,0.00422644722787067,0.1875,0.0,0,9,18,38,22,,48,25,4.200000000000001,0.06069364161849707,6.000000000000003,0.0867052023121387,21,30,28
143,A,all_agents,,,40,30,10,0,21,9,0.4231466095183134,0.2339473546021651,0.9981905567082329,0.10407467203212191,1054,30,0.75,51,4.215686274509804,1.6274509803921569,31.975,6442,,,,,,,,,,,,,,,,,,,,,,,,,,,
143,A,participants_only,,,30,30,0,0,21,9,0.4830808904543548,0.22846078659437968,0.9981905567082329,0.12418873211190914,1054,30,1.0,51,4.215686274509804,1.6274509803921569,25.966666666666665,6442,,,,,,,,,,,,,,,,,,,,,,,,,,,
143,A,nonparticipants_only,,,10,0,10,0,0,0,0.24334376671018904,0.23612014375821017,0.3078494987299766,0.000627075416916066,0,0,0.0,0,0.0,0.0,50.0,0,,,,,,,,,,,,,,,,,,,,,,,,,,,
143,A,step_totals,,,,,,,,,,,,,,,,,,,,,71.90000000000006,6.5,0.09040333796940186,,,57.0,0.7927677329624472,0.0,0.0,0.004179163399512382,0.21052631578947367,0.0,0,12,27,7,13,,57,15,2.4,0.03337969401947146,6.000000000000003,0.08344923504867868,12,30,17
144,A,all_agents,,,40,30,10,0,21,9,0.4232976387412162,0.2349395430394191,0.9982629344399035,0.10412166186576048,1061,30,0.75,51,4.215686274509804,1.6274509803921569,32.2,6490,,,,,,,,,,,,,,,,,,,,,,,,,,,
144,A,participants_only,,,30,30,0,0,21,9,0.48319865505346105,0.2301073700505008,0.9982629344399035,0.12427041071277385,1061,30,1.0,51,4.215686274509804,1.6274509803921569,26.266666666666666,6490,,,,,,,,,,,,,,,,,,,,,,,,,,,
144,A,nonparticipants_only,,,10,0,10,0,0,0,0.2435945898044817,0.23642291841630908,0.3063102512363267,0.0006178342618425345,0,0,0.0,0,0.0,0.0,50.0,0,,,,,,,,,,,,,,,,,,,,,,,,,,,
144,A,step_totals,,,,,,,,,,,,,,,,,,,,,69.20000000000006,11.0,0.1589595375722542,,,48.0,0.6936416184971093,0.0,0.0,0.004256943826428904,0.14583333333333334,0.0,0,7,18,38,22,,48,25,4.200000000000001,0.06069364161849707,6.000000000000003,0.0867052023121387,21,30,28
145,A,all_agents,,,40,30,10,0,21,9,0.4235702980565871,0.23524080382422752,0.9983324170623074,0.10461200628173953,1068,30,0.75,51,4.215686274509804,1.6274509803921569,31.975,6544,,,,,,,,,,,,,,,,,,,,,,,,,,,
145,A,participants_only,,,30,30,0,0,21,9,0.4834790863887393,0.2289568332002483,0.9983324170623074,0.12492350622693028,1068,30,1.0,51,4.215686274509804,1.6274509803921569,25.966666666666665,6544,,,,,,,,,,,,,,,,,,,,,,,,,,,
145,A,nonparticipants_only,,,10,0,10,0,0,0,0.24384393306013027,0.237484603341426,0.30477869998014506,0.000608751413047764,0,0,0.0,0,0.0,0.0,50.0,0,,,,,,,,,,,,,,,,,,,,,,,,,,,
145,A,step_totals,,,,,,,,,,,,,,,,,,,,,72.10000000000005,6.5,0.09015256588072115,,,57.0,0.790568654646324,0.0,0.0,0.004146319275058572,0.12280701754385964,0.0,0,7,27,7,13,,57,15,2.6,0.036061026352288465,6.000000000000003,0.08321775312066572,13,30,17
146,A,all_agents,,,40,30,10,0,21,9,0.4236937239633936,0.23604382916950428,0.998399120379815,0.10463483108674536,1071,30,0.75,51,4.215686274509804,1.6274509803921569,32.2,6591,,,,,,,,,,,,,,,,,,,,,,,,,,,
146,A,participants_only,,,30,30,0,0,21,9,0.4835610356361608,0.229446223501178,0.998399120379815,0.12497676323497098,1071,30,1.0,51,4.215686274509804,1.6274509803921569,26.266666666666666,6591,,,,,,,,,,,,,,,,,,,,,,,,,,,
146,A,nonparticipants_only,,,10,0,10,0,0,0,0.2440917889450919,0.23758145619972648,0.30325480648024433,0.0005998945589774391,0,0,0.0,0,0.0,0.0,50.0,0,,,,,,,,,,,,,,,,,,,,,,,,,,,
146,A,step_totals,,,,,,,,,,,,,,,,,,,,,69.20000000000006,11.0,0.1589595375722542,,,48.0,0.6936416184971093,0.0,0.0,0.0041643092648821,0.0625,0.0,0,3,18,38,22,,48,25,4.200000000000001,0.06069364161849707,6.000000000000003,0.0867052023121387,21,30,28
147,A,all_agents,,,40,30,10,0,21,9,0.4239881318555254,0.23639354891872788,0.9984631555646224,0.10514996886359676,1078,30,0.75,51,4.215686274509804,1.6274509803921569,31.975,6648,,,,,,,,,,,,,,,,,,,,,,,,,,,
147,A,participants_only,,,30,30,0,0,21,9,0.4838713739355284,0.22829899238367207,0.9984631555646224,0.1256591389391967,1078,30,1.0,51,4.215686274509804,1.6274509803921569,25.966666666666665,6648,,,,,,,,,,,,,,,,,,,,,,,,,,,
147,A,nonparticipants_only,,,10,0,10,0,0,0,0.24433840561551648,0.23691408624839796,0.3017385324478431,0.0005904264526501068,0,0,0.0,0,0.0,0.0,50.0,0,,,,,,,,,,,,,,,,,,,,,,,,,,,
147,A,step_totals,,,,,,,,,,,,,,,,,,,,,71.90000000000006,6.5,0.09040333796940186,,,57.0,0.7927677329624472,0.0,0.0,0.004230389526762444,0.12280701754385964,0.0,0,7,27,7,13,,57,15,2.4,0.03337969401947146,6.000000000000003,0.08344923504867868,12,30,17
148,A,all_agents,,,40,30,10,0,21,9,0.42407769484699215,0.23572951581715595,0.9985246293420375,0.10514440572728714,1084,30,0.75,51,4.215686274509804,1.6274509803921569,32.2,6694,,,,,,,,,,,,,,,,,,,,,,,,,,,
148,A,participants_only,,,30,30,0,0,21,9,0.4839090181708333,0.22876956600822612,0.9985246293420375,0.12567987824396698,1084,30,1.0,51,4.215686274509804,1.6274509803921569,26.266666666666666,6694,,,,,,,,,,,,,,,,,,,,,,,,,,,
148,A,nonparticipants_only,,,10,0,10,0,0,0,0.24458372487546864,0.23756992773840283,0.30022983978560386,0.0005805411690634212,0,0,0.0,0,0.0,0.0,50.0,0,,,,,,,,,,,,,,,,,,,,,,,,,,,
148,A,step_totals,,,,,,,,,,,,,,,,,,,,,69.20000000000006,11.0,0.1589595375722542,,,48.0,0.6936416184971093,0.0,0.0,0.004050787358959616,0.125,0.0,0,6,18,38,22,,48,25,4.200000000000001,0.06069364161849707,6.000000000000003,0.0867052023121387,21,30,28
149,A,all_agents,,,40,30,10,0,21,9,0.42435557120742,0.2357573834811723,0.998583644168356,0.10565100729053778,1096,30,0.75,51,4.215686274509804,1.6274509803921569,31.975,6750,,,,,,,,,,,,,,,,,,,,,,,,,,,
149,A,participants_only,,,30,30,0,0,21,9,0.4841981608326749,0.22762571817818497,0.998583644168356,0.12635343498100052,1096,30,1.0,51,4.215686274509804,1.6274509803921569,25.966666666666665,6750,,,,,,,,,,,,,,,,,,,,,,,,,,,
149,A,nonparticipants_only,,,10,0,10,0,0,0,0.24482780233165505,0.2378488645324058,0.29872869058667584,0.0005700978224695062,0,0,0.0,0,0.0,0.0,50.0,0,,,,,,,,,,,,,,,,,,,,,,,,,,,
149,A,step_totals,,,,,,,,,,,,,,,,,,,,,71.90000000000006,6.5,0.09040333796940186,,,57.0,0.7927677329624472,0.0,0.0,0.004174766161076117,0.21052631578947367,0.0,0,12,27,7,13,,57,15,2.4,0.03337969401947146,6.000000000000003,0.08344923504867868,12,30,17
150,A,all_agents,,,40,30,10,0,21,9,0.42448033401319324,0.2366596202097438,0.9986402984016217,0.10567318893298189,1100,30,0.75,51,4.215686274509804,1.6274509803921569,32.2,6798,,,,,,,,,,,,,,,,,,,,,,,,,,,
150,A,participants_only,,,30,30,0,0,21,9,0.48428382967273814,0.22922775615922986,0.9986402984016217,0.12640445194550926,1100,30,1.0,51,4.215686274509804,1.6274509803921569,26.266666666666666,6798,,,,,,,,,,,,,,,,,,,,,,,,,,,
150,A,nonparticipants_only,,,10,0,10,0,0,0,0.24506984703455856,0.2381411923341158,0.29782322120145716,0.0005619027781853483,0,0,0.0,0,0.0,0.0,50.0,0,,,,,,,,,,,,,,,,,,,,,,,,,,,
150,A,step_totals,,,,,,,,,,,,,,,,,,,,,69.20000000000005,11.0,0.15895953757225423,,,48.0,0.6936416184971094,0.0,0.0,0.004175691010376748,0.08333333333333333,0.0,0,4,18,38,22,,48,25,4.200000000000001,0.060693641618497086,6.000000000000003,0.08670520231213871,21,30,28
150,A,reachability,0.25,0.0,,,,,,,,,,,,,,,,,,,,,,,,,,,,,,,,,,,,,,,,,,,,,
151,A,all_agents,,,40,30,10,0,21,9,0.42474232149708063,0.23695048637244523,0.9986946864655568,0.10617235613419036,1106,30,0.75,51,4.215686274509804,1.6274509803921569,31.975,6854,,,,,,,,,,,,,,,,,,,,,,,,,,,
151,A,participants_only,,,30,30,0,0,21,9,0.4845530049143773,0.22808161737843372,0.9986946864655568,0.12706903001579273,1106,30,1.0,51,4.215686274509804,1.6274509803921569,25.966666666666665,6854,,,,,,,,,,,,,,,,,,,,,,,,,,,
151,A,nonparticipants_only,,,10,0,10,0,0,0,0.24531027124519053,0.23916624516455004,0.29679722206921694,0.0005545202792541586,0,0,0.0,0,0.0,0.0,50.0,0,,,,,,,,,,,,,,,,,,,,,,,,,,,
151,A,step_totals,,,,,,,,,,,,,,,,,,,,,71.90000000000006,6.5,0.09040333796940186,,,57.0,0.7927677329624472,0.0,0.0,0.004120989554949099,0.10526315789473684,0.0,0,6,27,7,13,,57,15,2.4,0.03337969401947146,6.000000000000003,0.08344923504867868,12,30,17
152,A,all_agents,,,40,30,10,0,21,9,0.4248580681971316,0.2378495605788752,0.9987468990069346,0.10618592284370387,1114,30,0.75,51,4.215686274509804,1.6274509803921569,32.2,6901,,,,,,,,,,,,,,,,,,,,,,,,,,,
152,A,participants_only,,,30,30,0,0,21,9,0.484627624109839,0.2297042926490273,0.9987468990069346,0.12710934537715735,1114,30,1.0,51,4.215686274509804,1.6274509803921569,26.266666666666666,6901,,,,,,,,,,,,,,,,,,,,,,,,,,,
152,A,nonparticipants_only,,,10,0,10,0,0,0,0.24554940045900941,0.23925975623755097,0.29616919835398103,0.0005468574753163308,0,0,0.0,0,0.0,0.0,50.0,0,,,,,,,,,,,,,,,,,,,,,,,,,,,
152,A,step_totals,,,,,,,,,,,,,,,,,,,,,69.20000000000007,11.0,0.15895953757225417,,,48.0,0.693641618497109,0.0,0.0,0.004147449344944594,0.16666666666666666,0.0,0,8,18,38,22,,48,25,4.200000000000001,0.06069364161849706,6.000000000000003,0.08670520231213867,21,30,28
153,A,all_agents,,,40,30,10,0,21,9,0.42510560386823776,0.2380634574563632,0.9987970230466572,0.10667694054571288,1122,30,0.75,51,4.215686274509804,1.6274509803921569,31.975,6958,,,,,,,,,,,,,,,,,,,,,,,,,,,
153,A,participants_only,,,30,30,0,0,21,9,0.48487833637097644,0.22855577118578219,0.9987970230466572,0.12776535401113515,1122,30,1.0,51,4.215686274509804,1.6274509803921569,25.966666666666665,6958,,,,,,,,,,,,,,,,,,,,,,,,,,,
153,A,nonparticipants_only,,,10,0,10,0,0,0,0.24578740636002178,0.23864536385397195,0.29532800188612973,0.0005383455393186494,0,0,0.0,0,0.0,0.0,50.0,0,,,,,,,,,,,,,,,,,,,,,,,,,,,
153,A,step_totals,,,,,,,,,,,,,,,,,,,,,72.10000000000007,6.5,0.09015256588072114,,,57.0,0.7905686546463239,0.0,0.0,0.004061707394843976,0.14035087719298245,0.0,0,8,27,7,13,,57,15,2.6,0.03606102635228846,6.000000000000003,0.0832177531206657,13,30,17
154,A,all_agents,,,40,30,10,0,21,9,0.4252134443765917,0.23745213703470208,0.9988451421247909,0.10668250004449747,1129,30,0.75,51,4.215686274509804,1.6274509803921569,32.2,7006,,,,,,,,,,,,,,,,,,,,,,,,,,,
154,A,participants_only,,,30,30,0,0,21,9,0.48494320901381294,0.22907232551152867,0.9988451421247909,0.127796267801246,1129,30,1.0,51,4.215686274509804,1.6274509803921569,26.266666666666666,7006,,,,,,,,,,,,,,,,,,,,,,,,,,,
154,A,nonparticipants_only,,,10,0,10,0,0,0,0.24602415046492818,0.23924862555119497,0.29674251822862474,0.0005294593708378028,0,0,0.0,0,0.0,0.0,50.0,0,,,,,,,,,,,,,,,,,,,,,,,,,,,
154,A,step_totals,,,,,,,,,,,,,,,,,,,,,69.20000000000005,11.0,0.15895953757225423,,,48.0,0.6936416184971094,0.0,0.0,0.004123137395520453,0.14583333333333334,0.0,0,7,18,38,22,,48,25,4.200000000000001,0.060693641618497086,6.000000000000003,0.08670520231213871,21,30,28
155,A,all_agents,,,40,30,10,0,21,9,0.42543004656322025,0.23757299833649614,0.9988913364397993,0.10715045156730235,1142,30,0.75,51,4.215686274509804,1.6274509803921569,31.975,7062,,,,,,,,,,,,,,,,,,,,,,,,,,,
155,A,participants_only,,,30,30,0,0,21,9,0.48515350030264887,0.22792696388397105,0.9988913364397993,0.12842634969485123,1142,30,1.0,51,4.215686274509804,1.6274509803921569,25.966666666666665,7062,,,,,,,,,,,,,,,,,,,,,,,,,,,
155,A,nonparticipants_only,,,10,0,10,0,0,0,0.24625968534493425,0.23951793798414067,0.29627724593641824,0.0005200660658676704,0,0,0.0,0,0.0,0.0,50.0,0,,,,,,,,,,,,,,,,,,,,,,,,,,,
155,A,step_totals,,,,,,,,,,,,,,,,,,,,,72.10000000000007,6.5,0.09015256588072114,,,57.0,0.7905686546463239,0.0,0.0,0.003958718157450203,0.22807017543859648,0.0,0,13,27,7,13,,57,15,2.6,0.03606102635228846,6.000000000000003,0.0832177531206657,13,30,17
156,A,all_agents,,,40,30,10,0,21,9,0.4255297454984182,0.23832034829422,0.9989356829822074,0.10714881724370455,1149,30,0.75,51,4.215686274509804,1.6274509803921569,32.2,7109,,,,,,,,,,,,,,,,,,,,,,,,,,,
156,A,participants_only,,,30,30,0,0,21,9,0.48520863680342247,0.22842553199906795,0.9989356829822074,0.12844764923320381,1149,30,1.0,51,4.215686274509804,1.6274509803921569,26.266666666666666,7109,,,,,,,,,,,,,,,,,,,,,,,,,,,
156,A,nonparticipants_only,,,10,0,10,0,0,0,0.24649307158340536,0.23980017938502002,0.2975472078761869,0.0005134804664725067,0,0,0.0,0,0.0,0.0,50.0,0,,,,,,,,,,,,,,,,,,,,,,,,,,,
156,A,step_totals,,,,,,,,,,,,,,,,,,,,,69.20000000000006,11.0,0.1589595375722542,,,48.0,0.6936416184971093,0.0,0.0,0.0040967058212467425,0.14583333333333334,0.0,0,7,18,38,22,,48,25,4.200000000000001,0.06069364161849707,6.000000000000003,0.0867052023121387,21,30,28
