step,condition,population,skill_reachability,resource_reachability,n_agents,maker_count,stage_consumer,stage_customizer,stage_maker,stage_advanced_maker,skill_mean,skill_median,skill_max,skill_var,method_count_total,method_holders,method_adoption_rate,method_peer_held,knowledge_diffusion_lag_mean,hop_count_mean,latent_distributed_resources,completed_projects_total,time_total,time_practice,time_share_practice,time_observe,time_share_observe,time_idle,time_share_idle,time_make,time_share_make,skill_gain_per_time,method_self_discovery_per_time,method_peer_acquisition_per_time,peer_acquired_count,self_discovered_count,reject_missing_asset,reject_time_budget_exceeded,count_practice,count_observe,count_idle,count_make,time_ask,time_share_ask,time_share,time_share_share,count_ask,count_share,reject_insufficient_material
0,A,reachability,0.625,0.0,,,,,,,,,,,,,,,,,,,,,,,,,,,,,,,,,,,,,,,,,,,,,
1,A,all_agents,,,40,0,15,25,0,0,0.1741576962424632,0.15267526182505348,0.6792305208175738,0.013613385552585847,1,1,0.025,0,0.0,0.0,25.95,33,,,,,,,,,,,,,,,,,,,,,,,,,,,
1,A,participants_only,,,30,0,5,25,0,0,0.17621718865877453,0.1553312301876314,0.5621042251065486,0.012191616561097638,1,1,0.03333333333333333,0,0.0,0.0,24.6,33,,,,,,,,,,,,,,,,,,,,,,,,,,,
1,A,nonparticipants_only,,,10,0,10,0,0,0,0.16797921899352902,0.14045655041454574,0.6792305208175738,0.017827794418896346,0,0,0.0,0,0.0,0.0,30.0,0,,,,,,,,,,,,,,,,,,,,,,,,,,,
1,A,step_totals,,,,,,,,,,,,,,,,,,,,,83.99999999999997,20.0,0.23809523809523817,4.000000000000002,0.04761904761904766,0.0,0.0,60.0,0.7142857142857145,0.019940563056909014,0.016666666666666666,0.0,0,1,21,30,40,40,37,60,,,,,,,
2,A,all_agents,,,40,3,11,26,3,0,0.18047851896686706,0.16102691330424157,0.675834368213486,0.013365752703569416,9,9,0.225,1,1.0,1.0,26.9,66,,,,,,,,,,,,,,,,,,,,,,,,,,,
2,A,participants_only,,,30,3,1,26,3,0,0.18438572931466513,0.1672169328342582,0.5592937039810159,0.011989898882751572,9,9,0.3,1,1.0,1.0,24.2,66,,,,,,,,,,,,,,,,,,,,,,,,,,,
2,A,nonparticipants_only,,,10,0,10,0,0,0,0.16875688792347285,0.14049524365905175,0.675834368213486,0.01731011865359966,0,0,0.0,0,0.0,0.0,35.0,0,,,,,,,,,,,,,,,,,,,,,,,,,,,
2,A,step_totals,,,,,,,,,,,,,,,,,,,,,87.4,20.0,0.22883295194508008,4.000000000000002,0.04576659038901604,0.0,0.0,60.0,0.6864988558352403,0.01893340515067916,0.11666666666666667,0.1351351351351352,1,7,21,23,40,40,36,60,3.2000000000000006,0.03661327231121282,0.2,0.002288329519450801,16,1,
3,A,all_agents,,,40,3,10,27,3,0,0.18633744087686008,0.16574429551480668,0.6724551963724186,0.01342815159971506,22,17,0.425,7,1.2857142857142858,1.1428571428571428,28.375,97,,,,,,,,,,,,,,,,,,,,,,,,,,,
3,A,participants_only,,,30,3,0,27,3,0,0.19194179539490963,0.17290559145200723,0.5564972354611107,0.012171748204671382,22,17,0.5666666666666667,7,1.2857142857142858,1.1428571428571428,24.5,97,,,,,,,,,,,,,,,,,,,,,,,,,,,
3,A,nonparticipants_only,,,10,0,10,0,0,0,0.1695243773227114,0.14298118078277672,0.6724551963724186,0.016820456310078304,0,0,0.0,0,0.0,0.0,40.0,0,,,,,,,,,,,,,,,,,,,,,,,,,,,
3,A,step_totals,,,,,,,,,,,,,,,,,,,,,89.0,20.0,0.2247191011235955,4.000000000000002,0.04494382022471912,0.0,0.0,60.0,0.6741573033707865,0.01733824402255485,0.11666666666666667,0.6666666666666671,6,7,20,15,40,40,34,60,3.400000000000001,0.03820224719101124,1.5999999999999999,0.01797752808988764,17,8,
4,A,all_agents,,,40,3,10,27,3,0,0.19157966808472368,0.16561028782938814,0.6690929203905565,0.013420790188733229,35,25,0.625,18,1.6111111111111112,1.1111111111111112,30.375,125,,,,,,,,,,,,,,,,,,,,,,,,,,,
4,A,participants_only,,,30,3,0,27,3,0,0.19867862310167606,0.17517189700267377,0.5537147492838052,0.01224135673495106,35,25,0.8333333333333334,18,1.6111111111111112,1.1111111111111112,25.5,125,,,,,,,,,,,,,,,,,,,,,,,,,,,
4,A,nonparticipants_only,,,10,0,10,0,0,0,0.17028280303386664,0.1467843840177106,0.6690929203905565,0.016354348602087183,0,0,0.0,0,0.0,0.0,45.0,0,,,,,,,,,,,,,,,,,,,,,,,,,,,
4,A,step_totals,,,,,,,,,,,,,,,,,,,,,85.30000000000005,20.0,0.23446658851113703,3.900000000000002,0.04572098475967174,0.0,0.0,53.0,0.6213364595545131,0.016554047359832152,0.03773584905660377,0.894308943089432,11,2,26,5,40,39,39,53,5.000000000000002,0.05861664712778428,3.400000000000001,0.0398593200468933,25,17,21
5,A,all_agents,,,40,4,10,26,4,0,0.19609107414010518,0.16586231248951666,0.6657474557886037,0.013462482940235786,47,28,0.7,27,1.9259259259259258,1.3333333333333333,32.875,149,,,,,,,,,,,,,,,,,,,,,,,,,,,
5,A,participants_only,,,30,4,0,26,4,0,0.20444369174405458,0.17936322591622134,0.5509461755373861,0.012368538618122713,47,28,0.9333333333333333,27,1.9259259259259258,1.3333333333333333,27.166666666666668,149,,,,,,,,,,,,,,,,,,,,,,,,,,,
5,A,nonparticipants_only,,,10,0,10,0,0,0,0.17103322132825696,0.14618193979672453,0.6657474557886037,0.01590712125652134,0,0,0.0,0,0.0,0.0,50.0,0,,,,,,,,,,,,,,,,,,,,,,,,,,,
5,A,step_totals,,,,,,,,,,,,,,,,,,,,,80.60000000000007,20.0,0.24813895781637696,4.000000000000002,0.04962779156327542,0.0,0.0,46.0,0.570719602977667,0.015373521698398368,0.06521739130434782,0.6164383561643846,9,3,26,1,40,40,40,46,5.600000000000002,0.06947890818858558,5.000000000000002,0.06203473945409427,28,25,25
6,A,all_agents,,,40,4,10,26,4,0,0.20021534577822175,0.1683293433152338,0.6624187185096607,0.013503281927122746,54,28,0.7,33,2.0606060606060606,1.303030303030303,33.475,170,,,,,,,,,,,,,,,,,,,,,,,,,,,
6,A,participants_only,,,30,4,0,26,4,0,0.20969541536892114,0.17846640978664022,0.5503222148485769,0.012484554120474008,54,28,0.9333333333333333,33,2.0606060606060606,1.303030303030303,27.966666666666665,170,,,,,,,,,,,,,,,,,,,,,,,,,,,
6,A,nonparticipants_only,,,10,0,10,0,0,0,0.17177513700612368,0.14855950441651158,0.6624187185096607,0.015481004713734923,0,0,0.0,0,0.0,0.0,50.0,0,,,,,,,,,,,,,,,,,,,,,,,,,,,
6,A,step_totals,,,,,,,,,,,,,,,,,,,,,80.10000000000008,20.0,0.2496878901373281,2.9000000000000012,0.03620474406991259,0.0,0.0,45.0,0.5617977528089882,0.014365455826774912,0.022222222222222223,0.3973509933774841,6,1,34,4,40,29,39,45,6.600000000000003,0.0823970037453183,5.600000000000002,0.0699126092384519,33,28,27
7,A,all_agents,,,40,5,10,25,5,0,0.206051642438292,0.1721408417448479,0.6591066249171124,0.013708318191738386,66,29,0.725,38,2.4473684210526314,1.368421052631579,33.475,205,,,,,,,,,,,,,,,,,,,,,,,,,,,
7,A,participants_only,,,30,5,0,25,5,0,0.2172323165525369,0.19044535652121813,0.5683093262546338,0.012753947907318066,66,29,0.9666666666666667,38,2.4473684210526314,1.368421052631579,27.966666666666665,205,,,,,,,,,,,,,,,,,,,,,,,,,,,
7,A,nonparticipants_only,,,10,0,10,0,0,0,0.17250962009555731,0.14781670689442902,0.6591066249171124,0.015071339361211996,0,0,0.0,0,0.0,0.0,50.0,0,,,,,,,,,,,,,,,,,,,,,,,,,,,
7,A,step_totals,,,,,,,,,,,,,,,,,,,,,90.7000000000001,20.0,0.22050716648291044,0.7,0.007717750826901865,0.0,0.0,58.0,0.6394707828004403,0.01711115774822149,0.1206896551724138,0.3937007874015752,5,7,27,7,40,7,39,58,6.400000000000003,0.07056229327453138,5.600000000000002,0.06174200661521495,32,28,26
8,A,all_agents,,,40,6,10,24,6,0,0.21150336116886417,0.17480614229630193,0.6558110917925268,0.01401913483349428,74,30,0.75,43,2.4651162790697674,1.3255813953488371,33.6,238,,,,,,,,,,,,,,,,,,,,,,,,,,,
8,A,participants_only,,,30,6,0,24,6,0,0.22425876513784726,0.19643358470937983,0.5855769532044485,0.01314918806891906,74,30,1.0,43,2.4651162790697674,1.3255813953488371,28.133333333333333,238,,,,,,,,,,,,,,,,,,,,,,,,,,,
8,A,nonparticipants_only,,,10,0,10,0,0,0,0.17323714926191489,0.1480154499595337,0.6558110917925268,0.01467657116227654,0,0,0.0,0,0.0,0.0,50.0,0,,,,,,,,,,,,,,,,,,,,,,,,,,,
8,A,step_totals,,,,,,,,,,,,,,,,,,,,,90.30000000000011,20.0,0.2214839424141747,0.1,0.0011074197120708735,0.0,0.0,57.0,0.6312292358803979,0.016214980600330612,0.05263157894736842,0.3759398496240606,5,3,38,4,40,1,39,57,7.400000000000004,0.08194905869324469,5.8000000000000025,0.0642303433001107,37,29,32
9,A,all_agents,,,40,9,10,21,9,0,0.21673761694226462,0.18034269671720354,0.6525320363335642,0.0144171462457943,85,30,0.75,49,2.795918367346939,1.3877551020408163,33.2,269,,,,,,,,,,,,,,,,,,,,,,,,,,,
9,A,participants_only,,,30,9,0,21,9,0,0.2309975804378529,0.198784934691217,0.589721183672404,0.013644000460494101,85,30,1.0,49,2.795918367346939,1.3877551020408163,27.6,269,,,,,,,,,,,,,,,,,,,,,,,,,,,
9,A,nonparticipants_only,,,10,0,10,0,0,0,0.17395772645549978,0.1492140031614544,0.6525320363335642,0.01429642489494877,0,0,0.0,0,0.0,0.0,50.0,0,,,,,,,,,,,,,,,,,,,,,,,,,,,
9,A,step_totals,,,,,,,,,,,,,,,,,,,,,91.5000000000001,20.0,0.21857923497267737,0.1,0.001092896174863387,0.0,0.0,59.0,0.6448087431693982,0.015372941215334066,0.0847457627118644,0.4800000000000005,6,5,29,7,40,1,37,59,6.400000000000003,0.06994535519125679,6.000000000000003,0.06557377049180324,32,30,32
10,A,all_agents,,,40,11,10,19,11,0,0.2220990429142474,0.18563395437616778,0.6492693761518963,0.015001313734413945,91,30,0.75,50,2.86,1.38,32.975,305,,,,,,,,,,,,,,,,,,,,,,,,,,,
10,A,participants_only,,,30,11,0,19,11,0,0.23790815291381592,0.2073025160232566,0.6061323363255079,0.014358830958046225,91,30,1.0,50,2.86,1.38,27.3,305,,,,,,,,,,,,,,,,,,,,,,,,,,,
10,A,nonparticipants_only,,,10,0,10,0,0,0,0.17467171291554187,0.15117999530497905,0.6492693761518963,0.01392962655577562,0,0,0.0,0,0.0,0.0,50.0,0,,,,,,,,,,,,,,,,,,,,,,,,,,,
10,A,step_totals,,,,,,,,,,,,,,,,,,,,,88.10000000000011,20.0,0.22701475595913706,0.1,0.0011350737797956854,0.0,0.0,55.0,0.624290578887627,0.01636067986574741,0.09090909090909091,0.0763358778625955,1,5,39,5,40,1,39,55,7.0000000000000036,0.07945516458569801,6.000000000000003,0.06810442678774115,35,30,32
10,A,reachability,0.275,0.0,,,,,,,,,,,,,,,,,,,,,,,,,,,,,,,,,,,,,,,,,,,,,
11,A,all_agents,,,40,13,10,17,13,0,0.2269679512863825,0.18980027270444166,0.6460230292711368,0.015534152784834299,99,30,0.75,51,2.980392156862745,1.392156862745098,32.675,335,,,,,,,,,,,,,,,,,,,,,,,,,,,
11,A,participants_only,,,30,13,0,17,13,0,0.24416396656350414,0.21206334390427284,0.6218870428724875,0.015005049836950734,99,30,1.0,51,2.980392156862745,1.392156862745098,26.9,335,,,,,,,,,,,,,,,,,,,,,,,,,,,
11,A,nonparticipants_only,,,10,0,10,0,0,0,0.17537990545501755,0.1533380411733613,0.6460230292711368,0.013573026331552981,0,0,0.0,0,0.0,0.0,50.0,0,,,,,,,,,,,,,,,,,,,,,,,,,,,
11,A,step_totals,,,,,,,,,,,,,,,,,,,,,90.5000000000001,20.0,0.22099447513812132,0.1,0.0011049723756906065,0.0,0.0,58.0,0.6408839779005517,0.014582223591315861,0.1206896551724138,0.08000000000000008,1,7,26,8,40,1,36,58,6.400000000000003,0.07071823204419884,6.000000000000003,0.06629834254143642,32,30,33
12,A,all_agents,,,40,16,10,14,16,0,0.23207672453332504,0.19136160411657022,0.642792914124781,0.016230664780982586,107,30,0.75,51,2.980392156862745,1.392156862745098,32.375,371,,,,,,,,,,,,,,,,,,,,,,,,,,,
12,A,participants_only,,,30,16,0,14,16,0,0.25074174104159197,0.21803494398954504,0.6370115611575881,0.01583767036550838,107,30,1.0,51,2.980392156862745,1.392156862745098,26.5,371,,,,,,,,,,,,,,,,,,,,,,,,,,,
12,A,nonparticipants_only,,,10,0,10,0,0,0,0.1760816750085242,0.15543023827628635,0.642792914124781,0.013229053932358672,0,0,0.0,0,0.0,0.0,50.0,0,,,,,,,,,,,,,,,,,,,,,,,,,,,
12,A,step_totals,,,,,,,,,,,,,,,,,,,,,86.9000000000001,19.5,0.22439585730724945,,,0.0,0.0,55.0,0.6329113924050626,0.015916720103100045,0.14545454545454545,0.0,0,8,40,8,39,,38,55,6.400000000000003,0.07364787111622549,6.000000000000003,0.06904487917146139,32,30,31
13,A,all_agents,,,40,19,10,11,19,0,0.23717336451515056,0.1920040701800209,0.6515310987112846,0.017062473980266248,111,30,0.75,51,2.980392156862745,1.392156862745098,31.95,407,,,,,,,,,,,,,,,,,,,,,,,,,,,
13,A,participants_only,,,30,19,0,11,19,0,0.2573051387227521,0.21822229517311015,0.6515310987112846,0.01683092547216,111,30,1.0,51,2.980392156862745,1.392156862745098,25.933333333333334,407,,,,,,,,,,,,,,,,,,,,,,,,,,,
13,A,nonparticipants_only,,,10,0,10,0,0,0,0.17677804189234586,0.15653110169168433,0.6395789495541571,0.012893659511634787,0,0,0.0,0,0.0,0.0,50.0,0,,,,,,,,,,,,,,,,,,,,,,,,,,,
13,A,step_totals,,,,,,,,,,,,,,,,,,,,,91.2000000000001,20.0,0.21929824561403485,,,0.0,0.0,59.0,0.6469298245614028,0.015103114533754083,0.06779661016949153,0.0,0,4,26,9,40,,36,59,6.200000000000003,0.06798245614035084,6.000000000000003,0.06578947368421048,31,30,34
14,A,all_agents,,,40,20,10,10,20,0,0.24213452908586058,0.19342451394443108,0.6654698547628332,0.017918550352231666,116,30,0.75,52,3.0576923076923075,1.4038461538461537,31.725,445,,,,,,,,,,,,,,,,,,,,,,,,,,,
14,A,participants_only,,,30,20,0,10,20,0,0.26368979434822454,0.22067697023011873,0.6654698547628332,0.017843559184922166,116,30,1.0,52,3.0576923076923075,1.4038461538461537,25.633333333333333,445,,,,,,,,,,,,,,,,,,,,,,,,,,,
14,A,nonparticipants_only,,,10,0,10,0,0,0,0.17746873329876864,0.1574934684143411,0.6363810548063863,0.012567970327789663,0,0,0.0,0,0.0,0.0,50.0,0,,,,,,,,,,,,,,,,,,,,,,,,,,,
14,A,step_totals,,,,,,,,,,,,,,,,,,,,,85.6000000000001,19.5,0.22780373831775677,0.1,0.0011682242990654194,0.0,0.0,54.0,0.6308411214953265,0.01580069064124524,0.07407407407407407,0.08264462809917363,1,4,42,9,39,1,38,54,6.000000000000003,0.07009345794392519,6.000000000000003,0.07009345794392519,30,30,32
15,A,all_agents,,,40,23,10,7,23,0,0.2469933674718525,0.19613897381567647,0.6788510605723198,0.018853160741401566,123,30,0.75,53,3.2264150943396226,1.3962264150943395,31.375,482,,,,,,,,,,,,,,,,,,,,,,,,,,,
15,A,participants_only,,,30,23,0,7,23,0,0.26994005267793497,0.21957358537896812,0.6788510605723198,0.018946778296241456,123,30,1.0,53,3.2264150943396226,1.3962264150943395,25.166666666666668,482,,,,,,,,,,,,,,,,,,,,,,,,,,,
15,A,nonparticipants_only,,,10,0,10,0,0,0,0.17815331185360514,0.15861746703095775,0.6331991495323543,0.01225370373351738,0,0,0.0,0,0.0,0.0,50.0,0,,,,,,,,,,,,,,,,,,,,,,,,,,,
15,A,step_totals,,,,,,,,,,,,,,,,,,,,,89.00000000000011,20.0,0.22471910112359522,,,0.0,0.0,57.0,0.6404494382022464,0.014888558656940302,0.10526315789473684,0.08333333333333341,1,6,29,10,40,,36,57,6.000000000000003,0.0674157303370786,6.000000000000003,0.0674157303370786,30,30,39
16,A,all_agents,,,40,24,10,6,24,0,0.25138329328349046,0.1980561875099836,0.691697018149427,0.019760006395905128,126,30,0.75,54,3.388888888888889,1.3888888888888888,31.275,517,,,,,,,,,,,,,,,,,,,,,,,,,,,
16,A,participants_only,,,30,24,0,6,24,0,0.27556669673796813,0.22309214476510902,0.691697018149427,0.02002539789812192,126,30,1.0,54,3.388888888888889,1.3888888888888888,25.033333333333335,517,,,,,,,,,,,,,,,,,,,,,,,,,,,
16,A,nonparticipants_only,,,10,0,10,0,0,0,0.1788330829200576,0.15875990444154678,0.6300331537846926,0.011945787857550258,0,0,0.0,0,0.0,0.0,50.0,0,,,,,,,,,,,,,,,,,,,,,,,,,,,
16,A,step_totals,,,,,,,,,,,,,,,,,,,,,83.50000000000009,19.5,0.23353293413173629,,,0.0,0.0,52.0,0.6227544910179634,0.014622608091539596,0.038461538461538464,0.08333333333333341,1,2,48,9,39,,37,52,6.000000000000003,0.07185628742514966,6.000000000000003,0.07185628742514966,30,30,36
17,A,all_agents,,,40,26,10,4,26,0,0.25596416528182003,0.20011004710636024,0.7040291374234499,0.020796238012852564,132,30,0.75,54,3.388888888888889,1.3888888888888888,31.225,555,,,,,,,,,,,,,,,,,,,,,,,,,,,
17,A,participants_only,,,30,26,0,4,26,0,0.28144978429170053,0.22843132596656393,0.7040291374234499,0.021247849080542655,132,30,1.0,54,3.388888888888889,1.3888888888888888,24.966666666666665,555,,,,,,,,,,,,,,,,,,,,,,,,,,,
17,A,nonparticipants_only,,,10,0,10,0,0,0,0.17950730825217864,0.15949146387852062,0.6268829880157691,0.011647203493980926,0,0,0.0,0,0.0,0.0,50.0,0,,,,,,,,,,,,,,,,,,,,,,,,,,,
17,A,step_totals,,,,,,,,,,,,,,,,,,,,,85.6000000000001,20.0,0.23364485981308386,,,0.0,0.0,54.0,0.6308411214953265,0.014772499742690032,0.1111111111111111,0.0,0,6,32,12,40,,35,54,5.600000000000002,0.0654205607476635,6.000000000000003,0.07009345794392519,28,30,41
18,A,all_agents,,,40,27,10,3,27,0,0.26026300603213326,0.20119901870687684,0.7158679719265119,0.021858707251268577,139,30,0.75,55,3.618181818181818,1.4,31.225,593,,,,,,,,,,,,,,,,,,,,,,,,,,,
18,A,participants_only,,,30,27,0,3,27,0,0.2869587087218822,0.23328864067301164,0.7158679719265119,0.02250823283097135,139,30,1.0,55,3.618181818181818,1.4,24.966666666666665,593,,,,,,,,,,,,,,,,,,,,,,,,,,,
18,A,nonparticipants_only,,,10,0,10,0,0,0,0.1801758979628864,0.15892235025147225,0.6237485730756903,0.011358204006966632,0,0,0.0,0,0.0,0.0,50.0,0,,,,,,,,,,,,,,,,,,,,,,,,,,,
18,A,step_totals,,,,,,,,,,,,,,,,,,,,,82.3000000000001,18.5,0.2247873633049815,,,0.0,0.0,52.0,0.6318347509112994,0.01459595093562238,0.11538461538461539,0.08474576271186447,1,6,47,10,37,,36,52,5.8000000000000025,0.07047387606318342,6.000000000000003,0.07290400972053458,29,30,33
19,A,all_agents,,,40,27,10,3,27,0,0.2645521861915071,0.20406989626917582,0.7272332530494514,0.022951079665282315,144,30,0.75,55,3.618181818181818,1.4,31.175,630,,,,,,,,,,,,,,,,,,,,,,,,,,,
19,A,participants_only,,,30,27,0,3,27,0,0.29245641208729156,0.23352347812753993,0.7272332530494514,0.023794782103889717,144,30,1.0,55,3.618181818181818,1.4,24.9,630,,,,,,,,,,,,,,,,,,,,,,,,,,,
19,A,nonparticipants_only,,,10,0,10,0,0,0,0.1808395085041538,0.16010170958309994,0.6206298302103118,0.011076222475344514,0,0,0.0,0,0.0,0.0,50.0,0,,,,,,,,,,,,,,,,,,,,,,,,,,,
19,A,step_totals,,,,,,,,,,,,,,,,,,,,,85.4000000000001,20.0,0.2341920374707257,,,0.0,0.0,54.0,0.6323185011709594,0.013963578666824723,0.09259259259259259,0.0,0,5,29,13,40,,35,54,5.400000000000002,0.06323185011709596,6.000000000000003,0.07025761124121774,27,30,38
20,A,all_agents,,,40,29,10,1,29,0,0.2686123820431112,0.20546856132131375,0.7381439229274733,0.024065475730981518,151,30,0.75,55,3.618181818181818,1.4,31.175,668,,,,,,,,,,,,,,,,,,,,,,,,,,,
20,A,participants_only,,,30,29,0,1,29,0,0.2976503612632183,0.2383056607101729,0.7381439229274733,0.02511440027385771,151,30,1.0,55,3.618181818181818,1.4,24.9,668,,,,,,,,,,,,,,,,,,,,,,,,,,,
20,A,nonparticipants_only,,,10,0,10,0,0,0,0.1814984443827899,0.15991747535014783,0.6175266810592602,0.010800251256104468,0,0,0.0,0,0.0,0.0,50.0,0,,,,,,,,,,,,,,,,,,,,,,,,,,,
20,A,step_totals,,,,,,,,,,,,,,,,,,,,,82.30000000000008,18.5,0.22478736330498156,,,0.0,0.0,52.0,0.6318347509112995,0.013947351203213592,0.1346153846153846,0.0,0,7,46,10,37,,36,52,5.8000000000000025,0.07047387606318344,6.000000000000003,0.07290400972053458,29,30,32
20,A,reachability,0.175,0.0,,,,,,,,,,,,,,,,,,,,,,,,,,,,,,,,,,,,,,,,,,,,,
21,A,all_agents,,,40,30,10,0,30,0,0.2733447061685997,0.2090724297696192,0.7486181660103743,0.025238799742807166,162,30,0.75,55,3.618181818181818,1.4,31.125,713,,,,,,,,,,,,,,,,,,,,,,,,,,,
21,A,participants_only,,,30,30,0,0,30,0,0.3037422986450803,0.23946346426261977,0.7486181660103743,0.026444575511358714,162,30,1.0,55,3.618181818181818,1.4,24.833333333333332,713,,,,,,,,,,,,,,,,,,,,,,,,,,,
21,A,nonparticipants_only,,,10,0,10,0,0,0,0.18215192873915767,0.1611691588061807,0.614439047653964,0.010533308896758195,0,0,0.0,0,0.0,0.0,50.0,0,,,,,,,,,,,,,,,,,,,,,,,,,,,
21,A,step_totals,,,,,,,,,,,,,,,,,,,,,85.40000000000009,20.0,0.23419203747072576,,,0.0,0.0,54.0,0.6323185011709596,0.015244686080030568,0.2037037037037037,0.0,0,11,29,13,40,,35,54,5.400000000000002,0.06323185011709598,6.000000000000003,0.07025761124121775,27,30,38
22,A,all_agents,,,40,30,10,0,30,0,0.277294126919081,0.21295236876596502,0.7586734393699593,0.026325561852839092,170,30,0.75,55,3.618181818181818,1.4,31.15,752,,,,,,,,,,,,,,,,,,,,,,,,,,,
22,A,participants_only,,,30,30,0,0,30,0,0.30879196275607945,0.2395088122288957,0.7586734393699593,0.027708012815783212,170,30,1.0,55,3.618181818181818,1.4,24.866666666666667,752,,,,,,,,,,,,,,,,,,,,,,,,,,,
22,A,nonparticipants_only,,,10,0,10,0,0,0,0.18280061940808576,0.16232305092626975,0.6113668524156941,0.010272845015032705,0,0,0.0,0,0.0,0.0,50.0,0,,,,,,,,,,,,,,,,,,,,,,,,,,,
22,A,step_totals,,,,,,,,,,,,,,,,,,,,,81.60000000000008,18.0,0.22058823529411742,,,0.0,0.0,52.0,0.6372549019607837,0.013767344740708617,0.15384615384615385,0.0,0,8,45,11,36,,36,52,5.600000000000002,0.06862745098039212,6.000000000000003,0.07352941176470584,28,30,31
23,A,all_agents,,,40,30,10,0,29,1,0.28133472256209385,0.21411891593621435,0.7683265017951609,0.027459467169448026,175,30,0.75,55,3.618181818181818,1.4,31.1,791,,,,,,,,,,,,,,,,,,,,,,,,,,,
23,A,participants_only,,,30,30,0,0,29,1,0.31396481685329686,0.24556025746059898,0.7683265017951609,0.029013995559819764,175,30,1.0,55,3.618181818181818,1.4,24.8,791,,,,,,,,,,,,,,,,,,,,,,,,,,,
23,A,nonparticipants_only,,,10,0,10,0,0,0,0.18344443968848495,0.16390033578541616,0.6083100181536156,0.01001920535689925,0,0,0.0,0,0.0,0.0,50.0,0,,,,,,,,,,,,,,,,,,,,,,,,,,,
23,A,step_totals,,,,,,,,,,,,,,,,,,,,,84.90000000000009,19.5,0.22968197879858632,,,0.0,0.0,54.0,0.6360424028268544,0.013413926676381069,0.09259259259259259,0.0,0,5,29,13,39,,35,54,5.400000000000002,0.06360424028268546,6.000000000000003,0.07067137809187275,27,30,38
24,A,all_agents,,,40,30,10,0,29,1,0.2852466598094632,0.21462351090668674,0.7775934417233545,0.02859068151689328,184,30,0.75,55,3.618181818181818,1.4,31.125,832,,,,,,,,,,,,,,,,,,,,,,,,,,,
24,A,participants_only,,,30,30,0,0,29,1,0.3189678831231244,0.24679485397273923,0.7775934417233545,0.03031446835462907,184,30,1.0,55,3.618181818181818,1.4,24.833333333333332,832,,,,,,,,,,,,,,,,,,,,,,,,,,,
24,A,nonparticipants_only,,,10,0,10,0,0,0,0.18408298986847957,0.16574221599899389,0.6052684680628475,0.009773870182448218,0,0,0.0,0,0.0,0.0,50.0,0,,,,,,,,,,,,,,,,,,,,,,,,,,,
24,A,step_totals,,,,,,,,,,,,,,,,,,,,,81.6000000000001,18.0,0.2205882352941174,,,0.0,0.0,52.0,0.6372549019607836,0.013699619594304458,0.17307692307692307,0.0,0,9,44,11,36,,36,52,5.600000000000002,0.06862745098039211,6.000000000000003,0.07352941176470583,28,30,31
25,A,all_agents,,,40,30,10,0,29,1,0.28909667156197494,0.21763445963705452,0.7864897040544203,0.02982113573801933,191,30,0.75,55,3.618181818181818,1.4,31.075,873,,,,,,,,,,,,,,,,,,,,,,,,,,,
25,A,participants_only,,,30,30,0,0,29,1,0.3238899270577906,0.24817563354903577,0.7864897040544203,0.03174106052104279,191,30,1.0,55,3.618181818181818,1.4,24.766666666666666,873,,,,,,,,,,,,,,,,,,,,,,,,,,,
25,A,nonparticipants_only,,,10,0,10,0,0,0,0.184716905074528,0.16784909158158118,0.6022421257225332,0.009534513852983675,0,0,0.0,0,0.0,0.0,50.0,0,,,,,,,,,,,,,,,,,,,,,,,,,,,
25,A,step_totals,,,,,,,,,,,,,,,,,,,,,84.40000000000008,19.0,0.22511848341232207,,,0.0,0.0,54.0,0.6398104265402837,0.012981570630614813,0.12962962962962962,0.0,0,7,29,13,38,,35,54,5.400000000000002,0.0639810426540284,6.000000000000003,0.0710900473933649,27,30,38
26,A,all_agents,,,40,30,10,0,28,2,0.2926468311935084,0.21765128776265602,0.7950301158922435,0.030980271815742158,194,30,0.75,55,3.618181818181818,1.4,31.125,913,,,,,,,,,,,,,,,,,,,,,,,,,,,
26,A,participants_only,,,30,30,0,0,28,2,0.3284137205989945,0.24919976366848434,0.7950301158922435,0.03308952554095862,194,30,1.0,55,3.618181818181818,1.4,24.833333333333332,913,,,,,,,,,,,,,,,,,,,,,,,,,,,
26,A,nonparticipants_only,,,10,0,10,0,0,0,0.1853461629770501,0.16849139382332828,0.5992309150939206,0.009301266107161484,0,0,0.0,0,0.0,0.0,50.0,0,,,,,,,,,,,,,,,,,,,,,,,,,,,
26,A,step_totals,,,,,,,,,,,,,,,,,,,,,80.90000000000009,17.5,0.2163164400494435,,,0.0,0.0,52.0,0.6427688504326322,0.012780949508083731,0.057692307692307696,0.0,0,3,44,12,35,,34,52,5.400000000000002,0.0667490729295426,6.000000000000003,0.07416563658838067,27,30,29
27,A,all_agents,,,40,30,10,0,28,2,0.29658598894903654,0.2190219837132823,0.8032289112565537,0.03213966410909222,201,30,0.75,55,3.618181818181818,1.4,31.075,957,,,,,,,,,,,,,,,,,,,,,,,,,,,
27,A,participants_only,,,30,30,0,0,28,2,0.3334578228535795,0.2562614418621023,0.8032289112565537,0.03438970062265689,201,30,1.0,55,3.618181818181818,1.4,24.766666666666666,957,,,,,,,,,,,,,,,,,,,,,,,,,,,
27,A,nonparticipants_only,,,10,0,10,0,0,0,0.18597048723540763,0.16867413227073302,0.5962347605184509,0.009075168942587773,0,0,0.0,0,0.0,0.0,50.0,0,,,,,,,,,,,,,,,,,,,,,,,,,,,
27,A,step_totals,,,,,,,,,,,,,,,,,,,,,83.60000000000008,18.0,0.2153110047846888,,,0.0,0.0,54.0,0.6459330143540664,0.013408741712839269,0.12962962962962962,0.0,0,7,28,12,36,,34,54,5.600000000000002,0.06698564593301432,6.000000000000003,0.07177033492822962,28,30,38
28,A,all_agents,,,40,30,10,0,28,2,0.29992444141859775,0.21936021836375985,0.8110997548062916,0.03327013757490554,205,30,0.75,55,3.618181818181818,1.4,31.125,997,,,,,,,,,,,,,,,,,,,,,,,,,,,
28,A,participants_only,,,30,30,0,0,28,2,0.33770243601700833,0.26194204105047386,0.8110997548062916,0.0357001114664716,205,30,1.0,55,3.618181818181818,1.4,24.833333333333332,997,,,,,,,,,,,,,,,,,,,,,,,,,,,
28,A,nonparticipants_only,,,10,0,10,0,0,0,0.18659045762336623,0.168915863324622,0.5932535867158587,0.008854093389676947,0,0,0.0,0,0.0,0.0,50.0,0,,,,,,,,,,,,,,,,,,,,,,,,,,,
28,A,step_totals,,,,,,,,,,,,,,,,,,,,,79.70000000000007,16.5,0.20702634880802992,,,0.0,0.0,52.0,0.652446675031367,0.012383398471434237,0.07692307692307693,0.0,0,4,44,13,33,,33,52,5.200000000000002,0.06524466750313673,6.000000000000003,0.07528230865746546,26,30,28
29,A,all_agents,,,40,30,10,0,28,2,0.303355544479673,0.2204019311046642,0.8186557646140399,0.03445886547042517,212,30,0.75,55,3.618181818181818,1.4,31.075,1038,,,,,,,,,,,,,,,,,,,,,,,,,,,
29,A,participants_only,,,30,30,0,0,28,2,0.3420722026020267,0.2645112554809842,0.8186557646140399,0.037069252522101644,212,30,1.0,55,3.618181818181818,1.4,24.766666666666666,1038,,,,,,,,,,,,,,,,,,,,,,,,,,,
29,A,nonparticipants_only,,,10,0,10,0,0,0,0.18720557011261194,0.17106720823500066,0.5902873187822794,0.008639948921437157,0,0,0.0,0,0.0,0.0,50.0,0,,,,,,,,,,,,,,,,,,,,,,,,,,,
29,A,step_totals,,,,,,,,,,,,,,,,,,,,,83.60000000000011,18.0,0.2153110047846887,,,0.0,0.0,54.0,0.6459330143540661,0.011987924667494135,0.12962962962962962,0.0,0,7,28,12,36,,34,54,5.600000000000002,0.0669856459330143,6.000000000000003,0.07177033492822961,28,30,38
30,A,all_agents,,,40,30,10,0,27,3,0.3063868282974339,0.22074312957572978,0.8259095340294783,0.035561183395034356,218,30,0.75,56,4.035714285714286,1.3928571428571428,31.125,1077,,,,,,,,,,,,,,,,,,,,,,,,,,,
30,A,participants_only,,,30,30,0,0,27,3,0.3459103909636109,0.2702435606743824,0.8259095340294783,0.03835593288038465,218,30,1.0,56,4.035714285714286,1.3928571428571428,24.833333333333332,1077,,,,,,,,,,,,,,,,,,,,,,,,,,,
30,A,nonparticipants_only,,,10,0,10,0,0,0,0.18781614029890287,0.1722286902705098,0.587335882188368,0.008431590869056788,0,0,0.0,0,0.0,0.0,50.0,0,,,,,,,,,,,,,,,,,,,,,,,,,,,
30,A,step_totals,,,,,,,,,,,,,,,,,,,,,79.20000000000009,16.0,0.2020202020202018,,,0.0,0.0,52.0,0.6565656565656558,0.011578937927590092,0.09615384615384616,0.08928571428571434,1,5,44,13,32,,33,52,5.200000000000002,0.06565656565656561,6.000000000000003,0.0757575757575757,26,30,28
30,A,reachability,0.175,0.0,,,,,,,,,,,,,,,,,,,,,,,,,,,,,,,,,,,,,,,,,,,,,
31,A,all_agents,,,40,30,10,0,27,3,0.3096024777439795,0.22167624859370724,0.8328731526682992,0.03676945280880928,223,30,0.75,56,4.035714285714286,1.3928571428571428,31.075,1118,,,,,,,,,,,,,,,,,,,,,,,,,,,
31,A,participants_only,,,30,30,0,0,27,3,0.34999577059391745,0.27012328972058586,0.8328731526682992,0.03975698892572564,223,30,1.0,56,4.035714285714286,1.3928571428571428,24.766666666666666,1118,,,,,,,,,,,,,,,,,,,,,,,,,,,
31,A,nonparticipants_only,,,10,0,10,0,0,0,0.18842259919416568,0.17280512153551517,0.5843992027774261,0.008227427170930003,0,0,0.0,0,0.0,0.0,50.0,0,,,,,,,,,,,,,,,,,,,,,,,,,,,
31,A,step_totals,,,,,,,,,,,,,,,,,,,,,83.6000000000001,18.0,0.21531100478468876,,,0.0,0.0,54.0,0.6459330143540662,0.011381923957590715,0.09259259259259259,0.0,0,5,28,12,36,,34,54,5.600000000000002,0.0669856459330143,6.000000000000003,0.07177033492822962,28,30,38
32,A,all_agents,,,40,30,10,0,27,3,0.3127943200758429,0.22326395072085847,0.8395582265615672,0.03792836108624738,230,30,0.75,56,4.035714285714286,1.3928571428571428,31.125,1162,,,,,,,,,,,,,,,,,,,,,,,,,,,
32,A,participants_only,,,30,30,0,0,27,3,0.3540509172850858,0.2735180969041631,0.8395582265615672,0.04108634574096909,230,30,1.0,56,4.035714285714286,1.3928571428571428,24.833333333333332,1162,,,,,,,,,,,,,,,,,,,,,,,,,,,
32,A,nonparticipants_only,,,10,0,10,0,0,0,0.1890245284481142,0.17353009262305652,0.581477206763539,0.008029125362653747,0,0,0.0,0,0.0,0.0,50.0,0,,,,,,,,,,,,,,,,,,,,,,,,,,,
32,A,step_totals,,,,,,,,,,,,,,,,,,,,,78.70000000000009,15.5,0.19695044472681045,,,0.0,0.0,52.0,0.6607369758576866,0.01219449491349451,0.1346153846153846,0.0,0,7,44,13,31,,33,52,5.200000000000002,0.0660736975857687,6.000000000000003,0.07623888182973311,26,30,28
33,A,all_agents,,,40,30,10,0,25,5,0.3158615251759833,0.2254609937598307,0.8459758974991045,0.03913587421389345,239,30,0.75,56,4.035714285714286,1.3928571428571428,31.075,1204,,,,,,,,,,,,,,,,,,,,,,,,,,,
33,A,participants_only,,,30,30,0,0,25,5,0.35794139441683637,0.2746277958475648,0.8459758974991045,0.0424860565721735,239,30,1.0,56,4.035714285714286,1.3928571428571428,24.766666666666666,1204,,,,,,,,,,,,,,,,,,,,,,,,,,,
33,A,nonparticipants_only,,,10,0,10,0,0,0,0.18962191745342424,0.17382069357974134,0.5785698207297213,0.007836742395125842,0,0,0.0,0,0.0,0.0,50.0,0,,,,,,,,,,,,,,,,,,,,,,,,,,,
33,A,step_totals,,,,,,,,,,,,,,,,,,,,,82.90000000000009,17.5,0.2110977080820263,,,0.0,0.0,54.0,0.6513872135102526,0.011087859436665024,0.16666666666666666,0.0,0,9,28,13,35,,34,54,5.400000000000002,0.06513872135102529,6.000000000000003,0.07237635705669476,27,30,38
34,A,all_agents,,,40,30,10,0,25,5,0.31881171099484734,0.2258573899506546,0.8521368615991404,0.04023174164192368,249,30,0.75,56,4.035714285714286,1.3928571428571428,31.125,1247,,,,,,,,,,,,,,,,,,,,,,,,,,,
34,A,participants_only,,,30,30,0,0,25,5,0.3616772065605477,0.2758537213874126,0.8521368615991404,0.043743009780046624,249,30,1.0,56,4.035714285714286,1.3928571428571428,24.833333333333332,1247,,,,,,,,,,,,,,,,,,,,,,,,,,,
34,A,nonparticipants_only,,,10,0,10,0,0,0,0.1902152242977461,0.17587022371260028,0.5756769716260727,0.0076485287064378795,0,0,0.0,0,0.0,0.0,50.0,0,,,,,,,,,,,,,,,,,,,,,,,,,,,
34,A,step_totals,,,,,,,,,,,,,,,,,,,,,78.00000000000009,15.0,0.1923076923076921,,,0.0,0.0,52.0,0.666666666666666,0.011584875122440254,0.19230769230769232,0.0,0,10,41,14,30,,31,52,5.000000000000002,0.06410256410256406,6.000000000000003,0.07692307692307687,25,30,28
35,A,all_agents,,,40,30,10,0,23,7,0.3217915090764661,0.22575285816986532,0.8580513871351747,0.04138527717513926,253,30,0.75,56,4.035714285714286,1.3928571428571428,31.075,1290,,,,,,,,,,,,,,,,,,,,,,,,,,,
35,A,participants_only,,,30,30,0,0,23,7,0.36545391762408164,0.2765103150787388,0.8580513871351747,0.04506635946037484,253,30,1.0,56,4.035714285714286,1.3928571428571428,24.766666666666666,1290,,,,,,,,,,,,,,,,,,,,,,,,,,,
35,A,nonparticipants_only,,,10,0,10,0,0,0,0.19080428343361935,0.17715015963832056,0.5727985867679423,0.007465159277285803,0,0,0.0,0,0.0,0.0,50.0,0,,,,,,,,,,,,,,,,,,,,,,,,,,,
35,A,step_totals,,,,,,,,,,,,,,,,,,,,,82.40000000000009,17.0,0.20631067961165026,,,0.0,0.0,54.0,0.655339805825242,0.010940417055455249,0.07407407407407407,0.0,0,4,27,13,34,,33,54,5.400000000000002,0.06553398058252423,6.000000000000003,0.07281553398058248,27,30,38
36,A,all_agents,,,40,30,10,0,23,7,0.32449767699136595,0.2277934113955017,0.8637293316497677,0.04248474036459353,258,30,0.75,56,4.035714285714286,1.3928571428571428,31.125,1333,,,,,,,,,,,,,,,,,,,,,,,,,,,
36,A,participants_only,,,30,30,0,0,23,7,0.3688670571608539,0.2760904628519512,0.8637293316497677,0.046343399256310536,258,30,1.0,56,4.035714285714286,1.3928571428571428,24.833333333333332,1333,,,,,,,,,,,,,,,,,,,,,,,,,,,
36,A,nonparticipants_only,,,10,0,10,0,0,0,0.19138953648290224,0.17791569546057617,0.5699345938341025,0.007285060929947954,0,0,0.0,0,0.0,0.0,50.0,0,,,,,,,,,,,,,,,,,,,,,,,,,,,
36,A,step_totals,,,,,,,,,,,,,,,,,,,,,76.80000000000008,14.0,0.18229166666666646,,,0.0,0.0,52.0,0.6770833333333326,0.011054390716064311,0.09615384615384616,0.0,0,5,40,15,28,,31,52,4.800000000000002,0.06249999999999995,6.000000000000003,0.07812499999999994,24,30,28
37,A,all_agents,,,40,30,10,0,22,8,0.32755519375698106,0.23064727456618883,0.869180158383777,0.04360847190405334,264,30,0.75,56,4.035714285714286,1.3928571428571428,31.075,1379,,,,,,,,,,,,,,,,,,,,,,,,,,,
37,A,participants_only,,,30,30,0,0,22,8,0.37275007355798445,0.2771527504529808,0.869180158383777,0.047604341064794393,264,30,1.0,56,4.035714285714286,1.3928571428571428,24.766666666666666,1379,,,,,,,,,,,,,,,,,,,,,,,,,,,
37,A,nonparticipants_only,,,10,0,10,0,0,0,0.1919705543539709,0.1784002108080513,0.567084920864932,0.007109938499104446,0,0,0.0,0,0.0,0.0,50.0,0,,,,,,,,,,,,,,,,,,,,,,,,,,,
37,A,step_totals,,,,,,,,,,,,,,,,,,,,,81.90000000000008,16.5,0.20146520146520128,,,0.0,0.0,54.0,0.6593406593406588,0.0112729025478943,0.1111111111111111,0.0,0,6,27,13,33,,33,54,5.400000000000002,0.0659340659340659,6.000000000000003,0.07326007326007322,27,30,38
38,A,all_agents,,,40,30,10,0,22,8,0.3302174676694437,0.23126695008400927,0.874412952048426,0.044686654262514815,275,30,0.75,56,4.035714285714286,1.3928571428571428,31.125,1423,,,,,,,,,,,,,,,,,,,,,,,,,,,
38,A,participants_only,,,30,30,0,0,22,8,0.37610732522340395,0.27754851942254016,0.874412952048426,0.04884612175150892,275,30,1.0,56,4.035714285714286,1.3928571428571428,24.833333333333332,1423,,,,,,,,,,,,,,,,,,,,,,,,,,,
38,A,nonparticipants_only,,,10,0,10,0,0,0,0.19254789500756272,0.17989520317425373,0.5642494962606074,0.006937703479659275,0,0,0.0,0,0.0,0.0,50.0,0,,,,,,,,,,,,,,,,,,,,,,,,,,,
38,A,step_totals,,,,,,,,,,,,,,,,,,,,,76.60000000000008,14.0,0.18276762402088753,,,0.0,0.0,52.0,0.6788511749347251,0.01097460811918913,0.21153846153846154,0.0,0,11,38,16,28,,30,52,4.600000000000001,0.06005221932114878,6.000000000000003,0.07832898172323755,23,30,28
39,A,all_agents,,,40,30,10,0,21,9,0.3330370985867225,0.23391214773970337,0.879436433966489,0.045777535780761304,282,30,0.75,56,4.035714285714286,1.3928571428571428,31.075,1468,,,,,,,,,,,,,,,,,,,,,,,,,,,
39,A,participants_only,,,30,30,0,0,21,9,0.37967578479162317,0.27616077682542745,0.879436433966489,0.050079295019561744,282,30,1.0,56,4.035714285714286,1.3928571428571428,24.766666666666666,1468,,,,,,,,,,,,,,,,,,,,,,,,,,,
39,A,nonparticipants_only,,,10,0,10,0,0,0,0.19312103997202038,0.1816252034119791,0.5614282487793043,0.006770253453329666,0,0,0.0,0,0.0,0.0,50.0,0,,,,,,,,,,,,,,,,,,,,,,,,,,,
39,A,step_totals,,,,,,,,,,,,,,,,,,,,,81.90000000000008,16.5,0.20146520146520128,,,0.0,0.0,54.0,0.6593406593406588,0.010602376614795704,0.12962962962962962,0.0,0,7,27,13,33,,33,54,5.400000000000002,0.0659340659340659,6.000000000000003,0.07326007326007322,27,30,38
40,A,all_agents,,,40,30,10,0,21,9,0.335507896403725,0.23573469607003805,0.8842589766078294,0.04681087121219801,289,30,0.75,56,4.035714285714286,1.3928571428571428,31.125,1511,,,,,,,,,,,,,,,,,,,,,,,,,,,
40,A,participants_only,,,30,30,0,0,21,9,0.3827803845153278,0.2801300482739439,0.8842589766078294,0.05127373075691858,289,30,1.0,56,4.035714285714286,1.3928571428571428,24.833333333333332,1511,,,,,,,,,,,,,,,,,,,,,,,,,,,
40,A,nonparticipants_only,,,10,0,10,0,0,0,0.19369043206891648,0.18265381517457294,0.5586211075354078,0.006606034990896723,0,0,0.0,0,0.0,0.0,50.0,0,,,,,,,,,,,,,,,,,,,,,,,,,,,
40,A,step_totals,,,,,,,,,,,,,,,,,,,,,76.60000000000007,14.0,0.18276762402088756,,,0.0,0.0,52.0,0.6788511749347252,0.010401745712789078,0.1346153846153846,0.0,0,7,38,16,28,,30,52,4.600000000000001,0.06005221932114879,6.000000000000003,0.07832898172323756,23,30,28
40,A,reachability,0.175,0.0,,,,,,,,,,,,,,,,,,,,,,,,,,,,,,,,,,,,,,,,,,,,,
41,A,all_agents,,,40,30,10,0,21,9,0.3381654463141389,0.23664546163435204,0.8888886175435162,0.047848495912795386,301,30,0.75,56,4.035714285714286,1.3928571428571428,31.075,1557,,,,,,,,,,,,,,,,,,,,,,,,,,,
41,A,participants_only,,,30,30,0,0,21,9,0.38613539943420366,0.2795596518845205,0.8888886175435162,0.052444548135129394,301,30,1.0,56,4.035714285714286,1.3928571428571428,24.766666666666666,1557,,,,,,,,,,,,,,,,,,,,,,,,,,,
41,A,nonparticipants_only,,,10,0,10,0,0,0,0.19425558695394476,0.18312852261698165,0.5558280019977307,0.006446942417698882,0,0,0.0,0,0.0,0.0,50.0,0,,,,,,,,,,,,,,,,,,,,,,,,,,,
41,A,step_totals,,,,,,,,,,,,,,,,,,,,,79.70000000000009,14.5,0.18193224592220808,,,0.0,0.0,54.0,0.6775407779171887,0.010490154137928044,0.2222222222222222,0.0,0,12,25,14,29,,31,54,5.200000000000002,0.06524466750313672,6.000000000000003,0.07528230865746545,26,30,37
42,A,all_agents,,,40,30,10,0,21,9,0.34052730408515614,0.23873484351578747,0.8933330728417755,0.04886491493815666,308,30,0.75,56,4.035714285714286,1.3928571428571428,31.125,1601,,,,,,,,,,,,,,,,,,,,,,,,,,,
42,A,participants_only,,,30,30,0,0,21,9,0.3890973524772878,0.2818266124263595,0.8933330728417755,0.05362016060046382,308,30,1.0,56,4.035714285714286,1.3928571428571428,24.833333333333332,1601,,,,,,,,,,,,,,,,,,,,,,,,,,,
42,A,nonparticipants_only,,,10,0,10,0,0,0,0.1948171589087612,0.1838631645812867,0.5530488619877421,0.006290582741467062,0,0,0.0,0,0.0,0.0,50.0,0,,,,,,,,,,,,,,,,,,,,,,,,,,,
42,A,step_totals,,,,,,,,,,,,,,,,,,,,,76.60000000000007,14.0,0.18276762402088756,,,0.0,0.0,52.0,0.6788511749347252,0.010087079922401501,0.1346153846153846,0.0,0,7,38,16,28,,30,52,4.600000000000001,0.06005221932114879,6.000000000000003,0.07832898172323756,23,30,28
43,A,all_agents,,,40,30,10,0,21,9,0.34306509170142097,0.23937632384573113,0.8975997499281045,0.04983672657985464,315,30,0.75,56,4.035714285714286,1.3928571428571428,31.075,1646,,,,,,,,,,,,,,,,,,,,,,,,,,,
43,A,participants_only,,,30,30,0,0,21,9,0.39229516695055705,0.28644594453771133,0.8975997499281045,0.05470856847911314,315,30,1.0,56,4.035714285714286,1.3928571428571428,24.766666666666666,1646,,,,,,,,,,,,,,,,,,,,,,,,,,,
43,A,nonparticipants_only,,,10,0,10,0,0,0,0.19537486595401277,0.18506950165972672,0.5502836176778033,0.006137997173651945,0,0,0.0,0,0.0,0.0,50.0,0,,,,,,,,,,,,,,,,,,,,,,,,,,,
43,A,step_totals,,,,,,,,,,,,,,,,,,,,,78.80000000000007,14.0,0.17766497461928918,,,0.0,0.0,54.0,0.6852791878172583,0.010283934384999074,0.12962962962962962,0.0,0,7,25,16,28,,30,54,4.800000000000002,0.06091370558375631,6.000000000000003,0.0761421319796954,24,30,36
44,A,all_agents,,,40,30,10,0,21,9,0.3454254451166291,0.24055163771722768,0.9016957599309804,0.050864326424502455,325,30,0.75,56,4.035714285714286,1.3928571428571428,31.125,1693,,,,,,,,,,,,,,,,,,,,,,,,,,,
44,A,participants_only,,,30,30,0,0,21,9,0.39525763965114685,0.28991357446947263,0.9016957599309804,0.05588990095234314,325,30,1.0,56,4.035714285714286,1.3928571428571428,24.833333333333332,1693,,,,,,,,,,,,,,,,,,,,,,,,,,,
44,A,nonparticipants_only,,,10,0,10,0,0,0,0.19592886151307567,0.18611515327591371,0.5475321995894143,0.005988631495468083,0,0,0.0,0,0.0,0.0,50.0,0,,,,,,,,,,,,,,,,,,,,,,,,,,,
44,A,step_totals,,,,,,,,,,,,,,,,,,,,,74.90000000000008,12.5,0.1668891855807742,,,0.0,0.0,52.0,0.6942590120160207,0.010382499690964659,0.19230769230769232,0.0,0,10,37,17,25,,28,52,4.400000000000001,0.05874499332443253,6.000000000000003,0.08010680907877164,22,30,27
45,A,all_agents,,,40,30,10,0,21,9,0.34773166394306987,0.24045778760682554,0.9056279295337412,0.05186342106548554,334,30,0.75,56,4.035714285714286,1.3928571428571428,31.075,1738,,,,,,,,,,,,,,,,,,,,,,,,,,,
45,A,participants_only,,,30,30,0,0,21,9,0.3981493190331032,0.29170147412223557,0.9056279295337412,0.057035385743751846,334,30,1.0,56,4.035714285714286,1.3928571428571428,24.766666666666666,1738,,,,,,,,,,,,,,,,,,,,,,,,,,,
45,A,nonparticipants_only,,,10,0,10,0,0,0,0.19647869867296983,0.18719551969093146,0.5447945385914673,0.005844247693355855,0,0,0.0,0,0.0,0.0,50.0,0,,,,,,,,,,,,,,,,,,,,,,,,,,,
45,A,step_totals,,,,,,,,,,,,,,,,,,,,,78.10000000000007,13.5,0.17285531370038398,,,0.0,0.0,54.0,0.6914212548015359,0.009701400894310465,0.16666666666666666,0.0,0,9,23,17,27,,28,54,4.600000000000001,0.058898847631241966,6.000000000000003,0.07682458386683735,23,30,36
46,A,all_agents,,,40,30,10,0,21,9,0.349675720420606,0.24074523863096864,0.9065716502384038,0.05274679511498962,341,30,0.75,56,4.035714285714286,1.3928571428571428,31.125,1779,,,,,,,,,,,,,,,,,,,,,,,,,,,
46,A,participants_only,,,30,30,0,0,21,9,0.4005593001884371,0.2924004856009239,0.9065716502384038,0.058071621529904326,341,30,1.0,56,4.035714285714286,1.3928571428571428,24.833333333333332,1779,,,,,,,,,,,,,,,,,,,,,,,,,,,
46,A,nonparticipants_only,,,10,0,10,0,0,0,0.19702498111711267,0.18806930614479972,0.54207056589851,0.005702651590374734,0,0,0.0,0,0.0,0.0,50.0,0,,,,,,,,,,,,,,,,,,,,,,,,,,,
46,A,step_totals,,,,,,,,,,,,,,,,,,,,,74.70000000000007,12.5,0.16733601070950452,,,0.0,0.0,52.0,0.6961178045515388,0.009095347750219168,0.1346153846153846,0.0,0,7,36,18,25,,28,52,4.200000000000001,0.05622489959839353,6.000000000000003,0.0803212851405622,21,30,27
47,A,all_agents,,,40,30,10,0,21,9,0.3520070247435622,0.24282601275119114,0.9103087842288676,0.05373252403436084,350,30,0.75,56,4.035714285714286,1.3928571428571428,31.075,1827,,,,,,,,,,,,,,,,,,,,,,,,,,,
47,A,participants_only,,,30,30,0,0,21,9,0.4034868663549108,0.29424410435932435,0.9103087842288676,0.05918778815108691,350,30,1.0,56,4.035714285714286,1.3928571428571428,24.766666666666666,1827,,,,,,,,,,,,,,,,,,,,,,,,,,,
47,A,nonparticipants_only,,,10,0,10,0,0,0,0.19756749990951655,0.18828675443320356,0.5393602130690175,0.005564642576228199,0,0,0.0,0,0.0,0.0,50.0,0,,,,,,,,,,,,,,,,,,,,,,,,,,,
47,A,step_totals,,,,,,,,,,,,,,,,,,,,,77.60000000000008,13.0,0.1675257731958761,,,0.0,0.0,54.0,0.6958762886597931,0.009876964074411592,0.16666666666666666,0.0,0,9,23,18,26,,28,54,4.600000000000001,0.05927835051546387,6.000000000000003,0.07731958762886594,23,30,35
48,A,all_agents,,,40,30,10,0,21,9,0.3540794264137657,0.244529115120529,0.9138964328597129,0.054666322674974975,357,30,0.75,56,4.035714285714286,1.3928571428571428,31.125,1873,,,,,,,,,,,,,,,,,,,,,,,,,,,
48,A,participants_only,,,30,30,0,0,21,9,0.4060702801714792,0.29487013441469323,0.9138964328597129,0.06026689868782471,357,30,1.0,56,4.035714285714286,1.3928571428571428,24.833333333333332,1873,,,,,,,,,,,,,,,,,,,,,,,,,,,
48,A,nonparticipants_only,,,10,0,10,0,0,0,0.19810686514062514,0.18945732121137174,0.5366634120036724,0.005428008142954321,0,0,0.0,0,0.0,0.0,50.0,0,,,,,,,,,,,,,,,,,,,,,,,,,,,
48,A,step_totals,,,,,,,,,,,,,,,,,,,,,74.70000000000006,12.5,0.16733601070950455,,,0.0,0.0,52.0,0.6961178045515389,0.00953329613721829,0.1346153846153846,0.0,0,7,35,18,25,,28,52,4.200000000000001,0.056224899598393545,6.000000000000003,0.08032128514056222,21,30,27
49,A,all_agents,,,40,30,10,0,21,9,0.3563371589657075,0.24588549182686847,0.9173405755453243,0.05564118389254096,361,30,0.75,56,4.035714285714286,1.3928571428571428,31.075,1921,,,,,,,,,,,,,,,,,,,,,,,,,,,
49,A,participants_only,,,30,30,0,0,21,9,0.4089020390876065,0.29433983423309046,0.9173405755453243,0.061371029317320545,361,30,1.0,56,4.035714285714286,1.3928571428571428,24.766666666666666,1921,,,,,,,,,,,,,,,,,,,,,,,,,,,
49,A,nonparticipants_only,,,10,0,10,0,0,0,0.19864251860001048,0.19047196717171083,0.5339800949436541,0.00529484815144687,0,0,0.0,0,0.0,0.0,50.0,0,,,,,,,,,,,,,,,,,,,,,,,,,,,
49,A,step_totals,,,,,,,,,,,,,,,,,,,,,77.40000000000006,13.0,0.16795865633074922,,,0.0,0.0,54.0,0.6976744186046506,0.00969607686508397,0.07407407407407407,0.0,0,4,21,18,26,,27,54,4.400000000000001,0.05684754521963821,6.000000000000003,0.07751937984496121,22,30,35
50,A,all_agents,,,40,30,10,0,21,9,0.35818935187319745,0.24669897868669557,0.9206469525235114,0.056508459293949466,369,30,0.75,56,4.035714285714286,1.3928571428571428,31.125,1965,,,,,,,,,,,,,,,,,,,,,,,,,,,
50,A,participants_only,,,30,30,0,0,21,9,0.4111943665364376,0.292868135061925,0.9206469525235114,0.062384558856935834,369,30,1.0,56,4.035714285714286,1.3928571428571428,24.833333333333332,1965,,,,,,,,,,,,,,,,,,,,,,,,,,,
50,A,nonparticipants_only,,,10,0,10,0,0,0,0.19917430788347723,0.1913961310630664,0.5313101944689358,0.005165781651586814,0,0,0.0,0,0.0,0.0,50.0,0,,,,,,,,,,,,,,,,,,,,,,,,,,,
50,A,step_totals,,,,,,,,,,,,,,,,,,,,,74.20000000000007,12.0,0.1617250673854446,,,0.0,0.0,52.0,0.7008086253369266,0.008926286006273664,0.15384615384615385,0.0,0,8,35,18,24,,28,52,4.200000000000001,0.05660377358490562,6.000000000000003,0.08086253369272232,21,30,27
50,A,reachability,0.175,0.0,,,,,,,,,,,,,,,,,,,,,,,,,,,,,,,,,,,,,,,,,,,,,
51,A,all_agents,,,40,30,10,0,20,10,0.3602028206417053,0.24717654623598856,0.9238210744225709,0.05742269391891147,377,30,0.75,56,4.035714285714286,1.3928571428571428,31.075,2012,,,,,,,,,,,,,,,,,,,,,,,,,,,
51,A,participants_only,,,30,30,0,0,20,10,0.4137029256462904,0.2916518541090147,0.9238210744225709,0.06343460917841373,377,30,1.0,56,4.035714285714286,1.3928571428571428,24.766666666666666,2012,,,,,,,,,,,,,,,,,,,,,,,,,,,
51,A,nonparticipants_only,,,10,0,10,0,0,0,0.19970250562795008,0.1914397901749445,0.5286536434965912,0.005039813314385127,0,0,0.0,0,0.0,0.0,50.0,0,,,,,,,,,,,,,,,,,,,,,,,,,,,
51,A,step_totals,,,,,,,,,,,,,,,,,,,,,76.70000000000007,12.5,0.16297262059973908,,,0.0,0.0,54.0,0.7040417209908728,0.009051690428960642,0.14814814814814814,0.0,0,8,21,19,25,,27,54,4.200000000000001,0.05475880052151235,6.000000000000003,0.0782268578878748,21,30,34
52,A,all_agents,,,40,30,10,0,20,10,0.36199185516921367,0.25092358120543656,0.9268682314456681,0.05826550687752513,382,30,0.75,56,4.035714285714286,1.3928571428571428,31.125,2057,,,,,,,,,,,,,,,,,,,,,,,,,,,
52,A,participants_only,,,30,30,0,0,20,10,0.4159133649555023,0.29179643506477904,0.9268682314456681,0.06441846869793579,382,30,1.0,56,4.035714285714286,1.3928571428571428,24.833333333333332,2057,,,,,,,,,,,,,,,,,,,,,,,,,,,
52,A,nonparticipants_only,,,10,0,10,0,0,0,0.20022732581034788,0.19189829224722504,0.5260103752791082,0.004916270804699345,0,0,0.0,0,0.0,0.0,50.0,0,,,,,,,,,,,,,,,,,,,,,,,,,,,
52,A,step_totals,,,,,,,,,,,,,,,,,,,,,74.20000000000007,12.0,0.1617250673854446,,,0.0,0.0,52.0,0.7008086253369266,0.008743074185156923,0.09615384615384616,0.0,0,5,34,18,24,,28,52,4.200000000000001,0.05660377358490562,6.000000000000003,0.08086253369272232,21,30,27
53,A,all_agents,,,40,30,10,0,19,11,0.3638587825591727,0.251638852224481,0.9297935021878414,0.05915585930889135,393,30,0.75,56,4.035714285714286,1.3928571428571428,31.075,2104,,,,,,,,,,,,,,,,,,,,,,,,,,,
53,A,participants_only,,,30,30,0,0,19,11,0.41822877806586983,0.29138576329071586,0.9297935021878414,0.06545174894858055,393,30,1.0,56,4.035714285714286,1.3928571428571428,24.766666666666666,2104,,,,,,,,,,,,,,,,,,,,,,,,,,,
53,A,nonparticipants_only,,,10,0,10,0,0,0,0.20074879603908152,0.19207346463192712,0.5233803234027127,0.004795033453044628,0,0,0.0,0,0.0,0.0,50.0,0,,,,,,,,,,,,,,,,,,,,,,,,,,,
53,A,step_totals,,,,,,,,,,,,,,,,,,,,,75.50000000000007,11.5,0.15231788079470185,,,0.0,0.0,54.0,0.7152317880794695,0.008783038966911832,0.2037037037037037,0.0,0,11,21,20,23,,26,54,4.000000000000001,0.05298013245033109,6.000000000000003,0.07947019867549665,20,30,33
54,A,all_agents,,,40,30,10,0,19,11,0.36564851777034446,0.25296952083792257,0.9326017621003277,0.059976976184944776,404,30,0.75,56,4.035714285714286,1.3928571428571428,31.125,2149,,,,,,,,,,,,,,,,,,,,,,,,,,,
54,A,participants_only,,,30,30,0,0,19,11,0.4204423167130343,0.29222613674461484,0.9326017621003277,0.06640138541046818,404,30,1.0,56,4.035714285714286,1.3928571428571428,24.833333333333332,2149,,,,,,,,,,,,,,,,,,,,,,,,,,,
54,A,nonparticipants_only,,,10,0,10,0,0,0,0.20126712094227503,0.1933517992866554,0.5207634217856991,0.0046754236775115796,0,0,0.0,0,0.0,0.0,50.0,0,,,,,,,,,,,,,,,,,,,,,,,,,,,
54,A,step_totals,,,,,,,,,,,,,,,,,,,,,74.20000000000006,12.0,0.16172506738544462,,,0.0,0.0,52.0,0.7008086253369267,0.008765779653226622,0.21153846153846154,0.0,0,11,33,18,24,,28,52,4.200000000000001,0.05660377358490563,6.000000000000003,0.08086253369272234,21,30,27
55,A,all_agents,,,40,30,10,0,19,11,0.3674697639082011,0.2528163326782572,0.9352976916163146,0.060854699020392165,412,30,0.75,56,4.035714285714286,1.3928571428571428,31.075,2197,,,,,,,,,,,,,,,,,,,,,,,,,,,
55,A,participants_only,,,30,30,0,0,19,11,0.4226991537222984,0.29274869941940757,0.9352976916163146,0.06741843585046345,412,30,1.0,56,4.035714285714286,1.3928571428571428,24.766666666666666,2197,,,,,,,,,,,,,,,,,,,,,,,,,,,
55,A,nonparticipants_only,,,10,0,10,0,0,0,0.20178159446590913,0.19496609963528208,0.5181596046767706,0.004560062539328143,0,0,0.0,0,0.0,0.0,50.0,0,,,,,,,,,,,,,,,,,,,,,,,,,,,
55,A,step_totals,,,,,,,,,,,,,,,,,,,,,75.50000000000007,11.5,0.15231788079470185,,,0.0,0.0,54.0,0.7152317880794695,0.008656923582927054,0.14814814814814814,0.0,0,8,21,20,23,,26,54,4.000000000000001,0.05298013245033109,6.000000000000003,0.07947019867549665,20,30,33
56,A,all_agents,,,40,30,10,0,19,11,0.3691504091120808,0.25197515848914787,0.937885783951662,0.061606897218512924,420,30,0.75,56,4.035714285714286,1.3928571428571428,31.125,2242,,,,,,,,,,,,,,,,,,,,,,,,,,,
56,A,participants_only,,,30,30,0,0,19,11,0.4247697086417758,0.2939563949396511,0.937885783951662,0.06828586543891525,420,30,1.0,56,4.035714285714286,1.3928571428571428,24.833333333333332,2242,,,,,,,,,,,,,,,,,,,,,,,,,,,
56,A,nonparticipants_only,,,10,0,10,0,0,0,0.20229251052299585,0.195349589196449,0.5155688066533868,0.0044479147952188,0,0,0.0,0,0.0,0.0,50.0,0,,,,,,,,,,,,,,,,,,,,,,,,,,,
56,A,step_totals,,,,,,,,,,,,,,,,,,,,,74.20000000000007,12.0,0.1617250673854446,,,0.0,0.0,52.0,0.7008086253369266,0.008431954015893263,0.15384615384615385,0.0,0,8,33,18,24,,28,52,4.200000000000001,0.05660377358490562,6.000000000000003,0.08086253369272232,21,30,27
57,A,all_agents,,,40,30,10,0,18,12,0.37097017866433735,0.2507152826967021,0.9403703525935955,0.06249919101916913,424,30,0.75,56,4.035714285714286,1.3928571428571428,31.075,2292,,,,,,,,,,,,,,,,,,,,,,,,,,,
57,A,participants_only,,,30,30,0,0,18,12,0.4270269318810752,0.2963431942202814,0.9403703525935955,0.0693165253463481,424,30,1.0,56,4.035714285714286,1.3928571428571428,24.766666666666666,2292,,,,,,,,,,,,,,,,,,,,,,,,,,,
57,A,nonparticipants_only,,,10,0,10,0,0,0,0.2027999190141238,0.19570318021133187,0.5129909626201199,0.004338873063205188,0,0,0.0,0,0.0,0.0,50.0,0,,,,,,,,,,,,,,,,,,,,,,,,,,,
57,A,step_totals,,,,,,,,,,,,,,,,,,,,,75.00000000000007,11.0,0.14666666666666653,,,0.0,0.0,54.0,0.7199999999999993,0.008745710867483386,0.07407407407407407,0.0,0,4,21,20,22,,26,54,4.000000000000001,0.053333333333333295,6.000000000000003,0.07999999999999996,20,30,33
58,A,all_agents,,,40,30,10,0,18,12,0.3725557625339779,0.24946170628321862,0.9427555384898516,0.06328166519420603,427,30,0.75,56,4.035714285714286,1.3928571428571428,31.125,2338,,,,,,,,,,,,,,,,,,,,,,,,,,,
58,A,participants_only,,,30,30,0,0,18,12,0.42897284793927204,0.29506630469939044,0.9427555384898516,0.070233857874583,427,30,1.0,56,4.035714285714286,1.3928571428571428,24.833333333333332,2338,,,,,,,,,,,,,,,,,,,,,,,,,,,
58,A,nonparticipants_only,,,10,0,10,0,0,0,0.20330450631809543,0.19569571259439933,0.5104260078070193,0.004230436845536019,0,0,0.0,0,0.0,0.0,50.0,0,,,,,,,,,,,,,,,,,,,,,,,,,,,
58,A,step_totals,,,,,,,,,,,,,,,,,,,,,73.50000000000007,11.5,0.15646258503401345,,,0.0,0.0,52.0,0.7074829931972783,0.008242653013296184,0.057692307692307696,0.0,0,3,32,19,23,,26,52,4.000000000000001,0.05442176870748295,6.000000000000003,0.08163265306122444,20,30,26
59,A,all_agents,,,40,30,10,0,18,12,0.37413234062217327,0.24821439775180254,0.9450453169502575,0.06406594789261764,434,30,0.75,56,4.035714285714286,1.3928571428571428,31.075,2384,,,,,,,,,,,,,,,,,,,,,,,,,,,
59,A,participants_only,,,30,30,0,0,18,12,0.43090783877574357,0.2953710939771156,0.9450453169502575,0.07115270518390408,434,30,1.0,56,4.035714285714286,1.3928571428571428,24.766666666666666,2384,,,,,,,,,,,,,,,,,,,,,,,,,,,
59,A,nonparticipants_only,,,10,0,10,0,0,0,0.20380584616146222,0.19613251330192433,0.5078738777679842,0.00412418973172547,0,0,0.0,0,0.0,0.0,50.0,0,,,,,,,,,,,,,,,,,,,,,,,,,,,
59,A,step_totals,,,,,,,,,,,,,,,,,,,,,74.80000000000008,11.0,0.1470588235294116,,,0.0,0.0,54.0,0.7219251336898388,0.008005310388221934,0.12962962962962962,0.0,0,7,21,21,22,,26,54,3.800000000000001,0.050802139037433115,6.000000000000003,0.08021390374331545,19,30,33
60,A,all_agents,,,40,30,10,0,18,12,0.37570338480365884,0.2469733257630435,0.9472435042722472,0.06484091504906588,441,30,0.75,56,4.035714285714286,1.3928571428571428,31.125,2432,,,,,,,,,,,,,,,,,,,,,,,,,,,
60,A,participants_only,,,30,30,0,0,18,12,0.43283665868359195,0.2965737427856212,0.9472435042722472,0.07205717341187871,441,30,1.0,56,4.035714285714286,1.3928571428571428,24.833333333333332,2432,,,,,,,,,,,,,,,,,,,,,,,,,,,
60,A,nonparticipants_only,,,10,0,10,0,0,0,0.20430356316385945,0.1978078516832968,0.5053345083791443,0.004021608149753998,0,0,0.0,0,0.0,0.0,50.0,0,,,,,,,,,,,,,,,,,,,,,,,,,,,
60,A,step_totals,,,,,,,,,,,,,,,,,,,,,72.80000000000007,11.0,0.15109890109890095,,,0.0,0.0,52.0,0.7142857142857136,0.008308050697554097,0.1346153846153846,0.0,0,7,32,20,22,,26,52,3.800000000000001,0.052197802197802165,6.000000000000003,0.08241758241758237,19,30,25
60,A,reachability,0.175,0.0,,,,,,,,,,,,,,,,,,,,,,,,,,,,,,,,,,,,,,,,,,,,,
61,A,all_agents,,,40,30,10,0,18,12,0.37728964688393957,0.24687260026286462,0.9493537641013573,0.065665049946981,445,30,0.75,56,4.035714285714286,1.3928571428571428,31.075,2481,,,,,,,,,,,,,,,,,,,,,,,,,,,
61,A,participants_only,,,30,30,0,0,18,12,0.4347868247235906,0.29757661037735544,0.9493537641013573,0.07302268497898919,445,30,1.0,56,4.035714285714286,1.3928571428571428,24.766666666666666,2481,,,,,,,,,,,,,,,,,,,,,,,,,,,
61,A,nonparticipants_only,,,10,0,10,0,0,0,0.20479811336498652,0.19900621673990954,0.5028078358372485,0.003921039336662937,0,0,0.0,0,0.0,0.0,50.0,0,,,,,,,,,,,,,,,,,,,,,,,,,,,
61,A,step_totals,,,,,,,,,,,,,,,,,,,,,75.00000000000007,11.0,0.14666666666666653,,,0.0,0.0,54.0,0.7199999999999993,0.008032002331048714,0.07407407407407407,0.0,0,4,21,20,22,,26,54,4.000000000000001,0.053333333333333295,6.000000000000003,0.07999999999999996,20,30,33
62,A,all_agents,,,40,30,10,0,18,12,0.3788809357169773,0.2457846504569624,0.951379613537303,0.0664607004483553,454,30,0.75,56,4.035714285714286,1.3928571428571428,31.125,2531,,,,,,,,,,,,,,,,,,,,,,,,,,,
62,A,participants_only,,,30,30,0,0,18,12,0.43674486810096114,0.2962293694040394,0.951379613537303,0.07394671170323572,454,30,1.0,56,4.035714285714286,1.3928571428571428,24.833333333333332,2531,,,,,,,,,,,,,,,,,,,,,,,,,,,
62,A,nonparticipants_only,,,10,0,10,0,0,0,0.20528913856502592,0.1998005649863127,0.5002937966580623,0.0038238506324550416,0,0,0.0,0,0.0,0.0,50.0,0,,,,,,,,,,,,,,,,,,,,,,,,,,,
62,A,step_totals,,,,,,,,,,,,,,,,,,,,,72.80000000000007,11.0,0.15109890109890095,,,0.0,0.0,52.0,0.7142857142857136,0.008392285039311956,0.17307692307692307,0.0,0,9,32,20,22,,26,52,3.800000000000001,0.052197802197802165,6.000000000000003,0.08241758241758237,19,30,25
63,A,all_agents,,,40,30,10,0,18,12,0.3804946159498863,0.2451330557995452,0.9533244289958109,0.06724658392453996,464,30,0.75,56,4.035714285714286,1.3928571428571428,31.075,2581,,,,,,,,,,,,,,,,,,,,,,,,,,,
63,A,participants_only,,,30,30,0,0,18,12,0.4387336425119699,0.2963324385335258,0.9533244289958109,0.07485271413423869,464,30,1.0,56,4.035714285714286,1.3928571428571428,24.766666666666666,2581,,,,,,,,,,,,,,,,,,,,,,,,,,,
63,A,nonparticipants_only,,,10,0,10,0,0,0,0.2057775362636357,0.19986794442411546,0.497792327674772,0.00372678271665489,0,0,0.0,0,0.0,0.0,50.0,0,,,,,,,,,,,,,,,,,,,,,,,,,,,
63,A,step_totals,,,,,,,,,,,,,,,,,,,,,75.00000000000007,11.0,0.14666666666666653,,,0.0,0.0,54.0,0.7199999999999993,0.00813926263014557,0.18518518518518517,0.0,0,10,21,20,22,,26,54,4.000000000000001,0.053333333333333295,6.000000000000003,0.07999999999999996,20,30,32
64,A,all_agents,,,40,30,10,0,18,12,0.3818752378936724,0.2448939943037972,0.9551914518359785,0.06797919863209308,476,30,0.75,56,4.035714285714286,1.3928571428571428,31.125,2628,,,,,,,,,,,,,,,,,,,,,,,,,,,
64,A,participants_only,,,30,30,0,0,18,12,0.4404127412201729,0.2948507763408582,0.9551914518359785,0.07572170533459335,476,30,1.0,56,4.035714285714286,1.3928571428571428,24.833333333333332,2628,,,,,,,,,,,,,,,,,,,,,,,,,,,
64,A,nonparticipants_only,,,10,0,10,0,0,0,0.2062627279141708,0.20021754062264022,0.49530336603639813,0.00363200697619152,0,0,0.0,0,0.0,0.0,50.0,0,,,,,,,,,,,,,,,,,,,,,,,,,,,
64,A,step_totals,,,,,,,,,,,,,,,,,,,,,72.80000000000005,11.0,0.15109890109890098,,,0.0,0.0,52.0,0.7142857142857137,0.007716229775531712,0.23076923076923078,0.0,0,12,31,20,22,,26,52,3.800000000000001,0.05219780219780217,6.000000000000003,0.08241758241758239,19,30,25
65,A,all_agents,,,40,30,10,0,18,12,0.3831311171923731,0.2462236236347277,0.9569837937625394,0.06869744560717547,482,30,0.75,56,4.035714285714286,1.3928571428571428,31.075,2674,,,,,,,,,,,,,,,,,,,,,,,,,,,
65,A,participants_only,,,30,30,0,0,18,12,0.4419266882654355,0.29503056070145683,0.9569837937625394,0.07658868253558618,482,30,1.0,56,4.035714285714286,1.3928571428571428,24.766666666666666,2674,,,,,,,,,,,,,,,,,,,,,,,,,,,
65,A,nonparticipants_only,,,10,0,10,0,0,0,0.20674440397318572,0.20143782952219746,0.4928268492062161,0.003540704688252877,0,0,0.0,0,0.0,0.0,50.0,0,,,,,,,,,,,,,,,,,,,,,,,,,,,
65,A,step_totals,,,,,,,,,,,,,,,,,,,,,75.00000000000007,11.0,0.14666666666666653,,,0.0,0.0,54.0,0.7199999999999993,0.0070087727398000605,0.1111111111111111,0.0,0,6,19,20,22,,25,54,4.000000000000001,0.053333333333333295,6.000000000000003,0.07999999999999996,20,30,31
66,A,all_agents,,,40,30,10,0,18,12,0.38455873667631146,0.24516060120404343,0.9587044420120379,0.06943528359331226,493,30,0.75,56,4.035714285714286,1.3928571428571428,31.125,2723,,,,,,,,,,,,,,,,,,,,,,,,,,,
66,A,participants_only,,,30,30,0,0,18,12,0.44367060681107706,0.2935554078979496,0.9587044420120379,0.0774532361425747,493,30,1.0,56,4.035714285714286,1.3928571428571428,24.833333333333332,2723,,,,,,,,,,,,,,,,,,,,,,,,,,,
66,A,nonparticipants_only,,,10,0,10,0,0,0,0.2072231262720147,0.20278785055550436,0.490362714960185,0.003450867655572277,0,0,0.0,0,0.0,0.0,50.0,0,,,,,,,,,,,,,,,,,,,,,,,,,,,
66,A,step_totals,,,,,,,,,,,,,,,,,,,,,72.80000000000008,11.0,0.15109890109890092,,,0.0,0.0,52.0,0.7142857142857135,0.007884614311610652,0.21153846153846154,0.0,0,11,31,20,22,,26,52,3.800000000000001,0.05219780219780215,6.000000000000003,0.08241758241758236,19,30,24
67,A,all_agents,,,40,30,10,0,18,12,0.38610756864511175,0.24528110293080768,0.9603562643315563,0.07016029624092071,498,30,0.75,56,4.035714285714286,1.3928571428571428,31.075,2773,,,,,,,,,,,,,,,,,,,,,,,,,,,
67,A,participants_only,,,30,30,0,0,18,12,0.4455772035247247,0.29476000942922725,0.9603562643315563,0.0782793809141791,498,30,1.0,56,4.035714285714286,1.3928571428571428,24.766666666666666,2773,,,,,,,,,,,,,,,,,,,,,,,,,,,
67,A,nonparticipants_only,,,10,0,10,0,0,0,0.20769866400627296,0.203776454130968,0.48791090138538407,0.003363392548571849,0,0,0.0,0,0.0,0.0,50.0,0,,,,,,,,,,,,,,,,,,,,,,,,,,,
67,A,step_totals,,,,,,,,,,,,,,,,,,,,,75.00000000000009,11.0,0.1466666666666665,,,0.0,0.0,54.0,0.7199999999999992,0.00796320120854389,0.09259259259259259,0.0,0,5,19,20,22,,25,54,4.000000000000001,0.05333333333333328,6.000000000000003,0.07999999999999995,20,30,31
68,A,all_agents,,,40,30,10,0,18,12,0.3873896062063748,0.24405469741615365,0.961942013758294,0.07089426058003472,509,30,0.75,56,4.035714285714286,1.3928571428571428,31.125,2822,,,,,,,,,,,,,,,,,,,,,,,,,,,
68,A,participants_only,,,30,30,0,0,18,12,0.4471290464914688,0.29328620938208116,0.961942013758294,0.07915803726438048,509,30,1.0,56,4.035714285714286,1.3928571428571428,24.833333333333332,2822,,,,,,,,,,,,,,,,,,,,,,,,,,,
68,A,nonparticipants_only,,,10,0,10,0,0,0,0.20817128535109275,0.20388667851484715,0.48547134687845717,0.003277321820081673,0,0,0.0,0,0.0,0.0,50.0,0,,,,,,,,,,,,,,,,,,,,,,,,,,,
68,A,step_totals,,,,,,,,,,,,,,,,,,,,,71.80000000000007,10.0,0.13927576601671296,,,0.0,0.0,52.0,0.7242339832869074,0.007562361535806707,0.21153846153846154,0.0,0,11,31,20,20,,26,52,3.800000000000001,0.05292479108635094,6.000000000000003,0.08356545961002781,19,30,23
69,A,all_agents,,,40,30,10,0,18,12,0.38873973093706404,0.24290580596501515,0.9634643332079622,0.07166098970492286,519,30,0.75,56,4.035714285714286,1.3928571428571428,31.075,2873,,,,,,,,,,,,,,,,,,,,,,,,,,,
69,A,participants_only,,,30,30,0,0,18,12,0.4487726930699694,0.29442918067141066,0.9634643332079622,0.0800677511839868,519,30,1.0,56,4.035714285714286,1.3928571428571428,24.766666666666666,2873,,,,,,,,,,,,,,,,,,,,,,,,,,,
69,A,nonparticipants_only,,,10,0,10,0,0,0,0.2086408445383478,0.2037949972472497,0.4830439901440649,0.003193226758320778,0,0,0.0,0,0.0,0.0,50.0,0,,,,,,,,,,,,,,,,,,,,,,,,,,,
69,A,step_totals,,,,,,,,,,,,,,,,,,,,,73.80000000000007,10.0,0.13550135501355,,,0.0,0.0,54.0,0.73170731707317,0.0074953246494546405,0.18518518518518517,0.0,0,10,19,21,20,,24,54,3.800000000000001,0.05149051490514902,6.000000000000003,0.08130081300813004,19,30,29
70,A,all_agents,,,40,30,10,0,18,12,0.38985010555676985,0.24169127693519005,0.9649257598796437,0.07229580989904526,525,30,0.75,56,4.035714285714286,1.3928571428571428,31.125,2919,,,,,,,,,,,,,,,,,,,,,,,,,,,
70,A,participants_only,,,30,30,0,0,18,12,0.450097776082604,0.2929570347680536,0.9649257598796437,0.08083792726172957,525,30,1.0,56,4.035714285714286,1.3928571428571428,24.833333333333332,2919,,,,,,,,,,,,,,,,,,,,,,,,,,,
70,A,nonparticipants_only,,,10,0,10,0,0,0,0.20910709397926736,0.20438080379127604,0.4806287701933446,0.0031120761655186882,0,0,0.0,0,0.0,0.0,50.0,0,,,,,,,,,,,,,,,,,,,,,,,,,,,
70,A,step_totals,,,,,,,,,,,,,,,,,,,,,71.80000000000007,10.0,0.13927576601671296,,,0.0,0.0,52.0,0.7242339832869074,0.00700279121774251,0.11538461538461539,0.0,0,6,31,20,20,,26,52,3.800000000000001,0.05292479108635094,6.000000000000003,0.08356545961002781,19,30,23
70,A,reachability,0.175,0.0,,,,,,,,,,,,,,,,,,,,,,,,,,,,,,,,,,,,,,,,,,,,,
71,A,all_agents,,,40,30,10,0,18,12,0.3910551146573526,0.2416317931992152,0.9663287294844579,0.07301389395806175,531,30,0.75,56,4.035714285714286,1.3928571428571428,31.075,2968,,,,,,,,,,,,,,,,,,,,,,,,,,,
71,A,participants_only,,,30,30,0,0,18,12,0.45154999121059614,0.29310480934941135,0.9663287294844579,0.08170258747049869,531,30,1.0,56,4.035714285714286,1.3928571428571428,24.766666666666666,2968,,,,,,,,,,,,,,,,,,,,,,,,,,,
71,A,nonparticipants_only,,,10,0,10,0,0,0,0.209570484997622,0.20478528440100638,0.47822562634237786,0.0030322523504448242,0,0,0.0,0,0.0,0.0,50.0,0,,,,,,,,,,,,,,,,,,,,,,,,,,,
71,A,step_totals,,,,,,,,,,,,,,,,,,,,,73.10000000000007,9.5,0.12995896032831725,,,0.0,0.0,54.0,0.7387140902872771,0.007118619127931121,0.1111111111111111,0.0,0,6,16,22,19,,24,54,3.600000000000001,0.04924760601915182,6.000000000000003,0.08207934336525304,18,30,29
72,A,all_agents,,,40,30,10,0,18,12,0.392043631369315,0.24062122840057734,0.9676755803050796,0.07365569427713445,536,30,0.75,56,4.035714285714286,1.3928571428571428,31.125,3015,,,,,,,,,,,,,,,,,,,,,,,,,,,
72,A,participants_only,,,30,30,0,0,18,12,0.45271461004168495,0.2916392853026643,0.9676755803050796,0.08249871874736042,536,30,1.0,56,4.035714285714286,1.3928571428571428,24.833333333333332,3015,,,,,,,,,,,,,,,,,,,,,,,,,,,
72,A,nonparticipants_only,,,10,0,10,0,0,0,0.21003069535220528,0.20585207902484226,0.475834498210666,0.0029550090296985515,0,0,0.0,0,0.0,0.0,50.0,0,,,,,,,,,,,,,,,,,,,,,,,,,,,
72,A,step_totals,,,,,,,,,,,,,,,,,,,,,71.80000000000007,10.0,0.13927576601671296,,,0.0,0.0,52.0,0.7242339832869074,0.0066090336645533215,0.09615384615384616,0.0,0,5,31,20,20,,26,52,3.800000000000001,0.05292479108635094,6.000000000000003,0.08356545961002781,19,30,23
73,A,all_agents,,,40,30,10,0,18,12,0.393240813999894,0.2410262033744663,0.9689685570928764,0.07437388349790647,543,30,0.75,56,4.035714285714286,1.3928571428571428,31.075,3065,,,,,,,,,,,,,,,,,,,,,,,,,,,
73,A,participants_only,,,30,30,0,0,18,12,0.4541583202295566,0.2918603893221901,0.9689685570928764,0.08336198045489882,543,30,1.0,56,4.035714285714286,1.3928571428571428,24.766666666666666,3065,,,,,,,,,,,,,,,,,,,,,,,,,,,
73,A,nonparticipants_only,,,10,0,10,0,0,0,0.21048829531090657,0.20689838538152805,0.47345532571961263,0.0028782818440377736,0,0,0.0,0,0.0,0.0,50.0,0,,,,,,,,,,,,,,,,,,,,,,,,,,,
73,A,step_totals,,,,,,,,,,,,,,,,,,,,,72.90000000000006,9.5,0.13031550068587094,,,0.0,0.0,54.0,0.7407407407407401,0.007122286054606695,0.12962962962962962,0.0,0,7,16,23,19,,24,54,3.400000000000001,0.04663923182441698,6.000000000000003,0.08230452674897117,17,30,29
74,A,all_agents,,,40,30,10,0,18,12,0.3942227443229715,0.24016374932947937,0.9702098148091614,0.07498085965748472,551,30,0.75,56,4.035714285714286,1.3928571428571428,31.125,3110,,,,,,,,,,,,,,,,,,,,,,,,,,,
74,A,participants_only,,,30,30,0,0,18,12,0.45531603573723756,0.2904010873755791,0.9702098148091614,0.08411038522038058,551,30,1.0,56,4.035714285714286,1.3928571428571428,24.833333333333332,3110,,,,,,,,,,,,,,,,,,,,,,,,,,,
74,A,nonparticipants_only,,,10,0,10,0,0,0,0.21094287008017334,0.207214434961566,0.47108804909101454,0.0028035998988558903,0,0,0.0,0,0.0,0.0,50.0,0,,,,,,,,,,,,,,,,,,,,,,,,,,,
74,A,step_totals,,,,,,,,,,,,,,,,,,,,,71.60000000000007,10.0,0.13966480446927362,,,0.0,0.0,52.0,0.7262569832402228,0.006619203451802355,0.15384615384615385,0.0,0,8,31,21,20,,26,52,3.600000000000001,0.050279329608938515,6.000000000000003,0.08379888268156421,18,30,22
75,A,all_agents,,,40,30,10,0,18,12,0.39535966215286317,0.2395657442970892,0.9714014222167949,0.07568969982872159,558,30,0.75,56,4.035714285714286,1.3928571428571428,31.075,3161,,,,,,,,,,,,,,,,,,,,,,,,,,,
75,A,participants_only,,,30,30,0,0,18,12,0.45668145636767893,0.2916017787112254,0.9714014222167949,0.08496763524653446,558,30,1.0,56,4.035714285714286,1.3928571428571428,24.766666666666666,3161,,,,,,,,,,,,,,,,,,,,,,,,,,,
75,A,nonparticipants_only,,,10,0,10,0,0,0,0.21139427950841597,0.20779541659370104,0.46873260884555945,0.0027315442265924464,0,0,0.0,0,0.0,0.0,50.0,0,,,,,,,,,,,,,,,,,,,,,,,,,,,
75,A,step_totals,,,,,,,,,,,,,,,,,,,,,72.90000000000006,9.5,0.13031550068587094,,,0.0,0.0,54.0,0.7407407407407401,0.0069345791064109605,0.12962962962962962,0.0,0,7,16,23,19,,24,54,3.400000000000001,0.04663923182441698,6.000000000000003,0.08230452674897117,17,30,29
76,A,all_agents,,,40,30,10,0,18,12,0.396437326355439,0.24028287853952213,0.9725453653281231,0.07631691301813706,564,30,0.75,56,4.035714285714286,1.3928571428571428,31.125,3211,,,,,,,,,,,,,,,,,,,,,,,,,,,
76,A,participants_only,,,30,30,0,0,18,12,0.4579687662984793,0.2901437698176693,0.9725453653281231,0.08572461056477404,564,30,1.0,56,4.035714285714286,1.3928571428571428,24.833333333333332,3211,,,,,,,,,,,,,,,,,,,,,,,,,,,
76,A,nonparticipants_only,,,10,0,10,0,0,0,0.2118430065263179,0.20781571710668428,0.46638894580133167,0.0026604031606583256,0,0,0.0,0,0.0,0.0,50.0,0,,,,,,,,,,,,,,,,,,,,,,,,,,,
76,A,step_totals,,,,,,,,,,,,,,,,,,,,,71.60000000000007,10.0,0.13966480446927362,,,0.0,0.0,52.0,0.7262569832402228,0.006952663530042635,0.11538461538461539,0.0,0,6,31,21,20,,26,52,3.600000000000001,0.050279329608938515,6.000000000000003,0.08379888268156421,18,30,22
77,A,all_agents,,,40,30,10,0,18,12,0.39753976500777516,0.24109983335799362,0.9736435507149982,0.07698407432457034,575,30,0.75,56,4.035714285714286,1.3928571428571428,31.075,3260,,,,,,,,,,,,,,,,,,,,,,,,,,,
77,A,participants_only,,,30,30,0,0,18,12,0.45929008758918655,0.29128555093495745,0.9736435507149982,0.08652929958555979,575,30,1.0,56,4.035714285714286,1.3928571428571428,24.766666666666666,3260,,,,,,,,,,,,,,,,,,,,,,,,,,,
77,A,nonparticipants_only,,,10,0,10,0,0,0,0.21228879726354075,0.20933953214860002,0.464057001072325,0.002591170474701526,0,0,0.0,0,0.0,0.0,50.0,0,,,,,,,,,,,,,,,,,,,,,,,,,,,
77,A,step_totals,,,,,,,,,,,,,,,,,,,,,72.90000000000006,9.5,0.13031550068587094,,,0.0,0.0,54.0,0.7407407407407401,0.006833198237398339,0.2037037037037037,0.0,0,11,16,23,19,,24,54,3.400000000000001,0.04663923182441698,6.000000000000003,0.08230452674897117,17,30,29
78,A,all_agents,,,40,30,10,0,18,12,0.39849255136455247,0.2404812882659467,0.9746978086863982,0.07758201611419308,584,30,0.75,56,4.035714285714286,1.3928571428571428,31.125,3309,,,,,,,,,,,,,,,,,,,,,,,,,,,
78,A,participants_only,,,30,30,0,0,18,12,0.4604127298659925,0.28982912318028264,0.9746978086863982,0.08726540684858901,584,30,1.0,56,4.035714285714286,1.3928571428571428,24.833333333333332,3309,,,,,,,,,,,,,,,,,,,,,,,,,,,
78,A,nonparticipants_only,,,10,0,10,0,0,0,0.21273201586023235,0.21002569284456518,0.46173671606696337,0.002522541843202888,0,0,0.0,0,0.0,0.0,50.0,0,,,,,,,,,,,,,,,,,,,,,,,,,,,
78,A,step_totals,,,,,,,,,,,,,,,,,,,,,71.60000000000007,10.0,0.13966480446927362,,,0.0,0.0,52.0,0.7262569832402228,0.006547503406961193,0.17307692307692307,0.0,0,9,31,21,20,,26,52,3.600000000000001,0.050279329608938515,6.000000000000003,0.08379888268156421,18,30,22
79,A,all_agents,,,40,30,10,0,18,12,0.3994562539810477,0.23959728705138322,0.9757098963389423,0.07823287665319303,592,30,0.75,56,4.035714285714286,1.3928571428571428,31.075,3359,,,,,,,,,,,,,,,,,,,,,,,,,,,
79,A,participants_only,,,30,30,0,0,18,12,0.4615508622129261,0.29001963015807913,0.9757098963389423,0.08806907765887038,592,30,1.0,56,4.035714285714286,1.3928571428571428,24.766666666666666,3359,,,,,,,,,,,,,,,,,,,,,,,,,,,
79,A,nonparticipants_only,,,10,0,10,0,0,0,0.2131724292854126,0.21042442444036774,0.45942803248662856,0.0024553891785154907,0,0,0.0,0,0.0,0.0,50.0,0,,,,,,,,,,,,,,,,,,,,,,,,,,,
79,A,step_totals,,,,,,,,,,,,,,,,,,,,,72.40000000000006,9.0,0.12430939226519326,,,0.0,0.0,54.0,0.7458563535911595,0.006454446430029528,0.14814814814814814,0.0,0,8,16,23,18,,25,54,3.400000000000001,0.0469613259668508,6.000000000000003,0.08287292817679555,17,30,29
80,A,all_agents,,,40,30,10,0,17,13,0.4003237919007928,0.23876014833823878,0.9766815004853846,0.07881415945572275,601,30,0.75,56,4.035714285714286,1.3928571428571428,31.125,3408,,,,,,,,,,,,,,,,,,,,,,,,,,,
80,A,participants_only,,,30,30,0,0,17,13,0.4625618387299925,0.28856953200728874,0.9766815004853846,0.08879419357519895,601,30,1.0,56,4.035714285714286,1.3928571428571428,24.833333333333332,3408,,,,,,,,,,,,,,,,,,,,,,,,,,,
80,A,nonparticipants_only,,,10,0,10,0,0,0,0.21360965141319357,0.21051072933650605,0.4571308923241954,0.0023911634199302407,0,0,0.0,0,0.0,0.0,50.0,0,,,,,,,,,,,,,,,,,,,,,,,,,,,
80,A,step_totals,,,,,,,,,,,,,,,,,,,,,71.10000000000007,9.5,0.13361462728551324,,,0.0,0.0,52.0,0.7313642756680725,0.006339602218577018,0.17307692307692307,0.0,0,9,30,21,19,,26,52,3.600000000000001,0.05063291139240503,6.000000000000003,0.0843881856540084,18,30,22
80,A,reachability,0.175,0.0,,,,,,,,,,,,,,,,,,,,,,,,,,,,,,,,,,,,,,,,,,,,,
81,A,all_agents,,,40,30,10,0,18,12,0.40122950355771725,0.23838544251076743,0.9776142404659692,0.07944231823328379,605,30,0.75,56,4.035714285714286,1.3928571428571428,31.075,3458,,,,,,,,,,,,,,,,,,,,,,,,,,,
81,A,participants_only,,,30,30,0,0,18,12,0.46362462565514384,0.28883013206078956,0.9776142404659692,0.08957439924378742,605,30,1.0,56,4.035714285714286,1.3928571428571428,24.766666666666666,3458,,,,,,,,,,,,,,,,,,,,,,,,,,,
81,A,nonparticipants_only,,,10,0,10,0,0,0,0.2140441372654376,0.21069773847616552,0.4548452378625744,0.0023282600631397035,0,0,0.0,0,0.0,0.0,50.0,0,,,,,,,,,,,,,,,,,,,,,,,,,,,
81,A,step_totals,,,,,,,,,,,,,,,,,,,,,72.40000000000006,9.0,0.12430939226519326,,,0.0,0.0,54.0,0.7458563535911595,0.006271069416564664,0.07407407407407407,0.0,0,4,16,23,18,,25,54,3.400000000000001,0.0469613259668508,6.000000000000003,0.08287292817679555,17,30,29
82,A,all_agents,,,40,30,10,0,17,13,0.40206940979824435,0.2380391083301457,0.9785096708473304,0.08003023127928115,609,30,0.75,56,4.035714285714286,1.3928571428571428,31.125,3508,,,,,,,,,,,,,,,,,,,,,,,,,,,
82,A,participants_only,,,30,30,0,0,17,13,0.4646005749481654,0.28738598140048566,0.9785096708473304,0.09031083518716926,609,30,1.0,56,4.035714285714286,1.3928571428571428,24.833333333333332,3508,,,,,,,,,,,,,,,,,,,,,,,,,,,
82,A,nonparticipants_only,,,10,0,10,0,0,0,0.21447591434848118,0.21140981035874112,0.4525710116732615,0.002266660175536363,0,0,0.0,0,0.0,0.0,50.0,0,,,,,,,,,,,,,,,,,,,,,,,,,,,
82,A,step_totals,,,,,,,,,,,,,,,,,,,,,70.60000000000007,9.0,0.12747875354107638,,,0.0,0.0,52.0,0.7365439093484413,0.006314055221466716,0.07692307692307693,0.0,0,4,30,22,18,,26,52,3.600000000000001,0.05099150141643056,6.000000000000003,0.08498583569405095,18,30,21
83,A,all_agents,,,40,30,10,0,17,13,0.40292632911269,0.23753761357417308,0.9793692840134373,0.0806725585033301,613,30,0.75,56,4.035714285714286,1.3928571428571428,31.075,3559,,,,,,,,,,,,,,,,,,,,,,,,,,,
83,A,participants_only,,,30,30,0,0,17,13,0.4656000257010422,0.28814176871470165,0.9793692840134373,0.09111629384291409,613,30,1.0,56,4.035714285714286,1.3928571428571428,24.766666666666666,3559,,,,,,,,,,,,,,,,,,,,,,,,,,,
83,A,nonparticipants_only,,,10,0,10,0,0,0,0.21490523934763356,0.2122365155201398,0.4503081566148952,0.002205445555992273,0,0,0.0,0,0.0,0.0,50.0,0,,,,,,,,,,,,,,,,,,,,,,,,,,,
83,A,step_totals,,,,,,,,,,,,,,,,,,,,,71.90000000000006,8.5,0.11821974965229474,,,0.0,0.0,54.0,0.7510431154381079,0.006179966242965919,0.07407407407407407,0.0,0,4,16,23,17,,25,54,3.400000000000001,0.047287899860917915,6.000000000000003,0.08344923504867868,17,30,28
84,A,all_agents,,,40,30,10,0,17,13,0.40370688367706564,0.23705131610122776,0.9801945126528998,0.08121276522121804,622,30,0.75,56,4.035714285714286,1.3928571428571428,31.125,3607,,,,,,,,,,,,,,,,,,,,,,,,,,,
84,A,participants_only,,,30,30,0,0,17,13,0.46649857670962025,0.28670105987112815,0.9801945126528998,0.09179724643499149,622,30,1.0,56,4.035714285714286,1.3928571428571428,24.833333333333332,3607,,,,,,,,,,,,,,,,,,,,,,,,,,,
84,A,nonparticipants_only,,,10,0,10,0,0,0,0.21533180457940182,0.21299271155084082,0.4480566158318207,0.0021457610131628865,0,0,0.0,0,0.0,0.0,50.0,0,,,,,,,,,,,,,,,,,,,,,,,,,,,
84,A,step_totals,,,,,,,,,,,,,,,,,,,,,70.80000000000005,9.0,0.12711864406779652,,,0.0,0.0,52.0,0.7344632768361576,0.006104313019154877,0.17307692307692307,0.0,0,9,30,22,18,,26,52,3.800000000000001,0.05367231638418077,6.000000000000003,0.08474576271186438,19,30,21
85,A,all_agents,,,40,30,10,0,17,13,0.40445358933889713,0.23651954823189994,0.9809867321467838,0.08181645792266314,630,30,0.75,56,4.035714285714286,1.3928571428571428,31.075,3656,,,,,,,,,,,,,,,,,,,,,,,,,,,
85,A,participants_only,,,30,30,0,0,17,13,0.46735298612413156,0.28738170442732347,0.9809867321467838,0.09256713276897881,630,30,1.0,56,4.035714285714286,1.3928571428571428,24.766666666666666,3656,,,,,,,,,,,,,,,,,,,,,,,,,,,
85,A,nonparticipants_only,,,10,0,10,0,0,0,0.21575539898319393,0.2134693345329129,0.4458163327526616,0.0020884239923598617,0,0,0.0,0,0.0,0.0,50.0,0,,,,,,,,,,,,,,,,,,,,,,,,,,,
85,A,step_totals,,,,,,,,,,,,,,,,,,,,,71.90000000000006,8.5,0.11821974965229474,,,0.0,0.0,54.0,0.7510431154381079,0.005819406992256456,0.14814814814814814,0.0,0,8,16,23,17,,25,54,3.400000000000001,0.047287899860917915,6.000000000000003,0.08344923504867868,17,30,28
86,A,all_agents,,,40,30,10,0,17,13,0.40525384772341927,0.23618147855152544,0.9817472628609124,0.08238828207578103,637,30,0.75,56,4.035714285714286,1.3928571428571428,31.125,3707,,,,,,,,,,,,,,,,,,,,,,,,,,,
86,A,participants_only,,,30,30,0,0,17,13,0.46827972276829116,0.28594479590518684,0.9817472628609124,0.09328441891270353,637,30,1.0,56,4.035714285714286,1.3928571428571428,24.833333333333332,3707,,,,,,,,,,,,,,,,,,,,,,,,,,,
86,A,nonparticipants_only,,,10,0,10,0,0,0,0.2161762225888036,0.21362527082059807,0.4435872510888983,0.0020327404629518686,0,0,0.0,0,0.0,0.0,50.0,0,,,,,,,,,,,,,,,,,,,,,,,,,,,
86,A,step_totals,,,,,,,,,,,,,,,,,,,,,70.80000000000005,9.0,0.12711864406779652,,,0.0,0.0,52.0,0.7344632768361576,0.006177830813958775,0.1346153846153846,0.0,0,7,30,22,18,,26,52,3.800000000000001,0.05367231638418077,6.000000000000003,0.08474576271186438,19,30,21
87,A,all_agents,,,40,30,10,0,17,13,0.4060960502031635,0.23642386463548126,0.9824773723464759,0.0830054386147042,646,30,0.75,56,4.035714285714286,1.3928571428571428,31.075,3758,,,,,,,,,,,,,,,,,,,,,,,,,,,
87,A,participants_only,,,30,30,0,0,17,13,0.4692633039486365,0.2854050642901237,0.9824773723464759,0.09405393034950688,646,30,1.0,56,4.035714285714286,1.3928571428571428,24.766666666666666,3758,,,,,,,,,,,,,,,,,,,,,,,,,,,
87,A,nonparticipants_only,,,10,0,10,0,0,0,0.21659428896674476,0.21343387122796464,0.4413693148334538,0.0019787400613566117,0,0,0.0,0,0.0,0.0,50.0,0,,,,,,,,,,,,,,,,,,,,,,,,,,,
87,A,step_totals,,,,,,,,,,,,,,,,,,,,,71.90000000000006,8.5,0.11821974965229474,,,0.0,0.0,54.0,0.7510431154381079,0.006146583368919064,0.16666666666666666,0.0,0,9,16,23,17,,25,54,3.400000000000001,0.047287899860917915,6.000000000000003,0.08344923504867868,17,30,27
88,A,all_agents,,,40,30,10,0,17,13,0.406630088082841,0.23624790839255128,0.9831782774526169,0.08344575291224214,651,30,0.75,56,4.035714285714286,1.3928571428571428,31.125,3801,,,,,,,,,,,,,,,,,,,,,,,,,,,
88,A,participants_only,,,30,30,0,0,17,13,0.4698367469134256,0.283978038968673,0.9831782774526169,0.09463914651717231,651,30,1.0,56,4.035714285714286,1.3928571428571428,24.833333333333332,3801,,,,,,,,,,,,,,,,,,,,,,,,,,,
88,A,nonparticipants_only,,,10,0,10,0,0,0,0.2170101115910872,0.2148644148378348,0.43916246825928656,0.0019245914511406158,0,0,0.0,0,0.0,0.0,50.0,0,,,,,,,,,,,,,,,,,,,,,,,,,,,
88,A,step_totals,,,,,,,,,,,,,,,,,,,,,70.60000000000007,9.0,0.12747875354107638,,,0.0,0.0,52.0,0.7365439093484413,0.005298889130057901,0.09615384615384616,0.0,0,5,30,22,18,,26,52,3.600000000000001,0.05099150141643056,6.000000000000003,0.08498583569405095,18,30,21
89,A,all_agents,,,40,30,10,0,17,13,0.40750094872890574,0.23550031196896293,0.9838511463545122,0.08406115468270493,661,30,0.75,56,4.035714285714286,1.3928571428571428,31.075,3854,,,,,,,,,,,,,,,,,,,,,,,,,,,
89,A,participants_only,,,30,30,0,0,17,13,0.47086016544542775,0.2842070846172558,0.9838511463545122,0.09540006731609343,661,30,1.0,56,4.035714285714286,1.3928571428571428,24.766666666666666,3854,,,,,,,,,,,,,,,,,,,,,,,,,,,
89,A,nonparticipants_only,,,10,0,10,0,0,0,0.21742329857933965,0.21530492697763892,0.4369666559179901,0.0018717326673649665,0,0,0.0,0,0.0,0.0,50.0,0,,,,,,,,,,,,,,,,,,,,,,,,,,,
89,A,step_totals,,,,,,,,,,,,,,,,,,,,,71.90000000000006,8.5,0.11821974965229474,,,0.0,0.0,54.0,0.7510431154381079,0.006246732876214423,0.18518518518518517,0.0,0,10,16,23,17,,25,54,3.400000000000001,0.047287899860917915,6.000000000000003,0.08344923504867868,17,30,27
90,A,all_agents,,,40,30,10,0,17,13,0.4082190973306426,0.2353593367877509,0.9844971005003317,0.08459280474057898,670,30,0.75,56,4.035714285714286,1.3928571428571428,31.125,3904,,,,,,,,,,,,,,,,,,,,,,,,,,,
90,A,participants_only,,,30,30,0,0,17,13,0.471680937632607,0.2827860491941695,0.9844971005003317,0.09607371600005651,670,30,1.0,56,4.035714285714286,1.3928571428571428,24.833333333333332,3904,,,,,,,,,,,,,,,,,,,,,,,,,,,
90,A,nonparticipants_only,,,10,0,10,0,0,0,0.21783357642474915,0.2157068757585274,0.43478182263840015,0.0018212088680018817,0,0,0.0,0,0.0,0.0,50.0,0,,,,,,,,,,,,,,,,,,,,,,,,,,,
90,A,step_totals,,,,,,,,,,,,,,,,,,,,,70.60000000000007,9.0,0.12747875354107638,,,0.0,0.0,52.0,0.7365439093484413,0.00593401907074389,0.17307692307692307,0.0,0,9,30,22,18,,26,52,3.600000000000001,0.05099150141643056,6.000000000000003,0.08498583569405095,18,30,21
90,A,reachability,0.175,0.0,,,,,,,,,,,,,,,,,,,,,,,,,,,,,,,,,,,,,,,,,,,,,
91,A,all_agents,,,40,30,10,0,17,13,0.40893250555145644,0.23483201995206227,0.9851172164803184,0.08515560654166963,675,30,0.75,56,4.035714285714286,1.3928571428571428,31.075,3953,,,,,,,,,,,,,,,,,,,,,,,,,,,
91,A,participants_only,,,30,30,0,0,17,13,0.472496200354041,0.28308142607092734,0.9851172164803184,0.09678898495932155,675,30,1.0,56,4.035714285714286,1.3928571428571428,24.766666666666666,3953,,,,,,,,,,,,,,,,,,,,,,,,,,,
91,A,nonparticipants_only,,,10,0,10,0,0,0,0.21824142114370282,0.2158808365783843,0.43260791352520817,0.0017713517252405432,0,0,0.0,0,0.0,0.0,50.0,0,,,,,,,,,,,,,,,,,,,,,,,,,,,
91,A,step_totals,,,,,,,,,,,,,,,,,,,,,71.90000000000008,8.5,0.11821974965229473,,,0.0,0.0,54.0,0.7510431154381076,0.005728423930422753,0.09259259259259259,0.0,0,5,16,23,17,,25,54,3.400000000000001,0.0472878998609179,6.000000000000003,0.08344923504867867,17,30,27
92,A,all_agents,,,40,30,10,0,17,13,0.40956068039846305,0.2351388044764316,0.9857125278211056,0.08564873351981103,680,30,0.75,56,4.035714285714286,1.3928571428571428,31.125,4002,,,,,,,,,,,,,,,,,,,,,,,,,,,
92,A,participants_only,,,30,30,0,0,17,13,0.47319874614558183,0.28166601894057264,0.9857125278211056,0.0974246080941103,680,30,1.0,56,4.035714285714286,1.3928571428571428,24.833333333333332,4002,,,,,,,,,,,,,,,,,,,,,,,,,,,
92,A,nonparticipants_only,,,10,0,10,0,0,0,0.21864648315710658,0.21603139248181438,0.43044487395758213,0.0017234688524977837,0,0,0.0,0,0.0,0.0,50.0,0,,,,,,,,,,,,,,,,,,,,,,,,,,,
92,A,step_totals,,,,,,,,,,,,,,,,,,,,,70.40000000000006,9.0,0.12784090909090898,,,0.0,0.0,52.0,0.738636363636363,0.005651735768154331,0.09615384615384616,0.0,0,5,30,22,18,,26,52,3.400000000000001,0.048295454545454516,6.000000000000003,0.0852272727272727,17,30,21
93,A,all_agents,,,40,30,10,0,17,13,0.41026751274844014,0.23484037267708952,0.9862840267082614,0.08621818793511977,686,30,0.75,56,4.035714285714286,1.3928571428571428,31.075,4053,,,,,,,,,,,,,,,,,,,,,,,,,,,
93,A,participants_only,,,30,30,0,0,17,13,0.474006933118788,0.2810149348425837,0.9862840267082614,0.09814812144821711,686,30,1.0,56,4.035714285714286,1.3928571428571428,24.766666666666666,4053,,,,,,,,,,,,,,,,,,,,,,,,,,,
93,A,nonparticipants_only,,,10,0,10,0,0,0,0.21904925163739639,0.2158520291087332,0.4282926495877942,0.0016758228860527086,0,0,0.0,0,0.0,0.0,50.0,0,,,,,,,,,,,,,,,,,,,,,,,,,,,
93,A,step_totals,,,,,,,,,,,,,,,,,,,,,71.90000000000006,8.5,0.11821974965229474,,,0.0,0.0,54.0,0.7510431154381079,0.005712488436881297,0.1111111111111111,0.0,0,6,16,23,17,,25,54,3.400000000000001,0.047287899860917915,6.000000000000003,0.08344923504867868,17,30,27
94,A,all_agents,,,40,30,10,0,17,13,0.41098971562331416,0.2341838871883533,0.986832665639931,0.08671487323662344,694,30,0.75,56,4.035714285714286,1.3928571428571428,31.125,4105,,,,,,,,,,,,,,,,,,,,,,,,,,,
94,A,participants_only,,,30,30,0,0,17,13,0.47483635729310397,0.27960986016837075,0.986832665639931,0.09877151105211328,694,30,1.0,56,4.035714285714286,1.3928571428571428,24.833333333333332,4105,,,,,,,,,,,,,,,,,,,,,,,,,,,
94,A,nonparticipants_only,,,10,0,10,0,0,0,0.2194497906139446,0.21725240827486048,0.42615118633985527,0.0016282359600273493,0,0,0.0,0,0.0,0.0,50.0,0,,,,,,,,,,,,,,,,,,,,,,,,,,,
94,A,step_totals,,,,,,,,,,,,,,,,,,,,,70.80000000000008,9.0,0.12711864406779647,,,0.0,0.0,52.0,0.7344632768361573,0.005945980322566741,0.15384615384615385,0.0,0,8,30,22,18,,26,52,3.800000000000001,0.05367231638418075,6.000000000000003,0.08474576271186435,19,30,21
95,A,all_agents,,,40,30,10,0,17,13,0.41153890635514395,0.23526307490122667,0.9873593590143338,0.08720292287150494,701,30,0.75,56,4.035714285714286,1.3928571428571428,31.075,4153,,,,,,,,,,,,,,,,,,,,,,,,,,,
95,A,participants_only,,,30,30,0,0,17,13,0.4754359878069194,0.27882421319975115,0.9873593590143338,0.09941177442420188,701,30,1.0,56,4.035714285714286,1.3928571428571428,24.766666666666666,4153,,,,,,,,,,,,,,,,,,,,,,,,,,,
95,A,nonparticipants_only,,,10,0,10,0,0,0,0.21984766199981762,0.2170354160865326,0.424020430408156,0.0015823239967562304,0,0,0.0,0,0.0,0.0,50.0,0,,,,,,,,,,,,,,,,,,,,,,,,,,,
95,A,step_totals,,,,,,,,,,,,,,,,,,,,,71.90000000000006,8.5,0.11821974965229474,,,0.0,0.0,54.0,0.7510431154381079,0.005194598813825766,0.12962962962962962,0.0,0,7,16,23,17,,24,54,3.400000000000001,0.047287899860917915,6.000000000000003,0.08344923504867868,17,30,26
96,A,all_agents,,,40,30,10,0,17,13,0.4121095261846949,0.23595080053402184,0.9878649846537605,0.08766656391948811,708,30,0.75,56,4.035714285714286,1.3928571428571428,31.125,4203,,,,,,,,,,,,,,,,,,,,,,,,,,,
96,A,participants_only,,,30,30,0,0,17,13,0.47606509848701994,0.2774300921337524,0.9878649846537605,0.10001471983988003,708,30,1.0,56,4.035714285714286,1.3928571428571428,24.833333333333332,4203,,,,,,,,,,,,,,,,,,,,,,,,,,,
96,A,nonparticipants_only,,,10,0,10,0,0,0,0.22024280927771966,0.2177884912049925,0.42190032825611523,0.0015383134160972308,0,0,0.0,0,0.0,0.0,50.0,0,,,,,,,,,,,,,,,,,,,,,,,,,,,
96,A,step_totals,,,,,,,,,,,,,,,,,,,,,71.00000000000004,9.0,0.1267605633802816,,,0.0,0.0,52.0,0.7323943661971827,0.005420933848814374,0.1346153846153846,0.0,0,7,30,22,18,,26,52,4.000000000000001,0.056338028169014065,6.000000000000003,0.08450704225352111,20,30,20
97,A,all_agents,,,40,30,10,0,17,13,0.4127460287172952,0.23587960485854603,0.9883503852676101,0.08823844227494433,719,30,0.75,56,4.035714285714286,1.3928571428571428,31.075,4255,,,,,,,,,,,,,,,,,,,,,,,,,,,
97,A,participants_only,,,30,30,0,0,17,13,0.476782899600423,0.27604294167308363,0.9883503852676101,0.10074983213414461,719,30,1.0,56,4.035714285714286,1.3928571428571428,24.766666666666666,4255,,,,,,,,,,,,,,,,,,,,,,,,,,,
97,A,nonparticipants_only,,,10,0,10,0,0,0,0.22063541606791182,0.21775144265685895,0.41979082661483463,0.001495622707314905,0,0,0.0,0,0.0,0.0,50.0,0,,,,,,,,,,,,,,,,,,,,,,,,,,,
97,A,step_totals,,,,,,,,,,,,,,,,,,,,,71.20000000000005,8.0,0.11235955056179768,,,0.0,0.0,54.0,0.7584269662921344,0.005561250221604691,0.2037037037037037,0.0,0,11,16,24,16,,24,54,3.2000000000000006,0.04494382022471908,6.000000000000003,0.0842696629213483,16,30,25
98,A,all_agents,,,40,30,10,0,17,13,0.41332026994582055,0.23512370565264712,0.9888163698569057,0.08870762768313516,724,30,0.75,56,4.035714285714286,1.3928571428571428,31.125,4306,,,,,,,,,,,,,,,,,,,,,,,,,,,
98,A,participants_only,,,30,30,0,0,17,13,0.47741847609820304,0.2746627269647183,0.9888163698569057,0.10135796780220604,724,30,1.0,56,4.035714285714286,1.3928571428571428,24.833333333333332,4306,,,,,,,,,,,,,,,,,,,,,,,,,,,
98,A,nonparticipants_only,,,10,0,10,0,0,0,0.22102565148867293,0.21780596219262977,0.4176918724817605,0.0014536469424825432,0,0,0.0,0,0.0,0.0,50.0,0,,,,,,,,,,,,,,,,,,,,,,,,,,,
98,A,step_totals,,,,,,,,,,,,,,,,,,,,,70.80000000000007,9.0,0.1271186440677965,,,0.0,0.0,52.0,0.7344632768361575,0.005454797101056894,0.09615384615384616,0.0,0,5,30,22,18,,26,52,3.800000000000001,0.053672316384180754,6.000000000000003,0.08474576271186436,19,30,20
99,A,all_agents,,,40,30,10,0,17,13,0.41398380323565054,0.2345707034506373,0.9892637150626294,0.08927230199701715,731,30,0.75,56,4.035714285714286,1.3928571428571428,31.075,4358,,,,,,,,,,,,,,,,,,,,,,,,,,,
99,A,participants_only,,,30,30,0,0,17,13,0.47817383330463975,0.27328941332989465,0.9892637150626294,0.10207771686453349,731,30,1.0,56,4.035714285714286,1.3928571428571428,24.766666666666666,4358,,,,,,,,,,,,,,,,,,,,,,,,,,,
99,A,nonparticipants_only,,,10,0,10,0,0,0,0.22141371302868293,0.21798556107045058,0.4156034131193517,0.001411737871375326,0,0,0.0,0,0.0,0.0,50.0,0,,,,,,,,,,,,,,,,,,,,,,,,,,,
99,A,step_totals,,,,,,,,,,,,,,,,,,,,,71.00000000000007,8.0,0.11267605633802806,,,0.0,0.0,54.0,0.7605633802816893,0.0056737351179913485,0.12962962962962962,0.0,0,7,16,24,16,,24,54,3.0000000000000004,0.04225352112676053,6.000000000000003,0.08450704225352108,15,30,25
100,A,all_agents,,,40,30,10,0,17,13,0.4143092072972484,0.23494935641092624,0.9896931664601243,0.08959612244250939,736,30,0.75,56,4.035714285714286,1.3928571428571428,31.125,4402,,,,,,,,,,,,,,,,,,,,,,,,,,,
100,A,participants_only,,,30,30,0,0,17,13,0.4784791040892381,0.2719229662632452,0.9896931664601243,0.10253364236456049,736,30,1.0,56,4.035714285714286,1.3928571428571428,24.833333333333332,4402,,,,,,,,,,,,,,,,,,,,,,,,,,,
100,A,nonparticipants_only,,,10,0,10,0,0,0,0.2217995169212794,0.21860348271481694,0.41352539605375493,0.0013702548248208284,0,0,0.0,0,0.0,0.0,50.0,0,,,,,,,,,,,,,,,,,,,,,,,,,,,
100,A,step_totals,,,,,,,,,,,,,,,,,,,,,70.80000000000005,9.0,0.12711864406779652,,,0.0,0.0,52.0,0.7344632768361576,0.004618817764746604,0.09615384615384616,0.0,0,5,30,22,18,,26,52,3.800000000000001,0.05367231638418077,6.000000000000003,0.08474576271186438,19,30,20
100,A,reachability,0.2,0.0,,,,,,,,,,,,,,,,,,,,,,,,,,,,,,,,,,,,,,,,,,,,,
101,A,all_agents,,,40,30,10,0,17,13,0.4147583626514094,0.23460186820491755,0.9901054398017193,0.0900731001391504,747,30,0.75,56,4.035714285714286,1.3928571428571428,31.075,4450,,,,,,,,,,,,,,,,,,,,,,,,,,,
101,A,participants_only,,,30,30,0,0,17,13,0.4789501755940258,0.270563351431929,0.9901054398017193,0.10317187376648262,747,30,1.0,56,4.035714285714286,1.3928571428571428,24.766666666666666,4450,,,,,,,,,,,,,,,,,,,,,,,,,,,
101,A,nonparticipants_only,,,10,0,10,0,0,0,0.22218292382356017,0.2192993712636802,0.41145776907348613,0.001329713070835446,0,0,0.0,0,0.0,0.0,50.0,0,,,,,,,,,,,,,,,,,,,,,,,,,,,
101,A,step_totals,,,,,,,,,,,,,,,,,,,,,71.00000000000007,8.0,0.11267605633802806,,,0.0,0.0,54.0,0.7605633802816893,0.004950389856661036,0.2037037037037037,0.0,0,11,16,24,16,,24,54,3.0000000000000004,0.04225352112676053,6.000000000000003,0.08450704225352108,15,30,25
102,A,all_agents,,,40,30,10,0,17,13,0.41522701001982265,0.23580745271412074,0.9905012222096505,0.09049173679003293,759,30,0.75,56,4.035714285714286,1.3928571428571428,31.125,4500,,,,,,,,,,,,,,,,,,,,,,,,,,,
102,A,participants_only,,,30,30,0,0,17,13,0.47944821365667445,0.2692105346747693,0.9905012222096505,0.10372750687516728,759,30,1.0,56,4.035714285714286,1.3928571428571428,24.833333333333332,4500,,,,,,,,,,,,,,,,,,,,,,,,,,,
102,A,nonparticipants_only,,,10,0,10,0,0,0,0.2225633991092672,0.22005096621577808,0.4094004802281187,0.001292070575838015,0,0,0.0,0,0.0,0.0,50.0,0,,,,,,,,,,,,,,,,,,,,,,,,,,,
102,A,step_totals,,,,,,,,,,,,,,,,,,,,,71.00000000000007,9.0,0.12676056338028158,,,0.0,0.0,52.0,0.7323943661971823,0.005093371932533856,0.23076923076923078,0.0,0,12,30,22,18,,26,52,4.000000000000001,0.05633802816901404,6.000000000000003,0.08450704225352108,20,30,20
103,A,all_agents,,,40,30,10,0,17,13,0.4157684054810581,0.236285193054207,0.9908811733212645,0.09102077872434557,771,30,0.75,56,4.035714285714286,1.3928571428571428,31.075,4552,,,,,,,,,,,,,,,,,,,,,,,,,,,
103,A,participants_only,,,30,30,0,0,17,13,0.48004394927151905,0.26786448200139545,0.9908811733212645,0.10441752613961591,771,30,1.0,56,4.035714285714286,1.3928571428571428,24.766666666666666,4552,,,,,,,,,,,,,,,,,,,,,,,,,,,
103,A,nonparticipants_only,,,10,0,10,0,0,0,0.22294177410967514,0.22001519598090963,0.4073534778269781,0.0012543901238209363,0,0,0.0,0,0.0,0.0,50.0,0,,,,,,,,,,,,,,,,,,,,,,,,,,,
103,A,step_totals,,,,,,,,,,,,,,,,,,,,,71.00000000000006,8.0,0.11267605633802807,,,0.0,0.0,54.0,0.7605633802816896,0.005265922329171352,0.2222222222222222,0.0,0,12,16,24,16,,24,54,3.0000000000000004,0.042253521126760535,6.000000000000003,0.0845070422535211,15,30,25
104,A,all_agents,,,40,30,10,0,17,13,0.4162243841846466,0.23658334448541915,0.9912459263884139,0.09141899686818893,777,30,0.75,56,4.035714285714286,1.3928571428571428,31.125,4601,,,,,,,,,,,,,,,,,,,,,,,,,,,
104,A,participants_only,,,30,30,0,0,17,13,0.48052657490744455,0.26694481712793705,0.9912459263884139,0.10494705882351026,777,30,1.0,56,4.035714285714286,1.3928571428571428,24.833333333333332,4601,,,,,,,,,,,,,,,,,,,,,,,,,,,
104,A,nonparticipants_only,,,10,0,10,0,0,0,0.22331781201625284,0.22006783438909805,0.40531671043784323,0.0012175502212119747,0,0,0.0,0,0.0,0.0,50.0,0,,,,,,,,,,,,,,,,,,,,,,,,,,,
104,A,step_totals,,,,,,,,,,,,,,,,,,,,,70.80000000000007,9.0,0.1271186440677965,,,0.0,0.0,52.0,0.7344632768361575,0.0050697838374833696,0.11538461538461539,0.0,0,6,30,22,18,,26,52,3.800000000000001,0.053672316384180754,6.000000000000003,0.08474576271186436,19,30,20
105,A,all_agents,,,40,30,10,0,17,13,0.4166934688972244,0.23575150383567012,0.9915960893328774,0.09188399799983996,780,30,0.75,56,4.035714285714286,1.3928571428571428,31.075,4651,,,,,,,,,,,,,,,,,,,,,,,,,,,
105,A,participants_only,,,30,30,0,0,17,13,0.4810274273935066,0.2656100930422973,0.9915960893328774,0.10556278839068237,780,30,1.0,56,4.035714285714286,1.3928571428571428,24.766666666666666,4651,,,,,,,,,,,,,,,,,,,,,,,,,,,
105,A,nonparticipants_only,,,10,0,10,0,0,0,0.22369159340837774,0.22024123643493837,0.403290126885654,0.0011813282376963669,0,0,0.0,0,0.0,0.0,50.0,0,,,,,,,,,,,,,,,,,,,,,,,,,,,
105,A,step_totals,,,,,,,,,,,,,,,,,,,,,71.00000000000007,8.0,0.11267605633802806,,,0.0,0.0,54.0,0.7605633802816893,0.005025073553096375,0.05555555555555555,0.0,0,3,16,24,16,,24,54,3.0000000000000004,0.04225352112676053,6.000000000000003,0.08450704225352108,15,30,25
106,A,all_agents,,,40,30,10,0,17,13,0.4171234140657173,0.23566886396275355,0.9919322457595623,0.09223276097291994,791,30,0.75,56,4.035714285714286,1.3928571428571428,31.125,4700,,,,,,,,,,,,,,,,,,,,,,,,,,,
106,A,participants_only,,,30,30,0,0,17,13,0.48147676264501427,0.26438619189212786,0.9919322457595623,0.10602997875390764,791,30,1.0,56,4.035714285714286,1.3928571428571428,24.833333333333332,4700,,,,,,,,,,,,,,,,,,,,,,,,,,,
106,A,nonparticipants_only,,,10,0,10,0,0,0,0.2240633683278264,0.22083783747500174,0.40127367625122573,0.0011448659495347324,0,0,0.0,0,0.0,0.0,50.0,0,,,,,,,,,,,,,,,,,,,,,,,,,,,
106,A,step_totals,,,,,,,,,,,,,,,,,,,,,70.80000000000007,9.0,0.1271186440677965,,,0.0,0.0,52.0,0.7344632768361575,0.004985900153909973,0.21153846153846154,0.0,0,11,30,22,18,,26,52,3.800000000000001,0.053672316384180754,6.000000000000003,0.08474576271186436,19,30,20
107,A,all_agents,,,40,30,10,0,17,13,0.4175795145055247,0.2355101307271984,0.9922549559291798,0.09271491463066808,800,30,0.75,56,4.035714285714286,1.3928571428571428,31.075,4752,,,,,,,,,,,,,,,,,,,,,,,,,,,
107,A,participants_only,,,30,30,0,0,17,13,0.48196181107238034,0.2630642609326672,0.9922549559291798,0.10666955719345153,800,30,1.0,56,4.035714285714286,1.3928571428571428,24.766666666666666,4752,,,,,,,,,,,,,,,,,,,,,,,,,,,
107,A,nonparticipants_only,,,10,0,10,0,0,0,0.22443262480495774,0.22148521153268086,0.3992673078699696,0.0011100256076470865,0,0,0.0,0,0.0,0.0,50.0,0,,,,,,,,,,,,,,,,,,,,,,,,,,,
107,A,step_totals,,,,,,,,,,,,,,,,,,,,,71.00000000000006,8.0,0.11267605633802807,,,0.0,0.0,54.0,0.7605633802816896,0.004984742525061795,0.16666666666666666,0.0,0,9,15,24,16,,24,54,3.0000000000000004,0.042253521126760535,6.000000000000003,0.0845070422535211,15,30,25
108,A,all_agents,,,40,30,10,0,17,13,0.417972180031476,0.23534276429410117,0.9925647576920126,0.09308928296208543,808,30,0.75,56,4.035714285714286,1.3928571428571428,31.125,4802,,,,,,,,,,,,,,,,,,,,,,,,,,,
108,A,participants_only,,,30,30,0,0,17,13,0.4823631103774993,0.2637654786193124,0.9925647576920126,0.10717536634748515,808,30,1.0,56,4.035714285714286,1.3928571428571428,24.833333333333332,4802,,,,,,,,,,,,,,,,,,,,,,,,,,,
108,A,nonparticipants_only,,,10,0,10,0,0,0,0.2247993889934062,0.2222353773896838,0.3972709713306198,0.0010767298759692193,0,0,0.0,0,0.0,0.0,50.0,0,,,,,,,,,,,,,,,,,,,,,,,,,,,
108,A,step_totals,,,,,,,,,,,,,,,,,,,,,70.80000000000007,9.0,0.1271186440677965,,,0.0,0.0,52.0,0.7344632768361575,0.004863487568080473,0.15384615384615385,0.0,0,8,30,22,18,,26,52,3.800000000000001,0.053672316384180754,6.000000000000003,0.08474576271186436,19,30,20
109,A,all_agents,,,40,30,10,0,17,13,0.4184283751671698,0.23638716533475312,0.9928621673843321,0.09355158649773852,818,30,0.75,56,4.035714285714286,1.3928571428571428,31.075,4853,,,,,,,,,,,,,,,,,,,,,,,,,,,
109,A,participants_only,,,30,30,0,0,17,13,0.48284976892969683,0.26256633244506644,0.9928621673843321,0.10778727343819561,818,30,1.0,56,4.035714285714286,1.3928571428571428,24.766666666666666,4853,,,,,,,,,,,,,,,,,,,,,,,,,,,
109,A,nonparticipants_only,,,10,0,10,0,0,0,0.2251641938795887,0.22220084136149898,0.3952846164739667,0.0010431339846885908,0,0,0.0,0,0.0,0.0,50.0,0,,,,,,,,,,,,,,,,,,,,,,,,,,,
109,A,step_totals,,,,,,,,,,,,,,,,,,,,,71.00000000000006,8.0,0.11267605633802807,,,0.0,0.0,54.0,0.7605633802816896,0.004987837270419454,0.18518518518518517,0.0,0,10,15,24,16,,24,54,3.0000000000000004,0.042253521126760535,6.000000000000003,0.0845070422535211,15,30,25
110,A,all_agents,,,40,30,10,0,17,13,0.41891444513167425,0.23700361763428118,0.9931476806889588,0.09393435462067401,824,30,0.75,56,4.035714285714286,1.3928571428571428,31.125,4904,,,,,,,,,,,,,,,,,,,,,,,,,,,
110,A,participants_only,,,30,30,0,0,17,13,0.48337706549518517,0.2635141336820581,0.9931476806889588,0.10828711923026435,824,30,1.0,56,4.035714285714286,1.3928571428571428,24.833333333333332,4904,,,,,,,,,,,,,,,,,,,,,,,,,,,
110,A,nonparticipants_only,,,10,0,10,0,0,0,0.22552658404114143,0.22225166354803155,0.39330819339159684,0.0010109077023413872,0,0,0.0,0,0.0,0.0,50.0,0,,,,,,,,,,,,,,,,,,,,,,,,,,,
110,A,step_totals,,,,,,,,,,,,,,,,,,,,,70.80000000000005,9.0,0.12711864406779652,,,0.0,0.0,52.0,0.7344632768361576,0.005184558780694393,0.11538461538461539,0.0,0,6,30,22,18,,26,52,3.800000000000001,0.05367231638418077,6.000000000000003,0.08474576271186438,19,30,20
110,A,reachability,0.225,0.0,,,,,,,,,,,,,,,,,,,,,,,,,,,,,,,,,,,,,,,,,,,,,
111,A,all_agents,,,40,30,10,0,17,13,0.4193396497220394,0.23685907585452134,0.9934217734614004,0.09438302069659214,833,30,0.75,56,4.035714285714286,1.3928571428571428,31.075,4956,,,,,,,,,,,,,,,,,,,,,,,,,,,
111,A,participants_only,,,30,30,0,0,17,13,0.48382391516034734,0.26223442847399303,0.9934217734614004,0.10888479675518004,833,30,1.0,56,4.035714285714286,1.3928571428571428,24.766666666666666,4956,,,,,,,,,,,,,,,,,,,,,,,,,,,
111,A,nonparticipants_only,,,10,0,10,0,0,0,0.22588685340711534,0.22241908257573612,0.39134165242463886,0.0009790466514104808,0,0,0.0,0,0.0,0.0,50.0,0,,,,,,,,,,,,,,,,,,,,,,,,,,,
111,A,step_totals,,,,,,,,,,,,,,,,,,,,,71.00000000000006,8.0,0.11267605633802807,,,0.0,0.0,54.0,0.7605633802816896,0.004887833940029405,0.16666666666666666,0.0,0,9,15,24,16,,24,54,3.0000000000000004,0.042253521126760535,6.000000000000003,0.0845070422535211,15,30,25
112,A,all_agents,,,40,30,10,0,17,13,0.41967615424605414,0.23630523245604215,0.9936849025229444,0.09470936565470309,839,30,0.75,56,4.035714285714286,1.3928571428571428,31.125,5005,,,,,,,,,,,,,,,,,,,,,,,,,,,
112,A,participants_only,,,30,30,0,0,17,13,0.48415320976918574,0.26166252399186374,0.9936849025229444,0.10933410961750463,839,30,1.0,56,4.035714285714286,1.3928571428571428,24.833333333333332,5005,,,,,,,,,,,,,,,,,,,,,,,,,,,
112,A,nonparticipants_only,,,10,0,10,0,0,0,0.22624498767665938,0.22299509865196485,0.3893849441625157,0.0009476454991025191,0,0,0.0,0,0.0,0.0,50.0,0,,,,,,,,,,,,,,,,,,,,,,,,,,,
112,A,step_totals,,,,,,,,,,,,,,,,,,,,,70.80000000000007,9.0,0.1271186440677965,,,0.0,0.0,52.0,0.7344632768361575,0.004680903067776432,0.11538461538461539,0.0,0,6,30,22,18,,27,52,3.800000000000001,0.053672316384180754,6.000000000000003,0.08474576271186436,19,30,20
113,A,all_agents,,,40,30,10,0,17,13,0.420089423156657,0.23560318500267818,0.9939375064220266,0.09517295953621373,847,30,0.75,56,4.035714285714286,1.3928571428571428,31.075,5058,,,,,,,,,,,,,,,,,,,,,,,,,,,
113,A,participants_only,,,30,30,0,0,17,13,0.4845855857904983,0.2607720894631792,0.9939375064220266,0.10995262634196667,847,30,1.0,56,4.035714285714286,1.3928571428571428,24.766666666666666,5058,,,,,,,,,,,,,,,,,,,,,,,,,,,
113,A,nonparticipants_only,,,10,0,10,0,0,0,0.22660093525513292,0.22359563214957867,0.3874380194417031,0.0009168991850638924,0,0,0.0,0,0.0,0.0,50.0,0,,,,,,,,,,,,,,,,,,,,,,,,,,,
113,A,step_totals,,,,,,,,,,,,,,,,,,,,,71.00000000000006,8.0,0.11267605633802807,,,0.0,0.0,54.0,0.7605633802816896,0.00484967760685063,0.14814814814814814,0.0,0,8,15,24,16,,24,54,3.0000000000000004,0.042253521126760535,6.000000000000003,0.0845070422535211,15,30,25
114,A,all_agents,,,40,30,10,0,17,13,0.42046119634613915,0.23604844106912803,0.9941800061651456,0.09552696192869294,853,30,0.75,56,4.035714285714286,1.3928571428571428,31.125,5109,,,,,,,,,,,,,,,,,,,,,,,,,,,
114,A,participants_only,,,30,30,0,0,17,13,0.48496341411723265,0.2601226469470559,0.9941800061651456,0.11043134212450205,853,30,1.0,56,4.035714285714286,1.3928571428571428,24.833333333333332,5109,,,,,,,,,,,,,,,,,,,,,,,,,,,
114,A,nonparticipants_only,,,10,0,10,0,0,0,0.22695454303285853,0.22434441822060425,0.3855008293444946,0.0008873881725906641,0,0,0.0,0,0.0,0.0,50.0,0,,,,,,,,,,,,,,,,,,,,,,,,,,,
114,A,step_totals,,,,,,,,,,,,,,,,,,,,,70.80000000000005,9.0,0.12711864406779652,,,0.0,0.0,52.0,0.7344632768361576,0.004804220065192262,0.11538461538461539,0.0,0,6,30,22,18,,26,52,3.800000000000001,0.05367231638418077,6.000000000000003,0.08474576271186438,19,30,19
115,A,all_agents,,,40,30,10,0,17,13,0.420850400323439,0.23544168396702536,0.9944128059185398,0.09597737406258598,859,30,0.75,56,4.035714285714286,1.3928571428571428,31.075,5162,,,,,,,,,,,,,,,,,,,,,,,,,,,
115,A,participants_only,,,30,30,0,0,17,13,0.48536516524919154,0.26037778807629985,0.9944128059185398,0.11103516955515712,859,30,1.0,56,4.035714285714286,1.3928571428571428,24.766666666666666,5162,,,,,,,,,,,,,,,,,,,,,,,,,,,
115,A,nonparticipants_only,,,10,0,10,0,0,0,0.22730610554618141,0.22431107381436344,0.3835733251977721,0.0008581288637712851,0,0,0.0,0,0.0,0.0,50.0,0,,,,,,,,,,,,,,,,,,,,,,,,,,,
115,A,step_totals,,,,,,,,,,,,,,,,,,,,,71.00000000000007,8.0,0.11267605633802806,,,0.0,0.0,54.0,0.7605633802816893,0.004771133973753394,0.1111111111111111,0.0,0,6,15,24,16,,24,54,3.0000000000000004,0.04225352112676053,6.000000000000003,0.08450704225352108,15,30,25
116,A,all_agents,,,40,30,10,0,17,13,0.42126647085496577,0.23543037463510316,0.9946362936817982,0.09632625036190327,868,30,0.75,56,4.035714285714286,1.3928571428571428,31.125,5214,,,,,,,,,,,,,,,,,,,,,,,,,,,
116,A,participants_only,,,30,30,0,0,17,13,0.48580349687070973,0.26023103971460504,0.9946362936817982,0.1114982335823055,868,30,1.0,56,4.035714285714286,1.3928571428571428,24.833333333333332,5214,,,,,,,,,,,,,,,,,,,,,,,,,,,
116,A,nonparticipants_only,,,10,0,10,0,0,0,0.22765539280773409,0.22436014244566982,0.38165545857178323,0.0008299679772149396,0,0,0.0,0,0.0,0.0,50.0,0,,,,,,,,,,,,,,,,,,,,,,,,,,,
116,A,step_totals,,,,,,,,,,,,,,,,,,,,,70.80000000000007,9.0,0.1271186440677965,,,0.0,0.0,52.0,0.7344632768361575,0.0049579114486203385,0.17307692307692307,0.0,0,9,30,22,18,,26,52,3.800000000000001,0.053672316384180754,6.000000000000003,0.08474576271186436,19,30,19
117,A,all_agents,,,40,30,10,0,17,13,0.4216553957657112,0.2367568478971609,0.9948508419345262,0.09675819600034297,876,30,0.75,56,4.035714285714286,1.3928571428571428,31.075,5266,,,,,,,,,,,,,,,,,,,,,,,,,,,
117,A,participants_only,,,30,30,0,0,17,13,0.48620638086358886,0.260928207981427,0.9948508419345262,0.11207599973545244,876,30,1.0,56,4.035714285714286,1.3928571428571428,24.766666666666666,5266,,,,,,,,,,,,,,,,,,,,,,,,,,,
117,A,nonparticipants_only,,,10,0,10,0,0,0,0.2280024404720782,0.22452178489170738,0.3797471812789243,0.0008028286697374213,0,0,0.0,0,0.0,0.0,50.0,0,,,,,,,,,,,,,,,,,,,,,,,,,,,
117,A,step_totals,,,,,,,,,,,,,,,,,,,,,71.00000000000006,8.0,0.11267605633802807,,,0.0,0.0,54.0,0.7605633802816896,0.004773529013448579,0.14814814814814814,0.0,0,8,14,24,16,,23,54,3.0000000000000004,0.042253521126760535,6.000000000000003,0.0845070422535211,15,30,25
118,A,all_agents,,,40,30,10,0,17,13,0.42198526383196605,0.23643077402340684,0.9950568082571452,0.09705431052350247,881,30,0.75,56,4.035714285714286,1.3928571428571428,31.125,5315,,,,,,,,,,,,,,,,,,,,,,,,,,,
118,A,participants_only,,,30,30,0,0,17,13,0.48653113033774176,0.26175980093130524,0.9950568082571452,0.11248265387251297,881,30,1.0,56,4.035714285714286,1.3928571428571428,24.833333333333332,5315,,,,,,,,,,,,,,,,,,,,,,,,,,,
118,A,nonparticipants_only,,,10,0,10,0,0,0,0.2283476643146389,0.2250779262622264,0.3778484453725297,0.0007752538806939575,0,0,0.0,0,0.0,0.0,50.0,0,,,,,,,,,,,,,,,,,,,,,,,,,,,
118,A,step_totals,,,,,,,,,,,,,,,,,,,,,70.60000000000007,9.0,0.12747875354107638,,,0.0,0.0,52.0,0.7365439093484413,0.0046824533327967195,0.09615384615384616,0.0,0,5,29,22,18,,26,52,3.600000000000001,0.05099150141643056,6.000000000000003,0.08498583569405095,18,30,19
119,A,all_agents,,,40,30,10,0,17,13,0.42228202892547817,0.23651977222602766,0.9952545359268593,0.0974412615541794,889,30,0.75,56,4.035714285714286,1.3928571428571428,31.075,5365,,,,,,,,,,,,,,,,,,,,,,,,,,,
119,A,participants_only,,,30,30,0,0,17,13,0.48681242475104664,0.2605370712115753,0.9952545359268593,0.11301563904126698,889,30,1.0,56,4.035714285714286,1.3928571428571428,24.766666666666666,5365,,,,,,,,,,,,,,,,,,,,,,,,,,,
119,A,nonparticipants_only,,,10,0,10,0,0,0,0.22869084144877289,0.22563323537401903,0.37595920314566705,0.0007480652680622114,0,0,0.0,0,0.0,0.0,50.0,0,,,,,,,,,,,,,,,,,,,,,,,,,,,
119,A,step_totals,,,,,,,,,,,,,,,,,,,,,71.00000000000006,8.0,0.11267605633802807,,,0.0,0.0,54.0,0.7605633802816896,0.004465107806388566,0.14814814814814814,0.0,0,8,14,24,16,,23,54,3.0000000000000004,0.042253521126760535,6.000000000000003,0.0845070422535211,15,30,25
120,A,all_agents,,,40,30,10,0,17,13,0.4226529586051578,0.2359029200003489,0.995444354489785,0.09777049019593313,894,30,0.75,56,4.035714285714286,1.3928571428571428,31.125,5416,,,,,,,,,,,,,,,,,,,,,,,,,,,
120,A,participants_only,,,30,30,0,0,17,13,0.48719340796928556,0.2598667737662286,0.995444354489785,0.11345791117500909,894,30,1.0,56,4.035714285714286,1.3928571428571428,24.833333333333332,5416,,,,,,,,,,,,,,,,,,,,,,,,,,,
120,A,nonparticipants_only,,,10,0,10,0,0,0,0.2290316105127744,0.22638068926683613,0.3740794071299387,0.0007225920092227998,0,0,0.0,0,0.0,0.0,50.0,0,,,,,,,,,,,,,,,,,,,,,,,,,,,
120,A,step_totals,,,,,,,,,,,,,,,,,,,,,70.60000000000007,9.0,0.12747875354107638,,,0.0,0.0,52.0,0.7365439093484413,0.00482354718864231,0.09615384615384616,0.0,0,5,29,22,18,,26,52,3.600000000000001,0.05099150141643056,6.000000000000003,0.08498583569405095,18,30,19
120,A,reachability,0.225,0.0,,,,,,,,,,,,,,,,,,,,,,,,,,,,,,,,,,,,,,,,,,,,,
121,A,all_agents,,,40,30,10,0,17,13,0.4229277081131762,0.23656626074832954,0.9956265803101936,0.09814540144577878,903,30,0.75,56,4.035714285714286,1.3928571428571428,31.075,5467,,,,,,,,,,,,,,,,,,,,,,,,,,,
121,A,participants_only,,,30,30,0,0,17,13,0.4874467910232672,0.2591392718890754,0.9956265803101936,0.11397730469916484,903,30,1.0,56,4.035714285714286,1.3928571428571428,24.766666666666666,5467,,,,,,,,,,,,,,,,,,,,,,,,,,,
121,A,nonparticipants_only,,,10,0,10,0,0,0,0.22937045938290326,0.22634849536713236,0.37220901009428903,0.0006971469709103282,0,0,0.0,0,0.0,0.0,50.0,0,,,,,,,,,,,,,,,,,,,,,,,,,,,
121,A,step_totals,,,,,,,,,,,,,,,,,,,,,71.00000000000006,8.0,0.11267605633802807,,,0.0,0.0,54.0,0.7605633802816896,0.0043936495686719545,0.16666666666666666,0.0,0,9,14,24,16,,23,54,3.0000000000000004,0.042253521126760535,6.000000000000003,0.0845070422535211,15,30,25
122,A,all_agents,,,40,30,10,0,17,13,0.4231762004710146,0.23641180085921853,0.9958015170977859,0.09842978007940444,908,30,0.75,56,4.035714285714286,1.3928571428571428,31.125,5515,,,,,,,,,,,,,,,,,,,,,,,,,,,
122,A,participants_only,,,30,30,0,0,17,13,0.4876659588840341,0.2585179959699403,0.9958015170977859,0.1143795211937594,908,30,1.0,56,4.035714285714286,1.3928571428571428,24.833333333333332,5515,,,,,,,,,,,,,,,,,,,,,,,,,,,
122,A,nonparticipants_only,,,10,0,10,0,0,0,0.2297069252319563,0.22639587094741628,0.37034796504381756,0.0006734094543042146,0,0,0.0,0,0.0,0.0,50.0,0,,,,,,,,,,,,,,,,,,,,,,,,,,,
122,A,step_totals,,,,,,,,,,,,,,,,,,,,,70.60000000000007,9.0,0.12747875354107638,,,0.0,0.0,52.0,0.7365439093484413,0.00440901352859712,0.09615384615384616,0.0,0,5,29,22,18,,26,52,3.600000000000001,0.05099150141643056,6.000000000000003,0.08498583569405095,18,30,19
123,A,all_agents,,,40,30,10,0,17,13,0.42350339654918295,0.2366693384827967,0.9959694564138745,0.09882842973834648,914,30,0.75,56,4.035714285714286,1.3928571428571428,31.075,5567,,,,,,,,,,,,,,,,,,,,,,,,,,,
123,A,participants_only,,,30,30,0,0,17,13,0.48799070895588303,0.25868774719527865,0.9959694564138745,0.11492018338309806,914,30,1.0,56,4.035714285714286,1.3928571428571428,24.766666666666666,5567,,,,,,,,,,,,,,,,,,,,,,,,,,,
123,A,nonparticipants_only,,,10,0,10,0,0,0,0.23004145932908265,0.22660826297487852,0.3684962252185985,0.0006498072668196422,0,0,0.0,0,0.0,0.0,50.0,0,,,,,,,,,,,,,,,,,,,,,,,,,,,
123,A,step_totals,,,,,,,,,,,,,,,,,,,,,71.00000000000006,8.0,0.11267605633802807,,,0.0,0.0,54.0,0.7605633802816896,0.004571886746912905,0.1111111111111111,0.0,0,6,14,24,16,,23,54,3.0000000000000004,0.042253521126760535,6.000000000000003,0.0845070422535211,15,30,25
124,A,all_agents,,,40,30,10,0,17,13,0.423782006517275,0.23731561786141248,0.9961306781573195,0.0990983634274874,924,30,0.75,56,4.035714285714286,1.3928571428571428,31.125,5617,,,,,,,,,,,,,,,,,,,,,,,,,,,
124,A,participants_only,,,30,30,0,0,17,13,0.4882512436351747,0.25862160487042357,0.9961306781573195,0.11529750507938753,924,30,1.0,56,4.035714285714286,1.3928571428571428,24.833333333333332,5617,,,,,,,,,,,,,,,,,,,,,,,,,,,
124,A,nonparticipants_only,,,10,0,10,0,0,0,0.23037429516357594,0.22708888854180304,0.3666537440925055,0.0006255480570193148,0,0,0.0,0,0.0,0.0,50.0,0,,,,,,,,,,,,,,,,,,,,,,,,,,,
124,A,step_totals,,,,,,,,,,,,,,,,,,,,,70.60000000000007,9.0,0.12747875354107638,,,0.0,0.0,52.0,0.7365439093484413,0.004514399392513436,0.19230769230769232,0.0,0,10,29,22,18,,26,52,3.600000000000001,0.05099150141643056,6.000000000000003,0.08498583569405095,18,30,19
125,A,all_agents,,,40,30,10,0,17,13,0.4240764669376497,0.2369829080089655,0.9962854510310267,0.09947100669350295,932,30,0.75,56,4.035714285714286,1.3928571428571428,31.075,5667,,,,,,,,,,,,,,,,,,,,,,,,,,,
125,A,participants_only,,,30,30,0,0,17,13,0.4885336191381951,0.2593623814196564,0.9962854510310267,0.11580838813260276,932,30,1.0,56,4.035714285714286,1.3928571428571428,24.766666666666666,5667,,,,,,,,,,,,,,,,,,,,,,,,,,,
125,A,nonparticipants_only,,,10,0,10,0,0,0,0.23070501033601365,0.22760053367797167,0.364820475372043,0.0006021687385523143,0,0,0.0,0,0.0,0.0,50.0,0,,,,,,,,,,,,,,,,,,,,,,,,,,,
125,A,step_totals,,,,,,,,,,,,,,,,,,,,,71.00000000000004,8.0,0.1126760563380281,,,0.0,0.0,54.0,0.7605633802816897,0.004462969358269101,0.14814814814814814,0.0,0,8,14,24,16,,23,54,3.0000000000000004,0.04225352112676054,6.000000000000003,0.08450704225352111,15,30,25
126,A,all_agents,,,40,30,10,0,17,13,0.42433464747362687,0.23680990286199913,0.9964340329897856,0.09975579608241746,942,30,0.75,56,4.035714285714286,1.3928571428571428,31.125,5717,,,,,,,,,,,,,,,,,,,,,,,,,,,
126,A,participants_only,,,30,30,0,0,17,13,0.48876837882442603,0.2600828948840015,0.9964340329897856,0.11620749286018463,942,30,1.0,56,4.035714285714286,1.3928571428571428,24.833333333333332,5717,,,,,,,,,,,,,,,,,,,,,,,,,,,
126,A,nonparticipants_only,,,10,0,10,0,0,0,0.2310334534212295,0.2283467013577034,0.3629963729951828,0.0005802369196725015,0,0,0.0,0,0.0,0.0,50.0,0,,,,,,,,,,,,,,,,,,,,,,,,,,,
126,A,step_totals,,,,,,,,,,,,,,,,,,,,,70.60000000000007,9.0,0.12747875354107638,,,0.0,0.0,52.0,0.7365439093484413,0.004447011138349467,0.19230769230769232,0.0,0,10,29,22,18,,26,52,3.600000000000001,0.05099150141643056,6.000000000000003,0.08498583569405095,18,30,19
127,A,all_agents,,,40,30,10,0,17,13,0.42460954233480863,0.23646784753131303,0.9965766716701941,0.10013808809881501,955,30,0.75,56,4.035714285714286,1.3928571428571428,31.075,5770,,,,,,,,,,,,,,,,,,,,,,,,,,,
127,A,participants_only,,,30,30,0,0,17,13,0.48902610250438266,0.2589146260645177,0.9965766716701941,0.11673315790531624,955,30,1.0,56,4.035714285714286,1.3928571428571428,24.766666666666666,5770,,,,,,,,,,,,,,,,,,,,,,,,,,,
127,A,nonparticipants_only,,,10,0,10,0,0,0,0.2313598618260868,0.2286010954570068,0.36118139113020686,0.0005589599903472553,0,0,0.0,0,0.0,0.0,50.0,0,,,,,,,,,,,,,,,,,,,,,,,,,,,
127,A,step_totals,,,,,,,,,,,,,,,,,,,,,71.00000000000006,8.0,0.11267605633802807,,,0.0,0.0,54.0,0.7605633802816896,0.004398449474599965,0.24074074074074073,0.0,0,13,14,24,16,,23,54,3.0000000000000004,0.042253521126760535,6.000000000000003,0.0845070422535211,15,30,25
128,A,all_agents,,,40,30,10,0,17,13,0.4248513941028713,0.23634100172779923,0.9967136048033863,0.10041266025965517,965,30,0.75,56,4.035714285714286,1.3928571428571428,31.125,5820,,,,,,,,,,,,,,,,,,,,,,,,,,,
128,A,participants_only,,,30,30,0,0,17,13,0.4892404610781213,0.2581502781860586,0.9967136048033863,0.11712023644109694,965,30,1.0,56,4.035714285714286,1.3928571428571428,24.833333333333332,5820,,,,,,,,,,,,,,,,,,,,,,,,,,,
128,A,nonparticipants_only,,,10,0,10,0,0,0,0.23168419317712136,0.22882156786217955,0.35937548417455584,0.0005385083640111446,0,0,0.0,0,0.0,0.0,50.0,0,,,,,,,,,,,,,,,,,,,,,,,,,,,
128,A,step_totals,,,,,,,,,,,,,,,,,,,,,70.60000000000007,9.0,0.12747875354107638,,,0.0,0.0,52.0,0.7365439093484413,0.00439301057778254,0.19230769230769232,0.0,0,10,29,22,18,,26,52,3.600000000000001,0.05099150141643056,6.000000000000003,0.08498583569405095,18,30,19
129,A,all_agents,,,40,30,10,0,17,13,0.425060139994618,0.23623973131329526,0.9968450606112509,0.10074773488560392,970,30,0.75,56,4.035714285714286,1.3928571428571428,31.075,5871,,,,,,,,,,,,,,,,,,,,,,,,,,,
129,A,participants_only,,,30,30,0,0,17,13,0.4894112799220242,0.25755101911671446,0.9968450606112509,0.11759338362997024,970,30,1.0,56,4.035714285714286,1.3928571428571428,24.766666666666666,5871,,,,,,,,,,,,,,,,,,,,,,,,,,,
129,A,nonparticipants_only,,,10,0,10,0,0,0,0.23200672021239926,0.22882501662904497,0.3575786067536831,0.0005179581330255383,0,0,0.0,0,0.0,0.0,50.0,0,,,,,,,,,,,,,,,,,,,,,,,,,,,
129,A,step_totals,,,,,,,,,,,,,,,,,,,,,71.00000000000007,8.0,0.11267605633802806,,,0.0,0.0,54.0,0.7605633802816893,0.00417610745538638,0.09259259259259259,0.0,0,5,14,24,16,,23,54,3.0000000000000004,0.04225352112676053,6.000000000000003,0.08450704225352108,15,30,25
130,A,all_agents,,,40,30,10,0,17,13,0.42529879292354084,0.23595476605464522,0.9969712581868009,0.10099150682428079,981,30,0.75,56,4.035714285714286,1.3928571428571428,31.125,5921,,,,,,,,,,,,,,,,,,,,,,,,,,,
130,A,participants_only,,,30,30,0,0,17,13,0.48962256812948834,0.2565648564974145,0.9969712581868009,0.11793939506763562,981,30,1.0,56,4.035714285714286,1.3928571428571428,24.833333333333332,5921,,,,,,,,,,,,,,,,,,,,,,,,,,,
130,A,nonparticipants_only,,,10,0,10,0,0,0,0.23232746730569837,0.2297337499448534,0.35579071371991466,0.0004972654132730984,0,0,0.0,0,0.0,0.0,50.0,0,,,,,,,,,,,,,,,,,,,,,,,,,,,
130,A,step_totals,,,,,,,,,,,,,,,,,,,,,70.80000000000007,9.0,0.1271186440677965,,,0.0,0.0,52.0,0.7344632768361575,0.004371102143248964,0.21153846153846154,0.0,0,11,29,22,18,,26,52,3.800000000000001,0.053672316384180754,6.000000000000003,0.08474576271186436,19,30,19
130,A,reachability,0.225,0.0,,,,,,,,,,,,,,,,,,,,,,,,,,,,,,,,,,,,,,,,,,,,,
131,A,all_agents,,,40,30,10,0,17,13,0.42556778471350365,0.23697757058623023,0.9970924078593288,0.10135320154945997,990,30,0.75,56,4.035714285714286,1.3928571428571428,31.075,5973,,,,,,,,,,,,,,,,,,,,,,,,,,,
131,A,participants_only,,,30,30,0,0,17,13,0.4898749735364088,0.25569924472931993,0.9970924078593288,0.11843686998451974,990,30,1.0,56,4.035714285714286,1.3928571428571428,24.766666666666666,5973,,,,,,,,,,,,,,,,,,,,,,,,,,,
131,A,nonparticipants_only,,,10,0,10,0,0,0,0.23264621824478798,0.22989559151991565,0.3540117601513151,0.0004772218326232306,0,0,0.0,0,0.0,0.0,50.0,0,,,,,,,,,,,,,,,,,,,,,,,,,,,
131,A,step_totals,,,,,,,,,,,,,,,,,,,,,71.00000000000006,8.0,0.11267605633802807,,,0.0,0.0,54.0,0.7605633802816896,0.004381065415315365,0.16666666666666666,0.0,0,9,14,24,16,,23,54,3.0000000000000004,0.042253521126760535,6.000000000000003,0.0845070422535211,15,30,25
132,A,all_agents,,,40,30,10,0,17,13,0.4258356557446684,0.23717646078881044,0.9972087115449557,0.10162458250632775,998,30,0.75,56,4.035714285714286,1.3928571428571428,31.125,6023,,,,,,,,,,,,,,,,,,,,,,,,,,,
132,A,participants_only,,,30,30,0,0,17,13,0.49012667428585444,0.2553960382398399,0.9972087115449557,0.11881304232721202,998,30,1.0,56,4.035714285714286,1.3928571428571428,24.833333333333332,6023,,,,,,,,,,,,,,,,,,,,,,,,,,,
132,A,nonparticipants_only,,,10,0,10,0,0,0,0.23296260012111045,0.23060431852054525,0.3522417013505585,0.000459182262917499,0,0,0.0,0,0.0,0.0,50.0,0,,,,,,,,,,,,,,,,,,,,,,,,,,,
132,A,step_totals,,,,,,,,,,,,,,,,,,,,,70.60000000000007,9.0,0.12747875354107638,,,0.0,0.0,52.0,0.7365439093484413,0.0044842791904027126,0.15384615384615385,0.0,0,8,29,22,18,,26,52,3.600000000000001,0.05099150141643056,6.000000000000003,0.08498583569405095,18,30,19
133,A,all_agents,,,40,30,10,0,17,13,0.42606422213914014,0.23729185384046292,0.9973203630831575,0.10197707388798966,1007,30,0.75,56,4.035714285714286,1.3928571428571428,31.075,6076,,,,,,,,,,,,,,,,,,,,,,,,,,,
133,A,participants_only,,,30,30,0,0,17,13,0.49032655130526803,0.2550923148587606,0.9973203630831575,0.11930385067867869,1007,30,1.0,56,4.035714285714286,1.3928571428571428,24.766666666666666,6076,,,,,,,,,,,,,,,,,,,,,,,,,,,
133,A,nonparticipants_only,,,10,0,10,0,0,0,0.23327723464075648,0.230883750623251,0.35048049284380567,0.0004409801176533046,0,0,0.0,0,0.0,0.0,50.0,0,,,,,,,,,,,,,,,,,,,,,,,,,,,
133,A,step_totals,,,,,,,,,,,,,,,,,,,,,71.00000000000006,8.0,0.11267605633802807,,,0.0,0.0,54.0,0.7605633802816896,0.004245831843231666,0.16666666666666666,0.0,0,9,14,24,16,,23,54,3.0000000000000004,0.042253521126760535,6.000000000000003,0.0845070422535211,15,30,25
134,A,all_agents,,,40,30,10,0,17,13,0.4262424488163003,0.23715547535089682,0.9974275485598312,0.10220648994290828,1012,30,0.75,56,4.035714285714286,1.3928571428571428,31.125,6126,,,,,,,,,,,,,,,,,,,,,,,,,,,
134,A,participants_only,,,30,30,0,0,17,13,0.49045995750048377,0.2543481122284121,0.9974275485598312,0.1196386486484592,1012,30,1.0,56,4.035714285714286,1.3928571428571428,24.833333333333332,6126,,,,,,,,,,,,,,,,,,,,,,,,,,,
134,A,nonparticipants_only,,,10,0,10,0,0,0,0.23358992276374996,0.2312225127859596,0.34872809037958663,0.0004233527670174021,0,0,0.0,0,0.0,0.0,50.0,0,,,,,,,,,,,,,,,,,,,,,,,,,,,
134,A,step_totals,,,,,,,,,,,,,,,,,,,,,70.60000000000007,9.0,0.12747875354107638,,,0.0,0.0,52.0,0.7365439093484413,0.004181104108640021,0.09615384615384616,0.0,0,5,29,22,18,,26,52,3.600000000000001,0.05099150141643056,6.000000000000003,0.08498583569405095,18,30,19
135,A,all_agents,,,40,30,10,0,17,13,0.4265039445600292,0.2371252687407436,0.997530446617438,0.10256841637666432,1021,30,0.75,56,4.035714285714286,1.3928571428571428,31.075,6180,,,,,,,,,,,,,,,,,,,,,,,,,,,
135,A,participants_only,,,30,30,0,0,17,13,0.4907050151733154,0.25338974381437296,0.997530446617438,0.12013541006730002,1021,30,1.0,56,4.035714285714286,1.3928571428571428,24.766666666666666,6180,,,,,,,,,,,,,,,,,,,,,,,,,,,
135,A,nonparticipants_only,,,10,0,10,0,0,0,0.23390073272017062,0.23134181062410253,0.3469844499276887,0.0004061056900512791,0,0,0.0,0,0.0,0.0,50.0,0,,,,,,,,,,,,,,,,,,,,,,,,,,,
135,A,step_totals,,,,,,,,,,,,,,,,,,,,,71.00000000000006,8.0,0.11267605633802807,,,0.0,0.0,54.0,0.7605633802816896,0.004357847029815753,0.16666666666666666,0.0,0,9,14,24,16,,23,54,3.0000000000000004,0.042253521126760535,6.000000000000003,0.0845070422535211,15,30,25
136,A,all_agents,,,40,30,10,0,17,13,0.4266669676474414,0.23687326047529095,0.9976292287527404,0.10278703984788612,1030,30,0.75,56,4.035714285714286,1.3928571428571428,31.125,6229,,,,,,,,,,,,,,,,,,,,,,,,,,,
136,A,participants_only,,,30,30,0,0,17,13,0.4908193322052911,0.25401698468627243,0.9976292287527404,0.12045777343515593,1030,30,1.0,56,4.035714285714286,1.3928571428571428,24.833333333333332,6229,,,,,,,,,,,,,,,,,,,,,,,,,,,
136,A,nonparticipants_only,,,10,0,10,0,0,0,0.23420987397389237,0.23231398065052444,0.3452495276780502,0.00038852854571770737,0,0,0.0,0,0.0,0.0,50.0,0,,,,,,,,,,,,,,,,,,,,,,,,,,,
136,A,step_totals,,,,,,,,,,,,,,,,,,,,,70.60000000000007,9.0,0.12747875354107638,,,0.0,0.0,52.0,0.7365439093484413,0.004131250846619856,0.17307692307692307,0.0,0,9,29,22,18,,26,52,3.600000000000001,0.05099150141643056,6.000000000000003,0.08498583569405095,18,30,19
137,A,all_agents,,,40,30,10,0,17,13,0.426824754059784,0.2370144516933903,0.9977240596026308,0.1030858206734271,1044,30,0.75,56,4.035714285714286,1.3928571428571428,31.075,6278,,,,,,,,,,,,,,,,,,,,,,,,,,,
137,A,participants_only,,,30,30,0,0,17,13,0.490927366150716,0.2546221520613603,0.9977240596026308,0.1208871259405673,1044,30,1.0,56,4.035714285714286,1.3928571428571428,24.766666666666666,6278,,,,,,,,,,,,,,,,,,,,,,,,,,,
137,A,nonparticipants_only,,,10,0,10,0,0,0,0.2345169177869879,0.23242525158055916,0.34352328003966,0.00037216634944042245,0,0,0.0,0,0.0,0.0,50.0,0,,,,,,,,,,,,,,,,,,,,,,,,,,,
137,A,step_totals,,,,,,,,,,,,,,,,,,,,,71.00000000000006,8.0,0.11267605633802807,,,0.0,0.0,54.0,0.7605633802816896,0.004007366162362266,0.25925925925925924,0.0,0,14,14,24,16,,25,54,3.0000000000000004,0.042253521126760535,6.000000000000003,0.0845070422535211,15,30,25
138,A,all_agents,,,40,30,10,0,17,13,0.4270001399159456,0.23845352568889006,0.9978150972185256,0.10331526429967329,1054,30,0.75,56,4.035714285714286,1.3928571428571428,31.125,6329,,,,,,,,,,,,,,,,,,,,,,,,,,,
138,A,participants_only,,,30,30,0,0,17,13,0.49105955823122455,0.2533647227585656,0.9978150972185256,0.12122025968320882,1054,30,1.0,56,4.035714285714286,1.3928571428571428,24.833333333333332,6329,,,,,,,,,,,,,,,,,,,,,,,,,,,
138,A,nonparticipants_only,,,10,0,10,0,0,0,0.2348218849701088,0.2328410836836236,0.3418056636394617,0.0003569692503639742,0,0,0.0,0,0.0,0.0,50.0,0,,,,,,,,,,,,,,,,,,,,,,,,,,,
138,A,step_totals,,,,,,,,,,,,,,,,,,,,,70.80000000000007,9.0,0.1271186440677965,,,0.0,0.0,52.0,0.7344632768361575,0.004161520440419483,0.19230769230769232,0.0,0,10,29,22,18,,26,52,3.800000000000001,0.053672316384180754,6.000000000000003,0.08474576271186436,19,30,19
139,A,all_agents,,,40,30,10,0,17,13,0.42719269393170145,0.23802446589581705,0.9979024933297845,0.1036261434040057,1058,30,0.75,56,4.035714285714286,1.3928571428571428,31.075,6380,,,,,,,,,,,,,,,,,,,,,,,,,,,
139,A,participants_only,,,30,30,0,0,17,13,0.491215184462806,0.252696705493724,0.9979024933297845,0.12165887345246613,1058,30,1.0,56,4.035714285714286,1.3928571428571428,24.766666666666666,6380,,,,,,,,,,,,,,,,,,,,,,,,,,,
139,A,nonparticipants_only,,,10,0,10,0,0,0,0.23512522233838784,0.23298878977116583,0.3400966353212644,0.0003414017329599429,0,0,0.0,0,0.0,0.0,50.0,0,,,,,,,,,,,,,,,,,,,,,,,,,,,
139,A,step_totals,,,,,,,,,,,,,,,,,,,,,71.00000000000006,8.0,0.11267605633802807,,,0.0,0.0,54.0,0.7605633802816896,0.004125246550111053,0.07407407407407407,0.0,0,4,14,24,16,,25,54,3.0000000000000004,0.042253521126760535,6.000000000000003,0.0845070422535211,15,30,25
140,A,all_agents,,,40,30,10,0,17,13,0.42740818417568816,0.23829061486034114,0.9979863935965931,0.10386344734647045,1065,30,0.75,56,4.035714285714286,1.3928571428571428,31.125,6431,,,,,,,,,,,,,,,,,,,,,,,,,,,
140,A,participants_only,,,30,30,0,0,17,13,0.49140206276526804,0.2518405373373188,0.9979863935965931,0.1219947808045735,1065,30,1.0,56,4.035714285714286,1.3928571428571428,24.833333333333332,6431,,,,,,,,,,,,,,,,,,,,,,,,,,,
140,A,nonparticipants_only,,,10,0,10,0,0,0,0.23542654840694865,0.23339868068630545,0.33839615214465807,0.00032684900890668934,0,0,0.0,0,0.0,0.0,50.0,0,,,,,,,,,,,,,,,,,,,,,,,,,,,
140,A,step_totals,,,,,,,,,,,,,,,,,,,,,70.60000000000007,9.0,0.12747875354107638,,,0.0,0.0,52.0,0.7365439093484413,0.00431045424623235,0.1346153846153846,0.0,0,7,29,22,18,,26,52,3.600000000000001,0.05099150141643056,6.000000000000003,0.08498583569405095,18,30,19
140,A,reachability,0.25,0.0,,,,,,,,,,,,,,,,,,,,,,,,,,,,,,,,,,,,,,,,,,,,,
141,A,all_agents,,,40,30,10,0,17,13,0.4275845616984665,0.23818830893514067,0.9980669378527294,0.10418049710105404,1071,30,0.75,56,4.035714285714286,1.3928571428571428,31.075,6483,,,,,,,,,,,,,,,,,,,,,,,,,,,
141,A,participants_only,,,30,30,0,0,17,13,0.49153737910812684,0.25170439153552193,0.9980669378527294,0.1224433190720417,1071,30,1.0,56,4.035714285714286,1.3928571428571428,24.766666666666666,6483,,,,,,,,,,,,,,,,,,,,,,,,,,,
141,A,nonparticipants_only,,,10,0,10,0,0,0,0.23572610946948547,0.2337710781171281,0.33670417138393477,0.0003124769324907621,0,0,0.0,0,0.0,0.0,50.0,0,,,,,,,,,,,,,,,,,,,,,,,,,,,
141,A,step_totals,,,,,,,,,,,,,,,,,,,,,71.00000000000007,8.0,0.11267605633802806,,,0.0,0.0,54.0,0.7605633802816893,0.004071426842568809,0.1111111111111111,0.0,0,6,14,24,16,,25,54,3.0000000000000004,0.04225352112676053,6.000000000000003,0.08450704225352108,15,30,25
142,A,all_agents,,,40,30,10,0,17,13,0.42778692201583873,0.2384416162106499,0.9981442603386202,0.10441053247107387,1079,30,0.75,56,4.035714285714286,1.3928571428571428,31.125,6535,,,,,,,,,,,,,,,,,,,,,,,,,,,
142,A,participants_only,,,30,30,0,0,17,13,0.49170793125454126,0.25171679284628146,0.9981442603386202,0.12277100937902555,1079,30,1.0,56,4.035714285714286,1.3928571428571428,24.833333333333332,6535,,,,,,,,,,,,,,,,,,,,,,,,,,,
142,A,nonparticipants_only,,,10,0,10,0,0,0,0.23602389429973097,0.23427455007749537,0.3350206505270151,0.0002983566820872381,0,0,0.0,0,0.0,0.0,50.0,0,,,,,,,,,,,,,,,,,,,,,,,,,,,
142,A,step_totals,,,,,,,,,,,,,,,,,,,,,70.80000000000007,9.0,0.1271186440677965,,,0.0,0.0,52.0,0.7344632768361575,0.004254601970271891,0.15384615384615385,0.0,0,8,29,22,18,,26,52,3.800000000000001,0.053672316384180754,6.000000000000003,0.08474576271186436,19,30,19
143,A,all_agents,,,40,30,10,0,17,13,0.4279954400068844,0.23841093682529943,0.9982184899250754,0.10473822269055953,1083,30,0.75,56,4.035714285714286,1.3928571428571428,31.075,6588,,,,,,,,,,,,,,,,,,,,,,,,,,,
143,A,participants_only,,,30,30,0,0,17,13,0.49188730050511054,0.2517976438944882,0.9982184899250754,0.12322739557678741,1083,30,1.0,56,4.035714285714286,1.3928571428571428,24.766666666666666,6588,,,,,,,,,,,,,,,,,,,,,,,,,,,
143,A,nonparticipants_only,,,10,0,10,0,0,0,0.236319858512206,0.23451926423207242,0.33334554727438,0.0002846659767783729,0,0,0.0,0,0.0,0.0,50.0,0,,,,,,,,,,,,,,,,,,,,,,,,,,,
143,A,step_totals,,,,,,,,,,,,,,,,,,,,,71.00000000000007,8.0,0.11267605633802806,,,0.0,0.0,54.0,0.7605633802816893,0.00418139870032576,0.07407407407407407,0.0,0,4,14,24,16,,25,54,3.0000000000000004,0.04225352112676053,6.000000000000003,0.08450704225352108,15,30,25
144,A,all_agents,,,40,30,10,0,17,13,0.42811667796499575,0.23908766718005114,0.9982897503280724,0.1049266020682764,1089,30,0.75,56,4.035714285714286,1.3928571428571428,31.125,6638,,,,,,,,,,,,,,,,,,,,,,,,,,,
144,A,participants_only,,,30,30,0,0,17,13,0.4919509461834981,0.25260767506194515,0.9982897503280724,0.12351224995537555,1089,30,1.0,56,4.035714285714286,1.3928571428571428,24.833333333333332,6638,,,,,,,,,,,,,,,,,,,,,,,,,,,
144,A,nonparticipants_only,,,10,0,10,0,0,0,0.2366138733094889,0.23499400517517,0.3316788195380081,0.0002718928190786318,0,0,0.0,0,0.0,0.0,50.0,0,,,,,,,,,,,,,,,,,,,,,,,,,,,
144,A,step_totals,,,,,,,,,,,,,,,,,,,,,70.80000000000007,9.0,0.1271186440677965,,,0.0,0.0,52.0,0.7344632768361575,0.0039803946526662595,0.11538461538461539,0.0,0,6,29,22,18,,26,52,3.800000000000001,0.053672316384180754,6.000000000000003,0.08474576271186436,19,30,19
145,A,all_agents,,,40,30,10,0,17,13,0.4282473552142513,0.23942187237763518,0.9983581603149495,0.10520929479307814,1098,30,0.75,56,4.035714285714286,1.3928571428571428,31.075,6690,,,,,,,,,,,,,,,,,,,,,,,,,,,
145,A,participants_only,,,30,30,0,0,17,13,0.4920277448220531,0.2531128662379768,0.9983581603149495,0.12392090458096984,1098,30,1.0,56,4.035714285714286,1.3928571428571428,24.766666666666666,6690,,,,,,,,,,,,,,,,,,,,,,,,,,,
145,A,nonparticipants_only,,,10,0,10,0,0,0,0.2369061863908459,0.2350353797796395,0.33002042544031807,0.00025920824712715113,0,0,0.0,0,0.0,0.0,50.0,0,,,,,,,,,,,,,,,,,,,,,,,,,,,
145,A,step_totals,,,,,,,,,,,,,,,,,,,,,71.00000000000006,8.0,0.11267605633802807,,,0.0,0.0,54.0,0.7605633802816896,0.003917771472133456,0.16666666666666666,0.0,0,9,14,24,16,,25,54,3.0000000000000004,0.042253521126760535,6.000000000000003,0.0845070422535211,15,30,25
146,A,all_agents,,,40,30,10,0,17,13,0.4284265000895863,0.2391366912383606,0.9984238339023516,0.10542415130446435,1108,30,0.75,56,4.035714285714286,1.3928571428571428,31.125,6741,,,,,,,,,,,,,,,,,,,,,,,,,,,
146,A,participants_only,,,30,30,0,0,17,13,0.4921697986187598,0.2519842004271997,0.9984238339023516,0.12423026168095527,1108,30,1.0,56,4.035714285714286,1.3928571428571428,24.833333333333332,6741,,,,,,,,,,,,,,,,,,,,,,,,,,,
146,A,nonparticipants_only,,,10,0,10,0,0,0,0.23719660450206584,0.23545171524369923,0.3283703233131165,0.00024732288643959584,0,0,0.0,0,0.0,0.0,50.0,0,,,,,,,,,,,,,,,,,,,,,,,,,,,
146,A,step_totals,,,,,,,,,,,,,,,,,,,,,70.80000000000005,9.0,0.12711864406779652,,,0.0,0.0,52.0,0.7344632768361576,0.0041767431952299035,0.19230769230769232,0.0,0,10,29,22,18,,26,52,3.800000000000001,0.05367231638418077,6.000000000000003,0.08474576271186438,19,30,19
147,A,all_agents,,,40,30,10,0,17,13,0.4285688873981942,0.23874472404470526,0.9984868805462574,0.10571654348196967,1112,30,0.75,56,4.035714285714286,1.3928571428571428,31.075,6793,,,,,,,,,,,,,,,,,,,,,,,,,,,
147,A,participants_only,,,30,30,0,0,17,13,0.49226346376242947,0.2512723984067493,0.9984868805462574,0.1246486738008062,1112,30,1.0,56,4.035714285714286,1.3928571428571428,24.766666666666666,6793,,,,,,,,,,,,,,,,,,,,,,,,,,,
147,A,nonparticipants_only,,,10,0,10,0,0,0,0.23748515830548828,0.23574414663487958,0.3267284716965509,0.00023616382682721787,0,0,0.0,0,0.0,0.0,50.0,0,,,,,,,,,,,,,,,,,,,,,,,,,,,
147,A,step_totals,,,,,,,,,,,,,,,,,,,,,71.00000000000006,8.0,0.11267605633802807,,,0.0,0.0,54.0,0.7605633802816896,0.003957760178999107,0.07407407407407407,0.0,0,4,14,24,16,,24,54,3.0000000000000004,0.042253521126760535,6.000000000000003,0.0845070422535211,15,30,25
148,A,all_agents,,,40,30,10,0,17,13,0.4286898492327765,0.23909694837094314,0.9985474053244071,0.10588859694750517,1119,30,0.75,56,4.035714285714286,1.3928571428571428,31.125,6843,,,,,,,,,,,,,,,,,,,,,,,,,,,
148,A,participants_only,,,30,30,0,0,17,13,0.49232906712258084,0.2505272842583578,0.9985474053244071,0.12491015247640623,1119,30,1.0,56,4.035714285714286,1.3928571428571428,24.833333333333332,6843,,,,,,,,,,,,,,,,,,,,,,,,,,,
148,A,nonparticipants_only,,,10,0,10,0,0,0,0.23777219556336326,0.23604277241666421,0.32509482933806816,0.00022452971728996622,0,0,0.0,0,0.0,0.0,50.0,0,,,,,,,,,,,,,,,,,,,,,,,,,,,
148,A,step_totals,,,,,,,,,,,,,,,,,,,,,71.00000000000006,9.0,0.12676056338028158,,,0.0,0.0,52.0,0.7323943661971826,0.0039684971142894465,0.1346153846153846,0.0,0,7,29,22,18,,26,52,4.000000000000001,0.05633802816901405,6.000000000000003,0.0845070422535211,20,30,18
149,A,all_agents,,,40,30,10,0,17,13,0.42882204916414035,0.23899109441269645,0.9986055091114309,0.10617353795788424,1123,30,0.75,56,4.035714285714286,1.3928571428571428,31.075,6895,,,,,,,,,,,,,,,,,,,,,,,,,,,
149,A,participants_only,,,30,30,0,0,17,13,0.49241022257002426,0.25032387978813553,0.9986055091114309,0.12531985715484978,1123,30,1.0,56,4.035714285714286,1.3928571428571428,24.766666666666666,6895,,,,,,,,,,,,,,,,,,,,,,,,,,,
149,A,nonparticipants_only,,,10,0,10,0,0,0,0.23805752894648863,0.23673910216423277,0.3234693551913778,0.00021311080182645012,0,0,0.0,0,0.0,0.0,50.0,0,,,,,,,,,,,,,,,,,,,,,,,,,,,
149,A,step_totals,,,,,,,,,,,,,,,,,,,,,71.00000000000006,8.0,0.11267605633802807,,,0.0,0.0,54.0,0.7605633802816896,0.003923066749368481,0.07407407407407407,0.0,0,4,14,24,16,,24,54,3.0000000000000004,0.042253521126760535,6.000000000000003,0.0845070422535211,15,30,25
150,A,all_agents,,,40,30,10,0,17,13,0.42898019766304496,0.2395433182726004,0.9986612887469737,0.10637567147337428,1130,30,0.75,56,4.035714285714286,1.3928571428571428,31.125,6946,,,,,,,,,,,,,,,,,,,,,,,,,,,
150,A,participants_only,,,30,30,0,0,17,13,0.49252664493427434,0.2504592455821144,0.9986612887469737,0.12561395517969098,1130,30,1.0,56,4.035714285714286,1.3928571428571428,24.833333333333332,6946,,,,,,,,,,,,,,,,,,,,,,,,,,,
150,A,nonparticipants_only,,,10,0,10,0,0,0,0.23834085584935688,0.23707186857947088,0.32185200841542094,0.0002030088248825579,0,0,0.0,0,0.0,0.0,50.0,0,,,,,,,,,,,,,,,,,,,,,,,,,,,
150,A,step_totals,,,,,,,,,,,,,,,,,,,,,70.80000000000005,9.0,0.12711864406779652,,,0.0,0.0,52.0,0.7344632768361576,0.004105704593269451,0.1346153846153846,0.0,0,7,29,22,18,,26,52,3.800000000000001,0.05367231638418077,6.000000000000003,0.08474576271186438,19,30,18
150,A,reachability,0.25,0.0,,,,,,,,,,,,,,,,,,,,,,,,,,,,,,,,,,,,,,,,,,,,,
151,A,all_agents,,,40,30,10,0,17,13,0.4290628342158925,0.23980362942055233,0.9987148371970948,0.10661957681431676,1136,30,0.75,56,4.035714285714286,1.3928571428571428,31.075,6995,,,,,,,,,,,,,,,,,,,,,,,,,,,
151,A,participants_only,,,30,30,0,0,17,13,0.4925429171873448,0.25041301649530173,0.9987148371970948,0.12597627903895517,1136,30,1.0,56,4.035714285714286,1.3928571428571428,24.766666666666666,6995,,,,,,,,,,,,,,,,,,,,,,,,,,,
151,A,nonparticipants_only,,,10,0,10,0,0,0,0.23862258530153554,0.23715381822007414,0.3202427483733438,0.00019281893165190006,0,0,0.0,0,0.0,0.0,50.0,0,,,,,,,,,,,,,,,,,,,,,,,,,,,
151,A,step_totals,,,,,,,,,,,,,,,,,,,,,71.00000000000006,8.0,0.11267605633802807,,,0.0,0.0,54.0,0.7605633802816896,0.0037561012723945357,0.1111111111111111,0.0,0,6,14,24,16,,24,54,3.0000000000000004,0.042253521126760535,6.000000000000003,0.0845070422535211,15,30,25
152,A,all_agents,,,40,30,10,0,17,13,0.4292102947479262,0.24013530859680784,0.998766243709211,0.10681602326042663,1146,30,0.75,56,4.035714285714286,1.3928571428571428,31.125,7046,,,,,,,,,,,,,,,,,,,,,,,,,,,
152,A,participants_only,,,30,30,0,0,17,13,0.4926462830887773,0.2512605646973102,0.998766243709211,0.12626355430516328,1146,30,1.0,56,4.035714285714286,1.3928571428571428,24.833333333333332,7046,,,,,,,,,,,,,,,,,,,,,,,,,,,
152,A,nonparticipants_only,,,10,0,10,0,0,0,0.23890232972537306,0.23729346483205144,0.3186415346314771,0.00018393472484963275,0,0,0.0,0,0.0,0.0,50.0,0,,,,,,,,,,,,,,,,,,,,,,,,,,,
152,A,step_totals,,,,,,,,,,,,,,,,,,,,,70.80000000000007,9.0,0.1271186440677965,,,0.0,0.0,52.0,0.7344632768361575,0.00406829702169173,0.19230769230769232,0.0,0,10,29,22,18,,26,52,3.800000000000001,0.053672316384180754,6.000000000000003,0.08474576271186436,19,30,18
153,A,all_agents,,,40,30,10,0,17,13,0.42936752614957285,0.24038263886963468,0.9988155939608425,0.10710682869900384,1156,30,0.75,56,4.035714285714286,1.3928571428571428,31.075,7099,,,,,,,,,,,,,,,,,,,,,,,,,,,
153,A,participants_only,,,30,30,0,0,17,13,0.4927632126350545,0.25167019207980734,0.9988155939608425,0.12667470048276103,1156,30,1.0,56,4.035714285714286,1.3928571428571428,24.766666666666666,7099,,,,,,,,,,,,,,,,,,,,,,,,,,,
153,A,nonparticipants_only,,,10,0,10,0,0,0,0.2391804666931279,0.23808777721125246,0.3170483269583197,0.0001750565681464919,0,0,0.0,0,0.0,0.0,50.0,0,,,,,,,,,,,,,,,,,,,,,,,,,,,
153,A,step_totals,,,,,,,,,,,,,,,,,,,,,71.00000000000006,8.0,0.11267605633802807,,,0.0,0.0,54.0,0.7605633802816896,0.0040082456438637545,0.18518518518518517,0.0,0,10,14,24,16,,24,54,3.0000000000000004,0.042253521126760535,6.000000000000003,0.0845070422535211,15,30,25
154,A,all_agents,,,40,30,10,0,17,13,0.4295048252334505,0.2407723357662675,0.9988629702024088,0.1072959631487748,1160,30,0.75,56,4.035714285714286,1.3928571428571428,31.125,7150,,,,,,,,,,,,,,,,,,,,,,,,,,,
154,A,participants_only,,,30,30,0,0,17,13,0.4928540363857012,0.25066460684102754,0.9988629702024088,0.12695361808223854,1160,30,1.0,56,4.035714285714286,1.3928571428571428,24.833333333333332,7150,,,,,,,,,,,,,,,,,,,,,,,,,,,
154,A,nonparticipants_only,,,10,0,10,0,0,0,0.23945719177669858,0.23827633848151525,0.31546308532352807,0.0001655277050343665,0,0,0.0,0,0.0,0.0,50.0,0,,,,,,,,,,,,,,,,,,,,,,,,,,,
154,A,step_totals,,,,,,,,,,,,,,,,,,,,,70.80000000000007,9.0,0.1271186440677965,,,0.0,0.0,52.0,0.7344632768361575,0.004034848301533527,0.07692307692307693,0.0,0,4,29,22,18,,26,52,3.800000000000001,0.053672316384180754,6.000000000000003,0.08474576271186436,19,30,18
155,A,all_agents,,,40,30,10,0,17,13,0.42961001262426896,0.24047454371735175,0.9989084513943124,0.10755956079340134,1163,30,0.75,56,4.035714285714286,1.3928571428571428,31.075,7203,,,,,,,,,,,,,,,,,,,,,,,,,,,
155,A,participants_only,,,30,30,0,0,17,13,0.49290263311774296,0.24991095248587697,0.9989084513943124,0.12733671621885667,1163,30,1.0,56,4.035714285714286,1.3928571428571428,24.766666666666666,7203,,,,,,,,,,,,,,,,,,,,,,,,,,,
155,A,nonparticipants_only,,,10,0,10,0,0,0,0.23973215114384686,0.23880427663492368,0.3138857698969104,0.0001566248098642181,0,0,0.0,0,0.0,0.0,50.0,0,,,,,,,,,,,,,,,,,,,,,,,,,,,
155,A,step_totals,,,,,,,,,,,,,,,,,,,,,71.00000000000007,8.0,0.11267605633802806,,,0.0,0.0,54.0,0.7605633802816893,0.0038325021826577923,0.05555555555555555,0.0,0,3,14,24,16,,24,54,3.0000000000000004,0.04225352112676053,6.000000000000003,0.08450704225352108,15,30,25
156,A,all_agents,,,40,30,10,0,17,13,0.42973716497466125,0.24117855361438972,0.99895211333854,0.10774235650162722,1170,30,0.75,56,4.035714285714286,1.3928571428571428,31.125,7253,,,,,,,,,,,,,,,,,,,,,,,,,,,
156,A,participants_only,,,30,30,0,0,17,13,0.4929811474763136,0.24927199102575695,0.99895211333854,0.12760766173178292,1170,30,1.0,56,4.035714285714286,1.3928571428571428,24.833333333333332,7253,,,,,,,,,,,,,,,,,,,,,,,,,,,
156,A,nonparticipants_only,,,10,0,10,0,0,0,0.2400052174697044,0.23909142285616067,0.31231634104742584,0.00014882493912844763,0,0,0.0,0,0.0,0.0,50.0,0,,,,,,,,,,,,,,,,,,,,,,,,,,,
156,A,step_totals,,,,,,,,,,,,,,,,,,,,,70.80000000000005,9.0,0.12711864406779652,,,0.0,0.0,52.0,0.7344632768361576,0.00399978076290519,0.1346153846153846,0.0,0,7,29,22,18,,26,52,3.800000000000001,0.05367231638418077,6.000000000000003,0.08474576271186438,19,30,18
