step,condition,population,skill_reachability,resource_reachability,n_agents,maker_count,stage_consumer,stage_customizer,stage_maker,stage_advanced_maker,skill_mean,skill_median,skill_max,skill_var,method_count_total,method_holders,method_adoption_rate,method_peer_held,knowledge_diffusion_lag_mean,hop_count_mean,latent_distributed_resources,completed_projects_total,time_total,time_practice,time_share_practice,time_observe,time_share_observe,time_make,time_share_make,time_idle,time_share_idle,skill_gain_per_time,method_self_discovery_per_time,method_peer_acquisition_per_time,peer_acquired_count,self_discovered_count,reject_time_budget_exceeded,reject_missing_asset,count_practice,count_observe,count_make,count_idle,time_ask,time_share_ask,time_share,time_share_share,count_ask,count_share,reject_insufficient_material
0,A,reachability,0.65,0.0,,,,,,,,,,,,,,,,,,,,,,,,,,,,,,,,,,,,,,,,,,,,,
1,A,all_agents,,,40,0,18,22,0,0,0.16339611922692113,0.13492574603709384,0.6808536421606997,0.013268727981024856,5,4,0.1,0,0.0,0.0,26.225,30,,,,,,,,,,,,,,,,,,,,,,,,,,,
1,A,participants_only,,,30,0,8,22,0,0,0.1621298180055855,0.12445322862384564,0.6808536421606997,0.013596430687448178,5,4,0.13333333333333333,0,0.0,0.0,24.966666666666665,30,,,,,,,,,,,,,,,,,,,,,,,,,,,
1,A,nonparticipants_only,,,10,0,10,0,0,0,0.1671950228909279,0.1560341173753483,0.520165958722787,0.01226637763635702,0,0,0.0,0,0.0,0.0,30.0,0,,,,,,,,,,,,,,,,,,,,,,,,,,,
1,A,step_totals,,,,,,,,,,,,,,,,,,,,,83.49999999999997,19.5,0.23353293413173662,4.000000000000002,0.047904191616766505,60.0,0.7185628742514972,0.0,0.0,0.01869616400109852,0.08333333333333333,0.0,0,5,30,23,39,40,60,29,,,,,,,
2,A,all_agents,,,40,2,13,25,2,0,0.1691946925549869,0.13709210213473627,0.6774493739498961,0.013293977599067228,14,10,0.25,3,1.0,1.0,27.45,59,,,,,,,,,,,,,,,,,,,,,,,,,,,
2,A,participants_only,,,30,2,3,25,2,0,0.16959939692554474,0.13020916076460656,0.6774493739498961,0.013795100511965896,14,10,0.3333333333333333,3,1.0,1.0,24.933333333333334,59,,,,,,,,,,,,,,,,,,,,,,,,,,,
2,A,nonparticipants_only,,,10,0,10,0,0,0,0.16798057944331338,0.15525394678847154,0.5175651289291731,0.011788643432840643,0,0,0.0,0,0.0,0.0,35.0,0,,,,,,,,,,,,,,,,,,,,,,,,,,,
2,A,step_totals,,,,,,,,,,,,,,,,,,,,,88.20000000000002,20.0,0.22675736961451243,4.000000000000002,0.04535147392290251,60.0,0.6802721088435373,0.0,0.0,0.01724941728562244,0.1,0.36585365853658547,3,6,21,21,40,40,60,29,3.600000000000001,0.04081632653061225,0.6000000000000001,0.006802721088435374,18,3,
3,A,all_agents,,,40,6,11,23,6,0,0.17564455373060464,0.14183378912238687,0.6740621270801467,0.013380334132012192,32,19,0.475,15,1.3333333333333333,1.1333333333333333,29.15,96,,,,,,,,,,,,,,,,,,,,,,,,,,,
3,A,participants_only,,,30,6,1,23,6,0,0.17794045858568136,0.13900042118169162,0.6740621270801467,0.014040977142496894,32,19,0.6333333333333333,15,1.3333333333333333,1.1333333333333333,25.533333333333335,96,,,,,,,,,,,,,,,,,,,,,,,,,,,
3,A,nonparticipants_only,,,10,0,10,0,0,0,0.16875683916537448,0.1544776770545292,0.5149773032845272,0.011335150951315305,0,0,0.0,0,0.0,0.0,40.0,0,,,,,,,,,,,,,,,,,,,,,,,,,,,
3,A,step_totals,,,,,,,,,,,,,,,,,,,,,87.60000000000001,20.0,0.228310502283105,3.800000000000002,0.04337899543378997,58.0,0.6621004566210045,0.0,0.0,0.019152830473066283,0.10344827586206896,1.2500000000000009,12,6,18,20,40,38,58,29,3.800000000000001,0.043378995433789966,1.9999999999999998,0.022831050228310498,19,10,
4,A,all_agents,,,40,6,11,23,6,0,0.18038676746212123,0.14507067354051423,0.670691816444746,0.013479798788603987,45,26,0.65,23,1.5217391304347827,1.173913043478261,31.225,119,,,,,,,,,,,,,,,,,,,,,,,,,,,
4,A,participants_only,,,30,6,1,23,6,0,0.18400767824193,0.14276467937249604,0.670691816444746,0.01428566120853659,45,26,0.8666666666666667,23,1.5217391304347827,1.173913043478261,26.633333333333333,119,,,,,,,,,,,,,,,,,,,,,,,,,,,
4,A,nonparticipants_only,,,10,0,10,0,0,0,0.1695240351226949,0.15370528866925653,0.5124024167681045,0.010904879590302148,0,0,0.0,0,0.0,0.0,45.0,0,,,,,,,,,,,,,,,,,,,,,,,,,,,
4,A,step_totals,,,,,,,,,,,,,,,,,,,,,84.40000000000005,20.0,0.23696682464454963,3.800000000000002,0.045023696682464455,52.0,0.6161137440758291,0.0,0.0,0.015108578827907315,0.09615384615384616,0.6451612903225814,8,5,9,22,40,38,52,35,5.000000000000002,0.05924170616113743,3.600000000000001,0.04265402843601895,25,18,15
5,A,all_agents,,,40,7,11,22,7,0,0.18539774090721522,0.14904077585077977,0.6673383573625222,0.013799321116180414,62,28,0.7,33,1.6363636363636365,1.2727272727272727,33.5,148,,,,,,,,,,,,,,,,,,,,,,,,,,,
5,A,participants_only,,,30,7,1,22,7,0,0.1904360166870775,0.14861509516309912,0.6673383573625222,0.01479933430113795,62,28,0.9333333333333333,33,1.6363636363636365,1.2727272727272727,28.0,148,,,,,,,,,,,,,,,,,,,,,,,,,,,
5,A,nonparticipants_only,,,10,0,10,0,0,0,0.17028291356762837,0.15293676222591027,0.509840404684264,0.010494670887300443,0,0,0.0,0,0.0,0.0,50.0,0,,,,,,,,,,,,,,,,,,,,,,,,,,,
5,A,step_totals,,,,,,,,,,,,,,,,,,,,,82.70000000000003,19.5,0.2357920193470374,3.600000000000002,0.043530834340991545,50.0,0.60459492140266,0.0,0.0,0.016269931353631948,0.14,0.7575757575757587,10,7,6,22,39,36,50,35,4.600000000000001,0.05562273276904474,5.000000000000002,0.06045949214026602,23,25,21
6,A,all_agents,,,40,8,10,22,8,0,0.18997408306996377,0.15311814047889905,0.6640016655757096,0.013892097661614727,73,29,0.725,44,2.3181818181818183,1.3863636363636365,33.725,173,,,,,,,,,,,,,,,,,,,,,,,,,,,
6,A,participants_only,,,30,8,0,22,8,0,0.19628762104836772,0.1533318676844576,0.6640016655757096,0.014995294970048884,73,29,0.9666666666666667,44,2.3181818181818183,1.3863636363636365,28.3,173,,,,,,,,,,,,,,,,,,,,,,,,,,,
6,A,nonparticipants_only,,,10,0,10,0,0,0,0.1710334691347519,0.1521720784147807,0.5072912026608426,0.010104176594655269,0,0,0.0,0,0.0,0.0,50.0,0,,,,,,,,,,,,,,,,,,,,,,,,,,,
6,A,step_totals,,,,,,,,,,,,,,,,,,,,,80.60000000000007,20.0,0.24813895781637696,3.2000000000000015,0.039702233250620333,46.0,0.570719602977667,0.0,0.0,0.015552205478986978,0.0,0.7534246575342477,11,0,2,33,40,32,46,40,6.200000000000003,0.0769230769230769,5.200000000000002,0.06451612903225803,31,26,29
7,A,all_agents,,,40,9,10,21,9,0,0.19539960320165467,0.1645461308291476,0.660681657247831,0.014148973208361367,82,29,0.725,48,2.5,1.3958333333333333,33.425,203,,,,,,,,,,,,,,,,,,,,,,,,,,,
7,A,participants_only,,,30,9,0,21,9,0,0.2032744939579722,0.16657908742932495,0.660681657247831,0.015371677758690146,82,29,0.9666666666666667,48,2.5,1.3958333333333333,27.9,203,,,,,,,,,,,,,,,,,,,,,,,,,,,
7,A,nonparticipants_only,,,10,0,10,0,0,0,0.1717749309327021,0.1514112180227068,0.5047547466475384,0.009736692704287807,0,0,0.0,0,0.0,0.0,50.0,0,,,,,,,,,,,,,,,,,,,,,,,,,,,
7,A,step_totals,,,,,,,,,,,,,,,,,,,,,91.0000000000001,19.0,0.20879120879120858,0.2,0.0021978021978021956,60.0,0.6593406593406587,0.0,0.0,0.01580503214979889,0.08333333333333333,0.33333333333333365,4,5,8,31,38,2,60,37,6.200000000000003,0.06813186813186808,5.600000000000002,0.06153846153846149,31,28,23
8,A,all_agents,,,40,11,10,19,11,0,0.2005277479269661,0.17163805196564658,0.6573782489615918,0.01438772119506454,90,29,0.725,50,2.58,1.4,33.4,232,,,,,,,,,,,,,,,,,,,,,,,,,,,
8,A,participants_only,,,30,11,0,19,11,0,0.209867484499064,0.17362017704384686,0.6573782489615918,0.01570573885473884,90,29,0.9666666666666667,50,2.58,1.4,27.866666666666667,232,,,,,,,,,,,,,,,,,,,,,,,,,,,
8,A,nonparticipants_only,,,10,0,10,0,0,0,0.17250853821067233,0.1506541619325933,0.5022309729143007,0.009386900065207444,0,0,0.0,0,0.0,0.0,50.0,0,,,,,,,,,,,,,,,,,,,,,,,,,,,
8,A,step_totals,,,,,,,,,,,,,,,,,,,,,87.8000000000001,20.0,0.22779043280182207,0.6,0.006833712984054662,55.0,0.6264236902050107,0.0,0.0,0.01570234073589501,0.10909090909090909,0.15625000000000017,2,6,4,40,40,6,55,39,6.600000000000003,0.07517084282460132,5.600000000000002,0.0637813211845102,33,28,29
9,A,all_agents,,,40,14,10,16,14,0,0.20583636982873196,0.1760428717242679,0.6540913577167838,0.014969259798085834,94,29,0.725,50,2.58,1.4,33.25,266,,,,,,,,,,,,,,,,,,,,,,,,,,,
9,A,participants_only,,,30,14,0,16,14,0,0.21670356169318383,0.17741396639756077,0.6540913577167838,0.016469005189359537,94,29,0.9666666666666667,50,2.58,1.4,27.666666666666668,266,,,,,,,,,,,,,,,,,,,,,,,,,,,
9,A,nonparticipants_only,,,10,0,10,0,0,0,0.17323479423537644,0.1499008911229303,0.49971981804972926,0.00905287331603902,0,0,0.0,0,0.0,0.0,50.0,0,,,,,,,,,,,,,,,,,,,,,,,,,,,
9,A,step_totals,,,,,,,,,,,,,,,,,,,,,87.3000000000001,19.0,0.217640320733104,0.30000000000000004,0.003436426116838485,56.0,0.641466208476517,0.0,0.0,0.01622411444712932,0.07142857142857142,0.0,0,4,9,30,38,3,56,37,6.200000000000003,0.07101947308132871,5.8000000000000025,0.06643757159221073,31,29,31
10,A,all_agents,,,40,15,10,15,15,0,0.21067502782698236,0.17994701296009968,0.6581419208553243,0.015431206954213478,100,29,0.725,51,2.6862745098039214,1.392156862745098,32.95,295,,,,,,,,,,,,,,,,,,,,,,,,,,,
10,A,participants_only,,,30,15,0,15,15,0,0.22291581382919806,0.18593289964530457,0.6581419208553243,0.017062746246763984,100,29,0.9666666666666667,51,2.6862745098039214,1.392156862745098,27.266666666666666,295,,,,,,,,,,,,,,,,,,,,,,,,,,,
10,A,nonparticipants_only,,,10,0,10,0,0,0,0.17395266982033536,0.14915138666731564,0.4972212189594806,0.008738546973137489,0,0,0.0,0,0.0,0.0,50.0,0,,,,,,,,,,,,,,,,,,,,,,,,,,,
10,A,step_totals,,,,,,,,,,,,,,,,,,,,,85.8000000000001,20.0,0.23310023310023284,0.2,0.0023310023310023284,54.0,0.6293706293706287,0.0,0.0,0.01524907886551154,0.09259259259259259,0.08474576271186447,1,5,9,43,40,2,54,37,6.000000000000003,0.06993006993006988,5.600000000000002,0.06526806526806522,30,28,25
10,A,reachability,0.425,0.0,,,,,,,,,,,,,,,,,,,,,,,,,,,,,,,,,,,,,,,,,,,,,
11,A,all_agents,,,40,15,10,15,15,0,0.21537511826746195,0.18380956939462106,0.6718162440211113,0.016111599954591948,105,29,0.725,52,2.8076923076923075,1.4038461538461537,32.475,324,,,,,,,,,,,,,,,,,,,,,,,,,,,
11,A,participants_only,,,30,15,0,15,15,0,0.22894548484242933,0.19014391618571894,0.6718162440211113,0.017933307870674067,105,29,0.9666666666666667,52,2.8076923076923075,1.4038461538461537,26.633333333333333,324,,,,,,,,,,,,,,,,,,,,,,,,,,,
11,A,nonparticipants_only,,,10,0,10,0,0,0,0.17466401854255972,0.14840562973397908,0.49473511286468325,0.008436618018597686,0,0,0.0,0,0.0,0.0,50.0,0,,,,,,,,,,,,,,,,,,,,,,,,,,,
11,A,step_totals,,,,,,,,,,,,,,,,,,,,,90.0000000000001,19.0,0.2111111111111109,,,59.0,0.6555555555555548,0.0,0.0,0.014108115576641753,0.06779661016949153,0.08333333333333341,1,4,9,30,38,,59,37,6.200000000000003,0.06888888888888885,5.8000000000000025,0.0644444444444444,31,29,31
12,A,all_agents,,,40,16,10,14,16,0,0.220280578898529,0.18960028561806241,0.6849435942602669,0.0167003609662639,111,29,0.725,52,2.8076923076923075,1.4038461538461537,32.375,357,,,,,,,,,,,,,,,,,,,,,,,,,,,
12,A,participants_only,,,30,16,0,14,16,0,0.23525140794757932,0.19330300320529695,0.6849435942602669,0.018654032728006448,111,29,0.9666666666666667,52,2.8076923076923075,1.4038461538461537,26.5,357,,,,,,,,,,,,,,,,,,,,,,,,,,,
12,A,nonparticipants_only,,,10,0,10,0,0,0,0.17536809175137816,0.14766360158530917,0.4922614373003598,0.008149837012045599,0,0,0.0,0,0.0,0.0,50.0,0,,,,,,,,,,,,,,,,,,,,,,,,,,,
12,A,step_totals,,,,,,,,,,,,,,,,,,,,,84.00000000000009,20.0,0.23809523809523786,0.2,0.0023809523809523786,52.0,0.6190476190476184,0.0,0.0,0.015849818782814943,0.11538461538461539,0.0,0,6,8,50,40,2,52,36,6.200000000000003,0.07380952380952377,5.600000000000002,0.06666666666666662,31,28,28
13,A,all_agents,,,40,17,10,13,17,0,0.22525754432865555,0.19065470112451677,0.6975458504898562,0.017591094187690066,117,29,0.725,52,2.8076923076923075,1.4038461538461537,32.05,392,,,,,,,,,,,,,,,,,,,,,,,,,,,
13,A,participants_only,,,30,17,0,13,17,0,0.24165480088840655,0.19806646294399455,0.6975458504898562,0.0197542806655306,117,29,0.9666666666666667,52,2.8076923076923075,1.4038461538461537,26.066666666666666,392,,,,,,,,,,,,,,,,,,,,,,,,,,,
13,A,nonparticipants_only,,,10,0,10,0,0,0,0.17606577464940262,0.14692528357738263,0.48980013011385803,0.00787509448193292,0,0,0.0,0,0.0,0.0,50.0,0,,,,,,,,,,,,,,,,,,,,,,,,,,,
13,A,step_totals,,,,,,,,,,,,,,,,,,,,,89.6000000000001,19.0,0.2120535714285712,,,59.0,0.6584821428571421,0.0,0.0,0.014947735534279012,0.1016949152542373,0.0,0,6,11,28,38,,59,36,5.8000000000000025,0.06473214285714282,5.8000000000000025,0.06473214285714282,29,29,31
14,A,all_agents,,,40,20,10,10,20,0,0.22991473879307017,0.19030969532716482,0.709644016470262,0.01831045484155601,122,29,0.725,53,2.981132075471698,1.3962264150943395,32.15,427,,,,,,,,,,,,,,,,,,,,,,,,,,,
14,A,participants_only,,,30,20,0,10,20,0,0.24763401540382857,0.19941358705650855,0.709644016470262,0.020620511874613532,122,29,0.9666666666666667,53,2.981132075471698,1.3962264150943395,26.2,427,,,,,,,,,,,,,,,,,,,,,,,,,,,
14,A,nonparticipants_only,,,10,0,10,0,0,0,0.17675690896079504,0.15042006459749716,0.48735112946328873,0.007612610579080606,0,0,0.0,0,0.0,0.0,50.0,0,,,,,,,,,,,,,,,,,,,,,,,,,,,
14,A,step_totals,,,,,,,,,,,,,,,,,,,,,79.5000000000001,18.5,0.23270440251572297,,,49.0,0.6163522012578608,0.0,0.0,0.016071668157584314,0.08163265306122448,0.08333333333333341,1,4,8,56,37,,49,35,6.400000000000003,0.08050314465408799,5.600000000000002,0.07044025157232699,32,28,30
15,A,all_agents,,,40,20,10,10,20,0,0.23470878249073038,0.1927508959813993,0.7212582558114515,0.019255555312178797,128,29,0.725,53,2.981132075471698,1.3962264150943395,31.925,463,,,,,,,,,,,,,,,,,,,,,,,,,,,
15,A,participants_only,,,30,20,0,10,20,0,0.2537974660910401,0.20438085063709444,0.7212582558114515,0.021764004466812033,128,29,0.9666666666666667,53,2.981132075471698,1.3962264150943395,25.9,463,,,,,,,,,,,,,,,,,,,,,,,,,,,
15,A,nonparticipants_only,,,10,0,10,0,0,0,0.17744273168980118,0.150391119295117,0.4849143738159723,0.007357673749166281,0,0,0.0,0,0.0,0.0,50.0,0,,,,,,,,,,,,,,,,,,,,,,,,,,,
15,A,step_totals,,,,,,,,,,,,,,,,,,,,,87.6000000000001,19.0,0.21689497716894954,,,57.0,0.6506849315068486,0.0,0.0,0.014839248931143462,0.10526315789473684,0.0,0,6,11,31,38,,57,36,5.8000000000000025,0.06621004566210041,5.8000000000000025,0.06621004566210041,29,29,34
16,A,all_agents,,,40,21,10,9,21,0,0.2390988700428723,0.19414661906102204,0.7324079255789935,0.020228575937630392,131,29,0.725,53,2.981132075471698,1.3962264150943395,32.1,500,,,,,,,,,,,,,,,,,,,,,,,,,,,
16,A,participants_only,,,30,21,0,9,21,0,0.25942492331631384,0.20655479979564656,0.7324079255789935,0.02294544224303183,131,29,0.9666666666666667,53,2.981132075471698,1.3962264150943395,26.133333333333333,500,,,,,,,,,,,,,,,,,,,,,,,,,,,
16,A,nonparticipants_only,,,10,0,10,0,0,0,0.1781207102225478,0.15289158081209986,0.48248980194689245,0.007120195721328689,0,0,0.0,0,0.0,0.0,50.0,0,,,,,,,,,,,,,,,,,,,,,,,,,,,
16,A,step_totals,,,,,,,,,,,,,,,,,,,,,78.00000000000009,18.0,0.2307692307692305,,,48.0,0.6153846153846148,0.0,0.0,0.015627524076019673,0.0625,0.0,0,3,8,59,36,,48,34,6.400000000000003,0.082051282051282,5.600000000000002,0.07179487179487175,32,28,31
17,A,all_agents,,,40,23,10,7,23,0,0.24336495288542595,0.19673266595801564,0.7431116085558337,0.02123838595323958,137,29,0.725,53,2.981132075471698,1.3962264150943395,31.9,533,,,,,,,,,,,,,,,,,,,,,,,,,,,
17,A,participants_only,,,30,23,0,7,23,0,0.264888606533852,0.20764819784038713,0.7431116085558337,0.02416882466068415,137,29,0.9666666666666667,53,2.981132075471698,1.3962264150943395,25.866666666666667,533,,,,,,,,,,,,,,,,,,,,,,,,,,,
17,A,nonparticipants_only,,,10,0,10,0,0,0,0.17879399194014783,0.1526237114800167,0.480077352937158,0.006887857834377022,0,0,0.0,0,0.0,0.0,50.0,0,,,,,,,,,,,,,,,,,,,,,,,,,,,
17,A,step_totals,,,,,,,,,,,,,,,,,,,,,87.6000000000001,19.0,0.21689497716894954,,,57.0,0.6506849315068486,0.0,0.0,0.013417027135086253,0.10526315789473684,0.0,0,6,11,31,38,,57,36,5.8000000000000025,0.06621004566210041,5.8000000000000025,0.06621004566210041,29,29,34
18,A,all_agents,,,40,23,10,7,23,0,0.24732888746211015,0.19872847047127837,0.7533871442136003,0.02221639390499343,142,29,0.725,53,2.981132075471698,1.3962264150943395,32.075,568,,,,,,,,,,,,,,,,,,,,,,,,,,,
18,A,participants_only,,,30,23,0,7,23,0,0.26995107667849616,0.20975860406361857,0.7533871442136003,0.025354235190668265,142,29,0.9666666666666667,53,2.981132075471698,1.3962264150943395,26.1,568,,,,,,,,,,,,,,,,,,,,,,,,,,,
18,A,nonparticipants_only,,,10,0,10,0,0,0,0.17946231981295205,0.15373073402123838,0.4776769661724722,0.006661708708665247,0,0,0.0,0,0.0,0.0,50.0,0,,,,,,,,,,,,,,,,,,,,,,,,,,,
18,A,step_totals,,,,,,,,,,,,,,,,,,,,,76.80000000000008,17.0,0.22135416666666644,,,48.0,0.6249999999999993,0.0,0.0,0.014585289281899385,0.10416666666666667,0.0,0,5,9,58,34,,48,32,6.200000000000003,0.08072916666666662,5.600000000000002,0.07291666666666662,31,28,30
19,A,all_agents,,,40,24,10,6,24,0,0.251731684613586,0.20009728547208666,0.7632516584450563,0.023286502609090272,150,29,0.725,53,2.981132075471698,1.3962264150943395,31.875,605,,,,,,,,,,,,,,,,,,,,,,,,,,,
19,A,participants_only,,,30,24,0,6,24,0,0.2756009779141697,0.2130011136188522,0.7632516584450563,0.026619894893064457,150,29,0.9666666666666667,53,2.981132075471698,1.3962264150943395,25.833333333333332,605,,,,,,,,,,,,,,,,,,,,,,,,,,,
19,A,nonparticipants_only,,,10,0,10,0,0,0,0.1801238047118349,0.1570670760003713,0.47528858134160984,0.0064494078051362275,0,0,0.0,0,0.0,0.0,50.0,0,,,,,,,,,,,,,,,,,,,,,,,,,,,
19,A,step_totals,,,,,,,,,,,,,,,,,,,,,86.90000000000009,18.5,0.21288837744533926,,,57.0,0.6559263521288831,0.0,0.0,0.013936006551614193,0.14035087719298245,0.0,0,8,12,31,37,,57,36,5.600000000000002,0.06444188722669732,5.8000000000000025,0.06674338319907935,28,29,33
20,A,all_agents,,,40,27,10,3,27,0,0.25557337469646596,0.2010214199302564,0.772721592107254,0.024247423809445875,156,29,0.725,53,2.981132075471698,1.3962264150943395,32.05,640,,,,,,,,,,,,,,,,,,,,,,,,,,,
20,A,participants_only,,,30,27,0,3,27,0,0.2805044310689053,0.21227736886565052,0.772721592107254,0.027762408767586413,156,29,0.9666666666666667,53,2.981132075471698,1.3962264150943395,26.066666666666666,640,,,,,,,,,,,,,,,,,,,,,,,,,,,
20,A,nonparticipants_only,,,10,0,10,0,0,0,0.18078020557914784,0.15804674403928493,0.47291213843490176,0.006243778072875257,0,0,0.0,0,0.0,0.0,50.0,0,,,,,,,,,,,,,,,,,,,,,,,,,,,
20,A,step_totals,,,,,,,,,,,,,,,,,,,,,76.60000000000008,17.0,0.2219321148825063,,,48.0,0.6266318537859001,0.0,0.0,0.014268767778454277,0.125,0.0,0,6,10,57,34,,48,32,6.000000000000003,0.07832898172323755,5.600000000000002,0.07310704960835504,30,28,29
20,A,reachability,0.225,0.0,,,,,,,,,,,,,,,,,,,,,,,,,,,,,,,,,,,,,,,,,,,,,
21,A,all_agents,,,40,28,10,2,28,0,0.25959617621634645,0.20145302682370267,0.7818127284229638,0.025288024611574745,162,30,0.75,54,3.2777777777777777,1.4074074074074074,31.85,674,,,,,,,,,,,,,,,,,,,,,,,,,,,
21,A,participants_only,,,30,28,0,2,28,0,0.2856506000400399,0.21620616336442788,0.7818127284229638,0.028988786830718788,162,30,1.0,54,3.2777777777777777,1.4074074074074074,25.8,674,,,,,,,,,,,,,,,,,,,,,,,,,,,
21,A,nonparticipants_only,,,10,0,10,0,0,0,0.18143290474526622,0.16222381580576892,0.47054757774272726,0.006039741944726893,0,0,0.0,0,0.0,0.0,50.0,0,,,,,,,,,,,,,,,,,,,,,,,,,,,
21,A,step_totals,,,,,,,,,,,,,,,,,,,,,86.90000000000008,18.5,0.21288837744533928,,,57.0,0.6559263521288832,0.0,0.0,0.012906625751049389,0.08771929824561403,0.0877192982456141,1,5,12,32,37,,57,35,5.600000000000002,0.06444188722669732,5.8000000000000025,0.06674338319907937,28,29,32
22,A,all_agents,,,40,28,10,2,28,0,0.2631291026586767,0.2022341084274896,0.7905402192860452,0.026366743430853844,167,30,0.75,54,3.2777777777777777,1.4074074074074074,32.05,709,,,,,,,,,,,,,,,,,,,,,,,,,,,
22,A,participants_only,,,30,28,0,2,28,0,0.29014575044443663,0.21738860678688254,0.7905402192860452,0.030286722098194566,167,30,1.0,54,3.2777777777777777,1.4074074074074074,26.066666666666666,709,,,,,,,,,,,,,,,,,,,,,,,,,,,
22,A,nonparticipants_only,,,10,0,10,0,0,0,0.1820791593013969,0.16260046730262748,0.4681948398540136,0.005848016337873991,0,0,0.0,0,0.0,0.0,50.0,0,,,,,,,,,,,,,,,,,,,,,,,,,,,
22,A,step_totals,,,,,,,,,,,,,,,,,,,,,76.10000000000008,16.5,0.21681997371879083,,,48.0,0.6307490144546642,0.0,0.0,0.013419915708298705,0.10416666666666667,0.0,0,5,11,57,33,,48,30,5.8000000000000025,0.07621550591327196,5.8000000000000025,0.07621550591327196,29,29,27
23,A,all_agents,,,40,29,10,1,29,0,0.2669616856152794,0.20470844040042455,0.7989186105146034,0.027470391295877458,171,30,0.75,54,3.2777777777777777,1.4074074074074074,31.85,744,,,,,,,,,,,,,,,,,,,,,,,,,,,
23,A,participants_only,,,30,29,0,1,29,0,0.2950418664731289,0.2195909763979467,0.7989186105146034,0.03158645557909112,171,30,1.0,54,3.2777777777777777,1.4074074074074074,25.8,744,,,,,,,,,,,,,,,,,,,,,,,,,,,
23,A,nonparticipants_only,,,10,0,10,0,0,0,0.1827211430417307,0.16642423602322165,0.4658538656547435,0.005660239762121974,0,0,0.0,0,0.0,0.0,50.0,0,,,,,,,,,,,,,,,,,,,,,,,,,,,
23,A,step_totals,,,,,,,,,,,,,,,,,,,,,86.90000000000009,18.5,0.21288837744533926,,,57.0,0.6559263521288831,0.0,0.0,0.012412814171038214,0.07017543859649122,0.0,0,4,13,30,37,,57,35,5.400000000000002,0.062140391254315266,6.000000000000003,0.0690448791714614,27,30,32
24,A,all_agents,,,40,29,10,1,29,0,0.2704425471487699,0.2047778119589454,0.8069618660940193,0.02864775890139961,174,30,0.75,54,3.2777777777777777,1.4074074074074074,32.05,782,,,,,,,,,,,,,,,,,,,,,,,,,,,
24,A,participants_only,,,30,29,0,1,29,0,0.2994706501371641,0.22062017143266582,0.8069618660940193,0.033000313332339236,174,30,1.0,54,3.2777777777777777,1.4074074074074074,26.066666666666666,782,,,,,,,,,,,,,,,,,,,,,,,,,,,
24,A,nonparticipants_only,,,10,0,10,0,0,0,0.18335823818358735,0.1672718840395627,0.4635245963264698,0.005478526451322897,0,0,0.0,0,0.0,0.0,50.0,0,,,,,,,,,,,,,,,,,,,,,,,,,,,
24,A,step_totals,,,,,,,,,,,,,,,,,,,,,75.60000000000007,16.0,0.21164021164021146,,,48.0,0.6349206349206343,0.0,0.0,0.01339804256229713,0.0625,0.0,0,3,11,57,32,,48,30,5.8000000000000025,0.07671957671957669,5.8000000000000025,0.07671957671957669,29,29,27
25,A,all_agents,,,40,30,10,0,30,0,0.2740143324385856,0.2075578740143702,0.8088922474330791,0.029692571907249218,178,30,0.75,54,3.2777777777777777,1.4074074074074074,31.85,815,,,,,,,,,,,,,,,,,,,,,,,,,,,
25,A,participants_only,,,30,30,0,0,30,0,0.3040223953784619,0.22199649678120054,0.8088922474330791,0.03422001106358831,178,30,1.0,54,3.2777777777777777,1.4074074074074074,25.8,815,,,,,,,,,,,,,,,,,,,,,,,,,,,
25,A,nonparticipants_only,,,10,0,10,0,0,0,0.18399014361895683,0.16733706047438943,0.46120697334483746,0.005304448341389047,0,0,0.0,0,0.0,0.0,50.0,0,,,,,,,,,,,,,,,,,,,,,,,,,,,
25,A,step_totals,,,,,,,,,,,,,,,,,,,,,86.50000000000009,18.5,0.21387283236994198,,,57.0,0.6589595375722537,0.0,0.0,0.011761832423085731,0.07017543859649122,0.0,0,4,15,29,37,,57,35,5.000000000000002,0.05780346820809245,6.000000000000003,0.06936416184971095,25,30,32
26,A,all_agents,,,40,30,10,0,30,0,0.2774313142806363,0.2075430126057553,0.8165365575357559,0.030859584342172307,178,30,0.75,54,3.2777777777777777,1.4074074074074074,32.05,854,,,,,,,,,,,,,,,,,,,,,,,,,,,
26,A,participants_only,,,30,30,0,0,30,0,0.3083693166762265,0.22548197989797053,0.8165365575357559,0.03560544598099027,178,30,1.0,54,3.2777777777777777,1.4074074074074074,26.066666666666666,854,,,,,,,,,,,,,,,,,,,,,,,,,,,
26,A,nonparticipants_only,,,10,0,10,0,0,0,0.18461730709386562,0.1671679992587191,0.45890093847811325,0.005136079518963878,0,0,0.0,0,0.0,0.0,50.0,0,,,,,,,,,,,,,,,,,,,,,,,,,,,
26,A,step_totals,,,,,,,,,,,,,,,,,,,,,75.60000000000007,16.0,0.21164021164021146,,,48.0,0.6349206349206343,0.0,0.0,0.013209925935677604,0.0,0.0,0,0,11,57,32,,48,30,5.8000000000000025,0.07671957671957669,5.8000000000000025,0.07671957671957669,29,29,27
27,A,all_agents,,,40,30,10,0,30,0,0.2812355952879921,0.21034112372287772,0.8238750952343257,0.03205474353524503,183,30,0.75,55,3.672727272727273,1.4,31.85,894,,,,,,,,,,,,,,,,,,,,,,,,,,,
27,A,participants_only,,,30,30,0,0,30,0,0.31323403927673504,0.22700669386888192,0.8238750952343257,0.03698687367288604,183,30,1.0,55,3.672727272727273,1.4,25.8,894,,,,,,,,,,,,,,,,,,,,,,,,,,,
27,A,nonparticipants_only,,,10,0,10,0,0,0,0.18524026332176322,0.16772744756396724,0.4566064337857227,0.0049715481099133685,0,0,0.0,0,0.0,0.0,50.0,0,,,,,,,,,,,,,,,,,,,,,,,,,,,
27,A,step_totals,,,,,,,,,,,,,,,,,,,,,86.40000000000009,18.0,0.20833333333333312,,,57.0,0.6597222222222215,0.0,0.0,0.012454947008332828,0.07017543859649122,0.0877192982456141,1,4,13,29,36,,57,35,5.400000000000002,0.06249999999999996,6.000000000000003,0.0694444444444444,27,30,32
28,A,all_agents,,,40,30,10,0,30,0,0.28457216070165275,0.209796960912571,0.8309200914249526,0.03328655937865677,192,30,0.75,55,3.672727272727273,1.4,32.05,935,,,,,,,,,,,,,,,,,,,,,,,,,,,
28,A,participants_only,,,30,30,0,0,30,0,0.31747708779378575,0.22758365901276922,0.8309200914249526,0.03844546390432261,192,30,1.0,55,3.672727272727273,1.4,26.066666666666666,935,,,,,,,,,,,,,,,,,,,,,,,,,,,
28,A,nonparticipants_only,,,10,0,10,0,0,0,0.1858573794252537,0.16855196177306397,0.4543234016167941,0.004817035078396199,0,0,0.0,0,0.0,0.0,50.0,0,,,,,,,,,,,,,,,,,,,,,,,,,,,
28,A,step_totals,,,,,,,,,,,,,,,,,,,,,75.6000000000001,16.0,0.21164021164021138,,,48.0,0.6349206349206341,0.0,0.0,0.012987905012005058,0.1875,0.0,0,9,11,57,32,,48,30,5.8000000000000025,0.07671957671957666,5.8000000000000025,0.07671957671957666,29,29,26
29,A,all_agents,,,40,30,10,0,30,0,0.2880443862743954,0.21187938454207594,0.8376832877679545,0.03440064199229378,197,30,0.75,55,3.672727272727273,1.4,31.85,973,,,,,,,,,,,,,,,,,,,,,,,,,,,
29,A,participants_only,,,30,30,0,0,30,0,0.3219022897494309,0.22801845728405856,0.8376832877679545,0.03972711469610581,197,30,1.0,55,3.672727272727273,1.4,25.8,973,,,,,,,,,,,,,,,,,,,,,,,,,,,
29,A,nonparticipants_only,,,10,0,10,0,0,0,0.1864706758492887,0.168613401480698,0.4520517846087101,0.0046649323481597815,0,0,0.0,0,0.0,0.0,50.0,0,,,,,,,,,,,,,,,,,,,,,,,,,,,
29,A,step_totals,,,,,,,,,,,,,,,,,,,,,85.7000000000001,17.5,0.20420070011668587,,,57.0,0.6651108518086339,0.0,0.0,0.011665414327201926,0.08771929824561403,0.0,0,5,14,29,35,,57,35,5.200000000000002,0.060676779463243825,6.000000000000003,0.0700116686114352,26,30,32
30,A,all_agents,,,40,30,10,0,30,0,0.29122248893311126,0.21140570671041142,0.8441759562572364,0.035592952398309584,203,30,0.75,55,3.672727272727273,1.4,32.05,1014,,,,,,,,,,,,,,,,,,,,,,,,,,,
30,A,participants_only,,,30,30,0,0,30,0,0.32593684033399517,0.2318020758424169,0.8441759562572364,0.0411309648898178,203,30,1.0,55,3.672727272727273,1.4,26.066666666666666,1014,,,,,,,,,,,,,,,,,,,,,,,,,,,
30,A,nonparticipants_only,,,10,0,10,0,0,0,0.18707943473045965,0.16929790918368443,0.44979152568566655,0.0045178806055763574,0,0,0.0,0,0.0,0.0,50.0,0,,,,,,,,,,,,,,,,,,,,,,,,,,,
30,A,step_totals,,,,,,,,,,,,,,,,,,,,,75.6000000000001,16.0,0.21164021164021138,,,48.0,0.6349206349206341,0.0,0.0,0.0125167026028079,0.125,0.0,0,6,11,56,32,,48,30,5.8000000000000025,0.07671957671957666,5.8000000000000025,0.07671957671957666,29,29,26
30,A,reachability,0.225,0.0,,,,,,,,,,,,,,,,,,,,,,,,,,,,,,,,,,,,,,,,,,,,,
31,A,all_agents,,,40,30,10,0,30,0,0.29433770012312194,0.212713826477324,0.850408918006947,0.03667458120921056,207,30,0.75,55,3.672727272727273,1.4,31.85,1050,,,,,,,,,,,,,,,,,,,,,,,,,,,
31,A,participants_only,,,30,30,0,0,30,0,0.3298891400231806,0.2333080235207456,0.850408918006947,0.04238474102351315,207,30,1.0,55,3.672727272727273,1.4,25.8,1050,,,,,,,,,,,,,,,,,,,,,,,,,,,
31,A,nonparticipants_only,,,10,0,10,0,0,0,0.187683380422946,0.17035780585718366,0.4475425680572382,0.0043772432186930214,0,0,0.0,0,0.0,0.0,50.0,0,,,,,,,,,,,,,,,,,,,,,,,,,,,
31,A,step_totals,,,,,,,,,,,,,,,,,,,,,85.40000000000009,17.0,0.19906323185011687,,,57.0,0.6674473067915684,0.0,0.0,0.010736963669511285,0.07017543859649122,0.0,0,4,13,29,34,,57,35,5.400000000000002,0.06323185011709598,6.000000000000003,0.07025761124121775,27,30,32
32,A,all_agents,,,40,30,10,0,30,0,0.2971234352782276,0.2134565103817338,0.8563925612866691,0.037814749130168857,212,30,0.75,55,3.672727272727273,1.4,32.05,1088,,,,,,,,,,,,,,,,,,,,,,,,,,,
32,A,participants_only,,,30,30,0,0,30,0,0.33340380220748383,0.2326294950518885,0.8563925612866691,0.04374014064538525,212,30,1.0,55,3.672727272727273,1.4,26.066666666666666,1088,,,,,,,,,,,,,,,,,,,,,,,,,,,
32,A,nonparticipants_only,,,10,0,10,0,0,0,0.18828233449045892,0.1720276774932942,0.445304855216952,0.004243394290262041,0,0,0.0,0,0.0,0.0,50.0,0,,,,,,,,,,,,,,,,,,,,,,,,,,,
32,A,step_totals,,,,,,,,,,,,,,,,,,,,,75.60000000000008,16.0,0.2116402116402114,,,48.0,0.6349206349206342,0.0,0.0,0.011297160842083034,0.10416666666666667,0.0,0,5,11,56,32,,48,30,5.8000000000000025,0.07671957671957667,5.8000000000000025,0.07671957671957667,29,29,26
33,A,all_agents,,,40,30,10,0,29,1,0.3004779082796097,0.21607630681112722,0.8621368588352023,0.03890168092001004,216,30,0.75,55,3.672727272727273,1.4,31.85,1129,,,,,,,,,,,,,,,,,,,,,,,,,,,
33,A,participants_only,,,30,30,0,0,29,1,0.3376779639284309,0.23746752273742366,0.8621368588352023,0.044963153283045884,216,30,1.0,55,3.672727272727273,1.4,25.8,1129,,,,,,,,,,,,,,,,,,,,,,,,,,,
33,A,nonparticipants_only,,,10,0,10,0,0,0,0.188877741333146,0.17280624979538517,0.44307833094086724,0.0041111341475977775,0,0,0.0,0,0.0,0.0,50.0,0,,,,,,,,,,,,,,,,,,,,,,,,,,,
33,A,step_totals,,,,,,,,,,,,,,,,,,,,,85.00000000000009,17.0,0.1999999999999998,,,57.0,0.6705882352941169,0.0,0.0,0.011486586897214884,0.07017543859649122,0.0,0,4,15,28,34,,57,35,5.000000000000002,0.05882352941176467,6.000000000000003,0.0705882352941176,25,30,32
34,A,all_agents,,,40,30,10,0,30,0,0.3031199445685703,0.21602769960015872,0.8676513844817942,0.0400443085325896,221,30,0.75,55,3.672727272727273,1.4,32.05,1168,,,,,,,,,,,,,,,,,,,,,,,,,,,
34,A,participants_only,,,30,30,0,0,30,0,0.34100376024099943,0.23891001367907505,0.8676513844817942,0.046323456524800175,221,30,1.0,55,3.672727272727273,1.4,26.066666666666666,1168,,,,,,,,,,,,,,,,,,,,,,,,,,,
34,A,nonparticipants_only,,,10,0,10,0,0,0,0.18946849755128276,0.17441907299293521,0.4408629392861629,0.0039846626771267955,0,0,0.0,0,0.0,0.0,50.0,0,,,,,,,,,,,,,,,,,,,,,,,,,,,
34,A,step_totals,,,,,,,,,,,,,,,,,,,,,75.3000000000001,15.5,0.20584329349269562,,,48.0,0.6374501992031865,0.0,0.0,0.010931136165442222,0.10416666666666667,0.0,0,5,11,56,31,,48,30,5.8000000000000025,0.07702523240371839,6.000000000000003,0.07968127490039834,29,30,27
35,A,all_agents,,,40,30,10,0,27,3,0.30640288891597833,0.21750465882929895,0.8729453291025224,0.041105851780990195,227,30,0.75,55,3.672727272727273,1.4,31.85,1210,,,,,,,,,,,,,,,,,,,,,,,,,,,
35,A,participants_only,,,30,30,0,0,27,3,0.3451855127503197,0.24036890266936697,0.8729453291025224,0.04750393195080835,227,30,1.0,55,3.672727272727273,1.4,25.8,1210,,,,,,,,,,,,,,,,,,,,,,,,,,,
35,A,nonparticipants_only,,,10,0,10,0,0,0,0.19005501741295408,0.17476065594660817,0.43865862458973204,0.0038625083338233966,0,0,0.0,0,0.0,0.0,50.0,0,,,,,,,,,,,,,,,,,,,,,,,,,,,
35,A,step_totals,,,,,,,,,,,,,,,,,,,,,85.00000000000009,17.0,0.1999999999999998,,,57.0,0.6705882352941169,0.0,0.0,0.011305778392159186,0.10526315789473684,0.0,0,6,15,26,34,,57,34,5.000000000000002,0.05882352941176467,6.000000000000003,0.0705882352941176,25,30,32
36,A,all_agents,,,40,30,10,0,27,3,0.30884572690349604,0.21832113090398825,0.8780275159384215,0.04217964291427349,233,30,0.75,55,3.672727272727273,1.4,32.05,1248,,,,,,,,,,,,,,,,,,,,,,,,,,,
36,A,participants_only,,,30,30,0,0,27,3,0.34824854269984395,0.2427227963561367,0.8780275159384215,0.04878097371519471,233,30,1.0,55,3.672727272727273,1.4,26.066666666666666,1248,,,,,,,,,,,,,,,,,,,,,,,,,,,
36,A,nonparticipants_only,,,10,0,10,0,0,0,0.1906372795144524,0.17618665108869003,0.4364653314667834,0.0037446677993387694,0,0,0.0,0,0.0,0.0,50.0,0,,,,,,,,,,,,,,,,,,,,,,,,,,,
36,A,step_totals,,,,,,,,,,,,,,,,,,,,,75.10000000000008,15.5,0.20639147802929406,,,48.0,0.6391478029294267,0.0,0.0,0.010355744199677903,0.125,0.0,0,6,12,55,31,,48,30,5.600000000000002,0.07456724367509981,6.000000000000003,0.07989347536617838,28,30,27
37,A,all_agents,,,40,30,10,0,27,3,0.31200530854197833,0.21904579739371816,0.8829064153008847,0.04322280970709269,240,30,0.75,55,3.672727272727273,1.4,31.85,1290,,,,,,,,,,,,,,,,,,,,,,,,,,,
37,A,participants_only,,,30,30,0,0,27,3,0.35226864793295576,0.2455484866300885,0.8829064153008847,0.04993545277790587,240,30,1.0,55,3.672727272727273,1.4,25.8,1290,,,,,,,,,,,,,,,,,,,,,,,,,,,
37,A,nonparticipants_only,,,10,0,10,0,0,0,0.1912152903690458,0.17723231358268138,0.4342830048094495,0.0036312425076966736,0,0,0.0,0,0.0,0.0,50.0,0,,,,,,,,,,,,,,,,,,,,,,,,,,,
37,A,step_totals,,,,,,,,,,,,,,,,,,,,,85.00000000000009,17.0,0.1999999999999998,,,57.0,0.6705882352941169,0.0,0.0,0.010978632923775572,0.12280701754385964,0.0,0,7,15,26,34,,57,34,5.000000000000002,0.05882352941176467,6.000000000000003,0.0705882352941176,25,30,32
38,A,all_agents,,,40,30,10,0,27,3,0.3145839912982886,0.22045316003071802,0.8875901586888493,0.04424510553878266,246,30,0.75,55,3.672727272727273,1.4,32.05,1331,,,,,,,,,,,,,,,,,,,,,,,,,,,
38,A,participants_only,,,30,30,0,0,27,3,0.35551543714173756,0.246674027386319,0.8875901586888493,0.051118598255724686,246,30,1.0,55,3.672727272727273,1.4,26.066666666666666,1331,,,,,,,,,,,,,,,,,,,,,,,,,,,
38,A,nonparticipants_only,,,10,0,10,0,0,0,0.1917896537679417,0.1800726880608702,0.4321115897854022,0.0035200282819342166,0,0,0.0,0,0.0,0.0,50.0,0,,,,,,,,,,,,,,,,,,,,,,,,,,,
38,A,step_totals,,,,,,,,,,,,,,,,,,,,,74.40000000000008,15.0,0.20161290322580624,,,48.0,0.64516129032258,0.0,0.0,0.010943152642951837,0.125,0.0,0,6,13,55,30,,48,30,5.400000000000002,0.07258064516129027,6.000000000000003,0.08064516129032254,27,30,27
39,A,all_agents,,,40,30,10,0,27,3,0.31774744154867435,0.2216632797277891,0.8920865523412953,0.04524178416875227,251,30,0.75,55,3.672727272727273,1.4,31.85,1375,,,,,,,,,,,,,,,,,,,,,,,,,,,
39,A,participants_only,,,30,30,0,0,27,3,0.35954309645740623,0.24910547686953372,0.8920865523412953,0.052197988090371863,251,30,1.0,55,3.672727272727273,1.4,25.8,1375,,,,,,,,,,,,,,,,,,,,,,,,,,,
39,A,nonparticipants_only,,,10,0,10,0,0,0,0.19236047682247875,0.18040580799840777,0.4299510318364752,0.003410651172895863,0,0,0.0,0,0.0,0.0,50.0,0,,,,,,,,,,,,,,,,,,,,,,,,,,,
39,A,step_totals,,,,,,,,,,,,,,,,,,,,,84.80000000000008,17.0,0.20047169811320736,,,57.0,0.672169811320754,0.0,0.0,0.011040351198370149,0.08771929824561403,0.0,0,5,16,26,34,,57,34,4.800000000000002,0.05660377358490563,6.000000000000003,0.07075471698113203,24,30,32
40,A,all_agents,,,40,30,10,0,27,3,0.3200954871919649,0.22185488893522298,0.8964030902476435,0.04626452916633144,255,30,0.75,55,3.672727272727273,1.4,32.05,1416,,,,,,,,,,,,,,,,,,,,,,,,,,,
40,A,participants_only,,,30,30,0,0,27,3,0.3624852608909124,0.24930874232196581,0.8964030902476435,0.05339541054705885,255,30,1.0,55,3.672727272727273,1.4,26.066666666666666,1416,,,,,,,,,,,,,,,,,,,,,,,,,,,
40,A,nonparticipants_only,,,10,0,10,0,0,0,0.19292616609512242,0.18179647286488132,0.42780127667729284,0.0033091700531734567,0,0,0.0,0,0.0,0.0,50.0,0,,,,,,,,,,,,,,,,,,,,,,,,,,,
40,A,step_totals,,,,,,,,,,,,,,,,,,,,,73.70000000000007,14.5,0.19674355495250997,,,48.0,0.6512890094979641,0.0,0.0,0.010341851781603285,0.08333333333333333,0.0,0,4,14,54,29,,48,29,5.200000000000002,0.07055630936227947,6.000000000000003,0.08141112618724554,26,30,27
40,A,reachability,0.225,0.0,,,,,,,,,,,,,,,,,,,,,,,,,,,,,,,,,,,,,,,,,,,,,
41,A,all_agents,,,40,30,10,0,26,4,0.3227506727531562,0.22221965508113684,0.9005469666377378,0.04722261937849823,263,30,0.75,55,3.672727272727273,1.4,31.85,1456,,,,,,,,,,,,,,,,,,,,,,,,,,,
41,A,participants_only,,,30,30,0,0,26,4,0.36583810382179127,0.24943980832583787,0.9005469666377378,0.054467595414660806,263,30,1.0,55,3.672727272727273,1.4,25.8,1456,,,,,,,,,,,,,,,,,,,,,,,,,,,
41,A,nonparticipants_only,,,10,0,10,0,0,0,0.19348837954725098,0.18281622815693643,0.42566227029390635,0.0032093706768779734,0,0,0.0,0,0.0,0.0,50.0,0,,,,,,,,,,,,,,,,,,,,,,,,,,,
41,A,step_totals,,,,,,,,,,,,,,,,,,,,,84.10000000000008,16.5,0.19619500594530304,,,57.0,0.6777645659928649,0.0,0.0,0.00971863849273062,0.14035087719298245,0.0,0,8,17,26,33,,57,34,4.600000000000001,0.05469678953626631,6.000000000000003,0.07134363852556477,23,30,31
42,A,all_agents,,,40,30,10,0,26,4,0.3251434745865689,0.22393977700457052,0.9045250879722283,0.04824792007863228,272,30,0.75,55,3.672727272727273,1.4,32.0,1499,,,,,,,,,,,,,,,,,,,,,,,,,,,
42,A,participants_only,,,30,30,0,0,26,4,0.36884220201577467,0.24950503981185296,0.9045250879722283,0.05565536524462602,272,30,1.0,55,3.672727272727273,1.4,26.0,1499,,,,,,,,,,,,,,,,,,,,,,,,,,,
42,A,nonparticipants_only,,,10,0,10,0,0,0,0.19404729229895146,0.18558622987565093,0.42353395894243684,0.0031106392334667695,0,0,0.0,0,0.0,0.0,50.0,0,,,,,,,,,,,,,,,,,,,,,,,,,,,
42,A,step_totals,,,,,,,,,,,,,,,,,,,,,74.50000000000009,14.5,0.19463087248322125,,,49.0,0.6577181208053684,0.0,0.0,0.010374916601001677,0.1836734693877551,0.0,0,9,14,54,29,,49,29,5.200000000000002,0.06979865771812076,5.8000000000000025,0.07785234899328854,26,29,27
43,A,all_agents,,,40,30,10,0,26,4,0.3278205558440741,0.22389128416815837,0.9083440844533391,0.04916479781796317,285,30,0.75,55,3.672727272727273,1.4,31.8,1541,,,,,,,,,,,,,,,,,,,,,,,,,,,
43,A,participants_only,,,30,30,0,0,26,4,0.37222659690823323,0.25117954203722437,0.9083440844533391,0.05666050851672885,285,30,1.0,55,3.672727272727273,1.4,25.733333333333334,1541,,,,,,,,,,,,,,,,,,,,,,,,,,,
43,A,nonparticipants_only,,,10,0,10,0,0,0,0.19460243265159674,0.1859110964756725,0.42141628914772467,0.0030149079257646852,0,0,0.0,0,0.0,0.0,50.0,0,,,,,,,,,,,,,,,,,,,,,,,,,,,
43,A,step_totals,,,,,,,,,,,,,,,,,,,,,83.6000000000001,16.0,0.19138755980861222,,,57.0,0.6818181818181811,0.0,0.0,0.009875107984412317,0.22807017543859648,0.0,0,13,17,26,32,,57,34,4.600000000000001,0.05502392344497603,6.000000000000003,0.07177033492822962,23,30,31
44,A,all_agents,,,40,30,10,0,26,4,0.3298224124562371,0.2260091594204031,0.9120103210752055,0.050093169410504526,292,30,0.75,55,3.672727272727273,1.4,31.95,1580,,,,,,,,,,,,,,,,,,,,,,,,,,,
44,A,participants_only,,,30,30,0,0,26,4,0.37471205273976693,0.2525135697187117,0.9120103210752055,0.05775617239757119,292,30,1.0,55,3.672727272727273,1.4,25.933333333333334,1580,,,,,,,,,,,,,,,,,,,,,,,,,,,
44,A,nonparticipants_only,,,10,0,10,0,0,0,0.19515349160564766,0.18726730640498573,0.41930920770198604,0.002923202791888092,0,0,0.0,0,0.0,0.0,50.0,0,,,,,,,,,,,,,,,,,,,,,,,,,,,
44,A,step_totals,,,,,,,,,,,,,,,,,,,,,74.50000000000007,14.5,0.19463087248322128,,,49.0,0.6577181208053685,0.0,0.0,0.009142701843512634,0.14285714285714285,0.0,0,7,14,54,29,,49,29,5.200000000000002,0.06979865771812077,5.8000000000000025,0.07785234899328855,26,29,27
45,A,all_agents,,,40,30,10,0,26,4,0.33270905874245055,0.22638860772479102,0.9155299082321973,0.05097044276514667,300,30,0.75,55,3.672727272727273,1.4,31.75,1627,,,,,,,,,,,,,,,,,,,,,,,,,,,
45,A,participants_only,,,30,30,0,0,26,4,0.3783784729253465,0.2546421792769865,0.9155299082321973,0.0586729961403816,300,30,1.0,55,3.672727272727273,1.4,25.666666666666668,1627,,,,,,,,,,,,,,,,,,,,,,,,,,,
45,A,nonparticipants_only,,,10,0,10,0,0,0,0.19570081619376278,0.18778819267489746,0.4172126616634761,0.0028344379377351347,0,0,0.0,0,0.0,0.0,50.0,0,,,,,,,,,,,,,,,,,,,,,,,,,,,
45,A,step_totals,,,,,,,,,,,,,,,,,,,,,81.90000000000008,14.5,0.1770451770451769,,,57.0,0.6959706959706953,0.0,0.0,0.010755182434954994,0.14035087719298245,0.0,0,8,18,25,29,,57,31,4.400000000000001,0.053724053724053686,6.000000000000003,0.07326007326007322,22,30,29
46,A,all_agents,,,40,30,10,0,26,4,0.3349039598928368,0.22884501974691215,0.9189087119029093,0.0518919922395597,303,30,0.75,55,3.672727272727273,1.4,31.9,1670,,,,,,,,,,,,,,,,,,,,,,,,,,,
46,A,participants_only,,,30,30,0,0,26,4,0.3811238039566917,0.2560392378128945,0.9189087119029093,0.05972808212822602,303,30,1.0,55,3.672727272727273,1.4,25.866666666666667,1670,,,,,,,,,,,,,,,,,,,,,,,,,,,
46,A,nonparticipants_only,,,10,0,10,0,0,0,0.19624442770127182,0.18867365230799926,0.4151265983551587,0.002748434750115903,0,0,0.0,0,0.0,0.0,50.0,0,,,,,,,,,,,,,,,,,,,,,,,,,,,
46,A,step_totals,,,,,,,,,,,,,,,,,,,,,74.50000000000007,14.5,0.19463087248322128,,,49.0,0.6577181208053685,0.0,0.0,0.009797159784238207,0.061224489795918366,0.0,0,3,14,54,29,,49,29,5.200000000000002,0.06979865771812077,5.8000000000000025,0.07785234899328855,26,29,26
47,A,all_agents,,,40,30,10,0,26,4,0.33749610241737577,0.23086172407801345,0.922152363426793,0.052795721582133553,311,30,0.75,55,3.672727272727273,1.4,31.7,1715,,,,,,,,,,,,,,,,,,,,,,,,,,,
47,A,participants_only,,,30,30,0,0,26,4,0.38439988758881266,0.25638893378933264,0.922152363426793,0.060706491741659506,311,30,1.0,55,3.672727272727273,1.4,25.6,1715,,,,,,,,,,,,,,,,,,,,,,,,,,,
47,A,nonparticipants_only,,,10,0,10,0,0,0,0.19678474690306516,0.1898410266600975,0.41305096536338287,0.002663830342656061,0,0,0.0,0,0.0,0.0,50.0,0,,,,,,,,,,,,,,,,,,,,,,,,,,,
47,A,step_totals,,,,,,,,,,,,,,,,,,,,,80.90000000000009,13.5,0.16687268232385644,,,57.0,0.704573547589616,0.0,0.0,0.010055126218176587,0.14035087719298245,0.0,0,8,18,22,27,,57,29,4.400000000000001,0.054388133498145814,6.000000000000003,0.07416563658838067,22,30,28
48,A,all_agents,,,40,30,10,0,26,4,0.33943766341284615,0.2314034975718985,0.9252662688897213,0.05366493749560254,316,30,0.75,55,3.672727272727273,1.4,31.85,1756,,,,,,,,,,,,,,,,,,,,,,,,,,,
48,A,participants_only,,,30,30,0,0,26,4,0.38680982857445884,0.25707330743297674,0.9252662688897213,0.06171582479483858,316,30,1.0,55,3.672727272727273,1.4,25.8,1756,,,,,,,,,,,,,,,,,,,,,,,,,,,
48,A,nonparticipants_only,,,10,0,10,0,0,0,0.19732116792800827,0.18975912493751734,0.41098571053656596,0.002582811212705149,0,0,0.0,0,0.0,0.0,50.0,0,,,,,,,,,,,,,,,,,,,,,,,,,,,
48,A,step_totals,,,,,,,,,,,,,,,,,,,,,74.00000000000006,14.0,0.18918918918918903,,,49.0,0.6621621621621616,0.0,0.0,0.009087039347123226,0.10204081632653061,0.0,0,5,14,53,28,,49,29,5.200000000000002,0.07027027027027025,5.8000000000000025,0.07837837837837835,26,29,26
49,A,all_agents,,,40,30,10,0,24,6,0.3416368505851092,0.23158586804975032,0.9282556181341325,0.05454724292588695,324,30,0.75,55,3.672727272727273,1.4,31.65,1799,,,,,,,,,,,,,,,,,,,,,,,,,,,
49,A,participants_only,,,30,30,0,0,24,6,0.38956437767214447,0.2575701166610066,0.9282556181341325,0.06270703123350986,324,30,1.0,55,3.672727272727273,1.4,25.533333333333335,1799,,,,,,,,,,,,,,,,,,,,,,,,,,,
49,A,nonparticipants_only,,,10,0,10,0,0,0,0.19785426932400324,0.19053115708082397,0.4089307819838831,0.0025033037708761838,0,0,0.0,0,0.0,0.0,50.0,0,,,,,,,,,,,,,,,,,,,,,,,,,,,
49,A,step_totals,,,,,,,,,,,,,,,,,,,,,80.20000000000006,13.0,0.1620947630922692,,,57.0,0.7107231920199496,0.0,0.0,0.008998260402241725,0.14035087719298245,0.0,0,8,20,22,26,,57,29,4.200000000000001,0.05236907730673314,6.000000000000003,0.07481296758104736,21,30,28
50,A,all_agents,,,40,30,10,0,24,6,0.34332568763756743,0.23329399249282812,0.9311253934087672,0.055371802257926137,329,30,0.75,55,3.672727272727273,1.4,31.85,1839,,,,,,,,,,,,,,,,,,,,,,,,,,,
50,A,participants_only,,,30,30,0,0,24,6,0.39163958635924234,0.25737729471503595,0.9311253934087672,0.06368358182869033,329,30,1.0,55,3.672727272727273,1.4,25.8,1839,,,,,,,,,,,,,,,,,,,,,,,,,,,
50,A,nonparticipants_only,,,10,0,10,0,0,0,0.19838399147254265,0.19103436614421343,0.4068861280739637,0.0024256698293744225,0,0,0.0,0,0.0,0.0,50.0,0,,,,,,,,,,,,,,,,,,,,,,,,,,,
50,A,step_totals,,,,,,,,,,,,,,,,,,,,,72.70000000000007,13.5,0.18569463548830792,,,48.0,0.660247592847317,0.0,0.0,0.008493007258920549,0.10416666666666667,0.0,0,5,15,52,27,,48,28,5.200000000000002,0.07152682255845938,6.000000000000003,0.08253094910591467,26,30,27
50,A,reachability,0.225,0.0,,,,,,,,,,,,,,,,,,,,,,,,,,,,,,,,,,,,,,,,,,,,,
51,A,all_agents,,,40,30,10,0,23,7,0.3454818609858407,0.233522261038171,0.9338803776724165,0.056194167465207986,333,30,0.75,55,3.672727272727273,1.4,31.65,1882,,,,,,,,,,,,,,,,,,,,,,,,,,,
51,A,participants_only,,,30,30,0,0,23,7,0.39433916599986807,0.258590202487101,0.9338803776724165,0.06459363104358795,333,30,1.0,55,3.672727272727273,1.4,25.533333333333335,1882,,,,,,,,,,,,,,,,,,,,,,,,,,,
51,A,nonparticipants_only,,,10,0,10,0,0,0,0.19890994594375883,0.19297947660487255,0.40485169743359384,0.0023513416912637163,0,0,0.0,0,0.0,0.0,50.0,0,,,,,,,,,,,,,,,,,,,,,,,,,,,
51,A,step_totals,,,,,,,,,,,,,,,,,,,,,80.20000000000006,13.0,0.1620947630922692,,,57.0,0.7107231920199496,0.0,0.0,0.008885699506077422,0.07017543859649122,0.0,0,4,20,22,26,,57,29,4.200000000000001,0.05236907730673314,6.000000000000003,0.07481296758104736,21,30,28
52,A,all_agents,,,40,30,10,0,23,7,0.34708978017007464,0.23474566389013646,0.9345415738956924,0.05698670786368296,339,30,0.75,55,3.672727272727273,1.4,31.85,1922,,,,,,,,,,,,,,,,,,,,,,,,,,,
52,A,participants_only,,,30,30,0,0,23,7,0.39630893571728054,0.2585157491179704,0.9345415738956924,0.0655323015883998,339,30,1.0,55,3.672727272727273,1.4,25.8,1922,,,,,,,,,,,,,,,,,,,,,,,,,,,
52,A,nonparticipants_only,,,10,0,10,0,0,0,0.19943231352845714,0.19408736097924156,0.40282743894642586,0.0022796234161719282,0,0,0.0,0,0.0,0.0,50.0,0,,,,,,,,,,,,,,,,,,,,,,,,,,,
52,A,step_totals,,,,,,,,,,,,,,,,,,,,,72.70000000000009,13.5,0.1856946354883079,,,48.0,0.6602475928473169,0.0,0.0,0.008249687555785009,0.125,0.0,0,6,15,51,27,,48,28,5.200000000000002,0.07152682255845937,6.000000000000003,0.08253094910591466,26,30,27
53,A,all_agents,,,40,30,10,0,22,8,0.34891063849190396,0.23359032149840156,0.9371599109398647,0.05776122664919575,345,30,0.75,55,3.672727272727273,1.4,31.65,1962,,,,,,,,,,,,,,,,,,,,,,,,,,,
53,A,participants_only,,,30,30,0,0,22,8,0.39856368493561656,0.25932631866852973,0.9371599109398647,0.06641687999839403,345,30,1.0,55,3.672727272727273,1.4,25.533333333333335,1962,,,,,,,,,,,,,,,,,,,,,,,,,,,
53,A,nonparticipants_only,,,10,0,10,0,0,0,0.1999514991607661,0.19403263843107915,0.4008133017516937,0.0022091663479031436,0,0,0.0,0,0.0,0.0,50.0,0,,,,,,,,,,,,,,,,,,,,,,,,,,,
53,A,step_totals,,,,,,,,,,,,,,,,,,,,,78.90000000000005,11.5,0.14575411913814948,,,57.0,0.7224334600760451,0.0,0.0,0.008072849092734062,0.10526315789473684,0.0,0,6,20,22,23,,57,29,4.400000000000001,0.05576679340937894,6.000000000000003,0.07604562737642584,22,30,28
54,A,all_agents,,,40,30,10,0,22,8,0.3504074327832579,0.23422345842384754,0.9396735145022701,0.05853653354450843,355,30,0.75,55,3.672727272727273,1.4,31.85,2003,,,,,,,,,,,,,,,,,,,,,,,,,,,
54,A,participants_only,,,30,30,0,0,22,8,0.400387361301386,0.2598330233839965,0.9396735145022701,0.0673435898787273,355,30,1.0,55,3.672727272727273,1.4,25.8,2003,,,,,,,,,,,,,,,,,,,,,,,,,,,
54,A,nonparticipants_only,,,10,0,10,0,0,0,0.2004676472288737,0.19480665328161031,0.39880923524293527,0.0021394454857255564,0,0,0.0,0,0.0,0.0,50.0,0,,,,,,,,,,,,,,,,,,,,,,,,,,,
54,A,step_totals,,,,,,,,,,,,,,,,,,,,,72.00000000000009,13.0,0.18055555555555533,,,48.0,0.6666666666666659,0.0,0.0,0.007993841798636991,0.20833333333333334,0.0,0,10,16,51,26,,48,28,5.000000000000002,0.06944444444444439,6.000000000000003,0.08333333333333327,25,30,27
55,A,all_agents,,,40,30,10,0,22,8,0.3524262003512963,0.2348298178427975,0.9420865739221793,0.059371169097679546,361,30,0.75,55,3.672727272727273,1.4,31.65,2048,,,,,,,,,,,,,,,,,,,,,,,,,,,
55,A,participants_only,,,30,30,0,0,22,8,0.4029082728910422,0.2602854654474785,0.9420865739221793,0.06827663724575525,361,30,1.0,55,3.672727272727273,1.4,25.533333333333335,2048,,,,,,,,,,,,,,,,,,,,,,,,,,,
55,A,nonparticipants_only,,,10,0,10,0,0,0,0.2009799827320587,0.19527019056767955,0.3968151890667206,0.00207348887855446,0,0,0.0,0,0.0,0.0,50.0,0,,,,,,,,,,,,,,,,,,,,,,,,,,,
55,A,step_totals,,,,,,,,,,,,,,,,,,,,,78.20000000000007,11.0,0.1406649616368285,,,57.0,0.728900255754475,0.0,0.0,0.008792286096310158,0.10526315789473684,0.0,0,6,22,21,22,,57,29,4.200000000000001,0.05370843989769817,6.000000000000003,0.0767263427109974,21,30,28
56,A,all_agents,,,40,30,10,0,22,8,0.3536998053945785,0.2350289448755278,0.9444031109652922,0.06006190260642704,368,30,0.75,55,3.672727272727273,1.4,31.85,2085,,,,,,,,,,,,,,,,,,,,,,,,,,,
56,A,participants_only,,,30,30,0,0,22,8,0.40443686317866656,0.26021410723766114,0.9444031109652922,0.06911531578859523,368,30,1.0,55,3.672727272727273,1.4,25.8,2085,,,,,,,,,,,,,,,,,,,,,,,,,,,
56,A,nonparticipants_only,,,10,0,10,0,0,0,0.2014886320423144,0.1971576246238883,0.39483111312138697,0.002010674668891812,0,0,0.0,0,0.0,0.0,50.0,0,,,,,,,,,,,,,,,,,,,,,,,,,,,
56,A,step_totals,,,,,,,,,,,,,,,,,,,,,72.30000000000008,12.5,0.17289073305670796,,,49.0,0.6777316735822952,0.0,0.0,0.007209590178791226,0.14285714285714285,0.0,0,7,17,48,25,,49,27,4.800000000000002,0.06639004149377588,6.000000000000003,0.08298755186721986,24,30,26
57,A,all_agents,,,40,30,10,0,21,9,0.3555011650703332,0.2344841074827193,0.9466269865266805,0.060892414916040256,378,30,0.75,55,3.672727272727273,1.4,31.65,2130,,,,,,,,,,,,,,,,,,,,,,,,,,,
57,A,participants_only,,,30,30,0,0,21,9,0.40667011008306425,0.2603693352692479,0.9466269865266805,0.07006736316583712,378,30,1.0,55,3.672727272727273,1.4,25.533333333333335,2130,,,,,,,,,,,,,,,,,,,,,,,,,,,
57,A,nonparticipants_only,,,10,0,10,0,0,0,0.20199433003214012,0.19820778301701344,0.39285695755578004,0.001948438962058957,0,0,0.0,0,0.0,0.0,50.0,0,,,,,,,,,,,,,,,,,,,,,,,,,,,
57,A,step_totals,,,,,,,,,,,,,,,,,,,,,76.80000000000005,10.0,0.13020833333333323,,,57.0,0.7421874999999994,0.0,0.0,0.008316543612541062,0.17543859649122806,0.0,0,10,23,19,20,,57,29,3.800000000000001,0.049479166666666644,6.000000000000003,0.07812499999999999,19,30,27
58,A,all_agents,,,40,30,10,0,21,9,0.3569428354155668,0.23545806890684123,0.9487619070656134,0.06165085395317459,381,30,0.75,55,3.672727272727273,1.4,31.85,2173,,,,,,,,,,,,,,,,,,,,,,,,,,,
58,A,participants_only,,,30,30,0,0,21,9,0.4084248238232897,0.2616410414124108,0.9487619070656134,0.07097035158170494,381,30,1.0,55,3.672727272727273,1.4,25.8,2173,,,,,,,,,,,,,,,,,,,,,,,,,,,
58,A,nonparticipants_only,,,10,0,10,0,0,0,0.20249687019239818,0.19817943372654168,0.39089267276800116,0.0018876195026286233,0,0,0.0,0,0.0,0.0,50.0,0,,,,,,,,,,,,,,,,,,,,,,,,,,,
58,A,step_totals,,,,,,,,,,,,,,,,,,,,,72.30000000000007,12.5,0.172890733056708,,,49.0,0.6777316735822954,0.0,0.0,0.007786899944359515,0.061224489795918366,0.0,0,3,17,48,25,,49,27,4.800000000000002,0.06639004149377589,6.000000000000003,0.08298755186721987,24,30,26
59,A,all_agents,,,40,30,10,0,20,10,0.3587569919204877,0.235205434169101,0.9508114307829888,0.062434874047252606,390,30,0.75,55,3.672727272727273,1.4,31.65,2219,,,,,,,,,,,,,,,,,,,,,,,,,,,
59,A,participants_only,,,30,30,0,0,20,10,0.41067728276225757,0.2610763861550417,0.9508114307829888,0.0718540376698776,390,30,1.0,55,3.672727272727273,1.4,25.533333333333335,2219,,,,,,,,,,,,,,,,,,,,,,,,,,,
59,A,nonparticipants_only,,,10,0,10,0,0,0,0.2029961193951784,0.19895537249307388,0.38893820940416113,0.0018287839662500746,0,0,0.0,0,0.0,0.0,50.0,0,,,,,,,,,,,,,,,,,,,,,,,,,,,
59,A,step_totals,,,,,,,,,,,,,,,,,,,,,76.80000000000007,10.0,0.13020833333333323,,,57.0,0.7421874999999993,0.0,0.0,0.008368051030893147,0.15789473684210525,0.0,0,9,23,19,20,,57,29,3.800000000000001,0.04947916666666664,6.000000000000003,0.07812499999999997,19,30,27
60,A,all_agents,,,40,30,10,0,20,10,0.3602860157173812,0.23506247376562217,0.9527789735516693,0.06315708279350517,396,30,0.75,55,3.672727272727273,1.4,31.85,2264,,,,,,,,,,,,,,,,,,,,,,,,,,,
60,A,participants_only,,,30,30,0,0,20,10,0.41255073083095695,0.26074331312937826,0.9527789735516693,0.07269212071399071,396,30,1.0,55,3.672727272727273,1.4,25.8,2264,,,,,,,,,,,,,,,,,,,,,,,,,,,
60,A,nonparticipants_only,,,10,0,10,0,0,0,0.20349187037665412,0.19938041434914108,0.3869935183571403,0.0017727636812097825,0,0,0.0,0,0.0,0.0,50.0,0,,,,,,,,,,,,,,,,,,,,,,,,,,,
60,A,step_totals,,,,,,,,,,,,,,,,,,,,,72.30000000000005,12.5,0.17289073305670802,,,49.0,0.6777316735822955,0.0,0.0,0.008096611443519175,0.12244897959183673,0.0,0,6,17,48,25,,49,27,4.800000000000002,0.0663900414937759,6.000000000000003,0.08298755186721989,24,30,26
60,A,reachability,0.225,0.0,,,,,,,,,,,,,,,,,,,,,,,,,,,,,,,,,,,,,,,,,,,,,
61,A,all_agents,,,40,30,10,0,20,10,0.3620351254812867,0.23734074694300067,0.9546678146096025,0.06400232309560393,402,30,0.75,55,3.672727272727273,1.4,31.65,2312,,,,,,,,,,,,,,,,,,,,,,,,,,,
61,A,participants_only,,,30,30,0,0,20,10,0.4147187410719752,0.26049024379456,0.9546678146096025,0.07366121600957884,402,30,1.0,55,3.672727272727273,1.4,25.533333333333335,2312,,,,,,,,,,,,,,,,,,,,,,,,,,,
61,A,nonparticipants_only,,,10,0,10,0,0,0,0.2039842787092212,0.20121188222132014,0.3850585507653546,0.0017188841331899592,0,0,0.0,0,0.0,0.0,50.0,0,,,,,,,,,,,,,,,,,,,,,,,,,,,
61,A,step_totals,,,,,,,,,,,,,,,,,,,,,75.80000000000007,9.0,0.1187335092348284,,,57.0,0.7519788918205798,0.0,0.0,0.008317326750613427,0.10526315789473684,0.0,0,6,23,19,18,,57,28,3.800000000000001,0.050131926121372,6.000000000000003,0.07915567282321896,19,30,26
62,A,all_agents,,,40,30,10,0,20,10,0.36338209498082136,0.2367869138961409,0.9564811020252184,0.06472344092144566,408,30,0.75,55,3.672727272727273,1.4,31.85,2356,,,,,,,,,,,,,,,,,,,,,,,,,,,
62,A,participants_only,,,30,30,0,0,20,10,0.416351461381116,0.26064444649153434,0.9564811020252184,0.0745199495752585,408,30,1.0,55,3.672727272727273,1.4,25.8,2356,,,,,,,,,,,,,,,,,,,,,,,,,,,
62,A,nonparticipants_only,,,10,0,10,0,0,0,0.20447399577993736,0.20220602632367296,0.3831332580115278,0.0016648696378231765,0,0,0.0,0,0.0,0.0,50.0,0,,,,,,,,,,,,,,,,,,,,,,,,,,,
62,A,step_totals,,,,,,,,,,,,,,,,,,,,,71.30000000000007,11.5,0.16129032258064502,,,49.0,0.6872370266479657,0.0,0.0,0.007646992619612695,0.12244897959183673,0.0,0,6,18,46,23,,49,26,4.800000000000002,0.06732117812061707,6.000000000000003,0.08415147265077134,24,30,25
63,A,all_agents,,,40,30,10,0,20,10,0.3651499940400495,0.23631640432075907,0.9582218579442097,0.06549752250297941,415,30,0.75,55,3.672727272727273,1.4,31.65,2404,,,,,,,,,,,,,,,,,,,,,,,,,,,
63,A,participants_only,,,30,30,0,0,20,10,0.41854656063316714,0.2604885329187113,0.9582218579442097,0.07538741501646394,415,30,1.0,55,3.672727272727273,1.4,25.533333333333335,2404,,,,,,,,,,,,,,,,,,,,,,,,,,,
63,A,nonparticipants_only,,,10,0,10,0,0,0,0.2049602942606967,0.20220326827120294,0.3812175917214702,0.001613525075326856,0,0,0.0,0,0.0,0.0,50.0,0,,,,,,,,,,,,,,,,,,,,,,,,,,,
63,A,step_totals,,,,,,,,,,,,,,,,,,,,,75.80000000000008,9.0,0.11873350923482837,,,57.0,0.7519788918205796,0.0,0.0,0.008387477944724114,0.12280701754385964,0.0,0,7,23,18,18,,57,28,3.800000000000001,0.05013192612137199,6.000000000000003,0.07915567282321895,19,30,26
64,A,all_agents,,,40,30,10,0,20,10,0.36640445405092803,0.23606881042871586,0.9598929836264413,0.06618010693478778,421,30,0.75,55,3.672727272727273,1.4,31.85,2448,,,,,,,,,,,,,,,,,,,,,,,,,,,
64,A,participants_only,,,30,30,0,0,20,10,0.42005816656823164,0.260529868381974,0.9598929836264413,0.07620382430823625,421,30,1.0,55,3.672727272727273,1.4,25.8,2448,,,,,,,,,,,,,,,,,,,,,,,,,,,
64,A,nonparticipants_only,,,10,0,10,0,0,0,0.20544331649901743,0.2029810739057898,0.3793115037628628,0.0015643044117688942,0,0,0.0,0,0.0,0.0,50.0,0,,,,,,,,,,,,,,,,,,,,,,,,,,,
64,A,step_totals,,,,,,,,,,,,,,,,,,,,,72.00000000000007,12.0,0.1666666666666665,,,49.0,0.6805555555555549,0.0,0.0,0.007267645076600717,0.12244897959183673,0.0,0,6,17,46,24,,49,26,5.000000000000002,0.0694444444444444,6.000000000000003,0.08333333333333329,25,30,26
65,A,all_agents,,,40,30,10,0,20,10,0.3681454028194519,0.2367014308763126,0.9614972642813836,0.06700931342626734,427,30,0.75,55,3.672727272727273,1.4,31.65,2498,,,,,,,,,,,,,,,,,,,,,,,,,,,
65,A,participants_only,,,30,30,0,0,20,10,0.422219443668916,0.2611024272769645,0.9614972642813836,0.07714422786461865,427,30,1.0,55,3.672727272727273,1.4,25.533333333333335,2498,,,,,,,,,,,,,,,,,,,,,,,,,,,
65,A,nonparticipants_only,,,10,0,10,0,0,0,0.20592328027105958,0.20336876179812907,0.37741494624404853,0.0015165473857392865,0,0,0.0,0,0.0,0.0,50.0,0,,,,,,,,,,,,,,,,,,,,,,,,,,,
65,A,step_totals,,,,,,,,,,,,,,,,,,,,,74.40000000000006,8.0,0.10752688172043001,,,57.0,0.7661290322580638,0.0,0.0,0.008502350799588243,0.10526315789473684,0.0,0,6,25,15,16,,57,27,3.400000000000001,0.04569892473118277,6.000000000000003,0.08064516129032255,17,30,26
66,A,all_agents,,,40,30,10,0,20,10,0.3693681640700964,0.23661140027590538,0.9630373737101282,0.06763901094546605,435,30,0.75,55,3.672727272727273,1.4,31.85,2542,,,,,,,,,,,,,,,,,,,,,,,,,,,
66,A,participants_only,,,30,30,0,0,20,10,0.4236908608588294,0.2611221750862789,0.9630373737101282,0.07789134569231318,435,30,1.0,55,3.672727272727273,1.4,25.8,2542,,,,,,,,,,,,,,,,,,,,,,,,,,,
66,A,nonparticipants_only,,,10,0,10,0,0,0,0.20640007370389743,0.20514592299525283,0.3755278715128283,0.0014705420681172473,0,0,0.0,0,0.0,0.0,50.0,0,,,,,,,,,,,,,,,,,,,,,,,,,,,
66,A,step_totals,,,,,,,,,,,,,,,,,,,,,72.00000000000007,12.0,0.1666666666666665,,,49.0,0.6805555555555549,0.0,0.0,0.007183710347537116,0.16326530612244897,0.0,0,8,17,46,24,,49,26,5.000000000000002,0.0694444444444444,6.000000000000003,0.08333333333333329,25,30,26
67,A,all_agents,,,40,30,10,0,20,10,0.3708185650717149,0.23910160484596413,0.9645158787617231,0.06836515330382129,443,30,0.75,55,3.672727272727273,1.4,31.65,2587,,,,,,,,,,,,,,,,,,,,,,,,,,,
67,A,participants_only,,,30,30,0,0,20,10,0.42546682157694143,0.2603637091317541,0.9645158787617231,0.07873245229889769,443,30,1.0,55,3.672727272727273,1.4,25.533333333333335,2587,,,,,,,,,,,,,,,,,,,,,,,,,,,
67,A,nonparticipants_only,,,10,0,10,0,0,0,0.20687379555603533,0.2060857137422685,0.37365023215526416,0.001426073049859696,0,0,0.0,0,0.0,0.0,50.0,0,,,,,,,,,,,,,,,,,,,,,,,,,,,
67,A,step_totals,,,,,,,,,,,,,,,,,,,,,74.40000000000006,8.0,0.10752688172043001,,,57.0,0.7661290322580638,0.0,0.0,0.007575479263447562,0.14035087719298245,0.0,0,8,25,15,16,,57,26,3.400000000000001,0.04569892473118277,6.000000000000003,0.08064516129032255,17,30,25
68,A,all_agents,,,40,30,10,0,20,10,0.37191212238771876,0.23908748833841365,0.9659352436112542,0.06894159267695424,453,30,0.75,55,3.672727272727273,1.4,31.85,2630,,,,,,,,,,,,,,,,,,,,,,,,,,,
68,A,participants_only,,,30,30,0,0,20,10,0.42676801393944763,0.26004646395902437,0.9659352436112542,0.07942438170291154,453,30,1.0,55,3.672727272727273,1.4,25.8,2630,,,,,,,,,,,,,,,,,,,,,,,,,,,
68,A,nonparticipants_only,,,10,0,10,0,0,0,0.20734444773253205,0.20610778809655483,0.37178198099448784,0.0013831995438618623,0,0,0.0,0,0.0,0.0,50.0,0,,,,,,,,,,,,,,,,,,,,,,,,,,,
68,A,step_totals,,,,,,,,,,,,,,,,,,,,,71.80000000000008,12.0,0.16713091922005552,,,49.0,0.6824512534818934,0.0,0.0,0.006789766963617128,0.20408163265306123,0.0,0,10,17,45,24,,49,25,4.800000000000002,0.06685236768802223,6.000000000000003,0.0835654596100278,24,30,26
69,A,all_agents,,,40,30,10,0,20,10,0.3733584535964724,0.2382708532038765,0.967297833866804,0.06974042698563616,462,30,0.75,55,3.672727272727273,1.4,31.65,2679,,,,,,,,,,,,,,,,,,,,,,,,,,,
69,A,participants_only,,,30,30,0,0,20,10,0.42854053952854027,0.259583782714778,0.967297833866804,0.08035987157484704,462,30,1.0,55,3.672727272727273,1.4,25.533333333333335,2679,,,,,,,,,,,,,,,,,,,,,,,,,,,
69,A,nonparticipants_only,,,10,0,10,0,0,0,0.2078121958002689,0.2068874052428352,0.3699230710895154,0.0013413419242341241,0,0,0.0,0,0.0,0.0,50.0,0,,,,,,,,,,,,,,,,,,,,,,,,,,,
69,A,step_totals,,,,,,,,,,,,,,,,,,,,,74.40000000000006,8.0,0.10752688172043001,,,57.0,0.7661290322580638,0.0,0.0,0.007572195856740772,0.15789473684210525,0.0,0,9,25,14,16,,57,25,3.400000000000001,0.04569892473118277,6.000000000000003,0.08064516129032255,17,30,25
70,A,all_agents,,,40,30,10,0,20,10,0.3745042582080008,0.23750357950795312,0.9686059205121319,0.07029969637816127,468,30,0.75,55,3.672727272727273,1.4,31.85,2722,,,,,,,,,,,,,,,,,,,,,,,,,,,
70,A,participants_only,,,30,30,0,0,20,10,0.4299134059216869,0.25902748811344556,0.9686059205121319,0.08101842570117183,468,30,1.0,55,3.672727272727273,1.4,25.8,2722,,,,,,,,,,,,,,,,,,,,,,,,,,,
70,A,nonparticipants_only,,,10,0,10,0,0,0,0.2082768150669424,0.20723884679096916,0.3680734557340678,0.0013014246048445384,0,0,0.0,0,0.0,0.0,50.0,0,,,,,,,,,,,,,,,,,,,,,,,,,,,
70,A,step_totals,,,,,,,,,,,,,,,,,,,,,71.80000000000007,12.0,0.16713091922005555,,,49.0,0.6824512534818935,0.0,0.0,0.006982192418297306,0.12244897959183673,0.0,0,6,17,45,24,,49,25,4.800000000000002,0.06685236768802225,6.000000000000003,0.08356545961002781,24,30,26
70,A,reachability,0.225,0.0,,,,,,,,,,,,,,,,,,,,,,,,,,,,,,,,,,,,,,,,,,,,,
71,A,all_agents,,,40,30,10,0,20,10,0.37573804694034557,0.237180283013452,0.9698616836916466,0.07105527749555639,475,30,0.75,55,3.672727272727273,1.4,31.65,2769,,,,,,,,,,,,,,,,,,,,,,,,,,,
71,A,participants_only,,,30,30,0,0,20,10,0.4314047045458398,0.2588923605972265,0.9698616836916466,0.08192384992228263,475,30,1.0,55,3.672727272727273,1.4,25.533333333333335,2769,,,,,,,,,,,,,,,,,,,,,,,,,,,
71,A,nonparticipants_only,,,10,0,10,0,0,0,0.20873807412386283,0.20896331161426124,0.3662330884553975,0.0012642389877696935,0,0,0.0,0,0.0,0.0,50.0,0,,,,,,,,,,,,,,,,,,,,,,,,,,,
71,A,step_totals,,,,,,,,,,,,,,,,,,,,,73.90000000000006,7.5,0.10148849797022995,,,57.0,0.7713125845737476,0.0,0.0,0.006957326520985498,0.12280701754385964,0.0,0,7,25,14,15,,57,25,3.400000000000001,0.04600811907983759,6.000000000000003,0.081190798376184,17,30,25
72,A,all_agents,,,40,30,10,0,20,10,0.3767189977688454,0.23767123324388562,0.9710672163439807,0.07162256706359706,480,30,0.75,55,3.672727272727273,1.4,31.85,2813,,,,,,,,,,,,,,,,,,,,,,,,,,,
72,A,participants_only,,,30,30,0,0,20,10,0.4325598295935268,0.25885786612862927,0.9710672163439807,0.08261465405217801,480,30,1.0,55,3.672727272727273,1.4,25.8,2813,,,,,,,,,,,,,,,,,,,,,,,,,,,
72,A,nonparticipants_only,,,10,0,10,0,0,0,0.20919650229480094,0.20985036069132684,0.36440192301312047,0.0012279241113858767,0,0,0.0,0,0.0,0.0,50.0,0,,,,,,,,,,,,,,,,,,,,,,,,,,,
72,A,step_totals,,,,,,,,,,,,,,,,,,,,,71.30000000000005,11.5,0.16129032258064505,,,49.0,0.6872370266479658,0.0,0.0,0.00650825246988948,0.10204081632653061,0.0,0,5,18,45,23,,49,25,4.800000000000002,0.06732117812061708,6.000000000000003,0.08415147265077136,24,30,26
73,A,all_agents,,,40,30,10,0,20,10,0.3781770125225368,0.2381293277134745,0.9722245276902215,0.07240411832703232,487,30,0.75,55,3.672727272727273,1.4,31.65,2864,,,,,,,,,,,,,,,,,,,,,,,,,,,
73,A,participants_only,,,30,30,0,0,20,10,0.4343519733445608,0.2586290687398054,0.9722245276902215,0.08351883201852675,487,30,1.0,55,3.672727272727273,1.4,25.533333333333335,2864,,,,,,,,,,,,,,,,,,,,,,,,,,,
73,A,nonparticipants_only,,,10,0,10,0,0,0,0.20965213005646494,0.20989653112198392,0.36257991339805484,0.0011924625722779462,0,0,0.0,0,0.0,0.0,50.0,0,,,,,,,,,,,,,,,,,,,,,,,,,,,
73,A,step_totals,,,,,,,,,,,,,,,,,,,,,73.90000000000006,7.5,0.10148849797022995,,,57.0,0.7713125845737476,0.0,0.0,0.0076936143782448795,0.12280701754385964,0.0,0,7,25,14,15,,57,24,3.400000000000001,0.04600811907983759,6.000000000000003,0.081190798376184,17,30,24
74,A,all_agents,,,40,30,10,0,20,10,0.37907775001271254,0.23896255909697856,0.9733355465826127,0.07290588586456383,493,30,0.75,55,3.672727272727273,1.4,31.85,2907,,,,,,,,,,,,,,,,,,,,,,,,,,,
74,A,participants_only,,,30,30,0,0,20,10,0.43540190453849936,0.25954778787174737,0.9733355465826127,0.08413263648014467,493,30,1.0,55,3.672727272727273,1.4,25.8,2907,,,,,,,,,,,,,,,,,,,,,,,,,,,
74,A,nonparticipants_only,,,10,0,10,0,0,0,0.21010528643535198,0.21067790606502323,0.3607670138310646,0.0011567094212847258,0,0,0.0,0,0.0,0.0,50.0,0,,,,,,,,,,,,,,,,,,,,,,,,,,,
74,A,step_totals,,,,,,,,,,,,,,,,,,,,,71.30000000000005,11.5,0.16129032258064505,,,49.0,0.6872370266479658,0.0,0.0,0.006257270250718746,0.12244897959183673,0.0,0,6,18,45,23,,49,25,4.800000000000002,0.06732117812061708,6.000000000000003,0.08415147265077136,24,30,26
75,A,all_agents,,,40,30,10,0,20,10,0.38038174121368357,0.23823357014213492,0.9744021247193082,0.07370477449137637,502,30,0.75,55,3.672727272727273,1.4,31.65,2957,,,,,,,,,,,,,,,,,,,,,,,,,,,
75,A,participants_only,,,30,30,0,0,20,10,0.4369906608565739,0.2582500489323887,0.9744021247193082,0.08507997084998334,502,30,1.0,55,3.672727272727273,1.4,25.533333333333335,2957,,,,,,,,,,,,,,,,,,,,,,,,,,,
75,A,nonparticipants_only,,,10,0,10,0,0,0,0.21055498228501282,0.21099417604534665,0.35896317876190925,0.0011243480179329542,0,0,0.0,0,0.0,0.0,50.0,0,,,,,,,,,,,,,,,,,,,,,,,,,,,
75,A,step_totals,,,,,,,,,,,,,,,,,,,,,73.20000000000005,7.0,0.09562841530054639,,,57.0,0.7786885245901635,0.0,0.0,0.0072840120769913285,0.15789473684210525,0.0,0,9,26,13,14,,57,23,3.2000000000000006,0.0437158469945355,6.000000000000003,0.08196721311475408,16,30,22
76,A,all_agents,,,40,30,10,0,20,10,0.38120216702760584,0.23732884489606482,0.9754260397305359,0.07417208118223201,506,30,0.75,55,3.672727272727273,1.4,31.85,2998,,,,,,,,,,,,,,,,,,,,,,,,,,,
76,A,participants_only,,,30,30,0,0,20,10,0.4379357196817399,0.2582012590298119,0.9754260397305359,0.08565657176388797,506,30,1.0,55,3.672727272727273,1.4,25.8,2998,,,,,,,,,,,,,,,,,,,,,,,,,,,
76,A,nonparticipants_only,,,10,0,10,0,0,0,0.21100150906520362,0.2124032215802787,0.3571683628680997,0.0010942574761512898,0,0,0.0,0,0.0,0.0,50.0,0,,,,,,,,,,,,,,,,,,,,,,,,,,,
76,A,step_totals,,,,,,,,,,,,,,,,,,,,,71.30000000000007,11.5,0.16129032258064502,,,49.0,0.6872370266479657,0.0,0.0,0.006002673864487436,0.08163265306122448,0.0,0,4,18,45,23,,49,25,4.800000000000002,0.06732117812061707,6.000000000000003,0.08415147265077134,24,30,26
77,A,all_agents,,,40,30,10,0,20,10,0.3824753741848264,0.23652757938283142,0.9764089981413144,0.07495251295654287,511,30,0.75,55,3.672727272727273,1.4,31.65,3048,,,,,,,,,,,,,,,,,,,,,,,,,,,
77,A,participants_only,,,30,30,0,0,20,10,0.43948537132176135,0.25774584551430213,0.9764089981413144,0.08658125574320974,511,30,1.0,55,3.672727272727273,1.4,25.533333333333335,3048,,,,,,,,,,,,,,,,,,,,,,,,,,,
77,A,nonparticipants_only,,,10,0,10,0,0,0,0.21144538277402158,0.2118768927987048,0.3553825210537592,0.0010646073139022772,0,0,0.0,0,0.0,0.0,50.0,0,,,,,,,,,,,,,,,,,,,,,,,,,,,
77,A,step_totals,,,,,,,,,,,,,,,,,,,,,73.20000000000005,7.0,0.09562841530054639,,,57.0,0.7786885245901635,0.0,0.0,0.0071894679777761965,0.08771929824561403,0.0,0,5,26,13,14,,57,23,3.2000000000000006,0.0437158469945355,6.000000000000003,0.08196721311475408,16,30,21
78,A,all_agents,,,40,30,10,0,20,10,0.3832120607813178,0.23610646430954424,0.9773526382156619,0.0753546115928193,521,30,0.75,55,3.672727272727273,1.4,31.85,3089,,,,,,,,,,,,,,,,,,,,,,,,,,,
78,A,participants_only,,,30,30,0,0,20,10,0.44032054909517193,0.25865993430983886,0.9773526382156619,0.08708212052251361,521,30,1.0,55,3.672727272727273,1.4,25.8,3089,,,,,,,,,,,,,,,,,,,,,,,,,,,
78,A,nonparticipants_only,,,10,0,10,0,0,0,0.21188659583975528,0.2124358614584533,0.3536056084484904,0.0010355315538128954,0,0,0.0,0,0.0,0.0,50.0,0,,,,,,,,,,,,,,,,,,,,,,,,,,,
78,A,step_totals,,,,,,,,,,,,,,,,,,,,,71.30000000000007,11.5,0.16129032258064502,,,49.0,0.6872370266479657,0.0,0.0,0.0057370841899083294,0.20408163265306123,0.0,0,10,18,45,23,,49,25,4.800000000000002,0.06732117812061707,6.000000000000003,0.08415147265077134,24,30,26
79,A,all_agents,,,40,30,10,0,20,10,0.3845870862671304,0.23515587908424912,0.9782585326870354,0.07617181489468758,526,30,0.75,55,3.672727272727273,1.4,31.65,3142,,,,,,,,,,,,,,,,,,,,,,,,,,,
79,A,participants_only,,,30,30,0,0,20,10,0.442007749872805,0.2573666346382897,0.9782585326870354,0.08803812503641802,526,30,1.0,55,3.672727272727273,1.4,25.533333333333335,3142,,,,,,,,,,,,,,,,,,,,,,,,,,,
79,A,nonparticipants_only,,,10,0,10,0,0,0,0.21232509545010653,0.21250506570870842,0.35183758040624796,0.0010072931625037306,0,0,0.0,0,0.0,0.0,50.0,0,,,,,,,,,,,,,,,,,,,,,,,,,,,
79,A,step_totals,,,,,,,,,,,,,,,,,,,,,73.20000000000006,7.0,0.09562841530054637,,,57.0,0.7786885245901632,0.0,0.0,0.007528315536861363,0.08771929824561403,0.0,0,5,26,13,14,,57,23,3.2000000000000006,0.04371584699453549,6.000000000000003,0.08196721311475406,16,30,21
80,A,all_agents,,,40,30,10,0,20,10,0.3855463380272016,0.23591088555037917,0.979128191379554,0.07661923692911705,531,30,0.75,55,3.672727272727273,1.4,31.85,3188,,,,,,,,,,,,,,,,,,,,,,,,,,,
80,A,participants_only,,,30,30,0,0,20,10,0.4431414655988345,0.2584069980412639,0.979128191379554,0.08856363354099324,531,30,1.0,55,3.672727272727273,1.4,25.8,3188,,,,,,,,,,,,,,,,,,,,,,,,,,,
80,A,nonparticipants_only,,,10,0,10,0,0,0,0.2127609553123028,0.213284230923239,0.35007839250421674,0.0009796624535764104,0,0,0.0,0,0.0,0.0,50.0,0,,,,,,,,,,,,,,,,,,,,,,,,,,,
80,A,step_totals,,,,,,,,,,,,,,,,,,,,,71.30000000000007,11.5,0.16129032258064502,,,49.0,0.6872370266479657,0.0,0.0,0.006505649889665447,0.10204081632653061,0.0,0,5,18,45,23,,49,25,4.800000000000002,0.06732117812061707,6.000000000000003,0.08415147265077134,24,30,26
80,A,reachability,0.225,0.0,,,,,,,,,,,,,,,,,,,,,,,,,,,,,,,,,,,,,,,,,,,,,
81,A,all_agents,,,40,30,10,0,20,10,0.386986496878297,0.23563252615783534,0.9799630637243718,0.07745213679987732,543,30,0.75,55,3.672727272727273,1.4,31.65,3243,,,,,,,,,,,,,,,,,,,,,,,,,,,
81,A,participants_only,,,30,30,0,0,20,10,0.4449173839164845,0.2571149630510575,0.9799630637243718,0.08952760017433846,543,30,1.0,55,3.672727272727273,1.4,25.533333333333335,3243,,,,,,,,,,,,,,,,,,,,,,,,,,,
81,A,nonparticipants_only,,,10,0,10,0,0,0,0.21319383576373455,0.21356496153628463,0.34832800054169566,0.0009538946001190538,0,0,0.0,0,0.0,0.0,50.0,0,,,,,,,,,,,,,,,,,,,,,,,,,,,
81,A,step_totals,,,,,,,,,,,,,,,,,,,,,73.00000000000007,7.0,0.09589041095890402,,,57.0,0.7808219178082184,0.0,0.0,0.007772112492097519,0.21052631578947367,0.0,0,12,26,12,14,,57,21,3.0000000000000004,0.04109589041095887,6.000000000000003,0.08219178082191776,15,30,18
82,A,all_agents,,,40,30,10,0,20,10,0.38794181796293886,0.2356206057021164,0.9807645411753969,0.07791071873621692,552,30,0.75,55,3.672727272727273,1.4,31.85,3290,,,,,,,,,,,,,,,,,,,,,,,,,,,
82,A,participants_only,,,30,30,0,0,20,10,0.4460477093532895,0.2580428855436613,0.9807645411753969,0.0900662657796532,552,30,1.0,55,3.672727272727273,1.4,25.8,3290,,,,,,,,,,,,,,,,,,,,,,,,,,,
82,A,nonparticipants_only,,,10,0,10,0,0,0,0.21362414379188702,0.21474398114672527,0.34658636053898717,0.0009285422347014521,0,0,0.0,0,0.0,0.0,50.0,0,,,,,,,,,,,,,,,,,,,,,,,,,,,
82,A,step_totals,,,,,,,,,,,,,,,,,,,,,71.30000000000007,11.5,0.16129032258064502,,,49.0,0.6872370266479657,0.0,0.0,0.006512104105321187,0.1836734693877551,0.0,0,9,18,45,23,,49,25,4.800000000000002,0.06732117812061707,6.000000000000003,0.08415147265077134,24,30,25
83,A,all_agents,,,40,30,10,0,20,10,0.38913414388301487,0.23561173735737728,0.9815339595283811,0.07869215205963725,567,30,0.75,55,3.672727272727273,1.4,31.65,3343,,,,,,,,,,,,,,,,,,,,,,,,,,,
83,A,participants_only,,,30,30,0,0,20,10,0.44749498931400156,0.256752671115943,0.9815339595283811,0.09099736773906045,567,30,1.0,55,3.672727272727273,1.4,25.533333333333335,3343,,,,,,,,,,,,,,,,,,,,,,,,,,,
83,A,nonparticipants_only,,,10,0,10,0,0,0,0.2140516075900548,0.2141294042130032,0.3448534287362922,0.0009046456683334262,0,0,0.0,0,0.0,0.0,50.0,0,,,,,,,,,,,,,,,,,,,,,,,,,,,
83,A,step_totals,,,,,,,,,,,,,,,,,,,,,73.00000000000006,7.0,0.09589041095890403,,,57.0,0.7808219178082185,0.0,0.0,0.006966420802829003,0.2631578947368421,0.0,0,15,26,11,14,,57,19,3.0000000000000004,0.04109589041095888,6.000000000000003,0.08219178082191778,15,30,16
84,A,all_agents,,,40,30,10,0,20,10,0.3898165624268523,0.2356097021097347,0.9822726011472458,0.07906944254679896,573,30,0.75,55,3.672727272727273,1.4,31.85,3386,,,,,,,,,,,,,,,,,,,,,,,,,,,
84,A,participants_only,,,30,30,0,0,20,10,0.448263384221488,0.25876622606431,0.9822726011472458,0.09146755049030024,573,30,1.0,55,3.672727272727273,1.4,25.8,3386,,,,,,,,,,,,,,,,,,,,,,,,,,,
84,A,nonparticipants_only,,,10,0,10,0,0,0,0.21447609704294504,0.21399458161965737,0.34312916159261075,0.0008827469815682026,0,0,0.0,0,0.0,0.0,50.0,0,,,,,,,,,,,,,,,,,,,,,,,,,,,
84,A,step_totals,,,,,,,,,,,,,,,,,,,,,71.30000000000007,11.5,0.16129032258064502,,,49.0,0.6872370266479657,0.0,0.0,0.005608316820802744,0.12244897959183673,0.0,0,6,18,45,23,,49,25,4.800000000000002,0.06732117812061707,6.000000000000003,0.08415147265077134,24,30,24
85,A,all_agents,,,40,30,10,0,20,10,0.39105561234274694,0.23512287757921227,0.982981697101356,0.0798873384181047,578,30,0.75,55,3.672727272727273,1.4,31.65,3441,,,,,,,,,,,,,,,,,,,,,,,,,,,
85,A,participants_only,,,30,30,0,0,20,10,0.449774707388736,0.25747239493398844,0.982981697101356,0.09243795217778782,578,30,1.0,55,3.672727272727273,1.4,25.533333333333335,3441,,,,,,,,,,,,,,,,,,,,,,,,,,,
85,A,nonparticipants_only,,,10,0,10,0,0,0,0.2148983272047798,0.2144639487598115,0.3414135157846477,0.0008603116628166181,0,0,0.0,0,0.0,0.0,50.0,0,,,,,,,,,,,,,,,,,,,,,,,,,,,
85,A,step_totals,,,,,,,,,,,,,,,,,,,,,73.00000000000007,7.0,0.09589041095890402,,,57.0,0.7808219178082184,0.0,0.0,0.007125562742747963,0.08771929824561403,0.0,0,5,26,11,14,,57,19,3.0000000000000004,0.04109589041095887,6.000000000000003,0.08219178082191776,15,30,16
86,A,all_agents,,,40,30,10,0,20,10,0.39180279794571643,0.23528539028447304,0.9836624292173017,0.08026843145204147,587,30,0.75,55,3.672727272727273,1.4,31.85,3486,,,,,,,,,,,,,,,,,,,,,,,,,,,
86,A,participants_only,,,30,30,0,0,20,10,0.4506310220386664,0.25761977009054826,0.9836624292173017,0.09290221326019775,587,30,1.0,55,3.672727272727273,1.4,25.8,3486,,,,,,,,,,,,,,,,,,,,,,,,,,,
86,A,nonparticipants_only,,,10,0,10,0,0,0,0.2153181256668663,0.2145559991744524,0.33970644820572443,0.0008379666284085094,0,0,0.0,0,0.0,0.0,50.0,0,,,,,,,,,,,,,,,,,,,,,,,,,,,
86,A,step_totals,,,,,,,,,,,,,,,,,,,,,71.30000000000008,11.5,0.16129032258064496,,,49.0,0.6872370266479656,0.0,0.0,0.0058441191510663956,0.1836734693877551,0.0,0,9,18,45,23,,49,25,4.800000000000002,0.06732117812061705,6.000000000000003,0.08415147265077133,24,30,24
87,A,all_agents,,,40,30,10,0,20,10,0.3930431288335157,0.2350746476530725,0.9843159320486097,0.08108754526475183,600,30,0.75,55,3.672727272727273,1.4,31.65,3542,,,,,,,,,,,,,,,,,,,,,,,,,,,
87,A,participants_only,,,30,30,0,0,20,10,0.45214584839933314,0.2563316712400955,0.9843159320486097,0.09387163659252071,600,30,1.0,55,3.672727272727273,1.4,25.533333333333335,3542,,,,,,,,,,,,,,,,,,,,,,,,,,,
87,A,nonparticipants_only,,,10,0,10,0,0,0,0.21573497013606366,0.21560606446321606,0.3380079159646958,0.0008176937605373508,0,0,0.0,0,0.0,0.0,50.0,0,,,,,,,,,,,,,,,,,,,,,,,,,,,
87,A,step_totals,,,,,,,,,,,,,,,,,,,,,73.00000000000007,7.0,0.09589041095890402,,,57.0,0.7808219178082184,0.0,0.0,0.00713613226565346,0.22807017543859648,0.0,0,13,26,11,14,,57,18,3.0000000000000004,0.04109589041095887,6.000000000000003,0.08219178082191776,15,30,15
88,A,all_agents,,,40,30,10,0,20,10,0.39372314148011894,0.2354661344858922,0.9849432947666653,0.08144795488221337,604,30,0.75,55,3.672727272727273,1.4,31.85,3587,,,,,,,,,,,,,,,,,,,,,,,,,,,
88,A,participants_only,,,30,30,0,0,20,10,0.4529144792982438,0.25857887453047423,0.9849432947666653,0.09431663328450489,604,30,1.0,55,3.672727272727273,1.4,25.8,3587,,,,,,,,,,,,,,,,,,,,,,,,,,,
88,A,nonparticipants_only,,,10,0,10,0,0,0,0.21614912802574426,0.21628444431456756,0.3363178763848723,0.000798546002946243,0,0,0.0,0,0.0,0.0,50.0,0,,,,,,,,,,,,,,,,,,,,,,,,,,,
88,A,step_totals,,,,,,,,,,,,,,,,,,,,,70.60000000000008,11.0,0.15580736543909332,,,49.0,0.6940509915014157,0.0,0.0,0.005712942046438287,0.08163265306122448,0.0,0,4,18,44,22,,49,25,4.600000000000001,0.06515580736543904,6.000000000000003,0.08498583569405094,23,30,24
89,A,all_agents,,,40,30,10,0,20,10,0.39472991154997317,0.23517485187450038,0.9855455629759987,0.08219583710922056,612,30,0.75,55,3.672727272727273,1.4,31.65,3638,,,,,,,,,,,,,,,,,,,,,,,,,,,
89,A,participants_only,,,30,30,0,0,20,10,0.45411965182264946,0.25728598015782184,0.9855455629759987,0.09522580904678138,612,30,1.0,55,3.672727272727273,1.4,25.533333333333335,3638,,,,,,,,,,,,,,,,,,,,,,,,,,,
89,A,nonparticipants_only,,,10,0,10,0,0,0,0.21656069073194414,0.21657612103430834,0.33463628700294795,0.0007802263006666607,0,0,0.0,0,0.0,0.0,50.0,0,,,,,,,,,,,,,,,,,,,,,,,,,,,
89,A,step_totals,,,,,,,,,,,,,,,,,,,,,73.00000000000006,7.0,0.09589041095890403,,,57.0,0.7808219178082185,0.0,0.0,0.006374130068024495,0.14035087719298245,0.0,0,8,26,11,14,,57,18,3.0000000000000004,0.04109589041095888,6.000000000000003,0.08219178082191778,15,30,15
90,A,all_agents,,,40,30,10,0,20,10,0.395350947604639,0.23514696839795837,0.9861237404569587,0.08251230957541465,620,30,0.75,55,3.672727272727273,1.4,31.85,3682,,,,,,,,,,,,,,,,,,,,,,,,,,,
90,A,participants_only,,,30,30,0,0,20,10,0.45481137677406996,0.2582142790975991,0.9861237404569587,0.0956199713174685,620,30,1.0,55,3.672727272727273,1.4,25.8,3682,,,,,,,,,,,,,,,,,,,,,,,,,,,
90,A,nonparticipants_only,,,10,0,10,0,0,0,0.21696966009634613,0.21631740545571404,0.33296310556793324,0.0007628127050981355,0,0,0.0,0,0.0,0.0,50.0,0,,,,,,,,,,,,,,,,,,,,,,,,,,,
90,A,step_totals,,,,,,,,,,,,,,,,,,,,,70.60000000000008,11.0,0.15580736543909332,,,49.0,0.6940509915014157,0.0,0.0,0.005524924122197849,0.16326530612244897,0.0,0,8,18,44,22,,49,25,4.600000000000001,0.06515580736543904,6.000000000000003,0.08498583569405094,23,30,24
90,A,reachability,0.25,0.0,,,,,,,,,,,,,,,,,,,,,,,,,,,,,,,,,,,,,,,,,,,,,
91,A,all_agents,,,40,30,10,0,20,10,0.3963966139966084,0.23621838546125645,0.9866787908386804,0.08326289785039503,627,30,0.75,55,3.672727272727273,1.4,31.65,3735,,,,,,,,,,,,,,,,,,,,,,,,,,,
91,A,participants_only,,,30,30,0,0,20,10,0.456070047308347,0.25692320770211113,0.9866787908386804,0.09652507280033687,627,30,1.0,55,3.672727272727273,1.4,25.533333333333335,3735,,,,,,,,,,,,,,,,,,,,,,,,,,,
91,A,nonparticipants_only,,,10,0,10,0,0,0,0.21737631406139257,0.21689026350954885,0.3312982900400936,0.0007453492820433195,0,0,0.0,0,0.0,0.0,50.0,0,,,,,,,,,,,,,,,,,,,,,,,,,,,
91,A,step_totals,,,,,,,,,,,,,,,,,,,,,73.00000000000006,7.0,0.09589041095890403,,,57.0,0.7808219178082185,0.0,0.0,0.006506914133707545,0.12280701754385964,0.0,0,7,26,11,14,,57,18,3.0000000000000004,0.04109589041095888,6.000000000000003,0.08219178082191778,15,30,15
92,A,all_agents,,,40,30,10,0,20,10,0.3971149744215869,0.23697701203665766,0.9872116392051331,0.08362047020941547,640,30,0.75,55,3.672727272727273,1.4,31.85,3781,,,,,,,,,,,,,,,,,,,,,,,,,,,
92,A,participants_only,,,30,30,0,0,20,10,0.4568931371340724,0.25820950236989604,0.9872116392051331,0.09695743776056301,640,30,1.0,55,3.672727272727273,1.4,25.8,3781,,,,,,,,,,,,,,,,,,,,,,,,,,,
92,A,nonparticipants_only,,,10,0,10,0,0,0,0.2177804862841302,0.2169791378411307,0.3296417985898931,0.0007284227086080445,0,0,0.0,0,0.0,0.0,50.0,0,,,,,,,,,,,,,,,,,,,,,,,,,,,
92,A,step_totals,,,,,,,,,,,,,,,,,,,,,70.60000000000007,11.0,0.15580736543909335,,,49.0,0.6940509915014158,0.0,0.0,0.005870061380838134,0.2653061224489796,0.0,0,13,18,44,22,,49,25,4.600000000000001,0.06515580736543905,6.000000000000003,0.08498583569405095,23,30,24
93,A,all_agents,,,40,30,10,0,20,10,0.3980724084931382,0.2361944375444023,0.9877231736369277,0.08437093176886887,652,30,0.75,55,3.672727272727273,1.4,31.65,3833,,,,,,,,,,,,,,,,,,,,,,,,,,,
93,A,participants_only,,,30,30,0,0,20,10,0.45803585755198306,0.25691845485804654,0.9877231736369277,0.09787459824554835,652,30,1.0,55,3.672727272727273,1.4,25.533333333333335,3833,,,,,,,,,,,,,,,,,,,,,,,,,,,
93,A,nonparticipants_only,,,10,0,10,0,0,0,0.21818206131660345,0.21799297195605838,0.32799358959694364,0.0007125496624381559,0,0,0.0,0,0.0,0.0,50.0,0,,,,,,,,,,,,,,,,,,,,,,,,,,,
93,A,step_totals,,,,,,,,,,,,,,,,,,,,,72.50000000000007,6.5,0.08965517241379302,,,57.0,0.7862068965517234,0.0,0.0,0.006282776444671948,0.21052631578947367,0.0,0,12,27,11,13,,57,18,3.0000000000000004,0.04137931034482755,6.000000000000003,0.08275862068965513,15,30,15
94,A,all_agents,,,40,30,10,0,20,10,0.3987230240615771,0.2362050994680006,0.9882142466914506,0.08468877058065179,660,30,0.75,55,3.672727272727273,1.4,31.85,3878,,,,,,,,,,,,,,,,,,,,,,,,,,,
94,A,participants_only,,,30,30,0,0,20,10,0.45877029070704517,0.2567554716359376,0.9882142466914506,0.09826329541815852,660,30,1.0,55,3.672727272727273,1.4,25.8,3878,,,,,,,,,,,,,,,,,,,,,,,,,,,
94,A,nonparticipants_only,,,10,0,10,0,0,0,0.2185812241251729,0.21873640247543674,0.3263536216489589,0.0006971052890282823,0,0,0.0,0,0.0,0.0,50.0,0,,,,,,,,,,,,,,,,,,,,,,,,,,,
94,A,step_totals,,,,,,,,,,,,,,,,,,,,,70.60000000000007,11.0,0.15580736543909335,,,49.0,0.6940509915014158,0.0,0.0,0.005652654296601464,0.16326530612244897,0.0,0,8,18,44,22,,49,25,4.600000000000001,0.06515580736543905,6.000000000000003,0.08498583569405095,23,30,24
95,A,all_agents,,,40,30,10,0,20,10,0.3996118812372215,0.23526264079450676,0.9886856768237926,0.08543816522202836,670,30,0.75,55,3.672727272727273,1.4,31.65,3932,,,,,,,,,,,,,,,,,,,,,,,,,,,
95,A,participants_only,,,30,30,0,0,20,10,0.45982318060201266,0.25557446205626266,0.9886856768237926,0.09918859162078134,670,30,1.0,55,3.672727272727273,1.4,25.533333333333335,3932,,,,,,,,,,,,,,,,,,,,,,,,,,,
95,A,nonparticipants_only,,,10,0,10,0,0,0,0.21897798314284797,0.2192379500226751,0.32472185354071414,0.0006820791714114525,0,0,0.0,0,0.0,0.0,50.0,0,,,,,,,,,,,,,,,,,,,,,,,,,,,
95,A,step_totals,,,,,,,,,,,,,,,,,,,,,72.50000000000006,6.5,0.08965517241379303,,,57.0,0.7862068965517235,0.0,0.0,0.006061700309167696,0.17543859649122806,0.0,0,10,27,11,13,,57,18,3.0000000000000004,0.04137931034482756,6.000000000000003,0.08275862068965514,15,30,15
96,A,all_agents,,,40,30,10,0,20,10,0.4003601901340934,0.2366596420768778,0.9891382497508409,0.08574417245279571,681,30,0.75,55,3.672727272727273,1.4,31.85,3980,,,,,,,,,,,,,,,,,,,,,,,,,,,
96,A,participants_only,,,30,30,0,0,20,10,0.4606896222843169,0.25711673476605257,0.9891382497508409,0.099543956153342,681,30,1.0,55,3.672727272727273,1.4,25.8,3980,,,,,,,,,,,,,,,,,,,,,,,,,,,
96,A,nonparticipants_only,,,10,0,10,0,0,0,0.21937189368342278,0.21928221586166957,0.3230982442730106,0.0006691367483357229,0,0,0.0,0,0.0,0.0,50.0,0,,,,,,,,,,,,,,,,,,,,,,,,,,,
96,A,step_totals,,,,,,,,,,,,,,,,,,,,,70.60000000000007,11.0,0.15580736543909335,,,49.0,0.6940509915014158,0.0,0.0,0.0059961490158601145,0.22448979591836735,0.0,0,11,18,44,22,,49,25,4.600000000000001,0.06515580736543905,6.000000000000003,0.08498583569405095,23,30,24
97,A,all_agents,,,40,30,10,0,20,10,0.40110715941041936,0.2367556293582183,0.9895727197608072,0.08643640658046882,686,30,0.75,55,3.672727272727273,1.4,31.65,4030,,,,,,,,,,,,,,,,,,,,,,,,,,,
97,A,participants_only,,,30,30,0,0,20,10,0.46155487514842336,0.2558311510922223,0.9895727197608072,0.10041466031097795,686,30,1.0,55,3.672727272727273,1.4,25.533333333333335,4030,,,,,,,,,,,,,,,,,,,,,,,,,,,
97,A,nonparticipants_only,,,10,0,10,0,0,0,0.2197640121964072,0.21972132819779494,0.32148275305164553,0.0006545293336309276,0,0,0.0,0,0.0,0.0,50.0,0,,,,,,,,,,,,,,,,,,,,,,,,,,,
97,A,step_totals,,,,,,,,,,,,,,,,,,,,,72.50000000000006,6.5,0.08965517241379303,,,57.0,0.7862068965517235,0.0,0.0,0.0055995787957244594,0.08771929824561403,0.0,0,5,27,11,13,,57,18,3.0000000000000004,0.04137931034482756,6.000000000000003,0.08275862068965514,15,30,15
98,A,all_agents,,,40,30,10,0,20,10,0.4017225218072809,0.23740219557852982,0.9899898109703749,0.08674783288304871,694,30,0.75,55,3.672727272727273,1.4,31.85,4077,,,,,,,,,,,,,,,,,,,,,,,,,,,
98,A,participants_only,,,30,30,0,0,20,10,0.462245442376223,0.25676823059206105,0.9899898109703749,0.10079823477822694,694,30,1.0,55,3.672727272727273,1.4,25.8,4077,,,,,,,,,,,,,,,,,,,,,,,,,,,
98,A,nonparticipants_only,,,10,0,10,0,0,0,0.22015376010045473,0.22006070095836636,0.3198753392863873,0.0006403402271803906,0,0,0.0,0,0.0,0.0,50.0,0,,,,,,,,,,,,,,,,,,,,,,,,,,,
98,A,step_totals,,,,,,,,,,,,,,,,,,,,,70.60000000000008,11.0,0.15580736543909332,,,49.0,0.6940509915014157,0.0,0.0,0.0055543642402833045,0.16326530612244897,0.0,0,8,18,44,22,,49,25,4.600000000000001,0.06515580736543904,6.000000000000003,0.08498583569405094,23,30,24
99,A,all_agents,,,40,30,10,0,20,10,0.4025594888612552,0.23689586608465574,0.9903902185315598,0.08749867593056591,701,30,0.75,55,3.672727272727273,1.4,31.65,4132,,,,,,,,,,,,,,,,,,,,,,,,,,,
99,A,participants_only,,,30,30,0,0,20,10,0.463232284965961,0.2561886918088079,0.9903902185315598,0.10173121119017295,701,30,1.0,55,3.672727272727273,1.4,25.533333333333335,4132,,,,,,,,,,,,,,,,,,,,,,,,,,,
99,A,nonparticipants_only,,,10,0,10,0,0,0,0.2205411005471376,0.220297522226708,0.31827596258995533,0.0006268119057862902,0,0,0.0,0,0.0,0.0,50.0,0,,,,,,,,,,,,,,,,,,,,,,,,,,,
99,A,step_totals,,,,,,,,,,,,,,,,,,,,,72.50000000000006,6.5,0.08965517241379303,,,57.0,0.7862068965517235,0.0,0.0,0.005902834706016705,0.12280701754385964,0.0,0,7,27,11,13,,57,18,3.0000000000000004,0.04137931034482756,6.000000000000003,0.08275862068965514,15,30,15
100,A,all_agents,,,40,30,10,0,20,10,0.4030895644033739,0.23695753479204462,0.9907746097902974,0.08777388363343705,710,30,0.75,55,3.672727272727273,1.4,31.85,4178,,,,,,,,,,,,,,,,,,,,,,,,,,,
100,A,participants_only,,,30,30,0,0,20,10,0.4638107574335634,0.2567636646831317,0.9907746097902974,0.10207887975132696,710,30,1.0,55,3.672727272727273,1.4,25.8,4178,,,,,,,,,,,,,,,,,,,,,,,,,,,
100,A,nonparticipants_only,,,10,0,10,0,0,0,0.2209259853128053,0.22101530161689398,0.31668458277700556,0.0006141358836528304,0,0,0.0,0,0.0,0.0,50.0,0,,,,,,,,,,,,,,,,,,,,,,,,,,,
100,A,step_totals,,,,,,,,,,,,,,,,,,,,,70.40000000000006,11.0,0.15624999999999986,,,49.0,0.6960227272727266,0.0,0.0,0.005290589094602626,0.1836734693877551,0.0,0,9,18,44,22,,49,25,4.400000000000001,0.062499999999999965,6.000000000000003,0.0852272727272727,22,30,23
100,A,reachability,0.25,0.0,,,,,,,,,,,,,,,,,,,,,,,,,,,,,,,,,,,,,,,,,,,,,
101,A,all_agents,,,40,30,10,0,20,10,0.40389456669314255,0.23621967060545845,0.9911436253986855,0.08850893910710261,717,30,0.75,55,3.672727272727273,1.4,31.65,4233,,,,,,,,,,,,,,,,,,,,,,,,,,,
101,A,participants_only,,,30,30,0,0,20,10,0.46475666422784817,0.25614790036182744,0.9911436253986855,0.10299419684179788,717,30,1.0,55,3.672727272727273,1.4,25.533333333333335,4233,,,,,,,,,,,,,,,,,,,,,,,,,,,
101,A,nonparticipants_only,,,10,0,10,0,0,0,0.22130827408902587,0.2215033569936343,0.31510115986312054,0.0006028269071286209,0,0,0.0,0,0.0,0.0,50.0,0,,,,,,,,,,,,,,,,,,,,,,,,,,,
101,A,step_totals,,,,,,,,,,,,,,,,,,,,,72.50000000000006,6.5,0.08965517241379303,,,57.0,0.7862068965517235,0.0,0.0,0.005801167972660305,0.12280701754385964,0.0,0,7,27,10,13,,57,18,3.0000000000000004,0.04137931034482756,6.000000000000003,0.08275862068965514,15,30,15
102,A,all_agents,,,40,30,10,0,20,10,0.40435886066187987,0.23680109081224784,0.9914978803827381,0.08877447937230044,722,30,0.75,55,3.672727272727273,1.4,31.85,4278,,,,,,,,,,,,,,,,,,,,,,,,,,,
102,A,participants_only,,,30,30,0,0,20,10,0.4652490367804736,0.2565698400634602,0.9914978803827381,0.1033383018559715,722,30,1.0,55,3.672727272727273,1.4,25.8,4278,,,,,,,,,,,,,,,,,,,,,,,,,,,
102,A,nonparticipants_only,,,10,0,10,0,0,0,0.2216883323060989,0.22154228240301116,0.31352565406380495,0.0005916493482470224,0,0,0.0,0,0.0,0.0,50.0,0,,,,,,,,,,,,,,,,,,,,,,,,,,,
102,A,step_totals,,,,,,,,,,,,,,,,,,,,,69.90000000000008,10.5,0.15021459227467795,,,49.0,0.7010014306151637,0.0,0.0,0.005133100319952417,0.10204081632653061,0.0,0,5,19,44,21,,49,25,4.400000000000001,0.06294706723891268,6.000000000000003,0.08583690987124458,22,30,23
103,A,all_agents,,,40,30,10,0,20,10,0.4050869950368241,0.23700521172303873,0.9918379651674286,0.0894753715905216,730,30,0.75,55,3.672727272727273,1.4,31.65,4332,,,,,,,,,,,,,,,,,,,,,,,,,,,
103,A,participants_only,,,30,30,0,0,20,10,0.46609375824985666,0.25649959125909827,0.9918379651674286,0.10422029384012131,730,30,1.0,55,3.672727272727273,1.4,25.533333333333335,4332,,,,,,,,,,,,,,,,,,,,,,,,,,,
103,A,nonparticipants_only,,,10,0,10,0,0,0,0.22206670539772633,0.22199087059558995,0.3119580257934859,0.000578702948950161,0,0,0.0,0,0.0,0.0,50.0,0,,,,,,,,,,,,,,,,,,,,,,,,,,,
103,A,step_totals,,,,,,,,,,,,,,,,,,,,,72.50000000000006,6.5,0.08965517241379303,,,57.0,0.7862068965517235,0.0,0.0,0.0055510014521015765,0.14035087719298245,0.0,0,8,27,11,13,,57,18,3.0000000000000004,0.04137931034482756,6.000000000000003,0.08275862068965514,15,30,15
104,A,all_agents,,,40,30,10,0,20,10,0.4055026186004437,0.23833840149545119,0.9921644465607314,0.0896964073954268,735,30,0.75,55,3.672727272727273,1.4,31.85,4375,,,,,,,,,,,,,,,,,,,,,,,,,,,
104,A,participants_only,,,30,30,0,0,20,10,0.4665225846231158,0.25740112992284964,0.9921644465607314,0.10451266153568985,735,30,1.0,55,3.672727272727273,1.4,25.8,4375,,,,,,,,,,,,,,,,,,,,,,,,,,,
104,A,nonparticipants_only,,,10,0,10,0,0,0,0.22244272053242745,0.22231853372856486,0.31039823566451846,0.0005664099337409943,0,0,0.0,0,0.0,0.0,50.0,0,,,,,,,,,,,,,,,,,,,,,,,,,,,
104,A,step_totals,,,,,,,,,,,,,,,,,,,,,69.90000000000006,10.5,0.15021459227467798,,,49.0,0.7010014306151638,0.0,0.0,0.004975913023527065,0.10204081632653061,0.0,0,5,19,44,21,,49,24,4.400000000000001,0.06294706723891269,6.000000000000003,0.0858369098712446,22,30,22
105,A,all_agents,,,40,30,10,0,20,10,0.4061458621442855,0.23745473659628036,0.9924778686983022,0.09036161375558832,743,30,0.75,55,3.672727272727273,1.4,31.65,4427,,,,,,,,,,,,,,,,,,,,,,,,,,,
105,A,participants_only,,,30,30,0,0,20,10,0.46725570082166734,0.2572745996029596,0.9924778686983022,0.10535951022610317,743,30,1.0,55,3.672727272727273,1.4,25.533333333333335,4427,,,,,,,,,,,,,,,,,,,,,,,,,,,
105,A,nonparticipants_only,,,10,0,10,0,0,0,0.2228163461121399,0.22252255690688616,0.30884624448619585,0.0005549757459362011,0,0,0.0,0,0.0,0.0,50.0,0,,,,,,,,,,,,,,,,,,,,,,,,,,,
105,A,step_totals,,,,,,,,,,,,,,,,,,,,,72.50000000000006,6.5,0.08965517241379303,,,57.0,0.7862068965517235,0.0,0.0,0.005272503705506106,0.14035087719298245,0.0,0,8,27,10,13,,57,18,3.0000000000000004,0.04137931034482756,6.000000000000003,0.08275862068965514,15,30,15
106,A,all_agents,,,40,30,10,0,20,10,0.40659335578577327,0.23812087883715594,0.9927787539503702,0.09057999614598881,752,30,0.75,55,3.672727272727273,1.4,31.85,4472,,,,,,,,,,,,,,,,,,,,,,,,,,,
106,A,participants_only,,,30,30,0,0,20,10,0.4677286993829498,0.25719536395463405,0.9927787539503702,0.10564143099112078,752,30,1.0,55,3.672727272727273,1.4,25.8,4472,,,,,,,,,,,,,,,,,,,,,,,,,,,
106,A,nonparticipants_only,,,10,0,10,0,0,0,0.22318732499424343,0.2233176459774202,0.3073020132637649,0.0005453287696547919,0,0,0.0,0,0.0,0.0,50.0,0,,,,,,,,,,,,,,,,,,,,,,,,,,,
106,A,step_totals,,,,,,,,,,,,,,,,,,,,,69.90000000000006,10.5,0.15021459227467798,,,49.0,0.7010014306151638,0.0,0.0,0.00509240652004819,0.1836734693877551,0.0,0,9,19,44,21,,49,24,4.400000000000001,0.06294706723891269,6.000000000000003,0.0858369098712446,22,30,22
107,A,all_agents,,,40,30,10,0,20,10,0.4073846973243065,0.23730154830482236,0.9930676037923554,0.09131525159482286,760,30,0.75,55,3.672727272727273,1.4,31.65,4529,,,,,,,,,,,,,,,,,,,,,,,,,,,
107,A,participants_only,,,30,30,0,0,20,10,0.46866086669761753,0.2572352156132319,0.9930676037923554,0.1065560650773665,760,30,1.0,55,3.672727272727273,1.4,25.533333333333335,4529,,,,,,,,,,,,,,,,,,,,,,,,,,,
107,A,nonparticipants_only,,,10,0,10,0,0,0,0.2235561892043734,0.2236867858712729,0.30576550319744605,0.0005355839503915634,0,0,0.0,0,0.0,0.0,50.0,0,,,,,,,,,,,,,,,,,,,,,,,,,,,
107,A,step_totals,,,,,,,,,,,,,,,,,,,,,72.50000000000007,6.5,0.08965517241379302,,,57.0,0.7862068965517234,0.0,0.0,0.0057658557877114484,0.14035087719298245,0.0,0,8,27,10,13,,57,18,3.0000000000000004,0.04137931034482755,6.000000000000003,0.08275862068965513,15,30,15
108,A,all_agents,,,40,30,10,0,20,10,0.40778718060570307,0.23732277091384585,0.9933448996406612,0.09153120786107302,765,30,0.75,55,3.672727272727273,1.4,31.85,4574,,,,,,,,,,,,,,,,,,,,,,,,,,,
108,A,participants_only,,,30,30,0,0,20,10,0.4690752663184724,0.2576423474444628,0.9933448996406612,0.1068413998161604,765,30,1.0,55,3.672727272727273,1.4,25.8,4574,,,,,,,,,,,,,,,,,,,,,,,,,,,
108,A,nonparticipants_only,,,10,0,10,0,0,0,0.2239229234673953,0.22372436820866284,0.30423667568145885,0.0005258785917818337,0,0,0.0,0,0.0,0.0,50.0,0,,,,,,,,,,,,,,,,,,,,,,,,,,,
108,A,step_totals,,,,,,,,,,,,,,,,,,,,,69.90000000000008,10.5,0.15021459227467795,,,49.0,0.7010014306151637,0.0,0.0,0.004948437939684077,0.10204081632653061,0.0,0,5,19,43,21,,49,24,4.400000000000001,0.06294706723891268,6.000000000000003,0.08583690987124458,22,30,22
109,A,all_agents,,,40,30,10,0,20,10,0.40846157097283087,0.23699631165099563,0.9936111036550348,0.09220994916169821,773,30,0.75,55,3.672727272727273,1.4,31.65,4629,,,,,,,,,,,,,,,,,,,,,,,,,,,
109,A,participants_only,,,30,30,0,0,20,10,0.46985277341018794,0.2575747718611891,0.9936111036550348,0.10769951034963722,773,30,1.0,55,3.672727272727273,1.4,25.533333333333335,4629,,,,,,,,,,,,,,,,,,,,,,,,,,,
109,A,nonparticipants_only,,,10,0,10,0,0,0,0.22428796366075968,0.22418210530526073,0.30271549230305156,0.0005147087574265198,0,0,0.0,0,0.0,0.0,50.0,0,,,,,,,,,,,,,,,,,,,,,,,,,,,
109,A,step_totals,,,,,,,,,,,,,,,,,,,,,72.50000000000006,6.5,0.08965517241379303,,,57.0,0.7862068965517235,0.0,0.0,0.0053823000286440425,0.14035087719298245,0.0,0,8,27,9,13,,57,18,3.0000000000000004,0.04137931034482756,6.000000000000003,0.08275862068965514,15,30,15
110,A,all_agents,,,40,30,10,0,20,10,0.40889385146839824,0.23763559974183848,0.9938666595088335,0.09240245408346955,780,30,0.75,55,3.672727272727273,1.4,31.85,4675,,,,,,,,,,,,,,,,,,,,,,,,,,,
110,A,participants_only,,,30,30,0,0,20,10,0.47030819028529636,0.25710861530592377,0.9938666595088335,0.10794846643294925,780,30,1.0,55,3.672727272727273,1.4,25.8,4675,,,,,,,,,,,,,,,,,,,,,,,,,,,
110,A,nonparticipants_only,,,10,0,10,0,0,0,0.2246508350177042,0.2244984628365197,0.3012019148415363,0.000503764887229488,0,0,0.0,0,0.0,0.0,50.0,0,,,,,,,,,,,,,,,,,,,,,,,,,,,
110,A,step_totals,,,,,,,,,,,,,,,,,,,,,69.90000000000006,10.5,0.15021459227467798,,,49.0,0.7010014306151638,0.0,0.0,0.005059963952760811,0.14285714285714285,0.0,0,7,19,43,21,,49,24,4.400000000000001,0.06294706723891269,6.000000000000003,0.0858369098712446,22,30,22
110,A,reachability,0.25,0.0,,,,,,,,,,,,,,,,,,,,,,,,,,,,,,,,,,,,,,,,,,,,,
111,A,all_agents,,,40,30,10,0,20,10,0.40958925782189337,0.23731784043921106,0.9941119931284801,0.09309746922439706,787,30,0.75,55,3.672727272727273,1.4,31.65,4731,,,,,,,,,,,,,,,,,,,,,,,,,,,
111,A,participants_only,,,30,30,0,0,20,10,0.471115311733202,0.25832303952298874,0.9941119931284801,0.10882323264968533,787,30,1.0,55,3.672727272727273,1.4,25.533333333333335,4731,,,,,,,,,,,,,,,,,,,,,,,,,,,
111,A,nonparticipants_only,,,10,0,10,0,0,0,0.22501109608796765,0.22502038132112573,0.29969590526732864,0.0004947152297652374,0,0,0.0,0,0.0,0.0,50.0,0,,,,,,,,,,,,,,,,,,,,,,,,,,,
111,A,step_totals,,,,,,,,,,,,,,,,,,,,,72.50000000000007,6.5,0.08965517241379302,,,57.0,0.7862068965517234,0.0,0.0,0.0054552722637518525,0.12280701754385964,0.0,0,7,27,9,13,,57,18,3.0000000000000004,0.04137931034482755,6.000000000000003,0.08275862068965513,15,30,15
112,A,all_agents,,,40,30,10,0,20,10,0.40993971820944297,0.23784345943575969,0.9943475134033409,0.09328893169583842,797,30,0.75,55,3.672727272727273,1.4,31.85,4777,,,,,,,,,,,,,,,,,,,,,,,,,,,
112,A,participants_only,,,30,30,0,0,20,10,0.47146325582872783,0.25804010653932197,0.9943475134033409,0.10908256011157726,797,30,1.0,55,3.672727272727273,1.4,25.8,4777,,,,,,,,,,,,,,,,,,,,,,,,,,,
112,A,nonparticipants_only,,,10,0,10,0,0,0,0.22536910535158855,0.22628938771596807,0.298197425740992,0.00048629827432327007,0,0,0.0,0,0.0,0.0,50.0,0,,,,,,,,,,,,,,,,,,,,,,,,,,,
112,A,step_totals,,,,,,,,,,,,,,,,,,,,,69.90000000000006,10.5,0.15021459227467798,,,49.0,0.7010014306151638,0.0,0.0,0.004787663939182281,0.20408163265306123,0.0,0,10,19,43,21,,49,24,4.400000000000001,0.06294706723891269,6.000000000000003,0.0858369098712446,22,30,22
113,A,all_agents,,,40,30,10,0,20,10,0.41055876398330826,0.23697963809688544,0.9945736128672072,0.09394810322963891,804,30,0.75,55,3.672727272727273,1.4,31.65,4831,,,,,,,,,,,,,,,,,,,,,,,,,,,
113,A,participants_only,,,30,30,0,0,20,10,0.4721699710633493,0.25828501442798274,0.9945736128672072,0.10992119608694395,804,30,1.0,55,3.672727272727273,1.4,25.533333333333335,4831,,,,,,,,,,,,,,,,,,,,,,,,,,,
113,A,nonparticipants_only,,,10,0,10,0,0,0,0.22572514274318511,0.22600061584360306,0.29670643861228707,0.00047753460340738797,0,0,0.0,0,0.0,0.0,50.0,0,,,,,,,,,,,,,,,,,,,,,,,,,,,
113,A,step_totals,,,,,,,,,,,,,,,,,,,,,72.50000000000006,6.5,0.08965517241379303,,,57.0,0.7862068965517235,0.0,0.0,0.005204720111253053,0.12280701754385964,0.0,0,7,27,9,13,,57,18,3.0000000000000004,0.04137931034482756,6.000000000000003,0.08275862068965514,15,30,15
114,A,all_agents,,,40,30,10,0,20,10,0.41096543477247854,0.23765269612032647,0.994790668352519,0.09409847190838078,811,30,0.75,55,3.672727272727273,1.4,31.85,4877,,,,,,,,,,,,,,,,,,,,,,,,,,,
114,A,participants_only,,,30,30,0,0,20,10,0.4725941891753567,0.2583263251837564,0.994790668352519,0.11011600429938151,811,30,1.0,55,3.672727272727273,1.4,25.8,4877,,,,,,,,,,,,,,,,,,,,,,,,,,,
114,A,nonparticipants_only,,,10,0,10,0,0,0,0.22607917156384402,0.2258311639052179,0.29522290641922566,0.0004686343043752516,0,0,0.0,0,0.0,0.0,50.0,0,,,,,,,,,,,,,,,,,,,,,,,,,,,
114,A,step_totals,,,,,,,,,,,,,,,,,,,,,69.90000000000006,10.5,0.15021459227467798,,,49.0,0.7010014306151638,0.0,0.0,0.004988511132490987,0.14285714285714285,0.0,0,7,19,43,21,,49,24,4.400000000000001,0.06294706723891269,6.000000000000003,0.0858369098712446,22,30,22
115,A,all_agents,,,40,30,10,0,20,10,0.4115481977221265,0.23646443263972483,0.9949990416184182,0.09474676945200597,821,30,0.75,55,3.672727272727273,1.4,31.65,4932,,,,,,,,,,,,,,,,,,,,,,,,,,,
115,A,participants_only,,,30,30,0,0,20,10,0.47325376425938126,0.2586128547173433,0.9949990416184182,0.11094586664680904,821,30,1.0,55,3.672727272727273,1.4,25.533333333333335,4932,,,,,,,,,,,,,,,,,,,,,,,,,,,
115,A,nonparticipants_only,,,10,0,10,0,0,0,0.2264314981103621,0.22629773423448052,0.29374679188712954,0.0004585545673937909,0,0,0.0,0,0.0,0.0,50.0,0,,,,,,,,,,,,,,,,,,,,,,,,,,,
115,A,step_totals,,,,,,,,,,,,,,,,,,,,,72.50000000000006,6.5,0.08965517241379303,,,57.0,0.7862068965517235,0.0,0.0,0.005088316191012718,0.17543859649122806,0.0,0,10,27,9,13,,57,18,3.0000000000000004,0.04137931034482756,6.000000000000003,0.08275862068965514,15,30,15
116,A,all_agents,,,40,30,10,0,20,10,0.4118405719019912,0.2362232691247919,0.9951990799536815,0.09489059203300067,828,30,0.75,55,3.672727272727273,1.4,31.85,4976,,,,,,,,,,,,,,,,,,,,,,,,,,,
116,A,participants_only,,,30,30,0,0,20,10,0.47352696606035566,0.2576594323807708,0.9951990799536815,0.11114997855479045,828,30,1.0,55,3.672727272727273,1.4,25.8,4976,,,,,,,,,,,,,,,,,,,,,,,,,,,
116,A,nonparticipants_only,,,10,0,10,0,0,0,0.226781389426898,0.22712697075451055,0.2922780579276939,0.000449897776498179,0,0,0.0,0,0.0,0.0,50.0,0,,,,,,,,,,,,,,,,,,,,,,,,,,,
116,A,step_totals,,,,,,,,,,,,,,,,,,,,,69.90000000000006,10.5,0.15021459227467798,,,49.0,0.7010014306151638,0.0,0.0,0.004603536995541116,0.14285714285714285,0.0,0,7,19,41,21,,49,24,4.400000000000001,0.06294706723891269,6.000000000000003,0.0858369098712446,22,30,22
117,A,all_agents,,,40,30,10,0,20,10,0.41243619733417086,0.23504215277916796,0.9953911167555343,0.09555271693056357,833,30,0.75,55,3.672727272727273,1.4,31.65,5032,,,,,,,,,,,,,,,,,,,,,,,,,,,
117,A,participants_only,,,30,30,0,0,20,10,0.474205244747881,0.2570617428977988,0.9953911167555343,0.11199462446997553,833,30,1.0,55,3.672727272727273,1.4,25.533333333333335,5032,,,,,,,,,,,,,,,,,,,,,,,,,,,
117,A,nonparticipants_only,,,10,0,10,0,0,0,0.22712905509304057,0.22761731537132013,0.2908166676380554,0.00044201169156170625,0,0,0.0,0,0.0,0.0,50.0,0,,,,,,,,,,,,,,,,,,,,,,,,,,,
117,A,step_totals,,,,,,,,,,,,,,,,,,,,,72.50000000000006,6.5,0.08965517241379303,,,57.0,0.7862068965517235,0.0,0.0,0.0051322558899654785,0.08771929824561403,0.0,0,5,27,9,13,,57,18,3.0000000000000004,0.04137931034482756,6.000000000000003,0.08275862068965514,15,30,15
118,A,all_agents,,,40,30,10,0,20,10,0.41279145537722156,0.23719444933944644,0.9955754720853129,0.09571548841893064,843,30,0.75,55,3.672727272727273,1.4,31.85,5078,,,,,,,,,,,,,,,,,,,,,,,,,,,
118,A,participants_only,,,30,30,0,0,20,10,0.47456373569747856,0.2566820056325385,0.9955754720853129,0.11221256252042075,843,30,1.0,55,3.672727272727273,1.4,25.8,5078,,,,,,,,,,,,,,,,,,,,,,,,,,,
118,A,nonparticipants_only,,,10,0,10,0,0,0,0.22747461441645048,0.22863672938815127,0.2893625842998651,0.00043449072288735544,0,0,0.0,0,0.0,0.0,50.0,0,,,,,,,,,,,,,,,,,,,,,,,,,,,
118,A,step_totals,,,,,,,,,,,,,,,,,,,,,69.90000000000006,10.5,0.15021459227467798,,,49.0,0.7010014306151638,0.0,0.0,0.004826928966230297,0.20408163265306123,0.0,0,10,19,41,21,,49,24,4.400000000000001,0.06294706723891269,6.000000000000003,0.0858369098712446,22,30,22
119,A,all_agents,,,40,30,10,0,20,10,0.4133488078329025,0.2360084770927492,0.9957524532019004,0.09636274511259364,856,30,0.75,55,3.672727272727273,1.4,31.65,5134,,,,,,,,,,,,,,,,,,,,,,,,,,,
119,A,participants_only,,,30,30,0,0,20,10,0.47519230498620374,0.2567484346895772,0.9957524532019004,0.11304303167169373,856,30,1.0,55,3.672727272727273,1.4,25.533333333333335,5134,,,,,,,,,,,,,,,,,,,,,,,,,,,
119,A,nonparticipants_only,,,10,0,10,0,0,0,0.2278183163729986,0.2282824416692622,0.28791577137836577,0.00042646775348872045,0,0,0.0,0,0.0,0.0,50.0,0,,,,,,,,,,,,,,,,,,,,,,,,,,,
119,A,step_totals,,,,,,,,,,,,,,,,,,,,,72.50000000000007,6.5,0.08965517241379302,,,57.0,0.7862068965517234,0.0,0.0,0.005008688097592369,0.22807017543859648,0.0,0,13,27,9,13,,57,18,3.0000000000000004,0.04137931034482755,6.000000000000003,0.08275862068965513,15,30,15
120,A,all_agents,,,40,30,10,0,20,10,0.4137525353743182,0.23741155087545657,0.9959223550738244,0.0965189895873749,862,30,0.75,55,3.672727272727273,1.4,31.85,5180,,,,,,,,,,,,,,,,,,,,,,,,,,,
120,A,participants_only,,,30,30,0,0,20,10,0.4756167090373814,0.2560269292742271,0.9959223550738244,0.1132437694196385,862,30,1.0,55,3.672727272727273,1.4,25.8,5180,,,,,,,,,,,,,,,,,,,,,,,,,,,
120,A,nonparticipants_only,,,10,0,10,0,0,0,0.2281600143851286,0.22825796464797476,0.28647619252147394,0.00041853829442039413,0,0,0.0,0,0.0,0.0,50.0,0,,,,,,,,,,,,,,,,,,,,,,,,,,,
120,A,step_totals,,,,,,,,,,,,,,,,,,,,,69.90000000000006,10.5,0.15021459227467798,,,49.0,0.7010014306151638,0.0,0.0,0.0050005597207280345,0.12244897959183673,0.0,0,6,19,41,21,,49,24,4.400000000000001,0.06294706723891269,6.000000000000003,0.0858369098712446,22,30,22
120,A,reachability,0.25,0.0,,,,,,,,,,,,,,,,,,,,,,,,,,,,,,,,,,,,,,,,,,,,,
121,A,all_agents,,,40,30,10,0,20,10,0.414278217350046,0.2362244931210793,0.9960854608708715,0.0971520984353463,868,30,0.75,55,3.672727272727273,1.4,31.65,5234,,,,,,,,,,,,,,,,,,,,,,,,,,,
121,A,participants_only,,,30,30,0,0,20,10,0.47620437721589776,0.2558071107466109,0.9960854608708715,0.11405985530279251,868,30,1.0,55,3.672727272727273,1.4,25.533333333333335,5234,,,,,,,,,,,,,,,,,,,,,,,,,,,
121,A,nonparticipants_only,,,10,0,10,0,0,0,0.2284997377524906,0.22855827381008254,0.28504381155886654,0.00041063652423530244,0,0,0.0,0,0.0,0.0,50.0,0,,,,,,,,,,,,,,,,,,,,,,,,,,,
121,A,step_totals,,,,,,,,,,,,,,,,,,,,,72.50000000000007,6.5,0.08965517241379302,,,57.0,0.7862068965517234,0.0,0.0,0.004907539750127233,0.10526315789473684,0.0,0,6,27,9,13,,57,18,3.0000000000000004,0.04137931034482755,6.000000000000003,0.08275862068965513,15,30,15
122,A,all_agents,,,40,30,10,0,20,10,0.41460450948240984,0.2370647465284993,0.9962420424360366,0.09729220796489642,879,30,0.75,55,3.672727272727273,1.4,31.85,5279,,,,,,,,,,,,,,,,,,,,,,,,,,,
122,A,participants_only,,,30,30,0,0,20,10,0.47652688072507127,0.25503092014170864,0.9962420424360366,0.11425106131586875,879,30,1.0,55,3.672727272727273,1.4,25.8,5279,,,,,,,,,,,,,,,,,,,,,,,,,,,
122,A,nonparticipants_only,,,10,0,10,0,0,0,0.22883739575442572,0.22955832491586264,0.2836185925010722,0.00040308718821173184,0,0,0.0,0,0.0,0.0,50.0,0,,,,,,,,,,,,,,,,,,,,,,,,,,,
122,A,step_totals,,,,,,,,,,,,,,,,,,,,,69.90000000000006,10.5,0.15021459227467798,,,49.0,0.7010014306151638,0.0,0.0,0.004741102186346019,0.22448979591836735,0.0,0,11,19,41,21,,49,24,4.400000000000001,0.06294706723891269,6.000000000000003,0.0858369098712446,22,30,22
123,A,all_agents,,,40,30,10,0,20,10,0.4150998724194402,0.2358794227958568,0.9963923607385952,0.09791543559259178,887,30,0.75,55,3.672727272727273,1.4,31.65,5335,,,,,,,,,,,,,,,,,,,,,,,,,,,
123,A,participants_only,,,30,30,0,0,20,10,0.4770755063389446,0.2558019015296781,0.9963923607385952,0.11505798285027509,887,30,1.0,55,3.672727272727273,1.4,25.533333333333335,5335,,,,,,,,,,,,,,,,,,,,,,,,,,,
123,A,nonparticipants_only,,,10,0,10,0,0,0,0.2291729706609268,0.23004572324439043,0.28220049953856685,0.0003960434228486819,0,0,0.0,0,0.0,0.0,50.0,0,,,,,,,,,,,,,,,,,,,,,,,,,,,
123,A,step_totals,,,,,,,,,,,,,,,,,,,,,72.50000000000006,6.5,0.08965517241379303,,,57.0,0.7862068965517235,0.0,0.0,0.004809422082601672,0.14035087719298245,0.0,0,8,27,9,13,,57,18,3.0000000000000004,0.04137931034482756,6.000000000000003,0.08275862068965514,15,30,15
124,A,all_agents,,,40,30,10,0,20,10,0.4153972047722579,0.2356984066639768,0.9965366663090514,0.09804697319703375,892,30,0.75,55,3.672727272727273,1.4,31.85,5381,,,,,,,,,,,,,,,,,,,,,,,,,,,
124,A,participants_only,,,30,30,0,0,20,10,0.47736075403144107,0.25459589658703274,0.9965366663090514,0.11524164226024071,892,30,1.0,55,3.672727272727273,1.4,25.8,5381,,,,,,,,,,,,,,,,,,,,,,,,,,,
124,A,nonparticipants_only,,,10,0,10,0,0,0,0.2295065569947082,0.23073398966992392,0.280789497040874,0.00038918876587009613,0,0,0.0,0,0.0,0.0,50.0,0,,,,,,,,,,,,,,,,,,,,,,,,,,,
124,A,step_totals,,,,,,,,,,,,,,,,,,,,,69.90000000000009,10.5,0.15021459227467793,,,49.0,0.7010014306151636,0.0,0.0,0.004647659096452855,0.10204081632653061,0.0,0,5,19,41,21,,49,24,4.400000000000001,0.06294706723891266,6.000000000000003,0.08583690987124457,22,30,22
125,A,all_agents,,,40,30,10,0,20,10,0.4157811776836422,0.23490421736100608,0.9966751996566893,0.0985962303214206,896,30,0.75,55,3.672727272727273,1.4,31.65,5433,,,,,,,,,,,,,,,,,,,,,,,,,,,
125,A,participants_only,,,30,30,0,0,20,10,0.47776214114758836,0.2547893314037548,0.9966751996566893,0.11596772467478113,896,30,1.0,55,3.672727272727273,1.4,25.533333333333335,5433,,,,,,,,,,,,,,,,,,,,,,,,,,,
125,A,nonparticipants_only,,,10,0,10,0,0,0,0.2298382872918038,0.23059122920828118,0.27938554955566963,0.00038206927831073385,0,0,0.0,0,0.0,0.0,50.0,0,,,,,,,,,,,,,,,,,,,,,,,,,,,
125,A,step_totals,,,,,,,,,,,,,,,,,,,,,72.30000000000007,6.5,0.08990318118948816,,,57.0,0.7883817427385885,0.0,0.0,0.00445530128743537,0.07017543859649122,0.0,0,4,27,9,13,,57,18,2.8000000000000003,0.038727524204702594,6.000000000000003,0.08298755186721987,14,30,15
126,A,all_agents,,,40,30,10,0,20,10,0.41617292854313553,0.23757816718279984,0.9968081916704217,0.09874914996229207,905,30,0.75,55,3.672727272727273,1.4,31.85,5482,,,,,,,,,,,,,,,,,,,,,,,,,,,
126,A,participants_only,,,30,30,0,0,20,10,0.4781746508896819,0.25351538474673607,0.9968081916704217,0.1161632898077182,905,30,1.0,55,3.672727272727273,1.4,25.8,5482,,,,,,,,,,,,,,,,,,,,,,,,,,,
126,A,nonparticipants_only,,,10,0,10,0,0,0,0.23016776150349638,0.23063308366374216,0.2779886218078913,0.00037616753875491737,0,0,0.0,0,0.0,0.0,50.0,0,,,,,,,,,,,,,,,,,,,,,,,,,,,
126,A,step_totals,,,,,,,,,,,,,,,,,,,,,69.90000000000006,10.5,0.15021459227467798,,,49.0,0.7010014306151638,0.0,0.0,0.004975953749129606,0.1836734693877551,0.0,0,9,19,41,21,,49,24,4.400000000000001,0.06294706723891269,6.000000000000003,0.0858369098712446,22,30,22
127,A,all_agents,,,40,30,10,0,20,10,0.416609229579377,0.23678945282076702,0.9969358640036048,0.09934928774381437,913,30,0.75,55,3.672727272727273,1.4,31.65,5538,,,,,,,,,,,,,,,,,,,,,,,,,,,
127,A,participants_only,,,30,30,0,0,20,10,0.47864710391574306,0.2538104927018313,0.9969358640036048,0.11694782403722825,913,30,1.0,55,3.672727272727273,1.4,25.533333333333335,5538,,,,,,,,,,,,,,,,,,,,,,,,,,,
127,A,nonparticipants_only,,,10,0,10,0,0,0,0.23049560657027907,0.2310148444174827,0.27659867869885185,0.0003693046374758322,0,0,0.0,0,0.0,0.0,50.0,0,,,,,,,,,,,,,,,,,,,,,,,,,,,
127,A,step_totals,,,,,,,,,,,,,,,,,,,,,72.30000000000005,6.5,0.08990318118948817,,,57.0,0.7883817427385886,0.0,0.0,0.004633020385251081,0.14035087719298245,0.0,0,8,27,9,13,,57,18,2.8000000000000003,0.0387275242047026,6.000000000000003,0.08298755186721989,14,30,15
128,A,all_agents,,,40,30,10,0,20,10,0.4168282256443422,0.23674080107884382,0.9970584294434606,0.09942636000975826,919,30,0.75,55,3.672727272727273,1.4,31.85,5583,,,,,,,,,,,,,,,,,,,,,,,,,,,
128,A,participants_only,,,30,30,0,0,20,10,0.4788304604094152,0.2530443882987505,0.9970584294434606,0.11707052039779353,919,30,1.0,55,3.672727272727273,1.4,25.8,5583,,,,,,,,,,,,,,,,,,,,,,,,,,,
128,A,nonparticipants_only,,,10,0,10,0,0,0,0.23082152134912315,0.23184021200523885,0.2752156853053576,0.00036255345529370215,0,0,0.0,0,0.0,0.0,50.0,0,,,,,,,,,,,,,,,,,,,,,,,,,,,
128,A,step_totals,,,,,,,,,,,,,,,,,,,,,69.90000000000008,10.5,0.15021459227467795,,,49.0,0.7010014306151637,0.0,0.0,0.004388369498151653,0.12244897959183673,0.0,0,6,19,41,21,,49,24,4.400000000000001,0.06294706723891268,6.000000000000003,0.08583690987124458,22,30,22
129,A,all_agents,,,40,30,10,0,20,10,0.41724126406936596,0.23597784666175936,0.9971760922657221,0.1000155672007901,929,30,0.75,55,3.672727272727273,1.4,31.65,5639,,,,,,,,,,,,,,,,,,,,,,,,,,,
129,A,participants_only,,,30,30,0,0,20,10,0.4792731958704109,0.2520859096045365,0.9971760922657221,0.1178435368239259,929,30,1.0,55,3.672727272727273,1.4,25.533333333333335,5639,,,,,,,,,,,,,,,,,,,,,,,,,,,
129,A,nonparticipants_only,,,10,0,10,0,0,0,0.23114546866623098,0.23257791452369325,0.2738396068788308,0.00035613157574873735,0,0,0.0,0,0.0,0.0,50.0,0,,,,,,,,,,,,,,,,,,,,,,,,,,,
129,A,step_totals,,,,,,,,,,,,,,,,,,,,,72.50000000000006,6.5,0.08965517241379303,,,57.0,0.7862068965517235,0.0,0.0,0.00454401753200145,0.17543859649122806,0.0,0,10,27,9,13,,57,18,3.0000000000000004,0.04137931034482756,6.000000000000003,0.08275862068965514,15,30,15
130,A,all_agents,,,40,30,10,0,20,10,0.4174491763292381,0.23650274583300884,0.9972890485750933,0.10009975432124263,934,30,0.75,55,3.672727272727273,1.4,31.85,5684,,,,,,,,,,,,,,,,,,,,,,,,,,,
130,A,participants_only,,,30,30,0,0,20,10,0.47944309006177716,0.25140795817728767,0.9972890485750933,0.11797665653813534,934,30,1.0,55,3.672727272727273,1.4,25.8,5684,,,,,,,,,,,,,,,,,,,,,,,,,,,
130,A,nonparticipants_only,,,10,0,10,0,0,0,0.23146743513162107,0.2328569702723634,0.27247040884443663,0.0003501035920345969,0,0,0.0,0,0.0,0.0,50.0,0,,,,,,,,,,,,,,,,,,,,,,,,,,,
130,A,step_totals,,,,,,,,,,,,,,,,,,,,,69.90000000000006,10.5,0.15021459227467798,,,49.0,0.7010014306151638,0.0,0.0,0.004354805916455757,0.10204081632653061,0.0,0,5,19,41,21,,49,24,4.400000000000001,0.06294706723891269,6.000000000000003,0.0858369098712446,22,30,22
130,A,reachability,0.25,0.0,,,,,,,,,,,,,,,,,,,,,,,,,,,,,,,,,,,,,,,,,,,,,
131,A,all_agents,,,40,30,10,0,20,10,0.4178834875304467,0.23672451900854716,0.9973974866320895,0.10069947003304487,943,30,0.75,55,3.672727272727273,1.4,31.65,5741,,,,,,,,,,,,,,,,,,,,,,,,,,,
131,A,participants_only,,,30,30,0,0,20,10,0.47991555075873554,0.25015091838640124,0.9973974866320895,0.11875908166124288,943,30,1.0,55,3.672727272727273,1.4,25.533333333333335,5741,,,,,,,,,,,,,,,,,,,,,,,,,,,
131,A,nonparticipants_only,,,10,0,10,0,0,0,0.23178729784558025,0.2327464860033131,0.27110805680021444,0.0003449127281497746,0,0,0.0,0,0.0,0.0,50.0,0,,,,,,,,,,,,,,,,,,,,,,,,,,,
131,A,step_totals,,,,,,,,,,,,,,,,,,,,,72.50000000000006,6.5,0.08965517241379303,,,57.0,0.7862068965517235,0.0,0.0,0.0046149275512932806,0.15789473684210525,0.0,0,9,27,9,13,,57,18,3.0000000000000004,0.04137931034482756,6.000000000000003,0.08275862068965514,15,30,15
132,A,all_agents,,,40,30,10,0,20,10,0.4181615716924522,0.23826136859741193,0.9975015871668059,0.10081448848195843,949,30,0.75,55,3.672727272727273,1.4,31.85,5789,,,,,,,,,,,,,,,,,,,,,,,,,,,
132,A,participants_only,,,30,30,0,0,20,10,0.4801803451022289,0.25045088510742963,0.9975015871668059,0.11892069153727629,949,30,1.0,55,3.672727272727273,1.4,25.8,5789,,,,,,,,,,,,,,,,,,,,,,,,,,,
132,A,nonparticipants_only,,,10,0,10,0,0,0,0.2321052514631223,0.23294711746407987,0.26975251651621335,0.0003399402529662545,0,0,0.0,0,0.0,0.0,50.0,0,,,,,,,,,,,,,,,,,,,,,,,,,,,
132,A,step_totals,,,,,,,,,,,,,,,,,,,,,69.90000000000006,10.5,0.15021459227467798,,,49.0,0.7010014306151638,0.0,0.0,0.004600767894305,0.12244897959183673,0.0,0,6,19,41,21,,49,24,4.400000000000001,0.06294706723891269,6.000000000000003,0.0858369098712446,22,30,22
133,A,all_agents,,,40,30,10,0,20,10,0.41854296795542734,0.23797510282709833,0.9976015236801337,0.10137980609808095,959,30,0.75,55,3.672727272727273,1.4,31.65,5842,,,,,,,,,,,,,,,,,,,,,,,,,,,
133,A,participants_only,,,30,30,0,0,20,10,0.4805833925830276,0.24919863068189246,0.9976015236801337,0.11966574462610158,959,30,1.0,55,3.672727272727273,1.4,25.533333333333335,5842,,,,,,,,,,,,,,,,,,,,,,,,,,,
133,A,nonparticipants_only,,,10,0,10,0,0,0,0.23242169407262636,0.23365982905282634,0.2684037539336323,0.0003338190583435605,0,0,0.0,0,0.0,0.0,50.0,0,,,,,,,,,,,,,,,,,,,,,,,,,,,
133,A,step_totals,,,,,,,,,,,,,,,,,,,,,72.50000000000006,6.5,0.08965517241379303,,,57.0,0.7862068965517235,0.0,0.0,0.004442293134299755,0.17543859649122806,0.0,0,10,27,9,13,,57,18,3.0000000000000004,0.04137931034482756,6.000000000000003,0.08275862068965514,15,30,15
134,A,all_agents,,,40,30,10,0,20,10,0.41879865899664465,0.2377532654378146,0.9976974627329284,0.10145899364403063,964,30,0.75,55,3.672727272727273,1.4,31.85,5889,,,,,,,,,,,,,,,,,,,,,,,,,,,
134,A,participants_only,,,30,30,0,0,20,10,0.4808194401752751,0.24966274743253114,0.9976974627329284,0.11978313094907356,964,30,1.0,55,3.672727272727273,1.4,25.8,5889,,,,,,,,,,,,,,,,,,,,,,,,,,,
134,A,nonparticipants_only,,,10,0,10,0,0,0,0.2327363154607532,0.2342101048541722,0.26706173516396414,0.00032765415281104017,0,0,0.0,0,0.0,0.0,50.0,0,,,,,,,,,,,,,,,,,,,,,,,,,,,
134,A,step_totals,,,,,,,,,,,,,,,,,,,,,69.70000000000006,10.5,0.15064562410329974,,,49.0,0.7030129124820654,0.0,0.0,0.004541834141432227,0.10204081632653061,0.0,0,5,19,41,21,,49,24,4.200000000000001,0.06025824964131991,6.000000000000003,0.08608321377331417,21,30,22
135,A,all_agents,,,40,30,10,0,20,10,0.41908119393906146,0.23709474403826275,0.9977895642236112,0.10195754947727836,974,30,0.75,55,3.672727272727273,1.4,31.65,5942,,,,,,,,,,,,,,,,,,,,,,,,,,,
135,A,participants_only,,,30,30,0,0,20,10,0.48109193252270305,0.24841443369536848,0.9977895642236112,0.1204547354786672,974,30,1.0,55,3.672727272727273,1.4,25.533333333333335,5942,,,,,,,,,,,,,,,,,,,,,,,,,,,
135,A,nonparticipants_only,,,10,0,10,0,0,0,0.2330489781881366,0.23519499155541768,0.2657264264881443,0.0003220110768469881,0,0,0.0,0,0.0,0.0,50.0,0,,,,,,,,,,,,,,,,,,,,,,,,,,,
135,A,step_totals,,,,,,,,,,,,,,,,,,,,,72.50000000000006,6.5,0.08965517241379303,,,57.0,0.7862068965517235,0.0,0.0,0.004116950174236108,0.17543859649122806,0.0,0,10,27,9,13,,57,18,3.0000000000000004,0.04137931034482756,6.000000000000003,0.08275862068965514,15,30,15
136,A,all_agents,,,40,30,10,0,20,10,0.41928031873772914,0.23718752810885724,0.9978779816546668,0.1020337923073573,979,30,0.75,55,3.672727272727273,1.4,31.85,5987,,,,,,,,,,,,,,,,,,,,,,,,,,,
136,A,participants_only,,,30,30,0,0,20,10,0.48125394968276963,0.24947833575177125,0.9978779816546668,0.12057619777603987,979,30,1.0,55,3.672727272727273,1.4,25.8,5987,,,,,,,,,,,,,,,,,,,,,,,,,,,
136,A,nonparticipants_only,,,10,0,10,0,0,0,0.2333594259026076,0.23506617490992343,0.2643977943557036,0.0003178047111645932,0,0,0.0,0,0.0,0.0,50.0,0,,,,,,,,,,,,,,,,,,,,,,,,,,,
136,A,step_totals,,,,,,,,,,,,,,,,,,,,,69.70000000000006,10.5,0.15064562410329974,,,49.0,0.7030129124820654,0.0,0.0,0.004349535855721262,0.10204081632653061,0.0,0,5,19,41,21,,49,24,4.200000000000001,0.06025824964131991,6.000000000000003,0.08608321377331417,21,30,22
137,A,all_agents,,,40,30,10,0,20,10,0.41965381343066827,0.23733127203801596,0.9979628623884801,0.10260157133512475,987,30,0.75,55,3.672727272727273,1.4,31.65,6043,,,,,,,,,,,,,,,,,,,,,,,,,,,
137,A,participants_only,,,30,30,0,0,20,10,0.4816490500340129,0.2482309440730124,0.9979628623884801,0.12132396382737066,987,30,1.0,55,3.672727272727273,1.4,25.533333333333335,6043,,,,,,,,,,,,,,,,,,,,,,,,,,,
137,A,nonparticipants_only,,,10,0,10,0,0,0,0.23366810362063437,0.23472972396648106,0.26307580538392505,0.0003134815203308141,0,0,0.0,0,0.0,0.0,50.0,0,,,,,,,,,,,,,,,,,,,,,,,,,,,
137,A,step_totals,,,,,,,,,,,,,,,,,,,,,72.50000000000006,6.5,0.08965517241379303,,,57.0,0.7862068965517235,0.0,0.0,0.0044185951546558255,0.14035087719298245,0.0,0,8,27,9,13,,57,18,3.0000000000000004,0.04137931034482756,6.000000000000003,0.08275862068965514,15,30,15
138,A,all_agents,,,40,30,10,0,20,10,0.4198900814675942,0.23790083129375394,0.9980443478929408,0.10268927890630569,995,30,0.75,55,3.672727272727273,1.4,31.85,6091,,,,,,,,,,,,,,,,,,,,,,,,,,,
138,A,participants_only,,,30,30,0,0,20,10,0.4818617758884383,0.2492128673076971,0.9980443478929408,0.12145402345857625,995,30,1.0,55,3.672727272727273,1.4,25.8,6091,,,,,,,,,,,,,,,,,,,,,,,,,,,
138,A,nonparticipants_only,,,10,0,10,0,0,0,0.23397499820506193,0.23523119012065652,0.2617604263570054,0.000309154336808261,0,0,0.0,0,0.0,0.0,50.0,0,,,,,,,,,,,,,,,,,,,,,,,,,,,
138,A,step_totals,,,,,,,,,,,,,,,,,,,,,69.70000000000006,10.5,0.15064562410329974,,,49.0,0.7030129124820654,0.0,0.0,0.004481620714170167,0.16326530612244897,0.0,0,8,19,41,21,,49,24,4.200000000000001,0.06025824964131991,6.000000000000003,0.08608321377331417,21,30,22
139,A,all_agents,,,40,30,10,0,20,10,0.42021829412805717,0.2379623747471834,0.9981225739772231,0.10322711523496841,1004,30,0.75,55,3.672727272727273,1.4,31.65,6147,,,,,,,,,,,,,,,,,,,,,,,,,,,
139,A,participants_only,,,30,30,0,0,20,10,0.4821975671291083,0.2479668029711586,0.9981225739772231,0.12216924191777584,1004,30,1.0,55,3.672727272727273,1.4,25.533333333333335,6147,,,,,,,,,,,,,,,,,,,,,,,,,,,
139,A,nonparticipants_only,,,10,0,10,0,0,0,0.23428047512490374,0.23604985655882038,0.2604516242252204,0.00030357180568024483,0,0,0.0,0,0.0,0.0,50.0,0,,,,,,,,,,,,,,,,,,,,,,,,,,,
139,A,step_totals,,,,,,,,,,,,,,,,,,,,,72.30000000000007,6.5,0.08990318118948816,,,57.0,0.7883817427385885,0.0,0.0,0.0042823452153911154,0.15789473684210525,0.0,0,9,27,9,13,,57,18,2.8000000000000003,0.038727524204702594,6.000000000000003,0.08298755186721987,14,30,15
140,A,all_agents,,,40,30,10,0,20,10,0.4205006346217585,0.23885818571535325,0.9981976710181342,0.10331847755090005,1010,30,0.75,55,3.672727272727273,1.4,31.85,6195,,,,,,,,,,,,,,,,,,,,,,,,,,,
140,A,participants_only,,,30,30,0,0,20,10,0.482472800717935,0.24885971928145384,0.9981976710181342,0.12229639044513142,1010,30,1.0,55,3.672727272727273,1.4,25.8,6195,,,,,,,,,,,,,,,,,,,,,,,,,,,
140,A,nonparticipants_only,,,10,0,10,0,0,0,0.23458413633322892,0.23657255789492854,0.2616272947062031,0.000298146420380863,0,0,0.0,0,0.0,0.0,50.0,0,,,,,,,,,,,,,,,,,,,,,,,,,,,
140,A,step_totals,,,,,,,,,,,,,,,,,,,,,69.70000000000007,10.5,0.1506456241032997,,,49.0,0.7030129124820652,0.0,0.0,0.004644156267108931,0.12244897959183673,0.0,0,6,19,41,21,,49,24,4.200000000000001,0.06025824964131989,6.000000000000003,0.08608321377331415,21,30,22
140,A,reachability,0.25,0.0,,,,,,,,,,,,,,,,,,,,,,,,,,,,,,,,,,,,,,,,,,,,,
141,A,all_agents,,,40,30,10,0,20,10,0.4207986690386993,0.23838094494735984,0.9982697641774088,0.10384391019718303,1019,30,0.75,55,3.672727272727273,1.4,31.65,6251,,,,,,,,,,,,,,,,,,,,,,,,,,,
141,A,participants_only,,,30,30,0,0,20,10,0.4827696877427158,0.24761542068504658,0.9982697641774088,0.12299883600482742,1019,30,1.0,55,3.672727272727273,1.4,25.533333333333335,6251,,,,,,,,,,,,,,,,,,,,,,,,,,,
141,A,nonparticipants_only,,,10,0,10,0,0,0,0.2348856129266496,0.23731749074645528,0.26215773535818937,0.0002942468636870462,0,0,0.0,0,0.0,0.0,50.0,0,,,,,,,,,,,,,,,,,,,,,,,,,,,
141,A,step_totals,,,,,,,,,,,,,,,,,,,,,72.10000000000005,6.5,0.09015256588072115,,,57.0,0.790568654646324,0.0,0.0,0.0041960692463810624,0.15789473684210525,0.0,0,9,27,9,13,,57,18,2.6,0.036061026352288465,6.000000000000003,0.08321775312066572,13,30,15
142,A,all_agents,,,40,30,10,0,20,10,0.4209361613891596,0.23833479581018868,0.9983389736103124,0.10387530696280713,1023,30,0.75,55,3.672727272727273,1.4,31.85,6297,,,,,,,,,,,,,,,,,,,,,,,,,,,
142,A,participants_only,,,30,30,0,0,20,10,0.482853147065658,0.24859411701143747,0.9983389736103124,0.12306861088326394,1023,30,1.0,55,3.672727272727273,1.4,25.8,6297,,,,,,,,,,,,,,,,,,,,,,,,,,,
142,A,nonparticipants_only,,,10,0,10,0,0,0,0.23518520435966453,0.23700807998779833,0.26195725087139293,0.0002908378182721896,0,0,0.0,0,0.0,0.0,50.0,0,,,,,,,,,,,,,,,,,,,,,,,,,,,
142,A,step_totals,,,,,,,,,,,,,,,,,,,,,69.50000000000007,10.5,0.15107913669064732,,,49.0,0.7050359712230209,0.0,0.0,0.004160202578203075,0.08163265306122448,0.0,0,4,19,40,21,,49,23,4.000000000000001,0.05755395683453233,6.000000000000003,0.08633093525179851,20,30,22
143,A,all_agents,,,40,30,10,0,20,10,0.42125501029022094,0.23839737828344168,0.9983555838742093,0.1044121746188877,1033,30,0.75,55,3.672727272727273,1.4,31.65,6353,,,,,,,,,,,,,,,,,,,,,,,,,,,
143,A,participants_only,,,30,30,0,0,20,10,0.48317896532680993,0.2473511464263803,0.9983555838742093,0.12378222486305412,1033,30,1.0,55,3.672727272727273,1.4,25.533333333333335,6353,,,,,,,,,,,,,,,,,,,,,,,,,,,
143,A,nonparticipants_only,,,10,0,10,0,0,0,0.23548314518045405,0.23694312182769767,0.26202085959345955,0.000287109397906524,0,0,0.0,0,0.0,0.0,50.0,0,,,,,,,,,,,,,,,,,,,,,,,,,,,
143,A,step_totals,,,,,,,,,,,,,,,,,,,,,72.10000000000005,6.5,0.09015256588072115,,,57.0,0.790568654646324,0.0,0.0,0.004265682143022414,0.17543859649122806,0.0,0,10,27,9,13,,57,18,2.6,0.036061026352288465,6.000000000000003,0.08321775312066572,13,30,15
144,A,all_agents,,,40,30,10,0,20,10,0.42145335572884624,0.23905346612974845,0.9984213605192409,0.10447426912734675,1036,30,0.75,55,3.672727272727273,1.4,31.85,6401,,,,,,,,,,,,,,,,,,,,,,,,,,,
144,A,participants_only,,,30,30,0,0,20,10,0.48334467284471366,0.24841784425900384,0.9984213605192409,0.12388247349456552,1036,30,1.0,55,3.672727272727273,1.4,25.8,6401,,,,,,,,,,,,,,,,,,,,,,,,,,,
144,A,nonparticipants_only,,,10,0,10,0,0,0,0.2357794043812439,0.23720539139202446,0.26180275299963707,0.00028323441364804636,0,0,0.0,0,0.0,0.0,50.0,0,,,,,,,,,,,,,,,,,,,,,,,,,,,
144,A,step_totals,,,,,,,,,,,,,,,,,,,,,69.50000000000006,10.5,0.15107913669064735,,,49.0,0.705035971223021,0.0,0.0,0.004374167257310062,0.061224489795918366,0.0,0,3,19,40,21,,49,23,4.000000000000001,0.05755395683453234,6.000000000000003,0.08633093525179852,20,30,22
145,A,all_agents,,,40,30,10,0,20,10,0.4217541627651734,0.23946034237761127,0.9984845060984713,0.10500023202110657,1046,30,0.75,55,3.672727272727273,1.4,31.65,6456,,,,,,,,,,,,,,,,,,,,,,,,,,,
145,A,participants_only,,,30,30,0,0,20,10,0.4836474706183313,0.24717575503770883,0.9984845060984713,0.12458440287193975,1046,30,1.0,55,3.672727272727273,1.4,25.533333333333335,6456,,,,,,,,,,,,,,,,,,,,,,,,,,,
145,A,nonparticipants_only,,,10,0,10,0,0,0,0.23607423920569964,0.23817323565303905,0.26098511623335113,0.00027834078453767465,0,0,0.0,0,0.0,0.0,50.0,0,,,,,,,,,,,,,,,,,,,,,,,,,,,
145,A,step_totals,,,,,,,,,,,,,,,,,,,,,72.30000000000005,6.5,0.08990318118948817,,,57.0,0.7883817427385886,0.0,0.0,0.004195307653428839,0.17543859649122806,0.0,0,10,27,9,13,,57,18,2.8000000000000003,0.0387275242047026,6.000000000000003,0.08298755186721989,14,30,15
146,A,all_agents,,,40,30,10,0,20,10,0.42199803083044507,0.24036052468959984,0.9985451258545325,0.10506901749065975,1051,30,0.75,55,3.672727272727273,1.4,31.85,6505,,,,,,,,,,,,,,,,,,,,,,,,,,,
146,A,participants_only,,,30,30,0,0,20,10,0.48387502906100194,0.24816409214781215,0.9985451258545325,0.12468544164702214,1051,30,1.0,55,3.672727272727273,1.4,25.8,6505,,,,,,,,,,,,,,,,,,,,,,,,,,,
146,A,nonparticipants_only,,,10,0,10,0,0,0,0.23636703613877436,0.2383599211887828,0.2626001760154252,0.00027459010128049415,0,0,0.0,0,0.0,0.0,50.0,0,,,,,,,,,,,,,,,,,,,,,,,,,,,
146,A,step_totals,,,,,,,,,,,,,,,,,,,,,69.50000000000006,10.5,0.15107913669064735,,,49.0,0.705035971223021,0.0,0.0,0.004534395742612805,0.10204081632653061,0.0,0,5,19,40,21,,49,23,4.000000000000001,0.05755395683453234,6.000000000000003,0.08633093525179852,20,30,22
147,A,all_agents,,,40,30,10,0,20,10,0.42228125206472644,0.24005202613107943,0.9986033208203512,0.10558481223672005,1062,30,0.75,55,3.672727272727273,1.4,31.65,6561,,,,,,,,,,,,,,,,,,,,,,,,,,,
147,A,participants_only,,,30,30,0,0,20,10,0.4841556795034117,0.2469232716870731,0.9986033208203512,0.1253754891819988,1062,30,1.0,55,3.672727272727273,1.4,25.533333333333335,6561,,,,,,,,,,,,,,,,,,,,,,,,,,,
147,A,nonparticipants_only,,,10,0,10,0,0,0,0.23665796974867076,0.23915872206615185,0.2631123144840354,0.00027144415050229295,0,0,0.0,0,0.0,0.0,50.0,0,,,,,,,,,,,,,,,,,,,,,,,,,,,
147,A,step_totals,,,,,,,,,,,,,,,,,,,,,72.30000000000007,6.5,0.08990318118948816,,,57.0,0.7883817427385885,0.0,0.0,0.004138391645711989,0.19298245614035087,0.0,0,11,27,9,13,,57,18,2.8000000000000003,0.038727524204702594,6.000000000000003,0.08298755186721987,14,30,15
148,A,all_agents,,,40,30,10,0,20,10,0.42243555041377767,0.24008635531504874,0.9986591879875372,0.10561498953510043,1073,30,0.75,55,3.672727272727273,1.4,31.85,6608,,,,,,,,,,,,,,,,,,,,,,,,,,,
148,A,participants_only,,,30,30,0,0,20,10,0.4842650206085289,0.24782653015420142,0.9986591879875372,0.12543892896408507,1073,30,1.0,55,3.672727272727273,1.4,25.8,6608,,,,,,,,,,,,,,,,,,,,,,,,,,,
148,A,nonparticipants_only,,,10,0,10,0,0,0,0.23694713982952395,0.23892860666405413,0.2629187474607245,0.00026857063338294916,0,0,0.0,0,0.0,0.0,50.0,0,,,,,,,,,,,,,,,,,,,,,,,,,,,
148,A,step_totals,,,,,,,,,,,,,,,,,,,,,69.50000000000006,10.5,0.15107913669064735,,,49.0,0.705035971223021,0.0,0.0,0.004227886097043046,0.22448979591836735,0.0,0,11,19,40,21,,49,23,4.000000000000001,0.05755395683453234,6.000000000000003,0.08633093525179852,20,30,22
149,A,all_agents,,,40,30,10,0,20,10,0.4226973718662126,0.24012177845926594,0.9987128204680357,0.10610890913131794,1081,30,0.75,55,3.672727272727273,1.4,31.65,6664,,,,,,,,,,,,,,,,,,,,,,,,,,,
149,A,participants_only,,,30,30,0,0,20,10,0.4845182441362324,0.24658739750343042,0.9987128204680357,0.12610284721507015,1081,30,1.0,55,3.672727272727273,1.4,25.533333333333335,6664,,,,,,,,,,,,,,,,,,,,,,,,,,,
149,A,nonparticipants_only,,,10,0,10,0,0,0,0.23723475505615313,0.23896650282243312,0.2629801614443389,0.0002652519013480599,0,0,0.0,0,0.0,0.0,50.0,0,,,,,,,,,,,,,,,,,,,,,,,,,,,
149,A,step_totals,,,,,,,,,,,,,,,,,,,,,72.10000000000005,6.5,0.09015256588072115,,,57.0,0.790568654646324,0.0,0.0,0.004084520566502561,0.14035087719298245,0.0,0,8,27,9,13,,57,18,2.6,0.036061026352288465,6.000000000000003,0.08321775312066572,13,30,15
150,A,all_agents,,,40,30,10,0,20,10,0.4228158893230044,0.241085924207691,0.9987643076493142,0.10611315825480289,1093,30,0.75,55,3.672727272727273,1.4,31.85,6708,,,,,,,,,,,,,,,,,,,,,,,,,,,
150,A,participants_only,,,30,30,0,0,20,10,0.4845809548604935,0.2475726501234165,0.9987643076493142,0.12613719178215155,1093,30,1.0,55,3.672727272727273,1.4,25.8,6708,,,,,,,,,,,,,,,,,,,,,,,,,,,
150,A,nonparticipants_only,,,10,0,10,0,0,0,0.23752069271053705,0.23944526056377513,0.2627695803425026,0.0002619778225529997,0,0,0.0,0,0.0,0.0,50.0,0,,,,,,,,,,,,,,,,,,,,,,,,,,,
150,A,step_totals,,,,,,,,,,,,,,,,,,,,,69.50000000000007,10.5,0.15107913669064732,,,49.0,0.7050359712230209,0.0,0.0,0.004106349849412026,0.24489795918367346,0.0,0,12,19,40,21,,49,23,4.000000000000001,0.05755395683453233,6.000000000000003,0.08633093525179851,20,30,21
150,A,reachability,0.25,0.0,,,,,,,,,,,,,,,,,,,,,,,,,,,,,,,,,,,,,,,,,,,,,
151,A,all_agents,,,40,30,10,0,20,10,0.4230577625577017,0.24125703894298728,0.9988137353433416,0.10659648532378821,1099,30,0.75,55,3.672727272727273,1.4,31.65,6764,,,,,,,,,,,,,,,,,,,,,,,,,,,
151,A,participants_only,,,30,30,0,0,20,10,0.48480869049208813,0.24633478687279944,0.9988137353433416,0.1267897119417981,1099,30,1.0,55,3.672727272727273,1.4,25.533333333333335,6764,,,,,,,,,,,,,,,,,,,,,,,,,,,
151,A,nonparticipants_only,,,10,0,10,0,0,0,0.23780497875454246,0.23988049458665256,0.2619801550980439,0.0002586802606650322,0,0,0.0,0,0.0,0.0,50.0,0,,,,,,,,,,,,,,,,,,,,,,,,,,,
151,A,step_totals,,,,,,,,,,,,,,,,,,,,,72.10000000000007,6.5,0.09015256588072114,,,57.0,0.7905686546463239,0.0,0.0,0.004017450578590485,0.10526315789473684,0.0,0,6,27,9,13,,57,18,2.6,0.03606102635228846,6.000000000000003,0.0832177531206657,13,30,15
152,A,all_agents,,,40,30,10,0,20,10,0.423174678120689,0.24171048028172057,0.9988611859296079,0.10659825394599641,1103,30,0.75,55,3.672727272727273,1.4,31.85,6810,,,,,,,,,,,,,,,,,,,,,,,,,,,
152,A,participants_only,,,30,30,0,0,20,10,0.4848703922118767,0.24740415709129138,0.9988611859296079,0.1268203449578469,1103,30,1.0,55,3.672727272727273,1.4,25.8,6810,,,,,,,,,,,,,,,,,,,,,,,,,,,
152,A,nonparticipants_only,,,10,0,10,0,0,0,0.2380875358471258,0.24008561377425292,0.263539489286342,0.0002556472637860141,0,0,0.0,0,0.0,0.0,50.0,0,,,,,,,,,,,,,,,,,,,,,,,,,,,
152,A,step_totals,,,,,,,,,,,,,,,,,,,,,69.50000000000006,10.5,0.15107913669064735,,,49.0,0.705035971223021,0.0,0.0,0.004102372779732975,0.08163265306122448,0.0,0,4,19,40,21,,49,23,4.000000000000001,0.05755395683453234,6.000000000000003,0.08633093525179852,20,30,21
153,A,all_agents,,,40,30,10,0,20,10,0.4234223704018619,0.24153156791431013,0.9989067384924236,0.10709093422476758,1112,30,0.75,55,3.672727272727273,1.4,31.65,6866,,,,,,,,,,,,,,,,,,,,,,,,,,,
153,A,participants_only,,,30,30,0,0,20,10,0.4851070442627788,0.24616713630583492,0.9989067384924236,0.12748358204564297,1112,30,1.0,55,3.672727272727273,1.4,25.533333333333335,6866,,,,,,,,,,,,,,,,,,,,,,,,,,,
153,A,nonparticipants_only,,,10,0,10,0,0,0,0.23836834881911162,0.24083197803830325,0.2640339570652505,0.00025300289020934716,0,0,0.0,0,0.0,0.0,50.0,0,,,,,,,,,,,,,,,,,,,,,,,,,,,
153,A,step_totals,,,,,,,,,,,,,,,,,,,,,72.10000000000005,6.5,0.09015256588072115,,,57.0,0.790568654646324,0.0,0.0,0.004035672260339622,0.15789473684210525,0.0,0,9,27,9,13,,57,18,2.6,0.036061026352288465,6.000000000000003,0.08321775312066572,13,30,15
154,A,all_agents,,,40,30,10,0,20,10,0.4235398215095082,0.2416417448811558,0.9989504689527267,0.10709790957750438,1119,30,0.75,55,3.672727272727273,1.4,31.85,6912,,,,,,,,,,,,,,,,,,,,,,,,,,,
154,A,participants_only,,,30,30,0,0,20,10,0.4851705964233416,0.2471616042177896,0.9989504689527267,0.12752030711809462,1119,30,1.0,55,3.672727272727273,1.4,25.8,6912,,,,,,,,,,,,,,,,,,,,,,,,,,,
154,A,nonparticipants_only,,,10,0,10,0,0,0,0.23864749676800814,0.24071713351901997,0.26384706882710235,0.00025048795797862164,0,0,0.0,0,0.0,0.0,50.0,0,,,,,,,,,,,,,,,,,,,,,,,,,,,
154,A,step_totals,,,,,,,,,,,,,,,,,,,,,69.30000000000005,10.5,0.1515151515151514,,,49.0,0.7070707070707065,0.0,0.0,0.004117376798272132,0.14285714285714285,0.0,0,7,19,40,21,,49,23,3.800000000000001,0.05483405483405481,6.000000000000003,0.08658008658008655,19,30,21
155,A,all_agents,,,40,30,10,0,20,10,0.4237403876064831,0.24160838911263025,0.9989924501946176,0.10756123606048194,1127,30,0.75,55,3.672727272727273,1.4,31.65,6968,,,,,,,,,,,,,,,,,,,,,,,,,,,
155,A,participants_only,,,30,30,0,0,20,10,0.4853454833787747,0.24592579619670066,0.9989924501946176,0.1281516658559583,1127,30,1.0,55,3.672727272727273,1.4,25.533333333333335,6968,,,,,,,,,,,,,,,,,,,,,,,,,,,
155,A,nonparticipants_only,,,10,0,10,0,0,0,0.23892510028960803,0.24054763484192754,0.26390636379893706,0.0002476927726940938,0,0,0.0,0,0.0,0.0,50.0,0,,,,,,,,,,,,,,,,,,,,,,,,,,,
155,A,step_totals,,,,,,,,,,,,,,,,,,,,,72.10000000000005,6.5,0.09015256588072115,,,57.0,0.790568654646324,0.0,0.0,0.003877972987083031,0.14035087719298245,0.0,0,8,27,9,13,,57,18,2.6,0.036061026352288465,6.000000000000003,0.08321775312066572,13,30,15
156,A,all_agents,,,40,30,10,0,20,10,0.4238709927937786,0.24242134923377823,0.9990327521868329,0.10757948412536901,1130,30,0.75,55,3.672727272727273,1.4,31.85,7015,,,,,,,,,,,,,,,,,,,,,,,,,,,
156,A,participants_only,,,30,30,0,0,20,10,0.48542759971600224,0.24683894037412438,0.9990327521868329,0.12820090475768908,1130,30,1.0,55,3.672727272727273,1.4,25.8,7015,,,,,,,,,,,,,,,,,,,,,,,,,,,
156,A,nonparticipants_only,,,10,0,10,0,0,0,0.23920117202710747,0.24110862988770648,0.2637030485315102,0.0002446319590828495,0,0,0.0,0,0.0,0.0,50.0,0,,,,,,,,,,,,,,,,,,,,,,,,,,,
156,A,step_totals,,,,,,,,,,,,,,,,,,,,,69.50000000000007,10.5,0.15107913669064732,,,49.0,0.7050359712230209,0.0,0.0,0.004151958903689893,0.061224489795918366,0.0,0,3,19,40,21,,49,23,4.000000000000001,0.05755395683453233,6.000000000000003,0.08633093525179851,20,30,21
