step,condition,population,skill_reachability,resource_reachability,n_agents,maker_count,stage_consumer,stage_customizer,stage_maker,stage_advanced_maker,skill_mean,skill_median,skill_max,skill_var,method_count_total,method_holders,method_adoption_rate,method_peer_held,knowledge_diffusion_lag_mean,hop_count_mean,latent_distributed_resources,completed_projects_total,time_total,time_observe,time_share_observe,time_practice,time_share_practice,time_make,time_share_make,time_idle,time_share_idle,skill_gain_per_time,method_self_discovery_per_time,method_peer_acquisition_per_time,peer_acquired_count,self_discovered_count,reject_time_budget_exceeded,reject_missing_asset,count_observe,count_practice,count_make,count_idle,time_share,time_share_share,time_ask,time_share_ask,count_share,count_ask,reject_insufficient_material
0,A,reachability,0.85,0.0,,,,,,,,,,,,,,,,,,,,,,,,,,,,,,,,,,,,,,,,,,,,,
1,A,all_agents,,,40,0,19,21,0,0,0.1619022347920243,0.1385246914331097,0.5912058301830839,0.011490901399829785,5,5,0.125,0,0.0,0.0,25.7,28,,,,,,,,,,,,,,,,,,,,,,,,,,,
1,A,participants_only,,,30,0,9,21,0,0,0.15031454479455703,0.12350124182784061,0.5912058301830839,0.011052796167217946,5,5,0.16666666666666666,0,0.0,0.0,24.266666666666666,28,,,,,,,,,,,,,,,,,,,,,,,,,,,
1,A,nonparticipants_only,,,10,0,10,0,0,0,0.19666530478442618,0.1887078588318021,0.5802469307275154,0.011193922383936461,0,0,0.0,0,0.0,0.0,30.0,0,,,,,,,,,,,,,,,,,,,,,,,,,,,
1,A,step_totals,,,,,,,,,,,,,,,,,,,,,83.99999999999997,4.000000000000002,0.04761904761904766,20.0,0.23809523809523817,60.0,0.7142857142857145,0.0,0.0,0.01877224214069165,0.08333333333333333,0.0,0,5,30,14,40,40,60,35,,,,,,,
2,A,all_agents,,,40,1,12,27,1,0,0.167943862735843,0.1440392652399971,0.6075575969757606,0.011327321022603162,16,11,0.275,5,1.0,1.0,26.45,58,,,,,,,,,,,,,,,,,,,,,,,,,,,
2,A,participants_only,,,30,1,2,27,1,0,0.15816649759264703,0.12997700750392016,0.6075575969757606,0.011139114586359664,16,11,0.36666666666666664,5,1.0,1.0,23.6,58,,,,,,,,,,,,,,,,,,,,,,,,,,,
2,A,nonparticipants_only,,,10,0,10,0,0,0,0.19727595816543092,0.1888922662453903,0.5773456960738779,0.010744777901613054,0,0,0.0,0,0.0,0.0,35.0,0,,,,,,,,,,,,,,,,,,,,,,,,,,,
2,A,step_totals,,,,,,,,,,,,,,,,,,,,,86.6,4.000000000000002,0.046189376443418036,20.0,0.2309468822170901,59.0,0.6812933025404158,0.0,0.0,0.0182559766962877,0.1016949152542373,0.6578947368421056,5,6,24,11,40,40,59,34,0.8,0.009237875288683604,2.8000000000000003,0.03233256351039261,4,14,
3,A,all_agents,,,40,2,10,28,2,0,0.1746235130512474,0.15153899377832802,0.6232552930967302,0.011386396883379,33,18,0.45,13,1.3846153846153846,1.0769230769230769,27.775,96,,,,,,,,,,,,,,,,,,,,,,,,,,,
3,A,participants_only,,,30,2,0,28,2,0,0.16687218667702067,0.1428215781528777,0.6232552930967302,0.011500736322594922,33,18,0.6,13,1.3846153846153846,1.0769230769230769,23.7,96,,,,,,,,,,,,,,,,,,,,,,,,,,,
3,A,nonparticipants_only,,,10,0,10,0,0,0,0.19787749217392772,0.18794780491416335,0.5744589675935085,0.010322381839013831,0,0,0.0,0,0.0,0.0,40.0,0,,,,,,,,,,,,,,,,,,,,,,,,,,,
3,A,step_totals,,,,,,,,,,,,,,,,,,,,,88.09999999999998,3.900000000000002,0.044267877412031816,20.0,0.2270147559591374,59.0,0.6696935300794553,0.0,0.0,0.019674853990476814,0.15254237288135594,0.8791208791208797,8,9,20,9,39,40,59,33,2.1999999999999997,0.02497162315550511,3.0000000000000004,0.034052213393870615,11,15,
4,A,all_agents,,,40,2,10,28,2,0,0.17996165621619148,0.16086892664346158,0.6201390166312466,0.011260784764696186,52,27,0.675,27,1.7777777777777777,1.1481481481481481,29.375,123,,,,,,,,,,,,,,,,,,,,,,,,,,,
4,A,participants_only,,,30,2,0,28,2,0,0.17379228574019429,0.14965128462723304,0.6201390166312466,0.011553008974934316,52,27,0.9,27,1.7777777777777777,1.1481481481481481,24.166666666666668,123,,,,,,,,,,,,,,,,,,,,,,,,,,,
4,A,nonparticipants_only,,,10,0,10,0,0,0,0.198469767644183,0.1870080658895925,0.5715866727555409,0.009927378549140529,0,0,0.0,0,0.0,0.0,45.0,0,,,,,,,,,,,,,,,,,,,,,,,,,,,
4,A,step_totals,,,,,,,,,,,,,,,,,,,,,84.20000000000005,4.000000000000002,0.047505938242280284,20.0,0.2375296912114013,52.0,0.6175771971496433,0.0,0.0,0.016939538441269816,0.09615384615384616,1.1475409836065589,14,5,9,18,40,40,52,38,3.600000000000001,0.042755344418052246,4.600000000000001,0.054631828978622315,18,23,22
5,A,all_agents,,,40,3,10,27,3,0,0.18452556612799034,0.16731511118510634,0.6170383215480904,0.011146559053145839,64,28,0.7,34,2.0294117647058822,1.2058823529411764,31.725,145,,,,,,,,,,,,,,,,,,,,,,,,,,,
5,A,participants_only,,,30,3,0,27,3,0,0.17968231649848454,0.1512718795202181,0.6170383215480904,0.01158510849017369,64,28,0.9333333333333333,34,2.0294117647058822,1.2058823529411764,25.633333333333333,145,,,,,,,,,,,,,,,,,,,,,,,,,,,
5,A,nonparticipants_only,,,10,0,10,0,0,0,0.19905531501650767,0.18607302556014454,0.5687287393917632,0.009549425938377789,0,0,0.0,0,0.0,0.0,50.0,0,,,,,,,,,,,,,,,,,,,,,,,,,,,
5,A,step_totals,,,,,,,,,,,,,,,,,,,,,81.50000000000007,3.5000000000000018,0.0429447852760736,20.0,0.24539877300613475,47.0,0.5766871165644166,0.0,0.0,0.015335339893522107,0.10638297872340426,0.48275862068965586,7,5,4,20,35,40,47,38,5.400000000000002,0.0662576687116564,5.600000000000002,0.06871165644171776,27,28,34
6,A,all_agents,,,40,3,10,27,3,0,0.18987610303675584,0.17040028689028075,0.6323567886861667,0.011038843935842153,73,29,0.725,39,2.2564102564102564,1.3076923076923077,32.225,174,,,,,,,,,,,,,,,,,,,,,,,,,,,
6,A,participants_only,,,30,3,0,27,3,0,0.18662402983108997,0.16300047688094665,0.6323567886861667,0.011610989986407071,73,29,0.9666666666666667,39,2.2564102564102564,1.3076923076923077,26.3,174,,,,,,,,,,,,,,,,,,,,,,,,,,,
6,A,nonparticipants_only,,,10,0,10,0,0,0,0.1996323226537534,0.18514266043234384,0.5658850956948044,0.009195494022527279,0,0,0.0,0,0.0,0.0,50.0,0,,,,,,,,,,,,,,,,,,,,,,,,,,,
6,A,step_totals,,,,,,,,,,,,,,,,,,,,,85.00000000000009,2.600000000000001,0.030588235294117628,20.0,0.2352941176470586,51.0,0.5999999999999994,0.0,0.0,0.016917486914472594,0.0784313725490196,0.35714285714285765,5,4,4,24,26,40,51,40,5.600000000000002,0.06588235294117643,5.8000000000000025,0.06823529411764702,28,29,31
7,A,all_agents,,,40,4,10,26,4,0,0.19489168221514708,0.17458508482124807,0.6291950047427359,0.0108843946396473,82,30,0.75,43,2.395348837209302,1.2790697674418605,32.525,198,,,,,,,,,,,,,,,,,,,,,,,,,,,
7,A,participants_only,,,30,4,0,26,4,0,0.19312104924911627,0.17358947876476644,0.6291950047427359,0.011548444288516913,82,30,1.0,43,2.395348837209302,1.2790697674418605,26.7,198,,,,,,,,,,,,,,,,,,,,,,,,,,,
7,A,nonparticipants_only,,,10,0,10,0,0,0,0.2002035811132395,0.1842169471301821,0.5630556702163304,0.008854623999833718,0,0,0.0,0,0.0,0.0,50.0,0,,,,,,,,,,,,,,,,,,,,,,,,,,,
7,A,step_totals,,,,,,,,,,,,,,,,,,,,,89.4000000000001,1.4000000000000001,0.015659955257270677,20.0,0.22371364653243822,56.0,0.626398210290827,0.0,0.0,0.015200955573077574,0.08928571428571429,0.2985074626865675,4,5,4,24,14,40,56,39,5.8000000000000025,0.06487695749440711,6.200000000000003,0.06935123042505588,29,31,40
8,A,all_agents,,,40,4,10,26,4,0,0.20006818809474544,0.17971725021666235,0.6440272045530265,0.010990572289123389,89,30,0.75,48,2.75,1.2708333333333333,32.875,225,,,,,,,,,,,,,,,,,,,,,,,,,,,
8,A,participants_only,,,30,4,0,26,4,0,0.19983523617276894,0.17686194665143365,0.6440272045530265,0.011808962390894635,89,30,1.0,48,2.75,1.2708333333333333,27.166666666666668,225,,,,,,,,,,,,,,,,,,,,,,,,,,,
8,A,nonparticipants_only,,,10,0,10,0,0,0,0.200767043860675,0.1832958623945312,0.5602403918652488,0.008534750784634216,0,0,0.0,0,0.0,0.0,50.0,0,,,,,,,,,,,,,,,,,,,,,,,,,,,
8,A,step_totals,,,,,,,,,,,,,,,,,,,,,90.00000000000009,0.2,0.00222222222222222,20.0,0.22222222222222202,58.0,0.6444444444444438,0.0,0.0,0.015471476625720676,0.034482758620689655,0.41666666666666696,5,2,11,26,2,40,58,39,6.000000000000003,0.06666666666666664,5.8000000000000025,0.06444444444444442,30,29,33
9,A,all_agents,,,40,5,10,25,5,0,0.20556888048897648,0.18087437212730417,0.6408070685302614,0.011213387919384473,94,30,0.75,48,2.75,1.2708333333333333,32.6,256,,,,,,,,,,,,,,,,,,,,,,,,,,,
9,A,participants_only,,,30,5,0,25,5,0,0.2069833870123903,0.17976033134211167,0.6408070685302614,0.012201393191915603,94,30,1.0,48,2.75,1.2708333333333333,26.8,256,,,,,,,,,,,,,,,,,,,,,,,,,,,
9,A,nonparticipants_only,,,10,0,10,0,0,0,0.201325360918735,0.18237938308255852,0.5574391899059226,0.008225362157333722,0,0,0.0,0,0.0,0.0,50.0,0,,,,,,,,,,,,,,,,,,,,,,,,,,,
9,A,step_totals,,,,,,,,,,,,,,,,,,,,,92.4000000000001,0.1,0.0010822510822510812,19.5,0.2110389610389608,60.0,0.6493506493506486,0.0,0.0,0.01593144025106932,0.08333333333333333,0.0,0,5,6,24,1,39,60,39,6.000000000000003,0.06493506493506489,6.800000000000003,0.07359307359307354,30,34,40
10,A,all_agents,,,40,8,10,22,8,0,0.21090175231851985,0.1869404330294419,0.6551747857890509,0.011468192881942651,101,30,0.75,50,3.0,1.32,32.35,287,,,,,,,,,,,,,,,,,,,,,,,,,,,
10,A,participants_only,,,30,8,0,22,8,0,0.21390988974337416,0.1882318687920262,0.6551747857890509,0.012611052443537,101,30,1.0,50,3.0,1.32,26.466666666666665,287,,,,,,,,,,,,,,,,,,,,,,,,,,,
10,A,nonparticipants_only,,,10,0,10,0,0,0,0.20187734004395697,0.18146748616714575,0.554651993956393,0.007931027507957898,0,0,0.0,0,0.0,0.0,50.0,0,,,,,,,,,,,,,,,,,,,,,,,,,,,
10,A,step_totals,,,,,,,,,,,,,,,,,,,,,89.00000000000009,0.2,0.002247191011235953,20.0,0.22471910112359528,57.0,0.6404494382022465,0.0,0.0,0.016071694622608785,0.08771929824561403,0.16666666666666682,2,5,9,29,2,40,57,38,6.000000000000003,0.06741573033707862,5.8000000000000025,0.06516853932584266,30,29,36
10,A,reachability,0.55,0.0,,,,,,,,,,,,,,,,,,,,,,,,,,,,,,,,,,,,,,,,,,,,,
11,A,all_agents,,,40,9,10,21,9,0,0.21621907352228797,0.18991848399797567,0.6518989118601056,0.011916208700916793,106,30,0.75,51,3.1372549019607843,1.3333333333333333,32.025,319,,,,,,,,,,,,,,,,,,,,,,,,,,,
11,A,participants_only,,,30,9,0,21,9,0,0.22081743042302565,0.19426122684441985,0.6518989118601056,0.013254418551836402,106,30,1.0,51,3.1372549019607843,1.3333333333333333,26.033333333333335,319,,,,,,,,,,,,,,,,,,,,,,,,,,,
11,A,nonparticipants_only,,,10,0,10,0,0,0,0.202424002820075,0.18056014873631,0.551878733986611,0.0076478405139192235,0,0,0.0,0,0.0,0.0,50.0,0,,,,,,,,,,,,,,,,,,,,,,,,,,,
11,A,step_totals,,,,,,,,,,,,,,,,,,,,,92.30000000000011,,,19.5,0.21126760563380256,60.0,0.650054171180931,0.0,0.0,0.015478128739353995,0.06666666666666667,0.07812500000000008,1,4,6,22,,39,60,38,6.000000000000003,0.06500541711809313,6.800000000000003,0.0736728060671722,30,34,44
12,A,all_agents,,,40,11,10,19,11,0,0.22149847849840046,0.1916707369343461,0.6658229553857014,0.012571891465144387,110,30,0.75,51,3.1372549019607843,1.3333333333333333,31.85,355,,,,,,,,,,,,,,,,,,,,,,,,,,,
12,A,participants_only,,,30,11,0,19,11,0,0.22767627779654392,0.19528095287234393,0.6658229553857014,0.014150943395146498,110,30,1.0,51,3.1372549019607843,1.3333333333333333,25.8,355,,,,,,,,,,,,,,,,,,,,,,,,,,,
12,A,nonparticipants_only,,,10,0,10,0,0,0,0.20296508060397006,0.17965734799262845,0.549119340316678,0.007376753225120352,0,0,0.0,0,0.0,0.0,50.0,0,,,,,,,,,,,,,,,,,,,,,,,,,,,
12,A,step_totals,,,,,,,,,,,,,,,,,,,,,85.70000000000009,,,19.5,0.2275379229871643,54.0,0.6301050175029165,0.0,0.0,0.016604463526875064,0.07407407407407407,0.0,0,4,9,34,,39,54,36,6.000000000000003,0.0700116686114352,6.200000000000003,0.07234539089848303,30,31,35
13,A,all_agents,,,40,11,10,19,11,0,0.22691184714238696,0.19342943640817734,0.6624938406087728,0.013121242383913795,116,30,0.75,51,3.1372549019607843,1.3333333333333333,31.5,391,,,,,,,,,,,,,,,,,,,,,,,,,,,
13,A,participants_only,,,30,11,0,19,11,0,0.23471532846507695,0.19655823143671702,0.6624938406087728,0.014879884767307736,116,30,1.0,51,3.1372549019607843,1.3333333333333333,25.333333333333332,391,,,,,,,,,,,,,,,,,,,,,,,,,,,
13,A,nonparticipants_only,,,10,0,10,0,0,0,0.203501403174317,0.1787590612526653,0.5463737436150946,0.007114583384689112,0,0,0.0,0,0.0,0.0,50.0,0,,,,,,,,,,,,,,,,,,,,,,,,,,,
13,A,step_totals,,,,,,,,,,,,,,,,,,,,,90.40000000000009,,,19.0,0.21017699115044228,59.0,0.6526548672566365,0.0,0.0,0.016130982243957474,0.1016949152542373,0.0,0,6,8,20,,38,59,37,6.000000000000003,0.06637168141592917,6.400000000000003,0.07079646017699111,30,32,45
14,A,all_agents,,,40,12,10,18,12,0,0.23207702593931714,0.19739709098692487,0.6759940869844219,0.013881567009321751,125,30,0.75,53,3.3207547169811322,1.320754716981132,31.5,429,,,,,,,,,,,,,,,,,,,,,,,,,,,
14,A,participants_only,,,30,12,0,18,12,0,0.24142531011987,0.20249754509723714,0.6759940869844219,0.01587105344741282,125,30,1.0,53,3.3207547169811322,1.320754716981132,25.333333333333332,429,,,,,,,,,,,,,,,,,,,,,,,,,,,
14,A,nonparticipants_only,,,10,0,10,0,0,0,0.20403217339765858,0.17786526594640198,0.5436418748970191,0.006864422689604037,0,0,0.0,0,0.0,0.0,50.0,0,,,,,,,,,,,,,,,,,,,,,,,,,,,
14,A,step_totals,,,,,,,,,,,,,,,,,,,,,83.10000000000008,,,19.5,0.23465703971119112,52.0,0.6257521058965096,0.0,0.0,0.016830167088596262,0.1346153846153846,0.17241379310344843,2,7,12,37,,39,52,35,6.000000000000003,0.0722021660649819,5.600000000000002,0.06738868832731645,30,28,35
15,A,all_agents,,,40,15,10,15,15,0,0.23664197917554589,0.19731629641255502,0.6726141165494998,0.01462822241200258,132,30,0.75,53,3.3207547169811322,1.320754716981132,31.225,460,,,,,,,,,,,,,,,,,,,,,,,,,,,
15,A,participants_only,,,30,15,0,15,15,0,0.24733624580127406,0.2045063699670986,0.6726141165494998,0.016840383973811247,132,30,1.0,53,3.3207547169811322,1.320754716981132,24.966666666666665,460,,,,,,,,,,,,,,,,,,,,,,,,,,,
15,A,nonparticipants_only,,,10,0,10,0,0,0,0.2045591792983614,0.17697593961666996,0.540923665522534,0.0066193296626306155,0,0,0.0,0,0.0,0.0,50.0,0,,,,,,,,,,,,,,,,,,,,,,,,,,,
15,A,step_totals,,,,,,,,,,,,,,,,,,,,,87.9000000000001,,,19.5,0.22184300341296903,56.0,0.6370875995449367,0.0,0.0,0.014293497566471781,0.125,0.0,0,7,8,25,,39,56,38,6.000000000000003,0.06825938566552896,6.400000000000003,0.07281001137656422,30,32,49
16,A,all_agents,,,40,17,10,13,17,0,0.24167196387443263,0.2026549988290659,0.6857095518875198,0.015480866269938547,137,30,0.75,53,3.3207547169811322,1.320754716981132,31.3,500,,,,,,,,,,,,,,,,,,,,,,,,,,,
16,A,participants_only,,,30,17,0,13,17,0,0.2538689643123685,0.20942020679803347,0.6857095518875198,0.017917745968271725,137,30,1.0,53,3.3207547169811322,1.320754716981132,25.066666666666666,500,,,,,,,,,,,,,,,,,,,,,,,,,,,
16,A,nonparticipants_only,,,10,0,10,0,0,0,0.20508096256062508,0.1772007035402233,0.5382190471949213,0.006385025338742919,0,0,0.0,0,0.0,0.0,50.0,0,,,,,,,,,,,,,,,,,,,,,,,,,,,
16,A,step_totals,,,,,,,,,,,,,,,,,,,,,80.6000000000001,,,19.0,0.23573200992555804,50.0,0.6203473945409422,0.0,0.0,0.017020766092745082,0.1,0.0,0,5,12,42,,38,50,34,6.000000000000003,0.0744416873449131,5.600000000000002,0.06947890818858556,30,28,35
17,A,all_agents,,,40,21,10,9,21,0,0.24658084283672105,0.2046325922616251,0.6822810041280822,0.016387095069010246,145,30,0.75,53,3.3207547169811322,1.320754716981132,31.175,538,,,,,,,,,,,,,,,,,,,,,,,,,,,
17,A,participants_only,,,30,21,0,9,21,0,0.26024169715555345,0.21380563481865297,0.6822810041280822,0.019050133609869357,145,30,1.0,53,3.3207547169811322,1.320754716981132,24.9,538,,,,,,,,,,,,,,,,,,,,,,,,,,,
17,A,nonparticipants_only,,,10,0,10,0,0,0,0.2055982798802238,0.17785045327527282,0.5355279519589466,0.006158552157788572,0,0,0.0,0,0.0,0.0,50.0,0,,,,,,,,,,,,,,,,,,,,,,,,,,,
17,A,step_totals,,,,,,,,,,,,,,,,,,,,,86.6000000000001,0.1,0.0011547344110854492,19.5,0.22517321016166258,55.0,0.635103926096997,0.0,0.0,0.01551906249688099,0.14545454545454545,0.0,0,8,9,26,1,39,55,38,6.000000000000003,0.06928406466512697,6.000000000000003,0.06928406466512697,30,30,50
18,A,all_agents,,,40,23,10,7,23,0,0.2511357417991541,0.20959830740511562,0.694989763962959,0.01745339020256481,155,30,0.75,53,3.3207547169811322,1.320754716981132,31.175,577,,,,,,,,,,,,,,,,,,,,,,,,,,,
18,A,participants_only,,,30,23,0,7,23,0,0.26614402006278853,0.21623937470640286,0.694989763962959,0.020389964024372497,155,30,1.0,53,3.3207547169811322,1.320754716981132,24.9,577,,,,,,,,,,,,,,,,,,,,,,,,,,,
18,A,nonparticipants_only,,,10,0,10,0,0,0,0.20611090700825088,0.1795915089513529,0.5328503121991519,0.005940687739877586,0,0,0.0,0,0.0,0.0,50.0,0,,,,,,,,,,,,,,,,,,,,,,,,,,,
18,A,step_totals,,,,,,,,,,,,,,,,,,,,,80.10000000000008,,,17.5,0.21847690387016208,51.0,0.6367041198501866,0.0,0.0,0.015736036647482125,0.19607843137254902,0.0,0,10,12,40,,35,51,33,6.000000000000003,0.07490636704119846,5.600000000000002,0.0699126092384519,30,28,33
19,A,all_agents,,,40,27,10,3,27,0,0.2556168939396859,0.21000473311738962,0.6915148151431442,0.018395890311694467,159,30,0.75,53,3.3207547169811322,1.320754716981132,31.125,613,,,,,,,,,,,,,,,,,,,,,,,,,,,
19,A,participants_only,,,30,27,0,3,27,0,0.271949346570063,0.22247384510520657,0.6915148151431442,0.021551213464202006,159,30,1.0,53,3.3207547169811322,1.320754716981132,24.833333333333332,613,,,,,,,,,,,,,,,,,,,,,,,,,,,
19,A,nonparticipants_only,,,10,0,10,0,0,0,0.2066195360485545,0.18077618467929912,0.5301860606381561,0.0057289327470897025,0,0,0.0,0,0.0,0.0,50.0,0,,,,,,,,,,,,,,,,,,,,,,,,,,,
19,A,step_totals,,,,,,,,,,,,,,,,,,,,,85.9000000000001,,,19.5,0.22700814901047703,54.0,0.6286379511059363,0.0,0.0,0.01446045134555772,0.07407407407407407,0.0,0,4,8,27,,39,54,38,6.000000000000003,0.06984866123399296,6.400000000000003,0.07450523864959249,30,32,51
20,A,all_agents,,,40,27,10,3,26,1,0.2598769486162721,0.2167089051002602,0.7038542225374184,0.019462175349298595,173,30,0.75,53,3.3207547169811322,1.320754716981132,31.175,651,,,,,,,,,,,,,,,,,,,,,,,,,,,
20,A,participants_only,,,30,27,0,3,26,1,0.27746164719525657,0.22724754160228539,0.7038542225374184,0.022869925821010297,173,30,1.0,53,3.3207547169811322,1.320754716981132,24.9,651,,,,,,,,,,,,,,,,,,,,,,,,,,,
20,A,nonparticipants_only,,,10,0,10,0,0,0,0.20712285287931864,0.18237981086351734,0.5275351303349654,0.005528264444798629,0,0,0.0,0,0.0,0.0,50.0,0,,,,,,,,,,,,,,,,,,,,,,,,,,,
20,A,step_totals,,,,,,,,,,,,,,,,,,,,,79.00000000000009,,,17.0,0.21518987341772128,51.0,0.6455696202531639,0.0,0.0,0.015099546459833933,0.27450980392156865,0.0,0,14,15,38,,34,51,33,6.000000000000003,0.07594936708860754,5.000000000000002,0.06329113924050628,30,25,32
20,A,reachability,0.175,0.0,,,,,,,,,,,,,,,,,,,,,,,,,,,,,,,,,,,,,,,,,,,,,
21,A,all_agents,,,40,28,10,2,27,1,0.2636884728779472,0.21641737138266376,0.7008046382816472,0.020364523564532878,177,30,0.75,53,3.3207547169811322,1.320754716981132,31.1,681,,,,,,,,,,,,,,,,,,,,,,,,,,,
21,A,participants_only,,,30,28,0,2,27,1,0.28237704163644434,0.23072703009399673,0.7008046382816472,0.02397852588300008,177,30,1.0,53,3.3207547169811322,1.320754716981132,24.8,681,,,,,,,,,,,,,,,,,,,,,,,,,,,
21,A,nonparticipants_only,,,10,0,10,0,0,0,0.20762276660245574,0.18422289180533657,0.5248974546832905,0.005331365382238357,0,0,0.0,0,0.0,0.0,50.0,0,,,,,,,,,,,,,,,,,,,,,,,,,,,
21,A,step_totals,,,,,,,,,,,,,,,,,,,,,85.50000000000009,,,19.5,0.22807017543859626,54.0,0.6315789473684205,0.0,0.0,0.01267373072733246,0.07407407407407407,0.0,0,4,10,27,,39,54,38,6.000000000000003,0.07017543859649118,6.000000000000003,0.07017543859649118,30,30,51
22,A,all_agents,,,40,28,10,2,27,1,0.268096071045044,0.21720920878748562,0.7127724527503813,0.021649228632104132,182,30,0.75,53,3.3207547169811322,1.320754716981132,31.15,725,,,,,,,,,,,,,,,,,,,,,,,,,,,
22,A,participants_only,,,30,28,0,2,27,1,0.2880888347952855,0.2343258129432626,0.7127724527503813,0.025552133458157607,182,30,1.0,53,3.3207547169811322,1.320754716981132,24.866666666666667,725,,,,,,,,,,,,,,,,,,,,,,,,,,,
22,A,nonparticipants_only,,,10,0,10,0,0,0,0.20811777979431947,0.1851160531979273,0.5222729674098741,0.005143986925468054,0,0,0.0,0,0.0,0.0,50.0,0,,,,,,,,,,,,,,,,,,,,,,,,,,,
22,A,step_totals,,,,,,,,,,,,,,,,,,,,,78.50000000000007,,,16.5,0.21019108280254759,51.0,0.6496815286624198,0.0,0.0,0.015681416817420923,0.09803921568627451,0.0,0,5,15,38,,33,51,32,6.000000000000003,0.07643312101910825,5.000000000000002,0.06369426751592352,30,25,31
23,A,all_agents,,,40,30,10,0,29,1,0.2723923339647752,0.2205040793101889,0.724261554640366,0.022695942601089873,188,30,0.75,53,3.3207547169811322,1.320754716981132,31.075,764,,,,,,,,,,,,,,,,,,,,,,,,,,,
23,A,participants_only,,,30,30,0,0,29,1,0.293653498990452,0.23659741174376228,0.724261554640366,0.026798919284555175,188,30,1.0,53,3.3207547169811322,1.320754716981132,24.766666666666666,764,,,,,,,,,,,,,,,,,,,,,,,,,,,
23,A,nonparticipants_only,,,10,0,10,0,0,0,0.20860883888774495,0.18527844548905106,0.5196616025728247,0.004962566891705227,0,0,0.0,0,0.0,0.0,50.0,0,,,,,,,,,,,,,,,,,,,,,,,,,,,
23,A,step_totals,,,,,,,,,,,,,,,,,,,,,85.00000000000009,,,19.0,0.22352941176470567,54.0,0.6352941176470582,0.0,0.0,0.01415850974008527,0.1111111111111111,0.0,0,6,10,25,,38,54,37,6.000000000000003,0.0705882352941176,6.000000000000003,0.0705882352941176,30,30,51
24,A,all_agents,,,40,30,10,0,29,1,0.27623759540284204,0.22184764299115156,0.7352910924547513,0.023975778232162598,193,30,0.75,53,3.3207547169811322,1.320754716981132,31.125,804,,,,,,,,,,,,,,,,,,,,,,,,,,,
24,A,participants_only,,,30,30,0,0,29,1,0.29861840103058157,0.23633139979049164,0.7352910924547513,0.02836746218189528,193,30,1.0,53,3.3207547169811322,1.320754716981132,24.833333333333332,804,,,,,,,,,,,,,,,,,,,,,,,,,,,
24,A,nonparticipants_only,,,10,0,10,0,0,0,0.20909517851962348,0.18682487310212423,0.5170632945599606,0.0047899208564046595,0,0,0.0,0,0.0,0.0,50.0,0,,,,,,,,,,,,,,,,,,,,,,,,,,,
24,A,step_totals,,,,,,,,,,,,,,,,,,,,,78.50000000000007,,,16.5,0.21019108280254759,51.0,0.6496815286624198,0.0,0.0,0.013993172081693463,0.09803921568627451,0.0,0,5,15,38,,33,51,32,6.000000000000003,0.07643312101910825,5.000000000000002,0.06369426751592352,30,25,31
25,A,all_agents,,,40,30,10,0,29,1,0.2802492401040963,0.22283245681454122,0.7458794487565613,0.025019289337304153,197,30,0.75,53,3.3207547169811322,1.320754716981132,31.05,842,,,,,,,,,,,,,,,,,,,,,,,,,,,
25,A,participants_only,,,30,30,0,0,29,1,0.30380636134887395,0.24220794105570265,0.7458794487565613,0.02959859887870611,197,30,1.0,53,3.3207547169811322,1.320754716981132,24.733333333333334,842,,,,,,,,,,,,,,,,,,,,,,,,,,,
25,A,nonparticipants_only,,,10,0,10,0,0,0,0.20957787636976327,0.18877542999742922,0.5144779780871608,0.0046221051770044,0,0,0.0,0,0.0,0.0,50.0,0,,,,,,,,,,,,,,,,,,,,,,,,,,,
25,A,step_totals,,,,,,,,,,,,,,,,,,,,,85.0000000000001,,,19.0,0.22352941176470562,54.0,0.6352941176470581,0.0,0.0,0.013380106227513037,0.07407407407407407,0.0,0,4,10,25,,38,54,37,6.000000000000003,0.07058823529411759,6.000000000000003,0.07058823529411759,30,30,51
26,A,all_agents,,,40,30,10,0,29,1,0.28409284259219025,0.22349732357209032,0.7560442708062989,0.026375356288577106,204,30,0.75,53,3.3207547169811322,1.320754716981132,31.125,885,,,,,,,,,,,,,,,,,,,,,,,,,,,
26,A,participants_only,,,30,30,0,0,29,1,0.30877187540049267,0.24243600194182052,0.7560442708062989,0.03124308118381464,204,30,1.0,53,3.3207547169811322,1.320754716981132,24.833333333333332,885,,,,,,,,,,,,,,,,,,,,,,,,,,,
26,A,nonparticipants_only,,,10,0,10,0,0,0,0.2100557441672829,0.19045476623479718,0.5119055881967249,0.0044635256786252735,0,0,0.0,0,0.0,0.0,50.0,0,,,,,,,,,,,,,,,,,,,,,,,,,,,
26,A,step_totals,,,,,,,,,,,,,,,,,,,,,78.30000000000007,,,16.5,0.2107279693486588,51.0,0.6513409961685818,0.0,0.0,0.014051675401212686,0.13725490196078433,0.0,0,7,16,38,,33,51,31,6.000000000000003,0.07662835249042142,4.800000000000002,0.061302681992337134,30,24,30
27,A,all_agents,,,40,30,10,0,29,1,0.2879958517238078,0.22619863650325506,0.7658024999740469,0.02742827398126209,207,30,0.75,53,3.3207547169811322,1.320754716981132,31.05,924,,,,,,,,,,,,,,,,,,,,,,,,,,,
27,A,participants_only,,,30,30,0,0,29,1,0.3138176631087845,0.24326292139188854,0.7658024999740469,0.03246794890754274,207,30,1.0,53,3.3207547169811322,1.320754716981132,24.733333333333334,924,,,,,,,,,,,,,,,,,,,,,,,,,,,
27,A,nonparticipants_only,,,10,0,10,0,0,0,0.21053041756887783,0.1915927904511323,0.5093460602557414,0.00430805788400439,0,0,0.0,0,0.0,0.0,50.0,0,,,,,,,,,,,,,,,,,,,,,,,,,,,
27,A,step_totals,,,,,,,,,,,,,,,,,,,,,84.8000000000001,,,19.0,0.22405660377358466,54.0,0.6367924528301879,0.0,0.0,0.013129297496120046,0.05555555555555555,0.0,0,3,11,25,,38,54,37,6.000000000000003,0.07075471698113203,5.8000000000000025,0.0683962264150943,30,29,51
28,A,all_agents,,,40,30,10,0,29,1,0.29153851543010373,0.22567779166608054,0.7751703999750851,0.028772367352335595,215,30,0.75,53,3.3207547169811322,1.320754716981132,31.125,966,,,,,,,,,,,,,,,,,,,,,,,,,,,
28,A,participants_only,,,30,30,0,0,29,1,0.3183846866892114,0.24759555957694973,0.7751703999750851,0.03409267268454982,215,30,1.0,53,3.3207547169811322,1.320754716981132,24.833333333333332,966,,,,,,,,,,,,,,,,,,,,,,,,,,,
28,A,nonparticipants_only,,,10,0,10,0,0,0,0.21100000165278052,0.1932433510992774,0.5067993299544626,0.004162848420412828,0,0,0.0,0,0.0,0.0,50.0,0,,,,,,,,,,,,,,,,,,,,,,,,,,,
28,A,step_totals,,,,,,,,,,,,,,,,,,,,,77.80000000000007,,,16.0,0.20565552699228773,51.0,0.6555269922879171,0.0,0.0,0.013256106520511596,0.1568627450980392,0.0,0,8,16,38,,32,51,31,6.000000000000003,0.07712082262210794,4.800000000000002,0.06169665809768634,30,24,29
29,A,all_agents,,,40,30,10,0,28,2,0.29512214771980516,0.2258824572438581,0.7841635839760817,0.029847732956803694,220,30,0.75,53,3.3207547169811322,1.320754716981132,31.05,1004,,,,,,,,,,,,,,,,,,,,,,,,,,,
29,A,participants_only,,,30,30,0,0,28,2,0.32300743987266656,0.24832527011786884,0.7841635839760817,0.03534618706423507,220,30,1.0,53,3.3207547169811322,1.320754716981132,24.733333333333334,1004,,,,,,,,,,,,,,,,,,,,,,,,,,,
29,A,nonparticipants_only,,,10,0,10,0,0,0,0.211466271261221,0.1952479836953585,0.5042653333046904,0.004021296413104357,0,0,0.0,0,0.0,0.0,50.0,0,,,,,,,,,,,,,,,,,,,,,,,,,,,
29,A,step_totals,,,,,,,,,,,,,,,,,,,,,84.40000000000009,,,19.0,0.22511848341232205,54.0,0.6398104265402836,0.0,0.0,0.012307873093882659,0.09259259259259259,0.0,0,5,13,25,,38,54,37,6.000000000000003,0.07109004739336489,5.400000000000002,0.06398104265402839,30,27,51
30,A,all_agents,,,40,30,10,0,28,2,0.29863711472230897,0.22475304495763881,0.7927970406170384,0.03124952171768967,225,30,0.75,53,3.3207547169811322,1.320754716981132,31.125,1049,,,,,,,,,,,,,,,,,,,,,,,,,,,
30,A,participants_only,,,30,30,0,0,28,2,0.3275397353341574,0.25354719867249054,0.7927970406170384,0.037030186819971875,225,30,1.0,53,3.3207547169811322,1.320754716981132,24.833333333333332,1049,,,,,,,,,,,,,,,,,,,,,,,,,,,
30,A,nonparticipants_only,,,10,0,10,0,0,0,0.21192925288676356,0.1957605965120761,0.5017440066381669,0.003883188672053685,0,0,0.0,0,0.0,0.0,50.0,0,,,,,,,,,,,,,,,,,,,,,,,,,,,
30,A,step_totals,,,,,,,,,,,,,,,,,,,,,77.30000000000008,,,15.5,0.2005174644243206,51.0,0.6597671410090549,0.0,0.0,0.013296440067172979,0.09803921568627451,0.0,0,5,16,38,,31,51,30,6.000000000000003,0.07761966364812414,4.800000000000002,0.062095730918499306,30,24,27
30,A,reachability,0.175,0.0,,,,,,,,,,,,,,,,,,,,,,,,,,,,,,,,,,,,,,,,,,,,,
31,A,all_agents,,,40,30,10,0,27,3,0.30225188152214344,0.22506349726557245,0.8010851589923569,0.0323423775556217,229,30,0.75,53,3.3207547169811322,1.320754716981132,31.05,1090,,,,,,,,,,,,,,,,,,,,,,,,,,,
31,A,participants_only,,,30,30,0,0,27,3,0.3322066036845169,0.25350059042240713,0.8010851589923569,0.03828293031775059,229,30,1.0,53,3.3207547169811322,1.320754716981132,24.733333333333334,1090,,,,,,,,,,,,,,,,,,,,,,,,,,,
31,A,nonparticipants_only,,,10,0,10,0,0,0,0.21238771503502304,0.1961831027105419,0.499235286604976,0.0037532947113351972,0,0,0.0,0,0.0,0.0,50.0,0,,,,,,,,,,,,,,,,,,,,,,,,,,,
31,A,step_totals,,,,,,,,,,,,,,,,,,,,,83.90000000000009,,,18.5,0.2205005959475564,54.0,0.6436233611442186,0.0,0.0,0.012507769306815726,0.07407407407407407,0.0,0,4,13,25,,37,54,37,6.000000000000003,0.0715137067938021,5.400000000000002,0.06436233611442188,30,27,51
32,A,all_agents,,,40,30,10,0,26,4,0.30538106872183707,0.2239381797792446,0.8090417526326626,0.03371804768009072,237,30,0.75,53,3.3207547169811322,1.320754716981132,31.125,1133,,,,,,,,,,,,,,,,,,,,,,,,,,,
32,A,participants_only,,,30,30,0,0,26,4,0.33622732270619476,0.25468923337126925,0.8090417526326626,0.03994172176781808,237,30,1.0,53,3.3207547169811322,1.320754716981132,24.833333333333332,1133,,,,,,,,,,,,,,,,,,,,,,,,,,,
32,A,nonparticipants_only,,,10,0,10,0,0,0,0.21284230676876398,0.19738491613526465,0.49673911017195116,0.0036291287984986,0,0,0.0,0,0.0,0.0,50.0,0,,,,,,,,,,,,,,,,,,,,,,,,,,,
32,A,step_totals,,,,,,,,,,,,,,,,,,,,,76.80000000000007,,,15.0,0.19531249999999983,51.0,0.6640624999999994,0.0,0.0,0.012216271923433374,0.1568627450980392,0.0,0,8,16,37,,30,51,28,6.000000000000003,0.07812499999999997,4.800000000000002,0.062499999999999965,30,24,26
33,A,all_agents,,,40,30,10,0,26,4,0.30865345117513,0.2246334432574844,0.8166800825273561,0.03478910739742622,244,30,0.75,53,3.3207547169811322,1.320754716981132,31.05,1173,,,,,,,,,,,,,,,,,,,,,,,,,,,
33,A,participants_only,,,30,30,0,0,26,4,0.34043989417863674,0.25845788471207515,0.8166800825273561,0.04117507293277817,244,30,1.0,53,3.3207547169811322,1.320754716981132,24.733333333333334,1173,,,,,,,,,,,,,,,,,,,,,,,,,,,
33,A,nonparticipants_only,,,10,0,10,0,0,0,0.21329412216460983,0.1985401892270673,0.4942554146210914,0.003506675285588171,0,0,0.0,0,0.0,0.0,50.0,0,,,,,,,,,,,,,,,,,,,,,,,,,,,
33,A,step_totals,,,,,,,,,,,,,,,,,,,,,82.20000000000007,,,17.0,0.20681265206812632,54.0,0.6569343065693425,0.0,0.0,0.011822650588620393,0.12962962962962962,0.0,0,7,14,23,,34,54,34,6.000000000000003,0.07299270072992697,5.200000000000002,0.06326034063260337,30,26,48
34,A,all_agents,,,40,30,10,0,26,4,0.3116527954125174,0.22614218023304677,0.8240128792262619,0.03611252522816293,248,30,0.75,53,3.3207547169811322,1.320754716981132,31.125,1216,,,,,,,,,,,,,,,,,,,,,,,,,,,
34,A,participants_only,,,30,30,0,0,26,4,0.34428971643243417,0.25807620037891166,0.8240128792262619,0.042759317745197006,248,30,1.0,53,3.3207547169811322,1.320754716981132,24.833333333333332,1216,,,,,,,,,,,,,,,,,,,,,,,,,,,
34,A,nonparticipants_only,,,10,0,10,0,0,0,0.21374203235276704,0.1993836165798733,0.49178413754798594,0.0033901243131372934,0,0,0.0,0,0.0,0.0,50.0,0,,,,,,,,,,,,,,,,,,,,,,,,,,,
34,A,step_totals,,,,,,,,,,,,,,,,,,,,,76.30000000000007,,,14.5,0.19003931847968528,51.0,0.6684141546526862,0.0,0.0,0.011928187319736749,0.0784313725490196,0.0,0,4,16,37,,29,51,28,6.000000000000003,0.07863695937090429,4.800000000000002,0.06290956749672343,30,24,26
35,A,all_agents,,,40,30,10,0,26,4,0.3150549709876341,0.2293400257082801,0.8310523640572114,0.037233437916417235,255,30,0.75,53,3.3207547169811322,1.320754716981132,31.05,1261,,,,,,,,,,,,,,,,,,,,,,,,,,,
35,A,participants_only,,,30,30,0,0,26,4,0.34867792332069414,0.2616622790975234,0.8310523640572114,0.0440294812449719,255,30,1.0,53,3.3207547169811322,1.320754716981132,24.733333333333334,1261,,,,,,,,,,,,,,,,,,,,,,,,,,,
35,A,nonparticipants_only,,,10,0,10,0,0,0,0.2141861139884539,0.20103522276909497,0.489325216860246,0.003279272847658475,0,0,0.0,0,0.0,0.0,50.0,0,,,,,,,,,,,,,,,,,,,,,,,,,,,
35,A,step_totals,,,,,,,,,,,,,,,,,,,,,81.20000000000007,,,16.0,0.19704433497536927,54.0,0.6650246305418713,0.0,0.0,0.012394247579942666,0.12962962962962962,0.0,0,7,15,21,,32,54,34,6.000000000000003,0.07389162561576351,5.200000000000002,0.06403940886699504,30,26,48
36,A,all_agents,,,40,30,10,0,26,4,0.31803716093460077,0.23060527940907277,0.837810269494923,0.038589625382523786,261,30,0.75,53,3.3207547169811322,1.320754716981132,31.125,1307,,,,,,,,,,,,,,,,,,,,,,,,,,,
36,A,participants_only,,,30,30,0,0,26,4,0.35250721481414654,0.26257189818462273,0.837810269494923,0.045642852089407535,261,30,1.0,53,3.3207547169811322,1.320754716981132,24.833333333333332,1307,,,,,,,,,,,,,,,,,,,,,,,,,,,
36,A,nonparticipants_only,,,10,0,10,0,0,0,0.21462699929596332,0.20036783522228116,0.48687859077594475,0.0031717298883670465,0,0,0.0,0,0.0,0.0,50.0,0,,,,,,,,,,,,,,,,,,,,,,,,,,,
36,A,step_totals,,,,,,,,,,,,,,,,,,,,,76.30000000000008,,,14.5,0.19003931847968525,51.0,0.668414154652686,0.0,0.0,0.01190576511567701,0.11764705882352941,0.0,0,6,16,37,,29,51,28,6.000000000000003,0.07863695937090427,4.800000000000002,0.06290956749672341,30,24,26
37,A,all_agents,,,40,30,10,0,25,5,0.32105110729134234,0.23236221387511433,0.8442978587151261,0.039651490333525975,271,30,0.75,53,3.3207547169811322,1.320754716981132,31.05,1349,,,,,,,,,,,,,,,,,,,,,,,,,,,
37,A,participants_only,,,30,30,0,0,25,5,0.356379914155453,0.2635866705189521,0.8442978587151261,0.046853623168101766,271,30,1.0,53,3.3207547169811322,1.320754716981132,24.733333333333334,1349,,,,,,,,,,,,,,,,,,,,,,,,,,,
37,A,nonparticipants_only,,,10,0,10,0,0,0,0.21506468669901033,0.20148205971107827,0.48444419782206505,0.0030675966964990083,0,0,0.0,0,0.0,0.0,50.0,0,,,,,,,,,,,,,,,,,,,,,,,,,,,
37,A,step_totals,,,,,,,,,,,,,,,,,,,,,81.20000000000007,,,16.0,0.19704433497536927,54.0,0.6650246305418713,0.0,0.0,0.011271799543669478,0.18518518518518517,0.0,0,10,15,21,,32,54,34,6.000000000000003,0.07389162561576351,5.200000000000002,0.06403940886699504,30,26,48
38,A,all_agents,,,40,30,10,0,25,5,0.32353811663143894,0.23398482173448915,0.8505259443665211,0.04092881729712491,278,30,0.75,53,3.3207547169811322,1.320754716981132,31.125,1391,,,,,,,,,,,,,,,,,,,,,,,,,,,
38,A,participants_only,,,30,30,0,0,25,5,0.35955119031225374,0.26413463045282526,0.8505259443665211,0.04839470074647912,278,30,1.0,53,3.3207547169811322,1.320754716981132,24.833333333333332,1391,,,,,,,,,,,,,,,,,,,,,,,,,,,
38,A,nonparticipants_only,,,10,0,10,0,0,0,0.21549889558899452,0.20105019098072086,0.4820219768329547,0.002967869237784701,0,0,0.0,0,0.0,0.0,50.0,0,,,,,,,,,,,,,,,,,,,,,,,,,,,
38,A,step_totals,,,,,,,,,,,,,,,,,,,,,74.80000000000008,,,13.0,0.17379679144385007,51.0,0.6818181818181811,0.0,0.0,0.010629219279891305,0.13725490196078433,0.0,0,7,16,36,,26,51,26,6.000000000000003,0.08021390374331545,4.800000000000002,0.06417112299465236,30,24,26
39,A,all_agents,,,40,30,10,0,24,6,0.3263904081235058,0.23721288953143624,0.8565049065918602,0.041977906245668224,285,30,0.75,53,3.3207547169811322,1.320754716981132,31.05,1433,,,,,,,,,,,,,,,,,,,,,,,,,,,
39,A,participants_only,,,30,30,0,0,24,6,0.36321061027118934,0.26524356454637155,0.8565049065918602,0.049590296795599016,285,30,1.0,53,3.3207547169811322,1.320754716981132,24.733333333333334,1433,,,,,,,,,,,,,,,,,,,,,,,,,,,
39,A,nonparticipants_only,,,10,0,10,0,0,0,0.215929801680455,0.20295716622288773,0.47961186694878993,0.0028720071615204604,0,0,0.0,0,0.0,0.0,50.0,0,,,,,,,,,,,,,,,,,,,,,,,,,,,
39,A,step_totals,,,,,,,,,,,,,,,,,,,,,81.00000000000009,,,16.0,0.19753086419753066,54.0,0.666666666666666,0.0,0.0,0.010840579662405139,0.12962962962962962,0.0,0,7,16,21,,32,54,34,6.000000000000003,0.07407407407407403,5.000000000000002,0.06172839506172835,30,25,47
40,A,all_agents,,,40,30,10,0,25,5,0.3290499298047031,0.237877673646878,0.8622447103281857,0.04326540356391388,295,30,0.75,53,3.3207547169811322,1.320754716981132,31.125,1480,,,,,,,,,,,,,,,,,,,,,,,,,,,
40,A,participants_only,,,30,30,0,0,25,5,0.36661409118436245,0.26565137636795083,0.8622447103281857,0.05111633495858036,295,30,1.0,53,3.3207547169811322,1.320754716981132,24.833333333333332,1480,,,,,,,,,,,,,,,,,,,,,,,,,,,
40,A,nonparticipants_only,,,10,0,10,0,0,0,0.21635744566572515,0.20387928324341714,0.47721380761404597,0.002779814738029366,0,0,0.0,0,0.0,0.0,50.0,0,,,,,,,,,,,,,,,,,,,,,,,,,,,
40,A,step_totals,,,,,,,,,,,,,,,,,,,,,74.80000000000008,,,13.0,0.17379679144385007,51.0,0.6818181818181811,0.0,0.0,0.011209289016608401,0.19607843137254902,0.0,0,10,16,36,,26,51,27,6.000000000000003,0.08021390374331545,4.800000000000002,0.06417112299465236,30,24,26
40,A,reachability,0.2,0.0,,,,,,,,,,,,,,,,,,,,,,,,,,,,,,,,,,,,,,,,,,,,,
41,A,all_agents,,,40,30,10,0,22,8,0.33194643422136794,0.2368965129789724,0.8677549219150583,0.04425507539238119,301,30,0.75,53,3.3207547169811322,1.320754716981132,31.05,1524,,,,,,,,,,,,,,,,,,,,,,,,,,,
41,A,participants_only,,,30,30,0,0,22,8,0.3703345130762082,0.26639233476434243,0.8677549219150583,0.05221550970459632,301,30,1.0,53,3.3207547169811322,1.320754716981132,24.733333333333334,1524,,,,,,,,,,,,,,,,,,,,,,,,,,,
41,A,nonparticipants_only,,,10,0,10,0,0,0,0.21678219765684742,0.20410821119990752,0.47482773857597577,0.0026900372777506716,0,0,0.0,0,0.0,0.0,50.0,0,,,,,,,,,,,,,,,,,,,,,,,,,,,
41,A,step_totals,,,,,,,,,,,,,,,,,,,,,80.30000000000008,,,15.5,0.19302615193026132,54.0,0.6724782067247814,0.0,0.0,0.01110592758738878,0.1111111111111111,0.0,0,6,17,21,,31,54,34,6.000000000000003,0.07471980074719796,4.800000000000002,0.05977584059775837,30,24,47
42,A,all_agents,,,40,30,10,0,22,8,0.3342911786841958,0.23893328859654447,0.873044725038456,0.04545229233034164,310,30,0.75,53,3.3207547169811322,1.320754716981132,31.125,1568,,,,,,,,,,,,,,,,,,,,,,,,,,,
42,A,participants_only,,,30,30,0,0,22,8,0.37332029356628366,0.2650603730905207,0.873044725038456,0.05364214909634894,310,30,1.0,53,3.3207547169811322,1.320754716981132,24.833333333333332,1568,,,,,,,,,,,,,,,,,,,,,,,,,,,
42,A,nonparticipants_only,,,10,0,10,0,0,0,0.21720383403793203,0.20337952165159642,0.4724535998830959,0.002603460330569146,0,0,0.0,0,0.0,0.0,50.0,0,,,,,,,,,,,,,,,,,,,,,,,,,,,
42,A,step_totals,,,,,,,,,,,,,,,,,,,,,74.80000000000007,,,13.0,0.1737967914438501,51.0,0.6818181818181812,0.0,0.0,0.010227723501223765,0.17647058823529413,0.0,0,9,16,36,,26,51,27,6.000000000000003,0.08021390374331547,4.800000000000002,0.06417112299465237,30,24,26
43,A,all_agents,,,40,30,10,0,20,10,0.3368121080684288,0.2390900684328926,0.8781229360369177,0.04638978056614606,323,30,0.75,53,3.3207547169811322,1.320754716981132,31.05,1609,,,,,,,,,,,,,,,,,,,,,,,,,,,
43,A,participants_only,,,30,30,0,0,20,10,0.37654219203750794,0.26625263687474454,0.8781229360369177,0.05469845908963255,323,30,1.0,53,3.3207547169811322,1.320754716981132,24.733333333333334,1609,,,,,,,,,,,,,,,,,,,,,,,,,,,
43,A,nonparticipants_only,,,10,0,10,0,0,0,0.21762185616119128,0.20407053290201144,0.4700913318836804,0.0025219901294056277,0,0,0.0,0,0.0,0.0,50.0,0,,,,,,,,,,,,,,,,,,,,,,,,,,,
43,A,step_totals,,,,,,,,,,,,,,,,,,,,,80.00000000000009,,,15.0,0.1874999999999998,54.0,0.6749999999999993,0.0,0.0,0.01005348485964347,0.24074074074074073,0.0,0,13,16,19,,30,54,33,6.000000000000003,0.07499999999999996,5.000000000000002,0.06249999999999996,30,25,47
44,A,all_agents,,,40,30,10,0,19,11,0.339075216376541,0.24053300137088635,0.882998018595441,0.047565800668603844,330,30,0.75,53,3.3207547169811322,1.320754716981132,31.125,1654,,,,,,,,,,,,,,,,,,,,,,,,,,,
44,A,participants_only,,,30,30,0,0,19,11,0.3794214226381207,0.26492137369037083,0.882998018595441,0.05609501393482448,330,30,1.0,53,3.3207547169811322,1.320754716981132,24.833333333333332,1654,,,,,,,,,,,,,,,,,,,,,,,,,,,
44,A,nonparticipants_only,,,10,0,10,0,0,0,0.218036597591802,0.2045666636372065,0.467740875224262,0.002444364553518796,0,0,0.0,0,0.0,0.0,50.0,0,,,,,,,,,,,,,,,,,,,,,,,,,,,
44,A,step_totals,,,,,,,,,,,,,,,,,,,,,74.30000000000007,,,12.5,0.168236877523553,51.0,0.6864064602960963,0.0,0.0,0.010074346654945122,0.13725490196078433,0.0,0,7,16,36,,25,51,26,6.000000000000003,0.08075370121130548,4.800000000000002,0.06460296096904437,30,24,26
45,A,all_agents,,,40,30,10,0,17,13,0.34162689814059466,0.24092756925659015,0.8876780978516234,0.04852222545978287,344,30,0.75,53,3.3207547169811322,1.320754716981132,31.05,1698,,,,,,,,,,,,,,,,,,,,,,,,,,,
45,A,participants_only,,,30,30,0,0,17,13,0.38268629167178553,0.2686196399430745,0.8876780978516234,0.05716337474282519,344,30,1.0,53,3.3207547169811322,1.320754716981132,24.733333333333334,1698,,,,,,,,,,,,,,,,,,,,,,,,,,,
45,A,nonparticipants_only,,,10,0,10,0,0,0,0.21844871754702216,0.20630380175540047,0.4654021708481407,0.0023682920448655437,0,0,0.0,0,0.0,0.0,50.0,0,,,,,,,,,,,,,,,,,,,,,,,,,,,
45,A,step_totals,,,,,,,,,,,,,,,,,,,,,79.80000000000008,,,15.0,0.18796992481202987,54.0,0.6766917293233076,0.0,0.0,0.010192721513353369,0.25925925925925924,0.0,0,14,17,18,,30,54,33,6.000000000000003,0.07518796992481198,4.800000000000002,0.06015037593984958,30,24,47
46,A,all_agents,,,40,30,10,0,17,13,0.34363353933151414,0.24171464653209562,0.8921709739375585,0.04961139580742471,353,30,0.75,53,3.3207547169811322,1.320754716981132,31.125,1741,,,,,,,,,,,,,,,,,,,,,,,,,,,
46,A,participants_only,,,30,30,0,0,17,13,0.385225439056879,0.2672765417433591,0.8921709739375585,0.05846394642965965,353,30,1.0,53,3.3207547169811322,1.320754716981132,24.833333333333332,1741,,,,,,,,,,,,,,,,,,,,,,,,,,,
46,A,nonparticipants_only,,,10,0,10,0,0,0,0.2188578401554195,0.2070706886365234,0.4630751599939,0.002295110467542233,0,0,0.0,0,0.0,0.0,50.0,0,,,,,,,,,,,,,,,,,,,,,,,,,,,
46,A,step_totals,,,,,,,,,,,,,,,,,,,,,73.40000000000008,,,12.0,0.16348773841961836,51.0,0.694822888283378,0.0,0.0,0.009399018875834022,0.17647058823529413,0.0,0,9,18,35,,24,51,26,6.000000000000003,0.08174386920980921,4.400000000000001,0.059945504087193416,30,22,26
47,A,all_agents,,,40,30,10,0,17,13,0.3460532512847448,0.24052480136080026,0.8964841349800562,0.05052235629068517,358,30,0.75,53,3.3207547169811322,1.320754716981132,31.05,1784,,,,,,,,,,,,,,,,,,,,,,,,,,,
47,A,participants_only,,,30,30,0,0,17,13,0.3883163334047188,0.2672048580712877,0.8964841349800562,0.059476875168783506,358,30,1.0,53,3.3207547169811322,1.320754716981132,24.733333333333334,1784,,,,,,,,,,,,,,,,,,,,,,,,,,,
47,A,nonparticipants_only,,,10,0,10,0,0,0,0.21926400492482273,0.20681115178724135,0.4607597841939305,0.0022247823330341426,0,0,0.0,0,0.0,0.0,50.0,0,,,,,,,,,,,,,,,,,,,,,,,,,,,
47,A,step_totals,,,,,,,,,,,,,,,,,,,,,78.90000000000008,,,14.5,0.18377693282636232,54.0,0.684410646387832,0.0,0.0,0.009938521276287799,0.09259259259259259,0.0,0,5,19,17,,29,54,32,6.000000000000003,0.07604562737642581,4.400000000000001,0.05576679340937892,30,22,47
48,A,all_agents,,,40,30,10,0,17,13,0.34804488877751094,0.24200334785099725,0.9006247695808539,0.051687505539655454,364,30,0.75,53,3.3207547169811322,1.320754716981132,31.125,1831,,,,,,,,,,,,,,,,,,,,,,,,,,,
48,A,participants_only,,,30,30,0,0,17,13,0.390837464876782,0.26586883378093124,0.9006247695808539,0.060872701730360086,364,30,1.0,53,3.3207547169811322,1.320754716981132,24.833333333333332,1831,,,,,,,,,,,,,,,,,,,,,,,,,,,
48,A,nonparticipants_only,,,10,0,10,0,0,0,0.21966716047969756,0.2064400345909188,0.45845598527296083,0.00215746213699865,0,0,0.0,0,0.0,0.0,50.0,0,,,,,,,,,,,,,,,,,,,,,,,,,,,
48,A,step_totals,,,,,,,,,,,,,,,,,,,,,72.20000000000006,,,11.0,0.152354570637119,51.0,0.7063711911357334,0.0,0.0,0.009568598364309212,0.11764705882352941,0.0,0,6,19,34,,22,51,26,6.000000000000003,0.08310249307479221,4.200000000000001,0.058171745152354536,30,21,25
49,A,all_agents,,,40,30,10,0,17,13,0.3505034705109091,0.24079333111174228,0.9045997787976198,0.05259050958426558,373,30,0.75,53,3.3207547169811322,1.320754716981132,31.05,1877,,,,,,,,,,,,,,,,,,,,,,,,,,,
49,A,participants_only,,,30,30,0,0,17,13,0.393982140997554,0.26701605160623093,0.9045997787976198,0.061861543424558504,373,30,1.0,53,3.3207547169811322,1.320754716981132,24.733333333333334,1877,,,,,,,,,,,,,,,,,,,,,,,,,,,
49,A,nonparticipants_only,,,10,0,10,0,0,0,0.22006745905097405,0.20676397916317724,0.456163705346596,0.0020926706159517423,0,0,0.0,0,0.0,0.0,50.0,0,,,,,,,,,,,,,,,,,,,,,,,,,,,
49,A,step_totals,,,,,,,,,,,,,,,,,,,,,78.90000000000008,,,14.5,0.18377693282636232,54.0,0.684410646387832,0.0,0.0,0.010076325549788595,0.16666666666666666,0.0,0,9,19,17,,29,54,31,6.000000000000003,0.07604562737642581,4.400000000000001,0.05576679340937892,30,22,46
50,A,all_agents,,,40,30,10,0,17,13,0.3523543520134398,0.24050984623691707,0.908415787645715,0.05365909733178281,377,30,0.75,53,3.3207547169811322,1.320754716981132,31.125,1922,,,,,,,,,,,,,,,,,,,,,,,,,,,
50,A,participants_only,,,30,30,0,0,17,13,0.3963175010330346,0.2656809713481998,0.908415787645715,0.0631376382444024,377,30,1.0,53,3.3207547169811322,1.320754716981132,24.833333333333332,1922,,,,,,,,,,,,,,,,,,,,,,,,,,,
50,A,nonparticipants_only,,,10,0,10,0,0,0,0.22046490495465534,0.2072409908068198,0.453882886819863,0.002030372933294837,0,0,0.0,0,0.0,0.0,50.0,0,,,,,,,,,,,,,,,,,,,,,,,,,,,
50,A,step_totals,,,,,,,,,,,,,,,,,,,,,72.20000000000006,,,11.0,0.152354570637119,51.0,0.7063711911357334,0.0,0.0,0.009126919784487014,0.0784313725490196,0.0,0,4,19,34,,22,51,25,6.000000000000003,0.08310249307479221,4.200000000000001,0.058171745152354536,30,21,25
50,A,reachability,0.225,0.0,,,,,,,,,,,,,,,,,,,,,,,,,,,,,,,,,,,,,,,,,,,,,
51,A,all_agents,,,40,30,10,0,16,14,0.3543395663735416,0.2393072970057325,0.9120791561398863,0.054551067578149336,388,30,0.75,53,3.3207547169811322,1.320754716981132,31.05,1965,,,,,,,,,,,,,,,,,,,,,,,,,,,
51,A,participants_only,,,30,30,0,0,16,14,0.39883285160567383,0.269301384229345,0.9120791561398863,0.06415951267827105,388,30,1.0,53,3.3207547169811322,1.320754716981132,24.733333333333334,1965,,,,,,,,,,,,,,,,,,,,,,,,,,,
51,A,nonparticipants_only,,,10,0,10,0,0,0,0.22085971067714497,0.20811626419780327,0.45161347238576366,0.001969903108809713,0,0,0.0,0,0.0,0.0,50.0,0,,,,,,,,,,,,,,,,,,,,,,,,,,,
51,A,step_totals,,,,,,,,,,,,,,,,,,,,,77.40000000000008,,,13.0,0.1679586563307492,54.0,0.6976744186046505,0.0,0.0,0.00885984394111093,0.2037037037037037,0.0,0,11,20,17,,26,54,31,6.000000000000003,0.0775193798449612,4.400000000000001,0.0568475452196382,30,22,46
52,A,all_agents,,,40,30,10,0,16,14,0.356099976207569,0.2395650898800264,0.9155959898942909,0.055617619572944685,392,30,0.75,53,3.3207547169811322,1.320754716981132,31.125,2012,,,,,,,,,,,,,,,,,,,,,,,,,,,
52,A,participants_only,,,30,30,0,0,16,14,0.4010493984041941,0.26795487730819834,0.9155959898942909,0.06543773847269715,392,30,1.0,53,3.3207547169811322,1.320754716981132,24.833333333333332,2012,,,,,,,,,,,,,,,,,,,,,,,,,,,
52,A,nonparticipants_only,,,10,0,10,0,0,0,0.22125170961769355,0.2103246628117918,0.44935540502383486,0.0019118562039618077,0,0,0.0,0,0.0,0.0,50.0,0,,,,,,,,,,,,,,,,,,,,,,,,,,,
52,A,step_totals,,,,,,,,,,,,,,,,,,,,,71.90000000000008,,,10.5,0.1460361613351876,51.0,0.7093184979137683,0.0,0.0,0.008897722151011131,0.0784313725490196,0.0,0,4,20,34,,21,51,26,6.000000000000003,0.08344923504867867,4.400000000000001,0.06119610570236435,30,22,24
53,A,all_agents,,,40,30,10,0,16,14,0.35806031203991995,0.23964908041478983,0.9189721502985193,0.05642692002377752,398,30,0.75,53,3.3207547169811322,1.320754716981132,31.05,2055,,,,,,,,,,,,,,,,,,,,,,,,,,,
53,A,participants_only,,,30,30,0,0,16,14,0.4035334148345611,0.26803863439019093,0.9189721502985193,0.06634604026368734,398,30,1.0,53,3.3207547169811322,1.320754716981132,24.733333333333334,2055,,,,,,,,,,,,,,,,,,,,,,,,,,,
53,A,nonparticipants_only,,,10,0,10,0,0,0,0.22164100365599654,0.2101039166169667,0.4471086279987157,0.0018559223707840713,0,0,0.0,0,0.0,0.0,50.0,0,,,,,,,,,,,,,,,,,,,,,,,,,,,
53,A,step_totals,,,,,,,,,,,,,,,,,,,,,77.60000000000008,,,13.0,0.1675257731958761,54.0,0.6958762886597931,0.0,0.0,0.00877696159975346,0.1111111111111111,0.0,0,6,19,17,,26,54,32,6.000000000000003,0.07731958762886594,4.600000000000001,0.05927835051546387,30,23,46
54,A,all_agents,,,40,30,10,0,16,14,0.35964184782202285,0.23862740089756246,0.9222132642865786,0.057431772789852606,402,30,0.75,53,3.3207547169811322,1.320754716981132,31.125,2100,,,,,,,,,,,,,,,,,,,,,,,,,,,
54,A,participants_only,,,30,30,0,0,16,14,0.40551322460995276,0.26669844121823993,0.9222132642865786,0.06755842701497658,402,30,1.0,53,3.3207547169811322,1.320754716981132,24.833333333333332,2100,,,,,,,,,,,,,,,,,,,,,,,,,,,
54,A,nonparticipants_only,,,10,0,10,0,0,0,0.2220277174582329,0.2100354489193767,0.4448730848587221,0.00180161161343782,0,0,0.0,0,0.0,0.0,50.0,0,,,,,,,,,,,,,,,,,,,,,,,,,,,
54,A,step_totals,,,,,,,,,,,,,,,,,,,,,71.90000000000008,,,10.5,0.1460361613351876,51.0,0.7093184979137683,0.0,0.0,0.00832130191767043,0.0784313725490196,0.0,0,4,20,34,,21,51,26,6.000000000000003,0.08344923504867867,4.400000000000001,0.06119610570236435,30,22,24
55,A,all_agents,,,40,30,10,0,16,14,0.36140036847665447,0.23851406682838028,0.9253247337151155,0.058227303982693886,410,30,0.75,53,3.3207547169811322,1.320754716981132,31.05,2142,,,,,,,,,,,,,,,,,,,,,,,,,,,
55,A,participants_only,,,30,30,0,0,16,14,0.407729866973027,0.269790308318873,0.9253247337151155,0.06846772430131497,410,30,1.0,53,3.3207547169811322,1.320754716981132,24.733333333333334,2142,,,,,,,,,,,,,,,,,,,,,,,,,,,
55,A,nonparticipants_only,,,10,0,10,0,0,0,0.22241187298753692,0.2102786484865692,0.4426487194344285,0.001748973855726055,0,0,0.0,0,0.0,0.0,50.0,0,,,,,,,,,,,,,,,,,,,,,,,,,,,
55,A,step_totals,,,,,,,,,,,,,,,,,,,,,76.90000000000008,,,12.5,0.16254876462938866,54.0,0.702210663198959,0.0,0.0,0.008266373225964126,0.14814814814814814,0.0,0,8,20,17,,25,54,30,6.000000000000003,0.07802340702210658,4.400000000000001,0.05721716514954482,30,22,45
56,A,all_agents,,,40,30,10,0,16,14,0.3630341334908189,0.2373214964942384,0.9283117443665109,0.0592119038439885,417,30,0.75,53,3.3207547169811322,1.320754716981132,31.125,2190,,,,,,,,,,,,,,,,,,,,,,,,,,,
56,A,participants_only,,,30,30,0,0,16,14,0.4097811016043062,0.26844135677727865,0.9283117443665109,0.06964179769409057,417,30,1.0,53,3.3207547169811322,1.320754716981132,24.833333333333332,2190,,,,,,,,,,,,,,,,,,,,,,,,,,,
56,A,nonparticipants_only,,,10,0,10,0,0,0,0.22279322915035707,0.2117252402062618,0.4404354758372564,0.0016988739600415513,0,0,0.0,0,0.0,0.0,50.0,0,,,,,,,,,,,,,,,,,,,,,,,,,,,
56,A,step_totals,,,,,,,,,,,,,,,,,,,,,71.20000000000006,,,10.0,0.14044943820224706,51.0,0.71629213483146,0.0,0.0,0.00861435013438401,0.13725490196078433,0.0,0,7,20,33,,20,51,25,6.000000000000003,0.08426966292134828,4.200000000000001,0.058988764044943784,30,21,24
57,A,all_agents,,,40,30,10,0,16,14,0.36479893510351497,0.23884352512758852,0.9311792745918505,0.05998957055093739,425,30,0.75,53,3.3207547169811322,1.320754716981132,31.05,2233,,,,,,,,,,,,,,,,,,,,,,,,,,,
57,A,participants_only,,,30,30,0,0,16,14,0.41200787355508356,0.2702165048436923,0.9311792745918505,0.07052130216424227,425,30,1.0,53,3.3207547169811322,1.320754716981132,24.733333333333334,2233,,,,,,,,,,,,,,,,,,,,,,,,,,,
57,A,nonparticipants_only,,,10,0,10,0,0,0,0.22317211974880932,0.2138896120981082,0.43823329845807013,0.0016501692743349137,0,0,0.0,0,0.0,0.0,50.0,0,,,,,,,,,,,,,,,,,,,,,,,,,,,
57,A,step_totals,,,,,,,,,,,,,,,,,,,,,76.70000000000007,,,12.5,0.16297262059973908,54.0,0.7040417209908728,0.0,0.0,0.008323933340568135,0.14814814814814814,0.0,0,8,21,17,,25,54,28,6.000000000000003,0.0782268578878748,4.200000000000001,0.05475880052151235,30,21,44
58,A,all_agents,,,40,30,10,0,16,14,0.36619840428594713,0.23764930750195057,0.9339321036081765,0.06094074148240088,434,30,0.75,53,3.3207547169811322,1.320754716981132,31.125,2279,,,,,,,,,,,,,,,,,,,,,,,,,,,
58,A,participants_only,,,30,30,0,0,16,14,0.413748475971224,0.26886542231947386,0.9339321036081765,0.07167558623678867,434,30,1.0,53,3.3207547169811322,1.320754716981132,24.833333333333332,2279,,,,,,,,,,,,,,,,,,,,,,,,,,,
58,A,nonparticipants_only,,,10,0,10,0,0,0,0.22354818923011663,0.2138240414619618,0.4360421319657798,0.0016040954119379298,0,0,0.0,0,0.0,0.0,50.0,0,,,,,,,,,,,,,,,,,,,,,,,,,,,
58,A,step_totals,,,,,,,,,,,,,,,,,,,,,71.40000000000008,,,10.0,0.14005602240896345,51.0,0.7142857142857135,0.0,0.0,0.007821058897544234,0.17647058823529413,0.0,0,9,20,33,,20,51,25,6.000000000000003,0.0840336134453781,4.400000000000001,0.06162464985994393,30,22,24
59,A,all_agents,,,40,30,10,0,16,14,0.36799473145287914,0.23976089160922387,0.9365748194638495,0.061741039590072024,437,30,0.75,53,3.3207547169811322,1.320754716981132,31.05,2325,,,,,,,,,,,,,,,,,,,,,,,,,,,
59,A,participants_only,,,30,30,0,0,16,14,0.416018929457677,0.2703968242035365,0.9365748194638495,0.07257667760255672,437,30,1.0,53,3.3207547169811322,1.320754716981132,24.733333333333334,2325,,,,,,,,,,,,,,,,,,,,,,,,,,,
59,A,nonparticipants_only,,,10,0,10,0,0,0,0.22392213743848552,0.21365835147128104,0.4338619213059509,0.0015582424245695315,0,0,0.0,0,0.0,0.0,50.0,0,,,,,,,,,,,,,,,,,,,,,,,,,,,
59,A,step_totals,,,,,,,,,,,,,,,,,,,,,76.90000000000008,,,12.5,0.16254876462938866,54.0,0.702210663198959,0.0,0.0,0.008415238738892175,0.05555555555555555,0.0,0,3,20,17,,25,54,27,6.000000000000003,0.07802340702210658,4.400000000000001,0.05721716514954482,30,22,43
60,A,all_agents,,,40,30,10,0,16,14,0.36932532632039905,0.23856208715117774,0.9391118266852955,0.06261209372849985,444,30,0.75,53,3.3207547169811322,1.320754716981132,31.125,2370,,,,,,,,,,,,,,,,,,,,,,,,,,,
60,A,participants_only,,,30,30,0,0,16,14,0.41766923394021865,0.2690448400825188,0.9391118266852955,0.07362961908971188,444,30,1.0,53,3.3207547169811322,1.320754716981132,24.833333333333332,2370,,,,,,,,,,,,,,,,,,,,,,,,,,,
60,A,nonparticipants_only,,,10,0,10,0,0,0,0.2242936034609402,0.21399359218314862,0.43169261169942114,0.001513916797419952,0,0,0.0,0,0.0,0.0,50.0,0,,,,,,,,,,,,,,,,,,,,,,,,,,,
60,A,step_totals,,,,,,,,,,,,,,,,,,,,,71.40000000000006,,,10.0,0.14005602240896348,51.0,0.7142857142857136,0.0,0.0,0.007609762715988018,0.13725490196078433,0.0,0,7,20,33,,20,51,26,6.000000000000003,0.08403361344537812,4.400000000000001,0.06162464985994394,30,22,24
60,A,reachability,0.225,0.0,,,,,,,,,,,,,,,,,,,,,,,,,,,,,,,,,,,,,,,,,,,,,
61,A,all_agents,,,40,30,10,0,16,14,0.3711922492720027,0.2379603716631408,0.9415473536178837,0.0633729202077722,451,30,0.75,53,3.3207547169811322,1.320754716981132,31.05,2417,,,,,,,,,,,,,,,,,,,,,,,,,,,
61,A,participants_only,,,30,30,0,0,16,14,0.42003555939382087,0.27043166017442366,0.9415473536178837,0.07446382719253745,451,30,1.0,53,3.3207547169811322,1.320754716981132,24.733333333333334,2417,,,,,,,,,,,,,,,,,,,,,,,,,,,
61,A,nonparticipants_only,,,10,0,10,0,0,0,0.224662318906548,0.21434782911765565,0.42953414864092404,0.001472171929603106,0,0,0.0,0,0.0,0.0,50.0,0,,,,,,,,,,,,,,,,,,,,,,,,,,,
61,A,step_totals,,,,,,,,,,,,,,,,,,,,,76.70000000000007,,,12.5,0.16297262059973908,54.0,0.7040417209908728,0.0,0.0,0.008671675966560542,0.12962962962962962,0.0,0,7,21,17,,25,54,27,6.000000000000003,0.0782268578878748,4.200000000000001,0.05475880052151235,30,21,43
62,A,all_agents,,,40,30,10,0,16,14,0.3724360809544391,0.2375201749228487,0.9438854594731683,0.06422846947973773,458,30,0.75,53,3.3207547169811322,1.320754716981132,31.125,2463,,,,,,,,,,,,,,,,,,,,,,,,,,,
62,A,participants_only,,,30,30,0,0,16,14,0.4215719681788803,0.26907950187355156,0.9438854594731683,0.07550312773965707,458,30,1.0,53,3.3207547169811322,1.320754716981132,24.833333333333332,2463,,,,,,,,,,,,,,,,,,,,,,,,,,,
62,A,nonparticipants_only,,,10,0,10,0,0,0,0.2250284192811151,0.21658429667096543,0.42738647789771944,0.0014324697399834962,0,0,0.0,0,0.0,0.0,50.0,0,,,,,,,,,,,,,,,,,,,,,,,,,,,
62,A,step_totals,,,,,,,,,,,,,,,,,,,,,71.40000000000006,,,10.0,0.14005602240896348,51.0,0.7142857142857136,0.0,0.0,0.007339595726058718,0.13725490196078433,0.0,0,7,20,33,,20,51,25,6.000000000000003,0.08403361344537812,4.400000000000001,0.06162464985994394,30,22,24
63,A,all_agents,,,40,30,10,0,16,14,0.3741669706689867,0.23820302590023218,0.9461300410942415,0.06499304982025153,460,30,0.75,53,3.3207547169811322,1.320754716981132,31.05,2510,,,,,,,,,,,,,,,,,,,,,,,,,,,
63,A,participants_only,,,30,30,0,0,16,14,0.42375864746976305,0.27071689091121054,0.9461300410942415,0.07635513877715167,460,30,1.0,53,3.3207547169811322,1.320754716981132,24.733333333333334,2510,,,,,,,,,,,,,,,,,,,,,,,,,,,
63,A,nonparticipants_only,,,10,0,10,0,0,0,0.22539194026665757,0.21718399762267862,0.42524954550823085,0.0013947700545992145,0,0,0.0,0,0.0,0.0,50.0,0,,,,,,,,,,,,,,,,,,,,,,,,,,,
63,A,step_totals,,,,,,,,,,,,,,,,,,,,,76.20000000000006,,,12.0,0.1574803149606298,54.0,0.708661417322834,0.0,0.0,0.008323732276241424,0.037037037037037035,0.0,0,2,21,17,,24,54,26,6.000000000000003,0.07874015748031493,4.200000000000001,0.055118110236220444,30,21,41
64,A,all_agents,,,40,30,10,0,16,14,0.3753051192707221,0.23739432497865365,0.9482848394504718,0.06580075978054063,466,30,0.75,53,3.3207547169811322,1.320754716981132,31.125,2555,,,,,,,,,,,,,,,,,,,,,,,,,,,
64,A,participants_only,,,30,30,0,0,16,14,0.42515580647001794,0.2693633064566545,0.9482848394504718,0.07734116865833682,466,30,1.0,53,3.3207547169811322,1.320754716981132,24.833333333333332,2555,,,,,,,,,,,,,,,,,,,,,,,,,,,
64,A,nonparticipants_only,,,10,0,10,0,0,0,0.2257530576728346,0.21714907711207249,0.4231232977806897,0.0013584409762476312,0,0,0.0,0,0.0,0.0,50.0,0,,,,,,,,,,,,,,,,,,,,,,,,,,,
64,A,step_totals,,,,,,,,,,,,,,,,,,,,,71.40000000000006,,,10.0,0.14005602240896348,51.0,0.7142857142857136,0.0,0.0,0.007004503386588899,0.11764705882352941,0.0,0,6,20,33,,20,51,25,6.000000000000003,0.08403361344537812,4.400000000000001,0.06162464985994394,30,22,24
65,A,all_agents,,,40,30,10,0,16,14,0.37688401672097355,0.23835096125573782,0.950353445872453,0.06653579718248911,475,30,0.75,53,3.3207547169811322,1.320754716981132,31.05,2601,,,,,,,,,,,,,,,,,,,,,,,,,,,
65,A,participants_only,,,30,30,0,0,16,14,0.4271412863357082,0.2689036395532154,0.950353445872453,0.07817055818393223,475,30,1.0,53,3.3207547169811322,1.320754716981132,24.733333333333334,2601,,,,,,,,,,,,,,,,,,,,,,,,,,,
65,A,nonparticipants_only,,,10,0,10,0,0,0,0.22611220787676964,0.217157488034034,0.42100768129178623,0.0013219963886222153,0,0,0.0,0,0.0,0.0,50.0,0,,,,,,,,,,,,,,,,,,,,,,,,,,,
65,A,step_totals,,,,,,,,,,,,,,,,,,,,,75.10000000000007,,,11.5,0.15312916111850852,54.0,0.7190412782956053,0.0,0.0,0.007989112565697799,0.16666666666666666,0.0,0,9,24,17,,23,54,26,6.000000000000003,0.0798934753661784,3.600000000000001,0.04793608521970703,30,18,39
66,A,all_agents,,,40,30,10,0,16,14,0.37823805222111057,0.23787903989411427,0.9523393080375548,0.06733736692317843,485,30,0.75,53,3.3207547169811322,1.320754716981132,31.125,2650,,,,,,,,,,,,,,,,,,,,,,,,,,,
66,A,participants_only,,,30,30,0,0,16,14,0.42882772390008383,0.26843726515048993,0.9523393080375548,0.07911698888569738,485,30,1.0,53,3.3207547169811322,1.320754716981132,24.833333333333332,2650,,,,,,,,,,,,,,,,,,,,,,,,,,,
66,A,nonparticipants_only,,,10,0,10,0,0,0,0.22646903718419084,0.21779459367867277,0.4189026428853273,0.0012867224685859007,0,0,0.0,0,0.0,0.0,50.0,0,,,,,,,,,,,,,,,,,,,,,,,,,,,
66,A,step_totals,,,,,,,,,,,,,,,,,,,,,71.40000000000006,,,10.0,0.14005602240896348,51.0,0.7142857142857136,0.0,0.0,0.007748351363686818,0.19607843137254902,0.0,0,10,20,33,,20,51,26,6.000000000000003,0.08403361344537812,4.400000000000001,0.06162464985994394,30,22,24
67,A,all_agents,,,40,30,10,0,16,14,0.3796586624529652,0.2379960357698563,0.9542457357160526,0.06807955045117269,489,30,0.75,53,3.3207547169811322,1.320754716981132,31.05,2697,,,,,,,,,,,,,,,,,,,,,,,,,,,
67,A,participants_only,,,30,30,0,0,16,14,0.43060383670521574,0.2681377978103267,0.9542457357160526,0.07997305141221044,489,30,1.0,53,3.3207547169811322,1.320754716981132,24.733333333333334,2697,,,,,,,,,,,,,,,,,,,,,,,,,,,
67,A,nonparticipants_only,,,10,0,10,0,0,0,0.22682313969621368,0.22064380576804618,0.41680812967090064,0.0012541182129534073,0,0,0.0,0,0.0,0.0,50.0,0,,,,,,,,,,,,,,,,,,,,,,,,,,,
67,A,step_totals,,,,,,,,,,,,,,,,,,,,,74.30000000000007,,,10.5,0.14131897711978453,54.0,0.726783310901749,0.0,0.0,0.007614753762370132,0.07407407407407407,0.0,0,4,23,17,,21,54,26,6.000000000000003,0.08075370121130548,3.800000000000001,0.05114401076716013,30,19,38
68,A,all_agents,,,40,30,10,0,16,14,0.3809332683430994,0.2374684651648204,0.9560759062874106,0.06888827501946873,498,30,0.75,53,3.3207547169811322,1.320754716981132,31.125,2746,,,,,,,,,,,,,,,,,,,,,,,,,,,
68,A,participants_only,,,30,30,0,0,16,14,0.4321860683099435,0.2682713195623579,0.9560759062874106,0.08093599053871615,498,30,1.0,53,3.3207547169811322,1.320754716981132,24.833333333333332,2746,,,,,,,,,,,,,,,,,,,,,,,,,,,
68,A,nonparticipants_only,,,10,0,10,0,0,0,0.22717486844256682,0.21996834464077492,0.41472408902254615,0.0012229344084303865,0,0,0.0,0,0.0,0.0,50.0,0,,,,,,,,,,,,,,,,,,,,,,,,,,,
68,A,step_totals,,,,,,,,,,,,,,,,,,,,,71.20000000000006,,,10.0,0.14044943820224706,51.0,0.71629213483146,0.0,0.0,0.007517909501116205,0.17647058823529413,0.0,0,9,20,32,,20,51,25,6.000000000000003,0.08426966292134828,4.200000000000001,0.058988764044943784,30,21,24
69,A,all_agents,,,40,30,10,0,16,14,0.38234002172622883,0.2372732548681735,0.9578328700359141,0.06961367489018182,504,30,0.75,53,3.3207547169811322,1.320754716981132,31.05,2794,,,,,,,,,,,,,,,,,,,,,,,,,,,
69,A,participants_only,,,30,30,0,0,16,14,0.43394517307437713,0.2684160058319848,0.9578328700359141,0.08176854087029675,504,30,1.0,53,3.3207547169811322,1.320754716981132,24.733333333333334,2794,,,,,,,,,,,,,,,,,,,,,,,,,,,
69,A,nonparticipants_only,,,10,0,10,0,0,0,0.22752456768178395,0.2208743950573324,0.4126504685774334,0.001191977201853518,0,0,0.0,0,0.0,0.0,50.0,0,,,,,,,,,,,,,,,,,,,,,,,,,,,
69,A,step_totals,,,,,,,,,,,,,,,,,,,,,74.30000000000007,,,10.5,0.14131897711978453,54.0,0.726783310901749,0.0,0.0,0.00758325054275307,0.1111111111111111,0.0,0,6,23,17,,21,54,26,6.000000000000003,0.08075370121130548,3.800000000000001,0.05114401076716013,30,19,38
70,A,all_agents,,,40,30,10,0,16,14,0.3834952336799263,0.23750996322017062,0.9595195552344775,0.07038609478042633,511,30,0.75,53,3.3207547169811322,1.320754716981132,31.125,2843,,,,,,,,,,,,,,,,,,,,,,,,,,,
70,A,participants_only,,,30,30,0,0,16,14,0.43536961345705005,0.26892157858788923,0.9595195552344775,0.08269705098008272,511,30,1.0,53,3.3207547169811322,1.320754716981132,24.833333333333332,2843,,,,,,,,,,,,,,,,,,,,,,,,,,,
70,A,nonparticipants_only,,,10,0,10,0,0,0,0.227872094348555,0.2203490116096412,0.41058721623454625,0.0011618108543219536,0,0,0.0,0,0.0,0.0,50.0,0,,,,,,,,,,,,,,,,,,,,,,,,,,,
70,A,step_totals,,,,,,,,,,,,,,,,,,,,,71.20000000000006,,,10.0,0.14044943820224706,51.0,0.71629213483146,0.0,0.0,0.007132176958904448,0.13725490196078433,0.0,0,7,20,32,,20,51,25,6.000000000000003,0.08426966292134828,4.200000000000001,0.058988764044943784,30,21,24
70,A,reachability,0.225,0.0,,,,,,,,,,,,,,,,,,,,,,,,,,,,,,,,,,,,,,,,,,,,,
71,A,all_agents,,,40,30,10,0,16,14,0.38485302360043716,0.2387325017694089,0.9611387730250984,0.07110503616566143,521,30,0.75,53,3.3207547169811322,1.320754716981132,31.05,2891,,,,,,,,,,,,,,,,,,,,,,,,,,,
71,A,participants_only,,,30,30,0,0,16,14,0.4370647291588423,0.2696744428313391,0.9611387730250984,0.083525525941377,521,30,1.0,53,3.3207547169811322,1.320754716981132,24.733333333333334,2891,,,,,,,,,,,,,,,,,,,,,,,,,,,
71,A,nonparticipants_only,,,10,0,10,0,0,0,0.22821790692522173,0.22144975469495207,0.4085342801533735,0.0011308204707035933,0,0,0.0,0,0.0,0.0,50.0,0,,,,,,,,,,,,,,,,,,,,,,,,,,,
71,A,step_totals,,,,,,,,,,,,,,,,,,,,,73.60000000000007,,,10.0,0.13586956521739119,54.0,0.7336956521739124,0.0,0.0,0.007524308045912052,0.18518518518518517,0.0,0,10,24,17,,20,54,25,6.000000000000003,0.08152173913043474,3.600000000000001,0.04891304347826084,30,18,36
72,A,all_agents,,,40,30,10,0,16,14,0.3859355547590687,0.23887670255239624,0.9626932221040945,0.07181890725855361,531,30,0.75,53,3.3207547169811322,1.320754716981132,31.125,2939,,,,,,,,,,,,,,,,,,,,,,,,,,,
72,A,participants_only,,,30,30,0,0,16,14,0.43839374700195316,0.27006247671125416,0.9626932221040945,0.08438352814369751,531,30,1.0,53,3.3207547169811322,1.320754716981132,24.833333333333332,2939,,,,,,,,,,,,,,,,,,,,,,,,,,,
72,A,nonparticipants_only,,,10,0,10,0,0,0,0.2285609780304155,0.22308025637296064,0.40649160875260665,0.0011027014024248911,0,0,0.0,0,0.0,0.0,50.0,0,,,,,,,,,,,,,,,,,,,,,,,,,,,
72,A,step_totals,,,,,,,,,,,,,,,,,,,,,71.40000000000006,,,10.0,0.14005602240896348,51.0,0.7142857142857136,0.0,0.0,0.006883874773097518,0.19607843137254902,0.0,0,10,20,32,,20,51,25,6.000000000000003,0.08403361344537812,4.400000000000001,0.06162464985994394,30,22,23
73,A,all_agents,,,40,30,10,0,16,14,0.3871896665308967,0.23970689029856235,0.9641854932199307,0.07245732247498624,545,30,0.75,53,3.3207547169811322,1.320754716981132,31.05,2986,,,,,,,,,,,,,,,,,,,,,,,,,,,
73,A,participants_only,,,30,30,0,0,16,14,0.4399523387647326,0.2701920392770443,0.9641854932199307,0.08511539483199092,545,30,1.0,53,3.3207547169811322,1.320754716981132,24.733333333333334,2986,,,,,,,,,,,,,,,,,,,,,,,,,,,
73,A,nonparticipants_only,,,10,0,10,0,0,0,0.22890164982938901,0.22298632349288916,0.40445915070884364,0.0010763104289097888,0,0,0.0,0,0.0,0.0,50.0,0,,,,,,,,,,,,,,,,,,,,,,,,,,,
73,A,step_totals,,,,,,,,,,,,,,,,,,,,,73.60000000000007,,,10.0,0.13586956521739119,54.0,0.7336956521739124,0.0,0.0,0.007196179527462469,0.25925925925925924,0.0,0,14,24,17,,20,54,25,6.000000000000003,0.08152173913043474,3.600000000000001,0.04891304347826084,30,18,36
74,A,all_agents,,,40,30,10,0,16,14,0.38823551646625215,0.23917529068717894,0.9656180734911335,0.07316830847689554,554,30,0.75,53,3.3207547169811322,1.320754716981132,31.125,3035,,,,,,,,,,,,,,,,,,,,,,,,,,,
74,A,participants_only,,,30,30,0,0,16,14,0.44123389700264387,0.2703324353102172,0.9656180734911335,0.08597242397391562,554,30,1.0,53,3.3207547169811322,1.320754716981132,24.833333333333332,3035,,,,,,,,,,,,,,,,,,,,,,,,,,,
74,A,nonparticipants_only,,,10,0,10,0,0,0,0.22924037485707724,0.2229578921839423,0.4024368549552994,0.0010500219120731281,0,0,0.0,0,0.0,0.0,50.0,0,,,,,,,,,,,,,,,,,,,,,,,,,,,
74,A,step_totals,,,,,,,,,,,,,,,,,,,,,71.20000000000007,,,10.0,0.14044943820224703,51.0,0.7162921348314599,0.0,0.0,0.006793766617493972,0.17647058823529413,0.0,0,9,20,32,,20,51,24,6.000000000000003,0.08426966292134827,4.200000000000001,0.05898876404494378,30,21,22
75,A,all_agents,,,40,30,10,0,16,14,0.38937217218238296,0.24034281850027522,0.9669933505514882,0.07385402567028418,562,30,0.75,53,3.3207547169811322,1.320754716981132,31.05,3083,,,,,,,,,,,,,,,,,,,,,,,,,,,
75,A,participants_only,,,30,30,0,0,16,14,0.44263721166095693,0.2714177246930276,0.9669933505514882,0.08678195969021961,562,30,1.0,53,3.3207547169811322,1.320754716981132,24.733333333333334,3083,,,,,,,,,,,,,,,,,,,,,,,,,,,
75,A,nonparticipants_only,,,10,0,10,0,0,0,0.22957705374666126,0.2232201808534388,0.4004246706805229,0.0010242504426294474,0,0,0.0,0,0.0,0.0,50.0,0,,,,,,,,,,,,,,,,,,,,,,,,,,,
75,A,step_totals,,,,,,,,,,,,,,,,,,,,,73.10000000000005,,,9.5,0.12995896032831727,54.0,0.7387140902872772,0.0,0.0,0.006888695428128563,0.14814814814814814,0.0,0,8,24,17,,19,54,25,6.000000000000003,0.08207934336525306,3.600000000000001,0.049247606019151825,30,18,36
76,A,all_agents,,,40,30,10,0,16,14,0.39034210866746766,0.24044528765566361,0.9683136165294286,0.07454945472176258,567,30,0.75,53,3.3207547169811322,1.320754716981132,31.125,3132,,,,,,,,,,,,,,,,,,,,,,,,,,,
76,A,participants_only,,,30,30,0,0,16,14,0.4438190005011131,0.2721205408458237,0.9683136165294286,0.08762685267188355,567,30,1.0,53,3.3207547169811322,1.320754716981132,24.833333333333332,3132,,,,,,,,,,,,,,,,,,,,,,,,,,,
76,A,nonparticipants_only,,,10,0,10,0,0,0,0.22991143316653115,0.22349437456139132,0.3984225473271203,0.000999925349150608,0,0,0.0,0,0.0,0.0,50.0,0,,,,,,,,,,,,,,,,,,,,,,,,,,,
76,A,step_totals,,,,,,,,,,,,,,,,,,,,,71.20000000000007,,,10.0,0.14044943820224703,51.0,0.7162921348314599,0.0,0.0,0.00655102426849797,0.09803921568627451,0.0,0,5,20,32,,20,51,24,6.000000000000003,0.08426966292134827,4.200000000000001,0.05898876404494378,30,21,22
77,A,all_agents,,,40,30,10,0,16,14,0.39146399874808246,0.24171890628550108,0.9695810718682515,0.07521522309712508,573,30,0.75,53,3.3207547169811322,1.320754716981132,31.05,3180,,,,,,,,,,,,,,,,,,,,,,,,,,,
77,A,participants_only,,,30,30,0,0,16,14,0.44520400464328574,0.27150304137434234,0.9695810718682515,0.08840987655790282,573,30,1.0,53,3.3207547169811322,1.320754716981132,24.733333333333334,3180,,,,,,,,,,,,,,,,,,,,,,,,,,,
77,A,nonparticipants_only,,,10,0,10,0,0,0,0.23024398106247274,0.22530449670388436,0.3964304345904847,0.0009754039113941218,0,0,0.0,0,0.0,0.0,50.0,0,,,,,,,,,,,,,,,,,,,,,,,,,,,
77,A,step_totals,,,,,,,,,,,,,,,,,,,,,72.80000000000007,,,9.0,0.1236263736263735,54.0,0.741758241758241,0.0,0.0,0.006894037575179359,0.1111111111111111,0.0,0,6,23,17,,18,54,25,6.000000000000003,0.08241758241758237,3.800000000000001,0.052197802197802165,30,19,35
78,A,all_agents,,,40,30,10,0,16,14,0.3924461368827421,0.24147868365634226,0.9707978289935214,0.07589580119385826,581,30,0.75,53,3.3207547169811322,1.320754716981132,31.125,3230,,,,,,,,,,,,,,,,,,,,,,,,,,,
78,A,participants_only,,,30,30,0,0,16,14,0.4464033799765881,0.2708912627659408,0.9707978289935214,0.08923160502847266,581,30,1.0,53,3.3207547169811322,1.320754716981132,24.833333333333332,3230,,,,,,,,,,,,,,,,,,,,,,,,,,,
78,A,nonparticipants_only,,,10,0,10,0,0,0,0.23057440760120432,0.22538590766401184,0.39444828241753227,0.0009517807025544762,0,0,0.0,0,0.0,0.0,50.0,0,,,,,,,,,,,,,,,,,,,,,,,,,,,
78,A,step_totals,,,,,,,,,,,,,,,,,,,,,71.20000000000007,,,10.0,0.14044943820224703,51.0,0.7162921348314599,0.0,0.0,0.006605858653261072,0.1568627450980392,0.0,0,8,20,32,,20,51,23,6.000000000000003,0.08426966292134827,4.200000000000001,0.05898876404494378,30,21,19
79,A,all_agents,,,40,30,10,0,16,14,0.3934544636171552,0.24200864068658884,0.9719659158337806,0.0765327748540005,592,30,0.75,53,3.3207547169811322,1.320754716981132,31.05,3277,,,,,,,,,,,,,,,,,,,,,,,,,,,
79,A,participants_only,,,30,30,0,0,16,14,0.4476384611426138,0.2702910636890427,0.9719659158337806,0.0899900948645032,592,30,1.0,53,3.3207547169811322,1.320754716981132,24.733333333333334,3277,,,,,,,,,,,,,,,,,,,,,,,,,,,
79,A,nonparticipants_only,,,10,0,10,0,0,0,0.23090247104077916,0.22505876503677819,0.3924760410054446,0.00092994776842546,0,0,0.0,0,0.0,0.0,50.0,0,,,,,,,,,,,,,,,,,,,,,,,,,,,
79,A,step_totals,,,,,,,,,,,,,,,,,,,,,72.60000000000005,,,9.0,0.12396694214876024,54.0,0.7438016528925615,0.0,0.0,0.006547299501775012,0.2037037037037037,0.0,0,11,23,16,,18,54,25,6.000000000000003,0.08264462809917353,3.600000000000001,0.04958677685950411,30,18,35
80,A,all_agents,,,40,30,10,0,16,14,0.3943061727405156,0.24213511608485133,0.9730872792004294,0.07713340646864324,600,30,0.75,53,3.3207547169811322,1.320754716981132,31.125,3323,,,,,,,,,,,,,,,,,,,,,,,,,,,
80,A,participants_only,,,30,30,0,0,16,14,0.44866540144574807,0.2709731040780601,0.9730872792004294,0.0907219078331686,600,30,1.0,53,3.3207547169811322,1.320754716981132,24.833333333333332,3323,,,,,,,,,,,,,,,,,,,,,,,,,,,
80,A,nonparticipants_only,,,10,0,10,0,0,0,0.23122848662481824,0.22459972914284532,0.3905136608004174,0.0009087934299339577,0,0,0.0,0,0.0,0.0,50.0,0,,,,,,,,,,,,,,,,,,,,,,,,,,,
80,A,step_totals,,,,,,,,,,,,,,,,,,,,,71.00000000000007,,,10.0,0.14084507042253508,51.0,0.7183098591549288,0.0,0.0,0.006195159827854042,0.1568627450980392,0.0,0,8,20,31,,20,51,22,6.000000000000003,0.08450704225352108,4.000000000000001,0.05633802816901404,30,20,19
80,A,reachability,0.225,0.0,,,,,,,,,,,,,,,,,,,,,,,,,,,,,,,,,,,,,,,,,,,,,
81,A,all_agents,,,40,30,10,0,16,14,0.3953218390217745,0.24196571289771526,0.9741637880324122,0.07778938317468599,609,30,0.75,53,3.3207547169811322,1.320754716981132,31.05,3372,,,,,,,,,,,,,,,,,,,,,,,,,,,
81,A,participants_only,,,30,30,0,0,16,14,0.44991160781976974,0.27036755763041476,0.9741637880324122,0.09150297431915377,609,30,1.0,53,3.3207547169811322,1.320754716981132,24.733333333333334,3372,,,,,,,,,,,,,,,,,,,,,,,,,,,
81,A,nonparticipants_only,,,10,0,10,0,0,0,0.23155253262778877,0.22527073854968482,0.3885610924964153,0.0008880954522597393,0,0,0.0,0,0.0,0.0,50.0,0,,,,,,,,,,,,,,,,,,,,,,,,,,,
81,A,step_totals,,,,,,,,,,,,,,,,,,,,,71.60000000000007,,,8.0,0.11173184357541889,54.0,0.7541899441340775,0.0,0.0,0.006711692489095294,0.16666666666666666,0.0,0,9,24,15,,16,54,24,6.000000000000003,0.08379888268156421,3.600000000000001,0.050279329608938515,30,18,34
82,A,all_agents,,,40,30,10,0,16,14,0.39611105421518855,0.2412814154665688,0.9751972365111157,0.07841285807339965,617,30,0.75,53,3.3207547169811322,1.320754716981132,31.125,3421,,,,,,,,,,,,,,,,,,,,,,,,,,,
82,A,participants_only,,,30,30,0,0,16,14,0.4508565861791659,0.2690157198422627,0.9751972365111157,0.09227271140127934,617,30,1.0,53,3.3207547169811322,1.320754716981132,24.833333333333332,3421,,,,,,,,,,,,,,,,,,,,,,,,,,,
82,A,nonparticipants_only,,,10,0,10,0,0,0,0.23187445832325648,0.22563422778515208,0.3866182870339332,0.000868418849534154,0,0,0.0,0,0.0,0.0,50.0,0,,,,,,,,,,,,,,,,,,,,,,,,,,,
82,A,step_totals,,,,,,,,,,,,,,,,,,,,,70.30000000000007,,,9.5,0.135135135135135,51.0,0.7254623044096721,0.0,0.0,0.006075298171978013,0.1568627450980392,0.0,0,8,21,30,,19,51,21,6.000000000000003,0.08534850640113793,3.800000000000001,0.054054054054054015,30,19,19
83,A,all_agents,,,40,30,10,0,16,14,0.39713956113296106,0.241254669831095,0.9761893470506711,0.07908666434837597,628,30,0.75,53,3.3207547169811322,1.320754716981132,31.05,3472,,,,,,,,,,,,,,,,,,,,,,,,,,,
83,A,participants_only,,,30,30,0,0,16,14,0.45212112591068054,0.2678580460084309,0.9761893470506711,0.09307444323662031,628,30,1.0,53,3.3207547169811322,1.320754716981132,24.733333333333334,3472,,,,,,,,,,,,,,,,,,,,,,,,,,,
83,A,nonparticipants_only,,,10,0,10,0,0,0,0.23219486679980272,0.22738189395399205,0.3846851955987635,0.0008476580987642102,0,0,0.0,0,0.0,0.0,50.0,0,,,,,,,,,,,,,,,,,,,,,,,,,,,
83,A,step_totals,,,,,,,,,,,,,,,,,,,,,71.60000000000007,,,8.0,0.11173184357541889,54.0,0.7541899441340775,0.0,0.0,0.006761747155987971,0.2037037037037037,0.0,0,11,24,15,,16,54,24,6.000000000000003,0.08379888268156421,3.600000000000001,0.050279329608938515,30,18,34
84,A,all_agents,,,40,30,10,0,16,14,0.39775366850811383,0.24010283517649467,0.9771417731686443,0.07959485134615568,634,30,0.75,53,3.3207547169811322,1.320754716981132,31.125,3517,,,,,,,,,,,,,,,,,,,,,,,,,,,
84,A,participants_only,,,30,30,0,0,16,14,0.4528339456133465,0.2665187557783887,0.9771417731686443,0.09371475628494391,634,30,1.0,53,3.3207547169811322,1.320754716981132,24.833333333333332,3517,,,,,,,,,,,,,,,,,,,,,,,,,,,
84,A,nonparticipants_only,,,10,0,10,0,0,0,0.23251283719241592,0.22746049593197326,0.3827617696207697,0.000829093417920404,0,0,0.0,0,0.0,0.0,50.0,0,,,,,,,,,,,,,,,,,,,,,,,,,,,
84,A,step_totals,,,,,,,,,,,,,,,,,,,,,71.00000000000007,,,10.0,0.14084507042253508,51.0,0.7183098591549288,0.0,0.0,0.005416338423302965,0.11764705882352941,0.0,0,6,20,31,,20,51,22,6.000000000000003,0.08450704225352108,4.000000000000001,0.05633802816901404,30,20,19
85,A,all_agents,,,40,30,10,0,16,14,0.39870330814707294,0.24064513127330528,0.9780561022418985,0.08022681837122117,641,30,0.75,53,3.3207547169811322,1.320754716981132,31.05,3567,,,,,,,,,,,,,,,,,,,,,,,,,,,
85,A,participants_only,,,30,30,0,0,16,14,0.45399482802529617,0.26518616199949674,0.9780561022418985,0.09446999517079058,641,30,1.0,53,3.3207547169811322,1.320754716981132,24.733333333333334,3567,,,,,,,,,,,,,,,,,,,,,,,,,,,
85,A,nonparticipants_only,,,10,0,10,0,0,0,0.23282874851240332,0.22712994872835252,0.38084796077266586,0.0008114619271854865,0,0,0.0,0,0.0,0.0,50.0,0,,,,,,,,,,,,,,,,,,,,,,,,,,,
85,A,step_totals,,,,,,,,,,,,,,,,,,,,,71.60000000000007,,,8.0,0.11173184357541889,54.0,0.7541899441340775,0.0,0.0,0.006500973608840749,0.12962962962962962,0.0,0,7,24,15,,16,54,24,6.000000000000003,0.08379888268156421,3.600000000000001,0.050279329608938515,30,18,34
86,A,all_agents,,,40,30,10,0,16,14,0.3994052946107993,0.23995782106810634,0.9789338581522226,0.08076652574744872,649,30,0.75,53,3.3207547169811322,1.320754716981132,31.125,3615,,,,,,,,,,,,,,,,,,,,,,,,,,,
86,A,participants_only,,,30,30,0,0,16,14,0.4548260801319652,0.26479240101812784,0.9789338581522226,0.095138324085252,649,30,1.0,53,3.3207547169811322,1.320754716981132,24.833333333333332,3615,,,,,,,,,,,,,,,,,,,,,,,,,,,
86,A,nonparticipants_only,,,10,0,10,0,0,0,0.23314293804730177,0.22681493130311514,0.3789437209688025,0.0007935691206420811,0,0,0.0,0,0.0,0.0,50.0,0,,,,,,,,,,,,,,,,,,,,,,,,,,,
86,A,step_totals,,,,,,,,,,,,,,,,,,,,,70.30000000000005,,,9.5,0.13513513513513503,51.0,0.7254623044096723,0.0,0.0,0.005801844132030461,0.1568627450980392,0.0,0,8,21,30,,19,51,21,6.000000000000003,0.08534850640113795,3.800000000000001,0.05405405405405403,30,19,19
87,A,all_agents,,,40,30,10,0,16,14,0.4003113737409777,0.24003208167842444,0.9797765038261337,0.08140407383865671,656,30,0.75,53,3.3207547169811322,1.320754716981132,31.05,3665,,,,,,,,,,,,,,,,,,,,,,,,,,,
87,A,participants_only,,,30,30,0,0,16,14,0.4559301248161661,0.2634684390130372,0.9797765038261337,0.09590616107742722,656,30,1.0,53,3.3207547169811322,1.320754716981132,24.733333333333334,3665,,,,,,,,,,,,,,,,,,,,,,,,,,,
87,A,nonparticipants_only,,,10,0,10,0,0,0,0.2334551205154123,0.22725054434778852,0.3770490023639585,0.0007764664683798462,0,0,0.0,0,0.0,0.0,50.0,0,,,,,,,,,,,,,,,,,,,,,,,,,,,
87,A,step_totals,,,,,,,,,,,,,,,,,,,,,71.60000000000007,,,8.0,0.11173184357541889,54.0,0.7541899441340775,0.0,0.0,0.006360503088753153,0.12962962962962962,0.0,0,7,24,15,,16,54,23,6.000000000000003,0.08379888268156421,3.600000000000001,0.050279329608938515,30,18,32
88,A,all_agents,,,40,30,10,0,16,14,0.4009991562221829,0.2388319212700323,0.9805854436730883,0.08192429507815972,665,30,0.75,53,3.3207547169811322,1.320754716981132,31.125,3713,,,,,,,,,,,,,,,,,,,,,,,,,,,
88,A,participants_only,,,30,30,0,0,16,14,0.4567438308848316,0.26293751691393885,0.9805854436730883,0.09654892702135187,665,30,1.0,53,3.3207547169811322,1.320754716981132,24.833333333333332,3713,,,,,,,,,,,,,,,,,,,,,,,,,,,
88,A,nonparticipants_only,,,10,0,10,0,0,0,0.23376513223423656,0.22770024808160522,0.3751637573521387,0.0007607742096486388,0,0,0.0,0,0.0,0.0,50.0,0,,,,,,,,,,,,,,,,,,,,,,,,,,,
88,A,step_totals,,,,,,,,,,,,,,,,,,,,,70.30000000000007,,,9.5,0.135135135135135,51.0,0.7254623044096721,0.0,0.0,0.005764001346184201,0.17647058823529413,0.0,0,9,21,30,,19,51,21,6.000000000000003,0.08534850640113793,3.800000000000001,0.054054054054054015,30,19,19
89,A,all_agents,,,40,30,10,0,16,14,0.40188097491175784,0.23773187473093163,0.9807795892363574,0.08253945780283808,674,30,0.75,53,3.3207547169811322,1.320754716981132,31.05,3763,,,,,,,,,,,,,,,,,,,,,,,,,,,
89,A,participants_only,,,30,30,0,0,16,14,0.4578167632781982,0.2616228293293692,0.9807795892363574,0.097289277950902,674,30,1.0,53,3.3207547169811322,1.320754716981132,24.733333333333334,3763,,,,,,,,,,,,,,,,,,,,,,,,,,,
89,A,nonparticipants_only,,,10,0,10,0,0,0,0.23407360981243686,0.2293555414393202,0.373287938565378,0.0007442483165439096,0,0,0.0,0,0.0,0.0,50.0,0,,,,,,,,,,,,,,,,,,,,,,,,,,,
89,A,step_totals,,,,,,,,,,,,,,,,,,,,,71.60000000000007,,,8.0,0.11173184357541889,54.0,0.7541899441340775,0.0,0.0,0.006285138288204112,0.16666666666666666,0.0,0,9,24,15,,16,54,22,6.000000000000003,0.08379888268156421,3.600000000000001,0.050279329608938515,30,18,30
90,A,all_agents,,,40,30,10,0,16,14,0.4025948045874292,0.23666536530361307,0.9815484056669032,0.0830706077355775,684,30,0.75,53,3.3207547169811322,1.320754716981132,31.125,3811,,,,,,,,,,,,,,,,,,,,,,,,,,,
90,A,participants_only,,,30,30,0,0,16,14,0.45866639347486404,0.26182290154980115,0.9815484056669032,0.09794179456602264,684,30,1.0,53,3.3207547169811322,1.320754716981132,24.833333333333332,3811,,,,,,,,,,,,,,,,,,,,,,,,,,,
90,A,nonparticipants_only,,,10,0,10,0,0,0,0.2343800379251246,0.22946350315732822,0.3714214988725511,0.000728770279903989,0,0,0.0,0,0.0,0.0,50.0,0,,,,,,,,,,,,,,,,,,,,,,,,,,,
90,A,step_totals,,,,,,,,,,,,,,,,,,,,,70.30000000000005,,,9.5,0.13513513513513503,51.0,0.7254623044096723,0.0,0.0,0.005863520910471132,0.19607843137254902,0.0,0,10,21,30,,19,51,20,6.000000000000003,0.08534850640113795,3.800000000000001,0.05405405405405403,30,19,19
90,A,reachability,0.225,0.0,,,,,,,,,,,,,,,,,,,,,,,,,,,,,,,,,,,,,,,,,,,,,
91,A,all_agents,,,40,30,10,0,16,14,0.40346421769978547,0.23590167609480236,0.982286469440227,0.08370541226924806,691,30,0.75,53,3.3207547169811322,1.320754716981132,31.05,3863,,,,,,,,,,,,,,,,,,,,,,,,,,,
91,A,participants_only,,,30,30,0,0,16,14,0.4597241507204254,0.2605137870420522,0.982286469440227,0.09870836920867804,691,30,1.0,53,3.3207547169811322,1.320754716981132,24.733333333333334,3863,,,,,,,,,,,,,,,,,,,,,,,,,,,
91,A,nonparticipants_only,,,10,0,10,0,0,0,0.23468441863786574,0.22916886480414655,0.36956439137818836,0.0007143806891154906,0,0,0.0,0,0.0,0.0,50.0,0,,,,,,,,,,,,,,,,,,,,,,,,,,,
91,A,step_totals,,,,,,,,,,,,,,,,,,,,,71.60000000000007,,,8.0,0.11173184357541889,54.0,0.7541899441340775,0.0,0.0,0.006250121502083426,0.12962962962962962,0.0,0,7,24,15,,16,54,22,6.000000000000003,0.08379888268156421,3.600000000000001,0.050279329608938515,30,18,30
92,A,all_agents,,,40,30,10,0,16,14,0.40405164631343915,0.23577633904127263,0.982995010662618,0.08418843587630624,698,30,0.75,53,3.3207547169811322,1.320754716981132,31.125,3911,,,,,,,,,,,,,,,,,,,,,,,,,,,
92,A,participants_only,,,30,30,0,0,16,14,0.4604065031444365,0.26131257490290327,0.982995010662618,0.0993144569422972,698,30,1.0,53,3.3207547169811322,1.320754716981132,24.833333333333332,3911,,,,,,,,,,,,,,,,,,,,,,,,,,,
92,A,nonparticipants_only,,,10,0,10,0,0,0,0.23498707582044726,0.22896396915335893,0.36771656942129743,0.000699934017026989,0,0,0.0,0,0.0,0.0,50.0,0,,,,,,,,,,,,,,,,,,,,,,,,,,,
92,A,step_totals,,,,,,,,,,,,,,,,,,,,,70.30000000000005,,,9.5,0.13513513513513503,51.0,0.7254623044096723,0.0,0.0,0.005442396523215156,0.13725490196078433,0.0,0,7,21,30,,19,51,20,6.000000000000003,0.08534850640113795,3.800000000000001,0.05405405405405403,30,19,19
93,A,all_agents,,,40,30,10,0,16,14,0.40486002787113307,0.23557367991980138,0.9836752102361133,0.08478145071520192,706,30,0.75,53,3.3207547169811322,1.320754716981132,31.05,3962,,,,,,,,,,,,,,,,,,,,,,,,,,,
93,A,participants_only,,,30,30,0,0,16,14,0.4613840912949757,0.26000601202838874,0.9836752102361133,0.10003335554405617,706,30,1.0,53,3.3207547169811322,1.320754716981132,24.733333333333334,3962,,,,,,,,,,,,,,,,,,,,,,,,,,,
93,A,nonparticipants_only,,,10,0,10,0,0,0,0.23528783759960534,0.22916203945245234,0.36587798657419096,0.000686099277328258,0,0,0.0,0,0.0,0.0,50.0,0,,,,,,,,,,,,,,,,,,,,,,,,,,,
93,A,step_totals,,,,,,,,,,,,,,,,,,,,,71.60000000000005,,,8.0,0.11173184357541892,54.0,0.7541899441340777,0.0,0.0,0.0060503032344655224,0.14814814814814814,0.0,0,8,24,15,,16,54,22,6.000000000000003,0.08379888268156423,3.600000000000001,0.05027932960893852,30,18,30
94,A,all_agents,,,40,30,10,0,16,14,0.4054516074712843,0.23561571537716464,0.9843282018266687,0.08525964047401349,712,30,0.75,53,3.3207547169811322,1.320754716981132,31.125,4011,,,,,,,,,,,,,,,,,,,,,,,,,,,
94,A,participants_only,,,30,30,0,0,16,14,0.4620732548748171,0.2595402405422398,0.9843282018266687,0.10063113068102121,712,30,1.0,53,3.3207547169811322,1.320754716981132,24.833333333333332,4011,,,,,,,,,,,,,,,,,,,,,,,,,,,
94,A,nonparticipants_only,,,10,0,10,0,0,0,0.23558666526068575,0.22969498296246516,0.36404859664132,0.0006730383967103486,0,0,0.0,0,0.0,0.0,50.0,0,,,,,,,,,,,,,,,,,,,,,,,,,,,
94,A,step_totals,,,,,,,,,,,,,,,,,,,,,70.30000000000007,,,9.5,0.135135135135135,51.0,0.7254623044096721,0.0,0.0,0.005466409477865648,0.11764705882352941,0.0,0,6,21,30,,19,51,20,6.000000000000003,0.08534850640113793,3.800000000000001,0.054054054054054015,30,19,19
95,A,all_agents,,,40,30,10,0,16,14,0.4062607735458272,0.235578265724562,0.9849550737536019,0.08586041580253206,720,30,0.75,53,3.3207547169811322,1.320754716981132,31.05,4063,,,,,,,,,,,,,,,,,,,,,,,,,,,
95,A,participants_only,,,30,30,0,0,16,14,0.4630530278781544,0.25824253933952857,0.9849550737536019,0.1013593893928512,720,30,1.0,53,3.3207547169811322,1.320754716981132,24.733333333333334,4063,,,,,,,,,,,,,,,,,,,,,,,,,,,
95,A,nonparticipants_only,,,10,0,10,0,0,0,0.2358840105488456,0.23121891002092101,0.3622283536581134,0.0006591732058017653,0,0,0.0,0,0.0,0.0,50.0,0,,,,,,,,,,,,,,,,,,,,,,,,,,,
95,A,step_totals,,,,,,,,,,,,,,,,,,,,,71.60000000000007,,,8.0,0.11173184357541889,54.0,0.7541899441340775,0.0,0.0,0.006057825395609539,0.14814814814814814,0.0,0,8,24,15,,16,54,21,6.000000000000003,0.08379888268156421,3.600000000000001,0.050279329608938515,30,18,29
96,A,all_agents,,,40,30,10,0,16,14,0.4068507000082611,0.23582246967856219,0.9855568708034579,0.08634283118714974,725,30,0.75,53,3.3207547169811322,1.320754716981132,31.125,4113,,,,,,,,,,,,,,,,,,,,,,,,,,,
96,A,participants_only,,,30,30,0,0,16,14,0.46374113208296397,0.25925843923625996,0.9855568708034579,0.10196228614997756,725,30,1.0,53,3.3207547169811322,1.320754716981132,24.833333333333332,4113,,,,,,,,,,,,,,,,,,,,,,,,,,,
96,A,nonparticipants_only,,,10,0,10,0,0,0,0.23617940378415261,0.23139739915335952,0.36041721188982284,0.0006462111589097342,0,0,0.0,0,0.0,0.0,50.0,0,,,,,,,,,,,,,,,,,,,,,,,,,,,
96,A,step_totals,,,,,,,,,,,,,,,,,,,,,70.30000000000007,,,9.5,0.135135135135135,51.0,0.7254623044096721,0.0,0.0,0.005470835707698324,0.09803921568627451,0.0,0,5,21,30,,19,51,20,6.000000000000003,0.08534850640113793,3.800000000000001,0.054054054054054015,30,19,19
97,A,all_agents,,,40,30,10,0,16,14,0.40761805059317374,0.2355285977209189,0.9861345959713196,0.08693075115607127,730,30,0.75,53,3.3207547169811322,1.320754716981132,31.05,4165,,,,,,,,,,,,,,,,,,,,,,,,,,,
97,A,participants_only,,,30,30,0,0,16,14,0.464666486963025,0.2579621470400787,0.9861345959713196,0.10267805285415413,730,30,1.0,53,3.3207547169811322,1.320754716981132,24.733333333333334,4165,,,,,,,,,,,,,,,,,,,,,,,,,,,
97,A,nonparticipants_only,,,10,0,10,0,0,0,0.2364727414836201,0.23112423858935227,0.35861512583037375,0.0006345569548831335,0,0,0.0,0,0.0,0.0,50.0,0,,,,,,,,,,,,,,,,,,,,,,,,,,,
97,A,step_totals,,,,,,,,,,,,,,,,,,,,,71.60000000000007,,,8.0,0.11173184357541889,54.0,0.7541899441340775,0.0,0.0,0.005922534741795649,0.09259259259259259,0.0,0,5,24,15,,16,54,21,6.000000000000003,0.08379888268156421,3.600000000000001,0.050279329608938515,30,18,29
98,A,all_agents,,,40,30,10,0,16,14,0.40822312754667184,0.23593518181340573,0.9866892121324669,0.08741491964008494,738,30,0.75,53,3.3207547169811322,1.320754716981132,31.125,4216,,,,,,,,,,,,,,,,,,,,,,,,,,,
98,A,participants_only,,,30,30,0,0,16,14,0.46537600339098445,0.2601542651735844,0.9866892121324669,0.10327990343780573,738,30,1.0,53,3.3207547169811322,1.320754716981132,24.833333333333332,4216,,,,,,,,,,,,,,,,,,,,,,,,,,,
98,A,nonparticipants_only,,,10,0,10,0,0,0,0.23676450001373409,0.23103885717238226,0.3568220502012219,0.000622553639617639,0,0,0.0,0,0.0,0.0,50.0,0,,,,,,,,,,,,,,,,,,,,,,,,,,,
98,A,step_totals,,,,,,,,,,,,,,,,,,,,,70.30000000000007,,,9.5,0.135135135135135,51.0,0.7254623044096721,0.0,0.0,0.005531613620971417,0.1568627450980392,0.0,0,8,21,30,,19,51,20,6.000000000000003,0.08534850640113793,3.800000000000001,0.054054054054054015,30,19,18
99,A,all_agents,,,40,30,10,0,16,14,0.40882107011042124,0.23619732453182213,0.9872216436471681,0.08795085318990495,743,30,0.75,53,3.3207547169811322,1.320754716981132,31.05,4265,,,,,,,,,,,,,,,,,,,,,,,,,,,
99,A,participants_only,,,30,30,0,0,16,14,0.4660766236484679,0.2588534938477165,0.9872216436471681,0.10395128220060688,743,30,1.0,53,3.3207547169811322,1.320754716981132,24.733333333333334,4265,,,,,,,,,,,,,,,,,,,,,,,,,,,
99,A,nonparticipants_only,,,10,0,10,0,0,0,0.23705440949628118,0.23100758083770012,0.35503793995021576,0.0006111852264216062,0,0,0.0,0,0.0,0.0,50.0,0,,,,,,,,,,,,,,,,,,,,,,,,,,,
99,A,step_totals,,,,,,,,,,,,,,,,,,,,,71.60000000000005,,,8.0,0.11173184357541892,54.0,0.7541899441340777,0.0,0.0,0.005360411779006334,0.09259259259259259,0.0,0,5,24,15,,16,54,20,6.000000000000003,0.08379888268156423,3.600000000000001,0.05027932960893852,30,18,28
100,A,all_agents,,,40,30,10,0,16,14,0.40936989342080016,0.23645571156632925,0.9877327779012814,0.08839912926570503,748,30,0.75,53,3.3207547169811322,1.320754716981132,31.125,4315,,,,,,,,,,,,,,,,,,,,,,,,,,,
100,A,participants_only,,,30,30,0,0,16,14,0.4667123509404792,0.2596172182145345,0.9877327779012814,0.10451276928913023,748,30,1.0,53,3.3207547169811322,1.320754716981132,24.833333333333332,4315,,,,,,,,,,,,,,,,,,,,,,,,,,,
100,A,nonparticipants_only,,,10,0,10,0,0,0,0.23734252086176305,0.2316208920407789,0.35326275025046466,0.0006003199826751682,0,0,0.0,0,0.0,0.0,50.0,0,,,,,,,,,,,,,,,,,,,,,,,,,,,
100,A,step_totals,,,,,,,,,,,,,,,,,,,,,70.30000000000007,,,9.5,0.135135135135135,51.0,0.7254623044096721,0.0,0.0,0.005346189091587376,0.09803921568627451,0.0,0,5,21,30,,19,51,20,6.000000000000003,0.08534850640113793,3.800000000000001,0.054054054054054015,30,19,18
100,A,reachability,0.225,0.0,,,,,,,,,,,,,,,,,,,,,,,,,,,,,,,,,,,,,,,,,,,,,
101,A,all_agents,,,40,30,10,0,16,14,0.410108895227859,0.23627378784456776,0.9882234667852302,0.08898378524355603,758,30,0.75,53,3.3207547169811322,1.320754716981132,31.05,4368,,,,,,,,,,,,,,,,,,,,,,,,,,,
101,A,participants_only,,,30,30,0,0,16,14,0.4676021035788762,0.2583191321234618,0.9882234667852302,0.10522702828478217,758,30,1.0,53,3.3207547169811322,1.320754716981132,24.733333333333334,4368,,,,,,,,,,,,,,,,,,,,,,,,,,,
101,A,nonparticipants_only,,,10,0,10,0,0,0,0.23762927017480734,0.23301798542787558,0.35149643649921236,0.0005884280419559116,0,0,0.0,0,0.0,0.0,50.0,0,,,,,,,,,,,,,,,,,,,,,,,,,,,
101,A,step_totals,,,,,,,,,,,,,,,,,,,,,71.60000000000007,,,8.0,0.11173184357541889,54.0,0.7541899441340775,0.0,0.0,0.005838469679119159,0.18518518518518517,0.0,0,10,24,15,,16,54,20,6.000000000000003,0.08379888268156421,3.600000000000001,0.050279329608938515,30,18,28
102,A,all_agents,,,40,30,10,0,16,14,0.41056386654268345,0.2363164974166556,0.988694528113821,0.08939097926797641,765,30,0.75,53,3.3207547169811322,1.320754716981132,31.125,4417,,,,,,,,,,,,,,,,,,,,,,,,,,,
102,A,participants_only,,,30,30,0,0,16,14,0.46811379900869377,0.2574367016396839,0.988694528113821,0.10574745258756285,765,30,1.0,53,3.3207547169811322,1.320754716981132,24.833333333333332,4417,,,,,,,,,,,,,,,,,,,,,,,,,,,
102,A,nonparticipants_only,,,10,0,10,0,0,0,0.23791406914465257,0.23326456851556848,0.3497389543167163,0.000577622587108935,0,0,0.0,0,0.0,0.0,50.0,0,,,,,,,,,,,,,,,,,,,,,,,,,,,
102,A,step_totals,,,,,,,,,,,,,,,,,,,,,70.30000000000005,,,9.5,0.13513513513513503,51.0,0.7254623044096723,0.0,0.0,0.005035266922701418,0.13725490196078433,0.0,0,7,21,30,,19,51,20,6.000000000000003,0.08534850640113795,3.800000000000001,0.05405405405405403,30,19,18
103,A,all_agents,,,40,30,10,0,16,14,0.4111640841490532,0.23649694916836378,0.9891467469892681,0.08991955937672567,770,30,0.75,53,3.3207547169811322,1.320754716981132,31.05,4468,,,,,,,,,,,,,,,,,,,,,,,,,,,
103,A,participants_only,,,30,30,0,0,16,14,0.4688197842449401,0.25614951813148545,0.9891467469892681,0.10640678250363195,770,30,1.0,53,3.3207547169811322,1.320754716981132,24.733333333333334,4468,,,,,,,,,,,,,,,,,,,,,,,,,,,
103,A,nonparticipants_only,,,10,0,10,0,0,0,0.2381969838613923,0.2329265805142378,0.34799025954513274,0.000567732953444591,0,0,0.0,0,0.0,0.0,50.0,0,,,,,,,,,,,,,,,,,,,,,,,,,,,
103,A,step_totals,,,,,,,,,,,,,,,,,,,,,71.60000000000007,,,8.0,0.11173184357541889,54.0,0.7541899441340775,0.0,0.0,0.005376175530434846,0.09259259259259259,0.0,0,5,24,15,,16,54,20,6.000000000000003,0.08379888268156421,3.600000000000001,0.050279329608938515,30,18,28
104,A,all_agents,,,40,30,10,0,16,14,0.4116275284566047,0.23666391197151873,0.9895808771096973,0.09033168878933415,772,30,0.75,53,3.3207547169811322,1.320754716981132,31.125,4518,,,,,,,,,,,,,,,,,,,,,,,,,,,
104,A,participants_only,,,30,30,0,0,16,14,0.4693439076429698,0.25561859502085293,0.9895808771096973,0.10693171961303334,772,30,1.0,53,3.3207547169811322,1.320754716981132,24.833333333333332,4518,,,,,,,,,,,,,,,,,,,,,,,,,,,
104,A,nonparticipants_only,,,10,0,10,0,0,0,0.23847839089750947,0.23293519312116753,0.3462503082474071,0.0005574312016252565,0,0,0.0,0,0.0,0.0,50.0,0,,,,,,,,,,,,,,,,,,,,,,,,,,,
104,A,step_totals,,,,,,,,,,,,,,,,,,,,,70.30000000000007,,,9.5,0.135135135135135,51.0,0.7254623044096721,0.0,0.0,0.0050710919841483165,0.0392156862745098,0.0,0,2,21,30,,19,51,20,6.000000000000003,0.08534850640113793,3.800000000000001,0.054054054054054015,30,19,18
105,A,all_agents,,,40,30,10,0,16,14,0.41218760179056557,0.2371202606144352,0.9899976420253095,0.09084637285580596,779,30,0.75,53,3.3207547169811322,1.320754716981132,31.05,4569,,,,,,,,,,,,,,,,,,,,,,,,,,,
105,A,participants_only,,,30,30,0,0,16,14,0.46999747306247747,0.2543405020457487,0.9899976420253095,0.10757796384759591,779,30,1.0,53,3.3207547169811322,1.320754716981132,24.733333333333334,4569,,,,,,,,,,,,,,,,,,,,,,,,,,,
105,A,nonparticipants_only,,,10,0,10,0,0,0,0.23875798797482975,0.23282754310039444,0.34451905670617006,0.0005478252827357426,0,0,0.0,0,0.0,0.0,50.0,0,,,,,,,,,,,,,,,,,,,,,,,,,,,
105,A,step_totals,,,,,,,,,,,,,,,,,,,,,71.60000000000007,,,8.0,0.11173184357541889,54.0,0.7541899441340775,0.0,0.0,0.005245372282694686,0.12962962962962962,0.0,0,7,24,15,,16,54,20,6.000000000000003,0.08379888268156421,3.600000000000001,0.050279329608938515,30,18,28
106,A,all_agents,,,40,30,10,0,16,14,0.41267254518398677,0.23756739256519227,0.9903977363442971,0.09125920850743856,784,30,0.75,53,3.3207547169811322,1.320754716981132,31.125,4619,,,,,,,,,,,,,,,,,,,,,,,,,,,
106,A,participants_only,,,30,30,0,0,16,14,0.4705514500222552,0.25306879953552,0.9903977363442971,0.10809948886708758,784,30,1.0,53,3.3207547169811322,1.320754716981132,24.833333333333332,4619,,,,,,,,,,,,,,,,,,,,,,,,,,,
106,A,nonparticipants_only,,,10,0,10,0,0,0,0.23903583066918158,0.23348035006375797,0.3427964614226392,0.00053875592516358,0,0,0.0,0,0.0,0.0,50.0,0,,,,,,,,,,,,,,,,,,,,,,,,,,,
106,A,step_totals,,,,,,,,,,,,,,,,,,,,,70.30000000000007,,,9.5,0.135135135135135,51.0,0.7254623044096721,0.0,0.0,0.005150652353789193,0.09803921568627451,0.0,0,5,21,30,,19,51,20,6.000000000000003,0.08534850640113793,3.800000000000001,0.054054054054054015,30,19,18
107,A,all_agents,,,40,30,10,0,16,14,0.41325059513869294,0.23703112033739787,0.9907818268905252,0.09176376573155373,797,30,0.75,53,3.3207547169811322,1.320754716981132,31.05,4670,,,,,,,,,,,,,,,,,,,,,,,,,,,
107,A,participants_only,,,30,30,0,0,16,14,0.4712300286461313,0.25180345553784234,0.9907818268905252,0.10872892689760898,797,30,1.0,53,3.3207547169811322,1.320754716981132,24.733333333333334,4670,,,,,,,,,,,,,,,,,,,,,,,,,,,
107,A,nonparticipants_only,,,10,0,10,0,0,0,0.23931229461637799,0.23475498601480618,0.341082479115526,0.0005289057152664566,0,0,0.0,0,0.0,0.0,50.0,0,,,,,,,,,,,,,,,,,,,,,,,,,,,
107,A,step_totals,,,,,,,,,,,,,,,,,,,,,71.60000000000005,,,8.0,0.11173184357541892,54.0,0.7541899441340777,0.0,0.0,0.005310208002306281,0.24074074074074073,0.0,0,13,24,15,,16,54,20,6.000000000000003,0.08379888268156423,3.600000000000001,0.05027932960893852,30,18,28
108,A,all_agents,,,40,30,10,0,16,14,0.4136792094133963,0.2377504654718015,0.9911505538149041,0.0921417577293572,803,30,0.75,53,3.3207547169811322,1.320754716981132,31.125,4720,,,,,,,,,,,,,,,,,,,,,,,,,,,
108,A,participants_only,,,30,30,0,0,16,14,0.47170995491650236,0.25054443826015316,0.9911505538149041,0.1092121508547582,803,30,1.0,53,3.3207547169811322,1.320754716981132,24.833333333333332,4720,,,,,,,,,,,,,,,,,,,,,,,,,,,
108,A,nonparticipants_only,,,10,0,10,0,0,0,0.23958697290407846,0.2350673135620065,0.3393770667199484,0.0005197692693991875,0,0,0.0,0,0.0,0.0,50.0,0,,,,,,,,,,,,,,,,,,,,,,,,,,,
108,A,step_totals,,,,,,,,,,,,,,,,,,,,,70.30000000000007,,,9.5,0.135135135135135,51.0,0.7254623044096721,0.0,0.0,0.004965275757504962,0.11764705882352941,0.0,0,6,21,30,,19,51,20,6.000000000000003,0.08534850640113793,3.800000000000001,0.054054054054054015,30,19,18
109,A,all_agents,,,40,30,10,0,16,14,0.4142708255929872,0.23733334516603657,0.991504531662308,0.09267266312016113,808,30,0.75,53,3.3207547169811322,1.320754716981132,31.05,4773,,,,,,,,,,,,,,,,,,,,,,,,,,,
109,A,participants_only,,,30,30,0,0,16,14,0.47240781797194037,0.2492917160688524,0.991504531662308,0.10987343037375119,808,30,1.0,53,3.3207547169811322,1.320754716981132,24.733333333333334,4773,,,,,,,,,,,,,,,,,,,,,,,,,,,
109,A,nonparticipants_only,,,10,0,10,0,0,0,0.23985984845612782,0.23466673491203233,0.33768018138634864,0.0005114427649454917,0,0,0.0,0,0.0,0.0,50.0,0,,,,,,,,,,,,,,,,,,,,,,,,,,,
109,A,step_totals,,,,,,,,,,,,,,,,,,,,,71.60000000000007,,,8.0,0.11173184357541889,54.0,0.7541899441340775,0.0,0.0,0.005359115973453352,0.09259259259259259,0.0,0,5,24,15,,16,54,20,6.000000000000003,0.08379888268156421,3.600000000000001,0.050279329608938515,30,18,28
110,A,all_agents,,,40,30,10,0,16,14,0.414625620138783,0.23820726362374822,0.9918443503958156,0.09301238478779834,814,30,0.75,53,3.3207547169811322,1.320754716981132,31.125,4821,,,,,,,,,,,,,,,,,,,,,,,,,,,
110,A,participants_only,,,30,30,0,0,16,14,0.4727904120594139,0.24804525748850814,0.9918443503958156,0.11031634099628874,814,30,1.0,53,3.3207547169811322,1.320754716981132,24.833333333333332,4821,,,,,,,,,,,,,,,,,,,,,,,,,,,
110,A,nonparticipants_only,,,10,0,10,0,0,0,0.24013124437689048,0.23474930284873494,0.3359917804794169,0.0005027999322837251,0,0,0.0,0,0.0,0.0,50.0,0,,,,,,,,,,,,,,,,,,,,,,,,,,,
110,A,step_totals,,,,,,,,,,,,,,,,,,,,,70.30000000000007,,,9.5,0.135135135135135,51.0,0.7254623044096721,0.0,0.0,0.0047204936209877014,0.11764705882352941,0.0,0,6,21,30,,19,51,20,6.000000000000003,0.08534850640113793,3.800000000000001,0.054054054054054015,30,19,18
110,A,reachability,0.25,0.0,,,,,,,,,,,,,,,,,,,,,,,,,,,,,,,,,,,,,,,,,,,,,
111,A,all_agents,,,40,30,10,0,16,14,0.4151700861811331,0.23881422549412032,0.9921705763799831,0.09353261530818481,822,30,0.75,53,3.3207547169811322,1.320754716981132,31.05,4874,,,,,,,,,,,,,,,,,,,,,,,,,,,
111,A,participants_only,,,30,30,0,0,16,14,0.47342648989795905,0.2473004800190392,0.9921705763799831,0.11096995991566433,822,30,1.0,53,3.3207547169811322,1.320754716981132,24.733333333333334,4874,,,,,,,,,,,,,,,,,,,,,,,,,,,
111,A,nonparticipants_only,,,10,0,10,0,0,0,0.2404008750306553,0.23467036715568773,0.33431182157701983,0.0004948785975325391,0,0,0.0,0,0.0,0.0,50.0,0,,,,,,,,,,,,,,,,,,,,,,,,,,,
111,A,step_totals,,,,,,,,,,,,,,,,,,,,,71.60000000000007,,,8.0,0.11173184357541889,54.0,0.7541899441340775,0.0,0.0,0.005203337163377773,0.14814814814814814,0.0,0,8,24,15,,16,54,20,6.000000000000003,0.08379888268156421,3.600000000000001,0.050279329608938515,30,18,28
112,A,all_agents,,,40,30,10,0,16,14,0.4155831949582244,0.23924592972280262,0.9924837533247838,0.09390070925555617,828,30,0.75,53,3.3207547169811322,1.320754716981132,31.125,4925,,,,,,,,,,,,,,,,,,,,,,,,,,,
112,A,participants_only,,,30,30,0,0,16,14,0.47388800993150426,0.246063977618944,0.9924837533247838,0.11144058082070422,828,30,1.0,53,3.3207547169811322,1.320754716981132,24.833333333333332,4925,,,,,,,,,,,,,,,,,,,,,,,,,,,
112,A,nonparticipants_only,,,10,0,10,0,0,0,0.24066875003838448,0.23527564984096683,0.33264026246913475,0.0004876771712910964,0,0,0.0,0,0.0,0.0,50.0,0,,,,,,,,,,,,,,,,,,,,,,,,,,,
112,A,step_totals,,,,,,,,,,,,,,,,,,,,,70.30000000000007,,,9.5,0.135135135135135,51.0,0.7254623044096721,0.0,0.0,0.004925876453256736,0.11764705882352941,0.0,0,6,21,30,,19,51,20,6.000000000000003,0.08534850640113793,3.800000000000001,0.054054054054054015,30,19,18
113,A,all_agents,,,40,30,10,0,16,14,0.4161023761939282,0.23872816088952709,0.9927844031917924,0.09440427086176928,837,30,0.75,53,3.3207547169811322,1.320754716981132,31.05,4977,,,,,,,,,,,,,,,,,,,,,,,,,,,
113,A,participants_only,,,30,30,0,0,16,14,0.47449133136795374,0.24565308503001412,0.9927844031917924,0.11207562095506958,837,30,1.0,53,3.3207547169811322,1.320754716981132,24.733333333333334,4977,,,,,,,,,,,,,,,,,,,,,,,,,,,
113,A,nonparticipants_only,,,10,0,10,0,0,0,0.24093551067185182,0.23643205359481648,0.3309770611567891,0.00047897954609611064,0,0,0.0,0,0.0,0.0,50.0,0,,,,,,,,,,,,,,,,,,,,,,,,,,,
113,A,step_totals,,,,,,,,,,,,,,,,,,,,,71.60000000000007,,,8.0,0.11173184357541889,54.0,0.7541899441340775,0.0,0.0,0.005122278039286895,0.16666666666666666,0.0,0,9,24,15,,16,54,20,6.000000000000003,0.08379888268156421,3.600000000000001,0.050279329608938515,30,18,28
114,A,all_agents,,,40,30,10,0,16,14,0.41650154314695104,0.2394226859304646,0.9930730270641207,0.09475704370043189,848,30,0.75,53,3.3207547169811322,1.320754716981132,31.125,5027,,,,,,,,,,,,,,,,,,,,,,,,,,,
114,A,participants_only,,,30,30,0,0,16,14,0.47493521841954145,0.24442481960486406,0.9930730270641207,0.11252772741998696,848,30,1.0,53,3.3207547169811322,1.320754716981132,24.833333333333332,5027,,,,,,,,,,,,,,,,,,,,,,,,,,,
114,A,nonparticipants_only,,,10,0,10,0,0,0,0.24120051732917971,0.23680785717215447,0.32932217585100515,0.0004710596714161474,0,0,0.0,0,0.0,0.0,50.0,0,,,,,,,,,,,,,,,,,,,,,,,,,,,
114,A,step_totals,,,,,,,,,,,,,,,,,,,,,70.30000000000007,,,9.5,0.135135135135135,51.0,0.7254623044096721,0.0,0.0,0.004889747648997665,0.21568627450980393,0.0,0,11,21,30,,19,51,20,6.000000000000003,0.08534850640113793,3.800000000000001,0.054054054054054015,30,19,18
115,A,all_agents,,,40,30,10,0,16,14,0.4169857042630342,0.23901995783294652,0.9933501059815559,0.09524936779423995,851,30,0.75,53,3.3207547169811322,1.320754716981132,31.05,5079,,,,,,,,,,,,,,,,,,,,,,,,,,,
115,A,participants_only,,,30,30,0,0,16,14,0.4754929939405656,0.24467553116713828,0.9933501059815559,0.11315216450075251,851,30,1.0,53,3.3207547169811322,1.320754716981132,24.733333333333334,5079,,,,,,,,,,,,,,,,,,,,,,,,,,,
115,A,nonparticipants_only,,,10,0,10,0,0,0,0.24146383523044004,0.23634684748465404,0.3276755649717501,0.000463742329775436,0,0,0.0,0,0.0,0.0,50.0,0,,,,,,,,,,,,,,,,,,,,,,,,,,,
115,A,step_totals,,,,,,,,,,,,,,,,,,,,,71.60000000000007,,,8.0,0.11173184357541889,54.0,0.7541899441340775,0.0,0.0,0.005007186857016516,0.05555555555555555,0.0,0,3,24,15,,16,54,20,6.000000000000003,0.08379888268156421,3.600000000000001,0.050279329608938515,30,18,27
116,A,all_agents,,,40,30,10,0,16,14,0.41729643739986905,0.23935539884707968,0.9936161017422936,0.09555075551032276,857,30,0.75,53,3.3207547169811322,1.320754716981132,31.125,5128,,,,,,,,,,,,,,,,,,,,,,,,,,,
116,A,participants_only,,,30,30,0,0,16,14,0.4758200198940243,0.2434521535113026,0.9936161017422936,0.1135488914302425,857,30,1.0,53,3.3207547169811322,1.320754716981132,24.833333333333332,5128,,,,,,,,,,,,,,,,,,,,,,,,,,,
116,A,nonparticipants_only,,,10,0,10,0,0,0,0.24172568991740348,0.23650081901607295,0.32603718714689134,0.00045623125516128455,0,0,0.0,0,0.0,0.0,50.0,0,,,,,,,,,,,,,,,,,,,,,,,,,,,
116,A,step_totals,,,,,,,,,,,,,,,,,,,,,70.30000000000007,,,9.5,0.135135135135135,51.0,0.7254623044096721,0.0,0.0,0.004592365068898809,0.11764705882352941,0.0,0,6,21,30,,19,51,20,6.000000000000003,0.08534850640113793,3.800000000000001,0.054054054054054015,30,19,18
117,A,all_agents,,,40,30,10,0,16,14,0.41776920219284747,0.23921625524462384,0.9938714576726019,0.09603049917438403,863,30,0.75,53,3.3207547169811322,1.320754716981132,31.05,5180,,,,,,,,,,,,,,,,,,,,,,,,,,,
117,A,participants_only,,,30,30,0,0,16,14,0.4763636632001818,0.24338941576681053,0.9938714576726019,0.114157594973981,863,30,1.0,53,3.3207547169811322,1.320754716981132,24.733333333333334,5180,,,,,,,,,,,,,,,,,,,,,,,,,,,
117,A,nonparticipants_only,,,10,0,10,0,0,0,0.2419858191708444,0.23646926463032503,0.3244070012111569,0.00044948144671278916,0,0,0.0,0,0.0,0.0,50.0,0,,,,,,,,,,,,,,,,,,,,,,,,,,,
117,A,step_totals,,,,,,,,,,,,,,,,,,,,,71.60000000000007,,,8.0,0.11173184357541889,54.0,0.7541899441340775,0.0,0.0,0.004970229154355453,0.1111111111111111,0.0,0,6,24,15,,16,54,21,6.000000000000003,0.08379888268156421,3.600000000000001,0.050279329608938515,30,18,27
118,A,all_agents,,,40,30,10,0,16,14,0.41799060501862895,0.23890943690369493,0.9941165993656979,0.09627475703676944,870,30,0.75,53,3.3207547169811322,1.320754716981132,31.125,5227,,,,,,,,,,,,,,,,,,,,,,,,,,,
118,A,participants_only,,,30,30,0,0,16,14,0.47657269090894816,0.24217246868797648,0.9941165993656979,0.11449119711975395,870,30,1.0,53,3.3207547169811322,1.320754716981132,24.833333333333332,5227,,,,,,,,,,,,,,,,,,,,,,,,,,,
118,A,nonparticipants_only,,,10,0,10,0,0,0,0.24224434734767136,0.2370090050714777,0.3227849662051011,0.00044310734068708064,0,0,0.0,0,0.0,0.0,50.0,0,,,,,,,,,,,,,,,,,,,,,,,,,,,
118,A,step_totals,,,,,,,,,,,,,,,,,,,,,70.30000000000007,,,9.5,0.135135135135135,51.0,0.7254623044096721,0.0,0.0,0.004292011549908812,0.13725490196078433,0.0,0,7,21,30,,19,51,20,6.000000000000003,0.08534850640113793,3.800000000000001,0.054054054054054015,30,19,18
119,A,all_agents,,,40,30,10,0,16,14,0.4184006448732713,0.2392448263082067,0.9943519353910699,0.09672704084498632,876,30,0.75,53,3.3207547169811322,1.320754716981132,31.05,5279,,,,,,,,,,,,,,,,,,,,,,,,,,,
119,A,participants_only,,,30,30,0,0,16,14,0.4770336216247993,0.2427055622096437,0.9943519353910699,0.11507289402916997,876,30,1.0,53,3.3207547169811322,1.320754716981132,24.733333333333334,5279,,,,,,,,,,,,,,,,,,,,,,,,,,,
119,A,nonparticipants_only,,,10,0,10,0,0,0,0.2425017146186874,0.2380512560804596,0.3211710413740756,0.00043556973949276207,0,0,0.0,0,0.0,0.0,50.0,0,,,,,,,,,,,,,,,,,,,,,,,,,,,
119,A,step_totals,,,,,,,,,,,,,,,,,,,,,71.60000000000007,,,8.0,0.11173184357541889,54.0,0.7541899441340775,0.0,0.0,0.004759874928490009,0.1111111111111111,0.0,0,6,24,15,,16,54,21,6.000000000000003,0.08379888268156421,3.600000000000001,0.050279329608938515,30,18,27
120,A,all_agents,,,40,30,10,0,16,14,0.4186657365128908,0.2389506409228157,0.9945778579754271,0.0969982373260968,882,30,0.75,53,3.3207547169811322,1.320754716981132,31.125,5328,,,,,,,,,,,,,,,,,,,,,,,,,,,
120,A,participants_only,,,30,30,0,0,16,14,0.4773018357909132,0.2414920343985955,0.9945778579754271,0.11543534460297596,882,30,1.0,53,3.3207547169811322,1.320754716981132,24.833333333333332,5328,,,,,,,,,,,,,,,,,,,,,,,,,,,
120,A,nonparticipants_only,,,10,0,10,0,0,0,0.2427574386788236,0.23846390723310623,0.3195651861672052,0.00042860983295413865,0,0,0.0,0,0.0,0.0,50.0,0,,,,,,,,,,,,,,,,,,,,,,,,,,,
120,A,step_totals,,,,,,,,,,,,,,,,,,,,,70.30000000000007,,,9.5,0.135135135135135,51.0,0.7254623044096721,0.0,0.0,0.004444988535492009,0.11764705882352941,0.0,0,6,21,30,,19,51,20,6.000000000000003,0.08534850640113793,3.800000000000001,0.054054054054054015,30,19,18
120,A,reachability,0.25,0.0,,,,,,,,,,,,,,,,,,,,,,,,,,,,,,,,,,,,,,,,,,,,,
121,A,all_agents,,,40,30,10,0,16,14,0.4190911743616097,0.23842324089878358,0.99479474365641,0.0974581938645463,889,30,0.75,53,3.3207547169811322,1.320754716981132,31.05,5381,,,,,,,,,,,,,,,,,,,,,,,,,,,
121,A,participants_only,,,30,30,0,0,16,14,0.47778439960019026,0.24222019287735436,0.99479474365641,0.11602390029570107,889,30,1.0,53,3.3207547169811322,1.320754716981132,24.733333333333334,5381,,,,,,,,,,,,,,,,,,,,,,,,,,,
121,A,nonparticipants_only,,,10,0,10,0,0,0,0.24301149864586816,0.2379696623870457,0.3179673602363692,0.00042233830420099645,0,0,0.0,0,0.0,0.0,50.0,0,,,,,,,,,,,,,,,,,,,,,,,,,,,
121,A,step_totals,,,,,,,,,,,,,,,,,,,,,71.60000000000007,,,8.0,0.11173184357541889,54.0,0.7541899441340775,0.0,0.0,0.0048118518712465365,0.12962962962962962,0.0,0,7,24,15,,16,54,21,6.000000000000003,0.08379888268156421,3.600000000000001,0.050279329608938515,30,18,27
122,A,all_agents,,,40,30,10,0,16,14,0.41939187540672873,0.2386328623833761,0.9950029539101536,0.09774024194033917,892,30,0.75,53,3.3207547169811322,1.320754716981132,31.125,5431,,,,,,,,,,,,,,,,,,,,,,,,,,,
122,A,participants_only,,,30,30,0,0,16,14,0.4781011253961657,0.2410090919129676,0.9950029539101536,0.11639457057433829,892,30,1.0,53,3.3207547169811322,1.320754716981132,24.833333333333332,5431,,,,,,,,,,,,,,,,,,,,,,,,,,,
122,A,nonparticipants_only,,,10,0,10,0,0,0,0.2432641254384179,0.23819190133475943,0.3163775234351873,0.00041594362647539597,0,0,0.0,0,0.0,0.0,50.0,0,,,,,,,,,,,,,,,,,,,,,,,,,,,
122,A,step_totals,,,,,,,,,,,,,,,,,,,,,70.30000000000005,,,9.5,0.13513513513513503,51.0,0.7254623044096723,0.0,0.0,0.004572164507869212,0.058823529411764705,0.0,0,3,21,30,,19,51,20,6.000000000000003,0.08534850640113795,3.800000000000001,0.05405405405405403,30,19,19
123,A,all_agents,,,40,30,10,0,16,14,0.41978808220285785,0.2386035642502674,0.9952028357537475,0.09818521603969933,894,30,0.75,53,3.3207547169811322,1.320754716981132,31.05,5482,,,,,,,,,,,,,,,,,,,,,,,,,,,
123,A,participants_only,,,30,30,0,0,16,14,0.47854571709024857,0.24099523859643235,0.9952028357537475,0.11696712452450254,894,30,1.0,53,3.3207547169811322,1.320754716981132,24.733333333333334,5482,,,,,,,,,,,,,,,,,,,,,,,,,,,
123,A,nonparticipants_only,,,10,0,10,0,0,0,0.24351517754068575,0.23828519192754744,0.3147956358180114,0.00040997469457073325,0,0,0.0,0,0.0,0.0,50.0,0,,,,,,,,,,,,,,,,,,,,,,,,,,,
123,A,step_totals,,,,,,,,,,,,,,,,,,,,,71.60000000000007,,,8.0,0.11173184357541889,54.0,0.7541899441340775,0.0,0.0,0.004716108288282211,0.037037037037037035,0.0,0,2,24,15,,16,54,21,6.000000000000003,0.08379888268156421,3.600000000000001,0.050279329608938515,30,18,27
124,A,all_agents,,,40,30,10,0,16,14,0.4200506824832345,0.23910231199377996,0.9953947223235976,0.09845256968942263,901,30,0.75,53,3.3207547169811322,1.320754716981132,31.125,5532,,,,,,,,,,,,,,,,,,,,,,,,,,,
124,A,participants_only,,,30,30,0,0,16,14,0.4788127095272986,0.2397902624034502,0.9953947223235976,0.11732330994293313,901,30,1.0,53,3.3207547169811322,1.320754716981132,24.833333333333332,5532,,,,,,,,,,,,,,,,,,,,,,,,,,,
124,A,nonparticipants_only,,,10,0,10,0,0,0,0.24376460135104258,0.238682553073478,0.31322165763892135,0.00040463906096343296,0,0,0.0,0,0.0,0.0,50.0,0,,,,,,,,,,,,,,,,,,,,,,,,,,,
124,A,step_totals,,,,,,,,,,,,,,,,,,,,,70.30000000000007,,,9.5,0.135135135135135,51.0,0.7254623044096721,0.0,0.0,0.004446335764070365,0.13725490196078433,0.0,0,7,21,30,,19,51,20,6.000000000000003,0.08534850640113793,3.800000000000001,0.054054054054054015,30,19,19
125,A,all_agents,,,40,30,10,0,16,14,0.42041223771291114,0.23961459003358312,0.9955789334306537,0.09888634923984077,908,30,0.75,53,3.3207547169811322,1.320754716981132,31.05,5584,,,,,,,,,,,,,,,,,,,,,,,,,,,
125,A,participants_only,,,30,30,0,0,16,14,0.47921199926017843,0.24100635155055256,0.9955789334306537,0.11788614639724697,908,30,1.0,53,3.3207547169811322,1.320754716981132,24.733333333333334,5584,,,,,,,,,,,,,,,,,,,,,,,,,,,
125,A,nonparticipants_only,,,10,0,10,0,0,0,0.24401295307110926,0.23961459003358312,0.31165554935072676,0.0003980142714362757,0,0,0.0,0,0.0,0.0,50.0,0,,,,,,,,,,,,,,,,,,,,,,,,,,,
125,A,step_totals,,,,,,,,,,,,,,,,,,,,,71.60000000000005,,,8.0,0.11173184357541892,54.0,0.7541899441340777,0.0,0.0,0.00460196999113265,0.12962962962962962,0.0,0,7,24,15,,16,54,21,6.000000000000003,0.08379888268156423,3.600000000000001,0.05027932960893852,30,18,27
126,A,all_agents,,,40,30,10,0,16,14,0.42065714476128235,0.2400130031804551,0.9957557760934276,0.09913921449412029,919,30,0.75,53,3.3207547169811322,1.320754716981132,31.125,5632,,,,,,,,,,,,,,,,,,,,,,,,,,,
126,A,participants_only,,,30,30,0,0,16,14,0.47945629779119103,0.2398013197927998,0.9957557760934276,0.11822557397287055,919,30,1.0,53,3.3207547169811322,1.320754716981132,24.833333333333332,5632,,,,,,,,,,,,,,,,,,,,,,,,,,,
126,A,nonparticipants_only,,,10,0,10,0,0,0,0.24425968567155612,0.2400130031804551,0.3100972716039731,0.00039205129345404473,0,0,0.0,0,0.0,0.0,50.0,0,,,,,,,,,,,,,,,,,,,,,,,,,,,
126,A,step_totals,,,,,,,,,,,,,,,,,,,,,70.30000000000007,,,9.5,0.135135135135135,51.0,0.7254623044096721,0.0,0.0,0.004390109695137259,0.21568627450980393,0.0,0,11,21,30,,19,51,20,6.000000000000003,0.08534850640113793,3.800000000000001,0.054054054054054015,30,19,19
127,A,all_agents,,,40,30,10,0,16,14,0.4210405597189368,0.2400680606123317,0.9959255450496904,0.09958432534709975,928,30,0.75,53,3.3207547169811322,1.320754716981132,31.05,5686,,,,,,,,,,,,,,,,,,,,,,,,,,,
127,A,participants_only,,,30,30,0,0,16,14,0.4798858157054683,0.2405546863867894,0.9959255450496904,0.11879910606144481,928,30,1.0,53,3.3207547169811322,1.320754716981132,24.733333333333334,5686,,,,,,,,,,,,,,,,,,,,,,,,,,,
127,A,nonparticipants_only,,,10,0,10,0,0,0,0.2445047917593424,0.23965956786168685,0.30854678524595325,0.00038681337861956247,0,0,0.0,0,0.0,0.0,50.0,0,,,,,,,,,,,,,,,,,,,,,,,,,,,
127,A,step_totals,,,,,,,,,,,,,,,,,,,,,71.60000000000007,,,8.0,0.11173184357541889,54.0,0.7541899441340775,0.0,0.0,0.004676267290234375,0.16666666666666666,0.0,0,9,24,15,,16,54,21,6.000000000000003,0.08379888268156421,3.600000000000001,0.050279329608938515,30,18,27
128,A,all_agents,,,40,30,10,0,16,14,0.4213142838034483,0.2397231042189947,0.9960885232477028,0.09984797380699564,941,30,0.75,53,3.3207547169811322,1.320754716981132,31.125,5737,,,,,,,,,,,,,,,,,,,,,,,,,,,
128,A,participants_only,,,30,30,0,0,16,14,0.4801695108610744,0.23935191295485544,0.9960885232477028,0.11914782809505024,941,30,1.0,53,3.3207547169811322,1.320754716981132,24.833333333333332,5737,,,,,,,,,,,,,,,,,,,,,,,,,,,
128,A,nonparticipants_only,,,10,0,10,0,0,0,0.24474860263057036,0.23982463499825768,0.30700405131972347,0.00038115791877530667,0,0,0.0,0,0.0,0.0,50.0,0,,,,,,,,,,,,,,,,,,,,,,,,,,,
128,A,step_totals,,,,,,,,,,,,,,,,,,,,,70.10000000000007,,,9.5,0.13552068473609116,51.0,0.7275320970042789,0.0,0.0,0.004505591474207942,0.2549019607843137,0.0,0,13,21,30,,19,51,20,6.000000000000003,0.08559201141226815,3.600000000000001,0.051355206847360876,30,18,19
129,A,all_agents,,,40,30,10,0,16,14,0.4216762021170951,0.23980261802893782,0.9962449823177947,0.10028178396086991,948,30,0.75,53,3.3207547169811322,1.320754716981132,31.05,5791,,,,,,,,,,,,,,,,,,,,,,,,,,,
129,A,participants_only,,,30,30,0,0,16,14,0.4805713317780951,0.23905025945108443,0.9962449823177947,0.1197091080623931,948,30,1.0,53,3.3207547169811322,1.320754716981132,24.733333333333334,5791,,,,,,,,,,,,,,,,,,,,,,,,,,,
129,A,nonparticipants_only,,,10,0,10,0,0,0,0.24499081313409538,0.24001688683634353,0.30546903106312484,0.0003761760828684455,0,0,0.0,0,0.0,0.0,50.0,0,,,,,,,,,,,,,,,,,,,,,,,,,,,
129,A,step_totals,,,,,,,,,,,,,,,,,,,,,71.60000000000007,,,8.0,0.11173184357541889,54.0,0.7541899441340775,0.0,0.0,0.004606095464314705,0.12962962962962962,0.0,0,7,24,15,,16,54,21,6.000000000000003,0.08379888268156421,3.600000000000001,0.050279329608938515,30,18,27
130,A,all_agents,,,40,30,10,0,16,14,0.42193129898414394,0.23938757397326593,0.9963951830250829,0.1005318235246234,955,30,0.75,53,3.3207547169811322,1.320754716981132,31.125,5839,,,,,,,,,,,,,,,,,,,,,,,,,,,
130,A,participants_only,,,30,30,0,0,16,14,0.48083123236379294,0.23785500815382904,0.9963951830250829,0.12004174169169793,955,30,1.0,53,3.3207547169811322,1.320754716981132,24.833333333333332,5839,,,,,,,,,,,,,,,,,,,,,,,,,,,
130,A,nonparticipants_only,,,10,0,10,0,0,0,0.24523149884519693,0.240298357419696,0.30394168590780923,0.00037164319787475196,0,0,0.0,0,0.0,0.0,50.0,0,,,,,,,,,,,,,,,,,,,,,,,,,,,
130,A,step_totals,,,,,,,,,,,,,,,,,,,,,70.10000000000005,,,9.5,0.1355206847360912,51.0,0.7275320970042791,0.0,0.0,0.004445482197520912,0.13725490196078433,0.0,0,7,21,30,,19,51,20,6.000000000000003,0.08559201141226816,3.600000000000001,0.05135520684736089,30,18,19
130,A,reachability,0.25,0.0,,,,,,,,,,,,,,,,,,,,,,,,,,,,,,,,,,,,,,,,,,,,,
131,A,all_agents,,,40,30,10,0,16,14,0.4222200919130368,0.23947684092127602,0.9965393757040796,0.10091434438982312,964,30,0.75,53,3.3207547169811322,1.320754716981132,31.05,5890,,,,,,,,,,,,,,,,,,,,,,,,,,,
131,A,participants_only,,,30,30,0,0,16,14,0.4811364166102118,0.23666573311305988,0.9965393757040796,0.12054593643566493,964,30,1.0,53,3.3207547169811322,1.320754716981132,24.733333333333334,5890,,,,,,,,,,,,,,,,,,,,,,,,,,,
131,A,nonparticipants_only,,,10,0,10,0,0,0,0.24547111782151182,0.24112398312719494,0.3024219774782702,0.0003659684624222831,0,0,0.0,0,0.0,0.0,50.0,0,,,,,,,,,,,,,,,,,,,,,,,,,,,
131,A,step_totals,,,,,,,,,,,,,,,,,,,,,71.60000000000008,,,8.0,0.11173184357541888,54.0,0.7541899441340774,0.0,0.0,0.004363024088860176,0.16666666666666666,0.0,0,9,24,15,,16,54,21,6.000000000000003,0.08379888268156419,3.600000000000001,0.05027932960893851,30,18,27
132,A,all_agents,,,40,30,10,0,16,14,0.4224019429939097,0.2395256147036171,0.9966778006759164,0.10111766579384582,968,30,0.75,53,3.3207547169811322,1.320754716981132,31.125,5938,,,,,,,,,,,,,,,,,,,,,,,,,,,
132,A,participants_only,,,30,30,0,0,16,14,0.48129953922578306,0.2356703565985897,0.9966778006759164,0.12082751637980262,968,30,1.0,53,3.3207547169811322,1.320754716981132,24.833333333333332,5938,,,,,,,,,,,,,,,,,,,,,,,,,,,
132,A,nonparticipants_only,,,10,0,10,0,0,0,0.24570915429828957,0.24150864953266205,0.30090986759087884,0.0003609919332619891,0,0,0.0,0,0.0,0.0,50.0,0,,,,,,,,,,,,,,,,,,,,,,,,,,,
132,A,step_totals,,,,,,,,,,,,,,,,,,,,,70.10000000000007,,,9.5,0.13552068473609116,51.0,0.7275320970042789,0.0,0.0,0.004197670067855695,0.0784313725490196,0.0,0,4,21,30,,19,51,20,6.000000000000003,0.08559201141226815,3.600000000000001,0.051355206847360876,30,18,19
133,A,all_agents,,,40,30,10,0,16,14,0.4227258217400554,0.2402978948197963,0.9968106886488797,0.1015298213676367,974,30,0.75,53,3.3207547169811322,1.320754716981132,31.05,5991,,,,,,,,,,,,,,,,,,,,,,,,,,,
133,A,participants_only,,,30,30,0,0,16,14,0.4816525268967494,0.23449200481559673,0.9968106886488797,0.12136486065458053,974,30,1.0,53,3.3207547169811322,1.320754716981132,24.733333333333334,5991,,,,,,,,,,,,,,,,,,,,,,,,,,,
133,A,nonparticipants_only,,,10,0,10,0,0,0,0.24594570626997334,0.2412911652866541,0.29940531825292444,0.00035642453931782785,0,0,0.0,0,0.0,0.0,50.0,0,,,,,,,,,,,,,,,,,,,,,,,,,,,
133,A,step_totals,,,,,,,,,,,,,,,,,,,,,71.60000000000007,,,8.0,0.11173184357541889,54.0,0.7541899441340775,0.0,0.0,0.0044811552855117745,0.1111111111111111,0.0,0,6,24,15,,16,54,21,6.000000000000003,0.08379888268156421,3.600000000000001,0.050279329608938515,30,18,27
134,A,all_agents,,,40,30,10,0,16,14,0.4228695772210485,0.2400847094602208,0.9969382611029245,0.10170346117266779,983,30,0.75,53,3.3207547169811322,1.320754716981132,31.125,6039,,,,,,,,,,,,,,,,,,,,,,,,,,,
134,A,participants_only,,,30,30,0,0,16,14,0.4817657929345926,0.23423705601910982,0.9969382611029245,0.12161232146318365,983,30,1.0,53,3.3207547169811322,1.320754716981132,24.833333333333332,6039,,,,,,,,,,,,,,,,,,,,,,,,,,,
134,A,nonparticipants_only,,,10,0,10,0,0,0,0.24618093008041625,0.24142676189923906,0.29790829166165983,0.00035170959660440815,0,0,0.0,0,0.0,0.0,50.0,0,,,,,,,,,,,,,,,,,,,,,,,,,,,
134,A,step_totals,,,,,,,,,,,,,,,,,,,,,70.10000000000007,,,9.5,0.13552068473609116,51.0,0.7275320970042789,0.0,0.0,0.004070756643220544,0.17647058823529413,0.0,0,9,21,30,,19,51,20,6.000000000000003,0.08559201141226815,3.600000000000001,0.051355206847360876,30,18,19
135,A,all_agents,,,40,30,10,0,16,14,0.42317619970224246,0.24051938798675468,0.9970607306588075,0.10210721704586001,990,30,0.75,53,3.3207547169811322,1.320754716981132,31.05,6093,,,,,,,,,,,,,,,,,,,,,,,,,,,
135,A,participants_only,,,30,30,0,0,16,14,0.48209671471657295,0.2330658707390143,0.9970607306588075,0.12214061843862936,990,30,1.0,53,3.3207547169811322,1.320754716981132,24.733333333333334,6093,,,,,,,,,,,,,,,,,,,,,,,,,,,
135,A,nonparticipants_only,,,10,0,10,0,0,0,0.2464146546592511,0.24161115542230982,0.2964187502033515,0.00034748779290466386,0,0,0.0,0,0.0,0.0,50.0,0,,,,,,,,,,,,,,,,,,,,,,,,,,,
135,A,step_totals,,,,,,,,,,,,,,,,,,,,,71.60000000000007,,,8.0,0.11173184357541889,54.0,0.7541899441340775,0.0,0.0,0.0044231258050716135,0.12962962962962962,0.0,0,7,24,15,,16,54,21,6.000000000000003,0.08379888268156421,3.600000000000001,0.050279329608938515,30,18,27
136,A,all_agents,,,40,30,10,0,16,14,0.42335505769501586,0.24067266746259788,0.9971783014324552,0.10230794076121096,997,30,0.75,53,3.3207547169811322,1.320754716981132,31.125,6143,,,,,,,,,,,,,,,,,,,,,,,,,,,
136,A,participants_only,,,30,30,0,0,16,14,0.4822577848059299,0.23228066566748723,0.9971783014324552,0.12241786347798463,997,30,1.0,53,3.3207547169811322,1.320754716981132,24.833333333333332,6143,,,,,,,,,,,,,,,,,,,,,,,,,,,
136,A,nonparticipants_only,,,10,0,10,0,0,0,0.2466468763622737,0.24197655864533146,0.29493665645233474,0.0003437974776562676,0,0,0.0,0,0.0,0.0,50.0,0,,,,,,,,,,,,,,,,,,,,,,,,,,,
136,A,step_totals,,,,,,,,,,,,,,,,,,,,,70.10000000000007,,,9.5,0.13552068473609116,51.0,0.7275320970042789,0.0,0.0,0.0041939085022564,0.13725490196078433,0.0,0,7,21,30,,19,51,20,6.000000000000003,0.08559201141226815,3.600000000000001,0.051355206847360876,30,18,19
137,A,all_agents,,,40,30,10,0,16,14,0.42362304698147646,0.24074044044679443,0.997291169375157,0.10268418626209481,1005,30,0.75,53,3.3207547169811322,1.320754716981132,31.05,6196,,,,,,,,,,,,,,,,,,,,,,,,,,,
137,A,participants_only,,,30,30,0,0,16,14,0.48253804615362134,0.2311192623391498,0.997291169375157,0.12291531851868395,1005,30,1.0,53,3.3207547169811322,1.320754716981132,24.733333333333334,6196,,,,,,,,,,,,,,,,,,,,,,,,,,,
137,A,nonparticipants_only,,,10,0,10,0,0,0,0.24687804946504174,0.24258129652238547,0.29346197317007305,0.0003390639628813692,0,0,0.0,0,0.0,0.0,50.0,0,,,,,,,,,,,,,,,,,,,,,,,,,,,
137,A,step_totals,,,,,,,,,,,,,,,,,,,,,71.60000000000007,,,8.0,0.11173184357541889,54.0,0.7541899441340775,0.0,0.0,0.004294362011418971,0.14814814814814814,0.0,0,8,24,15,,16,54,21,6.000000000000003,0.08379888268156421,3.600000000000001,0.050279329608938515,30,18,27
138,A,all_agents,,,40,30,10,0,16,14,0.42380204910318514,0.24054576336085787,0.9973995226001507,0.10287602108552035,1010,30,0.75,53,3.3207547169811322,1.320754716981132,31.125,6246,,,,,,,,,,,,,,,,,,,,,,,,,,,
138,A,participants_only,,,30,30,0,0,16,14,0.48270013946637674,0.23007824891628958,0.9973995226001507,0.12318051353849817,1010,30,1.0,53,3.3207547169811322,1.320754716981132,24.833333333333332,6246,,,,,,,,,,,,,,,,,,,,,,,,,,,
138,A,nonparticipants_only,,,10,0,10,0,0,0,0.24710777801361028,0.2430234554958985,0.29248575060708565,0.0003347231454187082,0,0,0.0,0,0.0,0.0,50.0,0,,,,,,,,,,,,,,,,,,,,,,,,,,,
138,A,step_totals,,,,,,,,,,,,,,,,,,,,,70.10000000000007,,,9.5,0.13552068473609116,51.0,0.7275320970042789,0.0,0.0,0.004197049896063488,0.09803921568627451,0.0,0,5,21,30,,19,51,20,6.000000000000003,0.08559201141226815,3.600000000000001,0.051355206847360876,30,18,19
139,A,all_agents,,,40,30,10,0,16,14,0.42403153977020763,0.24144905004569955,0.9975035416961447,0.10322562977017392,1019,30,0.75,53,3.3207547169811322,1.320754716981132,31.05,6298,,,,,,,,,,,,,,,,,,,,,,,,,,,
139,A,participants_only,,,30,30,0,0,16,14,0.4829300537107206,0.22892785767170815,0.9975035416961447,0.12364769197968485,1019,30,1.0,53,3.3207547169811322,1.320754716981132,24.733333333333334,6298,,,,,,,,,,,,,,,,,,,,,,,,,,,
139,A,nonparticipants_only,,,10,0,10,0,0,0,0.24733599794866876,0.2428664665074073,0.2930540232568804,0.000331023808831586,0,0,0.0,0,0.0,0.0,50.0,0,,,,,,,,,,,,,,,,,,,,,,,,,,,
139,A,step_totals,,,,,,,,,,,,,,,,,,,,,71.60000000000007,,,8.0,0.11173184357541889,54.0,0.7541899441340775,0.0,0.0,0.004165880898870564,0.16666666666666666,0.0,0,9,24,15,,16,54,21,6.000000000000003,0.08379888268156421,3.600000000000001,0.050279329608938515,30,18,27
140,A,all_agents,,,40,30,10,0,16,14,0.4241992250111385,0.2413530074688371,0.997603400028299,0.10340839258733471,1025,30,0.75,53,3.3207547169811322,1.320754716981132,31.125,6347,,,,,,,,,,,,,,,,,,,,,,,,,,,
140,A,participants_only,,,30,30,0,0,16,14,0.4830779733121945,0.2287717837506838,0.997603400028299,0.12390201858721105,1025,30,1.0,53,3.3207547169811322,1.320754716981132,24.833333333333332,6347,,,,,,,,,,,,,,,,,,,,,,,,,,,
140,A,nonparticipants_only,,,10,0,10,0,0,0,0.24756298010797062,0.24307163702735984,0.2931001986279152,0.0003270305697165308,0,0,0.0,0,0.0,0.0,50.0,0,,,,,,,,,,,,,,,,,,,,,,,,,,,
140,A,step_totals,,,,,,,,,,,,,,,,,,,,,70.10000000000007,,,9.5,0.13552068473609116,51.0,0.7275320970042789,0.0,0.0,0.004160190819951389,0.11764705882352941,0.0,0,6,21,30,,19,51,20,6.000000000000003,0.08559201141226815,3.600000000000001,0.051355206847360876,30,18,19
140,A,reachability,0.25,0.0,,,,,,,,,,,,,,,,,,,,,,,,,,,,,,,,,,,,,,,,,,,,,
141,A,all_agents,,,40,30,10,0,16,14,0.42445831610438495,0.24185627884222302,0.997699264027167,0.10378371136902105,1031,30,0.75,53,3.3207547169811322,1.320754716981132,31.05,6400,,,,,,,,,,,,,,,,,,,,,,,,,,,
141,A,participants_only,,,30,30,0,0,16,14,0.48334825981133334,0.2276279248319304,0.997699264027167,0.12439831036365945,1031,30,1.0,53,3.3207547169811322,1.320754716981132,24.733333333333334,6400,,,,,,,,,,,,,,,,,,,,,,,,,,,
141,A,nonparticipants_only,,,10,0,10,0,0,0,0.24778848498353978,0.2431504157884088,0.29350740168752776,0.00032360874741526783,0,0,0.0,0,0.0,0.0,50.0,0,,,,,,,,,,,,,,,,,,,,,,,,,,,
141,A,step_totals,,,,,,,,,,,,,,,,,,,,,71.60000000000008,,,8.0,0.11173184357541888,54.0,0.7541899441340774,0.0,0.0,0.004265801828503618,0.1111111111111111,0.0,0,6,24,15,,16,54,21,6.000000000000003,0.08379888268156419,3.600000000000001,0.05027932960893851,30,18,27
142,A,all_agents,,,40,30,10,0,16,14,0.4246042948140945,0.24193466370946676,0.9977912934660803,0.10395645878607611,1039,30,0.75,53,3.3207547169811322,1.320754716981132,31.125,6449,,,,,,,,,,,,,,,,,,,,,,,,,,,
142,A,participants_only,,,30,30,0,0,16,14,0.4834682195111191,0.22824496033828684,0.9977912934660803,0.1246418465309586,1039,30,1.0,53,3.3207547169811322,1.320754716981132,24.833333333333332,6449,,,,,,,,,,,,,,,,,,,,,,,,,,,
142,A,nonparticipants_only,,,10,0,10,0,0,0,0.24801252072302066,0.24360246373254596,0.29413700291495953,0.0003207559825848253,0,0,0.0,0,0.0,0.0,50.0,0,,,,,,,,,,,,,,,,,,,,,,,,,,,
142,A,step_totals,,,,,,,,,,,,,,,,,,,,,70.10000000000007,,,9.5,0.13552068473609116,51.0,0.7275320970042789,0.0,0.0,0.004088187266067526,0.1568627450980392,0.0,0,8,21,30,,19,51,20,6.000000000000003,0.08559201141226815,3.600000000000001,0.051355206847360876,30,18,19
143,A,all_agents,,,40,30,10,0,16,14,0.4247778365549939,0.242099397087656,0.9978796417274371,0.10426792355557991,1050,30,0.75,53,3.3207547169811322,1.320754716981132,31.05,6500,,,,,,,,,,,,,,,,,,,,,,,,,,,
143,A,participants_only,,,30,30,0,0,16,14,0.4836252270635314,0.22710373553659538,0.9978796417274371,0.1250663393427924,1050,30,1.0,53,3.3207547169811322,1.320754716981132,24.733333333333334,6500,,,,,,,,,,,,,,,,,,,,,,,,,,,
143,A,nonparticipants_only,,,10,0,10,0,0,0,0.24823566502938121,0.24398832716323718,0.2933364391885709,0.0003164917579706669,0,0,0.0,0,0.0,0.0,50.0,0,,,,,,,,,,,,,,,,,,,,,,,,,,,
143,A,step_totals,,,,,,,,,,,,,,,,,,,,,71.60000000000007,,,8.0,0.11173184357541889,54.0,0.7541899441340775,0.0,0.0,0.003979413757890973,0.2037037037037037,0.0,0,11,24,15,,16,54,21,6.000000000000003,0.08379888268156421,3.600000000000001,0.050279329608938515,30,18,27
144,A,all_agents,,,40,30,10,0,16,14,0.4249520476130671,0.24157921692433124,0.9979644560583396,0.10445356146897178,1063,30,0.75,53,3.3207547169811322,1.320754716981132,31.125,6550,,,,,,,,,,,,,,,,,,,,,,,,,,,
144,A,participants_only,,,30,30,0,0,16,14,0.48378357445571485,0.2284402392377385,0.9979644560583396,0.12532267783621506,1063,30,1.0,53,3.3207547169811322,1.320754716981132,24.833333333333332,6550,,,,,,,,,,,,,,,,,,,,,,,,,,,
144,A,nonparticipants_only,,,10,0,10,0,0,0,0.24845746708512373,0.24448911123535205,0.2923938999496211,0.0003124297595956557,0,0,0.0,0,0.0,0.0,50.0,0,,,,,,,,,,,,,,,,,,,,,,,,,,,
144,A,step_totals,,,,,,,,,,,,,,,,,,,,,70.10000000000007,,,9.5,0.13552068473609116,51.0,0.7275320970042789,0.0,0.0,0.004186228322541255,0.2549019607843137,0.0,0,13,21,30,,19,51,20,6.000000000000003,0.08559201141226815,3.600000000000001,0.051355206847360876,30,18,19
145,A,all_agents,,,40,30,10,0,16,14,0.4251844004918448,0.24254843295405853,0.9980458778160061,0.10481178260314451,1074,30,0.75,53,3.3207547169811322,1.320754716981132,31.05,6603,,,,,,,,,,,,,,,,,,,,,,,,,,,
145,A,participants_only,,,30,30,0,0,16,14,0.48401992979574104,0.22729803804154983,0.9980458778160061,0.12579957043874418,1074,30,1.0,53,3.3207547169811322,1.320754716981132,24.733333333333334,6603,,,,,,,,,,,,,,,,,,,,,,,,,,,
145,A,nonparticipants_only,,,10,0,10,0,0,0,0.248677812580156,0.24438975641813993,0.29294256507083544,0.0003089849947098425,0,0,0.0,0,0.0,0.0,50.0,0,,,,,,,,,,,,,,,,,,,,,,,,,,,
145,A,step_totals,,,,,,,,,,,,,,,,,,,,,71.60000000000005,,,8.0,0.11173184357541892,54.0,0.7541899441340777,0.0,0.0,0.004177101805200013,0.2037037037037037,0.0,0,11,24,15,,16,54,21,6.000000000000003,0.08379888268156423,3.600000000000001,0.05027932960893852,30,18,27
146,A,all_agents,,,40,30,10,0,16,14,0.42531110157515506,0.24280815305049763,0.9981240427033659,0.10495752004827781,1078,30,0.75,53,3.3207547169811322,1.320754716981132,31.125,6651,,,,,,,,,,,,,,,,,,,,,,,,,,,
146,A,participants_only,,,30,30,0,0,16,14,0.4841158144311008,0.22870732289702045,0.9981240427033659,0.12600963119703582,1078,30,1.0,53,3.3207547169811322,1.320754716981132,24.833333333333332,6651,,,,,,,,,,,,,,,,,,,,,,,,,,,
146,A,nonparticipants_only,,,10,0,10,0,0,0,0.2488969630073177,0.2446597578209234,0.2929871472191317,0.0003052555531609851,0,0,0.0,0,0.0,0.0,50.0,0,,,,,,,,,,,,,,,,,,,,,,,,,,,
146,A,step_totals,,,,,,,,,,,,,,,,,,,,,70.10000000000007,,,9.5,0.13552068473609116,51.0,0.7275320970042789,0.0,0.0,0.004025520117707028,0.0784313725490196,0.0,0,4,21,30,,19,51,20,6.000000000000003,0.08559201141226815,3.600000000000001,0.051355206847360876,30,18,19
147,A,all_agents,,,40,30,10,0,16,14,0.4255301411606981,0.24309284325225444,0.9981990809952312,0.1053076433358615,1087,30,0.75,53,3.3207547169811322,1.320754716981132,31.05,6705,,,,,,,,,,,,,,,,,,,,,,,,,,,
147,A,participants_only,,,30,30,0,0,16,14,0.4843352925067467,0.22756378628253537,0.9981990809952312,0.12647731574563148,1087,30,1.0,53,3.3207547169811322,1.320754716981132,24.733333333333334,6705,,,,,,,,,,,,,,,,,,,,,,,,,,,
147,A,nonparticipants_only,,,10,0,10,0,0,0,0.2491146871225522,0.24463656592364902,0.2933803002525247,0.0003020762085713354,0,0,0.0,0,0.0,0.0,50.0,0,,,,,,,,,,,,,,,,,,,,,,,,,,,
147,A,step_totals,,,,,,,,,,,,,,,,,,,,,71.60000000000005,,,8.0,0.11173184357541892,54.0,0.7541899441340777,0.0,0.0,0.004132530029634894,0.16666666666666666,0.0,0,9,24,15,,16,54,21,6.000000000000003,0.08379888268156423,3.600000000000001,0.05027932960893852,30,18,27
148,A,all_agents,,,40,30,10,0,16,14,0.4256838015223589,0.24318367512641464,0.998271117755422,0.10547759892575213,1093,30,0.75,53,3.3207547169811322,1.320754716981132,31.125,6755,,,,,,,,,,,,,,,,,,,,,,,,,,,
148,A,participants_only,,,30,30,0,0,16,14,0.48446807109901857,0.2283493651456078,0.998271117755422,0.12671462228855995,1093,30,1.0,53,3.3207547169811322,1.320754716981132,24.833333333333332,6755,,,,,,,,,,,,,,,,,,,,,,,,,,,
148,A,nonparticipants_only,,,10,0,10,0,0,0,0.24933099279237983,0.2451722690224564,0.29398817788642145,0.00029944464139191967,0,0,0.0,0,0.0,0.0,50.0,0,,,,,,,,,,,,,,,,,,,,,,,,,,,
148,A,step_totals,,,,,,,,,,,,,,,,,,,,,70.10000000000005,,,9.5,0.1355206847360912,51.0,0.7275320970042791,0.0,0.0,0.004119470078206624,0.11764705882352941,0.0,0,6,21,30,,19,51,20,6.000000000000003,0.08559201141226816,3.600000000000001,0.05135520684736089,30,18,19
149,A,all_agents,,,40,30,10,0,16,14,0.42587083103016937,0.24332020114176575,0.9983402730452051,0.10580221964609945,1099,30,0.75,53,3.3207547169811322,1.320754716981132,31.05,6807,,,,,,,,,,,,,,,,,,,,,,,,,,,
149,A,participants_only,,,30,30,0,0,16,14,0.4846456287779395,0.22720761831987976,0.9983402730452051,0.12715323552164123,1099,30,1.0,53,3.3207547169811322,1.320754716981132,24.733333333333334,6807,,,,,,,,,,,,,,,,,,,,,,,,,,,
149,A,nonparticipants_only,,,10,0,10,0,0,0,0.24954643778685878,0.24534680999255115,0.29321523659822585,0.0002954498159786084,0,0,0.0,0,0.0,0.0,50.0,0,,,,,,,,,,,,,,,,,,,,,,,,,,,
149,A,step_totals,,,,,,,,,,,,,,,,,,,,,71.60000000000007,,,8.0,0.11173184357541889,54.0,0.7541899441340775,0.0,0.0,0.004026135144298656,0.1111111111111111,0.0,0,6,24,15,,16,54,22,6.000000000000003,0.08379888268156421,3.600000000000001,0.050279329608938515,30,18,27
150,A,all_agents,,,40,30,10,0,16,14,0.4259963664754693,0.2430250762327405,0.9984066621233969,0.10594839414358787,1104,30,0.75,53,3.3207547169811322,1.320754716981132,31.125,6857,,,,,,,,,,,,,,,,,,,,,,,,,,,
150,A,participants_only,,,30,30,0,0,16,14,0.4847416263528329,0.22792407956936583,0.9984066621233969,0.12736328720422327,1104,30,1.0,53,3.3207547169811322,1.320754716981132,24.833333333333332,6857,,,,,,,,,,,,,,,,,,,,,,,,,,,
150,A,nonparticipants_only,,,10,0,10,0,0,0,0.24976058684337848,0.24590419637843597,0.29230521848284713,0.00029164826497380373,0,0,0.0,0,0.0,0.0,50.0,0,,,,,,,,,,,,,,,,,,,,,,,,,,,
150,A,step_totals,,,,,,,,,,,,,,,,,,,,,70.10000000000005,,,9.5,0.1355206847360912,51.0,0.7275320970042791,0.0,0.0,0.004024950638849327,0.09803921568627451,0.0,0,5,21,30,,19,51,20,6.000000000000003,0.08559201141226816,3.600000000000001,0.05135520684736089,30,18,18
150,A,reachability,0.25,0.0,,,,,,,,,,,,,,,,,,,,,,,,,,,,,,,,,,,,,,,,,,,,,
151,A,all_agents,,,40,30,10,0,16,14,0.4261905129743004,0.2435211492952526,0.9984703956384611,0.10628191493032864,1111,30,0.75,53,3.3207547169811322,1.320754716981132,31.05,6911,,,,,,,,,,,,,,,,,,,,,,,,,,,
151,A,participants_only,,,30,30,0,0,16,14,0.4849295741004099,0.22678445917151902,0.9984703956384611,0.1278119638058457,1111,30,1.0,53,3.3207547169811322,1.320754716981132,24.733333333333334,6911,,,,,,,,,,,,,,,,,,,,,,,,,,,
151,A,nonparticipants_only,,,10,0,10,0,0,0,0.2499733295959719,0.24590752217032422,0.29283495260843945,0.0002884406800555476,0,0,0.0,0,0.0,0.0,50.0,0,,,,,,,,,,,,,,,,,,,,,,,,,,,
151,A,step_totals,,,,,,,,,,,,,,,,,,,,,71.60000000000007,,,8.0,0.11173184357541889,54.0,0.7541899441340775,0.0,0.0,0.004049804048407815,0.12962962962962962,0.0,0,7,24,15,,16,54,22,6.000000000000003,0.08379888268156421,3.600000000000001,0.050279329608938515,30,18,27
152,A,all_agents,,,40,30,10,0,16,14,0.42632536872183735,0.24379564849975424,0.9985315798129226,0.10643640317675725,1120,30,0.75,53,3.3207547169811322,1.320754716981132,31.125,6961,,,,,,,,,,,,,,,,,,,,,,,,,,,
152,A,participants_only,,,30,30,0,0,16,14,0.4850388521241168,0.22811073992057962,0.9985315798129226,0.12803112590673868,1120,30,1.0,53,3.3207547169811322,1.320754716981132,24.833333333333332,6961,,,,,,,,,,,,,,,,,,,,,,,,,,,
152,A,nonparticipants_only,,,10,0,10,0,0,0,0.2501849185149991,0.24617662601287105,0.29287799650613144,0.0002849573880560397,0,0,0.0,0,0.0,0.0,50.0,0,,,,,,,,,,,,,,,,,,,,,,,,,,,
152,A,step_totals,,,,,,,,,,,,,,,,,,,,,70.10000000000007,,,9.5,0.13552068473609116,51.0,0.7275320970042789,0.0,0.0,0.004058337724659114,0.17647058823529413,0.0,0,9,21,30,,19,51,20,6.000000000000003,0.08559201141226815,3.600000000000001,0.051355206847360876,30,18,18
153,A,all_agents,,,40,30,10,0,16,14,0.4265075176486383,0.24425446387610628,0.9985903166204058,0.10676184517406122,1132,30,0.75,53,3.3207547169811322,1.320754716981132,31.05,7015,,,,,,,,,,,,,,,,,,,,,,,,,,,
153,A,participants_only,,,30,30,0,0,16,14,0.4852116467531221,0.22697018622097673,0.9985903166204058,0.12847042656390356,1132,30,1.0,53,3.3207547169811322,1.320754716981132,24.733333333333334,7015,,,,,,,,,,,,,,,,,,,,,,,,,,,
153,A,nonparticipants_only,,,10,0,10,0,0,0,0.250395130335187,0.2460714383293305,0.29325758429167803,0.00028200371754335114,0,0,0.0,0,0.0,0.0,50.0,0,,,,,,,,,,,,,,,,,,,,,,,,,,,
153,A,step_totals,,,,,,,,,,,,,,,,,,,,,71.60000000000007,,,8.0,0.11173184357541889,54.0,0.7541899441340775,0.0,0.0,0.004009776952463806,0.2222222222222222,0.0,0,12,24,15,,16,54,22,6.000000000000003,0.08379888268156421,3.600000000000001,0.050279329608938515,30,18,27
154,A,all_agents,,,40,30,10,0,16,14,0.4266330202884797,0.24415154227695024,0.9986467039555895,0.10690912617283842,1139,30,0.75,53,3.3207547169811322,1.320754716981132,31.125,7065,,,,,,,,,,,,,,,,,,,,,,,,,,,
154,A,participants_only,,,30,30,0,0,16,14,0.4853093695007624,0.2283660359601671,0.9986467039555895,0.12868065327285375,1139,30,1.0,53,3.3207547169811322,1.320754716981132,24.833333333333332,7065,,,,,,,,,,,,,,,,,,,,,,,,,,,
154,A,nonparticipants_only,,,10,0,10,0,0,0,0.25060397265163165,0.2466534006559688,0.2938444878771415,0.00027957739021147385,0,0,0.0,0,0.0,0.0,50.0,0,,,,,,,,,,,,,,,,,,,,,,,,,,,
154,A,step_totals,,,,,,,,,,,,,,,,,,,,,70.10000000000007,,,9.5,0.13552068473609116,51.0,0.7275320970042789,0.0,0.0,0.004027331567400108,0.13725490196078433,0.0,0,7,21,30,,19,51,20,6.000000000000003,0.08559201141226815,3.600000000000001,0.051355206847360876,30,18,18
155,A,all_agents,,,40,30,10,0,16,14,0.42675951270696594,0.24449734675832543,0.9987008357973659,0.10719105024805092,1153,30,0.75,53,3.3207547169811322,1.320754716981132,31.05,7117,,,,,,,,,,,,,,,,,,,,,,,,,,,
155,A,participants_only,,,30,30,0,0,16,14,0.48540868894620753,0.22722420578036628,0.9987008357973659,0.1290705520442653,1153,30,1.0,53,3.3207547169811322,1.320754716981132,24.733333333333334,7117,,,,,,,,,,,,,,,,,,,,,,,,,,,
155,A,nonparticipants_only,,,10,0,10,0,0,0,0.25081198398924126,0.24665842009112282,0.2930982159498678,0.00027583437690838707,0,0,0.0,0,0.0,0.0,50.0,0,,,,,,,,,,,,,,,,,,,,,,,,,,,
155,A,step_totals,,,,,,,,,,,,,,,,,,,,,71.60000000000007,,,8.0,0.11173184357541889,54.0,0.7541899441340775,0.0,0.0,0.0038236606562326685,0.25925925925925924,0.0,0,14,24,15,,16,54,22,6.000000000000003,0.08379888268156421,3.600000000000001,0.050279329608938515,30,18,27
156,A,all_agents,,,40,30,10,0,16,14,0.42686150330399303,0.24430885773526095,0.9987528023654713,0.10731767552358816,1161,30,0.75,53,3.3207547169811322,1.320754716981132,31.125,7167,,,,,,,,,,,,,,,,,,,,,,,,,,,
156,A,participants_only,,,30,30,0,0,16,14,0.48547575637079377,0.22802387651648942,0.9987528023654713,0.12925695267148712,1161,30,1.0,53,3.3207547169811322,1.320754716981132,24.833333333333332,7167,,,,,,,,,,,,,,,,,,,,,,,,,,,
156,A,nonparticipants_only,,,10,0,10,0,0,0,0.2510187441035908,0.24727045579957624,0.29221959685784976,0.0002722761289437582,0,0,0.0,0,0.0,0.0,50.0,0,,,,,,,,,,,,,,,,,,,,,,,,,,,
156,A,step_totals,,,,,,,,,,,,,,,,,,,,,70.10000000000007,,,9.5,0.13552068473609116,51.0,0.7275320970042789,0.0,0.0,0.003947558950853129,0.1568627450980392,0.0,0,8,21,30,,19,51,20,6.000000000000003,0.08559201141226815,3.600000000000001,0.051355206847360876,30,18,18
