step,condition,population,skill_reachability,resource_reachability,n_agents,maker_count,stage_consumer,stage_customizer,stage_maker,stage_advanced_maker,skill_mean,skill_median,skill_max,skill_var,method_count_total,method_holders,method_adoption_rate,method_peer_held,knowledge_diffusion_lag_mean,hop_count_mean,latent_distributed_resources,completed_projects_total,time_total,time_observe,time_share_observe,time_practice,time_share_practice,time_idle,time_share_idle,time_make,time_share_make,skill_gain_per_time,method_self_discovery_per_time,method_peer_acquisition_per_time,peer_acquired_count,self_discovered_count,reject_time_budget_exceeded,reject_missing_asset,count_observe,count_practice,count_idle,count_make,time_ask,time_share_ask,time_share,time_share_share,count_ask,count_share,reject_insufficient_material
0,A,reachability,0.65,0.0,,,,,,,,,,,,,,,,,,,,,,,,,,,,,,,,,,,,,,,,,,,,,
1,A,all_agents,,,40,0,19,21,0,0,0.17053683874937603,0.15294666894219788,0.5744262151231754,0.014080309699379713,5,4,0.1,0,0.0,0.0,25.75,32,,,,,,,,,,,,,,,,,,,,,,,,,,,
1,A,participants_only,,,30,0,9,21,0,0,0.17478925465528825,0.1554396697175433,0.5744262151231754,0.014137021734438145,5,4,0.13333333333333333,0,0.0,0.0,24.333333333333332,32,,,,,,,,,,,,,,,,,,,,,,,,,,,
1,A,nonparticipants_only,,,10,0,10,0,0,0,0.15777959103163938,0.1375731147006098,0.5074319283450508,0.013693177101762152,0,0,0.0,0,0.0,0.0,30.0,0,,,,,,,,,,,,,,,,,,,,,,,,,,,
1,A,step_totals,,,,,,,,,,,,,,,,,,,,,83.49999999999997,4.000000000000002,0.047904191616766505,19.5,0.23353293413173662,0.0,0.0,60.0,0.7185628742514972,0.019094729400025844,0.08333333333333333,0.0,0,5,30,5,40,39,29,60,,,,,,,
2,A,all_agents,,,40,4,10,26,4,0,0.17811251184312366,0.15571061654734647,0.5914491665182484,0.014062979162320587,18,16,0.4,3,0.6666666666666666,1.0,26.5,79,,,,,,,,,,,,,,,,,,,,,,,,,,,
2,A,participants_only,,,30,4,0,26,4,0,0.18460898903043435,0.16050074117101387,0.5914491665182484,0.01418495793460732,18,16,0.5333333333333333,3,0.6666666666666666,1.0,23.666666666666668,79,,,,,,,,,,,,,,,,,,,,,,,,,,,
2,A,nonparticipants_only,,,10,0,10,0,0,0,0.1586230802811916,0.13688524912710673,0.5048947687033255,0.01319059225531741,0,0,0.0,0,0.0,0.0,35.0,0,,,,,,,,,,,,,,,,,,,,,,,,,,,
2,A,step_totals,,,,,,,,,,,,,,,,,,,,,87.20000000000002,3.900000000000002,0.04472477064220185,19.5,0.22362385321100914,0.0,0.0,60.0,0.6880733944954127,0.022357430193547398,0.16666666666666666,0.38961038961038974,3,10,23,5,39,39,29,60,3.2000000000000006,0.03669724770642202,0.6000000000000001,0.006880733944954128,16,3,
3,A,all_agents,,,40,7,10,23,7,0,0.18511768257996958,0.15958858002391796,0.6077911998575185,0.014438488544577924,30,21,0.525,10,1.2,1.1,27.875,124,,,,,,,,,,,,,,,,,,,,,,,,,,,
3,A,participants_only,,,30,7,0,23,7,0,0.19367180994380553,0.16390472398278438,0.6077911998575185,0.01471889989114915,30,21,0.7,10,1.2,1.1,23.833333333333332,124,,,,,,,,,,,,,,,,,,,,,,,,,,,
3,A,nonparticipants_only,,,10,0,10,0,0,0,0.15945530048846177,0.13620082288147117,0.5023702948598089,0.012719177365383525,0,0,0.0,0,0.0,0.0,40.0,0,,,,,,,,,,,,,,,,,,,,,,,,,,,
3,A,step_totals,,,,,,,,,,,,,,,,,,,,,88.20000000000002,3.900000000000002,0.044217687074829946,19.5,0.22108843537414963,0.0,0.0,59.0,0.6689342403628117,0.02054324919845294,0.0847457627118644,0.721649484536083,7,5,16,4,39,39,28,59,2.8000000000000003,0.031746031746031744,3.0000000000000004,0.03401360544217687,14,15,
4,A,all_agents,,,40,7,10,23,7,0,0.19069985283720114,0.16245806413707564,0.6234795518632178,0.014567755592432736,47,28,0.7,19,1.631578947368421,1.2105263157894737,29.6,156,,,,,,,,,,,,,,,,,,,,,,,,,,,
4,A,participants_only,,,30,7,0,23,7,0,0.20084074936867316,0.16681941379219128,0.6234795518632178,0.014920676279968752,47,28,0.9333333333333333,19,1.631578947368421,1.2105263157894737,24.466666666666665,156,,,,,,,,,,,,,,,,,,,,,,,,,,,
4,A,nonparticipants_only,,,10,0,10,0,0,0,0.16027716324278496,0.13551981876706382,0.49985844338550983,0.012274940140280428,0,0,0.0,0,0.0,0.0,45.0,0,,,,,,,,,,,,,,,,,,,,,,,,,,,
4,A,step_totals,,,,,,,,,,,,,,,,,,,,,85.90000000000005,3.600000000000002,0.04190919674039581,19.5,0.22700814901047717,0.0,0.0,55.0,0.6402793946449357,0.017316010703009713,0.14545454545454545,0.7894736842105271,9,8,10,14,36,39,34,55,3.800000000000001,0.044237485448195564,4.000000000000001,0.046565774155995325,19,20,23
5,A,all_agents,,,40,6,10,24,6,0,0.1953617793772245,0.16537002195685196,0.6385403697886891,0.014645107362435687,58,29,0.725,25,1.8,1.24,32.125,182,,,,,,,,,,,,,,,,,,,,,,,,,,,
5,A,participants_only,,,30,6,0,24,6,0,0.20678602643730745,0.18321564922083242,0.6385403697886891,0.015052675469858145,58,29,0.9666666666666667,25,1.8,1.24,26.166666666666668,182,,,,,,,,,,,,,,,,,,,,,,,,,,,
5,A,nonparticipants_only,,,10,0,10,0,0,0,0.16108903819697554,0.1348422196732285,0.49735915116858226,0.011856241989490538,0,0,0.0,0,0.0,0.0,50.0,0,,,,,,,,,,,,,,,,,,,,,,,,,,,
5,A,step_totals,,,,,,,,,,,,,,,,,,,,,80.30000000000008,3.4000000000000017,0.04234122042341218,19.5,0.24283935242839327,0.0,0.0,47.0,0.5853051058530505,0.015896501258470783,0.10638297872340426,0.4347826086956528,6,5,6,15,34,39,37,47,4.800000000000002,0.05977584059775837,5.600000000000002,0.06973848069738477,24,28,33
6,A,all_agents,,,40,6,10,24,6,0,0.20122488252270407,0.1755362063262499,0.6529987549971416,0.014801449374652909,71,30,0.75,30,2.2,1.2666666666666666,32.45,218,,,,,,,,,,,,,,,,,,,,,,,,,,,
6,A,participants_only,,,30,6,0,24,6,0,0.21433583765495096,0.18866604121431774,0.6529987549971416,0.015228192575294128,71,30,1.0,30,2.2,1.2666666666666666,26.6,218,,,,,,,,,,,,,,,,,,,,,,,,,,,
6,A,nonparticipants_only,,,10,0,10,0,0,0,0.16189201712596335,0.13416800857486239,0.49487235541273933,0.011458454038971756,0,0,0.0,0,0.0,0.0,50.0,0,,,,,,,,,,,,,,,,,,,,,,,,,,,
6,A,step_totals,,,,,,,,,,,,,,,,,,,,,86.30000000000004,2.9000000000000012,0.033603707995365,20.0,0.231749710312862,0.0,0.0,54.0,0.6257242178447274,0.018067011553777913,0.14814814814814814,0.40650406504065084,5,8,6,15,29,40,39,54,3.800000000000001,0.04403244495944379,5.600000000000002,0.06488991888760139,19,28,30
7,A,all_agents,,,40,8,10,22,8,0,0.206297644109296,0.1812862314045672,0.6668788047972559,0.015193231611255228,77,30,0.75,31,2.225806451612903,1.2580645161290323,32.825,248,,,,,,,,,,,,,,,,,,,,,,,,,,,
7,A,participants_only,,,30,8,0,22,8,0,0.22083459228149485,0.19104022043997676,0.6668788047972559,0.01571943222892697,77,30,1.0,31,2.225806451612903,1.2580645161290323,27.1,248,,,,,,,,,,,,,,,,,,,,,,,,,,,
7,A,nonparticipants_only,,,10,0,10,0,0,0,0.16268679959269944,0.13349716853198806,0.49239799363567566,0.011078755412305654,0,0,0.0,0,0.0,0.0,50.0,0,,,,,,,,,,,,,,,,,,,,,,,,,,,
7,A,step_totals,,,,,,,,,,,,,,,,,,,,,88.00000000000009,1.0999999999999999,0.012499999999999987,19.5,0.22159090909090887,0.0,0.0,56.0,0.6363636363636358,0.015537358991804988,0.08928571428571429,0.08000000000000008,1,5,6,21,11,39,38,56,5.400000000000002,0.06136363636363633,6.000000000000003,0.06818181818181815,27,30,36
8,A,all_agents,,,40,10,10,20,10,0,0.2117795376511848,0.1822081452271599,0.6802036526053656,0.015646536173495332,83,30,0.75,32,2.28125,1.25,33.3,282,,,,,,,,,,,,,,,,,,,,,,,,,,,
8,A,participants_only,,,30,10,0,20,10,0,0.2278816164493391,0.20495164997840573,0.6802036526053656,0.016252493930188964,83,30,1.0,32,2.28125,1.25,27.733333333333334,282,,,,,,,,,,,,,,,,,,,,,,,,,,,
8,A,nonparticipants_only,,,10,0,10,0,0,0,0.16347330125672185,0.13282968268932813,0.4899360036674973,0.01071733960395079,0,0,0.0,0,0.0,0.0,50.0,0,,,,,,,,,,,,,,,,,,,,,,,,,,,
8,A,step_totals,,,,,,,,,,,,,,,,,,,,,89.8000000000001,0.4,0.004454342984409795,20.0,0.22271714922048974,0.0,0.0,58.0,0.6458797327394202,0.016304069909860504,0.08620689655172414,0.08474576271186447,1,5,11,20,4,40,39,58,5.400000000000002,0.06013363028953225,6.000000000000003,0.06681514476614694,27,30,33
9,A,all_agents,,,40,12,10,18,12,0,0.21671742890141632,0.18241249188801617,0.692995506501151,0.01619898090508694,87,30,0.75,32,2.28125,1.25,33.15,313,,,,,,,,,,,,,,,,,,,,,,,,,,,
9,A,participants_only,,,30,12,0,18,12,0,0.23420551516400845,0.2039268917285137,0.692995506501151,0.016919425027036864,87,30,1.0,32,2.28125,1.25,27.533333333333335,313,,,,,,,,,,,,,,,,,,,,,,,,,,,
9,A,nonparticipants_only,,,10,0,10,0,0,0,0.16425317011363996,0.1336374807318867,0.4874863236491598,0.010367650605702813,0,0,0.0,0,0.0,0.0,50.0,0,,,,,,,,,,,,,,,,,,,,,,,,,,,
9,A,step_totals,,,,,,,,,,,,,,,,,,,,,87.90000000000008,0.4,0.004550625711035264,19.5,0.2218430034129691,0.0,0.0,56.0,0.6370875995449369,0.015193844397980943,0.07142857142857142,0.0,0,4,9,22,4,39,37,56,6.000000000000003,0.06825938566552898,6.000000000000003,0.06825938566552898,30,30,41
10,A,all_agents,,,40,14,10,16,14,0,0.22198069428480874,0.18358916435523293,0.705275686241105,0.01685332805056096,93,30,0.75,33,2.484848484848485,1.2424242424242424,32.775,348,,,,,,,,,,,,,,,,,,,,,,,,,,,
10,A,participants_only,,,30,14,0,16,14,0,0.2409657196930094,0.20568008560202694,0.705275686241105,0.01768512442743958,93,30,1.0,33,2.484848484848485,1.2424242424242424,27.033333333333335,348,,,,,,,,,,,,,,,,,,,,,,,,,,,
10,A,nonparticipants_only,,,10,0,10,0,0,0,0.16502561806020688,0.13763503215868506,0.485048892030914,0.010032764642924817,0,0,0.0,0,0.0,0.0,50.0,0,,,,,,,,,,,,,,,,,,,,,,,,,,,
10,A,step_totals,,,,,,,,,,,,,,,,,,,,,88.1000000000001,0.1,0.0011350737797956856,19.0,0.21566401816118025,0.0,0.0,58.0,0.6583427922814976,0.015995169938666932,0.08620689655172414,0.09009009009009014,1,5,15,20,1,38,36,58,5.000000000000002,0.05675368898978429,6.000000000000003,0.06810442678774116,25,30,30
10,A,reachability,0.275,0.0,,,,,,,,,,,,,,,,,,,,,,,,,,,,,,,,,,,,,,,,,,,,,
11,A,all_agents,,,40,16,10,14,16,0,0.22695763317325834,0.1861077518405615,0.7170646587914609,0.017571903238378223,98,30,0.75,33,2.484848484848485,1.2424242424242424,32.275,381,,,,,,,,,,,,,,,,,,,,,,,,,,,
11,A,participants_only,,,30,16,0,14,16,0,0.2473468163678829,0.20492068406611402,0.7170646587914609,0.01852803456093696,98,30,1.0,33,2.484848484848485,1.2424242424242424,26.366666666666667,381,,,,,,,,,,,,,,,,,,,,,,,,,,,
11,A,nonparticipants_only,,,10,0,10,0,0,0,0.16579008358938474,0.13882997700069483,0.48262364757075943,0.009714883774574495,0,0,0.0,0,0.0,0.0,50.0,0,,,,,,,,,,,,,,,,,,,,,,,,,,,
11,A,step_totals,,,,,,,,,,,,,,,,,,,,,90.60000000000008,0.1,0.0011037527593818976,19.5,0.21523178807947002,0.0,0.0,59.0,0.6512141280353195,0.014829154053708495,0.0847457627118644,0.0,0,5,9,21,1,39,37,59,6.000000000000003,0.06622516556291388,6.000000000000003,0.06622516556291388,30,30,41
12,A,all_agents,,,40,18,10,12,18,0,0.23201364942435102,0.1864711621975355,0.7283820724398025,0.01823635253441669,110,30,0.75,34,2.7058823529411766,1.2352941176470589,32.05,417,,,,,,,,,,,,,,,,,,,,,,,,,,,
12,A,participants_only,,,30,18,0,12,18,0,0.2538355007070612,0.20630613213603977,0.7283820724398025,0.019274389384476367,110,30,1.0,34,2.7058823529411766,1.2352941176470589,26.066666666666666,417,,,,,,,,,,,,,,,,,,,,,,,,,,,
12,A,nonparticipants_only,,,10,0,10,0,0,0,0.16654809557622044,0.13813582711569136,0.48021052933290564,0.009407923663381008,0,0,0.0,0,0.0,0.0,50.0,0,,,,,,,,,,,,,,,,,,,,,,,,,,,
12,A,step_totals,,,,,,,,,,,,,,,,,,,,,85.50000000000009,0.2,0.0023391812865497055,19.5,0.22807017543859626,0.0,0.0,54.0,0.6315789473684205,0.01603882434174829,0.2037037037037037,0.0833333333333334,1,11,11,31,2,39,37,54,5.8000000000000025,0.06783625730994149,6.000000000000003,0.07017543859649118,29,30,37
13,A,all_agents,,,40,18,10,12,18,0,0.2369393648550862,0.1871214836948772,0.7392467895422103,0.0190621646295797,114,30,0.75,34,2.7058823529411766,1.2352941176470589,31.65,452,,,,,,,,,,,,,,,,,,,,,,,,,,,
13,A,participants_only,,,30,18,0,12,18,0,0.2601525056727443,0.20804411845798318,0.7392467895422103,0.020223886024076782,114,30,1.0,34,2.7058823529411766,1.2352941176470589,25.533333333333335,452,,,,,,,,,,,,,,,,,,,,,,,,,,,
13,A,nonparticipants_only,,,10,0,10,0,0,0,0.16729994240211193,0.13744514798011293,0.47780947668624113,0.009110801566643366,0,0,0.0,0,0.0,0.0,50.0,0,,,,,,,,,,,,,,,,,,,,,,,,,,,
13,A,step_totals,,,,,,,,,,,,,,,,,,,,,90.50000000000009,,,19.5,0.21546961325966832,0.0,0.0,59.0,0.6519337016574579,0.014743260951648907,0.06779661016949153,0.0,0,4,10,21,,39,37,59,6.000000000000003,0.06629834254143643,6.000000000000003,0.06629834254143643,30,30,40
14,A,all_agents,,,40,17,10,13,17,0,0.24170447518916616,0.18767853017014163,0.7496769179605219,0.020033207585328616,121,30,0.75,34,2.7058823529411766,1.2352941176470589,31.575,490,,,,,,,,,,,,,,,,,,,,,,,,,,,
14,A,participants_only,,,30,17,0,13,17,0,0.2662574841394424,0.2070038978656933,0.7496769179605219,0.02135809307959577,121,30,1.0,34,2.7058823529411766,1.2352941176470589,25.433333333333334,490,,,,,,,,,,,,,,,,,,,,,,,,,,,
14,A,nonparticipants_only,,,10,0,10,0,0,0,0.16804544833833746,0.13749498842217928,0.4754204293028099,0.008824348120379006,0,0,0.0,0,0.0,0.0,50.0,0,,,,,,,,,,,,,,,,,,,,,,,,,,,
14,A,step_totals,,,,,,,,,,,,,,,,,,,,,83.8000000000001,,,19.0,0.22673031026252957,0.0,0.0,53.0,0.632458233890214,0.015576697136542982,0.1320754716981132,0.0,0,7,11,35,,38,36,53,5.8000000000000025,0.06921241050119327,6.000000000000003,0.071599045346062,29,30,38
15,A,all_agents,,,40,21,10,9,21,0,0.24600609542087504,0.18875561977026653,0.759689841242101,0.020977798225712396,128,30,0.75,34,2.7058823529411766,1.2352941176470589,31.325,522,,,,,,,,,,,,,,,,,,,,,,,,,,,
15,A,participants_only,,,30,21,0,9,21,0,0.2717467030149233,0.20929932176512472,0.759689841242101,0.022470144996181787,128,30,1.0,34,2.7058823529411766,1.2352941176470589,25.1,522,,,,,,,,,,,,,,,,,,,,,,,,,,,
15,A,nonparticipants_only,,,10,0,10,0,0,0,0.16878427263873025,0.13773435712865523,0.4730433271562959,0.00854981136257491,0,0,0.0,0,0.0,0.0,50.0,0,,,,,,,,,,,,,,,,,,,,,,,,,,,
15,A,step_totals,,,,,,,,,,,,,,,,,,,,,87.8000000000001,,,19.0,0.21640091116173096,0.0,0.0,57.0,0.6492027334851929,0.01352895535135554,0.12280701754385964,0.0,0,7,11,23,,38,36,57,5.8000000000000025,0.06605922551252844,6.000000000000003,0.06833712984054666,29,30,41
16,A,all_agents,,,40,24,10,6,24,0,0.25052021249713374,0.18878757657487708,0.7693022475924169,0.02198845374765446,132,30,0.75,34,2.7058823529411766,1.2352941176470589,31.325,561,,,,,,,,,,,,,,,,,,,,,,,,,,,
16,A,participants_only,,,30,24,0,6,24,0,0.27752093903310626,0.210499697265092,0.7693022475924169,0.023641439020274532,132,30,1.0,34,2.7058823529411766,1.2352941176470589,25.1,561,,,,,,,,,,,,,,,,,,,,,,,,,,,
16,A,nonparticipants_only,,,10,0,10,0,0,0,0.16951803288921605,0.13823127924258688,0.4706781105205144,0.00828102712814978,0,0,0.0,0,0.0,0.0,50.0,0,,,,,,,,,,,,,,,,,,,,,,,,,,,
16,A,step_totals,,,,,,,,,,,,,,,,,,,,,80.60000000000008,,,18.0,0.22332506203473923,0.0,0.0,51.0,0.6327543424317612,0.015532548828003043,0.0784313725490196,0.0,0,4,12,39,,36,33,51,5.600000000000002,0.06947890818858557,6.000000000000003,0.0744416873449131,28,30,38
17,A,all_agents,,,40,27,10,3,27,0,0.255097936884997,0.1926342871270323,0.7785301576887202,0.02307996693470497,139,30,0.75,34,2.7058823529411766,1.2352941176470589,31.175,600,,,,,,,,,,,,,,,,,,,,,,,,,,,
17,A,participants_only,,,30,27,0,3,27,0,0.2833822595292828,0.21883001571882,0.7785301576887202,0.024898378397380776,139,30,1.0,34,2.7058823529411766,1.2352941176470589,24.9,600,,,,,,,,,,,,,,,,,,,,,,,,,,,
17,A,nonparticipants_only,,,10,0,10,0,0,0,0.17024496895213942,0.1403725254415201,0.4683247199679118,0.008024697657324824,0,0,0.0,0,0.0,0.0,50.0,0,,,,,,,,,,,,,,,,,,,,,,,,,,,
17,A,step_totals,,,,,,,,,,,,,,,,,,,,,85.40000000000009,,,19.0,0.22248243559718947,0.0,0.0,55.0,0.6440281030444958,0.014744109575643408,0.12727272727272726,0.0,0,7,13,26,,38,36,55,5.400000000000002,0.06323185011709598,6.000000000000003,0.07025761124121775,27,30,44
18,A,all_agents,,,40,27,10,3,27,0,0.2591410267948712,0.1922335559006339,0.7873889513811715,0.02414797687555519,145,30,0.75,34,2.7058823529411766,1.2352941176470589,31.225,637,,,,,,,,,,,,,,,,,,,,,,,,,,,
18,A,participants_only,,,30,27,0,3,27,0,0.28853246634341506,0.2177358656402259,0.7873889513811715,0.02615030220427086,145,30,1.0,34,2.7058823529411766,1.2352941176470589,24.966666666666665,637,,,,,,,,,,,,,,,,,,,,,,,,,,,
18,A,nonparticipants_only,,,10,0,10,0,0,0,0.1709667081492397,0.14151750497350662,0.4659830963680722,0.007774720264579681,0,0,0.0,0,0.0,0.0,50.0,0,,,,,,,,,,,,,,,,,,,,,,,,,,,
18,A,step_totals,,,,,,,,,,,,,,,,,,,,,79.40000000000008,,,17.0,0.2141057934508814,0.0,0.0,51.0,0.6423173803526442,0.014393246245972128,0.11764705882352941,0.0,0,6,13,39,,34,32,51,5.400000000000002,0.0680100755667506,6.000000000000003,0.07556675062972289,27,30,37
19,A,all_agents,,,40,28,10,2,28,0,0.26340652819412297,0.19362470978743362,0.7958933933259247,0.025332540305119527,151,30,0.75,34,2.7058823529411766,1.2352941176470589,31.175,676,,,,,,,,,,,,,,,,,,,,,,,,,,,
19,A,participants_only,,,30,28,0,2,28,0,0.2939811119314238,0.22328656770691602,0.7958933933259247,0.02752650038973637,151,30,1.0,34,2.7058823529411766,1.2352941176470589,24.9,676,,,,,,,,,,,,,,,,,,,,,,,,,,,
19,A,nonparticipants_only,,,10,0,10,0,0,0,0.17168277698222037,0.14438979233090965,0.46365318088623186,0.007532998002758336,0,0,0.0,0,0.0,0.0,50.0,0,,,,,,,,,,,,,,,,,,,,,,,,,,,
19,A,step_totals,,,,,,,,,,,,,,,,,,,,,84.20000000000007,,,19.0,0.22565320665083116,0.0,0.0,54.0,0.6413301662707833,0.014085425366602587,0.1111111111111111,0.0,0,6,14,26,,38,36,54,5.200000000000002,0.06175771971496434,6.000000000000003,0.0712589073634204,26,30,45
20,A,all_agents,,,40,28,10,2,28,0,0.2671520676985851,0.19583389890324138,0.8040576575928877,0.026482086414318363,159,30,0.75,34,2.7058823529411766,1.2352941176470589,31.225,713,,,,,,,,,,,,,,,,,,,,,,,,,,,
20,A,participants_only,,,30,28,0,2,28,0,0.2987385751446665,0.22217013486838144,0.8040576575928877,0.028884698806304794,159,30,1.0,34,2.7058823529411766,1.2352941176470589,24.966666666666665,713,,,,,,,,,,,,,,,,,,,,,,,,,,,
20,A,nonparticipants_only,,,10,0,10,0,0,0,0.17239254536034102,0.14658084803649551,0.4613349149818007,0.007301759806662818,0,0,0.0,0,0.0,0.0,50.0,0,,,,,,,,,,,,,,,,,,,,,,,,,,,
20,A,step_totals,,,,,,,,,,,,,,,,,,,,,79.10000000000008,,,16.5,0.20859671302149158,0.0,0.0,51.0,0.6447534766118831,0.013570092606232795,0.1568627450980392,0.0,0,8,12,38,,33,32,51,5.600000000000002,0.07079646017699111,6.000000000000003,0.07585335018963334,28,30,36
20,A,reachability,0.15,0.0,,,,,,,,,,,,,,,,,,,,,,,,,,,,,,,,,,,,,,,,,,,,,
21,A,all_agents,,,40,28,10,2,28,0,0.2711993538238302,0.19810193173027452,0.8118953512891722,0.027654026079253453,168,30,0.75,34,2.7058823529411766,1.2352941176470589,31.15,752,,,,,,,,,,,,,,,,,,,,,,,,,,,
21,A,participants_only,,,30,28,0,2,28,0,0.303900148127602,0.2289285377096089,0.8118953512891722,0.030235491468537157,168,30,1.0,34,2.7058823529411766,1.2352941176470589,24.866666666666667,752,,,,,,,,,,,,,,,,,,,,,,,,,,,
21,A,nonparticipants_only,,,10,0,10,0,0,0,0.17309697091251466,0.14687138915994807,0.45902824040689166,0.0070775265342311764,0,0,0.0,0,0.0,0.0,50.0,0,,,,,,,,,,,,,,,,,,,,,,,,,,,
21,A,step_totals,,,,,,,,,,,,,,,,,,,,,83.50000000000009,,,18.5,0.22155688622754469,0.0,0.0,54.0,0.6467065868263466,0.013618606701462947,0.16666666666666666,0.0,0,9,15,26,,37,36,54,5.000000000000002,0.05988023952095804,6.000000000000003,0.07185628742514966,25,30,45
22,A,all_agents,,,40,29,10,1,29,0,0.2751960898417858,0.1987683685830705,0.8194195372376053,0.028928297940276557,173,30,0.75,34,2.7058823529411766,1.2352941176470589,31.225,795,,,,,,,,,,,,,,,,,,,,,,,,,,,
22,A,participants_only,,,30,29,0,1,29,0,0.30899595658815954,0.22778389502106083,0.8194195372376053,0.03171511756185664,173,30,1.0,34,2.7058823529411766,1.2352941176470589,24.966666666666665,795,,,,,,,,,,,,,,,,,,,,,,,,,,,
22,A,nonparticipants_only,,,10,0,10,0,0,0,0.17379648960266444,0.14818351292477727,0.4567330992048572,0.006858667170664826,0,0,0.0,0,0.0,0.0,50.0,0,,,,,,,,,,,,,,,,,,,,,,,,,,,
22,A,step_totals,,,,,,,,,,,,,,,,,,,,,78.90000000000009,,,16.5,0.20912547528517086,0.0,0.0,51.0,0.6463878326996191,0.014396523253229059,0.09803921568627451,0.0,0,5,13,37,,33,31,51,5.400000000000002,0.06844106463878322,6.000000000000003,0.0760456273764258,27,30,35
23,A,all_agents,,,40,29,10,1,29,0,0.27928924249620185,0.2016175558101686,0.8266427557481011,0.03013220538304448,181,30,0.75,34,2.7058823529411766,1.2352941176470589,31.15,837,,,,,,,,,,,,,,,,,,,,,,,,,,,
23,A,participants_only,,,30,29,0,1,29,0,0.31422262043621413,0.22877472904642004,0.8266427557481011,0.03307733956453446,181,30,1.0,34,2.7058823529411766,1.2352941176470589,24.866666666666667,837,,,,,,,,,,,,,,,,,,,,,,,,,,,
23,A,nonparticipants_only,,,10,0,10,0,0,0,0.17448910867616493,0.15227603088354125,0.45444943370883295,0.006652712106977681,0,0,0.0,0,0.0,0.0,50.0,0,,,,,,,,,,,,,,,,,,,,,,,,,,,
23,A,step_totals,,,,,,,,,,,,,,,,,,,,,83.70000000000009,,,18.5,0.221027479091995,0.0,0.0,54.0,0.64516129032258,0.013734693954361091,0.14814814814814814,0.0,0,8,14,26,,37,36,54,5.200000000000002,0.06212664277180402,6.000000000000003,0.07168458781362003,26,30,45
24,A,all_agents,,,40,30,10,0,30,0,0.28304363631362167,0.2038423276191146,0.833577045518177,0.03137274882232245,187,30,0.75,34,2.7058823529411766,1.2352941176470589,31.225,879,,,,,,,,,,,,,,,,,,,,,,,,,,,
24,A,participants_only,,,30,30,0,0,30,0,0.31899922546610987,0.23026579735958225,0.833577045518177,0.034508449114267835,187,30,1.0,34,2.7058823529411766,1.2352941176470589,24.966666666666665,879,,,,,,,,,,,,,,,,,,,,,,,,,,,
24,A,nonparticipants_only,,,10,0,10,0,0,0,0.17517686885615716,0.15375330124513858,0.45217718654028877,0.006451995250855985,0,0,0.0,0,0.0,0.0,50.0,0,,,,,,,,,,,,,,,,,,,,,,,,,,,
24,A,step_totals,,,,,,,,,,,,,,,,,,,,,78.70000000000009,,,16.5,0.20965692503176597,0.0,0.0,51.0,0.6480304955527312,0.013724778761319887,0.11764705882352941,0.0,0,6,14,36,,33,31,51,5.200000000000002,0.0660736975857687,6.000000000000003,0.07623888182973311,26,30,35
25,A,all_agents,,,40,30,10,0,30,0,0.2867976604591364,0.20686947917249862,0.84023396369745,0.03259626599887234,189,30,0.75,34,2.7058823529411766,1.2352941176470589,31.15,920,,,,,,,,,,,,,,,,,,,,,,,,,,,
25,A,participants_only,,,30,30,0,0,30,0,0.32377702145395504,0.23836632806428915,0.84023396369745,0.03590602880357214,189,30,1.0,34,2.7058823529411766,1.2352941176470589,24.866666666666667,920,,,,,,,,,,,,,,,,,,,,,,,,,,,
25,A,nonparticipants_only,,,10,0,10,0,0,0,0.1758595774746804,0.15523832855951908,0.4499163006075873,0.006257299909751537,0,0,0.0,0,0.0,0.0,50.0,0,,,,,,,,,,,,,,,,,,,,,,,,,,,
25,A,step_totals,,,,,,,,,,,,,,,,,,,,,83.20000000000009,,,18.0,0.2163461538461536,0.0,0.0,54.0,0.6490384615384609,0.012876639428386825,0.037037037037037035,0.0,0,2,14,26,,36,36,54,5.200000000000002,0.06249999999999996,6.000000000000003,0.07211538461538457,26,30,45
26,A,all_agents,,,40,30,10,0,30,0,0.28994487466034324,0.2085682171153474,0.846624605149552,0.03376584880817641,197,30,0.75,34,2.7058823529411766,1.2352941176470589,31.225,957,,,,,,,,,,,,,,,,,,,,,,,,,,,
26,A,participants_only,,,30,30,0,0,30,0,0.3277475143656395,0.239795046000084,0.846624605149552,0.03728173111707695,197,30,1.0,34,2.7058823529411766,1.2352941176470589,24.966666666666665,957,,,,,,,,,,,,,,,,,,,,,,,,,,,
26,A,nonparticipants_only,,,10,0,10,0,0,0,0.1765369555444544,0.15785888960923067,0.44766671910454936,0.006069727057213479,0,0,0.0,0,0.0,0.0,50.0,0,,,,,,,,,,,,,,,,,,,,,,,,,,,
26,A,step_totals,,,,,,,,,,,,,,,,,,,,,78.20000000000007,,,16.0,0.20460358056265965,0.0,0.0,51.0,0.6521739130434776,0.011991501489004018,0.1568627450980392,0.0,0,8,14,35,,32,30,51,5.200000000000002,0.06649616368286441,6.000000000000003,0.0767263427109974,26,30,33
27,A,all_agents,,,40,30,10,0,29,1,0.2932591430563964,0.2102389009503911,0.8527596209435698,0.03496539217238012,202,30,0.75,34,2.7058823529411766,1.2352941176470589,31.15,995,,,,,,,,,,,,,,,,,,,,,,,,,,,
27,A,participants_only,,,30,30,0,0,29,1,0.331942643316266,0.2422321787329326,0.8527596209435698,0.03867134765807953,202,30,1.0,34,2.7058823529411766,1.2352941176470589,24.866666666666667,995,,,,,,,,,,,,,,,,,,,,,,,,,,,
27,A,nonparticipants_only,,,10,0,10,0,0,0,0.1772086422767876,0.1597450314753358,0.44542838550902664,0.005890567407017922,0,0,0.0,0,0.0,0.0,50.0,0,,,,,,,,,,,,,,,,,,,,,,,,,,,
27,A,step_totals,,,,,,,,,,,,,,,,,,,,,83.00000000000009,,,18.0,0.21686746987951785,0.0,0.0,54.0,0.6506024096385535,0.011657389426229951,0.09259259259259259,0.0,0,5,15,25,,36,36,54,5.000000000000002,0.060240963855421645,6.000000000000003,0.07228915662650598,25,30,45
28,A,all_agents,,,40,30,10,0,29,1,0.2964185751360943,0.21026594444533558,0.858649236105827,0.036165726902871384,207,30,0.75,34,2.7058823529411766,1.2352941176470589,31.225,1035,,,,,,,,,,,,,,,,,,,,,,,,,,,
28,A,participants_only,,,30,30,0,0,29,1,0.3359328621530551,0.24302782237811307,0.858649236105827,0.04007015835886173,207,30,1.0,34,2.7058823529411766,1.2352941176470589,24.966666666666665,1035,,,,,,,,,,,,,,,,,,,,,,,,,,,
28,A,nonparticipants_only,,,10,0,10,0,0,0,0.1778757140852119,0.16108462456930753,0.4432012435814815,0.005715885993395256,0,0,0.0,0,0.0,0.0,50.0,0,,,,,,,,,,,,,,,,,,,,,,,,,,,
28,A,step_totals,,,,,,,,,,,,,,,,,,,,,77.70000000000007,,,15.5,0.1994851994851993,0.0,0.0,51.0,0.6563706563706557,0.012144711153481012,0.09803921568627451,0.0,0,5,14,35,,31,30,51,5.200000000000002,0.06692406692406688,6.000000000000003,0.07722007722007718,26,30,33
29,A,all_agents,,,40,30,10,0,28,2,0.2994605302837143,0.21320176763070703,0.864303266661594,0.03732500387740378,217,30,0.75,34,2.7058823529411766,1.2352941176470589,31.15,1072,,,,,,,,,,,,,,,,,,,,,,,,,,,
29,A,participants_only,,,30,30,0,0,28,2,0.3397682403858312,0.2430737728827505,0.864303266661594,0.04141829056923596,217,30,1.0,34,2.7058823529411766,1.2352941176470589,24.866666666666667,1072,,,,,,,,,,,,,,,,,,,,,,,,,,,
29,A,nonparticipants_only,,,10,0,10,0,0,0,0.1785373999773633,0.16174212782902997,0.4409852373635741,0.005548605877791582,0,0,0.0,0,0.0,0.0,50.0,0,,,,,,,,,,,,,,,,,,,,,,,,,,,
29,A,step_totals,,,,,,,,,,,,,,,,,,,,,82.30000000000008,,,17.5,0.2126366950182258,0.0,0.0,54.0,0.656136087484811,0.010997068549557171,0.18518518518518517,0.0,0,10,16,25,,35,35,54,4.800000000000002,0.05832320777642767,6.000000000000003,0.07290400972053458,24,30,44
30,A,all_agents,,,40,30,10,0,27,3,0.3028687435376961,0.21505684521057608,0.8697311359951302,0.038483595428272795,224,30,0.75,34,2.7058823529411766,1.2352941176470589,31.225,1117,,,,,,,,,,,,,,,,,,,,,,,,,,,
30,A,participants_only,,,30,30,0,0,27,3,0.34409347708720717,0.24200075419854425,0.8697311359951302,0.04271833468504696,224,30,1.0,34,2.7058823529411766,1.2352941176470589,24.966666666666665,1117,,,,,,,,,,,,,,,,,,,,,,,,,,,
30,A,nonparticipants_only,,,10,0,10,0,0,0,0.17919454288916276,0.1627440471718692,0.4387803111767562,0.005385633783212077,0,0,0.0,0,0.0,0.0,50.0,0,,,,,,,,,,,,,,,,,,,,,,,,,,,
30,A,step_totals,,,,,,,,,,,,,,,,,,,,,77.70000000000009,,,15.5,0.19948519948519927,0.0,0.0,51.0,0.6563706563706556,0.012935725002699672,0.13725490196078433,0.0,0,7,14,35,,31,29,51,5.200000000000002,0.06692406692406687,6.000000000000003,0.07722007722007716,26,30,33
30,A,reachability,0.15,0.0,,,,,,,,,,,,,,,,,,,,,,,,,,,,,,,,,,,,,,,,,,,,,
31,A,all_agents,,,40,30,10,0,26,4,0.306093028662544,0.2165469326507803,0.874941890555325,0.03963404929901778,230,30,0.75,34,2.7058823529411766,1.2352941176470589,31.15,1158,,,,,,,,,,,,,,,,,,,,,,,,,,,
31,A,participants_only,,,30,30,0,0,26,4,0.3481751996322488,0.24653697035985195,0.874941890555325,0.044018656309006844,230,30,1.0,34,2.7058823529411766,1.2352941176470589,24.866666666666667,1158,,,,,,,,,,,,,,,,,,,,,,,,,,,
31,A,nonparticipants_only,,,10,0,10,0,0,0,0.17984651575342966,0.1641271491323999,0.4365864096208724,0.005229318906769026,0,0,0.0,0,0.0,0.0,50.0,0,,,,,,,,,,,,,,,,,,,,,,,,,,,
31,A,step_totals,,,,,,,,,,,,,,,,,,,,,82.3000000000001,,,17.5,0.21263669501822574,0.0,0.0,54.0,0.6561360874848109,0.011558738821774231,0.1111111111111111,0.0,0,6,16,25,,35,35,54,4.800000000000002,0.05832320777642765,6.000000000000003,0.07290400972053458,24,30,44
32,A,all_agents,,,40,30,10,0,26,4,0.3091662881532938,0.21836759141051898,0.879944214933112,0.04085283462714115,238,30,0.75,34,2.7058823529411766,1.2352941176470589,31.225,1202,,,,,,,,,,,,,,,,,,,,,,,,,,,
32,A,participants_only,,,30,30,0,0,26,4,0.35205707477409043,0.2483056876748839,0.879944214933112,0.04541948783003065,238,30,1.0,34,2.7058823529411766,1.2352941176470589,24.966666666666665,1202,,,,,,,,,,,,,,,,,,,,,,,,,,,
32,A,nonparticipants_only,,,10,0,10,0,0,0,0.18049392829090405,0.16488377207459654,0.43440347757276804,0.005077440095064209,0,0,0.0,0,0.0,0.0,50.0,0,,,,,,,,,,,,,,,,,,,,,,,,,,,
32,A,step_totals,,,,,,,,,,,,,,,,,,,,,77.90000000000009,,,15.5,0.19897304236200233,0.0,0.0,51.0,0.6546854942233625,0.011899347412499484,0.1568627450980392,0.0,0,8,13,36,,31,30,51,5.400000000000002,0.06931964056482665,6.000000000000003,0.0770218228498074,27,30,33
33,A,all_agents,,,40,30,10,0,25,5,0.3121644288196782,0.22129776793594186,0.8847464463357876,0.04199689504551523,247,30,0.75,34,2.7058823529411766,1.2352941176470589,31.15,1243,,,,,,,,,,,,,,,,,,,,,,,,,,,
33,A,participants_only,,,30,30,0,0,25,5,0.35584027920039996,0.24963108325366837,0.8847464463357876,0.04672230753127412,247,30,1.0,34,2.7058823529411766,1.2352941176470589,24.866666666666667,1243,,,,,,,,,,,,,,,,,,,,,,,,,,,
33,A,nonparticipants_only,,,10,0,10,0,0,0,0.18113687767751277,0.16618364356167264,0.4322314601849042,0.004929698710488182,0,0,0.0,0,0.0,0.0,50.0,0,,,,,,,,,,,,,,,,,,,,,,,,,,,
33,A,step_totals,,,,,,,,,,,,,,,,,,,,,82.00000000000009,,,17.0,0.2073170731707315,0.0,0.0,54.0,0.658536585365853,0.010976353765360995,0.16666666666666666,0.0,0,9,15,25,,34,34,54,5.000000000000002,0.06097560975609752,6.000000000000003,0.07317073170731703,25,30,43
34,A,all_agents,,,40,30,10,0,25,5,0.3150895412288505,0.22216813322761286,0.8893565884823561,0.043163314025983494,251,30,0.75,34,2.7058823529411766,1.2352941176470589,31.225,1287,,,,,,,,,,,,,,,,,,,,,,,,,,,
34,A,participants_only,,,30,30,0,0,25,5,0.35952760879849605,0.25174853883769366,0.8893565884823561,0.04805668853315981,251,30,1.0,34,2.7058823529411766,1.2352941176470589,24.966666666666665,1287,,,,,,,,,,,,,,,,,,,,,,,,,,,
34,A,nonparticipants_only,,,10,0,10,0,0,0,0.1817753385199141,0.1666884887385584,0.4300703028839797,0.004786288312562018,0,0,0.0,0,0.0,0.0,50.0,0,,,,,,,,,,,,,,,,,,,,,,,,,,,
34,A,step_totals,,,,,,,,,,,,,,,,,,,,,77.90000000000009,,,15.5,0.19897304236200233,0.0,0.0,51.0,0.6546854942233625,0.011467699221624172,0.0784313725490196,0.0,0,4,13,36,,31,30,51,5.400000000000002,0.06931964056482665,6.000000000000003,0.0770218228498074,27,30,33
35,A,all_agents,,,40,30,10,0,25,5,0.3178040742990916,0.2245964291021894,0.8937823249430619,0.044170990162791225,255,30,0.75,34,2.7058823529411766,1.2352941176470589,31.15,1325,,,,,,,,,,,,,,,,,,,,,,,,,,,
35,A,participants_only,,,30,30,0,0,25,5,0.36293595572127635,0.25378938205855234,0.8937823249430619,0.04919696625877222,255,30,1.0,34,2.7058823529411766,1.2352941176470589,24.866666666666667,1325,,,,,,,,,,,,,,,,,,,,,,,,,,,
35,A,nonparticipants_only,,,10,0,10,0,0,0,0.1824084300325372,0.16715364573295072,0.4279199513695598,0.004650421226374456,0,0,0.0,0,0.0,0.0,50.0,0,,,,,,,,,,,,,,,,,,,,,,,,,,,
35,A,step_totals,,,,,,,,,,,,,,,,,,,,,81.60000000000008,,,17.0,0.20833333333333312,0.0,0.0,54.0,0.6617647058823523,0.010221970199451568,0.07407407407407407,0.0,0,4,17,25,,34,34,54,4.600000000000001,0.0563725490196078,6.000000000000003,0.07352941176470584,23,30,43
36,A,all_agents,,,40,30,10,0,25,5,0.32049608680863545,0.2269838063584611,0.8980310319453394,0.04526216829109828,262,30,0.75,34,2.7058823529411766,1.2352941176470589,31.225,1367,,,,,,,,,,,,,,,,,,,,,,,,,,,
36,A,participants_only,,,30,30,0,0,25,5,0.36631563851384774,0.2579598981820702,0.8980310319453394,0.05044602126758665,262,30,1.0,34,2.7058823529411766,1.2352941176470589,24.966666666666665,1367,,,,,,,,,,,,,,,,,,,,,,,,,,,
36,A,nonparticipants_only,,,10,0,10,0,0,0,0.18303743169299855,0.16829348665824975,0.425780351612712,0.004517433540033722,0,0,0.0,0,0.0,0.0,50.0,0,,,,,,,,,,,,,,,,,,,,,,,,,,,
36,A,step_totals,,,,,,,,,,,,,,,,,,,,,77.70000000000007,,,15.5,0.1994851994851993,0.0,0.0,51.0,0.6563706563706557,0.01080053983969695,0.13725490196078433,0.0,0,7,14,35,,31,29,51,5.200000000000002,0.06692406692406688,6.000000000000003,0.07722007722007718,26,30,32
37,A,all_agents,,,40,30,10,0,25,5,0.32306059311375696,0.22803189273567048,0.9021097906675258,0.04620339758148092,270,30,0.75,34,2.7058823529411766,1.2352941176470589,31.15,1404,,,,,,,,,,,,,,,,,,,,,,,,,,,
37,A,participants_only,,,30,30,0,0,25,5,0.3695266721796906,0.26095422922117983,0.9021097906675258,0.05150568101318507,270,30,1.0,34,2.7058823529411766,1.2352941176470589,24.866666666666667,1404,,,,,,,,,,,,,,,,,,,,,,,,,,,
37,A,nonparticipants_only,,,10,0,10,0,0,0,0.1836623559159559,0.16936491914183172,0.4236514498546484,0.004387389241229283,0,0,0.0,0,0.0,0.0,50.0,0,,,,,,,,,,,,,,,,,,,,,,,,,,,
37,A,step_totals,,,,,,,,,,,,,,,,,,,,,81.40000000000006,,,17.0,0.20884520884520869,0.0,0.0,54.0,0.6633906633906629,0.00982888693937109,0.14814814814814814,0.0,0,8,18,25,,34,34,54,4.400000000000001,0.05405405405405403,6.000000000000003,0.07371007371007368,22,30,43
38,A,all_agents,,,40,30,10,0,23,7,0.32562961862228806,0.22983101061820177,0.9060253990408248,0.04730059647827876,277,30,0.75,34,2.7058823529411766,1.2352941176470589,31.225,1447,,,,,,,,,,,,,,,,,,,,,,,,,,,
38,A,participants_only,,,30,30,0,0,23,7,0.37274513104907797,0.2613190708004195,0.9060253990408248,0.05276773696292677,277,30,1.0,34,2.7058823529411766,1.2352941176470589,24.966666666666665,1447,,,,,,,,,,,,,,,,,,,,,,,,,,,
38,A,nonparticipants_only,,,10,0,10,0,0,0,0.18428308134191848,0.16977210113453317,0.4215331926053752,0.004260716889466821,0,0,0.0,0,0.0,0.0,50.0,0,,,,,,,,,,,,,,,,,,,,,,,,,,,
38,A,step_totals,,,,,,,,,,,,,,,,,,,,,77.20000000000006,,,15.0,0.19430051813471488,0.0,0.0,51.0,0.6606217616580305,0.010528289086381004,0.13725490196078433,0.0,0,7,14,35,,30,29,51,5.200000000000002,0.06735751295336785,6.000000000000003,0.07772020725388598,26,30,32
39,A,all_agents,,,40,30,10,0,20,10,0.3283896973310142,0.23078339658796854,0.9097843830791918,0.048317303187645363,283,30,0.75,34,2.7058823529411766,1.2352941176470589,31.15,1490,,,,,,,,,,,,,,,,,,,,,,,,,,,
39,A,participants_only,,,30,30,0,0,20,10,0.376220101042033,0.2602913971986671,0.9097843830791918,0.053891546309253524,283,30,1.0,34,2.7058823529411766,1.2352941176470589,24.866666666666667,1490,,,,,,,,,,,,,,,,,,,,,,,,,,,
39,A,nonparticipants_only,,,10,0,10,0,0,0,0.18489848619795782,0.17027580913916862,0.41942552664234833,0.004141603592912383,0,0,0.0,0,0.0,0.0,50.0,0,,,,,,,,,,,,,,,,,,,,,,,,,,,
39,A,step_totals,,,,,,,,,,,,,,,,,,,,,81.40000000000006,,,17.0,0.20884520884520869,0.0,0.0,54.0,0.6633906633906629,0.010429499340336445,0.1111111111111111,0.0,0,6,18,25,,34,34,54,4.400000000000001,0.05405405405405403,6.000000000000003,0.07371007371007368,22,30,43
40,A,all_agents,,,40,30,10,0,20,10,0.3307303521234919,0.23127077776640742,0.9133930077560242,0.04936833075051734,294,30,0.75,34,2.7058823529411766,1.2352941176470589,31.225,1533,,,,,,,,,,,,,,,,,,,,,,,,,,,
40,A,participants_only,,,30,30,0,0,20,10,0.3791372494279766,0.26215279794069946,0.9133930077560242,0.05510948774004934,294,30,1.0,34,2.7058823529411766,1.2352941176470589,24.966666666666665,1533,,,,,,,,,,,,,,,,,,,,,,,,,,,
40,A,nonparticipants_only,,,10,0,10,0,0,0,0.1855096602100378,0.1707632352721533,0.4173283990091366,0.004026127302158198,0,0,0.0,0,0.0,0.0,50.0,0,,,,,,,,,,,,,,,,,,,,,,,,,,,
40,A,step_totals,,,,,,,,,,,,,,,,,,,,,76.20000000000007,,,14.0,0.18372703412073474,0.0,0.0,51.0,0.6692913385826765,0.010001732469693575,0.21568627450980393,0.0,0,11,14,35,,28,29,51,5.200000000000002,0.06824146981627292,6.000000000000003,0.07874015748031492,26,30,32
40,A,reachability,0.15,0.0,,,,,,,,,,,,,,,,,,,,,,,,,,,,,,,,,,,,,,,,,,,,,
41,A,all_agents,,,40,30,10,0,20,10,0.3333576717897006,0.2315863585256671,0.9168572874457832,0.050359666598323374,298,30,0.75,34,2.7058823529411766,1.2352941176470589,31.15,1576,,,,,,,,,,,,,,,,,,,,,,,,,,,
41,A,participants_only,,,30,30,0,0,20,10,0.38243786392153,0.2608420339509959,0.9168572874457832,0.05620659810783871,298,30,1.0,34,2.7058823529411766,1.2352941176470589,24.866666666666667,1576,,,,,,,,,,,,,,,,,,,,,,,,,,,
41,A,nonparticipants_only,,,10,0,10,0,0,0,0.1861170953942123,0.17125756609966253,0.41524175701409094,0.003912488953409885,0,0,0.0,0,0.0,0.0,50.0,0,,,,,,,,,,,,,,,,,,,,,,,,,,,
41,A,step_totals,,,,,,,,,,,,,,,,,,,,,81.10000000000007,,,16.5,0.20345252774352635,0.0,0.0,54.0,0.6658446362515408,0.01010815606871764,0.07407407407407407,0.0,0,4,17,25,,33,34,54,4.600000000000001,0.05672009864364979,6.000000000000003,0.07398273736128234,23,30,43
42,A,all_agents,,,40,30,10,0,20,10,0.33554656950068,0.2336366831564932,0.9201829959479518,0.051342054741426855,301,30,0.75,34,2.7058823529411766,1.2352941176470589,31.225,1618,,,,,,,,,,,,,,,,,,,,,,,,,,,
42,A,participants_only,,,30,30,0,0,20,10,0.3851552598759799,0.2595378237812409,0.9201829959479518,0.05734471140391699,301,30,1.0,34,2.7058823529411766,1.2352941176470589,24.966666666666665,1618,,,,,,,,,,,,,,,,,,,,,,,,,,,
42,A,nonparticipants_only,,,10,0,10,0,0,0,0.18672049837478014,0.17233322526709863,0.41316554822902046,0.0038018188249279235,0,0,0.0,0,0.0,0.0,50.0,0,,,,,,,,,,,,,,,,,,,,,,,,,,,
42,A,step_totals,,,,,,,,,,,,,,,,,,,,,75.70000000000007,,,13.5,0.17833553500660485,0.0,0.0,51.0,0.6737120211360628,0.00962713963146476,0.058823529411764705,0.0,0,3,14,34,,27,29,51,5.200000000000002,0.06869220607661819,6.000000000000003,0.0792602377807133,26,30,32
43,A,all_agents,,,40,30,10,0,20,10,0.33831147350153407,0.23440929222452817,0.9233756761100338,0.05229318386080526,306,30,0.75,34,2.7058823529411766,1.2352941176470589,31.15,1665,,,,,,,,,,,,,,,,,,,,,,,,,,,
43,A,participants_only,,,30,30,0,0,20,10,0.3886423366718376,0.2699889259867817,0.9233756761100338,0.058358870566915896,306,30,1.0,34,2.7058823529411766,1.2352941176470589,24.866666666666667,1665,,,,,,,,,,,,,,,,,,,,,,,,,,,
43,A,nonparticipants_only,,,10,0,10,0,0,0,0.18731888399062344,0.17180000027025993,0.41109972048787535,0.0036977742928595266,0,0,0.0,0,0.0,0.0,50.0,0,,,,,,,,,,,,,,,,,,,,,,,,,,,
43,A,step_totals,,,,,,,,,,,,,,,,,,,,,80.60000000000008,,,16.0,0.19851116625310153,0.0,0.0,54.0,0.6699751861042177,0.01061926773008026,0.09259259259259259,0.0,0,5,17,24,,32,34,54,4.600000000000001,0.05707196029776671,6.000000000000003,0.0744416873449131,23,30,43
44,A,all_agents,,,40,30,10,0,20,10,0.34025626668106396,0.23541634154940258,0.9264406490656324,0.053264682977093185,312,30,0.75,34,2.7058823529411766,1.2352941176470589,31.225,1706,,,,,,,,,,,,,,,,,,,,,,,,,,,
44,A,participants_only,,,30,30,0,0,20,10,0.3910373685218119,0.26863898135684783,0.9264406490656324,0.059505419571452486,312,30,1.0,34,2.7058823529411766,1.2352941176470589,24.966666666666665,1706,,,,,,,,,,,,,,,,,,,,,,,,,,,
44,A,nonparticipants_only,,,10,0,10,0,0,0,0.18791296115881986,0.1718738249795395,0.409044221885436,0.003597829544090208,0,0,0.0,0,0.0,0.0,50.0,0,,,,,,,,,,,,,,,,,,,,,,,,,,,
44,A,step_totals,,,,,,,,,,,,,,,,,,,,,75.70000000000009,,,13.5,0.17833553500660482,0.0,0.0,51.0,0.6737120211360627,0.008882614682011722,0.11764705882352941,0.0,0,6,14,33,,27,29,51,5.200000000000002,0.06869220607661818,6.000000000000003,0.07926023778071328,26,30,32
45,A,all_agents,,,40,30,10,0,20,10,0.34254981278285873,0.23436768923490872,0.9271762425749761,0.05416274124584504,316,30,0.75,34,2.7058823529411766,1.2352941176470589,31.15,1748,,,,,,,,,,,,,,,,,,,,,,,,,,,
45,A,participants_only,,,30,30,0,0,20,10,0.39389864052711193,0.27163048200146644,0.9271762425749761,0.06050357724574418,316,30,1.0,34,2.7058823529411766,1.2352941176470589,24.866666666666667,1748,,,,,,,,,,,,,,,,,,,,,,,,,,,
45,A,nonparticipants_only,,,10,0,10,0,0,0,0.18850332955009927,0.17144108006956582,0.4069990007760088,0.003499807917639814,0,0,0.0,0,0.0,0.0,50.0,0,,,,,,,,,,,,,,,,,,,,,,,,,,,
45,A,step_totals,,,,,,,,,,,,,,,,,,,,,80.10000000000008,,,15.5,0.19350811485642927,0.0,0.0,54.0,0.6741573033707858,0.009307168451143969,0.07407407407407407,0.0,0,4,17,24,,31,33,54,4.600000000000001,0.05742821473158548,6.000000000000003,0.07490636704119846,23,30,42
46,A,all_agents,,,40,30,10,0,20,10,0.34464864917883614,0.2342037642863069,0.9300891928719771,0.055112366107245285,319,30,0.75,34,2.7058823529411766,1.2352941176470589,31.225,1793,,,,,,,,,,,,,,,,,,,,,,,,,,,
46,A,participants_only,,,30,30,0,0,20,10,0.3965013604059168,0.27027232959145914,0.9300891928719771,0.06159438901338329,319,30,1.0,34,2.7058823529411766,1.2352941176470589,24.966666666666665,1793,,,,,,,,,,,,,,,,,,,,,,,,,,,
46,A,nonparticipants_only,,,10,0,10,0,0,0,0.18909051549759387,0.17150087993208174,0.40496400577212877,0.003401853449642992,0,0,0.0,0,0.0,0.0,50.0,0,,,,,,,,,,,,,,,,,,,,,,,,,,,
46,A,step_totals,,,,,,,,,,,,,,,,,,,,,75.70000000000007,,,13.5,0.17833553500660485,0.0,0.0,51.0,0.6737120211360628,0.009394726090281894,0.058823529411764705,0.0,0,3,14,33,,27,29,51,5.200000000000002,0.06869220607661819,6.000000000000003,0.0792602377807133,26,30,32
47,A,all_agents,,,40,30,10,0,20,10,0.34697424444522273,0.23411121328685353,0.932885625157098,0.05600351651761049,326,30,0.75,34,2.7058823529411766,1.2352941176470589,31.15,1837,,,,,,,,,,,,,,,,,,,,,,,,,,,
47,A,participants_only,,,30,30,0,0,20,10,0.3994081118430225,0.2705549833969344,0.932885625157098,0.06257049610676806,326,30,1.0,34,2.7058823529411766,1.2352941176470589,24.866666666666667,1837,,,,,,,,,,,,,,,,,,,,,,,,,,,
47,A,nonparticipants_only,,,10,0,10,0,0,0,0.1896726422518234,0.17254254018634374,0.40293918574326815,0.003310852346657181,0,0,0.0,0,0.0,0.0,50.0,0,,,,,,,,,,,,,,,,,,,,,,,,,,,
47,A,step_totals,,,,,,,,,,,,,,,,,,,,,79.60000000000008,,,15.0,0.1884422110552762,0.0,0.0,54.0,0.6783919597989942,0.009499128065523027,0.12962962962962962,0.0,0,7,17,24,,30,33,54,4.600000000000001,0.05778894472361805,6.000000000000003,0.0753768844221105,23,30,42
48,A,all_agents,,,40,30,10,0,20,10,0.3486652752927914,0.2373181142154831,0.9355702001508142,0.05683302056501405,333,30,0.75,34,2.7058823529411766,1.2352941176470589,31.225,1877,,,,,,,,,,,,,,,,,,,,,,,,,,,
48,A,participants_only,,,30,30,0,0,20,10,0.4014701174983376,0.27100719234744924,0.9355702001508142,0.0635495897504071,333,30,1.0,34,2.7058823529411766,1.2352941176470589,24.966666666666665,1877,,,,,,,,,,,,,,,,,,,,,,,,,,,
48,A,nonparticipants_only,,,10,0,10,0,0,0,0.1902507486761526,0.1739906414976008,0.4009244898145518,0.0032230966846032096,0,0,0.0,0,0.0,0.0,50.0,0,,,,,,,,,,,,,,,,,,,,,,,,,,,
48,A,step_totals,,,,,,,,,,,,,,,,,,,,,75.70000000000009,,,13.5,0.17833553500660482,0.0,0.0,51.0,0.6737120211360627,0.00812643487084642,0.13725490196078433,0.0,0,7,14,33,,27,29,51,5.200000000000002,0.06869220607661818,6.000000000000003,0.07926023778071328,26,30,32
49,A,all_agents,,,40,30,10,0,20,10,0.3508663595534109,0.2372706855532517,0.936214498149306,0.057697231237396916,339,30,0.75,34,2.7058823529411766,1.2352941176470589,31.15,1921,,,,,,,,,,,,,,,,,,,,,,,,,,,
49,A,participants_only,,,30,30,0,0,20,10,0.404213409598257,0.2706305831511019,0.936214498149306,0.06450025259906783,339,30,1.0,34,2.7058823529411766,1.2352941176470589,24.866666666666667,1921,,,,,,,,,,,,,,,,,,,,,,,,,,,
49,A,nonparticipants_only,,,10,0,10,0,0,0,0.19082520941887238,0.17478562084182087,0.3989198673654791,0.003137274170536325,0,0,0.0,0,0.0,0.0,50.0,0,,,,,,,,,,,,,,,,,,,,,,,,,,,
49,A,step_totals,,,,,,,,,,,,,,,,,,,,,78.70000000000007,,,14.5,0.18424396442185498,0.0,0.0,54.0,0.6861499364675978,0.009259661543539651,0.1111111111111111,0.0,0,6,19,23,,29,33,54,4.200000000000001,0.05336721728081318,6.000000000000003,0.07623888182973312,21,30,42
50,A,all_agents,,,40,30,10,0,20,10,0.35268358730940064,0.23683173980433453,0.9387659182233338,0.05857013598736236,341,30,0.75,34,2.7058823529411766,1.2352941176470589,31.225,1965,,,,,,,,,,,,,,,,,,,,,,,,,,,
50,A,participants_only,,,30,30,0,0,20,10,0.4064459805137523,0.2697184160160359,0.9387659182233338,0.06551459431229102,341,30,1.0,34,2.7058823529411766,1.2352941176470589,24.966666666666665,1965,,,,,,,,,,,,,,,,,,,,,,,,,,,
50,A,nonparticipants_only,,,10,0,10,0,0,0,0.19139640769634544,0.17482943857309072,0.3969252680286517,0.0030520219358645298,0,0,0.0,0,0.0,0.0,50.0,0,,,,,,,,,,,,,,,,,,,,,,,,,,,
50,A,step_totals,,,,,,,,,,,,,,,,,,,,,75.70000000000009,,,13.5,0.17833553500660482,0.0,0.0,51.0,0.6737120211360627,0.008553017375567934,0.0392156862745098,0.0,0,2,14,33,,27,29,51,5.200000000000002,0.06869220607661818,6.000000000000003,0.07926023778071328,26,30,32
50,A,reachability,0.15,0.0,,,,,,,,,,,,,,,,,,,,,,,,,,,,,,,,,,,,,,,,,,,,,
51,A,all_agents,,,40,30,10,0,20,10,0.3547962271856003,0.2376748907908639,0.9412152814944004,0.05943364435600236,346,30,0.75,34,2.7058823529411766,1.2352941176470589,31.15,2011,,,,,,,,,,,,,,,,,,,,,,,,,,,
51,A,participants_only,,,30,30,0,0,20,10,0.4090738664812019,0.27197168489848955,0.9412152814944004,0.06647023941336722,346,30,1.0,34,2.7058823529411766,1.2352941176470589,24.866666666666667,2011,,,,,,,,,,,,,,,,,,,,,,,,,,,
51,A,nonparticipants_only,,,10,0,10,0,0,0,0.19196330929879535,0.17538788570149993,0.39494064168850845,0.002971113653866514,0,0,0.0,0,0.0,0.0,50.0,0,,,,,,,,,,,,,,,,,,,,,,,,,,,
51,A,step_totals,,,,,,,,,,,,,,,,,,,,,78.20000000000007,,,14.0,0.1790281329923272,0.0,0.0,54.0,0.6905370843989763,0.009076889577786174,0.09259259259259259,0.0,0,5,19,21,,28,32,54,4.200000000000001,0.05370843989769817,6.000000000000003,0.0767263427109974,21,30,42
52,A,all_agents,,,40,30,10,0,20,10,0.3566474631648528,0.2382350390308789,0.9435666702346244,0.06025706048867959,352,30,0.75,34,2.7058823529411766,1.2352941176470589,31.225,2057,,,,,,,,,,,,,,,,,,,,,,,,,,,
52,A,participants_only,,,30,30,0,0,20,10,0.411354528766484,0.2747194501020435,0.9435666702346244,0.06740682811183955,352,30,1.0,34,2.7058823529411766,1.2352941176470589,24.966666666666665,2057,,,,,,,,,,,,,,,,,,,,,,,,,,,
52,A,nonparticipants_only,,,10,0,10,0,0,0,0.192526266359959,0.17924591612766724,0.3929659384800659,0.002893401298305472,0,0,0.0,0,0.0,0.0,50.0,0,,,,,,,,,,,,,,,,,,,,,,,,,,,
52,A,step_totals,,,,,,,,,,,,,,,,,,,,,75.20000000000006,,,13.0,0.1728723404255318,0.0,0.0,51.0,0.6781914893617016,0.008757441730931832,0.11764705882352941,0.0,0,6,15,33,,26,29,51,5.200000000000002,0.06914893617021274,6.000000000000003,0.07978723404255317,26,30,32
53,A,all_agents,,,40,30,10,0,20,10,0.3584528982595916,0.2383443317733932,0.9458240034252394,0.06108528248869726,358,30,0.75,34,2.7058823529411766,1.2352941176470589,31.15,2101,,,,,,,,,,,,,,,,,,,,,,,,,,,
53,A,participants_only,,,30,30,0,0,20,10,0.41357532447664136,0.2738030739295852,0.9458240034252394,0.06835389642595424,358,30,1.0,34,2.7058823529411766,1.2352941176470589,24.866666666666667,2101,,,,,,,,,,,,,,,,,,,,,,,,,,,
53,A,nonparticipants_only,,,10,0,10,0,0,0,0.1930856196084422,0.17944926687988444,0.3910011087876656,0.0028176582122771444,0,0,0.0,0,0.0,0.0,50.0,0,,,,,,,,,,,,,,,,,,,,,,,,,,,
53,A,step_totals,,,,,,,,,,,,,,,,,,,,,77.50000000000007,,,13.5,0.1741935483870966,0.0,0.0,54.0,0.6967741935483864,0.008240991598971126,0.1111111111111111,0.0,0,6,20,21,,27,32,54,4.000000000000001,0.05161290322580642,6.000000000000003,0.07741935483870964,20,30,42
54,A,all_agents,,,40,30,10,0,20,10,0.3600034661449024,0.23834927942746226,0.9479910432882298,0.06189748406993348,365,30,0.75,34,2.7058823529411766,1.2352941176470589,31.225,2145,,,,,,,,,,,,,,,,,,,,,,,,,,,
54,A,participants_only,,,30,30,0,0,20,10,0.4154572815347212,0.2796431245395148,0.9479910432882298,0.06931562359567565,365,30,1.0,34,2.7058823529411766,1.2352941176470589,24.966666666666665,2145,,,,,,,,,,,,,,,,,,,,,,,,,,,
54,A,nonparticipants_only,,,10,0,10,0,0,0,0.193642019975446,0.1797587484376026,0.38904610324372724,0.0027415577972496625,0,0,0.0,0,0.0,0.0,50.0,0,,,,,,,,,,,,,,,,,,,,,,,,,,,
54,A,step_totals,,,,,,,,,,,,,,,,,,,,,74.70000000000006,,,12.5,0.16733601070950455,0.0,0.0,51.0,0.6827309236947786,0.007885762452946749,0.13725490196078433,0.0,0,7,16,32,,25,29,51,5.200000000000002,0.06961178045515393,6.000000000000003,0.08032128514056222,26,30,32
55,A,all_agents,,,40,30,10,0,20,10,0.36182316720004304,0.23968470576135473,0.9500714015567007,0.06269526616183255,369,30,0.75,34,2.7058823529411766,1.2352941176470589,31.15,2191,,,,,,,,,,,,,,,,,,,,,,,,,,,
55,A,participants_only,,,30,30,0,0,20,10,0.41769933277784127,0.2782449089168172,0.9500714015567007,0.07021573688274775,369,30,1.0,34,2.7058823529411766,1.2352941176470589,24.866666666666667,2191,,,,,,,,,,,,,,,,,,,,,,,,,,,
55,A,nonparticipants_only,,,10,0,10,0,0,0,0.19419467046664815,0.17963715057230462,0.3871008727275086,0.0026681034429565775,0,0,0.0,0,0.0,0.0,50.0,0,,,,,,,,,,,,,,,,,,,,,,,,,,,
55,A,step_totals,,,,,,,,,,,,,,,,,,,,,76.50000000000006,,,12.5,0.1633986928104574,0.0,0.0,54.0,0.705882352941176,0.008446036988296612,0.07407407407407407,0.0,0,4,21,20,,25,31,54,4.000000000000001,0.05228758169934638,6.000000000000003,0.07843137254901958,20,30,42
56,A,all_agents,,,40,30,10,0,20,10,0.36347078768021873,0.23895914253730322,0.9520685454944326,0.0634599829103806,376,30,0.75,34,2.7058823529411766,1.2352941176470589,31.225,2237,,,,,,,,,,,,,,,,,,,,,,,,,,,
56,A,participants_only,,,30,30,0,0,20,10,0.41971331130880024,0.282164911593483,0.9520685454944326,0.07109423637661362,376,30,1.0,34,2.7058823529411766,1.2352941176470589,24.966666666666665,2237,,,,,,,,,,,,,,,,,,,,,,,,,,,
56,A,nonparticipants_only,,,10,0,10,0,0,0,0.19474321679447437,0.18156053262315958,0.38516536836387105,0.0025985649423430086,0,0,0.0,0,0.0,0.0,50.0,0,,,,,,,,,,,,,,,,,,,,,,,,,,,
56,A,step_totals,,,,,,,,,,,,,,,,,,,,,74.70000000000009,,,12.5,0.1673360107095045,0.0,0.0,51.0,0.6827309236947783,0.008218956187242308,0.13725490196078433,0.0,0,7,16,32,,25,29,51,5.200000000000002,0.0696117804551539,6.000000000000003,0.08032128514056219,26,30,32
57,A,all_agents,,,40,30,10,0,19,11,0.36531083561199523,0.23808641642692818,0.9539858036746554,0.06425631218099331,385,30,0.75,34,2.7058823529411766,1.2352941176470589,31.15,2285,,,,,,,,,,,,,,,,,,,,,,,,,,,
57,A,participants_only,,,30,30,0,0,19,11,0.4219850489271913,0.28075408703551563,0.9539858036746554,0.07198351548815247,385,30,1.0,34,2.7058823529411766,1.2352941176470589,24.866666666666667,2285,,,,,,,,,,,,,,,,,,,,,,,,,,,
57,A,nonparticipants_only,,,10,0,10,0,0,0,0.195288195666407,0.18140139249050025,0.3832395415220517,0.0025311048007596593,0,0,0.0,0,0.0,0.0,50.0,0,,,,,,,,,,,,,,,,,,,,,,,,,,,
57,A,step_totals,,,,,,,,,,,,,,,,,,,,,76.00000000000007,,,12.0,0.15789473684210512,0.0,0.0,54.0,0.710526315789473,0.00859966449330513,0.16666666666666666,0.0,0,9,22,20,,24,31,54,4.000000000000001,0.05263157894736838,6.000000000000003,0.0789473684210526,20,30,42
58,A,all_agents,,,40,30,10,0,18,12,0.3668466764199858,0.23961915807821033,0.9558263715276691,0.06500377840139543,395,30,0.75,34,2.7058823529411766,1.2352941176470589,31.225,2331,,,,,,,,,,,,,,,,,,,,,,,,,,,
58,A,participants_only,,,30,30,0,0,18,12,0.42385228944837666,0.28155220286134097,0.9558263715276691,0.07285149950765245,395,30,1.0,34,2.7058823529411766,1.2352941176470589,24.966666666666665,2331,,,,,,,,,,,,,,,,,,,,,,,,,,,
58,A,nonparticipants_only,,,10,0,10,0,0,0,0.19582983733481316,0.18112999824524278,0.38132334381444144,0.002464936081712624,0,0,0.0,0,0.0,0.0,50.0,0,,,,,,,,,,,,,,,,,,,,,,,,,,,
58,A,step_totals,,,,,,,,,,,,,,,,,,,,,74.70000000000007,,,12.5,0.16733601070950452,0.0,0.0,51.0,0.6827309236947784,0.007881695037498034,0.19607843137254902,0.0,0,10,16,32,,25,29,51,5.200000000000002,0.06961178045515391,6.000000000000003,0.0803212851405622,26,30,32
59,A,all_agents,,,40,30,10,0,17,13,0.3684452610522871,0.23842106228781926,0.9575933166665623,0.06573716624169613,397,30,0.75,34,2.7058823529411766,1.2352941176470589,31.15,2376,,,,,,,,,,,,,,,,,,,,,,,,,,,
59,A,participants_only,,,30,30,0,0,17,13,0.4258042011420227,0.28014444184703424,0.9575933166665623,0.07368968948815041,397,30,1.0,34,2.7058823529411766,1.2352941176470589,24.866666666666667,2376,,,,,,,,,,,,,,,,,,,,,,,,,,,
59,A,nonparticipants_only,,,10,0,10,0,0,0,0.19636844078308022,0.18126931024971182,0.3794167270953692,0.002399020403718752,0,0,0.0,0,0.0,0.0,50.0,0,,,,,,,,,,,,,,,,,,,,,,,,,,,
59,A,step_totals,,,,,,,,,,,,,,,,,,,,,74.30000000000007,,,10.5,0.14131897711978453,0.0,0.0,54.0,0.726783310901749,0.00808632193212289,0.037037037037037035,0.0,0,2,23,20,,21,31,54,3.800000000000001,0.05114401076716013,6.000000000000003,0.08075370121130548,19,30,42
60,A,all_agents,,,40,30,10,0,17,13,0.36986644201797214,0.23961995629639246,0.9592895839998998,0.06638736910214457,401,30,0.75,34,2.7058823529411766,1.2352941176470589,31.225,2420,,,,,,,,,,,,,,,,,,,,,,,,,,,
60,A,participants_only,,,30,30,0,0,17,13,0.42752079306082724,0.28158644687561235,0.9592895839998998,0.07444184432644728,401,30,1.0,34,2.7058823529411766,1.2352941176470589,24.966666666666665,2420,,,,,,,,,,,,,,,,,,,,,,,,,,,
60,A,nonparticipants_only,,,10,0,10,0,0,0,0.1969033888894068,0.18189596239476802,0.37751964345989236,0.002335653099163239,0,0,0.0,0,0.0,0.0,50.0,0,,,,,,,,,,,,,,,,,,,,,,,,,,,
60,A,step_totals,,,,,,,,,,,,,,,,,,,,,74.70000000000009,,,12.5,0.1673360107095045,0.0,0.0,51.0,0.6827309236947783,0.0075323993106641155,0.0784313725490196,0.0,0,4,16,32,,25,29,51,5.200000000000002,0.0696117804551539,6.000000000000003,0.08032128514056219,26,30,31
60,A,reachability,0.225,0.0,,,,,,,,,,,,,,,,,,,,,,,,,,,,,,,,,,,,,,,,,,,,,
61,A,all_agents,,,40,30,10,0,17,13,0.37133053988242637,0.2384218565149105,0.9609180006399038,0.06714409999699603,409,30,0.75,34,2.7058823529411766,1.2352941176470589,31.15,2466,,,,,,,,,,,,,,,,,,,,,,,,,,,
61,A,participants_only,,,30,30,0,0,17,13,0.4292959022500905,0.28017851464123433,0.9609180006399038,0.07532697236078312,409,30,1.0,34,2.7058823529411766,1.2352941176470589,24.866666666666667,2466,,,,,,,,,,,,,,,,,,,,,,,,,,,
61,A,nonparticipants_only,,,10,0,10,0,0,0,0.19743445277943386,0.18232926930816773,0.3756320452425929,0.002275684092659379,0,0,0.0,0,0.0,0.0,50.0,0,,,,,,,,,,,,,,,,,,,,,,,,,,,
61,A,step_totals,,,,,,,,,,,,,,,,,,,,,73.80000000000005,,,10.0,0.13550135501355004,0.0,0.0,54.0,0.7317073170731702,0.007733750504416177,0.14814814814814814,0.0,0,8,23,20,,20,31,54,3.800000000000001,0.051490514905149026,6.000000000000003,0.08130081300813005,19,30,42
62,A,all_agents,,,40,30,10,0,17,13,0.37249817661170487,0.24011421995796065,0.9613088206335048,0.06777074972499064,417,30,0.75,34,2.7058823529411766,1.2352941176470589,31.225,2508,,,,,,,,,,,,,,,,,,,,,,,,,,,
62,A,participants_only,,,30,30,0,0,17,13,0.4306767760197,0.2816195156997669,0.9613088206335048,0.07608317972222003,417,30,1.0,34,2.7058823529411766,1.2352941176470589,24.966666666666665,2508,,,,,,,,,,,,,,,,,,,,,,,,,,,
62,A,nonparticipants_only,,,10,0,10,0,0,0,0.19796237838771935,0.18338598253602562,0.37375388501637996,0.002216466584390777,0,0,0.0,0,0.0,0.0,50.0,0,,,,,,,,,,,,,,,,,,,,,,,,,,,
62,A,step_totals,,,,,,,,,,,,,,,,,,,,,73.70000000000009,,,11.5,0.1560379918588872,0.0,0.0,51.0,0.6919945725915867,0.006850969139557948,0.1568627450980392,0.0,0,8,17,32,,23,28,51,5.200000000000002,0.07055630936227945,6.000000000000003,0.08141112618724552,26,30,30
63,A,all_agents,,,40,30,10,0,17,13,0.3738181044113568,0.23911540580931143,0.9628564678081646,0.06851489268887548,422,30,0.75,34,2.7058823529411766,1.2352941176470589,31.15,2553,,,,,,,,,,,,,,,,,,,,,,,,,,,
63,A,participants_only,,,30,30,0,0,17,13,0.43226180972304445,0.28021141812126804,0.9628564678081646,0.07697094041958064,422,30,1.0,34,2.7058823529411766,1.2352941176470589,24.866666666666667,2553,,,,,,,,,,,,,,,,,,,,,,,,,,,
63,A,nonparticipants_only,,,10,0,10,0,0,0,0.19848698847629398,0.18429503552017956,0.37188511559129805,0.0021587492100473915,0,0,0.0,0,0.0,0.0,50.0,0,,,,,,,,,,,,,,,,,,,,,,,,,,,
63,A,step_totals,,,,,,,,,,,,,,,,,,,,,72.60000000000007,,,9.0,0.12396694214876022,0.0,0.0,54.0,0.7438016528925613,0.007428157986655473,0.09259259259259259,0.0,0,5,23,19,,18,28,54,3.600000000000001,0.0495867768595041,6.000000000000003,0.08264462809917351,18,30,40
64,A,all_agents,,,40,30,10,0,17,13,0.37511672566097454,0.23903725035905257,0.964342209095838,0.06918753335791095,432,30,0.75,34,2.7058823529411766,1.2352941176470589,31.225,2599,,,,,,,,,,,,,,,,,,,,,,,,,,,
64,A,participants_only,,,30,30,0,0,17,13,0.43381945659111765,0.2831092044558179,0.964342209095838,0.07776544755449524,432,30,1.0,34,2.7058823529411766,1.2352941176470589,24.966666666666665,2599,,,,,,,,,,,,,,,,,,,,,,,,,,,
64,A,nonparticipants_only,,,10,0,10,0,0,0,0.1990085328705452,0.1841421545624103,0.37002569001334157,0.0021016633442766616,0,0,0.0,0,0.0,0.0,50.0,0,,,,,,,,,,,,,,,,,,,,,,,,,,,
64,A,step_totals,,,,,,,,,,,,,,,,,,,,,72.80000000000007,,,11.0,0.15109890109890095,0.0,0.0,51.0,0.70054945054945,0.007396849500194579,0.19607843137254902,0.0,0,10,18,31,,22,28,51,4.800000000000002,0.0659340659340659,6.000000000000003,0.08241758241758237,24,30,29
65,A,all_agents,,,40,30,10,0,17,13,0.3763780613434817,0.23847282236090914,0.9657685207320045,0.06994169308931159,438,30,0.75,34,2.7058823529411766,1.2352941176470589,31.15,2646,,,,,,,,,,,,,,,,,,,,,,,,,,,
65,A,participants_only,,,30,30,0,0,17,13,0.4353285888925291,0.2816936584335388,0.9657685207320045,0.07867253527245863,438,30,1.0,34,2.7058823529411766,1.2352941176470589,24.866666666666667,2646,,,,,,,,,,,,,,,,,,,,,,,,,,,
65,A,nonparticipants_only,,,10,0,10,0,0,0,0.19952647869633944,0.1838814345827629,0.36817556156327486,0.0020471901601384623,0,0,0.0,0,0.0,0.0,50.0,0,,,,,,,,,,,,,,,,,,,,,,,,,,,
65,A,step_totals,,,,,,,,,,,,,,,,,,,,,72.60000000000007,,,9.0,0.12396694214876022,0.0,0.0,54.0,0.7438016528925613,0.007247206035936884,0.1111111111111111,0.0,0,6,23,18,,18,27,54,3.600000000000001,0.0495867768595041,6.000000000000003,0.08264462809917351,18,30,40
66,A,all_agents,,,40,30,10,0,16,14,0.3775721113274694,0.24010783872344316,0.9671377799027243,0.07054326351646123,446,30,0.75,34,2.7058823529411766,1.2352941176470589,31.225,2691,,,,,,,,,,,,,,,,,,,,,,,,,,,
66,A,participants_only,,,30,30,0,0,16,14,0.43674914361907613,0.2836920026527384,0.9671377799027243,0.07938512250505413,446,30,1.0,34,2.7058823529411766,1.2352941176470589,24.966666666666665,2691,,,,,,,,,,,,,,,,,,,,,,,,,,,
66,A,nonparticipants_only,,,10,0,10,0,0,0,0.20004101445264913,0.18401526727672934,0.36633468375545847,0.0019946327405801303,0,0,0.0,0,0.0,0.0,50.0,0,,,,,,,,,,,,,,,,,,,,,,,,,,,
66,A,step_totals,,,,,,,,,,,,,,,,,,,,,72.80000000000007,,,11.0,0.15109890109890095,0.0,0.0,51.0,0.70054945054945,0.0070658017247796,0.1568627450980392,0.0,0,8,18,31,,22,27,51,4.800000000000002,0.0659340659340659,6.000000000000003,0.08241758241758237,24,30,28
67,A,all_agents,,,40,30,10,0,16,14,0.3789820792886039,0.23890729952982592,0.9684522687066154,0.07131627735807523,453,30,0.75,34,2.7058823529411766,1.2352941176470589,31.15,2741,,,,,,,,,,,,,,,,,,,,,,,,,,,
67,A,participants_only,,,30,30,0,0,16,14,0.4384587141967707,0.2822735426394748,0.9684522687066154,0.08029049381849473,453,30,1.0,34,2.7058823529411766,1.2352941176470589,24.866666666666667,2741,,,,,,,,,,,,,,,,,,,,,,,,,,,
67,A,nonparticipants_only,,,10,0,10,0,0,0,0.20055217456410343,0.18531087951967673,0.3645030103366812,0.0019439867768242971,0,0,0.0,0,0.0,0.0,50.0,0,,,,,,,,,,,,,,,,,,,,,,,,,,,
67,A,step_totals,,,,,,,,,,,,,,,,,,,,,72.10000000000007,,,8.5,0.11789181692094303,0.0,0.0,54.0,0.748959778085991,0.007821767827423255,0.12962962962962962,0.0,0,7,23,19,,17,27,54,3.600000000000001,0.049930651872399416,6.000000000000003,0.0832177531206657,18,30,39
68,A,all_agents,,,40,30,10,0,16,14,0.3801135770359492,0.23899454214106333,0.9697141779583508,0.07190883135977398,461,30,0.75,34,2.7058823529411766,1.2352941176470589,31.225,2787,,,,,,,,,,,,,,,,,,,,,,,,,,,
68,A,participants_only,,,30,30,0,0,16,14,0.4397979967188753,0.28222700650291954,0.9697141779583508,0.08099818992823032,461,30,1.0,34,2.7058823529411766,1.2352941176470589,24.966666666666665,2787,,,,,,,,,,,,,,,,,,,,,,,,,,,
68,A,nonparticipants_only,,,10,0,10,0,0,0,0.20106031798717094,0.18706306627960664,0.3626804952849978,0.0018939962197530992,0,0,0.0,0,0.0,0.0,50.0,0,,,,,,,,,,,,,,,,,,,,,,,,,,,
68,A,step_totals,,,,,,,,,,,,,,,,,,,,,72.30000000000008,,,10.5,0.1452282157676347,0.0,0.0,51.0,0.7053941908713685,0.006932809900000058,0.1568627450980392,0.0,0,8,19,31,,21,27,51,4.800000000000002,0.06639004149377588,6.000000000000003,0.08298755186721986,24,30,28
69,A,all_agents,,,40,30,10,0,16,14,0.3811919209068989,0.23779956943035802,0.9709256108400167,0.07262841799084808,466,30,0.75,34,2.7058823529411766,1.2352941176470589,31.15,2834,,,,,,,,,,,,,,,,,,,,,,,,,,,
69,A,participants_only,,,30,30,0,0,16,14,0.4410674100882154,0.2808158714704049,0.9709256108400167,0.08188269341844404,466,30,1.0,34,2.7058823529411766,1.2352941176470589,24.866666666666667,2834,,,,,,,,,,,,,,,,,,,,,,,,,,,
69,A,nonparticipants_only,,,10,0,10,0,0,0,0.20156545336294948,0.1877622904397557,0.3608670928085728,0.0018447012516368383,0,0,0.0,0,0.0,0.0,50.0,0,,,,,,,,,,,,,,,,,,,,,,,,,,,
69,A,step_totals,,,,,,,,,,,,,,,,,,,,,72.10000000000007,,,8.5,0.11789181692094303,0.0,0.0,54.0,0.748959778085991,0.006728991367400689,0.09259259259259259,0.0,0,5,23,18,,17,24,54,3.600000000000001,0.049930651872399416,6.000000000000003,0.0832177531206657,18,30,37
70,A,all_agents,,,40,30,10,0,16,14,0.3823415964560209,0.23906040541907247,0.972088586406416,0.07325065417910619,473,30,0.75,34,2.7058823529411766,1.2352941176470589,31.225,2881,,,,,,,,,,,,,,,,,,,,,,,,,,,
70,A,participants_only,,,30,30,0,0,16,14,0.44243311921127293,0.27996988951509144,0.972088586406416,0.08262419264892583,473,30,1.0,34,2.7058823529411766,1.2352941176470589,24.966666666666665,2881,,,,,,,,,,,,,,,,,,,,,,,,,,,
70,A,nonparticipants_only,,,10,0,10,0,0,0,0.20206702819026495,0.18761468444594953,0.35906275734452997,0.0017981454851076371,0,0,0.0,0,0.0,0.0,50.0,0,,,,,,,,,,,,,,,,,,,,,,,,,,,
70,A,step_totals,,,,,,,,,,,,,,,,,,,,,72.30000000000008,,,10.5,0.1452282157676347,0.0,0.0,51.0,0.7053941908713685,0.0070042109968091555,0.13725490196078433,0.0,0,7,19,31,,21,26,51,4.800000000000002,0.06639004149377588,6.000000000000003,0.08298755186721986,24,30,27
70,A,reachability,0.225,0.0,,,,,,,,,,,,,,,,,,,,,,,,,,,,,,,,,,,,,,,,,,,,,
71,A,all_agents,,,40,30,10,0,16,14,0.38335583045820093,0.23889691267024038,0.9732050429501594,0.07390901415307526,480,30,0.75,34,2.7058823529411766,1.2352941176470589,31.15,2927,,,,,,,,,,,,,,,,,,,,,,,,,,,
71,A,participants_only,,,30,30,0,0,16,14,0.44361937242799565,0.27857004006751596,0.9732050429501594,0.0834339969077425,480,30,1.0,34,2.7058823529411766,1.2352941176470589,24.866666666666667,2927,,,,,,,,,,,,,,,,,,,,,,,,,,,
71,A,nonparticipants_only,,,10,0,10,0,0,0,0.20256520454881657,0.1873629602792351,0.3572674435578073,0.0017537320001308908,0,0,0.0,0,0.0,0.0,50.0,0,,,,,,,,,,,,,,,,,,,,,,,,,,,
71,A,step_totals,,,,,,,,,,,,,,,,,,,,,72.10000000000007,,,8.5,0.11789181692094303,0.0,0.0,54.0,0.748959778085991,0.006526751328252409,0.12962962962962962,0.0,0,7,23,18,,17,24,54,3.600000000000001,0.049930651872399416,6.000000000000003,0.0832177531206657,18,30,37
72,A,all_agents,,,40,30,10,0,15,15,0.3844376094050334,0.23904103649562378,0.9742768412321531,0.07446821248865221,491,30,0.75,34,2.7058823529411766,1.2352941176470589,31.225,2974,,,,,,,,,,,,,,,,,,,,,,,,,,,
72,A,participants_only,,,30,30,0,0,15,15,0.4448966769986551,0.2799251611086466,0.9742768412321531,0.08409974835564178,491,30,1.0,34,2.7058823529411766,1.2352941176470589,24.966666666666665,2974,,,,,,,,,,,,,,,,,,,,,,,,,,,
72,A,nonparticipants_only,,,10,0,10,0,0,0,0.2030604066241683,0.18749217524547368,0.3554811063400183,0.0017100186362020275,0,0,0.0,0,0.0,0.0,50.0,0,,,,,,,,,,,,,,,,,,,,,,,,,,,
72,A,step_totals,,,,,,,,,,,,,,,,,,,,,72.10000000000007,,,10.5,0.14563106796116493,0.0,0.0,51.0,0.7073509015256582,0.006807755201698276,0.21568627450980393,0.0,0,11,19,31,,21,25,51,4.600000000000001,0.06380027739251036,6.000000000000003,0.0832177531206657,23,30,26
73,A,all_agents,,,40,30,10,0,16,14,0.3855291911041591,0.2393424928315499,0.9753057675828669,0.07517210610116361,497,30,0.75,34,2.7058823529411766,1.2352941176470589,31.15,3023,,,,,,,,,,,,,,,,,,,,,,,,,,,
73,A,participants_only,,,30,30,0,0,16,14,0.4461880263926949,0.2785255353031034,0.9753057675828669,0.08495586818271937,497,30,1.0,34,2.7058823529411766,1.2352941176470589,24.866666666666667,3023,,,,,,,,,,,,,,,,,,,,,,,,,,,
73,A,nonparticipants_only,,,10,0,10,0,0,0,0.20355268523855186,0.18991750084285766,0.3537037008083182,0.0016668882737558258,0,0,0.0,0,0.0,0.0,50.0,0,,,,,,,,,,,,,,,,,,,,,,,,,,,
73,A,step_totals,,,,,,,,,,,,,,,,,,,,,72.10000000000005,,,8.5,0.11789181692094305,0.0,0.0,54.0,0.7489597780859911,0.0067952992006175775,0.1111111111111111,0.0,0,6,23,18,,17,23,54,3.600000000000001,0.04993065187239942,6.000000000000003,0.08321775312066572,18,30,35
74,A,all_agents,,,40,30,10,0,15,15,0.3865383239092128,0.2388674566538394,0.9762935368795522,0.07572387722727614,502,30,0.75,34,2.7058823529411766,1.2352941176470589,31.225,3069,,,,,,,,,,,,,,,,,,,,,,,,,,,
74,A,participants_only,,,30,30,0,0,15,15,0.4473704120424974,0.27760176879904985,0.9762935368795522,0.08562155326598352,502,30,1.0,34,2.7058823529411766,1.2352941176470589,24.966666666666665,3069,,,,,,,,,,,,,,,,,,,,,,,,,,,
74,A,nonparticipants_only,,,10,0,10,0,0,0,0.20404205950935891,0.19202088593675043,0.3519351823042766,0.0016243337512855018,0,0,0.0,0,0.0,0.0,50.0,0,,,,,,,,,,,,,,,,,,,,,,,,,,,
74,A,step_totals,,,,,,,,,,,,,,,,,,,,,71.60000000000007,,,10.0,0.13966480446927362,0.0,0.0,51.0,0.7122905027932954,0.006641643836037227,0.09803921568627451,0.0,0,5,20,30,,20,25,51,4.600000000000001,0.06424581005586588,6.000000000000003,0.08379888268156421,23,30,26
75,A,all_agents,,,40,30,10,0,15,15,0.38764156136443606,0.2387390619530395,0.9772417954043702,0.07638783547293045,509,30,0.75,34,2.7058823529411766,1.2352941176470589,31.15,3117,,,,,,,,,,,,,,,,,,,,,,,,,,,
75,A,participants_only,,,30,30,0,0,15,15,0.44867936830953914,0.2762137599550546,0.9772417954043702,0.0864200587542657,509,30,1.0,34,2.7058823529411766,1.2352941176470589,24.866666666666667,3117,,,,,,,,,,,,,,,,,,,,,,,,,,,
75,A,nonparticipants_only,,,10,0,10,0,0,0,0.20452814052912666,0.19187765675504326,0.35017550639275524,0.001583799108912525,0,0,0.0,0,0.0,0.0,50.0,0,,,,,,,,,,,,,,,,,,,,,,,,,,,
75,A,step_totals,,,,,,,,,,,,,,,,,,,,,71.40000000000008,,,8.0,0.11204481792717075,0.0,0.0,54.0,0.7563025210084026,0.006926397163806378,0.12962962962962962,0.0,0,7,24,18,,16,22,54,3.400000000000001,0.04761904761904758,6.000000000000003,0.0840336134453781,17,30,33
76,A,all_agents,,,40,30,10,0,15,15,0.38859755619683195,0.24000738387420403,0.9781521235881954,0.07695431583797364,516,30,0.75,34,2.7058823529411766,1.2352941176470589,31.225,3164,,,,,,,,,,,,,,,,,,,,,,,,,,,
76,A,participants_only,,,30,30,0,0,15,15,0.4497931969971129,0.27566136649875883,0.9781521235881954,0.08711067090645322,516,30,1.0,34,2.7058823529411766,1.2352941176470589,24.966666666666665,3164,,,,,,,,,,,,,,,,,,,,,,,,,,,
76,A,nonparticipants_only,,,10,0,10,0,0,0,0.20501063379598905,0.19163339671190585,0.34842462886079145,0.0015463731970507392,0,0,0.0,0,0.0,0.0,50.0,0,,,,,,,,,,,,,,,,,,,,,,,,,,,
76,A,step_totals,,,,,,,,,,,,,,,,,,,,,71.60000000000007,,,10.0,0.13966480446927362,0.0,0.0,51.0,0.7122905027932954,0.00647568440977305,0.13725490196078433,0.0,0,7,20,29,,20,24,51,4.600000000000001,0.06424581005586588,6.000000000000003,0.08379888268156421,23,30,26
77,A,all_agents,,,40,30,10,0,15,15,0.38952678318445627,0.2405544514192542,0.9790260386446675,0.07757489814297179,523,30,0.75,34,2.7058823529411766,1.2352941176470589,31.15,3210,,,,,,,,,,,,,,,,,,,,,,,,,,,
77,A,participants_only,,,30,30,0,0,15,15,0.4508722311901892,0.2742830596662651,0.9790260386446675,0.08787718934369237,523,30,1.0,34,2.7058823529411766,1.2352941176470589,24.866666666666667,3210,,,,,,,,,,,,,,,,,,,,,,,,,,,
77,A,nonparticipants_only,,,10,0,10,0,0,0,0.20549043916725757,0.19175878019669157,0.3466825057164875,0.001508856648521067,0,0,0.0,0,0.0,0.0,50.0,0,,,,,,,,,,,,,,,,,,,,,,,,,,,
77,A,step_totals,,,,,,,,,,,,,,,,,,,,,71.40000000000006,,,8.0,0.11204481792717078,0.0,0.0,54.0,0.7563025210084027,0.006350377209942471,0.12962962962962962,0.0,0,7,24,18,,16,22,54,3.400000000000001,0.04761904761904759,6.000000000000003,0.08403361344537812,17,30,33
78,A,all_agents,,,40,30,10,0,15,15,0.3904290005307336,0.24012622449353582,0.9798649970988809,0.07811439579035435,529,30,0.75,34,2.7058823529411766,1.2352941176470589,31.225,3256,,,,,,,,,,,,,,,,,,,,,,,,,,,
78,A,participants_only,,,30,30,0,0,15,15,0.4519161657252704,0.27367055372337545,0.9798649970988809,0.08853933591250948,529,30,1.0,34,2.7058823529411766,1.2352941176470589,24.966666666666665,3256,,,,,,,,,,,,,,,,,,,,,,,,,,,
78,A,nonparticipants_only,,,10,0,10,0,0,0,0.2059675049471232,0.1941121900530892,0.34494909318790506,0.0014715176199659077,0,0,0.0,0,0.0,0.0,50.0,0,,,,,,,,,,,,,,,,,,,,,,,,,,,
78,A,step_totals,,,,,,,,,,,,,,,,,,,,,71.40000000000006,,,10.0,0.14005602240896348,0.0,0.0,51.0,0.7142857142857136,0.006323541744609232,0.11764705882352941,0.0,0,6,20,29,,20,23,51,4.400000000000001,0.06162464985994394,6.000000000000003,0.08403361344537812,22,30,25
79,A,all_agents,,,40,30,10,0,15,15,0.39123428867717325,0.24073690872048217,0.9806703972149257,0.07872975613378315,537,30,0.75,34,2.7058823529411766,1.2352941176470589,31.15,3302,,,,,,,,,,,,,,,,,,,,,,,,,,,
79,A,participants_only,,,30,30,0,0,15,15,0.4528317601989603,0.27230220095475854,0.9806703972149257,0.08931792820408022,537,30,1.0,34,2.7058823529411766,1.2352941176470589,24.866666666666667,3302,,,,,,,,,,,,,,,,,,,,,,,,,,,
79,A,nonparticipants_only,,,10,0,10,0,0,0,0.20644187411181217,0.19584268733177113,0.34322434772196553,0.0014342579483636309,0,0,0.0,0,0.0,0.0,50.0,0,,,,,,,,,,,,,,,,,,,,,,,,,,,
79,A,step_totals,,,,,,,,,,,,,,,,,,,,,71.40000000000005,,,8.0,0.11204481792717079,0.0,0.0,54.0,0.7563025210084029,0.005942921170496631,0.14814814814814814,0.0,0,8,24,18,,16,21,54,3.400000000000001,0.047619047619047596,6.000000000000003,0.08403361344537813,17,30,32
80,A,all_agents,,,40,30,10,0,15,15,0.3921295236775917,0.24022783539810094,0.9814435813263286,0.07924180967185974,544,30,0.75,34,2.7058823529411766,1.2352941176470589,31.225,3350,,,,,,,,,,,,,,,,,,,,,,,,,,,
80,A,participants_only,,,30,30,0,0,15,15,0.4538683423555305,0.27290110665407136,0.9814435813263286,0.08994273970452206,544,30,1.0,34,2.7058823529411766,1.2352941176470589,24.966666666666665,3350,,,,,,,,,,,,,,,,,,,,,,,,,,,
80,A,nonparticipants_only,,,10,0,10,0,0,0,0.20691306764377534,0.19531487593541702,0.3415082259833557,0.0013988387929039436,0,0,0.0,0,0.0,0.0,50.0,0,,,,,,,,,,,,,,,,,,,,,,,,,,,
80,A,step_totals,,,,,,,,,,,,,,,,,,,,,71.40000000000008,,,10.0,0.14005602240896345,0.0,0.0,51.0,0.7142857142857135,0.006308642632984223,0.13725490196078433,0.0,0,7,20,29,,20,23,51,4.400000000000001,0.06162464985994393,6.000000000000003,0.0840336134453781,22,30,25
80,A,reachability,0.25,0.0,,,,,,,,,,,,,,,,,,,,,,,,,,,,,,,,,,,,,,,,,,,,,
81,A,all_agents,,,40,30,10,0,15,15,0.3930314045520897,0.23981569291071353,0.9821858380732754,0.07987008324011959,554,30,0.75,34,2.7058823529411766,1.2352941176470589,31.15,3399,,,,,,,,,,,,,,,,,,,,,,,,,,,
81,A,participants_only,,,30,30,0,0,15,15,0.4549147886215233,0.2716981990740403,0.9821858380732754,0.09072034202913777,554,30,1.0,34,2.7058823529411766,1.2352941176470589,24.866666666666667,3399,,,,,,,,,,,,,,,,,,,,,,,,,,,
81,A,nonparticipants_only,,,10,0,10,0,0,0,0.20738125234378904,0.19472673148335523,0.3398006848534389,0.0013646681864447328,0,0,0.0,0,0.0,0.0,50.0,0,,,,,,,,,,,,,,,,,,,,,,,,,,,
81,A,step_totals,,,,,,,,,,,,,,,,,,,,,71.60000000000005,,,8.0,0.11173184357541892,0.0,0.0,54.0,0.7541899441340777,0.006258705053665989,0.18518518518518517,0.0,0,10,24,18,,16,21,54,3.600000000000001,0.05027932960893852,6.000000000000003,0.08379888268156423,18,30,32
82,A,all_agents,,,40,30,10,0,15,15,0.3939158250843379,0.24020048739967237,0.9828984045503444,0.08039840348364687,559,30,0.75,34,2.7058823529411766,1.2352941176470589,31.225,3448,,,,,,,,,,,,,,,,,,,,,,,,,,,
82,A,participants_only,,,30,30,0,0,15,15,0.4559390840681448,0.27301567191563525,0.9828984045503444,0.09136591289393856,559,30,1.0,34,2.7058823529411766,1.2352941176470589,24.966666666666665,3448,,,,,,,,,,,,,,,,,,,,,,,,,,,
82,A,nonparticipants_only,,,10,0,10,0,0,0,0.20784604813291732,0.19410594865005915,0.3381016814291717,0.0013332593931032265,0,0,0.0,0,0.0,0.0,50.0,0,,,,,,,,,,,,,,,,,,,,,,,,,,,
82,A,step_totals,,,,,,,,,,,,,,,,,,,,,71.40000000000006,,,10.0,0.14005602240896348,0.0,0.0,51.0,0.7142857142857136,0.006282160822136902,0.09803921568627451,0.0,0,5,20,29,,20,23,51,4.400000000000001,0.06162464985994394,6.000000000000003,0.08403361344537812,22,30,25
83,A,all_agents,,,40,30,10,0,15,15,0.39475957797639727,0.2406220252190696,0.9835824683683306,0.08101493209764903,568,30,0.75,34,2.7058823529411766,1.2352941176470589,31.15,3496,,,,,,,,,,,,,,,,,,,,,,,,,,,
83,A,participants_only,,,30,30,0,0,15,15,0.45690991761578204,0.27165059355605714,0.9835824683683306,0.09213570239028221,568,30,1.0,34,2.7058823529411766,1.2352941176470589,24.866666666666667,3496,,,,,,,,,,,,,,,,,,,,,,,,,,,
83,A,nonparticipants_only,,,10,0,10,0,0,0,0.20830855905824322,0.1938793812239188,0.33641117302202583,0.001300644612259021,0,0,0.0,0,0.0,0.0,50.0,0,,,,,,,,,,,,,,,,,,,,,,,,,,,
83,A,step_totals,,,,,,,,,,,,,,,,,,,,,71.60000000000007,,,8.0,0.11173184357541889,0.0,0.0,54.0,0.7541899441340775,0.006072886445297759,0.16666666666666666,0.0,0,9,24,17,,16,21,54,3.600000000000001,0.050279329608938515,6.000000000000003,0.08379888268156421,18,30,32
84,A,all_agents,,,40,30,10,0,15,15,0.39554808863541346,0.24102627858889236,0.9842391696335974,0.08150113437212712,576,30,0.75,34,2.7058823529411766,1.2352941176470589,31.225,3544,,,,,,,,,,,,,,,,,,,,,,,,,,,
84,A,participants_only,,,30,30,0,0,15,15,0.4578079812035538,0.2719540778371413,0.9842391696335974,0.0927402626453594,576,30,1.0,34,2.7058823529411766,1.2352941176470589,24.966666666666665,3544,,,,,,,,,,,,,,,,,,,,,,,,,,,
84,A,nonparticipants_only,,,10,0,10,0,0,0,0.20876841093099222,0.1954165471272452,0.3347291171569157,0.0012682188812736743,0,0,0.0,0,0.0,0.0,50.0,0,,,,,,,,,,,,,,,,,,,,,,,,,,,
84,A,step_totals,,,,,,,,,,,,,,,,,,,,,71.40000000000006,,,10.0,0.14005602240896348,0.0,0.0,51.0,0.7142857142857136,0.0059700739253317914,0.1568627450980392,0.0,0,8,20,29,,20,23,51,4.400000000000001,0.06162464985994394,6.000000000000003,0.08403361344537812,22,30,25
85,A,all_agents,,,40,30,10,0,16,14,0.3962623786154726,0.24102820595357813,0.9848696028482534,0.08208343440179579,582,30,0.75,34,2.7058823529411766,1.2352941176470589,31.15,3591,,,,,,,,,,,,,,,,,,,,,,,,,,,
85,A,participants_only,,,30,30,0,0,16,14,0.4586080708048512,0.27181589009906193,0.9848696028482534,0.09348426678440902,582,30,1.0,34,2.7058823529411766,1.2352941176470589,24.866666666666667,3591,,,,,,,,,,,,,,,,,,,,,,,,,,,
85,A,nonparticipants_only,,,10,0,10,0,0,0,0.20922530204733678,0.19565526872727945,0.33305547157113113,0.0012371132390831298,0,0,0.0,0,0.0,0.0,50.0,0,,,,,,,,,,,,,,,,,,,,,,,,,,,
85,A,step_totals,,,,,,,,,,,,,,,,,,,,,71.40000000000005,,,8.0,0.11204481792717079,0.0,0.0,54.0,0.7563025210084029,0.005662421807879911,0.1111111111111111,0.0,0,6,24,17,,16,20,54,3.400000000000001,0.047619047619047596,6.000000000000003,0.08403361344537813,17,30,30
86,A,all_agents,,,40,30,10,0,16,14,0.3969412345742441,0.2413563368823552,0.9854748187343233,0.08252952139194403,590,30,0.75,34,2.7058823529411766,1.2352941176470589,31.225,3636,,,,,,,,,,,,,,,,,,,,,,,,,,,
86,A,participants_only,,,30,30,0,0,16,14,0.4593619041713579,0.2710628155788173,0.9854748187343233,0.0940515520620677,590,30,1.0,34,2.7058823529411766,1.2352941176470589,24.966666666666665,3636,,,,,,,,,,,,,,,,,,,,,,,,,,,
86,A,nonparticipants_only,,,10,0,10,0,0,0,0.20967922578290255,0.19627022967326324,0.3313901942132755,0.0012073494661484364,0,0,0.0,0,0.0,0.0,50.0,0,,,,,,,,,,,,,,,,,,,,,,,,,,,
86,A,step_totals,,,,,,,,,,,,,,,,,,,,,71.40000000000006,,,10.0,0.14005602240896348,0.0,0.0,51.0,0.7142857142857136,0.005609239463288814,0.1568627450980392,0.0,0,8,20,29,,20,23,51,4.400000000000001,0.06162464985994394,6.000000000000003,0.08403361344537812,22,30,25
87,A,all_agents,,,40,30,10,0,16,14,0.3977155701418023,0.24098998281485767,0.9860558259849503,0.08312326108326618,596,30,0.75,34,2.7058823529411766,1.2352941176470589,31.15,3685,,,,,,,,,,,,,,,,,,,,,,,,,,,
87,A,participants_only,,,30,30,0,0,16,14,0.46024396646565263,0.2712480129942505,0.9860558259849503,0.09479903438486889,596,30,1.0,34,2.7058823529411766,1.2352941176470589,24.866666666666667,3685,,,,,,,,,,,,,,,,,,,,,,,,,,,
87,A,nonparticipants_only,,,10,0,10,0,0,0,0.21013038117025143,0.19592042956797787,0.3297332432422091,0.0011783370164680721,0,0,0.0,0,0.0,0.0,50.0,0,,,,,,,,,,,,,,,,,,,,,,,,,,,
87,A,step_totals,,,,,,,,,,,,,,,,,,,,,71.40000000000005,,,8.0,0.11204481792717079,0.0,0.0,54.0,0.7563025210084029,0.005870135657200238,0.1111111111111111,0.0,0,6,24,17,,16,20,54,3.400000000000001,0.047619047619047596,6.000000000000003,0.08403361344537813,17,30,29
88,A,all_agents,,,40,30,10,0,16,14,0.3984154612226117,0.24139728462733534,0.9866135929455523,0.0835744252319697,605,30,0.75,34,2.7058823529411766,1.2352941176470589,31.225,3732,,,,,,,,,,,,,,,,,,,,,,,,,,,
88,A,participants_only,,,30,30,0,0,16,14,0.46102780241556673,0.2716232852594166,0.9866135929455523,0.09536755932734972,605,30,1.0,34,2.7058823529411766,1.2352941176470589,24.966666666666665,3732,,,,,,,,,,,,,,,,,,,,,,,,,,,
88,A,nonparticipants_only,,,10,0,10,0,0,0,0.2105784376437465,0.19652172386393435,0.328084577025998,0.0011513597098734272,0,0,0.0,0,0.0,0.0,50.0,0,,,,,,,,,,,,,,,,,,,,,,,,,,,
88,A,step_totals,,,,,,,,,,,,,,,,,,,,,71.40000000000008,,,10.0,0.14005602240896345,0.0,0.0,51.0,0.7142857142857135,0.0056880563999915455,0.17647058823529413,0.0,0,9,20,29,,20,22,51,4.400000000000001,0.06162464985994393,6.000000000000003,0.0840336134453781,22,30,24
89,A,all_agents,,,40,30,10,0,16,14,0.39936506126689647,0.24187913947479145,0.9871490492277302,0.08420119278928942,616,30,0.75,34,2.7058823529411766,1.2352941176470589,31.15,3784,,,,,,,,,,,,,,,,,,,,,,,,,,,
89,A,participants_only,,,30,30,0,0,16,14,0.4621453296132546,0.2705029586666091,0.9871490492277302,0.09612837405804028,616,30,1.0,34,2.7058823529411766,1.2352941176470589,24.866666666666667,3784,,,,,,,,,,,,,,,,,,,,,,,,,,,
89,A,nonparticipants_only,,,10,0,10,0,0,0,0.21102425622782175,0.19892678916079107,0.326444154140868,0.0011233038593478396,0,0,0.0,0,0.0,0.0,50.0,0,,,,,,,,,,,,,,,,,,,,,,,,,,,
89,A,step_totals,,,,,,,,,,,,,,,,,,,,,71.40000000000006,,,8.0,0.11204481792717078,0.0,0.0,54.0,0.7563025210084027,0.006466593664236164,0.2037037037037037,0.0,0,11,24,17,,16,20,54,3.400000000000001,0.04761904761904759,6.000000000000003,0.08403361344537812,17,30,29
90,A,all_agents,,,40,30,10,0,16,14,0.4000765056966326,0.24268497188678873,0.987663087258621,0.08465160892028879,620,30,0.75,34,2.7058823529411766,1.2352941176470589,31.225,3833,,,,,,,,,,,,,,,,,,,,,,,,,,,
90,A,participants_only,,,30,30,0,0,16,14,0.462946276190242,0.2693794283119255,0.987663087258621,0.09669287521318835,620,30,1.0,34,2.7058823529411766,1.2352941176470589,24.966666666666665,3833,,,,,,,,,,,,,,,,,,,,,,,,,,,
90,A,nonparticipants_only,,,10,0,10,0,0,0,0.21146719421580445,0.1990235001317862,0.3248119333701637,0.0010965135385607077,0,0,0.0,0,0.0,0.0,50.0,0,,,,,,,,,,,,,,,,,,,,,,,,,,,
90,A,step_totals,,,,,,,,,,,,,,,,,,,,,70.90000000000006,,,9.5,0.13399153737658662,0.0,0.0,51.0,0.7193229901269387,0.005793559546688379,0.0784313725490196,0.0,0,4,21,29,,19,22,51,4.400000000000001,0.06205923836389277,6.000000000000003,0.08462623413258107,22,30,24
90,A,reachability,0.25,0.0,,,,,,,,,,,,,,,,,,,,,,,,,,,,,,,,,,,,,,,,,,,,,
91,A,all_agents,,,40,30,10,0,16,14,0.40084496118160284,0.242773533628163,0.9881565637682761,0.08524528293288161,627,30,0.75,34,2.7058823529411766,1.2352941176470589,31.15,3884,,,,,,,,,,,,,,,,,,,,,,,,,,,
91,A,participants_only,,,30,30,0,0,16,14,0.4638241383654596,0.26999927159033016,0.9881565637682761,0.09743808334945976,627,30,1.0,34,2.7058823529411766,1.2352941176470589,24.866666666666667,3884,,,,,,,,,,,,,,,,,,,,,,,,,,,
91,A,nonparticipants_only,,,10,0,10,0,0,0,0.21190742963003262,0.19919469196226003,0.32318787370331287,0.001070360578079698,0,0,0.0,0,0.0,0.0,50.0,0,,,,,,,,,,,,,,,,,,,,,,,,,,,
91,A,step_totals,,,,,,,,,,,,,,,,,,,,,71.40000000000006,,,8.0,0.11204481792717078,0.0,0.0,54.0,0.7563025210084027,0.005864631239762581,0.12962962962962962,0.0,0,7,24,17,,16,20,54,3.400000000000001,0.04761904761904759,6.000000000000003,0.08403361344537812,17,30,29
92,A,all_agents,,,40,30,10,0,16,14,0.4015372469586167,0.24195157018018815,0.988630301217545,0.08569051503840573,635,30,0.75,34,2.7058823529411766,1.2352941176470589,31.225,3933,,,,,,,,,,,,,,,,,,,,,,,,,,,
92,A,participants_only,,,30,30,0,0,16,14,0.4646013197495278,0.2692882500719408,0.988630301217545,0.0979974724275042,635,30,1.0,34,2.7058823529411766,1.2352941176470589,24.966666666666665,3933,,,,,,,,,,,,,,,,,,,,,,,,,,,
92,A,nonparticipants_only,,,10,0,10,0,0,0,0.21234502858588344,0.1997549340557523,0.3215719343347963,0.0010447155473823275,0,0,0.0,0,0.0,0.0,50.0,0,,,,,,,,,,,,,,,,,,,,,,,,,,,
92,A,step_totals,,,,,,,,,,,,,,,,,,,,,70.90000000000005,,,9.5,0.13399153737658664,0.0,0.0,51.0,0.7193229901269389,0.005737805824103161,0.1568627450980392,0.0,0,8,21,29,,19,22,51,4.400000000000001,0.06205923836389278,6.000000000000003,0.08462623413258108,22,30,24
93,A,all_agents,,,40,30,10,0,16,14,0.40232157770870686,0.24291300103163477,0.9890850891688432,0.08628698781169003,643,30,0.75,34,2.7058823529411766,1.2352941176470589,31.15,3985,,,,,,,,,,,,,,,,,,,,,,,,,,,
93,A,participants_only,,,30,30,0,0,16,14,0.465502066865376,0.26913288586528633,0.9890850891688432,0.0987424740949893,643,30,1.0,34,2.7058823529411766,1.2352941176470589,24.866666666666667,3985,,,,,,,,,,,,,,,,,,,,,,,,,,,
93,A,nonparticipants_only,,,10,0,10,0,0,0,0.21278011023869944,0.19978546426297078,0.3199640746631223,0.0010192384408804144,0,0,0.0,0,0.0,0.0,50.0,0,,,,,,,,,,,,,,,,,,,,,,,,,,,
93,A,step_totals,,,,,,,,,,,,,,,,,,,,,71.40000000000006,,,8.0,0.11204481792717078,0.0,0.0,54.0,0.7563025210084027,0.005925196366231778,0.14814814814814814,0.0,0,8,24,17,,16,20,54,3.400000000000001,0.04761904761904759,6.000000000000003,0.08403361344537812,17,30,29
94,A,all_agents,,,40,30,10,0,16,14,0.40290131494819603,0.2426113242732,0.9895216856020894,0.08670166519462258,654,30,0.75,34,2.7058823529411766,1.2352941176470589,31.225,4033,,,,,,,,,,,,,,,,,,,,,,,,,,,
94,A,participants_only,,,30,30,0,0,16,14,0.46613103940406847,0.2677872214359599,0.9895216856020894,0.09927825938282138,654,30,1.0,34,2.7058823529411766,1.2352941176470589,24.966666666666665,4033,,,,,,,,,,,,,,,,,,,,,,,,,,,
94,A,nonparticipants_only,,,10,0,10,0,0,0,0.2132121415805786,0.202025632662999,0.3183642542898067,0.0009959059728395303,0,0,0.0,0,0.0,0.0,50.0,0,,,,,,,,,,,,,,,,,,,,,,,,,,,
94,A,step_totals,,,,,,,,,,,,,,,,,,,,,70.90000000000008,,,9.5,0.1339915373765866,0.0,0.0,51.0,0.7193229901269386,0.005365594994789435,0.21568627450980393,0.0,0,11,21,29,,19,22,51,4.400000000000001,0.06205923836389276,6.000000000000003,0.08462623413258105,22,30,22
95,A,all_agents,,,40,30,10,0,16,14,0.4036854448687572,0.2434835308871926,0.9899408181780058,0.08729632565096038,661,30,0.75,34,2.7058823529411766,1.2352941176470589,31.15,4084,,,,,,,,,,,,,,,,,,,,,,,,,,,
95,A,participants_only,,,30,30,0,0,16,14,0.46703337435845665,0.26762947724298836,0.9899408181780058,0.10001900218533899,661,30,1.0,34,2.7058823529411766,1.2352941176470589,24.866666666666667,4084,,,,,,,,,,,,,,,,,,,,,,,,,,,
95,A,nonparticipants_only,,,10,0,10,0,0,0,0.21364165639965876,0.20242309486210136,0.31677243301835767,0.0009727740002413226,0,0,0.0,0,0.0,0.0,50.0,0,,,,,,,,,,,,,,,,,,,,,,,,,,,
95,A,step_totals,,,,,,,,,,,,,,,,,,,,,71.40000000000006,,,8.0,0.11204481792717078,0.0,0.0,54.0,0.7563025210084027,0.005929473110823209,0.12962962962962962,0.0,0,7,24,17,,16,20,54,3.400000000000001,0.04761904761904759,6.000000000000003,0.08403361344537812,17,30,29
96,A,all_agents,,,40,30,10,0,16,14,0.4042241993775108,0.24226611323275665,0.9903431854508856,0.08769409054208761,670,30,0.75,34,2.7058823529411766,1.2352941176470589,31.225,4132,,,,,,,,,,,,,,,,,,,,,,,,,,,
96,A,participants_only,,,30,30,0,0,16,14,0.46760945114951163,0.26775805678546244,0.9903431854508856,0.1005378251370081,670,30,1.0,34,2.7058823529411766,1.2352941176470589,24.966666666666665,4132,,,,,,,,,,,,,,,,,,,,,,,,,,,
96,A,nonparticipants_only,,,10,0,10,0,0,0,0.2140684440615081,0.20245893411575888,0.3151885708532659,0.0009506050509268551,0,0,0.0,0,0.0,0.0,50.0,0,,,,,,,,,,,,,,,,,,,,,,,,,,,
96,A,step_totals,,,,,,,,,,,,,,,,,,,,,70.90000000000006,,,9.5,0.13399153737658662,0.0,0.0,51.0,0.7193229901269387,0.005236008676734155,0.17647058823529413,0.0,0,9,21,29,,19,22,51,4.400000000000001,0.06205923836389277,6.000000000000003,0.08462623413258107,22,30,22
97,A,all_agents,,,40,30,10,0,16,14,0.40498192408184014,0.24265576115216675,0.9907294580328502,0.08827450267558809,684,30,0.75,34,2.7058823529411766,1.2352941176470589,31.15,4184,,,,,,,,,,,,,,,,,,,,,,,,,,,
97,A,participants_only,,,30,30,0,0,16,14,0.4684782840521079,0.26760309436247093,0.9907294580328502,0.1012627560270996,684,30,1.0,34,2.7058823529411766,1.2352941176470589,24.866666666666667,4184,,,,,,,,,,,,,,,,,,,,,,,,,,,
97,A,nonparticipants_only,,,10,0,10,0,0,0,0.21449284417103692,0.20259171213921334,0.3136126279989996,0.000928289867367757,0,0,0.0,0,0.0,0.0,50.0,0,,,,,,,,,,,,,,,,,,,,,,,,,,,
97,A,step_totals,,,,,,,,,,,,,,,,,,,,,71.40000000000008,,,8.0,0.11204481792717075,0.0,0.0,54.0,0.7563025210084026,0.005845864769041956,0.25925925925925924,0.0,0,14,24,16,,16,18,54,3.400000000000001,0.04761904761904758,6.000000000000003,0.0840336134453781,17,30,28
98,A,all_agents,,,40,30,10,0,16,14,0.4055210408057073,0.241949177516803,0.9911002797115361,0.08865238413582881,688,30,0.75,34,2.7058823529411766,1.2352941176470589,31.225,4231,,,,,,,,,,,,,,,,,,,,,,,,,,,
98,A,participants_only,,,30,30,0,0,16,14,0.4690564378351537,0.26711194772490593,0.9911002797115361,0.10175421654512756,688,30,1.0,34,2.7058823529411766,1.2352941176470589,24.966666666666665,4231,,,,,,,,,,,,,,,,,,,,,,,,,,,
98,A,nonparticipants_only,,,10,0,10,0,0,0,0.21491484971736796,0.20348996502066757,0.31204456485900456,0.0009059267996598751,0,0,0.0,0,0.0,0.0,50.0,0,,,,,,,,,,,,,,,,,,,,,,,,,,,
98,A,step_totals,,,,,,,,,,,,,,,,,,,,,70.90000000000008,,,9.5,0.1339915373765866,0.0,0.0,51.0,0.7193229901269386,0.005247079641304252,0.0784313725490196,0.0,0,4,21,29,,19,22,51,4.400000000000001,0.06205923836389276,6.000000000000003,0.08462623413258105,22,30,22
99,A,all_agents,,,40,30,10,0,16,14,0.40609307287010465,0.24285902944493742,0.9914562685230747,0.08916414544298323,697,30,0.75,34,2.7058823529411766,1.2352941176470589,31.15,4280,,,,,,,,,,,,,,,,,,,,,,,,,,,
99,A,participants_only,,,30,30,0,0,16,14,0.469679307747645,0.2658113713913794,0.9914562685230747,0.10241805541601924,697,30,1.0,34,2.7058823529411766,1.2352941176470589,24.866666666666667,4280,,,,,,,,,,,,,,,,,,,,,,,,,,,
99,A,nonparticipants_only,,,10,0,10,0,0,0,0.21533436823748361,0.20512985175183715,0.31048434203470954,0.000883904333054487,0,0,0.0,0,0.0,0.0,50.0,0,,,,,,,,,,,,,,,,,,,,,,,,,,,
99,A,step_totals,,,,,,,,,,,,,,,,,,,,,71.20000000000006,,,8.0,0.11235955056179765,0.0,0.0,54.0,0.7584269662921342,0.005241636984183992,0.16666666666666666,0.0,0,9,24,16,,16,18,54,3.2000000000000006,0.04494382022471907,6.000000000000003,0.08426966292134828,16,30,28
100,A,all_agents,,,40,30,10,0,16,14,0.40662775354151737,0.24248866624858206,0.9917980177821517,0.08955062049140945,703,30,0.75,34,2.7058823529411766,1.2352941176470589,31.225,4329,,,,,,,,,,,,,,,,,,,,,,,,,,,
100,A,participants_only,,,30,30,0,0,16,14,0.4702534725857776,0.2647483870314235,0.9917980177821517,0.10291951615323747,703,30,1.0,34,2.7058823529411766,1.2352941176470589,24.966666666666665,4329,,,,,,,,,,,,,,,,,,,,,,,,,,,
100,A,nonparticipants_only,,,10,0,10,0,0,0,0.2157505964087365,0.2054251754153971,0.308931920324536,0.0008651480191356655,0,0,0.0,0,0.0,0.0,50.0,0,,,,,,,,,,,,,,,,,,,,,,,,,,,
100,A,step_totals,,,,,,,,,,,,,,,,,,,,,70.90000000000006,,,9.5,0.13399153737658662,0.0,0.0,51.0,0.7193229901269387,0.0052375829091210685,0.11764705882352941,0.0,0,6,21,29,,19,22,51,4.400000000000001,0.06205923836389277,6.000000000000003,0.08462623413258107,22,30,22
100,A,reachability,0.25,0.0,,,,,,,,,,,,,,,,,,,,,,,,,,,,,,,,,,,,,,,,,,,,,
101,A,all_agents,,,40,30,10,0,16,14,0.40728255691284654,0.24379323210140985,0.9921260970708656,0.09008822273460901,709,30,0.75,34,2.7058823529411766,1.2352941176470589,31.15,4381,,,,,,,,,,,,,,,,,,,,,,,,,,,
101,A,participants_only,,,30,30,0,0,16,14,0.4709885934358847,0.26433345994544455,0.9921260970708656,0.10360168123844118,709,30,1.0,34,2.7058823529411766,1.2352941176470589,24.866666666666667,4381,,,,,,,,,,,,,,,,,,,,,,,,,,,
101,A,nonparticipants_only,,,10,0,10,0,0,0,0.2161644473437321,0.20575309487905102,0.3073872607229133,0.0008463381494164231,0,0,0.0,0,0.0,0.0,50.0,0,,,,,,,,,,,,,,,,,,,,,,,,,,,
101,A,step_totals,,,,,,,,,,,,,,,,,,,,,71.20000000000006,,,8.0,0.11235955056179765,0.0,0.0,54.0,0.7584269662921342,0.005525354855825859,0.1111111111111111,0.0,0,6,24,16,,16,18,54,3.2000000000000006,0.04494382022471907,6.000000000000003,0.08426966292134828,16,30,28
102,A,all_agents,,,40,30,10,0,16,14,0.40783710634750087,0.2425742659409028,0.992441053188031,0.09048084426446638,721,30,0.75,34,2.7058823529411766,1.2352941176470589,31.225,4431,,,,,,,,,,,,,,,,,,,,,,,,,,,
102,A,participants_only,,,30,30,0,0,16,14,0.4715908483209081,0.26466210226534276,0.992441053188031,0.10410706051566905,721,30,1.0,34,2.7058823529411766,1.2352941176470589,24.966666666666665,4431,,,,,,,,,,,,,,,,,,,,,,,,,,,
102,A,nonparticipants_only,,,10,0,10,0,0,0,0.21657588042727888,0.20575615439390238,0.3058503244192987,0.0008277201235167994,0,0,0.0,0,0.0,0.0,50.0,0,,,,,,,,,,,,,,,,,,,,,,,,,,,
102,A,step_totals,,,,,,,,,,,,,,,,,,,,,70.90000000000008,,,9.5,0.1339915373765866,0.0,0.0,51.0,0.7193229901269386,0.005312490174442378,0.23529411764705882,0.0,0,12,21,29,,19,22,51,4.400000000000001,0.06205923836389276,6.000000000000003,0.08462623413258105,22,30,22
103,A,all_agents,,,40,30,10,0,16,14,0.40849841343314325,0.2417617443329298,0.9927434110605098,0.0910290797112257,727,30,0.75,34,2.7058823529411766,1.2352941176470589,31.15,4484,,,,,,,,,,,,,,,,,,,,,,,,,,,
103,A,participants_only,,,30,30,0,0,16,14,0.4723361663101049,0.26409790012837875,0.9927434110605098,0.10480159108336404,727,30,1.0,34,2.7058823529411766,1.2352941176470589,24.866666666666667,4484,,,,,,,,,,,,,,,,,,,,,,,,,,,
103,A,nonparticipants_only,,,10,0,10,0,0,0,0.21698515480225827,0.20623109643184678,0.3043210727972022,0.0008084412862503918,0,0,0.0,0,0.0,0.0,50.0,0,,,,,,,,,,,,,,,,,,,,,,,,,,,
103,A,step_totals,,,,,,,,,,,,,,,,,,,,,71.20000000000006,,,8.0,0.11235955056179765,0.0,0.0,54.0,0.7584269662921342,0.005552961321381712,0.1111111111111111,0.0,0,6,24,16,,16,17,54,3.2000000000000006,0.04494382022471907,6.000000000000003,0.08426966292134828,16,30,27
104,A,all_agents,,,40,30,10,0,16,14,0.4090224854272751,0.24063234518806503,0.9930336746180894,0.09140763066283163,739,30,0.75,34,2.7058823529411766,1.2352941176470589,31.225,4534,,,,,,,,,,,,,,,,,,,,,,,,,,,
104,A,participants_only,,,30,30,0,0,16,14,0.4728992931211746,0.2646306594565919,0.9930336746180894,0.10529275780252242,739,30,1.0,34,2.7058823529411766,1.2352941176470589,24.966666666666665,4534,,,,,,,,,,,,,,,,,,,,,,,,,,,
104,A,nonparticipants_only,,,10,0,10,0,0,0,0.21739206234557626,0.2086439536410884,0.30279946743321623,0.0007892905097980593,0,0,0.0,0,0.0,0.0,50.0,0,,,,,,,,,,,,,,,,,,,,,,,,,,,
104,A,step_totals,,,,,,,,,,,,,,,,,,,,,70.90000000000008,,,9.5,0.1339915373765866,0.0,0.0,51.0,0.7193229901269386,0.005217472821684035,0.23529411764705882,0.0,0,12,21,29,,19,22,51,4.400000000000001,0.06205923836389276,6.000000000000003,0.08462623413258105,22,30,22
105,A,all_agents,,,40,30,10,0,16,14,0.4096802295180279,0.2402668084831257,0.9933123276333659,0.09196400364914208,747,30,0.75,34,2.7058823529411766,1.2352941176470589,31.15,4587,,,,,,,,,,,,,,,,,,,,,,,,,,,
105,A,participants_only,,,30,30,0,0,16,14,0.47364156147748376,0.26473232280081904,0.9933123276333659,0.10599725365593447,747,30,1.0,34,2.7058823529411766,1.2352941176470589,24.866666666666667,4587,,,,,,,,,,,,,,,,,,,,,,,,,,,
105,A,nonparticipants_only,,,10,0,10,0,0,0,0.21779623363966039,0.20843214485107478,0.30128547009605017,0.0007716297964323749,0,0,0.0,0,0.0,0.0,50.0,0,,,,,,,,,,,,,,,,,,,,,,,,,,,
105,A,step_totals,,,,,,,,,,,,,,,,,,,,,71.20000000000006,,,8.0,0.11235955056179765,0.0,0.0,54.0,0.7584269662921342,0.005546331958825577,0.14814814814814814,0.0,0,8,24,16,,16,17,54,3.2000000000000006,0.04494382022471907,6.000000000000003,0.08426966292134828,16,30,27
106,A,all_agents,,,40,30,10,0,16,14,0.4101402820975676,0.2403791836543006,0.9933792043570322,0.09230453492704101,748,30,0.75,34,2.7058823529411766,1.2352941176470589,31.225,4634,,,,,,,,,,,,,,,,,,,,,,,,,,,
106,A,participants_only,,,30,30,0,0,16,14,0.47412128312084395,0.26518305576336765,0.9933792043570322,0.1064461463965588,748,30,1.0,34,2.7058823529411766,1.2352941176470589,24.966666666666665,4634,,,,,,,,,,,,,,,,,,,,,,,,,,,
106,A,nonparticipants_only,,,10,0,10,0,0,0,0.21819727902773847,0.20866310537551047,0.29977904274556993,0.0007568786152017063,0,0,0.0,0,0.0,0.0,50.0,0,,,,,,,,,,,,,,,,,,,,,,,,,,,
106,A,step_totals,,,,,,,,,,,,,,,,,,,,,70.90000000000008,,,9.5,0.1339915373765866,0.0,0.0,51.0,0.7193229901269386,0.0050079824405703825,0.0196078431372549,0.0,0,1,21,29,,19,22,51,4.400000000000001,0.06205923836389276,6.000000000000003,0.08462623413258105,22,30,22
107,A,all_agents,,,40,30,10,0,16,14,0.41073640492721153,0.24003962782179927,0.9936440361827509,0.09283105461202845,756,30,0.75,34,2.7058823529411766,1.2352941176470589,31.15,4687,,,,,,,,,,,,,,,,,,,,,,,,,,,
107,A,participants_only,,,30,30,0,0,16,14,0.47478312722220906,0.26420680420775333,0.9936440361827509,0.10711968811041064,756,30,1.0,34,2.7058823529411766,1.2352941176470589,24.866666666666667,4687,,,,,,,,,,,,,,,,,,,,,,,,,,,
107,A,nonparticipants_only,,,10,0,10,0,0,0,0.21859623804221906,0.20894910255969415,0.29828014753184207,0.0007413624760915425,0,0,0.0,0,0.0,0.0,50.0,0,,,,,,,,,,,,,,,,,,,,,,,,,,,
107,A,step_totals,,,,,,,,,,,,,,,,,,,,,71.20000000000006,,,8.0,0.11235955056179765,0.0,0.0,54.0,0.7584269662921342,0.005342738886277707,0.14814814814814814,0.0,0,8,24,16,,16,17,54,3.2000000000000006,0.04494382022471907,6.000000000000003,0.08426966292134828,16,30,27
108,A,all_agents,,,40,30,10,0,16,14,0.41127161160867176,0.23937306314830115,0.9938982747354408,0.09318799796835721,760,30,0.75,34,2.7058823529411766,1.2352941176470589,31.225,4737,,,,,,,,,,,,,,,,,,,,,,,,,,,
108,A,participants_only,,,30,30,0,0,16,14,0.4753644805571476,0.26387084370326314,0.9938982747354408,0.1075772377132204,760,30,1.0,34,2.7058823529411766,1.2352941176470589,24.966666666666665,4737,,,,,,,,,,,,,,,,,,,,,,,,,,,
108,A,nonparticipants_only,,,10,0,10,0,0,0,0.21899300476324435,0.20928852017077065,0.2967887467941829,0.0007255285332096703,0,0,0.0,0,0.0,0.0,50.0,0,,,,,,,,,,,,,,,,,,,,,,,,,,,
108,A,step_totals,,,,,,,,,,,,,,,,,,,,,70.90000000000006,,,9.5,0.13399153737658662,0.0,0.0,51.0,0.7193229901269387,0.005269859074183396,0.0784313725490196,0.0,0,4,21,29,,19,22,51,4.400000000000001,0.06205923836389277,6.000000000000003,0.08462623413258107,22,30,22
109,A,all_agents,,,40,30,10,0,16,14,0.4116840247289748,0.24055272806278963,0.9941423437460232,0.0936415467613669,768,30,0.75,34,2.7058823529411766,1.2352941176470589,31.15,4787,,,,,,,,,,,,,,,,,,,,,,,,,,,
109,A,participants_only,,,30,30,0,0,16,14,0.4757828216357422,0.2626422190877154,0.9941423437460232,0.1081843636414539,768,30,1.0,34,2.7058823529411766,1.2352941176470589,24.866666666666667,4787,,,,,,,,,,,,,,,,,,,,,,,,,,,
109,A,nonparticipants_only,,,10,0,10,0,0,0,0.21938763400867278,0.21070872384916095,0.29530480306021195,0.0007092269423658372,0,0,0.0,0,0.0,0.0,50.0,0,,,,,,,,,,,,,,,,,,,,,,,,,,,
109,A,step_totals,,,,,,,,,,,,,,,,,,,,,71.20000000000006,,,8.0,0.11235955056179765,0.0,0.0,54.0,0.7584269662921342,0.004729569610161993,0.14814814814814814,0.0,0,8,24,16,,16,17,54,3.2000000000000006,0.04494382022471907,6.000000000000003,0.08426966292134828,16,30,26
110,A,all_agents,,,40,30,10,0,16,14,0.41217290544226876,0.24079768205547478,0.9943766499961822,0.09397457998191544,773,30,0.75,34,2.7058823529411766,1.2352941176470589,31.225,4837,,,,,,,,,,,,,,,,,,,,,,,,,,,
110,A,participants_only,,,30,30,0,0,16,14,0.4763039895902398,0.263037256702107,0.9943766499961822,0.10861686472370857,773,30,1.0,34,2.7058823529411766,1.2352941176470589,24.966666666666665,4837,,,,,,,,,,,,,,,,,,,,,,,,,,,
110,A,nonparticipants_only,,,10,0,10,0,0,0,0.21977965299835578,0.21132120184415024,0.2938282790449109,0.000694174308606402,0,0,0.0,0,0.0,0.0,50.0,0,,,,,,,,,,,,,,,,,,,,,,,,,,,
110,A,step_totals,,,,,,,,,,,,,,,,,,,,,70.90000000000006,,,9.5,0.13399153737658662,0.0,0.0,51.0,0.7193229901269387,0.005117081322965306,0.09803921568627451,0.0,0,5,21,29,,19,22,51,4.400000000000001,0.06205923836389277,6.000000000000003,0.08462623413258107,22,30,22
110,A,reachability,0.25,0.0,,,,,,,,,,,,,,,,,,,,,,,,,,,,,,,,,,,,,,,,,,,,,
111,A,all_agents,,,40,30,10,0,16,14,0.41266770071570963,0.2407125270674338,0.9946015839963349,0.09445128055258592,779,30,0.75,34,2.7058823529411766,1.2352941176470589,31.15,4888,,,,,,,,,,,,,,,,,,,,,,,,,,,
111,A,participants_only,,,30,30,0,0,16,14,0.47683390776592716,0.26241705559944906,0.9946015839963349,0.10923905583911148,779,30,1.0,34,2.7058823529411766,1.2352941176470589,24.866666666666667,4888,,,,,,,,,,,,,,,,,,,,,,,,,,,
111,A,nonparticipants_only,,,10,0,10,0,0,0,0.2201690795650571,0.21145820281186756,0.2923591376496863,0.0006803291664726324,0,0,0.0,0,0.0,0.0,50.0,0,,,,,,,,,,,,,,,,,,,,,,,,,,,
111,A,step_totals,,,,,,,,,,,,,,,,,,,,,71.20000000000006,,,8.0,0.11235955056179765,0.0,0.0,54.0,0.7584269662921342,0.005011668384103993,0.1111111111111111,0.0,0,6,24,16,,16,17,54,3.2000000000000006,0.04494382022471907,6.000000000000003,0.08426966292134828,16,30,26
112,A,all_agents,,,40,30,10,0,16,14,0.41308453866835854,0.239937516968571,0.9948175206364815,0.09478000440615403,787,30,0.75,34,2.7058823529411766,1.2352941176470589,31.225,4937,,,,,,,,,,,,,,,,,,,,,,,,,,,
112,A,participants_only,,,30,30,0,0,16,14,0.47726082131136155,0.26244496424786473,0.9948175206364815,0.10967609274859118,787,30,1.0,34,2.7058823529411766,1.2352941176470589,24.966666666666665,4937,,,,,,,,,,,,,,,,,,,,,,,,,,,
112,A,nonparticipants_only,,,10,0,10,0,0,0,0.2205556907393495,0.21142925922982314,0.29089734196143785,0.0006685963323472523,0,0,0.0,0,0.0,0.0,50.0,0,,,,,,,,,,,,,,,,,,,,,,,,,,,
112,A,step_totals,,,,,,,,,,,,,,,,,,,,,70.90000000000008,,,9.5,0.1339915373765866,0.0,0.0,51.0,0.7193229901269386,0.0048777603547502145,0.1568627450980392,0.0,0,8,21,28,,19,22,51,4.400000000000001,0.06205923836389276,6.000000000000003,0.08462623413258105,22,30,22
113,A,all_agents,,,40,30,10,0,16,14,0.4135339457570114,0.2398228167365635,0.9950248198110223,0.0952424073641951,794,30,0.75,34,2.7058823529411766,1.2352941176470589,31.15,4986,,,,,,,,,,,,,,,,,,,,,,,,,,,
113,A,participants_only,,,30,30,0,0,16,14,0.4777317858567623,0.2617168384169455,0.9950248198110223,0.11028587924756189,794,30,1.0,34,2.7058823529411766,1.2352941176470589,24.866666666666667,4986,,,,,,,,,,,,,,,,,,,,,,,,,,,
113,A,nonparticipants_only,,,10,0,10,0,0,0,0.2209404254577588,0.21237340201760602,0.28944285525163066,0.0006556396324165718,0,0,0.0,0,0.0,0.0,50.0,0,,,,,,,,,,,,,,,,,,,,,,,,,,,
113,A,step_totals,,,,,,,,,,,,,,,,,,,,,71.20000000000006,,,8.0,0.11235955056179765,0.0,0.0,54.0,0.7584269662921342,0.004862929996708763,0.12962962962962962,0.0,0,7,24,16,,16,17,54,3.2000000000000006,0.04494382022471907,6.000000000000003,0.08426966292134828,16,30,26
114,A,all_agents,,,40,30,10,0,16,14,0.41390595202874636,0.23969552860762178,0.9952238270185814,0.0955409235649658,803,30,0.75,34,2.7058823529411766,1.2352941176470589,31.225,5035,,,,,,,,,,,,,,,,,,,,,,,,,,,
114,A,participants_only,,,30,30,0,0,16,14,0.4781002720833656,0.2620794616781168,0.9952238270185814,0.11069007474363333,803,30,1.0,34,2.7058823529411766,1.2352941176470589,24.966666666666665,5035,,,,,,,,,,,,,,,,,,,,,,,,,,,
114,A,nonparticipants_only,,,10,0,10,0,0,0,0.22132299186488874,0.21275638027271285,0.2879956409753725,0.0006425413016645127,0,0,0.0,0,0.0,0.0,50.0,0,,,,,,,,,,,,,,,,,,,,,,,,,,,
114,A,step_totals,,,,,,,,,,,,,,,,,,,,,70.90000000000008,,,9.5,0.1339915373765866,0.0,0.0,51.0,0.7193229901269386,0.0047317424888506905,0.17647058823529413,0.0,0,9,21,28,,19,22,51,4.400000000000001,0.06205923836389276,6.000000000000003,0.08462623413258105,22,30,22
115,A,all_agents,,,40,30,10,0,16,14,0.4143907416901963,0.23942144495559226,0.9954148739378381,0.09601712434907989,815,30,0.75,34,2.7058823529411766,1.2352941176470589,31.15,5087,,,,,,,,,,,,,,,,,,,,,,,,,,,
115,A,participants_only,,,30,30,0,0,16,14,0.47861992921706753,0.26114422947736315,0.9954148739378381,0.1113112509435503,815,30,1.0,34,2.7058823529411766,1.2352941176470589,24.866666666666667,5087,,,,,,,,,,,,,,,,,,,,,,,,,,,
115,A,nonparticipants_only,,,10,0,10,0,0,0,0.22170317910958254,0.21331472976934712,0.28655566277049566,0.0006300822013247201,0,0,0.0,0,0.0,0.0,50.0,0,,,,,,,,,,,,,,,,,,,,,,,,,,,
115,A,step_totals,,,,,,,,,,,,,,,,,,,,,71.20000000000006,,,8.0,0.11235955056179765,0.0,0.0,54.0,0.7584269662921342,0.004985418361407345,0.2222222222222222,0.0,0,12,24,16,,16,17,54,3.2000000000000006,0.04494382022471907,6.000000000000003,0.08426966292134828,16,30,26
116,A,all_agents,,,40,30,10,0,16,14,0.4147628094936715,0.2390940761213754,0.9955982789803246,0.09631990069687085,820,30,0.75,34,2.7058823529411766,1.2352941176470589,31.225,5135,,,,,,,,,,,,,,,,,,,,,,,,,,,
116,A,participants_only,,,30,30,0,0,16,14,0.4789901146170374,0.26113429498213425,0.9955982789803246,0.11171974487182018,820,30,1.0,34,2.7058823529411766,1.2352941176470589,24.966666666666665,5135,,,,,,,,,,,,,,,,,,,,,,,,,,,
116,A,nonparticipants_only,,,10,0,10,0,0,0,0.22208089412357396,0.21390607498626574,0.2851228844566432,0.0006186074911036336,0,0,0.0,0,0.0,0.0,50.0,0,,,,,,,,,,,,,,,,,,,,,,,,,,,
116,A,step_totals,,,,,,,,,,,,,,,,,,,,,70.90000000000008,,,9.5,0.1339915373765866,0.0,0.0,51.0,0.7193229901269386,0.00473758039381344,0.09803921568627451,0.0,0,5,21,28,,19,22,51,4.400000000000001,0.06205923836389276,6.000000000000003,0.08462623413258105,22,30,22
117,A,all_agents,,,40,30,10,0,16,14,0.4152230155894424,0.23878780504609506,0.9957743478211116,0.09678480442649075,827,30,0.75,34,2.7058823529411766,1.2352941176470589,31.15,5186,,,,,,,,,,,,,,,,,,,,,,,,,,,
117,A,participants_only,,,30,30,0,0,16,14,0.4794785865115726,0.26032795654498697,0.9957743478211116,0.11232875006845366,827,30,1.0,34,2.7058823529411766,1.2352941176470589,24.866666666666667,5186,,,,,,,,,,,,,,,,,,,,,,,,,,,
117,A,nonparticipants_only,,,10,0,10,0,0,0,0.22245630282305182,0.2140383489089791,0.28369727003435996,0.0006076267662551375,0,0,0.0,0,0.0,0.0,50.0,0,,,,,,,,,,,,,,,,,,,,,,,,,,,
117,A,step_totals,,,,,,,,,,,,,,,,,,,,,71.20000000000006,,,8.0,0.11235955056179765,0.0,0.0,54.0,0.7584269662921342,0.0049057451806500405,0.12962962962962962,0.0,0,7,24,16,,16,17,54,3.2000000000000006,0.04494382022471907,6.000000000000003,0.08426966292134828,16,30,25
118,A,all_agents,,,40,30,10,0,16,14,0.4155743196490001,0.23950372181086915,0.9959433739082671,0.09707679049510781,835,30,0.75,34,2.7058823529411766,1.2352941176470589,31.225,5234,,,,,,,,,,,,,,,,,,,,,,,,,,,
118,A,participants_only,,,30,30,0,0,16,14,0.4798227171576681,0.2597204922985161,0.9959433739082671,0.11272489089509428,835,30,1.0,34,2.7058823529411766,1.2352941176470589,24.966666666666665,5234,,,,,,,,,,,,,,,,,,,,,,,,,,,
118,A,nonparticipants_only,,,10,0,10,0,0,0,0.22282912712299613,0.2140104039886024,0.2822787836841882,0.0005982103059666001,0,0,0.0,0,0.0,0.0,50.0,0,,,,,,,,,,,,,,,,,,,,,,,,,,,
118,A,step_totals,,,,,,,,,,,,,,,,,,,,,70.90000000000006,,,9.5,0.13399153737658662,0.0,0.0,51.0,0.7193229901269387,0.004671919102216118,0.1568627450980392,0.0,0,8,21,28,,19,22,51,4.400000000000001,0.06205923836389277,6.000000000000003,0.08462623413258107,22,30,22
119,A,all_agents,,,40,30,10,0,16,14,0.41595524260643196,0.2394384967168331,0.9961056389519365,0.09750864468257603,847,30,0.75,34,2.7058823529411766,1.2352941176470589,31.15,5284,,,,,,,,,,,,,,,,,,,,,,,,,,,
119,A,participants_only,,,30,30,0,0,16,14,0.48020696027703663,0.25969179099502526,0.9961056389519365,0.11330246868243422,847,30,1.0,34,2.7058823529411766,1.2352941176470589,24.866666666666667,5284,,,,,,,,,,,,,,,,,,,,,,,,,,,
119,A,nonparticipants_only,,,10,0,10,0,0,0,0.22320008959461787,0.21524794791115348,0.28086738976576725,0.000587773999524301,0,0,0.0,0,0.0,0.0,50.0,0,,,,,,,,,,,,,,,,,,,,,,,,,,,
119,A,step_totals,,,,,,,,,,,,,,,,,,,,,71.20000000000007,,,8.0,0.11235955056179764,0.0,0.0,54.0,0.758426966292134,0.004641517911423715,0.2222222222222222,0.0,0,12,24,16,,16,17,54,3.2000000000000006,0.044943820224719065,6.000000000000003,0.08426966292134827,16,30,25
120,A,all_agents,,,40,30,10,0,16,14,0.41624585130641356,0.23927335468658273,0.996261413393859,0.09775578809669115,858,30,0.75,34,2.7058823529411766,1.2352941176470589,31.225,5332,,,,,,,,,,,,,,,,,,,,,,,,,,,
120,A,participants_only,,,30,30,0,0,16,14,0.48047158424305025,0.2595063424316399,0.996261413393859,0.11364851936748846,858,30,1.0,34,2.7058823529411766,1.2352941176470589,24.966666666666665,5332,,,,,,,,,,,,,,,,,,,,,,,,,,,
120,A,nonparticipants_only,,,10,0,10,0,0,0,0.22356865249650354,0.21529173439949917,0.2794630528169384,0.0005782570293211229,0,0,0.0,0,0.0,0.0,50.0,0,,,,,,,,,,,,,,,,,,,,,,,,,,,
120,A,step_totals,,,,,,,,,,,,,,,,,,,,,70.90000000000006,,,9.5,0.13399153737658662,0.0,0.0,51.0,0.7193229901269387,0.004470461032874169,0.21568627450980393,0.0,0,11,21,28,,19,22,51,4.400000000000001,0.06205923836389277,6.000000000000003,0.08462623413258107,22,30,22
120,A,reachability,0.25,0.0,,,,,,,,,,,,,,,,,,,,,,,,,,,,,,,,,,,,,,,,,,,,,
121,A,all_agents,,,40,30,10,0,16,14,0.4166898932688709,0.23950371616529115,0.9964109568581047,0.09822257038111566,863,30,0.75,34,2.7058823529411766,1.2352941176470589,31.15,5386,,,,,,,,,,,,,,,,,,,,,,,,,,,
121,A,participants_only,,,30,30,0,0,16,14,0.48094153606639994,0.2592176346877332,0.9964109568581047,0.11426061771288287,863,30,1.0,34,2.7058823529411766,1.2352941176470589,24.866666666666667,5386,,,,,,,,,,,,,,,,,,,,,,,,,,,
121,A,nonparticipants_only,,,10,0,10,0,0,0,0.22393496487628375,0.215830818753394,0.2780657375528537,0.0005691451596388283,0,0,0.0,0,0.0,0.0,50.0,0,,,,,,,,,,,,,,,,,,,,,,,,,,,
121,A,step_totals,,,,,,,,,,,,,,,,,,,,,71.20000000000006,,,8.0,0.11235955056179765,0.0,0.0,54.0,0.7584269662921342,0.004856434530662833,0.09259259259259259,0.0,0,5,24,16,,16,17,54,3.2000000000000006,0.04494382022471907,6.000000000000003,0.08426966292134828,16,30,25
122,A,all_agents,,,40,30,10,0,16,14,0.41702909332588406,0.23967282642032223,0.9965545185837805,0.09848261613970648,872,30,0.75,34,2.7058823529411766,1.2352941176470589,31.225,5435,,,,,,,,,,,,,,,,,,,,,,,,,,,
122,A,participants_only,,,30,30,0,0,16,14,0.48127238776306314,0.26012390189777024,0.9965545185837805,0.11461471891958347,872,30,1.0,34,2.7058823529411766,1.2352941176470589,24.966666666666665,5435,,,,,,,,,,,,,,,,,,,,,,,,,,,
122,A,nonparticipants_only,,,10,0,10,0,0,0,0.22429921001434677,0.2164017603520038,0.2766754088650894,0.0005598972383705225,0,0,0.0,0,0.0,0.0,50.0,0,,,,,,,,,,,,,,,,,,,,,,,,,,,
122,A,step_totals,,,,,,,,,,,,,,,,,,,,,70.90000000000006,,,9.5,0.13399153737658662,0.0,0.0,51.0,0.7193229901269387,0.004640363843773965,0.17647058823529413,0.0,0,9,21,28,,19,22,51,4.400000000000001,0.06205923836389277,6.000000000000003,0.08462623413258107,22,30,22
123,A,all_agents,,,40,30,10,0,16,14,0.4174174993981785,0.2392837519251183,0.9966923378404293,0.09891446937865718,883,30,0.75,34,2.7058823529411766,1.2352941176470589,31.15,5485,,,,,,,,,,,,,,,,,,,,,,,,,,,
123,A,participants_only,,,30,30,0,0,16,14,0.48166956592642346,0.25954411827699264,0.9966923378404293,0.11518902388630932,883,30,1.0,34,2.7058823529411766,1.2352941176470589,24.866666666666667,5485,,,,,,,,,,,,,,,,,,,,,,,,,,,
123,A,nonparticipants_only,,,10,0,10,0,0,0,0.22466129981344377,0.2165294703304186,0.27529203182076395,0.0005508692179006,0,0,0.0,0,0.0,0.0,50.0,0,,,,,,,,,,,,,,,,,,,,,,,,,,,
123,A,step_totals,,,,,,,,,,,,,,,,,,,,,71.20000000000006,,,8.0,0.11235955056179765,0.0,0.0,54.0,0.7584269662921342,0.004672072794810683,0.2037037037037037,0.0,0,11,24,16,,16,17,54,3.2000000000000006,0.04494382022471907,6.000000000000003,0.08426966292134828,16,30,25
124,A,all_agents,,,40,30,10,0,16,14,0.4177162600303116,0.23891872653453994,0.9968246443268122,0.09917526343940254,888,30,0.75,34,2.7058823529411766,1.2352941176470589,31.225,5535,,,,,,,,,,,,,,,,,,,,,,,,,,,
124,A,participants_only,,,30,30,0,0,16,14,0.48194804099183225,0.2594601203644611,0.9968246443268122,0.11554971036019922,888,30,1.0,34,2.7058823529411766,1.2352941176470589,24.966666666666665,5535,,,,,,,,,,,,,,,,,,,,,,,,,,,
124,A,nonparticipants_only,,,10,0,10,0,0,0,0.22502091714574965,0.2165024896141527,0.27391557166166014,0.0005432624511473156,0,0,0.0,0,0.0,0.0,50.0,0,,,,,,,,,,,,,,,,,,,,,,,,,,,
124,A,step_totals,,,,,,,,,,,,,,,,,,,,,70.90000000000006,,,9.5,0.13399153737658662,0.0,0.0,51.0,0.7193229901269387,0.004507471188839963,0.09803921568627451,0.0,0,5,21,28,,19,22,51,4.400000000000001,0.06205923836389277,6.000000000000003,0.08462623413258107,22,30,22
125,A,all_agents,,,40,30,10,0,16,14,0.4180845232284497,0.24105247379374295,0.9969516585537397,0.09959985184461644,897,30,0.75,34,2.7058823529411766,1.2352941176470589,31.15,5588,,,,,,,,,,,,,,,,,,,,,,,,,,,
125,A,participants_only,,,30,30,0,0,16,14,0.4823198514147532,0.25876387119104804,0.9969516585537397,0.11611663853400847,897,30,1.0,34,2.7058823529411766,1.2352941176470589,24.866666666666667,5588,,,,,,,,,,,,,,,,,,,,,,,,,,,
125,A,nonparticipants_only,,,10,0,10,0,0,0,0.2253785386695393,0.21769733364988014,0.2725459938033518,0.0005353631300149709,0,0,0.0,0,0.0,0.0,50.0,0,,,,,,,,,,,,,,,,,,,,,,,,,,,
125,A,step_totals,,,,,,,,,,,,,,,,,,,,,71.20000000000006,,,8.0,0.11235955056179765,0.0,0.0,54.0,0.7584269662921342,0.004606565369322685,0.16666666666666666,0.0,0,9,24,16,,16,17,54,3.2000000000000006,0.04494382022471907,6.000000000000003,0.08426966292134828,16,30,25
126,A,all_agents,,,40,30,10,0,16,14,0.4183953831698492,0.23994102159919095,0.9970735922115901,0.09984272212889386,901,30,0.75,34,2.7058823529411766,1.2352941176470589,31.225,5638,,,,,,,,,,,,,,,,,,,,,,,,,,,
126,A,participants_only,,,30,30,0,0,16,14,0.48261592484168764,0.25818296773660354,0.9970735922115901,0.11645032014575682,901,30,1.0,34,2.7058823529411766,1.2352941176470589,24.966666666666665,5638,,,,,,,,,,,,,,,,,,,,,,,,,,,
126,A,nonparticipants_only,,,10,0,10,0,0,0,0.22573375815433377,0.21773960934086128,0.27118326383433505,0.0005285924068128628,0,0,0.0,0,0.0,0.0,50.0,0,,,,,,,,,,,,,,,,,,,,,,,,,,,
126,A,step_totals,,,,,,,,,,,,,,,,,,,,,70.90000000000008,,,9.5,0.1339915373765866,0.0,0.0,51.0,0.7193229901269386,0.004552203155785095,0.0784313725490196,0.0,0,4,21,28,,19,22,51,4.400000000000001,0.06205923836389276,6.000000000000003,0.08462623413258105,22,30,22
127,A,all_agents,,,40,30,10,0,16,14,0.41873321025773413,0.24032842044542793,0.9971906485231264,0.10024413791877537,914,30,0.75,34,2.7058823529411766,1.2352941176470589,31.15,5690,,,,,,,,,,,,,,,,,,,,,,,,,,,
127,A,participants_only,,,30,30,0,0,16,14,0.4829486051941017,0.2581557825275039,0.9971906485231264,0.11699056098179121,914,30,1.0,34,2.7058823529411766,1.2352941176470589,24.866666666666667,5690,,,,,,,,,,,,,,,,,,,,,,,,,,,
127,A,nonparticipants_only,,,10,0,10,0,0,0,0.2260870254486313,0.21826009327138507,0.26982734751516335,0.0005214653677239005,0,0,0.0,0,0.0,0.0,50.0,0,,,,,,,,,,,,,,,,,,,,,,,,,,,
127,A,step_totals,,,,,,,,,,,,,,,,,,,,,71.20000000000007,,,8.0,0.11235955056179764,0.0,0.0,54.0,0.758426966292134,0.004506357029290411,0.24074074074074073,0.0,0,13,24,16,,16,17,54,3.2000000000000006,0.044943820224719065,6.000000000000003,0.08426966292134827,16,30,25
128,A,all_agents,,,40,30,10,0,16,14,0.41905657237624266,0.23993498760051912,0.9973030225822014,0.10049904572998099,920,30,0.75,34,2.7058823529411766,1.2352941176470589,31.225,5741,,,,,,,,,,,,,,,,,,,,,,,,,,,
128,A,participants_only,,,30,30,0,0,16,14,0.48326258691696883,0.25797826927980294,0.9973030225822014,0.11733794678341905,920,30,1.0,34,2.7058823529411766,1.2352941176470589,24.966666666666665,5741,,,,,,,,,,,,,,,,,,,,,,,,,,,
128,A,nonparticipants_only,,,10,0,10,0,0,0,0.22643852875406406,0.21881133525271318,0.26847821077758754,0.0005133949312195039,0,0,0.0,0,0.0,0.0,50.0,0,,,,,,,,,,,,,,,,,,,,,,,,,,,
128,A,step_totals,,,,,,,,,,,,,,,,,,,,,70.90000000000008,,,9.5,0.1339915373765866,0.0,0.0,51.0,0.7193229901269386,0.0045982758571671365,0.11764705882352941,0.0,0,6,21,28,,19,22,51,4.400000000000001,0.06205923836389276,6.000000000000003,0.08462623413258105,22,30,22
129,A,all_agents,,,40,30,10,0,16,14,0.4194156590958225,0.24034556802337861,0.9974109016789133,0.10092410157055313,931,30,0.75,34,2.7058823529411766,1.2352941176470589,31.15,5795,,,,,,,,,,,,,,,,,,,,,,,,,,,
129,A,participants_only,,,30,30,0,0,16,14,0.4836249094711868,0.2577025529000436,0.9974109016789133,0.11790559672307255,931,30,1.0,34,2.7058823529411766,1.2352941176470589,24.866666666666667,5795,,,,,,,,,,,,,,,,,,,,,,,,,,,
129,A,nonparticipants_only,,,10,0,10,0,0,0,0.22678790796972975,0.21893463875995137,0.2671358197236996,0.0005056821078003367,0,0,0.0,0,0.0,0.0,50.0,0,,,,,,,,,,,,,,,,,,,,,,,,,,,
129,A,step_totals,,,,,,,,,,,,,,,,,,,,,71.20000000000006,,,8.0,0.11235955056179765,0.0,0.0,54.0,0.7584269662921342,0.00458151808355679,0.2037037037037037,0.0,0,11,24,16,,16,17,54,3.2000000000000006,0.04494382022471907,6.000000000000003,0.08426966292134828,16,30,25
130,A,all_agents,,,40,30,10,0,16,14,0.41966486574113554,0.239723674821331,0.9975144656117568,0.10115406052872354,941,30,0.75,34,2.7058823529411766,1.2352941176470589,31.225,5845,,,,,,,,,,,,,,,,,,,,,,,,,,,
130,A,participants_only,,,30,30,0,0,16,14,0.48384159235400764,0.2585685730308326,0.9975144656117568,0.11823077717174503,941,30,1.0,34,2.7058823529411766,1.2352941176470589,24.966666666666665,5845,,,,,,,,,,,,,,,,,,,,,,,,,,,
130,A,nonparticipants_only,,,10,0,10,0,0,0,0.2271346859025193,0.21890858897915366,0.2662406268198694,0.0005000837347392321,0,0,0.0,0,0.0,0.0,50.0,0,,,,,,,,,,,,,,,,,,,,,,,,,,,
130,A,step_totals,,,,,,,,,,,,,,,,,,,,,70.90000000000006,,,9.5,0.13399153737658662,0.0,0.0,51.0,0.7193229901269387,0.0043506647443763025,0.19607843137254902,0.0,0,10,21,28,,19,22,51,4.400000000000001,0.06205923836389277,6.000000000000003,0.08462623413258107,22,30,22
130,A,reachability,0.25,0.0,,,,,,,,,,,,,,,,,,,,,,,,,,,,,,,,,,,,,,,,,,,,,
131,A,all_agents,,,40,30,10,0,16,14,0.4199849856268335,0.23956823305209907,0.9976138869872866,0.1015527816190532,950,30,0.75,34,2.7058823529411766,1.2352941176470589,31.15,5898,,,,,,,,,,,,,,,,,,,,,,,,,,,
131,A,participants_only,,,30,30,0,0,16,14,0.48415350174442146,0.25801462727985514,0.9976138869872866,0.11876848217259925,950,30,1.0,34,2.7058823529411766,1.2352941176470589,24.866666666666667,5898,,,,,,,,,,,,,,,,,,,,,,,,,,,
131,A,nonparticipants_only,,,10,0,10,0,0,0,0.22747943727406947,0.2200622064336118,0.2700606204473523,0.0004944984296172588,0,0,0.0,0,0.0,0.0,50.0,0,,,,,,,,,,,,,,,,,,,,,,,,,,,
131,A,step_totals,,,,,,,,,,,,,,,,,,,,,71.20000000000005,,,8.0,0.11235955056179768,0.0,0.0,54.0,0.7584269662921344,0.004451626038639187,0.16666666666666666,0.0,0,9,24,16,,16,17,54,3.2000000000000006,0.04494382022471908,6.000000000000003,0.0842696629213483,16,30,25
132,A,all_agents,,,40,30,10,0,16,14,0.42021941783855876,0.23975295011390058,0.9977093315077952,0.10177218272549929,960,30,0.75,34,2.7058823529411766,1.2352941176470589,31.225,5948,,,,,,,,,,,,,,,,,,,,,,,,,,,
132,A,participants_only,,,30,30,0,0,16,14,0.4843518124159288,0.25785983470633045,0.9977093315077952,0.11908146774586002,960,30,1.0,34,2.7058823529411766,1.2352941176470589,24.966666666666665,5948,,,,,,,,,,,,,,,,,,,,,,,,,,,
132,A,nonparticipants_only,,,10,0,10,0,0,0,0.22782223410644856,0.2201030234553793,0.2696536323619865,0.00048875925368723,0,0,0.0,0,0.0,0.0,50.0,0,,,,,,,,,,,,,,,,,,,,,,,,,,,
132,A,step_totals,,,,,,,,,,,,,,,,,,,,,70.90000000000008,,,9.5,0.1339915373765866,0.0,0.0,51.0,0.7193229901269386,0.004304275820090211,0.19607843137254902,0.0,0,10,21,28,,19,23,51,4.400000000000001,0.06205923836389276,6.000000000000003,0.08462623413258105,22,30,22
133,A,all_agents,,,40,30,10,0,16,14,0.4205409968386824,0.2403302182800551,0.9978009582474834,0.10217772137894393,969,30,0.75,34,2.7058823529411766,1.2352941176470589,31.15,6002,,,,,,,,,,,,,,,,,,,,,,,,,,,
133,A,participants_only,,,30,30,0,0,16,14,0.4846669432477713,0.2572688160554737,0.9978009582474834,0.11962753626091581,969,30,1.0,34,2.7058823529411766,1.2352941176470589,24.866666666666667,6002,,,,,,,,,,,,,,,,,,,,,,,,,,,
133,A,nonparticipants_only,,,10,0,10,0,0,0,0.22816315761141562,0.2206055487466,0.26917400836035266,0.00048263269869213457,0,0,0.0,0,0.0,0.0,50.0,0,,,,,,,,,,,,,,,,,,,,,,,,,,,
133,A,step_totals,,,,,,,,,,,,,,,,,,,,,71.20000000000006,,,8.0,0.11235955056179765,0.0,0.0,54.0,0.7584269662921342,0.004458341975801917,0.16666666666666666,0.0,0,9,24,16,,16,17,54,3.2000000000000006,0.04494382022471907,6.000000000000003,0.08426966292134828,16,30,25
134,A,all_agents,,,40,30,10,0,16,14,0.4207613079203713,0.23969321171974017,0.997888919917584,0.10238669238117297,977,30,0.75,34,2.7058823529411766,1.2352941176470589,31.225,6052,,,,,,,,,,,,,,,,,,,,,,,,,,,
134,A,participants_only,,,30,30,0,0,16,14,0.4848476368984561,0.2567133011441953,0.997888919917584,0.11992876302166275,977,30,1.0,34,2.7058823529411766,1.2352941176470589,24.966666666666665,6052,,,,,,,,,,,,,,,,,,,,,,,,,,,
134,A,nonparticipants_only,,,10,0,10,0,0,0,0.22850232098611667,0.22113777082100905,0.268810087213458,0.0004757897170557626,0,0,0.0,0,0.0,0.0,50.0,0,,,,,,,,,,,,,,,,,,,,,,,,,,,
134,A,step_totals,,,,,,,,,,,,,,,,,,,,,70.90000000000006,,,9.5,0.13399153737658662,0.0,0.0,51.0,0.7193229901269387,0.004260141623181767,0.1568627450980392,0.0,0,8,21,28,,19,23,51,4.400000000000001,0.06205923836389277,6.000000000000003,0.08462623413258107,22,30,22
135,A,all_agents,,,40,30,10,0,16,14,0.42106446350228866,0.23990736686266922,0.9979733631208806,0.10278192066675244,989,30,0.75,34,2.7058823529411766,1.2352941176470589,31.15,6105,,,,,,,,,,,,,,,,,,,,,,,,,,,
135,A,participants_only,,,30,30,0,0,16,14,0.48513953074714267,0.2566875651173285,0.9979733631208806,0.12046347344049645,989,30,1.0,34,2.7058823529411766,1.2352941176470589,24.866666666666667,6105,,,,,,,,,,,,,,,,,,,,,,,,,,,
135,A,nonparticipants_only,,,10,0,10,0,0,0,0.22883926176772673,0.22125681989678175,0.2679186363487308,0.00046989143632970544,0,0,0.0,0,0.0,0.0,50.0,0,,,,,,,,,,,,,,,,,,,,,,,,,,,
135,A,step_totals,,,,,,,,,,,,,,,,,,,,,71.20000000000006,,,8.0,0.11235955056179765,0.0,0.0,54.0,0.7584269662921342,0.004397544347256705,0.2222222222222222,0.0,0,12,24,16,,16,17,54,3.2000000000000006,0.04494382022471907,6.000000000000003,0.08426966292134828,16,30,25
136,A,all_agents,,,40,30,10,0,16,14,0.421271083163314,0.23981462902854805,0.9980544285960453,0.10298209046446408,995,30,0.75,34,2.7058823529411766,1.2352941176470589,31.225,6155,,,,,,,,,,,,,,,,,,,,,,,,,,,
136,A,participants_only,,,30,30,0,0,16,14,0.48530345123416563,0.2565176369636484,0.9980544285960453,0.1207538708864724,995,30,1.0,34,2.7058823529411766,1.2352941176470589,24.966666666666665,6155,,,,,,,,,,,,,,,,,,,,,,,,,,,
136,A,nonparticipants_only,,,10,0,10,0,0,0,0.2291739789507591,0.22123166893070212,0.2670543309430993,0.0004650192693068769,0,0,0.0,0,0.0,0.0,50.0,0,,,,,,,,,,,,,,,,,,,,,,,,,,,
136,A,step_totals,,,,,,,,,,,,,,,,,,,,,70.90000000000006,,,9.5,0.13399153737658662,0.0,0.0,51.0,0.7193229901269387,0.004216122656857068,0.11764705882352941,0.0,0,6,21,28,,19,23,51,4.400000000000001,0.06205923836389277,6.000000000000003,0.08462623413258107,22,30,22
137,A,all_agents,,,40,30,10,0,16,14,0.4215395879157974,0.24010301827833502,0.9981322514522035,0.10335202852858782,1004,30,0.75,34,2.7058823529411766,1.2352941176470589,31.15,6207,,,,,,,,,,,,,,,,,,,,,,,,,,,
137,A,participants_only,,,30,30,0,0,16,14,0.48555053471720194,0.25625433857990043,0.9981322514522035,0.12125972272218431,1004,30,1.0,34,2.7058823529411766,1.2352941176470589,24.866666666666667,6207,,,,,,,,,,,,,,,,,,,,,,,,,,,
137,A,nonparticipants_only,,,10,0,10,0,0,0,0.22950674751158384,0.22234548227490164,0.27074252052501424,0.0004601302228514602,0,0,0.0,0,0.0,0.0,50.0,0,,,,,,,,,,,,,,,,,,,,,,,,,,,
137,A,step_totals,,,,,,,,,,,,,,,,,,,,,71.20000000000005,,,8.0,0.11235955056179768,0.0,0.0,54.0,0.7584269662921344,0.004282161829423354,0.16666666666666666,0.0,0,9,24,16,,16,17,54,3.2000000000000006,0.04494382022471908,6.000000000000003,0.0842696629213483,16,30,25
138,A,all_agents,,,40,30,10,0,16,14,0.42173272040889725,0.23944120940618402,0.9982069613941154,0.10354159921401343,1006,30,0.75,34,2.7058823529411766,1.2352941176470589,31.225,6255,,,,,,,,,,,,,,,,,,,,,,,,,,,
138,A,participants_only,,,30,30,0,0,16,14,0.4856977493223488,0.2565511000829547,0.9982069613941154,0.12153767473242637,1006,30,1.0,34,2.7058823529411766,1.2352941176470589,24.966666666666665,6255,,,,,,,,,,,,,,,,,,,,,,,,,,,
138,A,nonparticipants_only,,,10,0,10,0,0,0,0.22983763366854268,0.2223848909569907,0.2703495750484537,0.00045507357199031293,0,0,0.0,0,0.0,0.0,50.0,0,,,,,,,,,,,,,,,,,,,,,,,,,,,
138,A,step_totals,,,,,,,,,,,,,,,,,,,,,70.90000000000006,,,9.5,0.13399153737658662,0.0,0.0,51.0,0.7193229901269387,0.004173345975226572,0.0392156862745098,0.0,0,2,21,28,,19,23,51,4.400000000000001,0.06205923836389277,6.000000000000003,0.08462623413258107,22,30,22
139,A,all_agents,,,40,30,10,0,16,14,0.4219506822685436,0.24056283258787187,0.9982786829383508,0.10387926835177745,1014,30,0.75,34,2.7058823529411766,1.2352941176470589,31.15,6305,,,,,,,,,,,,,,,,,,,,,,,,,,,
139,A,participants_only,,,30,30,0,0,16,14,0.4858786881120709,0.25602450579794944,0.9982786829383508,0.12200859728671305,1014,30,1.0,34,2.7058823529411766,1.2352941176470589,24.866666666666667,6305,,,,,,,,,,,,,,,,,,,,,,,,,,,
139,A,nonparticipants_only,,,10,0,10,0,0,0,0.2301666647379616,0.22287007724902913,0.2698864998659886,0.0004498023734098958,0,0,0.0,0,0.0,0.0,50.0,0,,,,,,,,,,,,,,,,,,,,,,,,,,,
139,A,step_totals,,,,,,,,,,,,,,,,,,,,,71.20000000000007,,,8.0,0.11235955056179764,0.0,0.0,54.0,0.758426966292134,0.00411305353688719,0.14814814814814814,0.0,0,8,24,16,,16,17,54,3.2000000000000006,0.044943820224719065,6.000000000000003,0.08426966292134827,16,30,25
140,A,all_agents,,,40,30,10,0,16,14,0.42213267369979046,0.2405049386302856,0.9983475356208167,0.10406047961264474,1018,30,0.75,34,2.7058823529411766,1.2352941176470589,31.225,6354,,,,,,,,,,,,,,,,,,,,,,,,,,,
140,A,participants_only,,,30,30,0,0,16,14,0.4860122423312302,0.25536633149477117,0.9983475356208167,0.12227693056305292,1018,30,1.0,34,2.7058823529411766,1.2352941176470589,24.966666666666665,6354,,,,,,,,,,,,,,,,,,,,,,,,,,,
140,A,nonparticipants_only,,,10,0,10,0,0,0,0.23049396780547124,0.223383935674336,0.26953513535769236,0.00044393529895433195,0,0,0.0,0,0.0,0.0,50.0,0,,,,,,,,,,,,,,,,,,,,,,,,,,,
140,A,step_totals,,,,,,,,,,,,,,,,,,,,,70.90000000000006,,,9.5,0.13399153737658662,0.0,0.0,51.0,0.7193229901269387,0.004137869002925074,0.0784313725490196,0.0,0,4,21,28,,19,23,51,4.400000000000001,0.06205923836389277,6.000000000000003,0.08462623413258107,22,30,22
140,A,reachability,0.25,0.0,,,,,,,,,,,,,,,,,,,,,,,,,,,,,,,,,,,,,,,,,,,,,
141,A,all_agents,,,40,30,10,0,16,14,0.422391467833178,0.2408068807006265,0.9984136341959841,0.10442922531604241,1022,30,0.75,34,2.7058823529411766,1.2352941176470589,31.15,6408,,,,,,,,,,,,,,,,,,,,,,,,,,,
141,A,participants_only,,,30,30,0,0,16,14,0.4862488628202904,0.2550485260662942,0.9984136341959841,0.12278175854226543,1022,30,1.0,34,2.7058823529411766,1.2352941176470589,24.866666666666667,6408,,,,,,,,,,,,,,,,,,,,,,,,,,,
141,A,nonparticipants_only,,,10,0,10,0,0,0,0.23081928287184092,0.22349887711241656,0.26867444287684067,0.00043842290289235474,0,0,0.0,0,0.0,0.0,50.0,0,,,,,,,,,,,,,,,,,,,,,,,,,,,
141,A,step_totals,,,,,,,,,,,,,,,,,,,,,71.20000000000006,,,8.0,0.11235955056179765,0.0,0.0,54.0,0.7584269662921342,0.004251961398836195,0.07407407407407407,0.0,0,4,24,16,,16,17,54,3.2000000000000006,0.04494382022471907,6.000000000000003,0.08426966292134828,16,30,25
142,A,all_agents,,,40,30,10,0,16,14,0.42261631083143425,0.24073610419944366,0.9984770888281447,0.10461893910350858,1031,30,0.75,34,2.7058823529411766,1.2352941176470589,31.225,6458,,,,,,,,,,,,,,,,,,,,,,,,,,,
142,A,participants_only,,,30,30,0,0,16,14,0.4864409307545498,0.2545605457973734,0.9984770888281447,0.12305295822807694,1031,30,1.0,34,2.7058823529411766,1.2352941176470589,24.966666666666665,6458,,,,,,,,,,,,,,,,,,,,,,,,,,,
142,A,nonparticipants_only,,,10,0,10,0,0,0,0.23114245106208772,0.22347459394859068,0.2678399592353737,0.00043389642984168,0,0,0.0,0,0.0,0.0,50.0,0,,,,,,,,,,,,,,,,,,,,,,,,,,,
142,A,step_totals,,,,,,,,,,,,,,,,,,,,,70.90000000000008,,,9.5,0.1339915373765866,0.0,0.0,51.0,0.7193229901269386,0.004284848546196355,0.17647058823529413,0.0,0,9,21,28,,19,23,51,4.400000000000001,0.06205923836389276,6.000000000000003,0.08462623413258105,22,30,22
143,A,all_agents,,,40,30,10,0,16,14,0.42284220501243824,0.24119916670813427,0.9985380052750189,0.1049632199205349,1041,30,0.75,34,2.7058823529411766,1.2352941176470589,31.15,6511,,,,,,,,,,,,,,,,,,,,,,,,,,,
143,A,participants_only,,,30,30,0,0,16,14,0.486635027394961,0.25403195515148946,0.9985380052750189,0.12352974529049543,1041,30,1.0,34,2.7058823529411766,1.2352941176470589,24.866666666666667,6511,,,,,,,,,,,,,,,,,,,,,,,,,,,
143,A,nonparticipants_only,,,10,0,10,0,0,0,0.23146373786486993,0.22454997657298037,0.2714008925035029,0.00042935356031613815,0,0,0.0,0,0.0,0.0,50.0,0,,,,,,,,,,,,,,,,,,,,,,,,,,,
143,A,step_totals,,,,,,,,,,,,,,,,,,,,,71.20000000000007,,,8.0,0.11235955056179764,0.0,0.0,54.0,0.758426966292134,0.004142455007225518,0.18518518518518517,0.0,0,10,24,16,,16,16,54,3.2000000000000006,0.044943820224719065,6.000000000000003,0.08426966292134827,16,30,25
144,A,all_agents,,,40,30,10,0,16,14,0.4230060885727517,0.241104718510181,0.9985964850640181,0.10510834002297527,1045,30,0.75,34,2.7058823529411766,1.2352941176470589,31.225,6558,,,,,,,,,,,,,,,,,,,,,,,,,,,
144,A,participants_only,,,30,30,0,0,16,14,0.4867470490257525,0.25400772610185407,0.9985964850640181,0.12375126401727315,1045,30,1.0,34,2.7058823529411766,1.2352941176470589,24.966666666666665,6558,,,,,,,,,,,,,,,,,,,,,,,,,,,
144,A,nonparticipants_only,,,10,0,10,0,0,0,0.23178320721374934,0.2245880255083692,0.27102150511330286,0.0004246475664294929,0,0,0.0,0,0.0,0.0,50.0,0,,,,,,,,,,,,,,,,,,,,,,,,,,,
144,A,step_totals,,,,,,,,,,,,,,,,,,,,,70.70000000000006,,,9.5,0.13437057991513426,0.0,0.0,51.0,0.7213578500707207,0.004091917033161668,0.0784313725490196,0.0,0,4,21,28,,19,23,51,4.200000000000001,0.05940594059405937,6.000000000000003,0.08486562942008483,21,30,21
145,A,all_agents,,,40,30,10,0,16,14,0.42321184856420274,0.2409436485338582,0.9986526256614574,0.10544080121371448,1054,30,0.75,34,2.7058823529411766,1.2352941176470589,31.15,6611,,,,,,,,,,,,,,,,,,,,,,,,,,,
145,A,participants_only,,,30,30,0,0,16,14,0.48691550292475805,0.25384586166653245,0.9986526256614574,0.12421520166885869,1054,30,1.0,34,2.7058823529411766,1.2352941176470589,24.866666666666667,6611,,,,,,,,,,,,,,,,,,,,,,,,,,,
145,A,nonparticipants_only,,,10,0,10,0,0,0,0.23210088548253663,0.2250564710614481,0.27057440775394515,0.00041973290161262107,0,0,0.0,0,0.0,0.0,50.0,0,,,,,,,,,,,,,,,,,,,,,,,,,,,
145,A,step_totals,,,,,,,,,,,,,,,,,,,,,71.20000000000007,,,8.0,0.11235955056179764,0.0,0.0,54.0,0.758426966292134,0.004075782774154789,0.16666666666666666,0.0,0,9,24,16,,16,16,54,3.2000000000000006,0.044943820224719065,6.000000000000003,0.08426966292134827,16,30,25
146,A,all_agents,,,40,30,10,0,16,14,0.4234128838490807,0.24102632892098302,0.9987065206349991,0.10561673795342645,1061,30,0.75,34,2.7058823529411766,1.2352941176470589,31.225,6661,,,,,,,,,,,,,,,,,,,,,,,,,,,
146,A,participants_only,,,30,30,0,0,16,14,0.48707821334146306,0.2535956903582627,0.9987065206349991,0.12447114022826186,1061,30,1.0,34,2.7058823529411766,1.2352941176470589,24.966666666666665,6661,,,,,,,,,,,,,,,,,,,,,,,,,,,
146,A,nonparticipants_only,,,10,0,10,0,0,0,0.23241689537193355,0.22555259945212414,0.27023516663332403,0.0004142409764368161,0,0,0.0,0,0.0,0.0,50.0,0,,,,,,,,,,,,,,,,,,,,,,,,,,,
146,A,step_totals,,,,,,,,,,,,,,,,,,,,,70.70000000000007,,,9.5,0.13437057991513424,0.0,0.0,51.0,0.7213578500707206,0.004220140327349665,0.13725490196078433,0.0,0,7,21,28,,19,23,51,4.200000000000001,0.05940594059405936,6.000000000000003,0.08486562942008481,21,30,21
147,A,all_agents,,,40,30,10,0,16,14,0.42360057615052304,0.24194115855840986,0.9987582598095991,0.10593918306172134,1066,30,0.75,34,2.7058823529411766,1.2352941176470589,31.15,6714,,,,,,,,,,,,,,,,,,,,,,,,,,,
147,A,participants_only,,,30,30,0,0,16,14,0.4872237729161461,0.2538596522931115,0.9987582598095991,0.12492423648803125,1066,30,1.0,34,2.7058823529411766,1.2352941176470589,24.866666666666667,6714,,,,,,,,,,,,,,,,,,,,,,,,,,,
147,A,nonparticipants_only,,,10,0,10,0,0,0,0.23273098585365384,0.2256635749813526,0.26940417125723976,0.000409088782665347,0,0,0.0,0,0.0,0.0,50.0,0,,,,,,,,,,,,,,,,,,,,,,,,,,,
147,A,step_totals,,,,,,,,,,,,,,,,,,,,,71.20000000000006,,,8.0,0.11235955056179765,0.0,0.0,54.0,0.7584269662921342,0.004016411807097902,0.09259259259259259,0.0,0,5,24,16,,16,16,54,3.2000000000000006,0.04494382022471907,6.000000000000003,0.08426966292134828,16,30,25
148,A,all_agents,,,40,30,10,0,16,14,0.42378992085757283,0.24235493459740595,0.9988079294172151,0.10610909242629286,1071,30,0.75,34,2.7058823529411766,1.2352941176470589,31.225,6765,,,,,,,,,,,,,,,,,,,,,,,,,,,
148,A,participants_only,,,30,30,0,0,16,14,0.4873722266319322,0.2538794004057766,0.9988079294172151,0.12517299012721733,1071,30,1.0,34,2.7058823529411766,1.2352941176470589,24.966666666666665,6765,,,,,,,,,,,,,,,,,,,,,,,,,,,
148,A,nonparticipants_only,,,10,0,10,0,0,0,0.2330430035344948,0.22564012967736197,0.2685984804177069,0.00040488403250993403,0,0,0.0,0,0.0,0.0,50.0,0,,,,,,,,,,,,,,,,,,,,,,,,,,,
148,A,step_totals,,,,,,,,,,,,,,,,,,,,,70.70000000000006,,,9.5,0.13437057991513426,0.0,0.0,51.0,0.7213578500707207,0.004181558048579597,0.09803921568627451,0.0,0,5,21,28,,19,23,51,4.200000000000001,0.05940594059405937,6.000000000000003,0.08486562942008483,21,30,21
149,A,all_agents,,,40,30,10,0,16,14,0.42399660053104704,0.24253100093675145,0.9988556122405264,0.10644402474019608,1080,30,0.75,34,2.7058823529411766,1.2352941176470589,31.15,6819,,,,,,,,,,,,,,,,,,,,,,,,,,,
149,A,participants_only,,,30,30,0,0,16,14,0.48754439912714115,0.25359368981739006,0.9988556122405264,0.12563852104164994,1080,30,1.0,34,2.7058823529411766,1.2352941176470589,24.866666666666667,6819,,,,,,,,,,,,,,,,,,,,,,,,,,,
149,A,nonparticipants_only,,,10,0,10,0,0,0,0.23335320474276464,0.22667840758529126,0.2720365481901032,0.00040066335891763774,0,0,0.0,0,0.0,0.0,50.0,0,,,,,,,,,,,,,,,,,,,,,,,,,,,
149,A,step_totals,,,,,,,,,,,,,,,,,,,,,71.20000000000006,,,8.0,0.11235955056179765,0.0,0.0,54.0,0.7584269662921342,0.004081658216787663,0.16666666666666666,0.0,0,9,24,16,,16,16,54,3.2000000000000006,0.04494382022471907,6.000000000000003,0.08426966292134828,16,30,25
150,A,all_agents,,,40,30,10,0,16,14,0.42417441242368475,0.24227521318521678,0.9989013877509054,0.10660690185666151,1091,30,0.75,34,2.7058823529411766,1.2352941176470589,31.225,6870,,,,,,,,,,,,,,,,,,,,,,,,,,,
150,A,participants_only,,,30,30,0,0,16,14,0.4876786661628869,0.2532013757052758,0.9989013877509054,0.1258792801787263,1091,30,1.0,34,2.7058823529411766,1.2352941176470589,24.966666666666665,6870,,,,,,,,,,,,,,,,,,,,,,,,,,,
150,A,nonparticipants_only,,,10,0,10,0,0,0,0.23366165120607837,0.22671514369031892,0.27167025108165294,0.0003962839747915704,0,0,0.0,0,0.0,0.0,50.0,0,,,,,,,,,,,,,,,,,,,,,,,,,,,
150,A,step_totals,,,,,,,,,,,,,,,,,,,,,70.70000000000007,,,9.5,0.13437057991513424,0.0,0.0,51.0,0.7213578500707206,0.004144153253534855,0.21568627450980393,0.0,0,11,21,28,,19,23,51,4.200000000000001,0.05940594059405936,6.000000000000003,0.08486562942008481,21,30,21
150,A,reachability,0.25,0.0,,,,,,,,,,,,,,,,,,,,,,,,,,,,,,,,,,,,,,,,,,,,,
151,A,all_agents,,,40,30,10,0,16,14,0.4243687870771417,0.24160323348513874,0.9989453322408692,0.10693368738151258,1100,30,0.75,34,2.7058823529411766,1.2352941176470589,31.15,6924,,,,,,,,,,,,,,,,,,,,,,,,,,,
151,A,participants_only,,,30,30,0,0,16,14,0.48783559330677173,0.2526958660466626,0.9989453322408692,0.12633554063764732,1100,30,1.0,34,2.7058823529411766,1.2352941176470589,24.866666666666667,6924,,,,,,,,,,,,,,,,,,,,,,,,,,,
151,A,nonparticipants_only,,,10,0,10,0,0,0,0.2339683683882518,0.2271674261224491,0.2712385802508375,0.00039170169723562763,0,0,0.0,0,0.0,0.0,50.0,0,,,,,,,,,,,,,,,,,,,,,,,,,,,
151,A,step_totals,,,,,,,,,,,,,,,,,,,,,71.20000000000006,,,8.0,0.11235955056179765,0.0,0.0,54.0,0.7584269662921342,0.0040412388315432665,0.16666666666666666,0.0,0,9,24,16,,16,16,54,3.2000000000000006,0.04494382022471907,6.000000000000003,0.08426966292134828,16,30,25
152,A,all_agents,,,40,30,10,0,16,14,0.4245356622131716,0.24134254128784155,0.9989875189512345,0.10708962047919772,1109,30,0.75,34,2.7058823529411766,1.2352941176470589,31.225,6975,,,,,,,,,,,,,,,,,,,,,,,,,,,
152,A,participants_only,,,30,30,0,0,16,14,0.48795639136544405,0.25267295446358884,0.9989875189512345,0.12656855167264094,1109,30,1.0,34,2.7058823529411766,1.2352941176470589,24.966666666666665,6975,,,,,,,,,,,,,,,,,,,,,,,,,,,
152,A,nonparticipants_only,,,10,0,10,0,0,0,0.23427347475635424,0.22764643623090033,0.2709110442157431,0.00038656026439724903,0,0,0.0,0,0.0,0.0,50.0,0,,,,,,,,,,,,,,,,,,,,,,,,,,,
152,A,step_totals,,,,,,,,,,,,,,,,,,,,,70.70000000000007,,,9.5,0.13437057991513424,0.0,0.0,51.0,0.7213578500707206,0.004108669668712918,0.17647058823529413,0.0,0,9,21,28,,19,23,51,4.200000000000001,0.05940594059405936,6.000000000000003,0.08486562942008481,21,30,21
153,A,all_agents,,,40,30,10,0,16,14,0.4247184654148976,0.24127609820913823,0.9990280181931851,0.10740802734596233,1121,30,0.75,34,2.7058823529411766,1.2352941176470589,31.15,7029,,,,,,,,,,,,,,,,,,,,,,,,,,,
153,A,participants_only,,,30,30,0,0,16,14,0.4880990445720259,0.2525179857157195,0.9990280181931851,0.12701506376563285,1121,30,1.0,34,2.7058823529411766,1.2352941176470589,24.866666666666667,7029,,,,,,,,,,,,,,,,,,,,,,,,,,,
153,A,nonparticipants_only,,,10,0,10,0,0,0,0.23457672794351275,0.22775358268994234,0.27010872128341057,0.0003817443154346943,0,0,0.0,0,0.0,0.0,50.0,0,,,,,,,,,,,,,,,,,,,,,,,,,,,
153,A,step_totals,,,,,,,,,,,,,,,,,,,,,71.20000000000006,,,8.0,0.11235955056179765,0.0,0.0,54.0,0.7584269662921342,0.004003573914436424,0.2222222222222222,0.0,0,12,24,16,,16,16,54,3.2000000000000006,0.04494382022471907,6.000000000000003,0.08426966292134828,16,30,25
154,A,all_agents,,,40,30,10,0,16,14,0.4248584067691325,0.2419166775125528,0.9990668974654577,0.10754290279330991,1133,30,0.75,34,2.7058823529411766,1.2352941176470589,31.225,7079,,,,,,,,,,,,,,,,,,,,,,,,,,,
154,A,participants_only,,,30,30,0,0,16,14,0.48818521574245566,0.2522791037361044,0.9990668974654577,0.12722345179846073,1133,30,1.0,34,2.7058823529411766,1.2352941176470589,24.966666666666665,7079,,,,,,,,,,,,,,,,,,,,,,,,,,,
154,A,nonparticipants_only,,,10,0,10,0,0,0,0.23487797984916298,0.22773094633649374,0.2693308297866211,0.0003778389609323057,0,0,0.0,0,0.0,0.0,50.0,0,,,,,,,,,,,,,,,,,,,,,,,,,,,
154,A,step_totals,,,,,,,,,,,,,,,,,,,,,70.70000000000007,,,9.5,0.13437057991513424,0.0,0.0,51.0,0.7213578500707206,0.004018361152493406,0.23529411764705882,0.0,0,12,21,28,,19,23,51,4.200000000000001,0.05940594059405936,6.000000000000003,0.08486562942008481,21,30,21
155,A,all_agents,,,40,30,10,0,16,14,0.42503012506778226,0.24164179567778593,0.9991042215668394,0.1078540650172996,1140,30,0.75,34,2.7058823529411766,1.2352941176470589,31.15,7133,,,,,,,,,,,,,,,,,,,,,,,,,,,
155,A,participants_only,,,30,30,0,0,16,14,0.4883143407712667,0.2526057933240671,0.9991042215668394,0.12766121281224688,1140,30,1.0,34,2.7058823529411766,1.2352941176470589,24.866666666666667,7133,,,,,,,,,,,,,,,,,,,,,,,,,,,
155,A,nonparticipants_only,,,10,0,10,0,0,0,0.23517747795732918,0.22873339977924478,0.2726502713817172,0.00037391814599618356,0,0,0.0,0,0.0,0.0,50.0,0,,,,,,,,,,,,,,,,,,,,,,,,,,,
155,A,step_totals,,,,,,,,,,,,,,,,,,,,,71.20000000000006,,,8.0,0.11235955056179765,0.0,0.0,54.0,0.7584269662921342,0.003966553192367061,0.12962962962962962,0.0,0,7,24,16,,16,16,54,3.2000000000000006,0.04494382022471907,6.000000000000003,0.08426966292134828,16,30,25
156,A,all_agents,,,40,30,10,0,16,14,0.4251380719728653,0.24276919873770678,0.9991400527041658,0.10796386620558483,1149,30,0.75,34,2.7058823529411766,1.2352941176470589,31.225,7180,,,,,,,,,,,,,,,,,,,,,,,,,,,
156,A,participants_only,,,30,30,0,0,16,14,0.48835900200855603,0.2525502923656006,0.9991400527041658,0.12784099664099274,1149,30,1.0,34,2.7058823529411766,1.2352941176470589,24.966666666666665,7180,,,,,,,,,,,,,,,,,,,,,,,,,,,
156,A,nonparticipants_only,,,10,0,10,0,0,0,0.23547528186579322,0.22876886835146132,0.27229661289141177,0.00036984296442869896,0,0,0.0,0,0.0,0.0,50.0,0,,,,,,,,,,,,,,,,,,,,,,,,,,,
156,A,step_totals,,,,,,,,,,,,,,,,,,,,,70.70000000000006,,,9.5,0.13437057991513426,0.0,0.0,51.0,0.7213578500707207,0.003911233605554001,0.17647058823529413,0.0,0,9,21,28,,19,23,51,4.200000000000001,0.05940594059405937,6.000000000000003,0.08486562942008483,21,30,21
