step,condition,population,skill_reachability,resource_reachability,n_agents,maker_count,stage_consumer,stage_customizer,stage_maker,stage_advanced_maker,skill_mean,skill_median,skill_max,skill_var,method_count_total,method_holders,method_adoption_rate,method_peer_held,knowledge_diffusion_lag_mean,hop_count_mean,latent_distributed_resources,completed_projects_total,time_total,time_observe,time_share_observe,time_make,time_share_make,time_practice,time_share_practice,time_idle,time_share_idle,skill_gain_per_time,method_self_discovery_per_time,method_peer_acquisition_per_time,peer_acquired_count,self_discovered_count,reject_time_budget_exceeded,reject_missing_asset,count_observe,count_make,count_practice,count_idle,time_ask,time_share_ask,time_share,time_share_share,count_ask,count_share,reject_insufficient_material
0,D,reachability,0.65,0.0,,,,,,,,,,,,,,,,,,,,,,,,,,,,,,,,,,,,,,,,,,,,,
1,D,all_agents,,,40,0,15,25,0,0,0.17174181139502023,0.15486028185926132,0.703806889395482,0.0131047579845198,6,5,0.125,0,0.0,0.0,26.1,30,,,,,,,,,,,,,,,,,,,,,,,,,,,
1,D,participants_only,,,30,0,5,25,0,0,0.17635687063127686,0.15769651266871765,0.703806889395482,0.014271912024800009,6,5,0.16666666666666666,0,0.0,0.0,24.8,30,,,,,,,,,,,,,,,,,,,,,,,,,,,
1,D,nonparticipants_only,,,10,0,10,0,0,0,0.15789663368625023,0.14345107581329203,0.4355221934548329,0.009347710602629278,0,0,0.0,0,0.0,0.0,30.0,0,,,,,,,,,,,,,,,,,,,,,,,,,,,
1,D,step_totals,,,,,,,,,,,,,,,,,,,,,84.0,4.000000000000002,0.04761904761904764,60.0,0.7142857142857143,20.0,0.23809523809523808,0.0,0.0,0.018339667615389105,0.1,0.0,0,6,30,23,40,60,40,35,,,,,,,
2,D,all_agents,,,40,2,11,27,2,0,0.17798550602636937,0.16066700487666646,0.7156546138196627,0.013223166620362102,10,8,0.2,0,0.0,0.0,27.2,65,,,,,,,,,,,,,,,,,,,,,,,,,,,
2,D,participants_only,,,30,2,1,27,2,0,0.1844037428937365,0.16444945518344872,0.7156546138196627,0.014491517629317078,10,8,0.26666666666666666,0,0.0,0.0,24.6,65,,,,,,,,,,,,,,,,,,,,,,,,,,,
2,D,nonparticipants_only,,,10,0,10,0,0,0,0.15873079542426802,0.14273382043422556,0.43334458248755875,0.008923788419669607,0,0,0.0,0,0.0,0.0,35.0,0,,,,,,,,,,,,,,,,,,,,,,,,,,,
2,D,step_totals,,,,,,,,,,,,,,,,,,,,,88.60000000000001,4.000000000000002,0.0451467268623025,60.0,0.6772009029345372,20.0,0.2257336343115124,0.0,0.0,0.018398877479876573,0.06666666666666667,0.0,0,4,20,22,40,60,40,35,3.600000000000001,0.04063205417607224,1.0,0.01128668171557562,18,5,
3,D,all_agents,,,40,7,10,23,7,0,0.184139392981195,0.16413467826657308,0.7270284292668762,0.013508664610335579,16,11,0.275,0,0.0,0.0,28.8,101,,,,,,,,,,,,,,,,,,,,,,,,,,,
3,D,participants_only,,,30,7,0,23,7,0,0.19233432001637488,0.16660145546859018,0.7270284292668762,0.0149007734381998,16,11,0.36666666666666664,0,0.0,0.0,25.066666666666666,101,,,,,,,,,,,,,,,,,,,,,,,,,,,
3,D,nonparticipants_only,,,10,0,10,0,0,0,0.1595546118756553,0.14202015133205442,0.43117785957512095,0.00852645617739985,0,0,0.0,0,0.0,0.0,40.0,0,,,,,,,,,,,,,,,,,,,,,,,,,,,
3,D,step_totals,,,,,,,,,,,,,,,,,,,,,88.30000000000001,3.900000000000002,0.04416761041902607,59.0,0.6681766704416761,20.0,0.2265005662514156,0.0,0.0,0.018209538854811247,0.1016949152542373,0.0,0,6,19,20,39,59,40,34,3.800000000000001,0.043035107587768975,1.5999999999999999,0.018120045300113248,19,8,
4,D,all_agents,,,40,9,10,21,9,0,0.18922627666745961,0.16668835583758923,0.7233932871205417,0.013506466903967078,20,15,0.375,0,0.0,0.0,30.6,127,,,,,,,,,,,,,,,,,,,,,,,,,,,
4,D,participants_only,,,30,9,0,21,9,0,0.1988454515059378,0.16965554392583682,0.7233932871205417,0.014920899066971003,20,15,0.5,0,0.0,0.0,25.8,127,,,,,,,,,,,,,,,,,,,,,,,,,,,
4,D,nonparticipants_only,,,10,0,10,0,0,0,0.16036875215202498,0.14131005057539414,0.42902197027724537,0.008152828120076762,0,0,0.0,0,0.0,0.0,45.0,0,,,,,,,,,,,,,,,,,,,,,,,,,,,
4,D,step_totals,,,,,,,,,,,,,,,,,,,,,87.10000000000002,3.800000000000002,0.04362801377726752,56.0,0.6429391504018368,19.5,0.22388059701492533,0.0,0.0,0.01572085875457519,0.07142857142857142,0.0,0,4,7,25,38,56,39,37,5.600000000000002,0.06429391504018371,2.1999999999999997,0.025258323765786444,28,11,18
5,D,all_agents,,,40,9,10,21,9,0,0.1946600752834938,0.16777623888263687,0.719776320684939,0.01357210163658179,25,19,0.475,0,0.0,0.0,32.75,158,,,,,,,,,,,,,,,,,,,,,,,,,,,
5,D,participants_only,,,30,9,0,21,9,0,0.20582224173930933,0.17305979540468508,0.719776320684939,0.014997347286639203,25,19,0.6333333333333333,0,0.0,0.0,27.0,158,,,,,,,,,,,,,,,,,,,,,,,,,,,
5,D,nonparticipants_only,,,10,0,10,0,0,0,0.1611735759160472,0.14060350032251717,0.42687686042585915,0.007801237166561556,0,0,0.0,0,0.0,0.0,50.0,0,,,,,,,,,,,,,,,,,,,,,,,,,,,
5,D,step_totals,,,,,,,,,,,,,,,,,,,,,84.80000000000005,3.700000000000002,0.04363207547169811,53.0,0.6249999999999996,19.5,0.2299528301886791,0.0,0.0,0.01714667850090243,0.09433962264150944,0.0,0,5,6,20,37,53,39,37,5.600000000000002,0.06603773584905659,3.0000000000000004,0.03537735849056602,28,15,23
6,D,all_agents,,,40,9,10,21,9,0,0.19888178720768207,0.1683970925881398,0.7161774390815143,0.013586221167723364,27,20,0.5,0,0.0,0.0,33.175,179,,,,,,,,,,,,,,,,,,,,,,,,,,,
6,D,participants_only,,,30,9,0,21,9,0,0.21118565599589414,0.18233079305341438,0.7161774390815143,0.015020354715822278,27,20,0.6666666666666666,0,0.0,0.0,27.566666666666666,179,,,,,,,,,,,,,,,,,,,,,,,,,,,
6,D,nonparticipants_only,,,10,0,10,0,0,0,0.1619701808430459,0.13990048282090461,0.42474247612372984,0.007467198277536154,0,0,0.0,0,0.0,0.0,50.0,0,,,,,,,,,,,,,,,,,,,,,,,,,,,
6,D,step_totals,,,,,,,,,,,,,,,,,,,,,80.70000000000009,3.3000000000000016,0.04089219330855016,47.0,0.582403965303593,20.0,0.2478314745972736,0.0,0.0,0.014507993494784216,0.0425531914893617,0.0,0,2,4,25,33,47,40,39,6.800000000000003,0.08426270136307307,3.600000000000001,0.04460966542750926,34,18,25
7,D,all_agents,,,40,10,10,20,10,0,0.20447909350172294,0.17613723207787574,0.7125965518861067,0.013782939991042386,32,20,0.5,0,0.0,0.0,33.15,211,,,,,,,,,,,,,,,,,,,,,,,,,,,
7,D,participants_only,,,30,10,0,20,10,0,0.2183861300762891,0.19050096831561664,0.7125965518861067,0.015219288056170946,32,20,0.6666666666666666,0,0.0,0.0,27.533333333333335,211,,,,,,,,,,,,,,,,,,,,,,,,,,,
7,D,nonparticipants_only,,,10,0,10,0,0,0,0.16275798377802436,0.13920098040680007,0.4226187637431112,0.007153027800220848,0,0,0.0,0,0.0,0.0,50.0,0,,,,,,,,,,,,,,,,,,,,,,,,,,,
7,D,step_totals,,,,,,,,,,,,,,,,,,,,,90.30000000000008,0.7,0.007751937984496116,59.0,0.6533776301218156,20.0,0.22148394241417477,0.0,0.0,0.016534658389231988,0.0847457627118644,0.0,0,5,10,27,7,59,40,38,6.800000000000003,0.07530454042081947,3.800000000000001,0.04208194905869322,34,19,27
8,D,all_agents,,,40,9,10,21,9,0,0.20986860715133962,0.17800243983619884,0.7090335691266761,0.013924436811866526,39,22,0.55,0,0.0,0.0,33.325,242,,,,,,,,,,,,,,,,,,,,,,,,,,,
8,D,participants_only,,,30,9,0,21,9,0,0.22531185418034128,0.19045971650907828,0.7090335691266761,0.015328216756326432,39,22,0.7333333333333333,0,0.0,0.0,27.766666666666666,242,,,,,,,,,,,,,,,,,,,,,,,,,,,
8,D,nonparticipants_only,,,10,0,10,0,0,0,0.16353886606433463,0.13850497550476606,0.42050566992439564,0.006851170432901582,0,0,0.0,0,0.0,0.0,50.0,0,,,,,,,,,,,,,,,,,,,,,,,,,,,
8,D,step_totals,,,,,,,,,,,,,,,,,,,,,87.8000000000001,0.2,0.002277904328018221,57.0,0.6492027334851929,20.0,0.22779043280182207,0.0,0.0,0.016480049248104475,0.12280701754385964,0.0,0,7,12,34,2,57,40,39,6.800000000000003,0.07744874715261954,3.800000000000001,0.043280182232346205,34,19,30
9,D,all_agents,,,40,9,10,21,9,0,0.2154763594759558,0.18833417666647614,0.7054884012810427,0.014361687136278622,43,23,0.575,0,0.0,0.0,33.025,277,,,,,,,,,,,,,,,,,,,,,,,,,,,
9,D,participants_only,,,30,9,0,21,9,0,0.23253101018689837,0.1954063912024549,0.7054884012810427,0.0157976801807175,43,23,0.7666666666666667,0,0.0,0.0,27.366666666666667,277,,,,,,,,,,,,,,,,,,,,,,,,,,,
9,D,nonparticipants_only,,,10,0,10,0,0,0,0.16431240734312808,0.13935202265488644,0.41840314157477365,0.006563374672494936,0,0,0.0,0,0.0,0.0,50.0,0,,,,,,,,,,,,,,,,,,,,,,,,,,,
9,D,step_totals,,,,,,,,,,,,,,,,,,,,,90.0000000000001,,,59.0,0.6555555555555548,20.0,0.222222222222222,0.0,0.0,0.016625811135442238,0.06779661016949153,0.0,0,4,12,26,,59,40,38,6.800000000000003,0.07555555555555551,4.200000000000001,0.04666666666666663,34,21,31
10,D,all_agents,,,40,12,10,18,12,0,0.22045163178116353,0.1890991325046234,0.717268865229801,0.01495223774709463,50,25,0.625,0,0.0,0.0,32.7,309,,,,,,,,,,,,,,,,,,,,,,,,,,,
10,D,participants_only,,,30,12,0,18,12,0,0.23890927627581232,0.1976401550902901,0.717268865229801,0.016477153781422567,50,25,0.8333333333333334,0,0.0,0.0,26.933333333333334,309,,,,,,,,,,,,,,,,,,,,,,,,,,,
10,D,nonparticipants_only,,,10,0,10,0,0,0,0.16507869829721716,0.13948516920608123,0.4163111258668998,0.006289273960620747,0,0,0.0,0,0.0,0.0,50.0,0,,,,,,,,,,,,,,,,,,,,,,,,,,,
10,D,step_totals,,,,,,,,,,,,,,,,,,,,,87.40000000000009,0.1,0.0011441647597253994,57.0,0.6521739130434776,19.5,0.22311212814645287,0.0,0.0,0.015389810557424968,0.12280701754385964,0.0,0,7,13,35,1,57,39,38,6.200000000000003,0.07093821510297478,4.600000000000001,0.05263157894736838,31,23,29
10,D,reachability,0.425,0.0,,,,,,,,,,,,,,,,,,,,,,,,,,,,,,,,,,,,,,,,,,,,,
11,D,all_agents,,,40,13,10,17,13,0,0.22512985483376807,0.19039369168407774,0.713682520903652,0.01550330377207181,57,26,0.65,0,0.0,0.0,32.45,337,,,,,,,,,,,,,,,,,,,,,,,,,,,
11,D,participants_only,,,30,13,0,17,13,0,0.24489369512570086,0.20071982951168252,0.713682520903652,0.017099807696742346,57,26,0.8666666666666667,0,0.0,0.0,26.6,337,,,,,,,,,,,,,,,,,,,,,,,,,,,
11,D,nonparticipants_only,,,10,0,10,0,0,0,0.16583833395796965,0.14076887475755623,0.4142295702375653,0.006026479401039878,0,0,0.0,0,0.0,0.0,50.0,0,,,,,,,,,,,,,,,,,,,,,,,,,,,
11,D,step_totals,,,,,,,,,,,,,,,,,,,,,89.5000000000001,0.1,0.0011173184357541888,58.0,0.6480446927374295,20.0,0.22346368715083775,0.0,0.0,0.014239318227603505,0.1206896551724138,0.0,0,7,10,26,1,58,40,38,6.600000000000003,0.07374301675977649,4.800000000000002,0.053631284916201075,33,24,34
12,D,all_agents,,,40,16,10,14,16,0,0.2300474818926625,0.19363285485898354,0.725135220067506,0.01622779455367063,65,26,0.65,0,0.0,0.0,32.3,372,,,,,,,,,,,,,,,,,,,,,,,,,,,
12,D,participants_only,,,30,16,0,14,16,0,0.2511994033994189,0.2099858879637316,0.725135220067506,0.01792295153627224,65,26,0.8666666666666667,0,0.0,0.0,26.4,372,,,,,,,,,,,,,,,,,,,,,,,,,,,
12,D,nonparticipants_only,,,10,0,10,0,0,0,0.16659171737239337,0.14472583120561505,0.41215842238637745,0.005773478204729998,0,0,0.0,0,0.0,0.0,50.0,0,,,,,,,,,,,,,,,,,,,,,,,,,,,
12,D,step_totals,,,,,,,,,,,,,,,,,,,,,85.00000000000007,0.1,0.0011764705882352931,54.0,0.6352941176470583,19.5,0.22941176470588215,0.0,0.0,0.015715354797549822,0.14814814814814814,0.0,0,8,11,42,1,54,39,37,6.200000000000003,0.0729411764705882,5.200000000000002,0.06117647058823526,31,26,31
13,D,all_agents,,,40,18,10,12,17,1,0.23489719681389484,0.19383766505430444,0.7215095439671685,0.016916224786476485,72,27,0.675,0,0.0,0.0,31.925,404,,,,,,,,,,,,,,,,,,,,,,,,,,,
13,D,participants_only,,,30,18,0,12,17,1,0.2574170230850356,0.21314509982075705,0.7215095439671685,0.018681487041023202,72,27,0.9,0,0.0,0.0,25.9,404,,,,,,,,,,,,,,,,,,,,,,,,,,,
13,D,nonparticipants_only,,,10,0,10,0,0,0,0.16733771800047256,0.1464483704283382,0.41009763027444557,0.005534727119447984,0,0,0.0,0,0.0,0.0,50.0,0,,,,,,,,,,,,,,,,,,,,,,,,,,,
13,D,step_totals,,,,,,,,,,,,,,,,,,,,,90.60000000000008,,,59.0,0.6512141280353195,20.0,0.22075055187637949,0.0,0.0,0.014524263070899724,0.11864406779661017,0.0,0,7,10,26,,59,40,38,6.400000000000003,0.07064017660044147,5.200000000000002,0.057395143487858694,32,26,34
14,D,all_agents,,,40,20,10,10,19,1,0.23969123120056998,0.19512192892123614,0.7326491622084818,0.017825321597404884,78,27,0.675,0,0.0,0.0,31.95,442,,,,,,,,,,,,,,,,,,,,,,,,,,,
14,D,participants_only,,,30,20,0,10,19,1,0.2635625101965985,0.21747429044711736,0.7326491622084818,0.01971907647694442,78,27,0.9,0,0.0,0.0,25.933333333333334,442,,,,,,,,,,,,,,,,,,,,,,,,,,,
14,D,nonparticipants_only,,,10,0,10,0,0,0,0.16807739421248455,0.15010625984084147,0.40804714212307336,0.005306001427911507,0,0,0.0,0,0.0,0.0,50.0,0,,,,,,,,,,,,,,,,,,,,,,,,,,,
14,D,step_totals,,,,,,,,,,,,,,,,,,,,,81.8000000000001,,,51.0,0.6234718826405861,19.0,0.23227383863080658,0.0,0.0,0.01602434454996201,0.11764705882352941,0.0,0,6,9,47,,51,38,36,6.400000000000003,0.07823960880195593,5.400000000000002,0.06601466992665031,32,27,33
15,D,all_agents,,,40,22,10,8,21,1,0.24444222910971494,0.20095722700563406,0.7289859163974394,0.0186995466442598,85,28,0.7,0,0.0,0.0,31.7,477,,,,,,,,,,,,,,,,,,,,,,,,,,,
15,D,participants_only,,,30,22,0,8,21,1,0.2696527298572574,0.22241029435911466,0.7289859163974394,0.020694636526080824,85,28,0.9333333333333333,0,0.0,0.0,25.6,477,,,,,,,,,,,,,,,,,,,,,,,,,,,
15,D,nonparticipants_only,,,10,0,10,0,0,0,0.16881072686708753,0.15222346769067674,0.406006906412458,0.005087444823494656,0,0,0.0,0,0.0,0.0,50.0,0,,,,,,,,,,,,,,,,,,,,,,,,,,,
15,D,step_totals,,,,,,,,,,,,,,,,,,,,,88.8000000000001,,,57.0,0.6418918918918912,20.0,0.22522522522522498,0.0,0.0,0.014617020592661173,0.12280701754385964,0.0,0,7,8,28,,57,40,38,6.400000000000003,0.07207207207207203,5.400000000000002,0.060810810810810766,32,27,38
16,D,all_agents,,,40,23,10,7,22,1,0.24841051992080346,0.2056216389406188,0.7398264797415418,0.019646303898858054,91,28,0.7,0,0.0,0.0,31.8,509,,,,,,,,,,,,,,,,,,,,,,,,,,,
16,D,participants_only,,,30,23,0,7,22,1,0.274701427647055,0.22129824288731909,0.7398264797415418,0.021803973889990322,91,28,0.9333333333333333,0,0.0,0.0,25.733333333333334,509,,,,,,,,,,,,,,,,,,,,,,,,,,,
16,D,nonparticipants_only,,,10,0,10,0,0,0,0.16953779674204877,0.1542858666844148,0.4039768718803957,0.004878751976617968,0,0,0.0,0,0.0,0.0,50.0,0,,,,,,,,,,,,,,,,,,,,,,,,,,,
16,D,step_totals,,,,,,,,,,,,,,,,,,,,,80.6000000000001,,,50.0,0.6203473945409422,19.0,0.23573200992555804,0.0,0.0,0.013857600802316346,0.12,0.0,0,6,11,50,,50,38,35,6.000000000000003,0.0744416873449131,5.600000000000002,0.06947890818858556,30,28,33
17,D,all_agents,,,40,25,10,5,25,0,0.2531790230899551,0.20937553652073387,0.7361273473428341,0.02064412031143209,96,28,0.7,0,0.0,0.0,31.625,547,,,,,,,,,,,,,,,,,,,,,,,,,,,
17,D,participants_only,,,30,25,0,5,25,0,0.28081935738231256,0.22159932738569751,0.7361273473428341,0.022908806005709954,96,28,0.9333333333333333,0,0.0,0.0,25.5,547,,,,,,,,,,,,,,,,,,,,,,,,,,,
17,D,nonparticipants_only,,,10,0,10,0,0,0,0.1702580202128828,0.15757898872202802,0.40195698752099374,0.004682206271079263,0,0,0.0,0,0.0,0.0,50.0,0,,,,,,,,,,,,,,,,,,,,,,,,,,,
17,D,step_totals,,,,,,,,,,,,,,,,,,,,,88.8000000000001,,,57.0,0.6418918918918912,20.0,0.22522522522522498,0.0,0.0,0.014682849216240686,0.08771929824561403,0.0,0,5,9,28,,57,40,37,6.200000000000003,0.06981981981981977,5.600000000000002,0.06306306306306302,31,28,38
18,D,all_agents,,,40,26,10,4,26,0,0.2572840488224323,0.210585230250537,0.7466822534491208,0.021764741716796362,104,28,0.7,0,0.0,0.0,31.75,584,,,,,,,,,,,,,,,,,,,,,,,,,,,
18,D,participants_only,,,30,26,0,4,26,0,0.28605450101856394,0.22174777305937887,0.7466822534491208,0.024211093526970647,104,28,0.9333333333333333,0,0.0,0.0,25.666666666666668,584,,,,,,,,,,,,,,,,,,,,,,,,,,,
18,D,nonparticipants_only,,,10,0,10,0,0,0,0.1709726922340372,0.15810103526729374,0.3999472025833888,0.004492819251434727,0,0,0.0,0,0.0,0.0,50.0,0,,,,,,,,,,,,,,,,,,,,,,,,,,,
18,D,step_totals,,,,,,,,,,,,,,,,,,,,,79.90000000000008,,,50.0,0.6257822277847304,18.5,0.2315394242803502,0.0,0.0,0.014422656158083115,0.16,0.0,0,8,12,49,,50,37,35,5.8000000000000025,0.07259073842302875,5.600000000000002,0.07008760951188982,29,28,32
19,D,all_agents,,,40,28,10,2,28,0,0.2616259514515425,0.21537243435229567,0.7429488421818752,0.022838476532207226,108,28,0.7,0,0.0,0.0,31.575,620,,,,,,,,,,,,,,,,,,,,,,,,,,,
19,D,participants_only,,,30,28,0,2,28,0,0.2916076578813967,0.2246803982602844,0.7429488421818752,0.025417566725979706,108,28,0.9333333333333333,0,0.0,0.0,25.433333333333334,620,,,,,,,,,,,,,,,,,,,,,,,,,,,
19,D,nonparticipants_only,,,10,0,10,0,0,0,0.1716808321619798,0.15872687885565767,0.39794746657047186,0.004314373305538253,0,0,0.0,0,0.0,0.0,50.0,0,,,,,,,,,,,,,,,,,,,,,,,,,,,
19,D,step_totals,,,,,,,,,,,,,,,,,,,,,89.00000000000009,,,57.0,0.6404494382022465,20.0,0.22471910112359528,0.0,0.0,0.013498625072427585,0.07017543859649122,0.0,0,4,8,28,,57,40,37,6.400000000000003,0.07191011235955053,5.600000000000002,0.0629213483146067,32,28,38
20,D,all_agents,,,40,29,10,1,29,0,0.26545328792139156,0.21513927038850017,0.7532308884946002,0.02400992082462572,113,28,0.7,0,0.0,0.0,31.725,657,,,,,,,,,,,,,,,,,,,,,,,,,,,
20,D,participants_only,,,30,29,0,1,29,0,0.2964764436106554,0.2267480317274002,0.7532308884946002,0.026782943641781326,113,28,0.9333333333333333,0,0.0,0.0,25.633333333333333,657,,,,,,,,,,,,,,,,,,,,,,,,,,,
20,D,nonparticipants_only,,,10,0,10,0,0,0,0.1723838208536,0.15958574755894067,0.3959577292376195,0.004141618106115238,0,0,0.0,0,0.0,0.0,50.0,0,,,,,,,,,,,,,,,,,,,,,,,,,,,
20,D,step_totals,,,,,,,,,,,,,,,,,,,,,79.20000000000009,,,50.0,0.6313131313131306,18.0,0.22727272727272702,0.0,0.0,0.013758953715284251,0.1,0.0,0,5,13,48,,50,36,35,5.600000000000002,0.07070707070707066,5.600000000000002,0.07070707070707066,28,28,32
20,D,reachability,0.225,0.0,,,,,,,,,,,,,,,,,,,,,,,,,,,,,,,,,,,,,,,,,,,,,
21,D,all_agents,,,40,29,10,1,29,0,0.2696814534202038,0.21560161379996817,0.7612670901199636,0.025158284585301036,119,28,0.7,0,0.0,0.0,31.55,695,,,,,,,,,,,,,,,,,,,,,,,,,,,
21,D,participants_only,,,30,29,0,1,29,0,0.30188171369611594,0.2296641820092922,0.7612670901199636,0.0280708448574977,119,28,0.9333333333333333,0,0.0,0.0,25.4,695,,,,,,,,,,,,,,,,,,,,,,,,,,,
21,D,nonparticipants_only,,,10,0,10,0,0,0,0.1730806725924673,0.1609696267854464,0.39397794059143143,0.003978322626673202,0,0,0.0,0,0.0,0.0,50.0,0,,,,,,,,,,,,,,,,,,,,,,,,,,,
21,D,step_totals,,,,,,,,,,,,,,,,,,,,,88.3000000000001,,,57.0,0.6455266138165339,19.5,0.22083805209513,0.0,0.0,0.013346733515434963,0.10526315789473684,0.0,0,6,9,28,,57,39,37,6.200000000000003,0.0702151755379388,5.600000000000002,0.06342015855039633,31,28,38
22,D,all_agents,,,40,30,10,0,30,0,0.2732529336335665,0.21543667145796686,0.770816406515165,0.026314698259882502,123,28,0.7,0,0.0,0.0,31.7,731,,,,,,,,,,,,,,,,,,,,,,,,,,,
22,D,participants_only,,,30,30,0,0,30,0,0.3064130707503774,0.23333314865307558,0.770816406515165,0.029414452173037106,123,28,0.9333333333333333,0,0.0,0.0,25.6,731,,,,,,,,,,,,,,,,,,,,,,,,,,,
22,D,nonparticipants_only,,,10,0,10,0,0,0,0.17377252228313403,0.1627986574011858,0.3920080508884743,0.0038203001971503364,0,0,0.0,0,0.0,0.0,50.0,0,,,,,,,,,,,,,,,,,,,,,,,,,,,
22,D,step_totals,,,,,,,,,,,,,,,,,,,,,79.20000000000009,,,50.0,0.6313131313131306,18.0,0.22727272727272702,0.0,0.0,0.013004272910134404,0.08,0.0,0,4,13,48,,50,36,35,5.600000000000002,0.07070707070707066,5.600000000000002,0.07070707070707066,28,28,32
23,D,all_agents,,,40,30,10,0,30,0,0.27723047139900603,0.216973540756994,0.7733352536932881,0.027381308771559774,129,29,0.725,0,0.0,0.0,31.525,767,,,,,,,,,,,,,,,,,,,,,,,,,,,
23,D,participants_only,,,30,30,0,0,30,0,0.31148762609979236,0.23631846099641585,0.7733352536932881,0.030591259024705584,129,29,0.9666666666666667,0,0.0,0.0,25.366666666666667,767,,,,,,,,,,,,,,,,,,,,,,,,,,,
23,D,nonparticipants_only,,,10,0,10,0,0,0,0.17445900729664704,0.16440673978582282,0.39004801063403194,0.0036688262337990613,0,0,0.0,0,0.0,0.0,50.0,0,,,,,,,,,,,,,,,,,,,,,,,,,,,
23,D,step_totals,,,,,,,,,,,,,,,,,,,,,88.3000000000001,,,57.0,0.6455266138165339,19.5,0.22083805209513,0.0,0.0,0.012673124419340388,0.10526315789473684,0.0,0,6,9,28,,57,39,37,6.200000000000003,0.0702151755379388,5.600000000000002,0.06342015855039633,31,28,38
24,D,all_agents,,,40,30,10,0,30,0,0.28096064998780673,0.2179498201836203,0.7824018435455566,0.028569244414513723,136,29,0.725,0,0.0,0.0,31.675,807,,,,,,,,,,,,,,,,,,,,,,,,,,,
24,D,participants_only,,,30,30,0,0,30,0,0.3162339874644534,0.23779900537075233,0.7824018435455566,0.03194145073429373,136,29,0.9666666666666667,0,0.0,0.0,25.566666666666666,807,,,,,,,,,,,,,,,,,,,,,,,,,,,
24,D,nonparticipants_only,,,10,0,10,0,0,0,0.1751406375578666,0.165556996225121,0.38809777058086176,0.003522125414276775,0,0,0.0,0,0.0,0.0,50.0,0,,,,,,,,,,,,,,,,,,,,,,,,,,,
24,D,step_totals,,,,,,,,,,,,,,,,,,,,,79.40000000000008,,,50.0,0.6297229219143571,18.0,0.22670025188916854,0.0,0.0,0.013490227390979527,0.14,0.0,0,7,13,48,,50,36,35,5.600000000000002,0.07052896725440802,5.8000000000000025,0.07304785894206545,28,29,32
25,D,all_agents,,,40,30,10,0,28,2,0.2850263361561183,0.21992688674417576,0.7911057698037344,0.029704899640844478,142,30,0.75,0,0.0,0.0,31.5,847,,,,,,,,,,,,,,,,,,,,,,,,,,,
25,D,participants_only,,,30,30,0,0,28,2,0.32142984724405765,0.2427119197599043,0.7911057698037344,0.03317691549108742,142,30,1.0,0,0.0,0.0,25.333333333333332,847,,,,,,,,,,,,,,,,,,,,,,,,,,,
25,D,nonparticipants_only,,,10,0,10,0,0,0,0.17581580289230014,0.16690658863462557,0.38615728172795744,0.0033862646557589514,0,0,0.0,0,0.0,0.0,50.0,0,,,,,,,,,,,,,,,,,,,,,,,,,,,
25,D,step_totals,,,,,,,,,,,,,,,,,,,,,88.3000000000001,,,57.0,0.6455266138165339,19.5,0.22083805209513,0.0,0.0,0.012952611691326534,0.10526315789473684,0.0,0,6,10,26,,57,39,37,6.000000000000003,0.06795016987542464,5.8000000000000025,0.06568516421291049,30,29,37
26,D,all_agents,,,40,30,10,0,28,2,0.2883303575798461,0.21915171908024939,0.799461539011585,0.03091498475106427,148,30,0.75,0,0.0,0.0,31.675,885,,,,,,,,,,,,,,,,,,,,,,,,,,,
26,D,participants_only,,,30,30,0,0,28,2,0.3256115962442408,0.24265082390641168,0.799461539011585,0.03457599052158726,148,30,1.0,0,0.0,0.0,25.566666666666666,885,,,,,,,,,,,,,,,,,,,,,,,,,,,
26,D,nonparticipants_only,,,10,0,10,0,0,0,0.17648664158666197,0.1686903034187445,0.38422649531931763,0.0032532783632765903,0,0,0.0,0,0.0,0.0,50.0,0,,,,,,,,,,,,,,,,,,,,,,,,,,,
26,D,step_totals,,,,,,,,,,,,,,,,,,,,,78.90000000000009,,,50.0,0.6337135614702147,17.5,0.22179974651457515,0.0,0.0,0.012314393447174188,0.12,0.0,0,6,13,47,,50,35,35,5.400000000000002,0.06844106463878322,6.000000000000003,0.0760456273764258,27,30,32
27,D,all_agents,,,40,30,10,0,28,2,0.2918761685202289,0.21850915241626478,0.8074830774511216,0.031989896392970986,158,30,0.75,0,0.0,0.0,31.5,921,,,,,,,,,,,,,,,,,,,,,,,,,,,
27,D,participants_only,,,30,30,0,0,28,2,0.330117273456902,0.24497992597894858,0.8074830774511216,0.035762227618807645,158,30,1.0,0,0.0,0.0,25.333333333333332,921,,,,,,,,,,,,,,,,,,,,,,,,,,,
27,D,nonparticipants_only,,,10,0,10,0,0,0,0.1771528537102096,0.17178012015672034,0.38230536284272104,0.0031243174341292947,0,0,0.0,0,0.0,0.0,50.0,0,,,,,,,,,,,,,,,,,,,,,,,,,,,
27,D,step_totals,,,,,,,,,,,,,,,,,,,,,87.90000000000009,,,57.0,0.6484641638225249,19.5,0.22184300341296906,0.0,0.0,0.011600605491052445,0.17543859649122806,0.0,0,10,12,25,,57,39,36,5.600000000000002,0.06370875995449371,5.8000000000000025,0.06598407281001134,28,29,37
28,D,all_agents,,,40,30,10,0,28,2,0.29524395929398695,0.22136408505591543,0.8151837543530767,0.03310673982094813,159,30,0.75,0,0.0,0.0,31.675,961,,,,,,,,,,,,,,,,,,,,,,,,,,,
28,D,participants_only,,,30,30,0,0,28,2,0.3343873105576366,0.24513312363280668,0.8151837543530767,0.03701301257594159,159,30,1.0,0,0.0,0.0,25.566666666666666,961,,,,,,,,,,,,,,,,,,,,,,,,,,,
28,D,nonparticipants_only,,,10,0,10,0,0,0,0.17781390550303813,0.1718412382381141,0.38039383602850746,0.003001498178174243,0,0,0.0,0,0.0,0.0,50.0,0,,,,,,,,,,,,,,,,,,,,,,,,,,,
28,D,step_totals,,,,,,,,,,,,,,,,,,,,,78.90000000000009,,,50.0,0.6337135614702147,17.5,0.22179974651457515,0.0,0.0,0.012546340854297084,0.02,0.0,0,1,13,47,,50,35,35,5.400000000000002,0.06844106463878322,6.000000000000003,0.0760456273764258,27,30,32
29,D,all_agents,,,40,30,10,0,27,3,0.2987716707053032,0.2247898603798948,0.8225764041789536,0.03414456257726104,162,30,0.75,0,0.0,0.0,31.5,998,,,,,,,,,,,,,,,,,,,,,,,,,,,
29,D,participants_only,,,30,30,0,0,27,3,0.33887248764847105,0.24708280229861718,0.8225764041789536,0.03813147931371046,162,30,1.0,0,0.0,0.0,25.333333333333332,998,,,,,,,,,,,,,,,,,,,,,,,,,,,
29,D,nonparticipants_only,,,10,0,10,0,0,0,0.1784692198757997,0.17252673191609064,0.37849186684836494,0.00288690613379931,0,0,0.0,0,0.0,0.0,50.0,0,,,,,,,,,,,,,,,,,,,,,,,,,,,
29,D,step_totals,,,,,,,,,,,,,,,,,,,,,87.9000000000001,,,57.0,0.6484641638225248,19.5,0.22184300341296903,0.0,0.0,0.01159216567549096,0.05263157894736842,0.0,0,3,12,25,,57,39,36,5.600000000000002,0.0637087599544937,5.8000000000000025,0.06598407281001133,28,29,37
30,D,all_agents,,,40,30,10,0,27,3,0.30189740675588417,0.22423809861516564,0.8296733480117955,0.03535869449147096,166,30,0.75,0,0.0,0.0,31.675,1039,,,,,,,,,,,,,,,,,,,,,,,,,,,
30,D,participants_only,,,30,30,0,0,27,3,0.3428230843410348,0.247387080540208,0.8296733480117955,0.0395203540354613,166,30,1.0,0,0.0,0.0,25.566666666666666,1039,,,,,,,,,,,,,,,,,,,,,,,,,,,
30,D,nonparticipants_only,,,10,0,10,0,0,0,0.17912037400043213,0.17332801541546894,0.37659940751412313,0.0027747828298554634,0,0,0.0,0,0.0,0.0,50.0,0,,,,,,,,,,,,,,,,,,,,,,,,,,,
30,D,step_totals,,,,,,,,,,,,,,,,,,,,,78.40000000000008,,,50.0,0.6377551020408156,17.0,0.21683673469387735,0.0,0.0,0.011913238687318231,0.08,0.0,0,4,13,47,,50,34,34,5.400000000000002,0.06887755102040813,6.000000000000003,0.07653061224489792,27,30,32
30,D,reachability,0.225,0.0,,,,,,,,,,,,,,,,,,,,,,,,,,,,,,,,,,,,,,,,,,,,,
31,D,all_agents,,,40,30,10,0,27,3,0.30549899209660264,0.2309280226234769,0.8364864140913236,0.036406817051927595,171,30,0.75,0,0.0,0.0,31.5,1080,,,,,,,,,,,,,,,,,,,,,,,,,,,
31,D,participants_only,,,30,30,0,0,27,3,0.3474098065216819,0.250987497735626,0.8364864140913236,0.04062695843749347,171,30,1.0,0,0.0,0.0,25.333333333333332,1080,,,,,,,,,,,,,,,,,,,,,,,,,,,
31,D,nonparticipants_only,,,10,0,10,0,0,0,0.17976654882136495,0.17374509923887652,0.3747164104765525,0.002668196505948792,0,0,0.0,0,0.0,0.0,50.0,0,,,,,,,,,,,,,,,,,,,,,,,,,,,
31,D,step_totals,,,,,,,,,,,,,,,,,,,,,86.7000000000001,,,57.0,0.6574394463667812,18.5,0.2133794694348325,0.0,0.0,0.011984026805188557,0.08771929824561403,0.0,0,5,13,24,,57,37,36,5.400000000000002,0.0622837370242214,5.8000000000000025,0.06689734717416373,27,29,37
32,D,all_agents,,,40,30,10,0,27,3,0.30837859754407326,0.230147037183491,0.8430269575276707,0.037588510020911715,175,30,0.75,0,0.0,0.0,31.675,1120,,,,,,,,,,,,,,,,,,,,,,,,,,,
32,D,participants_only,,,30,30,0,0,27,3,0.3510354132508932,0.2507057175989939,0.8430269575276707,0.04198436108515456,175,30,1.0,0,0.0,0.0,25.566666666666666,1120,,,,,,,,,,,,,,,,,,,,,,,,,,,
32,D,nonparticipants_only,,,10,0,10,0,0,0,0.1804081504236136,0.1742842180037343,0.37284282842416977,0.002565709713236033,0,0,0.0,0,0.0,0.0,50.0,0,,,,,,,,,,,,,,,,,,,,,,,,,,,
32,D,step_totals,,,,,,,,,,,,,,,,,,,,,78.20000000000007,,,50.0,0.6393861892583114,17.0,0.2173913043478259,0.0,0.0,0.011221534960517568,0.08,0.0,0,4,14,46,,50,34,34,5.200000000000002,0.06649616368286441,6.000000000000003,0.0767263427109974,26,30,32
33,D,all_agents,,,40,30,10,0,25,5,0.31161346831268183,0.2331548000077465,0.8493058792265639,0.03863688964633464,181,30,0.75,0,0.0,0.0,31.5,1160,,,,,,,,,,,,,,,,,,,,,,,,,,,
33,D,participants_only,,,30,30,0,0,25,5,0.35513654179829146,0.2572352346444784,0.8493058792265639,0.04311523858441178,181,30,1.0,0,0.0,0.0,25.333333333333332,1160,,,,,,,,,,,,,,,,,,,,,,,,,,,
33,D,nonparticipants_only,,,10,0,10,0,0,0,0.18104424785585302,0.17451948863505418,0.3709786142820489,0.002470747724497919,0,0,0.0,0,0.0,0.0,50.0,0,,,,,,,,,,,,,,,,,,,,,,,,,,,
33,D,step_totals,,,,,,,,,,,,,,,,,,,,,86.3000000000001,0.1,0.0011587485515643092,57.0,0.6604866743916563,18.0,0.20857473928157566,0.0,0.0,0.011070292633895622,0.10526315789473684,0.0,0,6,13,23,1,57,36,36,5.200000000000002,0.0602549246813441,6.000000000000003,0.06952491309385858,26,30,37
34,D,all_agents,,,40,30,10,0,24,6,0.3144635666769694,0.23441330842386449,0.8553336440575013,0.0397386754038068,186,30,0.75,0,0.0,0.0,31.675,1201,,,,,,,,,,,,,,,,,,,,,,,,,,,
34,D,participants_only,,,30,30,0,0,24,6,0.358725932476109,0.2604971054187335,0.8553336440575013,0.04435580140573097,186,30,1.0,0,0.0,0.0,25.566666666666666,1201,,,,,,,,,,,,,,,,,,,,,,,,,,,
34,D,nonparticipants_only,,,10,0,10,0,0,0,0.18167646927955072,0.17529316344354856,0.3691237212106387,0.002377413084392216,0,0,0.0,0,0.0,0.0,50.0,0,,,,,,,,,,,,,,,,,,,,,,,,,,,
34,D,step_totals,,,,,,,,,,,,,,,,,,,,,77.70000000000009,,,50.0,0.6435006435006427,16.5,0.21235521235521213,0.0,0.0,0.011241544924119037,0.1,0.0,0,5,14,46,,50,33,34,5.200000000000002,0.06692406692406687,6.000000000000003,0.07722007722007716,26,30,31
35,D,all_agents,,,40,30,10,0,24,6,0.3177729300350138,0.23654182101670973,0.8611202982952013,0.04080383974857947,191,30,0.75,0,0.0,0.0,31.5,1244,,,,,,,,,,,,,,,,,,,,,,,,,,,
35,D,participants_only,,,30,30,0,0,24,6,0.36292918857100254,0.2620553217138468,0.8611202982952013,0.045486062028298184,191,30,1.0,0,0.0,0.0,25.333333333333332,1244,,,,,,,,,,,,,,,,,,,,,,,,,,,
35,D,nonparticipants_only,,,10,0,10,0,0,0,0.18230415442704737,0.17547841004890558,0.3672781026045855,0.002288120689794592,0,0,0.0,0,0.0,0.0,50.0,0,,,,,,,,,,,,,,,,,,,,,,,,,,,
35,D,step_totals,,,,,,,,,,,,,,,,,,,,,86.2000000000001,,,57.0,0.6612529002320178,18.0,0.20881670533642666,0.0,0.0,0.011298446145194829,0.08771929824561403,0.0,0,5,14,23,,57,36,36,5.200000000000002,0.060324825986078835,6.000000000000003,0.06960556844547558,26,30,37
36,D,all_agents,,,40,30,10,0,23,7,0.32050026941453974,0.23827046749611847,0.8666754863633933,0.04190035863967238,204,30,0.75,0,0.0,0.0,31.675,1286,,,,,,,,,,,,,,,,,,,,,,,,,,,
36,D,participants_only,,,30,30,0,0,23,7,0.366357937487665,0.2637230875102629,0.8666754863633933,0.04672105403679639,204,30,1.0,0,0.0,0.0,25.566666666666666,1286,,,,,,,,,,,,,,,,,,,,,,,,,,,
36,D,nonparticipants_only,,,10,0,10,0,0,0,0.18292726519516403,0.17589305342883627,0.36544171209156256,0.002203163795041208,0,0,0.0,0,0.0,0.0,50.0,0,,,,,,,,,,,,,,,,,,,,,,,,,,,
36,D,step_totals,,,,,,,,,,,,,,,,,,,,,77.70000000000007,,,50.0,0.6435006435006428,16.5,0.21235521235521215,0.0,0.0,0.010894060397669944,0.26,0.0,0,13,14,46,,50,33,34,5.200000000000002,0.06692406692406688,6.000000000000003,0.07722007722007718,26,30,31
37,D,all_agents,,,40,30,10,0,21,9,0.32389058848329333,0.240228302558038,0.8720084669088576,0.04296119797151641,210,30,0.75,0,0.0,0.0,31.5,1332,,,,,,,,,,,,,,,,,,,,,,,,,,,
37,D,participants_only,,,30,30,0,0,21,9,0.37067237078112925,0.2659753180201788,0.8720084669088576,0.047819290993079654,210,30,1.0,0,0.0,0.0,25.333333333333332,1332,,,,,,,,,,,,,,,,,,,,,,,,,,,
37,D,nonparticipants_only,,,10,0,10,0,0,0,0.18354524158978552,0.17627752253117537,0.36361450353110475,0.002124497047281276,0,0,0.0,0,0.0,0.0,50.0,0,,,,,,,,,,,,,,,,,,,,,,,,,,,
37,D,step_totals,,,,,,,,,,,,,,,,,,,,,86.20000000000009,,,57.0,0.6612529002320179,18.0,0.2088167053364267,0.0,0.0,0.01154584927492371,0.10526315789473684,0.0,0,6,13,23,,57,36,36,5.200000000000002,0.06032482598607885,6.000000000000003,0.0696055684454756,26,30,37
38,D,all_agents,,,40,30,10,0,23,7,0.32633640556717414,0.23982526675057894,0.8771281282325033,0.043955328692273136,216,30,0.75,0,0.0,0.0,31.675,1371,,,,,,,,,,,,,,,,,,,,,,,,,,,
38,D,participants_only,,,30,30,0,0,23,7,0.37372880226961713,0.26669587739313094,0.8771281282325033,0.04894022788749962,216,30,1.0,0,0.0,0.0,25.566666666666666,1371,,,,,,,,,,,,,,,,,,,,,,,,,,,
38,D,nonparticipants_only,,,10,0,10,0,0,0,0.18415921545984518,0.17572084316394848,0.3617964310134492,0.0020481599241729633,0,0,0.0,0,0.0,0.0,50.0,0,,,,,,,,,,,,,,,,,,,,,,,,,,,
38,D,step_totals,,,,,,,,,,,,,,,,,,,,,77.70000000000009,,,50.0,0.6435006435006427,16.5,0.21235521235521213,0.0,0.0,0.010058866503748619,0.12,0.0,0,6,14,44,,50,33,34,5.200000000000002,0.06692406692406687,6.000000000000003,0.07722007722007716,26,30,30
39,D,all_agents,,,40,30,10,0,22,8,0.32961365169243534,0.24129233804565686,0.8820430031032032,0.044909986973771715,221,30,0.75,0,0.0,0.0,31.5,1417,,,,,,,,,,,,,,,,,,,,,,,,,,,
39,D,participants_only,,,30,30,0,0,22,8,0.3778951993478197,0.2685360749845219,0.8820430031032032,0.04989730814813365,221,30,1.0,0,0.0,0.0,25.333333333333332,1417,,,,,,,,,,,,,,,,,,,,,,,,,,,
39,D,nonparticipants_only,,,10,0,10,0,0,0,0.18476900872628235,0.17563654592438305,0.35998744885838196,0.0019747293226961217,0,0,0.0,0,0.0,0.0,50.0,0,,,,,,,,,,,,,,,,,,,,,,,,,,,
39,D,step_totals,,,,,,,,,,,,,,,,,,,,,85.10000000000008,,,57.0,0.6698002350176256,17.5,0.2056404230317272,0.0,0.0,0.011423076047865762,0.08771929824561403,0.0,0,5,16,23,,57,35,36,4.600000000000001,0.05405405405405402,6.000000000000003,0.0705052878965922,23,30,37
40,D,all_agents,,,40,30,10,0,22,8,0.33204155232181687,0.2407349113269606,0.8867612829790751,0.04592985955667055,225,30,0.75,0,0.0,0.0,31.675,1458,,,,,,,,,,,,,,,,,,,,,,,,,,,
40,D,participants_only,,,30,30,0,0,22,8,0.3809306067295718,0.2698714209112746,0.8867612829790751,0.051044174099418006,225,30,1.0,0,0.0,0.0,25.566666666666666,1458,,,,,,,,,,,,,,,,,,,,,,,,,,,
40,D,nonparticipants_only,,,10,0,10,0,0,0,0.185374389098552,0.17560638242086435,0.35818751161409007,0.001905240237815113,0,0,0.0,0,0.0,0.0,50.0,0,,,,,,,,,,,,,,,,,,,,,,,,,,,
40,D,step_totals,,,,,,,,,,,,,,,,,,,,,77.70000000000009,,,50.0,0.6435006435006427,16.5,0.21235521235521213,0.0,0.0,0.0100375685373773,0.08,0.0,0,4,14,44,,50,33,34,5.200000000000002,0.06692406692406687,6.000000000000003,0.07722007722007716,26,30,30
40,D,reachability,0.225,0.0,,,,,,,,,,,,,,,,,,,,,,,,,,,,,,,,,,,,,,,,,,,,,
41,D,all_agents,,,40,30,10,0,22,8,0.33454448338242365,0.24021120130245394,0.8912908316599121,0.046855902884787554,233,30,0.75,0,0.0,0.0,31.5,1496,,,,,,,,,,,,,,,,,,,,,,,,,,,
41,D,participants_only,,,30,30,0,0,22,8,0.38406767044533036,0.26926425699537637,0.8912908316599121,0.05205061868611435,233,30,1.0,0,0.0,0.0,25.333333333333332,1496,,,,,,,,,,,,,,,,,,,,,,,,,,,
41,D,nonparticipants_only,,,10,0,10,0,0,0,0.1859749221937033,0.1760065782491349,0.3563965740560196,0.0018412027983952532,0,0,0.0,0,0.0,0.0,50.0,0,,,,,,,,,,,,,,,,,,,,,,,,,,,
41,D,step_totals,,,,,,,,,,,,,,,,,,,,,84.70000000000007,,,57.0,0.6729634002361269,17.5,0.2066115702479337,0.0,0.0,0.009290198156077565,0.14035087719298245,0.0,0,8,18,22,,57,35,36,4.200000000000001,0.0495867768595041,6.000000000000003,0.07083825265643444,21,30,36
42,D,all_agents,,,40,30,10,0,22,8,0.3368684081736694,0.23901014529594167,0.8956391983935156,0.04778221936459623,237,30,0.75,0,0.0,0.0,31.675,1537,,,,,,,,,,,,,,,,,,,,,,,,,,,
42,D,participants_only,,,30,30,0,0,22,8,0.3869672307135758,0.2729996555031986,0.8956391983935156,0.053077429309469376,237,30,1.0,0,0.0,0.0,25.566666666666666,1537,,,,,,,,,,,,,,,,,,,,,,,,,,,
42,D,nonparticipants_only,,,10,0,10,0,0,0,0.1865719405539502,0.1771377760109715,0.3546145911857395,0.0017778852913563738,0,0,0.0,0,0.0,0.0,50.0,0,,,,,,,,,,,,,,,,,,,,,,,,,,,
42,D,step_totals,,,,,,,,,,,,,,,,,,,,,77.20000000000009,,,50.0,0.6476683937823827,16.0,0.20725388601036246,0.0,0.0,0.00981932405447193,0.08,0.0,0,4,14,44,,50,32,34,5.200000000000002,0.06735751295336782,6.000000000000003,0.07772020725388595,26,30,30
43,D,all_agents,,,40,30,10,0,22,8,0.33975240412056656,0.24042566098010265,0.899813630457775,0.04871669275468697,242,30,0.75,0,0.0,0.0,31.5,1582,,,,,,,,,,,,,,,,,,,,,,,,,,,
43,D,participants_only,,,30,30,0,0,22,8,0.3906148968815255,0.27334321903271486,0.899813630457775,0.054035187325246224,242,30,1.0,0,0.0,0.0,25.333333333333332,1582,,,,,,,,,,,,,,,,,,,,,,,,,,,
43,D,nonparticipants_only,,,10,0,10,0,0,0,0.18716492583768993,0.17752227413686902,0.3528415182298108,0.0017172910047060746,0,0,0.0,0,0.0,0.0,50.0,0,,,,,,,,,,,,,,,,,,,,,,,,,,,
43,D,step_totals,,,,,,,,,,,,,,,,,,,,,84.40000000000009,,,57.0,0.6753554502369661,17.0,0.20142180094786707,0.0,0.0,0.01043973786314431,0.08771929824561403,0.0,0,5,18,22,,57,34,36,4.400000000000001,0.0521327014218009,6.000000000000003,0.07109004739336489,22,30,36
44,D,all_agents,,,40,30,10,0,22,8,0.34197234348382627,0.23922353267520213,0.9038210852394639,0.04969401671552562,248,30,0.75,0,0.0,0.0,31.675,1625,,,,,,,,,,,,,,,,,,,,,,,,,,,
44,D,participants_only,,,30,30,0,0,22,8,0.39337853625840713,0.2736481813741787,0.9038210852394639,0.05513501430517012,248,30,1.0,0,0.0,0.0,25.566666666666666,1625,,,,,,,,,,,,,,,,,,,,,,,,,,,
44,D,nonparticipants_only,,,10,0,10,0,0,0,0.18775376516008363,0.1789324353994745,0.35107731063866177,0.0016598640796636772,0,0,0.0,0,0.0,0.0,50.0,0,,,,,,,,,,,,,,,,,,,,,,,,,,,
44,D,step_totals,,,,,,,,,,,,,,,,,,,,,77.20000000000009,,,50.0,0.6476683937823827,16.0,0.20725388601036246,0.0,0.0,0.009527523329673743,0.12,0.0,0,6,14,44,,50,32,35,5.200000000000002,0.06735751295336782,6.000000000000003,0.07772020725388595,26,30,30
45,D,all_agents,,,40,30,10,0,21,9,0.34459442143686403,0.24093695934778803,0.9076682418298854,0.05057061775852084,256,30,0.75,0,0.0,0.0,31.5,1668,,,,,,,,,,,,,,,,,,,,,,,,,,,
45,D,participants_only,,,30,30,0,0,21,9,0.39667992179627204,0.27409910558697825,0.9076682418298854,0.05604006005308281,256,30,1.0,0,0.0,0.0,25.333333333333332,1668,,,,,,,,,,,,,,,,,,,,,,,,,,,
45,D,nonparticipants_only,,,10,0,10,0,0,0,0.18833792035864025,0.1793672698584569,0.34932192408546847,0.0016074987025563408,0,0,0.0,0,0.0,0.0,50.0,0,,,,,,,,,,,,,,,,,,,,,,,,,,,
45,D,step_totals,,,,,,,,,,,,,,,,,,,,,83.50000000000007,,,57.0,0.6826347305389215,16.5,0.1976047904191615,0.0,0.0,0.00983206275748779,0.14035087719298245,0.0,0,8,19,21,,57,33,36,4.000000000000001,0.047904191616766435,6.000000000000003,0.07185628742514967,20,30,36
46,D,all_agents,,,40,30,10,0,21,9,0.3467249765250912,0.24145068559281363,0.9113615121566899,0.051484230317379205,266,30,0.75,0,0.0,0.0,31.675,1711,,,,,,,,,,,,,,,,,,,,,,,,,,,
46,D,participants_only,,,30,30,0,0,21,9,0.39932707634428416,0.2742084982500777,0.9113615121566899,0.057059160943953365,266,30,1.0,0,0.0,0.0,25.566666666666666,1711,,,,,,,,,,,,,,,,,,,,,,,,,,,
46,D,nonparticipants_only,,,10,0,10,0,0,0,0.18891867706751242,0.18142981403246206,0.34757531446504114,0.0015556675729966657,0,0,0.0,0,0.0,0.0,50.0,0,,,,,,,,,,,,,,,,,,,,,,,,,,,
46,D,step_totals,,,,,,,,,,,,,,,,,,,,,77.20000000000009,,,50.0,0.6476683937823827,16.0,0.20725388601036246,0.0,0.0,0.009277295490903751,0.2,0.0,0,10,14,44,,50,32,35,5.200000000000002,0.06735751295336782,6.000000000000003,0.07772020725388595,26,30,30
47,D,all_agents,,,40,30,10,0,20,10,0.34937869163298213,0.24215045401831603,0.9149070516704223,0.05240308996951102,269,30,0.75,0,0.0,0.0,31.5,1758,,,,,,,,,,,,,,,,,,,,,,,,,,,
47,D,participants_only,,,30,30,0,0,20,10,0.40267289371505394,0.2742734487150109,0.9149070516704223,0.05800828989464874,269,30,1.0,0,0.0,0.0,25.333333333333332,1758,,,,,,,,,,,,,,,,,,,,,,,,,,,
47,D,nonparticipants_only,,,10,0,10,0,0,0,0.1894960853867669,0.18147797817354044,0.3458374378927159,0.001504226487321421,0,0,0.0,0,0.0,0.0,50.0,0,,,,,,,,,,,,,,,,,,,,,,,,,,,
47,D,step_totals,,,,,,,,,,,,,,,,,,,,,82.50000000000009,,,57.0,0.6909090909090901,15.5,0.18787878787878767,0.0,0.0,0.010092386575398573,0.05263157894736842,0.0,0,3,19,21,,57,31,35,4.000000000000001,0.04848484848484844,6.000000000000003,0.07272727272727268,20,30,35
48,D,all_agents,,,40,30,10,0,20,10,0.3512954392334893,0.2431318151530512,0.9183107696036054,0.05322226236372,276,30,0.75,0,0.0,0.0,31.675,1799,,,,,,,,,,,,,,,,,,,,,,,,,,,
48,D,participants_only,,,30,30,0,0,20,10,0.4050375359417046,0.2765010330290696,0.9183107696036054,0.05892452586541155,276,30,1.0,0,0.0,0.0,25.566666666666666,1799,,,,,,,,,,,,,,,,,,,,,,,,,,,
48,D,nonparticipants_only,,,10,0,10,0,0,0,0.19006914910884365,0.18203097111275435,0.34410825070325235,0.001456916355503407,0,0,0.0,0,0.0,0.0,50.0,0,,,,,,,,,,,,,,,,,,,,,,,,,,,
48,D,step_totals,,,,,,,,,,,,,,,,,,,,,75.80000000000008,,,50.0,0.6596306068601576,15.0,0.19788918205804729,0.0,0.0,0.008856559240775027,0.14,0.0,0,7,15,43,,50,30,34,4.800000000000002,0.06332453825857515,6.000000000000003,0.07915567282321895,24,30,29
49,D,all_agents,,,40,30,10,0,19,11,0.35384433646799063,0.24461319033755896,0.9215783388194612,0.05413173644189879,282,30,0.75,0,0.0,0.0,31.5,1847,,,,,,,,,,,,,,,,,,,,,,,,,,,
49,D,participants_only,,,30,30,0,0,19,11,0.4082465585546872,0.2772331857519673,0.9215783388194612,0.059865783573936564,282,30,1.0,0,0.0,0.0,25.333333333333332,1847,,,,,,,,,,,,,,,,,,,,,,,,,,,
49,D,nonparticipants_only,,,10,0,10,0,0,0,0.19063767020790087,0.18133908409937993,0.34238770944973607,0.0014143738301423678,0,0,0.0,0,0.0,0.0,50.0,0,,,,,,,,,,,,,,,,,,,,,,,,,,,
49,D,step_totals,,,,,,,,,,,,,,,,,,,,,81.50000000000007,,,57.0,0.6993865030674841,14.5,0.17791411042944769,0.0,0.0,0.009951976406420239,0.10526315789473684,0.0,0,6,19,20,,57,29,34,4.000000000000001,0.04907975460122696,6.000000000000003,0.07361963190184045,20,30,34
50,D,all_agents,,,40,30,10,0,19,11,0.35600489289882004,0.24613679049167314,0.9247152052666827,0.05498938673271164,284,30,0.75,0,0.0,0.0,31.675,1894,,,,,,,,,,,,,,,,,,,,,,,,,,,
50,D,participants_only,,,30,30,0,0,19,11,0.4109388902337514,0.2787723203534379,0.9247152052666827,0.06079080951900633,284,30,1.0,0,0.0,0.0,25.566666666666666,1894,,,,,,,,,,,,,,,,,,,,,,,,,,,
50,D,nonparticipants_only,,,10,0,10,0,0,0,0.19120290089402572,0.18241508503094445,0.3406757709024874,0.0013721896154965502,0,0,0.0,0,0.0,0.0,50.0,0,,,,,,,,,,,,,,,,,,,,,,,,,,,
50,D,step_totals,,,,,,,,,,,,,,,,,,,,,76.00000000000009,,,50.0,0.6578947368421045,15.0,0.19736842105263136,0.0,0.0,0.009611663717670707,0.04,0.0,0,2,15,43,,50,30,34,5.000000000000002,0.06578947368421048,6.000000000000003,0.07894736842105257,25,30,29
50,D,reachability,0.25,0.0,,,,,,,,,,,,,,,,,,,,,,,,,,,,,,,,,,,,,,,,,,,,,
51,D,all_agents,,,40,30,10,0,18,12,0.3585108627462425,0.24822463454393057,0.9277265970560155,0.05586584357442257,295,30,0.75,0,0.0,0.0,31.5,1942,,,,,,,,,,,,,,,,,,,,,,,,,,,
51,D,participants_only,,,30,30,0,0,18,12,0.4140928064128295,0.28093063087235853,0.9277265970560155,0.06168713950010195,295,30,1.0,0,0.0,0.0,25.333333333333332,1942,,,,,,,,,,,,,,,,,,,,,,,,,,,
51,D,nonparticipants_only,,,10,0,10,0,0,0,0.1917650317464816,0.1825523561225304,0.33897239204797497,0.0013297262563166932,0,0,0.0,0,0.0,0.0,50.0,0,,,,,,,,,,,,,,,,,,,,,,,,,,,
51,D,step_totals,,,,,,,,,,,,,,,,,,,,,81.20000000000007,,,57.0,0.701970443349753,14.0,0.17241379310344812,0.0,0.0,0.009898045594104626,0.19298245614035087,0.0,0,11,19,20,,57,28,33,4.200000000000001,0.05172413793103445,6.000000000000003,0.07389162561576351,21,30,32
52,D,all_agents,,,40,30,10,0,18,12,0.36016405007063307,0.2485290026817833,0.9306175331737748,0.0566975925209436,298,30,0.75,0,0.0,0.0,31.675,1985,,,,,,,,,,,,,,,,,,,,,,,,,,,
52,D,participants_only,,,30,30,0,0,18,12,0.4161108431608837,0.28167310687685054,0.9306175331737748,0.0626471303023823,298,30,1.0,0,0.0,0.0,25.566666666666666,1985,,,,,,,,,,,,,,,,,,,,,,,,,,,
52,D,nonparticipants_only,,,10,0,10,0,0,0,0.19232367079988105,0.18317416003352233,0.3372775300877351,0.0012884552916276766,0,0,0.0,0,0.0,0.0,50.0,0,,,,,,,,,,,,,,,,,,,,,,,,,,,
52,D,step_totals,,,,,,,,,,,,,,,,,,,,,74.80000000000007,,,50.0,0.6684491978609619,14.0,0.18716577540106935,0.0,0.0,0.008229389777450186,0.06,0.0,0,3,15,43,,50,28,34,4.800000000000002,0.06417112299465237,6.000000000000003,0.08021390374331547,24,30,28
53,D,all_agents,,,40,30,10,0,18,12,0.3622964230477622,0.2511450102464535,0.9333928318468239,0.05756927869089362,305,30,0.75,0,0.0,0.0,31.5,2032,,,,,,,,,,,,,,,,,,,,,,,,,,,
53,D,participants_only,,,30,30,0,0,18,12,0.41876922796462157,0.28248910679802064,0.9333928318468239,0.06358521368291971,305,30,1.0,0,0.0,0.0,25.333333333333332,2032,,,,,,,,,,,,,,,,,,,,,,,,,,,
53,D,nonparticipants_only,,,10,0,10,0,0,0,0.19287800829718424,0.18370024379996425,0.33559114243729643,0.0012513413726835342,0,0,0.0,0,0.0,0.0,50.0,0,,,,,,,,,,,,,,,,,,,,,,,,,,,
53,D,step_totals,,,,,,,,,,,,,,,,,,,,,79.30000000000007,,,57.0,0.7187894073139969,12.5,0.1576292559899116,0.0,0.0,0.009062422085484086,0.12280701754385964,0.0,0,7,21,20,,57,25,33,3.800000000000001,0.047919293820933136,6.000000000000003,0.0756620428751576,19,30,29
54,D,all_agents,,,40,30,10,0,18,12,0.3641451616975445,0.24988928519522124,0.9360571185729509,0.058382445085590595,319,30,0.75,0,0.0,0.0,31.675,2079,,,,,,,,,,,,,,,,,,,,,,,,,,,
54,D,participants_only,,,30,30,0,0,18,12,0.4210507868924554,0.2834560610280433,0.9360571185729509,0.06448437894715589,319,30,1.0,0,0.0,0.0,25.566666666666666,2079,,,,,,,,,,,,,,,,,,,,,,,,,,,
54,D,nonparticipants_only,,,10,0,10,0,0,0,0.19342828611281165,0.18395740277674733,0.33391318672510995,0.001217641355010517,0,0,0.0,0,0.0,0.0,50.0,0,,,,,,,,,,,,,,,,,,,,,,,,,,,
54,D,step_totals,,,,,,,,,,,,,,,,,,,,,74.30000000000008,,,50.0,0.6729475100942119,13.5,0.18169582772543721,0.0,0.0,0.008933396877426539,0.28,0.0,0,14,15,42,,50,27,34,4.800000000000002,0.06460296096904436,6.000000000000003,0.08075370121130547,24,30,28
55,D,all_agents,,,40,30,10,0,18,12,0.3661051009310444,0.2510418608864382,0.9386148338300329,0.059290483734413785,325,30,0.75,0,0.0,0.0,31.5,2127,,,,,,,,,,,,,,,,,,,,,,,,,,,
55,D,participants_only,,,30,30,0,0,18,12,0.42348160493963577,0.2848657112450663,0.9386148338300329,0.06549123762045136,325,30,1.0,0,0.0,0.0,25.333333333333332,2127,,,,,,,,,,,,,,,,,,,,,,,,,,,
55,D,nonparticipants_only,,,10,0,10,0,0,0,0.19397558890527047,0.1853775487994846,0.3322436207914844,0.001183463529326283,0,0,0.0,0,0.0,0.0,50.0,0,,,,,,,,,,,,,,,,,,,,,,,,,,,
55,D,step_totals,,,,,,,,,,,,,,,,,,,,,77.80000000000007,,,57.0,0.7326478149100251,11.0,0.14138817480719781,0.0,0.0,0.00877566017219151,0.10526315789473684,0.0,0,6,21,17,,57,22,31,3.800000000000001,0.04884318766066835,6.000000000000003,0.07712082262210794,19,30,28
56,D,all_agents,,,40,30,10,0,18,12,0.36766086901158984,0.24978665158200597,0.9410702404768315,0.06002602208273292,332,30,0.75,0,0.0,0.0,31.675,2171,,,,,,,,,,,,,,,,,,,,,,,,,,,
56,D,participants_only,,,30,30,0,0,18,12,0.4253745251654906,0.285947696569406,0.9410702404768315,0.06632826871065826,332,30,1.0,0,0.0,0.0,25.566666666666666,2171,,,,,,,,,,,,,,,,,,,,,,,,,,,
56,D,nonparticipants_only,,,10,0,10,0,0,0,0.1945199005498876,0.18604620838477887,0.330582402687527,0.001148888919148672,0,0,0.0,0,0.0,0.0,50.0,0,,,,,,,,,,,,,,,,,,,,,,,,,,,
56,D,step_totals,,,,,,,,,,,,,,,,,,,,,73.60000000000007,,,50.0,0.6793478260869559,13.0,0.17663043478260854,0.0,0.0,0.008098275149331953,0.14,0.0,0,7,16,41,,50,26,34,4.600000000000001,0.062499999999999965,6.000000000000003,0.08152173913043474,23,30,28
57,D,all_agents,,,40,30,10,0,18,12,0.3695111439178452,0.2495078819477354,0.9434274308577583,0.06090618989293929,344,30,0.75,0,0.0,0.0,31.5,2218,,,,,,,,,,,,,,,,,,,,,,,,,,,
57,D,participants_only,,,30,30,0,0,18,12,0.4276614533733158,0.28541531735224257,0.9434274308577583,0.06730988493896788,344,30,1.0,0,0.0,0.0,25.333333333333332,2218,,,,,,,,,,,,,,,,,,,,,,,,,,,
57,D,nonparticipants_only,,,10,0,10,0,0,0,0.19506021555143352,0.18617874311107868,0.32892949067408933,0.0011176028776496599,0,0,0.0,0,0.0,0.0,50.0,0,,,,,,,,,,,,,,,,,,,,,,,,,,,
57,D,step_totals,,,,,,,,,,,,,,,,,,,,,76.60000000000007,,,57.0,0.7441253263707566,10.0,0.13054830287206254,0.0,0.0,0.008618348561276079,0.21052631578947367,0.0,0,12,22,16,,57,20,30,3.600000000000001,0.04699738903394253,6.000000000000003,0.07832898172323756,18,30,27
58,D,all_agents,,,40,30,10,0,18,12,0.37089108216510397,0.24826034253799673,0.9456903336234479,0.061631892433236406,353,30,0.75,0,0.0,0.0,31.675,2261,,,,,,,,,,,,,,,,,,,,,,,,,,,
58,D,participants_only,,,30,30,0,0,18,12,0.4293223715193664,0.2847215130912774,0.9456903336234479,0.0681565756449295,353,30,1.0,0,0.0,0.0,25.566666666666666,2261,,,,,,,,,,,,,,,,,,,,,,,,,,,
58,D,nonparticipants_only,,,10,0,10,0,0,0,0.1955972141023165,0.18626466522376262,0.3272848432207189,0.0010872558909385472,0,0,0.0,0,0.0,0.0,50.0,0,,,,,,,,,,,,,,,,,,,,,,,,,,,
58,D,step_totals,,,,,,,,,,,,,,,,,,,,,72.90000000000008,,,50.0,0.6858710562414259,12.5,0.17146776406035646,0.0,0.0,0.007631993446425491,0.18,0.0,0,9,17,40,,50,25,34,4.400000000000001,0.0603566529492455,6.000000000000003,0.08230452674897114,22,30,28
59,D,all_agents,,,40,30,10,0,18,12,0.37264366080594163,0.24879240002162395,0.9478627202785099,0.06250256652661812,359,30,0.75,0,0.0,0.0,31.5,2310,,,,,,,,,,,,,,,,,,,,,,,,,,,
59,D,participants_only,,,30,30,0,0,18,12,0.43148128175616945,0.2849513978741085,0.9478627202785099,0.06913654652468225,359,30,1.0,0,0.0,0.0,25.333333333333332,2310,,,,,,,,,,,,,,,,,,,,,,,,,,,
59,D,nonparticipants_only,,,10,0,10,0,0,0,0.1961307979552583,0.1882231708980673,0.3256484190046153,0.0010582388634335356,0,0,0.0,0,0.0,0.0,50.0,0,,,,,,,,,,,,,,,,,,,,,,,,,,,
59,D,step_totals,,,,,,,,,,,,,,,,,,,,,76.10000000000007,,,57.0,0.7490144546649139,9.5,0.12483574244415233,0.0,0.0,0.008397796008319152,0.10526315789473684,0.0,0,6,23,15,,57,19,29,3.600000000000001,0.047306176084099844,6.000000000000003,0.07884362680683309,18,30,26
60,D,all_agents,,,40,30,10,0,18,12,0.3739792528349263,0.24754843802151583,0.9499482114673695,0.0631464247844559,364,30,0.75,0,0.0,0.0,31.675,2352,,,,,,,,,,,,,,,,,,,,,,,,,,,
60,D,participants_only,,,30,30,0,0,18,12,0.43308543056068305,0.287108704640214,0.9499482114673695,0.06987723598013602,364,30,1.0,0,0.0,0.0,25.566666666666666,2352,,,,,,,,,,,,,,,,,,,,,,,,,,,
60,D,nonparticipants_only,,,10,0,10,0,0,0,0.19666071965765586,0.18804859936925666,0.3240201769095922,0.001031508253230526,0,0,0.0,0,0.0,0.0,50.0,0,,,,,,,,,,,,,,,,,,,,,,,,,,,
60,D,step_totals,,,,,,,,,,,,,,,,,,,,,72.90000000000008,,,50.0,0.6858710562414259,12.5,0.17146776406035646,0.0,0.0,0.007519178151762551,0.1,0.0,0,5,17,41,,50,25,34,4.400000000000001,0.0603566529492455,6.000000000000003,0.08230452674897114,22,30,30
60,D,reachability,0.25,0.0,,,,,,,,,,,,,,,,,,,,,,,,,,,,,,,,,,,,,,,,,,,,,
61,D,all_agents,,,40,30,10,0,18,12,0.3756999117687728,0.24631069583140824,0.9519502830086748,0.06399962275274537,370,30,0.75,0,0.0,0.0,31.5,2401,,,,,,,,,,,,,,,,,,,,,,,,,,,
61,D,participants_only,,,30,30,0,0,18,12,0.43520408789307075,0.2856731611170129,0.9519502830086748,0.0708346176611604,370,30,1.0,0,0.0,0.0,25.333333333333332,2401,,,,,,,,,,,,,,,,,,,,,,,,,,,
61,D,nonparticipants_only,,,10,0,10,0,0,0,0.197187383395879,0.18906760303357967,0.3224000760250442,0.0010056743127226425,0,0,0.0,0,0.0,0.0,50.0,0,,,,,,,,,,,,,,,,,,,,,,,,,,,
61,D,step_totals,,,,,,,,,,,,,,,,,,,,,75.60000000000007,,,57.0,0.7539682539682533,9.0,0.11904761904761894,0.0,0.0,0.008381511515565012,0.10526315789473684,0.0,0,6,23,15,,57,18,29,3.600000000000001,0.04761904761904759,6.000000000000003,0.07936507936507933,18,30,26
62,D,all_agents,,,40,30,10,0,17,13,0.3769114137883593,0.24730564608718378,0.9538722716883278,0.06463836292982647,379,30,0.75,0,0.0,0.0,31.675,2443,,,,,,,,,,,,,,,,,,,,,,,,,,,
62,D,participants_only,,,30,30,0,0,17,13,0.4366449107387584,0.2852253506492461,0.9538722716883278,0.07158536261213287,379,30,1.0,0,0.0,0.0,25.566666666666666,2443,,,,,,,,,,,,,,,,,,,,,,,,,,,
62,D,nonparticipants_only,,,10,0,10,0,0,0,0.19771092293716205,0.18950241879780505,0.320788075644919,0.0009802759878272294,0,0,0.0,0,0.0,0.0,50.0,0,,,,,,,,,,,,,,,,,,,,,,,,,,,
62,D,step_totals,,,,,,,,,,,,,,,,,,,,,72.40000000000006,,,50.0,0.6906077348066293,12.0,0.16574585635359101,0.0,0.0,0.007194833441179392,0.18,0.0,0,9,17,40,,50,24,33,4.400000000000001,0.06077348066298339,6.000000000000003,0.08287292817679555,22,30,30
63,D,all_agents,,,40,30,10,0,17,13,0.3785741010374205,0.24607846880621764,0.9557173808207947,0.06552814802338615,389,30,0.75,0,0.0,0.0,31.5,2494,,,,,,,,,,,,,,,,,,,,,,,,,,,
63,D,participants_only,,,30,30,0,0,17,13,0.4386883897278901,0.2837992238959999,0.9557173808207947,0.07259735881750169,389,30,1.0,0,0.0,0.0,25.333333333333332,2494,,,,,,,,,,,,,,,,,,,,,,,,,,,
63,D,nonparticipants_only,,,10,0,10,0,0,0,0.19823123496601175,0.19066681896800547,0.3191841352666944,0.0009557831839060654,0,0,0.0,0,0.0,0.0,50.0,0,,,,,,,,,,,,,,,,,,,,,,,,,,,
63,D,step_totals,,,,,,,,,,,,,,,,,,,,,75.60000000000007,,,57.0,0.7539682539682533,9.0,0.11904761904761894,0.0,0.0,0.008208579465503721,0.17543859649122806,0.0,0,10,23,15,,57,18,29,3.600000000000001,0.04761904761904759,6.000000000000003,0.07936507936507933,18,30,26
64,D,all_agents,,,40,30,10,0,17,13,0.37992774210657543,0.2456664421475377,0.957488685587963,0.0661819555236563,392,30,0.75,0,0.0,0.0,31.675,2540,,,,,,,,,,,,,,,,,,,,,,,,,,,
64,D,participants_only,,,30,30,0,0,17,13,0.4403209331686847,0.28478647362973836,0.957488685587963,0.0733423309849273,392,30,1.0,0,0.0,0.0,25.566666666666666,2540,,,,,,,,,,,,,,,,,,,,,,,,,,,
64,D,nonparticipants_only,,,10,0,10,0,0,0,0.19874816892024755,0.19259210349217673,0.31758821459036096,0.0009327788198700514,0,0,0.0,0,0.0,0.0,50.0,0,,,,,,,,,,,,,,,,,,,,,,,,,,,
64,D,step_totals,,,,,,,,,,,,,,,,,,,,,72.20000000000007,,,50.0,0.692520775623268,12.0,0.16620498614958432,0.0,0.0,0.007707908901865549,0.06,0.0,0,3,17,40,,50,24,33,4.200000000000001,0.05817174515235453,6.000000000000003,0.0831024930747922,21,30,29
65,D,all_agents,,,40,30,10,0,17,13,0.38151053650220795,0.24464198648141422,0.9591891381644444,0.06704763058650942,398,30,0.75,0,0.0,0.0,31.5,2591,,,,,,,,,,,,,,,,,,,,,,,,,,,
65,D,participants_only,,,30,30,0,0,17,13,0.4422600733397057,0.28336254126158966,0.9591891381644444,0.07433129323449443,398,30,1.0,0,0.0,0.0,25.333333333333332,2591,,,,,,,,,,,,,,,,,,,,,,,,,,,
65,D,nonparticipants_only,,,10,0,10,0,0,0,0.1992619259897151,0.19242270835735753,0.31600027351740917,0.0009105679309086334,0,0,0.0,0,0.0,0.0,50.0,0,,,,,,,,,,,,,,,,,,,,,,,,,,,
65,D,step_totals,,,,,,,,,,,,,,,,,,,,,75.60000000000007,,,57.0,0.7539682539682533,9.0,0.11904761904761894,0.0,0.0,0.00796852358348023,0.10526315789473684,0.0,0,6,23,15,,57,18,29,3.600000000000001,0.04761904761904759,6.000000000000003,0.07936507936507933,18,30,26
66,D,all_agents,,,40,30,10,0,17,13,0.38269517880531756,0.24423150795543405,0.9608215726378666,0.06769046113644242,406,30,0.75,0,0.0,0.0,31.675,2637,,,,,,,,,,,,,,,,,,,,,,,,,,,
66,D,participants_only,,,30,30,0,0,17,13,0.44366948663660183,0.2865172129020064,0.9608215726378666,0.0750857639778239,406,30,1.0,0,0.0,0.0,25.566666666666666,2637,,,,,,,,,,,,,,,,,,,,,,,,,,,
66,D,nonparticipants_only,,,10,0,10,0,0,0,0.19977225531146475,0.19341149653075151,0.3144202721498221,0.0008901580262474073,0,0,0.0,0,0.0,0.0,50.0,0,,,,,,,,,,,,,,,,,,,,,,,,,,,
66,D,step_totals,,,,,,,,,,,,,,,,,,,,,71.70000000000007,,,50.0,0.6973500697350062,11.5,0.16039051603905144,0.0,0.0,0.007231110429283341,0.16,0.0,0,8,18,40,,50,23,33,4.200000000000001,0.05857740585774054,6.000000000000003,0.08368200836820079,21,30,28
67,D,all_agents,,,40,30,10,0,17,13,0.38403218430159547,0.24353940715708866,0.9623887097323519,0.06846293911801231,412,30,0.75,0,0.0,0.0,31.5,2685,,,,,,,,,,,,,,,,,,,,,,,,,,,
67,D,participants_only,,,30,30,0,0,17,13,0.44528301483416627,0.28508462683749636,0.9623887097323519,0.07598737303746253,412,30,1.0,0,0.0,0.0,25.333333333333332,2685,,,,,,,,,,,,,,,,,,,,,,,,,,,
67,D,nonparticipants_only,,,10,0,10,0,0,0,0.20027969270388307,0.19375879351537925,0.312848170789073,0.0008696664685051861,0,0,0.0,0,0.0,0.0,50.0,0,,,,,,,,,,,,,,,,,,,,,,,,,,,
67,D,step_totals,,,,,,,,,,,,,,,,,,,,,75.10000000000007,,,57.0,0.7589880159786944,8.5,0.11318242343541934,0.0,0.0,0.007262493744268952,0.10526315789473684,0.0,0,6,24,14,,57,17,29,3.600000000000001,0.04793608521970703,6.000000000000003,0.0798934753661784,18,30,26
68,D,all_agents,,,40,30,10,0,16,14,0.38506874793579027,0.24262879229128193,0.9638931613430578,0.06905048984240249,419,30,0.75,0,0.0,0.0,31.675,2729,,,,,,,,,,,,,,,,,,,,,,,,,,,
68,D,participants_only,,,30,30,0,0,16,14,0.44649696950322143,0.2848690676886849,0.9638931613430578,0.07669039446496448,419,30,1.0,0,0.0,0.0,25.566666666666666,2729,,,,,,,,,,,,,,,,,,,,,,,,,,,
68,D,nonparticipants_only,,,10,0,10,0,0,0,0.20078408323349686,0.19496329252327538,0.31128392993512766,0.0008496591154675499,0,0,0.0,0,0.0,0.0,50.0,0,,,,,,,,,,,,,,,,,,,,,,,,,,,
68,D,step_totals,,,,,,,,,,,,,,,,,,,,,71.20000000000006,,,50.0,0.7022471910112353,11.0,0.1544943820224718,0.0,0.0,0.006810514354373459,0.14,0.0,0,7,18,40,,50,22,33,4.200000000000001,0.058988764044943784,6.000000000000003,0.08426966292134828,21,30,27
69,D,all_agents,,,40,30,10,0,15,15,0.38627135152743186,0.24203009560555772,0.9653027193363919,0.06982703429040515,422,30,0.75,0,0.0,0.0,31.5,2775,,,,,,,,,,,,,,,,,,,,,,,,,,,
69,D,participants_only,,,30,30,0,0,15,15,0.44793343479476727,0.28344472235024154,0.9653027193363919,0.07761672576999465,422,30,1.0,0,0.0,0.0,25.333333333333332,2775,,,,,,,,,,,,,,,,,,,,,,,,,,,
69,D,nonparticipants_only,,,10,0,10,0,0,0,0.20128510172542563,0.19683148852155358,0.30972751028545203,0.0008314096972229957,0,0,0.0,0,0.0,0.0,50.0,0,,,,,,,,,,,,,,,,,,,,,,,,,,,
69,D,step_totals,,,,,,,,,,,,,,,,,,,,,74.70000000000006,,,57.0,0.7630522088353408,8.5,0.11378848728246309,0.0,0.0,0.006878403484723167,0.05263157894736842,0.0,0,3,24,12,,57,17,28,3.2000000000000006,0.04283801874163318,6.000000000000003,0.08032128514056222,16,30,26
70,D,all_agents,,,40,30,10,0,15,15,0.3872609458904658,0.24199276572313,0.9666906105629363,0.07040820183224931,430,30,0.75,0,0.0,0.0,31.675,2820,,,,,,,,,,,,,,,,,,,,,,,,,,,
70,D,participants_only,,,30,30,0,0,15,15,0.4490868769683534,0.2832571219002378,0.9666906105629363,0.07831664212778304,430,30,1.0,0,0.0,0.0,25.566666666666666,2820,,,,,,,,,,,,,,,,,,,,,,,,,,,
70,D,nonparticipants_only,,,10,0,10,0,0,0,0.20178315265680294,0.19666711629032024,0.3081788727340248,0.000813531901875606,0,0,0.0,0,0.0,0.0,50.0,0,,,,,,,,,,,,,,,,,,,,,,,,,,,
70,D,step_totals,,,,,,,,,,,,,,,,,,,,,71.20000000000006,,,50.0,0.7022471910112353,11.0,0.1544943820224718,0.0,0.0,0.0066657247852117555,0.16,0.0,0,8,18,39,,50,22,32,4.200000000000001,0.058988764044943784,6.000000000000003,0.08426966292134828,21,30,27
70,D,reachability,0.25,0.0,,,,,,,,,,,,,,,,,,,,,,,,,,,,,,,,,,,,,,,,,,,,,
71,D,all_agents,,,40,30,10,0,15,15,0.38857632552812144,0.2421026865503747,0.9680229861404188,0.0711626447376414,436,30,0.75,0,0.0,0.0,31.5,2869,,,,,,,,,,,,,,,,,,,,,,,,,,,
71,D,participants_only,,,30,30,0,0,15,15,0.45067563272776123,0.2818408362907366,0.9680229861404188,0.07919308364914801,436,30,1.0,0,0.0,0.0,25.333333333333332,2869,,,,,,,,,,,,,,,,,,,,,,,,,,,
71,D,nonparticipants_only,,,10,0,10,0,0,0,0.20227840392920188,0.19762658492235252,0.30663797837035467,0.0007954405470187113,0,0,0.0,0,0.0,0.0,50.0,0,,,,,,,,,,,,,,,,,,,,,,,,,,,
71,D,step_totals,,,,,,,,,,,,,,,,,,,,,74.70000000000007,,,57.0,0.7630522088353406,8.5,0.11378848728246307,0.0,0.0,0.0072501982303204236,0.10526315789473684,0.0,0,6,24,12,,57,17,27,3.2000000000000006,0.04283801874163316,6.000000000000003,0.0803212851405622,16,30,26
72,D,all_agents,,,40,30,10,0,15,15,0.38954991535041045,0.2424296712110986,0.969302066694802,0.07174214634492176,449,30,0.75,0,0.0,0.0,31.675,2915,,,,,,,,,,,,,,,,,,,,,,,,,,,
72,D,participants_only,,,30,30,0,0,15,15,0.451809792056868,0.2849389324083894,0.969302066694802,0.07989127119978641,449,30,1.0,0,0.0,0.0,25.566666666666666,2915,,,,,,,,,,,,,,,,,,,,,,,,,,,
72,D,nonparticipants_only,,,10,0,10,0,0,0,0.20277028523103774,0.19788895823374342,0.3051047884785029,0.0007792648102882838,0,0,0.0,0,0.0,0.0,50.0,0,,,,,,,,,,,,,,,,,,,,,,,,,,,
72,D,step_totals,,,,,,,,,,,,,,,,,,,,,71.20000000000006,,,50.0,0.7022471910112353,11.0,0.1544943820224718,0.0,0.0,0.006627763195299427,0.26,0.0,0,13,19,38,,50,22,32,4.200000000000001,0.058988764044943784,6.000000000000003,0.08426966292134828,21,30,27
73,D,all_agents,,,40,30,10,0,15,15,0.39071189952569113,0.24227444151342142,0.97052998402701,0.07244948702908661,455,30,0.75,0,0.0,0.0,31.5,2963,,,,,,,,,,,,,,,,,,,,,,,,,,,
73,D,participants_only,,,30,30,0,0,15,15,0.4531961270956249,0.28351423774634743,0.97052998402701,0.08072768613695507,455,30,1.0,0,0.0,0.0,25.333333333333332,2963,,,,,,,,,,,,,,,,,,,,,,,,,,,
73,D,nonparticipants_only,,,10,0,10,0,0,0,0.20325921681588988,0.1991323670688252,0.3035792645361104,0.000763545365346089,0,0,0.0,0,0.0,0.0,50.0,0,,,,,,,,,,,,,,,,,,,,,,,,,,,
73,D,step_totals,,,,,,,,,,,,,,,,,,,,,74.70000000000006,,,57.0,0.7630522088353408,8.5,0.11378848728246309,0.0,0.0,0.006766140158726902,0.10526315789473684,0.0,0,6,24,12,,57,17,27,3.2000000000000006,0.04283801874163318,6.000000000000003,0.08032128514056222,16,30,26
74,D,all_agents,,,40,30,10,0,15,15,0.39172107503145487,0.24115344068331904,0.9717087846659296,0.07299361658306024,463,30,0.75,0,0.0,0.0,31.675,3010,,,,,,,,,,,,,,,,,,,,,,,,,,,
74,D,participants_only,,,30,30,0,0,15,15,0.45437972121020065,0.2842543012906006,0.9717087846659296,0.08137088331395567,463,30,1.0,0,0.0,0.0,25.566666666666666,3010,,,,,,,,,,,,,,,,,,,,,,,,,,,
74,D,nonparticipants_only,,,10,0,10,0,0,0,0.20374513649521728,0.2009451673298594,0.3020613682134298,0.0007485450989347827,0,0,0.0,0,0.0,0.0,50.0,0,,,,,,,,,,,,,,,,,,,,,,,,,,,
74,D,step_totals,,,,,,,,,,,,,,,,,,,,,71.20000000000007,,,50.0,0.7022471910112352,11.0,0.15449438202247176,0.0,0.0,0.006761288775661265,0.16,0.0,0,8,19,38,,50,22,32,4.200000000000001,0.05898876404494378,6.000000000000003,0.08426966292134827,21,30,27
75,D,all_agents,,,40,30,10,0,15,15,0.39308508886237575,0.24055115515541872,0.9728404332792924,0.07376077855695432,469,30,0.75,0,0.0,0.0,31.5,3061,,,,,,,,,,,,,,,,,,,,,,,,,,,
75,D,participants_only,,,30,30,0,0,15,15,0.45603737258007965,0.2828330297841476,0.9728404332792924,0.0822511829836105,469,30,1.0,0,0.0,0.0,25.333333333333332,3061,,,,,,,,,,,,,,,,,,,,,,,,,,,
75,D,nonparticipants_only,,,10,0,10,0,0,0,0.20422823770926427,0.20078566906310302,0.30055106137236265,0.0007336849736943973,0,0,0.0,0,0.0,0.0,50.0,0,,,,,,,,,,,,,,,,,,,,,,,,,,,
75,D,step_totals,,,,,,,,,,,,,,,,,,,,,74.70000000000006,,,57.0,0.7630522088353408,8.5,0.11378848728246309,0.0,0.0,0.00742552089400993,0.10526315789473684,0.0,0,6,24,12,,57,17,27,3.2000000000000006,0.04283801874163318,6.000000000000003,0.08032128514056222,16,30,26
76,D,all_agents,,,40,30,10,0,15,15,0.39394109179528314,0.24008276327533673,0.9739268159481207,0.07427227930697025,475,30,0.75,0,0.0,0.0,31.675,3105,,,,,,,,,,,,,,,,,,,,,,,,,,,
76,D,participants_only,,,30,30,0,0,15,15,0.45701859594500455,0.2828825185399171,0.9739268159481207,0.08287502746610477,475,30,1.0,0,0.0,0.0,25.566666666666666,3105,,,,,,,,,,,,,,,,,,,,,,,,,,,
76,D,nonparticipants_only,,,10,0,10,0,0,0,0.2047085793461187,0.2010381603152379,0.2990483060655008,0.0007187764724690942,0,0,0.0,0,0.0,0.0,50.0,0,,,,,,,,,,,,,,,,,,,,,,,,,,,
76,D,step_totals,,,,,,,,,,,,,,,,,,,,,71.20000000000006,,,50.0,0.7022471910112353,11.0,0.1544943820224718,0.0,0.0,0.006263285771666104,0.12,0.0,0,6,19,38,,50,22,32,4.200000000000001,0.058988764044943784,6.000000000000003,0.08426966292134828,21,30,27
77,D,all_agents,,,40,30,10,0,15,15,0.39522578243590256,0.23951162389786426,0.9749697433101958,0.07503801867933443,482,30,0.75,0,0.0,0.0,31.5,3158,,,,,,,,,,,,,,,,,,,,,,,,,,,
77,D,participants_only,,,30,30,0,0,15,15,0.4585723599127789,0.28197454423238094,0.9749697433101958,0.08376479245946938,482,30,1.0,0,0.0,0.0,25.333333333333332,3158,,,,,,,,,,,,,,,,,,,,,,,,,,,
77,D,nonparticipants_only,,,10,0,10,0,0,0,0.2051860500052734,0.20157961880151248,0.29755306453517333,0.0007042308025227801,0,0,0.0,0,0.0,0.0,50.0,0,,,,,,,,,,,,,,,,,,,,,,,,,,,
77,D,step_totals,,,,,,,,,,,,,,,,,,,,,74.20000000000006,,,57.0,0.7681940700808619,8.0,0.1078167115902964,0.0,0.0,0.007245658506119921,0.12280701754385964,0.0,0,7,24,11,,57,16,27,3.2000000000000006,0.04312668463611857,6.000000000000003,0.08086253369272234,16,30,25
78,D,all_agents,,,40,30,10,0,15,15,0.39611700616143053,0.24017472959446878,0.975970953577788,0.07553703367538668,491,30,0.75,0,0.0,0.0,31.675,3204,,,,,,,,,,,,,,,,,,,,,,,,,,,
78,D,participants_only,,,30,30,0,0,15,15,0.4596025936846956,0.2813913441091802,0.975970953577788,0.08436383095623627,491,30,1.0,0,0.0,0.0,25.566666666666666,3204,,,,,,,,,,,,,,,,,,,,,,,,,,,
78,D,nonparticipants_only,,,10,0,10,0,0,0,0.20566024359163546,0.20103813159160722,0.29606529921249747,0.000691603954748227,0,0,0.0,0,0.0,0.0,50.0,0,,,,,,,,,,,,,,,,,,,,,,,,,,,
78,D,step_totals,,,,,,,,,,,,,,,,,,,,,71.20000000000007,,,50.0,0.7022471910112352,11.0,0.15449438202247176,0.0,0.0,0.006398104717017928,0.18,0.0,0,9,19,38,,50,22,32,4.200000000000001,0.05898876404494378,6.000000000000003,0.08426966292134827,21,30,27
79,D,all_agents,,,40,30,10,0,15,15,0.3972597037608534,0.23989152729856394,0.9769321154346764,0.07627779849623527,495,30,0.75,0,0.0,0.0,31.5,3255,,,,,,,,,,,,,,,,,,,,,,,,,,,
79,D,participants_only,,,30,30,0,0,15,15,0.46096909888446846,0.28134726018000666,0.9769321154346764,0.08524162493728868,495,30,1.0,0,0.0,0.0,25.333333333333332,3255,,,,,,,,,,,,,,,,,,,,,,,,,,,
79,D,nonparticipants_only,,,10,0,10,0,0,0,0.2061315183900082,0.20216193113817854,0.29458497271643497,0.0006796748488721345,0,0,0.0,0,0.0,0.0,50.0,0,,,,,,,,,,,,,,,,,,,,,,,,,,,
79,D,step_totals,,,,,,,,,,,,,,,,,,,,,74.20000000000007,,,57.0,0.7681940700808618,8.0,0.10781671159029639,0.0,0.0,0.0067949753743390354,0.07017543859649122,0.0,0,4,24,11,,57,16,27,3.2000000000000006,0.043126684636118566,6.000000000000003,0.08086253369272232,16,30,24
80,D,all_agents,,,40,30,10,0,15,15,0.39807747692804163,0.23939132408614422,0.9778548308172893,0.07674704519488826,503,30,0.75,0,0.0,0.0,31.675,3300,,,,,,,,,,,,,,,,,,,,,,,,,,,
80,D,participants_only,,,30,30,0,0,15,15,0.4619032500673593,0.2830763388649319,0.9778548308172893,0.08581198828922798,503,30,1.0,0,0.0,0.0,25.566666666666666,3300,,,,,,,,,,,,,,,,,,,,,,,,,,,
80,D,nonparticipants_only,,,10,0,10,0,0,0,0.20660015751008876,0.20390938068531178,0.2931120478528528,0.0006674641098894193,0,0,0.0,0,0.0,0.0,50.0,0,,,,,,,,,,,,,,,,,,,,,,,,,,,
80,D,step_totals,,,,,,,,,,,,,,,,,,,,,70.70000000000007,,,50.0,0.7072135785007064,10.5,0.14851485148514837,0.0,0.0,0.006232938839273128,0.16,0.0,0,8,19,38,,50,21,32,4.200000000000001,0.05940594059405936,6.000000000000003,0.08486562942008481,21,30,27
80,D,reachability,0.25,0.0,,,,,,,,,,,,,,,,,,,,,,,,,,,,,,,,,,,,,,,,,,,,,
81,D,all_agents,,,40,30,10,0,15,15,0.3992366554445214,0.2390295878583557,0.9787406375845977,0.07753297595131206,510,30,0.75,0,0.0,0.0,31.5,3354,,,,,,,,,,,,,,,,,,,,,,,,,,,
81,D,participants_only,,,30,30,0,0,15,15,0.46329346413526284,0.28442090911923923,0.9787406375845977,0.0867459351587361,510,30,1.0,0,0.0,0.0,25.333333333333332,3354,,,,,,,,,,,,,,,,,,,,,,,,,,,
81,D,nonparticipants_only,,,10,0,10,0,0,0,0.2070662293722973,0.20376097636302856,0.2916464876135885,0.0006548014533330421,0,0,0.0,0,0.0,0.0,50.0,0,,,,,,,,,,,,,,,,,,,,,,,,,,,
81,D,step_totals,,,,,,,,,,,,,,,,,,,,,73.70000000000006,,,57.0,0.7734056987788325,7.5,0.1017639077340569,0.0,0.0,0.006916780026360463,0.12280701754385964,0.0,0,7,25,11,,57,15,27,3.2000000000000006,0.04341926729986429,6.000000000000003,0.08141112618724557,16,30,24
82,D,all_agents,,,40,30,10,0,15,15,0.3999717642246814,0.24067742859304442,0.9795910120812138,0.07800736675316142,521,30,0.75,0,0.0,0.0,31.675,3401,,,,,,,,,,,,,,,,,,,,,,,,,,,
82,D,participants_only,,,30,30,0,0,15,15,0.4641191704554097,0.2835151009536203,0.9795910120812138,0.08733613365549299,521,30,1.0,0,0.0,0.0,25.566666666666666,3401,,,,,,,,,,,,,,,,,,,,,,,,,,,
82,D,nonparticipants_only,,,10,0,10,0,0,0,0.2075295455324965,0.20463268176051175,0.2901882551755206,0.0006423893326057556,0,0,0.0,0,0.0,0.0,50.0,0,,,,,,,,,,,,,,,,,,,,,,,,,,,
82,D,step_totals,,,,,,,,,,,,,,,,,,,,,70.20000000000006,,,50.0,0.7122507122507117,10.0,0.14245014245014234,0.0,0.0,0.006030233248261696,0.22,0.0,0,11,20,37,,50,20,32,4.200000000000001,0.05982905982905979,6.000000000000003,0.08547008547008543,21,30,26
83,D,all_agents,,,40,30,10,0,15,15,0.4010945009940198,0.24029611130598963,0.9804073715979652,0.07876382087624778,529,30,0.75,0,0.0,0.0,31.5,3455,,,,,,,,,,,,,,,,,,,,,,,,,,,
83,D,participants_only,,,30,30,0,0,15,15,0.4654627027404865,0.28290565439907844,0.9804073715979652,0.08823502797816282,529,30,1.0,0,0.0,0.0,25.333333333333332,3455,,,,,,,,,,,,,,,,,,,,,,,,,,,
83,D,nonparticipants_only,,,10,0,10,0,0,0,0.20798989575461937,0.20469550596562597,0.288737313899643,0.0006310148176164226,0,0,0.0,0,0.0,0.0,50.0,0,,,,,,,,,,,,,,,,,,,,,,,,,,,
83,D,step_totals,,,,,,,,,,,,,,,,,,,,,73.70000000000006,,,57.0,0.7734056987788325,7.5,0.1017639077340569,0.0,0.0,0.006804486134097738,0.14035087719298245,0.0,0,8,25,11,,57,15,27,3.2000000000000006,0.04341926729986429,6.000000000000003,0.08141112618724557,16,30,22
84,D,all_agents,,,40,30,10,0,15,15,0.4018549477907373,0.24179353198084663,0.9811910767340466,0.07922611630280978,530,30,0.75,0,0.0,0.0,31.675,3503,,,,,,,,,,,,,,,,,,,,,,,,,,,
84,D,participants_only,,,30,30,0,0,15,15,0.4663241840627092,0.28216882206558086,0.9811910767340466,0.08880271411570924,530,30,1.0,0,0.0,0.0,25.566666666666666,3503,,,,,,,,,,,,,,,,,,,,,,,,,,,
84,D,nonparticipants_only,,,10,0,10,0,0,0,0.20844723897482173,0.2049188452056022,0.2872936273301448,0.0006209337582153889,0,0,0.0,0,0.0,0.0,50.0,0,,,,,,,,,,,,,,,,,,,,,,,,,,,
84,D,step_totals,,,,,,,,,,,,,,,,,,,,,70.20000000000007,,,50.0,0.7122507122507115,10.0,0.1424501424501423,0.0,0.0,0.006130219296636771,0.02,0.0,0,1,20,37,,50,20,31,4.200000000000001,0.05982905982905978,6.000000000000003,0.08547008547008542,21,30,26
85,D,all_agents,,,40,30,10,0,15,15,0.4027464180959679,0.24158937375360245,0.9819434336646847,0.07992281477499052,540,30,0.75,0,0.0,0.0,31.5,3553,,,,,,,,,,,,,,,,,,,,,,,,,,,
85,D,participants_only,,,30,30,0,0,15,15,0.46736122780243455,0.2815152284129592,0.9819434336646847,0.0896598855839668,540,30,1.0,0,0.0,0.0,25.333333333333332,3553,,,,,,,,,,,,,,,,,,,,,,,,,,,
85,D,nonparticipants_only,,,10,0,10,0,0,0,0.20890198897656787,0.20639113268348988,0.2858571591934941,0.0006107187472269116,0,0,0.0,0,0.0,0.0,50.0,0,,,,,,,,,,,,,,,,,,,,,,,,,,,
85,D,step_totals,,,,,,,,,,,,,,,,,,,,,73.50000000000006,,,57.0,0.7755102040816321,7.5,0.10204081632653053,0.0,0.0,0.006074568055290818,0.17543859649122806,0.0,0,10,26,11,,57,15,27,3.0000000000000004,0.04081632653061222,6.000000000000003,0.08163265306122447,15,30,22
86,D,all_agents,,,40,30,10,0,15,15,0.4034287839093589,0.24103217692309978,0.9826656963180973,0.08034137909423017,546,30,0.75,0,0.0,0.0,31.675,3599,,,,,,,,,,,,,,,,,,,,,,,,,,,
86,D,participants_only,,,30,30,0,0,15,15,0.46812029054304866,0.28278501413826174,0.9826656963180973,0.09018188900017081,546,30,1.0,0,0.0,0.0,25.566666666666666,3599,,,,,,,,,,,,,,,,,,,,,,,,,,,
86,D,nonparticipants_only,,,10,0,10,0,0,0,0.20935426400828983,0.20708489973731636,0.2844278733975266,0.000599957009967636,0,0,0.0,0,0.0,0.0,50.0,0,,,,,,,,,,,,,,,,,,,,,,,,,,,
86,D,step_totals,,,,,,,,,,,,,,,,,,,,,70.20000000000006,,,50.0,0.7122507122507117,10.0,0.14245014245014234,0.0,0.0,0.005873515041582642,0.12,0.0,0,6,20,37,,50,20,31,4.200000000000001,0.05982905982905979,6.000000000000003,0.08547008547008543,21,30,26
87,D,all_agents,,,40,30,10,0,15,15,0.40433744934639715,0.2407571744429161,0.9833590684653735,0.08104103789385826,554,30,0.75,0,0.0,0.0,31.5,3651,,,,,,,,,,,,,,,,,,,,,,,,,,,
87,D,participants_only,,,30,30,0,0,15,15,0.4691819893155159,0.28374867253177216,0.9833590684653735,0.09103893892915696,554,30,1.0,0,0.0,0.0,25.333333333333332,3651,,,,,,,,,,,,,,,,,,,,,,,,,,,
87,D,nonparticipants_only,,,10,0,10,0,0,0,0.20980382943904094,0.20741490707679566,0.28300573403053897,0.0005895624222825201,0,0,0.0,0,0.0,0.0,50.0,0,,,,,,,,,,,,,,,,,,,,,,,,,,,
87,D,step_totals,,,,,,,,,,,,,,,,,,,,,73.50000000000004,,,57.0,0.7755102040816322,7.5,0.10204081632653056,0.0,0.0,0.00613690425696325,0.14035087719298245,0.0,0,8,25,11,,57,15,27,3.0000000000000004,0.04081632653061223,6.000000000000003,0.08163265306122448,15,30,20
88,D,all_agents,,,40,30,10,0,15,15,0.40501023381528956,0.24231927832931377,0.9840247057267585,0.08146689985803,560,30,0.75,0,0.0,0.0,31.675,3698,,,,,,,,,,,,,,,,,,,,,,,,,,,
88,D,participants_only,,,30,30,0,0,15,15,0.46993009795804913,0.2828530382677944,0.9840247057267585,0.09157093452865073,560,30,1.0,0,0.0,0.0,25.566666666666666,3698,,,,,,,,,,,,,,,,,,,,,,,,,,,
88,D,nonparticipants_only,,,10,0,10,0,0,0,0.21025064138701083,0.20833665473955615,0.2815907053603863,0.0005797307223955349,0,0,0.0,0,0.0,0.0,50.0,0,,,,,,,,,,,,,,,,,,,,,,,,,,,
88,D,step_totals,,,,,,,,,,,,,,,,,,,,,70.20000000000007,,,50.0,0.7122507122507115,10.0,0.1424501424501423,0.0,0.0,0.005850714073976434,0.12,0.0,0,6,20,37,,50,20,31,4.200000000000001,0.05982905982905978,6.000000000000003,0.08547008547008542,21,30,26
89,D,all_agents,,,40,30,10,0,15,15,0.40591612918153464,0.24190705945669805,0.9846637174976881,0.08214155540792202,566,30,0.75,0,0.0,0.0,31.5,3750,,,,,,,,,,,,,,,,,,,,,,,,,,,
89,D,participants_only,,,30,30,0,0,15,15,0.4709899210273738,0.28212100085066766,0.9846637174976881,0.09239357289080603,566,30,1.0,0,0.0,0.0,25.333333333333332,3750,,,,,,,,,,,,,,,,,,,,,,,,,,,
89,D,nonparticipants_only,,,10,0,10,0,0,0,0.21069475364401716,0.20775632391196455,0.2801827518335843,0.0005703223369227564,0,0,0.0,0,0.0,0.0,50.0,0,,,,,,,,,,,,,,,,,,,,,,,,,,,
89,D,step_totals,,,,,,,,,,,,,,,,,,,,,73.50000000000006,,,57.0,0.7755102040816321,7.5,0.10204081632653053,0.0,0.0,0.006133724143858554,0.10526315789473684,0.0,0,6,25,11,,57,15,27,3.0000000000000004,0.04081632653061222,6.000000000000003,0.08163265306122447,15,30,19
90,D,all_agents,,,40,30,10,0,15,15,0.40655388556007116,0.24276744581554405,0.9852771687977806,0.08255536508702657,571,30,0.75,0,0.0,0.0,31.675,3798,,,,,,,,,,,,,,,,,,,,,,,,,,,
90,D,participants_only,,,30,30,0,0,15,15,0.47169312044399825,0.28140545423161056,0.9852771687977806,0.09291421305728878,571,30,1.0,0,0.0,0.0,25.566666666666666,3798,,,,,,,,,,,,,,,,,,,,,,,,,,,
90,D,nonparticipants_only,,,10,0,10,0,0,0,0.21113618090828987,0.20888183902464302,0.2787818380744164,0.0005613821210788886,0,0,0.0,0,0.0,0.0,50.0,0,,,,,,,,,,,,,,,,,,,,,,,,,,,
90,D,step_totals,,,,,,,,,,,,,,,,,,,,,70.20000000000006,,,50.0,0.7122507122507117,10.0,0.14245014245014234,0.0,0.0,0.005741842635609297,0.1,0.0,0,5,20,37,,50,20,31,4.200000000000001,0.05982905982905979,6.000000000000003,0.08547008547008543,21,30,26
90,D,reachability,0.25,0.0,,,,,,,,,,,,,,,,,,,,,,,,,,,,,,,,,,,,,,,,,,,,,
91,D,all_agents,,,40,30,10,0,15,15,0.40744438613530926,0.2426947011738947,0.9858660820458693,0.08323190140966376,581,30,0.75,0,0.0,0.0,31.5,3850,,,,,,,,,,,,,,,,,,,,,,,,,,,
91,D,participants_only,,,30,30,0,0,15,15,0.4727341645972642,0.2823417305887901,0.9858660820458693,0.09374068608388703,581,30,1.0,0,0.0,0.0,25.333333333333332,3850,,,,,,,,,,,,,,,,,,,,,,,,,,,
91,D,nonparticipants_only,,,10,0,10,0,0,0,0.21157505074944422,0.21052159291250275,0.27738792888404434,0.0005524853276599882,0,0,0.0,0,0.0,0.0,50.0,0,,,,,,,,,,,,,,,,,,,,,,,,,,,
91,D,step_totals,,,,,,,,,,,,,,,,,,,,,73.30000000000007,,,57.0,0.7776261937244194,7.5,0.10231923601637098,0.0,0.0,0.006105970033903693,0.17543859649122806,0.0,0,10,26,11,,57,15,27,2.8000000000000003,0.038199181446111834,6.000000000000003,0.08185538881309683,14,30,19
92,D,all_agents,,,40,30,10,0,15,15,0.4081421620973455,0.242494718620969,0.9864314387640346,0.08362265293957254,592,30,0.75,0,0.0,0.0,31.675,3899,,,,,,,,,,,,,,,,,,,,,,,,,,,
92,D,participants_only,,,30,30,0,0,15,15,0.4735191138145178,0.28146479742141584,0.9864314387640346,0.09421900734436783,592,30,1.0,0,0.0,0.0,25.566666666666666,3899,,,,,,,,,,,,,,,,,,,,,,,,,,,
92,D,nonparticipants_only,,,10,0,10,0,0,0,0.2120113069458287,0.2103773200388484,0.27600098923962413,0.0005438399352329746,0,0,0.0,0,0.0,0.0,50.0,0,,,,,,,,,,,,,,,,,,,,,,,,,,,
92,D,step_totals,,,,,,,,,,,,,,,,,,,,,70.20000000000006,,,50.0,0.7122507122507117,10.0,0.14245014245014234,0.0,0.0,0.005957664627538277,0.22,0.0,0,11,20,37,,50,20,31,4.200000000000001,0.05982905982905979,6.000000000000003,0.08547008547008543,21,30,26
93,D,all_agents,,,40,30,10,0,15,15,0.4089220950682015,0.2418377420358782,0.9869741812134732,0.08430707605888328,603,30,0.75,0,0.0,0.0,31.5,3952,,,,,,,,,,,,,,,,,,,,,,,,,,,
93,D,participants_only,,,30,30,0,0,15,15,0.47441450778138483,0.28005747343430876,0.9869741812134732,0.09507379050531359,603,30,1.0,0,0.0,0.0,25.333333333333332,3952,,,,,,,,,,,,,,,,,,,,,,,,,,,
93,D,nonparticipants_only,,,10,0,10,0,0,0,0.21244485692865128,0.21121946530685265,0.274620984293426,0.0005358592436650256,0,0,0.0,0,0.0,0.0,50.0,0,,,,,,,,,,,,,,,,,,,,,,,,,,,
93,D,step_totals,,,,,,,,,,,,,,,,,,,,,72.80000000000005,,,57.0,0.7829670329670324,7.0,0.09615384615384608,0.0,0.0,0.005809596902789035,0.19298245614035087,0.0,0,11,26,11,,57,14,27,2.8000000000000003,0.038461538461538436,6.000000000000003,0.08241758241758239,14,30,19
94,D,all_agents,,,40,30,10,0,15,15,0.40954245458773986,0.24333941425916594,0.9874952139649343,0.08469094800547132,615,30,0.75,0,0.0,0.0,31.675,3998,,,,,,,,,,,,,,,,,,,,,,,,,,,
94,D,participants_only,,,30,30,0,0,15,15,0.47509797028690076,0.2798280382568853,0.9874952139649343,0.09555520738998152,615,30,1.0,0,0.0,0.0,25.566666666666666,3998,,,,,,,,,,,,,,,,,,,,,,,,,,,
94,D,nonparticipants_only,,,10,0,10,0,0,0,0.212875907490257,0.21123271629711227,0.2732478793719589,0.0005278621889454339,0,0,0.0,0,0.0,0.0,50.0,0,,,,,,,,,,,,,,,,,,,,,,,,,,,
94,D,step_totals,,,,,,,,,,,,,,,,,,,,,70.00000000000006,,,50.0,0.7142857142857137,10.0,0.14285714285714274,0.0,0.0,0.005718123719518544,0.24,0.0,0,12,20,35,,50,20,30,4.000000000000001,0.057142857142857106,6.000000000000003,0.08571428571428569,20,30,25
95,D,all_agents,,,40,30,10,0,15,15,0.4103582882197216,0.24324916864320323,0.987995405406337,0.08537646583504808,629,30,0.75,0,0.0,0.0,31.5,4052,,,,,,,,,,,,,,,,,,,,,,,,,,,
95,D,participants_only,,,30,30,0,0,15,15,0.4760428631928979,0.27842889806560084,0.987995405406337,0.09640426055466024,629,30,1.0,0,0.0,0.0,25.333333333333332,4052,,,,,,,,,,,,,,,,,,,,,,,,,,,
95,D,nonparticipants_only,,,10,0,10,0,0,0,0.2133045633001927,0.21148957687215367,0.27188163997509907,0.0005195210033297743,0,0,0.0,0,0.0,0.0,50.0,0,,,,,,,,,,,,,,,,,,,,,,,,,,,
95,D,step_totals,,,,,,,,,,,,,,,,,,,,,73.00000000000007,,,57.0,0.7808219178082184,7.0,0.09589041095890402,0.0,0.0,0.005917595478123095,0.24561403508771928,0.0,0,14,26,11,,57,14,27,3.0000000000000004,0.04109589041095887,6.000000000000003,0.08219178082191776,15,30,18
96,D,all_agents,,,40,30,10,0,15,15,0.41089551122538887,0.2441124298738817,0.9884755891900835,0.08573886493708274,640,30,0.75,0,0.0,0.0,31.675,4100,,,,,,,,,,,,,,,,,,,,,,,,,,,
96,D,participants_only,,,30,30,0,0,15,15,0.47661715674178123,0.27930568983906895,0.9884755891900835,0.09687054833479426,640,30,1.0,0,0.0,0.0,25.566666666666666,4100,,,,,,,,,,,,,,,,,,,,,,,,,,,
96,D,nonparticipants_only,,,10,0,10,0,0,0,0.2137305746762118,0.2128441643529093,0.27052223177522355,0.0005117984713601348,0,0,0.0,0,0.0,0.0,50.0,0,,,,,,,,,,,,,,,,,,,,,,,,,,,
96,D,step_totals,,,,,,,,,,,,,,,,,,,,,70.00000000000007,,,50.0,0.7142857142857135,10.0,0.1428571428571427,0.0,0.0,0.005442800890708066,0.22,0.0,0,11,20,35,,50,20,30,4.000000000000001,0.0571428571428571,6.000000000000003,0.08571428571428566,20,30,25
97,D,all_agents,,,40,30,10,0,15,15,0.411683431956404,0.24413207147275728,0.9889365656224801,0.08636320820008239,649,30,0.75,0,0.0,0.0,31.5,4152,,,,,,,,,,,,,,,,,,,,,,,,,,,
97,D,participants_only,,,30,30,0,0,15,15,0.477526609459002,0.27790916138987365,0.9889365656224801,0.09764135795677858,649,30,1.0,0,0.0,0.0,25.333333333333332,4152,,,,,,,,,,,,,,,,,,,,,,,,,,,
97,D,nonparticipants_only,,,10,0,10,0,0,0,0.2141538994486098,0.21349413207200832,0.2691696206163474,0.0005048706463301827,0,0,0.0,0,0.0,0.0,50.0,0,,,,,,,,,,,,,,,,,,,,,,,,,,,
97,D,step_totals,,,,,,,,,,,,,,,,,,,,,72.60000000000007,,,57.0,0.785123966942148,7.0,0.09641873278236907,0.0,0.0,0.00586180592330762,0.15789473684210525,0.0,0,9,26,11,,57,14,27,2.6,0.035812672176308506,6.000000000000003,0.08264462809917351,13,30,18
98,D,all_agents,,,40,30,10,0,15,15,0.4122020102390641,0.24394669315489784,0.9893791029975809,0.08670559044066743,655,30,0.75,0,0.0,0.0,31.675,4200,,,,,,,,,,,,,,,,,,,,,,,,,,,
98,D,participants_only,,,30,30,0,0,15,15,0.47807780920885107,0.28035916437637043,0.9893791029975809,0.09808280797072068,655,30,1.0,0,0.0,0.0,25.566666666666666,4200,,,,,,,,,,,,,,,,,,,,,,,,,,,
98,D,nonparticipants_only,,,10,0,10,0,0,0,0.21457461332970293,0.21377843018212392,0.26782377251326567,0.000498487171614152,0,0,0.0,0,0.0,0.0,50.0,0,,,,,,,,,,,,,,,,,,,,,,,,,,,
98,D,step_totals,,,,,,,,,,,,,,,,,,,,,70.00000000000007,,,50.0,0.7142857142857135,10.0,0.1428571428571427,0.0,0.0,0.005388290357339699,0.12,0.0,0,6,20,35,,50,20,29,4.000000000000001,0.0571428571428571,6.000000000000003,0.08571428571428566,20,30,25
99,D,all_agents,,,40,30,10,0,15,15,0.4130492477899379,0.24307145110077122,0.9898039388776777,0.087389515607561,661,30,0.75,0,0.0,0.0,31.5,4256,,,,,,,,,,,,,,,,,,,,,,,,,,,
99,D,participants_only,,,30,30,0,0,15,15,0.4790680408143777,0.27895736855448855,0.9898039388776777,0.09892136234159576,661,30,1.0,0,0.0,0.0,25.333333333333332,4256,,,,,,,,,,,,,,,,,,,,,,,,,,,
99,D,nonparticipants_only,,,10,0,10,0,0,0,0.21499286871661855,0.21466673612103643,0.26648465365069934,0.0004922030166108808,0,0,0.0,0,0.0,0.0,50.0,0,,,,,,,,,,,,,,,,,,,,,,,,,,,
99,D,step_totals,,,,,,,,,,,,,,,,,,,,,72.80000000000007,,,57.0,0.7829670329670322,7.0,0.09615384615384606,0.0,0.0,0.006045158441659462,0.10526315789473684,0.0,0,6,26,11,,57,14,27,2.8000000000000003,0.03846153846153843,6.000000000000003,0.08241758241758237,14,30,18
100,D,all_agents,,,40,30,10,0,15,15,0.4136454010908245,0.24426030337681165,0.9902117813225706,0.08774661526180151,670,30,0.75,0,0.0,0.0,31.675,4306,,,,,,,,,,,,,,,,,,,,,,,,,,,
100,D,participants_only,,,30,30,0,0,15,15,0.47972422930888103,0.27847169490692986,0.9902117813225706,0.09936811596103892,670,30,1.0,0,0.0,0.0,25.566666666666666,4306,,,,,,,,,,,,,,,,,,,,,,,,,,,
100,D,nonparticipants_only,,,10,0,10,0,0,0,0.21540891643665488,0.21391050365844602,0.26515223038244584,0.00048517470003217795,0,0,0.0,0,0.0,0.0,50.0,0,,,,,,,,,,,,,,,,,,,,,,,,,,,
100,D,step_totals,,,,,,,,,,,,,,,,,,,,,70.00000000000007,,,50.0,0.7142857142857135,10.0,0.1428571428571427,0.0,0.0,0.005665105956635289,0.18,0.0,0,9,20,35,,50,20,29,4.000000000000001,0.0571428571428571,6.000000000000003,0.08571428571428566,20,30,25
100,D,reachability,0.25,0.0,,,,,,,,,,,,,,,,,,,,,,,,,,,,,,,,,,,,,,,,,,,,,
101,D,all_agents,,,40,30,10,0,15,15,0.414375140205591,0.2437185792595512,0.9906033100696677,0.08840570394810615,678,30,0.75,0,0.0,0.0,31.5,4359,,,,,,,,,,,,,,,,,,,,,,,,,,,
101,D,participants_only,,,30,30,0,0,15,15,0.48055931977449434,0.27707933643239524,0.9906033100696677,0.10019356337187708,678,30,1.0,0,0.0,0.0,25.333333333333332,4359,,,,,,,,,,,,,,,,,,,,,,,,,,,
101,D,nonparticipants_only,,,10,0,10,0,0,0,0.215822601498881,0.2141175216814124,0.2638264692305336,0.0004779781742872176,0,0,0.0,0,0.0,0.0,50.0,0,,,,,,,,,,,,,,,,,,,,,,,,,,,
101,D,step_totals,,,,,,,,,,,,,,,,,,,,,72.60000000000007,,,57.0,0.785123966942148,7.0,0.09641873278236907,0.0,0.0,0.00567930986905137,0.14035087719298245,0.0,0,8,26,10,,57,14,27,2.6,0.035812672176308506,6.000000000000003,0.08264462809917351,13,30,18
102,D,all_agents,,,40,30,10,0,15,15,0.41493708370178023,0.24440495036994414,0.990979177666881,0.08875103596920733,688,30,0.75,0,0.0,0.0,31.675,4409,,,,,,,,,,,,,,,,,,,,,,,,,,,
102,D,participants_only,,,30,30,0,0,15,15,0.4811716041354085,0.2762658136232904,0.990979177666881,0.10062929885666883,688,30,1.0,0,0.0,0.0,25.566666666666666,4409,,,,,,,,,,,,,,,,,,,,,,,,,,,
102,D,nonparticipants_only,,,10,0,10,0,0,0,0.2162335224008956,0.21537599333862278,0.26250733688438094,0.00047210694195029714,0,0,0.0,0,0.0,0.0,50.0,0,,,,,,,,,,,,,,,,,,,,,,,,,,,
102,D,step_totals,,,,,,,,,,,,,,,,,,,,,70.00000000000007,,,50.0,0.7142857142857135,10.0,0.1428571428571427,0.0,0.0,0.005556397125701882,0.2,0.0,0,10,20,35,,50,20,29,4.000000000000001,0.0571428571428571,6.000000000000003,0.08571428571428566,20,30,25
103,D,all_agents,,,40,30,10,0,15,15,0.41550497309645135,0.24445024031085824,0.9913400105602058,0.08934155780343801,702,30,0.75,0,0.0,0.0,31.5,4461,,,,,,,,,,,,,,,,,,,,,,,,,,,
103,D,participants_only,,,30,30,0,0,15,15,0.48179263761443836,0.2748844845551739,0.9913400105602058,0.10139034894925274,702,30,1.0,0,0.0,0.0,25.333333333333332,4461,,,,,,,,,,,,,,,,,,,,,,,,,,,
103,D,nonparticipants_only,,,10,0,10,0,0,0,0.21664197954249048,0.2160035347441674,0.26119480019995905,0.0004665307590036127,0,0,0.0,0,0.0,0.0,50.0,0,,,,,,,,,,,,,,,,,,,,,,,,,,,
103,D,step_totals,,,,,,,,,,,,,,,,,,,,,72.60000000000005,,,57.0,0.7851239669421483,7.0,0.09641873278236908,0.0,0.0,0.005149220758340269,0.24561403508771928,0.0,0,14,26,10,,57,14,27,2.6,0.03581267217630851,6.000000000000003,0.08264462809917353,13,30,18
104,D,all_agents,,,40,30,10,0,15,15,0.41603500407443755,0.24512902648225815,0.9916864101377976,0.08967610493774698,709,30,0.75,0,0.0,0.0,31.675,4511,,,,,,,,,,,,,,,,,,,,,,,,,,,
104,D,participants_only,,,30,30,0,0,15,15,0.48236398161118027,0.2750639711094591,0.9916864101377976,0.10181636023725504,709,30,1.0,0,0.0,0.0,25.566666666666666,4511,,,,,,,,,,,,,,,,,,,,,,,,,,,
104,D,nonparticipants_only,,,10,0,10,0,0,0,0.2170480714642092,0.21622839788279846,0.25988882619895926,0.00046093990638608256,0,0,0.0,0,0.0,0.0,50.0,0,,,,,,,,,,,,,,,,,,,,,,,,,,,
104,D,step_totals,,,,,,,,,,,,,,,,,,,,,70.20000000000006,,,50.0,0.7122507122507117,10.0,0.14245014245014234,0.0,0.0,0.005437303108739775,0.14,0.0,0,7,20,35,,50,20,29,4.200000000000001,0.05982905982905979,6.000000000000003,0.08547008547008543,21,30,25
105,D,all_agents,,,40,30,10,0,15,15,0.4165583744163168,0.2445361962184977,0.9920189537322857,0.09025683732361539,718,30,0.75,0,0.0,0.0,31.5,4562,,,,,,,,,,,,,,,,,,,,,,,,,,,
105,D,participants_only,,,30,30,0,0,15,15,0.48292721203542943,0.27368865125391184,0.9920189537322857,0.10257142766478021,718,30,1.0,0,0.0,0.0,25.333333333333332,4562,,,,,,,,,,,,,,,,,,,,,,,,,,,
105,D,nonparticipants_only,,,10,0,10,0,0,0,0.21745186155897894,0.21713543144639547,0.25858938206796445,0.000455195017175283,0,0,0.0,0,0.0,0.0,50.0,0,,,,,,,,,,,,,,,,,,,,,,,,,,,
105,D,step_totals,,,,,,,,,,,,,,,,,,,,,72.60000000000005,,,57.0,0.7851239669421483,7.0,0.09641873278236908,0.0,0.0,0.005006622579960526,0.15789473684210525,0.0,0,9,26,10,,57,14,27,2.6,0.03581267217630851,6.000000000000003,0.08264462809917353,13,30,18
106,D,all_agents,,,40,30,10,0,15,15,0.41699487257874357,0.24421079830655645,0.9923381955829942,0.09056213179622921,723,30,0.75,0,0.0,0.0,31.675,4609,,,,,,,,,,,,,,,,,,,,,,,,,,,
106,D,participants_only,,,30,30,0,0,15,15,0.4833753549555472,0.2738652007223105,0.9923381955829942,0.10297435067377696,723,30,1.0,0,0.0,0.0,25.566666666666666,4609,,,,,,,,,,,,,,,,,,,,,,,,,,,
106,D,nonparticipants_only,,,10,0,10,0,0,0,0.2178534254483327,0.216405291827846,0.2572964351576246,0.00044905387666033686,0,0,0.0,0,0.0,0.0,50.0,0,,,,,,,,,,,,,,,,,,,,,,,,,,,
106,D,step_totals,,,,,,,,,,,,,,,,,,,,,70.20000000000007,,,50.0,0.7122507122507115,10.0,0.1424501424501423,0.0,0.0,0.005123376371109063,0.1,0.0,0,5,20,35,,50,20,29,4.200000000000001,0.05982905982905978,6.000000000000003,0.08547008547008542,21,30,25
107,D,all_agents,,,40,30,10,0,15,15,0.4176495820575922,0.2442020871046067,0.9926446677596744,0.09118268477281237,732,30,0.75,0,0.0,0.0,31.5,4664,,,,,,,,,,,,,,,,,,,,,,,,,,,
107,D,participants_only,,,30,30,0,0,15,15,0.48411524447370125,0.27249587471869896,0.9926446677596744,0.10375846437373454,732,30,1.0,0,0.0,0.0,25.333333333333332,4664,,,,,,,,,,,,,,,,,,,,,,,,,,,
107,D,nonparticipants_only,,,10,0,10,0,0,0,0.21825259480926465,0.21665479258093,0.2560099529818365,0.0004431346050996365,0,0,0.0,0,0.0,0.0,50.0,0,,,,,,,,,,,,,,,,,,,,,,,,,,,
107,D,step_totals,,,,,,,,,,,,,,,,,,,,,72.60000000000007,,,57.0,0.785123966942148,7.0,0.09641873278236907,0.0,0.0,0.005444474624665963,0.15789473684210525,0.0,0,9,26,10,,57,14,27,2.6,0.035812672176308506,6.000000000000003,0.08264462809917351,13,30,18
108,D,all_agents,,,40,30,10,0,15,15,0.41805445576442435,0.2448073685110403,0.9929388810492874,0.09144866719675329,738,30,0.75,0,0.0,0.0,31.675,4711,,,,,,,,,,,,,,,,,,,,,,,,,,,
108,D,participants_only,,,30,30,0,0,15,15,0.48452290840226925,0.2718643842701457,0.9929388810492874,0.10411317621642005,738,30,1.0,0,0.0,0.0,25.566666666666666,4711,,,,,,,,,,,,,,,,,,,,,,,,,,,
108,D,nonparticipants_only,,,10,0,10,0,0,0,0.21864909785088976,0.21782046476944336,0.2562118121787317,0.0004384777849199329,0,0,0.0,0,0.0,0.0,50.0,0,,,,,,,,,,,,,,,,,,,,,,,,,,,
108,D,step_totals,,,,,,,,,,,,,,,,,,,,,70.00000000000009,,,50.0,0.7142857142857134,10.0,0.14285714285714268,0.0,0.0,0.005037166497079704,0.12,0.0,0,6,20,35,,50,20,29,4.000000000000001,0.057142857142857086,6.000000000000003,0.08571428571428565,20,30,25
109,D,all_agents,,,40,30,10,0,16,14,0.4186137687879507,0.2446016713100069,0.9932213258073159,0.0920363802737852,748,30,0.75,0,0.0,0.0,31.5,4764,,,,,,,,,,,,,,,,,,,,,,,,,,,
109,D,participants_only,,,30,30,0,0,16,14,0.4851372388718222,0.270505062348795,0.9932213258073159,0.10486914072124436,748,30,1.0,0,0.0,0.0,25.333333333333332,4764,,,,,,,,,,,,,,,,,,,,,,,,,,,
109,D,nonparticipants_only,,,10,0,10,0,0,0,0.21904335853633627,0.2184263536530002,0.25617009678770336,0.00043363406741085464,0,0,0.0,0,0.0,0.0,50.0,0,,,,,,,,,,,,,,,,,,,,,,,,,,,
109,D,step_totals,,,,,,,,,,,,,,,,,,,,,72.60000000000005,,,57.0,0.7851239669421483,7.0,0.09641873278236908,0.0,0.0,0.005131893085837644,0.17543859649122806,0.0,0,10,26,9,,57,14,27,2.6,0.03581267217630851,6.000000000000003,0.08264462809917353,13,30,18
110,D,all_agents,,,40,30,10,0,16,14,0.418967361258272,0.24595799527029666,0.9934924727750233,0.09227757743867944,754,30,0.75,0,0.0,0.0,31.675,4811,,,,,,,,,,,,,,,,,,,,,,,,,,,
110,D,participants_only,,,30,30,0,0,16,14,0.48547801323659456,0.2698126220853333,0.9934924727750233,0.10519925752062914,754,30,1.0,0,0.0,0.0,25.566666666666666,4811,,,,,,,,,,,,,,,,,,,,,,,,,,,
110,D,nonparticipants_only,,,10,0,10,0,0,0,0.2194354053233044,0.21859383254861747,0.25530653338830994,0.00042853527385186557,0,0,0.0,0,0.0,0.0,50.0,0,,,,,,,,,,,,,,,,,,,,,,,,,,,
110,D,step_totals,,,,,,,,,,,,,,,,,,,,,70.00000000000007,,,50.0,0.7142857142857135,10.0,0.1428571428571427,0.0,0.0,0.004867686325156732,0.12,0.0,0,6,20,35,,50,20,29,4.000000000000001,0.0571428571428571,6.000000000000003,0.08571428571428566,20,30,25
110,D,reachability,0.25,0.0,,,,,,,,,,,,,,,,,,,,,,,,,,,,,,,,,,,,,,,,,,,,,
111,D,all_agents,,,40,30,10,0,16,14,0.41952813505390674,0.2455341988904926,0.9937527738640224,0.0928562494009544,763,30,0.75,0,0.0,0.0,31.5,4865,,,,,,,,,,,,,,,,,,,,,,,,,,,
111,D,participants_only,,,30,30,0,0,16,14,0.4860958008036403,0.2684635589749066,0.9937527738640224,0.10594211640488294,763,30,1.0,0,0.0,0.0,25.333333333333332,4865,,,,,,,,,,,,,,,,,,,,,,,,,,,
111,D,nonparticipants_only,,,10,0,10,0,0,0,0.2198251378047062,0.21951894756391077,0.25554104944126665,0.00042359890874986113,0,0,0.0,0,0.0,0.0,50.0,0,,,,,,,,,,,,,,,,,,,,,,,,,,,
111,D,step_totals,,,,,,,,,,,,,,,,,,,,,72.60000000000005,,,57.0,0.7851239669421483,7.0,0.09641873278236908,0.0,0.0,0.00513893549702186,0.15789473684210525,0.0,0,9,26,9,,57,14,27,2.6,0.03581267217630851,6.000000000000003,0.08264462809917353,13,30,18
112,D,all_agents,,,40,30,10,0,16,14,0.4197911110734137,0.2450663490349427,0.9940026629094615,0.0930638852977592,769,30,0.75,0,0.0,0.0,31.675,4911,,,,,,,,,,,,,,,,,,,,,,,,,,,
112,D,participants_only,,,30,30,0,0,16,14,0.4863172778089217,0.2692470033581524,0.9940026629094615,0.10624270623982585,769,30,1.0,0,0.0,0.0,25.566666666666666,4911,,,,,,,,,,,,,,,,,,,,,,,,,,,
112,D,nonparticipants_only,,,10,0,10,0,0,0,0.22021261086688987,0.2188140004888415,0.2570889498228736,0.00041865214531203166,0,0,0.0,0,0.0,0.0,50.0,0,,,,,,,,,,,,,,,,,,,,,,,,,,,
112,D,step_totals,,,,,,,,,,,,,,,,,,,,,70.00000000000006,,,50.0,0.7142857142857137,10.0,0.14285714285714274,0.0,0.0,0.00456342863080458,0.12,0.0,0,6,20,35,,50,20,29,4.000000000000001,0.057142857142857106,6.000000000000003,0.08571428571428569,20,30,25
113,D,all_agents,,,40,30,10,0,16,14,0.42034932522741364,0.244260474142149,0.994242556393083,0.09365300190230506,777,30,0.75,0,0.0,0.0,31.5,4966,,,,,,,,,,,,,,,,,,,,,,,,,,,
113,D,participants_only,,,30,30,0,0,16,14,0.48693313515042025,0.2679007683413616,0.994242556393083,0.10699922317365029,777,30,1.0,0,0.0,0.0,25.333333333333332,4966,,,,,,,,,,,,,,,,,,,,,,,,,,,
113,D,nonparticipants_only,,,10,0,10,0,0,0,0.22059789545839378,0.21910451815920612,0.25717665355800257,0.0004134931619125045,0,0,0.0,0,0.0,0.0,50.0,0,,,,,,,,,,,,,,,,,,,,,,,,,,,
113,D,step_totals,,,,,,,,,,,,,,,,,,,,,72.60000000000007,,,57.0,0.785123966942148,7.0,0.09641873278236907,0.0,0.0,0.005131407992712141,0.14035087719298245,0.0,0,8,26,9,,57,14,27,2.6,0.035812672176308506,6.000000000000003,0.08264462809917351,13,30,18
114,D,all_agents,,,40,30,10,0,16,14,0.4206992795913764,0.2445224471331972,0.9944728541373596,0.0939085554714968,786,30,0.75,0,0.0,0.0,31.675,5014,,,,,,,,,,,,,,,,,,,,,,,,,,,
114,D,participants_only,,,30,30,0,0,16,14,0.48727213356704235,0.2696078338905391,0.9944728541373596,0.10734723908965983,786,30,1.0,0,0.0,0.0,25.566666666666666,5014,,,,,,,,,,,,,,,,,,,,,,,,,,,
114,D,nonparticipants_only,,,10,0,10,0,0,0,0.22098071766437816,0.22018059280724367,0.25737154785878,0.00040916597942343967,0,0,0.0,0,0.0,0.0,50.0,0,,,,,,,,,,,,,,,,,,,,,,,,,,,
114,D,step_totals,,,,,,,,,,,,,,,,,,,,,70.00000000000007,,,50.0,0.7142857142857135,10.0,0.1428571428571427,0.0,0.0,0.004868148207331655,0.18,0.0,0,9,20,35,,50,20,29,4.000000000000001,0.0571428571428571,6.000000000000003,0.08571428571428566,20,30,25
115,D,all_agents,,,40,30,10,0,16,14,0.4211836383918797,0.24460736345284104,0.9946939399718653,0.09446597081242158,798,30,0.75,0,0.0,0.0,31.5,5068,,,,,,,,,,,,,,,,,,,,,,,,,,,
115,D,participants_only,,,30,30,0,0,16,14,0.4877910595612243,0.26873558272432707,0.9946939399718653,0.10807354808425836,798,30,1.0,0,0.0,0.0,25.333333333333332,5068,,,,,,,,,,,,,,,,,,,,,,,,,,,
115,D,nonparticipants_only,,,10,0,10,0,0,0,0.221361374883846,0.2207655762616807,0.2573312718045246,0.00040465633894587157,0,0,0.0,0,0.0,0.0,50.0,0,,,,,,,,,,,,,,,,,,,,,,,,,,,
115,D,step_totals,,,,,,,,,,,,,,,,,,,,,72.60000000000005,,,57.0,0.7851239669421483,7.0,0.09641873278236908,0.0,0.0,0.0048896887889914205,0.21052631578947367,0.0,0,12,26,9,,57,14,27,2.6,0.03581267217630851,6.000000000000003,0.08264462809917353,13,30,18
116,D,all_agents,,,40,30,10,0,16,14,0.42156872255261885,0.2447816397548026,0.9949061823729907,0.09472674606800444,806,30,0.75,0,0.0,0.0,31.675,5118,,,,,,,,,,,,,,,,,,,,,,,,,,,
116,D,participants_only,,,30,30,0,0,16,14,0.48817833187262494,0.2691785493147814,0.9949061823729907,0.10842166820194037,806,30,1.0,0,0.0,0.0,25.566666666666666,5118,,,,,,,,,,,,,,,,,,,,,,,,,,,
116,D,nonparticipants_only,,,10,0,10,0,0,0,0.22173989459260052,0.22087765088496444,0.2564975045673094,0.0003998990210305167,0,0,0.0,0,0.0,0.0,50.0,0,,,,,,,,,,,,,,,,,,,,,,,,,,,
116,D,step_totals,,,,,,,,,,,,,,,,,,,,,70.00000000000006,,,50.0,0.7142857142857137,10.0,0.14285714285714274,0.0,0.0,0.0049940367026803075,0.16,0.0,0,8,20,35,,50,20,29,4.000000000000001,0.057142857142857106,6.000000000000003,0.08571428571428569,20,30,25
117,D,all_agents,,,40,30,10,0,16,14,0.42213523499391786,0.24500926048431076,0.995109935078071,0.09530938444577933,817,30,0.75,0,0.0,0.0,31.5,5174,,,,,,,,,,,,,,,,,,,,,,,,,,,
117,D,participants_only,,,30,30,0,0,16,14,0.4888082533758994,0.26783265656820754,0.995109935078071,0.1091662483437701,817,30,1.0,0,0.0,0.0,25.333333333333332,5174,,,,,,,,,,,,,,,,,,,,,,,,,,,
117,D,nonparticipants_only,,,10,0,10,0,0,0,0.22211617984797333,0.22182022347434693,0.2567239289406602,0.00039529618983847643,0,0,0.0,0,0.0,0.0,50.0,0,,,,,,,,,,,,,,,,,,,,,,,,,,,
117,D,step_totals,,,,,,,,,,,,,,,,,,,,,72.60000000000005,,,57.0,0.7851239669421483,7.0,0.09641873278236908,0.0,0.0,0.005164242175674224,0.19298245614035087,0.0,0,11,26,9,,57,14,27,2.6,0.03581267217630851,6.000000000000003,0.08264462809917353,13,30,18
118,D,all_agents,,,40,30,10,0,16,14,0.42235987023957694,0.2457774147180462,0.9953055376749481,0.09549944319354038,823,30,0.75,0,0.0,0.0,31.675,5221,,,,,,,,,,,,,,,,,,,,,,,,,,,
118,D,participants_only,,,30,30,0,0,16,14,0.4889830657719264,0.267854685819262,0.9953055376749481,0.10944776285724825,823,30,1.0,0,0.0,0.0,25.566666666666666,5221,,,,,,,,,,,,,,,,,,,,,,,,,,,
118,D,nonparticipants_only,,,10,0,10,0,0,0,0.22249028364252865,0.2211395997059285,0.2582184209786081,0.0003906820071168122,0,0,0.0,0,0.0,0.0,50.0,0,,,,,,,,,,,,,,,,,,,,,,,,,,,
118,D,step_totals,,,,,,,,,,,,,,,,,,,,,70.00000000000006,,,50.0,0.7142857142857137,10.0,0.14285714285714274,0.0,0.0,0.004450539419539113,0.12,0.0,0,6,20,35,,50,20,29,4.000000000000001,0.057142857142857106,6.000000000000003,0.08571428571428569,20,30,25
119,D,all_agents,,,40,30,10,0,16,14,0.42285311477919135,0.24508990387826218,0.9954933161679502,0.09605103913781261,837,30,0.75,0,0.0,0.0,31.5,5275,,,,,,,,,,,,,,,,,,,,,,,,,,,
119,D,participants_only,,,30,30,0,0,16,14,0.4895167282133167,0.2665295721669433,0.9954933161679502,0.11016328216199624,837,30,1.0,0,0.0,0.0,25.333333333333332,5275,,,,,,,,,,,,,,,,,,,,,,,,,,,
119,D,nonparticipants_only,,,10,0,10,0,0,0,0.2228622744768153,0.2214697190567536,0.25830309860735345,0.00038586179212776603,0,0,0.0,0,0.0,0.0,50.0,0,,,,,,,,,,,,,,,,,,,,,,,,,,,
119,D,step_totals,,,,,,,,,,,,,,,,,,,,,72.60000000000007,,,57.0,0.785123966942148,7.0,0.09641873278236907,0.0,0.0,0.004922875503894111,0.24561403508771928,0.0,0,14,26,9,,57,14,27,2.6,0.035812672176308506,6.000000000000003,0.08264462809917351,13,30,18
120,D,all_agents,,,40,30,10,0,16,14,0.42310468394444306,0.24478862082075914,0.9956735835212323,0.09624831795525075,838,30,0.75,0,0.0,0.0,31.675,5322,,,,,,,,,,,,,,,,,,,,,,,,,,,
120,D,participants_only,,,30,30,0,0,16,14,0.48972894929689803,0.2673140304255399,0.9956735835212323,0.11044863920023572,838,30,1.0,0,0.0,0.0,25.566666666666666,5322,,,,,,,,,,,,,,,,,,,,,,,,,,,
120,D,nonparticipants_only,,,10,0,10,0,0,0,0.2232318878870784,0.22245928761405565,0.258491268326939,0.00038184141524398916,0,0,0.0,0,0.0,0.0,50.0,0,,,,,,,,,,,,,,,,,,,,,,,,,,,
120,D,step_totals,,,,,,,,,,,,,,,,,,,,,70.00000000000004,,,50.0,0.7142857142857139,10.0,0.14285714285714277,0.0,0.0,0.004548344820564016,0.02,0.0,0,1,20,35,,50,20,29,4.000000000000001,0.05714285714285712,6.000000000000003,0.0857142857142857,20,30,25
120,D,reachability,0.25,0.0,,,,,,,,,,,,,,,,,,,,,,,,,,,,,,,,,,,,,,,,,,,,,
121,D,all_agents,,,40,30,10,0,16,14,0.4235500261136685,0.24478058138738962,0.9958466401803829,0.09679393189499033,853,30,0.75,0,0.0,0.0,31.5,5377,,,,,,,,,,,,,,,,,,,,,,,,,,,
121,D,participants_only,,,30,30,0,0,16,14,0.49020023114790984,0.2659774602734122,0.9958466401803829,0.11116369553462671,853,30,1.0,0,0.0,0.0,25.333333333333332,5377,,,,,,,,,,,,,,,,,,,,,,,,,,,
121,D,nonparticipants_only,,,10,0,10,0,0,0,0.2235994110109447,0.2230240869547469,0.2584523819469625,0.0003776430028043753,0,0,0.0,0,0.0,0.0,50.0,0,,,,,,,,,,,,,,,,,,,,,,,,,,,
121,D,step_totals,,,,,,,,,,,,,,,,,,,,,72.60000000000005,,,57.0,0.7851239669421483,7.0,0.09641873278236908,0.0,0.0,0.004765717250258514,0.2631578947368421,0.0,0,15,26,9,,57,14,27,2.6,0.03581267217630851,6.000000000000003,0.08264462809917353,13,30,18
122,D,all_agents,,,40,30,10,0,16,14,0.42376092203626414,0.2453391862234284,0.9958881737785791,0.09696287061475374,860,30,0.75,0,0.0,0.0,31.675,5423,,,,,,,,,,,,,,,,,,,,,,,,,,,
122,D,participants_only,,,30,30,0,0,16,14,0.49035960592295236,0.2676589358612683,0.9958881737785791,0.11141788732079218,860,30,1.0,0,0.0,0.0,25.566666666666666,5423,,,,,,,,,,,,,,,,,,,,,,,,,,,
122,D,nonparticipants_only,,,10,0,10,0,0,0,0.22396487037619967,0.22308266895999487,0.2576473827930595,0.00037320415137020844,0,0,0.0,0,0.0,0.0,50.0,0,,,,,,,,,,,,,,,,,,,,,,,,,,,
122,D,step_totals,,,,,,,,,,,,,,,,,,,,,69.80000000000007,,,50.0,0.716332378223495,10.0,0.143266475644699,0.0,0.0,0.004426614806123455,0.14,0.0,0,7,20,35,,50,20,29,3.800000000000001,0.054441260744985634,6.000000000000003,0.08595988538681944,19,30,25
123,D,all_agents,,,40,30,10,0,16,14,0.4241708989989663,0.24521053307318058,0.9960526468274359,0.097483617774179,871,30,0.75,0,0.0,0.0,31.5,5477,,,,,,,,,,,,,,,,,,,,,,,,,,,
123,D,participants_only,,,30,30,0,0,16,14,0.49078514120360217,0.2668500561161887,0.9960526468274359,0.11210535721509486,871,30,1.0,0,0.0,0.0,25.333333333333332,5477,,,,,,,,,,,,,,,,,,,,,,,,,,,
123,D,nonparticipants_only,,,10,0,10,0,0,0,0.22432817238505895,0.2240420967719668,0.2578659946799684,0.0003689122774568129,0,0,0.0,0,0.0,0.0,50.0,0,,,,,,,,,,,,,,,,,,,,,,,,,,,
123,D,step_totals,,,,,,,,,,,,,,,,,,,,,72.60000000000005,,,57.0,0.7851239669421483,7.0,0.09641873278236908,0.0,0.0,0.0046491095203257116,0.19298245614035087,0.0,0,11,26,9,,57,14,27,2.6,0.03581267217630851,6.000000000000003,0.08264462809917353,13,30,18
124,D,all_agents,,,40,30,10,0,16,14,0.42439276086765754,0.24648096530281405,0.9962105409543385,0.09765879772351037,877,30,0.75,0,0.0,0.0,31.675,5525,,,,,,,,,,,,,,,,,,,,,,,,,,,
124,D,participants_only,,,30,30,0,0,16,14,0.4909605584229949,0.26724859757123,0.9962105409543385,0.11236510753897934,877,30,1.0,0,0.0,0.0,25.566666666666666,5525,,,,,,,,,,,,,,,,,,,,,,,,,,,
124,D,nonparticipants_only,,,10,0,10,0,0,0,0.2246893682016454,0.2233849570652865,0.2593089211615621,0.00036460822068291236,0,0,0.0,0,0.0,0.0,50.0,0,,,,,,,,,,,,,,,,,,,,,,,,,,,
124,D,step_totals,,,,,,,,,,,,,,,,,,,,,69.80000000000007,,,50.0,0.716332378223495,10.0,0.143266475644699,0.0,0.0,0.004468597842969208,0.12,0.0,0,6,20,35,,50,20,29,3.800000000000001,0.054441260744985634,6.000000000000003,0.08595988538681944,19,30,25
125,D,all_agents,,,40,30,10,0,16,14,0.4247352781687743,0.2463000894133741,0.9963621193161649,0.09814921811156206,883,30,0.75,0,0.0,0.0,31.5,5578,,,,,,,,,,,,,,,,,,,,,,,,,,,
125,D,participants_only,,,30,30,0,0,16,14,0.4912975295707047,0.2659123545833738,0.9963621193161649,0.11302345617437815,883,30,1.0,0,0.0,0.0,25.333333333333332,5578,,,,,,,,,,,,,,,,,,,,,,,,,,,
125,D,nonparticipants_only,,,10,0,10,0,0,0,0.2250485239629831,0.2237114707707799,0.25939067709589486,0.00036010418278840055,0,0,0.0,0,0.0,0.0,50.0,0,,,,,,,,,,,,,,,,,,,,,,,,,,,
125,D,step_totals,,,,,,,,,,,,,,,,,,,,,72.60000000000007,,,57.0,0.785123966942148,7.0,0.09641873278236907,0.0,0.0,0.0044270564647026405,0.10526315789473684,0.0,0,6,26,9,,57,14,27,2.6,0.035812672176308506,6.000000000000003,0.08264462809917351,13,30,18
126,D,all_agents,,,40,30,10,0,16,14,0.4249545832974403,0.2462179986365301,0.9965076345435183,0.0983159427355132,892,30,0.75,0,0.0,0.0,31.675,5625,,,,,,,,,,,,,,,,,,,,,,,,,,,
126,D,participants_only,,,30,30,0,0,16,14,0.4914709829531523,0.26598316220813334,0.9965076345435183,0.11327140817328815,892,30,1.0,0,0.0,0.0,25.566666666666666,5625,,,,,,,,,,,,,,,,,,,,,,,,,,,
126,D,nonparticipants_only,,,10,0,10,0,0,0,0.22540538433030435,0.22470099065578134,0.2595723542574519,0.00035636934428751916,0,0,0.0,0,0.0,0.0,50.0,0,,,,,,,,,,,,,,,,,,,,,,,,,,,
126,D,step_totals,,,,,,,,,,,,,,,,,,,,,69.80000000000007,,,50.0,0.716332378223495,10.0,0.143266475644699,0.0,0.0,0.004462703690353535,0.18,0.0,0,9,20,35,,50,20,29,3.800000000000001,0.054441260744985634,6.000000000000003,0.08595988538681944,19,30,25
127,D,all_agents,,,40,30,10,0,16,14,0.42536126364225557,0.24621023659363436,0.9966473291617776,0.09881240370510398,897,30,0.75,0,0.0,0.0,31.5,5678,,,,,,,,,,,,,,,,,,,,,,,,,,,
127,D,participants_only,,,30,30,0,0,16,14,0.491894942678369,0.26474140686335734,0.9966473291617776,0.11392546286678393,897,30,1.0,0,0.0,0.0,25.333333333333332,5678,,,,,,,,,,,,,,,,,,,,,,,,,,,
127,D,nonparticipants_only,,,10,0,10,0,0,0,0.22576022653391548,0.22520467059469892,0.25953480960280223,0.00035246086709753757,0,0,0.0,0,0.0,0.0,50.0,0,,,,,,,,,,,,,,,,,,,,,,,,,,,
127,D,step_totals,,,,,,,,,,,,,,,,,,,,,72.60000000000007,,,57.0,0.785123966942148,7.0,0.09641873278236907,0.0,0.0,0.004645269577534645,0.08771929824561403,0.0,0,5,26,9,,57,14,27,2.6,0.035812672176308506,6.000000000000003,0.08264462809917351,13,30,18
128,D,all_agents,,,40,30,10,0,16,14,0.42556638516811124,0.246366385514234,0.9967814359953064,0.09897108844421022,905,30,0.75,0,0.0,0.0,31.675,5725,,,,,,,,,,,,,,,,,,,,,,,,,,,
128,D,participants_only,,,30,30,0,0,16,14,0.4920508214953836,0.2654663684021402,0.9967814359953064,0.1141646238211719,905,30,1.0,0,0.0,0.0,25.566666666666666,5725,,,,,,,,,,,,,,,,,,,,,,,,,,,
128,D,nonparticipants_only,,,10,0,10,0,0,0,0.2261130761862943,0.22521160567699663,0.25875758592590525,0.0003483190282636412,0,0,0.0,0,0.0,0.0,50.0,0,,,,,,,,,,,,,,,,,,,,,,,,,,,
128,D,step_totals,,,,,,,,,,,,,,,,,,,,,69.80000000000007,,,50.0,0.716332378223495,10.0,0.143266475644699,0.0,0.0,0.004417293315840083,0.16,0.0,0,8,20,35,,50,20,29,3.800000000000001,0.054441260744985634,6.000000000000003,0.08595988538681944,19,30,24
129,D,all_agents,,,40,30,10,0,16,14,0.4259136320129033,0.24606776022684884,0.9969101785554941,0.09948155643459182,907,30,0.75,0,0.0,0.0,31.5,5778,,,,,,,,,,,,,,,,,,,,,,,,,,,
129,D,participants_only,,,30,30,0,0,16,14,0.4923968950441613,0.2641390365601295,0.9969101785554941,0.11484720583812025,907,30,1.0,0,0.0,0.0,25.333333333333332,5778,,,,,,,,,,,,,,,,,,,,,,,,,,,
129,D,nonparticipants_only,,,10,0,10,0,0,0,0.22646384291912952,0.22618730714343438,0.25896865488632953,0.0003443170646053815,0,0,0.0,0,0.0,0.0,50.0,0,,,,,,,,,,,,,,,,,,,,,,,,,,,
129,D,step_totals,,,,,,,,,,,,,,,,,,,,,72.10000000000005,,,57.0,0.790568654646324,6.5,0.09015256588072115,0.0,0.0,0.004500962315376321,0.03508771929824561,0.0,0,2,27,9,,57,13,27,2.6,0.036061026352288465,6.000000000000003,0.08321775312066572,13,30,17
130,D,all_agents,,,40,30,10,0,16,14,0.4261234625269475,0.24742259586615845,0.9970337714132743,0.0996483071490702,913,30,0.75,0,0.0,0.0,31.675,5827,,,,,,,,,,,,,,,,,,,,,,,,,,,
130,D,participants_only,,,30,30,0,0,16,14,0.4925604246588664,0.26579605158833897,0.9970337714132743,0.11509549571669485,913,30,1.0,0,0.0,0.0,25.566666666666666,5827,,,,,,,,,,,,,,,,,,,,,,,,,,,
130,D,nonparticipants_only,,,10,0,10,0,0,0,0.22681257613119069,0.2255528412106632,0.2603617950158302,0.0003403021983799701,0,0,0.0,0,0.0,0.0,50.0,0,,,,,,,,,,,,,,,,,,,,,,,,,,,
130,D,step_totals,,,,,,,,,,,,,,,,,,,,,69.80000000000005,,,50.0,0.7163323782234952,10.0,0.14326647564469902,0.0,0.0,0.004435963463835713,0.12,0.0,0,6,20,34,,50,20,30,3.800000000000001,0.05444126074498565,6.000000000000003,0.08595988538681945,19,30,24
130,D,reachability,0.25,0.0,,,,,,,,,,,,,,,,,,,,,,,,,,,,,,,,,,,,,,,,,,,,,
131,D,all_agents,,,40,30,10,0,16,14,0.4264960431450293,0.24729602108534396,0.9971524205567434,0.10017367971797808,922,30,0.75,0,0.0,0.0,31.5,5883,,,,,,,,,,,,,,,,,,,,,,,,,,,
131,D,participants_only,,,30,30,0,0,16,14,0.4929416109675299,0.26504774639462525,0.9971524205567434,0.11579282126924403,922,30,1.0,0,0.0,0.0,25.333333333333332,5883,,,,,,,,,,,,,,,,,,,,,,,,,,,
131,D,nonparticipants_only,,,10,0,10,0,0,0,0.22715933967752763,0.22586808897398125,0.26044073006511825,0.0003360932651259889,0,0,0.0,0,0.0,0.0,50.0,0,,,,,,,,,,,,,,,,,,,,,,,,,,,
131,D,step_totals,,,,,,,,,,,,,,,,,,,,,72.10000000000005,,,57.0,0.790568654646324,6.5,0.09015256588072115,0.0,0.0,0.0045845927873284145,0.15789473684210525,0.0,0,9,27,9,,57,13,26,2.6,0.036061026352288465,6.000000000000003,0.08321775312066572,13,30,17
132,D,all_agents,,,40,30,10,0,16,14,0.42665902303862985,0.2475980575797751,0.9972663237344737,0.10030955963911696,933,30,0.75,0,0.0,0.0,31.675,5931,,,,,,,,,,,,,,,,,,,,,,,,,,,
132,D,participants_only,,,30,30,0,0,16,14,0.4930440683750019,0.26540382339804247,0.9972663237344737,0.11600730782292178,933,30,1.0,0,0.0,0.0,25.566666666666666,5931,,,,,,,,,,,,,,,,,,,,,,,,,,,
132,D,nonparticipants_only,,,10,0,10,0,0,0,0.2275038870295136,0.22683572838109428,0.26061613868614464,0.00033262415595637613,0,0,0.0,0,0.0,0.0,50.0,0,,,,,,,,,,,,,,,,,,,,,,,,,,,
132,D,step_totals,,,,,,,,,,,,,,,,,,,,,69.80000000000007,,,50.0,0.716332378223495,10.0,0.143266475644699,0.0,0.0,0.004277652063229348,0.22,0.0,0,11,20,34,,50,20,30,3.800000000000001,0.054441260744985634,6.000000000000003,0.08595988538681944,19,30,24
133,D,all_agents,,,40,30,10,0,16,14,0.4269859330275432,0.24691310214189813,0.9973756707850947,0.10080908615305144,945,30,0.75,0,0.0,0.0,31.5,5986,,,,,,,,,,,,,,,,,,,,,,,,,,,
133,D,participants_only,,,30,30,0,0,16,14,0.49336574875273287,0.26412461484175576,0.9973756707850947,0.11667733320400597,945,30,1.0,0,0.0,0.0,25.333333333333332,5986,,,,,,,,,,,,,,,,,,,,,,,,,,,
133,D,nonparticipants_only,,,10,0,10,0,0,0,0.22784648585197412,0.2273471931076063,0.2605798894622875,0.00032898577166617324,0,0,0.0,0,0.0,0.0,50.0,0,,,,,,,,,,,,,,,,,,,,,,,,,,,
133,D,step_totals,,,,,,,,,,,,,,,,,,,,,72.10000000000005,,,57.0,0.790568654646324,6.5,0.09015256588072115,0.0,0.0,0.004431124111239527,0.21052631578947367,0.0,0,12,27,9,,57,13,26,2.6,0.036061026352288465,6.000000000000003,0.08321775312066572,13,30,17
134,D,all_agents,,,40,30,10,0,16,14,0.4271619719257308,0.24705495158686114,0.997480643953691,0.10093603621093304,953,30,0.75,0,0.0,0.0,31.675,6034,,,,,,,,,,,,,,,,,,,,,,,,,,,
134,D,participants_only,,,30,30,0,0,16,14,0.49348690894308744,0.26418413879805946,0.997480643953691,0.11687701888597352,953,30,1.0,0,0.0,0.0,25.566666666666666,6034,,,,,,,,,,,,,,,,,,,,,,,,,,,
134,D,nonparticipants_only,,,10,0,10,0,0,0,0.2281871608736608,0.2272670861269407,0.25982948290471486,0.00032512094153569444,0,0,0.0,0,0.0,0.0,50.0,0,,,,,,,,,,,,,,,,,,,,,,,,,,,
134,D,step_totals,,,,,,,,,,,,,,,,,,,,,69.80000000000007,,,50.0,0.716332378223495,10.0,0.143266475644699,0.0,0.0,0.0043247083339244445,0.16,0.0,0,8,20,34,,50,20,30,3.800000000000001,0.054441260744985634,6.000000000000003,0.08595988538681944,19,30,24
135,D,all_agents,,,40,30,10,0,16,14,0.4274129450397161,0.24672969939619527,0.9975814181955434,0.10140393321869672,957,30,0.75,0,0.0,0.0,31.5,6088,,,,,,,,,,,,,,,,,,,,,,,,,,,
135,D,participants_only,,,30,30,0,0,16,14,0.49370865177151924,0.26302211327197594,0.9975814181955434,0.11751763161164053,957,30,1.0,0,0.0,0.0,25.333333333333332,6088,,,,,,,,,,,,,,,,,,,,,,,,,,,
135,D,nonparticipants_only,,,10,0,10,0,0,0,0.22852582484430664,0.2282584997459927,0.2600332691977866,0.0003213892670342645,0,0,0.0,0,0.0,0.0,50.0,0,,,,,,,,,,,,,,,,,,,,,,,,,,,
135,D,step_totals,,,,,,,,,,,,,,,,,,,,,71.90000000000005,,,57.0,0.7927677329624473,6.5,0.09040333796940189,0.0,0.0,0.004191485266269952,0.07017543859649122,0.0,0,4,27,8,,57,13,26,2.4,0.03337969401947147,6.000000000000003,0.0834492350486787,12,30,18
136,D,all_agents,,,40,30,10,0,16,14,0.4275803555675269,0.24685876172844617,0.9976781614677216,0.10154124683582218,963,30,0.75,0,0.0,0.0,31.675,6136,,,,,,,,,,,,,,,,,,,,,,,,,,,
136,D,participants_only,,,30,30,0,0,16,14,0.49381963227062275,0.26220636019943666,0.9976781614677216,0.11773188064436332,963,30,1.0,0,0.0,0.0,25.566666666666666,6136,,,,,,,,,,,,,,,,,,,,,,,,,,,
136,D,nonparticipants_only,,,10,0,10,0,0,0,0.22886252545823915,0.22764592525725758,0.2613783407902639,0.0003176440724070643,0,0,0.0,0,0.0,0.0,50.0,0,,,,,,,,,,,,,,,,,,,,,,,,,,,
136,D,step_totals,,,,,,,,,,,,,,,,,,,,,70.00000000000004,,,50.0,0.7142857142857139,10.0,0.14285714285714277,0.0,0.0,0.00428458352012527,0.12,0.0,0,6,20,34,,50,20,30,4.000000000000001,0.05714285714285712,6.000000000000003,0.0857142857142857,20,30,24
137,D,all_agents,,,40,30,10,0,16,14,0.42784896943435624,0.2474927825104739,0.9977710350090128,0.10202163380988209,972,30,0.75,0,0.0,0.0,31.5,6191,,,,,,,,,,,,,,,,,,,,,,,,,,,
137,D,participants_only,,,30,30,0,0,16,14,0.4940661844567182,0.2608953283984395,0.9977710350090128,0.11838539662268766,972,30,1.0,0,0.0,0.0,25.333333333333332,6191,,,,,,,,,,,,,,,,,,,,,,,,,,,
137,D,nonparticipants_only,,,10,0,10,0,0,0,0.22919732436727044,0.227950295795477,0.26145455228557585,0.0003137105876528309,0,0,0.0,0,0.0,0.0,50.0,0,,,,,,,,,,,,,,,,,,,,,,,,,,,
137,D,step_totals,,,,,,,,,,,,,,,,,,,,,72.30000000000007,,,57.0,0.7883817427385885,6.5,0.08990318118948816,0.0,0.0,0.004226721076429989,0.15789473684210525,0.0,0,9,27,8,,57,13,26,2.8000000000000003,0.038727524204702594,6.000000000000003,0.08298755186721987,14,30,18
138,D,all_agents,,,40,30,10,0,16,14,0.4280332290030288,0.24780935637580256,0.9978601936086523,0.10215060352079668,980,30,0.75,0,0.0,0.0,31.675,6240,,,,,,,,,,,,,,,,,,,,,,,,,,,
138,D,participants_only,,,30,30,0,0,16,14,0.49420097748772773,0.261069842113559,0.9978601936086523,0.11858462468375922,980,30,1.0,0,0.0,0.0,25.566666666666666,6240,,,,,,,,,,,,,,,,,,,,,,,,,,,
138,D,nonparticipants_only,,,10,0,10,0,0,0,0.22952998354893203,0.22888068845506648,0.2616239086541292,0.00031048875749656925,0,0,0.0,0,0.0,0.0,50.0,0,,,,,,,,,,,,,,,,,,,,,,,,,,,
138,D,step_totals,,,,,,,,,,,,,,,,,,,,,70.00000000000006,,,50.0,0.7142857142857137,10.0,0.14285714285714274,0.0,0.0,0.004344556059451992,0.16,0.0,0,8,20,34,,50,20,30,4.000000000000001,0.057142857142857106,6.000000000000003,0.08571428571428569,20,30,24
139,D,all_agents,,,40,30,10,0,16,14,0.4282847377718229,0.247638607431893,0.9979457858643062,0.10262142748589002,986,30,0.75,0,0.0,0.0,31.5,6293,,,,,,,,,,,,,,,,,,,,,,,,,,,
139,D,participants_only,,,30,30,0,0,16,14,0.4944260632182261,0.2618559124445276,0.9979457858643062,0.11922750292875572,986,30,1.0,0,0.0,0.0,25.333333333333332,6293,,,,,,,,,,,,,,,,,,,,,,,,,,,
139,D,nonparticipants_only,,,10,0,10,0,0,0,0.22986076143261341,0.22942799093791166,0.26158891016386454,0.00030710197560870173,0,0,0.0,0,0.0,0.0,50.0,0,,,,,,,,,,,,,,,,,,,,,,,,,,,
139,D,step_totals,,,,,,,,,,,,,,,,,,,,,72.10000000000005,,,57.0,0.790568654646324,6.5,0.09015256588072115,0.0,0.0,0.004181435217635128,0.10526315789473684,0.0,0,6,27,8,,57,13,26,2.6,0.036061026352288465,6.000000000000003,0.08321775312066572,13,30,18
140,D,all_agents,,,40,30,10,0,16,14,0.42840645347070716,0.24767137713307455,0.9980279544297339,0.10272328750983574,992,30,0.75,0,0.0,0.0,31.675,6341,,,,,,,,,,,,,,,,,,,,,,,,,,,
140,D,participants_only,,,30,30,0,0,16,14,0.4944787106629989,0.2617118249873485,0.9980279544297339,0.11940104549714152,992,30,1.0,0,0.0,0.0,25.566666666666666,6341,,,,,,,,,,,,,,,,,,,,,,,,,,,
140,D,nonparticipants_only,,,10,0,10,0,0,0,0.23018968189383193,0.22925164482535626,0.2608643954348534,0.0003034955021062334,0,0,0.0,0,0.0,0.0,50.0,0,,,,,,,,,,,,,,,,,,,,,,,,,,,
140,D,step_totals,,,,,,,,,,,,,,,,,,,,,70.00000000000006,,,50.0,0.7142857142857137,10.0,0.14285714285714274,0.0,0.0,0.004132196270643972,0.12,0.0,0,6,20,34,,50,20,30,4.000000000000001,0.057142857142857106,6.000000000000003,0.08571428571428569,20,30,24
140,D,reachability,0.25,0.0,,,,,,,,,,,,,,,,,,,,,,,,,,,,,,,,,,,,,,,,,,,,,
141,D,all_agents,,,40,30,10,0,16,14,0.4286929828861234,0.24714683201595164,0.9981068362525446,0.10320738578472582,1004,30,0.75,0,0.0,0.0,31.5,6397,,,,,,,,,,,,,,,,,,,,,,,,,,,
141,D,participants_only,,,30,30,0,0,16,14,0.494751756950571,0.2616496627761349,0.9981068362525446,0.1200547959143983,1004,30,1.0,0,0.0,0.0,25.333333333333332,6397,,,,,,,,,,,,,,,,,,,,,,,,,,,
141,D,nonparticipants_only,,,10,0,10,0,0,0,0.23051666069278062,0.23025822846908167,0.26106115033979277,0.00030001582493561016,0,0,0.0,0,0.0,0.0,50.0,0,,,,,,,,,,,,,,,,,,,,,,,,,,,
141,D,step_totals,,,,,,,,,,,,,,,,,,,,,72.10000000000007,,,57.0,0.7905686546463239,6.5,0.09015256588072114,0.0,0.0,0.004296970206752806,0.21052631578947367,0.0,0,12,27,8,,57,13,26,2.6,0.03606102635228846,6.000000000000003,0.0832177531206657,13,30,18
142,D,all_agents,,,40,30,10,0,16,14,0.4287525326444442,0.24749833538570915,0.9981825628024428,0.10326216507843854,1010,30,0.75,0,0.0,0.0,31.675,6442,,,,,,,,,,,,,,,,,,,,,,,,,,,
142,D,participants_only,,,30,30,0,0,16,14,0.49472279556654075,0.26050882088942234,0.9981825628024428,0.12017574371005559,1010,30,1.0,0,0.0,0.0,25.566666666666666,6442,,,,,,,,,,,,,,,,,,,,,,,,,,,
142,D,nonparticipants_only,,,10,0,10,0,0,0,0.2308417438781545,0.22966679008781182,0.2623598119392817,0.00029652210346083784,0,0,0.0,0,0.0,0.0,50.0,0,,,,,,,,,,,,,,,,,,,,,,,,,,,
142,D,step_totals,,,,,,,,,,,,,,,,,,,,,70.00000000000006,,,50.0,0.7142857142857137,10.0,0.14285714285714274,0.0,0.0,0.003921474155340991,0.12,0.0,0,6,20,34,,50,20,30,4.000000000000001,0.057142857142857106,6.000000000000003,0.08571428571428569,20,30,24
143,D,all_agents,,,40,30,10,0,16,14,0.4289795815656472,0.24695112465487204,0.9982552602903451,0.1037209307793166,1017,30,0.75,0,0.0,0.0,31.5,6496,,,,,,,,,,,,,,,,,,,,,,,,,,,
143,D,participants_only,,,30,30,0,0,16,14,0.49491777842934687,0.2607171276453396,0.9982552602903451,0.12080557590595509,1017,30,1.0,0,0.0,0.0,25.333333333333332,6496,,,,,,,,,,,,,,,,,,,,,,,,,,,
143,D,nonparticipants_only,,,10,0,10,0,0,0,0.23116499097454804,0.22996065870581847,0.2624333938534005,0.000292845731768881,0,0,0.0,0,0.0,0.0,50.0,0,,,,,,,,,,,,,,,,,,,,,,,,,,,
143,D,step_totals,,,,,,,,,,,,,,,,,,,,,72.10000000000005,,,57.0,0.790568654646324,6.5,0.09015256588072115,0.0,0.0,0.004097319417662659,0.12280701754385964,0.0,0,7,27,8,,57,13,26,2.6,0.036061026352288465,6.000000000000003,0.08321775312066572,13,30,18
144,D,all_agents,,,40,30,10,0,16,14,0.4290868956215327,0.24858917048090406,0.9983250498787313,0.10380834772992635,1027,30,0.75,0,0.0,0.0,31.675,6543,,,,,,,,,,,,,,,,,,,,,,,,,,,
144,D,participants_only,,,30,30,0,0,16,14,0.49495380343799134,0.25969470211399165,0.9983250498787313,0.12096071412657197,1027,30,1.0,0,0.0,0.0,25.566666666666666,6543,,,,,,,,,,,,,,,,,,,,,,,,,,,
144,D,nonparticipants_only,,,10,0,10,0,0,0,0.23148617217215678,0.2308098187347945,0.26259690679479275,0.00028985399636714484,0,0,0.0,0,0.0,0.0,50.0,0,,,,,,,,,,,,,,,,,,,,,,,,,,,
144,D,step_totals,,,,,,,,,,,,,,,,,,,,,70.20000000000007,,,50.0,0.7122507122507115,10.0,0.1424501424501423,0.0,0.0,0.004075049761205151,0.2,0.0,0,10,20,34,,50,20,30,4.200000000000001,0.05982905982905978,6.000000000000003,0.08547008547008542,21,30,24
145,D,all_agents,,,40,30,10,0,16,14,0.42936183513176945,0.24783970438719952,0.998392047883582,0.1042935701313953,1034,30,0.75,0,0.0,0.0,31.5,6599,,,,,,,,,,,,,,,,,,,,,,,,,,,
145,D,participants_only,,,30,30,0,0,16,14,0.49521393451449564,0.2592178425727734,0.998392047883582,0.12161653034062932,1034,30,1.0,0,0.0,0.0,25.333333333333332,6599,,,,,,,,,,,,,,,,,,,,,,,,,,,
145,D,nonparticipants_only,,,10,0,10,0,0,0,0.2318055369835911,0.2314369934725206,0.2625631158831409,0.0002867015863439765,0,0,0.0,0,0.0,0.0,50.0,0,,,,,,,,,,,,,,,,,,,,,,,,,,,
145,D,step_totals,,,,,,,,,,,,,,,,,,,,,72.10000000000004,,,57.0,0.7905686546463242,6.5,0.09015256588072118,0.0,0.0,0.004255655657125493,0.12280701754385964,0.0,0,7,27,8,,57,13,26,2.6,0.03606102635228847,6.000000000000003,0.08321775312066573,13,30,18
146,D,all_agents,,,40,30,10,0,16,14,0.42952683735352054,0.2482331516321624,0.9984563659682387,0.10440695797826828,1046,30,0.75,0,0.0,0.0,31.675,6648,,,,,,,,,,,,,,,,,,,,,,,,,,,
146,D,participants_only,,,30,30,0,0,16,14,0.49532808031783604,0.2585551958780624,0.9984563659682387,0.12179561764252747,1046,30,1.0,0,0.0,0.0,25.566666666666666,6648,,,,,,,,,,,,,,,,,,,,,,,,,,,
146,D,nonparticipants_only,,,10,0,10,0,0,0,0.23212310846057396,0.23116772883752196,0.26186359961791517,0.00028333607770413417,0,0,0.0,0,0.0,0.0,50.0,0,,,,,,,,,,,,,,,,,,,,,,,,,,,
146,D,step_totals,,,,,,,,,,,,,,,,,,,,,70.00000000000007,,,50.0,0.7142857142857135,10.0,0.1428571428571427,0.0,0.0,0.004287134178731042,0.24,0.0,0,12,20,34,,50,20,30,4.000000000000001,0.0571428571428571,6.000000000000003,0.08571428571428566,20,30,24
147,D,all_agents,,,40,30,10,0,16,14,0.42970701937634337,0.24771413632798495,0.9985181113295092,0.10484359221684773,1054,30,0.75,0,0.0,0.0,31.5,6703,,,,,,,,,,,,,,,,,,,,,,,,,,,
147,D,participants_only,,,30,30,0,0,16,14,0.49546309074516237,0.2602243914297847,0.9985181113295092,0.12240264881994851,1054,30,1.0,0,0.0,0.0,25.333333333333332,6703,,,,,,,,,,,,,,,,,,,,,,,,,,,
147,D,nonparticipants_only,,,10,0,10,0,0,0,0.2324388052698862,0.23218895908341847,0.2620535657438708,0.00028009134521067466,0,0,0.0,0,0.0,0.0,50.0,0,,,,,,,,,,,,,,,,,,,,,,,,,,,
147,D,step_totals,,,,,,,,,,,,,,,,,,,,,72.30000000000005,,,57.0,0.7883817427385886,6.5,0.08990318118948817,0.0,0.0,0.003929124238012334,0.14035087719298245,0.0,0,8,27,8,,57,13,26,2.8000000000000003,0.0387275242047026,6.000000000000003,0.08298755186721989,14,30,18
148,D,all_agents,,,40,30,10,0,16,14,0.42981395533367056,0.24792808324716822,0.9985773868763288,0.10493096152473785,1061,30,0.75,0,0.0,0.0,31.675,6752,,,,,,,,,,,,,,,,,,,,,,,,,,,
148,D,participants_only,,,30,30,0,0,16,14,0.49550104982110377,0.2603698574997159,0.9985773868763288,0.12255649379434483,1061,30,1.0,0,0.0,0.0,25.566666666666666,6752,,,,,,,,,,,,,,,,,,,,,,,,,,,
148,D,nonparticipants_only,,,10,0,10,0,0,0,0.23275267187137105,0.23161792753497545,0.26330741866844337,0.00027683212950524504,0,0,0.0,0,0.0,0.0,50.0,0,,,,,,,,,,,,,,,,,,,,,,,,,,,
148,D,step_totals,,,,,,,,,,,,,,,,,,,,,70.00000000000006,,,50.0,0.7142857142857137,10.0,0.14285714285714274,0.0,0.0,0.004088881468335074,0.14,0.0,0,7,20,34,,50,20,30,4.000000000000001,0.057142857142857106,6.000000000000003,0.08571428571428569,20,30,24
149,D,all_agents,,,40,30,10,0,16,14,0.43005970445691877,0.2468245340551538,0.9986342914012757,0.10539990532721397,1068,30,0.75,0,0.0,0.0,31.5,6809,,,,,,,,,,,,,,,,,,,,,,,,,,,
149,D,participants_only,,,30,30,0,0,16,14,0.4957246840306244,0.2602128172535516,0.9986342914012757,0.12319451701095785,1068,30,1.0,0,0.0,0.0,25.333333333333332,6809,,,,,,,,,,,,,,,,,,,,,,,,,,,
149,D,nonparticipants_only,,,10,0,10,0,0,0,0.233064765735802,0.23190165658823517,0.26337846173174007,0.0002733957670002827,0,0,0.0,0,0.0,0.0,50.0,0,,,,,,,,,,,,,,,,,,,,,,,,,,,
149,D,step_totals,,,,,,,,,,,,,,,,,,,,,72.30000000000007,,,57.0,0.7883817427385885,6.5,0.08990318118948816,0.0,0.0,0.004145956710727344,0.12280701754385964,0.0,0,7,27,8,,57,13,26,2.8000000000000003,0.038727524204702594,6.000000000000003,0.08298755186721987,14,30,18
150,D,all_agents,,,40,30,10,0,16,14,0.4301004094181922,0.24708910919762814,0.9986889197452247,0.10543955242661744,1074,30,0.75,0,0.0,0.0,31.675,6855,,,,,,,,,,,,,,,,,,,,,,,,,,,
150,D,participants_only,,,30,30,0,0,16,14,0.4956755908966992,0.2595306290539704,0.9986889197452247,0.1232954461578061,1074,30,1.0,0,0.0,0.0,25.566666666666666,6855,,,,,,,,,,,,,,,,,,,,,,,,,,,
150,D,nonparticipants_only,,,10,0,10,0,0,0,0.23337486498267118,0.23267238681570973,0.26353633286603,0.00027061812178189894,0,0,0.0,0,0.0,0.0,50.0,0,,,,,,,,,,,,,,,,,,,,,,,,,,,
150,D,step_totals,,,,,,,,,,,,,,,,,,,,,70.20000000000007,,,50.0,0.7122507122507115,10.0,0.1424501424501423,0.0,0.0,0.0038525455537307637,0.12,0.0,0,6,20,34,,50,20,30,4.200000000000001,0.05982905982905978,6.000000000000003,0.08547008547008542,21,30,24
150,D,reachability,0.25,0.0,,,,,,,,,,,,,,,,,,,,,,,,,,,,,,,,,,,,,,,,,,,,,
151,D,all_agents,,,40,30,10,0,16,14,0.430312286264868,0.2468753694989438,0.9987413629554157,0.10588537555255949,1080,30,0.75,0,0.0,0.0,31.5,6911,,,,,,,,,,,,,,,,,,,,,,,,,,,
151,D,participants_only,,,30,30,0,0,16,14,0.4958553115146667,0.2594307187593131,0.9987413629554157,0.12390772009203224,1080,30,1.0,0,0.0,0.0,25.333333333333332,6911,,,,,,,,,,,,,,,,,,,,,,,,,,,
151,D,nonparticipants_only,,,10,0,10,0,0,0,0.2336832105154721,0.23335084051063054,0.2635037078670192,0.0002676840273922623,0,0,0.0,0,0.0,0.0,50.0,0,,,,,,,,,,,,,,,,,,,,,,,,,,,
151,D,step_totals,,,,,,,,,,,,,,,,,,,,,72.30000000000005,,,57.0,0.7883817427385886,6.5,0.08990318118948817,0.0,0.0,0.004031580762381623,0.10526315789473684,0.0,0,6,27,8,,57,13,26,2.8000000000000003,0.0387275242047026,6.000000000000003,0.08298755186721989,14,30,17
152,D,all_agents,,,40,30,10,0,16,14,0.4304316749664318,0.247868858774413,0.9987917084371991,0.10596089856964398,1087,30,0.75,0,0.0,0.0,31.675,6960,,,,,,,,,,,,,,,,,,,,,,,,,,,
152,D,participants_only,,,30,30,0,0,16,14,0.4959122917583901,0.2584058066264391,0.9987917084371991,0.124042172302088,1087,30,1.0,0,0.0,0.0,25.566666666666666,6960,,,,,,,,,,,,,,,,,,,,,,,,,,,
152,D,nonparticipants_only,,,10,0,10,0,0,0,0.23398982459055714,0.23304340901541004,0.2628283275252239,0.00026454326684859374,0,0,0.0,0,0.0,0.0,50.0,0,,,,,,,,,,,,,,,,,,,,,,,,,,,
152,D,step_totals,,,,,,,,,,,,,,,,,,,,,70.00000000000006,,,50.0,0.7142857142857137,10.0,0.14285714285714274,0.0,0.0,0.004134832334824148,0.14,0.0,0,7,20,34,,50,20,30,4.000000000000001,0.057142857142857106,6.000000000000003,0.08571428571428569,20,30,24
153,D,all_agents,,,40,30,10,0,16,14,0.4306487602352849,0.24726039303705158,0.9988400400997112,0.10641555340064263,1099,30,0.75,0,0.0,0.0,31.5,7017,,,,,,,,,,,,,,,,,,,,,,,,,,,
153,D,participants_only,,,30,30,0,0,16,14,0.4961001374200443,0.257702751610169,0.9988400400997112,0.12466470090547704,1099,30,1.0,0,0.0,0.0,25.333333333333332,7017,,,,,,,,,,,,,,,,,,,,,,,,,,,
153,D,nonparticipants_only,,,10,0,10,0,0,0,0.234294628681007,0.2340530722814222,0.26301173911042275,0.00026151758155980147,0,0,0.0,0,0.0,0.0,50.0,0,,,,,,,,,,,,,,,,,,,,,,,,,,,
153,D,step_totals,,,,,,,,,,,,,,,,,,,,,72.50000000000006,,,57.0,0.7862068965517235,6.5,0.08965517241379303,0.0,0.0,0.004036966221961707,0.21052631578947367,0.0,0,12,27,8,,57,13,26,3.0000000000000004,0.04137931034482756,6.000000000000003,0.08275862068965514,15,30,17
154,D,all_agents,,,40,30,10,0,16,14,0.43075040751288174,0.24762989958324075,0.9988864384957227,0.10648040877733869,1108,30,0.75,0,0.0,0.0,31.675,7065,,,,,,,,,,,,,,,,,,,,,,,,,,,
154,D,participants_only,,,30,30,0,0,16,14,0.49613465477963087,0.25702224440569904,0.9988864384957227,0.12478732018991956,1108,30,1.0,0,0.0,0.0,25.566666666666666,7065,,,,,,,,,,,,,,,,,,,,,,,,,,,
154,D,nonparticipants_only,,,10,0,10,0,0,0,0.23459766571263424,0.23350174345386604,0.2642223294266975,0.00025847705192337864,0,0,0.0,0,0.0,0.0,50.0,0,,,,,,,,,,,,,,,,,,,,,,,,,,,
154,D,step_totals,,,,,,,,,,,,,,,,,,,,,70.00000000000007,,,50.0,0.7142857142857135,10.0,0.1428571428571427,0.0,0.0,0.0040756438874422945,0.18,0.0,0,9,20,34,,50,20,30,4.000000000000001,0.0571428571428571,6.000000000000003,0.08571428571428566,20,30,23
155,D,all_agents,,,40,30,10,0,16,14,0.4309536834411075,0.24648212584578033,0.9989309809558937,0.10692748462467237,1115,30,0.75,0,0.0,0.0,31.5,7122,,,,,,,,,,,,,,,,,,,,,,,,,,,
155,D,participants_only,,,30,30,0,0,16,14,0.4963052475303913,0.2586648768766012,0.9989309809558937,0.1254015835361728,1115,30,1.0,0,0.0,0.0,25.333333333333332,7122,,,,,,,,,,,,,,,,,,,,,,,,,,,
155,D,nonparticipants_only,,,10,0,10,0,0,0,0.2348989911732561,0.23377568279522787,0.26429092123900666,0.00025526474318181264,0,0,0.0,0,0.0,0.0,50.0,0,,,,,,,,,,,,,,,,,,,,,,,,,,,
155,D,step_totals,,,,,,,,,,,,,,,,,,,,,72.50000000000007,,,57.0,0.7862068965517234,6.5,0.08965517241379302,0.0,0.0,0.003990420183243479,0.12280701754385964,0.0,0,7,27,8,,57,13,26,3.0000000000000004,0.04137931034482755,6.000000000000003,0.08275862068965513,15,30,17
156,D,all_agents,,,40,30,10,0,16,14,0.43104295807733195,0.24693378417006195,0.998973741717658,0.10698450432107216,1120,30,0.75,0,0.0,0.0,31.675,7169,,,,,,,,,,,,,,,,,,,,,,,,,,,
156,D,participants_only,,,30,30,0,0,16,14,0.49632448049041905,0.2582263785675826,0.998973741717658,0.1255150683262257,1120,30,1.0,0,0.0,0.0,25.566666666666666,7169,,,,,,,,,,,,,,,,,,,,,,,,,,,
156,D,nonparticipants_only,,,10,0,10,0,0,0,0.23519839083807076,0.23447068934224174,0.2644433452296081,0.0002526862827669074,0,0,0.0,0,0.0,0.0,50.0,0,,,,,,,,,,,,,,,,,,,,,,,,,,,
156,D,step_totals,,,,,,,,,,,,,,,,,,,,,70.00000000000007,,,50.0,0.7142857142857135,10.0,0.1428571428571427,0.0,0.0,0.004034463111055308,0.1,0.0,0,5,20,34,,50,20,31,4.000000000000001,0.0571428571428571,6.000000000000003,0.08571428571428566,20,30,23
