step,condition,population,skill_reachability,resource_reachability,n_agents,maker_count,stage_consumer,stage_customizer,stage_maker,stage_advanced_maker,skill_mean,skill_median,skill_max,skill_var,method_count_total,method_holders,method_adoption_rate,method_peer_held,knowledge_diffusion_lag_mean,hop_count_mean,latent_distributed_resources,completed_projects_total,time_total,time_practice,time_share_practice,time_observe,time_share_observe,time_idle,time_share_idle,time_make,time_share_make,skill_gain_per_time,method_self_discovery_per_time,method_peer_acquisition_per_time,peer_acquired_count,self_discovered_count,reject_time_budget_exceeded,reject_missing_asset,count_practice,count_observe,count_idle,count_make,time_ask,time_share_ask,time_share,time_share_share,count_ask,count_share,reject_insufficient_material
0,D,reachability,0.7,0.0,,,,,,,,,,,,,,,,,,,,,,,,,,,,,,,,,,,,,,,,,,,,,
1,D,all_agents,,,40,0,19,21,0,0,0.16698212484732203,0.14201494622033778,0.4692302811419631,0.010964964504836286,7,7,0.175,0,0.0,0.0,25.85,26,,,,,,,,,,,,,,,,,,,,,,,,,,,
1,D,participants_only,,,30,0,9,21,0,0,0.16602227577380255,0.1524245932003408,0.4692302811419631,0.010308296971887189,7,7,0.23333333333333334,0,0.0,0.0,24.466666666666665,26,,,,,,,,,,,,,,,,,,,,,,,,,,,
1,D,nonparticipants_only,,,10,0,10,0,0,0,0.16986167206788033,0.12460603654725383,0.46010645567195807,0.012923911380756346,0,0,0.0,0,0.0,0.0,30.0,0,,,,,,,,,,,,,,,,,,,,,,,,,,,
1,D,step_totals,,,,,,,,,,,,,,,,,,,,,84.39999999999998,19.5,0.23104265402843607,3.900000000000002,0.046208530805687244,0.0,0.0,61.0,0.722748815165877,0.017840860586562295,0.11475409836065574,0.0,0,7,30,14,39,39,34,61,,,,,,,
2,D,all_agents,,,40,2,13,25,2,0,0.17386484156126306,0.14832793061442917,0.46688412973625326,0.010944138736216856,14,11,0.275,0,0.0,0.0,26.7,65,,,,,,,,,,,,,,,,,,,,,,,,,,,
2,D,participants_only,,,30,2,3,25,2,0,0.17494659635801305,0.15804912946334637,0.46688412973625326,0.01042356317452353,14,11,0.36666666666666664,0,0.0,0.0,23.933333333333334,65,,,,,,,,,,,,,,,,,,,,,,,,,,,
2,D,nonparticipants_only,,,10,0,10,0,0,0,0.17061957717101306,0.12398300636451756,0.45780592339359827,0.012491823100013334,0,0,0.0,0,0.0,0.0,35.0,0,,,,,,,,,,,,,,,,,,,,,,,,,,,
2,D,step_totals,,,,,,,,,,,,,,,,,,,,,88.39999999999999,19.5,0.22058823529411767,3.900000000000002,0.04411764705882356,0.0,0.0,61.0,0.6900452488687784,0.020220562573424493,0.11475409836065574,0.0,0,7,22,13,39,39,34,61,2.8000000000000003,0.031674208144796386,1.2,0.013574660633484163,14,6,
3,D,all_agents,,,40,2,10,28,2,0,0.18030590579674838,0.1551594010720583,0.48500680889498,0.010992994162827443,16,13,0.325,0,0.0,0.0,28.175,101,,,,,,,,,,,,,,,,,,,,,,,,,,,
3,D,participants_only,,,30,2,0,28,2,0,0.1832854699731456,0.16302937216687574,0.48500680889498,0.010592644630312604,16,13,0.43333333333333335,0,0.0,0.0,24.233333333333334,101,,,,,,,,,,,,,,,,,,,,,,,,,,,
3,D,nonparticipants_only,,,10,0,10,0,0,0,0.17136721326755674,0.126725278903799,0.4555168937766303,0.012087509128196724,0,0,0.0,0,0.0,0.0,40.0,0,,,,,,,,,,,,,,,,,,,,,,,,,,,
3,D,step_totals,,,,,,,,,,,,,,,,,,,,,88.60000000000001,19.5,0.22009029345372458,3.900000000000002,0.04401805869074494,0.0,0.0,60.0,0.6772009029345372,0.018975352650738995,0.03333333333333333,0.0,0,2,19,13,39,39,34,60,3.0000000000000004,0.033860045146726865,2.1999999999999997,0.02483069977426636,15,11,
4,D,all_agents,,,40,3,10,27,3,0,0.18580022852346184,0.15814988590473156,0.4825817748505051,0.011139842257384366,20,15,0.375,0,0.0,0.0,30.0,130,,,,,,,,,,,,,,,,,,,,,,,,,,,
4,D,participants_only,,,30,3,0,27,3,0,0.19036502611973147,0.1708376778185374,0.4825817748505051,0.010867839290108124,20,15,0.5,0,0.0,0.0,25.0,130,,,,,,,,,,,,,,,,,,,,,,,,,,,
4,D,nonparticipants_only,,,10,0,10,0,0,0,0.1721058357346529,0.12609165250928,0.45323930930774714,0.011705802634074185,0,0,0.0,0,0.0,0.0,45.0,0,,,,,,,,,,,,,,,,,,,,,,,,,,,
4,D,step_totals,,,,,,,,,,,,,,,,,,,,,88.80000000000001,20.0,0.2252252252252252,4.000000000000002,0.04504504504504506,0.0,0.0,57.0,0.6418918918918918,0.0164340596497602,0.07017543859649122,0.0,0,4,5,24,40,40,39,57,5.200000000000002,0.05855855855855857,2.6,0.029279279279279275,26,13,22
5,D,all_agents,,,40,5,10,25,5,0,0.19146133326117631,0.16642846159190655,0.48740473869643547,0.011419302083647448,23,16,0.4,0,0.0,0.0,31.95,162,,,,,,,,,,,,,,,,,,,,,,,,,,,
5,D,participants_only,,,30,5,0,25,5,0,0.19766948490873043,0.17618081381071263,0.48740473869643547,0.011291260124870871,23,16,0.5333333333333333,0,0.0,0.0,25.933333333333334,162,,,,,,,,,,,,,,,,,,,,,,,,,,,
5,D,nonparticipants_only,,,10,0,10,0,0,0,0.17283687831851394,0.1254611942467336,0.4509731127612084,0.011340934197428822,0,0,0.0,0,0.0,0.0,50.0,0,,,,,,,,,,,,,,,,,,,,,,,,,,,
5,D,step_totals,,,,,,,,,,,,,,,,,,,,,88.70000000000003,20.0,0.22547914317925585,3.900000000000002,0.04396843291995491,0.0,0.0,57.0,0.6426155580608791,0.016900268593322127,0.05263157894736842,0.0,0,3,5,27,40,39,40,57,4.800000000000002,0.05411499436302142,3.0000000000000004,0.03382187147688838,24,15,26
6,D,all_agents,,,40,7,10,23,7,0,0.19611295673718612,0.16632614867428047,0.5079085491485781,0.011795083523118425,30,16,0.4,0,0.0,0.0,32.425,188,,,,,,,,,,,,,,,,,,,,,,,,,,,
6,D,participants_only,,,30,7,0,23,7,0,0.20363085100969355,0.17861676927499093,0.5079085491485781,0.011835046901264457,30,16,0.5333333333333333,0,0.0,0.0,26.566666666666666,188,,,,,,,,,,,,,,,,,,,,,,,,,,,
6,D,nonparticipants_only,,,10,0,10,0,0,0,0.1735592739196639,0.12483388827549993,0.44871824719740233,0.010996968577169128,0,0,0.0,0,0.0,0.0,50.0,0,,,,,,,,,,,,,,,,,,,,,,,,,,,
6,D,step_totals,,,,,,,,,,,,,,,,,,,,,82.30000000000007,19.5,0.23693803159173735,2.600000000000001,0.03159173754556499,0.0,0.0,51.0,0.6196840826245439,0.015355761551453009,0.13725490196078433,0.0,0,7,10,32,39,26,39,51,6.000000000000003,0.0729040097205346,3.2000000000000006,0.038882138517618445,30,16,30
7,D,all_agents,,,40,8,10,22,8,0,0.20122755514418042,0.17063286543994938,0.527592207182635,0.012202803579037422,35,19,0.475,0,0.0,0.0,32.625,216,,,,,,,,,,,,,,,,,,,,,,,,,,,
7,D,participants_only,,,30,8,0,22,8,0,0.2102119998753651,0.18613646158106537,0.527592207182635,0.012391147970676789,35,19,0.6333333333333333,0,0.0,0.0,26.833333333333332,216,,,,,,,,,,,,,,,,,,,,,,,,,,,
7,D,nonparticipants_only,,,10,0,10,0,0,0,0.17427422095062642,0.12420971883412243,0.44647465596141533,0.01066912743858678,0,0,0.0,0,0.0,0.0,50.0,0,,,,,,,,,,,,,,,,,,,,,,,,,,,
7,D,step_totals,,,,,,,,,,,,,,,,,,,,,89.40000000000005,20.0,0.22371364653243836,0.9999999999999999,0.011185682326621916,0.0,0.0,59.0,0.6599552572706932,0.015307134276326477,0.0847457627118644,0.0,0,5,15,28,40,10,40,59,6.200000000000003,0.06935123042505592,3.2000000000000006,0.03579418344519014,31,16,29
8,D,all_agents,,,40,8,10,22,8,0,0.20585904433972707,0.17322335819686197,0.5464885188953296,0.012607244711974911,38,19,0.475,0,0.0,0.0,32.975,241,,,,,,,,,,,,,,,,,,,,,,,,,,,
8,D,participants_only,,,30,8,0,22,8,0,0.2161513138432478,0.19014568995069406,0.5464885188953296,0.01293415260983353,38,19,0.6333333333333333,0,0.0,0.0,27.3,241,,,,,,,,,,,,,,,,,,,,,,,,,,,
8,D,nonparticipants_only,,,10,0,10,0,0,0,0.1749822358291649,0.12440852743367929,0.44424228268160826,0.010355351280001824,0,0,0.0,0,0.0,0.0,50.0,0,,,,,,,,,,,,,,,,,,,,,,,,,,,
8,D,step_totals,,,,,,,,,,,,,,,,,,,,,87.0000000000001,19.5,0.2241379310344825,0.30000000000000004,0.003448275862068962,0.0,0.0,57.0,0.6551724137931026,0.014468160428776293,0.05263157894736842,0.0,0,3,16,39,39,3,38,57,6.400000000000003,0.07356321839080456,3.800000000000001,0.043678160919540195,32,19,31
9,D,all_agents,,,40,10,10,20,10,0,0.21124775959141207,0.1803673723475554,0.5646289781395164,0.013181222990952993,44,21,0.525,0,0.0,0.0,32.6,274,,,,,,,,,,,,,,,,,,,,,,,,,,,
9,D,participants_only,,,30,10,0,20,10,0,0.22310235187788144,0.19456615800422464,0.5646289781395164,0.013661843690899591,44,21,0.7,0,0.0,0.0,26.8,274,,,,,,,,,,,,,,,,,,,,,,,,,,,
9,D,nonparticipants_only,,,10,0,10,0,0,0,0.17568398273200395,0.12578610296016016,0.4420210712682002,0.01005298459177217,0,0,0.0,0,0.0,0.0,50.0,0,,,,,,,,,,,,,,,,,,,,,,,,,,,
9,D,step_totals,,,,,,,,,,,,,,,,,,,,,88.80000000000007,20.0,0.22522522522522506,0.2,0.0022522522522522505,0.0,0.0,59.0,0.664414414414414,0.016175087582216065,0.1016949152542373,0.0,0,6,15,28,40,2,40,59,6.000000000000003,0.06756756756756754,3.600000000000001,0.04054054054054052,30,18,35
10,D,all_agents,,,40,11,10,19,11,0,0.21634722850724586,0.1851268389963554,0.5820438190139358,0.01387485240843711,50,21,0.525,0,0.0,0.0,32.275,307,,,,,,,,,,,,,,,,,,,,,,,,,,,
10,D,participants_only,,,30,11,0,19,11,0,0.2296699236184624,0.200211632824098,0.5820438190139358,0.014535391407217378,50,21,0.7,0,0.0,0.0,26.366666666666667,307,,,,,,,,,,,,,,,,,,,,,,,,,,,
10,D,nonparticipants_only,,,10,0,10,0,0,0,0.1763791431735963,0.12703323914666598,0.4398109659118592,0.00976330495177912,0,0,0.0,0,0.0,0.0,50.0,0,,,,,,,,,,,,,,,,,,,,,,,,,,,
10,D,step_totals,,,,,,,,,,,,,,,,,,,,,86.30000000000008,19.5,0.22595596755504033,,,0.0,0.0,57.0,0.6604866743916564,0.015858986172247194,0.10526315789473684,0.0,0,6,18,37,39,,38,57,5.8000000000000025,0.06720741599072998,4.000000000000001,0.04634994206257239,29,20,30
10,D,reachability,0.35,0.0,,,,,,,,,,,,,,,,,,,,,,,,,,,,,,,,,,,,,,,,,,,,,
11,D,all_agents,,,40,12,10,18,12,0,0.22118165138469884,0.1870325113431706,0.5987620662533784,0.014611911640481609,52,21,0.525,0,0.0,0.0,31.9,337,,,,,,,,,,,,,,,,,,,,,,,,,,,
11,D,participants_only,,,30,12,0,18,12,0,0.23588613476308698,0.20579650124874888,0.5987620662533784,0.015456199050032078,52,21,0.7,0,0.0,0.0,25.866666666666667,337,,,,,,,,,,,,,,,,,,,,,,,,,,,
11,D,nonparticipants_only,,,10,0,10,0,0,0,0.17706820124953446,0.13101061508259826,0.4376119110822999,0.009484387434726687,0,0,0.0,0,0.0,0.0,50.0,0,,,,,,,,,,,,,,,,,,,,,,,,,,,
11,D,step_totals,,,,,,,,,,,,,,,,,,,,,88.70000000000009,20.0,0.2254791431792557,0.1,0.0011273957158962785,0.0,0.0,59.0,0.6651634723788044,0.014668651589112253,0.03389830508474576,0.0,0,2,18,24,40,1,39,59,5.400000000000002,0.06087936865839906,4.200000000000001,0.047350620067643706,27,21,35
12,D,all_agents,,,40,15,10,15,15,0,0.22497766936259306,0.18659088515922895,0.6148115836032432,0.015223052631135766,55,22,0.55,0,0.0,0.0,32.0,361,,,,,,,,,,,,,,,,,,,,,,,,,,,
12,D,participants_only,,,30,15,0,15,15,0,0.24071978556328671,0.20627299611908317,0.6148115836032432,0.016234289689591064,55,22,0.7333333333333333,0,0.0,0.0,26.0,361,,,,,,,,,,,,,,,,,,,,,,,,,,,
12,D,nonparticipants_only,,,10,0,10,0,0,0,0.17775132076051214,0.13108563586683558,0.4354238515268884,0.009215570786056173,0,0,0.0,0,0.0,0.0,50.0,0,,,,,,,,,,,,,,,,,,,,,,,,,,,
12,D,step_totals,,,,,,,,,,,,,,,,,,,,,78.60000000000008,19.5,0.24809160305343486,0.1,0.0012722646310432558,0.0,0.0,48.0,0.6106870229007627,0.013620836844773315,0.0625,0.0,0,3,9,54,39,1,37,48,6.800000000000003,0.08651399491094143,4.200000000000001,0.05343511450381675,34,21,40
13,D,all_agents,,,40,16,10,14,16,0,0.23011255689504312,0.18887397596995253,0.6302191202591134,0.01621947728386161,61,22,0.55,0,0.0,0.0,31.575,398,,,,,,,,,,,,,,,,,,,,,,,,,,,
13,D,participants_only,,,30,16,0,14,16,0,0.24734059400343264,0.21001696126757327,0.6302191202591134,0.01745303898789003,61,22,0.7333333333333333,0,0.0,0.0,25.433333333333334,398,,,,,,,,,,,,,,,,,,,,,,,,,,,
13,D,nonparticipants_only,,,10,0,10,0,0,0,0.1784284455698746,0.13135776889329887,0.433246732269254,0.008957129020479803,0,0,0.0,0,0.0,0.0,50.0,0,,,,,,,,,,,,,,,,,,,,,,,,,,,
13,D,step_totals,,,,,,,,,,,,,,,,,,,,,88.00000000000009,19.5,0.22159090909090887,0.1,0.0011363636363636352,0.0,0.0,59.0,0.6704545454545449,0.015629804227198372,0.1016949152542373,0.0,0,6,19,24,39,1,38,59,5.000000000000002,0.05681818181818178,4.400000000000001,0.04999999999999997,25,22,33
14,D,all_agents,,,40,17,10,13,17,0,0.2341312703639583,0.19387354356173148,0.6450103554487489,0.016991953982857765,64,22,0.55,0,0.0,0.0,31.675,427,,,,,,,,,,,,,,,,,,,,,,,,,,,
14,D,participants_only,,,30,17,0,13,17,0,0.25247507901138716,0.21010149135796824,0.6450103554487489,0.01840732161703757,64,22,0.7333333333333333,0,0.0,0.0,25.566666666666666,427,,,,,,,,,,,,,,,,,,,,,,,,,,,
14,D,nonparticipants_only,,,10,0,10,0,0,0,0.17909984442167173,0.13311641559820608,0.4310804986079077,0.008707907291996522,0,0,0.0,0,0.0,0.0,50.0,0,,,,,,,,,,,,,,,,,,,,,,,,,,,
14,D,step_totals,,,,,,,,,,,,,,,,,,,,,78.70000000000009,19.5,0.2477763659466325,,,0.0,0.0,48.0,0.6099110546378647,0.014300463863238525,0.0625,0.0,0,3,8,56,39,,37,48,6.800000000000003,0.08640406607369754,4.400000000000001,0.05590851334180427,34,22,40
15,D,all_agents,,,40,21,10,9,21,0,0.23841776805498036,0.19568398661111785,0.6592099412307989,0.017982206880076408,66,23,0.575,0,0.0,0.0,31.4,458,,,,,,,,,,,,,,,,,,,,,,,,,,,
15,D,participants_only,,,30,21,0,9,21,0,0.25796846637677145,0.2127158638157842,0.6592099412307989,0.01962488998923893,66,23,0.7666666666666667,0,0.0,0.0,25.2,458,,,,,,,,,,,,,,,,,,,,,,,,,,,
15,D,nonparticipants_only,,,10,0,10,0,0,0,0.17976567308960717,0.13300651014705353,0.4289250961148682,0.008467399894152633,0,0,0.0,0,0.0,0.0,50.0,0,,,,,,,,,,,,,,,,,,,,,,,,,,,
15,D,step_totals,,,,,,,,,,,,,,,,,,,,,84.90000000000008,19.5,0.22968197879858637,,,0.0,0.0,56.0,0.6595995288574787,0.013864649325545743,0.03571428571428571,0.0,0,2,19,27,39,,37,56,5.000000000000002,0.05889281507656063,4.400000000000001,0.051825677267373346,25,22,36
16,D,all_agents,,,40,23,10,7,23,0,0.24267455957652295,0.199243324940973,0.6728415435815669,0.018951311312152153,66,23,0.575,0,0.0,0.0,31.525,493,,,,,,,,,,,,,,,,,,,,,,,,,,,
16,D,participants_only,,,30,23,0,7,23,0,0.26342424938482617,0.21663685960284498,0.6728415435815669,0.02080041537415032,66,23,0.7666666666666667,0,0.0,0.0,25.366666666666667,493,,,,,,,,,,,,,,,,,,,,,,,,,,,
16,D,nonparticipants_only,,,10,0,10,0,0,0,0.18042549015161327,0.13476081461786216,0.4267804706342938,0.008237403600468022,0,0,0.0,0,0.0,0.0,50.0,0,,,,,,,,,,,,,,,,,,,,,,,,,,,
16,D,step_totals,,,,,,,,,,,,,,,,,,,,,77.90000000000008,19.5,0.25032092426187397,,,0.0,0.0,47.0,0.603337612323491,0.015224104341683404,0.0,0.0,0,0,8,58,39,,37,47,6.800000000000003,0.08729139922978173,4.600000000000001,0.059050064184852334,34,23,42
17,D,all_agents,,,40,24,10,6,24,0,0.2468871230072622,0.20015579823396684,0.6859278818383042,0.02001558711480974,70,23,0.575,0,0.0,0.0,31.325,526,,,,,,,,,,,,,,,,,,,,,,,,,,,
17,D,participants_only,,,30,24,0,6,24,0,0.26882235747013694,0.2192542895832867,0.6859278818383042,0.02209287632042024,70,23,0.7666666666666667,0,0.0,0.0,25.1,526,,,,,,,,,,,,,,,,,,,,,,,,,,,
17,D,nonparticipants_only,,,10,0,10,0,0,0,0.1810814196186379,0.13598402421672623,0.42464656828112235,0.008009865366682772,0,0,0.0,0,0.0,0.0,50.0,0,,,,,,,,,,,,,,,,,,,,,,,,,,,
17,D,step_totals,,,,,,,,,,,,,,,,,,,,,84.10000000000007,19.5,0.23186682520808544,,,0.0,0.0,55.0,0.6539833531510102,0.013826831222891987,0.07272727272727272,0.0,0,4,19,29,39,,37,55,5.000000000000002,0.05945303210463731,4.600000000000001,0.054696789536266326,25,23,37
18,D,all_agents,,,40,24,10,6,24,0,0.2507131978765939,0.20045276071493212,0.698490766564772,0.02106076754780244,75,23,0.575,0,0.0,0.0,31.5,559,,,,,,,,,,,,,,,,,,,,,,,,,,,
18,D,participants_only,,,30,24,0,6,24,0,0.27370706463260264,0.21998769310293143,0.698490766564772,0.023368829498755076,75,23,0.7666666666666667,0,0.0,0.0,25.333333333333332,559,,,,,,,,,,,,,,,,,,,,,,,,,,,
18,D,nonparticipants_only,,,10,0,10,0,0,0,0.18173159760856777,0.13706055285031143,0.42252333543971676,0.007791966794227532,0,0,0.0,0,0.0,0.0,50.0,0,,,,,,,,,,,,,,,,,,,,,,,,,,,
18,D,step_totals,,,,,,,,,,,,,,,,,,,,,77.70000000000009,19.5,0.2509652509652507,,,0.0,0.0,47.0,0.6048906048906042,0.013951470920020838,0.10638297872340426,0.0,0,5,9,57,39,,36,47,6.600000000000003,0.08494208494208488,4.600000000000001,0.059202059202059155,33,23,42
19,D,all_agents,,,40,25,10,5,25,0,0.25555262313667537,0.20044759321533828,0.7105511359021812,0.02219948308026947,84,24,0.6,0,0.0,0.0,31.3,601,,,,,,,,,,,,,,,,,,,,,,,,,,,
19,D,participants_only,,,30,25,0,5,25,0,0.2799446647826778,0.2265416155046976,0.7105511359021812,0.024692093506951823,84,24,0.8,0,0.0,0.0,25.066666666666666,601,,,,,,,,,,,,,,,,,,,,,,,,,,,
19,D,nonparticipants_only,,,10,0,10,0,0,0,0.18237649819866805,0.13857084619726218,0.4204107187625182,0.007581991452298599,0,0,0.0,0,0.0,0.0,50.0,0,,,,,,,,,,,,,,,,,,,,,,,,,,,
19,D,step_totals,,,,,,,,,,,,,,,,,,,,,84.30000000000007,19.5,0.2313167259786475,,,0.0,0.0,55.0,0.6524317912218263,0.01559271565814603,0.16363636363636364,0.0,0,9,18,29,39,,37,55,5.200000000000002,0.06168446026097269,4.600000000000001,0.05456702253855276,26,23,37
20,D,all_agents,,,40,27,10,3,27,0,0.2592186716577689,0.20294950413100427,0.722129090466094,0.023291431820929718,87,25,0.625,0,0.0,0.0,31.475,635,,,,,,,,,,,,,,,,,,,,,,,,,,,
20,D,participants_only,,,30,27,0,3,27,0,0.28461928509230694,0.2275861014516688,0.722129090466094,0.026015438584523442,87,25,0.8333333333333334,0,0.0,0.0,25.3,635,,,,,,,,,,,,,,,,,,,,,,,,,,,
20,D,nonparticipants_only,,,10,0,10,0,0,0,0.18301683135415486,0.13879212935786026,0.4183086651687056,0.007377117575938548,0,0,0.0,0,0.0,0.0,50.0,0,,,,,,,,,,,,,,,,,,,,,,,,,,,
20,D,step_totals,,,,,,,,,,,,,,,,,,,,,77.40000000000009,19.0,0.24547803617571032,,,0.0,0.0,47.0,0.6072351421188623,0.013567176523316514,0.06382978723404255,0.0,0,3,9,57,38,,35,47,6.600000000000003,0.08527131782945731,4.800000000000002,0.06201550387596894,33,24,41
20,D,reachability,0.175,0.0,,,,,,,,,,,,,,,,,,,,,,,,,,,,,,,,,,,,,,,,,,,,,
21,D,all_agents,,,40,28,10,2,26,2,0.2633475825877839,0.20434169381717054,0.7332439268474502,0.024481069004802514,93,26,0.65,0,0.0,0.0,31.275,673,,,,,,,,,,,,,,,,,,,,,,,,,,,
21,D,participants_only,,,30,28,0,2,26,2,0.2899124743419698,0.2273448247961951,0.7332439268474502,0.027426541116803576,93,26,0.8666666666666667,0,0.0,0.0,25.033333333333335,673,,,,,,,,,,,,,,,,,,,,,,,,,,,
21,D,nonparticipants_only,,,10,0,10,0,0,0,0.18365290732522613,0.1391789838016604,0.416217121842862,0.007176330981859934,0,0,0.0,0,0.0,0.0,50.0,0,,,,,,,,,,,,,,,,,,,,,,,,,,,
21,D,step_totals,,,,,,,,,,,,,,,,,,,,,82.80000000000007,18.0,0.21739130434782591,,,0.0,0.0,55.0,0.6642512077294681,0.013872662988195948,0.10909090909090909,0.0,0,6,19,27,36,,34,55,4.800000000000002,0.057971014492753596,5.000000000000002,0.06038647342995166,24,25,35
22,D,all_agents,,,40,29,10,1,27,2,0.2668976924163725,0.20704931340806054,0.7439141697735522,0.025630180670796494,97,26,0.65,0,0.0,0.0,31.45,709,,,,,,,,,,,,,,,,,,,,,,,,,,,
22,D,participants_only,,,30,29,0,1,27,2,0.2944358520927719,0.2326833501972347,0.7439141697735522,0.02881171721420735,97,26,0.8666666666666667,0,0.0,0.0,25.266666666666666,709,,,,,,,,,,,,,,,,,,,,,,,,,,,
22,D,nonparticipants_only,,,10,0,10,0,0,0,0.1842832133871744,0.1418769516947121,0.4141360362336477,0.0069853681802095075,0,0,0.0,0,0.0,0.0,50.0,0,,,,,,,,,,,,,,,,,,,,,,,,,,,
22,D,step_totals,,,,,,,,,,,,,,,,,,,,,76.80000000000007,18.0,0.2343749999999998,,,0.0,0.0,47.0,0.6119791666666661,0.013369117964505342,0.0851063829787234,0.0,0,4,8,57,36,,35,47,6.600000000000003,0.08593749999999997,5.200000000000002,0.0677083333333333,33,26,40
23,D,all_agents,,,40,29,10,1,27,2,0.2708387180082722,0.2091352873972781,0.7541576029826101,0.026918155997701677,101,26,0.65,0,0.0,0.0,31.25,748,,,,,,,,,,,,,,,,,,,,,,,,,,,
23,D,participants_only,,,30,29,0,1,27,2,0.2994819669682306,0.2327653525481453,0.7541576029826101,0.030342591125134204,101,26,0.8666666666666667,0,0.0,0.0,25.0,748,,,,,,,,,,,,,,,,,,,,,,,,,,,
23,D,nonparticipants_only,,,10,0,10,0,0,0,0.18490897112839705,0.14323917459822083,0.41206535605247946,0.006799622083618205,0,0,0.0,0,0.0,0.0,50.0,0,,,,,,,,,,,,,,,,,,,,,,,,,,,
23,D,step_totals,,,,,,,,,,,,,,,,,,,,,82.80000000000008,18.0,0.21739130434782586,,,0.0,0.0,55.0,0.6642512077294679,0.013352568873435333,0.07272727272727272,0.0,0,4,20,26,36,,34,55,4.600000000000001,0.05555555555555552,5.200000000000002,0.06280193236714972,23,26,35
24,D,all_agents,,,40,29,10,1,27,2,0.2740472374138915,0.2106345636536435,0.7639912988633057,0.028018664348095457,106,27,0.675,0,0.0,0.0,31.425,782,,,,,,,,,,,,,,,,,,,,,,,,,,,
24,D,participants_only,,,30,29,0,1,27,2,0.30355296083474936,0.2325299439481537,0.7639912988633057,0.03166935763283427,106,27,0.9,0,0.0,0.0,25.233333333333334,782,,,,,,,,,,,,,,,,,,,,,,,,,,,
24,D,nonparticipants_only,,,10,0,10,0,0,0,0.1855300671513178,0.14445522190811888,0.41000502927221705,0.006619531918821067,0,0,0.0,0,0.0,0.0,50.0,0,,,,,,,,,,,,,,,,,,,,,,,,,,,
24,D,step_totals,,,,,,,,,,,,,,,,,,,,,76.8000000000001,18.0,0.2343749999999997,,,0.0,0.0,47.0,0.6119791666666659,0.012319547797747122,0.10638297872340426,0.0,0,5,8,57,36,,35,47,6.600000000000003,0.08593749999999993,5.200000000000002,0.06770833333333327,33,26,40
25,D,all_agents,,,40,29,10,1,27,2,0.27769516524635524,0.21063105880691002,0.7734316469087735,0.029315137448700856,108,27,0.675,0,0.0,0.0,31.225,820,,,,,,,,,,,,,,,,,,,,,,,,,,,
25,D,participants_only,,,30,29,0,1,27,2,0.30821139083640553,0.23694746619543022,0.7734316469087735,0.03321346867220831,108,27,0.9,0,0.0,0.0,24.966666666666665,820,,,,,,,,,,,,,,,,,,,,,,,,,,,
25,D,nonparticipants_only,,,10,0,10,0,0,0,0.18614648847620435,0.14490485589236773,0.40795500412585595,0.006445263487024412,0,0,0.0,0,0.0,0.0,50.0,0,,,,,,,,,,,,,,,,,,,,,,,,,,,
25,D,step_totals,,,,,,,,,,,,,,,,,,,,,83.20000000000007,18.0,0.21634615384615366,,,0.0,0.0,55.0,0.6610576923076917,0.012448762581564556,0.03636363636363636,0.0,0,2,18,26,36,,34,55,4.800000000000002,0.05769230769230766,5.400000000000002,0.06490384615384612,24,27,35
26,D,all_agents,,,40,30,10,0,28,2,0.28097054193707993,0.21195727344379595,0.7824943810324226,0.03045374136214677,114,28,0.7,0,0.0,0.0,31.425,857,,,,,,,,,,,,,,,,,,,,,,,,,,,
26,D,participants_only,,,30,30,0,0,28,2,0.3123746047608414,0.23643097580908118,0.7824943810324226,0.03456803820745724,114,28,0.9333333333333333,0,0.0,0.0,25.233333333333334,857,,,,,,,,,,,,,,,,,,,,,,,,,,,
26,D,nonparticipants_only,,,10,0,10,0,0,0,0.1867583534657955,0.14587064568550595,0.40591522910522665,0.0062762688841502675,0,0,0.0,0,0.0,0.0,50.0,0,,,,,,,,,,,,,,,,,,,,,,,,,,,
26,D,step_totals,,,,,,,,,,,,,,,,,,,,,77.0000000000001,18.0,0.23376623376623346,,,0.0,0.0,47.0,0.6103896103896096,0.012550363085087819,0.1276595744680851,0.0,0,6,8,56,36,,35,47,6.600000000000003,0.08571428571428565,5.400000000000002,0.07012987012987007,33,27,40
27,D,all_agents,,,40,30,10,0,28,2,0.2848955083519363,0.21660589298033603,0.7911946057911258,0.031715017868644196,119,29,0.725,0,0.0,0.0,31.225,900,,,,,,,,,,,,,,,,,,,,,,,,,,,
27,D,participants_only,,,30,30,0,0,28,2,0.31740533743853483,0.2394979255892803,0.7911946057911258,0.036022023629944076,119,29,0.9666666666666667,0,0.0,0.0,24.966666666666665,900,,,,,,,,,,,,,,,,,,,,,,,,,,,
27,D,nonparticipants_only,,,10,0,10,0,0,0,0.1873660210921405,0.1482528901937894,0.4038856529597005,0.006111332737866341,0,0,0.0,0,0.0,0.0,50.0,0,,,,,,,,,,,,,,,,,,,,,,,,,,,
27,D,step_totals,,,,,,,,,,,,,,,,,,,,,82.90000000000008,17.5,0.21109770808202635,,,0.0,0.0,55.0,0.6634499396863685,0.013329323198675897,0.09090909090909091,0.0,0,5,18,25,35,,33,55,4.800000000000002,0.057901085645355815,5.600000000000002,0.06755126658624845,24,28,34
28,D,all_agents,,,40,30,10,0,28,2,0.28806804844855505,0.2167004739048135,0.7995468215594808,0.032846223168812284,126,29,0.725,0,0.0,0.0,31.425,938,,,,,,,,,,,,,,,,,,,,,,,,,,,
28,D,participants_only,,,30,30,0,0,28,2,0.3214344977123913,0.24235091593971167,0.7995468215594808,0.0373571825347337,126,29,0.9666666666666667,0,0.0,0.0,25.233333333333334,938,,,,,,,,,,,,,,,,,,,,,,,,,,,
28,D,nonparticipants_only,,,10,0,10,0,0,0,0.18796870065704624,0.14904967624125787,0.401866224694902,0.005953505833334116,0,0,0.0,0,0.0,0.0,50.0,0,,,,,,,,,,,,,,,,,,,,,,,,,,,
28,D,step_totals,,,,,,,,,,,,,,,,,,,,,77.20000000000009,18.0,0.23316062176165778,,,0.0,0.0,47.0,0.6088082901554397,0.012205354307474211,0.14893617021276595,0.0,0,7,8,55,36,,35,47,6.400000000000003,0.08290155440414503,5.8000000000000025,0.07512953367875642,32,29,40
29,D,all_agents,,,40,30,10,0,28,2,0.29141190071437456,0.21783762455523054,0.8075649486971015,0.03412072173831928,130,29,0.725,0,0.0,0.0,31.225,977,,,,,,,,,,,,,,,,,,,,,,,,,,,
29,D,participants_only,,,30,30,0,0,28,2,0.32569351679250386,0.2435398446094533,0.8075649486971015,0.03885994929591464,130,29,0.9666666666666667,0,0.0,0.0,24.966666666666665,977,,,,,,,,,,,,,,,,,,,,,,,,,,,
29,D,nonparticipants_only,,,10,0,10,0,0,0,0.18856705247998679,0.1505542313340677,0.3998568935714275,0.005800288654394174,0,0,0.0,0,0.0,0.0,50.0,0,,,,,,,,,,,,,,,,,,,,,,,,,,,
29,D,step_totals,,,,,,,,,,,,,,,,,,,,,82.90000000000008,17.5,0.21109770808202635,,,0.0,0.0,55.0,0.6634499396863685,0.011670092717438843,0.07272727272727272,0.0,0,4,18,25,35,,33,55,4.600000000000001,0.05548854041013265,5.8000000000000025,0.06996381182147161,23,29,34
30,D,all_agents,,,40,30,10,0,28,2,0.29429641947326246,0.22048216768706264,0.8152623507492174,0.0352602554768794,140,29,0.725,0,0.0,0.0,31.425,1014,,,,,,,,,,,,,,,,,,,,,,,,,,,
30,D,participants_only,,,30,30,0,0,28,2,0.32934136439487083,0.24471284444371194,0.8152623507492174,0.04021779920504007,140,29,0.9666666666666667,0,0.0,0.0,25.233333333333334,1014,,,,,,,,,,,,,,,,,,,,,,,,,,,
30,D,nonparticipants_only,,,10,0,10,0,0,0,0.18916158470843747,0.15098254233511854,0.3978576091035704,0.005649846317694651,0,0,0.0,0,0.0,0.0,50.0,0,,,,,,,,,,,,,,,,,,,,,,,,,,,
30,D,step_totals,,,,,,,,,,,,,,,,,,,,,77.20000000000009,18.0,0.23316062176165778,,,0.0,0.0,47.0,0.6088082901554397,0.011338875847462314,0.2127659574468085,0.0,0,10,8,55,36,,35,47,6.400000000000003,0.08290155440414503,5.8000000000000025,0.07512953367875642,32,29,40
30,D,reachability,0.15,0.0,,,,,,,,,,,,,,,,,,,,,,,,,,,,,,,,,,,,,,,,,,,,,
31,D,all_agents,,,40,30,10,0,27,3,0.29772473063136684,0.22281272827167253,0.8226518567192487,0.03652837710008125,143,29,0.725,0,0.0,0.0,31.225,1056,,,,,,,,,,,,,,,,,,,,,,,,,,,
31,D,participants_only,,,30,30,0,0,27,3,0.3337157240306078,0.24741915950080481,0.8226518567192487,0.04168833047980395,143,29,0.9666666666666667,0,0.0,0.0,24.966666666666665,1056,,,,,,,,,,,,,,,,,,,,,,,,,,,
31,D,nonparticipants_only,,,10,0,10,0,0,0,0.189751750433644,0.15149541511925002,0.39586832105805253,0.005504297690542691,0,0,0.0,0,0.0,0.0,50.0,0,,,,,,,,,,,,,,,,,,,,,,,,,,,
31,D,step_totals,,,,,,,,,,,,,,,,,,,,,83.1000000000001,17.5,0.21058965102286378,,,0.0,0.0,55.0,0.6618531889290005,0.011907349745713561,0.05454545454545454,0.0,0,3,17,25,35,,33,55,4.800000000000002,0.05776173285198551,5.8000000000000025,0.06979542719614917,24,29,34
32,D,all_agents,,,40,30,10,0,26,4,0.30042597619395395,0.2236077361951247,0.8297457824504787,0.037566466372854025,152,29,0.725,0,0.0,0.0,31.425,1092,,,,,,,,,,,,,,,,,,,,,,,,,,,
32,D,participants_only,,,30,30,0,0,26,4,0.3371219656187428,0.24973539214823426,0.8297457824504787,0.04291489524352763,152,29,0.9666666666666667,0,0.0,0.0,25.233333333333334,1092,,,,,,,,,,,,,,,,,,,,,,,,,,,
32,D,nonparticipants_only,,,10,0,10,0,0,0,0.19033800791958747,0.15355438860652984,0.39388897945276224,0.0053620320824626444,0,0,0.0,0,0.0,0.0,50.0,0,,,,,,,,,,,,,,,,,,,,,,,,,,,
32,D,step_totals,,,,,,,,,,,,,,,,,,,,,76.70000000000009,17.5,0.22816166883963468,,,0.0,0.0,47.0,0.6127770534550189,0.010883136275880707,0.19148936170212766,0.0,0,9,8,55,35,,35,47,6.400000000000003,0.08344198174706643,5.8000000000000025,0.07561929595827896,32,29,40
33,D,all_agents,,,40,30,10,0,26,4,0.30346141159869355,0.22607502948374036,0.8365559511524595,0.03883077887475266,158,29,0.725,0,0.0,0.0,31.225,1132,,,,,,,,,,,,,,,,,,,,,,,,,,,
33,D,participants_only,,,30,30,0,0,26,4,0.34097529285488953,0.2518463660883332,0.8365559511524595,0.04440347496307845,158,29,0.9666666666666667,0,0.0,0.0,24.966666666666665,1132,,,,,,,,,,,,,,,,,,,,,,,,,,,
33,D,nonparticipants_only,,,10,0,10,0,0,0,0.1909197678301056,0.15460505607882497,0.39191953455549844,0.005225195166927626,0,0,0.0,0,0.0,0.0,50.0,0,,,,,,,,,,,,,,,,,,,,,,,,,,,
33,D,step_totals,,,,,,,,,,,,,,,,,,,,,82.40000000000008,17.0,0.20631067961165028,,,0.0,0.0,55.0,0.6674757281553392,0.010892843614033127,0.10909090909090909,0.0,0,6,18,25,34,,33,55,4.600000000000001,0.05582524271844657,5.8000000000000025,0.07038834951456308,23,29,34
34,D,all_agents,,,40,30,10,0,26,4,0.3059725361744416,0.2292250499044096,0.8430937131063612,0.03985430825189376,160,29,0.725,0,0.0,0.0,31.425,1168,,,,,,,,,,,,,,,,,,,,,,,,,,,
34,D,participants_only,,,30,30,0,0,26,4,0.344130786957513,0.2515312388965455,0.8430937131063612,0.04561785754168534,160,29,0.9666666666666667,0,0.0,0.0,25.233333333333334,1168,,,,,,,,,,,,,,,,,,,,,,,,,,,
34,D,nonparticipants_only,,,10,0,10,0,0,0,0.1914977838252275,0.155604675450849,0.38995993688272096,0.005091035148633818,0,0,0.0,0,0.0,0.0,50.0,0,,,,,,,,,,,,,,,,,,,,,,,,,,,
34,D,step_totals,,,,,,,,,,,,,,,,,,,,,76.30000000000008,17.5,0.22935779816513738,,,0.0,0.0,47.0,0.6159895150720832,0.010369379112581435,0.0425531914893617,0.0,0,2,10,54,35,,35,47,6.000000000000003,0.07863695937090427,5.8000000000000025,0.07601572739187414,30,29,39
35,D,all_agents,,,40,30,10,0,25,5,0.3091320669782908,0.22825974740511357,0.8493699645821067,0.04106882926643622,167,29,0.725,0,0.0,0.0,31.225,1211,,,,,,,,,,,,,,,,,,,,,,,,,,,
35,D,participants_only,,,30,30,0,0,25,5,0.3481519387074172,0.25837667202562176,0.8493699645821067,0.04701552366126454,167,29,0.9666666666666667,0,0.0,0.0,24.966666666666665,1211,,,,,,,,,,,,,,,,,,,,,,,,,,,
35,D,nonparticipants_only,,,10,0,10,0,0,0,0.19207245179091184,0.1561180475601275,0.38801013719830735,0.004958141404861586,0,0,0.0,0,0.0,0.0,50.0,0,,,,,,,,,,,,,,,,,,,,,,,,,,,
35,D,step_totals,,,,,,,,,,,,,,,,,,,,,82.20000000000007,17.0,0.20681265206812632,,,0.0,0.0,55.0,0.669099756690997,0.011304407616457967,0.12727272727272726,0.0,0,7,19,24,34,,33,55,4.400000000000001,0.053527980535279775,5.8000000000000025,0.07055961070559608,22,29,34
36,D,all_agents,,,40,30,10,0,25,5,0.3115607085772541,0.2303670143176829,0.8553951659988224,0.04202981780919416,172,30,0.75,0,0.0,0.0,31.425,1248,,,,,,,,,,,,,,,,,,,,,,,,,,,
36,D,participants_only,,,30,30,0,0,25,5,0.35120001026765757,0.2592070710116213,0.8553951659988224,0.04814457821172663,172,30,1.0,0,0.0,0.0,25.233333333333334,1248,,,,,,,,,,,,,,,,,,,,,,,,,,,
36,D,nonparticipants_only,,,10,0,10,0,0,0,0.1926428035060438,0.15679577621649662,0.38607008651231584,0.004830245739562909,0,0,0.0,0,0.0,0.0,50.0,0,,,,,,,,,,,,,,,,,,,,,,,,,,,
36,D,step_totals,,,,,,,,,,,,,,,,,,,,,74.80000000000008,16.0,0.2139037433155078,,,0.0,0.0,47.0,0.6283422459893041,0.010392711874242632,0.10638297872340426,0.0,0,5,10,54,32,,35,47,6.000000000000003,0.08021390374331545,5.8000000000000025,0.0775401069518716,30,29,39
37,D,all_agents,,,40,30,10,0,25,5,0.31428250959091175,0.23317719350371252,0.8611793593588695,0.04307600774855126,175,30,0.75,0,0.0,0.0,31.225,1285,,,,,,,,,,,,,,,,,,,,,,,,,,,
37,D,participants_only,,,30,30,0,0,25,5,0.3546403610132207,0.26259981426558765,0.8611793593588695,0.0493507110997677,175,30,1.0,0,0.0,0.0,24.966666666666665,1285,,,,,,,,,,,,,,,,,,,,,,,,,,,
37,D,nonparticipants_only,,,10,0,10,0,0,0,0.19320895532398472,0.15878284888290606,0.38413973607975427,0.004706823637799929,0,0,0.0,0,0.0,0.0,50.0,0,,,,,,,,,,,,,,,,,,,,,,,,,,,
37,D,step_totals,,,,,,,,,,,,,,,,,,,,,81.90000000000009,16.5,0.20146520146520125,,,0.0,0.0,55.0,0.6715506715506708,0.010095338005994357,0.05454545454545454,0.0,0,3,18,23,33,,33,55,4.400000000000001,0.05372405372405368,6.000000000000003,0.07326007326007321,22,30,34
38,D,all_agents,,,40,30,10,0,25,5,0.3163911700667218,0.23370213864133413,0.8667321849845147,0.04404222314811641,184,30,0.75,0,0.0,0.0,31.425,1321,,,,,,,,,,,,,,,,,,,,,,,,,,,
38,D,participants_only,,,30,30,0,0,25,5,0.3572643829439663,0.261765259028388,0.8667321849845147,0.05051192857709844,184,30,1.0,0,0.0,0.0,25.233333333333334,1321,,,,,,,,,,,,,,,,,,,,,,,,,,,
38,D,nonparticipants_only,,,10,0,10,0,0,0,0.1937715314349882,0.1597312067192226,0.3822190373993555,0.004585672490267764,0,0,0.0,0,0.0,0.0,50.0,0,,,,,,,,,,,,,,,,,,,,,,,,,,,
38,D,step_totals,,,,,,,,,,,,,,,,,,,,,74.30000000000008,15.5,0.2086137281292057,,,0.0,0.0,47.0,0.6325706594885592,0.009465692224645146,0.19148936170212766,0.0,0,9,11,53,31,,35,47,5.8000000000000025,0.07806191117092862,6.000000000000003,0.08075370121130547,29,30,38
39,D,all_agents,,,40,30,10,0,25,5,0.31942677925356644,0.23404546884293595,0.8720628975851341,0.045246223546850796,194,30,0.75,0,0.0,0.0,31.225,1367,,,,,,,,,,,,,,,,,,,,,,,,,,,
39,D,participants_only,,,30,30,0,0,25,5,0.36112555896499376,0.26703727468930905,0.8720628975851341,0.05188408435073574,194,30,1.0,0,0.0,0.0,24.966666666666665,1367,,,,,,,,,,,,,,,,,,,,,,,,,,,
39,D,nonparticipants_only,,,10,0,10,0,0,0,0.19433044011928444,0.16056816496703996,0.3803079422123587,0.0044671823821302295,0,0,0.0,0,0.0,0.0,50.0,0,,,,,,,,,,,,,,,,,,,,,,,,,,,
39,D,step_totals,,,,,,,,,,,,,,,,,,,,,81.20000000000009,16.0,0.19704433497536925,,,0.0,0.0,55.0,0.6773399014778317,0.01114417882136787,0.18181818181818182,0.0,0,10,19,22,32,,33,55,4.200000000000001,0.05172413793103444,6.000000000000003,0.0738916256157635,21,30,34
40,D,all_agents,,,40,30,10,0,25,5,0.3216946812337079,0.23706974166051065,0.8771803816817287,0.04617661974820817,202,30,0.75,0,0.0,0.0,31.425,1406,,,,,,,,,,,,,,,,,,,,,,,,,,,
40,D,participants_only,,,30,30,0,0,25,5,0.3639643301010343,0.2670879818766285,0.8771803816817287,0.0529715337705032,202,30,1.0,0,0.0,0.0,25.233333333333334,1406,,,,,,,,,,,,,,,,,,,,,,,,,,,
40,D,nonparticipants_only,,,10,0,10,0,0,0,0.19488573463172912,0.16090297955405436,0.3784064025012969,0.004351199096918392,0,0,0.0,0,0.0,0.0,50.0,0,,,,,,,,,,,,,,,,,,,,,,,,,,,
40,D,step_totals,,,,,,,,,,,,,,,,,,,,,74.30000000000008,15.5,0.2086137281292057,,,0.0,0.0,47.0,0.6325706594885592,0.010011927600354794,0.1702127659574468,0.0,0,8,11,53,31,,35,47,5.8000000000000025,0.07806191117092862,6.000000000000003,0.08075370121130547,29,30,38
40,D,reachability,0.15,0.0,,,,,,,,,,,,,,,,,,,,,,,,,,,,,,,,,,,,,,,,,,,,,
41,D,all_agents,,,40,30,10,0,25,5,0.3244657171755978,0.2373501497960852,0.8820931664144596,0.04731924384613581,212,30,0.75,0,0.0,0.0,31.225,1450,,,,,,,,,,,,,,,,,,,,,,,,,,,
41,D,participants_only,,,30,30,0,0,25,5,0.36747533106133,0.26964094628118573,0.8820931664144596,0.05427977123226641,212,30,1.0,0,0.0,0.0,24.966666666666665,1450,,,,,,,,,,,,,,,,,,,,,,,,,,,
41,D,nonparticipants_only,,,10,0,10,0,0,0,0.1954368755184011,0.16164104851870076,0.37651437048879044,0.004239739048546772,0,0,0.0,0,0.0,0.0,50.0,0,,,,,,,,,,,,,,,,,,,,,,,,,,,
41,D,step_totals,,,,,,,,,,,,,,,,,,,,,80.40000000000008,15.0,0.1865671641791043,,,0.0,0.0,55.0,0.6840796019900491,0.010513127983116233,0.18181818181818182,0.0,0,10,18,22,30,,32,55,4.400000000000001,0.054726368159203946,6.000000000000003,0.07462686567164176,22,30,34
42,D,all_agents,,,40,30,10,0,25,5,0.3263577990343523,0.23762305122874489,0.8868094397578812,0.04822077489219542,217,30,0.75,0,0.0,0.0,31.425,1487,,,,,,,,,,,,,,,,,,,,,,,,,,,
42,D,participants_only,,,30,30,0,0,25,5,0.3698155429861051,0.2690067251020718,0.8868094397578812,0.05536330300222392,217,30,1.0,0,0.0,0.0,25.233333333333334,1487,,,,,,,,,,,,,,,,,,,,,,,,,,,
42,D,nonparticipants_only,,,10,0,10,0,0,0,0.19598456717909388,0.16382635288551967,0.3746317986363465,0.004130284449596649,0,0,0.0,0,0.0,0.0,50.0,0,,,,,,,,,,,,,,,,,,,,,,,,,,,
42,D,step_totals,,,,,,,,,,,,,,,,,,,,,73.80000000000008,15.0,0.20325203252032498,,,0.0,0.0,47.0,0.6368563685636849,0.008903841354340476,0.10638297872340426,0.0,0,5,11,53,30,,35,47,5.8000000000000025,0.07859078590785902,6.000000000000003,0.08130081300813002,29,30,38
43,D,all_agents,,,40,30,10,0,25,5,0.32870130137310605,0.23643493597260118,0.8913370621675659,0.04932308075232062,225,30,0.75,0,0.0,0.0,31.225,1529,,,,,,,,,,,,,,,,,,,,,,,,,,,
43,D,participants_only,,,30,30,0,0,25,5,0.3727589556519746,0.26871556883023434,0.8913370621675659,0.056658261411597605,225,30,1.0,0,0.0,0.0,24.966666666666665,1529,,,,,,,,,,,,,,,,,,,,,,,,,,,
43,D,nonparticipants_only,,,10,0,10,0,0,0,0.1965283385365005,0.16476515482083287,0.37275863964316475,0.004024615967814052,0,0,0.0,0,0.0,0.0,50.0,0,,,,,,,,,,,,,,,,,,,,,,,,,,,
43,D,step_totals,,,,,,,,,,,,,,,,,,,,,79.20000000000007,14.0,0.1767676767676766,,,0.0,0.0,55.0,0.6944444444444438,0.00942905816772103,0.14545454545454545,0.0,0,8,19,20,28,,32,55,4.200000000000001,0.053030303030303,6.000000000000003,0.07575757575757572,21,30,33
44,D,all_agents,,,40,30,10,0,25,5,0.3304287001921698,0.23690639419960602,0.8956835796808633,0.050129555961308976,228,30,0.75,0,0.0,0.0,31.425,1564,,,,,,,,,,,,,,,,,,,,,,,,,,,
44,D,participants_only,,,30,30,0,0,25,5,0.3748820729227221,0.26910013912721864,0.8956835796808633,0.05762787771707509,228,30,1.0,0,0.0,0.0,25.233333333333334,1564,,,,,,,,,,,,,,,,,,,,,,,,,,,
44,D,nonparticipants_only,,,10,0,10,0,0,0,0.19706858200051297,0.16535292724549944,0.3708948464449489,0.00392136252855373,0,0,0.0,0,0.0,0.0,50.0,0,,,,,,,,,,,,,,,,,,,,,,,,,,,
44,D,step_totals,,,,,,,,,,,,,,,,,,,,,73.60000000000007,15.0,0.20380434782608678,,,0.0,0.0,47.0,0.6385869565217386,0.008414850387740836,0.06382978723404255,0.0,0,3,12,53,30,,35,47,5.600000000000002,0.0760869565217391,6.000000000000003,0.08152173913043474,28,30,38
45,D,all_agents,,,40,30,10,0,25,5,0.3329667439992405,0.23712189261066755,0.8998562364936288,0.051189132537970625,236,30,0.75,0,0.0,0.0,31.225,1609,,,,,,,,,,,,,,,,,,,,,,,,,,,
45,D,participants_only,,,30,30,0,0,25,5,0.37808719936949226,0.2712833884407446,0.8998562364936288,0.058835373048653654,236,30,1.0,0,0.0,0.0,24.966666666666665,1609,,,,,,,,,,,,,,,,,,,,,,,,,,,
45,D,nonparticipants_only,,,10,0,10,0,0,0,0.1976053778884853,0.16583276563098015,0.3690403722127242,0.0038201450920949923,0,0,0.0,0,0.0,0.0,50.0,0,,,,,,,,,,,,,,,,,,,,,,,,,,,
45,D,step_totals,,,,,,,,,,,,,,,,,,,,,78.80000000000008,14.0,0.17766497461928915,,,0.0,0.0,55.0,0.6979695431472074,0.010086610852112701,0.14545454545454545,0.0,0,8,21,20,28,,32,55,3.800000000000001,0.04822335025380707,6.000000000000003,0.07614213197969538,19,30,33
46,D,all_agents,,,40,30,10,0,25,5,0.33485634819467497,0.23773761861208453,0.9038619870338837,0.05197200213425768,240,30,0.75,0,0.0,0.0,31.425,1647,,,,,,,,,,,,,,,,,,,,,,,,,,,
46,D,participants_only,,,30,30,0,0,25,5,0.38042897956724564,0.2736714853819482,0.9038619870338837,0.05974783619169401,240,30,1.0,0,0.0,0.0,25.233333333333334,1647,,,,,,,,,,,,,,,,,,,,,,,,,,,
46,D,nonparticipants_only,,,10,0,10,0,0,0,0.198138454076963,0.1665144322807603,0.36719517035166055,0.003722123199306142,0,0,0.0,0,0.0,0.0,50.0,0,,,,,,,,,,,,,,,,,,,,,,,,,,,
46,D,step_totals,,,,,,,,,,,,,,,,,,,,,73.60000000000008,15.0,0.20380434782608672,,,0.0,0.0,47.0,0.6385869565217385,0.008972801799737282,0.0851063829787234,0.0,0,4,12,53,30,,35,47,5.600000000000002,0.07608695652173908,6.000000000000003,0.08152173913043473,28,30,38
47,D,all_agents,,,40,30,10,0,25,5,0.33727758422461923,0.23829673965804285,0.9077075075525283,0.053026998808603426,248,30,0.75,0,0.0,0.0,31.225,1693,,,,,,,,,,,,,,,,,,,,,,,,,,,
47,D,participants_only,,,30,30,0,0,25,5,0.3834807988652939,0.2725065562712722,0.9077075075525283,0.06095474972732417,248,30,1.0,0,0.0,0.0,24.966666666666665,1693,,,,,,,,,,,,,,,,,,,,,,,,,,,
47,D,nonparticipants_only,,,10,0,10,0,0,0,0.1986679403025952,0.1682269349353947,0.36535919449990223,0.0036269015348541532,0,0,0.0,0,0.0,0.0,50.0,0,,,,,,,,,,,,,,,,,,,,,,,,,,,
47,D,step_totals,,,,,,,,,,,,,,,,,,,,,78.10000000000007,13.5,0.17285531370038398,,,0.0,0.0,55.0,0.7042253521126755,0.009851594182403254,0.14545454545454545,0.0,0,8,22,19,27,,31,55,3.600000000000001,0.04609475032010241,6.000000000000003,0.07682458386683735,18,30,32
48,D,all_agents,,,40,30,10,0,25,5,0.33919446345494253,0.23882425999052176,0.9113992072504271,0.05377961628852401,256,30,0.75,0,0.0,0.0,31.425,1733,,,,,,,,,,,,,,,,,,,,,,,,,,,
48,D,participants_only,,,30,30,0,0,25,5,0.3858613023770771,0.27556965023802665,0.9113992072504271,0.06181694681547878,256,30,1.0,0,0.0,0.0,25.233333333333334,1733,,,,,,,,,,,,,,,,,,,,,,,,,,,
48,D,nonparticipants_only,,,10,0,10,0,0,0,0.19919394668853854,0.16935873513075622,0.3635323985274027,0.003534098447846169,0,0,0.0,0,0.0,0.0,50.0,0,,,,,,,,,,,,,,,,,,,,,,,,,,,
48,D,step_totals,,,,,,,,,,,,,,,,,,,,,73.60000000000008,15.0,0.20380434782608672,,,0.0,0.0,47.0,0.6385869565217385,0.009090434914736597,0.1702127659574468,0.0,0,8,12,51,30,,34,47,5.600000000000002,0.07608695652173908,6.000000000000003,0.08152173913043473,28,30,38
49,D,all_agents,,,40,30,10,0,24,6,0.34128251304045326,0.23807866587732174,0.9149432389604101,0.05480868741400146,263,30,0.75,0,0.0,0.0,31.225,1777,,,,,,,,,,,,,,,,,,,,,,,,,,,
49,D,participants_only,,,30,30,0,0,24,6,0.3884713700694599,0.27419180198683657,0.9149432389604101,0.0630225620190263,263,30,1.0,0,0.0,0.0,24.966666666666665,1777,,,,,,,,,,,,,,,,,,,,,,,,,,,
49,D,nonparticipants_only,,,10,0,10,0,0,0,0.19971594195343317,0.17032538255089263,0.3617147365347657,0.0034456048664784906,0,0,0.0,0,0.0,0.0,50.0,0,,,,,,,,,,,,,,,,,,,,,,,,,,,
49,D,step_totals,,,,,,,,,,,,,,,,,,,,,77.40000000000008,13.0,0.1679586563307492,,,0.0,0.0,55.0,0.7105943152454773,0.008939685429615771,0.12727272727272726,0.0,0,7,23,19,26,,31,55,3.400000000000001,0.04392764857881134,6.000000000000003,0.0775193798449612,17,30,32
50,D,all_agents,,,40,30,10,0,24,6,0.34305483513113966,0.23999100558330466,0.9183455094019937,0.055511888949158796,265,30,0.75,0,0.0,0.0,31.425,1816,,,,,,,,,,,,,,,,,,,,,,,,,,,
50,D,participants_only,,,30,30,0,0,24,6,0.39066143410647614,0.2739783526255807,0.9183455094019937,0.0638311450867554,265,30,1.0,0,0.0,0.0,25.233333333333334,1816,,,,,,,,,,,,,,,,,,,,,,,,,,,
50,D,nonparticipants_only,,,10,0,10,0,0,0,0.20023503820513014,0.17086170691250252,0.35990616285209187,0.0033574613443868727,0,0,0.0,0,0.0,0.0,50.0,0,,,,,,,,,,,,,,,,,,,,,,,,,,,
50,D,step_totals,,,,,,,,,,,,,,,,,,,,,72.90000000000008,14.5,0.1989026063100135,,,0.0,0.0,47.0,0.6447187928669403,0.008737721569287336,0.0425531914893617,0.0,0,2,13,51,29,,34,47,5.400000000000002,0.07407407407407403,6.000000000000003,0.08230452674897114,27,30,37
50,D,reachability,0.175,0.0,,,,,,,,,,,,,,,,,,,,,,,,,,,,,,,,,,,,,,,,,,,,,
51,D,all_agents,,,40,30,10,0,24,6,0.34493482769406286,0.24038997473313561,0.921611689025914,0.056488128366437726,275,30,0.75,0,0.0,0.0,31.225,1859,,,,,,,,,,,,,,,,,,,,,,,,,,,
51,D,participants_only,,,30,30,0,0,24,6,0.3929962660396134,0.2726084608624528,0.921611689025914,0.06498709382236766,275,30,1.0,0,0.0,0.0,24.966666666666665,1859,,,,,,,,,,,,,,,,,,,,,,,,,,,
51,D,nonparticipants_only,,,10,0,10,0,0,0,0.20075051265741137,0.17111422843305704,0.3581066320378314,0.0032724097285301195,0,0,0.0,0,0.0,0.0,50.0,0,,,,,,,,,,,,,,,,,,,,,,,,,,,
51,D,step_totals,,,,,,,,,,,,,,,,,,,,,75.70000000000007,11.5,0.15191545574636708,,,0.0,0.0,55.0,0.7265521796565383,0.008540188454542482,0.18181818181818182,0.0,0,10,24,18,23,,31,55,3.2000000000000006,0.042272126816380415,6.000000000000003,0.0792602377807133,16,30,32
52,D,all_agents,,,40,30,10,0,24,6,0.3463754540246665,0.241603875510324,0.9247472214648774,0.05714922512709001,280,30,0.75,0,0.0,0.0,31.425,1895,,,,,,,,,,,,,,,,,,,,,,,,,,,
52,D,participants_only,,,30,30,0,0,24,6,0.39474647471133684,0.27165244627565527,0.9247472214648774,0.06577648289630567,280,30,1.0,0,0.0,0.0,25.233333333333334,1895,,,,,,,,,,,,,,,,,,,,,,,,,,,
52,D,nonparticipants_only,,,10,0,10,0,0,0,0.20126239196465537,0.1716929404352899,0.3563160988776422,0.003190384112199533,0,0,0.0,0,0.0,0.0,50.0,0,,,,,,,,,,,,,,,,,,,,,,,,,,,
52,D,step_totals,,,,,,,,,,,,,,,,,,,,,72.90000000000008,14.5,0.1989026063100135,,,0.0,0.0,47.0,0.6447187928669403,0.007667719161843239,0.10638297872340426,0.0,0,5,13,51,29,,34,47,5.400000000000002,0.07407407407407403,6.000000000000003,0.08230452674897114,27,30,37
53,D,all_agents,,,40,30,10,0,24,6,0.348477302049701,0.24095287640153673,0.9277573326062823,0.05818436493792345,287,30,0.75,0,0.0,0.0,31.225,1944,,,,,,,,,,,,,,,,,,,,,,,,,,,
53,D,participants_only,,,30,30,0,0,24,6,0.39737945558478893,0.2716071035065245,0.9277573326062823,0.06697655217094078,287,30,1.0,0,0.0,0.0,24.966666666666665,1944,,,,,,,,,,,,,,,,,,,,,,,,,,,
53,D,nonparticipants_only,,,10,0,10,0,0,0,0.20177084144443722,0.17373522324484714,0.354534518383254,0.0031107557944396913,0,0,0.0,0,0.0,0.0,50.0,0,,,,,,,,,,,,,,,,,,,,,,,,,,,
53,D,step_totals,,,,,,,,,,,,,,,,,,,,,74.70000000000006,10.5,0.14056224899598382,,,0.0,0.0,55.0,0.73627844712182,0.009413332469813688,0.12727272727272726,0.0,0,7,24,18,21,,31,55,3.2000000000000006,0.04283801874163318,6.000000000000003,0.08032128514056222,16,30,31
54,D,all_agents,,,40,30,10,0,23,7,0.3499835189113538,0.2404100530314257,0.9306470393020311,0.05882270904600749,295,30,0.75,0,0.0,0.0,31.425,1983,,,,,,,,,,,,,,,,,,,,,,,,,,,
54,D,participants_only,,,30,30,0,0,23,7,0.3992193469942389,0.2702490679889919,0.9306470393020311,0.06772261755663535,295,30,1.0,0,0.0,0.0,25.233333333333334,1983,,,,,,,,,,,,,,,,,,,,,,,,,,,
54,D,nonparticipants_only,,,10,0,10,0,0,0,0.20227603466269853,0.17468839514655873,0.35276184579133774,0.003032982310034915,0,0,0.0,0,0.0,0.0,50.0,0,,,,,,,,,,,,,,,,,,,,,,,,,,,
54,D,step_totals,,,,,,,,,,,,,,,,,,,,,72.00000000000009,14.0,0.19444444444444423,,,0.0,0.0,47.0,0.652777777777777,0.008024978252357338,0.1702127659574468,0.0,0,8,15,49,28,,34,47,5.000000000000002,0.06944444444444439,6.000000000000003,0.08333333333333327,25,30,37
55,D,all_agents,,,40,30,10,0,23,7,0.3518210126548517,0.2396656809619691,0.9334211577299498,0.0597996968816974,302,30,0.75,0,0.0,0.0,31.225,2030,,,,,,,,,,,,,,,,,,,,,,,,,,,
55,D,participants_only,,,30,30,0,0,23,7,0.4015019870337351,0.26968535574442587,0.9334211577299498,0.06887458036327633,302,30,1.0,0,0.0,0.0,24.966666666666665,2030,,,,,,,,,,,,,,,,,,,,,,,,,,,
55,D,nonparticipants_only,,,10,0,10,0,0,0,0.2027780895182017,0.17528794997365638,0.35099803656238104,0.0029566558541374677,0,0,0.0,0,0.0,0.0,50.0,0,,,,,,,,,,,,,,,,,,,,,,,,,,,
55,D,step_totals,,,,,,,,,,,,,,,,,,,,,74.40000000000006,10.0,0.13440860215053752,,,0.0,0.0,55.0,0.7392473118279563,0.008633201850742568,0.12727272727272726,0.0,0,7,24,18,20,,31,55,3.400000000000001,0.04569892473118277,6.000000000000003,0.08064516129032255,17,30,31
56,D,all_agents,,,40,30,10,0,23,7,0.3531501286077574,0.23846735255715923,0.9360843114207519,0.06042345150416239,307,30,0.75,0,0.0,0.0,31.425,2069,,,,,,,,,,,,,,,,,,,,,,,,,,,
56,D,participants_only,,,30,30,0,0,23,7,0.4031079813809473,0.26965209490122255,0.9360843114207519,0.0696202798198743,307,30,1.0,0,0.0,0.0,25.233333333333334,2069,,,,,,,,,,,,,,,,,,,,,,,,,,,
56,D,nonparticipants_only,,,10,0,10,0,0,0,0.20327657028818769,0.17576467876003898,0.34924304637956916,0.0028835219125340553,0,0,0.0,0,0.0,0.0,50.0,0,,,,,,,,,,,,,,,,,,,,,,,,,,,
56,D,step_totals,,,,,,,,,,,,,,,,,,,,,71.30000000000007,13.5,0.18934081346423545,,,0.0,0.0,47.0,0.6591865357643752,0.0075496732534434926,0.10638297872340426,0.0,0,5,16,48,27,,33,47,4.800000000000002,0.06732117812061707,6.000000000000003,0.08415147265077134,24,30,36
57,D,all_agents,,,40,30,10,0,23,7,0.3548321501888111,0.2378387863231914,0.9386409389639218,0.06136363822136545,313,30,0.75,0,0.0,0.0,31.225,2114,,,,,,,,,,,,,,,,,,,,,,,,,,,
57,D,participants_only,,,30,30,0,0,23,7,0.4051857019511337,0.2713308718814824,0.9386409389639218,0.07073845502733435,313,30,1.0,0,0.0,0.0,24.966666666666665,2114,,,,,,,,,,,,,,,,,,,,,,,,,,,
57,D,nonparticipants_only,,,10,0,10,0,0,0,0.20377149490184351,0.17647740170520237,0.3474968311476713,0.0028134257024880482,0,0,0.0,0,0.0,0.0,50.0,0,,,,,,,,,,,,,,,,,,,,,,,,,,,
57,D,step_totals,,,,,,,,,,,,,,,,,,,,,73.70000000000006,9.5,0.12890094979647207,,,0.0,0.0,55.0,0.7462686567164173,0.008237577297121879,0.10909090909090909,0.0,0,6,24,18,19,,31,55,3.2000000000000006,0.04341926729986429,6.000000000000003,0.08141112618724557,16,30,31
58,D,all_agents,,,40,30,10,0,22,8,0.35618209109194016,0.23664959239157543,0.9410953014053649,0.0619425789631782,318,30,0.75,0,0.0,0.0,31.425,2154,,,,,,,,,,,,,,,,,,,,,,,,,,,
58,D,participants_only,,,30,30,0,0,22,8,0.40682158808104385,0.27039679003883876,0.9410953014053649,0.07141807605035803,318,30,1.0,0,0.0,0.0,25.233333333333334,2154,,,,,,,,,,,,,,,,,,,,,,,,,,,
58,D,nonparticipants_only,,,10,0,10,0,0,0,0.20426360012462907,0.17818253320424648,0.34575934699193295,0.0027437838379254075,0,0,0.0,0,0.0,0.0,50.0,0,,,,,,,,,,,,,,,,,,,,,,,,,,,
58,D,step_totals,,,,,,,,,,,,,,,,,,,,,71.30000000000007,13.5,0.18934081346423545,,,0.0,0.0,47.0,0.6591865357643752,0.007640316434982931,0.10638297872340426,0.0,0,5,16,48,27,,33,47,4.800000000000002,0.06732117812061707,6.000000000000003,0.08415147265077134,24,30,36
59,D,all_agents,,,40,30,10,0,22,8,0.35778506443206115,0.2384589339800095,0.9434514893491504,0.06292085382573148,324,30,0.75,0,0.0,0.0,31.225,2201,,,,,,,,,,,,,,,,,,,,,,,,,,,
59,D,participants_only,,,30,30,0,0,22,8,0.4087959642956811,0.27103182255178804,0.9434514893491504,0.07259384001222988,324,30,1.0,0,0.0,0.0,24.966666666666665,2201,,,,,,,,,,,,,,,,,,,,,,,,,,,
59,D,nonparticipants_only,,,10,0,10,0,0,0,0.20475236484120143,0.17943391021020338,0.34403055025697327,0.002676552407481234,0,0,0.0,0,0.0,0.0,50.0,0,,,,,,,,,,,,,,,,,,,,,,,,,,,
59,D,step_totals,,,,,,,,,,,,,,,,,,,,,73.00000000000007,9.0,0.1232876712328766,,,0.0,0.0,55.0,0.7534246575342458,0.008087983853853247,0.10909090909090909,0.0,0,6,25,18,18,,31,55,3.0000000000000004,0.04109589041095887,6.000000000000003,0.08219178082191776,15,30,31
60,D,all_agents,,,40,30,10,0,22,8,0.3590072176389502,0.2376444734726607,0.9457134297751844,0.0634932078024241,327,30,0.75,0,0.0,0.0,31.425,2241,,,,,,,,,,,,,,,,,,,,,,,,,,,
60,D,participants_only,,,30,30,0,0,22,8,0.41026346561809396,0.2696766634390291,0.9457134297751844,0.07327903267556063,327,30,1.0,0,0.0,0.0,25.233333333333334,2241,,,,,,,,,,,,,,,,,,,,,,,,,,,
60,D,nonparticipants_only,,,10,0,10,0,0,0,0.20523847370151885,0.1797844772132914,0.3423103975056884,0.0026092977002207156,0,0,0.0,0,0.0,0.0,50.0,0,,,,,,,,,,,,,,,,,,,,,,,,,,,
60,D,step_totals,,,,,,,,,,,,,,,,,,,,,70.60000000000008,13.0,0.18413597733711026,,,0.0,0.0,47.0,0.6657223796033986,0.007321117834091315,0.06382978723404255,0.0,0,3,17,48,26,,33,47,4.600000000000001,0.06515580736543904,6.000000000000003,0.08498583569405094,23,30,35
60,D,reachability,0.25,0.0,,,,,,,,,,,,,,,,,,,,,,,,,,,,,,,,,,,,,,,,,,,,,
61,D,all_agents,,,40,30,10,0,22,8,0.3605443300425203,0.23964600819203935,0.947884892584177,0.0644332938420555,334,30,0.75,0,0.0,0.0,31.225,2288,,,,,,,,,,,,,,,,,,,,,,,,,,,
61,D,participants_only,,,30,30,0,0,22,8,0.4121522234359435,0.2703876500734824,0.947884892584177,0.07440867020046493,334,30,1.0,0,0.0,0.0,24.966666666666665,2288,,,,,,,,,,,,,,,,,,,,,,,,,,,
61,D,nonparticipants_only,,,10,0,10,0,0,0,0.20572064986225064,0.18025196433191584,0.34059884551816,0.0025466688407439603,0,0,0.0,0,0.0,0.0,50.0,0,,,,,,,,,,,,,,,,,,,,,,,,,,,
61,D,step_totals,,,,,,,,,,,,,,,,,,,,,73.00000000000007,9.0,0.1232876712328766,,,0.0,0.0,55.0,0.7534246575342458,0.007882441008938182,0.12727272727272726,0.0,0,7,25,18,18,,31,55,3.0000000000000004,0.04109589041095887,6.000000000000003,0.08219178082191776,15,30,31
62,D,all_agents,,,40,30,10,0,22,8,0.36170503657113867,0.2386587791114137,0.9499694968808099,0.06494187971587571,339,30,0.75,0,0.0,0.0,31.425,2327,,,,,,,,,,,,,,,,,,,,,,,,,,,
62,D,participants_only,,,30,30,0,0,22,8,0.41354017294405904,0.26903571182311503,0.9499694968808099,0.07501294790930711,339,30,1.0,0,0.0,0.0,25.233333333333334,2327,,,,,,,,,,,,,,,,,,,,,,,,,,,
62,D,nonparticipants_only,,,10,0,10,0,0,0,0.2061996274523776,0.1811199941564221,0.3388958512905692,0.002486098781990518,0,0,0.0,0,0.0,0.0,50.0,0,,,,,,,,,,,,,,,,,,,,,,,,,,,
62,D,step_totals,,,,,,,,,,,,,,,,,,,,,70.60000000000007,13.0,0.18413597733711032,,,0.0,0.0,47.0,0.6657223796033989,0.007130314513607177,0.10638297872340426,0.0,0,5,17,48,26,,33,47,4.600000000000001,0.06515580736543905,6.000000000000003,0.08498583569405095,23,30,35
63,D,all_agents,,,40,30,10,0,22,8,0.36316496111018115,0.2389689309237743,0.9519707170055774,0.06587641397738324,351,30,0.75,0,0.0,0.0,31.225,2375,,,,,,,,,,,,,,,,,,,,,,,,,,,
63,D,participants_only,,,30,30,0,0,22,8,0.4153280265038536,0.2690033496212531,0.9519707170055774,0.07614251534192702,351,30,1.0,0,0.0,0.0,24.966666666666665,2375,,,,,,,,,,,,,,,,,,,,,,,,,,,
63,D,nonparticipants_only,,,10,0,10,0,0,0,0.20667576492916376,0.18279981323396227,0.3372013720341164,0.002426285188577308,0,0,0.0,0,0.0,0.0,50.0,0,,,,,,,,,,,,,,,,,,,,,,,,,,,
63,D,step_totals,,,,,,,,,,,,,,,,,,,,,73.00000000000007,9.0,0.1232876712328766,,,0.0,0.0,55.0,0.7534246575342458,0.0076399685550512806,0.21818181818181817,0.0,0,12,25,18,18,,30,55,3.0000000000000004,0.04109589041095887,6.000000000000003,0.08219178082191776,15,30,30
64,D,all_agents,,,40,30,10,0,22,8,0.3644230017003994,0.23777408626915542,0.9538918883253543,0.0663756270620954,352,30,0.75,0,0.0,0.0,31.425,2416,,,,,,,,,,,,,,,,,,,,,,,,,,,
64,D,participants_only,,,30,30,0,0,22,8,0.41684763980681144,0.2687980705843893,0.9538918883253543,0.07671838871417566,352,30,1.0,0,0.0,0.0,25.233333333333334,2416,,,,,,,,,,,,,,,,,,,,,,,,,,,
64,D,nonparticipants_only,,,10,0,10,0,0,0,0.20714908738116325,0.18403871128784471,0.3355153651739458,0.002367229938795378,0,0,0.0,0,0.0,0.0,50.0,0,,,,,,,,,,,,,,,,,,,,,,,,,,,
64,D,step_totals,,,,,,,,,,,,,,,,,,,,,70.80000000000007,13.0,0.18361581920903938,,,0.0,0.0,47.0,0.6638418079096039,0.007458166172241757,0.02127659574468085,0.0,0,1,17,48,26,,32,47,4.800000000000002,0.06779661016949148,6.000000000000003,0.08474576271186436,24,30,34
65,D,all_agents,,,40,30,10,0,22,8,0.3660639689812533,0.23853756458356623,0.9557362127923401,0.06733211964646064,364,30,0.75,0,0.0,0.0,31.225,2468,,,,,,,,,,,,,,,,,,,,,,,,,,,
65,D,participants_only,,,30,30,0,0,22,8,0.4188788851629343,0.26827711797046616,0.9557362127923401,0.07784841750655593,364,30,1.0,0,0.0,0.0,24.966666666666665,2468,,,,,,,,,,,,,,,,,,,,,,,,,,,
65,D,nonparticipants_only,,,10,0,10,0,0,0,0.20761922043621048,0.18432900828012694,0.3338377883480761,0.0023102416108390284,0,0,0.0,0,0.0,0.0,50.0,0,,,,,,,,,,,,,,,,,,,,,,,,,,,
65,D,step_totals,,,,,,,,,,,,,,,,,,,,,72.50000000000006,8.5,0.11724137931034473,,,0.0,0.0,55.0,0.7586206896551718,0.008318633142812842,0.21818181818181817,0.0,0,12,25,18,17,,29,55,3.0000000000000004,0.04137931034482756,6.000000000000003,0.08275862068965514,15,30,29
66,D,all_agents,,,40,30,10,0,22,8,0.367237739782621,0.23896151621520498,0.9575067642806465,0.0677703897358709,371,30,0.75,0,0.0,0.0,31.425,2509,,,,,,,,,,,,,,,,,,,,,,,,,,,
66,D,participants_only,,,30,30,0,0,22,8,0.42028831209508044,0.26766732437691365,0.9575067642806465,0.07835107036946262,371,30,1.0,0,0.0,0.0,25.233333333333334,2509,,,,,,,,,,,,,,,,,,,,,,,,,,,
66,D,nonparticipants_only,,,10,0,10,0,0,0,0.20808602284524247,0.18478263347333657,0.3321685994063357,0.0022559891629418422,0,0,0.0,0,0.0,0.0,50.0,0,,,,,,,,,,,,,,,,,,,,,,,,,,,
66,D,step_totals,,,,,,,,,,,,,,,,,,,,,70.80000000000007,13.0,0.18361581920903938,,,0.0,0.0,47.0,0.6638418079096039,0.007193430701953041,0.14893617021276595,0.0,0,7,17,48,26,,31,47,4.800000000000002,0.06779661016949148,6.000000000000003,0.08474576271186436,24,30,33
67,D,all_agents,,,40,30,10,0,22,8,0.36839026022602384,0.2397565429587626,0.9592064937094207,0.06862387208377008,375,30,0.75,0,0.0,0.0,31.225,2555,,,,,,,,,,,,,,,,,,,,,,,,,,,
67,D,participants_only,,,30,30,0,0,22,8,0.4216703861135385,0.26678071636145617,0.9592064937094207,0.07940903735236436,375,30,1.0,0,0.0,0.0,24.966666666666665,2555,,,,,,,,,,,,,,,,,,,,,,,,,,,
67,D,nonparticipants_only,,,10,0,10,0,0,0,0.20854988256348,0.18569818970928123,0.330507756409304,0.0022031145029143403,0,0,0.0,0,0.0,0.0,50.0,0,,,,,,,,,,,,,,,,,,,,,,,,,,,
67,D,step_totals,,,,,,,,,,,,,,,,,,,,,72.00000000000006,8.0,0.11111111111111102,,,0.0,0.0,55.0,0.7638888888888883,0.006773517550993312,0.07272727272727272,0.0,0,4,25,17,16,,27,55,3.0000000000000004,0.04166666666666664,6.000000000000003,0.0833333333333333,15,30,26
68,D,all_agents,,,40,30,10,0,22,8,0.36950887975027435,0.23918234108272676,0.9608382339610438,0.06907021042224414,382,30,0.75,0,0.0,0.0,31.425,2596,,,,,,,,,,,,,,,,,,,,,,,,,,,
68,D,participants_only,,,30,30,0,0,22,8,0.42300824510838997,0.26647843322712933,0.9608382339610438,0.07992765339982637,382,30,1.0,0,0.0,0.0,25.233333333333334,2596,,,,,,,,,,,,,,,,,,,,,,,,,,,
68,D,nonparticipants_only,,,10,0,10,0,0,0,0.20901078367592768,0.18728018170218028,0.3288552176272575,0.0021516963648438203,0,0,0.0,0,0.0,0.0,50.0,0,,,,,,,,,,,,,,,,,,,,,,,,,,,
68,D,step_totals,,,,,,,,,,,,,,,,,,,,,70.80000000000007,13.0,0.18361581920903938,,,0.0,0.0,47.0,0.6638418079096039,0.00702080443378095,0.14893617021276595,0.0,0,7,17,47,26,,30,47,4.800000000000002,0.06779661016949148,6.000000000000003,0.08474576271186436,24,30,33
69,D,all_agents,,,40,30,10,0,22,8,0.37094957468603423,0.23987388230961834,0.9624047046026021,0.06999991354581449,391,30,0.75,0,0.0,0.0,31.225,2647,,,,,,,,,,,,,,,,,,,,,,,,,,,
69,D,participants_only,,,30,30,0,0,22,8,0.42477653363920226,0.2662652551627583,0.9624047046026021,0.08104324939830462,391,30,1.0,0,0.0,0.0,24.966666666666665,2647,,,,,,,,,,,,,,,,,,,,,,,,,,,
69,D,nonparticipants_only,,,10,0,10,0,0,0,0.2094686978265301,0.18850697082980505,0.3272109415391212,0.0021018078665916034,0,0,0.0,0,0.0,0.0,50.0,0,,,,,,,,,,,,,,,,,,,,,,,,,,,
69,D,step_totals,,,,,,,,,,,,,,,,,,,,,72.00000000000006,8.0,0.11111111111111102,,,0.0,0.0,55.0,0.7638888888888883,0.007745612872017356,0.16363636363636364,0.0,0,9,25,16,16,,26,55,3.0000000000000004,0.04166666666666664,6.000000000000003,0.0833333333333333,15,30,26
70,D,all_agents,,,40,30,10,0,22,8,0.37192342801586153,0.23970476664143509,0.963908516418498,0.07038476428843017,397,30,0.75,0,0.0,0.0,31.425,2687,,,,,,,,,,,,,,,,,,,,,,,,,,,
70,D,participants_only,,,30,30,0,0,22,8,0.42592322178786346,0.2658630153874573,0.963908516418498,0.08149843858481222,397,30,1.0,0,0.0,0.0,25.233333333333334,2687,,,,,,,,,,,,,,,,,,,,,,,,,,,
70,D,nonparticipants_only,,,10,0,10,0,0,0,0.2099240466998557,0.1887387849373032,0.3255748868314256,0.0020520086702591252,0,0,0.0,0,0.0,0.0,50.0,0,,,,,,,,,,,,,,,,,,,,,,,,,,,
70,D,step_totals,,,,,,,,,,,,,,,,,,,,,70.80000000000007,13.0,0.18361581920903938,,,0.0,0.0,47.0,0.6638418079096039,0.006549786581778509,0.1276595744680851,0.0,0,6,17,47,26,,30,47,4.800000000000002,0.06779661016949148,6.000000000000003,0.08474576271186436,24,30,33
70,D,reachability,0.25,0.0,,,,,,,,,,,,,,,,,,,,,,,,,,,,,,,,,,,,,,,,,,,,,
71,D,all_agents,,,40,30,10,0,22,8,0.37332522832340065,0.24093127655663676,0.965352175761758,0.07133129949709852,405,30,0.75,0,0.0,0.0,31.225,2740,,,,,,,,,,,,,,,,,,,,,,,,,,,
71,D,participants_only,,,30,30,0,0,22,8,0.42764161620623303,0.2651782367737936,0.965352175761758,0.08263892228030865,405,30,1.0,0,0.0,0.0,24.966666666666665,2740,,,,,,,,,,,,,,,,,,,,,,,,,,,
71,D,nonparticipants_only,,,10,0,10,0,0,0,0.2103760646749036,0.1891789592388326,0.3239470123972685,0.0020051912358085224,0,0,0.0,0,0.0,0.0,50.0,0,,,,,,,,,,,,,,,,,,,,,,,,,,,
71,D,step_totals,,,,,,,,,,,,,,,,,,,,,71.70000000000006,7.5,0.10460251046025096,,,0.0,0.0,55.0,0.767085076708507,0.007672937480678742,0.14545454545454545,0.0,0,8,25,15,15,,22,55,3.2000000000000006,0.04463040446304042,6.000000000000003,0.0836820083682008,16,30,23
72,D,all_agents,,,40,30,10,0,22,8,0.3742689169709056,0.24082481918907364,0.9667380887312877,0.0716761297989367,408,30,0.75,0,0.0,0.0,31.425,2779,,,,,,,,,,,,,,,,,,,,,,,,,,,
72,D,participants_only,,,30,30,0,0,22,8,0.42875014319496985,0.2654030505470756,0.9667380887312877,0.08304214444679012,408,30,1.0,0,0.0,0.0,25.233333333333334,2779,,,,,,,,,,,,,,,,,,,,,,,,,,,
72,D,nonparticipants_only,,,10,0,10,0,0,0,0.21082523829871297,0.19014199303141333,0.3223272773352821,0.0019596377248445097,0,0,0.0,0,0.0,0.0,50.0,0,,,,,,,,,,,,,,,,,,,,,,,,,,,
72,D,step_totals,,,,,,,,,,,,,,,,,,,,,70.30000000000007,12.5,0.17780938833570395,,,0.0,0.0,47.0,0.6685633001422469,0.006532442795695259,0.06382978723404255,0.0,0,3,17,47,25,,30,47,4.800000000000002,0.06827880512091034,6.000000000000003,0.08534850640113793,24,30,33
73,D,all_agents,,,40,30,10,0,22,8,0.37526758887281664,0.24099546958464568,0.9680685651820362,0.0724933311475084,412,30,0.75,0,0.0,0.0,31.225,2825,,,,,,,,,,,,,,,,,,,,,,,,,,,
73,D,participants_only,,,30,30,0,0,22,8,0.4299330282798573,0.2654271034402873,0.9680685651820362,0.08406575139378539,412,30,1.0,0,0.0,0.0,24.966666666666665,2825,,,,,,,,,,,,,,,,,,,,,,,,,,,
73,D,nonparticipants_only,,,10,0,10,0,0,0,0.21127127065169476,0.19162769830975274,0.3207156409486057,0.0019163472218994807,0,0,0.0,0,0.0,0.0,50.0,0,,,,,,,,,,,,,,,,,,,,,,,,,,,
73,D,step_totals,,,,,,,,,,,,,,,,,,,,,71.70000000000006,7.5,0.10460251046025096,,,0.0,0.0,55.0,0.767085076708507,0.006332367524303055,0.07272727272727272,0.0,0,4,25,15,15,,22,55,3.2000000000000006,0.04463040446304042,6.000000000000003,0.0836820083682008,16,30,23
74,D,all_agents,,,40,30,10,0,22,8,0.37608565718100834,0.24083003148560325,0.9693458225747548,0.07285074741927308,421,30,0.75,0,0.0,0.0,31.425,2865,,,,,,,,,,,,,,,,,,,,,,,,,,,
74,D,participants_only,,,30,30,0,0,22,8,0.4308760318033041,0.2640999679230859,0.9693458225747548,0.0845016862842393,421,30,1.0,0,0.0,0.0,25.233333333333334,2865,,,,,,,,,,,,,,,,,,,,,,,,,,,
74,D,nonparticipants_only,,,10,0,10,0,0,0,0.21171453331412116,0.19284273756493323,0.31911206274386267,0.0018741090093563212,0,0,0.0,0,0.0,0.0,50.0,0,,,,,,,,,,,,,,,,,,,,,,,,,,,
74,D,step_totals,,,,,,,,,,,,,,,,,,,,,69.80000000000007,12.0,0.1719197707736388,,,0.0,0.0,47.0,0.6733524355300853,0.006177999403259611,0.19148936170212766,0.0,0,9,17,47,24,,30,47,4.800000000000002,0.06876790830945555,6.000000000000003,0.08595988538681944,24,30,33
75,D,all_agents,,,40,30,10,0,22,8,0.37712813124663663,0.2399497442134631,0.9705719896717646,0.07368152450460706,428,30,0.75,0,0.0,0.0,31.225,2913,,,,,,,,,,,,,,,,,,,,,,,,,,,
75,D,participants_only,,,30,30,0,0,22,8,0.4321190478312364,0.26358223038078077,0.9705719896717646,0.08553547845584335,428,30,1.0,0,0.0,0.0,24.966666666666665,2913,,,,,,,,,,,,,,,,,,,,,,,,,,,
75,D,nonparticipants_only,,,10,0,10,0,0,0,0.21215538149283739,0.19308634522312607,0.31751650243014334,0.0018316517691253497,0,0,0.0,0,0.0,0.0,50.0,0,,,,,,,,,,,,,,,,,,,,,,,,,,,
75,D,step_totals,,,,,,,,,,,,,,,,,,,,,71.50000000000004,7.5,0.10489510489510483,,,0.0,0.0,55.0,0.7692307692307687,0.0065046036658502285,0.12727272727272726,0.0,0,7,25,15,15,,22,55,3.0000000000000004,0.04195804195804194,6.000000000000003,0.0839160839160839,15,30,23
76,D,all_agents,,,40,30,10,0,22,8,0.37801667664911276,0.23995209502200507,0.9717491100848941,0.07403544699382353,434,30,0.75,0,0.0,0.0,31.425,2955,,,,,,,,,,,,,,,,,,,,,,,,,,,
76,D,participants_only,,,30,30,0,0,22,8,0.4331578469592059,0.26226431922887683,0.9717491100848941,0.08595459080910023,434,30,1.0,0,0.0,0.0,25.233333333333334,2955,,,,,,,,,,,,,,,,,,,,,,,,,,,
76,D,nonparticipants_only,,,10,0,10,0,0,0,0.21259316571883344,0.19287917133511492,0.3159289199179926,0.0017914315899931102,0,0,0.0,0,0.0,0.0,50.0,0,,,,,,,,,,,,,,,,,,,,,,,,,,,
76,D,step_totals,,,,,,,,,,,,,,,,,,,,,69.80000000000007,12.0,0.1719197707736388,,,0.0,0.0,47.0,0.6733524355300853,0.006433870146507228,0.1276595744680851,0.0,0,6,17,47,24,,30,47,4.800000000000002,0.06876790830945555,6.000000000000003,0.08595988538681944,24,30,33
77,D,all_agents,,,40,30,10,0,22,8,0.37923445271765815,0.23888046947311684,0.9728791456814982,0.07492688202576454,443,30,0.75,0,0.0,0.0,31.225,3008,,,,,,,,,,,,,,,,,,,,,,,,,,,
77,D,participants_only,,,30,30,0,0,22,8,0.4346366519459824,0.2616895950890371,0.9728791456814982,0.08704037391334597,443,30,1.0,0,0.0,0.0,24.966666666666665,3008,,,,,,,,,,,,,,,,,,,,,,,,,,,
77,D,nonparticipants_only,,,10,0,10,0,0,0,0.2130278550326854,0.19355800487203384,0.3143492753184026,0.0017535622110010788,0,0,0.0,0,0.0,0.0,50.0,0,,,,,,,,,,,,,,,,,,,,,,,,,,,
77,D,step_totals,,,,,,,,,,,,,,,,,,,,,71.70000000000005,7.5,0.10460251046025099,,,0.0,0.0,55.0,0.7670850767085072,0.007081442642006399,0.16363636363636364,0.0,0,9,25,15,15,,22,55,3.2000000000000006,0.044630404463040424,6.000000000000003,0.08368200836820082,16,30,23
78,D,all_agents,,,40,30,10,0,22,8,0.3802960572138914,0.23876273146246252,0.9739639798542383,0.07528541685479825,447,30,0.75,0,0.0,0.0,31.425,3053,,,,,,,,,,,,,,,,,,,,,,,,,,,
78,D,participants_only,,,30,30,0,0,22,8,0.4359080853989156,0.26038114711359195,0.9739639798542383,0.08743768714976956,447,30,1.0,0,0.0,0.0,25.233333333333334,3053,,,,,,,,,,,,,,,,,,,,,,,,,,,
78,D,nonparticipants_only,,,10,0,10,0,0,0,0.21345997265881872,0.19476882598675727,0.3127775289418106,0.0017162338236612075,0,0,0.0,0,0.0,0.0,50.0,0,,,,,,,,,,,,,,,,,,,,,,,,,,,
78,D,step_totals,,,,,,,,,,,,,,,,,,,,,69.80000000000007,12.0,0.1719197707736388,,,0.0,0.0,47.0,0.6733524355300853,0.0070449272967437445,0.0851063829787234,0.0,0,4,17,47,24,,30,47,4.800000000000002,0.06876790830945555,6.000000000000003,0.08595988538681944,24,30,33
79,D,all_agents,,,40,30,10,0,22,8,0.3812654995722289,0.23828624242955143,0.9750054206600688,0.07605080171494183,450,30,0.75,0,0.0,0.0,31.225,3100,,,,,,,,,,,,,,,,,,,,,,,,,,,
79,D,participants_only,,,30,30,0,0,22,8,0.4370574927139016,0.25907924137802396,0.9750054206600688,0.08839026385046712,450,30,1.0,0,0.0,0.0,24.966666666666665,3100,,,,,,,,,,,,,,,,,,,,,,,,,,,
79,D,nonparticipants_only,,,10,0,10,0,0,0,0.21388952014721088,0.19633874550368158,0.31121364129710155,0.0016794573237205695,0,0,0.0,0,0.0,0.0,50.0,0,,,,,,,,,,,,,,,,,,,,,,,,,,,
79,D,step_totals,,,,,,,,,,,,,,,,,,,,,71.50000000000006,7.5,0.10489510489510481,,,0.0,0.0,55.0,0.7692307692307686,0.006279831875112493,0.05454545454545454,0.0,0,3,25,15,15,,22,55,3.0000000000000004,0.04195804195804193,6.000000000000003,0.08391608391608389,15,30,22
80,D,all_agents,,,40,30,10,0,22,8,0.38210959414936496,0.23748349986228234,0.9760052038336661,0.07639685135116654,455,30,0.75,0,0.0,0.0,31.425,3143,,,,,,,,,,,,,,,,,,,,,,,,,,,
80,D,participants_only,,,30,30,0,0,22,8,0.4380405828754775,0.25778384517113384,0.9760052038336661,0.08880176288189588,455,30,1.0,0,0.0,0.0,25.233333333333334,3143,,,,,,,,,,,,,,,,,,,,,,,,,,,
80,D,nonparticipants_only,,,10,0,10,0,0,0,0.2143166279710274,0.19677570969570007,0.30965757309061603,0.001642810760412247,0,0,0.0,0,0.0,0.0,50.0,0,,,,,,,,,,,,,,,,,,,,,,,,,,,
80,D,step_totals,,,,,,,,,,,,,,,,,,,,,69.80000000000008,12.0,0.17191977077363876,,,0.0,0.0,47.0,0.6733524355300852,0.0063093433856143515,0.10638297872340426,0.0,0,5,17,47,24,,30,47,4.800000000000002,0.06876790830945553,6.000000000000003,0.08595988538681942,24,30,33
80,D,reachability,0.25,0.0,,,,,,,,,,,,,,,,,,,,,,,,,,,,,,,,,,,,,,,,,,,,,
81,D,all_agents,,,40,30,10,0,22,8,0.38327660889904064,0.2366490208893139,0.9769649956803195,0.07726802283116246,461,30,0.75,0,0.0,0.0,31.225,3197,,,,,,,,,,,,,,,,,,,,,,,,,,,
81,D,participants_only,,,30,30,0,0,22,8,0.43945513578601764,0.2564949259452782,0.9769649956803195,0.08986414197605871,461,30,1.0,0,0.0,0.0,24.966666666666665,3197,,,,,,,,,,,,,,,,,,,,,,,,,,,
81,D,nonparticipants_only,,,10,0,10,0,0,0,0.2147410282381094,0.19681067038077857,0.30810928522516295,0.0016073427981840433,0,0,0.0,0,0.0,0.0,50.0,0,,,,,,,,,,,,,,,,,,,,,,,,,,,
81,D,step_totals,,,,,,,,,,,,,,,,,,,,,71.50000000000007,7.5,0.10489510489510478,,,0.0,0.0,55.0,0.7692307692307685,0.006951941045734449,0.10909090909090909,0.0,0,6,25,13,15,,21,55,3.0000000000000004,0.041958041958041925,6.000000000000003,0.08391608391608386,15,30,22
82,D,all_agents,,,40,30,10,0,22,8,0.38423883771722334,0.23583141997987306,0.9778863958531067,0.07758009832097497,467,30,0.75,0,0.0,0.0,31.425,3241,,,,,,,,,,,,,,,,,,,,,,,,,,,
82,D,participants_only,,,30,30,0,0,22,8,0.4405976597799143,0.2552124513155518,0.9778863958531067,0.09021009390795239,467,30,1.0,0,0.0,0.0,25.233333333333334,3241,,,,,,,,,,,,,,,,,,,,,,,,,,,
82,D,nonparticipants_only,,,10,0,10,0,0,0,0.2151623715291504,0.19691910233979865,0.3065687387990371,0.0015743096685139585,0,0,0.0,0,0.0,0.0,50.0,0,,,,,,,,,,,,,,,,,,,,,,,,,,,
82,D,step_totals,,,,,,,,,,,,,,,,,,,,,69.80000000000007,12.0,0.1719197707736388,,,0.0,0.0,47.0,0.6733524355300853,0.006730761321917471,0.1276595744680851,0.0,0,6,17,47,24,,29,47,4.800000000000002,0.06876790830945555,6.000000000000003,0.08595988538681944,24,30,31
83,D,all_agents,,,40,30,10,0,22,8,0.38533307927930704,0.23534160878301152,0.9787709400189823,0.0784025674735872,477,30,0.75,0,0.0,0.0,31.225,3294,,,,,,,,,,,,,,,,,,,,,,,,,,,
83,D,participants_only,,,30,30,0,0,22,8,0.44191705976114326,0.25393638905897403,0.9787709400189823,0.09121574519283211,477,30,1.0,0,0.0,0.0,24.966666666666665,3294,,,,,,,,,,,,,,,,,,,,,,,,,,,
83,D,nonparticipants_only,,,10,0,10,0,0,0,0.21558113783379848,0.1976697635605414,0.3050358951050419,0.0015420721498266663,0,0,0.0,0,0.0,0.0,50.0,0,,,,,,,,,,,,,,,,,,,,,,,,,,,
83,D,step_totals,,,,,,,,,,,,,,,,,,,,,71.50000000000007,7.5,0.10489510489510478,,,0.0,0.0,55.0,0.7692307692307685,0.006718584301000681,0.18181818181818182,0.0,0,10,25,12,15,,21,55,3.0000000000000004,0.041958041958041925,6.000000000000003,0.08391608391608386,15,30,21
84,D,all_agents,,,40,30,10,0,22,8,0.3860592567749705,0.2356936053716393,0.9796201024182231,0.07865165110787659,486,30,0.75,0,0.0,0.0,31.425,3334,,,,,,,,,,,,,,,,,,,,,,,,,,,
84,D,participants_only,,,30,30,0,0,22,8,0.4427465429307151,0.25266670711367917,0.9796201024182231,0.09151161331136866,486,30,1.0,0,0.0,0.0,25.233333333333334,3334,,,,,,,,,,,,,,,,,,,,,,,,,,,
84,D,nonparticipants_only,,,10,0,10,0,0,0,0.21599739830773662,0.19922840791458807,0.3035107156295167,0.001510383556961053,0,0,0.0,0,0.0,0.0,50.0,0,,,,,,,,,,,,,,,,,,,,,,,,,,,
84,D,step_totals,,,,,,,,,,,,,,,,,,,,,69.80000000000007,12.0,0.1719197707736388,,,0.0,0.0,47.0,0.6733524355300853,0.005934902650027433,0.19148936170212766,0.0,0,9,17,46,24,,29,47,4.800000000000002,0.06876790830945555,6.000000000000003,0.08595988538681944,24,30,31
85,D,all_agents,,,40,30,10,0,22,8,0.3870273810802258,0.2357595161670432,0.9804352983214941,0.07944663285509707,491,30,0.75,0,0.0,0.0,31.225,3386,,,,,,,,,,,,,,,,,,,,,,,,,,,
85,D,participants_only,,,30,30,0,0,22,8,0.44389938135667345,0.25140337357811077,0.9804352983214941,0.09249832351487836,491,30,1.0,0,0.0,0.0,24.966666666666665,3386,,,,,,,,,,,,,,,,,,,,,,,,,,,
85,D,nonparticipants_only,,,10,0,10,0,0,0,0.2164113802508827,0.20057226754582994,0.3019931620513691,0.0014784678904220328,0,0,0.0,0,0.0,0.0,50.0,0,,,,,,,,,,,,,,,,,,,,,,,,,,,
85,D,step_totals,,,,,,,,,,,,,,,,,,,,,71.50000000000006,7.5,0.10489510489510481,,,0.0,0.0,55.0,0.7692307692307686,0.006302837934189413,0.09090909090909091,0.0,0,5,25,12,15,,21,55,3.0000000000000004,0.04195804195804193,6.000000000000003,0.08391608391608389,15,30,20
86,D,all_agents,,,40,30,10,0,22,8,0.38769811174571644,0.2351636045315239,0.9812178863886344,0.07971468776907857,495,30,0.75,0,0.0,0.0,31.425,3427,,,,,,,,,,,,,,,,,,,,,,,,,,,
86,D,participants_only,,,30,30,0,0,22,8,0.44465661643665416,0.25014635671022023,0.9812178863886344,0.09282644155529272,495,30,1.0,0,0.0,0.0,25.233333333333334,3427,,,,,,,,,,,,,,,,,,,,,,,,,,,
86,D,nonparticipants_only,,,10,0,10,0,0,0,0.21682259767290327,0.20042823107166985,0.30048319624111225,0.0014481713309051948,0,0,0.0,0,0.0,0.0,50.0,0,,,,,,,,,,,,,,,,,,,,,,,,,,,
86,D,step_totals,,,,,,,,,,,,,,,,,,,,,69.30000000000008,11.5,0.16594516594516576,,,0.0,0.0,47.0,0.6782106782106774,0.005815630688657491,0.0851063829787234,0.0,0,4,17,45,23,,29,47,4.800000000000002,0.06926406926406921,6.000000000000003,0.08658008658008652,24,30,31
87,D,all_agents,,,40,30,10,0,22,8,0.3886551091614807,0.23459435314939697,0.981969170933089,0.08051896781001089,501,30,0.75,0,0.0,0.0,31.225,3480,,,,,,,,,,,,,,,,,,,,,,,,,,,
87,D,participants_only,,,30,30,0,0,22,8,0.44579646055133737,0.2488956249266691,0.981969170933089,0.0938249359980838,501,30,1.0,0,0.0,0.0,24.966666666666665,3480,,,,,,,,,,,,,,,,,,,,,,,,,,,
87,D,nonparticipants_only,,,10,0,10,0,0,0,0.2172310549919109,0.20023413661488532,0.2989807802599067,0.0014194547818833648,0,0,0.0,0,0.0,0.0,50.0,0,,,,,,,,,,,,,,,,,,,,,,,,,,,
87,D,step_totals,,,,,,,,,,,,,,,,,,,,,71.50000000000006,7.5,0.10489510489510481,,,0.0,0.0,55.0,0.7692307692307686,0.006271930144669396,0.10909090909090909,0.0,0,6,25,12,15,,20,55,3.0000000000000004,0.04195804195804193,6.000000000000003,0.08391608391608389,15,30,19
88,D,all_agents,,,40,30,10,0,22,8,0.38951094986904594,0.23414271829460254,0.9826904040957655,0.08081242226185312,506,30,0.75,0,0.0,0.0,31.425,3524,,,,,,,,,,,,,,,,,,,,,,,,,,,
88,D,participants_only,,,30,30,0,0,22,8,0.44680227989950644,0.24765114680203576,0.9826904040957655,0.09415682270431568,506,30,1.0,0,0.0,0.0,25.233333333333334,3524,,,,,,,,,,,,,,,,,,,,,,,,,,,
88,D,nonparticipants_only,,,10,0,10,0,0,0,0.21763695977766456,0.20087011360918844,0.2974858763586072,0.0013916629745557307,0,0,0.0,0,0.0,0.0,50.0,0,,,,,,,,,,,,,,,,,,,,,,,,,,,
88,D,step_totals,,,,,,,,,,,,,,,,,,,,,69.30000000000007,11.5,0.16594516594516578,,,0.0,0.0,47.0,0.6782106782106776,0.006468562438322712,0.10638297872340426,0.0,0,5,17,45,23,,29,47,4.800000000000002,0.06926406926406922,6.000000000000003,0.08658008658008653,24,30,30
89,D,all_agents,,,40,30,10,0,22,8,0.39031406641824823,0.2346469166265491,0.9833827879319349,0.08154838069820043,516,30,0.75,0,0.0,0.0,31.225,3574,,,,,,,,,,,,,,,,,,,,,,,,,,,
89,D,participants_only,,,30,30,0,0,22,8,0.4477386371202737,0.24641289106802555,0.9833827879319349,0.09508596032761937,516,30,1.0,0,0.0,0.0,24.966666666666665,3574,,,,,,,,,,,,,,,,,,,,,,,,,,,
89,D,nonparticipants_only,,,10,0,10,0,0,0,0.2180403543121721,0.20105251114825745,0.29616201412176385,0.0013646659662006307,0,0,0.0,0,0.0,0.0,50.0,0,,,,,,,,,,,,,,,,,,,,,,,,,,,
89,D,step_totals,,,,,,,,,,,,,,,,,,,,,71.50000000000006,7.5,0.10489510489510481,,,0.0,0.0,55.0,0.7692307692307686,0.0057657398317139605,0.18181818181818182,0.0,0,10,25,12,15,,20,55,3.0000000000000004,0.04195804195804193,6.000000000000003,0.08391608391608389,15,30,19
90,D,all_agents,,,40,30,10,0,22,8,0.3909915165282551,0.23412981552924528,0.9840474764146575,0.08182996975479709,523,30,0.75,0,0.0,0.0,31.425,3618,,,,,,,,,,,,,,,,,,,,,,,,,,,
90,D,participants_only,,,30,30,0,0,22,8,0.44850817354360756,0.24602766082930275,0.9840474764146575,0.09542816207100153,523,30,1.0,0,0.0,0.0,25.233333333333334,3618,,,,,,,,,,,,,,,,,,,,,,,,,,,
90,D,nonparticipants_only,,,10,0,10,0,0,0,0.2184415454821975,0.20273626269709855,0.2965450007291244,0.0013374027955233019,0,0,0.0,0,0.0,0.0,50.0,0,,,,,,,,,,,,,,,,,,,,,,,,,,,
90,D,step_totals,,,,,,,,,,,,,,,,,,,,,69.50000000000006,11.5,0.16546762589928043,,,0.0,0.0,47.0,0.6762589928057549,0.005844182817471813,0.14893617021276595,0.0,0,7,17,45,23,,29,47,5.000000000000002,0.07194244604316544,6.000000000000003,0.08633093525179852,25,30,30
90,D,reachability,0.25,0.0,,,,,,,,,,,,,,,,,,,,,,,,,,,,,,,,,,,,,,,,,,,,,
91,D,all_agents,,,40,30,10,0,22,8,0.39181139610480664,0.23326880831290175,0.9846855773580712,0.08257390957779745,533,30,0.75,0,0.0,0.0,31.225,3669,,,,,,,,,,,,,,,,,,,,,,,,,,,
91,D,participants_only,,,30,30,0,0,22,8,0.4494684530679718,0.24479752252515624,0.9846855773580712,0.09636417179132388,533,30,1.0,0,0.0,0.0,24.966666666666665,3669,,,,,,,,,,,,,,,,,,,,,,,,,,,
91,D,nonparticipants_only,,,10,0,10,0,0,0,0.2188402252153113,0.20355202529654878,0.29533779390818216,0.0013110883253741445,0,0,0.0,0,0.0,0.0,50.0,0,,,,,,,,,,,,,,,,,,,,,,,,,,,
91,D,step_totals,,,,,,,,,,,,,,,,,,,,,71.50000000000004,7.5,0.10489510489510483,,,0.0,0.0,55.0,0.7692307692307687,0.005829261222856051,0.18181818181818182,0.0,0,10,25,12,15,,20,55,3.0000000000000004,0.04195804195804194,6.000000000000003,0.0839160839160839,15,30,19
92,D,all_agents,,,40,30,10,0,22,8,0.3925297577083911,0.23254828902287455,0.9852981542637483,0.08283274122390197,542,30,0.75,0,0.0,0.0,31.425,3711,,,,,,,,,,,,,,,,,,,,,,,,,,,
92,D,participants_only,,,30,30,0,0,22,8,0.45029429764023976,0.24452913929409525,0.9852981542637483,0.09666781171878953,542,30,1.0,0,0.0,0.0,25.233333333333334,3711,,,,,,,,,,,,,,,,,,,,,,,,,,,
92,D,nonparticipants_only,,,10,0,10,0,0,0,0.21923613791284532,0.20341295861863837,0.29514681197933934,0.001286624856781689,0,0,0.0,0,0.0,0.0,50.0,0,,,,,,,,,,,,,,,,,,,,,,,,,,,
92,D,step_totals,,,,,,,,,,,,,,,,,,,,,69.30000000000008,11.5,0.16594516594516576,,,0.0,0.0,47.0,0.6782106782106774,0.006013541017440101,0.19148936170212766,0.0,0,9,17,45,23,,29,47,4.800000000000002,0.06926406926406921,6.000000000000003,0.08658008658008652,24,30,30
93,D,all_agents,,,40,30,10,0,22,8,0.393401527978244,0.23244463979113933,0.9858862280931984,0.0836068514900527,548,30,0.75,0,0.0,0.0,31.225,3765,,,,,,,,,,,,,,,,,,,,,,,,,,,
93,D,participants_only,,,30,30,0,0,22,8,0.45132546882061303,0.2433064935976248,0.9858862280931984,0.09763422700397974,548,30,1.0,0,0.0,0.0,24.966666666666665,3765,,,,,,,,,,,,,,,,,,,,,,,,,,,
93,D,nonparticipants_only,,,10,0,10,0,0,0,0.21962970545113678,0.20322556114544105,0.2954797707752843,0.0012625298757483472,0,0,0.0,0,0.0,0.0,50.0,0,,,,,,,,,,,,,,,,,,,,,,,,,,,
93,D,step_totals,,,,,,,,,,,,,,,,,,,,,71.50000000000007,7.5,0.10489510489510478,,,0.0,0.0,55.0,0.7692307692307685,0.0060132547316647965,0.10909090909090909,0.0,0,6,25,12,15,,20,55,3.0000000000000004,0.041958041958041925,6.000000000000003,0.08391608391608386,15,30,19
94,D,all_agents,,,40,30,10,0,22,8,0.39408593186558233,0.2325992708469487,0.9860273658122664,0.08386089555055068,552,30,0.75,0,0.0,0.0,31.425,3809,,,,,,,,,,,,,,,,,,,,,,,,,,,
94,D,participants_only,,,30,30,0,0,22,8,0.45210760815761714,0.2426886427261161,0.9860273658122664,0.09793547477267306,552,30,1.0,0,0.0,0.0,25.233333333333334,3809,,,,,,,,,,,,,,,,,,,,,,,,,,,
94,D,nonparticipants_only,,,10,0,10,0,0,0,0.22002090298947785,0.2038395945584423,0.2950226130173154,0.001238978847331442,0,0,0.0,0,0.0,0.0,50.0,0,,,,,,,,,,,,,,,,,,,,,,,,,,,
94,D,step_totals,,,,,,,,,,,,,,,,,,,,,69.10000000000007,11.5,0.1664254703328508,,,0.0,0.0,47.0,0.6801736613603466,0.005924047391689512,0.0851063829787234,0.0,0,4,17,43,23,,28,47,4.600000000000001,0.06657018813314033,6.000000000000003,0.08683068017366131,23,30,29
95,D,all_agents,,,40,30,10,0,22,8,0.3948705977776088,0.23374220410101895,0.9865862711797757,0.08458967658562154,565,30,0.75,0,0.0,0.0,31.225,3861,,,,,,,,,,,,,,,,,,,,,,,,,,,
95,D,participants_only,,,30,30,0,0,22,8,0.45302418393517474,0.2414751995124855,0.9865862711797757,0.09885368330666987,565,30,1.0,0,0.0,0.0,24.966666666666665,3861,,,,,,,,,,,,,,,,,,,,,,,,,,,
95,D,nonparticipants_only,,,10,0,10,0,0,0,0.22040983930491106,0.20493483305385035,0.29594331864437023,0.0012155814266512602,0,0,0.0,0,0.0,0.0,50.0,0,,,,,,,,,,,,,,,,,,,,,,,,,,,
95,D,step_totals,,,,,,,,,,,,,,,,,,,,,71.50000000000007,7.5,0.10489510489510478,,,0.0,0.0,55.0,0.7692307692307685,0.005727394410315208,0.23636363636363636,0.0,0,13,25,12,15,,20,55,3.0000000000000004,0.041958041958041925,6.000000000000003,0.08391608391608386,15,30,19
96,D,all_agents,,,40,30,10,0,22,8,0.3954003716190902,0.23286310954110193,0.9871228203325847,0.08480322739689139,571,30,0.75,0,0.0,0.0,31.425,3904,,,,,,,,,,,,,,,,,,,,,,,,,,,
96,D,participants_only,,,30,30,0,0,22,8,0.45360176312106026,0.24142673991682384,0.9871228203325847,0.0991235147866835,571,30,1.0,0,0.0,0.0,25.233333333333334,3904,,,,,,,,,,,,,,,,,,,,,,,,,,,
96,D,nonparticipants_only,,,10,0,10,0,0,0,0.2207961971131799,0.2069981965306224,0.29631309078354806,0.001193541554327918,0,0,0.0,0,0.0,0.0,50.0,0,,,,,,,,,,,,,,,,,,,,,,,,,,,
96,D,step_totals,,,,,,,,,,,,,,,,,,,,,69.10000000000007,11.5,0.1664254703328508,,,0.0,0.0,47.0,0.6801736613603466,0.0053955005531715235,0.1276595744680851,0.0,0,6,17,42,23,,27,47,4.600000000000001,0.06657018813314033,6.000000000000003,0.08683068017366131,23,30,29
97,D,all_agents,,,40,30,10,0,22,8,0.39623987660514104,0.2322101004293119,0.9876379075192813,0.08556102063806545,581,30,0.75,0,0.0,0.0,31.225,3957,,,,,,,,,,,,,,,,,,,,,,,,,,,
97,D,participants_only,,,30,30,0,0,22,8,0.454593157088834,0.2405374346149513,0.9876379075192813,0.10007004015096811,581,30,1.0,0,0.0,0.0,24.966666666666665,3957,,,,,,,,,,,,,,,,,,,,,,,,,,,
97,D,nonparticipants_only,,,10,0,10,0,0,0,0.22118003515406215,0.20675014356265614,0.29514753710613273,0.001172697980854948,0,0,0.0,0,0.0,0.0,50.0,0,,,,,,,,,,,,,,,,,,,,,,,,,,,
97,D,step_totals,,,,,,,,,,,,,,,,,,,,,71.50000000000007,7.5,0.10489510489510478,,,0.0,0.0,55.0,0.7692307692307685,0.005914946627471875,0.18181818181818182,0.0,0,10,25,12,15,,20,55,3.0000000000000004,0.041958041958041925,6.000000000000003,0.08391608391608386,15,30,19
98,D,all_agents,,,40,30,10,0,22,8,0.39685264890535693,0.23147949244865018,0.98813239121851,0.08575806299873277,587,30,0.75,0,0.0,0.0,31.425,3999,,,,,,,,,,,,,,,,,,,,,,,,,,,
98,D,participants_only,,,30,30,0,0,22,8,0.4552830279152732,0.24132879255642908,0.98813239121851,0.10030347351168933,587,30,1.0,0,0.0,0.0,25.233333333333334,3999,,,,,,,,,,,,,,,,,,,,,,,,,,,
98,D,nonparticipants_only,,,10,0,10,0,0,0,0.2215615118756081,0.20678176696900263,0.29496314476703966,0.0011525211649535416,0,0,0.0,0,0.0,0.0,50.0,0,,,,,,,,,,,,,,,,,,,,,,,,,,,
98,D,step_totals,,,,,,,,,,,,,,,,,,,,,69.10000000000007,11.5,0.1664254703328508,,,0.0,0.0,47.0,0.6801736613603466,0.005693366816534726,0.1276595744680851,0.0,0,6,17,42,23,,27,47,4.600000000000001,0.06657018813314033,6.000000000000003,0.08683068017366131,23,30,29
99,D,all_agents,,,40,30,10,0,22,8,0.39754502987840634,0.23032209498640693,0.9886070955697697,0.08644660714351328,597,30,0.75,0,0.0,0.0,31.225,4051,,,,,,,,,,,,,,,,,,,,,,,,,,,
99,D,participants_only,,,30,30,0,0,22,8,0.4560797678284375,0.24085959077065533,0.9886070955697697,0.10117942573859592,597,30,1.0,0,0.0,0.0,24.966666666666665,4051,,,,,,,,,,,,,,,,,,,,,,,,,,,
99,D,nonparticipants_only,,,10,0,10,0,0,0,0.2219408160283127,0.20688141864897136,0.2952846152411201,0.0011323647957194956,0,0,0.0,0,0.0,0.0,50.0,0,,,,,,,,,,,,,,,,,,,,,,,,,,,
99,D,step_totals,,,,,,,,,,,,,,,,,,,,,71.50000000000006,7.5,0.10489510489510481,,,0.0,0.0,55.0,0.7692307692307686,0.005427748721385507,0.18181818181818182,0.0,0,10,25,12,15,,20,55,3.0000000000000004,0.04195804195804193,6.000000000000003,0.08391608391608389,15,30,19
100,D,all_agents,,,40,30,10,0,22,8,0.39808253650505065,0.22991205630137335,0.9890628117469789,0.08664769705386517,601,30,0.75,0,0.0,0.0,31.425,4095,,,,,,,,,,,,,,,,,,,,,,,,,,,
100,D,participants_only,,,30,30,0,0,22,8,0.45667071881758364,0.2420327531319417,0.9890628117469789,0.10142924892100127,601,30,1.0,0,0.0,0.0,25.233333333333334,4095,,,,,,,,,,,,,,,,,,,,,,,,,,,
100,D,nonparticipants_only,,,10,0,10,0,0,0,0.22231798956745166,0.20755886064344398,0.29484323113301536,0.0011121401722176346,0,0,0.0,0,0.0,0.0,50.0,0,,,,,,,,,,,,,,,,,,,,,,,,,,,
100,D,step_totals,,,,,,,,,,,,,,,,,,,,,69.10000000000005,11.5,0.16642547033285082,,,0.0,0.0,47.0,0.6801736613603468,0.005441268081520236,0.0851063829787234,0.0,0,4,17,42,23,,27,47,4.600000000000001,0.06657018813314035,6.000000000000003,0.08683068017366133,23,30,29
100,D,reachability,0.25,0.0,,,,,,,,,,,,,,,,,,,,,,,,,,,,,,,,,,,,,,,,,,,,,
101,D,all_agents,,,40,30,10,0,22,8,0.39877050489336135,0.22876249601986648,0.9895002992770997,0.08733846014073175,608,30,0.75,0,0.0,0.0,31.225,4148,,,,,,,,,,,,,,,,,,,,,,,,,,,
101,D,participants_only,,,30,30,0,0,22,8,0.45746315914833346,0.24082258936628198,0.9895002992770997,0.1023074276358878,608,30,1.0,0,0.0,0.0,24.966666666666665,4148,,,,,,,,,,,,,,,,,,,,,,,,,,,
101,D,nonparticipants_only,,,10,0,10,0,0,0,0.22269254212844466,0.20942003590005778,0.29573216897764515,0.0010936256933391244,0,0,0.0,0,0.0,0.0,50.0,0,,,,,,,,,,,,,,,,,,,,,,,,,,,
101,D,step_totals,,,,,,,,,,,,,,,,,,,,,71.50000000000006,7.5,0.10489510489510481,,,0.0,0.0,55.0,0.7692307692307686,0.005424389073008367,0.12727272727272726,0.0,0,7,25,12,15,,20,55,3.0000000000000004,0.04195804195804193,6.000000000000003,0.08391608391608389,15,30,20
102,D,all_agents,,,40,30,10,0,22,8,0.39944111641685737,0.2289168408268026,0.9899202873060157,0.08758156160955868,612,30,0.75,0,0.0,0.0,31.425,4195,,,,,,,,,,,,,,,,,,,,,,,,,,,
102,D,participants_only,,,30,30,0,0,22,8,0.45823328219396325,0.24171721119172312,0.9899202873060157,0.10259057118553942,612,30,1.0,0,0.0,0.0,25.233333333333334,4195,,,,,,,,,,,,,,,,,,,,,,,,,,,
102,D,nonparticipants_only,,,10,0,10,0,0,0,0.22306461908553976,0.21018429726583834,0.29608918259714073,0.0010763078004641003,0,0,0.0,0,0.0,0.0,50.0,0,,,,,,,,,,,,,,,,,,,,,,,,,,,
102,D,step_totals,,,,,,,,,,,,,,,,,,,,,69.10000000000007,11.5,0.1664254703328508,,,0.0,0.0,47.0,0.6801736613603466,0.005912239189575091,0.0851063829787234,0.0,0,4,17,42,23,,27,47,4.600000000000001,0.06657018813314033,6.000000000000003,0.08683068017366131,23,30,29
103,D,all_agents,,,40,30,10,0,22,8,0.40008947498660524,0.2277722566226686,0.990323475813775,0.08822576683929417,616,30,0.75,0,0.0,0.0,31.225,4247,,,,,,,,,,,,,,,,,,,,,,,,,,,
103,D,participants_only,,,30,30,0,0,22,8,0.4589744438856601,0.24050862513576451,0.990323475813775,0.10341158134348055,616,30,1.0,0,0.0,0.0,24.966666666666665,4247,,,,,,,,,,,,,,,,,,,,,,,,,,,
103,D,nonparticipants_only,,,10,0,10,0,0,0,0.22343456828944064,0.2100540102322504,0.2949638448742508,0.0010590485798231358,0,0,0.0,0,0.0,0.0,50.0,0,,,,,,,,,,,,,,,,,,,,,,,,,,,
103,D,step_totals,,,,,,,,,,,,,,,,,,,,,71.50000000000007,7.5,0.10489510489510478,,,0.0,0.0,55.0,0.7692307692307685,0.005299482390936002,0.07272727272727272,0.0,0,4,25,12,15,,20,55,3.0000000000000004,0.041958041958041925,6.000000000000003,0.08391608391608386,15,30,20
104,D,all_agents,,,40,30,10,0,22,8,0.40068755447843624,0.22792159225049372,0.990710536781224,0.0884345673544509,626,30,0.75,0,0.0,0.0,31.425,4292,,,,,,,,,,,,,,,,,,,,,,,,,,,
104,D,participants_only,,,30,30,0,0,22,8,0.4596493050826312,0.2406223495639059,0.990710536781224,0.10365940537132341,626,30,1.0,0,0.0,0.0,25.233333333333334,4292,,,,,,,,,,,,,,,,,,,,,,,,,,,
104,D,nonparticipants_only,,,10,0,10,0,0,0,0.22380230266585152,0.20987844365331415,0.29478581475945287,0.001042196892098027,0,0,0.0,0,0.0,0.0,50.0,0,,,,,,,,,,,,,,,,,,,,,,,,,,,
104,D,step_totals,,,,,,,,,,,,,,,,,,,,,69.10000000000007,11.5,0.1664254703328508,,,0.0,0.0,47.0,0.6801736613603466,0.00566861537971842,0.2127659574468085,0.0,0,10,17,42,23,,27,47,4.600000000000001,0.06657018813314033,6.000000000000003,0.08683068017366131,23,30,29
105,D,all_agents,,,40,30,10,0,22,8,0.40130859510811995,0.22678198428924123,0.991082115309975,0.08909510878098212,633,30,0.75,0,0.0,0.0,31.225,4345,,,,,,,,,,,,,,,,,,,,,,,,,,,
105,D,participants_only,,,30,30,0,0,22,8,0.4603554351466329,0.23984679523180863,0.991082115309975,0.10450574170828572,633,30,1.0,0,0.0,0.0,24.966666666666665,4345,,,,,,,,,,,,,,,,,,,,,,,,,,,
105,D,nonparticipants_only,,,10,0,10,0,0,0,0.22416807499258098,0.21045371152557435,0.29509619330167525,0.0010248581766664528,0,0,0.0,0,0.0,0.0,50.0,0,,,,,,,,,,,,,,,,,,,,,,,,,,,
105,D,step_totals,,,,,,,,,,,,,,,,,,,,,71.50000000000006,7.5,0.10489510489510481,,,0.0,0.0,55.0,0.7692307692307686,0.005215268993670519,0.12727272727272726,0.0,0,7,25,12,15,,20,55,3.0000000000000004,0.04195804195804193,6.000000000000003,0.08391608391608389,15,30,20
106,D,all_agents,,,40,30,10,0,22,8,0.4019114325985886,0.2262850158825781,0.991438830697576,0.08931612125989566,639,30,0.75,0,0.0,0.0,31.425,4390,,,,,,,,,,,,,,,,,,,,,,,,,,,
106,D,participants_only,,,30,30,0,0,22,8,0.4610380590507941,0.23936826348216858,0.991438830697576,0.10476823649932078,639,30,1.0,0,0.0,0.0,25.233333333333334,4390,,,,,,,,,,,,,,,,,,,,,,,,,,,
106,D,nonparticipants_only,,,10,0,10,0,0,0,0.22453155324197205,0.21147980474058575,0.294670038593609,0.0010082800741964969,0,0,0.0,0,0.0,0.0,50.0,0,,,,,,,,,,,,,,,,,,,,,,,,,,,
106,D,step_totals,,,,,,,,,,,,,,,,,,,,,69.10000000000007,11.5,0.1664254703328508,,,0.0,0.0,47.0,0.6801736613603466,0.005693243940311963,0.1276595744680851,0.0,0,6,17,42,23,,27,47,4.600000000000001,0.06657018813314033,6.000000000000003,0.08683068017366131,23,30,29
107,D,all_agents,,,40,30,10,0,22,8,0.4025219585633523,0.22515359080316522,0.9917812774696729,0.08997705877322675,647,30,0.75,0,0.0,0.0,31.225,4442,,,,,,,,,,,,,,,,,,,,,,,,,,,
107,D,participants_only,,,30,30,0,0,22,8,0.4617317537073544,0.2390000738904008,0.9917812774696729,0.10561519388981874,647,30,1.0,0,0.0,0.0,24.966666666666665,4442,,,,,,,,,,,,,,,,,,,,,,,,,,,
107,D,nonparticipants_only,,,10,0,10,0,0,0,0.22489257313134595,0.213412902666284,0.2955283047629413,0.0009930553315143592,0,0,0.0,0,0.0,0.0,50.0,0,,,,,,,,,,,,,,,,,,,,,,,,,,,
107,D,step_totals,,,,,,,,,,,,,,,,,,,,,71.50000000000006,7.5,0.10489510489510481,,,0.0,0.0,55.0,0.7692307692307686,0.005187215072450036,0.14545454545454545,0.0,0,8,25,12,15,,20,55,3.0000000000000004,0.04195804195804193,6.000000000000003,0.08391608391608389,15,30,20
108,D,all_agents,,,40,30,10,0,22,8,0.40305214032909364,0.2252182210537674,0.992110026370886,0.09016417067735472,652,30,0.75,0,0.0,0.0,31.425,4486,,,,,,,,,,,,,,,,,,,,,,,,,,,
108,D,participants_only,,,30,30,0,0,22,8,0.46231910874870813,0.23884481596245472,0.992110026370886,0.10584230732814837,652,30,1.0,0,0.0,0.0,25.233333333333334,4486,,,,,,,,,,,,,,,,,,,,,,,,,,,
108,D,nonparticipants_only,,,10,0,10,0,0,0,0.22525123507025008,0.21318050993313886,0.2958730000793294,0.0009788781771547163,0,0,0.0,0,0.0,0.0,50.0,0,,,,,,,,,,,,,,,,,,,,,,,,,,,
108,D,step_totals,,,,,,,,,,,,,,,,,,,,,69.10000000000007,11.5,0.1664254703328508,,,0.0,0.0,47.0,0.6801736613603466,0.005449399221774269,0.10638297872340426,0.0,0,5,17,42,23,,27,47,4.600000000000001,0.06657018813314033,6.000000000000003,0.08683068017366131,23,30,29
109,D,all_agents,,,40,30,10,0,22,8,0.40367177245598135,0.2244426244456903,0.9921889261071771,0.09081010631899047,659,30,0.75,0,0.0,0.0,31.225,4539,,,,,,,,,,,,,,,,,,,,,,,,,,,
109,D,participants_only,,,30,30,0,0,22,8,0.4630263722265369,0.23841887798002054,0.9921889261071771,0.10666683726635698,659,30,1.0,0,0.0,0.0,24.966666666666665,4539,,,,,,,,,,,,,,,,,,,,,,,,,,,
109,D,nonparticipants_only,,,10,0,10,0,0,0,0.22560797314431472,0.21321013687085488,0.2947864907103508,0.0009642913098169626,0,0,0.0,0,0.0,0.0,50.0,0,,,,,,,,,,,,,,,,,,,,,,,,,,,
109,D,step_totals,,,,,,,,,,,,,,,,,,,,,71.50000000000006,7.5,0.10489510489510481,,,0.0,0.0,55.0,0.7692307692307686,0.005224127283573065,0.12727272727272726,0.0,0,7,25,12,15,,20,55,3.0000000000000004,0.04195804195804193,6.000000000000003,0.08391608391608389,15,30,20
110,D,all_agents,,,40,30,10,0,22,8,0.4041993917361325,0.22538247908774206,0.99250136906289,0.0909954870551932,666,30,0.75,0,0.0,0.0,31.425,4585,,,,,,,,,,,,,,,,,,,,,,,,,,,
110,D,participants_only,,,30,30,0,0,22,8,0.46361164075598466,0.23735797554191163,0.99250136906289,0.10689144799246504,666,30,1.0,0,0.0,0.0,25.233333333333334,4585,,,,,,,,,,,,,,,,,,,,,,,,,,,
110,D,nonparticipants_only,,,10,0,10,0,0,0,0.225962644676576,0.21342627703000244,0.29461460329935074,0.0009498202402145999,0,0,0.0,0,0.0,0.0,50.0,0,,,,,,,,,,,,,,,,,,,,,,,,,,,
110,D,step_totals,,,,,,,,,,,,,,,,,,,,,69.10000000000007,11.5,0.1664254703328508,,,0.0,0.0,47.0,0.6801736613603466,0.0054490228441091805,0.14893617021276595,0.0,0,7,17,42,23,,27,47,4.600000000000001,0.06657018813314033,6.000000000000003,0.08683068017366131,23,30,29
110,D,reachability,0.25,0.0,,,,,,,,,,,,,,,,,,,,,,,,,,,,,,,,,,,,,,,,,,,,,
111,D,all_agents,,,40,30,10,0,22,8,0.4047740948248413,0.22463860719655665,0.9928013143003744,0.09162608597327475,679,30,0.75,0,0.0,0.0,31.225,4639,,,,,,,,,,,,,,,,,,,,,,,,,,,
111,D,participants_only,,,30,30,0,0,22,8,0.4642603226700269,0.23697366699779637,0.9928013143003744,0.1077020347044205,679,30,1.0,0,0.0,0.0,24.966666666666665,4639,,,,,,,,,,,,,,,,,,,,,,,,,,,
111,D,nonparticipants_only,,,10,0,10,0,0,0,0.22631541128928434,0.21393878448109555,0.29491427262278586,0.0009349041408454528,0,0,0.0,0,0.0,0.0,50.0,0,,,,,,,,,,,,,,,,,,,,,,,,,,,
111,D,step_totals,,,,,,,,,,,,,,,,,,,,,71.50000000000007,7.5,0.10489510489510478,,,0.0,0.0,55.0,0.7692307692307685,0.005079779152666336,0.23636363636363636,0.0,0,13,25,12,15,,20,55,3.0000000000000004,0.041958041958041925,6.000000000000003,0.08391608391608386,15,30,20
112,D,all_agents,,,40,30,10,0,22,8,0.40521339004511747,0.22568400795478527,0.9928733011573707,0.09175585304478945,686,30,0.75,0,0.0,0.0,31.425,4681,,,,,,,,,,,,,,,,,,,,,,,,,,,
112,D,participants_only,,,30,30,0,0,22,8,0.464729156845039,0.23685485028666023,0.9928733011573707,0.10786586790375369,686,30,1.0,0,0.0,0.0,25.233333333333334,4681,,,,,,,,,,,,,,,,,,,,,,,,,,,
112,D,nonparticipants_only,,,10,0,10,0,0,0,0.22666608964535293,0.21568245885956694,0.294502821843584,0.0009202904945050835,0,0,0.0,0,0.0,0.0,50.0,0,,,,,,,,,,,,,,,,,,,,,,,,,,,
112,D,step_totals,,,,,,,,,,,,,,,,,,,,,69.10000000000008,11.5,0.16642547033285074,,,0.0,0.0,47.0,0.6801736613603465,0.005149861237171119,0.14893617021276595,0.0,0,7,17,42,23,,26,47,4.600000000000001,0.06657018813314032,6.000000000000003,0.0868306801736613,23,30,28
113,D,all_agents,,,40,30,10,0,22,8,0.40579652470573513,0.22532164759073944,0.9931583691110759,0.09239709056037836,698,30,0.75,0,0.0,0.0,31.225,4736,,,,,,,,,,,,,,,,,,,,,,,,,,,
113,D,participants_only,,,30,30,0,0,22,8,0.4653906407856669,0.2363150890522357,0.9931583691110759,0.10868770939877313,698,30,1.0,0,0.0,0.0,24.966666666666665,4736,,,,,,,,,,,,,,,,,,,,,,,,,,,
113,D,nonparticipants_only,,,10,0,10,0,0,0,0.2270141764659396,0.2163984703997115,0.2953314746249572,0.0009077299890133171,0,0,0.0,0,0.0,0.0,50.0,0,,,,,,,,,,,,,,,,,,,,,,,,,,,
113,D,step_totals,,,,,,,,,,,,,,,,,,,,,71.50000000000006,7.5,0.10489510489510481,,,0.0,0.0,55.0,0.7692307692307686,0.005112745880383709,0.21818181818181817,0.0,0,12,25,12,15,,20,55,3.0000000000000004,0.04195804195804193,6.000000000000003,0.08391608391608389,15,30,20
114,D,all_agents,,,40,30,10,0,22,8,0.40624979178208576,0.22550100010068894,0.9934320343466329,0.09255827930307522,709,30,0.75,0,0.0,0.0,31.425,4782,,,,,,,,,,,,,,,,,,,,,,,,,,,
114,D,participants_only,,,30,30,0,0,22,8,0.4658796787899914,0.2357643166410413,0.9934320343466329,0.10888958819410148,709,30,1.0,0,0.0,0.0,25.233333333333334,4782,,,,,,,,,,,,,,,,,,,,,,,,,,,
114,D,nonparticipants_only,,,10,0,10,0,0,0,0.22736013075836864,0.21627163176588224,0.29566427666569645,0.0008956715350892296,0,0,0.0,0,0.0,0.0,50.0,0,,,,,,,,,,,,,,,,,,,,,,,,,,,
114,D,step_totals,,,,,,,,,,,,,,,,,,,,,69.10000000000007,11.5,0.1664254703328508,,,0.0,0.0,47.0,0.6801736613603466,0.005205868783336308,0.23404255319148937,0.0,0,11,17,42,23,,26,47,4.600000000000001,0.06657018813314033,6.000000000000003,0.08683068017366131,23,30,28
115,D,all_agents,,,40,30,10,0,22,8,0.40677936359634775,0.22499329457401562,0.9936947529727675,0.0931665226318976,717,30,0.75,0,0.0,0.0,31.225,4836,,,,,,,,,,,,,,,,,,,,,,,,,,,
115,D,participants_only,,,30,30,0,0,22,8,0.4664710646551343,0.23609220710479084,0.9936947529727675,0.10967527480544174,717,30,1.0,0,0.0,0.0,24.966666666666665,4836,,,,,,,,,,,,,,,,,,,,,,,,,,,
115,D,nonparticipants_only,,,10,0,10,0,0,0,0.22770426041998798,0.2161166792061477,0.29461525592741833,0.0008830760077667023,0,0,0.0,0,0.0,0.0,50.0,0,,,,,,,,,,,,,,,,,,,,,,,,,,,
115,D,step_totals,,,,,,,,,,,,,,,,,,,,,71.50000000000007,7.5,0.10489510489510478,,,0.0,0.0,55.0,0.7692307692307685,0.004938531097382523,0.14545454545454545,0.0,0,8,25,12,15,,20,55,3.0000000000000004,0.041958041958041925,6.000000000000003,0.08391608391608386,15,30,20
116,D,all_agents,,,40,30,10,0,22,8,0.40726167435951416,0.22564776307850792,0.9939469628538569,0.09333046907463585,725,30,0.75,0,0.0,0.0,31.425,4882,,,,,,,,,,,,,,,,,,,,,,,,,,,
116,D,participants_only,,,30,30,0,0,22,8,0.4670000819640801,0.23561674645945682,0.9939469628538569,0.10987578616058977,725,30,1.0,0,0.0,0.0,25.233333333333334,4882,,,,,,,,,,,,,,,,,,,,,,,,,,,
116,D,nonparticipants_only,,,10,0,10,0,0,0,0.22804645154581654,0.21665087583021955,0.2944492992739957,0.0008703896992230492,0,0,0.0,0,0.0,0.0,50.0,0,,,,,,,,,,,,,,,,,,,,,,,,,,,
116,D,step_totals,,,,,,,,,,,,,,,,,,,,,69.10000000000007,11.5,0.1664254703328508,,,0.0,0.0,47.0,0.6801736613603466,0.005319908478505045,0.1702127659574468,0.0,0,8,17,42,23,,26,47,4.600000000000001,0.06657018813314033,6.000000000000003,0.08683068017366131,23,30,28
117,D,all_agents,,,40,30,10,0,22,8,0.40778396247526827,0.2255905371250377,0.9941890843397025,0.09394541963736264,737,30,0.75,0,0.0,0.0,31.225,4936,,,,,,,,,,,,,,,,,,,,,,,,,,,
117,D,participants_only,,,30,30,0,0,22,8,0.46758301515573114,0.23552496411384088,0.9941890843397025,0.11067109531948549,737,30,1.0,0,0.0,0.0,24.966666666666665,4936,,,,,,,,,,,,,,,,,,,,,,,,,,,
117,D,nonparticipants_only,,,10,0,10,0,0,0,0.22838680443387957,0.21761218908784036,0.2947386288866845,0.0008572721732247718,0,0,0.0,0,0.0,0.0,50.0,0,,,,,,,,,,,,,,,,,,,,,,,,,,,
117,D,step_totals,,,,,,,,,,,,,,,,,,,,,71.50000000000004,7.5,0.10489510489510483,,,0.0,0.0,55.0,0.7692307692307687,0.00491886685219343,0.21818181818181817,0.0,0,12,25,12,15,,20,55,3.0000000000000004,0.04195804195804194,6.000000000000003,0.0839160839160839,15,30,19
118,D,all_agents,,,40,30,10,0,22,8,0.4082050648867911,0.22589674703991208,0.9944215209661145,0.09408010432785206,743,30,0.75,0,0.0,0.0,31.425,4982,,,,,,,,,,,,,,,,,,,,,,,,,,,
118,D,participants_only,,,30,30,0,0,22,8,0.46803177998232753,0.2359067005206886,0.9944215209661145,0.1108414613523659,743,30,1.0,0,0.0,0.0,25.233333333333334,4982,,,,,,,,,,,,,,,,,,,,,,,,,,,
118,D,nonparticipants_only,,,10,0,10,0,0,0,0.22872491960018185,0.21942324546855363,0.29434137469589067,0.0008452031848407266,0,0,0.0,0,0.0,0.0,50.0,0,,,,,,,,,,,,,,,,,,,,,,,,,,,
118,D,step_totals,,,,,,,,,,,,,,,,,,,,,69.10000000000007,11.5,0.1664254703328508,,,0.0,0.0,47.0,0.6801736613603466,0.005112815152512038,0.1276595744680851,0.0,0,6,17,42,23,,26,47,4.600000000000001,0.06657018813314033,6.000000000000003,0.08683068017366131,23,30,28
119,D,all_agents,,,40,30,10,0,22,8,0.40866831770459683,0.22602421512804305,0.9946446601274699,0.09466443527351627,753,30,0.75,0,0.0,0.0,31.225,5036,,,,,,,,,,,,,,,,,,,,,,,,,,,
119,D,participants_only,,,30,30,0,0,22,8,0.4685375327906485,0.235525602614908,0.9946446601274699,0.11160374766981379,753,30,1.0,0,0.0,0.0,24.966666666666665,5036,,,,,,,,,,,,,,,,,,,,,,,,,,,
119,D,nonparticipants_only,,,10,0,10,0,0,0,0.2290606724464417,0.21920552429850904,0.29514143586177777,0.000834623104384669,0,0,0.0,0,0.0,0.0,50.0,0,,,,,,,,,,,,,,,,,,,,,,,,,,,
119,D,step_totals,,,,,,,,,,,,,,,,,,,,,71.50000000000006,7.5,0.10489510489510481,,,0.0,0.0,55.0,0.7692307692307686,0.004723785018540425,0.18181818181818182,0.0,0,10,25,12,15,,20,55,3.0000000000000004,0.04195804195804193,6.000000000000003,0.08391608391608389,15,30,19
120,D,all_agents,,,40,30,10,0,22,8,0.40903454909224485,0.2265293843434174,0.9948588737223711,0.09476951515466836,760,30,0.75,0,0.0,0.0,31.425,5080,,,,,,,,,,,,,,,,,,,,,,,,,,,
120,D,participants_only,,,30,30,0,0,22,8,0.46891459937985913,0.2355604066548559,0.9948588737223711,0.11174207475614335,760,30,1.0,0,0.0,0.0,25.233333333333334,5080,,,,,,,,,,,,,,,,,,,,,,,,,,,
120,D,nonparticipants_only,,,10,0,10,0,0,0,0.22939439822940205,0.21923328080989848,0.2954627549892926,0.0008243912808767957,0,0,0.0,0,0.0,0.0,50.0,0,,,,,,,,,,,,,,,,,,,,,,,,,,,
120,D,step_totals,,,,,,,,,,,,,,,,,,,,,69.10000000000005,11.5,0.16642547033285082,,,0.0,0.0,47.0,0.6801736613603468,0.004926364635039008,0.14893617021276595,0.0,0,7,17,42,23,,26,47,4.600000000000001,0.06657018813314035,6.000000000000003,0.08683068017366133,23,30,28
120,D,reachability,0.25,0.0,,,,,,,,,,,,,,,,,,,,,,,,,,,,,,,,,,,,,,,,,,,,,
121,D,all_agents,,,40,30,10,0,22,8,0.4095029042377144,0.22589094763420714,0.9950645187734763,0.09536421618465453,767,30,0.75,0,0.0,0.0,31.225,5135,,,,,,,,,,,,,,,,,,,,,,,,,,,
121,D,participants_only,,,30,30,0,0,22,8,0.4694283998620534,0.23566315489027737,0.9950645187734763,0.1125168796393286,767,30,1.0,0,0.0,0.0,24.966666666666665,5135,,,,,,,,,,,,,,,,,,,,,,,,,,,
121,D,nonparticipants_only,,,10,0,10,0,0,0,0.2297264173646973,0.21952538903937796,0.29444992938395786,0.0008134455107601348,0,0,0.0,0,0.0,0.0,50.0,0,,,,,,,,,,,,,,,,,,,,,,,,,,,
121,D,step_totals,,,,,,,,,,,,,,,,,,,,,71.50000000000006,7.5,0.10489510489510481,,,0.0,0.0,55.0,0.7692307692307686,0.00474408945455998,0.12727272727272726,0.0,0,7,25,12,15,,20,55,3.0000000000000004,0.04195804195804193,6.000000000000003,0.08391608391608389,15,30,19
122,D,all_agents,,,40,30,10,0,22,8,0.40991196514834555,0.225841405860935,0.9952619380225373,0.09550399585319784,776,30,0.75,0,0.0,0.0,31.425,5182,,,,,,,,,,,,,,,,,,,,,,,,,,,
122,D,participants_only,,,30,30,0,0,22,8,0.4698637649368467,0.23513619926465706,0.9952619380225373,0.11269431825412728,776,30,1.0,0,0.0,0.0,25.233333333333334,5182,,,,,,,,,,,,,,,,,,,,,,,,,,,
122,D,nonparticipants_only,,,10,0,10,0,0,0,0.23005656578284217,0.22022025170532633,0.2942896988548284,0.0008024090758432291,0,0,0.0,0,0.0,0.0,50.0,0,,,,,,,,,,,,,,,,,,,,,,,,,,,
122,D,step_totals,,,,,,,,,,,,,,,,,,,,,69.10000000000007,11.5,0.1664254703328508,,,0.0,0.0,47.0,0.6801736613603466,0.005080458703971998,0.19148936170212766,0.0,0,9,17,42,23,,26,47,4.600000000000001,0.06657018813314033,6.000000000000003,0.08683068017366131,23,30,28
123,D,all_agents,,,40,30,10,0,22,8,0.41029527227089396,0.2256859057731217,0.9954514605016358,0.09604656999749848,789,30,0.75,0,0.0,0.0,31.225,5235,,,,,,,,,,,,,,,,,,,,,,,,,,,
123,D,participants_only,,,30,30,0,0,22,8,0.47026539477213464,0.23545010973943886,0.9954514605016358,0.11341274051059728,789,30,1.0,0,0.0,0.0,24.966666666666665,5235,,,,,,,,,,,,,,,,,,,,,,,,,,,
123,D,nonparticipants_only,,,10,0,10,0,0,0,0.23038490476717183,0.22127215937359232,0.29456904551540425,0.0007910713444362696,0,0,0.0,0,0.0,0.0,50.0,0,,,,,,,,,,,,,,,,,,,,,,,,,,,
123,D,step_totals,,,,,,,,,,,,,,,,,,,,,71.50000000000006,7.5,0.10489510489510481,,,0.0,0.0,55.0,0.7692307692307686,0.00446272484044809,0.23636363636363636,0.0,0,13,25,12,15,,20,55,3.0000000000000004,0.04195804195804193,6.000000000000003,0.08391608391608389,15,30,19
124,D,all_agents,,,40,30,10,0,22,8,0.41058613155382606,0.22659219365503247,0.9956334020815704,0.09610930844768295,797,30,0.75,0,0.0,0.0,31.425,5279,,,,,,,,,,,,,,,,,,,,,,,,,,,
124,D,participants_only,,,30,30,0,0,22,8,0.4705444667388283,0.23499514202805555,0.9956334020815704,0.11350554008879853,797,30,1.0,0,0.0,0.0,25.233333333333334,5279,,,,,,,,,,,,,,,,,,,,,,,,,,,
124,D,nonparticipants_only,,,10,0,10,0,0,0,0.2307111259988193,0.22213865439019062,0.2941854980777025,0.0007805900264512775,0,0,0.0,0,0.0,0.0,50.0,0,,,,,,,,,,,,,,,,,,,,,,,,,,,
124,D,step_totals,,,,,,,,,,,,,,,,,,,,,69.10000000000007,11.5,0.1664254703328508,,,0.0,0.0,47.0,0.6801736613603466,0.004679354604714448,0.1702127659574468,0.0,0,8,17,42,23,,26,47,4.600000000000001,0.06657018813314033,6.000000000000003,0.08683068017366131,23,30,29
125,D,all_agents,,,40,30,10,0,22,8,0.41097640380629236,0.22647103759132567,0.9958080659983075,0.09665863451568435,804,30,0.75,0,0.0,0.0,31.225,5333,,,,,,,,,,,,,,,,,,,,,,,,,,,
125,D,participants_only,,,30,30,0,0,22,8,0.4709568002183985,0.2349079017681139,0.9958080659983075,0.11423058320388783,804,30,1.0,0,0.0,0.0,24.966666666666665,5333,,,,,,,,,,,,,,,,,,,,,,,,,,,
125,D,nonparticipants_only,,,10,0,10,0,0,0,0.23103521456997408,0.22206973448666706,0.2949579541456106,0.0007710130060331962,0,0,0.0,0,0.0,0.0,50.0,0,,,,,,,,,,,,,,,,,,,,,,,,,,,
125,D,step_totals,,,,,,,,,,,,,,,,,,,,,71.50000000000006,7.5,0.10489510489510481,,,0.0,0.0,55.0,0.7692307692307686,0.004488810739990708,0.12727272727272726,0.0,0,7,25,12,15,,20,55,3.0000000000000004,0.04195804195804193,6.000000000000003,0.08391608391608389,15,30,19
126,D,all_agents,,,40,30,10,0,22,8,0.411276247307977,0.22774138140063127,0.9959757433583752,0.09673233674722358,810,30,0.75,0,0.0,0.0,31.425,5378,,,,,,,,,,,,,,,,,,,,,,,,,,,
126,D,participants_only,,,30,30,0,0,22,8,0.47124922212108783,0.23527229909447364,0.9959757433583752,0.11433546842574895,810,30,1.0,0,0.0,0.0,25.233333333333334,5378,,,,,,,,,,,,,,,,,,,,,,,,,,,
126,D,nonparticipants_only,,,10,0,10,0,0,0,0.2313573228686446,0.22253407831455016,0.295268186563289,0.0007618492164391897,0,0,0.0,0,0.0,0.0,50.0,0,,,,,,,,,,,,,,,,,,,,,,,,,,,
126,D,step_totals,,,,,,,,,,,,,,,,,,,,,69.10000000000007,11.5,0.1664254703328508,,,0.0,0.0,47.0,0.6801736613603466,0.0047151560080691945,0.1276595744680851,0.0,0,6,17,42,23,,26,47,4.600000000000001,0.06657018813314033,6.000000000000003,0.08683068017366131,23,30,29
127,D,all_agents,,,40,30,10,0,22,8,0.4116785455110798,0.2274872212153765,0.9961367136240402,0.0972918843976063,818,30,0.75,0,0.0,0.0,31.225,5433,,,,,,,,,,,,,,,,,,,,,,,,,,,
127,D,participants_only,,,30,30,0,0,22,8,0.4716788236832096,0.23490851208921756,0.9961367136240402,0.11507162992828086,818,30,1.0,0,0.0,0.0,24.966666666666665,5433,,,,,,,,,,,,,,,,,,,,,,,,,,,
127,D,nonparticipants_only,,,10,0,10,0,0,0,0.2316777109946903,0.22269845424735585,0.2942903072236438,0.0007522472367871008,0,0,0.0,0,0.0,0.0,50.0,0,,,,,,,,,,,,,,,,,,,,,,,,,,,
127,D,step_totals,,,,,,,,,,,,,,,,,,,,,71.50000000000006,7.5,0.10489510489510481,,,0.0,0.0,55.0,0.7692307692307686,0.004532420291168326,0.14545454545454545,0.0,0,8,25,12,15,,19,55,3.0000000000000004,0.04195804195804193,6.000000000000003,0.08391608391608389,15,30,19
128,D,all_agents,,,40,30,10,0,22,8,0.41193679817716294,0.2275331277418137,0.9962912450790786,0.09733526022521156,823,30,0.75,0,0.0,0.0,31.425,5477,,,,,,,,,,,,,,,,,,,,,,,,,,,
128,D,participants_only,,,30,30,0,0,22,8,0.4719169757017202,0.23506442620914061,0.9962912450790786,0.11514231120087819,823,30,1.0,0,0.0,0.0,25.233333333333334,5477,,,,,,,,,,,,,,,,,,,,,,,,,,,
128,D,nonparticipants_only,,,10,0,10,0,0,0,0.23199626560349115,0.2226086689318158,0.29413560524613563,0.000742646947682893,0,0,0.0,0,0.0,0.0,50.0,0,,,,,,,,,,,,,,,,,,,,,,,,,,,
128,D,step_totals,,,,,,,,,,,,,,,,,,,,,69.10000000000007,11.5,0.1664254703328508,,,0.0,0.0,47.0,0.6801736613603466,0.004575849715961882,0.10638297872340426,0.0,0,5,17,42,23,,26,47,4.600000000000001,0.06657018813314033,6.000000000000003,0.08683068017366131,23,30,29
129,D,all_agents,,,40,30,10,0,22,8,0.4123008304717069,0.2277496479703937,0.9964395952759155,0.0978672495082681,830,30,0.75,0,0.0,0.0,31.225,5531,,,,,,,,,,,,,,,,,,,,,,,,,,,
129,D,participants_only,,,30,30,0,0,22,8,0.47229675589314235,0.23503999355548347,0.9964395952759155,0.11584734972148297,830,30,1.0,0,0.0,0.0,24.966666666666665,5531,,,,,,,,,,,,,,,,,,,,,,,,,,,
129,D,nonparticipants_only,,,10,0,10,0,0,0,0.23231305420740073,0.22392821096252544,0.2944053134037269,0.0007328160625302397,0,0,0.0,0,0.0,0.0,50.0,0,,,,,,,,,,,,,,,,,,,,,,,,,,,
129,D,step_totals,,,,,,,,,,,,,,,,,,,,,71.50000000000006,7.5,0.10489510489510481,,,0.0,0.0,55.0,0.7692307692307686,0.004406790387640775,0.12727272727272726,0.0,0,7,25,12,15,,19,55,3.0000000000000004,0.04195804195804193,6.000000000000003,0.08391608391608389,15,30,19
130,D,all_agents,,,40,30,10,0,22,8,0.4126502631058242,0.22864941616092865,0.9965820114648789,0.09796527460067839,837,30,0.75,0,0.0,0.0,31.425,5578,,,,,,,,,,,,,,,,,,,,,,,,,,,
130,D,participants_only,,,30,30,0,0,22,8,0.47265770351133596,0.23453580357209347,0.9965820114648789,0.11597569596347118,837,30,1.0,0,0.0,0.0,25.233333333333334,5578,,,,,,,,,,,,,,,,,,,,,,,,,,,
130,D,nonparticipants_only,,,10,0,10,0,0,0,0.23262794188928868,0.2245341083865407,0.2940349997849489,0.0007232956640473327,0,0,0.0,0,0.0,0.0,50.0,0,,,,,,,,,,,,,,,,,,,,,,,,,,,
130,D,step_totals,,,,,,,,,,,,,,,,,,,,,69.10000000000008,11.5,0.16642547033285074,,,0.0,0.0,47.0,0.6801736613603465,0.004897225949390483,0.14893617021276595,0.0,0,7,17,42,23,,26,47,4.600000000000001,0.06657018813314032,6.000000000000003,0.0868306801736613,23,30,29
130,D,reachability,0.25,0.0,,,,,,,,,,,,,,,,,,,,,,,,,,,,,,,,,,,,,,,,,,,,,
131,D,all_agents,,,40,30,10,0,22,8,0.4130135286341329,0.22850768980886604,0.9967187310062837,0.09850210381266666,843,30,0.75,0,0.0,0.0,31.225,5633,,,,,,,,,,,,,,,,,,,,,,,,,,,
131,D,participants_only,,,30,30,0,0,22,8,0.4730377888341765,0.2348363510585646,0.9967187310062837,0.11668625023313875,843,30,1.0,0,0.0,0.0,24.966666666666665,5633,,,,,,,,,,,,,,,,,,,,,,,,,,,
131,D,nonparticipants_only,,,10,0,10,0,0,0,0.23294074803400194,0.22505716443115426,0.29478080323384703,0.0007147228004998743,0,0,0.0,0,0.0,0.0,50.0,0,,,,,,,,,,,,,,,,,,,,,,,,,,,
131,D,step_totals,,,,,,,,,,,,,,,,,,,,,71.50000000000006,7.5,0.10489510489510481,,,0.0,0.0,55.0,0.7692307692307686,0.004408324193432321,0.10909090909090909,0.0,0,6,25,12,15,,19,55,3.0000000000000004,0.04195804195804193,6.000000000000003,0.08391608391608389,15,30,19
132,D,all_agents,,,40,30,10,0,22,8,0.4133449981331303,0.22889581973565448,0.9968499817660323,0.09859069326950001,846,30,0.75,0,0.0,0.0,31.425,5680,,,,,,,,,,,,,,,,,,,,,,,,,,,
132,D,participants_only,,,30,30,0,0,22,8,0.47337614018683843,0.23440097183451603,0.9968499817660323,0.11680370835497626,846,30,1.0,0,0.0,0.0,25.233333333333334,5680,,,,,,,,,,,,,,,,,,,,,,,,,,,
132,D,nonparticipants_only,,,10,0,10,0,0,0,0.23325157197200613,0.224885010766863,0.2950803314745807,0.0007067918178015447,0,0,0.0,0,0.0,0.0,50.0,0,,,,,,,,,,,,,,,,,,,,,,,,,,,
132,D,step_totals,,,,,,,,,,,,,,,,,,,,,69.10000000000007,11.5,0.1664254703328508,,,0.0,0.0,47.0,0.6801736613603466,0.004839770161520519,0.06382978723404255,0.0,0,3,17,42,23,,26,47,4.600000000000001,0.06657018813314033,6.000000000000003,0.08683068017366131,23,30,29
133,D,all_agents,,,40,30,10,0,22,8,0.4136891453911192,0.22946418443116656,0.9969074368552189,0.09911546482505255,856,30,0.75,0,0.0,0.0,31.225,5734,,,,,,,,,,,,,,,,,,,,,,,,,,,
133,D,participants_only,,,30,30,0,0,22,8,0.47373195766937437,0.23431807319729747,0.9969074368552189,0.1175005543002116,856,30,1.0,0,0.0,0.0,24.966666666666665,5734,,,,,,,,,,,,,,,,,,,,,,,,,,,
133,D,nonparticipants_only,,,10,0,10,0,0,0,0.23356070855635364,0.22489076969424307,0.294136192623955,0.0006985247241939333,0,0,0.0,0,0.0,0.0,50.0,0,,,,,,,,,,,,,,,,,,,,,,,,,,,
133,D,step_totals,,,,,,,,,,,,,,,,,,,,,71.50000000000006,7.5,0.10489510489510481,,,0.0,0.0,55.0,0.7692307692307686,0.004348108519937552,0.18181818181818182,0.0,0,10,25,12,15,,19,55,3.0000000000000004,0.04195804195804193,6.000000000000003,0.08391608391608389,15,30,19
134,D,all_agents,,,40,30,10,0,22,8,0.41400348043310725,0.22915307445498542,0.9970311393810101,0.0991951176181823,863,30,0.75,0,0.0,0.0,31.425,5781,,,,,,,,,,,,,,,,,,,,,,,,,,,
134,D,participants_only,,,30,30,0,0,22,8,0.4740486217610281,0.23466589669585142,0.9970311393810101,0.11760837534918123,863,30,1.0,0,0.0,0.0,25.233333333333334,5781,,,,,,,,,,,,,,,,,,,,,,,,,,,
134,D,nonparticipants_only,,,10,0,10,0,0,0,0.23386805644934475,0.22480408230738427,0.2939868284423913,0.0006903164601056788,0,0,0.0,0,0.0,0.0,50.0,0,,,,,,,,,,,,,,,,,,,,,,,,,,,
134,D,step_totals,,,,,,,,,,,,,,,,,,,,,69.10000000000005,11.5,0.16642547033285082,,,0.0,0.0,47.0,0.6801736613603468,0.004784645049606339,0.14893617021276595,0.0,0,7,17,42,23,,26,47,4.600000000000001,0.06657018813314035,6.000000000000003,0.08683068017366133,23,30,29
135,D,all_agents,,,40,30,10,0,22,8,0.41430633722436905,0.22979180898000173,0.9971498938057697,0.09968987632723557,871,30,0.75,0,0.0,0.0,31.225,5835,,,,,,,,,,,,,,,,,,,,,,,,,,,
135,D,participants_only,,,30,30,0,0,22,8,0.47435050337542156,0.23431865658214798,0.9971498938057697,0.11827149818421073,871,30,1.0,0,0.0,0.0,24.966666666666665,5835,,,,,,,,,,,,,,,,,,,,,,,,,,,
135,D,nonparticipants_only,,,10,0,10,0,0,0,0.23417383877121162,0.22607809521032435,0.2942472306613451,0.0006813880910077292,0,0,0.0,0,0.0,0.0,50.0,0,,,,,,,,,,,,,,,,,,,,,,,,,,,
135,D,step_totals,,,,,,,,,,,,,,,,,,,,,71.50000000000006,7.5,0.10489510489510481,,,0.0,0.0,55.0,0.7692307692307686,0.004213360040758059,0.14545454545454545,0.0,0,8,25,12,15,,19,55,3.0000000000000004,0.04195804195804193,6.000000000000003,0.08391608391608389,15,30,19
136,D,all_agents,,,40,30,10,0,22,8,0.4146044467831801,0.22981998519161304,0.9972638980535389,0.09976119906874392,874,30,0.75,0,0.0,0.0,31.425,5882,,,,,,,,,,,,,,,,,,,,,,,,,,,
136,D,participants_only,,,30,30,0,0,22,8,0.4746466743885588,0.23454900410889412,0.9972638980535389,0.11837037864853144,874,30,1.0,0,0.0,0.0,25.233333333333334,5882,,,,,,,,,,,,,,,,,,,,,,,,,,,
136,D,nonparticipants_only,,,10,0,10,0,0,0,0.23447776396704395,0.2266630869105421,0.29388969424531763,0.0006728311795881779,0,0,0.0,0,0.0,0.0,50.0,0,,,,,,,,,,,,,,,,,,,,,,,,,,,
136,D,step_totals,,,,,,,,,,,,,,,,,,,,,69.10000000000007,11.5,0.1664254703328508,,,0.0,0.0,47.0,0.6801736613603466,0.004731861145056644,0.06382978723404255,0.0,0,3,17,42,23,,26,47,4.600000000000001,0.06657018813314033,6.000000000000003,0.08683068017366131,23,30,29
137,D,all_agents,,,40,30,10,0,22,8,0.41489033408479403,0.23049805511228566,0.9973733421313973,0.10024508173611191,887,30,0.75,0,0.0,0.0,31.225,5935,,,,,,,,,,,,,,,,,,,,,,,,,,,
137,D,participants_only,,,30,30,0,0,22,8,0.47492724168927886,0.23444433517179697,0.9973733421313973,0.11902057983555549,887,30,1.0,0,0.0,0.0,24.966666666666665,5935,,,,,,,,,,,,,,,,,,,,,,,,,,,
137,D,nonparticipants_only,,,10,0,10,0,0,0,0.23477961127133926,0.22716809556831108,0.29460976469009337,0.0006654241412676562,0,0,0.0,0,0.0,0.0,50.0,0,,,,,,,,,,,,,,,,,,,,,,,,,,,
137,D,step_totals,,,,,,,,,,,,,,,,,,,,,71.50000000000006,7.5,0.10489510489510481,,,0.0,0.0,55.0,0.7692307692307686,0.004159648378750061,0.23636363636363636,0.0,0,13,25,12,15,,19,55,3.0000000000000004,0.04195804195804193,6.000000000000003,0.08391608391608389,15,30,19
138,D,all_agents,,,40,30,10,0,22,8,0.4151729576078699,0.2302283438459099,0.9974784084461414,0.10030855670344782,894,30,0.75,0,0.0,0.0,31.425,5982,,,,,,,,,,,,,,,,,,,,,,,,,,,
138,D,participants_only,,,30,30,0,0,22,8,0.47520410380440076,0.23396190607904205,0.9974784084461414,0.11911021457716088,894,30,1.0,0,0.0,0.0,25.233333333333334,5982,,,,,,,,,,,,,,,,,,,,,,,,,,,
138,D,nonparticipants_only,,,10,0,10,0,0,0,0.2350795190182773,0.22700188184833014,0.2948989580879606,0.0006587209182774835,0,0,0.0,0,0.0,0.0,50.0,0,,,,,,,,,,,,,,,,,,,,,,,,,,,
138,D,step_totals,,,,,,,,,,,,,,,,,,,,,69.10000000000008,11.5,0.16642547033285074,,,0.0,0.0,47.0,0.6801736613603465,0.00468113024790001,0.14893617021276595,0.0,0,7,17,42,23,,26,47,4.600000000000001,0.06657018813314032,6.000000000000003,0.0868306801736613,23,30,29
139,D,all_agents,,,40,30,10,0,22,8,0.4154685718243585,0.23045842093226954,0.9975792721082958,0.10080196282236671,900,30,0.75,0,0.0,0.0,31.225,6037,,,,,,,,,,,,,,,,,,,,,,,,,,,
139,D,participants_only,,,30,30,0,0,22,8,0.4754988217276629,0.23419270625800082,0.9975792721082958,0.11977089335715833,900,30,1.0,0,0.0,0.0,24.966666666666665,6037,,,,,,,,,,,,,,,,,,,,,,,,,,,
139,D,nonparticipants_only,,,10,0,10,0,0,0,0.23537782211444516,0.22700744207120938,0.29398739555348247,0.0006516003765536526,0,0,0.0,0,0.0,0.0,50.0,0,,,,,,,,,,,,,,,,,,,,,,,,,,,
139,D,step_totals,,,,,,,,,,,,,,,,,,,,,71.50000000000006,7.5,0.10489510489510481,,,0.0,0.0,55.0,0.7692307692307686,0.004195669605196608,0.10909090909090909,0.0,0,6,25,12,15,,19,55,3.0000000000000004,0.04195804195804193,6.000000000000003,0.08391608391608389,15,30,19
140,D,all_agents,,,40,30,10,0,22,8,0.41573631141260464,0.2306354898803636,0.997676101223964,0.10085559049634314,905,30,0.75,0,0.0,0.0,31.425,6083,,,,,,,,,,,,,,,,,,,,,,,,,,,
140,D,participants_only,,,30,30,0,0,22,8,0.4757568934310178,0.23377633586246807,0.997676101223964,0.11984959192559932,905,30,1.0,0,0.0,0.0,25.233333333333334,6083,,,,,,,,,,,,,,,,,,,,,,,,,,,
140,D,nonparticipants_only,,,10,0,10,0,0,0,0.23567456535736525,0.2269237457229234,0.2938431849939698,0.0006439430186259079,0,0,0.0,0,0.0,0.0,50.0,0,,,,,,,,,,,,,,,,,,,,,,,,,,,
140,D,step_totals,,,,,,,,,,,,,,,,,,,,,69.10000000000007,11.5,0.1664254703328508,,,0.0,0.0,47.0,0.6801736613603466,0.004633958810335916,0.10638297872340426,0.0,0,5,17,42,23,,26,47,4.600000000000001,0.06657018813314033,6.000000000000003,0.08683068017366131,23,30,29
140,D,reachability,0.25,0.0,,,,,,,,,,,,,,,,,,,,,,,,,,,,,,,,,,,,,,,,,,,,,
141,D,all_agents,,,40,30,10,0,22,8,0.4159745909541306,0.23028230794401167,0.9977690571750054,0.10130260346345614,913,30,0.75,0,0.0,0.0,31.225,6134,,,,,,,,,,,,,,,,,,,,,,,,,,,
141,D,participants_only,,,30,30,0,0,22,8,0.47597618892310367,0.23266385995542643,0.9977690571750054,0.12045750806108055,913,30,1.0,0,0.0,0.0,24.966666666666665,6134,,,,,,,,,,,,,,,,,,,,,,,,,,,
141,D,nonparticipants_only,,,10,0,10,0,0,0,0.23596979704721135,0.22815380042302633,0.29409460236392104,0.0006355885646196375,0,0,0.0,0,0.0,0.0,50.0,0,,,,,,,,,,,,,,,,,,,,,,,,,,,
141,D,step_totals,,,,,,,,,,,,,,,,,,,,,71.50000000000006,7.5,0.10489510489510481,,,0.0,0.0,55.0,0.7692307692307686,0.0040066328507432835,0.14545454545454545,0.0,0,8,25,12,15,,19,55,3.0000000000000004,0.04195804195804193,6.000000000000003,0.08391608391608389,15,30,19
142,D,all_agents,,,40,30,10,0,22,8,0.4162285273345157,0.23122389044610078,0.9978582948880051,0.1013485631584313,922,30,0.75,0,0.0,0.0,31.425,6180,,,,,,,,,,,,,,,,,,,,,,,,,,,
142,D,participants_only,,,30,30,0,0,22,8,0.4762169578830855,0.23263827530464898,0.9978582948880051,0.12052777402268582,922,30,1.0,0,0.0,0.0,25.233333333333334,6180,,,,,,,,,,,,,,,,,,,,,,,,,,,
142,D,nonparticipants_only,,,10,0,10,0,0,0,0.2362632356888064,0.22871860772498812,0.29374940228943397,0.0006275889695007815,0,0,0.0,0,0.0,0.0,50.0,0,,,,,,,,,,,,,,,,,,,,,,,,,,,
142,D,step_totals,,,,,,,,,,,,,,,,,,,,,69.10000000000007,11.5,0.1664254703328508,,,0.0,0.0,47.0,0.6801736613603466,0.004588742958149279,0.19148936170212766,0.0,0,9,17,42,23,,26,47,4.600000000000001,0.06657018813314033,6.000000000000003,0.08683068017366131,23,30,29
143,D,all_agents,,,40,30,10,0,22,8,0.41647661222458066,0.23053349582320565,0.9979439630924849,0.1018060831829815,934,30,0.75,0,0.0,0.0,31.225,6233,,,,,,,,,,,,,,,,,,,,,,,,,,,
143,D,participants_only,,,30,30,0,0,22,8,0.47645059358814684,0.23291582631206803,0.9979439630924849,0.12114703178648684,934,30,1.0,0,0.0,0.0,24.966666666666665,6233,,,,,,,,,,,,,,,,,,,,,,,,,,,
143,D,nonparticipants_only,,,10,0,10,0,0,0,0.2365546681338821,0.229206191698155,0.2944446276148271,0.0006206960852968641,0,0,0.0,0,0.0,0.0,50.0,0,,,,,,,,,,,,,,,,,,,,,,,,,,,
143,D,step_totals,,,,,,,,,,,,,,,,,,,,,71.50000000000006,7.5,0.10489510489510481,,,0.0,0.0,55.0,0.7692307692307686,0.0040420292493250345,0.21818181818181817,0.0,0,12,25,12,15,,19,55,3.0000000000000004,0.04195804195804193,6.000000000000003,0.08391608391608389,15,30,19
144,D,all_agents,,,40,30,10,0,22,8,0.4167175337902114,0.23109709975232037,0.9980262045687855,0.10184550854144905,939,30,0.75,0,0.0,0.0,31.425,6280,,,,,,,,,,,,,,,,,,,,,,,,,,,
144,D,participants_only,,,30,30,0,0,22,8,0.47667530240575773,0.23222666313848894,0.9980262045687855,0.12120944884628905,939,30,1.0,0,0.0,0.0,25.233333333333334,6280,,,,,,,,,,,,,,,,,,,,,,,,,,,
144,D,nonparticipants_only,,,10,0,10,0,0,0,0.2368442279435725,0.22904571297222354,0.29472384276050145,0.0006144794186643791,0,0,0.0,0,0.0,0.0,50.0,0,,,,,,,,,,,,,,,,,,,,,,,,,,,
144,D,step_totals,,,,,,,,,,,,,,,,,,,,,69.10000000000007,11.5,0.1664254703328508,,,0.0,0.0,47.0,0.6801736613603466,0.004545782810049527,0.10638297872340426,0.0,0,5,17,42,23,,26,47,4.600000000000001,0.06657018813314033,6.000000000000003,0.08683068017366131,23,30,29
145,D,all_agents,,,40,30,10,0,22,8,0.4169517918341964,0.23044497709509248,0.9981051563860341,0.10229356124326067,953,30,0.75,0,0.0,0.0,31.225,6333,,,,,,,,,,,,,,,,,,,,,,,,,,,
145,D,participants_only,,,30,30,0,0,22,8,0.47689164295594966,0.2328046513958839,0.9981051563860341,0.12181765301303252,953,30,1.0,0,0.0,0.0,24.966666666666665,6333,,,,,,,,,,,,,,,,,,,,,,,,,,,
145,D,nonparticipants_only,,,10,0,10,0,0,0,0.2371322384689367,0.22905108134664925,0.2938437325376104,0.0006078569039698043,0,0,0.0,0,0.0,0.0,50.0,0,,,,,,,,,,,,,,,,,,,,,,,,,,,
145,D,step_totals,,,,,,,,,,,,,,,,,,,,,71.50000000000006,7.5,0.10489510489510481,,,0.0,0.0,55.0,0.7692307692307686,0.003998330002593616,0.2545454545454545,0.0,0,14,25,12,15,,19,55,3.0000000000000004,0.04195804195804193,6.000000000000003,0.08391608391608389,15,30,19
146,D,all_agents,,,40,30,10,0,22,8,0.4171801904387689,0.23056101099901435,0.9981809501305928,0.10232510252638598,958,30,0.75,0,0.0,0.0,31.425,6380,,,,,,,,,,,,,,,,,,,,,,,,,,,
146,D,participants_only,,,30,30,0,0,22,8,0.47710067293108677,0.23180165059395968,0.9981809501305928,0.12187137538342144,958,30,1.0,0,0.0,0.0,25.233333333333334,6380,,,,,,,,,,,,,,,,,,,,,,,,,,,
146,D,nonparticipants_only,,,10,0,10,0,0,0,0.23741874296181528,0.22897027283493557,0.2937044977809422,0.0006007132899335121,0,0,0.0,0,0.0,0.0,50.0,0,,,,,,,,,,,,,,,,,,,,,,,,,,,
146,D,step_totals,,,,,,,,,,,,,,,,,,,,,69.10000000000007,11.5,0.1664254703328508,,,0.0,0.0,47.0,0.6801736613603466,0.0045052700754742445,0.10638297872340426,0.0,0,5,17,42,23,,26,47,4.600000000000001,0.06657018813314033,6.000000000000003,0.08683068017366131,23,30,29
147,D,all_agents,,,40,30,10,0,22,8,0.4173849793477881,0.23151775370777278,0.9982537121253691,0.1027484257832388,965,30,0.75,0,0.0,0.0,31.225,6432,,,,,,,,,,,,,,,,,,,,,,,,,,,
147,D,participants_only,,,30,30,0,0,22,8,0.4772787097784356,0.23224627061263997,0.9982537121253691,0.12245123362490168,965,30,1.0,0,0.0,0.0,24.966666666666665,6432,,,,,,,,,,,,,,,,,,,,,,,,,,,
147,D,nonparticipants_only,,,10,0,10,0,0,0,0.23770378805584574,0.23015788605435716,0.29394724031273467,0.0005928949194613977,0,0,0.0,0,0.0,0.0,50.0,0,,,,,,,,,,,,,,,,,,,,,,,,,,,
147,D,step_totals,,,,,,,,,,,,,,,,,,,,,71.50000000000004,7.5,0.10489510489510483,,,0.0,0.0,55.0,0.7692307692307687,0.003902350359152353,0.12727272727272726,0.0,0,7,25,12,15,,19,55,3.0000000000000004,0.04195804195804194,6.000000000000003,0.0839160839160839,15,30,19
148,D,all_agents,,,40,30,10,0,22,8,0.41757675228621416,0.23070320539517963,0.9983235636403544,0.1027527388464168,974,30,0.75,0,0.0,0.0,31.425,6478,,,,,,,,,,,,,,,,,,,,,,,,,,,
148,D,participants_only,,,30,30,0,0,22,8,0.47743996905879027,0.23185472608847013,0.9983235636403544,0.12247409435968147,974,30,1.0,0,0.0,0.0,25.233333333333334,6478,,,,,,,,,,,,,,,,,,,,,,,,,,,
148,D,nonparticipants_only,,,10,0,10,0,0,0,0.23798710196848574,0.23070320539517963,0.29361395092993586,0.0005854156382974614,0,0,0.0,0,0.0,0.0,50.0,0,,,,,,,,,,,,,,,,,,,,,,,,,,,
148,D,step_totals,,,,,,,,,,,,,,,,,,,,,69.10000000000007,11.5,0.1664254703328508,,,0.0,0.0,47.0,0.6801736613603466,0.004380959336796588,0.19148936170212766,0.0,0,9,17,42,23,,26,47,4.600000000000001,0.06657018813314033,6.000000000000003,0.08683068017366131,23,30,29
149,D,all_agents,,,40,30,10,0,22,8,0.41780679415428534,0.2318579201258258,0.9983906210947402,0.10320086253511591,982,30,0.75,0,0.0,0.0,31.225,6532,,,,,,,,,,,,,,,,,,,,,,,,,,,
149,D,participants_only,,,30,30,0,0,22,8,0.4776528992370877,0.23212369368499347,0.9983906210947402,0.12308192432862167,982,30,1.0,0,0.0,0.0,24.966666666666665,6532,,,,,,,,,,,,,,,,,,,,,,,,,,,
149,D,nonparticipants_only,,,10,0,10,0,0,0,0.2382684789058783,0.23117396590043415,0.29428518838534695,0.0005790016316168324,0,0,0.0,0,0.0,0.0,50.0,0,,,,,,,,,,,,,,,,,,,,,,,,,,,
149,D,step_totals,,,,,,,,,,,,,,,,,,,,,71.50000000000007,7.5,0.10489510489510478,,,0.0,0.0,55.0,0.7692307692307685,0.0039887378753316795,0.14545454545454545,0.0,0,8,25,12,15,,19,55,3.0000000000000004,0.041958041958041925,6.000000000000003,0.08391608391608386,15,30,19
150,D,all_agents,,,40,30,10,0,22,8,0.4179575351069241,0.23121882069552863,0.9984549962509506,0.10317742850820903,990,30,0.75,0,0.0,0.0,31.425,6576,,,,,,,,,,,,,,,,,,,,,,,,,,,
150,D,participants_only,,,30,30,0,0,22,8,0.4777606975356323,0.23217250560494906,0.9984549962509506,0.12307315259115219,990,30,1.0,0,0.0,0.0,25.233333333333334,6576,,,,,,,,,,,,,,,,,,,,,,,,,,,
150,D,nonparticipants_only,,,10,0,10,0,0,0,0.23854804782079952,0.23101902428984056,0.29455476956579196,0.0005732374216860784,0,0,0.0,0,0.0,0.0,50.0,0,,,,,,,,,,,,,,,,,,,,,,,,,,,
150,D,step_totals,,,,,,,,,,,,,,,,,,,,,69.10000000000007,11.5,0.1664254703328508,,,0.0,0.0,47.0,0.6801736613603466,0.004240620633378015,0.1702127659574468,0.0,0,8,17,42,23,,26,47,4.600000000000001,0.06657018813314033,6.000000000000003,0.08683068017366131,23,30,29
150,D,reachability,0.25,0.0,,,,,,,,,,,,,,,,,,,,,,,,,,,,,,,,,,,,,,,,,,,,,
151,D,all_agents,,,40,30,10,0,22,8,0.41815775391305243,0.2318562339595367,0.9985167964009125,0.10360202068007325,1000,30,0.75,0,0.0,0.0,31.225,6630,,,,,,,,,,,,,,,,,,,,,,,,,,,
151,D,participants_only,,,30,30,0,0,22,8,0.4779349649149067,0.23236453961743592,0.9985167964009125,0.12365374154039754,1000,30,1.0,0,0.0,0.0,24.966666666666665,6630,,,,,,,,,,,,,,,,,,,,,,,,,,,
151,D,nonparticipants_only,,,10,0,10,0,0,0,0.23882612090748948,0.23102420743530086,0.2937050264322824,0.0005670786371778459,0,0,0.0,0,0.0,0.0,50.0,0,,,,,,,,,,,,,,,,,,,,,,,,,,,
151,D,step_totals,,,,,,,,,,,,,,,,,,,,,71.50000000000006,7.5,0.10489510489510481,,,0.0,0.0,55.0,0.7692307692307686,0.0038897825663270014,0.18181818181818182,0.0,0,10,25,12,15,,19,55,3.0000000000000004,0.04195804195804193,6.000000000000003,0.08391608391608389,15,30,19
152,D,all_agents,,,40,30,10,0,22,8,0.4183548140657048,0.23118642429001973,0.998576124544876,0.10361264728917441,1008,30,0.75,0,0.0,0.0,31.425,6676,,,,,,,,,,,,,,,,,,,,,,,,,,,
152,D,participants_only,,,30,30,0,0,22,8,0.4781055054457935,0.2318317005339047,0.998576124544876,0.12368281119792256,1008,30,1.0,0,0.0,0.0,25.233333333333334,6676,,,,,,,,,,,,,,,,,,,,,,,,,,,
152,D,nonparticipants_only,,,10,0,10,0,0,0,0.2391027399254387,0.23094618711901335,0.2935705957946789,0.0005604141181466784,0,0,0.0,0,0.0,0.0,50.0,0,,,,,,,,,,,,,,,,,,,,,,,,,,,
152,D,step_totals,,,,,,,,,,,,,,,,,,,,,69.10000000000007,11.5,0.1664254703328508,,,0.0,0.0,47.0,0.6801736613603466,0.004403690582742009,0.1702127659574468,0.0,0,8,17,42,23,,26,47,4.600000000000001,0.06657018813314033,6.000000000000003,0.08683068017366131,23,30,29
153,D,all_agents,,,40,30,10,0,22,8,0.4185205017263994,0.23225827135722268,0.9986330795630809,0.10400983838621897,1013,30,0.75,0,0.0,0.0,31.225,6729,,,,,,,,,,,,,,,,,,,,,,,,,,,
153,D,participants_only,,,30,30,0,0,22,8,0.47823468566878247,0.23225827135722268,0.9986330795630809,0.12423228395011407,1013,30,1.0,0,0.0,0.0,24.966666666666665,6729,,,,,,,,,,,,,,,,,,,,,,,,,,,
153,D,nonparticipants_only,,,10,0,10,0,0,0,0.23937794989925004,0.23209282324733102,0.2938049628026245,0.0005530965276765057,0,0,0.0,0,0.0,0.0,50.0,0,,,,,,,,,,,,,,,,,,,,,,,,,,,
153,D,step_totals,,,,,,,,,,,,,,,,,,,,,71.50000000000006,7.5,0.10489510489510481,,,0.0,0.0,55.0,0.7692307692307686,0.003776308434284767,0.09090909090909091,0.0,0,5,25,12,15,,19,55,3.0000000000000004,0.04195804195804193,6.000000000000003,0.08391608391608389,15,30,19
154,D,all_agents,,,40,30,10,0,22,8,0.41868634944277033,0.23244828087932273,0.9986877563805576,0.10399638913238983,1021,30,0.75,0,0.0,0.0,31.425,6774,,,,,,,,,,,,,,,,,,,,,,,,,,,
154,D,participants_only,,,30,30,0,0,22,8,0.47836463644906246,0.2313728049574656,0.9986877563805576,0.12423382606978436,1021,30,1.0,0,0.0,0.0,25.233333333333334,6774,,,,,,,,,,,,,,,,,,,,,,,,,,,
154,D,nonparticipants_only,,,10,0,10,0,0,0,0.2396514884238938,0.23261932703444943,0.29348317314817124,0.0005461030401416476,0,0,0.0,0,0.0,0.0,50.0,0,,,,,,,,,,,,,,,,,,,,,,,,,,,
154,D,step_totals,,,,,,,,,,,,,,,,,,,,,69.10000000000008,11.5,0.16642547033285074,,,0.0,0.0,47.0,0.6801736613603465,0.0042970189123531935,0.1702127659574468,0.0,0,8,17,42,23,,26,47,4.600000000000001,0.06657018813314032,6.000000000000003,0.0868306801736613,23,30,29
155,D,all_agents,,,40,30,10,0,22,8,0.4188845587297921,0.23242282720122423,0.9987402461253353,0.10442183893737277,1034,30,0.75,0,0.0,0.0,31.225,6829,,,,,,,,,,,,,,,,,,,,,,,,,,,
155,D,participants_only,,,30,30,0,0,22,8,0.47853835937099953,0.23172453446396904,0.9987402461253353,0.1248147698457908,1034,30,1.0,0,0.0,0.0,24.966666666666665,6829,,,,,,,,,,,,,,,,,,,,,,,,,,,
155,D,nonparticipants_only,,,10,0,10,0,0,0,0.23992315680616969,0.23307384454426025,0.29413125040469523,0.0005401350408275869,0,0,0.0,0,0.0,0.0,50.0,0,,,,,,,,,,,,,,,,,,,,,,,,,,,
155,D,step_totals,,,,,,,,,,,,,,,,,,,,,71.50000000000006,7.5,0.10489510489510481,,,0.0,0.0,55.0,0.7692307692307686,0.0038868595218697196,0.23636363636363636,0.0,0,13,25,12,15,,19,55,3.0000000000000004,0.04195804195804193,6.000000000000003,0.08391608391608389,15,30,19
156,D,all_agents,,,40,30,10,0,22,8,0.4190065906874908,0.2326529464741418,0.9987906362803218,0.1043794056132798,1038,30,0.75,0,0.0,0.0,31.425,6874,,,,,,,,,,,,,,,,,,,,,,,,,,,
156,D,participants_only,,,30,30,0,0,22,8,0.47861109440015404,0.23135002616017844,0.9987906362803218,0.12478348952019781,1038,30,1.0,0,0.0,0.0,25.233333333333334,6874,,,,,,,,,,,,,,,,,,,,,,,,,,,
156,D,nonparticipants_only,,,10,0,10,0,0,0,0.24019307954950134,0.23292424899784753,0.2943915300276885,0.0005347915385312094,0,0,0.0,0,0.0,0.0,50.0,0,,,,,,,,,,,,,,,,,,,,,,,,,,,
156,D,step_totals,,,,,,,,,,,,,,,,,,,,,69.10000000000008,11.5,0.16642547033285074,,,0.0,0.0,47.0,0.6801736613603465,0.004147183838592219,0.0851063829787234,0.0,0,4,17,42,23,,26,47,4.600000000000001,0.06657018813314032,6.000000000000003,0.0868306801736613,23,30,29
