step,condition,population,skill_reachability,resource_reachability,n_agents,maker_count,stage_consumer,stage_customizer,stage_maker,stage_advanced_maker,skill_mean,skill_median,skill_max,skill_var,method_count_total,method_holders,method_adoption_rate,method_peer_held,knowledge_diffusion_lag_mean,hop_count_mean,latent_distributed_resources,completed_projects_total,time_total,time_practice,time_share_practice,time_observe,time_share_observe,time_make,time_share_make,time_idle,time_share_idle,skill_gain_per_time,method_self_discovery_per_time,method_peer_acquisition_per_time,peer_acquired_count,self_discovered_count,reject_time_budget_exceeded,reject_missing_asset,count_practice,count_observe,count_make,count_idle,time_ask,time_share_ask,time_share,time_share_share,count_ask,count_share,reject_insufficient_material
0,D,reachability,0.575,0.0,,,,,,,,,,,,,,,,,,,,,,,,,,,,,,,,,,,,,,,,,,,,,
1,D,all_agents,,,40,0,17,23,0,0,0.16691752288677997,0.1363323920490882,0.6272793414086859,0.014464172452361089,4,4,0.1,0,0.0,0.0,25.9,34,,,,,,,,,,,,,,,,,,,,,,,,,,,
1,D,participants_only,,,30,0,7,23,0,0,0.1610748495975265,0.13563931730460949,0.54363650256378,0.013352490864488439,4,4,0.13333333333333333,0,0.0,0.0,24.533333333333335,34,,,,,,,,,,,,,,,,,,,,,,,,,,,
1,D,nonparticipants_only,,,10,0,10,0,0,0,0.18444554275454036,0.13836750657158628,0.6272793414086859,0.017389575241999564,0,0,0.0,0,0.0,0.0,30.0,0,,,,,,,,,,,,,,,,,,,,,,,,,,,
1,D,step_totals,,,,,,,,,,,,,,,,,,,,,83.99999999999997,20.0,0.23809523809523817,4.000000000000002,0.04761904761904766,60.0,0.7142857142857145,0.0,0.0,0.020044099315849658,0.06666666666666667,0.0,0,4,30,9,40,40,60,31,,,,,,,
2,D,all_agents,,,40,4,13,23,4,0,0.17387767093819662,0.1364088900181919,0.6241429447016424,0.014389388782217169,10,9,0.225,0,0.0,0.0,26.8,74,,,,,,,,,,,,,,,,,,,,,,,,,,,
2,D,participants_only,,,30,4,3,23,4,0,0.1701255101905881,0.13568829727248558,0.5618910424612289,0.013512582469069005,10,9,0.3,0,0.0,0.0,24.066666666666666,74,,,,,,,,,,,,,,,,,,,,,,,,,,,
2,D,nonparticipants_only,,,10,0,10,0,0,0,0.1851341531810221,0.14092574317569284,0.6241429447016424,0.016850863198350937,0,0,0.0,0,0.0,0.0,35.0,0,,,,,,,,,,,,,,,,,,,,,,,,,,,
2,D,step_totals,,,,,,,,,,,,,,,,,,,,,87.60000000000001,20.0,0.228310502283105,4.000000000000002,0.04566210045662102,60.0,0.684931506849315,0.0,0.0,0.02054656653594264,0.1,0.0,0,6,23,7,40,40,60,29,3.0000000000000004,0.03424657534246576,0.6000000000000001,0.006849315068493151,15,3,
3,D,all_agents,,,40,7,10,23,7,0,0.18011606079015122,0.1420846369930357,0.6210222299781343,0.014565996171556064,12,10,0.25,0,0.0,0.0,28.2,109,,,,,,,,,,,,,,,,,,,,,,,,,,,
3,D,participants_only,,,30,7,0,23,7,0,0.17821673822739828,0.1420846369930357,0.5794154007627798,0.013961274768009423,12,10,0.3333333333333333,0,0.0,0.0,24.266666666666666,109,,,,,,,,,,,,,,,,,,,,,,,,,,,
3,D,nonparticipants_only,,,10,0,10,0,0,0,0.18581402847841,0.1402211144598144,0.6210222299781343,0.0163368712678274,0,0,0.0,0,0.0,0.0,40.0,0,,,,,,,,,,,,,,,,,,,,,,,,,,,
3,D,step_totals,,,,,,,,,,,,,,,,,,,,,88.2,20.0,0.22675736961451246,3.800000000000002,0.04308390022675739,60.0,0.6802721088435374,0.0,0.0,0.0184294063289422,0.03333333333333333,0.0,0,2,21,7,40,38,60,29,3.2000000000000006,0.036281179138322,1.2,0.013605442176870748,16,6,
4,D,all_agents,,,40,9,10,21,9,0,0.18575655773346664,0.14436957711241993,0.6179171188282436,0.01474269884270708,15,12,0.3,0,0.0,0.0,29.8,140,,,,,,,,,,,,,,,,,,,,,,,,,,,
4,D,participants_only,,,30,9,0,21,9,0,0.18551359663063927,0.1448349946364761,0.5962387847322685,0.014374637312449215,15,12,0.4,0,0.0,0.0,24.733333333333334,140,,,,,,,,,,,,,,,,,,,,,,,,,,,
4,D,nonparticipants_only,,,10,0,10,0,0,0,0.18648544104194872,0.1395200088875153,0.6179171188282436,0.015846175072310828,0,0,0.0,0,0.0,0.0,45.0,0,,,,,,,,,,,,,,,,,,,,,,,,,,,
4,D,step_totals,,,,,,,,,,,,,,,,,,,,,89.00000000000001,19.5,0.21910112359550557,3.700000000000002,0.041573033707865185,59.0,0.6629213483146066,0.0,0.0,0.016790549575678323,0.05084745762711865,0.0,0,3,8,25,39,37,59,34,5.000000000000002,0.05617977528089889,1.7999999999999998,0.02022471910112359,25,9,20
5,D,all_agents,,,40,9,10,21,9,0,0.19119813310118888,0.15395277088815554,0.6148275332341024,0.014701526560032308,19,15,0.375,0,0.0,0.0,31.85,169,,,,,,,,,,,,,,,,,,,,,,,,,,,
5,D,participants_only,,,30,9,0,21,9,0,0.1925474247124518,0.15538218742173796,0.6002763968849458,0.014470939173490125,19,15,0.5,0,0.0,0.0,25.8,169,,,,,,,,,,,,,,,,,,,,,,,,,,,
5,D,nonparticipants_only,,,10,0,10,0,0,0,0.18715025826740014,0.13882240884307773,0.6148275332341024,0.015371441665432164,0,0,0.0,0,0.0,0.0,50.0,0,,,,,,,,,,,,,,,,,,,,,,,,,,,
5,D,step_totals,,,,,,,,,,,,,,,,,,,,,86.60000000000004,19.5,0.22517321016166272,3.3000000000000016,0.038106235565819865,56.0,0.646651270207852,0.0,0.0,0.01676119627439367,0.07142857142857142,0.0,0,4,7,23,39,33,56,35,5.8000000000000025,0.06697459584295612,1.9999999999999998,0.023094688221708994,29,10,27
6,D,all_agents,,,40,9,10,21,9,0,0.1962333174383657,0.16057274465243643,0.611753395567932,0.014611776752113255,23,18,0.45,0,0.0,0.0,32.2,195,,,,,,,,,,,,,,,,,,,,,,,,,,,
6,D,participants_only,,,30,9,0,21,9,0,0.19904232320018644,0.16139662252788275,0.5972750149005212,0.014477123700478971,23,18,0.6,0,0.0,0.0,26.266666666666666,195,,,,,,,,,,,,,,,,,,,,,,,,,,,
6,D,nonparticipants_only,,,10,0,10,0,0,0,0.18780630015290353,0.13812829679886235,0.611753395567932,0.0149210497465768,0,0,0.0,0,0.0,0.0,50.0,0,,,,,,,,,,,,,,,,,,,,,,,,,,,
6,D,step_totals,,,,,,,,,,,,,,,,,,,,,86.90000000000006,20.0,0.23014959723820466,3.3000000000000016,0.03797468354430379,54.0,0.6214039125431526,0.0,0.0,0.015705624278237868,0.07407407407407407,0.0,0,4,2,33,40,33,54,40,6.600000000000003,0.07594936708860758,3.0000000000000004,0.0345224395857307,33,15,33
7,D,all_agents,,,40,11,10,19,11,0,0.2013149110865845,0.16493355233876994,0.6086946285900923,0.014830482055968222,27,19,0.475,0,0.0,0.0,32.625,223,,,,,,,,,,,,,,,,,,,,,,,,,,,
7,D,participants_only,,,30,11,0,19,11,0,0.2056011438706161,0.1685814290655907,0.5942886398260185,0.014872307467327131,27,19,0.6333333333333333,0,0.0,0.0,26.833333333333332,223,,,,,,,,,,,,,,,,,,,,,,,,,,,
7,D,nonparticipants_only,,,10,0,10,0,0,0,0.1884562127344897,0.13743765531486804,0.6086946285900923,0.014484544324144605,0,0,0.0,0,0.0,0.0,50.0,0,,,,,,,,,,,,,,,,,,,,,,,,,,,
7,D,step_totals,,,,,,,,,,,,,,,,,,,,,86.20000000000009,20.0,0.23201856148491856,0.9999999999999999,0.011600928074245927,56.0,0.6496519721577719,0.0,0.0,0.015892425818970442,0.07142857142857142,0.0,0,4,16,23,40,10,56,36,6.000000000000003,0.0696055684454756,3.2000000000000006,0.03712296983758698,30,16,30
8,D,all_agents,,,40,11,10,19,11,0,0.2064425669351449,0.17014952826827828,0.6056511554471418,0.015049978930835914,32,21,0.525,0,0.0,0.0,33.0,252,,,,,,,,,,,,,,,,,,,,,,,,,,,
8,D,participants_only,,,30,11,0,19,11,0,0.21222416048498347,0.1744905773444026,0.5913171966268884,0.015242800969988065,32,21,0.7,0,0.0,0.0,27.333333333333332,252,,,,,,,,,,,,,,,,,,,,,,,,,,,
8,D,nonparticipants_only,,,10,0,10,0,0,0,0.18909778628562904,0.14079204956342084,0.6056511554471418,0.014070390925673037,0,0,0.0,0,0.0,0.0,50.0,0,,,,,,,,,,,,,,,,,,,,,,,,,,,
8,D,step_totals,,,,,,,,,,,,,,,,,,,,,88.70000000000007,19.5,0.21984216459977435,0.6,0.006764374295377672,58.0,0.6538895152198416,0.0,0.0,0.015589160622941592,0.08620689655172414,0.0,0,5,12,32,39,6,58,38,7.0000000000000036,0.07891770011273955,3.600000000000001,0.04058624577226604,35,18,31
9,D,all_agents,,,40,11,10,19,11,0,0.21188533249476818,0.1708921623662048,0.602622899669906,0.015474242185390001,34,21,0.525,0,0.0,0.0,32.7,285,,,,,,,,,,,,,,,,,,,,,,,,,,,
9,D,participants_only,,,30,11,0,19,11,0,0.21926905674048566,0.1736181244576806,0.588360610643754,0.015858839501921854,34,21,0.7,0,0.0,0.0,26.933333333333334,285,,,,,,,,,,,,,,,,,,,,,,,,,,,
9,D,nonparticipants_only,,,10,0,10,0,0,0,0.18973415975761576,0.14111558009557615,0.602622899669906,0.013666217630952888,0,0,0.0,0,0.0,0.0,50.0,0,,,,,,,,,,,,,,,,,,,,,,,,,,,
9,D,step_totals,,,,,,,,,,,,,,,,,,,,,89.70000000000009,20.0,0.22296544035674448,0.1,0.0011148272017837224,60.0,0.6688963210702334,0.0,0.0,0.016259663406220686,0.03333333333333333,0.0,0,2,16,22,40,1,60,36,5.8000000000000025,0.06465997770345593,3.800000000000001,0.04236343366778147,29,19,33
10,D,all_agents,,,40,12,10,18,12,0,0.21688714749877452,0.17377538300427983,0.6014669135202523,0.015864532868338593,38,21,0.525,0,0.0,0.0,32.475,315,,,,,,,,,,,,,,,,,,,,,,,,,,,
10,D,participants_only,,,30,12,0,18,12,0,0.22572870251263955,0.17724972506421996,0.6014669135202523,0.01641232342343825,38,21,0.7,0,0.0,0.0,26.633333333333333,315,,,,,,,,,,,,,,,,,,,,,,,,,,,
10,D,nonparticipants_only,,,10,0,10,0,0,0,0.1903624824571795,0.14505821605728125,0.5996097851715565,0.013283084062281209,0,0,0.0,0,0.0,0.0,50.0,0,,,,,,,,,,,,,,,,,,,,,,,,,,,
10,D,step_totals,,,,,,,,,,,,,,,,,,,,,88.6000000000001,19.5,0.22009029345372438,0.1,0.001128668171557561,58.0,0.6546275395033853,0.0,0.0,0.015267740494634781,0.06896551724137931,0.0,0,4,13,32,39,1,58,38,7.0000000000000036,0.07900677200902931,4.000000000000001,0.04514672686230244,35,20,30
10,D,reachability,0.35,0.0,,,,,,,,,,,,,,,,,,,,,,,,,,,,,,,,,,,,,,,,,,,,,
11,D,all_agents,,,40,12,10,18,12,0,0.22227461501455448,0.17788745172386852,0.6039571149263346,0.01636827098780613,42,21,0.525,0,0.0,0.0,32.125,350,,,,,,,,,,,,,,,,,,,,,,,,,,,
11,D,participants_only,,,30,12,0,18,12,0,0.2327042277208693,0.18308151156151659,0.6039571149263346,0.017086187015614835,42,21,0.7,0,0.0,0.0,26.166666666666668,350,,,,,,,,,,,,,,,,,,,,,,,,,,,
11,D,nonparticipants_only,,,10,0,10,0,0,0,0.19098577689560997,0.1489809021731473,0.5966117362456987,0.012909201049935322,0,0,0.0,0,0.0,0.0,50.0,0,,,,,,,,,,,,,,,,,,,,,,,,,,,
11,D,step_totals,,,,,,,,,,,,,,,,,,,,,89.00000000000009,19.0,0.21348314606741553,,,60.0,0.6741573033707858,0.0,0.0,0.01623851357548081,0.06666666666666667,0.0,0,4,15,22,38,,60,36,6.000000000000003,0.06741573033707862,4.000000000000001,0.044943820224719065,30,20,34
12,D,all_agents,,,40,15,10,15,15,0,0.226862847990608,0.18222765145654488,0.6197988303292813,0.01700634215739474,46,23,0.575,0,0.0,0.0,32.325,383,,,,,,,,,,,,,,,,,,,,,,,,,,,
12,D,participants_only,,,30,15,0,15,15,0,0.2386164218788805,0.18677055023527764,0.6197988303292813,0.01793852817391869,46,23,0.7666666666666667,0,0.0,0.0,26.433333333333334,383,,,,,,,,,,,,,,,,,,,,,,,,,,,
12,D,nonparticipants_only,,,10,0,10,0,0,0,0.19160212632579046,0.15316382615253454,0.5936286775644702,0.012552026118057918,0,0,0.0,0,0.0,0.0,50.0,0,,,,,,,,,,,,,,,,,,,,,,,,,,,
12,D,step_totals,,,,,,,,,,,,,,,,,,,,,78.70000000000009,19.0,0.24142312579415476,0.1,0.0012706480304955515,48.0,0.6099110546378647,0.0,0.0,0.0161111747014405,0.08333333333333333,0.0,0,4,7,49,38,1,48,38,7.400000000000004,0.09402795425667085,4.200000000000001,0.053367217280813166,37,21,39
13,D,all_agents,,,40,16,10,14,16,0,0.23194148018167257,0.18614951858673862,0.63500687711611,0.01755393986606925,55,25,0.625,0,0.0,0.0,32.0,417,,,,,,,,,,,,,,,,,,,,,,,,,,,
13,D,participants_only,,,30,16,0,14,16,0,0.24518425105408717,0.1919064092354838,0.63500687711611,0.018635453030807454,55,25,0.8333333333333334,0,0.0,0.0,26.0,417,,,,,,,,,,,,,,,,,,,,,,,,,,,
13,D,nonparticipants_only,,,10,0,10,0,0,0,0.19221316756442874,0.1554600666611229,0.5906605341766479,0.012204948607303366,0,0,0.0,0,0.0,0.0,50.0,0,,,,,,,,,,,,,,,,,,,,,,,,,,,
13,D,step_totals,,,,,,,,,,,,,,,,,,,,,88.6000000000001,19.0,0.21444695259593657,,,59.0,0.6659142212189609,0.0,0.0,0.015525744991109496,0.15254237288135594,0.0,0,9,13,22,38,,59,37,6.200000000000003,0.0699774266365688,4.400000000000001,0.04966139954853269,31,22,35
14,D,all_agents,,,40,16,10,14,16,0,0.2362969689041197,0.1888526631064622,0.6496066020314656,0.018325618205792996,65,28,0.7,0,0.0,0.0,32.2,450,,,,,,,,,,,,,,,,,,,,,,,,,,,
14,D,participants_only,,,30,16,0,14,16,0,0.2507900923239663,0.1962795203893396,0.6496066020314656,0.019636225803201728,65,28,0.9333333333333333,0,0.0,0.0,26.266666666666666,450,,,,,,,,,,,,,,,,,,,,,,,,,,,
14,D,nonparticipants_only,,,10,0,10,0,0,0,0.19281759864457973,0.15511941932627626,0.5877072315057646,0.011873187896011909,0,0,0.0,0,0.0,0.0,50.0,0,,,,,,,,,,,,,,,,,,,,,,,,,,,
14,D,step_totals,,,,,,,,,,,,,,,,,,,,,79.1000000000001,18.5,0.23388116308470264,,,49.0,0.6194690265486719,0.0,0.0,0.015315188595570732,0.20408163265306123,0.0,0,10,8,47,37,,49,35,6.800000000000003,0.08596713021491777,4.800000000000002,0.06068268015170665,34,24,37
15,D,all_agents,,,40,20,10,10,20,0,0.2410612795980579,0.19158870512886123,0.663622337950207,0.01915183631211121,67,28,0.7,0,0.0,0.0,31.975,485,,,,,,,,,,,,,,,,,,,,,,,,,,,
15,D,participants_only,,,30,20,0,10,20,0,0.25694261094814397,0.20156092005729426,0.663622337950207,0.02067706657106472,67,28,0.9333333333333333,0,0.0,0.0,25.966666666666665,485,,,,,,,,,,,,,,,,,,,,,,,,,,,
15,D,nonparticipants_only,,,10,0,10,0,0,0,0.19341728554779974,0.15849558164243124,0.5847686953482358,0.011549545309835969,0,0,0.0,0,0.0,0.0,50.0,0,,,,,,,,,,,,,,,,,,,,,,,,,,,
15,D,step_totals,,,,,,,,,,,,,,,,,,,,,88.3000000000001,18.5,0.20951302378255923,,,58.0,0.6568516421291046,0.0,0.0,0.014742044214580186,0.034482758620689655,0.0,0,2,10,20,37,,58,36,6.200000000000003,0.0702151755379388,5.600000000000002,0.06342015855039633,31,28,36
16,D,all_agents,,,40,22,10,8,22,0,0.24553964257734423,0.19149515020518307,0.6770774444321987,0.02010738889100478,74,29,0.725,0,0.0,0.0,32.2,523,,,,,,,,,,,,,,,,,,,,,,,,,,,
16,D,participants_only,,,30,22,0,8,22,0,0.26271570152098445,0.20295179595047746,0.6770774444321987,0.02188420988840058,74,29,0.9666666666666667,0,0.0,0.0,26.266666666666666,523,,,,,,,,,,,,,,,,,,,,,,,,,,,
16,D,nonparticipants_only,,,10,0,10,0,0,0,0.1940114657464236,0.1581581037703511,0.5818448518714947,0.011236721888792545,0,0,0.0,0,0.0,0.0,50.0,0,,,,,,,,,,,,,,,,,,,,,,,,,,,
16,D,step_totals,,,,,,,,,,,,,,,,,,,,,77.80000000000008,18.0,0.23136246786632367,,,48.0,0.6169665809768631,0.0,0.0,0.01599574662892824,0.14583333333333334,0.0,0,7,9,49,36,,48,35,6.400000000000003,0.08226221079691512,5.400000000000002,0.06940874035989712,32,27,36
17,D,all_agents,,,40,23,10,7,23,0,0.24984045724082693,0.1948898605770127,0.6899943466549108,0.021012829845675294,79,29,0.725,0,0.0,0.0,31.975,556,,,,,,,,,,,,,,,,,,,,,,,,,,,
17,D,participants_only,,,30,23,0,7,23,0,0.26825353624152687,0.20592282593492406,0.6899943466549108,0.02301733150551323,79,29,0.9666666666666667,0,0.0,0.0,25.966666666666665,556,,,,,,,,,,,,,,,,,,,,,,,,,,,
17,D,nonparticipants_only,,,10,0,10,0,0,0,0.19460122023872709,0.16148187886106458,0.5789356276121372,0.010930827126729275,0,0,0.0,0,0.0,0.0,50.0,0,,,,,,,,,,,,,,,,,,,,,,,,,,,
17,D,step_totals,,,,,,,,,,,,,,,,,,,,,87.5000000000001,18.5,0.2114285714285712,,,57.0,0.6514285714285707,0.0,0.0,0.013650345273084282,0.08771929824561403,0.0,0,5,9,21,37,,57,35,6.200000000000003,0.07085714285714281,5.8000000000000025,0.06628571428571424,31,29,37
18,D,all_agents,,,40,24,10,6,24,0,0.253875030092592,0.19609950534995213,0.7023945727887143,0.02211024566679912,85,29,0.725,0,0.0,0.0,32.2,593,,,,,,,,,,,,,,,,,,,,,,,,,,,
18,D,participants_only,,,30,24,0,6,24,0,0.2734383382498147,0.20827804452942084,0.7023945727887143,0.024403654313101587,85,29,0.9666666666666667,0,0.0,0.0,26.266666666666666,593,,,,,,,,,,,,,,,,,,,,,,,,,,,
18,D,nonparticipants_only,,,10,0,10,0,0,0,0.19518510562092384,0.16114754225235112,0.5760409494740766,0.010637343415238228,0,0,0.0,0,0.0,0.0,50.0,0,,,,,,,,,,,,,,,,,,,,,,,,,,,
18,D,step_totals,,,,,,,,,,,,,,,,,,,,,76.60000000000008,17.0,0.2219321148825063,,,48.0,0.6266318537859001,0.0,0.0,0.014882183077795636,0.125,0.0,0,6,11,49,34,,48,33,6.000000000000003,0.07832898172323755,5.600000000000002,0.07310704960835504,30,28,34
19,D,all_agents,,,40,27,10,3,27,0,0.25843106234670077,0.19605466256775214,0.7142987898771658,0.0231853431697197,94,29,0.725,0,0.0,0.0,31.975,632,,,,,,,,,,,,,,,,,,,,,,,,,,,
19,D,participants_only,,,30,27,0,3,27,0,0.27931986314293283,0.20889307826801273,0.7142987898771658,0.025718343133139133,94,29,0.9666666666666667,0,0.0,0.0,25.966666666666665,632,,,,,,,,,,,,,,,,,,,,,,,,,,,
19,D,nonparticipants_only,,,10,0,10,0,0,0,0.19576465995800463,0.162087869760763,0.5731607447267062,0.010350239295005422,0,0,0.0,0,0.0,0.0,50.0,0,,,,,,,,,,,,,,,,,,,,,,,,,,,
19,D,step_totals,,,,,,,,,,,,,,,,,,,,,87.3000000000001,18.5,0.21191294387170653,,,57.0,0.652920962199312,0.0,0.0,0.014392546457464508,0.15789473684210525,0.0,0,9,10,21,37,,57,35,6.000000000000003,0.06872852233676971,5.8000000000000025,0.06643757159221073,30,29,37
20,D,all_agents,,,40,27,10,3,27,0,0.2625733215610143,0.1989051864097365,0.7257268382820792,0.024361701153672272,102,29,0.725,0,0.0,0.0,32.2,673,,,,,,,,,,,,,,,,,,,,,,,,,,,
20,D,participants_only,,,30,27,0,3,27,0,0.2846513704247998,0.2178306878993549,0.7257268382820792,0.02717505279127658,102,29,0.9666666666666667,0,0.0,0.0,26.266666666666666,673,,,,,,,,,,,,,,,,,,,,,,,,,,,
20,D,nonparticipants_only,,,10,0,10,0,0,0,0.19633917496965775,0.1612774304119592,0.5702949410030727,0.010072363341278933,0,0,0.0,0,0.0,0.0,50.0,0,,,,,,,,,,,,,,,,,,,,,,,,,,,
20,D,step_totals,,,,,,,,,,,,,,,,,,,,,76.6000000000001,17.0,0.22193211488250625,,,48.0,0.6266318537859,0.0,0.0,0.015264937363361635,0.16666666666666666,0.0,0,8,11,49,34,,48,33,6.000000000000003,0.07832898172323753,5.600000000000002,0.07310704960835503,30,28,34
20,D,reachability,0.15,0.0,,,,,,,,,,,,,,,,,,,,,,,,,,,,,,,,,,,,,,,,,,,,,
21,D,all_agents,,,40,29,10,1,29,0,0.26690650485161405,0.20264429107219617,0.736697764750796,0.025510946638453057,109,29,0.725,0,0.0,0.0,31.975,713,,,,,,,,,,,,,,,,,,,,,,,,,,,
21,D,participants_only,,,30,29,0,1,29,0,0.29023898399793996,0.21796513761387623,0.736697764750796,0.0285695821910558,109,29,0.9666666666666667,0,0.0,0.0,25.966666666666665,713,,,,,,,,,,,,,,,,,,,,,,,,,,,
21,D,nonparticipants_only,,,10,0,10,0,0,0,0.19690906741263622,0.16047104325989936,0.5674434662980573,0.009802184983280024,0,0,0.0,0,0.0,0.0,50.0,0,,,,,,,,,,,,,,,,,,,,,,,,,,,
21,D,step_totals,,,,,,,,,,,,,,,,,,,,,86.6000000000001,18.0,0.20785219399538082,,,57.0,0.658198614318706,0.0,0.0,0.01392483908535881,0.12280701754385964,0.0,0,7,11,20,36,,57,34,5.8000000000000025,0.06697459584295608,5.8000000000000025,0.06697459584295608,29,29,37
22,D,all_agents,,,40,30,10,0,30,0,0.2705852304105808,0.20278138319729605,0.7472298541607642,0.02671545278132643,117,29,0.725,0,0.0,0.0,32.2,751,,,,,,,,,,,,,,,,,,,,,,,,,,,
22,D,participants_only,,,30,30,0,0,30,0,0.29495580066744814,0.22040634755887084,0.7472298541607642,0.030064038611612696,117,29,0.9666666666666667,0,0.0,0.0,26.266666666666666,751,,,,,,,,,,,,,,,,,,,,,,,,,,,
22,D,nonparticipants_only,,,10,0,10,0,0,0,0.19747351963997886,0.15966868804359988,0.564606248966567,0.009542598954728764,0,0,0.0,0,0.0,0.0,50.0,0,,,,,,,,,,,,,,,,,,,,,,,,,,,
22,D,step_totals,,,,,,,,,,,,,,,,,,,,,76.40000000000009,17.0,0.22251308900523534,,,48.0,0.6282722513088997,0.0,0.0,0.013864750489183841,0.16666666666666666,0.0,0,8,12,49,34,,48,33,5.8000000000000025,0.07591623036649209,5.600000000000002,0.07329842931937167,29,28,34
23,D,all_agents,,,40,30,10,0,30,0,0.2748022122646632,0.2094359943795151,0.7573406599943335,0.02784231732151533,123,29,0.725,0,0.0,0.0,31.975,792,,,,,,,,,,,,,,,,,,,,,,,,,,,
23,D,participants_only,,,30,30,0,0,30,0,0.3003916127429495,0.22468155880654878,0.7573406599943335,0.03140774248396025,123,29,0.9666666666666667,0,0.0,0.0,25.966666666666665,792,,,,,,,,,,,,,,,,,,,,,,,,,,,
23,D,nonparticipants_only,,,10,0,10,0,0,0,0.1980340108298045,0.15887034460338187,0.5617832177217341,0.009288232832123183,0,0,0.0,0,0.0,0.0,50.0,0,,,,,,,,,,,,,,,,,,,,,,,,,,,
23,D,step_totals,,,,,,,,,,,,,,,,,,,,,86.3000000000001,17.5,0.20278099652375411,,,57.0,0.6604866743916563,0.0,0.0,0.013693282197486138,0.10526315789473684,0.0,0,6,10,18,35,,57,34,6.000000000000003,0.06952491309385858,5.8000000000000025,0.06720741599072996,30,29,37
24,D,all_agents,,,40,30,10,0,30,0,0.2785158657287696,0.20972480151849648,0.7670470335945602,0.029056506468924728,130,30,0.75,0,0.0,0.0,32.2,833,,,,,,,,,,,,,,,,,,,,,,,,,,,
24,D,participants_only,,,30,30,0,0,30,0,0.30515813282315957,0.22562582800784547,0.7670470335945602,0.0328878983836755,130,30,1.0,0,0.0,0.0,26.266666666666666,833,,,,,,,,,,,,,,,,,,,,,,,,,,,
24,D,nonparticipants_only,,,10,0,10,0,0,0,0.19858906444559973,0.15807599288036495,0.5589743016331254,0.00904460597352665,0,0,0.0,0,0.0,0.0,50.0,0,,,,,,,,,,,,,,,,,,,,,,,,,,,
24,D,step_totals,,,,,,,,,,,,,,,,,,,,,76.40000000000009,17.0,0.22251308900523534,,,48.0,0.6282722513088997,0.0,0.0,0.014023280192447543,0.14583333333333334,0.0,0,7,12,49,34,,48,33,5.8000000000000025,0.07591623036649209,5.600000000000002,0.07329842931937167,29,28,34
25,D,all_agents,,,40,30,10,0,30,0,0.2826250581549178,0.21532013872392478,0.7763651522507777,0.03010753644856172,138,30,0.75,0,0.0,0.0,31.975,874,,,,,,,,,,,,,,,,,,,,,,,,,,,
25,D,participants_only,,,30,30,0,0,30,0,0.3104532439045789,0.23014466652251658,0.7763651522507777,0.03411084367924622,138,30,1.0,0,0.0,0.0,25.966666666666665,874,,,,,,,,,,,,,,,,,,,,,,,,,,,
25,D,nonparticipants_only,,,10,0,10,0,0,0,0.19914050090593446,0.15728561291596313,0.5561794301249599,0.008804719691096526,0,0,0.0,0,0.0,0.0,50.0,0,,,,,,,,,,,,,,,,,,,,,,,,,,,
25,D,step_totals,,,,,,,,,,,,,,,,,,,,,85.90000000000009,17.5,0.20372526193247942,,,57.0,0.663562281722933,0.0,0.0,0.013481421412808479,0.14035087719298245,0.0,0,8,13,18,35,,57,34,5.400000000000002,0.06286379511059367,6.000000000000003,0.06984866123399297,27,30,37
26,D,all_agents,,,40,30,10,0,30,0,0.28581971471376794,0.21544564449466436,0.7853105461607466,0.031326907138278626,146,30,0.75,0,0.0,0.0,32.2,912,,,,,,,,,,,,,,,,,,,,,,,,,,,
26,D,participants_only,,,30,30,0,0,30,0,0.3145305031894488,0.23069909976557915,0.7853105461607466,0.03561445765353205,146,30,1.0,0,0.0,0.0,26.266666666666666,912,,,,,,,,,,,,,,,,,,,,,,,,,,,
26,D,nonparticipants_only,,,10,0,10,0,0,0,0.1996873492867252,0.1564991848513833,0.5533985329743351,0.008572543093774856,0,0,0.0,0,0.0,0.0,50.0,0,,,,,,,,,,,,,,,,,,,,,,,,,,,
26,D,step_totals,,,,,,,,,,,,,,,,,,,,,75.6000000000001,16.0,0.21164021164021138,,,48.0,0.6349206349206341,0.0,0.0,0.012568307374184202,0.16666666666666666,0.0,0,8,12,48,32,,48,31,5.600000000000002,0.07407407407407401,6.000000000000003,0.0793650793650793,28,30,33
27,D,all_agents,,,40,30,10,0,30,0,0.28957887055789666,0.21644788058950476,0.7938981243143167,0.03243372610358003,157,30,0.75,0,0.0,0.0,31.975,952,,,,,,,,,,,,,,,,,,,,,,,,,,,
27,D,participants_only,,,30,30,0,0,30,0,0.3193620145525239,0.23712832595037048,0.7938981243143167,0.03691397550837078,157,30,1.0,0,0.0,0.0,25.966666666666665,952,,,,,,,,,,,,,,,,,,,,,,,,,,,
27,D,nonparticipants_only,,,10,0,10,0,0,0,0.20022943857401507,0.1582839071524021,0.5506315403094634,0.008348549894751407,0,0,0.0,0,0.0,0.0,50.0,0,,,,,,,,,,,,,,,,,,,,,,,,,,,
27,D,step_totals,,,,,,,,,,,,,,,,,,,,,85.90000000000009,17.5,0.20372526193247942,,,57.0,0.663562281722933,0.0,0.0,0.01251047008771142,0.19298245614035087,0.0,0,11,13,17,35,,57,33,5.400000000000002,0.06286379511059367,6.000000000000003,0.06984866123399297,27,30,37
28,D,all_agents,,,40,30,10,0,30,0,0.2929473138612405,0.2168968469675457,0.802142199341744,0.03362757284507747,166,30,0.75,0,0.0,0.0,32.2,994,,,,,,,,,,,,,,,,,,,,,,,,,,,
28,D,participants_only,,,30,30,0,0,30,0,0.32367397842730106,0.2447163428962025,0.802142199341744,0.03835004729251571,166,30,1.0,0,0.0,0.0,26.266666666666666,994,,,,,,,,,,,,,,,,,,,,,,,,,,,
28,D,nonparticipants_only,,,10,0,10,0,0,0,0.20076732016305893,0.15836120123381214,0.5478783826079161,0.008130614518500355,0,0,0.0,0,0.0,0.0,50.0,0,,,,,,,,,,,,,,,,,,,,,,,,,,,
28,D,step_totals,,,,,,,,,,,,,,,,,,,,,75.6000000000001,16.0,0.21164021164021138,,,48.0,0.6349206349206341,0.0,0.0,0.013150890035729045,0.1875,0.0,0,9,12,48,32,,48,31,5.600000000000002,0.07407407407407401,6.000000000000003,0.0793650793650793,28,30,33
29,D,all_agents,,,40,30,10,0,30,0,0.29676104721415947,0.22004130743674188,0.8100565113680742,0.03473916458010951,176,30,0.75,0,0.0,0.0,31.975,1037,,,,,,,,,,,,,,,,,,,,,,,,,,,
29,D,participants_only,,,30,30,0,0,30,0,0.3285808929430012,0.24749252927185889,0.8100565113680742,0.03962986656536257,176,30,1.0,0,0.0,0.0,25.966666666666665,1037,,,,,,,,,,,,,,,,,,,,,,,,,,,
29,D,nonparticipants_only,,,10,0,10,0,0,0,0.20130151002763436,0.1579762751788062,0.5451389906948765,0.007917027637862924,0,0,0.0,0,0.0,0.0,50.0,0,,,,,,,,,,,,,,,,,,,,,,,,,,,
29,D,step_totals,,,,,,,,,,,,,,,,,,,,,85.90000000000009,17.5,0.20372526193247942,,,57.0,0.663562281722933,0.0,0.0,0.012702255436070233,0.17543859649122806,0.0,0,10,13,17,35,,57,33,5.400000000000002,0.06286379511059367,6.000000000000003,0.06984866123399297,27,30,37
30,D,all_agents,,,40,30,10,0,30,0,0.29977992526186553,0.21966187794580627,0.8176542509133512,0.03597651278790126,182,30,0.75,0,0.0,0.0,32.2,1078,,,,,,,,,,,,,,,,,,,,,,,,,,,
30,D,participants_only,,,30,30,0,0,30,0,0.33242934723483947,0.24731879088600545,0.8176542509133512,0.04113505231728014,182,30,1.0,0,0.0,0.0,26.266666666666666,1078,,,,,,,,,,,,,,,,,,,,,,,,,,,
30,D,nonparticipants_only,,,10,0,10,0,0,0,0.20183165934294367,0.15747861187102677,0.5424132957414021,0.0077090771377328355,0,0,0.0,0,0.0,0.0,50.0,0,,,,,,,,,,,,,,,,,,,,,,,,,,,
30,D,step_totals,,,,,,,,,,,,,,,,,,,,,75.10000000000008,15.5,0.20639147802929406,,,48.0,0.6391478029294267,0.0,0.0,0.012168535595346799,0.125,0.0,0,6,12,47,31,,48,31,5.600000000000002,0.07456724367509981,6.000000000000003,0.07989347536617838,28,30,33
30,D,reachability,0.15,0.0,,,,,,,,,,,,,,,,,,,,,,,,,,,,,,,,,,,,,,,,,,,,,
31,D,all_agents,,,40,30,10,0,30,0,0.30329035177071023,0.22182448125074217,0.8249480808768171,0.037102229604812555,188,30,0.75,0,0.0,0.0,31.975,1120,,,,,,,,,,,,,,,,,,,,,,,,,,,
31,D,participants_only,,,30,30,0,0,30,0,0.3369345822902917,0.2500218417122518,0.8249480808768171,0.042439492131084125,188,30,1.0,0,0.0,0.0,25.966666666666665,1120,,,,,,,,,,,,,,,,,,,,,,,,,,,
31,D,nonparticipants_only,,,10,0,10,0,0,0,0.2023576602119659,0.15977424906562418,0.539701229262695,0.007507231058940994,0,0,0.0,0,0.0,0.0,50.0,0,,,,,,,,,,,,,,,,,,,,,,,,,,,
31,D,step_totals,,,,,,,,,,,,,,,,,,,,,85.50000000000009,17.5,0.2046783625730992,,,57.0,0.666666666666666,0.0,0.0,0.011918623927246007,0.10526315789473684,0.0,0,6,15,15,35,,57,32,5.000000000000002,0.05847953216374265,6.000000000000003,0.07017543859649118,25,30,37
32,D,all_agents,,,40,30,10,0,29,1,0.3061414637468211,0.2227286050232717,0.8319501576417445,0.03829378222614561,195,30,0.75,0,0.0,0.0,32.2,1161,,,,,,,,,,,,,,,,,,,,,,,,,,,
32,D,participants_only,,,30,30,0,0,29,1,0.3405622000725766,0.24877173250369053,0.8319501576417445,0.043881775531147464,195,30,1.0,0,0.0,0.0,26.266666666666666,1161,,,,,,,,,,,,,,,,,,,,,,,,,,,
32,D,nonparticipants_only,,,10,0,10,0,0,0,0.20287925476955476,0.15984756829856417,0.5370027231163815,0.007312357240653875,0,0,0.0,0,0.0,0.0,50.0,0,,,,,,,,,,,,,,,,,,,,,,,,,,,
32,D,step_totals,,,,,,,,,,,,,,,,,,,,,75.1000000000001,15.5,0.20639147802929403,,,48.0,0.6391478029294266,0.0,0.0,0.011663419548689465,0.14583333333333334,0.0,0,7,12,46,31,,48,30,5.600000000000002,0.0745672436750998,6.000000000000003,0.07989347536617837,28,30,33
33,D,all_agents,,,40,30,10,0,29,1,0.3093839761615431,0.22520089471958626,0.8386721513360748,0.03937203523886888,201,30,0.75,0,0.0,0.0,31.975,1202,,,,,,,,,,,,,,,,,,,,,,,,,,,
33,D,participants_only,,,30,30,0,0,29,1,0.344712762225174,0.25189256233247836,0.8386721513360748,0.04513018741671791,201,30,1.0,0,0.0,0.0,25.966666666666665,1202,,,,,,,,,,,,,,,,,,,,,,,,,,,
33,D,nonparticipants_only,,,10,0,10,0,0,0,0.20339761797065037,0.159470129601933,0.5343177095007996,0.007120101208564168,0,0,0.0,0,0.0,0.0,50.0,0,,,,,,,,,,,,,,,,,,,,,,,,,,,
33,D,step_totals,,,,,,,,,,,,,,,,,,,,,85.00000000000009,17.0,0.1999999999999998,,,57.0,0.6705882352941169,0.0,0.0,0.01126547837392064,0.10526315789473684,0.0,0,6,15,15,34,,57,32,5.000000000000002,0.05882352941176467,6.000000000000003,0.0705882352941176,25,30,37
34,D,all_agents,,,40,30,10,0,29,1,0.3120457763774402,0.2252859094250501,0.8451252652826318,0.04056324284983218,211,30,0.75,0,0.0,0.0,32.2,1243,,,,,,,,,,,,,,,,,,,,,,,,,,,
34,D,participants_only,,,30,30,0,0,29,1,0.34809033323915445,0.25063309952081597,0.8451252652826318,0.04657647582738224,211,30,1.0,0,0.0,0.0,26.266666666666666,1243,,,,,,,,,,,,,,,,,,,,,,,,,,,
34,D,nonparticipants_only,,,10,0,10,0,0,0,0.2039121057922975,0.1589827570640749,0.5316461209532956,0.006933022964893787,0,0,0.0,0,0.0,0.0,50.0,0,,,,,,,,,,,,,,,,,,,,,,,,,,,
34,D,step_totals,,,,,,,,,,,,,,,,,,,,,75.10000000000008,15.5,0.20639147802929406,,,48.0,0.6391478029294267,0.0,0.0,0.011088466775834905,0.20833333333333334,0.0,0,10,12,46,31,,48,30,5.600000000000002,0.07456724367509981,6.000000000000003,0.07989347536617838,28,30,33
35,D,all_agents,,,40,30,10,0,29,1,0.31490679368855584,0.22451044076272503,0.8513202546713265,0.041608712668384444,218,30,0.75,0,0.0,0.0,31.975,1282,,,,,,,,,,,,,,,,,,,,,,,,,,,
35,D,participants_only,,,30,30,0,0,29,1,0.3517348673768322,0.2518969394466093,0.8513202546713265,0.04780248915129978,218,30,1.0,0,0.0,0.0,25.966666666666665,1282,,,,,,,,,,,,,,,,,,,,,,,,,,,
35,D,nonparticipants_only,,,10,0,10,0,0,0,0.20442257262372682,0.1612194887643677,0.5289878903485291,0.0067516990805690956,0,0,0.0,0,0.0,0.0,50.0,0,,,,,,,,,,,,,,,,,,,,,,,,,,,
35,D,step_totals,,,,,,,,,,,,,,,,,,,,,83.30000000000008,15.5,0.18607442977190858,,,57.0,0.6842737094837928,0.0,0.0,0.01045458643477124,0.12280701754385964,0.0,0,7,16,14,31,,57,32,4.800000000000002,0.05762304921968784,6.000000000000003,0.0720288115246098,24,30,37
36,D,all_agents,,,40,30,10,0,29,1,0.3176045517595147,0.2242768036280331,0.8572674444844735,0.042753631241712775,223,30,0.75,0,0.0,0.0,32.2,1325,,,,,,,,,,,,,,,,,,,,,,,,,,,
36,D,participants_only,,,30,30,0,0,29,1,0.35516312722396315,0.25063745474937627,0.8572674444844735,0.049170002955768136,223,30,1.0,0,0.0,0.0,26.266666666666666,1325,,,,,,,,,,,,,,,,,,,,,,,,,,,
36,D,nonparticipants_only,,,10,0,10,0,0,0,0.2049288253661693,0.16179894242555404,0.5263429508967865,0.006576757008522636,0,0,0.0,0,0.0,0.0,50.0,0,,,,,,,,,,,,,,,,,,,,,,,,,,,
36,D,step_totals,,,,,,,,,,,,,,,,,,,,,75.1000000000001,15.5,0.20639147802929403,,,48.0,0.6391478029294266,0.0,0.0,0.01122958075380296,0.10416666666666667,0.0,0,5,12,46,31,,48,30,5.600000000000002,0.0745672436750998,6.000000000000003,0.07989347536617837,28,30,33
37,D,all_agents,,,40,30,10,0,28,2,0.3208555733077944,0.2257468510932529,0.8629767467050945,0.04375052350548707,231,30,0.75,0,0.0,0.0,31.975,1370,,,,,,,,,,,,,,,,,,,,,,,,,,,
37,D,participants_only,,,30,30,0,0,28,2,0.35933014355621656,0.2517096025506166,0.8629767467050945,0.050278033668746204,231,30,1.0,0,0.0,0.0,25.966666666666665,1370,,,,,,,,,,,,,,,,,,,,,,,,,,,
37,D,nonparticipants_only,,,10,0,10,0,0,0,0.20543186256252793,0.16229749970703408,0.5237112361423025,0.006404482346100401,0,0,0.0,0,0.0,0.0,50.0,0,,,,,,,,,,,,,,,,,,,,,,,,,,,
37,D,step_totals,,,,,,,,,,,,,,,,,,,,,83.30000000000008,15.5,0.18607442977190858,,,57.0,0.6842737094837928,0.0,0.0,0.011601153515257904,0.14035087719298245,0.0,0,8,16,14,31,,57,32,4.800000000000002,0.05762304921968784,6.000000000000003,0.0720288115246098,24,30,37
38,D,all_agents,,,40,30,10,0,29,1,0.32313265231229,0.22831482478544224,0.8684576768368907,0.04482790505866618,235,30,0.75,0,0.0,0.0,32.2,1410,,,,,,,,,,,,,,,,,,,,,,,,,,,
38,D,participants_only,,,30,30,0,0,29,1,0.36219984613107037,0.2504510545378635,0.8684576768368907,0.051586453554365086,235,30,1.0,0,0.0,0.0,26.266666666666666,1410,,,,,,,,,,,,,,,,,,,,,,,,,,,
38,D,nonparticipants_only,,,10,0,10,0,0,0,0.20593107085594878,0.16309880382064185,0.521092679961591,0.006237311977079614,0,0,0.0,0,0.0,0.0,50.0,0,,,,,,,,,,,,,,,,,,,,,,,,,,,
38,D,step_totals,,,,,,,,,,,,,,,,,,,,,74.10000000000008,14.5,0.19568151147098495,,,48.0,0.6477732793522261,0.0,0.0,0.010085683863631538,0.08333333333333333,0.0,0,4,12,46,29,,48,30,5.600000000000002,0.07557354925775973,6.000000000000003,0.08097165991902829,28,30,33
39,D,all_agents,,,40,30,10,0,28,2,0.32596874521147445,0.22749831391308542,0.873719369763415,0.045783187136435144,241,30,0.75,0,0.0,0.0,31.975,1452,,,,,,,,,,,,,,,,,,,,,,,,,,,
39,D,participants_only,,,30,30,0,0,28,2,0.36581606978403364,0.26041552104886845,0.873719369763415,0.05266828369122139,241,30,1.0,0,0.0,0.0,25.966666666666665,1452,,,,,,,,,,,,,,,,,,,,,,,,,,,
39,D,nonparticipants_only,,,10,0,10,0,0,0,0.20642677149379696,0.16627472258091625,0.5184872165617831,0.006074186164985865,0,0,0.0,0,0.0,0.0,50.0,0,,,,,,,,,,,,,,,,,,,,,,,,,,,
39,D,step_totals,,,,,,,,,,,,,,,,,,,,,82.40000000000008,15.0,0.18203883495145615,,,57.0,0.6917475728155333,0.0,0.0,0.010547232962910887,0.10526315789473684,0.0,0,6,18,12,30,,57,31,4.400000000000001,0.05339805825242715,6.000000000000003,0.07281553398058249,22,30,37
40,D,all_agents,,,40,30,10,0,28,2,0.32825686208401916,0.22687168587530032,0.8749821760657809,0.0468599578187339,248,30,0.75,0,0.0,0.0,32.2,1494,,,,,,,,,,,,,,,,,,,,,,,,,,,
40,D,participants_only,,,30,30,0,0,28,2,0.3687030041274436,0.2591134434436241,0.8749821760657809,0.05396412274233868,248,30,1.0,0,0.0,0.0,26.266666666666666,1494,,,,,,,,,,,,,,,,,,,,,,,,,,,
40,D,nonparticipants_only,,,10,0,10,0,0,0,0.20691843595374607,0.167765232255135,0.5158947804789742,0.005916778173557245,0,0,0.0,0,0.0,0.0,50.0,0,,,,,,,,,,,,,,,,,,,,,,,,,,,
40,D,step_totals,,,,,,,,,,,,,,,,,,,,,73.60000000000008,14.0,0.19021739130434762,,,48.0,0.6521739130434776,0.0,0.0,0.010231973514092807,0.14583333333333334,0.0,0,7,12,45,28,,48,29,5.600000000000002,0.07608695652173908,6.000000000000003,0.08152173913043473,28,30,33
40,D,reachability,0.2,0.0,,,,,,,,,,,,,,,,,,,,,,,,,,,,,,,,,,,,,,,,,,,,,
41,D,all_agents,,,40,30,10,0,26,4,0.33122044617292207,0.22728853333611188,0.8799828890231497,0.04789237318002008,257,30,0.75,0,0.0,0.0,31.975,1541,,,,,,,,,,,,,,,,,,,,,,,,,,,
41,D,participants_only,,,30,30,0,0,26,4,0.3724916677870582,0.2632403489497197,0.8799828890231497,0.05512237894383377,257,30,1.0,0,0.0,0.0,25.966666666666665,1541,,,,,,,,,,,,,,,,,,,,,,,,,,,
41,D,nonparticipants_only,,,10,0,10,0,0,0,0.20740678133051374,0.16825143734435194,0.5133153065765793,0.005762591086301385,0,0,0.0,0,0.0,0.0,50.0,0,,,,,,,,,,,,,,,,,,,,,,,,,,,
41,D,step_totals,,,,,,,,,,,,,,,,,,,,,81.90000000000009,14.5,0.17704517704517686,,,57.0,0.6959706959706952,0.0,0.0,0.011016778134972168,0.15789473684210525,0.0,0,9,18,12,29,,57,30,4.400000000000001,0.05372405372405368,6.000000000000003,0.07326007326007321,22,30,37
42,D,all_agents,,,40,30,10,0,26,4,0.3332652338613157,0.22691791389712768,0.8847835734622237,0.048905569884001375,263,30,0.75,0,0.0,0.0,32.2,1582,,,,,,,,,,,,,,,,,,,,,,,,,,,
42,D,participants_only,,,30,30,0,0,26,4,0.37505643292370466,0.2619241472049711,0.8847835734622237,0.05635059133785784,263,30,1.0,0,0.0,0.0,26.266666666666666,1582,,,,,,,,,,,,,,,,,,,,,,,,,,,
42,D,nonparticipants_only,,,10,0,10,0,0,0,0.20789163667414845,0.1690578884484056,0.5107487300436964,0.0056124536935652485,0,0,0.0,0,0.0,0.0,50.0,0,,,,,,,,,,,,,,,,,,,,,,,,,,,
42,D,step_totals,,,,,,,,,,,,,,,,,,,,,72.90000000000008,13.5,0.18518518518518498,,,48.0,0.6584362139917689,0.0,0.0,0.009575977700971065,0.125,0.0,0,6,13,44,27,,48,29,5.400000000000002,0.07407407407407403,6.000000000000003,0.08230452674897114,27,30,33
43,D,all_agents,,,40,30,10,0,26,4,0.33592560784870557,0.22909298874839223,0.8893922305237347,0.04987606288555702,270,30,0.75,0,0.0,0.0,31.975,1627,,,,,,,,,,,,,,,,,,,,,,,,,,,
43,D,participants_only,,,30,30,0,0,26,4,0.3784431343793783,0.26625444996725833,0.8893922305237347,0.0574483955775566,270,30,1.0,0,0.0,0.0,25.966666666666665,1627,,,,,,,,,,,,,,,,,,,,,,,,,,,
43,D,nonparticipants_only,,,10,0,10,0,0,0,0.2083730282566873,0.1701248465603507,0.5081949863934779,0.0054661840621207415,0,0,0.0,0,0.0,0.0,50.0,0,,,,,,,,,,,,,,,,,,,,,,,,,,,
43,D,step_totals,,,,,,,,,,,,,,,,,,,,,81.20000000000007,14.0,0.17241379310344812,,,57.0,0.701970443349753,0.0,0.0,0.01024268546210965,0.12280701754385964,0.0,0,7,19,11,28,,57,30,4.200000000000001,0.05172413793103445,6.000000000000003,0.07389162561576351,21,30,37
44,D,all_agents,,,40,30,10,0,26,4,0.33797162521880525,0.22964276598773295,0.8938165413027853,0.05085678054337276,274,30,0.75,0,0.0,0.0,32.2,1670,,,,,,,,,,,,,,,,,,,,,,,,,,,
44,D,participants_only,,,30,30,0,0,26,4,0.3810119648897746,0.26925196413287344,0.8938165413027853,0.05862414244178406,274,30,1.0,0,0.0,0.0,26.266666666666666,1670,,,,,,,,,,,,,,,,,,,,,,,,,,,
44,D,nonparticipants_only,,,10,0,10,0,0,0,0.20885060620589707,0.1718974193955724,0.5056540114615106,0.005325044780229793,0,0,0.0,0,0.0,0.0,50.0,0,,,,,,,,,,,,,,,,,,,,,,,,,,,
44,D,step_totals,,,,,,,,,,,,,,,,,,,,,72.00000000000007,13.0,0.18055555555555539,,,48.0,0.666666666666666,0.0,0.0,0.009740934659263418,0.08333333333333333,0.0,0,4,15,44,26,,48,29,5.000000000000002,0.0694444444444444,6.000000000000003,0.08333333333333329,25,30,32
45,D,all_agents,,,40,30,10,0,24,6,0.34051266395451807,0.23000919359916888,0.8980638796506739,0.05180531319829895,281,30,0.75,0,0.0,0.0,31.975,1715,,,,,,,,,,,,,,,,,,,,,,,,,,,
45,D,participants_only,,,30,30,0,0,24,6,0.38424177692076095,0.27096233912777756,0.8980638796506739,0.05969628993555205,281,30,1.0,0,0.0,0.0,25.966666666666665,1715,,,,,,,,,,,,,,,,,,,,,,,,,,,
45,D,nonparticipants_only,,,10,0,10,0,0,0,0.20932532505578924,0.17192511050447443,0.503125741404203,0.005185559136766425,0,0,0.0,0,0.0,0.0,50.0,0,,,,,,,,,,,,,,,,,,,,,,,,,,,
45,D,step_totals,,,,,,,,,,,,,,,,,,,,,80.70000000000007,13.5,0.1672862453531597,,,57.0,0.7063197026022299,0.0,0.0,0.009979497375732909,0.12280701754385964,0.0,0,7,19,11,27,,57,29,4.200000000000001,0.052044609665427476,6.000000000000003,0.07434944237918212,21,30,36
46,D,all_agents,,,40,30,10,0,24,6,0.34243619051760243,0.23088053857606794,0.902141324464647,0.05278850803417709,287,30,0.75,0,0.0,0.0,32.2,1758,,,,,,,,,,,,,,,,,,,,,,,,,,,
46,D,participants_only,,,30,30,0,0,24,6,0.386649556232951,0.26960752743213867,0.902141324464647,0.060881427171201694,287,30,1.0,0,0.0,0.0,26.266666666666666,1758,,,,,,,,,,,,,,,,,,,,,,,,,,,
46,D,nonparticipants_only,,,10,0,10,0,0,0,0.20979609337155677,0.17318757166958,0.5006101126971819,0.00505189012855338,0,0,0.0,0,0.0,0.0,50.0,0,,,,,,,,,,,,,,,,,,,,,,,,,,,
46,D,step_totals,,,,,,,,,,,,,,,,,,,,,72.00000000000007,13.0,0.18055555555555539,,,48.0,0.666666666666666,0.0,0.0,0.009359805397721098,0.125,0.0,0,6,15,44,26,,48,29,5.000000000000002,0.0694444444444444,6.000000000000003,0.08333333333333329,25,30,32
47,D,all_agents,,,40,30,10,0,24,6,0.34496809479243634,0.23125697023735092,0.9060556714860611,0.053731832057707936,293,30,0.75,0,0.0,0.0,31.975,1805,,,,,,,,,,,,,,,,,,,,,,,,,,,
47,D,participants_only,,,30,30,0,0,24,6,0.38986955468054085,0.2738506390327416,0.9060556714860611,0.06193752935411647,293,30,1.0,0,0.0,0.0,25.966666666666665,1805,,,,,,,,,,,,,,,,,,,,,,,,,,,
47,D,nonparticipants_only,,,10,0,10,0,0,0,0.21026371512812267,0.1739949848900275,0.498107062133696,0.0049210469674856126,0,0,0.0,0,0.0,0.0,50.0,0,,,,,,,,,,,,,,,,,,,,,,,,,,,
47,D,step_totals,,,,,,,,,,,,,,,,,,,,,80.50000000000009,13.5,0.16770186335403708,,,57.0,0.7080745341614899,0.0,0.0,0.009995100815552837,0.10526315789473684,0.0,0,6,20,11,27,,57,29,4.000000000000001,0.049689440993788775,6.000000000000003,0.07453416149068319,20,30,36
48,D,all_agents,,,40,30,10,0,24,6,0.34680469689368354,0.23128023955153448,0.9098134446266187,0.05467528238961177,297,30,0.75,0,0.0,0.0,32.2,1849,,,,,,,,,,,,,,,,,,,,,,,,,,,
48,D,participants_only,,,30,30,0,0,24,6,0.392163517366652,0.27248138583757786,0.9098134446266187,0.06307304173873347,297,30,1.0,0,0.0,0.0,26.266666666666666,1849,,,,,,,,,,,,,,,,,,,,,,,,,,,
48,D,nonparticipants_only,,,10,0,10,0,0,0,0.21072823547477817,0.1745278749153819,0.4956165268230275,0.004792933205858876,0,0,0.0,0,0.0,0.0,50.0,0,,,,,,,,,,,,,,,,,,,,,,,,,,,
48,D,step_totals,,,,,,,,,,,,,,,,,,,,,71.30000000000005,12.5,0.17531556802244025,,,48.0,0.6732117812061706,0.0,0.0,0.009200672455580358,0.08333333333333333,0.0,0,4,16,43,25,,48,28,4.800000000000002,0.06732117812061708,6.000000000000003,0.08415147265077136,24,30,32
49,D,all_agents,,,40,30,10,0,23,7,0.34924031567135455,0.2333827323455687,0.913420906841554,0.05559448818912987,304,30,0.75,0,0.0,0.0,31.975,1897,,,,,,,,,,,,,,,,,,,,,,,,,,,
49,D,participants_only,,,30,30,0,0,23,7,0.3952573028394208,0.2741634350553621,0.913420906841554,0.0640995456358487,304,30,1.0,0,0.0,0.0,25.966666666666665,1897,,,,,,,,,,,,,,,,,,,,,,,,,,,
49,D,nonparticipants_only,,,10,0,10,0,0,0,0.21118935416715576,0.1753599267620631,0.49313844418891234,0.0046685585526616636,0,0,0.0,0,0.0,0.0,50.0,0,,,,,,,,,,,,,,,,,,,,,,,,,,,
49,D,step_totals,,,,,,,,,,,,,,,,,,,,,79.50000000000007,12.5,0.15723270440251558,,,57.0,0.7169811320754711,0.0,0.0,0.009878630554578728,0.12280701754385964,0.0,0,7,20,11,25,,57,29,4.000000000000001,0.050314465408805,6.000000000000003,0.07547169811320752,20,30,36
50,D,all_agents,,,40,30,10,0,23,7,0.35101151138241454,0.23374013478397676,0.9168840705678918,0.056532038280416155,310,30,0.75,0,0.0,0.0,32.2,1942,,,,,,,,,,,,,,,,,,,,,,,,,,,
50,D,participants_only,,,30,30,0,0,23,7,0.3974664300863867,0.27279261788008535,0.9168840705678918,0.0652274136498454,310,30,1.0,0,0.0,0.0,26.266666666666666,1942,,,,,,,,,,,,,,,,,,,,,,,,,,,
50,D,nonparticipants_only,,,10,0,10,0,0,0,0.21164675527049787,0.17629517944756914,0.4906727519679678,0.0045491985106163825,0,0,0.0,0,0.0,0.0,50.0,0,,,,,,,,,,,,,,,,,,,,,,,,,,,
50,D,step_totals,,,,,,,,,,,,,,,,,,,,,71.30000000000007,12.5,0.17531556802244022,,,48.0,0.6732117812061704,0.0,0.0,0.009008246694063434,0.125,0.0,0,6,16,43,25,,48,28,4.800000000000002,0.06732117812061707,6.000000000000003,0.08415147265077134,24,30,32
50,D,reachability,0.2,0.0,,,,,,,,,,,,,,,,,,,,,,,,,,,,,,,,,,,,,,,,,,,,,
51,D,all_agents,,,40,30,10,0,23,7,0.35326750280251573,0.23337030090999356,0.9202087077451762,0.05742205078843827,315,30,0.75,0,0.0,0.0,31.975,1989,,,,,,,,,,,,,,,,,,,,,,,,,,,
51,D,participants_only,,,30,30,0,0,23,7,0.40032292318254314,0.27351984612242175,0.9202087077451762,0.06622853277863151,315,30,1.0,0,0.0,0.0,25.966666666666665,1989,,,,,,,,,,,,,,,,,,,,,,,,,,,
51,D,nonparticipants_only,,,10,0,10,0,0,0,0.21210124166243333,0.17797733976753125,0.48821938820812794,0.004432053772165289,0,0,0.0,0,0.0,0.0,50.0,0,,,,,,,,,,,,,,,,,,,,,,,,,,,
51,D,step_totals,,,,,,,,,,,,,,,,,,,,,77.60000000000008,11.0,0.14175257731958749,,,57.0,0.7345360824742261,0.0,0.0,0.009621113805293438,0.08771929824561403,0.0,0,5,23,11,22,,57,27,3.600000000000001,0.046391752577319555,6.000000000000003,0.07731958762886594,18,30,33
52,D,all_agents,,,40,30,10,0,23,7,0.35471498638052346,0.2335205483727337,0.9234003594353691,0.058261935497991864,324,30,0.75,0,0.0,0.0,32.2,2030,,,,,,,,,,,,,,,,,,,,,,,,,,,
52,D,participants_only,,,30,30,0,0,23,7,0.40210243665329937,0.2721522468918096,0.9234003594353691,0.06726108846203412,324,30,1.0,0,0.0,0.0,26.266666666666666,2030,,,,,,,,,,,,,,,,,,,,,,,,,,,
52,D,nonparticipants_only,,,10,0,10,0,0,0,0.21255263556219559,0.17876081157570273,0.48577829126708727,0.004317631285607349,0,0,0.0,0,0.0,0.0,50.0,0,,,,,,,,,,,,,,,,,,,,,,,,,,,
52,D,step_totals,,,,,,,,,,,,,,,,,,,,,71.30000000000007,12.5,0.17531556802244022,,,48.0,0.6732117812061704,0.0,0.0,0.00794514896846519,0.1875,0.0,0,9,16,42,25,,48,27,4.800000000000002,0.06732117812061707,6.000000000000003,0.08415147265077134,24,30,32
53,D,all_agents,,,40,30,10,0,22,8,0.35671849025088576,0.2339873709524682,0.9264643450579544,0.05916531278201458,336,30,0.75,0,0.0,0.0,31.975,2077,,,,,,,,,,,,,,,,,,,,,,,,,,,
53,D,participants_only,,,30,30,0,0,22,8,0.404624346539287,0.2720945827775823,0.9264643450579544,0.06830518395827843,336,30,1.0,0,0.0,0.0,25.966666666666665,2077,,,,,,,,,,,,,,,,,,,,,,,,,,,
53,D,nonparticipants_only,,,10,0,10,0,0,0,0.21300092138568172,0.1797654329288397,0.4833493998107518,0.004206046452523481,0,0,0.0,0,0.0,0.0,50.0,0,,,,,,,,,,,,,,,,,,,,,,,,,,,
53,D,step_totals,,,,,,,,,,,,,,,,,,,,,76.10000000000007,9.5,0.12483574244415233,,,57.0,0.7490144546649139,0.0,0.0,0.009068804651574038,0.21052631578947367,0.0,0,12,23,10,19,,57,27,3.600000000000001,0.047306176084099844,6.000000000000003,0.07884362680683309,18,30,33
54,D,all_agents,,,40,30,10,0,22,8,0.35822321379983746,0.23463795567313722,0.9294057712556362,0.05996121999460319,341,30,0.75,0,0.0,0.0,32.2,2119,,,,,,,,,,,,,,,,,,,,,,,,,,,
54,D,participants_only,,,30,30,0,0,22,8,0.40648235569822033,0.2707341098636944,0.9294057712556362,0.06926631113228943,341,30,1.0,0,0.0,0.0,26.266666666666666,2119,,,,,,,,,,,,,,,,,,,,,,,,,,,
54,D,nonparticipants_only,,,10,0,10,0,0,0,0.21344578810468903,0.18109525081219868,0.48093265281169806,0.004098609260325474,0,0,0.0,0,0.0,0.0,50.0,0,,,,,,,,,,,,,,,,,,,,,,,,,,,
54,D,step_totals,,,,,,,,,,,,,,,,,,,,,71.30000000000007,12.5,0.17531556802244022,,,48.0,0.6732117812061704,0.0,0.0,0.008160542782385326,0.10416666666666667,0.0,0,5,16,42,25,,48,27,4.800000000000002,0.06732117812061707,6.000000000000003,0.08415147265077134,24,30,31
55,D,all_agents,,,40,30,10,0,22,8,0.3601282601429283,0.23541701509164661,0.9322295404054107,0.0609025437609463,350,30,0.75,0,0.0,0.0,31.975,2167,,,,,,,,,,,,,,,,,,,,,,,,,,,
55,D,participants_only,,,30,30,0,0,22,8,0.4088751735378363,0.27161523416992744,0.9322295404054107,0.07036695024402603,350,30,1.0,0,0.0,0.0,25.966666666666665,2167,,,,,,,,,,,,,,,,,,,,,,,,,,,
55,D,nonparticipants_only,,,10,0,10,0,0,0,0.21388751995820432,0.18218085765321698,0.4785279895476396,0.003994185525339168,0,0,0.0,0,0.0,0.0,50.0,0,,,,,,,,,,,,,,,,,,,,,,,,,,,
55,D,step_totals,,,,,,,,,,,,,,,,,,,,,75.60000000000007,9.0,0.11904761904761894,,,57.0,0.7539682539682533,0.0,0.0,0.00884364218055108,0.15789473684210525,0.0,0,9,24,10,18,,57,27,3.600000000000001,0.04761904761904759,6.000000000000003,0.07936507936507933,18,30,33
56,D,all_agents,,,40,30,10,0,22,8,0.36166522605212736,0.23556484090717278,0.9349403587891943,0.06169966107633389,355,30,0.75,0,0.0,0.0,32.2,2212,,,,,,,,,,,,,,,,,,,,,,,,,,,
56,D,participants_only,,,30,30,0,0,22,8,0.4107782117555718,0.2702571579990778,0.9349403587891943,0.07132042162779728,355,30,1.0,0,0.0,0.0,26.266666666666666,2212,,,,,,,,,,,,,,,,,,,,,,,,,,,
56,D,nonparticipants_only,,,10,0,10,0,0,0,0.21432626894179396,0.1834980007742217,0.4761353495999014,0.003892355045462868,0,0,0.0,0,0.0,0.0,50.0,0,,,,,,,,,,,,,,,,,,,,,,,,,,,
56,D,step_totals,,,,,,,,,,,,,,,,,,,,,71.30000000000008,12.5,0.1753155680224402,,,48.0,0.6732117812061703,0.0,0.0,0.00829180589126155,0.10416666666666667,0.0,0,5,16,41,25,,48,27,4.800000000000002,0.06732117812061705,6.000000000000003,0.08415147265077133,24,30,31
57,D,all_agents,,,40,30,10,0,22,8,0.3633156609873525,0.2350949877185326,0.9375427444376265,0.06258099931879707,362,30,0.75,0,0.0,0.0,31.975,2258,,,,,,,,,,,,,,,,,,,,,,,,,,,
57,D,participants_only,,,30,30,0,0,22,8,0.4128334459479719,0.2719142250778266,0.9375427444376265,0.07236927116950753,362,30,1.0,0,0.0,0.0,25.966666666666665,2258,,,,,,,,,,,,,,,,,,,,,,,,,,,
57,D,nonparticipants_only,,,10,0,10,0,0,0,0.21476230610549435,0.1842619855653212,0.47375467285190187,0.003792051437791948,0,0,0.0,0,0.0,0.0,50.0,0,,,,,,,,,,,,,,,,,,,,,,,,,,,
57,D,step_totals,,,,,,,,,,,,,,,,,,,,,75.60000000000007,9.0,0.11904761904761894,,,57.0,0.7539682539682533,0.0,0.0,0.008048963794473032,0.12280701754385964,0.0,0,7,24,10,18,,57,27,3.600000000000001,0.04761904761904759,6.000000000000003,0.07936507936507933,18,30,33
58,D,all_agents,,,40,30,10,0,22,8,0.364599484801283,0.23524252099689633,0.9400410346601215,0.06331302679763523,367,30,0.75,0,0.0,0.0,32.2,2301,,,,,,,,,,,,,,,,,,,,,,,,,,,
58,D,participants_only,,,30,30,0,0,22,8,0.4144008901010384,0.2705546539524375,0.9400410346601215,0.07326505796616745,367,30,1.0,0,0.0,0.0,26.266666666666666,2301,,,,,,,,,,,,,,,,,,,,,,,,,,,
58,D,nonparticipants_only,,,10,0,10,0,0,0,0.21519526890201665,0.1854506133007935,0.47138589948764237,0.003694773654072477,0,0,0.0,0,0.0,0.0,50.0,0,,,,,,,,,,,,,,,,,,,,,,,,,,,
58,D,step_totals,,,,,,,,,,,,,,,,,,,,,70.80000000000007,12.0,0.16949152542372864,,,48.0,0.6779661016949146,0.0,0.0,0.007534731869211262,0.10416666666666667,0.0,0,5,16,40,24,,48,26,4.800000000000002,0.06779661016949148,6.000000000000003,0.08474576271186436,24,30,30
59,D,all_agents,,,40,30,10,0,22,8,0.3663093159929837,0.23754341067966794,0.9424393932737166,0.0641847316595467,375,30,0.75,0,0.0,0.0,31.975,2349,,,,,,,,,,,,,,,,,,,,,,,,,,,
59,D,participants_only,,,30,30,0,0,22,8,0.41653732098829405,0.2716426872803216,0.9424393932737166,0.07428823980595683,375,30,1.0,0,0.0,0.0,25.966666666666665,2349,,,,,,,,,,,,,,,,,,,,,,,,,,,
59,D,nonparticipants_only,,,10,0,10,0,0,0,0.2156253010070527,0.18640941229529437,0.46902896999020416,0.003599977390609288,0,0,0.0,0,0.0,0.0,50.0,0,,,,,,,,,,,,,,,,,,,,,,,,,,,
59,D,step_totals,,,,,,,,,,,,,,,,,,,,,75.60000000000007,9.0,0.11904761904761894,,,57.0,0.7539682539682533,0.0,0.0,0.008248440639254315,0.14035087719298245,0.0,0,8,24,10,18,,57,27,3.600000000000001,0.04761904761904759,6.000000000000003,0.07936507936507933,18,30,33
60,D,all_agents,,,40,30,10,0,22,8,0.36757192229681773,0.23855839419038505,0.944741817542768,0.06490388784696526,391,30,0.75,0,0.0,0.0,32.2,2393,,,,,,,,,,,,,,,,,,,,,,,,,,,
60,D,participants_only,,,30,30,0,0,22,8,0.41807840235097754,0.27028447384391996,0.944741817542768,0.07516577582677561,391,30,1.0,0,0.0,0.0,26.266666666666666,2393,,,,,,,,,,,,,,,,,,,,,,,,,,,
60,D,nonparticipants_only,,,10,0,10,0,0,0,0.21605248213433823,0.18807538572125057,0.46668382514025314,0.0035073695779992177,0,0,0.0,0,0.0,0.0,50.0,0,,,,,,,,,,,,,,,,,,,,,,,,,,,
60,D,step_totals,,,,,,,,,,,,,,,,,,,,,70.80000000000008,12.0,0.1694915254237286,,,48.0,0.6779661016949144,0.0,0.0,0.007483108406941344,0.3333333333333333,0.0,0,16,16,40,24,,48,26,4.800000000000002,0.06779661016949147,6.000000000000003,0.08474576271186435,24,30,30
60,D,reachability,0.2,0.0,,,,,,,,,,,,,,,,,,,,,,,,,,,,,,,,,,,,,,,,,,,,,
61,D,all_agents,,,40,30,10,0,22,8,0.36934344460260043,0.23779916864169634,0.9469521448410573,0.06578701443056603,397,30,0.75,0,0.0,0.0,31.975,2442,,,,,,,,,,,,,,,,,,,,,,,,,,,
61,D,participants_only,,,30,30,0,0,22,8,0.42029910535041043,0.2709420557361988,0.9469521448410573,0.07619070180869189,397,30,1.0,0,0.0,0.0,25.966666666666665,2442,,,,,,,,,,,,,,,,,,,,,,,,,,,
61,D,nonparticipants_only,,,10,0,10,0,0,0,0.2164764623591703,0.18874302737827459,0.46435040601455185,0.003418199949237598,0,0,0.0,0,0.0,0.0,50.0,0,,,,,,,,,,,,,,,,,,,,,,,,,,,
61,D,step_totals,,,,,,,,,,,,,,,,,,,,,75.60000000000007,9.0,0.11904761904761894,,,57.0,0.7539682539682533,0.0,0.0,0.008454546717655581,0.10526315789473684,0.0,0,6,24,10,18,,57,27,3.600000000000001,0.04761904761904759,6.000000000000003,0.07936507936507933,18,30,32
62,D,all_agents,,,40,30,10,0,22,8,0.3707645920336104,0.23721396546906673,0.9490740590474149,0.06646570203060204,405,30,0.75,0,0.0,0.0,32.2,2488,,,,,,,,,,,,,,,,,,,,,,,,,,,
62,D,participants_only,,,30,30,0,0,22,8,0.4220536093579926,0.2695873454575178,0.9490740590474149,0.07698815674857526,405,30,1.0,0,0.0,0.0,26.266666666666666,2488,,,,,,,,,,,,,,,,,,,,,,,,,,,
62,D,nonparticipants_only,,,10,0,10,0,0,0,0.21689754006046397,0.18969370738204627,0.46202865398447907,0.003331578299473079,0,0,0.0,0,0.0,0.0,50.0,0,,,,,,,,,,,,,,,,,,,,,,,,,,,
62,D,step_totals,,,,,,,,,,,,,,,,,,,,,70.60000000000008,12.0,0.1699716713881018,,,48.0,0.6798866855524072,0.0,0.0,0.00806523297419859,0.16666666666666666,0.0,0,8,17,40,24,,48,27,4.600000000000001,0.06515580736543904,6.000000000000003,0.08498583569405094,23,30,30
63,D,all_agents,,,40,30,10,0,21,9,0.3723586707631529,0.2367603239700588,0.9511110966855183,0.06728449254421,409,30,0.75,0,0.0,0.0,31.975,2536,,,,,,,,,,,,,,,,,,,,,,,,,,,
63,D,participants_only,,,30,30,0,0,21,9,0.4240396371952097,0.2700876317910103,0.9511110966855183,0.07794655221285565,409,30,1.0,0,0.0,0.0,25.966666666666665,2536,,,,,,,,,,,,,,,,,,,,,,,,,,,
63,D,nonparticipants_only,,,10,0,10,0,0,0,0.21731577146698244,0.1908779893689901,0.45971851071455666,0.0032472460420564465,0,0,0.0,0,0.0,0.0,50.0,0,,,,,,,,,,,,,,,,,,,,,,,,,,,
63,D,step_totals,,,,,,,,,,,,,,,,,,,,,75.10000000000007,8.5,0.11318242343541934,,,57.0,0.7589880159786944,0.0,0.0,0.007974005611503352,0.07017543859649122,0.0,0,4,24,10,17,,57,25,3.600000000000001,0.04793608521970703,6.000000000000003,0.0798934753661784,18,30,30
64,D,all_agents,,,40,30,10,0,21,9,0.3735922314234627,0.23674094277186136,0.9530666528180975,0.06794991907753299,417,30,0.75,0,0.0,0.0,32.2,2580,,,,,,,,,,,,,,,,,,,,,,,,,,,
64,D,participants_only,,,30,30,0,0,21,9,0.42554584997404854,0.2687371936320553,0.9530666528180975,0.07874835101096302,417,30,1.0,0,0.0,0.0,26.266666666666666,2580,,,,,,,,,,,,,,,,,,,,,,,,,,,
64,D,nonparticipants_only,,,10,0,10,0,0,0,0.21773137577170504,0.1920532032212866,0.4574199181609839,0.0031644815112455596,0,0,0.0,0,0.0,0.0,50.0,0,,,,,,,,,,,,,,,,,,,,,,,,,,,
64,D,step_totals,,,,,,,,,,,,,,,,,,,,,70.60000000000007,12.0,0.16997167138810182,,,48.0,0.6798866855524073,0.0,0.0,0.007447547770172725,0.16666666666666666,0.0,0,8,17,40,24,,48,27,4.600000000000001,0.06515580736543905,6.000000000000003,0.08498583569405095,23,30,30
65,D,all_agents,,,40,30,10,0,20,10,0.375160992869216,0.23659099778652115,0.9549439867053736,0.06878217790758179,422,30,0.75,0,0.0,0.0,31.975,2630,,,,,,,,,,,,,,,,,,,,,,,,,,,
65,D,participants_only,,,30,30,0,0,20,10,0.4274998964629946,0.2685365834529784,0.9549439867053736,0.07972429714883109,422,30,1.0,0,0.0,0.0,25.966666666666665,2630,,,,,,,,,,,,,,,,,,,,,,,,,,,
65,D,nonparticipants_only,,,10,0,10,0,0,0,0.2181442820878803,0.19302658357729857,0.45513281857017895,0.0030834902310477247,0,0,0.0,0,0.0,0.0,50.0,0,,,,,,,,,,,,,,,,,,,,,,,,,,,
65,D,step_totals,,,,,,,,,,,,,,,,,,,,,75.10000000000007,8.5,0.11318242343541934,,,57.0,0.7589880159786944,0.0,0.0,0.007904924285080562,0.08771929824561403,0.0,0,5,24,10,17,,57,25,3.600000000000001,0.04793608521970703,6.000000000000003,0.0798934753661784,18,30,30
66,D,all_agents,,,40,30,10,0,20,10,0.37628671915956535,0.23540804279758853,0.9567462272371586,0.0694152038597718,429,30,0.75,0,0.0,0.0,32.2,2675,,,,,,,,,,,,,,,,,,,,,,,,,,,
66,D,participants_only,,,30,30,0,0,20,10,0.4288642937903603,0.2671939005357135,0.9567462272371586,0.08049392834150244,429,30,1.0,0,0.0,0.0,26.266666666666666,2675,,,,,,,,,,,,,,,,,,,,,,,,,,,
66,D,nonparticipants_only,,,10,0,10,0,0,0,0.21855399526718056,0.19247683957448408,0.45285715447732805,0.0030062141658981534,0,0,0.0,0,0.0,0.0,50.0,0,,,,,,,,,,,,,,,,,,,,,,,,,,,
66,D,step_totals,,,,,,,,,,,,,,,,,,,,,70.60000000000007,12.0,0.16997167138810182,,,48.0,0.6798866855524073,0.0,0.0,0.007099796476654364,0.14583333333333334,0.0,0,7,17,40,24,,48,27,4.600000000000001,0.06515580736543905,6.000000000000003,0.08498583569405095,23,30,30
67,D,all_agents,,,40,30,10,0,20,10,0.3776396734675089,0.2342310025836006,0.9584763781476723,0.07018948704671993,437,30,0.75,0,0.0,0.0,31.975,2722,,,,,,,,,,,,,,,,,,,,,,,,,,,
67,D,participants_only,,,30,30,0,0,20,10,0.4305325988285841,0.26698523644723016,0.9584763781476723,0.08141827002880754,437,30,1.0,0,0.0,0.0,25.966666666666665,2722,,,,,,,,,,,,,,,,,,,,,,,,,,,
67,D,nonparticipants_only,,,10,0,10,0,0,0,0.2189608973842833,0.19278056065816526,0.4505928687049414,0.0029311994614298446,0,0,0.0,0,0.0,0.0,50.0,0,,,,,,,,,,,,,,,,,,,,,,,,,,,
67,D,step_totals,,,,,,,,,,,,,,,,,,,,,74.90000000000006,8.5,0.11348464619492647,,,57.0,0.7610146862483305,0.0,0.0,0.007243937209740797,0.14035087719298245,0.0,0,8,24,10,17,,57,24,3.400000000000001,0.0453938584779706,6.000000000000003,0.08010680907877167,17,30,28
68,D,all_agents,,,40,30,10,0,20,10,0.3786880916737387,0.2330598475706826,0.9601373230217654,0.07083403906047746,446,30,0.75,0,0.0,0.0,32.2,2768,,,,,,,,,,,,,,,,,,,,,,,,,,,
68,D,participants_only,,,30,30,0,0,20,10,0.4317957536200469,0.2656503102649941,0.9601373230217654,0.08221097999173632,446,30,1.0,0,0.0,0.0,26.266666666666666,2768,,,,,,,,,,,,,,,,,,,,,,,,,,,
68,D,nonparticipants_only,,,10,0,10,0,0,0,0.2193651058348141,0.1936378229537956,0.4483399043614167,0.0028581311778606566,0,0,0.0,0,0.0,0.0,50.0,0,,,,,,,,,,,,,,,,,,,,,,,,,,,
68,D,step_totals,,,,,,,,,,,,,,,,,,,,,69.60000000000008,11.0,0.15804597701149406,,,48.0,0.6896551724137923,0.0,0.0,0.006983958080363732,0.1875,0.0,0,9,18,40,22,,48,27,4.600000000000001,0.06609195402298845,6.000000000000003,0.08620689655172407,23,30,30
69,D,all_agents,,,40,30,10,0,20,10,0.38015201475461413,0.2318945483328292,0.9617318301008947,0.0716645359094796,454,30,0.75,0,0.0,0.0,31.975,2819,,,,,,,,,,,,,,,,,,,,,,,,,,,
69,D,participants_only,,,30,30,0,0,20,10,0.43361381385855713,0.2643220587136691,0.9617318301008947,0.0831910593510607,454,30,1.0,0,0.0,0.0,25.966666666666665,2819,,,,,,,,,,,,,,,,,,,,,,,,,,,
69,D,nonparticipants_only,,,10,0,10,0,0,0,0.21976661744278514,0.19500104539144342,0.4460982048396096,0.002786998023571994,0,0,0.0,0,0.0,0.0,50.0,0,,,,,,,,,,,,,,,,,,,,,,,,,,,
69,D,step_totals,,,,,,,,,,,,,,,,,,,,,74.90000000000006,8.5,0.11348464619492647,,,57.0,0.7610146862483305,0.0,0.0,0.007609036601534826,0.14035087719298245,0.0,0,8,24,10,17,,57,22,3.400000000000001,0.0453938584779706,6.000000000000003,0.08010680907877167,17,30,26
70,D,all_agents,,,40,30,10,0,20,10,0.3810832055165057,0.23073507559116502,0.9632625568968589,0.0722582813905542,459,30,0.75,0,0.0,0.0,32.2,2864,,,,,,,,,,,,,,,,,,,,,,,,,,,
70,D,participants_only,,,30,30,0,0,20,10,0.4347223513544763,0.26300044842010073,0.9632625568968589,0.0839301746971965,459,30,1.0,0,0.0,0.0,26.266666666666666,2864,,,,,,,,,,,,,,,,,,,,,,,,,,,
70,D,nonparticipants_only,,,10,0,10,0,0,0,0.22016576800259424,0.19674135006308907,0.44386771381541157,0.002716705875902439,0,0,0.0,0,0.0,0.0,50.0,0,,,,,,,,,,,,,,,,,,,,,,,,,,,
70,D,step_totals,,,,,,,,,,,,,,,,,,,,,69.60000000000007,11.0,0.15804597701149412,,,48.0,0.6896551724137925,0.0,0.0,0.0065976002930475215,0.10416666666666667,0.0,0,5,18,40,22,,48,27,4.600000000000001,0.06609195402298847,6.000000000000003,0.0862068965517241,23,30,30
70,D,reachability,0.225,0.0,,,,,,,,,,,,,,,,,,,,,,,,,,,,,,,,,,,,,,,,,,,,,
71,D,all_agents,,,40,30,10,0,20,10,0.3825043868329772,0.22958140021320922,0.9647320546209845,0.07307673400912006,466,30,0.75,0,0.0,0.0,31.975,2916,,,,,,,,,,,,,,,,,,,,,,,,,,,
71,D,participants_only,,,30,30,0,0,20,10,0.4364851987186512,0.26168544617800027,0.9647320546209845,0.08489678609914827,466,30,1.0,0,0.0,0.0,25.966666666666665,2916,,,,,,,,,,,,,,,,,,,,,,,,,,,
71,D,nonparticipants_only,,,10,0,10,0,0,0,0.22056195117595545,0.19670042295532575,0.4416483752463345,0.0026494411169972133,0,0,0.0,0,0.0,0.0,50.0,0,,,,,,,,,,,,,,,,,,,,,,,,,,,
71,D,step_totals,,,,,,,,,,,,,,,,,,,,,73.70000000000006,7.5,0.1017639077340569,,,57.0,0.7734056987788325,0.0,0.0,0.007635521546200817,0.12280701754385964,0.0,0,7,25,10,15,,57,20,3.2000000000000006,0.04341926729986429,6.000000000000003,0.08141112618724557,16,30,23
72,D,all_agents,,,40,30,10,0,20,10,0.38343830947621677,0.22843349321214318,0.9661427724361452,0.07365887497147695,470,30,0.75,0,0.0,0.0,32.2,2962,,,,,,,,,,,,,,,,,,,,,,,,,,,
72,D,participants_only,,,30,30,0,0,20,10,0.4375991459852934,0.26037701894711024,0.9661427724361452,0.08561725691639055,470,30,1.0,0,0.0,0.0,26.266666666666666,2962,,,,,,,,,,,,,,,,,,,,,,,,,,,
72,D,nonparticipants_only,,,10,0,10,0,0,0,0.2209557999489867,0.19703923255671513,0.4394401333701028,0.002582974600380949,0,0,0.0,0,0.0,0.0,50.0,0,,,,,,,,,,,,,,,,,,,,,,,,,,,
72,D,step_totals,,,,,,,,,,,,,,,,,,,,,69.80000000000005,11.0,0.15759312320916893,,,48.0,0.6876790830945554,0.0,0.0,0.0066055807501989175,0.08333333333333333,0.0,0,4,18,40,22,,48,27,4.800000000000002,0.06876790830945556,6.000000000000003,0.08595988538681945,24,30,30
73,D,all_agents,,,40,30,10,0,20,10,0.3846867018912663,0.22807820960840786,0.9674970615386994,0.07447846820951247,478,30,0.75,0,0.0,0.0,31.975,3013,,,,,,,,,,,,,,,,,,,,,,,,,,,
73,D,participants_only,,,30,30,0,0,20,10,0.43913335959491745,0.2590751338523747,0.9674970615386994,0.08660708816288681,478,30,1.0,0,0.0,0.0,25.966666666666665,3013,,,,,,,,,,,,,,,,,,,,,,,,,,,
73,D,nonparticipants_only,,,10,0,10,0,0,0,0.22134672878031295,0.1977718228186972,0.43724293270325226,0.002519345928206777,0,0,0.0,0,0.0,0.0,50.0,0,,,,,,,,,,,,,,,,,,,,,,,,,,,
73,D,step_totals,,,,,,,,,,,,,,,,,,,,,73.50000000000006,7.5,0.10204081632653053,,,57.0,0.7755102040816321,0.0,0.0,0.0070998251245362074,0.14035087719298245,0.0,0,8,25,10,15,,57,20,3.0000000000000004,0.04081632653061222,6.000000000000003,0.08163265306122447,15,30,23
74,D,all_agents,,,40,30,10,0,20,10,0.38556055419053953,0.2269378185603658,0.9687971790771515,0.07502427029635077,483,30,0.75,0,0.0,0.0,32.2,3058,,,,,,,,,,,,,,,,,,,,,,,,,,,
74,D,participants_only,,,30,30,0,0,20,10,0.440169105661988,0.25777975818311283,0.9687971790771515,0.08728460585907372,483,30,1.0,0,0.0,0.0,26.266666666666666,3058,,,,,,,,,,,,,,,,,,,,,,,,,,,
74,D,nonparticipants_only,,,10,0,10,0,0,0,0.22173489977619407,0.19909462299228348,0.435056718039736,0.002458136882463843,0,0,0.0,0,0.0,0.0,50.0,0,,,,,,,,,,,,,,,,,,,,,,,,,,,
74,D,step_totals,,,,,,,,,,,,,,,,,,,,,69.60000000000007,11.0,0.15804597701149412,,,48.0,0.6896551724137925,0.0,0.0,0.0064320655945169225,0.10416666666666667,0.0,0,5,18,40,22,,48,27,4.600000000000001,0.06609195402298847,6.000000000000003,0.0862068965517241,23,30,30
75,D,all_agents,,,40,30,10,0,20,10,0.38664775670807566,0.2268968703992791,0.9700452919140654,0.07573854136640547,496,30,0.75,0,0.0,0.0,31.975,3106,,,,,,,,,,,,,,,,,,,,,,,,,,,
75,D,participants_only,,,30,30,0,0,20,10,0.4414901216798643,0.25649085939219723,0.9700452919140654,0.08815463041177805,496,30,1.0,0,0.0,0.0,25.966666666666665,3106,,,,,,,,,,,,,,,,,,,,,,,,,,,
75,D,nonparticipants_only,,,10,0,10,0,0,0,0.22212066179270978,0.20088257665645876,0.4328814344495373,0.0023980542819012703,0,0,0.0,0,0.0,0.0,50.0,0,,,,,,,,,,,,,,,,,,,,,,,,,,,
75,D,step_totals,,,,,,,,,,,,,,,,,,,,,73.50000000000006,7.5,0.10204081632653053,,,57.0,0.7755102040816321,0.0,0.0,0.006580474984196062,0.22807017543859648,0.0,0,13,25,10,15,,57,20,3.0000000000000004,0.04081632653061222,6.000000000000003,0.08163265306122447,15,30,23
76,D,all_agents,,,40,30,10,0,20,10,0.38755134480160974,0.22576238604728271,0.9712434802375028,0.0762733183012691,503,30,0.75,0,0.0,0.0,32.2,3153,,,,,,,,,,,,,,,,,,,,,,,,,,,
76,D,participants_only,,,30,30,0,0,20,10,0.4425671574026657,0.25532367497917763,0.9712434802375028,0.08881093203179857,503,30,1.0,0,0.0,0.0,26.266666666666666,3153,,,,,,,,,,,,,,,,,,,,,,,,,,,
76,D,nonparticipants_only,,,10,0,10,0,0,0,0.22250390699844172,0.20052150974315436,0.4307170272772896,0.002339601475826501,0,0,0.0,0,0.0,0.0,50.0,0,,,,,,,,,,,,,,,,,,,,,,,,,,,
76,D,step_totals,,,,,,,,,,,,,,,,,,,,,69.80000000000007,11.0,0.1575931232091689,,,48.0,0.6876790830945552,0.0,0.0,0.0065286628085730915,0.14583333333333334,0.0,0,7,18,40,22,,48,27,4.800000000000002,0.06876790830945555,6.000000000000003,0.08595988538681944,24,30,30
77,D,all_agents,,,40,30,10,0,20,10,0.3886513956718031,0.22779960341116248,0.9723937410280027,0.07697747989589161,512,30,0.75,0,0.0,0.0,31.975,3201,,,,,,,,,,,,,,,,,,,,,,,,,,,
77,D,participants_only,,,30,30,0,0,20,10,0.4439068887939292,0.25404705660428173,0.9723937410280027,0.08966338381270889,512,30,1.0,0,0.0,0.0,25.966666666666665,3201,,,,,,,,,,,,,,,,,,,,,,,,,,,
77,D,nonparticipants_only,,,10,0,10,0,0,0,0.22288491630542495,0.19999592759680124,0.42856344214090314,0.0022817339034079684,0,0,0.0,0,0.0,0.0,50.0,0,,,,,,,,,,,,,,,,,,,,,,,,,,,
77,D,step_totals,,,,,,,,,,,,,,,,,,,,,73.50000000000006,7.5,0.10204081632653053,,,57.0,0.7755102040816321,0.0,0.0,0.006630964496729235,0.15789473684210525,0.0,0,9,25,10,15,,57,19,3.0000000000000004,0.04081632653061222,6.000000000000003,0.08163265306122447,15,30,22
78,D,all_agents,,,40,30,10,0,20,10,0.3895825843960488,0.2268171947553087,0.9734979913868825,0.07749022922125234,521,30,0.75,0,0.0,0.0,32.2,3249,,,,,,,,,,,,,,,,,,,,,,,,,,,
78,D,participants_only,,,30,30,0,0,20,10,0.4450224058578294,0.25473765230482626,0.9734979913868825,0.09028382968290119,521,30,1.0,0,0.0,0.0,26.266666666666666,3249,,,,,,,,,,,,,,,,,,,,,,,,,,,
78,D,nonparticipants_only,,,10,0,10,0,0,0,0.22326312001070706,0.2017832413428326,0.4264206249301986,0.002226542191736511,0,0,0.0,0,0.0,0.0,50.0,0,,,,,,,,,,,,,,,,,,,,,,,,,,,
78,D,step_totals,,,,,,,,,,,,,,,,,,,,,69.60000000000007,11.0,0.15804597701149412,,,48.0,0.6896551724137925,0.0,0.0,0.006655745832841813,0.1875,0.0,0,9,18,39,22,,48,27,4.600000000000001,0.06609195402298847,6.000000000000003,0.0862068965517241,23,30,30
79,D,all_agents,,,40,30,10,0,20,10,0.3907754056000158,0.22864428853581487,0.9745580717314072,0.07827812924345436,530,30,0.75,0,0.0,0.0,31.975,3301,,,,,,,,,,,,,,,,,,,,,,,,,,,
79,D,participants_only,,,30,30,0,0,20,10,0.4464877364005813,0.2534639640433021,0.9745580717314072,0.09123058921777888,530,30,1.0,0,0.0,0.0,25.966666666666665,3301,,,,,,,,,,,,,,,,,,,,,,,,,,,
79,D,nonparticipants_only,,,10,0,10,0,0,0,0.2236384131983194,0.2030668178531042,0.4242885218055476,0.002174383681701132,0,0,0.0,0,0.0,0.0,50.0,0,,,,,,,,,,,,,,,,,,,,,,,,,,,
79,D,step_totals,,,,,,,,,,,,,,,,,,,,,73.90000000000008,7.5,0.10148849797022994,,,57.0,0.7713125845737475,0.0,0.0,0.006904384987289162,0.15789473684210525,0.0,0,9,25,10,15,,57,19,3.400000000000001,0.04600811907983758,6.000000000000003,0.08119079837618398,17,30,22
80,D,all_agents,,,40,30,10,0,20,10,0.39150931055662963,0.22815091174847418,0.9755757488621509,0.07874919915818604,538,30,0.75,0,0.0,0.0,32.2,3346,,,,,,,,,,,,,,,,,,,,,,,,,,,
80,D,participants_only,,,30,30,0,0,20,10,0.4473419035469225,0.2539520179878615,0.9755757488621509,0.09182223150109159,538,30,1.0,0,0.0,0.0,26.266666666666666,3346,,,,,,,,,,,,,,,,,,,,,,,,,,,
80,D,nonparticipants_only,,,10,0,10,0,0,0,0.22401153158575118,0.2046302462550823,0.42216707919651986,0.002122760849233022,0,0,0.0,0,0.0,0.0,50.0,0,,,,,,,,,,,,,,,,,,,,,,,,,,,
80,D,step_totals,,,,,,,,,,,,,,,,,,,,,69.60000000000007,11.0,0.15804597701149412,,,48.0,0.6896551724137925,0.0,0.0,0.0059907498510413165,0.16666666666666666,0.0,0,8,18,39,22,,48,27,4.600000000000001,0.06609195402298847,6.000000000000003,0.0862068965517241,23,30,30
80,D,reachability,0.225,0.0,,,,,,,,,,,,,,,,,,,,,,,,,,,,,,,,,,,,,,,,,,,,,
81,D,all_agents,,,40,30,10,0,20,10,0.3926718750737327,0.22786769471107238,0.9765527189076649,0.07949674000934719,545,30,0.75,0,0.0,0.0,31.975,3398,,,,,,,,,,,,,,,,,,,,,,,,,,,
81,D,participants_only,,,30,30,0,0,20,10,0.4487684759789756,0.2526822578979222,0.9765527189076649,0.09271730487533,545,30,1.0,0,0.0,0.0,25.966666666666665,3398,,,,,,,,,,,,,,,,,,,,,,,,,,,
81,D,nonparticipants_only,,,10,0,10,0,0,0,0.22438207235800406,0.20455064706293052,0.42005624380053724,0.002073101813933546,0,0,0.0,0,0.0,0.0,50.0,0,,,,,,,,,,,,,,,,,,,,,,,,,,,
81,D,step_totals,,,,,,,,,,,,,,,,,,,,,73.00000000000007,7.0,0.09589041095890402,,,57.0,0.7808219178082184,0.0,0.0,0.006911663102997896,0.12280701754385964,0.0,0,7,26,10,14,,57,19,3.0000000000000004,0.04109589041095887,6.000000000000003,0.08219178082191776,15,30,21
82,D,all_agents,,,40,30,10,0,20,10,0.39336844148289085,0.22727274439799489,0.9774906101513583,0.07994700079150907,558,30,0.75,0,0.0,0.0,32.2,3444,,,,,,,,,,,,,,,,,,,,,,,,,,,
82,D,participants_only,,,30,30,0,0,20,10,0.449574391493822,0.25278324123772755,0.9774906101513583,0.09328506950485753,558,30,1.0,0,0.0,0.0,26.266666666666666,3444,,,,,,,,,,,,,,,,,,,,,,,,,,,
82,D,nonparticipants_only,,,10,0,10,0,0,0,0.22475059145009754,0.204040649475428,0.41795596258153456,0.002023488851888227,0,0,0.0,0,0.0,0.0,50.0,0,,,,,,,,,,,,,,,,,,,,,,,,,,,
82,D,step_totals,,,,,,,,,,,,,,,,,,,,,69.60000000000007,11.0,0.15804597701149412,,,48.0,0.6896551724137925,0.0,0.0,0.00587730301170026,0.2708333333333333,0.0,0,13,18,39,22,,48,27,4.600000000000001,0.06609195402298847,6.000000000000003,0.0862068965517241,23,30,30
83,D,all_agents,,,40,30,10,0,20,10,0.3946173173683551,0.22683300193629008,0.9783909857453039,0.08076076043967947,568,30,0.75,0,0.0,0.0,31.975,3500,,,,,,,,,,,,,,,,,,,,,,,,,,,
83,D,participants_only,,,30,30,0,0,20,10,0.4511175438221195,0.25151932503153895,0.9783909857453039,0.094253417561244,568,30,1.0,0,0.0,0.0,25.966666666666665,3500,,,,,,,,,,,,,,,,,,,,,,,,,,,
83,D,nonparticipants_only,,,10,0,10,0,0,0,0.22511663800706197,0.20570071330742953,0.41586618276862686,0.0019754820030660203,0,0,0.0,0,0.0,0.0,50.0,0,,,,,,,,,,,,,,,,,,,,,,,,,,,
83,D,step_totals,,,,,,,,,,,,,,,,,,,,,73.00000000000006,7.0,0.09589041095890403,,,57.0,0.7808219178082185,0.0,0.0,0.007200875197221222,0.17543859649122806,0.0,0,10,26,9,14,,57,19,3.0000000000000004,0.04109589041095888,6.000000000000003,0.08219178082191778,15,30,21
84,D,all_agents,,,40,30,10,0,20,10,0.39522270934759696,0.22755882879704048,0.9792553463154917,0.0811558916296707,574,30,0.75,0,0.0,0.0,32.2,3544,,,,,,,,,,,,,,,,,,,,,,,,,,,
84,D,participants_only,,,30,30,0,0,20,10,0.451803516682262,0.25148695009387734,0.9792553463154917,0.09475931732277511,574,30,1.0,0,0.0,0.0,26.266666666666666,3544,,,,,,,,,,,,,,,,,,,,,,,,,,,
84,D,nonparticipants_only,,,10,0,10,0,0,0,0.22548028734360193,0.20694622921423064,0.4137868518547837,0.0019289614466476833,0,0,0.0,0,0.0,0.0,50.0,0,,,,,,,,,,,,,,,,,,,,,,,,,,,
84,D,step_totals,,,,,,,,,,,,,,,,,,,,,69.60000000000008,11.0,0.15804597701149406,,,48.0,0.6896551724137923,0.0,0.0,0.0055795518882520555,0.125,0.0,0,6,18,39,22,,48,27,4.600000000000001,0.06609195402298845,6.000000000000003,0.08620689655172407,23,30,29
85,D,all_agents,,,40,30,10,0,20,10,0.3963571015782579,0.22782157311045914,0.9800851324628721,0.0819358320919877,579,30,0.75,0,0.0,0.0,31.975,3598,,,,,,,,,,,,,,,,,,,,,,,,,,,
85,D,participants_only,,,30,30,0,0,20,10,0.4531956607448144,0.2502295153434079,0.9800851324628721,0.09569721277325852,579,30,1.0,0,0.0,0.0,25.966666666666665,3598,,,,,,,,,,,,,,,,,,,,,,,,,,,
85,D,nonparticipants_only,,,10,0,10,0,0,0,0.22584142407858857,0.20853755134289276,0.4117179175955098,0.0018842283506136,0,0,0.0,0,0.0,0.0,50.0,0,,,,,,,,,,,,,,,,,,,,,,,,,,,
85,D,step_totals,,,,,,,,,,,,,,,,,,,,,73.00000000000006,7.0,0.09589041095890403,,,57.0,0.7808219178082185,0.0,0.0,0.006828585616793542,0.08771929824561403,0.0,0,5,26,9,14,,57,19,3.0000000000000004,0.04109589041095888,6.000000000000003,0.08219178082191778,15,30,21
86,D,all_agents,,,40,30,10,0,20,10,0.397042469785218,0.22818148690185908,0.9808817271643572,0.08234644930026107,586,30,0.75,0,0.0,0.0,32.2,3645,,,,,,,,,,,,,,,,,,,,,,,,,,,
86,D,participants_only,,,30,30,0,0,20,10,0.4539900138984843,0.2505494997172828,0.9808817271643572,0.09620909877349129,586,30,1.0,0,0.0,0.0,26.266666666666666,3645,,,,,,,,,,,,,,,,,,,,,,,,,,,
86,D,nonparticipants_only,,,10,0,10,0,0,0,0.2261998374454192,0.2084970751883715,0.40965932800753224,0.0018422275141815013,0,0,0.0,0,0.0,0.0,50.0,0,,,,,,,,,,,,,,,,,,,,,,,,,,,
86,D,step_totals,,,,,,,,,,,,,,,,,,,,,69.60000000000007,11.0,0.15804597701149412,,,48.0,0.6896551724137925,0.0,0.0,0.005870125980818577,0.14583333333333334,0.0,0,7,18,39,22,,48,27,4.600000000000001,0.06609195402298847,6.000000000000003,0.0862068965517241,23,30,29
87,D,all_agents,,,40,30,10,0,20,10,0.397967663353378,0.2284785479178304,0.9816464580777828,0.08305901118486102,601,30,0.75,0,0.0,0.0,31.975,3697,,,,,,,,,,,,,,,,,,,,,,,,,,,
87,D,participants_only,,,30,30,0,0,20,10,0.45510482890818155,0.2492967522186964,0.9816464580777828,0.09708652377026994,601,30,1.0,0,0.0,0.0,25.966666666666665,3697,,,,,,,,,,,,,,,,,,,,,,,,,,,
87,D,nonparticipants_only,,,10,0,10,0,0,0,0.2265561666889674,0.2089153184852496,0.4076110313674946,0.0018006051769899017,0,0,0.0,0,0.0,0.0,50.0,0,,,,,,,,,,,,,,,,,,,,,,,,,,,
87,D,step_totals,,,,,,,,,,,,,,,,,,,,,73.20000000000005,7.0,0.09562841530054639,,,57.0,0.7786885245901635,0.0,0.0,0.0061295922074332656,0.2631578947368421,0.0,0,15,26,9,14,,57,19,3.2000000000000006,0.0437158469945355,6.000000000000003,0.08196721311475408,16,30,21
88,D,all_agents,,,40,30,10,0,20,10,0.3985486443363887,0.2276912677962623,0.9823805997546715,0.08340601080195112,606,30,0.75,0,0.0,0.0,32.2,3742,,,,,,,,,,,,,,,,,,,,,,,,,,,
88,D,participants_only,,,30,30,0,0,20,10,0.45576128454251397,0.24945766645618178,0.9823805997546715,0.09752875287417803,606,30,1.0,0,0.0,0.0,26.266666666666666,3742,,,,,,,,,,,,,,,,,,,,,,,,,,,
88,D,nonparticipants_only,,,10,0,10,0,0,0,0.22691072371801285,0.2102607610471482,0.40557297621065713,0.0017583501930038645,0,0,0.0,0,0.0,0.0,50.0,0,,,,,,,,,,,,,,,,,,,,,,,,,,,
88,D,step_totals,,,,,,,,,,,,,,,,,,,,,69.60000000000008,11.0,0.15804597701149406,,,48.0,0.6896551724137923,0.0,0.0,0.0055226082418606826,0.10416666666666667,0.0,0,5,18,39,22,,48,27,4.600000000000001,0.06609195402298845,6.000000000000003,0.08620689655172407,23,30,29
89,D,all_agents,,,40,30,10,0,20,10,0.39939884512531854,0.22711271717901327,0.9830853757644846,0.0841285588295867,609,30,0.75,0,0.0,0.0,31.975,3794,,,,,,,,,,,,,,,,,,,,,,,,,,,
89,D,participants_only,,,30,30,0,0,20,10,0.456777436215853,0.24821037812390087,0.9830853757644846,0.0984298765012253,609,30,1.0,0,0.0,0.0,25.966666666666665,3794,,,,,,,,,,,,,,,,,,,,,,,,,,,
89,D,nonparticipants_only,,,10,0,10,0,0,0,0.22726307185371508,0.21075189091131463,0.40354511132960386,0.0017169732282537559,0,0,0.0,0,0.0,0.0,50.0,0,,,,,,,,,,,,,,,,,,,,,,,,,,,
89,D,step_totals,,,,,,,,,,,,,,,,,,,,,72.50000000000006,6.5,0.08965517241379303,,,57.0,0.7862068965517235,0.0,0.0,0.005959342990063375,0.05263157894736842,0.0,0,3,27,7,13,,57,18,3.0000000000000004,0.04137931034482756,6.000000000000003,0.08275862068965514,15,30,20
90,D,all_agents,,,40,30,10,0,20,10,0.40004578822074516,0.22657267257597863,0.9837619607339052,0.08447995400971266,619,30,0.75,0,0.0,0.0,32.2,3841,,,,,,,,,,,,,,,,,,,,,,,,,,,
90,D,participants_only,,,30,30,0,0,20,10,0.45752343802800355,0.24782014016152865,0.9837619607339052,0.09886589991888027,619,30,1.0,0,0.0,0.0,26.266666666666666,3841,,,,,,,,,,,,,,,,,,,,,,,,,,,
90,D,nonparticipants_only,,,10,0,10,0,0,0,0.22761283879897024,0.21287381922532278,0.4015273857729558,0.0016779535538199875,0,0,0.0,0,0.0,0.0,50.0,0,,,,,,,,,,,,,,,,,,,,,,,,,,,
90,D,step_totals,,,,,,,,,,,,,,,,,,,,,69.60000000000007,11.0,0.15804597701149412,,,48.0,0.6896551724137925,0.0,0.0,0.005760231402375891,0.20833333333333334,0.0,0,10,18,39,22,,48,27,4.600000000000001,0.06609195402298847,6.000000000000003,0.0862068965517241,23,30,29
90,D,reachability,0.225,0.0,,,,,,,,,,,,,,,,,,,,,,,,,,,,,,,,,,,,,,,,,,,,,
91,D,all_agents,,,40,30,10,0,20,10,0.40100835878823443,0.2260314504670775,0.984411482304549,0.08522903332267881,632,30,0.75,0,0.0,0.0,31.975,3895,,,,,,,,,,,,,,,,,,,,,,,,,,,
91,D,participants_only,,,30,30,0,0,20,10,0.45869126851630293,0.24658103946072102,0.984411482304549,0.09978190391535109,632,30,1.0,0,0.0,0.0,25.966666666666665,3895,,,,,,,,,,,,,,,,,,,,,,,,,,,
91,D,nonparticipants_only,,,10,0,10,0,0,0,0.22795962960402885,0.21325113991419287,0.399519748844091,0.001642604648303956,0,0,0.0,0,0.0,0.0,50.0,0,,,,,,,,,,,,,,,,,,,,,,,,,,,
91,D,step_totals,,,,,,,,,,,,,,,,,,,,,72.50000000000007,6.5,0.08965517241379302,,,57.0,0.7862068965517234,0.0,0.0,0.006335500132269068,0.22807017543859648,0.0,0,13,27,7,13,,57,18,3.0000000000000004,0.04137931034482755,6.000000000000003,0.08275862068965513,15,30,20
92,D,all_agents,,,40,30,10,0,20,10,0.4015266199939446,0.22563809251839217,0.985035023012367,0.08555905702263782,640,30,0.75,0,0.0,0.0,32.2,3940,,,,,,,,,,,,,,,,,,,,,,,,,,,
92,D,participants_only,,,30,30,0,0,20,10,0.459267339746042,0.24534813426341742,0.985035023012367,0.10020696818683955,640,30,1.0,0,0.0,0.0,26.266666666666666,3940,,,,,,,,,,,,,,,,,,,,,,,,,,,
92,D,nonparticipants_only,,,10,0,10,0,0,0,0.2283044607376524,0.21420492342389136,0.3975221500998706,0.0016074349201496182,0,0,0.0,0,0.0,0.0,50.0,0,,,,,,,,,,,,,,,,,,,,,,,,,,,
92,D,step_totals,,,,,,,,,,,,,,,,,,,,,69.60000000000008,11.0,0.15804597701149406,,,48.0,0.6896551724137923,0.0,0.0,0.005328842152600357,0.16666666666666666,0.0,0,8,18,39,22,,48,27,4.600000000000001,0.06609195402298845,6.000000000000003,0.08620689655172407,23,30,29
93,D,all_agents,,,40,30,10,0,20,10,0.4024324784441225,0.22630354136619568,0.9856336220918723,0.08630713801635723,650,30,0.75,0,0.0,0.0,31.975,3994,,,,,,,,,,,,,,,,,,,,,,,,,,,
93,D,participants_only,,,30,30,0,0,20,10,0.46036084281024403,0.24412139359210033,0.9856336220918723,0.1011293265205783,650,30,1.0,0,0.0,0.0,25.966666666666665,3994,,,,,,,,,,,,,,,,,,,,,,,,,,,
93,D,nonparticipants_only,,,10,0,10,0,0,0,0.22864738534575782,0.21438011543252505,0.3955345393493712,0.0015722277260843429,0,0,0.0,0,0.0,0.0,50.0,0,,,,,,,,,,,,,,,,,,,,,,,,,,,
93,D,step_totals,,,,,,,,,,,,,,,,,,,,,72.10000000000005,6.5,0.09015256588072115,,,57.0,0.790568654646324,0.0,0.0,0.006185746757169655,0.17543859649122806,0.0,0,10,27,7,13,,57,17,2.6,0.036061026352288465,6.000000000000003,0.08321775312066572,13,30,19
94,D,all_agents,,,40,30,10,0,20,10,0.4030190495180765,0.2265536819621196,0.9862082772081975,0.08661993221834313,656,30,0.75,0,0.0,0.0,32.2,4041,,,,,,,,,,,,,,,,,,,,,,,,,,,
94,D,participants_only,,,30,30,0,0,20,10,0.4610292334301767,0.24290078662413983,0.9862082772081975,0.1015202707847606,656,30,1.0,0,0.0,0.0,26.266666666666666,4041,,,,,,,,,,,,,,,,,,,,,,,,,,,
94,D,nonparticipants_only,,,10,0,10,0,0,0,0.2289884977817758,0.21611244379100628,0.39355686665262435,0.001536739268902434,0,0,0.0,0,0.0,0.0,50.0,0,,,,,,,,,,,,,,,,,,,,,,,,,,,
94,D,step_totals,,,,,,,,,,,,,,,,,,,,,69.40000000000006,11.0,0.15850144092219007,,,48.0,0.6916426512968293,0.0,0.0,0.005593176727385856,0.125,0.0,0,6,18,38,22,,48,26,4.400000000000001,0.06340057636887604,6.000000000000003,0.08645533141210371,22,30,29
95,D,all_agents,,,40,30,10,0,20,10,0.4039580017120523,0.22689574284292252,0.9867599461198696,0.08736470011093499,663,30,0.75,0,0.0,0.0,31.975,4095,,,,,,,,,,,,,,,,,,,,,,,,,,,
95,D,participants_only,,,30,30,0,0,20,10,0.4621682399147157,0.24168628269101913,0.9867599461198696,0.10243162408555298,663,30,1.0,0,0.0,0.0,25.966666666666665,4095,,,,,,,,,,,,,,,,,,,,,,,,,,,
95,D,nonparticipants_only,,,10,0,10,0,0,0,0.22932728710406233,0.21687141666920207,0.39158908231936124,0.0015027462077513414,0,0,0.0,0,0.0,0.0,50.0,0,,,,,,,,,,,,,,,,,,,,,,,,,,,
95,D,step_totals,,,,,,,,,,,,,,,,,,,,,71.90000000000005,6.5,0.09040333796940189,,,57.0,0.7927677329624473,0.0,0.0,0.006318311668825435,0.12280701754385964,0.0,0,7,27,7,13,,57,15,2.4,0.03337969401947147,6.000000000000003,0.0834492350486787,12,30,17
96,D,all_agents,,,40,30,10,0,20,10,0.4043850452857899,0.22717852157809298,0.9872895482750749,0.08760032139127671,671,30,0.75,0,0.0,0.0,32.2,4139,,,,,,,,,,,,,,,,,,,,,,,,,,,
96,D,participants_only,,,30,30,0,0,20,10,0.4626256201530808,0.24047785127756405,0.9872895482750749,0.10274192163673637,671,30,1.0,0,0.0,0.0,26.266666666666666,4139,,,,,,,,,,,,,,,,,,,,,,,,,,,
96,D,nonparticipants_only,,,10,0,10,0,0,0,0.22966332068391743,0.2179601983709259,0.3896311369077644,0.0014719459244276081,0,0,0.0,0,0.0,0.0,50.0,0,,,,,,,,,,,,,,,,,,,,,,,,,,,
96,D,step_totals,,,,,,,,,,,,,,,,,,,,,69.40000000000006,11.0,0.15850144092219007,,,48.0,0.6916426512968293,0.0,0.0,0.005053623153830595,0.16666666666666666,0.0,0,8,18,38,22,,48,26,4.400000000000001,0.06340057636887604,6.000000000000003,0.08645533141210371,22,30,29
97,D,all_agents,,,40,30,10,0,20,10,0.40506844993448415,0.22644440648210556,0.9877653636164746,0.08827057051554821,679,30,0.75,0,0.0,0.0,31.975,4190,,,,,,,,,,,,,,,,,,,,,,,,,,,
97,D,participants_only,,,30,30,0,0,20,10,0.4634255773798611,0.23927546202117622,0.9877653636164746,0.10359102843119346,679,30,1.0,0,0.0,0.0,25.966666666666665,4190,,,,,,,,,,,,,,,,,,,,,,,,,,,
97,D,nonparticipants_only,,,10,0,10,0,0,0,0.22999706759835314,0.2184046048684199,0.3876829812232256,0.0014425448845008285,0,0,0.0,0,0.0,0.0,50.0,0,,,,,,,,,,,,,,,,,,,,,,,,,,,
97,D,step_totals,,,,,,,,,,,,,,,,,,,,,71.90000000000006,6.5,0.09040333796940186,,,57.0,0.7927677329624472,0.0,0.0,0.005466989658450554,0.14035087719298245,0.0,0,8,27,7,13,,57,15,2.4,0.03337969401947146,6.000000000000003,0.08344923504867868,12,30,17
98,D,all_agents,,,40,30,10,0,20,10,0.40556231499846496,0.2260537467101308,0.9882547490718157,0.0885305698000928,687,30,0.75,0,0.0,0.0,32.2,4236,,,,,,,,,,,,,,,,,,,,,,,,,,,
98,D,participants_only,,,30,30,0,0,20,10,0.46397347611255796,0.23807908471107034,0.9882547490718157,0.1039220930957445,687,30,1.0,0,0.0,0.0,26.266666666666666,4236,,,,,,,,,,,,,,,,,,,,,,,,,,,
98,D,nonparticipants_only,,,10,0,10,0,0,0,0.23032883165618587,0.21886936439165744,0.38574456631710946,0.0014136350007793335,0,0,0.0,0,0.0,0.0,50.0,0,,,,,,,,,,,,,,,,,,,,,,,,,,,
98,D,step_totals,,,,,,,,,,,,,,,,,,,,,69.40000000000008,11.0,0.15850144092219004,,,48.0,0.6916426512968292,0.0,0.0,0.005292959908811054,0.16666666666666666,0.0,0,8,18,38,22,,48,26,4.400000000000001,0.06340057636887603,6.000000000000003,0.0864553314121037,22,30,29
99,D,all_agents,,,40,30,10,0,20,10,0.40624184604637564,0.22552231333937617,0.9884031872134059,0.08921553653506725,694,30,0.75,0,0.0,0.0,31.975,4288,,,,,,,,,,,,,,,,,,,,,,,,,,,
99,D,participants_only,,,30,30,0,0,20,10,0.4647694844320597,0.236888689287515,0.9884031872134059,0.1047907469943607,694,30,1.0,0,0.0,0.0,25.966666666666665,4288,,,,,,,,,,,,,,,,,,,,,,,,,,,
99,D,nonparticipants_only,,,10,0,10,0,0,0,0.2306589308893234,0.2208773595544773,0.3838158434855239,0.0013840916971221541,0,0,0.0,0,0.0,0.0,50.0,0,,,,,,,,,,,,,,,,,,,,,,,,,,,
99,D,step_totals,,,,,,,,,,,,,,,,,,,,,71.90000000000005,6.5,0.09040333796940189,,,57.0,0.7927677329624473,0.0,0.0,0.005457984110290599,0.12280701754385964,0.0,0,7,27,7,13,,57,15,2.4,0.03337969401947147,6.000000000000003,0.0834492350486787,12,30,17
100,D,all_agents,,,40,30,10,0,20,10,0.40670963447714015,0.22558002903788413,0.9888670597248697,0.08948754414848648,702,30,0.75,0,0.0,0.0,32.2,4334,,,,,,,,,,,,,,,,,,,,,,,,,,,
100,D,participants_only,,,30,30,0,0,20,10,0.4652837991158607,0.2357042458410774,0.9888670597248697,0.10514143168774304,702,30,1.0,0,0.0,0.0,26.266666666666666,4334,,,,,,,,,,,,,,,,,,,,,,,,,,,
100,D,nonparticipants_only,,,10,0,10,0,0,0,0.23098714056097822,0.22123442068282984,0.38189676426809627,0.0013546883732293738,0,0,0.0,0,0.0,0.0,50.0,0,,,,,,,,,,,,,,,,,,,,,,,,,,,
100,D,step_totals,,,,,,,,,,,,,,,,,,,,,69.40000000000006,11.0,0.15850144092219007,,,48.0,0.6916426512968293,0.0,0.0,0.005211849423079857,0.16666666666666666,0.0,0,8,18,38,22,,48,27,4.400000000000001,0.06340057636887604,6.000000000000003,0.08645533141210371,22,30,29
100,D,reachability,0.225,0.0,,,,,,,,,,,,,,,,,,,,,,,,,,,,,,,,,,,,,,,,,,,,,
101,D,all_agents,,,40,30,10,0,20,10,0.4075122947565841,0.22729300630066046,0.9893123773358748,0.09020108747923225,708,30,0.75,0,0.0,0.0,31.975,4389,,,,,,,,,,,,,,,,,,,,,,,,,,,
101,D,participants_only,,,30,30,0,0,20,10,0.4662453961054449,0.23452572461187204,0.9893123773358748,0.10602741086401977,708,30,1.0,0,0.0,0.0,25.966666666666665,4389,,,,,,,,,,,,,,,,,,,,,,,,,,,
101,D,nonparticipants_only,,,10,0,10,0,0,0,0.2313129907100017,0.22216174311537326,0.3799872804467558,0.0013271909962030278,0,0,0.0,0,0.0,0.0,50.0,0,,,,,,,,,,,,,,,,,,,,,,,,,,,
101,D,step_totals,,,,,,,,,,,,,,,,,,,,,71.90000000000005,6.5,0.09040333796940189,,,57.0,0.7927677329624473,0.0,0.0,0.005872357533557049,0.10526315789473684,0.0,0,6,27,7,13,,57,15,2.4,0.03337969401947147,6.000000000000003,0.0834492350486787,12,30,17
102,D,all_agents,,,40,30,10,0,20,10,0.40798152414701355,0.22681852748587084,0.9897398822424398,0.09044837596953331,713,30,0.75,0,0.0,0.0,32.2,4435,,,,,,,,,,,,,,,,,,,,,,,,,,,
102,D,participants_only,,,30,30,0,0,20,10,0.46676325585055695,0.23335309598881265,0.9897398822424398,0.10634262117340487,713,30,1.0,0,0.0,0.0,26.266666666666666,4435,,,,,,,,,,,,,,,,,,,,,,,,,,,
102,D,nonparticipants_only,,,10,0,10,0,0,0,0.23163632903638343,0.2217545946301474,0.378087344044522,0.001302136573110368,0,0,0.0,0,0.0,0.0,50.0,0,,,,,,,,,,,,,,,,,,,,,,,,,,,
102,D,step_totals,,,,,,,,,,,,,,,,,,,,,69.40000000000006,11.0,0.15850144092219007,,,48.0,0.6916426512968293,0.0,0.0,0.005227024849578722,0.10416666666666667,0.0,0,5,18,38,22,,48,27,4.400000000000001,0.06340057636887604,6.000000000000003,0.08645533141210371,22,30,29
103,D,all_agents,,,40,30,10,0,20,10,0.40873234214209064,0.22676245626315344,0.9901502869527422,0.09115466205169873,722,30,0.75,0,0.0,0.0,31.975,4490,,,,,,,,,,,,,,,,,,,,,,,,,,,
103,D,participants_only,,,30,30,0,0,20,10,0.46765719954347235,0.2321863305088686,0.9901502869527422,0.10722519888919937,722,30,1.0,0,0.0,0.0,25.966666666666665,4490,,,,,,,,,,,,,,,,,,,,,,,,,,,
103,D,nonparticipants_only,,,10,0,10,0,0,0,0.2319577699379455,0.22220557310661326,0.3761969073242994,0.0012773857019187768,0,0,0.0,0,0.0,0.0,50.0,0,,,,,,,,,,,,,,,,,,,,,,,,,,,
103,D,step_totals,,,,,,,,,,,,,,,,,,,,,71.90000000000005,6.5,0.09040333796940189,,,57.0,0.7927677329624473,0.0,0.0,0.005702561705577506,0.15789473684210525,0.0,0,9,27,7,13,,57,15,2.4,0.03337969401947147,6.000000000000003,0.0834492350486787,12,30,17
104,D,all_agents,,,40,30,10,0,20,10,0.40920818628694045,0.22719403572955607,0.9905442754746325,0.09140776670140484,732,30,0.75,0,0.0,0.0,32.2,4537,,,,,,,,,,,,,,,,,,,,,,,,,,,
104,D,participants_only,,,30,30,0,0,20,10,0.46818509413973614,0.23102539885632425,0.9905442754746325,0.10754642600447092,732,30,1.0,0,0.0,0.0,26.266666666666666,4537,,,,,,,,,,,,,,,,,,,,,,,,,,,
104,D,nonparticipants_only,,,10,0,10,0,0,0,0.2322774627285535,0.22415402720814762,0.3743159227876779,0.001252480873680795,0,0,0.0,0,0.0,0.0,50.0,0,,,,,,,,,,,,,,,,,,,,,,,,,,,
104,D,step_totals,,,,,,,,,,,,,,,,,,,,,69.40000000000006,11.0,0.15850144092219007,,,48.0,0.6916426512968293,0.0,0.0,0.005260285019050343,0.20833333333333334,0.0,0,10,18,38,22,,48,26,4.400000000000001,0.06340057636887604,6.000000000000003,0.08645533141210371,22,30,28
105,D,all_agents,,,40,30,10,0,20,10,0.4097770859116557,0.22701352678005032,0.9909225044556472,0.09204574896545824,742,30,0.75,0,0.0,0.0,31.975,4589,,,,,,,,,,,,,,,,,,,,,,,,,,,
105,D,participants_only,,,30,30,0,0,20,10,0.46883760880991504,0.22987027186204262,0.9909225044556472,0.10836606002043819,742,30,1.0,0,0.0,0.0,25.966666666666665,4589,,,,,,,,,,,,,,,,,,,,,,,,,,,
105,D,nonparticipants_only,,,10,0,10,0,0,0,0.23259551721687763,0.22364848260677703,0.3724443431737395,0.001227071420328568,0,0,0.0,0,0.0,0.0,50.0,0,,,,,,,,,,,,,,,,,,,,,,,,,,,
105,D,step_totals,,,,,,,,,,,,,,,,,,,,,71.90000000000005,6.5,0.09040333796940189,,,57.0,0.7927677329624473,0.0,0.0,0.005099764223189414,0.17543859649122806,0.0,0,10,27,7,13,,57,15,2.4,0.03337969401947147,6.000000000000003,0.0834492350486787,12,30,17
106,D,all_agents,,,40,30,10,0,20,10,0.41013557458361294,0.22652774595485087,0.9912856042774213,0.09224903795997502,747,30,0.75,0,0.0,0.0,32.2,4635,,,,,,,,,,,,,,,,,,,,,,,,,,,
106,D,participants_only,,,30,30,0,0,20,10,0.469210291470019,0.2302431296642029,0.9912856042774213,0.10863844921199418,747,30,1.0,0,0.0,0.0,26.266666666666666,4635,,,,,,,,,,,,,,,,,,,,,,,,,,,
106,D,nonparticipants_only,,,10,0,10,0,0,0,0.23291142392439468,0.22458680835441086,0.3705821214578708,0.0012029381014091525,0,0,0.0,0,0.0,0.0,50.0,0,,,,,,,,,,,,,,,,,,,,,,,,,,,
106,D,step_totals,,,,,,,,,,,,,,,,,,,,,69.40000000000006,11.0,0.15850144092219007,,,48.0,0.6916426512968293,0.0,0.0,0.004861494321742043,0.10416666666666667,0.0,0,5,18,38,22,,48,26,4.400000000000001,0.06340057636887604,6.000000000000003,0.08645533141210371,22,30,28
107,D,all_agents,,,40,30,10,0,20,10,0.4108088895979876,0.22628931015213996,0.9916341801063244,0.09291400121076335,756,30,0.75,0,0.0,0.0,31.975,4690,,,,,,,,,,,,,,,,,,,,,,,,,,,
107,D,participants_only,,,30,30,0,0,20,10,0.47000332559862407,0.2290919140158819,0.9916341801063244,0.10947650034711652,756,30,1.0,0,0.0,0.0,25.966666666666665,4690,,,,,,,,,,,,,,,,,,,,,,,,,,,
107,D,nonparticipants_only,,,10,0,10,0,0,0,0.23322558159607829,0.2247796265603808,0.3687292108505814,0.001178728760502488,0,0,0.0,0,0.0,0.0,50.0,0,,,,,,,,,,,,,,,,,,,,,,,,,,,
107,D,step_totals,,,,,,,,,,,,,,,,,,,,,71.90000000000005,6.5,0.09040333796940189,,,57.0,0.7927677329624473,0.0,0.0,0.005450272728822318,0.15789473684210525,0.0,0,9,27,7,13,,57,15,2.4,0.03337969401947147,6.000000000000003,0.0834492350486787,12,30,17
108,D,all_agents,,,40,30,10,0,20,10,0.41123688968927186,0.22682164658427095,0.9919688129020714,0.09313791638698785,768,30,0.75,0,0.0,0.0,32.2,4737,,,,,,,,,,,,,,,,,,,,,,,,,,,
108,D,participants_only,,,30,30,0,0,20,10,0.47047008215861613,0.22982582853491956,0.9919688129020714,0.10976398079847492,768,30,1.0,0,0.0,0.0,26.266666666666666,4737,,,,,,,,,,,,,,,,,,,,,,,,,,,
108,D,nonparticipants_only,,,10,0,10,0,0,0,0.23353731228123892,0.22443423949444802,0.3668855647963285,0.001156870071202006,0,0,0.0,0,0.0,0.0,50.0,0,,,,,,,,,,,,,,,,,,,,,,,,,,,
108,D,step_totals,,,,,,,,,,,,,,,,,,,,,69.40000000000008,11.0,0.15850144092219004,,,48.0,0.6916426512968292,0.0,0.0,0.005110415214851918,0.25,0.0,0,12,18,38,22,,48,26,4.400000000000001,0.06340057636887603,6.000000000000003,0.0864553314121037,22,30,28
109,D,all_agents,,,40,30,10,0,20,10,0.4117108162934909,0.2274501667590496,0.9922900603859885,0.09373287730389179,772,30,0.75,0,0.0,0.0,31.975,4789,,,,,,,,,,,,,,,,,,,,,,,,,,,
109,D,participants_only,,,30,30,0,0,20,10,0.47099866464841494,0.22890832491565222,0.9922900603859885,0.11053861556221894,772,30,1.0,0,0.0,0.0,25.966666666666665,4789,,,,,,,,,,,,,,,,,,,,,,,,,,,
109,D,nonparticipants_only,,,10,0,10,0,0,0,0.23384727122871893,0.22596846761000017,0.36505113697234687,0.001135074978232788,0,0,0.0,0,0.0,0.0,50.0,0,,,,,,,,,,,,,,,,,,,,,,,,,,,
109,D,step_totals,,,,,,,,,,,,,,,,,,,,,72.10000000000005,6.5,0.09015256588072115,,,57.0,0.790568654646324,0.0,0.0,0.0047745899604624085,0.07017543859649122,0.0,0,4,27,7,13,,57,15,2.6,0.036061026352288465,6.000000000000003,0.08321775312066572,13,30,17
110,D,all_agents,,,40,30,10,0,20,10,0.41209804940030514,0.22684298093527078,0.992598457970549,0.09392904024654639,778,30,0.75,0,0.0,0.0,32.2,4836,,,,,,,,,,,,,,,,,,,,,,,,,,,
110,D,participants_only,,,30,30,0,0,20,10,0.4714122466001519,0.22962370654345216,0.992598457970549,0.11079488538279074,778,30,1.0,0,0.0,0.0,26.266666666666666,4836,,,,,,,,,,,,,,,,,,,,,,,,,,,
110,D,nonparticipants_only,,,10,0,10,0,0,0,0.23415545780076474,0.2266799227810385,0.3632258812874851,0.001113416964265554,0,0,0.0,0,0.0,0.0,50.0,0,,,,,,,,,,,,,,,,,,,,,,,,,,,
110,D,step_totals,,,,,,,,,,,,,,,,,,,,,69.40000000000006,11.0,0.15850144092219007,,,48.0,0.6916426512968293,0.0,0.0,0.00497537701903225,0.125,0.0,0,6,18,38,22,,48,26,4.400000000000001,0.06340057636887604,6.000000000000003,0.08645533141210371,22,30,28
110,D,reachability,0.225,0.0,,,,,,,,,,,,,,,,,,,,,,,,,,,,,,,,,,,,,,,,,,,,,
111,D,all_agents,,,40,30,10,0,20,10,0.41276444663219425,0.22799891652609539,0.992894519651727,0.09461213085898952,785,30,0.75,0,0.0,0.0,31.975,4893,,,,,,,,,,,,,,,,,,,,,,,,,,,
111,D,participants_only,,,30,30,0,0,20,10,0.47219870758788984,0.22866026395568928,0.992894519651727,0.11165555662834072,785,30,1.0,0,0.0,0.0,25.966666666666665,4893,,,,,,,,,,,,,,,,,,,,,,,,,,,
111,D,nonparticipants_only,,,10,0,10,0,0,0,0.23446166376510746,0.22655589011512423,0.3614097518810477,0.0010926770467392971,0,0,0.0,0,0.0,0.0,50.0,0,,,,,,,,,,,,,,,,,,,,,,,,,,,
111,D,step_totals,,,,,,,,,,,,,,,,,,,,,71.90000000000006,6.5,0.09040333796940186,,,57.0,0.7927677329624472,0.0,0.0,0.005433142648456923,0.12280701754385964,0.0,0,7,27,7,13,,57,15,2.4,0.03337969401947146,6.000000000000003,0.08344923504867868,12,30,17
112,D,all_agents,,,40,30,10,0,20,10,0.4131246051157198,0.22793568128610453,0.993178738865658,0.09479144879322642,792,30,0.75,0,0.0,0.0,32.2,4940,,,,,,,,,,,,,,,,,,,,,,,,,,,
112,D,participants_only,,,30,30,0,0,20,10,0.47257739594062276,0.2284241793436978,0.993178738865658,0.11189286428041122,792,30,1.0,0,0.0,0.0,26.266666666666666,4940,,,,,,,,,,,,,,,,,,,,,,,,,,,
112,D,nonparticipants_only,,,10,0,10,0,0,0,0.23476623264101093,0.2274613931588882,0.35960270312164244,0.001071590289236,0,0,0.0,0,0.0,0.0,50.0,0,,,,,,,,,,,,,,,,,,,,,,,,,,,
112,D,step_totals,,,,,,,,,,,,,,,,,,,,,69.40000000000006,11.0,0.15850144092219007,,,48.0,0.6916426512968293,0.0,0.0,0.004891221077116135,0.14583333333333334,0.0,0,7,18,38,22,,48,26,4.400000000000001,0.06340057636887604,6.000000000000003,0.08645533141210371,22,30,28
113,D,all_agents,,,40,30,10,0,21,9,0.41375457060943494,0.227493881811342,0.9934515893110317,0.09546163183436021,800,30,0.75,0,0.0,0.0,31.975,4996,,,,,,,,,,,,,,,,,,,,,,,,,,,
113,D,participants_only,,,30,30,0,0,21,9,0.47331639045880103,0.2280181183254616,0.9934515893110317,0.112741592435949,800,30,1.0,0,0.0,0.0,25.966666666666665,4996,,,,,,,,,,,,,,,,,,,,,,,,,,,
113,D,nonparticipants_only,,,10,0,10,0,0,0,0.2350691110613366,0.2270432241160802,0.35780468960603423,0.001050425424373735,0,0,0.0,0,0.0,0.0,50.0,0,,,,,,,,,,,,,,,,,,,,,,,,,,,
113,D,step_totals,,,,,,,,,,,,,,,,,,,,,71.90000000000006,6.5,0.09040333796940186,,,57.0,0.7927677329624472,0.0,0.0,0.005314457324641133,0.14035087719298245,0.0,0,8,27,7,13,,57,15,2.4,0.03337969401947146,6.000000000000003,0.08344923504867868,12,30,17
114,D,all_agents,,,40,30,10,0,21,9,0.414117668391426,0.227633853319232,0.9937135257385905,0.09564702221987584,807,30,0.75,0,0.0,0.0,32.2,5044,,,,,,,,,,,,,,,,,,,,,,,,,,,
114,D,participants_only,,,30,30,0,0,21,9,0.4737003229627969,0.2288191036059227,0.9937135257385905,0.11298522328675864,807,30,1.0,0,0.0,0.0,26.266666666666666,5044,,,,,,,,,,,,,,,,,,,,,,,,,,,
114,D,nonparticipants_only,,,10,0,10,0,0,0,0.23536970467731327,0.22746573113784574,0.35601566615800406,0.0010313063099717113,0,0,0.0,0,0.0,0.0,50.0,0,,,,,,,,,,,,,,,,,,,,,,,,,,,
114,D,step_totals,,,,,,,,,,,,,,,,,,,,,69.40000000000006,11.0,0.15850144092219007,,,48.0,0.6916426512968293,0.0,0.0,0.004909446176035492,0.14583333333333334,0.0,0,7,18,38,22,,48,26,4.400000000000001,0.06340057636887604,6.000000000000003,0.08645533141210371,22,30,28
115,D,all_agents,,,40,30,10,0,21,9,0.41471497914885735,0.22889987453721777,0.9939649847090469,0.09630760351943843,820,30,0.75,0,0.0,0.0,31.975,5100,,,,,,,,,,,,,,,,,,,,,,,,,,,
115,D,participants_only,,,30,30,0,0,21,9,0.47439713699078473,0.22825814424034507,0.9939649847090469,0.11382478934625787,820,30,1.0,0,0.0,0.0,25.966666666666665,5100,,,,,,,,,,,,,,,,,,,,,,,,,,,
115,D,nonparticipants_only,,,10,0,10,0,0,0,0.2356685056230751,0.22889987453721777,0.35423558782721404,0.0010125264629552795,0,0,0.0,0,0.0,0.0,50.0,0,,,,,,,,,,,,,,,,,,,,,,,,,,,
115,D,step_totals,,,,,,,,,,,,,,,,,,,,,71.90000000000005,6.5,0.09040333796940189,,,57.0,0.7927677329624473,0.0,0.0,0.005207678269114682,0.22807017543859648,0.0,0,13,27,7,13,,57,15,2.4,0.03337969401947147,6.000000000000003,0.0834492350486787,12,30,17
116,D,all_agents,,,40,30,10,0,21,9,0.41503398730499463,0.22834598798214079,0.9942063853206851,0.09646039400102195,827,30,0.75,0,0.0,0.0,32.2,5146,,,,,,,,,,,,,,,,,,,,,,,,,,,
116,D,participants_only,,,30,30,0,0,21,9,0.4747235802903588,0.22830310743457569,0.9942063853206851,0.11403072248080467,827,30,1.0,0,0.0,0.0,26.266666666666666,5146,,,,,,,,,,,,,,,,,,,,,,,,,,,
116,D,nonparticipants_only,,,10,0,10,0,0,0,0.2359652083489022,0.22851615918622437,0.352464409888078,0.000995238432572541,0,0,0.0,0,0.0,0.0,50.0,0,,,,,,,,,,,,,,,,,,,,,,,,,,,
116,D,step_totals,,,,,,,,,,,,,,,,,,,,,69.40000000000008,11.0,0.15850144092219004,,,48.0,0.6916426512968292,0.0,0.0,0.004764634937769318,0.14583333333333334,0.0,0,7,18,38,22,,48,26,4.400000000000001,0.06340057636887603,6.000000000000003,0.0864553314121037,22,30,28
117,D,all_agents,,,40,30,10,0,21,9,0.4155674540598185,0.22769704185741912,0.9944381299078576,0.09708835166900165,839,30,0.75,0,0.0,0.0,31.975,5201,,,,,,,,,,,,,,,,,,,,,,,,,,,
117,D,participants_only,,,30,30,0,0,21,9,0.4753364645949872,0.2274576203553288,0.9944381299078576,0.11483602782679068,839,30,1.0,0,0.0,0.0,25.966666666666665,5201,,,,,,,,,,,,,,,,,,,,,,,,,,,
117,D,nonparticipants_only,,,10,0,10,0,0,0,0.23626042245431256,0.22776806313637565,0.3507020878386376,0.0009773077513973078,0,0,0.0,0,0.0,0.0,50.0,0,,,,,,,,,,,,,,,,,,,,,,,,,,,
117,D,step_totals,,,,,,,,,,,,,,,,,,,,,71.90000000000006,6.5,0.09040333796940186,,,57.0,0.7927677329624472,0.0,0.0,0.004996713801193236,0.21052631578947367,0.0,0,12,27,7,13,,57,15,2.4,0.03337969401947146,6.000000000000003,0.08344923504867868,12,30,17
118,D,all_agents,,,40,30,10,0,21,9,0.41589092907816744,0.2286855883735383,0.9946606047115433,0.09724710747939343,846,30,0.75,0,0.0,0.0,32.2,5249,,,,,,,,,,,,,,,,,,,,,,,,,,,
118,D,participants_only,,,30,30,0,0,21,9,0.4756698873542313,0.22754392521879355,0.9946606047115433,0.1150490346734661,846,30,1.0,0,0.0,0.0,26.266666666666666,5249,,,,,,,,,,,,,,,,,,,,,,,,,,,
118,D,nonparticipants_only,,,10,0,10,0,0,0,0.23655405424997575,0.2294537803567231,0.3489485773994444,0.0009590396663187568,0,0,0.0,0,0.0,0.0,50.0,0,,,,,,,,,,,,,,,,,,,,,,,,,,,
118,D,step_totals,,,,,,,,,,,,,,,,,,,,,69.40000000000006,11.0,0.15850144092219007,,,48.0,0.6916426512968293,0.0,0.0,0.004787723887710181,0.14583333333333334,0.0,0,7,18,38,22,,48,26,4.400000000000001,0.06340057636887604,6.000000000000003,0.08645533141210371,22,30,28
119,D,all_agents,,,40,30,10,0,21,9,0.41634792181795655,0.22841522123739516,0.9948741805230815,0.09784558926658972,853,30,0.75,0,0.0,0.0,31.975,5303,,,,,,,,,,,,,,,,,,,,,,,,,,,
119,D,participants_only,,,30,30,0,0,21,9,0.476181858879004,0.22754216043167064,0.9948741805230815,0.11582689141433834,853,30,1.0,0,0.0,0.0,25.966666666666665,5303,,,,,,,,,,,,,,,,,,,,,,,,,,,
119,D,nonparticipants_only,,,10,0,10,0,0,0,0.23684611063481448,0.22907040182180727,0.3472038345124472,0.0009404825326392973,0,0,0.0,0,0.0,0.0,50.0,0,,,,,,,,,,,,,,,,,,,,,,,,,,,
119,D,step_totals,,,,,,,,,,,,,,,,,,,,,71.90000000000005,6.5,0.09040333796940189,,,57.0,0.7927677329624473,0.0,0.0,0.004744035040830538,0.12280701754385964,0.0,0,7,27,7,13,,57,15,2.4,0.03337969401947147,6.000000000000003,0.0834492350486787,12,30,17
120,D,all_agents,,,40,30,10,0,21,9,0.4166263027867811,0.22793502031227053,0.9950792133021582,0.09797078971355498,859,30,0.75,0,0.0,0.0,32.2,5348,,,,,,,,,,,,,,,,,,,,,,,,,,,
120,D,participants_only,,,30,30,0,0,21,9,0.4764564432399151,0.22674614867392828,0.9950792133021582,0.11600108085153903,859,30,1.0,0,0.0,0.0,26.266666666666666,5348,,,,,,,,,,,,,,,,,,,,,,,,,,,
120,D,nonparticipants_only,,,10,0,10,0,0,0,0.237135881427379,0.23031736213278192,0.34546781533988496,0.0009241678199019139,0,0,0.0,0,0.0,0.0,50.0,0,,,,,,,,,,,,,,,,,,,,,,,,,,,
120,D,step_totals,,,,,,,,,,,,,,,,,,,,,69.40000000000008,11.0,0.15850144092219004,,,48.0,0.6916426512968292,0.0,0.0,0.00463737485859434,0.125,0.0,0,6,18,38,22,,48,26,4.400000000000001,0.06340057636887603,6.000000000000003,0.0864553314121037,22,30,28
120,D,reachability,0.25,0.0,,,,,,,,,,,,,,,,,,,,,,,,,,,,,,,,,,,,,,,,,,,,,
121,D,all_agents,,,40,30,10,0,21,9,0.41707471054332645,0.22855698089083046,0.9952760447700719,0.0985584690693865,870,30,0.75,0,0.0,0.0,31.975,5400,,,,,,,,,,,,,,,,,,,,,,,,,,,
121,D,participants_only,,,30,30,0,0,21,9,0.4769584173983228,0.2262637230417348,0.9952760447700719,0.11676394502589071,870,30,1.0,0,0.0,0.0,25.966666666666665,5400,,,,,,,,,,,,,,,,,,,,,,,,,,,
121,D,nonparticipants_only,,,10,0,10,0,0,0,0.23742358997833732,0.23090272156297853,0.34374047626318555,0.0009093410395321723,0,0,0.0,0,0.0,0.0,50.0,0,,,,,,,,,,,,,,,,,,,,,,,,,,,
121,D,step_totals,,,,,,,,,,,,,,,,,,,,,71.90000000000005,6.5,0.09040333796940189,,,57.0,0.7927677329624473,0.0,0.0,0.004716357913226945,0.19298245614035087,0.0,0,11,27,7,13,,57,15,2.4,0.03337969401947147,6.000000000000003,0.0834492350486787,12,30,17
122,D,all_agents,,,40,30,10,0,21,9,0.41736314338379105,0.22974820795516362,0.9954650029792691,0.09869416245701007,882,30,0.75,0,0.0,0.0,32.2,5448,,,,,,,,,,,,,,,,,,,,,,,,,,,
122,D,participants_only,,,30,30,0,0,21,9,0.4772476274062015,0.22601568205784872,0.9954650029792691,0.11694946132809492,882,30,1.0,0,0.0,0.0,26.266666666666666,5448,,,,,,,,,,,,,,,,,,,,,,,,,,,
122,D,nonparticipants_only,,,10,0,10,0,0,0,0.2377096913165599,0.23053224582454457,0.3420217738818696,0.0008944487241916248,0,0,0.0,0,0.0,0.0,50.0,0,,,,,,,,,,,,,,,,,,,,,,,,,,,
122,D,step_totals,,,,,,,,,,,,,,,,,,,,,69.40000000000006,11.0,0.15850144092219007,,,48.0,0.6916426512968293,0.0,0.0,0.004677448292572937,0.25,0.0,0,12,18,38,22,,48,26,4.400000000000001,0.06340057636887604,6.000000000000003,0.08645533141210371,22,30,28
123,D,all_agents,,,40,30,10,0,21,9,0.4178506783034059,0.22919852792062229,0.9956464028600983,0.09931167850871642,889,30,0.75,0,0.0,0.0,31.975,5504,,,,,,,,,,,,,,,,,,,,,,,,,,,
123,D,participants_only,,,30,30,0,0,21,9,0.4778027373484342,0.22565604092916952,0.9956464028600983,0.11774577060749981,889,30,1.0,0,0.0,0.0,25.966666666666665,5504,,,,,,,,,,,,,,,,,,,,,,,,,,,
123,D,nonparticipants_only,,,10,0,10,0,0,0,0.2379945011683209,0.2298099618821125,0.34031166501246024,0.0008784096075034779,0,0,0.0,0,0.0,0.0,50.0,0,,,,,,,,,,,,,,,,,,,,,,,,,,,
123,D,step_totals,,,,,,,,,,,,,,,,,,,,,71.90000000000005,6.5,0.09040333796940189,,,57.0,0.7927677329624473,0.0,0.0,0.004849252516795371,0.12280701754385964,0.0,0,7,27,7,13,,57,15,2.4,0.03337969401947147,6.000000000000003,0.0834492350486787,12,30,17
124,D,all_agents,,,40,30,10,0,21,9,0.4181222079253069,0.22866091207270192,0.9958205467456944,0.09943455448459022,895,30,0.75,0,0.0,0.0,32.2,5552,,,,,,,,,,,,,,,,,,,,,,,,,,,
124,D,participants_only,,,30,30,0,0,21,9,0.47807037042864475,0.22542076682684797,0.9958205467456944,0.11791685669413587,895,30,1.0,0,0.0,0.0,26.266666666666666,5552,,,,,,,,,,,,,,,,,,,,,,,,,,,
124,D,nonparticipants_only,,,10,0,10,0,0,0,0.23827772041529352,0.2301714298909146,0.33861010668739794,0.0008622616056341223,0,0,0.0,0,0.0,0.0,50.0,0,,,,,,,,,,,,,,,,,,,,,,,,,,,
124,D,step_totals,,,,,,,,,,,,,,,,,,,,,69.40000000000008,11.0,0.15850144092219004,,,48.0,0.6916426512968292,0.0,0.0,0.004625813406158492,0.125,0.0,0,6,18,38,22,,48,26,4.400000000000001,0.06340057636887603,6.000000000000003,0.0864553314121037,22,30,28
125,D,all_agents,,,40,30,10,0,21,9,0.4185656044074364,0.2288830462986668,0.9959877248758666,0.10002469564767563,899,30,0.75,0,0.0,0.0,31.975,5607,,,,,,,,,,,,,,,,,,,,,,,,,,,
125,D,participants_only,,,30,30,0,0,21,9,0.4785676432989973,0.22588318481703668,0.9959877248758666,0.11868342274504745,899,30,1.0,0,0.0,0.0,25.966666666666665,5607,,,,,,,,,,,,,,,,,,,,,,,,,,,
125,D,nonparticipants_only,,,10,0,10,0,0,0,0.23855948773275368,0.23079329514618452,0.33691705615396095,0.0008455783018275457,0,0,0.0,0,0.0,0.0,50.0,0,,,,,,,,,,,,,,,,,,,,,,,,,,,
125,D,step_totals,,,,,,,,,,,,,,,,,,,,,71.90000000000006,6.5,0.09040333796940186,,,57.0,0.7927677329624472,0.0,0.0,0.004704061626637225,0.07017543859649122,0.0,0,4,27,7,13,,57,15,2.4,0.03337969401947146,6.000000000000003,0.08344923504867868,12,30,17
126,D,all_agents,,,40,30,10,0,21,9,0.41879878844896357,0.2296308500296632,0.9961482158808319,0.10011777997037404,909,30,0.75,0,0.0,0.0,32.2,5653,,,,,,,,,,,,,,,,,,,,,,,,,,,
126,D,participants_only,,,30,30,0,0,21,9,0.47878551072264985,0.2260929331160472,0.9961482158808319,0.11881922663672027,909,30,1.0,0,0.0,0.0,26.266666666666666,5653,,,,,,,,,,,,,,,,,,,,,,,,,,,
126,D,nonparticipants_only,,,10,0,10,0,0,0,0.23883862162790453,0.23092681599922202,0.33523247087319114,0.0008325577816508291,0,0,0.0,0,0.0,0.0,50.0,0,,,,,,,,,,,,,,,,,,,,,,,,,,,
126,D,step_totals,,,,,,,,,,,,,,,,,,,,,69.40000000000006,11.0,0.15850144092219007,,,48.0,0.6916426512968293,0.0,0.0,0.00449832130474794,0.20833333333333334,0.0,0,10,18,38,22,,48,26,4.400000000000001,0.06340057636887604,6.000000000000003,0.08645533141210371,22,30,28
127,D,all_agents,,,40,30,10,0,21,9,0.4191994879895635,0.22944639129041672,0.9963022872455987,0.10069433809746488,923,30,0.75,0,0.0,0.0,31.975,5709,,,,,,,,,,,,,,,,,,,,,,,,,,,
127,D,participants_only,,,30,30,0,0,21,9,0.47922730107429823,0.22637755984486901,0.9963022872455987,0.11957244688107216,923,30,1.0,0,0.0,0.0,25.966666666666665,5709,,,,,,,,,,,,,,,,,,,,,,,,,,,
127,D,nonparticipants_only,,,10,0,10,0,0,0,0.23911604873535958,0.23207043164792632,0.3335563085188252,0.0008199516218129652,0,0,0.0,0,0.0,0.0,50.0,0,,,,,,,,,,,,,,,,,,,,,,,,,,,
127,D,step_totals,,,,,,,,,,,,,,,,,,,,,71.90000000000006,6.5,0.09040333796940186,,,57.0,0.7927677329624472,0.0,0.0,0.004561863563668425,0.24561403508771928,0.0,0,14,27,7,13,,57,15,2.4,0.03337969401947146,6.000000000000003,0.08344923504867868,12,30,17
128,D,all_agents,,,40,30,10,0,21,9,0.4194389085608456,0.23023014176696532,0.9964501957557748,0.10079310805842538,929,30,0.75,0,0.0,0.0,32.2,5755,,,,,,,,,,,,,,,,,,,,,,,,,,,
128,D,participants_only,,,30,30,0,0,21,9,0.47945452290131885,0.22661455475104358,0.9964501957557748,0.11971439071206061,929,30,1.0,0,0.0,0.0,26.266666666666666,5755,,,,,,,,,,,,,,,,,,,,,,,,,,,
128,D,nonparticipants_only,,,10,0,10,0,0,0,0.23939206553942588,0.2321415806667948,0.33188852697623106,0.0008067725215467146,0,0,0.0,0,0.0,0.0,50.0,0,,,,,,,,,,,,,,,,,,,,,,,,,,,
128,D,step_totals,,,,,,,,,,,,,,,,,,,,,69.40000000000008,11.0,0.15850144092219004,,,48.0,0.6916426512968292,0.0,0.0,0.004525182409066166,0.125,0.0,0,6,18,38,22,,48,26,4.400000000000001,0.06340057636887603,6.000000000000003,0.0864553314121037,22,30,28
129,D,all_agents,,,40,30,10,0,21,9,0.41982059607508887,0.23073801183340958,0.9965921879255437,0.10135864761057434,936,30,0.75,0,0.0,0.0,31.975,5811,,,,,,,,,,,,,,,,,,,,,,,,,,,
129,D,participants_only,,,30,30,0,0,21,9,0.47987186996737935,0.22615317263357,0.9965921879255437,0.12045600970827833,936,30,1.0,0,0.0,0.0,25.966666666666665,5811,,,,,,,,,,,,,,,,,,,,,,,,,,,
129,D,nonparticipants_only,,,10,0,10,0,0,0,0.23966677439821762,0.23147281797250804,0.3302290843413499,0.0007926953644197519,0,0,0.0,0,0.0,0.0,50.0,0,,,,,,,,,,,,,,,,,,,,,,,,,,,
129,D,step_totals,,,,,,,,,,,,,,,,,,,,,71.90000000000005,6.5,0.09040333796940189,,,57.0,0.7927677329624473,0.0,0.0,0.004500275070676899,0.12280701754385964,0.0,0,7,27,7,13,,57,15,2.4,0.03337969401947147,6.000000000000003,0.0834492350486787,12,30,17
130,D,all_agents,,,40,30,10,0,21,9,0.4199996619192191,0.23028965584020186,0.996728500408522,0.1014107140524941,946,30,0.75,0,0.0,0.0,32.2,5857,,,,,,,,,,,,,,,,,,,,,,,,,,,
130,D,participants_only,,,30,30,0,0,21,9,0.48001954435429894,0.22589145195741006,0.996728500408522,0.12054531813613609,946,30,1.0,0,0.0,0.0,26.266666666666666,5857,,,,,,,,,,,,,,,,,,,,,,,,,,,
130,D,nonparticipants_only,,,10,0,10,0,0,0,0.2399400146139798,0.23199755660585056,0.32857793891964315,0.0007782663513186037,0,0,0.0,0,0.0,0.0,50.0,0,,,,,,,,,,,,,,,,,,,,,,,,,,,
130,D,step_totals,,,,,,,,,,,,,,,,,,,,,69.40000000000006,11.0,0.15850144092219007,,,48.0,0.6916426512968293,0.0,0.0,0.004321494816500864,0.20833333333333334,0.0,0,10,18,38,22,,48,26,4.400000000000001,0.06340057636887604,6.000000000000003,0.08645533141210371,22,30,28
130,D,reachability,0.25,0.0,,,,,,,,,,,,,,,,,,,,,,,,,,,,,,,,,,,,,,,,,,,,,
131,D,all_agents,,,40,30,10,0,21,9,0.4203266515780838,0.22991187558477028,0.9968593603921811,0.1019464141168514,950,30,0.75,0,0.0,0.0,31.975,5910,,,,,,,,,,,,,,,,,,,,,,,,,,,
131,D,participants_only,,,30,30,0,0,21,9,0.4803649879903799,0.2255723103034552,0.9968593603921811,0.1212554612808551,950,30,1.0,0,0.0,0.0,25.966666666666665,5910,,,,,,,,,,,,,,,,,,,,,,,,,,,
131,D,nonparticipants_only,,,10,0,10,0,0,0,0.2402116423411954,0.23264199716225997,0.32693504922504496,0.000764050554967831,0,0,0.0,0,0.0,0.0,50.0,0,,,,,,,,,,,,,,,,,,,,,,,,,,,
131,D,step_totals,,,,,,,,,,,,,,,,,,,,,71.90000000000005,6.5,0.09040333796940189,,,57.0,0.7927677329624473,0.0,0.0,0.004318197881154825,0.07017543859649122,0.0,0,4,27,7,13,,57,15,2.4,0.03337969401947147,6.000000000000003,0.0834492350486787,12,30,17
132,D,all_agents,,,40,30,10,0,21,9,0.4204967453925918,0.23116506162931477,0.9969849859764939,0.10199020799124096,959,30,0.75,0,0.0,0.0,32.2,5953,,,,,,,,,,,,,,,,,,,,,,,,,,,
132,D,participants_only,,,30,30,0,0,21,9,0.4805020102605439,0.2253722949200387,0.9969849859764939,0.12133355996619626,959,30,1.0,0,0.0,0.0,26.266666666666666,5953,,,,,,,,,,,,,,,,,,,,,,,,,,,
132,D,nonparticipants_only,,,10,0,10,0,0,0,0.24048095078873546,0.2327999593751248,0.32530037397891975,0.0007525703238980745,0,0,0.0,0,0.0,0.0,50.0,0,,,,,,,,,,,,,,,,,,,,,,,,,,,
132,D,step_totals,,,,,,,,,,,,,,,,,,,,,69.40000000000006,11.0,0.15850144092219007,,,48.0,0.6916426512968293,0.0,0.0,0.004293504032543034,0.1875,0.0,0,9,18,38,22,,48,26,4.400000000000001,0.06340057636887604,6.000000000000003,0.08645533141210371,22,30,28
133,D,all_agents,,,40,30,10,0,21,9,0.4208482069970955,0.23144649436560583,0.997015136116729,0.10253825099638458,966,30,0.75,0,0.0,0.0,31.975,6007,,,,,,,,,,,,,,,,,,,,,,,,,,,
133,D,participants_only,,,30,30,0,0,21,9,0.48088137805339,0.22578942929585222,0.997015136116729,0.12205467673443138,966,30,1.0,0,0.0,0.0,25.966666666666665,6007,,,,,,,,,,,,,,,,,,,,,,,,,,,
133,D,nonparticipants_only,,,10,0,10,0,0,0,0.24074869382821207,0.2339388826132095,0.32367387210902515,0.0007411942573524308,0,0,0.0,0,0.0,0.0,50.0,0,,,,,,,,,,,,,,,,,,,,,,,,,,,
133,D,step_totals,,,,,,,,,,,,,,,,,,,,,71.90000000000006,6.5,0.09040333796940186,,,57.0,0.7927677329624472,0.0,0.0,0.004399816971554245,0.12280701754385964,0.0,0,7,27,7,13,,57,15,2.4,0.03337969401947146,6.000000000000003,0.08344923504867868,12,30,17
134,D,all_agents,,,40,30,10,0,21,9,0.4210302515658765,0.23223646710241236,0.9971345306720598,0.10259194336624727,974,30,0.75,0,0.0,0.0,32.2,6054,,,,,,,,,,,,,,,,,,,,,,,,,,,
134,D,participants_only,,,30,30,0,0,21,9,0.4810353137914557,0.22599016857417176,0.9971345306720598,0.12214372944853175,974,30,1.0,0,0.0,0.0,26.266666666666666,6054,,,,,,,,,,,,,,,,,,,,,,,,,,,
134,D,nonparticipants_only,,,10,0,10,0,0,0,0.24101506488913874,0.23404278158397163,0.32205550274848005,0.0007292952070462345,0,0,0.0,0,0.0,0.0,50.0,0,,,,,,,,,,,,,,,,,,,,,,,,,,,
134,D,step_totals,,,,,,,,,,,,,,,,,,,,,69.40000000000006,11.0,0.15850144092219007,,,48.0,0.6916426512968293,0.0,0.0,0.004339371659886258,0.16666666666666666,0.0,0,8,18,38,22,,48,26,4.400000000000001,0.06340057636887604,6.000000000000003,0.08645533141210371,22,30,28
135,D,all_agents,,,40,30,10,0,21,9,0.42130041730397205,0.2327268137549696,0.9972491494451774,0.10308975425738012,982,30,0.75,0,0.0,0.0,31.975,6108,,,,,,,,,,,,,,,,,,,,,,,,,,,
135,D,participants_only,,,30,30,0,0,21,9,0.48130716922589695,0.22626198529952496,0.9972491494451774,0.12281090994051876,982,30,1.0,0,0.0,0.0,25.966666666666665,6108,,,,,,,,,,,,,,,,,,,,,,,,,,,
135,D,nonparticipants_only,,,10,0,10,0,0,0,0.2412801615381972,0.2333268600068768,0.3204452252347377,0.0007165638933309301,0,0,0.0,0,0.0,0.0,50.0,0,,,,,,,,,,,,,,,,,,,,,,,,,,,
135,D,step_totals,,,,,,,,,,,,,,,,,,,,,71.90000000000005,6.5,0.09040333796940189,,,57.0,0.7927677329624473,0.0,0.0,0.004129466106802635,0.14035087719298245,0.0,0,8,27,7,13,,57,15,2.4,0.03337969401947147,6.000000000000003,0.0834492350486787,12,30,17
136,D,all_agents,,,40,30,10,0,21,9,0.42147706884652814,0.23216022570684242,0.9973591834673703,0.10313745357956922,987,30,0.75,0,0.0,0.0,32.2,6155,,,,,,,,,,,,,,,,,,,,,,,,,,,
136,D,participants_only,,,30,30,0,0,21,9,0.4814548816699398,0.2264887686679992,0.9973591834673703,0.12289251239781418,987,30,1.0,0,0.0,0.0,26.266666666666666,6155,,,,,,,,,,,,,,,,,,,,,,,,,,,
136,D,nonparticipants_only,,,10,0,10,0,0,0,0.24154363037629317,0.2339677745291056,0.318842999108564,0.0007042207518718765,0,0,0.0,0,0.0,0.0,50.0,0,,,,,,,,,,,,,,,,,,,,,,,,,,,
136,D,step_totals,,,,,,,,,,,,,,,,,,,,,69.40000000000006,11.0,0.15850144092219007,,,48.0,0.6916426512968293,0.0,0.0,0.0043240547083013775,0.10416666666666667,0.0,0,5,18,38,22,,48,26,4.400000000000001,0.06340057636887604,6.000000000000003,0.08645533141210371,22,30,28
137,D,all_agents,,,40,30,10,0,21,9,0.42179721928127817,0.2319291822920393,0.9974648161286754,0.10366924527457785,996,30,0.75,0,0.0,0.0,31.975,6211,,,,,,,,,,,,,,,,,,,,,,,,,,,
137,D,participants_only,,,30,30,0,0,21,9,0.4817943934627922,0.22604750131898965,0.9974648161286754,0.123596505321359,996,30,1.0,0,0.0,0.0,25.966666666666665,6211,,,,,,,,,,,,,,,,,,,,,,,,,,,
137,D,nonparticipants_only,,,10,0,10,0,0,0,0.24180569673673616,0.23439197074844842,0.3172487841130212,0.0006915342170312176,0,0,0.0,0,0.0,0.0,50.0,0,,,,,,,,,,,,,,,,,,,,,,,,,,,
137,D,step_totals,,,,,,,,,,,,,,,,,,,,,71.90000000000006,6.5,0.09040333796940186,,,57.0,0.7927677329624472,0.0,0.0,0.004296989889409787,0.15789473684210525,0.0,0,9,27,7,13,,57,15,2.4,0.03337969401947146,6.000000000000003,0.08344923504867868,12,30,17
138,D,all_agents,,,40,30,10,0,21,9,0.4219775800710475,0.2331391287381373,0.9975597206533415,0.1037219890913409,1003,30,0.75,0,0.0,0.0,32.2,6257,,,,,,,,,,,,,,,,,,,,,,,,,,,
138,D,participants_only,,,30,30,0,0,21,9,0.4819482387988016,0.22577270469775057,0.9975597206533415,0.12368299908907139,1003,30,1.0,0,0.0,0.0,26.266666666666666,6257,,,,,,,,,,,,,,,,,,,,,,,,,,,
138,D,nonparticipants_only,,,10,0,10,0,0,0,0.24206560388778542,0.23464323890946445,0.3156625401924561,0.0006812001992605146,0,0,0.0,0,0.0,0.0,50.0,0,,,,,,,,,,,,,,,,,,,,,,,,,,,
138,D,step_totals,,,,,,,,,,,,,,,,,,,,,69.40000000000006,11.0,0.15850144092219007,,,48.0,0.6916426512968293,0.0,0.0,0.0043400500635121415,0.14583333333333334,0.0,0,7,18,38,22,,48,26,4.400000000000001,0.06340057636887604,6.000000000000003,0.08645533141210371,22,30,28
139,D,all_agents,,,40,30,10,0,21,9,0.42223967872758306,0.2334108509940413,0.9976573318272078,0.104223266384807,1006,30,0.75,0,0.0,0.0,31.975,6311,,,,,,,,,,,,,,,,,,,,,,,,,,,
139,D,participants_only,,,30,30,0,0,21,9,0.48221157509773793,0.22549227509203673,0.9976573318272078,0.12435417634964832,1006,30,1.0,0,0.0,0.0,25.966666666666665,6311,,,,,,,,,,,,,,,,,,,,,,,,,,,
139,D,nonparticipants_only,,,10,0,10,0,0,0,0.24232398961711848,0.23574286504262965,0.31408422749149384,0.0006709962394919145,0,0,0.0,0,0.0,0.0,50.0,0,,,,,,,,,,,,,,,,,,,,,,,,,,,
139,D,step_totals,,,,,,,,,,,,,,,,,,,,,71.90000000000006,6.5,0.09040333796940186,,,57.0,0.7927677329624472,0.0,0.0,0.004103379988647095,0.05263157894736842,0.0,0,3,27,7,13,,57,15,2.4,0.03337969401947146,6.000000000000003,0.08344923504867868,12,30,17
140,D,all_agents,,,40,30,10,0,21,9,0.42240982292361323,0.2341735667213464,0.9977510385541195,0.1042681368704218,1014,30,0.75,0,0.0,0.0,32.2,6359,,,,,,,,,,,,,,,,,,,,,,,,,,,
140,D,participants_only,,,30,30,0,0,21,9,0.48235275074553474,0.22532596229949226,0.9977510385541195,0.12443145714440164,1014,30,1.0,0,0.0,0.0,26.266666666666666,6359,,,,,,,,,,,,,,,,,,,,,,,,,,,
140,D,nonparticipants_only,,,10,0,10,0,0,0,0.24258103945784876,0.23584317911089925,0.31251380635403636,0.0006603208981132216,0,0,0.0,0,0.0,0.0,50.0,0,,,,,,,,,,,,,,,,,,,,,,,,,,,
140,D,step_totals,,,,,,,,,,,,,,,,,,,,,69.40000000000006,11.0,0.15850144092219007,,,48.0,0.6916426512968293,0.0,0.0,0.004307562389181288,0.16666666666666666,0.0,0,8,18,38,22,,48,26,4.400000000000001,0.06340057636887604,6.000000000000003,0.08645533141210371,22,30,28
140,D,reachability,0.25,0.0,,,,,,,,,,,,,,,,,,,,,,,,,,,,,,,,,,,,,,,,,,,,,
141,D,all_agents,,,40,30,10,0,21,9,0.42267815566201145,0.23464699458323532,0.9978409970119547,0.10477751513918596,1022,30,0.75,0,0.0,0.0,31.975,6414,,,,,,,,,,,,,,,,,,,,,,,,,,,
141,D,participants_only,,,30,30,0,0,21,9,0.48262532246848056,0.22569981163331077,0.9978409970119547,0.12511218706963545,1022,30,1.0,0,0.0,0.0,25.966666666666665,6414,,,,,,,,,,,,,,,,,,,,,,,,,,,
141,D,nonparticipants_only,,,10,0,10,0,0,0,0.24283665524260414,0.23515195950175838,0.3109512373222662,0.0006495456503659066,0,0,0.0,0,0.0,0.0,50.0,0,,,,,,,,,,,,,,,,,,,,,,,,,,,
141,D,step_totals,,,,,,,,,,,,,,,,,,,,,71.90000000000006,6.5,0.09040333796940186,,,57.0,0.7927677329624472,0.0,0.0,0.004125123386010614,0.14035087719298245,0.0,0,8,27,7,13,,57,15,2.4,0.03337969401947146,6.000000000000003,0.08344923504867868,12,30,17
142,D,all_agents,,,40,30,10,0,21,9,0.42283685432464135,0.2339761997042496,0.9979273571314765,0.1048122165289474,1026,30,0.75,0,0.0,0.0,32.2,6460,,,,,,,,,,,,,,,,,,,,,,,,,,,
142,D,participants_only,,,30,30,0,0,21,9,0.4827521893722678,0.22589193950010053,0.9979273571314765,0.12517736107854335,1026,30,1.0,0,0.0,0.0,26.266666666666666,6460,,,,,,,,,,,,,,,,,,,,,,,,,,,
142,D,nonparticipants_only,,,10,0,10,0,0,0,0.2430908491817618,0.2358312386594086,0.3093964811356549,0.0006386143937274173,0,0,0.0,0,0.0,0.0,50.0,0,,,,,,,,,,,,,,,,,,,,,,,,,,,
142,D,step_totals,,,,,,,,,,,,,,,,,,,,,69.40000000000006,11.0,0.15850144092219007,,,48.0,0.6916426512968293,0.0,0.0,0.00427124766541841,0.08333333333333333,0.0,0,4,18,38,22,,48,26,4.400000000000001,0.06340057636887604,6.000000000000003,0.08645533141210371,22,30,28
143,D,all_agents,,,40,30,10,0,21,9,0.42312933721614443,0.23387688438445847,0.9979535514850467,0.10533370325004829,1033,30,0.75,0,0.0,0.0,31.975,6516,,,,,,,,,,,,,,,,,,,,,,,,,,,
143,D,participants_only,,,30,30,0,0,21,9,0.4830578607181296,0.22615151158584743,0.9979535514850467,0.12587020081124708,1033,30,1.0,0,0.0,0.0,25.966666666666665,6516,,,,,,,,,,,,,,,,,,,,,,,,,,,
143,D,nonparticipants_only,,,10,0,10,0,0,0,0.24334376671018904,0.23612014375821017,0.3078494987299766,0.000627075416916066,0,0,0.0,0,0.0,0.0,50.0,0,,,,,,,,,,,,,,,,,,,,,,,,,,,
143,D,step_totals,,,,,,,,,,,,,,,,,,,,,71.90000000000006,6.5,0.09040333796940186,,,57.0,0.7927677329624472,0.0,0.0,0.004206430787957173,0.12280701754385964,0.0,0,7,27,7,13,,57,15,2.4,0.03337969401947146,6.000000000000003,0.08344923504867868,12,30,17
144,D,all_agents,,,40,30,10,0,21,9,0.42327815479681424,0.2349395430394191,0.9980354094256448,0.10536018771715021,1038,30,0.75,0,0.0,0.0,32.2,6563,,,,,,,,,,,,,,,,,,,,,,,,,,,
144,D,participants_only,,,30,30,0,0,21,9,0.48317267646092504,0.22636853409834112,0.9980354094256448,0.12592489063409554,1038,30,1.0,0,0.0,0.0,26.266666666666666,6563,,,,,,,,,,,,,,,,,,,,,,,,,,,
144,D,nonparticipants_only,,,10,0,10,0,0,0,0.2435945898044817,0.23642291841630908,0.3063102512363267,0.0006178342618425345,0,0,0.0,0,0.0,0.0,50.0,0,,,,,,,,,,,,,,,,,,,,,,,,,,,
144,D,step_totals,,,,,,,,,,,,,,,,,,,,,69.40000000000006,11.0,0.15850144092219007,,,48.0,0.6916426512968293,0.0,0.0,0.004240360495384431,0.10416666666666667,0.0,0,5,18,38,22,,48,26,4.400000000000001,0.06340057636887604,6.000000000000003,0.08645533141210371,22,30,28
145,D,all_agents,,,40,30,10,0,21,9,0.42350883053388255,0.23524080382422752,0.998113993048619,0.10583695363895533,1044,30,0.75,0,0.0,0.0,31.975,6617,,,,,,,,,,,,,,,,,,,,,,,,,,,
145,D,participants_only,,,30,30,0,0,21,9,0.4833971296918,0.22594649376134684,0.998113993048619,0.12656658754347833,1044,30,1.0,0,0.0,0.0,25.966666666666665,6617,,,,,,,,,,,,,,,,,,,,,,,,,,,
145,D,nonparticipants_only,,,10,0,10,0,0,0,0.24384393306013027,0.237484603341426,0.30477869998014506,0.000608751413047764,0,0,0.0,0,0.0,0.0,50.0,0,,,,,,,,,,,,,,,,,,,,,,,,,,,
145,D,step_totals,,,,,,,,,,,,,,,,,,,,,71.90000000000006,6.5,0.09040333796940186,,,57.0,0.7927677329624472,0.0,0.0,0.003999975185008519,0.10526315789473684,0.0,0,6,27,7,13,,57,15,2.4,0.03337969401947146,6.000000000000003,0.08344923504867868,12,30,17
146,D,all_agents,,,40,30,10,0,21,9,0.4236295867298609,0.23604382916950428,0.9981894333266743,0.1058398060526265,1053,30,0.75,0,0.0,0.0,32.2,6664,,,,,,,,,,,,,,,,,,,,,,,,,,,
146,D,participants_only,,,30,30,0,0,21,9,0.4834755193247839,0.2256591982961068,0.9981894333266743,0.12659363395788523,1053,30,1.0,0,0.0,0.0,26.266666666666666,6664,,,,,,,,,,,,,,,,,,,,,,,,,,,
146,D,nonparticipants_only,,,10,0,10,0,0,0,0.2440917889450919,0.23758145619972648,0.30325480648024433,0.0005998945589774391,0,0,0.0,0,0.0,0.0,50.0,0,,,,,,,,,,,,,,,,,,,,,,,,,,,
146,D,step_totals,,,,,,,,,,,,,,,,,,,,,69.40000000000008,11.0,0.15850144092219004,,,48.0,0.6916426512968292,0.0,0.0,0.004145594532660245,0.1875,0.0,0,9,18,38,22,,48,26,4.400000000000001,0.06340057636887603,6.000000000000003,0.0864553314121037,22,30,28
147,D,all_agents,,,40,30,10,0,21,9,0.42387004133822853,0.23639354891872788,0.9982618559936074,0.10632755725338451,1066,30,0.75,0,0.0,0.0,31.975,6720,,,,,,,,,,,,,,,,,,,,,,,,,,,
147,D,participants_only,,,30,30,0,0,21,9,0.4837139199124658,0.22541577219943143,0.9982618559936074,0.12724810830906372,1066,30,1.0,0,0.0,0.0,25.966666666666665,6720,,,,,,,,,,,,,,,,,,,,,,,,,,,
147,D,nonparticipants_only,,,10,0,10,0,0,0,0.24433840561551648,0.23691408624839796,0.3017385324478431,0.0005904264526501068,0,0,0.0,0,0.0,0.0,50.0,0,,,,,,,,,,,,,,,,,,,,,,,,,,,
147,D,step_totals,,,,,,,,,,,,,,,,,,,,,72.10000000000007,6.5,0.09015256588072114,,,57.0,0.7905686546463239,0.0,0.0,0.004021458445797412,0.22807017543859648,0.0,0,13,27,7,13,,57,15,2.6,0.03606102635228846,6.000000000000003,0.0832177531206657,13,30,17
148,D,all_agents,,,40,30,10,0,21,9,0.42400129667071285,0.23572951581715595,0.998331381753863,0.10633882173540134,1072,30,0.75,0,0.0,0.0,32.2,6768,,,,,,,,,,,,,,,,,,,,,,,,,,,
148,D,participants_only,,,30,30,0,0,21,9,0.4838071539357943,0.22528167454875148,0.998331381753863,0.12728461967133547,1072,30,1.0,0,0.0,0.0,26.266666666666666,6768,,,,,,,,,,,,,,,,,,,,,,,,,,,
148,D,nonparticipants_only,,,10,0,10,0,0,0,0.24458372487546864,0.23756992773840283,0.30022983978560386,0.0005805411690634212,0,0,0.0,0,0.0,0.0,50.0,0,,,,,,,,,,,,,,,,,,,,,,,,,,,
148,D,step_totals,,,,,,,,,,,,,,,,,,,,,69.40000000000008,11.0,0.15850144092219004,,,48.0,0.6916426512968292,0.0,0.0,0.0041846285423035945,0.125,0.0,0,6,18,38,22,,48,26,4.400000000000001,0.06340057636887603,6.000000000000003,0.0864553314121037,22,30,28
149,D,all_agents,,,40,30,10,0,21,9,0.4242266727155354,0.2357573834811723,0.9983981264837085,0.10681681292661858,1078,30,0.75,0,0.0,0.0,31.975,6821,,,,,,,,,,,,,,,,,,,,,,,,,,,
149,D,participants_only,,,30,30,0,0,21,9,0.48402629617682885,0.22561414920684325,0.9983981264837085,0.1279284047635517,1078,30,1.0,0,0.0,0.0,25.966666666666665,6821,,,,,,,,,,,,,,,,,,,,,,,,,,,
149,D,nonparticipants_only,,,10,0,10,0,0,0,0.24482780233165505,0.2378488645324058,0.29872869058667584,0.0005700978224695062,0,0,0.0,0,0.0,0.0,50.0,0,,,,,,,,,,,,,,,,,,,,,,,,,,,
149,D,step_totals,,,,,,,,,,,,,,,,,,,,,71.90000000000005,6.5,0.09040333796940189,,,57.0,0.7927677329624473,0.0,0.0,0.003982863636167546,0.10526315789473684,0.0,0,6,27,7,13,,57,15,2.4,0.03337969401947147,6.000000000000003,0.0834492350486787,12,30,17
150,D,all_agents,,,40,30,10,0,21,9,0.4243182373985795,0.2366596202097438,0.9984622014243602,0.10679959205636862,1082,30,0.75,0,0.0,0.0,32.2,6867,,,,,,,,,,,,,,,,,,,,,,,,,,,
150,D,participants_only,,,30,30,0,0,21,9,0.4840677008532531,0.22579804572295908,0.9984622014243602,0.12793216161661083,1082,30,1.0,0,0.0,0.0,26.266666666666666,6867,,,,,,,,,,,,,,,,,,,,,,,,,,,
150,D,nonparticipants_only,,,10,0,10,0,0,0,0.24506984703455856,0.2381411923341158,0.29782322120145716,0.0005619027781853483,0,0,0.0,0,0.0,0.0,50.0,0,,,,,,,,,,,,,,,,,,,,,,,,,,,
150,D,step_totals,,,,,,,,,,,,,,,,,,,,,69.40000000000006,11.0,0.15850144092219007,,,48.0,0.6916426512968293,0.0,0.0,0.004049504731527313,0.08333333333333333,0.0,0,4,18,38,22,,48,26,4.400000000000001,0.06340057636887604,6.000000000000003,0.08645533141210371,22,30,28
150,D,reachability,0.25,0.0,,,,,,,,,,,,,,,,,,,,,,,,,,,,,,,,,,,,,,,,,,,,,
151,D,all_agents,,,40,30,10,0,21,9,0.42452458271443366,0.23695048637244523,0.9985237133673858,0.10726892331753164,1092,30,0.75,0,0.0,0.0,31.975,6921,,,,,,,,,,,,,,,,,,,,,,,,,,,
151,D,participants_only,,,30,30,0,0,21,9,0.48426268653751464,0.2260459135808769,0.9985237133673858,0.12856582680344864,1092,30,1.0,0,0.0,0.0,25.966666666666665,6921,,,,,,,,,,,,,,,,,,,,,,,,,,,
151,D,nonparticipants_only,,,10,0,10,0,0,0,0.24531027124519053,0.23916624516455004,0.29679722206921694,0.0005545202792541586,0,0,0.0,0,0.0,0.0,50.0,0,,,,,,,,,,,,,,,,,,,,,,,,,,,
151,D,step_totals,,,,,,,,,,,,,,,,,,,,,71.90000000000006,6.5,0.09040333796940186,,,57.0,0.7927677329624472,0.0,0.0,0.003918179658599494,0.17543859649122806,0.0,0,10,27,7,13,,57,15,2.4,0.03337969401947146,6.000000000000003,0.08344923504867868,12,30,17
152,D,all_agents,,,40,30,10,0,21,9,0.4246400558940631,0.2378495605788752,0.9985827648326904,0.10726548295781604,1101,30,0.75,0,0.0,0.0,32.2,6969,,,,,,,,,,,,,,,,,,,,,,,,,,,
152,D,participants_only,,,30,30,0,0,21,9,0.4843369410390811,0.22625360602847067,0.9985827648326904,0.12858348573457942,1101,30,1.0,0,0.0,0.0,26.266666666666666,6969,,,,,,,,,,,,,,,,,,,,,,,,,,,
152,D,nonparticipants_only,,,10,0,10,0,0,0,0.24554940045900941,0.23925975623755097,0.29616919835398103,0.0005468574753163308,0,0,0.0,0,0.0,0.0,50.0,0,,,,,,,,,,,,,,,,,,,,,,,,,,,
152,D,step_totals,,,,,,,,,,,,,,,,,,,,,69.40000000000008,11.0,0.15850144092219004,,,48.0,0.6916426512968292,0.0,0.0,0.00413433055808597,0.1875,0.0,0,9,18,38,22,,48,28,4.400000000000001,0.06340057636887603,6.000000000000003,0.0864553314121037,22,30,28
153,D,all_agents,,,40,30,10,0,21,9,0.4248226031939335,0.2380634574563632,0.9986394542393827,0.1077138806692377,1112,30,0.75,0,0.0,0.0,31.975,7024,,,,,,,,,,,,,,,,,,,,,,,,,,,
153,D,participants_only,,,30,30,0,0,21,9,0.4845010021385707,0.22584994412778278,0.9986394542393827,0.12919301384349627,1112,30,1.0,0,0.0,0.0,25.966666666666665,7024,,,,,,,,,,,,,,,,,,,,,,,,,,,
153,D,nonparticipants_only,,,10,0,10,0,0,0,0.24578740636002178,0.23864536385397195,0.29532800188612973,0.0005383455393186494,0,0,0.0,0,0.0,0.0,50.0,0,,,,,,,,,,,,,,,,,,,,,,,,,,,
153,D,step_totals,,,,,,,,,,,,,,,,,,,,,71.90000000000005,6.5,0.09040333796940189,,,57.0,0.7927677329624473,0.0,0.0,0.0038390526616277464,0.19298245614035087,0.0,0,11,27,7,13,,57,15,2.4,0.03337969401947147,6.000000000000003,0.0834492350486787,12,30,17
154,D,all_agents,,,40,30,10,0,21,9,0.424930300010574,0.23745213703470208,0.9986938760698074,0.10770320211469554,1117,30,0.75,0,0.0,0.0,32.2,7072,,,,,,,,,,,,,,,,,,,,,,,,,,,
154,D,participants_only,,,30,30,0,0,21,9,0.484565683192456,0.22555070144951805,0.9986938760698074,0.12920226732031526,1117,30,1.0,0,0.0,0.0,26.266666666666666,7072,,,,,,,,,,,,,,,,,,,,,,,,,,,
154,D,nonparticipants_only,,,10,0,10,0,0,0,0.24602415046492818,0.23924862555119497,0.29674251822862474,0.0005294593708378028,0,0,0.0,0,0.0,0.0,50.0,0,,,,,,,,,,,,,,,,,,,,,,,,,,,
154,D,step_totals,,,,,,,,,,,,,,,,,,,,,69.40000000000005,11.0,0.1585014409221901,,,48.0,0.6916426512968294,0.0,0.0,0.004109346032289311,0.10416666666666667,0.0,0,5,18,38,22,,48,28,4.400000000000001,0.06340057636887605,6.000000000000003,0.08645533141210372,22,30,28
155,D,all_agents,,,40,30,10,0,21,9,0.4251180116452751,0.23757299833649614,0.9987461210270151,0.10815932040605471,1124,30,0.75,0,0.0,0.0,31.975,7128,,,,,,,,,,,,,,,,,,,,,,,,,,,
155,D,participants_only,,,30,30,0,0,21,9,0.4847374537453886,0.22534264572830387,0.9987461210270151,0.12982116034746852,1124,30,1.0,0,0.0,0.0,25.966666666666665,7128,,,,,,,,,,,,,,,,,,,,,,,,,,,
155,D,nonparticipants_only,,,10,0,10,0,0,0,0.24625968534493425,0.23951793798414067,0.29627724593641824,0.0005200660658676704,0,0,0.0,0,0.0,0.0,50.0,0,,,,,,,,,,,,,,,,,,,,,,,,,,,
155,D,step_totals,,,,,,,,,,,,,,,,,,,,,71.90000000000006,6.5,0.09040333796940186,,,57.0,0.7927677329624472,0.0,0.0,0.0038563758559902036,0.12280701754385964,0.0,0,7,27,7,13,,57,15,2.4,0.03337969401947146,6.000000000000003,0.08344923504867868,12,30,17
156,D,all_agents,,,40,30,10,0,21,9,0.4251884664586751,0.23832034829422,0.9987962761859345,0.10812191002905751,1130,30,0.75,0,0.0,0.0,32.2,7174,,,,,,,,,,,,,,,,,,,,,,,,,,,
156,D,participants_only,,,30,30,0,0,21,9,0.48475359808376506,0.22523934141838792,0.9987962761859345,0.129799366927862,1130,30,1.0,0,0.0,0.0,26.266666666666666,7174,,,,,,,,,,,,,,,,,,,,,,,,,,,
156,D,nonparticipants_only,,,10,0,10,0,0,0,0.24649307158340536,0.23980017938502002,0.2975472078761869,0.0005134804664725067,0,0,0.0,0,0.0,0.0,50.0,0,,,,,,,,,,,,,,,,,,,,,,,,,,,
156,D,step_totals,,,,,,,,,,,,,,,,,,,,,69.40000000000006,11.0,0.15850144092219007,,,48.0,0.6916426512968293,0.0,0.0,0.003981633696686089,0.125,0.0,0,6,18,38,22,,48,29,4.400000000000001,0.06340057636887604,6.000000000000003,0.08645533141210371,22,30,28
