step,condition,population,skill_reachability,resource_reachability,n_agents,maker_count,stage_consumer,stage_customizer,stage_maker,stage_advanced_maker,skill_mean,skill_median,skill_max,skill_var,method_count_total,method_holders,method_adoption_rate,method_peer_held,knowledge_diffusion_lag_mean,hop_count_mean,latent_distributed_resources,completed_projects_total,time_total,time_practice,time_share_practice,time_observe,time_share_observe,time_idle,time_share_idle,time_make,time_share_make,skill_gain_per_time,method_self_discovery_per_time,method_peer_acquisition_per_time,peer_acquired_count,self_discovered_count,reject_missing_asset,reject_time_budget_exceeded,count_practice,count_observe,count_idle,count_make,time_ask,time_share_ask,time_share,time_share_share,count_ask,count_share,reject_insufficient_material
0,D,reachability,0.625,0.0,,,,,,,,,,,,,,,,,,,,,,,,,,,,,,,,,,,,,,,,,,,,,
1,D,all_agents,,,40,0,13,27,0,0,0.1606824664264466,0.13585592769496932,0.5482265069495424,0.012242120588563242,4,4,0.1,0,0.0,0.0,26.1,35,,,,,,,,,,,,,,,,,,,,,,,,,,,
1,D,participants_only,,,30,0,3,27,0,0,0.1548482873218716,0.13220260534072875,0.5482265069495424,0.011310805110462117,4,4,0.13333333333333333,0,0.0,0.0,24.8,35,,,,,,,,,,,,,,,,,,,,,,,,,,,
1,D,nonparticipants_only,,,10,0,10,0,0,0,0.17818500374017143,0.15776468430117052,0.5464118082779367,0.014627615272975505,0,0,0.0,0,0.0,0.0,30.0,0,,,,,,,,,,,,,,,,,,,,,,,,,,,
1,D,step_totals,,,,,,,,,,,,,,,,,,,,,83.99999999999997,20.0,0.23809523809523817,4.000000000000002,0.04761904761904766,0.0,0.0,60.0,0.7142857142857145,0.020851648866701353,0.06666666666666667,0.0,0,4,26,30,40,40,33,60,,,,,,,
2,D,all_agents,,,40,2,11,27,2,0,0.16598403672495418,0.137202347966648,0.5662974466715608,0.012111647482743838,6,6,0.15,0,0.0,0.0,27.2,58,,,,,,,,,,,,,,,,,,,,,,,,,,,
2,D,participants_only,,,30,2,1,27,2,0,0.1616758359000506,0.13517664805649449,0.5662974466715608,0.011367288639001605,6,6,0.2,0,0.0,0.0,24.6,58,,,,,,,,,,,,,,,,,,,,,,,,,,,
2,D,nonparticipants_only,,,10,0,10,0,0,0,0.1789086391996649,0.1569758608796647,0.5436797492365469,0.014121996881798144,0,0,0.0,0,0.0,0.0,35.0,0,,,,,,,,,,,,,,,,,,,,,,,,,,,
2,D,step_totals,,,,,,,,,,,,,,,,,,,,,88.2,20.0,0.22675736961451246,3.800000000000002,0.04308390022675739,0.0,0.0,60.0,0.6802721088435374,0.015943720504093466,0.03333333333333333,0.0,0,2,25,19,40,38,33,60,3.800000000000001,0.04308390022675738,0.6000000000000001,0.006802721088435375,19,3,
3,D,all_agents,,,40,4,11,25,4,0,0.17198470952568828,0.14439723480173647,0.5836455488046983,0.012120726310190056,13,11,0.275,0,0.0,0.0,28.725,89,,,,,,,,,,,,,,,,,,,,,,,,,,,
3,D,participants_only,,,30,4,1,25,4,0,0.16943900706105455,0.14196801827762973,0.5836455488046983,0.011586127206233959,13,11,0.36666666666666664,0,0.0,0.0,24.966666666666665,89,,,,,,,,,,,,,,,,,,,,,,,,,,,
3,D,nonparticipants_only,,,10,0,10,0,0,0,0.17962181691958953,0.15619098157526634,0.5409613504903642,0.01364675640959704,0,0,0.0,0,0.0,0.0,40.0,0,,,,,,,,,,,,,,,,,,,,,,,,,,,
3,D,step_totals,,,,,,,,,,,,,,,,,,,,,88.40000000000002,20.0,0.22624434389140266,3.800000000000002,0.04298642533936653,0.0,0.0,60.0,0.678733031674208,0.01778042201084301,0.11666666666666667,0.0,0,7,24,20,40,38,33,60,3.600000000000001,0.04072398190045249,1.0,0.011312217194570134,18,5,
4,D,all_agents,,,40,5,10,25,5,0,0.1775463914270434,0.14978400397958114,0.6002997268525104,0.011993747570828762,16,13,0.325,0,0.0,0.0,30.175,116,,,,,,,,,,,,,,,,,,,,,,,,,,,
4,D,participants_only,,,30,5,0,25,5,0,0.17662013727716042,0.14724720701247235,0.6002997268525104,0.011588516019887841,16,13,0.43333333333333335,0,0.0,0.0,25.233333333333334,116,,,,,,,,,,,,,,,,,,,,,,,,,,,
4,D,nonparticipants_only,,,10,0,10,0,0,0,0.18032515387669246,0.15541002666739,0.5382565437379124,0.013199146862649423,0,0,0.0,0,0.0,0.0,45.0,0,,,,,,,,,,,,,,,,,,,,,,,,,,,
4,D,step_totals,,,,,,,,,,,,,,,,,,,,,89.60000000000001,20.0,0.2232142857142857,4.000000000000002,0.04464285714285716,0.0,0.0,59.0,0.6584821428571428,0.016440967904637206,0.05084745762711865,0.0,0,3,27,11,40,40,36,59,4.600000000000001,0.051339285714285726,1.9999999999999998,0.02232142857142857,23,10,17
5,D,all_agents,,,40,5,10,25,5,0,0.182463878740997,0.1506402846224878,0.5972982282182479,0.011767998461196904,18,15,0.375,0,0.0,0.0,32.225,138,,,,,,,,,,,,,,,,,,,,,,,,,,,
5,D,participants_only,,,30,5,0,25,5,0,0.18294552337641012,0.1500572656258805,0.5972982282182479,0.011430495277162734,18,15,0.5,0,0.0,0.0,26.3,138,,,,,,,,,,,,,,,,,,,,,,,,,,,
5,D,nonparticipants_only,,,10,0,10,0,0,0,0.18101894483475772,0.15463297653405306,0.5355652610192229,0.012777724234641541,0,0,0.0,0,0.0,0.0,50.0,0,,,,,,,,,,,,,,,,,,,,,,,,,,,
5,D,step_totals,,,,,,,,,,,,,,,,,,,,,86.40000000000008,20.0,0.2314814814814813,3.600000000000002,0.04166666666666665,0.0,0.0,55.0,0.6365740740740735,0.015352756406264855,0.03636363636363636,0.0,0,2,25,9,40,36,36,55,5.400000000000002,0.06249999999999997,2.4,0.027777777777777752,27,12,27
6,D,all_agents,,,40,6,10,24,6,0,0.18778422046678805,0.15511361883924707,0.5943117370771566,0.01150172451684547,18,15,0.375,0,0.0,0.0,32.35,165,,,,,,,,,,,,,,,,,,,,,,,,,,,
6,D,participants_only,,,30,6,0,24,6,0,0.18981097490825952,0.15620820261068685,0.5943117370771566,0.011192761977969905,18,15,0.5,0,0.0,0.0,26.466666666666665,165,,,,,,,,,,,,,,,,,,,,,,,,,,,
6,D,nonparticipants_only,,,10,0,10,0,0,0,0.18170395714237367,0.154158760078694,0.5328874347141267,0.012379319330679876,0,0,0.0,0,0.0,0.0,50.0,0,,,,,,,,,,,,,,,,,,,,,,,,,,,
6,D,step_totals,,,,,,,,,,,,,,,,,,,,,84.50000000000004,20.0,0.23668639053254426,3.700000000000002,0.04378698224852071,0.0,0.0,52.0,0.6153846153846151,0.01695462825849303,0.0,0.0,0,0,38,4,40,37,38,52,5.8000000000000025,0.06863905325443787,3.0000000000000004,0.035502958579881644,29,15,33
7,D,all_agents,,,40,6,10,24,6,0,0.19316046098634487,0.1608957213393037,0.5913401783917708,0.011435292996313911,20,16,0.4,0,0.0,0.0,32.4,192,,,,,,,,,,,,,,,,,,,,,,,,,,,
7,D,participants_only,,,30,6,0,24,6,0,0.19675321813788985,0.1614680485750242,0.5913401783917708,0.011196814888878992,20,16,0.5333333333333333,0,0.0,0.0,26.533333333333335,192,,,,,,,,,,,,,,,,,,,,,,,,,,,
7,D,nonparticipants_only,,,10,0,10,0,0,0,0.18238218953170993,0.15745919432208255,0.530222997540556,0.011995832471218935,0,0,0.0,0,0.0,0.0,50.0,0,,,,,,,,,,,,,,,,,,,,,,,,,,,
7,D,step_totals,,,,,,,,,,,,,,,,,,,,,86.80000000000007,20.0,0.2304147465437786,0.6,0.006912442396313358,0.0,0.0,58.0,0.668202764976958,0.016583453680891955,0.034482758620689655,0.0,0,2,26,20,40,6,36,58,5.600000000000002,0.06451612903225803,2.6,0.029953917050691222,28,13,30
8,D,all_agents,,,40,8,10,22,8,0,0.1976628805974968,0.16268444098561366,0.5883834774998119,0.011428028242602946,24,16,0.4,0,0.0,0.0,32.725,213,,,,,,,,,,,,,,,,,,,,,,,,,,,
8,D,participants_only,,,30,8,0,22,8,0,0.202532434136871,0.1656488851972382,0.5883834774998119,0.01126752417656566,24,16,0.5333333333333333,0,0.0,0.0,26.966666666666665,213,,,,,,,,,,,,,,,,,,,,,,,,,,,
8,D,nonparticipants_only,,,10,0,10,0,0,0,0.1830542199793741,0.15721382372354015,0.5275718825528533,0.011624989820640818,0,0,0.0,0,0.0,0.0,50.0,0,,,,,,,,,,,,,,,,,,,,,,,,,,,
8,D,step_totals,,,,,,,,,,,,,,,,,,,,,83.00000000000009,20.0,0.2409638554216865,0.4,0.00481927710843373,0.0,0.0,53.0,0.6385542168674693,0.014871268318632683,0.07547169811320754,0.0,0,4,44,13,40,4,38,53,6.400000000000003,0.07710843373493971,3.2000000000000006,0.03855421686746985,32,16,34
9,D,all_agents,,,40,9,10,21,9,0,0.2021583927427522,0.16744472760367526,0.5854415601123129,0.011329167478514814,29,20,0.5,0,0.0,0.0,32.625,232,,,,,,,,,,,,,,,,,,,,,,,,,,,
9,D,participants_only,,,30,9,0,21,9,0,0.20830452949432707,0.1741000241844618,0.5854415601123129,0.011198694432147317,29,20,0.6666666666666666,0,0.0,0.0,26.833333333333332,232,,,,,,,,,,,,,,,,,,,,,,,,,,,
9,D,nonparticipants_only,,,10,0,10,0,0,0,0.18371998248802754,0.15679767008612422,0.524934023140089,0.011267286653988594,0,0,0.0,0,0.0,0.0,50.0,0,,,,,,,,,,,,,,,,,,,,,,,,,,,
9,D,step_totals,,,,,,,,,,,,,,,,,,,,,87.30000000000007,19.5,0.22336769759450154,,,0.0,0.0,59.0,0.6758304696449021,0.01409940931523704,0.0847457627118644,0.0,0,5,27,19,39,,36,59,5.8000000000000025,0.06643757159221074,3.0000000000000004,0.034364261168384855,29,15,34
10,D,all_agents,,,40,9,10,21,9,0,0.2070857460893669,0.17100223048326701,0.5825143523117513,0.01147497435122514,32,21,0.525,0,0.0,0.0,32.575,259,,,,,,,,,,,,,,,,,,,,,,,,,,,
10,D,participants_only,,,30,9,0,21,9,0,0.21465443286651717,0.17715490951371204,0.5825143523117513,0.011430296064263233,32,21,0.7,0,0.0,0.0,26.766666666666666,259,,,,,,,,,,,,,,,,,,,,,,,,,,,
10,D,nonparticipants_only,,,10,0,10,0,0,0,0.18437968575791613,0.15681714532757346,0.5223093530243885,0.010921588977743549,0,0,0.0,0,0.0,0.0,50.0,0,,,,,,,,,,,,,,,,,,,,,,,,,,,
10,D,step_totals,,,,,,,,,,,,,,,,,,,,,83.50000000000007,19.5,0.23353293413173634,,,0.0,0.0,54.0,0.6467065868263467,0.016029194777302157,0.05555555555555555,0.0,0,3,45,13,39,,37,54,6.000000000000003,0.07185628742514967,4.000000000000001,0.047904191616766435,30,20,30
10,D,reachability,0.4,0.0,,,,,,,,,,,,,,,,,,,,,,,,,,,,,,,,,,,,,,,,,,,,,
11,D,all_agents,,,40,9,10,21,9,0,0.21248690067453085,0.17341811198026377,0.5796017805501925,0.011792958864110775,34,21,0.525,0,0.0,0.0,32.4,291,,,,,,,,,,,,,,,,,,,,,,,,,,,
11,D,participants_only,,,30,9,0,21,9,0,0.2216380273949025,0.18330718922385178,0.5796017805501925,0.011859859116914676,34,21,0.7,0,0.0,0.0,26.533333333333335,291,,,,,,,,,,,,,,,,,,,,,,,,,,,
11,D,nonparticipants_only,,,10,0,10,0,0,0,0.18503352051341607,0.15846522295811155,0.5196978062592665,0.01058734066267148,0,0,0.0,0,0.0,0.0,50.0,0,,,,,,,,,,,,,,,,,,,,,,,,,,,
11,D,step_totals,,,,,,,,,,,,,,,,,,,,,87.30000000000008,19.5,0.2233676975945015,,,0.0,0.0,58.0,0.6643757159221071,0.016602876023989018,0.034482758620689655,0.0,0,2,24,17,39,,36,58,5.8000000000000025,0.06643757159221074,4.000000000000001,0.04581901489117981,29,20,35
12,D,all_agents,,,40,9,10,21,9,0,0.21750277301037788,0.1765763614091942,0.5838257130022139,0.01222973561282747,41,23,0.575,0,0.0,0.0,32.5,323,,,,,,,,,,,,,,,,,,,,,,,,,,,
12,D,participants_only,,,30,9,0,21,9,0,0.22810994398304413,0.1880838815421078,0.5838257130022139,0.012434460045804088,41,23,0.7666666666666667,0,0.0,0.0,26.666666666666668,323,,,,,,,,,,,,,,,,,,,,,,,,,,,
12,D,nonparticipants_only,,,10,0,10,0,0,0,0.18568126009237906,0.15985007633850173,0.5170993172279702,0.010265417401377134,0,0,0.0,0,0.0,0.0,50.0,0,,,,,,,,,,,,,,,,,,,,,,,,,,,
12,D,step_totals,,,,,,,,,,,,,,,,,,,,,80.50000000000009,19.5,0.24223602484472023,,,0.0,0.0,51.0,0.6335403726708068,0.016910670017712043,0.13725490196078433,0.0,0,7,46,13,39,,37,51,5.8000000000000025,0.07204968944099374,4.200000000000001,0.052173913043478216,29,21,32
13,D,all_agents,,,40,11,10,19,11,0,0.22274883111837793,0.18059792433422436,0.6004726844821253,0.012723880217079682,45,24,0.6,0,0.0,0.0,32.3,356,,,,,,,,,,,,,,,,,,,,,,,,,,,
13,D,participants_only,,,30,11,0,19,11,0,0.23489056025752286,0.19221743095636545,0.6004726844821253,0.013057857531851902,45,24,0.8,0,0.0,0.0,26.4,356,,,,,,,,,,,,,,,,,,,,,,,,,,,
13,D,nonparticipants_only,,,10,0,10,0,0,0,0.18632364370094306,0.16008827327173258,0.5145138206418304,0.009952889234902684,0,0,0.0,0,0.0,0.0,50.0,0,,,,,,,,,,,,,,,,,,,,,,,,,,,
13,D,step_totals,,,,,,,,,,,,,,,,,,,,,87.50000000000009,19.5,0.22285714285714264,,,0.0,0.0,58.0,0.6628571428571423,0.016164369087211583,0.06896551724137931,0.0,0,4,23,16,39,,35,58,5.600000000000002,0.06399999999999996,4.400000000000001,0.05028571428571425,28,22,35
14,D,all_agents,,,40,12,10,18,12,0,0.22729229751815241,0.1814791927282327,0.6164537771028403,0.013309193257893197,48,24,0.6,0,0.0,0.0,32.4,386,,,,,,,,,,,,,,,,,,,,,,,,,,,
14,D,participants_only,,,30,12,0,18,12,0,0.24073599978240495,0.19351288533686611,0.6164537771028403,0.013806727026788299,48,24,0.8,0,0.0,0.0,26.533333333333335,386,,,,,,,,,,,,,,,,,,,,,,,,,,,
14,D,nonparticipants_only,,,10,0,10,0,0,0,0.18696119072539477,0.1607579204944574,0.5119412515386212,0.009647794384369463,0,0,0.0,0,0.0,0.0,50.0,0,,,,,,,,,,,,,,,,,,,,,,,,,,,
14,D,step_totals,,,,,,,,,,,,,,,,,,,,,80.60000000000008,19.0,0.23573200992555807,,,0.0,0.0,51.0,0.6327543424317612,0.015528157935034929,0.058823529411764705,0.0,0,3,46,12,38,,35,51,5.8000000000000025,0.07196029776674934,4.800000000000002,0.05955334987593048,29,24,30
15,D,all_agents,,,40,13,10,17,13,0,0.23260456998074386,0.18270827313707877,0.6317956260187267,0.014042989548022753,54,26,0.65,0,0.0,0.0,32.2,423,,,,,,,,,,,,,,,,,,,,,,,,,,,
15,D,participants_only,,,30,13,0,17,13,0,0.24760857349789242,0.19641348251732166,0.6317956260187267,0.01470503419164727,54,26,0.8666666666666667,0,0.0,0.0,26.266666666666666,423,,,,,,,,,,,,,,,,,,,,,,,,,,,
15,D,nonparticipants_only,,,10,0,10,0,0,0,0.18759255942929823,0.16235078590188431,0.5093815452809282,0.009355414158637927,0,0,0.0,0,0.0,0.0,50.0,0,,,,,,,,,,,,,,,,,,,,,,,,,,,
15,D,step_totals,,,,,,,,,,,,,,,,,,,,,87.50000000000009,19.5,0.22285714285714264,,,0.0,0.0,58.0,0.6628571428571423,0.01637105737236662,0.10344827586206896,0.0,0,6,24,16,39,,36,58,5.400000000000002,0.06171428571428568,4.600000000000001,0.05257142857142854,27,23,36
16,D,all_agents,,,40,17,10,13,17,0,0.23770456277815422,0.18526769518038205,0.6465238009779777,0.014929126822398433,61,26,0.65,0,0.0,0.0,32.4,463,,,,,,,,,,,,,,,,,,,,,,,,,,,
16,D,participants_only,,,30,17,0,13,17,0,0.2541997885427368,0.1984110673302391,0.6465238009779777,0.015793399840983158,61,26,0.8666666666666667,0,0.0,0.0,26.533333333333335,463,,,,,,,,,,,,,,,,,,,,,,,,,,,
16,D,nonparticipants_only,,,10,0,10,0,0,0,0.18821888548440657,0.16269137547382717,0.5068346375545235,0.009071198090349682,0,0,0.0,0,0.0,0.0,50.0,0,,,,,,,,,,,,,,,,,,,,,,,,,,,
16,D,step_totals,,,,,,,,,,,,,,,,,,,,,79.60000000000007,19.0,0.23869346733668323,,,0.0,0.0,50.0,0.6281407035175874,0.017443400569669806,0.14,0.0,0,7,49,13,38,,35,50,5.400000000000002,0.06783919597989947,5.200000000000002,0.06532663316582912,27,26,31
17,D,all_agents,,,40,20,10,10,20,0,0.2421712518795432,0.1879255099155285,0.6606628489388586,0.015685387909620256,64,26,0.65,0,0.0,0.0,32.2,493,,,,,,,,,,,,,,,,,,,,,,,,,,,
17,D,participants_only,,,30,20,0,10,20,0,0.25994824334712036,0.20004719834559045,0.6606628489388586,0.016718144294233704,64,26,0.8666666666666667,0,0.0,0.0,26.266666666666666,493,,,,,,,,,,,,,,,,,,,,,,,,,,,
17,D,nonparticipants_only,,,10,0,10,0,0,0,0.18884027747681165,0.1625593929679314,0.5043004643667509,0.00879486164812017,0,0,0.0,0,0.0,0.0,50.0,0,,,,,,,,,,,,,,,,,,,,,,,,,,,
17,D,step_totals,,,,,,,,,,,,,,,,,,,,,87.70000000000007,19.5,0.2223489167616874,,,0.0,0.0,58.0,0.6613454960091214,0.01404650228610423,0.05172413793103448,0.0,0,3,23,16,39,,36,58,5.400000000000002,0.06157354618015961,4.800000000000002,0.05473204104903076,27,24,36
18,D,all_agents,,,40,21,10,9,21,0,0.24653352737741216,0.18947595836308348,0.6742363349813043,0.016575544415953884,68,26,0.65,0,0.0,0.0,32.4,528,,,,,,,,,,,,,,,,,,,,,,,,,,,
18,D,participants_only,,,30,21,0,9,21,0,0.26555934990353663,0.20296337615313087,0.6742363349813043,0.01780979052854308,68,26,0.8666666666666667,0,0.0,0.0,26.533333333333335,528,,,,,,,,,,,,,,,,,,,,,,,,,,,
18,D,nonparticipants_only,,,10,0,10,0,0,0,0.18945605979903873,0.16174659600309174,0.5017789620449171,0.008529023004639268,0,0,0.0,0,0.0,0.0,50.0,0,,,,,,,,,,,,,,,,,,,,,,,,,,,
18,D,step_totals,,,,,,,,,,,,,,,,,,,,,78.10000000000008,17.5,0.22407170294494216,,,0.0,0.0,50.0,0.6402048655569775,0.015577600821942617,0.08,0.0,0,4,48,13,35,,32,50,5.400000000000002,0.06914212548015361,5.200000000000002,0.0665813060179257,27,26,29
19,D,all_agents,,,40,22,10,8,22,0,0.2512369424047015,0.19504374733077373,0.6872668815820522,0.0174364900401947,71,26,0.65,0,0.0,0.0,32.2,563,,,,,,,,,,,,,,,,,,,,,,,,,,,
19,D,participants_only,,,30,22,0,8,22,0,0.27162708505938965,0.20355654982747168,0.6872668815820522,0.018828119823889888,71,26,0.8666666666666667,0,0.0,0.0,26.266666666666666,563,,,,,,,,,,,,,,,,,,,,,,,,,,,
19,D,nonparticipants_only,,,10,0,10,0,0,0,0.19006651444063705,0.16132857574393272,0.4992700672346925,0.00827250567936675,0,0,0.0,0,0.0,0.0,50.0,0,,,,,,,,,,,,,,,,,,,,,,,,,,,
19,D,step_totals,,,,,,,,,,,,,,,,,,,,,87.50000000000006,19.5,0.22285714285714273,,,0.0,0.0,58.0,0.6628571428571425,0.014733706837077589,0.05172413793103448,0.0,0,3,21,17,39,,36,58,5.200000000000002,0.059428571428571414,4.800000000000002,0.05485714285714284,26,24,36
20,D,all_agents,,,40,27,10,3,27,0,0.2556404615907924,0.19698169277187855,0.6997762063187701,0.01850766284619565,76,26,0.65,0,0.0,0.0,32.4,602,,,,,,,,,,,,,,,,,,,,,,,,,,,
20,D,participants_only,,,30,27,0,3,27,0,0.2772965010204997,0.20484536440921522,0.6997762063187701,0.020126716849175167,76,26,0.8666666666666667,0,0.0,0.0,26.533333333333335,602,,,,,,,,,,,,,,,,,,,,,,,,,,,
20,D,nonparticipants_only,,,10,0,10,0,0,0,0.19067234330167046,0.16331832943598285,0.49677371689851907,0.008022692311884645,0,0,0.0,0,0.0,0.0,50.0,0,,,,,,,,,,,,,,,,,,,,,,,,,,,
20,D,step_totals,,,,,,,,,,,,,,,,,,,,,77.60000000000008,17.0,0.21907216494845339,,,0.0,0.0,50.0,0.6443298969072159,0.01583379896187989,0.1,0.0,0,5,48,13,34,,32,50,5.400000000000002,0.06958762886597934,5.200000000000002,0.06701030927835047,27,26,29
20,D,reachability,0.15,0.0,,,,,,,,,,,,,,,,,,,,,,,,,,,,,,,,,,,,,,,,,,,,,
21,D,all_agents,,,40,27,10,3,26,1,0.2597343875560567,0.20039996252161607,0.7117851580660193,0.019448183719240404,80,26,0.65,0,0.0,0.0,32.2,633,,,,,,,,,,,,,,,,,,,,,,,,,,,
21,D,participants_only,,,30,27,0,3,26,1,0.2825549578763394,0.21016650533311898,0.7117851580660193,0.02125347312180874,80,26,0.8666666666666667,0,0.0,0.0,26.266666666666666,633,,,,,,,,,,,,,,,,,,,,,,,,,,,
21,D,nonparticipants_only,,,10,0,10,0,0,0,0.1912726765952085,0.16303766022372723,0.49428984831402645,0.007782974354619771,0,0,0.0,0,0.0,0.0,50.0,0,,,,,,,,,,,,,,,,,,,,,,,,,,,
21,D,step_totals,,,,,,,,,,,,,,,,,,,,,87.50000000000009,19.5,0.22285714285714264,,,0.0,0.0,58.0,0.6628571428571423,0.013077318650856413,0.06896551724137931,0.0,0,4,20,17,39,,35,58,5.200000000000002,0.05942857142857139,4.800000000000002,0.05485714285714282,26,24,36
22,D,all_agents,,,40,27,10,3,26,1,0.26385613532060315,0.20144321247345276,0.7233137517433785,0.020641370444755225,87,27,0.675,0,0.0,0.0,32.4,672,,,,,,,,,,,,,,,,,,,,,,,,,,,
22,D,participants_only,,,30,27,0,3,26,1,0.2878520907396503,0.209842732071371,0.7233137517433785,0.022701815885463685,87,27,0.9,0,0.0,0.0,26.533333333333335,672,,,,,,,,,,,,,,,,,,,,,,,,,,,
22,D,nonparticipants_only,,,10,0,10,0,0,0,0.19186826906346177,0.1629940079676523,0.49181839907245634,0.007550363604955077,0,0,0.0,0,0.0,0.0,50.0,0,,,,,,,,,,,,,,,,,,,,,,,,,,,
22,D,step_totals,,,,,,,,,,,,,,,,,,,,,77.60000000000008,17.0,0.21907216494845339,,,0.0,0.0,50.0,0.6443298969072159,0.014989677147381645,0.14,0.0,0,7,48,13,34,,32,50,5.400000000000002,0.06958762886597934,5.200000000000002,0.06701030927835047,27,26,29
23,D,all_agents,,,40,28,10,2,27,1,0.26809453750870954,0.20456825672612616,0.7343812016736434,0.02163066841954834,94,27,0.675,0,0.0,0.0,32.2,707,,,,,,,,,,,,,,,,,,,,,,,,,,,
23,D,participants_only,,,30,28,0,2,27,1,0.29330621849433547,0.21699951607838885,0.7343812016736434,0.02385719500203636,94,27,0.9,0,0.0,0.0,26.266666666666666,707,,,,,,,,,,,,,,,,,,,,,,,,,,,
23,D,nonparticipants_only,,,10,0,10,0,0,0,0.19245949455183192,0.16394825864101772,0.4893593070770941,0.007323542374632647,0,0,0.0,0,0.0,0.0,50.0,0,,,,,,,,,,,,,,,,,,,,,,,,,,,
23,D,step_totals,,,,,,,,,,,,,,,,,,,,,87.90000000000009,19.5,0.22184300341296906,,,0.0,0.0,58.0,0.6598407281001131,0.013449237965714489,0.1206896551724138,0.0,0,7,20,16,39,,35,58,5.200000000000002,0.059158134243458435,5.200000000000002,0.059158134243458435,26,26,36
24,D,all_agents,,,40,29,10,1,28,1,0.2723313891005992,0.20513548254533226,0.7450059536066976,0.022812924346244247,100,28,0.7,0,0.0,0.0,32.4,749,,,,,,,,,,,,,,,,,,,,,,,,,,,
24,D,participants_only,,,30,29,0,1,28,1,0.29875994910987086,0.21738621586708698,0.7450059536066976,0.02525503709021415,100,28,0.9333333333333333,0,0.0,0.0,26.533333333333335,749,,,,,,,,,,,,,,,,,,,,,,,,,,,
24,D,nonparticipants_only,,,10,0,10,0,0,0,0.193045709072784,0.16433286304552744,0.4869125105417086,0.007104960704370429,0,0,0.0,0,0.0,0.0,50.0,0,,,,,,,,,,,,,,,,,,,,,,,,,,,
24,D,step_totals,,,,,,,,,,,,,,,,,,,,,77.80000000000007,17.0,0.2185089974293057,,,0.0,0.0,50.0,0.6426735218508992,0.015337152327674767,0.12,0.0,0,6,48,13,34,,32,50,5.400000000000002,0.06940874035989714,5.400000000000002,0.06940874035989714,27,27,29
25,D,all_agents,,,40,29,10,1,28,1,0.27668035043994305,0.2087018407083145,0.7552057154624298,0.023989067919168543,111,28,0.7,0,0.0,0.0,32.2,789,,,,,,,,,,,,,,,,,,,,,,,,,,,
25,D,participants_only,,,30,29,0,1,28,1,0.30436481886623934,0.22331355510560263,0.7552057154624298,0.026621519592674305,111,28,0.9333333333333333,0,0.0,0.0,26.266666666666666,789,,,,,,,,,,,,,,,,,,,,,,,,,,,
25,D,nonparticipants_only,,,10,0,10,0,0,0,0.19362694516105425,0.16468068360003485,0.48447794798900007,0.006894555394092113,0,0,0.0,0,0.0,0.0,50.0,0,,,,,,,,,,,,,,,,,,,,,,,,,,,
25,D,step_totals,,,,,,,,,,,,,,,,,,,,,88.10000000000008,19.5,0.2213393870601587,,,0.0,0.0,58.0,0.6583427922814977,0.01373789873501957,0.1896551724137931,0.0,0,11,20,16,39,,34,58,5.200000000000002,0.05902383654937568,5.400000000000002,0.06129398410896705,26,27,36
26,D,all_agents,,,40,29,10,1,28,1,0.2803250235948292,0.2099743913235808,0.7649974868439325,0.02520139949033373,117,29,0.725,0,0.0,0.0,32.4,827,,,,,,,,,,,,,,,,,,,,,,,,,,,
26,D,participants_only,,,30,29,0,1,28,1,0.3090320649255036,0.222995996731697,0.7649974868439325,0.02807560822343283,117,29,0.9666666666666667,0,0.0,0.0,26.533333333333335,827,,,,,,,,,,,,,,,,,,,,,,,,,,,
26,D,nonparticipants_only,,,10,0,10,0,0,0,0.19420389960280585,0.1652453859904775,0.48205555824905505,0.006689642627503819,0,0,0.0,0,0.0,0.0,50.0,0,,,,,,,,,,,,,,,,,,,,,,,,,,,
26,D,step_totals,,,,,,,,,,,,,,,,,,,,,77.80000000000008,17.0,0.21850899742930568,,,0.0,0.0,50.0,0.6426735218508991,0.013541830561842723,0.12,0.0,0,6,48,14,34,,31,50,5.200000000000002,0.06683804627249353,5.600000000000002,0.07197943444730072,26,28,28
27,D,all_agents,,,40,29,10,1,28,1,0.28427292509455276,0.2129808221159177,0.7743975873701753,0.026295204320211565,124,29,0.725,0,0.0,0.0,32.2,865,,,,,,,,,,,,,,,,,,,,,,,,,,,
27,D,participants_only,,,30,29,0,1,28,1,0.3141052210213097,0.22669487182099213,0.7743975873701753,0.029336320146670362,124,29,0.9666666666666667,0,0.0,0.0,26.266666666666666,865,,,,,,,,,,,,,,,,,,,,,,,,,,,
27,D,nonparticipants_only,,,10,0,10,0,0,0,0.19477603731428195,0.16597237756819846,0.4796452804578098,0.006492266277695978,0,0,0.0,0,0.0,0.0,50.0,0,,,,,,,,,,,,,,,,,,,,,,,,,,,
27,D,step_totals,,,,,,,,,,,,,,,,,,,,,86.80000000000008,18.0,0.20737327188940072,,,0.0,0.0,58.0,0.6682027649769579,0.012893986962153877,0.1206896551724138,0.0,0,7,21,16,36,,34,58,5.000000000000002,0.057603686635944666,5.8000000000000025,0.06682027649769581,25,29,36
28,D,all_agents,,,40,29,10,1,28,1,0.2879029465361612,0.21449094471050095,0.7834216838753683,0.027544096714806503,128,29,0.725,0,0.0,0.0,32.4,906,,,,,,,,,,,,,,,,,,,,,,,,,,,
28,D,participants_only,,,30,29,0,1,28,1,0.31875607020248603,0.22864473705984723,0.7834216838753683,0.030817250824293197,128,29,0.9666666666666667,0,0.0,0.0,26.533333333333335,906,,,,,,,,,,,,,,,,,,,,,,,,,,,
28,D,nonparticipants_only,,,10,0,10,0,0,0,0.19534357553718681,0.16524925167884802,0.47724705405552076,0.006301651506712043,0,0,0.0,0,0.0,0.0,50.0,0,,,,,,,,,,,,,,,,,,,,,,,,,,,
28,D,step_totals,,,,,,,,,,,,,,,,,,,,,77.00000000000009,16.0,0.20779220779220756,,,0.0,0.0,50.0,0.6493506493506487,0.013690424897917377,0.08,0.0,0,4,48,14,32,,30,50,5.200000000000002,0.06753246753246749,5.8000000000000025,0.07532467532467528,26,29,27
29,D,all_agents,,,40,30,10,0,29,1,0.29168157917430537,0.21577609780242685,0.7920848165203536,0.02873330591705753,131,29,0.725,0,0.0,0.0,32.2,946,,,,,,,,,,,,,,,,,,,,,,,,,,,
29,D,participants_only,,,30,30,0,0,29,1,0.32360657377852864,0.23124710925280612,0.7920848165203536,0.032195058819751446,131,29,0.9666666666666667,0,0.0,0.0,26.266666666666666,946,,,,,,,,,,,,,,,,,,,,,,,,,,,
29,D,nonparticipants_only,,,10,0,10,0,0,0,0.1959065953616354,0.1652253085173888,0.47486081878524317,0.006117583843219534,0,0,0.0,0,0.0,0.0,50.0,0,,,,,,,,,,,,,,,,,,,,,,,,,,,
29,D,step_totals,,,,,,,,,,,,,,,,,,,,,85.8000000000001,17.0,0.19813519813519792,,,0.0,0.0,58.0,0.6759906759906752,0.012615690130738955,0.05172413793103448,0.0,0,3,21,16,34,,33,58,5.000000000000002,0.05827505827505823,5.8000000000000025,0.06759906759906756,25,29,35
30,D,all_agents,,,40,30,10,0,29,1,0.29514359693109904,0.21916617009233566,0.8004014238595394,0.030051069171210677,138,29,0.725,0,0.0,0.0,32.4,988,,,,,,,,,,,,,,,,,,,,,,,,,,,
30,D,participants_only,,,30,30,0,0,29,1,0.32803647918689066,0.23329643086929458,0.8004014238595394,0.03376015503529937,138,29,0.9666666666666667,0,0.0,0.0,26.533333333333335,988,,,,,,,,,,,,,,,,,,,,,,,,,,,
30,D,nonparticipants_only,,,10,0,10,0,0,0,0.1964649501637241,0.16678486145701604,0.47248651469131697,0.00594051114182414,0,0,0.0,0,0.0,0.0,50.0,0,,,,,,,,,,,,,,,,,,,,,,,,,,,
30,D,step_totals,,,,,,,,,,,,,,,,,,,,,77.00000000000009,16.0,0.20779220779220756,,,0.0,0.0,50.0,0.6493506493506487,0.013195951588612703,0.14,0.0,0,7,48,14,32,,30,50,5.200000000000002,0.06753246753246749,5.8000000000000025,0.07532467532467528,26,29,27
30,D,reachability,0.15,0.0,,,,,,,,,,,,,,,,,,,,,,,,,,,,,,,,,,,,,,,,,,,,,
31,D,all_agents,,,40,30,10,0,28,2,0.2988126430015921,0.22069071623300887,0.8083853669051578,0.031208644031107485,142,29,0.725,0,0.0,0.0,32.2,1029,,,,,,,,,,,,,,,,,,,,,,,,,,,
31,D,participants_only,,,30,30,0,0,28,2,0.3327436535787724,0.23643931650999878,0.8083853669051578,0.03508398047776538,142,29,0.9666666666666667,0,0.0,0.0,26.266666666666666,1029,,,,,,,,,,,,,,,,,,,,,,,,,,,
31,D,nonparticipants_only,,,10,0,10,0,0,0,0.19701961127005127,0.16830536103065102,0.4701240821178604,0.005766872945669164,0,0,0.0,0,0.0,0.0,50.0,0,,,,,,,,,,,,,,,,,,,,,,,,,,,
31,D,step_totals,,,,,,,,,,,,,,,,,,,,,85.30000000000008,16.5,0.19343493552168797,,,0.0,0.0,58.0,0.6799531066822971,0.012418090533925895,0.06896551724137931,0.0,0,4,20,16,33,,32,58,5.000000000000002,0.058616647127784256,5.8000000000000025,0.06799531066822974,25,29,35
32,D,all_agents,,,40,30,10,0,28,2,0.3020977547676559,0.22292427258572567,0.8160499522289515,0.03252211753168307,148,30,0.75,0,0.0,0.0,32.4,1072,,,,,,,,,,,,,,,,,,,,,,,,,,,
32,D,participants_only,,,30,30,0,0,28,2,0.3369403133455847,0.23768806789260638,0.8160499522289515,0.03664060461840674,148,30,1.0,0,0.0,0.0,26.533333333333335,1072,,,,,,,,,,,,,,,,,,,,,,,,,,,
32,D,nonparticipants_only,,,10,0,10,0,0,0,0.19757007903386933,0.16849416164156983,0.4677734617072711,0.005598609612435192,0,0,0.0,0,0.0,0.0,50.0,0,,,,,,,,,,,,,,,,,,,,,,,,,,,
32,D,step_totals,,,,,,,,,,,,,,,,,,,,,76.00000000000007,15.0,0.1973684210526314,,,0.0,0.0,50.0,0.6578947368421046,0.012871119001314294,0.12,0.0,0,6,47,14,30,,28,50,5.200000000000002,0.06842105263157891,5.8000000000000025,0.07631578947368417,26,29,26
33,D,all_agents,,,40,30,10,0,27,3,0.3054546305916174,0.22195607847472038,0.8234079541397934,0.03360162569697573,154,30,0.75,0,0.0,0.0,32.2,1111,,,,,,,,,,,,,,,,,,,,,,,,,,,
33,D,participants_only,,,30,30,0,0,27,3,0.34123392772158545,0.2429045487281743,0.8234079541397934,0.037870085198209155,154,30,1.0,0,0.0,0.0,26.266666666666666,1111,,,,,,,,,,,,,,,,,,,,,,,,,,,
33,D,nonparticipants_only,,,10,0,10,0,0,0,0.19811673920171338,0.16883634015902188,0.46543459439873475,0.005434349955900993,0,0,0.0,0,0.0,0.0,50.0,0,,,,,,,,,,,,,,,,,,,,,,,,,,,
33,D,step_totals,,,,,,,,,,,,,,,,,,,,,85.50000000000007,16.5,0.19298245614035073,,,0.0,0.0,58.0,0.6783625730994146,0.011537859661605563,0.10344827586206896,0.0,0,6,19,15,33,,32,58,5.000000000000002,0.05847953216374266,6.000000000000003,0.0701754385964912,25,30,35
34,D,all_agents,,,40,30,10,0,26,4,0.3085695958250553,0.22361273918778185,0.8304716359742017,0.03495598378249937,161,30,0.75,0,0.0,0.0,32.4,1155,,,,,,,,,,,,,,,,,,,,,,,,,,,
34,D,participants_only,,,30,30,0,0,26,4,0.34520635565171176,0.2441096312776119,0.8304716359742017,0.03948063109685044,161,30,1.0,0,0.0,0.0,26.533333333333335,1155,,,,,,,,,,,,,,,,,,,,,,,,,,,
34,D,nonparticipants_only,,,10,0,10,0,0,0,0.1986593163450857,0.16977322342921153,0.46310742142674105,0.005275015792292806,0,0,0.0,0,0.0,0.0,50.0,0,,,,,,,,,,,,,,,,,,,,,,,,,,,
34,D,step_totals,,,,,,,,,,,,,,,,,,,,,76.20000000000007,15.0,0.19685039370078722,,,0.0,0.0,50.0,0.656167979002624,0.01232956906551559,0.14,0.0,0,7,47,14,30,,28,50,5.200000000000002,0.06824146981627292,6.000000000000003,0.07874015748031492,26,30,26
35,D,all_agents,,,40,30,10,0,25,5,0.3122138844803017,0.22305546900649545,0.8372527705352336,0.03601653964693158,163,30,0.75,0,0.0,0.0,32.2,1199,,,,,,,,,,,,,,,,,,,,,,,,,,,
35,D,participants_only,,,30,30,0,0,25,5,0.34988582168423815,0.24816426715635373,0.8372527705352336,0.040638757419798686,163,30,1.0,0,0.0,0.0,26.266666666666666,1199,,,,,,,,,,,,,,,,,,,,,,,,,,,
35,D,nonparticipants_only,,,10,0,10,0,0,0,0.1991980728684925,0.172026962840353,0.4607918843196073,0.00511978809596231,0,0,0.0,0,0.0,0.0,50.0,0,,,,,,,,,,,,,,,,,,,,,,,,,,,
35,D,step_totals,,,,,,,,,,,,,,,,,,,,,85.50000000000009,16.5,0.19298245614035067,,,0.0,0.0,58.0,0.6783625730994145,0.012369190772722206,0.034482758620689655,0.0,0,2,19,15,33,,32,58,5.000000000000002,0.05847953216374265,6.000000000000003,0.07017543859649118,25,30,35
36,D,all_agents,,,40,30,10,0,25,5,0.3150173174938113,0.22345085265265896,0.8437626597138242,0.03729916066988797,173,30,0.75,0,0.0,0.0,32.4,1241,,,,,,,,,,,,,,,,,,,,,,,,,,,
36,D,participants_only,,,30,30,0,0,25,5,0.35344543558746294,0.24998018681165923,0.8437626597138242,0.042169053095433826,173,30,1.0,0,0.0,0.0,26.533333333333335,1241,,,,,,,,,,,,,,,,,,,,,,,,,,,
36,D,nonparticipants_only,,,10,0,10,0,0,0,0.19973296321285627,0.1732897714110359,0.45848792489800927,0.0049688402706147185,0,0,0.0,0,0.0,0.0,50.0,0,,,,,,,,,,,,,,,,,,,,,,,,,,,
36,D,step_totals,,,,,,,,,,,,,,,,,,,,,76.00000000000009,15.0,0.19736842105263136,,,0.0,0.0,50.0,0.6578947368421045,0.01141348439706641,0.2,0.0,0,10,47,15,30,,28,50,5.000000000000002,0.06578947368421048,6.000000000000003,0.07894736842105257,25,30,26
37,D,all_agents,,,40,30,10,0,24,6,0.3180824379258576,0.22382763756739865,0.8500121533252712,0.038377551322477464,176,30,0.75,0,0.0,0.0,32.2,1281,,,,,,,,,,,,,,,,,,,,,,,,,,,
37,D,participants_only,,,30,30,0,0,24,6,0.3573550957874281,0.2519309532787628,0.8500121533252712,0.043393871969886734,176,30,1.0,0,0.0,0.0,26.266666666666666,1281,,,,,,,,,,,,,,,,,,,,,,,,,,,
37,D,nonparticipants_only,,,10,0,10,0,0,0,0.2002644643411464,0.17347297370730058,0.4561954852735192,0.004820489514106038,0,0,0.0,0,0.0,0.0,50.0,0,,,,,,,,,,,,,,,,,,,,,,,,,,,
37,D,step_totals,,,,,,,,,,,,,,,,,,,,,85.5000000000001,16.5,0.19298245614035064,,,0.0,0.0,58.0,0.6783625730994144,0.010765133868183892,0.05172413793103448,0.0,0,3,19,15,33,,32,58,5.000000000000002,0.058479532163742645,6.000000000000003,0.07017543859649118,25,30,35
38,D,all_agents,,,40,30,10,0,22,8,0.3206037299687513,0.22456402478341442,0.8560116671922604,0.03962851373787385,183,30,0.75,0,0.0,0.0,32.4,1323,,,,,,,,,,,,,,,,,,,,,,,,,,,
38,D,participants_only,,,30,30,0,0,22,8,0.3605410446783098,0.250671298512369,0.8560116671922604,0.04489886017234386,183,30,1.0,0,0.0,0.0,26.533333333333335,1323,,,,,,,,,,,,,,,,,,,,,,,,,,,
38,D,nonparticipants_only,,,10,0,10,0,0,0,0.20079178584007612,0.17420197407744567,0.4539145078471516,0.004677605159940078,0,0,0.0,0,0.0,0.0,50.0,0,,,,,,,,,,,,,,,,,,,,,,,,,,,
38,D,step_totals,,,,,,,,,,,,,,,,,,,,,73.80000000000007,13.0,0.17615176151761502,,,0.0,0.0,50.0,0.67750677506775,0.010935952387491501,0.14,0.0,0,7,47,16,26,,27,50,4.800000000000002,0.06504065040650403,6.000000000000003,0.08130081300813004,24,30,24
39,D,all_agents,,,40,30,10,0,22,8,0.32349754935600095,0.22568081246778282,0.86177120050457,0.040605311936538074,189,30,0.75,0,0.0,0.0,32.2,1362,,,,,,,,,,,,,,,,,,,,,,,,,,,
39,D,participants_only,,,30,30,0,0,22,8,0.36422479779441674,0.2553968734532496,0.86177120050457,0.04599324743751427,189,30,1.0,0,0.0,0.0,26.266666666666666,1362,,,,,,,,,,,,,,,,,,,,,,,,,,,
39,D,nonparticipants_only,,,10,0,10,0,0,0,0.2013158040407535,0.17482084414203528,0.45164493530791583,0.004537000249236163,0,0,0.0,0,0.0,0.0,50.0,0,,,,,,,,,,,,,,,,,,,,,,,,,,,
39,D,step_totals,,,,,,,,,,,,,,,,,,,,,84.1000000000001,15.5,0.18430439952437555,,,0.0,0.0,58.0,0.6896551724137924,0.010501822443554448,0.10344827586206896,0.0,0,6,18,17,31,,32,58,4.600000000000001,0.054696789536266305,6.000000000000003,0.07134363852556476,23,30,33
40,D,all_agents,,,40,30,10,0,22,8,0.32601435402737255,0.22566828679669904,0.8673003524843872,0.041844884235082036,196,30,0.75,0,0.0,0.0,32.4,1406,,,,,,,,,,,,,,,,,,,,,,,,,,,
40,D,participants_only,,,30,30,0,0,22,8,0.3674072673564033,0.2550518414918855,0.8673003524843872,0.04747231093753676,196,30,1.0,0,0.0,0.0,26.533333333333335,1406,,,,,,,,,,,,,,,,,,,,,,,,,,,
40,D,nonparticipants_only,,,10,0,10,0,0,0,0.20183561404028041,0.17701997497971617,0.44938671063137625,0.0044021248413420545,0,0,0.0,0,0.0,0.0,50.0,0,,,,,,,,,,,,,,,,,,,,,,,,,,,
40,D,step_totals,,,,,,,,,,,,,,,,,,,,,73.40000000000006,13.0,0.17711171662125325,,,0.0,0.0,50.0,0.6811989100817433,0.011006009923015203,0.14,0.0,0,7,46,18,26,,27,50,4.400000000000001,0.05994550408719343,6.000000000000003,0.08174386920980924,22,30,24
40,D,reachability,0.15,0.0,,,,,,,,,,,,,,,,,,,,,,,,,,,,,,,,,,,,,,,,,,,,,
41,D,all_agents,,,40,30,10,0,21,9,0.32852056626523346,0.2274331105748087,0.8726083383850117,0.04281899335694081,206,30,0.75,0,0.0,0.0,32.2,1443,,,,,,,,,,,,,,,,,,,,,,,,,,,
41,D,participants_only,,,30,30,0,0,21,9,0.37057678605420974,0.25650006921329394,0.8726083383850117,0.048593597855101034,206,30,1.0,0,0.0,0.0,26.266666666666666,1443,,,,,,,,,,,,,,,,,,,,,,,,,,,
41,D,nonparticipants_only,,,10,0,10,0,0,0,0.2023519068983047,0.1781263840828278,0.4471397770782194,0.004270472387195995,0,0,0.0,0,0.0,0.0,50.0,0,,,,,,,,,,,,,,,,,,,,,,,,,,,
41,D,step_totals,,,,,,,,,,,,,,,,,,,,,84.30000000000008,15.5,0.18386714116251465,,,0.0,0.0,58.0,0.6880189798339258,0.009393577047119486,0.1724137931034483,0.0,0,10,17,16,31,,31,58,4.800000000000002,0.05693950177935939,6.000000000000003,0.07117437722419925,24,30,33
42,D,all_agents,,,40,30,10,0,21,9,0.33083046190938925,0.2276141599804441,0.8738822550011616,0.04400580633593439,211,30,0.75,0,0.0,0.0,32.4,1485,,,,,,,,,,,,,,,,,,,,,,,,,,,
42,D,participants_only,,,30,30,0,0,21,9,0.37348579436745766,0.25838252615331214,0.8738822550011616,0.0500155681423194,211,30,1.0,0,0.0,0.0,26.533333333333335,1485,,,,,,,,,,,,,,,,,,,,,,,,,,,
42,D,nonparticipants_only,,,10,0,10,0,0,0,0.202864464535184,0.17941354399279574,0.4449040781928283,0.004142792271479241,0,0,0.0,0,0.0,0.0,50.0,0,,,,,,,,,,,,,,,,,,,,,,,,,,,
42,D,step_totals,,,,,,,,,,,,,,,,,,,,,73.40000000000006,13.0,0.17711171662125325,,,0.0,0.0,50.0,0.6811989100817433,0.010349448646634589,0.1,0.0,0,5,45,18,26,,26,50,4.400000000000001,0.05994550408719343,6.000000000000003,0.08174386920980924,22,30,24
43,D,all_agents,,,40,30,10,0,20,10,0.3337785382658373,0.2288474728125025,0.8789269648011151,0.04497441201383963,221,30,0.75,0,0.0,0.0,32.2,1529,,,,,,,,,,,,,,,,,,,,,,,,,,,
43,D,participants_only,,,30,30,0,0,20,10,0.3772466218735142,0.2597642418213436,0.8789269648011151,0.05106949806251108,221,30,1.0,0,0.0,0.0,26.266666666666666,1529,,,,,,,,,,,,,,,,,,,,,,,,,,,
43,D,nonparticipants_only,,,10,0,10,0,0,0,0.20337428744280672,0.1792254936552346,0.44267955780186413,0.004015462357537432,0,0,0.0,0,0.0,0.0,50.0,0,,,,,,,,,,,,,,,,,,,,,,,,,,,
43,D,step_totals,,,,,,,,,,,,,,,,,,,,,83.80000000000008,15.0,0.17899761336515496,,,0.0,0.0,58.0,0.6921241050119324,0.01074799947042962,0.1724137931034483,0.0,0,10,17,16,30,,31,58,4.800000000000002,0.0572792362768496,6.000000000000003,0.07159904534606201,24,30,33
44,D,all_agents,,,40,30,10,0,20,10,0.3359869950704109,0.22926061340374937,0.8837698862090705,0.046144851027165625,231,30,0.75,0,0.0,0.0,32.4,1573,,,,,,,,,,,,,,,,,,,,,,,,,,,
44,D,participants_only,,,30,30,0,0,20,10,0.38002256450670263,0.2601067428694174,0.8837698862090705,0.052472420185578204,231,30,1.0,0,0.0,0.0,26.533333333333335,1573,,,,,,,,,,,,,,,,,,,,,,,,,,,
44,D,nonparticipants_only,,,10,0,10,0,0,0,0.20388028676153594,0.18090718572643846,0.4404661600128548,0.0038925670449863068,0,0,0.0,0,0.0,0.0,50.0,0,,,,,,,,,,,,,,,,,,,,,,,,,,,
44,D,step_totals,,,,,,,,,,,,,,,,,,,,,72.90000000000006,12.5,0.1714677640603565,,,0.0,0.0,50.0,0.685871056241426,0.01013395101178453,0.2,0.0,0,10,45,18,25,,25,50,4.400000000000001,0.060356652949245505,6.000000000000003,0.08230452674897117,22,30,23
45,D,all_agents,,,40,30,10,0,20,10,0.33864219405818363,0.22935743968008987,0.8884190907607077,0.0470787965704707,236,30,0.75,0,0.0,0.0,32.2,1616,,,,,,,,,,,,,,,,,,,,,,,,,,,
45,D,participants_only,,,30,30,0,0,20,10,0.38339565683673493,0.26322210885038355,0.8884190907607077,0.053501365423836184,236,30,1.0,0,0.0,0.0,26.266666666666666,1616,,,,,,,,,,,,,,,,,,,,,,,,,,,
45,D,nonparticipants_only,,,10,0,10,0,0,0,0.20438180572252967,0.18218053618972654,0.43826382921279056,0.003776620842320111,0,0,0.0,0,0.0,0.0,50.0,0,,,,,,,,,,,,,,,,,,,,,,,,,,,
45,D,step_totals,,,,,,,,,,,,,,,,,,,,,80.80000000000007,13.0,0.16089108910891076,,,0.0,0.0,58.0,0.7178217821782172,0.010348682607366476,0.08620689655172414,0.0,0,5,14,21,26,,28,58,3.800000000000001,0.047029702970297,6.000000000000003,0.07425742574257423,19,30,31
46,D,all_agents,,,40,30,10,0,20,10,0.3408134267996529,0.2305989757345137,0.8928823271302794,0.048203205526874314,243,30,0.75,0,0.0,0.0,32.4,1661,,,,,,,,,,,,,,,,,,,,,,,,,,,
46,D,participants_only,,,30,30,0,0,20,10,0.3861245993877111,0.26196560756009624,0.8928823271302794,0.054837331005928476,243,30,1.0,0,0.0,0.0,26.533333333333335,1661,,,,,,,,,,,,,,,,,,,,,,,,,,,
46,D,nonparticipants_only,,,10,0,10,0,0,0,0.20487990903547817,0.18426405419559155,0.4360725100667266,0.00366360075405423,0,0,0.0,0,0.0,0.0,50.0,0,,,,,,,,,,,,,,,,,,,,,,,,,,,
46,D,step_totals,,,,,,,,,,,,,,,,,,,,,73.10000000000008,12.5,0.17099863201094373,,,0.0,0.0,50.0,0.6839945280437749,0.010011210103228106,0.14,0.0,0,7,45,17,25,,26,50,4.600000000000001,0.06292749658002732,6.000000000000003,0.08207934336525302,23,30,25
47,D,all_agents,,,40,30,10,0,19,11,0.34333774309130916,0.23079007118761102,0.8971670340450681,0.04911286222172374,246,30,0.75,0,0.0,0.0,32.2,1704,,,,,,,,,,,,,,,,,,,,,,,,,,,
47,D,participants_only,,,30,30,0,0,19,11,0.389325224087816,0.264887181328202,0.8971670340450681,0.05584074663847261,246,30,1.0,0,0.0,0.0,26.266666666666666,1704,,,,,,,,,,,,,,,,,,,,,,,,,,,
47,D,nonparticipants_only,,,10,0,10,0,0,0,0.20537530010178875,0.18465288282691872,0.43389214751639293,0.003551028070628218,0,0,0.0,0,0.0,0.0,50.0,0,,,,,,,,,,,,,,,,,,,,,,,,,,,
47,D,step_totals,,,,,,,,,,,,,,,,,,,,,80.80000000000007,13.0,0.16089108910891076,,,0.0,0.0,58.0,0.7178217821782172,0.009980188139577862,0.05172413793103448,0.0,0,3,14,21,26,,28,58,3.800000000000001,0.047029702970297,6.000000000000003,0.07425742574257423,19,30,31
48,D,all_agents,,,40,30,10,0,20,10,0.3453150240860724,0.2320366888345029,0.9012803526832655,0.050129640990102566,254,30,0.75,0,0.0,0.0,32.4,1746,,,,,,,,,,,,,,,,,,,,,,,,,,,
48,D,participants_only,,,30,30,0,0,20,10,0.3917975791864221,0.263562745421561,0.9012803526832655,0.05704992910280101,254,30,1.0,0,0.0,0.0,26.533333333333335,1746,,,,,,,,,,,,,,,,,,,,,,,,,,,
48,D,nonparticipants_only,,,10,0,10,0,0,0,0.20586735878502338,0.1844795225950746,0.431722686778811,0.0034412415081227026,0,0,0.0,0,0.0,0.0,50.0,0,,,,,,,,,,,,,,,,,,,,,,,,,,,
48,D,step_totals,,,,,,,,,,,,,,,,,,,,,73.10000000000008,12.5,0.17099863201094373,,,0.0,0.0,50.0,0.6839945280437749,0.00940200785531942,0.16,0.0,0,8,45,17,25,,26,50,4.600000000000001,0.06292749658002732,6.000000000000003,0.08207934336525302,23,30,25
49,D,all_agents,,,40,30,10,0,18,12,0.34773264006072274,0.2328414862881762,0.9052291385759348,0.05105617461510255,258,30,0.75,0,0.0,0.0,32.2,1790,,,,,,,,,,,,,,,,,,,,,,,,,,,
49,D,participants_only,,,30,30,0,0,18,12,0.39485821851333397,0.26670910061843744,0.9052291385759348,0.05807997079869585,258,30,1.0,0,0.0,0.0,26.266666666666666,1790,,,,,,,,,,,,,,,,,,,,,,,,,,,
49,D,nonparticipants_only,,,10,0,10,0,0,0,0.2063559047028891,0.1857528685885811,0.4295640733449169,0.003334944330404087,0,0,0.0,0,0.0,0.0,50.0,0,,,,,,,,,,,,,,,,,,,,,,,,,,,
49,D,step_totals,,,,,,,,,,,,,,,,,,,,,80.80000000000007,13.0,0.16089108910891076,,,0.0,0.0,58.0,0.7178217821782172,0.009681846255307271,0.06896551724137931,0.0,0,4,14,21,26,,29,58,3.800000000000001,0.047029702970297,6.000000000000003,0.07425742574257423,19,30,31
50,D,all_agents,,,40,30,10,0,18,12,0.34974660720506434,0.23348480360780255,0.9090199730328974,0.05210920780548231,262,30,0.75,0,0.0,0.0,32.4,1836,,,,,,,,,,,,,,,,,,,,,,,,,,,
50,D,participants_only,,,30,30,0,0,18,12,0.3973821627357804,0.2653755551153452,0.9090199730328974,0.05932375015534273,262,30,1.0,0,0.0,0.0,26.533333333333335,1836,,,,,,,,,,,,,,,,,,,,,,,,,,,
50,D,nonparticipants_only,,,10,0,10,0,0,0,0.20683994061291613,0.18836760609738987,0.42741625297819236,0.0032358269472618326,0,0,0.0,0,0.0,0.0,50.0,0,,,,,,,,,,,,,,,,,,,,,,,,,,,
50,D,step_totals,,,,,,,,,,,,,,,,,,,,,73.10000000000008,12.5,0.17099863201094373,,,0.0,0.0,50.0,0.6839945280437749,0.009547705229639027,0.08,0.0,0,4,45,17,25,,26,50,4.600000000000001,0.06292749658002732,6.000000000000003,0.08207934336525302,23,30,25
50,D,reachability,0.15,0.0,,,,,,,,,,,,,,,,,,,,,,,,,,,,,,,,,,,,,,,,,,,,,
51,D,all_agents,,,40,30,10,0,18,12,0.3522114738573024,0.23432814684317588,0.9126591741115815,0.0530719365886982,274,30,0.75,0,0.0,0.0,32.2,1884,,,,,,,,,,,,,,,,,,,,,,,,,,,
51,D,participants_only,,,30,30,0,0,18,12,0.40050822413092674,0.2682744949656211,0.9126591741115815,0.06038646273175593,274,30,1.0,0,0.0,0.0,26.266666666666666,1884,,,,,,,,,,,,,,,,,,,,,,,,,,,
51,D,nonparticipants_only,,,10,0,10,0,0,0,0.20732122303642936,0.19005294631442543,0.4252791717133014,0.003137445115611029,0,0,0.0,0,0.0,0.0,50.0,0,,,,,,,,,,,,,,,,,,,,,,,,,,,
51,D,step_totals,,,,,,,,,,,,,,,,,,,,,79.40000000000006,12.0,0.15113350125944572,,,0.0,0.0,58.0,0.7304785894206544,0.010039909283508877,0.20689655172413793,0.0,0,12,12,23,24,,28,58,3.400000000000001,0.042821158690176296,6.000000000000003,0.0755667506297229,17,30,31
52,D,all_agents,,,40,30,10,0,18,12,0.35399331242395815,0.23406356425405273,0.9161528071471182,0.054087722268978525,277,30,0.75,0,0.0,0.0,32.4,1929,,,,,,,,,,,,,,,,,,,,,,,,,,,
52,D,participants_only,,,30,30,0,0,18,12,0.40272451671714943,0.26693312249079304,0.9161528071471182,0.06160468008634177,277,30,1.0,0,0.0,0.0,26.533333333333335,1929,,,,,,,,,,,,,,,,,,,,,,,,,,,
52,D,nonparticipants_only,,,10,0,10,0,0,0,0.2077996995443846,0.1898464075475061,0.4231527758547349,0.0030400855545119564,0,0,0.0,0,0.0,0.0,50.0,0,,,,,,,,,,,,,,,,,,,,,,,,,,,
52,D,step_totals,,,,,,,,,,,,,,,,,,,,,72.60000000000007,12.0,0.16528925619834695,,,0.0,0.0,50.0,0.688705234159779,0.00889056054282869,0.06,0.0,0,3,44,17,24,,25,50,4.600000000000001,0.06336088154269968,6.000000000000003,0.08264462809917351,23,30,25
53,D,all_agents,,,40,30,10,0,18,12,0.35633941972558064,0.23634311255860319,0.9195066948612335,0.05495021158400251,284,30,0.75,0,0.0,0.0,32.2,1976,,,,,,,,,,,,,,,,,,,,,,,,,,,
53,D,participants_only,,,30,30,0,0,18,12,0.40569424972569185,0.27005127461353895,0.9195066948612335,0.06254155285569206,284,30,1.0,0,0.0,0.0,26.266666666666666,1976,,,,,,,,,,,,,,,,,,,,,,,,,,,
53,D,nonparticipants_only,,,10,0,10,0,0,0,0.20827492972524714,0.190921450374628,0.4210370119754612,0.0029453968368553583,0,0,0.0,0,0.0,0.0,50.0,0,,,,,,,,,,,,,,,,,,,,,,,,,,,
53,D,step_totals,,,,,,,,,,,,,,,,,,,,,79.60000000000007,12.0,0.15075376884422098,,,0.0,0.0,58.0,0.7286432160804014,0.009673097640373881,0.1206896551724138,0.0,0,7,12,22,24,,28,58,3.600000000000001,0.045226130653266305,6.000000000000003,0.07537688442211052,18,30,31
54,D,all_agents,,,40,30,10,0,18,12,0.3579231363236071,0.2360700663047597,0.9227264270667841,0.055894790090130604,293,30,0.75,0,0.0,0.0,32.4,2019,,,,,,,,,,,,,,,,,,,,,,,,,,,
54,D,participants_only,,,30,30,0,0,18,12,0.4076486449362953,0.2687010182404712,0.9227264270667841,0.06368438528057888,293,30,1.0,0,0.0,0.0,26.533333333333335,2019,,,,,,,,,,,,,,,,,,,,,,,,,,,
54,D,nonparticipants_only,,,10,0,10,0,0,0,0.20874661048554266,0.19249698211223826,0.41893182691558384,0.0028544900372994755,0,0,0.0,0,0.0,0.0,50.0,0,,,,,,,,,,,,,,,,,,,,,,,,,,,
54,D,step_totals,,,,,,,,,,,,,,,,,,,,,72.60000000000007,12.0,0.16528925619834695,,,0.0,0.0,50.0,0.688705234159779,0.008262090749992857,0.18,0.0,0,9,44,17,24,,25,50,4.600000000000001,0.06336088154269968,6.000000000000003,0.08264462809917351,23,30,25
55,D,all_agents,,,40,30,10,0,17,13,0.36013357145746505,0.2375554915397437,0.9258173699841127,0.056763923925346675,303,30,0.75,0,0.0,0.0,32.2,2066,,,,,,,,,,,,,,,,,,,,,,,,,,,
55,D,participants_only,,,30,30,0,0,17,13,0.41043986606401106,0.27005657948220463,0.9258173699841127,0.06463979785083161,303,30,1.0,0,0.0,0.0,26.266666666666666,2066,,,,,,,,,,,,,,,,,,,,,,,,,,,
55,D,nonparticipants_only,,,10,0,10,0,0,0,0.20921468763782702,0.1953192185107237,0.41683716778100594,0.0027676228244046678,0,0,0.0,0,0.0,0.0,50.0,0,,,,,,,,,,,,,,,,,,,,,,,,,,,
55,D,step_totals,,,,,,,,,,,,,,,,,,,,,79.40000000000006,12.0,0.15113350125944572,,,0.0,0.0,58.0,0.7304785894206544,0.009301318711015218,0.1724137931034483,0.0,0,10,12,23,24,,28,58,3.400000000000001,0.042821158690176296,6.000000000000003,0.0755667506297229,17,30,31
56,D,all_agents,,,40,30,10,0,17,13,0.3616474166087089,0.2374543611700595,0.9287846751847482,0.057682328721591014,307,30,0.75,0,0.0,0.0,32.4,2110,,,,,,,,,,,,,,,,,,,,,,,,,,,
56,D,participants_only,,,30,30,0,0,17,13,0.4123033477935716,0.2687062965847936,0.9287846751847482,0.06575129713680423,307,30,1.0,0,0.0,0.0,26.533333333333335,2110,,,,,,,,,,,,,,,,,,,,,,,,,,,
56,D,nonparticipants_only,,,10,0,10,0,0,0,0.20967962305412097,0.1949397279539284,0.4147529819421009,0.002683143105484846,0,0,0.0,0,0.0,0.0,50.0,0,,,,,,,,,,,,,,,,,,,,,,,,,,,
56,D,step_totals,,,,,,,,,,,,,,,,,,,,,72.60000000000008,12.0,0.16528925619834692,,,0.0,0.0,50.0,0.6887052341597789,0.008055417005415611,0.08,0.0,0,4,43,17,24,,25,50,4.600000000000001,0.06336088154269967,6.000000000000003,0.0826446280991735,23,30,25
57,D,all_agents,,,40,30,10,0,16,14,0.3638420814395017,0.23679471069154526,0.9316332881773582,0.05857304862307985,314,30,0.75,0,0.0,0.0,32.2,2159,,,,,,,,,,,,,,,,,,,,,,,,,,,
57,D,participants_only,,,30,30,0,0,16,14,0.41507554089372634,0.2709294717909893,0.9316332881773582,0.0667312333700921,314,30,1.0,0,0.0,0.0,26.266666666666666,2159,,,,,,,,,,,,,,,,,,,,,,,,,,,
57,D,nonparticipants_only,,,10,0,10,0,0,0,0.21014170307682803,0.19584646926012395,0.4126792170323904,0.0026000859702710157,0,0,0.0,0,0.0,0.0,50.0,0,,,,,,,,,,,,,,,,,,,,,,,,,,,
57,D,step_totals,,,,,,,,,,,,,,,,,,,,,77.90000000000006,10.5,0.1347881899871629,,,0.0,0.0,58.0,0.7445442875481381,0.009488704799154585,0.1206896551724138,0.0,0,7,10,23,21,,27,58,3.400000000000001,0.043645699614890864,6.000000000000003,0.07702182284980742,17,30,31
58,D,all_agents,,,40,30,10,0,16,14,0.36508137879816066,0.23783101687336822,0.934367956650264,0.059402179122284474,319,30,0.75,0,0.0,0.0,32.4,2200,,,,,,,,,,,,,,,,,,,,,,,,,,,
58,D,participants_only,,,30,30,0,0,16,14,0.4165748751081171,0.2695748244320344,0.934367956650264,0.06775705993383896,319,30,1.0,0,0.0,0.0,26.533333333333335,2200,,,,,,,,,,,,,,,,,,,,,,,,,,,
58,D,nonparticipants_only,,,10,0,10,0,0,0,0.21060088986829137,0.19643770418161377,0.4106158209472285,0.0025185747409390336,0,0,0.0,0,0.0,0.0,50.0,0,,,,,,,,,,,,,,,,,,,,,,,,,,,
58,D,step_totals,,,,,,,,,,,,,,,,,,,,,71.40000000000006,11.0,0.1540616246498598,,,0.0,0.0,50.0,0.7002801120448173,0.007323796927109934,0.1,0.0,0,5,43,18,22,,25,50,4.400000000000001,0.06162464985994394,6.000000000000003,0.08403361344537812,22,30,23
59,D,all_agents,,,40,30,10,0,16,14,0.3670189418251143,0.23783192251832655,0.9369932383842534,0.06026983704824958,327,30,0.75,0,0.0,0.0,32.2,2248,,,,,,,,,,,,,,,,,,,,,,,,,,,
59,D,participants_only,,,30,30,0,0,16,14,0.4190061831377237,0.27054785550383553,0.9369932383842534,0.06873624766607168,327,30,1.0,0,0.0,0.0,26.266666666666666,2248,,,,,,,,,,,,,,,,,,,,,,,,,,,
59,D,nonparticipants_only,,,10,0,10,0,0,0,0.21105721788728588,0.2003440233613064,0.40856274184249236,0.002438526083237388,0,0,0.0,0,0.0,0.0,50.0,0,,,,,,,,,,,,,,,,,,,,,,,,,,,
59,D,step_totals,,,,,,,,,,,,,,,,,,,,,77.00000000000007,10.0,0.12987012987012975,,,0.0,0.0,58.0,0.7532467532467525,0.00882407484147637,0.13793103448275862,0.0,0,8,9,25,20,,27,58,3.0000000000000004,0.03896103896103893,6.000000000000003,0.07792207792207788,15,30,31
60,D,all_agents,,,40,30,10,0,16,14,0.3684538501157722,0.2375097469288267,0.9395135088488833,0.061126995816146175,339,30,0.75,0,0.0,0.0,32.4,2294,,,,,,,,,,,,,,,,,,,,,,,,,,,
60,D,participants_only,,,30,30,0,0,16,14,0.4207686624817483,0.2691951162263163,0.9395135088488833,0.06976708013757303,339,30,1.0,0,0.0,0.0,26.533333333333335,2294,,,,,,,,,,,,,,,,,,,,,,,,,,,
60,D,nonparticipants_only,,,10,0,10,0,0,0,0.21150941301784384,0.1999722651914537,0.4065199281332799,0.002364667737218163,0,0,0.0,0,0.0,0.0,50.0,0,,,,,,,,,,,,,,,,,,,,,,,,,,,
60,D,step_totals,,,,,,,,,,,,,,,,,,,,,71.40000000000006,11.0,0.1540616246498598,,,0.0,0.0,50.0,0.7002801120448173,0.008002133730365972,0.24,0.0,0,12,43,18,22,,25,50,4.400000000000001,0.06162464985994394,6.000000000000003,0.08403361344537812,22,30,23
60,D,reachability,0.2,0.0,,,,,,,,,,,,,,,,,,,,,,,,,,,,,,,,,,,,,,,,,,,,,
61,D,all_agents,,,40,30,10,0,15,15,0.37054580267251763,0.2365938772879353,0.9419329684949279,0.06201753123523257,350,30,0.75,0,0.0,0.0,32.2,2346,,,,,,,,,,,,,,,,,,,,,,,,,,,
61,D,participants_only,,,30,30,0,0,15,15,0.4234081006205589,0.2710416758053678,0.9419329684949279,0.07074842194235685,350,30,1.0,0,0.0,0.0,26.266666666666666,2346,,,,,,,,,,,,,,,,,,,,,,,,,,,
61,D,nonparticipants_only,,,10,0,10,0,0,0,0.21195890882839366,0.1999886010888709,0.40448732849261354,0.0022917885816898386,0,0,0.0,0,0.0,0.0,50.0,0,,,,,,,,,,,,,,,,,,,,,,,,,,,
61,D,step_totals,,,,,,,,,,,,,,,,,,,,,76.50000000000007,9.5,0.12418300653594759,,,0.0,0.0,58.0,0.7581699346405222,0.00939494377674111,0.1896551724137931,0.0,0,11,9,25,19,,27,58,3.0000000000000004,0.039215686274509776,6.000000000000003,0.07843137254901957,15,30,31
62,D,all_agents,,,40,30,10,0,15,15,0.37200112106754735,0.23795126750852538,0.9442556497551308,0.06280859344358036,354,30,0.75,0,0.0,0.0,32.4,2392,,,,,,,,,,,,,,,,,,,,,,,,,,,
62,D,participants_only,,,30,30,0,0,15,15,0.42519959154010795,0.26968646742634095,0.9442556497551308,0.07168450661389222,354,30,1.0,0,0.0,0.0,26.533333333333335,2392,,,,,,,,,,,,,,,,,,,,,,,,,,,
62,D,nonparticipants_only,,,10,0,10,0,0,0,0.21240570964986544,0.20074603836773058,0.4024648918501505,0.0022199268052058617,0,0,0.0,0,0.0,0.0,50.0,0,,,,,,,,,,,,,,,,,,,,,,,,,,,
62,D,step_totals,,,,,,,,,,,,,,,,,,,,,71.40000000000008,11.0,0.15406162464985979,,,0.0,0.0,50.0,0.7002801120448172,0.008096731934569373,0.08,0.0,0,4,43,18,22,,25,50,4.400000000000001,0.06162464985994393,6.000000000000003,0.0840336134453781,22,30,23
63,D,all_agents,,,40,30,10,0,15,15,0.3736800273539616,0.23745300382244358,0.9464854237649255,0.06362853677396613,360,30,0.75,0,0.0,0.0,32.2,2439,,,,,,,,,,,,,,,,,,,,,,,,,,,
63,D,participants_only,,,30,30,0,0,15,15,0.42729010362216013,0.26916767211187165,0.9464854237649255,0.07262549800730257,360,30,1.0,0,0.0,0.0,26.266666666666666,2439,,,,,,,,,,,,,,,,,,,,,,,,,,,
63,D,nonparticipants_only,,,10,0,10,0,0,0,0.21284979854936584,0.20384136152981536,0.40045256739089974,0.0021491697441719387,0,0,0.0,0,0.0,0.0,50.0,0,,,,,,,,,,,,,,,,,,,,,,,,,,,
63,D,step_totals,,,,,,,,,,,,,,,,,,,,,76.20000000000007,9.0,0.11811023622047233,,,0.0,0.0,58.0,0.7611548556430439,0.008162343716113173,0.10344827586206896,0.0,0,6,9,25,18,,27,58,3.2000000000000006,0.041994750656167944,6.000000000000003,0.07874015748031492,16,30,30
64,D,all_agents,,,40,30,10,0,15,15,0.3749430493287479,0.23774304086225956,0.9486260068143285,0.06440510392627503,366,30,0.75,0,0.0,0.0,32.4,2484,,,,,,,,,,,,,,,,,,,,,,,,,,,
64,D,participants_only,,,30,30,0,0,15,15,0.4288271766557649,0.2678218337513123,0.9486260068143285,0.07356567489698125,366,30,1.0,0,0.0,0.0,26.533333333333335,2484,,,,,,,,,,,,,,,,,,,,,,,,,,,
64,D,nonparticipants_only,,,10,0,10,0,0,0,0.21329066734769678,0.20452992436979497,0.39845030455394526,0.002081400880626142,0,0,0.0,0,0.0,0.0,50.0,0,,,,,,,,,,,,,,,,,,,,,,,,,,,
64,D,step_totals,,,,,,,,,,,,,,,,,,,,,71.40000000000008,11.0,0.15406162464985979,,,0.0,0.0,50.0,0.7002801120448172,0.007469454531953937,0.12,0.0,0,6,43,18,22,,25,50,4.400000000000001,0.06162464985994393,6.000000000000003,0.0840336134453781,22,30,23
65,D,all_agents,,,40,30,10,0,15,15,0.37676508998988406,0.237644144127653,0.9506809665417554,0.0652511123617418,371,30,0.75,0,0.0,0.0,32.2,2535,,,,,,,,,,,,,,,,,,,,,,,,,,,
65,D,participants_only,,,30,30,0,0,15,15,0.43111085058318116,0.26648272458255573,0.9506809665417554,0.07451478916172767,371,30,1.0,0,0.0,0.0,26.266666666666666,2535,,,,,,,,,,,,,,,,,,,,,,,,,,,
65,D,nonparticipants_only,,,10,0,10,0,0,0,0.2137278082099928,0.2038002712368685,0.39645805303117554,0.002018541628216645,0,0,0.0,0,0.0,0.0,50.0,0,,,,,,,,,,,,,,,,,,,,,,,,,,,
65,D,step_totals,,,,,,,,,,,,,,,,,,,,,76.00000000000006,9.0,0.11842105263157886,,,0.0,0.0,58.0,0.7631578947368415,0.008646320679846081,0.08620689655172414,0.0,0,5,9,26,18,,26,58,3.0000000000000004,0.03947368421052629,6.000000000000003,0.07894736842105261,15,30,29
66,D,all_agents,,,40,30,10,0,15,15,0.3779949537504256,0.23835986200114317,0.9526537278800852,0.06597103279286144,379,30,0.75,0,0.0,0.0,32.4,2581,,,,,,,,,,,,,,,,,,,,,,,,,,,
66,D,participants_only,,,30,30,0,0,15,15,0.43260584025066423,0.265150310959643,0.9526537278800852,0.07537975230295482,379,30,1.0,0,0.0,0.0,26.533333333333335,2581,,,,,,,,,,,,,,,,,,,,,,,,,,,
66,D,nonparticipants_only,,,10,0,10,0,0,0,0.21416229424970953,0.20388466209119463,0.39447576276601964,0.0019566871704778752,0,0,0.0,0,0.0,0.0,50.0,0,,,,,,,,,,,,,,,,,,,,,,,,,,,
66,D,step_totals,,,,,,,,,,,,,,,,,,,,,71.40000000000008,11.0,0.15406162464985979,,,0.0,0.0,50.0,0.7002801120448172,0.007379280015261275,0.16,0.0,0,8,42,18,22,,25,50,4.400000000000001,0.06162464985994393,6.000000000000003,0.0840336134453781,22,30,23
67,D,all_agents,,,40,30,10,0,15,15,0.3794319848622312,0.23716806269113744,0.9545475787648817,0.06674265045468718,386,30,0.75,0,0.0,0.0,32.2,2627,,,,,,,,,,,,,,,,,,,,,,,,,,,
67,D,participants_only,,,30,30,0,0,15,15,0.4343777913986439,0.2638245594048447,0.9545475787648817,0.0762825986983174,386,30,1.0,0,0.0,0.0,26.266666666666666,2627,,,,,,,,,,,,,,,,,,,,,,,,,,,
67,D,nonparticipants_only,,,10,0,10,0,0,0,0.21459456525299292,0.2046690173409924,0.39250338395218953,0.0018943058525537405,0,0,0.0,0,0.0,0.0,50.0,0,,,,,,,,,,,,,,,,,,,,,,,,,,,
67,D,step_totals,,,,,,,,,,,,,,,,,,,,,75.50000000000006,8.5,0.11258278145695355,,,0.0,0.0,58.0,0.7682119205298007,0.007505940379812352,0.1206896551724138,0.0,0,7,7,26,17,,25,58,3.0000000000000004,0.03973509933774832,6.000000000000003,0.07947019867549666,15,30,29
68,D,all_agents,,,40,30,10,0,15,15,0.38044468904605294,0.2364003104171713,0.9563656756142864,0.06741384448557686,390,30,0.75,0,0.0,0.0,32.4,2670,,,,,,,,,,,,,,,,,,,,,,,,,,,
68,D,participants_only,,,30,30,0,0,15,15,0.4355849489122954,0.26250543660782055,0.9563656756142864,0.07711198956292782,390,30,1.0,0,0.0,0.0,26.533333333333335,2670,,,,,,,,,,,,,,,,,,,,,,,,,,,
68,D,nonparticipants_only,,,10,0,10,0,0,0,0.2150239094473258,0.20676197026442728,0.3905408670324286,0.0018340301561231111,0,0,0.0,0,0.0,0.0,50.0,0,,,,,,,,,,,,,,,,,,,,,,,,,,,
68,D,step_totals,,,,,,,,,,,,,,,,,,,,,71.40000000000006,11.0,0.1540616246498598,,,0.0,0.0,50.0,0.7002801120448173,0.006666419684517913,0.08,0.0,0,4,40,18,22,,24,50,4.400000000000001,0.06162464985994394,6.000000000000003,0.08403361344537812,22,30,23
69,D,all_agents,,,40,30,10,0,15,15,0.38208538210283777,0.23521830886508543,0.958111048589715,0.06824757356393173,395,30,0.75,0,0.0,0.0,32.2,2720,,,,,,,,,,,,,,,,,,,,,,,,,,,
69,D,participants_only,,,30,30,0,0,15,15,0.4376304969198209,0.2611929094247814,0.958111048589715,0.07806341117163183,395,30,1.0,0,0.0,0.0,26.266666666666666,2720,,,,,,,,,,,,,,,,,,,,,,,,,,,
69,D,nonparticipants_only,,,10,0,10,0,0,0,0.2154500376518884,0.20831607670470936,0.3885881626972664,0.0017769433804493415,0,0,0.0,0,0.0,0.0,50.0,0,,,,,,,,,,,,,,,,,,,,,,,,,,,
69,D,step_totals,,,,,,,,,,,,,,,,,,,,,75.30000000000005,8.5,0.11288180610889766,,,0.0,0.0,58.0,0.770252324037184,0.008182664439702374,0.08620689655172414,0.0,0,5,6,26,17,,23,58,2.8000000000000003,0.03718459495351923,6.000000000000003,0.07968127490039839,14,30,27
70,D,all_agents,,,40,30,10,0,15,15,0.38322089590356007,0.23578843694932436,0.9597866066461264,0.06891379387816696,397,30,0.75,0,0.0,0.0,32.4,2766,,,,,,,,,,,,,,,,,,,,,,,,,,,
70,D,participants_only,,,30,30,0,0,15,15,0.4390035279125657,0.26154262958509733,0.9597866066461264,0.07886394828934241,397,30,1.0,0,0.0,0.0,26.533333333333335,2766,,,,,,,,,,,,,,,,,,,,,,,,,,,
70,D,nonparticipants_only,,,10,0,10,0,0,0,0.21587299987654346,0.20760805924238068,0.3866452218837801,0.0017229062384150674,0,0,0.0,0,0.0,0.0,50.0,0,,,,,,,,,,,,,,,,,,,,,,,,,,,
70,D,step_totals,,,,,,,,,,,,,,,,,,,,,70.90000000000006,10.5,0.1480959097320168,,,0.0,0.0,50.0,0.7052186177715085,0.007166325740570339,0.04,0.0,0,2,40,19,21,,24,50,4.400000000000001,0.06205923836389277,6.000000000000003,0.08462623413258107,22,30,23
70,D,reachability,0.225,0.0,,,,,,,,,,,,,,,,,,,,,,,,,,,,,,,,,,,,,,,,,,,,,
71,D,all_agents,,,40,30,10,0,15,15,0.3844824190454558,0.23460949476457774,0.9613951423802813,0.06956865550584766,402,30,0.75,0,0.0,0.0,32.2,2810,,,,,,,,,,,,,,,,,,,,,,,,,,,
71,D,participants_only,,,30,30,0,0,15,15,0.4405454368228869,0.2602349164371718,0.9613951423802813,0.07962934135931578,402,30,1.0,0,0.0,0.0,26.266666666666666,2810,,,,,,,,,,,,,,,,,,,,,,,,,,,
71,D,nonparticipants_only,,,10,0,10,0,0,0,0.21629336571316266,0.20766519711456843,0.38471199577436116,0.0016698543976926723,0,0,0.0,0,0.0,0.0,50.0,0,,,,,,,,,,,,,,,,,,,,,,,,,,,
71,D,step_totals,,,,,,,,,,,,,,,,,,,,,75.30000000000005,8.5,0.11288180610889766,,,0.0,0.0,58.0,0.770252324037184,0.006984341502703943,0.08620689655172414,0.0,0,5,6,26,17,,23,58,2.8000000000000003,0.03718459495351923,6.000000000000003,0.07968127490039839,14,30,27
72,D,all_agents,,,40,30,10,0,15,15,0.38571335421264774,0.23396003208575789,0.96293933668507,0.07023288751139875,407,30,0.75,0,0.0,0.0,32.4,2859,,,,,,,,,,,,,,,,,,,,,,,,,,,
72,D,participants_only,,,30,30,0,0,15,15,0.44204742146190446,0.26105337015246355,0.96293933668507,0.08041046890191234,407,30,1.0,0,0.0,0.0,26.533333333333335,2859,,,,,,,,,,,,,,,,,,,,,,,,,,,
72,D,nonparticipants_only,,,10,0,10,0,0,0,0.21671115246487782,0.20847567216378132,0.3827884357954894,0.0016178177457327398,0,0,0.0,0,0.0,0.0,50.0,0,,,,,,,,,,,,,,,,,,,,,,,,,,,
72,D,step_totals,,,,,,,,,,,,,,,,,,,,,70.90000000000006,10.5,0.1480959097320168,,,0.0,0.0,50.0,0.7052186177715085,0.007502921640601594,0.1,0.0,0,5,39,19,21,,23,50,4.400000000000001,0.06205923836389277,6.000000000000003,0.08462623413258107,22,30,23
73,D,all_agents,,,40,30,10,0,15,15,0.3871868624064911,0.2327902319253291,0.9644217632176673,0.07104127719427666,412,30,0.75,0,0.0,0.0,32.2,2909,,,,,,,,,,,,,,,,,,,,,,,,,,,
73,D,participants_only,,,30,30,0,0,15,15,0.44387358044846936,0.2597481033017013,0.9644217632176673,0.08134631889841441,412,30,1.0,0,0.0,0.0,26.266666666666666,2909,,,,,,,,,,,,,,,,,,,,,,,,,,,
73,D,nonparticipants_only,,,10,0,10,0,0,0,0.21712670828055636,0.2104819379870153,0.38087449361651193,0.001565544053414548,0,0,0.0,0,0.0,0.0,50.0,0,,,,,,,,,,,,,,,,,,,,,,,,,,,
73,D,step_totals,,,,,,,,,,,,,,,,,,,,,74.10000000000007,7.5,0.10121457489878534,,,0.0,0.0,58.0,0.7827260458839399,0.007828596690262181,0.08620689655172414,0.0,0,5,6,27,15,,22,58,2.6,0.035087719298245584,6.000000000000003,0.0809716599190283,13,30,25
74,D,all_agents,,,40,30,10,0,15,15,0.38809190346019684,0.23223290890477966,0.9658448926889606,0.0716357868253183,417,30,0.75,0,0.0,0.0,32.4,2954,,,,,,,,,,,,,,,,,,,,,,,,,,,
74,D,participants_only,,,30,30,0,0,15,15,0.44494270636520067,0.26193580704195357,0.9658448926889606,0.08208130296527584,417,30,1.0,0,0.0,0.0,26.533333333333335,2954,,,,,,,,,,,,,,,,,,,,,,,,,,,
74,D,nonparticipants_only,,,10,0,10,0,0,0,0.21753949474518525,0.21198996207186227,0.3789701211484294,0.0015150729141225313,0,0,0.0,0,0.0,0.0,50.0,0,,,,,,,,,,,,,,,,,,,,,,,,,,,
74,D,step_totals,,,,,,,,,,,,,,,,,,,,,70.90000000000006,10.5,0.1480959097320168,,,0.0,0.0,50.0,0.7052186177715085,0.006418454589256504,0.1,0.0,0,5,39,19,21,,23,50,4.400000000000001,0.06205923836389277,6.000000000000003,0.08462623413258107,22,30,23
75,D,all_agents,,,40,30,10,0,15,15,0.3895249209391408,0.23263211128050726,0.966186443762071,0.07246601149661343,424,30,0.75,0,0.0,0.0,32.2,3006,,,,,,,,,,,,,,,,,,,,,,,,,,,
75,D,participants_only,,,30,30,0,0,15,15,0.4467168816749485,0.2607490254679472,0.966186443762071,0.08304828615487093,424,30,1.0,0,0.0,0.0,26.266666666666666,3006,,,,,,,,,,,,,,,,,,,,,,,,,,,
75,D,nonparticipants_only,,,10,0,10,0,0,0,0.2179490387317179,0.21130293873934838,0.37707527054268725,0.001468143048166952,0,0,0.0,0,0.0,0.0,50.0,0,,,,,,,,,,,,,,,,,,,,,,,,,,,
75,D,step_totals,,,,,,,,,,,,,,,,,,,,,73.60000000000005,7.0,0.09510869565217385,,,0.0,0.0,58.0,0.7880434782608691,0.007767543145564302,0.1206896551724138,0.0,0,7,6,28,14,,22,58,2.6,0.035326086956521716,6.000000000000003,0.08152173913043476,13,30,25
76,D,all_agents,,,40,30,10,0,15,15,0.39053662742487855,0.2314689507241047,0.9675389860115882,0.07308624924337728,429,30,0.75,0,0.0,0.0,32.4,3054,,,,,,,,,,,,,,,,,,,,,,,,,,,
76,D,participants_only,,,30,30,0,0,15,15,0.4479301323643333,0.26246855715717177,0.9675389860115882,0.08379828613114534,429,30,1.0,0,0.0,0.0,26.533333333333335,3054,,,,,,,,,,,,,,,,,,,,,,,,,,,
76,D,nonparticipants_only,,,10,0,10,0,0,0,0.2183561126065142,0.2113336317346711,0.3751898941899738,0.0014219656692504414,0,0,0.0,0,0.0,0.0,50.0,0,,,,,,,,,,,,,,,,,,,,,,,,,,,
76,D,step_totals,,,,,,,,,,,,,,,,,,,,,70.90000000000008,10.5,0.14809590973201678,,,0.0,0.0,50.0,0.7052186177715084,0.006797314692659665,0.1,0.0,0,5,39,19,21,,23,50,4.400000000000001,0.06205923836389276,6.000000000000003,0.08462623413258105,22,30,23
77,D,all_agents,,,40,30,10,0,15,15,0.3918112959304886,0.2311610814516188,0.9688374265711246,0.0738983871962477,432,30,0.75,0,0.0,0.0,32.2,3106,,,,,,,,,,,,,,,,,,,,,,,,,,,
77,D,participants_only,,,30,30,0,0,15,15,0.4494948055937225,0.26115621437138586,0.9688374265711246,0.08476282929082836,432,30,1.0,0,0.0,0.0,26.266666666666666,3106,,,,,,,,,,,,,,,,,,,,,,,,,,,
77,D,nonparticipants_only,,,10,0,10,0,0,0,0.21876076694078675,0.21216945207915358,0.3733139447190239,0.001376413467684871,0,0,0.0,0,0.0,0.0,50.0,0,,,,,,,,,,,,,,,,,,,,,,,,,,,
77,D,step_totals,,,,,,,,,,,,,,,,,,,,,72.90000000000006,6.5,0.08916323731138538,,,0.0,0.0,58.0,0.7956104252400542,0.007347201967827927,0.05172413793103448,0.0,0,3,6,28,13,,20,58,2.4,0.032921810699588445,6.000000000000003,0.08230452674897117,12,30,23
78,D,all_agents,,,40,30,10,0,15,15,0.39270301033986715,0.23033551512630046,0.9700839295082796,0.0744785327093643,439,30,0.75,0,0.0,0.0,32.4,3153,,,,,,,,,,,,,,,,,,,,,,,,,,,
78,D,participants_only,,,30,30,0,0,15,15,0.45054965161982263,0.26199617900205885,0.9700839295082796,0.08547603125449846,439,30,1.0,0,0.0,0.0,26.533333333333335,3153,,,,,,,,,,,,,,,,,,,,,,,,,,,
78,D,nonparticipants_only,,,10,0,10,0,0,0,0.21916308650000085,0.2140916012475947,0.3714473749954288,0.0013312301854996884,0,0,0.0,0,0.0,0.0,50.0,0,,,,,,,,,,,,,,,,,,,,,,,,,,,
78,D,step_totals,,,,,,,,,,,,,,,,,,,,,70.90000000000006,10.5,0.1480959097320168,,,0.0,0.0,50.0,0.7052186177715085,0.0064065956157452935,0.14,0.0,0,7,39,19,21,,23,50,4.400000000000001,0.06205923836389277,6.000000000000003,0.08462623413258107,22,30,23
79,D,all_agents,,,40,30,10,0,16,14,0.3940550784529311,0.2318610594867449,0.9712805723279484,0.0753352184727604,445,30,0.75,0,0.0,0.0,32.2,3207,,,,,,,,,,,,,,,,,,,,,,,,,,,
79,D,participants_only,,,30,30,0,0,16,14,0.4522191294178491,0.2606861981070486,0.9712805723279484,0.08648573915010263,445,30,1.0,0,0.0,0.0,26.266666666666666,3207,,,,,,,,,,,,,,,,,,,,,,,,,,,
79,D,nonparticipants_only,,,10,0,10,0,0,0,0.21956292555817716,0.215554909410751,0.36959013812045166,0.001286974544938811,0,0,0.0,0,0.0,0.0,50.0,0,,,,,,,,,,,,,,,,,,,,,,,,,,,
79,D,step_totals,,,,,,,,,,,,,,,,,,,,,72.90000000000006,6.5,0.08916323731138538,,,0.0,0.0,58.0,0.7956104252400542,0.007608534695020203,0.10344827586206896,0.0,0,6,6,28,13,,20,58,2.4,0.032921810699588445,6.000000000000003,0.08230452674897117,12,30,23
80,D,all_agents,,,40,30,10,0,16,14,0.3948471898854983,0.23106117047496283,0.9715677666046689,0.07588840512129069,454,30,0.75,0,0.0,0.0,32.4,3252,,,,,,,,,,,,,,,,,,,,,,,,,,,
80,D,participants_only,,,30,30,0,0,16,14,0.4531430331831805,0.2593827671165133,0.9715677666046689,0.08717559229757955,454,30,1.0,0,0.0,0.0,26.533333333333335,3252,,,,,,,,,,,,,,,,,,,,,,,,,,,
80,D,nonparticipants_only,,,10,0,10,0,0,0,0.21995965999245162,0.21488825769023262,0.3677421874298494,0.0012459794429690522,0,0,0.0,0,0.0,0.0,50.0,0,,,,,,,,,,,,,,,,,,,,,,,,,,,
80,D,step_totals,,,,,,,,,,,,,,,,,,,,,70.20000000000006,10.0,0.14245014245014234,,,0.0,0.0,50.0,0.7122507122507117,0.006165104300637307,0.18,0.0,0,9,39,20,20,,22,50,4.200000000000001,0.05982905982905979,6.000000000000003,0.08547008547008543,21,30,22
80,D,reachability,0.225,0.0,,,,,,,,,,,,,,,,,,,,,,,,,,,,,,,,,,,,,,,,,,,,,
81,D,all_agents,,,40,30,10,0,16,14,0.39594604595951566,0.23194413620121884,0.9727050559404822,0.07668975342475576,459,30,0.75,0,0.0,0.0,32.2,3304,,,,,,,,,,,,,,,,,,,,,,,,,,,
81,D,participants_only,,,30,30,0,0,16,14,0.454476735147184,0.2580858532809308,0.9727050559404822,0.08814771522906414,459,30,1.0,0,0.0,0.0,26.266666666666666,3304,,,,,,,,,,,,,,,,,,,,,,,,,,,
81,D,nonparticipants_only,,,10,0,10,0,0,0,0.22035397839651066,0.21489328995203044,0.3659034764927001,0.001205769090429337,0,0,0.0,0,0.0,0.0,50.0,0,,,,,,,,,,,,,,,,,,,,,,,,,,,
81,D,step_totals,,,,,,,,,,,,,,,,,,,,,72.40000000000005,6.0,0.08287292817679552,,,0.0,0.0,58.0,0.8011049723756901,0.006846799170157917,0.08620689655172414,0.0,0,5,6,28,12,,19,58,2.4,0.03314917127071821,6.000000000000003,0.08287292817679556,12,30,21
82,D,all_agents,,,40,30,10,0,16,14,0.3968273551589306,0.23196637048169166,0.9737968537028628,0.07725585687518005,472,30,0.75,0,0.0,0.0,32.4,3353,,,,,,,,,,,,,,,,,,,,,,,,,,,
82,D,participants_only,,,30,30,0,0,16,14,0.4555211888063716,0.25745156452223666,0.9737968537028628,0.08883911895265825,472,30,1.0,0,0.0,0.0,26.533333333333335,3353,,,,,,,,,,,,,,,,,,,,,,,,,,,
82,D,nonparticipants_only,,,10,0,10,0,0,0,0.22074585421660753,0.21575370405322963,0.3640739591102366,0.001166477343943674,0,0,0.0,0,0.0,0.0,50.0,0,,,,,,,,,,,,,,,,,,,,,,,,,,,
82,D,step_totals,,,,,,,,,,,,,,,,,,,,,70.20000000000006,10.0,0.14245014245014234,,,0.0,0.0,50.0,0.7122507122507117,0.006482952364915102,0.26,0.0,0,13,39,20,20,,22,50,4.200000000000001,0.05982905982905979,6.000000000000003,0.08547008547008543,21,30,22
83,D,all_agents,,,40,30,10,0,16,14,0.3978730327090466,0.2316379445260768,0.9748449795547484,0.07803538764638723,478,30,0.75,0,0.0,0.0,32.2,3405,,,,,,,,,,,,,,,,,,,,,,,,,,,
83,D,participants_only,,,30,30,0,0,16,14,0.4567855364662963,0.2561643066996255,0.9748449795547484,0.08978868990781574,478,30,1.0,0,0.0,0.0,26.266666666666666,3405,,,,,,,,,,,,,,,,,,,,,,,,,,,
83,D,nonparticipants_only,,,10,0,10,0,0,0,0.22113552143729745,0.21726909408671574,0.36225358931468543,0.0011272836747261272,0,0,0.0,0,0.0,0.0,50.0,0,,,,,,,,,,,,,,,,,,,,,,,,,,,
83,D,step_totals,,,,,,,,,,,,,,,,,,,,,72.40000000000006,6.0,0.08287292817679551,,,0.0,0.0,58.0,0.8011049723756899,0.006677671128692237,0.10344827586206896,0.0,0,6,6,28,12,,19,58,2.4,0.0331491712707182,6.000000000000003,0.08287292817679555,12,30,21
84,D,all_agents,,,40,30,10,0,16,14,0.39858655998693215,0.23147238948462062,0.9758511803725585,0.07854629807512922,483,30,0.75,0,0.0,0.0,32.4,3452,,,,,,,,,,,,,,,,,,,,,,,,,,,
84,D,participants_only,,,30,30,0,0,16,14,0.4576078741144085,0.25720893651638255,0.9758511803725585,0.09043114735635484,483,30,1.0,0,0.0,0.0,26.533333333333335,3452,,,,,,,,,,,,,,,,,,,,,,,,,,,
84,D,nonparticipants_only,,,10,0,10,0,0,0,0.22152261760450317,0.21867510131243212,0.360442321368112,0.001089563975441543,0,0,0.0,0,0.0,0.0,50.0,0,,,,,,,,,,,,,,,,,,,,,,,,,,,
84,D,step_totals,,,,,,,,,,,,,,,,,,,,,70.20000000000007,10.0,0.1424501424501423,,,0.0,0.0,50.0,0.7122507122507115,0.0059213016865534455,0.1,0.0,0,5,38,20,20,,22,50,4.200000000000001,0.05982905982905978,6.000000000000003,0.08547008547008542,21,30,22
85,D,all_agents,,,40,30,10,0,16,14,0.39969115392638516,0.23256004605129554,0.9768171331576562,0.07934904134644823,488,30,0.75,0,0.0,0.0,32.2,3506,,,,,,,,,,,,,,,,,,,,,,,,,,,
85,D,participants_only,,,30,30,0,0,16,14,0.4589525716260756,0.2559228918338006,0.9768171331576562,0.09139965466795925,488,30,1.0,0,0.0,0.0,26.266666666666666,3506,,,,,,,,,,,,,,,,,,,,,,,,,,,
85,D,nonparticipants_only,,,10,0,10,0,0,0,0.22190690082731385,0.21824565414511926,0.3586401097612714,0.0010542138485889715,0,0,0.0,0,0.0,0.0,50.0,0,,,,,,,,,,,,,,,,,,,,,,,,,,,
85,D,step_totals,,,,,,,,,,,,,,,,,,,,,72.40000000000005,6.0,0.08287292817679552,,,0.0,0.0,58.0,0.8011049723756901,0.006876850166656573,0.08620689655172414,0.0,0,5,5,28,12,,19,58,2.4,0.03314917127071821,6.000000000000003,0.08287292817679556,12,30,21
86,D,all_agents,,,40,30,10,0,16,14,0.40047929421176287,0.23281608227971068,0.97774444783135,0.07986812615144516,497,30,0.75,0,0.0,0.0,32.4,3555,,,,,,,,,,,,,,,,,,,,,,,,,,,
86,D,participants_only,,,30,30,0,0,16,14,0.45987609896563897,0.25709010066206694,0.97774444783135,0.09203909159244102,497,30,1.0,0,0.0,0.0,26.533333333333335,3555,,,,,,,,,,,,,,,,,,,,,,,,,,,
86,D,nonparticipants_only,,,10,0,10,0,0,0,0.22228887995013455,0.21753127625351587,0.35684690921246504,0.001019464848816645,0,0,0.0,0,0.0,0.0,50.0,0,,,,,,,,,,,,,,,,,,,,,,,,,,,
86,D,step_totals,,,,,,,,,,,,,,,,,,,,,70.20000000000007,10.0,0.1424501424501423,,,0.0,0.0,50.0,0.7122507122507115,0.0061897171716522445,0.18,0.0,0,9,38,20,20,,22,50,4.200000000000001,0.05982905982905978,6.000000000000003,0.08547008547008542,21,30,22
87,D,all_agents,,,40,30,10,0,16,14,0.4014470596105017,0.2337271544552896,0.978634669918096,0.08061054467638508,506,30,0.75,0,0.0,0.0,32.2,3607,,,,,,,,,,,,,,,,,,,,,,,,,,,
87,D,participants_only,,,30,30,0,0,16,14,0.4610399226685778,0.25580465015875664,0.978634669918096,0.09294693582723325,506,30,1.0,0,0.0,0.0,26.266666666666666,3607,,,,,,,,,,,,,,,,,,,,,,,,,,,
87,D,nonparticipants_only,,,10,0,10,0,0,0,0.2226684704362735,0.21831233157019514,0.35506267466640273,0.0009856592943372812,0,0,0.0,0,0.0,0.0,50.0,0,,,,,,,,,,,,,,,,,,,,,,,,,,,
87,D,step_totals,,,,,,,,,,,,,,,,,,,,,72.40000000000006,6.0,0.08287292817679551,,,0.0,0.0,58.0,0.8011049723756899,0.0064289727486165306,0.15517241379310345,0.0,0,9,5,28,12,,19,58,2.4,0.0331491712707182,6.000000000000003,0.08287292817679555,12,30,21
88,D,all_agents,,,40,30,10,0,16,14,0.40207399989202336,0.23336494753918297,0.9794892831213722,0.08106804180048789,517,30,0.75,0,0.0,0.0,32.4,3653,,,,,,,,,,,,,,,,,,,,,,,,,,,
88,D,participants_only,,,30,30,0,0,16,14,0.46175005775069444,0.255436012778268,0.9794892831213722,0.0935283774058458,517,30,1.0,0,0.0,0.0,26.533333333333335,3653,,,,,,,,,,,,,,,,,,,,,,,,,,,
88,D,nonparticipants_only,,,10,0,10,0,0,0,0.22304582631601028,0.21875620522429073,0.3532873612930707,0.0009522524057967537,0,0,0.0,0,0.0,0.0,50.0,0,,,,,,,,,,,,,,,,,,,,,,,,,,,
88,D,step_totals,,,,,,,,,,,,,,,,,,,,,70.20000000000006,10.0,0.14245014245014234,,,0.0,0.0,50.0,0.7122507122507117,0.005649863596917603,0.22,0.0,0,11,38,20,20,,22,50,4.200000000000001,0.05982905982905979,6.000000000000003,0.08547008547008543,21,30,22
89,D,all_agents,,,40,30,10,0,16,14,0.4029730621176048,0.23345359712426172,0.9803097117965173,0.08180534695168853,527,30,0.75,0,0.0,0.0,32.2,3705,,,,,,,,,,,,,,,,,,,,,,,,,,,
89,D,participants_only,,,30,30,0,0,16,14,0.462823835363518,0.25415883271437667,0.9803097117965173,0.0944386612277248,527,30,1.0,0,0.0,0.0,26.266666666666666,3705,,,,,,,,,,,,,,,,,,,,,,,,,,,
89,D,nonparticipants_only,,,10,0,10,0,0,0,0.22342074237986548,0.2220170703151216,0.3515209244866053,0.0009200234259751937,0,0,0.0,0,0.0,0.0,50.0,0,,,,,,,,,,,,,,,,,,,,,,,,,,,
89,D,step_totals,,,,,,,,,,,,,,,,,,,,,72.40000000000006,6.0,0.08287292817679551,,,0.0,0.0,58.0,0.8011049723756899,0.006205026339391045,0.1724137931034483,0.0,0,10,5,28,12,,19,58,2.4,0.0331491712707182,6.000000000000003,0.08287292817679555,12,30,21
90,D,all_agents,,,40,30,10,0,16,14,0.4035403468148884,0.2324141658391239,0.9810973233246566,0.08221877394940394,533,30,0.75,0,0.0,0.0,32.4,3750,,,,,,,,,,,,,,,,,,,,,,,,,,,
90,D,participants_only,,,30,30,0,0,16,14,0.4634562055907742,0.2533472950394358,0.9810973233246566,0.09496851050649925,533,30,1.0,0,0.0,0.0,26.533333333333335,3750,,,,,,,,,,,,,,,,,,,,,,,,,,,
90,D,nonparticipants_only,,,10,0,10,0,0,0,0.22379277048723084,0.221600357112801,0.3497633198641723,0.0008906426838952096,0,0,0.0,0,0.0,0.0,50.0,0,,,,,,,,,,,,,,,,,,,,,,,,,,,
90,D,step_totals,,,,,,,,,,,,,,,,,,,,,70.20000000000005,10.0,0.14245014245014237,,,0.0,0.0,50.0,0.7122507122507118,0.005455366465989708,0.12,0.0,0,6,38,20,20,,22,50,4.200000000000001,0.059829059829059804,6.000000000000003,0.08547008547008546,21,30,22
90,D,reachability,0.25,0.0,,,,,,,,,,,,,,,,,,,,,,,,,,,,,,,,,,,,,,,,,,,,,
91,D,all_agents,,,40,30,10,0,16,14,0.40450098001345997,0.23220027132802024,0.9816229540456938,0.08296949326450931,540,30,0.75,0,0.0,0.0,32.2,3803,,,,,,,,,,,,,,,,,,,,,,,,,,,
91,D,participants_only,,,30,30,0,0,16,14,0.4646137129223039,0.2520805585642386,0.9816229540456938,0.09588482904829967,540,30,1.0,0,0.0,0.0,26.266666666666666,3803,,,,,,,,,,,,,,,,,,,,,,,,,,,
91,D,nonparticipants_only,,,10,0,10,0,0,0,0.22416278128692793,0.22090716195042545,0.34801450326485145,0.000860998019898031,0,0,0.0,0,0.0,0.0,50.0,0,,,,,,,,,,,,,,,,,,,,,,,,,,,
91,D,step_totals,,,,,,,,,,,,,,,,,,,,,72.40000000000005,6.0,0.08287292817679552,,,0.0,0.0,58.0,0.8011049723756901,0.006411891072028117,0.1206896551724138,0.0,0,7,5,28,12,,19,58,2.4,0.03314917127071821,6.000000000000003,0.08287292817679556,12,30,21
92,D,all_agents,,,40,30,10,0,16,14,0.4050462330634371,0.23191006272654013,0.982358035883866,0.0833446840085275,551,30,0.75,0,0.0,0.0,32.4,3848,,,,,,,,,,,,,,,,,,,,,,,,,,,
92,D,participants_only,,,30,30,0,0,16,14,0.4652181074098702,0.2519806571489341,0.982358035883866,0.09636637129888881,551,30,1.0,0,0.0,0.0,26.533333333333335,3848,,,,,,,,,,,,,,,,,,,,,,,,,,,
92,D,nonparticipants_only,,,10,0,10,0,0,0,0.224530610024138,0.2216650574192431,0.3462744307485272,0.0008317685890884901,0,0,0.0,0,0.0,0.0,50.0,0,,,,,,,,,,,,,,,,,,,,,,,,,,,
92,D,step_totals,,,,,,,,,,,,,,,,,,,,,70.20000000000007,10.0,0.1424501424501423,,,0.0,0.0,50.0,0.7122507122507115,0.005392386409763773,0.22,0.0,0,11,38,20,20,,22,50,4.200000000000001,0.05982905982905978,6.000000000000003,0.08547008547008542,21,30,22
93,D,all_agents,,,40,30,10,0,16,14,0.40579539264878034,0.23293409125184528,0.9830637144485114,0.0840317725578742,560,30,0.75,0,0.0,0.0,32.2,3897,,,,,,,,,,,,,,,,,,,,,,,,,,,
93,D,participants_only,,,30,30,0,0,16,14,0.46609511564043565,0.25072075386318937,0.9830637144485114,0.09723044253232227,560,30,1.0,0,0.0,0.0,26.266666666666666,3897,,,,,,,,,,,,,,,,,,,,,,,,,,,
93,D,nonparticipants_only,,,10,0,10,0,0,0,0.2248962236738144,0.2220957693342415,0.34454305859478457,0.0008030835200856076,0,0,0.0,0,0.0,0.0,50.0,0,,,,,,,,,,,,,,,,,,,,,,,,,,,
93,D,step_totals,,,,,,,,,,,,,,,,,,,,,72.40000000000005,6.0,0.08287292817679552,,,0.0,0.0,58.0,0.8011049723756901,0.005713712680310193,0.15517241379310345,0.0,0,9,5,28,12,,19,58,2.4,0.03314917127071821,6.000000000000003,0.08287292817679556,12,30,21
94,D,all_agents,,,40,30,10,0,16,14,0.40631939995174177,0.23256326160526944,0.9837411658705709,0.0844048825639884,561,30,0.75,0,0.0,0.0,32.4,3943,,,,,,,,,,,,,,,,,,,,,,,,,,,
94,D,participants_only,,,30,30,0,0,16,14,0.4666727068697828,0.2512147277992288,0.9837411658705709,0.09771126193852156,561,30,1.0,0,0.0,0.0,26.533333333333335,3943,,,,,,,,,,,,,,,,,,,,,,,,,,,
94,D,nonparticipants_only,,,10,0,10,0,0,0,0.2252594791976188,0.22525994327172105,0.34282034330181066,0.0007754845690698752,0,0,0.0,0,0.0,0.0,50.0,0,,,,,,,,,,,,,,,,,,,,,,,,,,,
94,D,step_totals,,,,,,,,,,,,,,,,,,,,,70.20000000000006,10.0,0.14245014245014234,,,0.0,0.0,50.0,0.7122507122507117,0.005328181045306638,0.02,0.0,0,1,38,20,20,,22,50,4.200000000000001,0.05982905982905979,6.000000000000003,0.08547008547008543,21,30,22
95,D,all_agents,,,40,30,10,0,16,14,0.40721103064102465,0.23312648639080336,0.9843915192357481,0.08516976917565826,573,30,0.75,0,0.0,0.0,32.2,3998,,,,,,,,,,,,,,,,,,,,,,,,,,,
95,D,participants_only,,,30,30,0,0,16,14,0.4677413602024012,0.24995865416023266,0.9843915192357481,0.09865394025155917,573,30,1.0,0,0.0,0.0,26.266666666666666,3998,,,,,,,,,,,,,,,,,,,,,,,,,,,
95,D,nonparticipants_only,,,10,0,10,0,0,0,0.22562004195689483,0.2248555864469342,0.3411062415853016,0.0007502063862491966,0,0,0.0,0,0.0,0.0,50.0,0,,,,,,,,,,,,,,,,,,,,,,,,,,,
95,D,step_totals,,,,,,,,,,,,,,,,,,,,,72.40000000000006,6.0,0.08287292817679551,,,0.0,0.0,58.0,0.8011049723756899,0.006188080689400643,0.20689655172413793,0.0,0,12,5,28,12,,19,58,2.4,0.0331491712707182,6.000000000000003,0.08287292817679555,12,30,21
96,D,all_agents,,,40,30,10,0,16,14,0.4077895193851097,0.23267377785685775,0.9850158584663181,0.08556379719943116,581,30,0.75,0,0.0,0.0,32.4,4046,,,,,,,,,,,,,,,,,,,,,,,,,,,
96,D,participants_only,,,30,30,0,0,16,14,0.4683932604915483,0.2487088608894315,0.9850158584663181,0.09915183616806904,581,30,1.0,0,0.0,0.0,26.533333333333335,4046,,,,,,,,,,,,,,,,,,,,,,,,,,,
96,D,nonparticipants_only,,,10,0,10,0,0,0,0.22597829606579417,0.22418294590361854,0.3394007103773751,0.0007259190603628076,0,0,0.0,0,0.0,0.0,50.0,0,,,,,,,,,,,,,,,,,,,,,,,,,,,
96,D,step_totals,,,,,,,,,,,,,,,,,,,,,70.20000000000006,10.0,0.14245014245014234,,,0.0,0.0,50.0,0.7122507122507117,0.005524227120470505,0.16,0.0,0,8,38,20,20,,22,50,4.200000000000001,0.05982905982905979,6.000000000000003,0.08547008547008543,21,30,21
97,D,all_agents,,,40,30,10,0,16,14,0.4086330887288251,0.23304591233034144,0.9856152241276654,0.08628173241143447,586,30,0.75,0,0.0,0.0,32.2,4100,,,,,,,,,,,,,,,,,,,,,,,,,,,
97,D,participants_only,,,30,30,0,0,16,14,0.4693992534047698,0.24746531658498433,0.9856152241276654,0.10003840435598692,586,30,1.0,0,0.0,0.0,26.266666666666666,4100,,,,,,,,,,,,,,,,,,,,,,,,,,,
97,D,nonparticipants_only,,,10,0,10,0,0,0,0.22633459470099104,0.22491836826025327,0.3377037068254882,0.0007013953446887568,0,0,0.0,0,0.0,0.0,50.0,0,,,,,,,,,,,,,,,,,,,,,,,,,,,
97,D,step_totals,,,,,,,,,,,,,,,,,,,,,72.60000000000005,6.0,0.0826446280991735,,,0.0,0.0,58.0,0.7988980716253438,0.006016153599338645,0.08620689655172414,0.0,0,5,5,28,12,,19,58,2.6,0.03581267217630851,6.000000000000003,0.08264462809917353,13,30,21
98,D,all_agents,,,40,30,10,0,16,14,0.40910101666471654,0.2322626461686568,0.9861906151625588,0.0866128653516391,595,30,0.75,0,0.0,0.0,32.4,4145,,,,,,,,,,,,,,,,,,,,,,,,,,,
98,D,participants_only,,,30,30,0,0,16,14,0.4699050638827617,0.24622799000205942,0.9861906151625588,0.10046965202290829,595,30,1.0,0,0.0,0.0,26.533333333333335,4145,,,,,,,,,,,,,,,,,,,,,,,,,,,
98,D,nonparticipants_only,,,10,0,10,0,0,0,0.22668887501058116,0.22533630870796817,0.3360151882913608,0.0006769194407004342,0,0,0.0,0,0.0,0.0,50.0,0,,,,,,,,,,,,,,,,,,,,,,,,,,,
98,D,step_totals,,,,,,,,,,,,,,,,,,,,,70.20000000000006,10.0,0.14245014245014234,,,0.0,0.0,50.0,0.7122507122507117,0.005156979446125929,0.18,0.0,0,9,38,20,20,,22,50,4.200000000000001,0.05982905982905979,6.000000000000003,0.08547008547008543,21,30,21
99,D,all_agents,,,40,30,10,0,16,14,0.4098990473807504,0.2328487341917828,0.9867429905560564,0.08731926935069349,600,30,0.75,0,0.0,0.0,32.2,4198,,,,,,,,,,,,,,,,,,,,,,,,,,,
99,D,participants_only,,,30,30,0,0,16,14,0.4708517891723315,0.24499685005204913,0.9867429905560564,0.10134686307163847,600,30,1.0,0,0.0,0.0,26.266666666666666,4198,,,,,,,,,,,,,,,,,,,,,,,,,,,
99,D,nonparticipants_only,,,10,0,10,0,0,0,0.2270408220060072,0.22763981832939167,0.334335112349904,0.0006536474049247355,0,0,0.0,0,0.0,0.0,50.0,0,,,,,,,,,,,,,,,,,,,,,,,,,,,
99,D,step_totals,,,,,,,,,,,,,,,,,,,,,72.40000000000005,6.0,0.08287292817679552,,,0.0,0.0,58.0,0.8011049723756901,0.005890875336972123,0.08620689655172414,0.0,0,5,5,28,12,,19,58,2.4,0.03314917127071821,6.000000000000003,0.08287292817679556,12,30,21
100,D,all_agents,,,40,30,10,0,16,14,0.41044044311844136,0.23261433389925085,0.9872732709338141,0.08769964453104497,605,30,0.75,0,0.0,0.0,32.4,4247,,,,,,,,,,,,,,,,,,,,,,,,,,,
100,D,participants_only,,,30,30,0,0,16,14,0.4714571630252475,0.24397178882558934,0.9872732709338141,0.10182998081450578,605,30,1.0,0,0.0,0.0,26.533333333333335,4247,,,,,,,,,,,,,,,,,,,,,,,,,,,
100,D,nonparticipants_only,,,10,0,10,0,0,0,0.22739028339802295,0.22763435624531403,0.33266343678815447,0.0006321543824349186,0,0,0.0,0,0.0,0.0,50.0,0,,,,,,,,,,,,,,,,,,,,,,,,,,,
100,D,step_totals,,,,,,,,,,,,,,,,,,,,,70.20000000000006,10.0,0.14245014245014234,,,0.0,0.0,50.0,0.7122507122507117,0.005416253934788772,0.1,0.0,0,5,38,20,20,,22,50,4.200000000000001,0.05982905982905979,6.000000000000003,0.08547008547008543,21,30,20
100,D,reachability,0.25,0.0,,,,,,,,,,,,,,,,,,,,,,,,,,,,,,,,,,,,,,,,,,,,,
101,D,all_agents,,,40,30,10,0,16,14,0.4111428266114388,0.23329201329362811,0.9877823400964616,0.08837896943661055,610,30,0.75,0,0.0,0.0,32.2,4300,,,,,,,,,,,,,,,,,,,,,,,,,,,
101,D,participants_only,,,30,30,0,0,16,14,0.4722779177666133,0.24275192988146138,0.9877823400964616,0.10268482669596166,610,30,1.0,0,0.0,0.0,26.266666666666666,4300,,,,,,,,,,,,,,,,,,,,,,,,,,,
101,D,nonparticipants_only,,,10,0,10,0,0,0,0.22773755314591523,0.2271232556136107,0.3310001196042137,0.0006114052119392859,0,0,0.0,0,0.0,0.0,50.0,0,,,,,,,,,,,,,,,,,,,,,,,,,,,
101,D,step_totals,,,,,,,,,,,,,,,,,,,,,72.40000000000006,6.0,0.08287292817679551,,,0.0,0.0,58.0,0.8011049723756899,0.005575848215221814,0.08620689655172414,0.0,0,5,5,28,12,,19,58,2.4,0.0331491712707182,6.000000000000003,0.08287292817679555,12,30,21
102,D,all_agents,,,40,30,10,0,16,14,0.41164640529914903,0.23381701913673716,0.9882710464926031,0.08873893883701364,620,30,0.75,0,0.0,0.0,32.4,4347,,,,,,,,,,,,,,,,,,,,,,,,,,,
102,D,participants_only,,,30,30,0,0,16,14,0.4728343486315004,0.2421102890548375,0.9882710464926031,0.10314550473090385,620,30,1.0,0,0.0,0.0,26.533333333333335,4347,,,,,,,,,,,,,,,,,,,,,,,,,,,
102,D,nonparticipants_only,,,10,0,10,0,0,0,0.22808257530209486,0.2269659854762178,0.3293451190061926,0.0005916682444264843,0,0,0.0,0,0.0,0.0,50.0,0,,,,,,,,,,,,,,,,,,,,,,,,,,,
102,D,step_totals,,,,,,,,,,,,,,,,,,,,,70.20000000000006,10.0,0.14245014245014234,,,0.0,0.0,50.0,0.7122507122507117,0.00529363108817756,0.2,0.0,0,10,38,20,20,,22,50,4.200000000000001,0.05982905982905979,6.000000000000003,0.08547008547008543,21,30,20
103,D,all_agents,,,40,30,10,0,16,14,0.41248615753983675,0.2335459147497767,0.988740204632899,0.08947507045471988,628,30,0.75,0,0.0,0.0,32.2,4402,,,,,,,,,,,,,,,,,,,,,,,,,,,
103,D,participants_only,,,30,30,0,0,16,14,0.4738395905359266,0.24114320718030668,0.988740204632899,0.1040527380605011,628,30,1.0,0,0.0,0.0,26.266666666666666,4402,,,,,,,,,,,,,,,,,,,,,,,,,,,
103,D,nonparticipants_only,,,10,0,10,0,0,0,0.22842585855156725,0.2269348358867529,0.32769839341116164,0.000571142752508001,0,0,0.0,0,0.0,0.0,50.0,0,,,,,,,,,,,,,,,,,,,,,,,,,,,
103,D,step_totals,,,,,,,,,,,,,,,,,,,,,72.40000000000006,6.0,0.08287292817679551,,,0.0,0.0,58.0,0.8011049723756899,0.006033263634896915,0.13793103448275862,0.0,0,8,5,28,12,,19,58,2.4,0.0331491712707182,6.000000000000003,0.08287292817679555,12,30,21
104,D,all_agents,,,40,30,10,0,16,14,0.4128699296147559,0.2336325433256879,0.9891905964475831,0.08976045807822894,632,30,0.75,0,0.0,0.0,32.4,4448,,,,,,,,,,,,,,,,,,,,,,,,,,,
104,D,participants_only,,,30,30,0,0,16,14,0.4742375314699468,0.24135951813247175,0.9891905964475831,0.10443304681232259,632,30,1.0,0,0.0,0.0,26.533333333333335,4448,,,,,,,,,,,,,,,,,,,,,,,,,,,
104,D,nonparticipants_only,,,10,0,10,0,0,0,0.22876712404918342,0.2273383558282609,0.32605990144410585,0.0005509011864613015,0,0,0.0,0,0.0,0.0,50.0,0,,,,,,,,,,,,,,,,,,,,,,,,,,,
104,D,step_totals,,,,,,,,,,,,,,,,,,,,,70.20000000000006,10.0,0.14245014245014234,,,0.0,0.0,50.0,0.7122507122507117,0.004893609504918737,0.08,0.0,0,4,38,20,20,,22,50,4.200000000000001,0.05982905982905979,6.000000000000003,0.08547008547008543,21,30,20
105,D,all_agents,,,40,30,10,0,16,14,0.41355072979347707,0.23307747392448186,0.9896229725896798,0.09042825662454254,646,30,0.75,0,0.0,0.0,32.2,4501,,,,,,,,,,,,,,,,,,,,,,,,,,,
105,D,participants_only,,,30,30,0,0,16,14,0.4750323023325391,0.24083060479077506,0.9896229725896798,0.10527365441082176,646,30,1.0,0,0.0,0.0,26.266666666666666,4501,,,,,,,,,,,,,,,,,,,,,,,,,,,
105,D,nonparticipants_only,,,10,0,10,0,0,0,0.22910601217629079,0.22956238576549745,0.3244296019368853,0.0005322581231934593,0,0,0.0,0,0.0,0.0,50.0,0,,,,,,,,,,,,,,,,,,,,,,,,,,,
105,D,step_totals,,,,,,,,,,,,,,,,,,,,,72.60000000000007,6.0,0.08264462809917347,,,0.0,0.0,58.0,0.7988980716253437,0.005491874848456742,0.2413793103448276,0.0,0,14,5,28,12,,17,58,2.6,0.035812672176308506,6.000000000000003,0.08264462809917351,13,30,19
106,D,all_agents,,,40,30,10,0,16,14,0.41399901764153985,0.23356011376569413,0.9900380536860927,0.09075938464541636,650,30,0.75,0,0.0,0.0,32.4,4550,,,,,,,,,,,,,,,,,,,,,,,,,,,
106,D,participants_only,,,30,30,0,0,16,14,0.47551771210073096,0.24018449321336327,0.9900380536860927,0.10570306111743577,650,30,1.0,0,0.0,0.0,26.533333333333335,4550,,,,,,,,,,,,,,,,,,,,,,,,,,,
106,D,nonparticipants_only,,,10,0,10,0,0,0,0.22944293426396659,0.2295571121437181,0.3228074539272009,0.0005137580137984334,0,0,0.0,0,0.0,0.0,50.0,0,,,,,,,,,,,,,,,,,,,,,,,,,,,
106,D,step_totals,,,,,,,,,,,,,,,,,,,,,70.20000000000007,10.0,0.1424501424501423,,,0.0,0.0,50.0,0.7122507122507115,0.005121120050174374,0.08,0.0,0,4,38,20,20,,22,50,4.200000000000001,0.05982905982905978,6.000000000000003,0.08547008547008542,21,30,20
107,D,all_agents,,,40,30,10,0,16,14,0.4147006356739778,0.23306904553098529,0.990436531538649,0.09143491156120738,658,30,0.75,0,0.0,0.0,32.2,4604,,,,,,,,,,,,,,,,,,,,,,,,,,,
107,D,participants_only,,,30,30,0,0,16,14,0.47634170200846465,0.23994456071890075,0.990436531538649,0.10654905124023883,658,30,1.0,0,0.0,0.0,26.266666666666666,4604,,,,,,,,,,,,,,,,,,,,,,,,,,,
107,D,nonparticipants_only,,,10,0,10,0,0,0,0.22977743667051714,0.2290636463924675,0.3211934166575649,0.000497039817881673,0,0,0.0,0,0.0,0.0,50.0,0,,,,,,,,,,,,,,,,,,,,,,,,,,,
107,D,step_totals,,,,,,,,,,,,,,,,,,,,,72.40000000000006,6.0,0.08287292817679551,,,0.0,0.0,58.0,0.8011049723756899,0.005579517655476876,0.13793103448275862,0.0,0,8,5,28,12,,17,58,2.4,0.0331491712707182,6.000000000000003,0.08287292817679555,12,30,20
108,D,all_agents,,,40,30,10,0,16,14,0.4150850288761145,0.23394272355459744,0.990819070277103,0.09172739828862768,667,30,0.75,0,0.0,0.0,32.4,4652,,,,,,,,,,,,,,,,,,,,,,,,,,,
108,D,participants_only,,,30,30,0,0,16,14,0.47674341130034126,0.24030750516991267,0.990819070277103,0.10693588361596733,667,30,1.0,0,0.0,0.0,26.533333333333335,4652,,,,,,,,,,,,,,,,,,,,,,,,,,,
108,D,nonparticipants_only,,,10,0,10,0,0,0,0.2301098816034343,0.2289118026621258,0.3195874495742771,0.0004808688285424219,0,0,0.0,0,0.0,0.0,50.0,0,,,,,,,,,,,,,,,,,,,,,,,,,,,
108,D,step_totals,,,,,,,,,,,,,,,,,,,,,70.20000000000007,10.0,0.1424501424501423,,,0.0,0.0,50.0,0.7122507122507115,0.004910792259897728,0.18,0.0,0,9,38,20,20,,22,50,4.200000000000001,0.05982905982905978,6.000000000000003,0.08547008547008542,21,30,20
109,D,all_agents,,,40,30,10,0,16,14,0.415775940309604,0.2349197321505837,0.9911863074660189,0.0924149678720499,676,30,0.75,0,0.0,0.0,32.2,4708,,,,,,,,,,,,,,,,,,,,,,,,,,,
109,D,participants_only,,,30,30,0,0,16,14,0.47755436360850967,0.24053449296720542,0.9911863074660189,0.10779904484304494,676,30,1.0,0,0.0,0.0,26.266666666666666,4708,,,,,,,,,,,,,,,,,,,,,,,,,,,
109,D,nonparticipants_only,,,10,0,10,0,0,0,0.23044067041288688,0.22888172784982272,0.3179895123264057,0.0004638539354795504,0,0,0.0,0,0.0,0.0,50.0,0,,,,,,,,,,,,,,,,,,,,,,,,,,,
109,D,step_totals,,,,,,,,,,,,,,,,,,,,,72.40000000000005,6.0,0.08287292817679552,,,0.0,0.0,58.0,0.8011049723756901,0.005545987781124512,0.15517241379310345,0.0,0,9,5,28,12,,17,58,2.4,0.03314917127071821,6.000000000000003,0.08287292817679556,12,30,20
110,D,all_agents,,,40,30,10,0,16,14,0.41617335049129306,0.2342610863654379,0.9915388551673782,0.09271184436510832,684,30,0.75,0,0.0,0.0,32.4,4757,,,,,,,,,,,,,,,,,,,,,,,,,,,
110,D,participants_only,,,30,30,0,0,16,14,0.4779747105344846,0.23992856411283686,0.9915388551673782,0.10818884044012143,684,30,1.0,0,0.0,0.0,26.533333333333335,4757,,,,,,,,,,,,,,,,,,,,,,,,,,,
110,D,nonparticipants_only,,,10,0,10,0,0,0,0.2307692703617185,0.22927132484644008,0.31639956476477366,0.0004479589018106823,0,0,0.0,0,0.0,0.0,50.0,0,,,,,,,,,,,,,,,,,,,,,,,,,,,
110,D,step_totals,,,,,,,,,,,,,,,,,,,,,70.20000000000006,10.0,0.14245014245014234,,,0.0,0.0,50.0,0.7122507122507117,0.0049641620109362955,0.16,0.0,0,8,38,20,20,,22,50,4.200000000000001,0.05982905982905979,6.000000000000003,0.08547008547008543,21,30,20
110,D,reachability,0.25,0.0,,,,,,,,,,,,,,,,,,,,,,,,,,,,,,,,,,,,,,,,,,,,,
111,D,all_agents,,,40,30,10,0,16,14,0.41680569403256434,0.23353695676431002,0.991877300960683,0.09339215363942309,689,30,0.75,0,0.0,0.0,32.2,4812,,,,,,,,,,,,,,,,,,,,,,,,,,,
111,D,participants_only,,,30,30,0,0,16,14,0.4787089267372927,0.2410072370894148,0.991877300960683,0.10905080264392014,689,30,1.0,0,0.0,0.0,26.266666666666666,4812,,,,,,,,,,,,,,,,,,,,,,,,,,,
111,D,nonparticipants_only,,,10,0,10,0,0,0,0.2310959959183794,0.23141861744540376,0.3148175669409498,0.0004320839943829719,0,0,0.0,0,0.0,0.0,50.0,0,,,,,,,,,,,,,,,,,,,,,,,,,,,
111,D,step_totals,,,,,,,,,,,,,,,,,,,,,72.40000000000006,6.0,0.08287292817679551,,,0.0,0.0,58.0,0.8011049723756899,0.005353617321005345,0.08620689655172414,0.0,0,5,5,28,12,,18,58,2.4,0.0331491712707182,6.000000000000003,0.08287292817679555,12,30,20
112,D,all_agents,,,40,30,10,0,16,14,0.4171345380268728,0.23381050351405383,0.9922022089222557,0.09364974552939541,700,30,0.75,0,0.0,0.0,32.4,4859,,,,,,,,,,,,,,,,,,,,,,,,,,,
112,D,participants_only,,,30,30,0,0,16,14,0.47903920782574677,0.24123609298209336,0.9922022089222557,0.10939844898228657,700,30,1.0,0,0.0,0.0,26.533333333333335,4859,,,,,,,,,,,,,,,,,,,,,,,,,,,
112,D,nonparticipants_only,,,10,0,10,0,0,0,0.23142052863025092,0.2314135257832697,0.31324347910624506,0.00041737745583050244,0,0,0.0,0,0.0,0.0,50.0,0,,,,,,,,,,,,,,,,,,,,,,,,,,,
112,D,step_totals,,,,,,,,,,,,,,,,,,,,,70.20000000000007,10.0,0.1424501424501423,,,0.0,0.0,50.0,0.7122507122507115,0.004737056654560986,0.22,0.0,0,11,38,20,20,,22,50,4.200000000000001,0.05982905982905978,6.000000000000003,0.08547008547008542,21,30,20
113,D,all_agents,,,40,30,10,0,16,14,0.41761275804659476,0.2340647942449237,0.9925141205653655,0.0942299635205102,707,30,0.75,0,0.0,0.0,32.2,4911,,,,,,,,,,,,,,,,,,,,,,,,,,,
113,D,participants_only,,,30,30,0,0,16,14,0.479569399265226,0.24161570232288915,0.9925141205653655,0.11015079114349739,707,30,1.0,0,0.0,0.0,26.266666666666666,4911,,,,,,,,,,,,,,,,,,,,,,,,,,,
113,D,nonparticipants_only,,,10,0,10,0,0,0,0.2317428343907012,0.2309370864432404,0.31167726171071386,0.00040397595841835926,0,0,0.0,0,0.0,0.0,50.0,0,,,,,,,,,,,,,,,,,,,,,,,,,,,
113,D,step_totals,,,,,,,,,,,,,,,,,,,,,72.40000000000005,6.0,0.08287292817679552,,,0.0,0.0,58.0,0.8011049723756901,0.004843569704638394,0.1206896551724138,0.0,0,7,5,28,12,,18,58,2.4,0.03314917127071821,6.000000000000003,0.08287292817679556,12,30,20
114,D,all_agents,,,40,30,10,0,16,14,0.41796390146575,0.23437621737514286,0.9928135557427509,0.09449453582787555,714,30,0.75,0,0.0,0.0,32.4,4959,,,,,,,,,,,,,,,,,,,,,,,,,,,
114,D,participants_only,,,30,30,0,0,16,14,0.47993081002479937,0.24046731592973533,0.9928135557427509,0.11050278314403283,714,30,1.0,0,0.0,0.0,26.533333333333335,4959,,,,,,,,,,,,,,,,,,,,,,,,,,,
114,D,nonparticipants_only,,,10,0,10,0,0,0,0.23206317578860203,0.2307904818886421,0.31011887540216027,0.000391020803016693,0,0,0.0,0,0.0,0.0,50.0,0,,,,,,,,,,,,,,,,,,,,,,,,,,,
114,D,step_totals,,,,,,,,,,,,,,,,,,,,,70.20000000000006,10.0,0.14245014245014234,,,0.0,0.0,50.0,0.7122507122507117,0.004818073184448739,0.14,0.0,0,7,38,20,20,,22,50,4.200000000000001,0.05982905982905979,6.000000000000003,0.08547008547008543,21,30,20
115,D,all_agents,,,40,30,10,0,16,14,0.41845916944995104,0.2355605183711769,0.9931010135130408,0.09507033177921739,721,30,0.75,0,0.0,0.0,32.2,5011,,,,,,,,,,,,,,,,,,,,,,,,,,,
115,D,participants_only,,,30,30,0,0,16,14,0.48048499772444475,0.24063443455827713,0.9931010135130408,0.11124560495568324,721,30,1.0,0,0.0,0.0,26.266666666666666,5011,,,,,,,,,,,,,,,,,,,,,,,,,,,
115,D,nonparticipants_only,,,10,0,10,0,0,0,0.23238168462646977,0.23076144476967514,0.30856828102514944,0.0003780717721759921,0,0,0.0,0,0.0,0.0,50.0,0,,,,,,,,,,,,,,,,,,,,,,,,,,,
115,D,step_totals,,,,,,,,,,,,,,,,,,,,,72.40000000000006,6.0,0.08287292817679551,,,0.0,0.0,58.0,0.8011049723756899,0.004901834860646144,0.1206896551724138,0.0,0,7,5,28,12,,18,58,2.4,0.0331491712707182,6.000000000000003,0.08287292817679555,12,30,20
116,D,all_agents,,,40,30,10,0,16,14,0.41885542829290856,0.23587265375620403,0.9933769729725191,0.09532953452507635,729,30,0.75,0,0.0,0.0,32.4,5060,,,,,,,,,,,,,,,,,,,,,,,,,,,
116,D,participants_only,,,30,30,0,0,16,14,0.4809077415214354,0.24010038796186947,0.9933769729725191,0.11158251073149236,729,30,1.0,0,0.0,0.0,26.533333333333335,5060,,,,,,,,,,,,,,,,,,,,,,,,,,,
116,D,nonparticipants_only,,,10,0,10,0,0,0,0.23269848860732806,0.2311375992149945,0.3070254396200237,0.0003647309816938551,0,0,0.0,0,0.0,0.0,50.0,0,,,,,,,,,,,,,,,,,,,,,,,,,,,
116,D,step_totals,,,,,,,,,,,,,,,,,,,,,70.20000000000007,10.0,0.1424501424501423,,,0.0,0.0,50.0,0.7122507122507115,0.0049779461215450245,0.16,0.0,0,8,38,20,20,,22,50,4.200000000000001,0.05982905982905978,6.000000000000003,0.08547008547008542,21,30,20
117,D,all_agents,,,40,30,10,0,16,14,0.4193884409130961,0.2350909177203298,0.9936418940536184,0.09595245044770949,740,30,0.75,0,0.0,0.0,32.2,5113,,,,,,,,,,,,,,,,,,,,,,,,,,,
117,D,participants_only,,,30,30,0,0,16,14,0.48151352222522714,0.23984373403739062,0.9936418940536184,0.11238102872870566,740,30,1.0,0,0.0,0.0,26.266666666666666,5113,,,,,,,,,,,,,,,,,,,,,,,,,,,
117,D,nonparticipants_only,,,10,0,10,0,0,0,0.23301319697670309,0.2332108022004244,0.3054903124219236,0.00035240686825429424,0,0,0.0,0,0.0,0.0,50.0,0,,,,,,,,,,,,,,,,,,,,,,,,,,,
117,D,step_totals,,,,,,,,,,,,,,,,,,,,,72.60000000000007,6.0,0.08264462809917347,,,0.0,0.0,58.0,0.7988980716253437,0.005015505516316549,0.1896551724137931,0.0,0,11,5,28,12,,18,58,2.6,0.035812672176308506,6.000000000000003,0.08264462809917351,13,30,20
118,D,all_agents,,,40,30,10,0,16,14,0.41970619703603274,0.23522815609892228,0.9938962182914737,0.09615954063856239,748,30,0.75,0,0.0,0.0,32.4,5159,,,,,,,,,,,,,,,,,,,,,,,,,,,
118,D,participants_only,,,30,30,0,0,16,14,0.481832964655869,0.23926479696119413,0.9938962182914737,0.11266017647131557,748,30,1.0,0,0.0,0.0,26.533333333333335,5159,,,,,,,,,,,,,,,,,,,,,,,,,,,
118,D,nonparticipants_only,,,10,0,10,0,0,0,0.23332589417652402,0.23320588621964833,0.303962860859814,0.00034081008163323466,0,0,0.0,0,0.0,0.0,50.0,0,,,,,,,,,,,,,,,,,,,,,,,,,,,
118,D,step_totals,,,,,,,,,,,,,,,,,,,,,70.00000000000007,10.0,0.1428571428571427,,,0.0,0.0,50.0,0.7142857142857135,0.00472926363793796,0.16,0.0,0,8,37,20,20,,22,50,4.000000000000001,0.0571428571428571,6.000000000000003,0.08571428571428566,20,30,20
119,D,all_agents,,,40,30,10,0,16,14,0.4202250635366351,0.23491962772269404,0.9941403695598148,0.09677535001472144,752,30,0.75,0,0.0,0.0,32.2,5213,,,,,,,,,,,,,,,,,,,,,,,,,,,
119,D,participants_only,,,30,30,0,0,16,14,0.48242126380247563,0.23973479670734799,0.9941403695598148,0.11345019934561094,752,30,1.0,0,0.0,0.0,26.266666666666666,5213,,,,,,,,,,,,,,,,,,,,,,,,,,,
119,D,nonparticipants_only,,,10,0,10,0,0,0,0.23363646273911354,0.23274588581606953,0.3024430465555149,0.00033039409195046663,0,0,0.0,0,0.0,0.0,50.0,0,,,,,,,,,,,,,,,,,,,,,,,,,,,
119,D,step_totals,,,,,,,,,,,,,,,,,,,,,72.40000000000005,6.0,0.08287292817679552,,,0.0,0.0,58.0,0.8011049723756901,0.004983394136161573,0.06896551724137931,0.0,0,4,5,28,12,,18,58,2.4,0.03314917127071821,6.000000000000003,0.08287292817679556,12,30,20
120,D,all_agents,,,40,30,10,0,16,14,0.4204839165506104,0.2352864626129657,0.9943747547774222,0.09697568662688687,759,30,0.75,0,0.0,0.0,32.4,5258,,,,,,,,,,,,,,,,,,,,,,,,,,,
120,D,participants_only,,,30,30,0,0,16,14,0.48266358604234083,0.24003048684086142,0.9943747547774222,0.11372860308884618,759,30,1.0,0,0.0,0.0,26.533333333333335,5258,,,,,,,,,,,,,,,,,,,,,,,,,,,
120,D,nonparticipants_only,,,10,0,10,0,0,0,0.23394490807541904,0.2326043396660863,0.30093083132273735,0.000321201663798883,0,0,0.0,0,0.0,0.0,50.0,0,,,,,,,,,,,,,,,,,,,,,,,,,,,
120,D,step_totals,,,,,,,,,,,,,,,,,,,,,70.00000000000007,10.0,0.1428571428571427,,,0.0,0.0,50.0,0.7142857142857135,0.004532736749944863,0.14,0.0,0,7,37,20,20,,22,50,4.000000000000001,0.0571428571428571,6.000000000000003,0.08571428571428566,20,30,20
120,D,reachability,0.25,0.0,,,,,,,,,,,,,,,,,,,,,,,,,,,,,,,,,,,,,,,,,,,,,
121,D,all_agents,,,40,30,10,0,16,14,0.4209972845658181,0.23495953394647887,0.9945997645863254,0.09760045904312697,768,30,0.75,0,0.0,0.0,32.2,5314,,,,,,,,,,,,,,,,,,,,,,,,,,,
121,D,participants_only,,,30,30,0,0,16,14,0.4832457192675384,0.23935167318344092,0.9945997645863254,0.1145309440745579,768,30,1.0,0,0.0,0.0,26.266666666666666,5314,,,,,,,,,,,,,,,,,,,,,,,,,,,
121,D,nonparticipants_only,,,10,0,10,0,0,0,0.23425198046065723,0.23257630443616018,0.2994261771661237,0.00031059247506220127,0,0,0.0,0,0.0,0.0,50.0,0,,,,,,,,,,,,,,,,,,,,,,,,,,,
121,D,step_totals,,,,,,,,,,,,,,,,,,,,,72.60000000000005,6.0,0.0826446280991735,,,0.0,0.0,58.0,0.7988980716253438,0.004952224021429532,0.15517241379310345,0.0,0,9,5,28,12,,16,58,2.6,0.03581267217630851,6.000000000000003,0.08264462809917353,13,30,18
122,D,all_agents,,,40,30,10,0,16,14,0.4212388856575117,0.2368849901512186,0.9948157740028724,0.09779043883112808,772,30,0.75,0,0.0,0.0,32.4,5362,,,,,,,,,,,,,,,,,,,,,,,,,,,
122,D,participants_only,,,30,30,0,0,16,14,0.48346613774051306,0.23881503124922263,0.9948157740028724,0.1147981378783515,772,30,1.0,0,0.0,0.0,26.533333333333335,5362,,,,,,,,,,,,,,,,,,,,,,,,,,,
122,D,nonparticipants_only,,,10,0,10,0,0,0,0.23455712940850795,0.23293948014840138,0.29792904628029304,0.00030057086784120635,0,0,0.0,0,0.0,0.0,50.0,0,,,,,,,,,,,,,,,,,,,,,,,,,,,
122,D,step_totals,,,,,,,,,,,,,,,,,,,,,70.00000000000007,10.0,0.1428571428571427,,,0.0,0.0,50.0,0.7142857142857135,0.0044799950073267205,0.08,0.0,0,4,37,20,20,,22,50,4.000000000000001,0.0571428571428571,6.000000000000003,0.08571428571428566,20,30,20
123,D,all_agents,,,40,30,10,0,16,14,0.4217651505885078,0.23644624427479,0.9950231430427574,0.09842775905041272,783,30,0.75,0,0.0,0.0,32.2,5419,,,,,,,,,,,,,,,,,,,,,,,,,,,
123,D,participants_only,,,30,30,0,0,16,14,0.48406671859868017,0.238580872347869,0.9950231430427574,0.11561412455959329,783,30,1.0,0,0.0,0.0,26.266666666666666,5419,,,,,,,,,,,,,,,,,,,,,,,,,,,
123,D,nonparticipants_only,,,10,0,10,0,0,0,0.23486044655799057,0.23494114988864534,0.29643940104889155,0.00029083800455740667,0,0,0.0,0,0.0,0.0,50.0,0,,,,,,,,,,,,,,,,,,,,,,,,,,,
123,D,step_totals,,,,,,,,,,,,,,,,,,,,,72.60000000000005,6.0,0.0826446280991735,,,0.0,0.0,58.0,0.7988980716253438,0.004995013625498751,0.1896551724137931,0.0,0,11,5,28,12,,15,58,2.6,0.03581267217630851,6.000000000000003,0.08264462809917353,13,30,17
124,D,all_agents,,,40,30,10,0,16,14,0.4219824116657703,0.2356706279957174,0.9952222173210471,0.09858795460279228,789,30,0.75,0,0.0,0.0,32.4,5465,,,,,,,,,,,,,,,,,,,,,,,,,,,
124,D,participants_only,,,30,30,0,0,16,14,0.48425589425818816,0.23892742465869238,0.9952222173210471,0.11584488776393287,789,30,1.0,0,0.0,0.0,26.533333333333335,5465,,,,,,,,,,,,,,,,,,,,,,,,,,,
124,D,nonparticipants_only,,,10,0,10,0,0,0,0.23516196388851657,0.23493640352756434,0.2949572040436471,0.00028131550911243247,0,0,0.0,0,0.0,0.0,50.0,0,,,,,,,,,,,,,,,,,,,,,,,,,,,
124,D,step_totals,,,,,,,,,,,,,,,,,,,,,70.00000000000006,10.0,0.14285714285714274,,,0.0,0.0,50.0,0.7142857142857137,0.00440445600009222,0.12,0.0,0,6,37,20,20,,22,50,4.000000000000001,0.057142857142857106,6.000000000000003,0.08571428571428569,20,30,20
125,D,all_agents,,,40,30,10,0,16,14,0.42244880416019365,0.23513498573133207,0.9954133286282052,0.09919692168171426,795,30,0.75,0,0.0,0.0,32.2,5521,,,,,,,,,,,,,,,,,,,,,,,,,,,
125,D,participants_only,,,30,30,0,0,16,14,0.48477803286883153,0.2391340839518985,0.9954133286282052,0.11663149553421959,795,30,1.0,0,0.0,0.0,26.266666666666666,5521,,,,,,,,,,,,,,,,,,,,,,,,,,,
125,D,nonparticipants_only,,,10,0,10,0,0,0,0.23546111803428008,0.2344922748557388,0.2934824180234289,0.00027400710723407735,0,0,0.0,0,0.0,0.0,50.0,0,,,,,,,,,,,,,,,,,,,,,,,,,,,
125,D,step_totals,,,,,,,,,,,,,,,,,,,,,72.40000000000006,6.0,0.08287292817679551,,,0.0,0.0,58.0,0.8011049723756899,0.004808892094204222,0.10344827586206896,0.0,0,6,5,28,12,,15,58,2.4,0.0331491712707182,6.000000000000003,0.08287292817679555,12,30,16
126,D,all_agents,,,40,30,10,0,16,14,0.4226934126386864,0.23550607504193227,0.995596795483077,0.09938186395599442,802,30,0.75,0,0.0,0.0,32.4,5570,,,,,,,,,,,,,,,,,,,,,,,,,,,
126,D,participants_only,,,30,30,0,0,16,14,0.4850050111680247,0.23858119427111432,0.995596795483077,0.11688938785145803,802,30,1.0,0,0.0,0.0,26.533333333333335,5570,,,,,,,,,,,,,,,,,,,,,,,,,,,
126,D,nonparticipants_only,,,10,0,10,0,0,0,0.2357586170506716,0.2343556125765212,0.29201500593331176,0.00026646853422642765,0,0,0.0,0,0.0,0.0,50.0,0,,,,,,,,,,,,,,,,,,,,,,,,,,,
126,D,step_totals,,,,,,,,,,,,,,,,,,,,,69.80000000000007,10.0,0.143266475644699,,,0.0,0.0,50.0,0.716332378223495,0.004515282703593774,0.14,0.0,0,7,37,20,20,,22,50,3.800000000000001,0.054441260744985634,6.000000000000003,0.08595988538681944,19,30,20
127,D,all_agents,,,40,30,10,0,16,14,0.4230963152589707,0.2358584818699947,0.9957729236637539,0.09995629985745191,812,30,0.75,0,0.0,0.0,32.2,5624,,,,,,,,,,,,,,,,,,,,,,,,,,,
127,D,participants_only,,,30,30,0,0,16,14,0.4854435919628486,0.2393761128577672,0.9957729236637539,0.11764012630462785,812,30,1.0,0,0.0,0.0,26.266666666666666,5624,,,,,,,,,,,,,,,,,,,,,,,,,,,
127,D,nonparticipants_only,,,10,0,10,0,0,0,0.23605448514733693,0.2343285446667226,0.2905549309036452,0.0002586255672451192,0,0,0.0,0,0.0,0.0,50.0,0,,,,,,,,,,,,,,,,,,,,,,,,,,,
127,D,step_totals,,,,,,,,,,,,,,,,,,,,,72.60000000000005,6.0,0.0826446280991735,,,0.0,0.0,58.0,0.7988980716253438,0.004585410541534013,0.1724137931034483,0.0,0,10,5,28,12,,15,58,2.6,0.03581267217630851,6.000000000000003,0.08264462809917353,13,30,16
128,D,all_agents,,,40,30,10,0,16,14,0.4233612695702823,0.23664651229525402,0.9959420067172038,0.10012289496737625,829,30,0.75,0,0.0,0.0,32.4,5671,,,,,,,,,,,,,,,,,,,,,,,,,,,
128,D,participants_only,,,30,30,0,0,16,14,0.48569880787128156,0.23977585560094125,0.9959420067172038,0.11786972678163718,829,30,1.0,0,0.0,0.0,26.533333333333335,5671,,,,,,,,,,,,,,,,,,,,,,,,,,,
128,D,nonparticipants_only,,,10,0,10,0,0,0,0.23634865466728458,0.23467918946064473,0.289102156249127,0.0002507753474509459,0,0,0.0,0,0.0,0.0,50.0,0,,,,,,,,,,,,,,,,,,,,,,,,,,,
128,D,step_totals,,,,,,,,,,,,,,,,,,,,,69.80000000000005,10.0,0.14326647564469902,,,0.0,0.0,50.0,0.7163323782234952,0.004588560671832099,0.34,0.0,0,17,37,20,20,,22,50,3.800000000000001,0.05444126074498565,6.000000000000003,0.08595988538681945,19,30,20
129,D,all_agents,,,40,30,10,0,16,14,0.423735825190434,0.2373695105049035,0.9961043264485157,0.1006866040978972,833,30,0.75,0,0.0,0.0,32.2,5725,,,,,,,,,,,,,,,,,,,,,,,,,,,
129,D,participants_only,,,30,30,0,0,16,14,0.4861007250795294,0.23955265683865873,0.9961043264485157,0.11861029517007268,833,30,1.0,0,0.0,0.0,26.266666666666666,5725,,,,,,,,,,,,,,,,,,,,,,,,,,,
129,D,nonparticipants_only,,,10,0,10,0,0,0,0.2366411255231479,0.23661179411979605,0.28765664546788133,0.00024296202324813163,0,0,0.0,0,0.0,0.0,50.0,0,,,,,,,,,,,,,,,,,,,,,,,,,,,
129,D,step_totals,,,,,,,,,,,,,,,,,,,,,72.60000000000005,6.0,0.0826446280991735,,,0.0,0.0,58.0,0.7988980716253438,0.004491868129118534,0.06896551724137931,0.0,0,4,5,28,12,,14,58,2.6,0.03581267217630851,6.000000000000003,0.08264462809917353,13,30,16
130,D,all_agents,,,40,30,10,0,16,14,0.42400415288544185,0.23705369812836813,0.996260153390575,0.1008626432171641,839,30,0.75,0,0.0,0.0,32.4,5775,,,,,,,,,,,,,,,,,,,,,,,,,,,
130,D,participants_only,,,30,30,0,0,16,14,0.48636168391126966,0.23907344035237182,0.996260153390575,0.11885088016632395,839,30,1.0,0,0.0,0.0,26.533333333333335,5775,,,,,,,,,,,,,,,,,,,,,,,,,,,
130,D,nonparticipants_only,,,10,0,10,0,0,0,0.23693155980795844,0.2366072115258972,0.2862183622405419,0.00023639226203956988,0,0,0.0,0,0.0,0.0,50.0,0,,,,,,,,,,,,,,,,,,,,,,,,,,,
130,D,step_totals,,,,,,,,,,,,,,,,,,,,,69.80000000000007,10.0,0.143266475644699,,,0.0,0.0,50.0,0.716332378223495,0.004602974368227784,0.12,0.0,0,6,36,20,20,,22,50,3.800000000000001,0.054441260744985634,6.000000000000003,0.08595988538681944,19,30,20
130,D,reachability,0.25,0.0,,,,,,,,,,,,,,,,,,,,,,,,,,,,,,,,,,,,,,,,,,,,,
131,D,all_agents,,,40,30,10,0,16,14,0.42444526125130744,0.2364927213866031,0.996409747254952,0.1014767191389064,853,30,0.75,0,0.0,0.0,32.2,5832,,,,,,,,,,,,,,,,,,,,,,,,,,,
131,D,participants_only,,,30,30,0,0,16,14,0.48685364980678014,0.23927990456406956,0.996409747254952,0.11964619953343152,853,30,1.0,0,0.0,0.0,26.266666666666666,5832,,,,,,,,,,,,,,,,,,,,,,,,,,,
131,D,nonparticipants_only,,,10,0,10,0,0,0,0.23722009558488924,0.23617840695180792,0.2847872704293392,0.00023059441024072326,0,0,0.0,0,0.0,0.0,50.0,0,,,,,,,,,,,,,,,,,,,,,,,,,,,
131,D,step_totals,,,,,,,,,,,,,,,,,,,,,72.60000000000005,6.0,0.0826446280991735,,,0.0,0.0,58.0,0.7988980716253438,0.0047118566960444135,0.2413793103448276,0.0,0,14,5,28,12,,14,58,2.6,0.03581267217630851,6.000000000000003,0.08264462809917353,13,30,16
132,D,all_agents,,,40,30,10,0,16,14,0.4246592219374195,0.23673646290674605,0.9964993168344526,0.10160405274112085,862,30,0.75,0,0.0,0.0,32.4,5879,,,,,,,,,,,,,,,,,,,,,,,,,,,
132,D,participants_only,,,30,30,0,0,16,14,0.4870433835625118,0.23960489347145486,0.9964993168344526,0.1198297350671853,862,30,1.0,0,0.0,0.0,26.533333333333335,5879,,,,,,,,,,,,,,,,,,,,,,,,,,,
132,D,nonparticipants_only,,,10,0,10,0,0,0,0.23750673706214254,0.23604646003157626,0.2833633340771925,0.00022560230293978717,0,0,0.0,0,0.0,0.0,50.0,0,,,,,,,,,,,,,,,,,,,,,,,,,,,
132,D,step_totals,,,,,,,,,,,,,,,,,,,,,69.80000000000005,10.0,0.14326647564469902,,,0.0,0.0,50.0,0.7163323782234952,0.004425796380383919,0.18,0.0,0,9,36,20,20,,22,50,3.800000000000001,0.05444126074498565,6.000000000000003,0.08595988538681945,19,30,21
133,D,all_agents,,,40,30,10,0,16,14,0.4250589208629717,0.23696304651396694,0.9966393441610745,0.10219243794000815,876,30,0.75,0,0.0,0.0,32.2,5936,,,,,,,,,,,,,,,,,,,,,,,,,,,
133,D,participants_only,,,30,30,0,0,16,14,0.48748119920387983,0.24037499114784777,0.9966393441610745,0.12059731373467479,876,30,1.0,0,0.0,0.0,26.266666666666666,5936,,,,,,,,,,,,,,,,,,,,,,,,,,,
133,D,nonparticipants_only,,,10,0,10,0,0,0,0.23779208584024725,0.23602032606574835,0.28194651740680654,0.000219320556770526,0,0,0.0,0,0.0,0.0,50.0,0,,,,,,,,,,,,,,,,,,,,,,,,,,,
133,D,step_totals,,,,,,,,,,,,,,,,,,,,,72.60000000000005,6.0,0.0826446280991735,,,0.0,0.0,58.0,0.7988980716253438,0.004575455108843331,0.2413793103448276,0.0,0,14,5,28,12,,14,58,2.6,0.03581267217630851,6.000000000000003,0.08264462809917353,13,30,16
134,D,all_agents,,,40,30,10,0,16,14,0.42526779841877005,0.23683376229835773,0.9967737703946314,0.1023141713488987,880,30,0.75,0,0.0,0.0,32.4,5984,,,,,,,,,,,,,,,,,,,,,,,,,,,
134,D,participants_only,,,30,30,0,0,16,14,0.4876651347501864,0.23983740308621215,0.9967737703946314,0.12077416761399427,880,30,1.0,0,0.0,0.0,26.533333333333335,5984,,,,,,,,,,,,,,,,,,,,,,,,,,,
134,D,nonparticipants_only,,,10,0,10,0,0,0,0.23807578942452096,0.23635887230482894,0.2805367848197725,0.00021305157854122644,0,0,0.0,0,0.0,0.0,50.0,0,,,,,,,,,,,,,,,,,,,,,,,,,,,
134,D,step_totals,,,,,,,,,,,,,,,,,,,,,69.80000000000007,10.0,0.143266475644699,,,0.0,0.0,50.0,0.716332378223495,0.00441331449610056,0.08,0.0,0,4,36,20,20,,22,50,3.800000000000001,0.054441260744985634,6.000000000000003,0.08595988538681944,19,30,21
135,D,all_agents,,,40,30,10,0,16,14,0.42560218250326076,0.23719016103229984,0.9969028195788462,0.10286694487688373,894,30,0.75,0,0.0,0.0,32.2,6040,,,,,,,,,,,,,,,,,,,,,,,,,,,
135,D,participants_only,,,30,30,0,0,16,14,0.4880170207881703,0.2396291169214641,0.9969028195788462,0.1215043233315593,894,30,1.0,0,0.0,0.0,26.266666666666666,6040,,,,,,,,,,,,,,,,,,,,,,,,,,,
135,D,nonparticipants_only,,,10,0,10,0,0,0,0.23835766764853217,0.23663543935841774,0.27913410089567364,0.00020746505528014157,0,0,0.0,0,0.0,0.0,50.0,0,,,,,,,,,,,,,,,,,,,,,,,,,,,
135,D,step_totals,,,,,,,,,,,,,,,,,,,,,72.60000000000005,6.0,0.0826446280991735,,,0.0,0.0,58.0,0.7988980716253438,0.0043595509308719345,0.2413793103448276,0.0,0,14,5,28,12,,14,58,2.6,0.03581267217630851,6.000000000000003,0.08264462809917353,13,30,16
136,D,all_agents,,,40,30,10,0,16,14,0.4258346525037598,0.23822037040880661,0.9970267067956924,0.10301254278219146,900,30,0.75,0,0.0,0.0,32.4,6090,,,,,,,,,,,,,,,,,,,,,,,,,,,
136,D,participants_only,,,30,30,0,0,16,14,0.4882335872108917,0.24000700337770411,0.9970267067956924,0.12170817694435494,900,30,1.0,0,0.0,0.0,26.533333333333335,6090,,,,,,,,,,,,,,,,,,,,,,,,,,,
136,D,nonparticipants_only,,,10,0,10,0,0,0,0.23863784838236407,0.2377859666089973,0.2777384303911953,0.0002021156646820873,0,0,0.0,0,0.0,0.0,50.0,0,,,,,,,,,,,,,,,,,,,,,,,,,,,
136,D,step_totals,,,,,,,,,,,,,,,,,,,,,69.80000000000007,10.0,0.143266475644699,,,0.0,0.0,50.0,0.716332378223495,0.004497391603869265,0.12,0.0,0,6,36,20,20,,22,50,3.800000000000001,0.054441260744985634,6.000000000000003,0.08595988538681944,19,30,21
137,D,all_agents,,,40,30,10,0,16,14,0.4261163056005073,0.2375813317515666,0.9971456385238647,0.10353347227864254,909,30,0.75,0,0.0,0.0,32.2,6144,,,,,,,,,,,,,,,,,,,,,,,,,,,
137,D,participants_only,,,30,30,0,0,16,14,0.4885163746462782,0.24020931631184214,0.9971456385238647,0.12240360417636696,909,30,1.0,0,0.0,0.0,26.266666666666666,6144,,,,,,,,,,,,,,,,,,,,,,,,,,,
137,D,nonparticipants_only,,,10,0,10,0,0,0,0.23891609846319467,0.23746972503284486,0.2763497382392393,0.00019785318246560223,0,0,0.0,0,0.0,0.0,50.0,0,,,,,,,,,,,,,,,,,,,,,,,,,,,
137,D,step_totals,,,,,,,,,,,,,,,,,,,,,72.60000000000005,6.0,0.0826446280991735,,,0.0,0.0,58.0,0.7988980716253438,0.0041858781030282375,0.15517241379310345,0.0,0,9,5,28,12,,14,58,2.6,0.03581267217630851,6.000000000000003,0.08264462809917353,13,30,16
138,D,all_agents,,,40,30,10,0,16,14,0.4263339349514644,0.23747011736052903,0.9972598129829101,0.10367019579056513,913,30,0.75,0,0.0,0.0,32.4,6194,,,,,,,,,,,,,,,,,,,,,,,,,,,
138,D,participants_only,,,30,30,0,0,16,14,0.4887143746540001,0.23974497878166964,0.9972598129829101,0.12259697786993835,913,30,1.0,0,0.0,0.0,26.533333333333335,6194,,,,,,,,,,,,,,,,,,,,,,,,,,,
138,D,nonparticipants_only,,,10,0,10,0,0,0,0.23919261584385726,0.2370025077452883,0.27496798954804313,0.00019401846266516604,0,0,0.0,0,0.0,0.0,50.0,0,,,,,,,,,,,,,,,,,,,,,,,,,,,
138,D,step_totals,,,,,,,,,,,,,,,,,,,,,69.80000000000007,10.0,0.143266475644699,,,0.0,0.0,50.0,0.716332378223495,0.004448551505678758,0.08,0.0,0,4,36,20,20,,22,50,3.800000000000001,0.054441260744985634,6.000000000000003,0.08595988538681944,19,30,21
139,D,all_agents,,,40,30,10,0,16,14,0.4266660721534768,0.23717781754249495,0.9973694204635937,0.104223986703955,924,30,0.75,0,0.0,0.0,32.2,6251,,,,,,,,,,,,,,,,,,,,,,,,,,,
139,D,participants_only,,,30,30,0,0,16,14,0.4890654924255715,0.24049535342412207,0.9973694204635937,0.12332749921776398,924,30,1.0,0,0.0,0.0,26.266666666666666,6251,,,,,,,,,,,,,,,,,,,,,,,,,,,
139,D,nonparticipants_only,,,10,0,10,0,0,0,0.23946781133719267,0.23717781754249495,0.2735931496003029,0.00018919735900603524,0,0,0.0,0,0.0,0.0,50.0,0,,,,,,,,,,,,,,,,,,,,,,,,,,,
139,D,step_totals,,,,,,,,,,,,,,,,,,,,,72.60000000000007,6.0,0.08264462809917347,,,0.0,0.0,58.0,0.7988980716253437,0.004353601859496199,0.1896551724137931,0.0,0,11,5,28,12,,14,58,2.6,0.035812672176308506,6.000000000000003,0.08264462809917351,13,30,16
140,D,all_agents,,,40,30,10,0,16,14,0.42686878586258054,0.23811119945387554,0.9974746436450499,0.10435027583904634,937,30,0.75,0,0.0,0.0,32.4,6300,,,,,,,,,,,,,,,,,,,,,,,,,,,
140,D,participants_only,,,30,30,0,0,16,14,0.4892446349515615,0.24079699427877027,0.9974746436450499,0.1235090433011508,937,30,1.0,0,0.0,0.0,26.533333333333335,6300,,,,,,,,,,,,,,,,,,,,,,,,,,,
140,D,nonparticipants_only,,,10,0,10,0,0,0,0.23974123859563745,0.23798059981826547,0.2722251838523014,0.00018501485787692082,0,0,0.0,0,0.0,0.0,50.0,0,,,,,,,,,,,,,,,,,,,,,,,,,,,
140,D,step_totals,,,,,,,,,,,,,,,,,,,,,69.80000000000008,10.0,0.14326647564469897,,,0.0,0.0,50.0,0.7163323782234948,0.004400677337346329,0.26,0.0,0,13,36,20,20,,22,50,3.800000000000001,0.05444126074498563,6.000000000000003,0.08595988538681942,19,30,21
140,D,reachability,0.25,0.0,,,,,,,,,,,,,,,,,,,,,,,,,,,,,,,,,,,,,,,,,,,,,
141,D,all_agents,,,40,30,10,0,16,14,0.4272049766055416,0.23834687677256589,0.9975756578992478,0.10491196557502835,950,30,0.75,0,0.0,0.0,32.2,6357,,,,,,,,,,,,,,,,,,,,,,,,,,,
141,D,participants_only,,,30,30,0,0,16,14,0.4896022332226566,0.24059860533462513,0.9975756578992478,0.12424881377004501,950,30,1.0,0,0.0,0.0,26.266666666666666,6357,,,,,,,,,,,,,,,,,,,,,,,,,,,
141,D,nonparticipants_only,,,10,0,10,0,0,0,0.2400132067541961,0.23834687677256589,0.27086405793303986,0.00018040938987294095,0,0,0.0,0,0.0,0.0,50.0,0,,,,,,,,,,,,,,,,,,,,,,,,,,,
141,D,step_totals,,,,,,,,,,,,,,,,,,,,,72.60000000000007,6.0,0.08264462809917347,,,0.0,0.0,58.0,0.7988980716253437,0.004367343516542509,0.22413793103448276,0.0,0,13,5,28,12,,14,58,2.6,0.035812672176308506,6.000000000000003,0.08264462809917351,13,30,16
142,D,all_agents,,,40,30,10,0,16,14,0.4273694288189912,0.23933395030207014,0.9976726315832779,0.10500945088264337,960,30,0.75,0,0.0,0.0,32.4,6405,,,,,,,,,,,,,,,,,,,,,,,,,,,
142,D,participants_only,,,30,30,0,0,16,14,0.48973140627374656,0.24008045619249738,0.9976726315832779,0.12439781299907997,960,30,1.0,0,0.0,0.0,26.533333333333335,6405,,,,,,,,,,,,,,,,,,,,,,,,,,,
142,D,nonparticipants_only,,,10,0,10,0,0,0,0.24028349645472522,0.23933395030207014,0.26950973764337466,0.00017616974852463442,0,0,0.0,0,0.0,0.0,50.0,0,,,,,,,,,,,,,,,,,,,,,,,,,,,
142,D,step_totals,,,,,,,,,,,,,,,,,,,,,69.80000000000005,10.0,0.14326647564469902,,,0.0,0.0,50.0,0.7163323782234952,0.004272877709852093,0.2,0.0,0,10,36,20,20,,22,50,3.800000000000001,0.05444126074498565,6.000000000000003,0.08595988538681945,19,30,21
143,D,all_agents,,,40,30,10,0,16,14,0.4276627219352575,0.23902862024127042,0.9977657263199468,0.1055432676543037,971,30,0.75,0,0.0,0.0,32.2,6462,,,,,,,,,,,,,,,,,,,,,,,,,,,
143,D,participants_only,,,30,30,0,0,16,14,0.4900329546027868,0.24020060733278903,0.9977657263199468,0.12510663561422064,971,30,1.0,0,0.0,0.0,26.266666666666666,6462,,,,,,,,,,,,,,,,,,,,,,,,,,,
143,D,nonparticipants_only,,,10,0,10,0,0,0,0.2405520239326698,0.23902862024127042,0.2681621889551578,0.00017261269853215093,0,0,0.0,0,0.0,0.0,50.0,0,,,,,,,,,,,,,,,,,,,,,,,,,,,
143,D,step_totals,,,,,,,,,,,,,,,,,,,,,72.60000000000007,6.0,0.08264462809917347,,,0.0,0.0,58.0,0.7988980716253437,0.004225109845936298,0.1896551724137931,0.0,0,11,5,28,12,,14,58,2.6,0.035812672176308506,6.000000000000003,0.08264462809917351,13,30,16
144,D,all_agents,,,40,30,10,0,16,14,0.4278398499612289,0.23870127992930582,0.9978550972671489,0.10565134718333763,978,30,0.75,0,0.0,0.0,32.4,6511,,,,,,,,,,,,,,,,,,,,,,,,,,,
144,D,participants_only,,,30,30,0,0,16,14,0.49018020482229435,0.2405559538568418,0.9978550972671489,0.12526658526064494,978,30,1.0,0,0.0,0.0,26.533333333333335,6511,,,,,,,,,,,,,,,,,,,,,,,,,,,
144,D,nonparticipants_only,,,10,0,10,0,0,0,0.2408187853780326,0.23870127992930582,0.266821378010382,0.0001697948209729346,0,0,0.0,0,0.0,0.0,50.0,0,,,,,,,,,,,,,,,,,,,,,,,,,,,
144,D,step_totals,,,,,,,,,,,,,,,,,,,,,69.80000000000005,10.0,0.14326647564469902,,,0.0,0.0,50.0,0.7163323782234952,0.004318735467431372,0.14,0.0,0,7,36,20,20,,22,50,3.800000000000001,0.05444126074498565,6.000000000000003,0.08595988538681945,19,30,21
145,D,all_agents,,,40,30,10,0,16,14,0.4281386071197939,0.23874678464943966,0.997940893376463,0.10619280415604565,987,30,0.75,0,0.0,0.0,32.2,6568,,,,,,,,,,,,,,,,,,,,,,,,,,,
145,D,participants_only,,,30,30,0,0,16,14,0.49049002614671217,0.2393531740875576,0.997940893376463,0.125984361288382,987,30,1.0,0,0.0,0.0,26.266666666666666,6568,,,,,,,,,,,,,,,,,,,,,,,,,,,
145,D,nonparticipants_only,,,10,0,10,0,0,0,0.24108435003903914,0.23874678464943966,0.2654872711203301,0.00016573930299251693,0,0,0.0,0,0.0,0.0,50.0,0,,,,,,,,,,,,,,,,,,,,,,,,,,,
145,D,step_totals,,,,,,,,,,,,,,,,,,,,,72.60000000000005,6.0,0.0826446280991735,,,0.0,0.0,58.0,0.7988980716253438,0.0042435152930162924,0.15517241379310345,0.0,0,9,5,28,12,,14,58,2.6,0.03581267217630851,6.000000000000003,0.08264462809917353,13,30,16
146,D,all_agents,,,40,30,10,0,16,14,0.42825923369143354,0.2395463716762941,0.9980232576414044,0.10627193698117493,994,30,0.75,0,0.0,0.0,32.4,6617,,,,,,,,,,,,,,,,,,,,,,,,,,,
146,D,participants_only,,,30,30,0,0,16,14,0.4905629059434895,0.23891047793892706,0.9980232576414044,0.12611483819500718,994,30,1.0,0,0.0,0.0,26.533333333333335,6617,,,,,,,,,,,,,,,,,,,,,,,,,,,
146,D,nonparticipants_only,,,10,0,10,0,0,0,0.24134821693526534,0.2395463716762941,0.26415983476472843,0.0001622624265787918,0,0,0.0,0,0.0,0.0,50.0,0,,,,,,,,,,,,,,,,,,,,,,,,,,,
146,D,step_totals,,,,,,,,,,,,,,,,,,,,,69.80000000000007,10.0,0.143266475644699,,,0.0,0.0,50.0,0.716332378223495,0.0041276076434415415,0.14,0.0,0,7,36,20,20,,22,50,3.800000000000001,0.054441260744985634,6.000000000000003,0.08595988538681944,19,30,21
147,D,all_agents,,,40,30,10,0,16,14,0.4285407367745753,0.2393090604580273,0.9981023273357482,0.1068042520928649,1000,30,0.75,0,0.0,0.0,32.2,6675,,,,,,,,,,,,,,,,,,,,,,,,,,,
147,D,participants_only,,,30,30,0,0,16,14,0.49085078786481945,0.2377159255492324,0.9981023273357482,0.12682260031266138,1000,30,1.0,0,0.0,0.0,26.266666666666666,6675,,,,,,,,,,,,,,,,,,,,,,,,,,,
147,D,nonparticipants_only,,,10,0,10,0,0,0,0.24161058350384282,0.23999926320471807,0.26327249594575336,0.00015869783104940227,0,0,0.0,0,0.0,0.0,50.0,0,,,,,,,,,,,,,,,,,,,,,,,,,,,
147,D,step_totals,,,,,,,,,,,,,,,,,,,,,72.40000000000006,6.0,0.08287292817679551,,,0.0,0.0,58.0,0.8011049723756899,0.004197195623481206,0.10344827586206896,0.0,0,6,5,28,12,,14,58,2.4,0.0331491712707182,6.000000000000003,0.08287292817679555,12,30,16
148,D,all_agents,,,40,30,10,0,16,14,0.42865101123162364,0.2388095976391142,0.9981782342423183,0.10687359431852833,1007,30,0.75,0,0.0,0.0,32.4,6723,,,,,,,,,,,,,,,,,,,,,,,,,,,
148,D,participants_only,,,30,30,0,0,16,14,0.49091087219987123,0.23801495497434352,0.9981782342423183,0.12694125389247968,1007,30,1.0,0,0.0,0.0,26.533333333333335,6723,,,,,,,,,,,,,,,,,,,,,,,,,,,
148,D,nonparticipants_only,,,10,0,10,0,0,0,0.2418714283268807,0.24082852277692718,0.2637426605863571,0.0001551321432480021,0,0,0.0,0,0.0,0.0,50.0,0,,,,,,,,,,,,,,,,,,,,,,,,,,,
148,D,step_totals,,,,,,,,,,,,,,,,,,,,,69.80000000000005,10.0,0.14326647564469902,,,0.0,0.0,50.0,0.7163323782234952,0.004094613459523102,0.14,0.0,0,7,36,20,20,,22,50,3.800000000000001,0.05444126074498565,6.000000000000003,0.08595988538681945,19,30,21
149,D,all_agents,,,40,30,10,0,16,14,0.42884195415354603,0.23901995980981944,0.9982511048726256,0.10734105566325622,1013,30,0.75,0,0.0,0.0,32.2,6778,,,,,,,,,,,,,,,,,,,,,,,,,,,
149,D,participants_only,,,30,30,0,0,16,14,0.49107911174558627,0.2368248801994718,0.9982511048726256,0.1275767052814494,1013,30,1.0,0,0.0,0.0,26.266666666666666,6778,,,,,,,,,,,,,,,,,,,,,,,,,,,
149,D,nonparticipants_only,,,10,0,10,0,0,0,0.2421304813774253,0.2405337277434525,0.26444578808357816,0.00015254138703916766,0,0,0.0,0,0.0,0.0,50.0,0,,,,,,,,,,,,,,,,,,,,,,,,,,,
149,D,step_totals,,,,,,,,,,,,,,,,,,,,,72.60000000000005,6.0,0.0826446280991735,,,0.0,0.0,58.0,0.7988980716253438,0.003885240216712027,0.10344827586206896,0.0,0,6,5,28,12,,14,58,2.6,0.03581267217630851,6.000000000000003,0.08264462809917353,13,30,16
150,D,all_agents,,,40,30,10,0,16,14,0.4289873180051113,0.2394764620580239,0.9983210606777205,0.10742185423401639,1018,30,0.75,0,0.0,0.0,32.4,6826,,,,,,,,,,,,,,,,,,,,,,,,,,,
150,D,participants_only,,,30,30,0,0,16,14,0.4911871218505961,0.23604251697191525,0.9983210606777205,0.12770374773437335,1018,30,1.0,0,0.0,0.0,26.533333333333335,6826,,,,,,,,,,,,,,,,,,,,,,,,,,,
150,D,nonparticipants_only,,,10,0,10,0,0,0,0.24238790646865693,0.240341438129064,0.26445058548536854,0.00015038655194411736,0,0,0.0,0,0.0,0.0,50.0,0,,,,,,,,,,,,,,,,,,,,,,,,,,,
150,D,step_totals,,,,,,,,,,,,,,,,,,,,,69.80000000000007,10.0,0.143266475644699,,,0.0,0.0,50.0,0.716332378223495,0.004216253179429113,0.1,0.0,0,5,36,20,20,,22,50,3.800000000000001,0.054441260744985634,6.000000000000003,0.08595988538681944,19,30,21
150,D,reachability,0.25,0.0,,,,,,,,,,,,,,,,,,,,,,,,,,,,,,,,,,,,,,,,,,,,,
151,D,all_agents,,,40,30,10,0,16,14,0.42922089097906807,0.23982774361080728,0.9983882182506117,0.10792082287115508,1030,30,0.75,0,0.0,0.0,32.2,6883,,,,,,,,,,,,,,,,,,,,,,,,,,,
151,D,participants_only,,,30,30,0,0,16,14,0.49141312622185307,0.2348623043870557,0.9983882182506117,0.12837393310247894,1030,30,1.0,0,0.0,0.0,26.266666666666666,6883,,,,,,,,,,,,,,,,,,,,,,,,,,,
151,D,nonparticipants_only,,,10,0,10,0,0,0,0.24264418525071288,0.24027079189879152,0.26483476282126184,0.00014700268325655168,0,0,0.0,0,0.0,0.0,50.0,0,,,,,,,,,,,,,,,,,,,,,,,,,,,
151,D,step_totals,,,,,,,,,,,,,,,,,,,,,72.60000000000007,6.0,0.08264462809917347,,,0.0,0.0,58.0,0.7988980716253437,0.004026029072881866,0.20689655172413793,0.0,0,12,5,28,12,,14,58,2.6,0.035812672176308506,6.000000000000003,0.08264462809917351,13,30,16
152,D,all_agents,,,40,30,10,0,16,14,0.4293563438118941,0.24004638793822564,0.9984526895205873,0.10799448681554344,1035,30,0.75,0,0.0,0.0,32.4,6933,,,,,,,,,,,,,,,,,,,,,,,,,,,
152,D,participants_only,,,30,30,0,0,16,14,0.49150887975149965,0.23438545914271383,0.9984526895205873,0.12849273591096896,1035,30,1.0,0,0.0,0.0,26.533333333333335,6933,,,,,,,,,,,,,,,,,,,,,,,,,,,
152,D,nonparticipants_only,,,10,0,10,0,0,0,0.24289873599307737,0.2410581185579877,0.26419319742247865,0.00014448684457934733,0,0,0.0,0,0.0,0.0,50.0,0,,,,,,,,,,,,,,,,,,,,,,,,,,,
152,D,step_totals,,,,,,,,,,,,,,,,,,,,,69.80000000000007,10.0,0.143266475644699,,,0.0,0.0,50.0,0.716332378223495,0.004183980263154062,0.1,0.0,0,5,36,20,20,,22,50,3.800000000000001,0.054441260744985634,6.000000000000003,0.08595988538681944,19,30,21
153,D,all_agents,,,40,30,10,0,16,14,0.4295456659154701,0.24028415584529825,0.9985145819397638,0.10846298481285699,1038,30,0.75,0,0.0,0.0,32.2,6988,,,,,,,,,,,,,,,,,,,,,,,,,,,
153,D,participants_only,,,30,30,0,0,16,14,0.49167690987154994,0.23321353184700025,0.9985145819397638,0.12912896604293556,1038,30,1.0,0,0.0,0.0,26.266666666666666,6988,,,,,,,,,,,,,,,,,,,,,,,,,,,
153,D,nonparticipants_only,,,10,0,10,0,0,0,0.2431519340472304,0.24159463613427365,0.26418861166835605,0.00014154341626236314,0,0,0.0,0,0.0,0.0,50.0,0,,,,,,,,,,,,,,,,,,,,,,,,,,,
153,D,step_totals,,,,,,,,,,,,,,,,,,,,,72.60000000000005,6.0,0.0826446280991735,,,0.0,0.0,58.0,0.7988980716253438,0.0038795365345337452,0.05172413793103448,0.0,0,3,5,28,12,,14,58,2.6,0.03581267217630851,6.000000000000003,0.08264462809917353,13,30,16
154,D,all_agents,,,40,30,10,0,16,14,0.4296529279316813,0.2409367507618536,0.9985739986621733,0.10851339674934034,1048,30,0.75,0,0.0,0.0,32.4,7037,,,,,,,,,,,,,,,,,,,,,,,,,,,
154,D,participants_only,,,30,30,0,0,16,14,0.4917360455120992,0.23388129812976488,0.9985739986621733,0.1292209732941656,1048,30,1.0,0,0.0,0.0,26.533333333333335,7037,,,,,,,,,,,,,,,,,,,,,,,,,,,
154,D,nonparticipants_only,,,10,0,10,0,0,0,0.2434035751904277,0.24227152692005624,0.26464255387307173,0.00013890525281665556,0,0,0.0,0,0.0,0.0,50.0,0,,,,,,,,,,,,,,,,,,,,,,,,,,,
154,D,step_totals,,,,,,,,,,,,,,,,,,,,,69.80000000000007,10.0,0.143266475644699,,,0.0,0.0,50.0,0.716332378223495,0.004088285558466265,0.2,0.0,0,10,36,20,20,,22,50,3.800000000000001,0.054441260744985634,6.000000000000003,0.08595988538681944,19,30,21
155,D,all_agents,,,40,30,10,0,16,14,0.42985249628674754,0.24126450155171025,0.9986310387156864,0.10899227560074065,1054,30,0.75,0,0.0,0.0,32.2,7094,,,,,,,,,,,,,,,,,,,,,,,,,,,
155,D,participants_only,,,30,30,0,0,16,14,0.4919188079696983,0.23271189163911604,0.9986310387156864,0.12986847933873014,1054,30,1.0,0,0.0,0.0,26.266666666666666,7094,,,,,,,,,,,,,,,,,,,,,,,,,,,
155,D,nonparticipants_only,,,10,0,10,0,0,0,0.24365356123789542,0.24198690341612178,0.2653214208458728,0.00013693983567001448,0,0,0.0,0,0.0,0.0,50.0,0,,,,,,,,,,,,,,,,,,,,,,,,,,,
155,D,step_totals,,,,,,,,,,,,,,,,,,,,,72.60000000000005,6.0,0.0826446280991735,,,0.0,0.0,58.0,0.7988980716253438,0.003912451769703132,0.10344827586206896,0.0,0,6,5,28,12,,14,58,2.6,0.03581267217630851,6.000000000000003,0.08264462809917353,13,30,16
156,D,all_agents,,,40,30,10,0,16,14,0.42995093544884855,0.24151343716900725,0.998685797167059,0.10903595008744216,1057,30,0.75,0,0.0,0.0,32.4,7143,,,,,,,,,,,,,,,,,,,,,,,,,,,
156,D,participants_only,,,30,30,0,0,16,14,0.4919672524622004,0.23381832389791452,0.998685797167059,0.12995205223667816,1057,30,1.0,0,0.0,0.0,26.533333333333335,7143,,,,,,,,,,,,,,,,,,,,,,,,,,,
156,D,nonparticipants_only,,,10,0,10,0,0,0,0.24390198440879277,0.24201732041254237,0.265326052719386,0.00013536072892739208,0,0,0.0,0,0.0,0.0,50.0,0,,,,,,,,,,,,,,,,,,,,,,,,,,,
156,D,step_totals,,,,,,,,,,,,,,,,,,,,,69.80000000000005,10.0,0.14326647564469902,,,0.0,0.0,50.0,0.7163323782234952,0.004058964985401798,0.06,0.0,0,3,36,20,20,,22,50,3.800000000000001,0.05444126074498565,6.000000000000003,0.08595988538681945,19,30,21
