step,condition,population,skill_reachability,resource_reachability,n_agents,maker_count,stage_consumer,stage_customizer,stage_maker,stage_advanced_maker,skill_mean,skill_median,skill_max,skill_var,method_count_total,method_holders,method_adoption_rate,method_peer_held,knowledge_diffusion_lag_mean,hop_count_mean,latent_distributed_resources,completed_projects_total,time_total,time_observe,time_share_observe,time_practice,time_share_practice,time_idle,time_share_idle,time_make,time_share_make,skill_gain_per_time,method_self_discovery_per_time,method_peer_acquisition_per_time,peer_acquired_count,self_discovered_count,reject_time_budget_exceeded,reject_missing_asset,count_observe,count_practice,count_idle,count_make,time_ask,time_share_ask,time_share,time_share_share,count_ask,count_share,reject_insufficient_material
0,D,reachability,0.575,0.0,,,,,,,,,,,,,,,,,,,,,,,,,,,,,,,,,,,,,,,,,,,,,
1,D,all_agents,,,40,0,19,21,0,0,0.17053683874937603,0.15294666894219788,0.5744262151231754,0.014080309699379713,5,4,0.1,0,0.0,0.0,25.75,32,,,,,,,,,,,,,,,,,,,,,,,,,,,
1,D,participants_only,,,30,0,9,21,0,0,0.17478925465528825,0.1554396697175433,0.5744262151231754,0.014137021734438145,5,4,0.13333333333333333,0,0.0,0.0,24.333333333333332,32,,,,,,,,,,,,,,,,,,,,,,,,,,,
1,D,nonparticipants_only,,,10,0,10,0,0,0,0.15777959103163938,0.1375731147006098,0.5074319283450508,0.013693177101762152,0,0,0.0,0,0.0,0.0,30.0,0,,,,,,,,,,,,,,,,,,,,,,,,,,,
1,D,step_totals,,,,,,,,,,,,,,,,,,,,,83.49999999999997,4.000000000000002,0.047904191616766505,19.5,0.23353293413173662,0.0,0.0,60.0,0.7185628742514972,0.019094729400025844,0.08333333333333333,0.0,0,5,30,5,40,39,29,60,,,,,,,
2,D,all_agents,,,40,4,13,23,4,0,0.17713820733240748,0.1529671373207493,0.5914491665182484,0.014127209329170392,13,12,0.3,0,0.0,0.0,26.5,70,,,,,,,,,,,,,,,,,,,,,,,,,,,
2,D,participants_only,,,30,4,3,23,4,0,0.18330991634947943,0.1586861104482276,0.5914491665182484,0.01428705505168909,13,12,0.4,0,0.0,0.0,23.666666666666668,70,,,,,,,,,,,,,,,,,,,,,,,,,,,
2,D,nonparticipants_only,,,10,0,10,0,0,0,0.1586230802811916,0.13688524912710673,0.5048947687033255,0.01319059225531741,0,0,0.0,0,0.0,0.0,35.0,0,,,,,,,,,,,,,,,,,,,,,,,,,,,
2,D,step_totals,,,,,,,,,,,,,,,,,,,,,86.80000000000001,3.900000000000002,0.04493087557603689,19.5,0.2246543778801843,0.0,0.0,60.0,0.6912442396313363,0.019766530303058204,0.13333333333333333,0.0,0,8,25,5,39,39,29,60,2.8000000000000003,0.03225806451612903,0.6000000000000001,0.0069124423963133645,14,3,
3,D,all_agents,,,40,5,12,23,5,0,0.1837563156742192,0.15958858002391796,0.6077911998575185,0.014416457886859956,25,18,0.45,0,0.0,0.0,27.775,110,,,,,,,,,,,,,,,,,,,,,,,,,,,
3,D,participants_only,,,30,5,2,23,5,0,0.1918566540694717,0.16390472398278438,0.6077911998575185,0.014719756132215028,25,18,0.6,0,0.0,0.0,23.7,110,,,,,,,,,,,,,,,,,,,,,,,,,,,
3,D,nonparticipants_only,,,10,0,10,0,0,0,0.15945530048846177,0.13620082288147117,0.5023702948598089,0.012719177365383525,0,0,0.0,0,0.0,0.0,40.0,0,,,,,,,,,,,,,,,,,,,,,,,,,,,
3,D,step_totals,,,,,,,,,,,,,,,,,,,,,89.2,3.900000000000002,0.043721973094170426,19.5,0.218609865470852,0.0,0.0,61.0,0.6838565022421524,0.019268235299596575,0.19672131147540983,0.0,0,12,18,5,39,39,29,61,2.8000000000000003,0.03139013452914798,1.9999999999999998,0.022421524663677125,14,10,
4,D,all_agents,,,40,6,11,23,6,0,0.1898012957402746,0.16245806413707564,0.6234795518632178,0.014425570564187343,31,20,0.5,0,0.0,0.0,29.45,145,,,,,,,,,,,,,,,,,,,,,,,,,,,
4,D,participants_only,,,30,6,1,23,6,0,0.1996426732394378,0.16791613943371453,0.6234795518632178,0.014755036527832171,31,20,0.6666666666666666,0,0.0,0.0,24.266666666666666,145,,,,,,,,,,,,,,,,,,,,,,,,,,,
4,D,nonparticipants_only,,,10,0,10,0,0,0,0.16027716324278496,0.13551981876706382,0.49985844338550983,0.012274940140280428,0,0,0.0,0,0.0,0.0,45.0,0,,,,,,,,,,,,,,,,,,,,,,,,,,,
4,D,step_totals,,,,,,,,,,,,,,,,,,,,,88.00000000000004,3.700000000000002,0.042045454545454546,19.5,0.22159090909090898,0.0,0.0,57.0,0.6477272727272724,0.01814242266331266,0.10526315789473684,0.0,0,6,9,18,37,39,35,57,4.200000000000001,0.047727272727272715,3.600000000000001,0.0409090909090909,21,18,25
5,D,all_agents,,,40,6,11,23,6,0,0.19436284895809103,0.16352881065214617,0.6385403697886891,0.014484532444388057,34,21,0.525,0,0.0,0.0,31.725,168,,,,,,,,,,,,,,,,,,,,,,,,,,,
5,D,participants_only,,,30,6,1,23,6,0,0.2054541192117962,0.1753339331387752,0.6385403697886891,0.01486856415932433,34,21,0.7,0,0.0,0.0,25.633333333333333,168,,,,,,,,,,,,,,,,,,,,,,,,,,,
5,D,nonparticipants_only,,,10,0,10,0,0,0,0.16108903819697554,0.1348422196732285,0.49735915116858226,0.011856241989490538,0,0,0.0,0,0.0,0.0,50.0,0,,,,,,,,,,,,,,,,,,,,,,,,,,,
5,D,step_totals,,,,,,,,,,,,,,,,,,,,,84.40000000000005,3.5000000000000018,0.041469194312796206,19.5,0.23104265402843588,0.0,0.0,52.0,0.6161137440758291,0.014780600509716513,0.057692307692307696,0.0,0,3,4,21,35,39,37,52,5.400000000000002,0.06398104265402843,4.000000000000001,0.047393364928909935,27,20,33
6,D,all_agents,,,40,7,10,23,7,0,0.19944493987159614,0.17017882998640135,0.6529987549971416,0.014600615303936172,40,21,0.525,0,0.0,0.0,32.2,196,,,,,,,,,,,,,,,,,,,,,,,,,,,
6,D,participants_only,,,30,7,0,23,7,0,0.21196258078680705,0.18469527942338682,0.6529987549971416,0.015021237055928994,40,21,0.7,0,0.0,0.0,26.266666666666666,196,,,,,,,,,,,,,,,,,,,,,,,,,,,
6,D,nonparticipants_only,,,10,0,10,0,0,0,0.16189201712596335,0.13416800857486239,0.49487235541273933,0.011458454038971756,0,0,0.0,0,0.0,0.0,50.0,0,,,,,,,,,,,,,,,,,,,,,,,,,,,
6,D,step_totals,,,,,,,,,,,,,,,,,,,,,85.60000000000005,2.800000000000001,0.03271028037383177,20.0,0.23364485981308397,0.0,0.0,54.0,0.6308411214953267,0.016025731978102923,0.1111111111111111,0.0,0,6,7,20,28,40,39,54,4.600000000000001,0.05373831775700933,4.200000000000001,0.04906542056074765,23,21,30
7,D,all_agents,,,40,8,10,22,8,0,0.20456912161342877,0.17186931003616046,0.6668788047972559,0.014854075010132714,42,21,0.525,0,0.0,0.0,32.675,225,,,,,,,,,,,,,,,,,,,,,,,,,,,
7,D,participants_only,,,30,8,0,22,8,0,0.21852989562033853,0.1903803969834836,0.6668788047972559,0.015332902032587036,42,21,0.7,0,0.0,0.0,26.9,225,,,,,,,,,,,,,,,,,,,,,,,,,,,
7,D,nonparticipants_only,,,10,0,10,0,0,0,0.16268679959269944,0.13349716853198806,0.49239799363567566,0.011078755412305654,0,0,0.0,0,0.0,0.0,50.0,0,,,,,,,,,,,,,,,,,,,,,,,,,,,
7,D,step_totals,,,,,,,,,,,,,,,,,,,,,88.10000000000008,1.2,0.013620885357548228,19.5,0.2213393870601587,0.0,0.0,57.0,0.6469920544835408,0.015656313183605976,0.03508771929824561,0.0,0,2,8,24,12,39,38,57,6.200000000000003,0.07037457434733255,4.200000000000001,0.04767309875141881,31,21,36
8,D,all_agents,,,40,9,10,21,9,0,0.20980052223720017,0.17848940398775792,0.6802036526053656,0.015270297706554952,47,22,0.55,0,0.0,0.0,33.2,256,,,,,,,,,,,,,,,,,,,,,,,,,,,
8,D,participants_only,,,30,9,0,21,9,0,0.22524292923069295,0.19435191391633744,0.6802036526053656,0.015834078672412308,47,22,0.7333333333333333,0,0.0,0.0,27.6,256,,,,,,,,,,,,,,,,,,,,,,,,,,,
8,D,nonparticipants_only,,,10,0,10,0,0,0,0.16347330125672185,0.13282968268932813,0.4899360036674973,0.01071733960395079,0,0,0.0,0,0.0,0.0,50.0,0,,,,,,,,,,,,,,,,,,,,,,,,,,,
8,D,step_totals,,,,,,,,,,,,,,,,,,,,,88.50000000000009,0.5,0.0056497175141242886,20.0,0.22598870056497153,0.0,0.0,58.0,0.6553672316384175,0.01584726071617102,0.08620689655172414,0.0,0,5,13,21,5,40,39,58,5.8000000000000025,0.06553672316384178,4.200000000000001,0.047457627118644034,29,21,32
9,D,all_agents,,,40,12,10,18,12,0,0.21503557670321133,0.18016726568699093,0.692995506501151,0.015804370399764508,48,23,0.575,0,0.0,0.0,32.95,289,,,,,,,,,,,,,,,,,,,,,,,,,,,
9,D,participants_only,,,30,12,0,18,12,0,0.2319630455664018,0.19488095449572035,0.692995506501151,0.016470453522661275,48,23,0.7666666666666667,0,0.0,0.0,27.266666666666666,289,,,,,,,,,,,,,,,,,,,,,,,,,,,
9,D,nonparticipants_only,,,10,0,10,0,0,0,0.16425317011363996,0.1336374807318867,0.4874863236491598,0.010367650605702813,0,0,0.0,0,0.0,0.0,50.0,0,,,,,,,,,,,,,,,,,,,,,,,,,,,
9,D,step_totals,,,,,,,,,,,,,,,,,,,,,88.50000000000007,0.2,0.002259887005649716,19.5,0.2203389830508473,0.0,0.0,58.0,0.6553672316384176,0.0158769271271703,0.017241379310344827,0.0,0,1,13,22,2,39,38,58,6.400000000000003,0.07231638418079094,4.400000000000001,0.04971751412429376,32,22,41
10,D,all_agents,,,40,13,10,17,13,0,0.22058831225474293,0.18213889279972617,0.705275686241105,0.01637256447708641,56,23,0.575,0,0.0,0.0,32.525,325,,,,,,,,,,,,,,,,,,,,,,,,,,,
10,D,participants_only,,,30,13,0,17,13,0,0.23910921031958832,0.2040071534039839,0.705275686241105,0.01711373642796004,56,23,0.7666666666666667,0,0.0,0.0,26.7,325,,,,,,,,,,,,,,,,,,,,,,,,,,,
10,D,nonparticipants_only,,,10,0,10,0,0,0,0.16502561806020688,0.13763503215868506,0.485048892030914,0.010032764642924817,0,0,0.0,0,0.0,0.0,50.0,0,,,,,,,,,,,,,,,,,,,,,,,,,,,
10,D,step_totals,,,,,,,,,,,,,,,,,,,,,89.50000000000009,0.1,0.001117318435754189,20.0,0.22346368715083778,0.0,0.0,59.0,0.6592178770949715,0.01652130336928564,0.13559322033898305,0.0,0,8,16,18,1,40,38,59,5.8000000000000025,0.06480446927374298,4.600000000000001,0.051396648044692704,29,23,32
10,D,reachability,0.275,0.0,,,,,,,,,,,,,,,,,,,,,,,,,,,,,,,,,,,,,,,,,,,,,
11,D,all_agents,,,40,15,10,15,15,0,0.22549723996901308,0.18122819833572754,0.7170646587914609,0.01695493322042335,61,24,0.6,0,0.0,0.0,32.125,356,,,,,,,,,,,,,,,,,,,,,,,,,,,
11,D,participants_only,,,30,15,0,15,15,0,0.2453996254288892,0.20664237112683498,0.7170646587914609,0.017783863247732352,61,24,0.8,0,0.0,0.0,26.166666666666668,356,,,,,,,,,,,,,,,,,,,,,,,,,,,
11,D,nonparticipants_only,,,10,0,10,0,0,0,0.16579008358938474,0.13882997700069483,0.48262364757075943,0.009714883774574495,0,0,0.0,0,0.0,0.0,50.0,0,,,,,,,,,,,,,,,,,,,,,,,,,,,
11,D,step_totals,,,,,,,,,,,,,,,,,,,,,89.3000000000001,,,19.5,0.21836506159014535,0.0,0.0,59.0,0.6606942889137731,0.014872481763804353,0.0847457627118644,0.0,0,5,14,21,,39,38,59,6.200000000000003,0.06942889137737958,4.600000000000001,0.05151175811870097,31,23,41
12,D,all_agents,,,40,17,10,13,17,0,0.23053485535357687,0.18246475242802246,0.7283820724398025,0.017741552064784033,67,25,0.625,0,0.0,0.0,32.0,393,,,,,,,,,,,,,,,,,,,,,,,,,,,
12,D,participants_only,,,30,17,0,13,17,0,0.2518637752793623,0.20630613213603977,0.7283820724398025,0.018699736897782766,67,25,0.8333333333333334,0,0.0,0.0,26.0,393,,,,,,,,,,,,,,,,,,,,,,,,,,,
12,D,nonparticipants_only,,,10,0,10,0,0,0,0.16654809557622044,0.13813582711569136,0.48021052933290564,0.009407923663381008,0,0,0.0,0,0.0,0.0,50.0,0,,,,,,,,,,,,,,,,,,,,,,,,,,,
12,D,step_totals,,,,,,,,,,,,,,,,,,,,,83.20000000000006,0.1,0.0012019230769230761,19.5,0.23437499999999983,0.0,0.0,53.0,0.6370192307692303,0.016431326289611487,0.11320754716981132,0.0,0,6,12,32,1,39,37,53,5.8000000000000025,0.06971153846153844,4.800000000000002,0.05769230769230767,29,24,39
13,D,all_agents,,,40,20,10,10,20,0,0.2353402487929674,0.18513883584947644,0.7392467895422103,0.018712964983869106,74,25,0.625,0,0.0,0.0,31.65,428,,,,,,,,,,,,,,,,,,,,,,,,,,,
13,D,participants_only,,,30,20,0,10,20,0,0.2580203509232525,0.20616032136784979,0.7392467895422103,0.019856137992383692,74,25,0.8333333333333334,0,0.0,0.0,25.533333333333335,428,,,,,,,,,,,,,,,,,,,,,,,,,,,
13,D,nonparticipants_only,,,10,0,10,0,0,0,0.16729994240211193,0.13744514798011293,0.47780947668624113,0.009110801566643366,0,0,0.0,0,0.0,0.0,50.0,0,,,,,,,,,,,,,,,,,,,,,,,,,,,
13,D,step_totals,,,,,,,,,,,,,,,,,,,,,89.00000000000009,,,19.0,0.21348314606741553,0.0,0.0,59.0,0.6629213483146061,0.014661121038606206,0.11864406779661017,0.0,0,7,15,21,,38,37,59,6.000000000000003,0.06741573033707862,5.000000000000002,0.05617977528089884,30,25,39
14,D,all_agents,,,40,19,10,11,19,0,0.24014627402378272,0.1861858762764028,0.7496769179605219,0.019568901433463775,81,26,0.65,0,0.0,0.0,31.575,465,,,,,,,,,,,,,,,,,,,,,,,,,,,
14,D,participants_only,,,30,19,0,11,19,0,0.2641798825855978,0.20605442156541828,0.7496769179605219,0.020839961842481824,81,26,0.8666666666666667,0,0.0,0.0,25.433333333333334,465,,,,,,,,,,,,,,,,,,,,,,,,,,,
14,D,nonparticipants_only,,,10,0,10,0,0,0,0.16804544833833746,0.13749498842217928,0.4754204293028099,0.008824348120379006,0,0,0.0,0,0.0,0.0,50.0,0,,,,,,,,,,,,,,,,,,,,,,,,,,,
14,D,step_totals,,,,,,,,,,,,,,,,,,,,,82.40000000000008,,,19.0,0.23058252427184445,0.0,0.0,53.0,0.643203883495145,0.01595219226365293,0.1320754716981132,0.0,0,7,13,32,,38,38,53,5.400000000000002,0.06553398058252424,5.000000000000002,0.0606796116504854,27,25,40
15,D,all_agents,,,40,19,10,11,19,0,0.24445585220082047,0.18812648274582483,0.759689841242101,0.020530614663442633,84,27,0.675,0,0.0,0.0,31.325,497,,,,,,,,,,,,,,,,,,,,,,,,,,,
15,D,participants_only,,,30,19,0,11,19,0,0.2696797120548506,0.20727348210086416,0.759689841242101,0.021979243339988873,84,27,0.9,0,0.0,0.0,25.1,497,,,,,,,,,,,,,,,,,,,,,,,,,,,
15,D,nonparticipants_only,,,10,0,10,0,0,0,0.16878427263873025,0.13773435712865523,0.4730433271562959,0.00854981136257491,0,0,0.0,0,0.0,0.0,50.0,0,,,,,,,,,,,,,,,,,,,,,,,,,,,
15,D,step_totals,,,,,,,,,,,,,,,,,,,,,87.20000000000009,,,19.0,0.2178899082568805,0.0,0.0,57.0,0.6536697247706416,0.013620250599846163,0.05263157894736842,0.0,0,3,13,23,,38,37,57,6.000000000000003,0.06880733944954125,5.200000000000002,0.05963302752293574,30,26,42
16,D,all_agents,,,40,23,10,7,23,0,0.24849964776607308,0.1878341003150588,0.7693022475924169,0.021442904284301238,88,27,0.675,0,0.0,0.0,31.375,530,,,,,,,,,,,,,,,,,,,,,,,,,,,
16,D,participants_only,,,30,23,0,7,23,0,0.27482685272502544,0.20887309056612896,0.7693022475924169,0.02305770978588232,88,27,0.9,0,0.0,0.0,25.166666666666668,530,,,,,,,,,,,,,,,,,,,,,,,,,,,
16,D,nonparticipants_only,,,10,0,10,0,0,0,0.16951803288921605,0.13823127924258688,0.4706781105205144,0.00828102712814978,0,0,0.0,0,0.0,0.0,50.0,0,,,,,,,,,,,,,,,,,,,,,,,,,,,
16,D,step_totals,,,,,,,,,,,,,,,,,,,,,79.30000000000008,0.1,0.0012610340479192925,18.0,0.22698612862547266,0.0,0.0,50.0,0.6305170239596463,0.01435973133843234,0.08,0.0,0,4,11,37,1,36,34,50,5.8000000000000025,0.073139974779319,5.400000000000002,0.06809583858764182,29,27,40
17,D,all_agents,,,40,24,10,6,24,0,0.25255304235629544,0.19309081282163343,0.7785301576887202,0.02244417907423764,93,29,0.725,0,0.0,0.0,31.175,562,,,,,,,,,,,,,,,,,,,,,,,,,,,
17,D,participants_only,,,30,24,0,6,24,0,0.2799890668243475,0.2078287251132983,0.7785301576887202,0.02423973112542905,93,29,0.9666666666666667,0,0.0,0.0,24.9,562,,,,,,,,,,,,,,,,,,,,,,,,,,,
17,D,nonparticipants_only,,,10,0,10,0,0,0,0.17024496895213942,0.1403725254415201,0.4683247199679118,0.008024697657324824,0,0,0.0,0,0.0,0.0,50.0,0,,,,,,,,,,,,,,,,,,,,,,,,,,,
17,D,step_totals,,,,,,,,,,,,,,,,,,,,,86.00000000000009,,,19.0,0.22093023255813932,0.0,0.0,56.0,0.6511627906976738,0.013179967743575577,0.08928571428571429,0.0,0,5,14,27,,38,37,56,5.600000000000002,0.0651162790697674,5.400000000000002,0.06279069767441857,28,27,43
18,D,all_agents,,,40,27,10,3,27,0,0.25665329035956896,0.19250386751863358,0.7873889513811715,0.023411021691978673,97,29,0.725,0,0.0,0.0,31.275,598,,,,,,,,,,,,,,,,,,,,,,,,,,,
18,D,participants_only,,,30,27,0,3,27,0,0.2852154844296787,0.21296496523710698,0.7873889513811715,0.025359926447383885,97,29,0.9666666666666667,0,0.0,0.0,25.033333333333335,598,,,,,,,,,,,,,,,,,,,,,,,,,,,
18,D,nonparticipants_only,,,10,0,10,0,0,0,0.1709667081492397,0.14151750497350662,0.4659830963680722,0.007774720264579681,0,0,0.0,0,0.0,0.0,50.0,0,,,,,,,,,,,,,,,,,,,,,,,,,,,
18,D,step_totals,,,,,,,,,,,,,,,,,,,,,79.20000000000009,,,18.0,0.22727272727272702,0.0,0.0,50.0,0.6313131313131306,0.014570192647129129,0.08,0.0,0,4,12,39,,36,33,50,5.600000000000002,0.07070707070707066,5.600000000000002,0.07070707070707066,28,28,39
19,D,all_agents,,,40,28,10,2,28,0,0.2606473103856365,0.19390019080061155,0.7958933933259247,0.024559135089950068,101,29,0.725,0,0.0,0.0,31.175,633,,,,,,,,,,,,,,,,,,,,,,,,,,,
19,D,participants_only,,,30,28,0,2,28,0,0.29030215485344185,0.21641328607180954,0.7958933933259247,0.02671687491737507,101,29,0.9666666666666667,0,0.0,0.0,24.9,633,,,,,,,,,,,,,,,,,,,,,,,,,,,
19,D,nonparticipants_only,,,10,0,10,0,0,0,0.17168277698222037,0.14438979233090965,0.46365318088623186,0.007532998002758336,0,0,0.0,0,0.0,0.0,50.0,0,,,,,,,,,,,,,,,,,,,,,,,,,,,
19,D,step_totals,,,,,,,,,,,,,,,,,,,,,85.60000000000008,,,19.0,0.2219626168224297,0.0,0.0,55.0,0.6425233644859807,0.013089968004315236,0.07272727272727272,0.0,0,4,11,28,,38,37,55,5.8000000000000025,0.06775700934579436,5.8000000000000025,0.06775700934579436,29,29,44
20,D,all_agents,,,40,28,10,2,28,0,0.2649659968994467,0.19583389890324138,0.8040576575928877,0.025792268476279415,108,29,0.725,0,0.0,0.0,31.275,676,,,,,,,,,,,,,,,,,,,,,,,,,,,
20,D,participants_only,,,30,28,0,2,28,0,0.2958238140791486,0.21625450345498082,0.8040576575928877,0.02814695184176799,108,29,0.9666666666666667,0,0.0,0.0,25.033333333333335,676,,,,,,,,,,,,,,,,,,,,,,,,,,,
20,D,nonparticipants_only,,,10,0,10,0,0,0,0.17239254536034102,0.14658084803649551,0.4613349149818007,0.007301759806662818,0,0,0.0,0,0.0,0.0,50.0,0,,,,,,,,,,,,,,,,,,,,,,,,,,,
20,D,step_totals,,,,,,,,,,,,,,,,,,,,,78.7000000000001,,,17.5,0.22236340533672144,0.0,0.0,50.0,0.6353240152477755,0.01534899124847571,0.14,0.0,0,7,12,38,,35,32,50,5.600000000000002,0.07115628970775088,5.600000000000002,0.07115628970775088,28,28,37
20,D,reachability,0.15,0.0,,,,,,,,,,,,,,,,,,,,,,,,,,,,,,,,,,,,,,,,,,,,,
21,D,all_agents,,,40,29,10,1,29,0,0.2690713764489486,0.19653965256220046,0.8118953512891722,0.02692752441291204,115,29,0.725,0,0.0,0.0,31.15,714,,,,,,,,,,,,,,,,,,,,,,,,,,,
21,D,participants_only,,,30,29,0,1,29,0,0.3010628449610932,0.2187860741737127,0.8118953512891722,0.029450374142218166,115,29,0.9666666666666667,0,0.0,0.0,24.866666666666667,714,,,,,,,,,,,,,,,,,,,,,,,,,,,
21,D,nonparticipants_only,,,10,0,10,0,0,0,0.17309697091251466,0.14687138915994807,0.45902824040689166,0.0070775265342311764,0,0,0.0,0,0.0,0.0,50.0,0,,,,,,,,,,,,,,,,,,,,,,,,,,,
21,D,step_totals,,,,,,,,,,,,,,,,,,,,,85.20000000000009,,,19.0,0.22300469483568053,0.0,0.0,55.0,0.6455399061032857,0.013480611322522068,0.12727272727272726,0.0,0,7,13,28,,38,37,55,5.400000000000002,0.0633802816901408,5.8000000000000025,0.06807511737089197,27,29,44
22,D,all_agents,,,40,30,10,0,30,0,0.2730089590094526,0.1976943377018523,0.8194195372376053,0.028179324662466303,121,29,0.725,0,0.0,0.0,31.275,755,,,,,,,,,,,,,,,,,,,,,,,,,,,
22,D,participants_only,,,30,30,0,0,30,0,0.30607978214504866,0.21853466361453378,0.8194195372376053,0.030911493121603295,121,29,0.9666666666666667,0,0.0,0.0,25.033333333333335,755,,,,,,,,,,,,,,,,,,,,,,,,,,,
22,D,nonparticipants_only,,,10,0,10,0,0,0,0.17379648960266444,0.14818351292477727,0.4567330992048572,0.006858667170664826,0,0,0.0,0,0.0,0.0,50.0,0,,,,,,,,,,,,,,,,,,,,,,,,,,,
22,D,step_totals,,,,,,,,,,,,,,,,,,,,,78.50000000000007,,,17.5,0.2229299363057323,0.0,0.0,50.0,0.6369426751592351,0.014250682358519067,0.12,0.0,0,6,12,38,,35,32,50,5.600000000000002,0.07133757961783437,5.400000000000002,0.06878980891719742,28,27,37
23,D,all_agents,,,40,30,10,0,30,0,0.27669972085894323,0.20094953476441052,0.8212253418652292,0.029293089113777555,126,30,0.75,0,0.0,0.0,31.15,790,,,,,,,,,,,,,,,,,,,,,,,,,,,
23,D,participants_only,,,30,30,0,0,30,0,0.3107699249198694,0.22428182652566758,0.8212253418652292,0.03219676623036493,126,30,1.0,0,0.0,0.0,24.866666666666667,790,,,,,,,,,,,,,,,,,,,,,,,,,,,
23,D,nonparticipants_only,,,10,0,10,0,0,0,0.17448910867616493,0.15227603088354125,0.45444943370883295,0.006652712106977681,0,0,0.0,0,0.0,0.0,50.0,0,,,,,,,,,,,,,,,,,,,,,,,,,,,
23,D,step_totals,,,,,,,,,,,,,,,,,,,,,85.20000000000009,,,19.0,0.22300469483568053,0.0,0.0,55.0,0.6455399061032857,0.012339909883844957,0.09090909090909091,0.0,0,5,13,27,,38,37,55,5.400000000000002,0.0633802816901408,5.8000000000000025,0.06807511737089197,27,29,44
24,D,all_agents,,,40,30,10,0,30,0,0.28051331816905706,0.20330631740700708,0.82837632819062,0.030551863058732084,133,30,0.75,0,0.0,0.0,31.275,832,,,,,,,,,,,,,,,,,,,,,,,,,,,
24,D,participants_only,,,30,30,0,0,30,0,0.31562546794002366,0.22337915785904316,0.82837632819062,0.03365370008186895,133,30,1.0,0,0.0,0.0,25.033333333333335,832,,,,,,,,,,,,,,,,,,,,,,,,,,,
24,D,nonparticipants_only,,,10,0,10,0,0,0,0.17517686885615716,0.15375330124513858,0.45217718654028877,0.006451995250855985,0,0,0.0,0,0.0,0.0,50.0,0,,,,,,,,,,,,,,,,,,,,,,,,,,,
24,D,step_totals,,,,,,,,,,,,,,,,,,,,,78.70000000000009,,,17.5,0.22236340533672147,0.0,0.0,50.0,0.6353240152477757,0.013860972831876501,0.14,0.0,0,7,12,38,,35,32,50,5.600000000000002,0.0711562897077509,5.600000000000002,0.0711562897077509,28,28,38
25,D,all_agents,,,40,30,10,0,30,0,0.2844691660708559,0.20712866847165468,0.8352412750629952,0.03173206994360089,142,30,0.75,0,0.0,0.0,31.15,874,,,,,,,,,,,,,,,,,,,,,,,,,,,
25,D,participants_only,,,30,30,0,0,30,0,0.320672362269581,0.22722014819046407,0.8352412750629952,0.03498097429487045,142,30,1.0,0,0.0,0.0,24.866666666666667,874,,,,,,,,,,,,,,,,,,,,,,,,,,,
25,D,nonparticipants_only,,,10,0,10,0,0,0,0.1758595774746804,0.15523832855951908,0.4499163006075873,0.006257299909751537,0,0,0.0,0,0.0,0.0,50.0,0,,,,,,,,,,,,,,,,,,,,,,,,,,,
25,D,step_totals,,,,,,,,,,,,,,,,,,,,,84.20000000000007,,,18.0,0.2137767220902611,0.0,0.0,55.0,0.6532066508313533,0.013276590836863172,0.16363636363636364,0.0,0,9,14,25,,36,36,55,5.200000000000002,0.06175771971496434,6.000000000000003,0.0712589073634204,26,30,44
26,D,all_agents,,,40,30,10,0,30,0,0.2880527595836283,0.20945229040438057,0.8418316240604754,0.033025663348095764,147,30,0.75,0,0.0,0.0,31.275,917,,,,,,,,,,,,,,,,,,,,,,,,,,,
26,D,participants_only,,,30,30,0,0,30,0,0.32522469426335293,0.22717072080775458,0.8418316240604754,0.03648396453372167,147,30,1.0,0,0.0,0.0,25.033333333333335,917,,,,,,,,,,,,,,,,,,,,,,,,,,,
26,D,nonparticipants_only,,,10,0,10,0,0,0,0.1765369555444544,0.15785888960923067,0.44766671910454936,0.006069727057213479,0,0,0.0,0,0.0,0.0,50.0,0,,,,,,,,,,,,,,,,,,,,,,,,,,,
26,D,step_totals,,,,,,,,,,,,,,,,,,,,,78.10000000000008,,,16.5,0.2112676056338026,0.0,0.0,50.0,0.6402048655569775,0.013327390085377585,0.1,0.0,0,5,12,38,,33,30,50,5.600000000000002,0.07170294494238152,6.000000000000003,0.07682458386683734,28,30,35
27,D,all_agents,,,40,30,10,0,28,2,0.29162318060012205,0.21061609475209148,0.8481583590980564,0.03422782446418634,152,30,0.75,0,0.0,0.0,31.15,957,,,,,,,,,,,,,,,,,,,,,,,,,,,
27,D,participants_only,,,30,30,0,0,28,2,0.32976136004123346,0.2332661861962469,0.8481583590980564,0.037855493892246135,152,30,1.0,0,0.0,0.0,24.866666666666667,957,,,,,,,,,,,,,,,,,,,,,,,,,,,
27,D,nonparticipants_only,,,10,0,10,0,0,0,0.1772086422767876,0.1597450314753358,0.44542838550902664,0.005890567407017922,0,0,0.0,0,0.0,0.0,50.0,0,,,,,,,,,,,,,,,,,,,,,,,,,,,
27,D,step_totals,,,,,,,,,,,,,,,,,,,,,83.6000000000001,,,18.0,0.21531100478468876,0.0,0.0,55.0,0.6578947368421045,0.012292513930638686,0.09090909090909091,0.0,0,5,17,24,,36,36,55,4.600000000000001,0.05502392344497603,6.000000000000003,0.07177033492822962,23,30,44
28,D,all_agents,,,40,30,10,0,28,2,0.29476654857909956,0.2128704649436215,0.8542320247341341,0.035466892862057724,155,30,0.75,0,0.0,0.0,31.275,997,,,,,,,,,,,,,,,,,,,,,,,,,,,
28,D,participants_only,,,30,30,0,0,28,2,0.3337301600770621,0.23209985526526564,0.8542320247341341,0.03931124306775524,155,30,1.0,0,0.0,0.0,25.033333333333335,997,,,,,,,,,,,,,,,,,,,,,,,,,,,
28,D,nonparticipants_only,,,10,0,10,0,0,0,0.1778757140852119,0.16108462456930753,0.4432012435814815,0.005715885993395256,0,0,0.0,0,0.0,0.0,50.0,0,,,,,,,,,,,,,,,,,,,,,,,,,,,
28,D,step_totals,,,,,,,,,,,,,,,,,,,,,77.40000000000008,,,16.0,0.20671834625322977,0.0,0.0,50.0,0.645994832041343,0.012125617009645939,0.06,0.0,0,3,13,38,,32,30,50,5.400000000000002,0.06976744186046507,6.000000000000003,0.0775193798449612,27,30,35
29,D,all_agents,,,40,30,10,0,28,2,0.29832041654006874,0.21448671024600308,0.8600627437447687,0.036647383821367154,160,30,0.75,0,0.0,0.0,31.15,1039,,,,,,,,,,,,,,,,,,,,,,,,,,,
29,D,participants_only,,,30,30,0,0,28,2,0.33824808872763723,0.243783777407438,0.8600627437447687,0.04063676711062063,160,30,1.0,0,0.0,0.0,24.866666666666667,1039,,,,,,,,,,,,,,,,,,,,,,,,,,,
29,D,nonparticipants_only,,,10,0,10,0,0,0,0.1785373999773633,0.16174212782902997,0.4409852373635741,0.005548605877791582,0,0,0.0,0,0.0,0.0,50.0,0,,,,,,,,,,,,,,,,,,,,,,,,,,,
29,D,step_totals,,,,,,,,,,,,,,,,,,,,,83.60000000000008,,,18.0,0.2153110047846888,0.0,0.0,55.0,0.6578947368421046,0.01226884615519732,0.09090909090909091,0.0,0,5,17,23,,36,36,55,4.600000000000001,0.055023923444976044,6.000000000000003,0.07177033492822962,23,30,44
30,D,all_agents,,,40,30,10,0,29,1,0.3013391899215822,0.21578418799930596,0.8656602339949779,0.03788633374907654,164,30,0.75,0,0.0,0.0,31.275,1080,,,,,,,,,,,,,,,,,,,,,,,,,,,
30,D,participants_only,,,30,30,0,0,29,1,0.34205407226572204,0.24256485852040083,0.8656602339949779,0.0420890938271761,164,30,1.0,0,0.0,0.0,25.033333333333335,1080,,,,,,,,,,,,,,,,,,,,,,,,,,,
30,D,nonparticipants_only,,,10,0,10,0,0,0,0.17919454288916276,0.1627440471718692,0.4387803111767562,0.005385633783212077,0,0,0.0,0,0.0,0.0,50.0,0,,,,,,,,,,,,,,,,,,,,,,,,,,,
30,D,step_totals,,,,,,,,,,,,,,,,,,,,,77.40000000000008,,,16.0,0.20671834625322977,0.0,0.0,50.0,0.645994832041343,0.011768975597042522,0.08,0.0,0,4,13,38,,32,30,50,5.400000000000002,0.06976744186046507,6.000000000000003,0.0775193798449612,27,30,35
30,D,reachability,0.15,0.0,,,,,,,,,,,,,,,,,,,,,,,,,,,,,,,,,,,,,,,,,,,,,
31,D,all_agents,,,40,30,10,0,28,2,0.304824147070146,0.21810305480778594,0.8710338246351789,0.03904230492561146,172,30,0.75,0,0.0,0.0,31.15,1123,,,,,,,,,,,,,,,,,,,,,,,,,,,
31,D,participants_only,,,30,30,0,0,28,2,0.3464833575090514,0.24645449084979615,0.8710338246351789,0.04337134100765358,172,30,1.0,0,0.0,0.0,24.866666666666667,1123,,,,,,,,,,,,,,,,,,,,,,,,,,,
31,D,nonparticipants_only,,,10,0,10,0,0,0,0.17984651575342966,0.1641271491323999,0.4365864096208724,0.005229318906769026,0,0,0.0,0,0.0,0.0,50.0,0,,,,,,,,,,,,,,,,,,,,,,,,,,,
31,D,step_totals,,,,,,,,,,,,,,,,,,,,,83.20000000000007,,,18.0,0.21634615384615366,0.0,0.0,55.0,0.6610576923076917,0.012153265240171008,0.14545454545454545,0.0,0,8,19,21,,36,36,55,4.200000000000001,0.0504807692307692,6.000000000000003,0.07211538461538458,21,30,44
32,D,all_agents,,,40,30,10,0,28,2,0.30786869881152773,0.21894807686693904,0.8761924716497718,0.04024390275751067,179,30,0.75,0,0.0,0.0,31.275,1166,,,,,,,,,,,,,,,,,,,,,,,,,,,
32,D,participants_only,,,30,30,0,0,28,2,0.3503269556517356,0.24961627359144903,0.8761924716497718,0.04475524268268991,179,30,1.0,0,0.0,0.0,25.033333333333335,1166,,,,,,,,,,,,,,,,,,,,,,,,,,,
32,D,nonparticipants_only,,,10,0,10,0,0,0,0.18049392829090405,0.16488377207459654,0.43440347757276804,0.005077440095064209,0,0,0.0,0,0.0,0.0,50.0,0,,,,,,,,,,,,,,,,,,,,,,,,,,,
32,D,step_totals,,,,,,,,,,,,,,,,,,,,,77.20000000000007,,,16.0,0.2072538860103625,0.0,0.0,50.0,0.6476683937823828,0.011914591772118331,0.14,0.0,0,7,14,38,,32,30,50,5.200000000000002,0.06735751295336784,6.000000000000003,0.07772020725388597,26,30,34
33,D,all_agents,,,40,30,10,0,25,5,0.3110074193349201,0.22129776793594186,0.8811447727837809,0.041348886839592806,187,30,0.75,0,0.0,0.0,31.15,1207,,,,,,,,,,,,,,,,,,,,,,,,,,,
33,D,participants_only,,,30,30,0,0,25,5,0.35429759988738924,0.25296391415697594,0.8811447727837809,0.04599245728689951,187,30,1.0,0,0.0,0.0,24.866666666666667,1207,,,,,,,,,,,,,,,,,,,,,,,,,,,
33,D,nonparticipants_only,,,10,0,10,0,0,0,0.18113687767751277,0.16618364356167264,0.4322314601849042,0.004929698710488182,0,0,0.0,0,0.0,0.0,50.0,0,,,,,,,,,,,,,,,,,,,,,,,,,,,
33,D,step_totals,,,,,,,,,,,,,,,,,,,,,83.00000000000007,,,18.0,0.21686746987951788,0.0,0.0,55.0,0.662650602409638,0.011207207616210076,0.14545454545454545,0.0,0,8,20,20,,36,36,55,4.000000000000001,0.04819277108433732,6.000000000000003,0.072289156626506,20,30,42
34,D,all_agents,,,40,30,10,0,25,5,0.3138049188145079,0.22161943349984103,0.8858989818724297,0.04245982091618435,193,30,0.75,0,0.0,0.0,31.275,1249,,,,,,,,,,,,,,,,,,,,,,,,,,,
34,D,participants_only,,,30,30,0,0,25,5,0.35781477891270574,0.25452882696490997,0.8858989818724297,0.047270193973939986,193,30,1.0,0,0.0,0.0,25.033333333333335,1249,,,,,,,,,,,,,,,,,,,,,,,,,,,
34,D,nonparticipants_only,,,10,0,10,0,0,0,0.1817753385199141,0.1666884887385584,0.4300703028839797,0.004786288312562018,0,0,0.0,0,0.0,0.0,50.0,0,,,,,,,,,,,,,,,,,,,,,,,,,,,
34,D,step_totals,,,,,,,,,,,,,,,,,,,,,76.50000000000009,,,15.5,0.2026143790849671,0.0,0.0,50.0,0.6535947712418293,0.011288253842041561,0.12,0.0,0,6,15,38,,31,30,50,5.000000000000002,0.06535947712418295,6.000000000000003,0.07843137254901955,25,30,34
35,D,all_agents,,,40,30,10,0,25,5,0.31664037822332625,0.22336832617249813,0.8904630225975325,0.04345867911034053,196,30,0.75,0,0.0,0.0,31.15,1287,,,,,,,,,,,,,,,,,,,,,,,,,,,
35,D,participants_only,,,30,30,0,0,25,5,0.3613843609535893,0.25427877854595504,0.8904630225975325,0.04838666910939825,196,30,1.0,0,0.0,0.0,24.866666666666667,1287,,,,,,,,,,,,,,,,,,,,,,,,,,,
35,D,nonparticipants_only,,,10,0,10,0,0,0,0.1824084300325372,0.16715364573295072,0.4279199513695598,0.004650421226374456,0,0,0.0,0,0.0,0.0,50.0,0,,,,,,,,,,,,,,,,,,,,,,,,,,,
35,D,step_totals,,,,,,,,,,,,,,,,,,,,,82.00000000000007,,,17.0,0.20731707317073153,0.0,0.0,55.0,0.6707317073170725,0.010499479427061306,0.05454545454545454,0.0,0,3,20,20,,34,35,55,4.000000000000001,0.048780487804878016,6.000000000000003,0.07317073170731704,20,30,41
36,D,all_agents,,,40,30,10,0,25,5,0.319088355056452,0.22347344695667848,0.8948445016936312,0.04457594755438782,202,30,0.75,0,0.0,0.0,31.225,1327,,,,,,,,,,,,,,,,,,,,,,,,,,,
36,D,participants_only,,,30,30,0,0,25,5,0.36443866284426985,0.2565145788130142,0.8948445016936312,0.04970218389337328,202,30,1.0,0,0.0,0.0,24.966666666666665,1327,,,,,,,,,,,,,,,,,,,,,,,,,,,
36,D,nonparticipants_only,,,10,0,10,0,0,0,0.18303743169299855,0.16829348665824975,0.425780351612712,0.004517433540033722,0,0,0.0,0,0.0,0.0,50.0,0,,,,,,,,,,,,,,,,,,,,,,,,,,,
36,D,step_totals,,,,,,,,,,,,,,,,,,,,,77.00000000000009,,,15.0,0.1948051948051946,0.0,0.0,51.0,0.6623376623376616,0.010145287094780958,0.11764705882352941,0.0,0,6,14,38,,30,29,51,5.200000000000002,0.06753246753246749,5.8000000000000025,0.07532467532467528,26,29,34
37,D,all_agents,,,40,30,10,0,23,7,0.32210590511969917,0.22528745639361378,0.899050721625886,0.04559337006960127,207,30,0.75,0,0.0,0.0,31.1,1370,,,,,,,,,,,,,,,,,,,,,,,,,,,
37,D,participants_only,,,30,30,0,0,23,7,0.3682537548542803,0.26069164643875814,0.899050721625886,0.050810200871890025,207,30,1.0,0,0.0,0.0,24.8,1370,,,,,,,,,,,,,,,,,,,,,,,,,,,
37,D,nonparticipants_only,,,10,0,10,0,0,0,0.1836623559159559,0.16936491914183172,0.4236514498546484,0.004387389241229283,0,0,0.0,0,0.0,0.0,50.0,0,,,,,,,,,,,,,,,,,,,,,,,,,,,
37,D,step_totals,,,,,,,,,,,,,,,,,,,,,82.00000000000009,,,17.0,0.2073170731707315,0.0,0.0,55.0,0.6707317073170724,0.011051774469784871,0.09090909090909091,0.0,0,5,20,20,,34,35,55,4.000000000000001,0.04878048780487801,6.000000000000003,0.07317073170731703,20,30,41
38,D,all_agents,,,40,30,10,0,22,8,0.3247584626948123,0.224816628584997,0.9030886927608505,0.046628974417300996,210,30,0.75,0,0.0,0.0,31.175,1413,,,,,,,,,,,,,,,,,,,,,,,,,,,
38,D,participants_only,,,30,30,0,0,22,8,0.3715835898124435,0.2615993941695147,0.9030886927608505,0.05198135680824975,210,30,1.0,0,0.0,0.0,24.9,1413,,,,,,,,,,,,,,,,,,,,,,,,,,,
38,D,nonparticipants_only,,,10,0,10,0,0,0,0.18428308134191848,0.16977210113453317,0.4215331926053752,0.004260716889466821,0,0,0.0,0,0.0,0.0,50.0,0,,,,,,,,,,,,,,,,,,,,,,,,,,,
38,D,step_totals,,,,,,,,,,,,,,,,,,,,,76.80000000000008,,,15.0,0.19531249999999978,0.0,0.0,51.0,0.6640624999999993,0.01084049225134883,0.058823529411764705,0.0,0,3,15,38,,30,29,51,5.000000000000002,0.06510416666666662,5.8000000000000025,0.07552083333333329,25,29,34
39,D,all_agents,,,40,30,10,0,22,8,0.32737329828604184,0.2267884501586856,0.9069651450504165,0.0476417397752513,215,30,0.75,0,0.0,0.0,31.05,1454,,,,,,,,,,,,,,,,,,,,,,,,,,,
39,D,participants_only,,,30,30,0,0,22,8,0.37486490231540315,0.26255669346186894,0.9069651450504165,0.05311997535623767,215,30,1.0,0,0.0,0.0,24.733333333333334,1454,,,,,,,,,,,,,,,,,,,,,,,,,,,
39,D,nonparticipants_only,,,10,0,10,0,0,0,0.18489848619795782,0.17027580913916862,0.41942552664234833,0.004141603592912383,0,0,0.0,0,0.0,0.0,50.0,0,,,,,,,,,,,,,,,,,,,,,,,,,,,
39,D,step_totals,,,,,,,,,,,,,,,,,,,,,80.10000000000008,,,15.5,0.19350811485642927,0.0,0.0,55.0,0.6866416978776523,0.01016233425646448,0.09090909090909091,0.0,0,5,22,19,,31,34,55,3.600000000000001,0.04494382022471907,6.000000000000003,0.07490636704119846,18,30,40
40,D,all_agents,,,40,30,10,0,21,9,0.33002635540476344,0.22786182204840247,0.9106865392483998,0.048675205655101035,222,30,0.75,0,0.0,0.0,31.125,1500,,,,,,,,,,,,,,,,,,,,,,,,,,,
40,D,participants_only,,,30,30,0,0,21,9,0.3781985871363386,0.26407308206417746,0.9106865392483998,0.054275976132746324,222,30,1.0,0,0.0,0.0,24.833333333333332,1500,,,,,,,,,,,,,,,,,,,,,,,,,,,
40,D,nonparticipants_only,,,10,0,10,0,0,0,0.1855096602100378,0.1707632352721533,0.4173283990091366,0.004026127302158198,0,0,0.0,0,0.0,0.0,50.0,0,,,,,,,,,,,,,,,,,,,,,,,,,,,
40,D,step_totals,,,,,,,,,,,,,,,,,,,,,76.90000000000008,,,14.5,0.18855656697009085,0.0,0.0,51.0,0.6631989596879058,0.010870610855519491,0.13725490196078433,0.0,0,7,12,38,,29,29,51,5.600000000000002,0.07282184655396615,5.8000000000000025,0.07542262678803636,28,29,36
40,D,reachability,0.15,0.0,,,,,,,,,,,,,,,,,,,,,,,,,,,,,,,,,,,,,,,,,,,,,
41,D,all_agents,,,40,30,10,0,21,9,0.3327191974109013,0.23024859188771304,0.9142590776784638,0.04958705733214642,228,30,0.75,0,0.0,0.0,31.0,1543,,,,,,,,,,,,,,,,,,,,,,,,,,,
41,D,participants_only,,,30,30,0,0,21,9,0.3815865647497977,0.26378000058843387,0.9142590776784638,0.0552598350958534,228,30,1.0,0,0.0,0.0,24.666666666666668,1543,,,,,,,,,,,,,,,,,,,,,,,,,,,
41,D,nonparticipants_only,,,10,0,10,0,0,0,0.1861170953942123,0.17125756609966253,0.41524175701409094,0.003912488953409885,0,0,0.0,0,0.0,0.0,50.0,0,,,,,,,,,,,,,,,,,,,,,,,,,,,
41,D,step_totals,,,,,,,,,,,,,,,,,,,,,79.60000000000008,,,15.0,0.1884422110552762,0.0,0.0,55.0,0.690954773869346,0.010501959090460167,0.10909090909090909,0.0,0,6,22,19,,30,33,55,3.600000000000001,0.0452261306532663,6.000000000000003,0.0753768844221105,18,30,39
42,D,all_agents,,,40,30,10,0,21,9,0.3348956298552673,0.23058851129810282,0.9176887145713253,0.05056998427146837,234,30,0.75,0,0.0,0.0,31.075,1584,,,,,,,,,,,,,,,,,,,,,,,,,,,
42,D,participants_only,,,30,30,0,0,21,9,0.38428734034876305,0.26587233779680364,0.9176887145713253,0.056401208491755325,234,30,1.0,0,0.0,0.0,24.766666666666666,1584,,,,,,,,,,,,,,,,,,,,,,,,,,,
42,D,nonparticipants_only,,,10,0,10,0,0,0,0.18672049837478014,0.17233322526709863,0.41316554822902046,0.0038018188249279235,0,0,0.0,0,0.0,0.0,50.0,0,,,,,,,,,,,,,,,,,,,,,,,,,,,
42,D,step_totals,,,,,,,,,,,,,,,,,,,,,76.90000000000008,,,14.5,0.18855656697009085,0.0,0.0,51.0,0.6631989596879058,0.009409645195316544,0.11764705882352941,0.0,0,6,12,37,,29,29,51,5.600000000000002,0.07282184655396615,5.8000000000000025,0.07542262678803636,28,29,36
43,D,all_agents,,,40,30,10,0,20,10,0.33736664843777286,0.23244700821973557,0.9209811659884722,0.05159453004725306,241,30,0.75,0,0.0,0.0,30.95,1628,,,,,,,,,,,,,,,,,,,,,,,,,,,
43,D,participants_only,,,30,30,0,0,20,10,0.387382569920156,0.2654679247865577,0.9209811659884722,0.05755374569178992,241,30,1.0,0,0.0,0.0,24.6,1628,,,,,,,,,,,,,,,,,,,,,,,,,,,
43,D,nonparticipants_only,,,10,0,10,0,0,0,0.18731888399062344,0.17180000027025993,0.41109972048787535,0.0036977742928595266,0,0,0.0,0,0.0,0.0,50.0,0,,,,,,,,,,,,,,,,,,,,,,,,,,,
43,D,step_totals,,,,,,,,,,,,,,,,,,,,,79.60000000000005,,,15.0,0.18844221105527625,0.0,0.0,55.0,0.6909547738693463,0.00985160315475035,0.12727272727272726,0.0,0,7,22,18,,30,33,55,3.600000000000001,0.04522613065326631,6.000000000000003,0.07537688442211053,18,30,39
44,D,all_agents,,,40,30,10,0,20,10,0.33945533115229504,0.2334174519569967,0.9241419193489333,0.052552158120721254,246,30,0.75,0,0.0,0.0,31.075,1671,,,,,,,,,,,,,,,,,,,,,,,,,,,
44,D,participants_only,,,30,30,0,0,20,10,0.38996945448345344,0.27005883121930585,0.9241419193489333,0.05866356102260301,246,30,1.0,0,0.0,0.0,24.766666666666666,1671,,,,,,,,,,,,,,,,,,,,,,,,,,,
44,D,nonparticipants_only,,,10,0,10,0,0,0,0.18791296115881986,0.1718738249795395,0.409044221885436,0.003597829544090208,0,0,0.0,0,0.0,0.0,50.0,0,,,,,,,,,,,,,,,,,,,,,,,,,,,
44,D,step_totals,,,,,,,,,,,,,,,,,,,,,75.40000000000008,,,14.0,0.1856763925729441,0.0,0.0,50.0,0.6631299734748004,0.00938737516324245,0.1,0.0,0,5,13,37,,28,29,50,5.400000000000002,0.07161803713527846,6.000000000000003,0.07957559681697608,27,30,35
45,D,all_agents,,,40,30,10,0,20,10,0.3417213273034055,0.23440964347809207,0.927176242574976,0.05344239716795962,253,30,0.75,0,0.0,0.0,30.95,1713,,,,,,,,,,,,,,,,,,,,,,,,,,,
45,D,participants_only,,,30,30,0,0,20,10,0.39279399322117425,0.27073592733825447,0.927176242574976,0.05965625810227415,253,30,1.0,0,0.0,0.0,24.6,1713,,,,,,,,,,,,,,,,,,,,,,,,,,,
45,D,nonparticipants_only,,,10,0,10,0,0,0,0.18850332955009927,0.17144108006956582,0.4069990007760088,0.003499807917639814,0,0,0.0,0,0.0,0.0,50.0,0,,,,,,,,,,,,,,,,,,,,,,,,,,,
45,D,step_totals,,,,,,,,,,,,,,,,,,,,,79.10000000000005,,,14.5,0.18331226295828054,0.0,0.0,55.0,0.6953223767383055,0.0093306876036628,0.12727272727272726,0.0,0,7,22,18,,29,33,55,3.600000000000001,0.045512010113780005,6.000000000000003,0.07585335018963336,18,30,39
46,D,all_agents,,,40,30,10,0,20,10,0.34372457703710224,0.23362253005356853,0.930089192871977,0.05436673051631124,261,30,0.75,0,0.0,0.0,31.075,1756,,,,,,,,,,,,,,,,,,,,,,,,,,,
46,D,participants_only,,,30,30,0,0,20,10,0.39526926421693837,0.2720128405522221,0.930089192871977,0.06072760376599867,261,30,1.0,0,0.0,0.0,24.766666666666666,1756,,,,,,,,,,,,,,,,,,,,,,,,,,,
46,D,nonparticipants_only,,,10,0,10,0,0,0,0.18909051549759387,0.17150087993208174,0.40496400577212877,0.003401853449642992,0,0,0.0,0,0.0,0.0,50.0,0,,,,,,,,,,,,,,,,,,,,,,,,,,,
46,D,step_totals,,,,,,,,,,,,,,,,,,,,,76.10000000000008,,,14.5,0.19053876478317983,0.0,0.0,50.0,0.6570302233902753,0.009040670242697444,0.16,0.0,0,8,12,37,,29,29,50,5.600000000000002,0.07358738501971086,6.000000000000003,0.07884362680683307,28,30,35
47,D,all_agents,,,40,30,10,0,19,11,0.34596199717624626,0.23446569975164938,0.9328856251570979,0.05522696589746324,271,30,0.75,0,0.0,0.0,30.95,1798,,,,,,,,,,,,,,,,,,,,,,,,,,,
47,D,participants_only,,,30,30,0,0,19,11,0.39805844881772057,0.27187731570821444,0.9328856251570979,0.061676175986535374,271,30,1.0,0,0.0,0.0,24.6,1798,,,,,,,,,,,,,,,,,,,,,,,,,,,
47,D,nonparticipants_only,,,10,0,10,0,0,0,0.1896726422518234,0.17254254018634374,0.40293918574326815,0.003310852346657181,0,0,0.0,0,0.0,0.0,50.0,0,,,,,,,,,,,,,,,,,,,,,,,,,,,
47,D,step_totals,,,,,,,,,,,,,,,,,,,,,79.10000000000008,,,14.5,0.1833122629582805,0.0,0.0,55.0,0.6953223767383052,0.009264031523060321,0.18181818181818182,0.0,0,10,22,18,,29,33,55,3.600000000000001,0.04551201011377999,6.000000000000003,0.07585335018963334,18,30,39
48,D,all_agents,,,40,30,10,0,19,11,0.3477397324551908,0.2342214795889829,0.935570200150814,0.056099726856671785,279,30,0.75,0,0.0,0.0,31.075,1840,,,,,,,,,,,,,,,,,,,,,,,,,,,
48,D,participants_only,,,30,30,0,0,19,11,0.40023606038153686,0.2736312506445887,0.935570200150814,0.06270181246435946,279,30,1.0,0,0.0,0.0,24.766666666666666,1840,,,,,,,,,,,,,,,,,,,,,,,,,,,
48,D,nonparticipants_only,,,10,0,10,0,0,0,0.1902507486761526,0.1739906414976008,0.4009244898145518,0.0032230966846032096,0,0,0.0,0,0.0,0.0,50.0,0,,,,,,,,,,,,,,,,,,,,,,,,,,,
48,D,step_totals,,,,,,,,,,,,,,,,,,,,,74.70000000000007,,,13.5,0.1807228915662649,0.0,0.0,50.0,0.6693440428380181,0.008531459753744731,0.16,0.0,0,8,14,37,,27,28,50,5.200000000000002,0.06961178045515391,6.000000000000003,0.0803212851405622,26,30,33
49,D,all_agents,,,40,30,10,0,19,11,0.3498227317015428,0.23761282030699785,0.9381473921447815,0.056988928395640646,286,30,0.75,0,0.0,0.0,30.95,1884,,,,,,,,,,,,,,,,,,,,,,,,,,,
49,D,participants_only,,,30,30,0,0,19,11,0.40282190579576627,0.27226309439136576,0.9381473921447815,0.06370382998532952,286,30,1.0,0,0.0,0.0,24.6,1884,,,,,,,,,,,,,,,,,,,,,,,,,,,
49,D,nonparticipants_only,,,10,0,10,0,0,0,0.19082520941887238,0.17478562084182087,0.3989198673654791,0.003137274170536325,0,0,0.0,0,0.0,0.0,50.0,0,,,,,,,,,,,,,,,,,,,,,,,,,,,
49,D,step_totals,,,,,,,,,,,,,,,,,,,,,77.90000000000008,,,13.5,0.1732991014120666,0.0,0.0,55.0,0.7060333761232342,0.008978825501648795,0.12727272727272726,0.0,0,7,23,18,,27,33,55,3.400000000000001,0.04364569961489085,6.000000000000003,0.07702182284980741,17,30,39
50,D,all_agents,,,40,30,10,0,19,11,0.35165669172260294,0.23642475620546285,0.9406214964589902,0.057881901566538885,290,30,0.75,0,0.0,0.0,31.075,1929,,,,,,,,,,,,,,,,,,,,,,,,,,,
50,D,participants_only,,,30,30,0,0,19,11,0.4050767863980221,0.2774591609539737,0.9406214964589902,0.06474370204957403,290,30,1.0,0,0.0,0.0,24.766666666666666,1929,,,,,,,,,,,,,,,,,,,,,,,,,,,
50,D,nonparticipants_only,,,10,0,10,0,0,0,0.19139640769634544,0.17482943857309072,0.3969252680286517,0.0030520219358645298,0,0,0.0,0,0.0,0.0,50.0,0,,,,,,,,,,,,,,,,,,,,,,,,,,,
50,D,step_totals,,,,,,,,,,,,,,,,,,,,,74.00000000000006,,,13.0,0.17567567567567555,0.0,0.0,50.0,0.6756756756756751,0.00883400056114209,0.08,0.0,0,4,15,36,,26,28,50,5.000000000000002,0.06756756756756754,6.000000000000003,0.08108108108108106,25,30,33
50,D,reachability,0.15,0.0,,,,,,,,,,,,,,,,,,,,,,,,,,,,,,,,,,,,,,,,,,,,,
51,D,all_agents,,,40,30,10,0,19,11,0.3538405715557152,0.23786648853768094,0.9429966366006306,0.05874006947768897,297,30,0.75,0,0.0,0.0,30.95,1975,,,,,,,,,,,,,,,,,,,,,,,,,,,
51,D,participants_only,,,30,30,0,0,19,11,0.40779965897468845,0.27716981049555095,0.9429966366006306,0.06568338895860953,297,30,1.0,0,0.0,0.0,24.6,1975,,,,,,,,,,,,,,,,,,,,,,,,,,,
51,D,nonparticipants_only,,,10,0,10,0,0,0,0.19196330929879535,0.17538788570149993,0.39494064168850845,0.002971113653866514,0,0,0.0,0,0.0,0.0,50.0,0,,,,,,,,,,,,,,,,,,,,,,,,,,,
51,D,step_totals,,,,,,,,,,,,,,,,,,,,,78.10000000000008,,,13.5,0.17285531370038396,0.0,0.0,55.0,0.7042253521126753,0.009285860066493139,0.12727272727272726,0.0,0,7,22,18,,27,33,55,3.600000000000001,0.0460947503201024,6.000000000000003,0.07682458386683734,18,30,39
52,D,all_agents,,,40,30,10,0,19,11,0.35540556707192944,0.2366771560949925,0.9452767711366054,0.0595629356896619,303,30,0.75,0,0.0,0.0,31.075,2017,,,,,,,,,,,,,,,,,,,,,,,,,,,
52,D,participants_only,,,30,30,0,0,19,11,0.409698667309253,0.28086532413093246,0.9452767711366054,0.06666181755326049,303,30,1.0,0,0.0,0.0,24.766666666666666,2017,,,,,,,,,,,,,,,,,,,,,,,,,,,
52,D,nonparticipants_only,,,10,0,10,0,0,0,0.192526266359959,0.17924591612766724,0.3929659384800659,0.002893401298305472,0,0,0.0,0,0.0,0.0,50.0,0,,,,,,,,,,,,,,,,,,,,,,,,,,,
52,D,step_totals,,,,,,,,,,,,,,,,,,,,,74.20000000000009,,,13.0,0.17520215633423158,0.0,0.0,50.0,0.6738544474393523,0.007964287461420463,0.12,0.0,0,6,15,36,,26,28,50,5.200000000000002,0.07008086253369267,6.000000000000003,0.08086253369272231,26,30,33
53,D,all_agents,,,40,30,10,0,19,11,0.35749902730535954,0.23860867641263905,0.9474657002911412,0.06040176624563243,308,30,0.75,0,0.0,0.0,30.95,2063,,,,,,,,,,,,,,,,,,,,,,,,,,,
53,D,participants_only,,,30,30,0,0,19,11,0.4123034965376654,0.2819195907652232,0.9474657002911412,0.0675823495320785,308,30,1.0,0,0.0,0.0,24.6,2063,,,,,,,,,,,,,,,,,,,,,,,,,,,
53,D,nonparticipants_only,,,10,0,10,0,0,0,0.1930856196084422,0.17944926687988444,0.3910011087876656,0.0028176582122771444,0,0,0.0,0,0.0,0.0,50.0,0,,,,,,,,,,,,,,,,,,,,,,,,,,,
53,D,step_totals,,,,,,,,,,,,,,,,,,,,,77.80000000000007,,,13.0,0.16709511568123378,0.0,0.0,55.0,0.706940874035989,0.009071162120551222,0.09090909090909091,0.0,0,5,21,18,,26,32,55,3.800000000000001,0.04884318766066835,6.000000000000003,0.07712082262210794,19,30,38
54,D,all_agents,,,40,30,10,0,19,11,0.35898819908657437,0.23741563303057586,0.9495670722794955,0.061184371648943726,316,30,0.75,0,0.0,0.0,31.075,2105,,,,,,,,,,,,,,,,,,,,,,,,,,,
54,D,participants_only,,,30,30,0,0,19,11,0.4141035921236172,0.28455957731906945,0.9495670722794955,0.0685144834009976,316,30,1.0,0,0.0,0.0,24.766666666666666,2105,,,,,,,,,,,,,,,,,,,,,,,,,,,
54,D,nonparticipants_only,,,10,0,10,0,0,0,0.193642019975446,0.1797587484376026,0.38904610324372724,0.0027415577972496625,0,0,0.0,0,0.0,0.0,50.0,0,,,,,,,,,,,,,,,,,,,,,,,,,,,
54,D,step_totals,,,,,,,,,,,,,,,,,,,,,74.00000000000009,,,13.0,0.17567567567567546,0.0,0.0,50.0,0.6756756756756749,0.007764885095018023,0.16,0.0,0,8,15,35,,26,28,50,5.000000000000002,0.06756756756756752,6.000000000000003,0.08108108108108103,25,30,33
55,D,all_agents,,,40,30,10,0,19,11,0.3606713249607267,0.23926516316599508,0.9515843893883157,0.06198656729106362,321,30,0.75,0,0.0,0.0,30.95,2148,,,,,,,,,,,,,,,,,,,,,,,,,,,
55,D,participants_only,,,30,30,0,0,19,11,0.4161635431254195,0.28313677943247406,0.9515843893883157,0.0694418434664145,321,30,1.0,0,0.0,0.0,24.6,2148,,,,,,,,,,,,,,,,,,,,,,,,,,,
55,D,nonparticipants_only,,,10,0,10,0,0,0,0.19419467046664815,0.17963715057230462,0.3871008727275086,0.0026681034429565775,0,0,0.0,0,0.0,0.0,50.0,0,,,,,,,,,,,,,,,,,,,,,,,,,,,
55,D,step_totals,,,,,,,,,,,,,,,,,,,,,76.60000000000007,,,12.0,0.15665796344647506,0.0,0.0,55.0,0.718015665796344,0.007978780009077521,0.09090909090909091,0.0,0,5,23,17,,24,30,55,3.600000000000001,0.04699738903394253,6.000000000000003,0.07832898172323756,18,30,38
56,D,all_agents,,,40,30,10,0,19,11,0.3622549173868709,0.2380688373501651,0.9535210138127831,0.06277269030621246,328,30,0.75,0,0.0,0.0,31.075,2194,,,,,,,,,,,,,,,,,,,,,,,,,,,
56,D,participants_only,,,30,30,0,0,19,11,0.4180921509176697,0.28755200458315255,0.9535210138127831,0.07035954550067708,328,30,1.0,0,0.0,0.0,24.766666666666666,2194,,,,,,,,,,,,,,,,,,,,,,,,,,,
56,D,nonparticipants_only,,,10,0,10,0,0,0,0.19474321679447437,0.18156053262315958,0.38516536836387105,0.0025985649423430086,0,0,0.0,0,0.0,0.0,50.0,0,,,,,,,,,,,,,,,,,,,,,,,,,,,
56,D,step_totals,,,,,,,,,,,,,,,,,,,,,73.00000000000007,,,12.0,0.16438356164383547,0.0,0.0,50.0,0.6849315068493144,0.00823168085411952,0.14,0.0,0,7,17,35,,24,28,50,5.000000000000002,0.06849315068493146,6.000000000000003,0.08219178082191776,25,30,32
57,D,all_agents,,,40,30,10,0,19,11,0.3641081184454352,0.23818983092175305,0.9553801732602718,0.06351159146987896,335,30,0.75,0,0.0,0.0,30.95,2239,,,,,,,,,,,,,,,,,,,,,,,,,,,
57,D,participants_only,,,30,30,0,0,19,11,0.42038142603844464,0.2861142445602368,0.9553801732602718,0.0711716797697556,335,30,1.0,0,0.0,0.0,24.6,2239,,,,,,,,,,,,,,,,,,,,,,,,,,,
57,D,nonparticipants_only,,,10,0,10,0,0,0,0.195288195666407,0.18140139249050025,0.3832395415220517,0.0025311048007596593,0,0,0.0,0,0.0,0.0,50.0,0,,,,,,,,,,,,,,,,,,,,,,,,,,,
57,D,step_totals,,,,,,,,,,,,,,,,,,,,,76.40000000000005,,,12.0,0.15706806282722502,0.0,0.0,55.0,0.7198952879581147,0.00855019366439824,0.12727272727272726,0.0,0,7,24,17,,24,30,55,3.400000000000001,0.044502617801047105,6.000000000000003,0.07853403141361255,17,30,37
58,D,all_agents,,,40,30,10,0,18,12,0.36553639463378157,0.2369988817671443,0.9571649663298609,0.06423193274806219,340,30,0.75,0,0.0,0.0,31.075,2283,,,,,,,,,,,,,,,,,,,,,,,,,,,
58,D,participants_only,,,30,30,0,0,18,12,0.4221052470667711,0.28895458084667225,0.9571649663298609,0.07202079137450403,340,30,1.0,0,0.0,0.0,24.766666666666666,2283,,,,,,,,,,,,,,,,,,,,,,,,,,,
58,D,nonparticipants_only,,,10,0,10,0,0,0,0.19582983733481316,0.18112999824524278,0.38132334381444144,0.002464936081712624,0,0,0.0,0,0.0,0.0,50.0,0,,,,,,,,,,,,,,,,,,,,,,,,,,,
58,D,step_totals,,,,,,,,,,,,,,,,,,,,,72.80000000000007,,,12.0,0.1648351648351647,0.0,0.0,50.0,0.6868131868131861,0.007764935484133546,0.1,0.0,0,5,17,35,,24,28,50,4.800000000000002,0.0659340659340659,6.000000000000003,0.08241758241758237,24,30,32
59,D,all_agents,,,40,30,10,0,18,12,0.3670506715580404,0.23657588751774272,0.9588783676766665,0.06503701724797005,350,30,0.75,0,0.0,0.0,30.95,2328,,,,,,,,,,,,,,,,,,,,,,,,,,,
59,D,participants_only,,,30,30,0,0,18,12,0.42394474848302716,0.28750980794243886,0.9588783676766665,0.07296860557280194,350,30,1.0,0,0.0,0.0,24.6,2328,,,,,,,,,,,,,,,,,,,,,,,,,,,
59,D,nonparticipants_only,,,10,0,10,0,0,0,0.19636844078308022,0.18126931024971182,0.3794167270953692,0.002399020403718752,0,0,0.0,0,0.0,0.0,50.0,0,,,,,,,,,,,,,,,,,,,,,,,,,,,
59,D,step_totals,,,,,,,,,,,,,,,,,,,,,74.20000000000006,,,10.0,0.1347708894878705,0.0,0.0,55.0,0.7412398921832878,0.007794427852892094,0.18181818181818182,0.0,0,10,24,16,,20,29,55,3.2000000000000006,0.04312668463611857,6.000000000000003,0.08086253369272234,16,30,37
60,D,all_agents,,,40,30,10,0,18,12,0.3682452229104906,0.2355810480117617,0.9605232329695998,0.0657143553402165,355,30,0.75,0,0.0,0.0,31.075,2370,,,,,,,,,,,,,,,,,,,,,,,,,,,
60,D,participants_only,,,30,30,0,0,18,12,0.42535916758418524,0.28669592142826184,0.9605232329695998,0.07379257871580819,355,30,1.0,0,0.0,0.0,24.766666666666666,2370,,,,,,,,,,,,,,,,,,,,,,,,,,,
60,D,nonparticipants_only,,,10,0,10,0,0,0,0.1969033888894068,0.18189596239476802,0.37751964345989236,0.002335653099163239,0,0,0.0,0,0.0,0.0,50.0,0,,,,,,,,,,,,,,,,,,,,,,,,,,,
60,D,step_totals,,,,,,,,,,,,,,,,,,,,,72.50000000000009,,,11.5,0.15862068965517223,0.0,0.0,50.0,0.6896551724137923,0.007052216882915694,0.1,0.0,0,5,18,34,,23,28,50,5.000000000000002,0.06896551724137925,6.000000000000003,0.08275862068965512,25,30,32
60,D,reachability,0.225,0.0,,,,,,,,,,,,,,,,,,,,,,,,,,,,,,,,,,,,,,,,,,,,,
61,D,all_agents,,,40,30,10,0,18,12,0.36980878888858626,0.23995231365026742,0.9621023036508158,0.06650114386196534,361,30,0.75,0,0.0,0.0,30.95,2417,,,,,,,,,,,,,,,,,,,,,,,,,,,
61,D,participants_only,,,30,30,0,0,18,12,0.4272669009249704,0.2852624418211205,0.9621023036508158,0.07470389189659132,361,30,1.0,0,0.0,0.0,24.6,2417,,,,,,,,,,,,,,,,,,,,,,,,,,,
61,D,nonparticipants_only,,,10,0,10,0,0,0,0.19743445277943386,0.18232926930816773,0.3756320452425929,0.002275684092659379,0,0,0.0,0,0.0,0.0,50.0,0,,,,,,,,,,,,,,,,,,,,,,,,,,,
61,D,step_totals,,,,,,,,,,,,,,,,,,,,,74.20000000000006,,,10.0,0.1347708894878705,0.0,0.0,55.0,0.7412398921832878,0.007964171385838941,0.10909090909090909,0.0,0,6,24,16,,20,29,55,3.2000000000000006,0.04312668463611857,6.000000000000003,0.08086253369272234,16,30,37
62,D,all_agents,,,40,30,10,0,18,12,0.3710244087134658,0.23875255208201607,0.9636182115047832,0.06715526829297212,372,30,0.75,0,0.0,0.0,31.075,2461,,,,,,,,,,,,,,,,,,,,,,,,,,,
62,D,participants_only,,,30,30,0,0,18,12,0.42871175215538126,0.28666620420337435,0.9636182115047832,0.07549021715562386,372,30,1.0,0,0.0,0.0,24.766666666666666,2461,,,,,,,,,,,,,,,,,,,,,,,,,,,
62,D,nonparticipants_only,,,10,0,10,0,0,0,0.19796237838771935,0.18338598253602562,0.37375388501637996,0.002216466584390777,0,0,0.0,0,0.0,0.0,50.0,0,,,,,,,,,,,,,,,,,,,,,,,,,,,
62,D,step_totals,,,,,,,,,,,,,,,,,,,,,72.00000000000007,,,11.0,0.15277777777777762,0.0,0.0,50.0,0.6944444444444438,0.007202659842604063,0.22,0.0,0,11,18,35,,22,28,50,5.000000000000002,0.0694444444444444,6.000000000000003,0.08333333333333329,25,30,32
63,D,all_agents,,,40,30,10,0,17,13,0.3723424812142213,0.2383211433348983,0.9650734830445918,0.06791032754802159,380,30,0.75,0,0.0,0.0,30.95,2506,,,,,,,,,,,,,,,,,,,,,,,,,,,
63,D,participants_only,,,30,30,0,0,17,13,0.4302943121268638,0.28523287318235746,0.9650734830445918,0.07639386150283632,380,30,1.0,0,0.0,0.0,24.6,2506,,,,,,,,,,,,,,,,,,,,,,,,,,,
63,D,nonparticipants_only,,,10,0,10,0,0,0,0.19848698847629398,0.18429503552017956,0.37188511559129805,0.0021587492100473915,0,0,0.0,0,0.0,0.0,50.0,0,,,,,,,,,,,,,,,,,,,,,,,,,,,
63,D,step_totals,,,,,,,,,,,,,,,,,,,,,73.70000000000006,,,9.5,0.12890094979647207,0.0,0.0,55.0,0.7462686567164173,0.007247382601353147,0.14545454545454545,0.0,0,8,24,16,,19,25,55,3.2000000000000006,0.04341926729986429,6.000000000000003,0.08141112618724557,16,30,34
64,D,all_agents,,,40,30,10,0,18,12,0.37353165523861304,0.23712953761822378,0.9664705437228082,0.06859803229187492,385,30,0.75,0,0.0,0.0,31.075,2552,,,,,,,,,,,,,,,,,,,,,,,,,,,
64,D,participants_only,,,30,30,0,0,18,12,0.43170602936130226,0.2857968104663434,0.9664705437228082,0.07722645738947452,385,30,1.0,0,0.0,0.0,24.766666666666666,2552,,,,,,,,,,,,,,,,,,,,,,,,,,,
64,D,nonparticipants_only,,,10,0,10,0,0,0,0.1990085328705452,0.1841421545624103,0.37002569001334157,0.0021016633442766616,0,0,0.0,0,0.0,0.0,50.0,0,,,,,,,,,,,,,,,,,,,,,,,,,,,
64,D,step_totals,,,,,,,,,,,,,,,,,,,,,71.10000000000007,,,10.5,0.14767932489451463,0.0,0.0,50.0,0.7032348804500697,0.007234179490875033,0.1,0.0,0,5,19,33,,21,28,50,4.600000000000001,0.06469760900140643,6.000000000000003,0.0843881856540084,23,30,30
65,D,all_agents,,,40,30,10,0,17,13,0.3750139401174523,0.2371592675579774,0.9678117219738959,0.0693871763498529,392,30,0.75,0,0.0,0.0,30.95,2601,,,,,,,,,,,,,,,,,,,,,,,,,,,
65,D,participants_only,,,30,30,0,0,17,13,0.4335097605911566,0.2843678264140117,0.9678117219738959,0.07814679436152369,392,30,1.0,0,0.0,0.0,24.6,2601,,,,,,,,,,,,,,,,,,,,,,,,,,,
65,D,nonparticipants_only,,,10,0,10,0,0,0,0.19952647869633944,0.1838814345827629,0.36817556156327486,0.0020471901601384623,0,0,0.0,0,0.0,0.0,50.0,0,,,,,,,,,,,,,,,,,,,,,,,,,,,
65,D,step_totals,,,,,,,,,,,,,,,,,,,,,73.20000000000007,,,9.0,0.12295081967213102,0.0,0.0,55.0,0.7513661202185785,0.007863204259566435,0.12727272727272726,0.0,0,7,24,15,,18,24,55,3.2000000000000006,0.043715846994535484,6.000000000000003,0.08196721311475405,16,30,34
66,D,all_agents,,,40,30,10,0,16,14,0.3762828803925752,0.23657010701467396,0.96909925309494,0.070035121250107,399,30,0.75,0,0.0,0.0,31.075,2648,,,,,,,,,,,,,,,,,,,,,,,,,,,
66,D,participants_only,,,30,30,0,0,16,14,0.4350301690392172,0.28456323993900895,0.96909925309494,0.07891030839328847,399,30,1.0,0,0.0,0.0,24.766666666666666,2648,,,,,,,,,,,,,,,,,,,,,,,,,,,
66,D,nonparticipants_only,,,10,0,10,0,0,0,0.20004101445264913,0.18401526727672934,0.36633468375545847,0.0019946327405801303,0,0,0.0,0,0.0,0.0,50.0,0,,,,,,,,,,,,,,,,,,,,,,,,,,,
66,D,step_totals,,,,,,,,,,,,,,,,,,,,,71.10000000000007,,,10.5,0.14767932489451463,0.0,0.0,50.0,0.7032348804500697,0.00752044318700444,0.14,0.0,0,7,19,33,,21,28,50,4.600000000000001,0.06469760900140643,6.000000000000003,0.0843881856540084,23,30,30
67,D,all_agents,,,40,30,10,0,16,14,0.3776615777529346,0.23650463422403267,0.9703352829711425,0.0708255042085346,402,30,0.75,0,0.0,0.0,30.95,2697,,,,,,,,,,,,,,,,,,,,,,,,,,,
67,D,participants_only,,,30,30,0,0,16,14,0.43669804548254504,0.2831404237393139,0.9703352829711425,0.07984479193114738,402,30,1.0,0,0.0,0.0,24.6,2697,,,,,,,,,,,,,,,,,,,,,,,,,,,
67,D,nonparticipants_only,,,10,0,10,0,0,0,0.20055217456410343,0.18531087951967673,0.3645030103366812,0.0019439867768242971,0,0,0.0,0,0.0,0.0,50.0,0,,,,,,,,,,,,,,,,,,,,,,,,,,,
67,D,step_totals,,,,,,,,,,,,,,,,,,,,,72.00000000000007,,,8.0,0.11111111111111101,0.0,0.0,55.0,0.7638888888888882,0.007693388507134119,0.05454545454545454,0.0,0,3,25,14,,16,24,55,3.0000000000000004,0.04166666666666663,6.000000000000003,0.08333333333333329,15,30,34
68,D,all_agents,,,40,30,10,0,16,14,0.3786260640630836,0.23613798132437505,0.9715218716522968,0.07140373865521459,409,30,0.75,0,0.0,0.0,31.075,2741,,,,,,,,,,,,,,,,,,,,,,,,,,,
68,D,participants_only,,,30,30,0,0,16,14,0.4378146460883878,0.28257757786946,0.9715218716522968,0.08056049983170374,409,30,1.0,0,0.0,0.0,24.766666666666666,2741,,,,,,,,,,,,,,,,,,,,,,,,,,,
68,D,nonparticipants_only,,,10,0,10,0,0,0,0.20106031798717094,0.18706306627960664,0.3626804952849978,0.0018939962197530992,0,0,0.0,0,0.0,0.0,50.0,0,,,,,,,,,,,,,,,,,,,,,,,,,,,
68,D,step_totals,,,,,,,,,,,,,,,,,,,,,71.10000000000007,,,10.5,0.14767932489451463,0.0,0.0,50.0,0.7032348804500697,0.006508829190351584,0.14,0.0,0,7,19,33,,21,28,50,4.600000000000001,0.06469760900140643,6.000000000000003,0.0843881856540084,23,30,30
69,D,all_agents,,,40,30,10,0,16,14,0.3797561355472331,0.23669115126054152,0.9726609967862049,0.07214506892095836,413,30,0.75,0,0.0,0.0,30.95,2788,,,,,,,,,,,,,,,,,,,,,,,,,,,
69,D,participants_only,,,30,30,0,0,16,14,0.43915302960866087,0.2811646899801127,0.9726609967862049,0.08146656071415427,413,30,1.0,0,0.0,0.0,24.6,2788,,,,,,,,,,,,,,,,,,,,,,,,,,,
69,D,nonparticipants_only,,,10,0,10,0,0,0,0.20156545336294948,0.1877622904397557,0.3608670928085728,0.0018447012516368383,0,0,0.0,0,0.0,0.0,50.0,0,,,,,,,,,,,,,,,,,,,,,,,,,,,
69,D,step_totals,,,,,,,,,,,,,,,,,,,,,72.00000000000007,,,8.0,0.11111111111111101,0.0,0.0,55.0,0.7638888888888882,0.006872806665487921,0.07272727272727272,0.0,0,4,25,14,,16,23,55,3.0000000000000004,0.04166666666666663,6.000000000000003,0.08333333333333329,15,30,33
70,D,all_agents,,,40,30,10,0,16,14,0.3806243280423745,0.23667075754294342,0.9737545569147567,0.07267973384088476,420,30,0.75,0,0.0,0.0,31.075,2831,,,,,,,,,,,,,,,,,,,,,,,,,,,
70,D,participants_only,,,30,30,0,0,16,14,0.4401434279930777,0.28212728902909456,0.9737545569147567,0.08213683692370996,420,30,1.0,0,0.0,0.0,24.766666666666666,2831,,,,,,,,,,,,,,,,,,,,,,,,,,,
70,D,nonparticipants_only,,,10,0,10,0,0,0,0.20206702819026495,0.18761468444594953,0.35906275734452997,0.0017981454851076371,0,0,0.0,0,0.0,0.0,50.0,0,,,,,,,,,,,,,,,,,,,,,,,,,,,
70,D,step_totals,,,,,,,,,,,,,,,,,,,,,71.10000000000008,,,10.5,0.1476793248945146,0.0,0.0,50.0,0.7032348804500695,0.006195822235554918,0.14,0.0,0,7,19,33,,21,28,50,4.600000000000001,0.06469760900140642,6.000000000000003,0.08438818565400838,23,30,30
70,D,reachability,0.225,0.0,,,,,,,,,,,,,,,,,,,,,,,,,,,,,,,,,,,,,,,,,,,,,
71,D,all_agents,,,40,30,10,0,16,14,0.38180476273360703,0.23758997387202674,0.9748043746381664,0.0734400611947141,425,30,0.75,0,0.0,0.0,30.95,2880,,,,,,,,,,,,,,,,,,,,,,,,,,,
71,D,participants_only,,,30,30,0,0,16,14,0.4415512821285371,0.28071665258394907,0.9748043746381664,0.08305691794034012,425,30,1.0,0,0.0,0.0,24.6,2880,,,,,,,,,,,,,,,,,,,,,,,,,,,
71,D,nonparticipants_only,,,10,0,10,0,0,0,0.20256520454881657,0.1873629602792351,0.3572674435578073,0.0017537320001308908,0,0,0.0,0,0.0,0.0,50.0,0,,,,,,,,,,,,,,,,,,,,,,,,,,,
71,D,step_totals,,,,,,,,,,,,,,,,,,,,,72.00000000000007,,,8.0,0.11111111111111101,0.0,0.0,55.0,0.7638888888888882,0.007047074858454055,0.09090909090909091,0.0,0,5,25,14,,16,23,55,3.0000000000000004,0.04166666666666663,6.000000000000003,0.08333333333333329,15,30,33
72,D,all_agents,,,40,30,10,0,16,14,0.3827574563208621,0.2369819374140858,0.9758121996526398,0.07400586262608604,432,30,0.75,0,0.0,0.0,31.075,2925,,,,,,,,,,,,,,,,,,,,,,,,,,,
72,D,participants_only,,,30,30,0,0,16,14,0.44265647288642673,0.2803987462933258,0.9758121996526398,0.08375290854729357,432,30,1.0,0,0.0,0.0,24.766666666666666,2925,,,,,,,,,,,,,,,,,,,,,,,,,,,
72,D,nonparticipants_only,,,10,0,10,0,0,0,0.2030604066241683,0.18749217524547368,0.3554811063400183,0.0017100186362020275,0,0,0.0,0,0.0,0.0,50.0,0,,,,,,,,,,,,,,,,,,,,,,,,,,,
72,D,step_totals,,,,,,,,,,,,,,,,,,,,,70.90000000000006,,,10.5,0.1480959097320168,0.0,0.0,50.0,0.7052186177715085,0.006512800907612331,0.14,0.0,0,7,19,33,,21,27,50,4.400000000000001,0.06205923836389277,6.000000000000003,0.08462623413258107,22,30,29
73,D,all_agents,,,40,30,10,0,16,14,0.38399862851340705,0.23763294359936968,0.9767797116665342,0.07478084849207711,440,30,0.75,0,0.0,0.0,30.95,2976,,,,,,,,,,,,,,,,,,,,,,,,,,,
73,D,participants_only,,,30,30,0,0,16,14,0.44414727627169215,0.2789967525618592,0.9767797116665342,0.08468072925624986,440,30,1.0,0,0.0,0.0,24.6,2976,,,,,,,,,,,,,,,,,,,,,,,,,,,
73,D,nonparticipants_only,,,10,0,10,0,0,0,0.20355268523855186,0.18991750084285766,0.3537037008083182,0.0016668882737558258,0,0,0.0,0,0.0,0.0,50.0,0,,,,,,,,,,,,,,,,,,,,,,,,,,,
73,D,step_totals,,,,,,,,,,,,,,,,,,,,,72.00000000000007,,,8.0,0.11111111111111101,0.0,0.0,55.0,0.7638888888888882,0.0072581403459313866,0.14545454545454545,0.0,0,8,25,14,,16,22,55,3.0000000000000004,0.04166666666666663,6.000000000000003,0.08333333333333329,15,30,31
74,D,all_agents,,,40,30,10,0,16,14,0.3849672684116922,0.23754377412694572,0.9777085231998729,0.07528183032583394,447,30,0.75,0,0.0,0.0,31.075,3022,,,,,,,,,,,,,,,,,,,,,,,,,,,
74,D,participants_only,,,30,30,0,0,16,14,0.44527567137913665,0.27790396428543246,0.9777085231998729,0.08528591531008212,447,30,1.0,0,0.0,0.0,24.766666666666666,3022,,,,,,,,,,,,,,,,,,,,,,,,,,,
74,D,nonparticipants_only,,,10,0,10,0,0,0,0.20404205950935891,0.19202088593675043,0.3519351823042766,0.0016243337512855018,0,0,0.0,0,0.0,0.0,50.0,0,,,,,,,,,,,,,,,,,,,,,,,,,,,
74,D,step_totals,,,,,,,,,,,,,,,,,,,,,70.90000000000006,,,10.5,0.1480959097320168,0.0,0.0,50.0,0.7052186177715085,0.006582577662284825,0.14,0.0,0,7,19,33,,21,27,50,4.400000000000001,0.06205923836389277,6.000000000000003,0.08462623413258107,22,30,29
75,D,all_agents,,,40,30,10,0,16,14,0.386310817805501,0.23725949553458514,0.978600182271878,0.07608557522290003,459,30,0.75,0,0.0,0.0,30.95,3075,,,,,,,,,,,,,,,,,,,,,,,,,,,
75,D,participants_only,,,30,30,0,0,16,14,0.4469050435642925,0.2765144444640053,0.978600182271878,0.08623285981299966,459,30,1.0,0,0.0,0.0,24.6,3075,,,,,,,,,,,,,,,,,,,,,,,,,,,
75,D,nonparticipants_only,,,10,0,10,0,0,0,0.20452814052912666,0.19187765675504326,0.35017550639275524,0.001583799108912525,0,0,0.0,0,0.0,0.0,50.0,0,,,,,,,,,,,,,,,,,,,,,,,,,,,
75,D,step_totals,,,,,,,,,,,,,,,,,,,,,72.00000000000004,,,8.0,0.11111111111111105,0.0,0.0,55.0,0.7638888888888884,0.007609337468158753,0.21818181818181817,0.0,0,12,25,14,,16,21,55,3.0000000000000004,0.04166666666666665,6.000000000000003,0.08333333333333331,15,30,29
76,D,all_agents,,,40,30,10,0,16,14,0.3872507662194481,0.2369155875825416,0.9794561749810028,0.07660712226476125,465,30,0.75,0,0.0,0.0,31.075,3122,,,,,,,,,,,,,,,,,,,,,,,,,,,
76,D,participants_only,,,30,30,0,0,16,14,0.4479974770272678,0.27589842799072367,0.9794561749810028,0.08686672045812258,465,30,1.0,0,0.0,0.0,24.766666666666666,3122,,,,,,,,,,,,,,,,,,,,,,,,,,,
76,D,nonparticipants_only,,,10,0,10,0,0,0,0.20501063379598905,0.19163339671190585,0.34842462886079145,0.0015463731970507392,0,0,0.0,0,0.0,0.0,50.0,0,,,,,,,,,,,,,,,,,,,,,,,,,,,
76,D,step_totals,,,,,,,,,,,,,,,,,,,,,70.90000000000006,,,10.5,0.1480959097320168,0.0,0.0,50.0,0.7052186177715085,0.006501607161585099,0.12,0.0,0,6,19,33,,21,27,50,4.400000000000001,0.06205923836389277,6.000000000000003,0.08462623413258107,22,30,29
77,D,all_agents,,,40,30,10,0,16,14,0.3883066663204197,0.23860385748033697,0.9802779279817627,0.07736228713402589,474,30,0.75,0,0.0,0.0,30.95,3172,,,,,,,,,,,,,,,,,,,,,,,,,,,
77,D,participants_only,,,30,30,0,0,16,14,0.4492454087048071,0.2753792061949393,0.9802779279817627,0.08779264266896457,474,30,1.0,0,0.0,0.0,24.6,3172,,,,,,,,,,,,,,,,,,,,,,,,,,,
77,D,nonparticipants_only,,,10,0,10,0,0,0,0.20549043916725757,0.19175878019669157,0.3466825057164875,0.001508856648521067,0,0,0.0,0,0.0,0.0,50.0,0,,,,,,,,,,,,,,,,,,,,,,,,,,,
77,D,step_totals,,,,,,,,,,,,,,,,,,,,,71.50000000000006,,,7.5,0.10489510489510481,0.0,0.0,55.0,0.7692307692307686,0.006723230549943346,0.16363636363636364,0.0,0,9,25,13,,15,19,55,3.0000000000000004,0.04195804195804193,6.000000000000003,0.08391608391608389,15,30,28
78,D,all_agents,,,40,30,10,0,16,14,0.38926485607150507,0.23840114188673434,0.9810668108624923,0.07787375803590138,478,30,0.75,0,0.0,0.0,31.075,3220,,,,,,,,,,,,,,,,,,,,,,,,,,,
78,D,participants_only,,,30,30,0,0,16,14,0.45036397311296567,0.27639043600769,0.9810668108624923,0.08840876309489545,478,30,1.0,0,0.0,0.0,24.766666666666666,3220,,,,,,,,,,,,,,,,,,,,,,,,,,,
78,D,nonparticipants_only,,,10,0,10,0,0,0,0.2059675049471232,0.1941121900530892,0.34494909318790506,0.0014715176199659077,0,0,0.0,0,0.0,0.0,50.0,0,,,,,,,,,,,,,,,,,,,,,,,,,,,
78,D,step_totals,,,,,,,,,,,,,,,,,,,,,70.90000000000008,,,10.5,0.14809590973201678,0.0,0.0,50.0,0.7052186177715084,0.006576180595706176,0.08,0.0,0,4,19,33,,21,26,50,4.400000000000001,0.06205923836389276,6.000000000000003,0.08462623413258105,22,30,28
79,D,all_agents,,,40,30,10,0,16,14,0.3901284997747339,0.23935909400150646,0.9818241384279925,0.07852282518561703,484,30,0.75,0,0.0,0.0,30.95,3265,,,,,,,,,,,,,,,,,,,,,,,,,,,
79,D,participants_only,,,30,30,0,0,16,14,0.4513573749957078,0.2773101881857769,0.9818241384279925,0.08922311362139912,484,30,1.0,0,0.0,0.0,24.6,3265,,,,,,,,,,,,,,,,,,,,,,,,,,,
79,D,nonparticipants_only,,,10,0,10,0,0,0,0.20644187411181217,0.19584268733177113,0.34322434772196553,0.0014342579483636309,0,0,0.0,0,0.0,0.0,50.0,0,,,,,,,,,,,,,,,,,,,,,,,,,,,
79,D,step_totals,,,,,,,,,,,,,,,,,,,,,71.50000000000006,,,7.5,0.10489510489510481,0.0,0.0,55.0,0.7692307692307686,0.006088040254041391,0.10909090909090909,0.0,0,6,25,13,,15,18,55,3.0000000000000004,0.04195804195804193,6.000000000000003,0.08391608391608389,15,30,27
80,D,all_agents,,,40,30,10,0,15,15,0.39091988182806037,0.23917374871200145,0.9825511728908728,0.07896739583139556,484,30,0.75,0,0.0,0.0,31.075,3310,,,,,,,,,,,,,,,,,,,,,,,,,,,
80,D,participants_only,,,30,30,0,0,15,15,0.45225548655615533,0.2768614575027757,0.9825511728908728,0.08977535588144832,484,30,1.0,0,0.0,0.0,24.766666666666666,3310,,,,,,,,,,,,,,,,,,,,,,,,,,,
80,D,nonparticipants_only,,,10,0,10,0,0,0,0.20691306764377534,0.19531487593541702,0.3415082259833557,0.0013988387929039436,0,0,0.0,0,0.0,0.0,50.0,0,,,,,,,,,,,,,,,,,,,,,,,,,,,
80,D,step_totals,,,,,,,,,,,,,,,,,,,,,70.90000000000008,,,10.5,0.14809590973201678,0.0,0.0,50.0,0.7052186177715084,0.006021755369165571,0.0,0.0,0,0,19,33,,21,26,50,4.400000000000001,0.06205923836389276,6.000000000000003,0.08462623413258105,22,30,28
80,D,reachability,0.25,0.0,,,,,,,,,,,,,,,,,,,,,,,,,,,,,,,,,,,,,,,,,,,,,
81,D,all_agents,,,40,30,10,0,15,15,0.39192189037148706,0.23892390566456492,0.9832491259752378,0.0796794527154682,494,30,0.75,0,0.0,0.0,30.95,3361,,,,,,,,,,,,,,,,,,,,,,,,,,,
81,D,participants_only,,,30,30,0,0,15,15,0.4534354363807198,0.27639765627676016,0.9832491259752378,0.0906487155212894,494,30,1.0,0,0.0,0.0,24.6,3361,,,,,,,,,,,,,,,,,,,,,,,,,,,
81,D,nonparticipants_only,,,10,0,10,0,0,0,0.20738125234378904,0.19472673148335523,0.3398006848534389,0.0013646681864447328,0,0,0.0,0,0.0,0.0,50.0,0,,,,,,,,,,,,,,,,,,,,,,,,,,,
81,D,step_totals,,,,,,,,,,,,,,,,,,,,,71.50000000000006,,,7.5,0.10489510489510481,0.0,0.0,55.0,0.7692307692307686,0.006559181348666672,0.18181818181818182,0.0,0,10,25,13,,15,18,55,3.0000000000000004,0.04195804195804193,6.000000000000003,0.08391608391608389,15,30,25
82,D,all_agents,,,40,30,10,0,15,15,0.39263175204805095,0.23861661444615995,0.9839191609362283,0.08009618179567143,501,30,0.75,0,0.0,0.0,31.075,3405,,,,,,,,,,,,,,,,,,,,,,,,,,,
82,D,participants_only,,,30,30,0,0,15,15,0.4542269866864288,0.27527989934516167,0.9839191609362283,0.09117459754256688,501,30,1.0,0,0.0,0.0,24.766666666666666,3405,,,,,,,,,,,,,,,,,,,,,,,,,,,
82,D,nonparticipants_only,,,10,0,10,0,0,0,0.20784604813291732,0.19410594865005915,0.3381016814291717,0.0013332593931032265,0,0,0.0,0,0.0,0.0,50.0,0,,,,,,,,,,,,,,,,,,,,,,,,,,,
82,D,step_totals,,,,,,,,,,,,,,,,,,,,,70.70000000000006,,,10.5,0.1485148514851484,0.0,0.0,50.0,0.7072135785007067,0.005774241912810955,0.14,0.0,0,7,20,33,,21,26,50,4.200000000000001,0.05940594059405937,6.000000000000003,0.08486562942008483,21,30,28
83,D,all_agents,,,40,30,10,0,15,15,0.39360568757708797,0.24055773041865577,0.9845623944987792,0.08080622765700263,507,30,0.75,0,0.0,0.0,30.95,3455,,,,,,,,,,,,,,,,,,,,,,,,,,,
83,D,participants_only,,,30,30,0,0,15,15,0.45537139708336954,0.27498977133522506,0.9845623944987792,0.09204807718865972,507,30,1.0,0,0.0,0.0,24.6,3455,,,,,,,,,,,,,,,,,,,,,,,,,,,
83,D,nonparticipants_only,,,10,0,10,0,0,0,0.20830855905824322,0.1938793812239188,0.33641117302202583,0.001300644612259021,0,0,0.0,0,0.0,0.0,50.0,0,,,,,,,,,,,,,,,,,,,,,,,,,,,
83,D,step_totals,,,,,,,,,,,,,,,,,,,,,71.50000000000006,,,7.5,0.10489510489510481,0.0,0.0,55.0,0.7692307692307686,0.006475647570318329,0.10909090909090909,0.0,0,6,25,13,,15,18,55,3.0000000000000004,0.04195804195804193,6.000000000000003,0.08391608391608389,15,30,25
84,D,all_agents,,,40,30,10,0,15,15,0.3944330939086195,0.2407274488885879,0.985179898718828,0.08125966661358734,518,30,0.75,0,0.0,0.0,31.075,3503,,,,,,,,,,,,,,,,,,,,,,,,,,,
84,D,participants_only,,,30,30,0,0,15,15,0.45632132156782856,0.276729681313523,0.985179898718828,0.09260287163316619,518,30,1.0,0,0.0,0.0,24.766666666666666,3503,,,,,,,,,,,,,,,,,,,,,,,,,,,
84,D,nonparticipants_only,,,10,0,10,0,0,0,0.20876841093099222,0.1954165471272452,0.3347291171569157,0.0012682188812736743,0,0,0.0,0,0.0,0.0,50.0,0,,,,,,,,,,,,,,,,,,,,,,,,,,,
84,D,step_totals,,,,,,,,,,,,,,,,,,,,,70.70000000000007,,,10.5,0.14851485148514837,0.0,0.0,50.0,0.7072135785007064,0.0061839599773929055,0.22,0.0,0,11,20,33,,21,26,50,4.200000000000001,0.05940594059405936,6.000000000000003,0.08486562942008481,21,30,27
85,D,all_agents,,,40,30,10,0,16,14,0.3954667763503629,0.24102820595357813,0.9857727027700749,0.08199933927405027,523,30,0.75,0,0.0,0.0,30.95,3556,,,,,,,,,,,,,,,,,,,,,,,,,,,
85,D,participants_only,,,30,30,0,0,16,14,0.45754726778470506,0.27761745047860975,0.9857727027700749,0.0935041316187883,523,30,1.0,0,0.0,0.0,24.6,3556,,,,,,,,,,,,,,,,,,,,,,,,,,,
85,D,nonparticipants_only,,,10,0,10,0,0,0,0.20922530204733678,0.19565526872727945,0.33305547157113113,0.0012371132390831298,0,0,0.0,0,0.0,0.0,50.0,0,,,,,,,,,,,,,,,,,,,,,,,,,,,
85,D,step_totals,,,,,,,,,,,,,,,,,,,,,71.50000000000006,,,7.5,0.10489510489510481,0.0,0.0,55.0,0.7692307692307686,0.006683012761137176,0.09090909090909091,0.0,0,5,25,13,,15,18,55,3.0000000000000004,0.04195804195804193,6.000000000000003,0.08391608391608389,15,30,25
86,D,all_agents,,,40,30,10,0,16,14,0.3961957805672308,0.24089173742817357,0.9863417946592719,0.08241511478619913,529,30,0.75,0,0.0,0.0,31.075,3603,,,,,,,,,,,,,,,,,,,,,,,,,,,
86,D,participants_only,,,30,30,0,0,16,14,0.45836796549534026,0.2771844508080411,0.9863417946592719,0.09402284757794255,529,30,1.0,0,0.0,0.0,24.766666666666666,3603,,,,,,,,,,,,,,,,,,,,,,,,,,,
86,D,nonparticipants_only,,,10,0,10,0,0,0,0.20967922578290255,0.19627022967326324,0.3313901942132755,0.0012073494661484364,0,0,0.0,0,0.0,0.0,50.0,0,,,,,,,,,,,,,,,,,,,,,,,,,,,
86,D,step_totals,,,,,,,,,,,,,,,,,,,,,70.70000000000007,,,10.5,0.14851485148514837,0.0,0.0,50.0,0.7072135785007064,0.00586202779455172,0.12,0.0,0,6,20,32,,21,24,50,4.200000000000001,0.05940594059405936,6.000000000000003,0.08486562942008481,21,30,26
87,D,all_agents,,,40,30,10,0,16,14,0.39715295431226844,0.2399722551472288,0.986888122872901,0.08311269616854244,542,30,0.75,0,0.0,0.0,30.95,3656,,,,,,,,,,,,,,,,,,,,,,,,,,,
87,D,participants_only,,,30,30,0,0,16,14,0.4594938120262741,0.2768110299532217,0.986888122872901,0.0948786190571623,542,30,1.0,0,0.0,0.0,24.6,3656,,,,,,,,,,,,,,,,,,,,,,,,,,,
87,D,nonparticipants_only,,,10,0,10,0,0,0,0.21013038117025143,0.19592042956797787,0.3297332432422091,0.0011783370164680721,0,0,0.0,0,0.0,0.0,50.0,0,,,,,,,,,,,,,,,,,,,,,,,,,,,
87,D,step_totals,,,,,,,,,,,,,,,,,,,,,71.50000000000006,,,7.5,0.10489510489510481,0.0,0.0,55.0,0.7692307692307686,0.00643187999014727,0.23636363636363636,0.0,0,13,25,13,,15,18,55,3.0000000000000004,0.04195804195804193,6.000000000000003,0.08391608391608389,15,30,25
88,D,all_agents,,,40,30,10,0,16,14,0.39778215299191155,0.2388134745580534,0.9874125979579849,0.08349443145520738,551,30,0.75,0,0.0,0.0,31.075,3702,,,,,,,,,,,,,,,,,,,,,,,,,,,
88,D,participants_only,,,30,30,0,0,16,14,0.4601833914412999,0.2756574623130503,0.9874125979579849,0.09536646379691568,551,30,1.0,0,0.0,0.0,24.766666666666666,3702,,,,,,,,,,,,,,,,,,,,,,,,,,,
88,D,nonparticipants_only,,,10,0,10,0,0,0,0.2105784376437465,0.19652172386393435,0.328084577025998,0.0011513597098734272,0,0,0.0,0,0.0,0.0,50.0,0,,,,,,,,,,,,,,,,,,,,,,,,,,,
88,D,step_totals,,,,,,,,,,,,,,,,,,,,,70.70000000000007,,,10.5,0.14851485148514837,0.0,0.0,50.0,0.7072135785007064,0.005533885979817011,0.18,0.0,0,9,20,32,,21,24,50,4.200000000000001,0.05940594059405936,6.000000000000003,0.08486562942008481,21,30,26
89,D,all_agents,,,40,30,10,0,16,14,0.3987059165491551,0.23869119303728947,0.9879160940396655,0.08417356039678037,561,30,0.75,0,0.0,0.0,30.95,3754,,,,,,,,,,,,,,,,,,,,,,,,,,,
89,D,participants_only,,,30,30,0,0,16,14,0.46126646998959947,0.27530321544039765,0.9879160940396655,0.0962016878554924,561,30,1.0,0,0.0,0.0,24.6,3754,,,,,,,,,,,,,,,,,,,,,,,,,,,
89,D,nonparticipants_only,,,10,0,10,0,0,0,0.21102425622782175,0.19892678916079107,0.326444154140868,0.0011233038593478396,0,0,0.0,0,0.0,0.0,50.0,0,,,,,,,,,,,,,,,,,,,,,,,,,,,
89,D,step_totals,,,,,,,,,,,,,,,,,,,,,71.50000000000006,,,7.5,0.10489510489510481,0.0,0.0,55.0,0.7692307692307686,0.006323426650569332,0.18181818181818182,0.0,0,10,25,13,,15,18,55,3.0000000000000004,0.04195804195804193,6.000000000000003,0.08391608391608389,15,30,24
90,D,all_agents,,,40,30,10,0,16,14,0.39927718242250954,0.23880672759873606,0.9883994502780789,0.08453733778287913,568,30,0.75,0,0.0,0.0,31.075,3798,,,,,,,,,,,,,,,,,,,,,,,,,,,
90,D,participants_only,,,30,30,0,0,16,14,0.46188051182474454,0.27501563331238454,0.9883994502780789,0.09667423845533962,568,30,1.0,0,0.0,0.0,24.766666666666666,3798,,,,,,,,,,,,,,,,,,,,,,,,,,,
90,D,nonparticipants_only,,,10,0,10,0,0,0,0.21146719421580445,0.1990235001317862,0.3248119333701637,0.0010965135385607077,0,0,0.0,0,0.0,0.0,50.0,0,,,,,,,,,,,,,,,,,,,,,,,,,,,
90,D,step_totals,,,,,,,,,,,,,,,,,,,,,70.70000000000006,,,10.5,0.1485148514851484,0.0,0.0,50.0,0.7072135785007067,0.005348325093386912,0.14,0.0,0,7,20,32,,21,24,50,4.200000000000001,0.05940594059405937,6.000000000000003,0.08486562942008483,21,30,26
90,D,reachability,0.25,0.0,,,,,,,,,,,,,,,,,,,,,,,,,,,,,,,,,,,,,,,,,,,,,
91,D,all_agents,,,40,30,10,0,16,14,0.40002488617650483,0.23989094591415366,0.9888634722669557,0.08514282069829697,576,30,0.75,0,0.0,0.0,30.95,3846,,,,,,,,,,,,,,,,,,,,,,,,,,,
91,D,participants_only,,,30,30,0,0,16,14,0.4627307050253289,0.27524022495824857,0.9888634722669557,0.09743889520169657,576,30,1.0,0,0.0,0.0,24.6,3846,,,,,,,,,,,,,,,,,,,,,,,,,,,
91,D,nonparticipants_only,,,10,0,10,0,0,0,0.21190742963003262,0.19919469196226003,0.32318787370331287,0.001070360578079698,0,0,0.0,0,0.0,0.0,50.0,0,,,,,,,,,,,,,,,,,,,,,,,,,,,
91,D,step_totals,,,,,,,,,,,,,,,,,,,,,71.50000000000007,,,7.5,0.10489510489510478,0.0,0.0,55.0,0.7692307692307685,0.005742320286498389,0.14545454545454545,0.0,0,8,25,13,,15,18,55,3.0000000000000004,0.041958041958041925,6.000000000000003,0.08391608391608386,15,30,25
92,D,all_agents,,,40,30,10,0,16,14,0.40060127302731313,0.23869149118458288,0.9893089333762775,0.08552287474442835,582,30,0.75,0,0.0,0.0,31.075,3893,,,,,,,,,,,,,,,,,,,,,,,,,,,
92,D,participants_only,,,30,30,0,0,16,14,0.4633533545077897,0.27558853975378,0.9893089333762775,0.0979309662229142,582,30,1.0,0,0.0,0.0,24.766666666666666,3893,,,,,,,,,,,,,,,,,,,,,,,,,,,
92,D,nonparticipants_only,,,10,0,10,0,0,0,0.21234502858588344,0.1997549340557523,0.3215719343347963,0.0010447155473823275,0,0,0.0,0,0.0,0.0,50.0,0,,,,,,,,,,,,,,,,,,,,,,,,,,,
92,D,step_totals,,,,,,,,,,,,,,,,,,,,,70.20000000000007,,,10.0,0.1424501424501423,0.0,0.0,50.0,0.7122507122507115,0.005426729263357138,0.12,0.0,0,6,20,32,,20,24,50,4.200000000000001,0.05982905982905978,6.000000000000003,0.08547008547008542,21,30,26
93,D,all_agents,,,40,30,10,0,16,14,0.4012385214409552,0.2386036009422211,0.9897365760412263,0.08610061139865893,589,30,0.75,0,0.0,0.0,30.95,3942,,,,,,,,,,,,,,,,,,,,,,,,,,,
93,D,participants_only,,,30,30,0,0,16,14,0.46405799184170704,0.27483002267310247,0.9897365760412263,0.09867592560552799,589,30,1.0,0,0.0,0.0,24.6,3942,,,,,,,,,,,,,,,,,,,,,,,,,,,
93,D,nonparticipants_only,,,10,0,10,0,0,0,0.21278011023869944,0.19978546426297078,0.3199640746631223,0.0010192384408804144,0,0,0.0,0,0.0,0.0,50.0,0,,,,,,,,,,,,,,,,,,,,,,,,,,,
93,D,step_totals,,,,,,,,,,,,,,,,,,,,,71.50000000000006,,,7.5,0.10489510489510481,0.0,0.0,55.0,0.7692307692307686,0.005376994998137433,0.12727272727272726,0.0,0,7,25,13,,15,18,55,3.0000000000000004,0.04195804195804193,6.000000000000003,0.08391608391608389,15,30,25
94,D,all_agents,,,40,30,10,0,16,14,0.4017832289237072,0.23741058293751,0.9901471129995773,0.08646494461103753,599,30,0.75,0,0.0,0.0,31.075,3989,,,,,,,,,,,,,,,,,,,,,,,,,,,
94,D,participants_only,,,30,30,0,0,16,14,0.46464025803808345,0.27345587255973697,0.9901471129995773,0.09915059972076137,599,30,1.0,0,0.0,0.0,24.766666666666666,3989,,,,,,,,,,,,,,,,,,,,,,,,,,,
94,D,nonparticipants_only,,,10,0,10,0,0,0,0.2132121415805786,0.202025632662999,0.3183642542898067,0.0009959059728395303,0,0,0.0,0,0.0,0.0,50.0,0,,,,,,,,,,,,,,,,,,,,,,,,,,,
94,D,step_totals,,,,,,,,,,,,,,,,,,,,,70.20000000000006,,,10.0,0.14245014245014234,0.0,0.0,50.0,0.7122507122507117,0.005325185713356886,0.2,0.0,0,10,20,32,,20,24,50,4.200000000000001,0.05982905982905979,6.000000000000003,0.08547008547008543,21,30,26
95,D,all_agents,,,40,30,10,0,16,14,0.4025793422412659,0.23780208554756138,0.9905412284795941,0.08710312081578318,602,30,0.75,0,0.0,0.0,30.95,4042,,,,,,,,,,,,,,,,,,,,,,,,,,,
95,D,participants_only,,,30,30,0,0,16,14,0.46555857085513497,0.2728754028128634,0.9905412284795941,0.09994770347377187,602,30,1.0,0,0.0,0.0,24.6,4042,,,,,,,,,,,,,,,,,,,,,,,,,,,
95,D,nonparticipants_only,,,10,0,10,0,0,0,0.21364165639965876,0.20242309486210136,0.31677243301835767,0.0009727740002413226,0,0,0.0,0,0.0,0.0,50.0,0,,,,,,,,,,,,,,,,,,,,,,,,,,,
95,D,step_totals,,,,,,,,,,,,,,,,,,,,,71.50000000000006,,,7.5,0.10489510489510481,0.0,0.0,55.0,0.7692307692307686,0.005914502415845048,0.05454545454545454,0.0,0,3,25,13,,15,18,55,3.0000000000000004,0.04195804195804193,6.000000000000003,0.08391608391608389,15,30,25
96,D,all_agents,,,40,30,10,0,16,14,0.4031204755850503,0.2366130751198236,0.9909195793404104,0.08742946324926652,609,30,0.75,0,0.0,0.0,31.075,4088,,,,,,,,,,,,,,,,,,,,,,,,,,,
96,D,participants_only,,,30,30,0,0,16,14,0.4661378194262311,0.27151102579879904,0.9909195793404104,0.10037100681618934,609,30,1.0,0,0.0,0.0,24.766666666666666,4088,,,,,,,,,,,,,,,,,,,,,,,,,,,
96,D,nonparticipants_only,,,10,0,10,0,0,0,0.2140684440615081,0.20245893411575888,0.3151885708532659,0.0009506050509268551,0,0,0.0,0,0.0,0.0,50.0,0,,,,,,,,,,,,,,,,,,,,,,,,,,,
96,D,step_totals,,,,,,,,,,,,,,,,,,,,,70.20000000000007,,,10.0,0.1424501424501423,0.0,0.0,50.0,0.7122507122507115,0.005322388616396501,0.14,0.0,0,7,20,32,,20,24,50,4.200000000000001,0.05982905982905978,6.000000000000003,0.08547008547008542,21,30,26
97,D,all_agents,,,40,30,10,0,16,14,0.40378961432466576,0.23876241232076545,0.991282796166794,0.08801554076630405,621,30,0.75,0,0.0,0.0,30.95,4139,,,,,,,,,,,,,,,,,,,,,,,,,,,
97,D,participants_only,,,30,30,0,0,16,14,0.4668885377092088,0.27015347066980505,0.991282796166794,0.10111872787012913,621,30,1.0,0,0.0,0.0,24.6,4139,,,,,,,,,,,,,,,,,,,,,,,,,,,
97,D,nonparticipants_only,,,10,0,10,0,0,0,0.21449284417103692,0.20259171213921334,0.3136126279989996,0.000928289867367757,0,0,0.0,0,0.0,0.0,50.0,0,,,,,,,,,,,,,,,,,,,,,,,,,,,
97,D,step_totals,,,,,,,,,,,,,,,,,,,,,71.50000000000006,,,7.5,0.10489510489510481,0.0,0.0,55.0,0.7692307692307686,0.005492901036261506,0.21818181818181817,0.0,0,12,25,13,,15,18,55,3.0000000000000004,0.04195804195804193,6.000000000000003,0.08391608391608389,15,30,25
98,D,all_agents,,,40,30,10,0,16,14,0.40435462374030195,0.23756860025916166,0.9916314843201223,0.08834473274680368,628,30,0.75,0,0.0,0.0,31.075,4185,,,,,,,,,,,,,,,,,,,,,,,,,,,
98,D,participants_only,,,30,30,0,0,16,14,0.46750121508128,0.26880270331645606,0.9916314843201223,0.10154103340391371,628,30,1.0,0,0.0,0.0,24.766666666666666,4185,,,,,,,,,,,,,,,,,,,,,,,,,,,
98,D,nonparticipants_only,,,10,0,10,0,0,0,0.21491484971736796,0.20348996502066757,0.31204456485900456,0.0009059267996598751,0,0,0.0,0,0.0,0.0,50.0,0,,,,,,,,,,,,,,,,,,,,,,,,,,,
98,D,step_totals,,,,,,,,,,,,,,,,,,,,,70.20000000000007,,,10.0,0.1424501424501423,0.0,0.0,50.0,0.7122507122507115,0.005412738695933049,0.14,0.0,0,7,20,32,,20,24,50,4.200000000000001,0.05982905982905978,6.000000000000003,0.08547008547008542,21,30,26
99,D,all_agents,,,40,30,10,0,16,14,0.4050466828338071,0.23925358965014493,0.9919662249473173,0.08893857076005476,639,30,0.75,0,0.0,0.0,30.95,4237,,,,,,,,,,,,,,,,,,,,,,,,,,,
99,D,participants_only,,,30,30,0,0,16,14,0.46828412103258166,0.26745868979987375,0.9919662249473173,0.10229423187594623,639,30,1.0,0,0.0,0.0,24.6,4237,,,,,,,,,,,,,,,,,,,,,,,,,,,
99,D,nonparticipants_only,,,10,0,10,0,0,0,0.21533436823748361,0.20512985175183715,0.31048434203470954,0.000883904333054487,0,0,0.0,0,0.0,0.0,50.0,0,,,,,,,,,,,,,,,,,,,,,,,,,,,
99,D,step_totals,,,,,,,,,,,,,,,,,,,,,71.50000000000006,,,7.5,0.10489510489510481,0.0,0.0,55.0,0.7692307692307686,0.0055759379560216095,0.2,0.0,0,11,25,13,,15,18,55,3.0000000000000004,0.04195804195804193,6.000000000000003,0.08391608391608389,15,30,25
100,D,all_agents,,,40,30,10,0,16,14,0.4056384477566696,0.2380573217018942,0.9920465626978442,0.0892723186679884,647,30,0.75,0,0.0,0.0,31.075,4285,,,,,,,,,,,,,,,,,,,,,,,,,,,
100,D,participants_only,,,30,30,0,0,16,14,0.46893439820598054,0.2661213963508744,0.9920465626978442,0.10271586617781278,647,30,1.0,0,0.0,0.0,24.766666666666666,4285,,,,,,,,,,,,,,,,,,,,,,,,,,,
100,D,nonparticipants_only,,,10,0,10,0,0,0,0.2157505964087365,0.2054251754153971,0.308931920324536,0.0008651480191356655,0,0,0.0,0,0.0,0.0,50.0,0,,,,,,,,,,,,,,,,,,,,,,,,,,,
100,D,step_totals,,,,,,,,,,,,,,,,,,,,,70.20000000000007,,,10.0,0.1424501424501423,0.0,0.0,50.0,0.7122507122507115,0.005511652629932877,0.16,0.0,0,8,20,32,,20,24,50,4.200000000000001,0.05982905982905978,6.000000000000003,0.08547008547008542,21,30,26
100,D,reachability,0.25,0.0,,,,,,,,,,,,,,,,,,,,,,,,,,,,,,,,,,,,,,,,,,,,,
101,D,all_agents,,,40,30,10,0,16,14,0.4063022901166503,0.2380230610816773,0.9923647001899304,0.08988360497966642,654,30,0.75,0,0.0,0.0,30.95,4338,,,,,,,,,,,,,,,,,,,,,,,,,,,
101,D,participants_only,,,30,30,0,0,16,14,0.4696815710409564,0.26479078936912004,0.9923647001899304,0.10349496092115466,654,30,1.0,0,0.0,0.0,24.6,4338,,,,,,,,,,,,,,,,,,,,,,,,,,,
101,D,nonparticipants_only,,,10,0,10,0,0,0,0.2161644473437321,0.20575309487905102,0.3073872607229133,0.0008463381494164231,0,0,0.0,0,0.0,0.0,50.0,0,,,,,,,,,,,,,,,,,,,,,,,,,,,
101,D,step_totals,,,,,,,,,,,,,,,,,,,,,71.70000000000007,,,7.5,0.10460251046025094,0.0,0.0,55.0,0.7670850767085069,0.005471264507378729,0.12727272727272726,0.0,0,7,25,13,,15,18,55,3.2000000000000006,0.04463040446304041,6.000000000000003,0.08368200836820079,16,30,24
102,D,all_agents,,,40,30,10,0,16,14,0.40665421646061584,0.23683294577626895,0.9926701121823331,0.090147124459641,660,30,0.75,0,0.0,0.0,31.075,4382,,,,,,,,,,,,,,,,,,,,,,,,,,,
102,D,participants_only,,,30,30,0,0,16,14,0.4700136618050615,0.2634668354222744,0.9926701121823331,0.10386258198092589,660,30,1.0,0,0.0,0.0,24.766666666666666,4382,,,,,,,,,,,,,,,,,,,,,,,,,,,
102,D,nonparticipants_only,,,10,0,10,0,0,0,0.21657588042727888,0.20575615439390238,0.3058503244192987,0.0008277201235167994,0,0,0.0,0,0.0,0.0,50.0,0,,,,,,,,,,,,,,,,,,,,,,,,,,,
102,D,step_totals,,,,,,,,,,,,,,,,,,,,,70.20000000000006,,,10.0,0.14245014245014234,0.0,0.0,50.0,0.7122507122507117,0.004699721378524152,0.12,0.0,0,6,20,32,,20,24,50,4.200000000000001,0.05982905982905979,6.000000000000003,0.08547008547008543,21,30,26
103,D,all_agents,,,40,30,10,0,16,14,0.4073272771027705,0.23725692021602054,0.9927434110605098,0.0907663793829766,668,30,0.75,0,0.0,0.0,30.95,4435,,,,,,,,,,,,,,,,,,,,,,,,,,,
103,D,participants_only,,,30,30,0,0,16,14,0.47077465120294126,0.262149501245163,0.9927434110605098,0.10465008162772392,668,30,1.0,0,0.0,0.0,24.6,4435,,,,,,,,,,,,,,,,,,,,,,,,,,,
103,D,nonparticipants_only,,,10,0,10,0,0,0,0.21698515480225827,0.20623109643184678,0.3043210727972022,0.0008084412862503918,0,0,0.0,0,0.0,0.0,50.0,0,,,,,,,,,,,,,,,,,,,,,,,,,,,
103,D,step_totals,,,,,,,,,,,,,,,,,,,,,71.70000000000006,,,7.5,0.10460251046025096,0.0,0.0,55.0,0.767085076708507,0.00550475732466154,0.14545454545454545,0.0,0,8,25,13,,15,18,55,3.2000000000000006,0.04463040446304042,6.000000000000003,0.0836820083682008,16,30,24
104,D,all_agents,,,40,30,10,0,16,14,0.40785283784682397,0.23607063561494046,0.9930336746180894,0.09108062706333767,675,30,0.75,0,0.0,0.0,31.075,4483,,,,,,,,,,,,,,,,,,,,,,,,,,,
104,D,participants_only,,,30,30,0,0,16,14,0.47133976301390657,0.2613516445943743,0.9930336746180894,0.10505538057916791,675,30,1.0,0,0.0,0.0,24.766666666666666,4483,,,,,,,,,,,,,,,,,,,,,,,,,,,
104,D,nonparticipants_only,,,10,0,10,0,0,0,0.21739206234557626,0.2086439536410884,0.30279946743321623,0.0007892905097980593,0,0,0.0,0,0.0,0.0,50.0,0,,,,,,,,,,,,,,,,,,,,,,,,,,,
104,D,step_totals,,,,,,,,,,,,,,,,,,,,,70.20000000000007,,,10.0,0.1424501424501423,0.0,0.0,50.0,0.7122507122507115,0.0053019623590409935,0.14,0.0,0,7,20,32,,20,24,50,4.200000000000001,0.05982905982905978,6.000000000000003,0.08547008547008542,21,30,26
105,D,all_agents,,,40,30,10,0,16,14,0.408478813780465,0.23746743318404925,0.9933123276333659,0.0916570789210965,681,30,0.75,0,0.0,0.0,30.95,4536,,,,,,,,,,,,,,,,,,,,,,,,,,,
105,D,participants_only,,,30,30,0,0,16,14,0.4720396738273999,0.26055870605242937,0.9933123276333659,0.10579229690969369,681,30,1.0,0,0.0,0.0,24.6,4536,,,,,,,,,,,,,,,,,,,,,,,,,,,
105,D,nonparticipants_only,,,10,0,10,0,0,0,0.21779623363966039,0.20843214485107478,0.30128547009605017,0.0007716297964323749,0,0,0.0,0,0.0,0.0,50.0,0,,,,,,,,,,,,,,,,,,,,,,,,,,,
105,D,step_totals,,,,,,,,,,,,,,,,,,,,,71.70000000000006,,,7.5,0.10460251046025096,0.0,0.0,55.0,0.767085076708507,0.0053520311175309625,0.10909090909090909,0.0,0,6,25,13,,15,18,55,3.2000000000000006,0.04463040446304042,6.000000000000003,0.0836820083682008,16,30,24
106,D,all_agents,,,40,30,10,0,16,14,0.40881072207622204,0.236280096018129,0.9935798345280312,0.09191097499947946,687,30,0.75,0,0.0,0.0,31.075,4582,,,,,,,,,,,,,,,,,,,,,,,,,,,
106,D,participants_only,,,30,30,0,0,16,14,0.47234853642571656,0.25952830733500143,0.9935798345280312,0.10614745838499537,687,30,1.0,0,0.0,0.0,24.766666666666666,4582,,,,,,,,,,,,,,,,,,,,,,,,,,,
106,D,nonparticipants_only,,,10,0,10,0,0,0,0.21819727902773847,0.20866310537551047,0.29977904274556993,0.0007568786152017063,0,0,0.0,0,0.0,0.0,50.0,0,,,,,,,,,,,,,,,,,,,,,,,,,,,
106,D,step_totals,,,,,,,,,,,,,,,,,,,,,70.40000000000006,,,10.0,0.14204545454545442,0.0,0.0,50.0,0.7102272727272722,0.004633852429205451,0.12,0.0,0,6,20,32,,20,24,50,4.400000000000001,0.062499999999999965,6.000000000000003,0.0852272727272727,22,30,26
107,D,all_agents,,,40,30,10,0,16,14,0.4094183803264285,0.23750650990788919,0.99383664114691,0.09250658121906372,694,30,0.75,0,0.0,0.0,30.95,4636,,,,,,,,,,,,,,,,,,,,,,,,,,,
107,D,participants_only,,,30,30,0,0,16,14,0.4730257610878316,0.2595781486747144,0.99383664114691,0.10691139191741662,694,30,1.0,0,0.0,0.0,24.6,4636,,,,,,,,,,,,,,,,,,,,,,,,,,,
107,D,nonparticipants_only,,,10,0,10,0,0,0,0.21859623804221906,0.20894910255969415,0.29828014753184207,0.0007413624760915425,0,0,0.0,0,0.0,0.0,50.0,0,,,,,,,,,,,,,,,,,,,,,,,,,,,
107,D,step_totals,,,,,,,,,,,,,,,,,,,,,71.70000000000007,,,7.5,0.10460251046025094,0.0,0.0,55.0,0.7670850767085069,0.005292496538640766,0.12727272727272726,0.0,0,7,25,13,,15,18,55,3.2000000000000006,0.04463040446304041,6.000000000000003,0.08368200836820079,16,30,24
108,D,all_agents,,,40,30,10,0,16,14,0.4097888013505168,0.23711142005089358,0.9940831755010335,0.09275739996003309,701,30,0.75,0,0.0,0.0,31.075,4682,,,,,,,,,,,,,,,,,,,,,,,,,,,
108,D,participants_only,,,30,30,0,0,16,14,0.473387400212941,0.2598820905212248,0.9940831755010335,0.10725556332658674,701,30,1.0,0,0.0,0.0,24.766666666666666,4682,,,,,,,,,,,,,,,,,,,,,,,,,,,
108,D,nonparticipants_only,,,10,0,10,0,0,0,0.21899300476324435,0.20928852017077065,0.2967887467941829,0.0007255285332096703,0,0,0.0,0,0.0,0.0,50.0,0,,,,,,,,,,,,,,,,,,,,,,,,,,,
108,D,step_totals,,,,,,,,,,,,,,,,,,,,,70.20000000000006,,,10.0,0.14245014245014234,0.0,0.0,50.0,0.7122507122507117,0.004786037349925947,0.14,0.0,0,7,20,32,,20,24,50,4.200000000000001,0.05982905982905979,6.000000000000003,0.08547008547008543,21,30,26
109,D,all_agents,,,40,30,10,0,16,14,0.4103879541965045,0.23707210381632804,0.9943198484809922,0.09333285608312744,708,30,0.75,0,0.0,0.0,30.95,4736,,,,,,,,,,,,,,,,,,,,,,,,,,,
109,D,participants_only,,,30,30,0,0,16,14,0.47405472759244843,0.25872638212325627,0.9943198484809922,0.10799356699144609,708,30,1.0,0,0.0,0.0,24.6,4736,,,,,,,,,,,,,,,,,,,,,,,,,,,
109,D,nonparticipants_only,,,10,0,10,0,0,0,0.21938763400867278,0.21070872384916095,0.29530480306021195,0.0007092269423658372,0,0,0.0,0,0.0,0.0,50.0,0,,,,,,,,,,,,,,,,,,,,,,,,,,,
109,D,step_totals,,,,,,,,,,,,,,,,,,,,,71.70000000000006,,,7.5,0.10460251046025096,0.0,0.0,55.0,0.767085076708507,0.005267435054165479,0.12727272727272726,0.0,0,7,25,13,,15,18,55,3.2000000000000006,0.04463040446304042,6.000000000000003,0.0836820083682008,16,30,24
110,D,all_agents,,,40,30,10,0,16,14,0.4108534706838656,0.23665402990246948,0.9945470545417525,0.09360170205522461,713,30,0.75,0,0.0,0.0,31.075,4785,,,,,,,,,,,,,,,,,,,,,,,,,,,
110,D,participants_only,,,30,30,0,0,16,14,0.47454474324570217,0.25903180051569424,0.9945470545417525,0.10834456516857938,713,30,1.0,0,0.0,0.0,24.766666666666666,4785,,,,,,,,,,,,,,,,,,,,,,,,,,,
110,D,nonparticipants_only,,,10,0,10,0,0,0,0.21977965299835578,0.21132120184415024,0.2938282790449109,0.000694174308606402,0,0,0.0,0,0.0,0.0,50.0,0,,,,,,,,,,,,,,,,,,,,,,,,,,,
110,D,step_totals,,,,,,,,,,,,,,,,,,,,,70.20000000000006,,,10.0,0.14245014245014234,0.0,0.0,50.0,0.7122507122507117,0.005118679714464034,0.1,0.0,0,5,20,32,,20,24,50,4.200000000000001,0.05982905982905979,6.000000000000003,0.08547008547008543,21,30,26
110,D,reachability,0.25,0.0,,,,,,,,,,,,,,,,,,,,,,,,,,,,,,,,,,,,,,,,,,,,,
111,D,all_agents,,,40,30,10,0,16,14,0.41136100615063154,0.23667619239694582,0.9947651723600824,0.09412476669952284,721,30,0.75,0,0.0,0.0,30.95,4837,,,,,,,,,,,,,,,,,,,,,,,,,,,
111,D,participants_only,,,30,30,0,0,16,14,0.47509164834582296,0.2587357675124343,0.9947651723600824,0.10902653352542682,721,30,1.0,0,0.0,0.0,24.6,4837,,,,,,,,,,,,,,,,,,,,,,,,,,,
111,D,nonparticipants_only,,,10,0,10,0,0,0,0.2201690795650571,0.21145820281186756,0.2923591376496863,0.0006803291664726324,0,0,0.0,0,0.0,0.0,50.0,0,,,,,,,,,,,,,,,,,,,,,,,,,,,
111,D,step_totals,,,,,,,,,,,,,,,,,,,,,71.70000000000007,,,7.5,0.10460251046025094,0.0,0.0,55.0,0.7670850767085069,0.004965186116701419,0.14545454545454545,0.0,0,8,25,13,,15,18,55,3.2000000000000006,0.04463040446304041,6.000000000000003,0.08368200836820079,16,30,24
112,D,all_agents,,,40,30,10,0,16,14,0.4117334747805449,0.23618617800764072,0.9949745654656792,0.0943478083438008,730,30,0.75,0,0.0,0.0,31.075,4883,,,,,,,,,,,,,,,,,,,,,,,,,,,
112,D,participants_only,,,30,30,0,0,16,14,0.4754594027942767,0.2587597592976326,0.9949745654656792,0.10933023674277334,730,30,1.0,0,0.0,0.0,24.766666666666666,4883,,,,,,,,,,,,,,,,,,,,,,,,,,,
112,D,nonparticipants_only,,,10,0,10,0,0,0,0.2205556907393495,0.21142925922982314,0.29089734196143785,0.0006685963323472523,0,0,0.0,0,0.0,0.0,50.0,0,,,,,,,,,,,,,,,,,,,,,,,,,,,
112,D,step_totals,,,,,,,,,,,,,,,,,,,,,70.20000000000007,,,10.0,0.1424501424501423,0.0,0.0,50.0,0.7122507122507115,0.004805760762036183,0.18,0.0,0,9,20,31,,20,24,50,4.200000000000001,0.05982905982905978,6.000000000000003,0.08547008547008542,21,30,26
113,D,all_agents,,,40,30,10,0,16,14,0.41224202854441594,0.23884444075535696,0.995175582847052,0.09488067211762842,740,30,0.75,0,0.0,0.0,30.95,4935,,,,,,,,,,,,,,,,,,,,,,,,,,,
113,D,participants_only,,,30,30,0,0,16,14,0.4760092295733017,0.25854083033842834,0.995175582847052,0.1100239925711324,740,30,1.0,0,0.0,0.0,24.6,4935,,,,,,,,,,,,,,,,,,,,,,,,,,,
113,D,nonparticipants_only,,,10,0,10,0,0,0,0.2209404254577588,0.21237340201760602,0.28944285525163066,0.0006556396324165718,0,0,0.0,0,0.0,0.0,50.0,0,,,,,,,,,,,,,,,,,,,,,,,,,,,
113,D,step_totals,,,,,,,,,,,,,,,,,,,,,71.70000000000006,,,7.5,0.10460251046025096,0.0,0.0,55.0,0.767085076708507,0.00497115487861073,0.18181818181818182,0.0,0,10,25,13,,15,18,55,3.2000000000000006,0.04463040446304042,6.000000000000003,0.0836820083682008,16,30,24
114,D,all_agents,,,40,30,10,0,16,14,0.412659751304439,0.23888019058803522,0.9953685595331699,0.09512637185784088,746,30,0.75,0,0.0,0.0,31.075,4982,,,,,,,,,,,,,,,,,,,,,,,,,,,
114,D,participants_only,,,30,30,0,0,16,14,0.47643867111762245,0.2580470607377352,0.9953685595331699,0.1103499795930871,746,30,1.0,0,0.0,0.0,24.766666666666666,4982,,,,,,,,,,,,,,,,,,,,,,,,,,,
114,D,nonparticipants_only,,,10,0,10,0,0,0,0.22132299186488874,0.21275638027271285,0.2879956409753725,0.0006425413016645127,0,0,0.0,0,0.0,0.0,50.0,0,,,,,,,,,,,,,,,,,,,,,,,,,,,
114,D,step_totals,,,,,,,,,,,,,,,,,,,,,70.20000000000007,,,10.0,0.1424501424501423,0.0,0.0,50.0,0.7122507122507115,0.004967289341179533,0.12,0.0,0,6,20,31,,20,23,50,4.200000000000001,0.05982905982905978,6.000000000000003,0.08547008547008542,21,30,25
115,D,all_agents,,,40,30,10,0,16,14,0.4131458181874168,0.2388672309103851,0.9955538171518431,0.09564818898052219,754,30,0.75,0,0.0,0.0,30.95,5034,,,,,,,,,,,,,,,,,,,,,,,,,,,
115,D,participants_only,,,30,30,0,0,16,14,0.4769600312133616,0.2580967813859585,0.9955538171518431,0.11103187610377205,754,30,1.0,0,0.0,0.0,24.6,5034,,,,,,,,,,,,,,,,,,,,,,,,,,,
115,D,nonparticipants_only,,,10,0,10,0,0,0,0.22170317910958254,0.21331472976934712,0.28655566277049566,0.0006300822013247201,0,0,0.0,0,0.0,0.0,50.0,0,,,,,,,,,,,,,,,,,,,,,,,,,,,
115,D,step_totals,,,,,,,,,,,,,,,,,,,,,71.70000000000006,,,7.5,0.10460251046025096,0.0,0.0,55.0,0.767085076708507,0.0049002481880488944,0.14545454545454545,0.0,0,8,25,13,,15,17,55,3.2000000000000006,0.04463040446304042,6.000000000000003,0.0836820083682008,16,30,23
116,D,all_agents,,,40,30,10,0,16,14,0.4135333683886953,0.23858460106507162,0.9957316644657693,0.09589005527758308,763,30,0.75,0,0.0,0.0,31.075,5081,,,,,,,,,,,,,,,,,,,,,,,,,,,
116,D,participants_only,,,30,30,0,0,16,14,0.47735085981040243,0.25799642554706514,0.9957316644657693,0.11135651569430426,763,30,1.0,0,0.0,0.0,24.766666666666666,5081,,,,,,,,,,,,,,,,,,,,,,,,,,,
116,D,nonparticipants_only,,,10,0,10,0,0,0,0.22208089412357396,0.21390607498626574,0.2851228844566432,0.0006186074911036336,0,0,0.0,0,0.0,0.0,50.0,0,,,,,,,,,,,,,,,,,,,,,,,,,,,
116,D,step_totals,,,,,,,,,,,,,,,,,,,,,70.20000000000007,,,10.0,0.1424501424501423,0.0,0.0,50.0,0.7122507122507115,0.004869382337518498,0.18,0.0,0,9,20,31,,20,23,50,4.200000000000001,0.05982905982905978,6.000000000000003,0.08547008547008542,21,30,25
117,D,all_agents,,,40,30,10,0,16,14,0.4140542996205451,0.2384351049134668,0.9959023978871385,0.096442117660812,773,30,0.75,0,0.0,0.0,30.95,5135,,,,,,,,,,,,,,,,,,,,,,,,,,,
117,D,participants_only,,,30,30,0,0,16,14,0.4779202985530428,0.25689367824706405,0.9959023978871385,0.1120714846804144,773,30,1.0,0,0.0,0.0,24.6,5135,,,,,,,,,,,,,,,,,,,,,,,,,,,
117,D,nonparticipants_only,,,10,0,10,0,0,0,0.22245630282305182,0.2140383489089791,0.28369727003435996,0.0006076267662551375,0,0,0.0,0,0.0,0.0,50.0,0,,,,,,,,,,,,,,,,,,,,,,,,,,,
117,D,step_totals,,,,,,,,,,,,,,,,,,,,,71.70000000000006,,,7.5,0.10460251046025096,0.0,0.0,55.0,0.767085076708507,0.005020600768129698,0.18181818181818182,0.0,0,10,25,13,,15,17,55,3.2000000000000006,0.04463040446304042,6.000000000000003,0.0836820083682008,16,30,23
118,D,all_agents,,,40,30,10,0,16,14,0.4144841143972164,0.23844161039460254,0.996066301971653,0.09668735634293721,780,30,0.75,0,0.0,0.0,31.075,5184,,,,,,,,,,,,,,,,,,,,,,,,,,,
118,D,participants_only,,,30,30,0,0,16,14,0.4783691101552898,0.25599619414030006,0.996066301971653,0.11239190095655782,780,30,1.0,0,0.0,0.0,24.766666666666666,5184,,,,,,,,,,,,,,,,,,,,,,,,,,,
118,D,nonparticipants_only,,,10,0,10,0,0,0,0.22282912712299613,0.2140104039886024,0.2822787836841882,0.0005982103059666001,0,0,0.0,0,0.0,0.0,50.0,0,,,,,,,,,,,,,,,,,,,,,,,,,,,
118,D,step_totals,,,,,,,,,,,,,,,,,,,,,70.20000000000007,,,10.0,0.1424501424501423,0.0,0.0,50.0,0.7122507122507115,0.005020082517657371,0.14,0.0,0,7,20,31,,20,22,50,4.200000000000001,0.05982905982905978,6.000000000000003,0.08547008547008542,21,30,24
119,D,all_agents,,,40,30,10,0,16,14,0.41492665058424333,0.2386882022451933,0.9962236498927869,0.0971890998669131,787,30,0.75,0,0.0,0.0,30.95,5237,,,,,,,,,,,,,,,,,,,,,,,,,,,
119,D,participants_only,,,30,30,0,0,16,14,0.47883550424745186,0.2560828685667395,0.9962236498927869,0.11305217551652778,787,30,1.0,0,0.0,0.0,24.6,5237,,,,,,,,,,,,,,,,,,,,,,,,,,,
119,D,nonparticipants_only,,,10,0,10,0,0,0,0.22320008959461787,0.21524794791115348,0.28086738976576725,0.000587773999524301,0,0,0.0,0,0.0,0.0,50.0,0,,,,,,,,,,,,,,,,,,,,,,,,,,,
119,D,step_totals,,,,,,,,,,,,,,,,,,,,,71.50000000000006,,,7.5,0.10489510489510481,0.0,0.0,55.0,0.7692307692307686,0.004775784781713434,0.12727272727272726,0.0,0,7,25,13,,15,17,55,3.0000000000000004,0.04195804195804193,6.000000000000003,0.08391608391608389,15,30,23
120,D,all_agents,,,40,30,10,0,16,14,0.41527349124914215,0.2389934569603892,0.9963747038970754,0.09741371681895357,795,30,0.75,0,0.0,0.0,31.075,5286,,,,,,,,,,,,,,,,,,,,,,,,,,,
120,D,participants_only,,,30,30,0,0,16,14,0.4791751041666884,0.25649301932582835,0.9963747038970754,0.11335853888164209,795,30,1.0,0,0.0,0.0,24.766666666666666,5286,,,,,,,,,,,,,,,,,,,,,,,,,,,
120,D,nonparticipants_only,,,10,0,10,0,0,0,0.22356865249650354,0.21529173439949917,0.2794630528169384,0.0005782570293211229,0,0,0.0,0,0.0,0.0,50.0,0,,,,,,,,,,,,,,,,,,,,,,,,,,,
120,D,step_totals,,,,,,,,,,,,,,,,,,,,,70.20000000000006,,,10.0,0.14245014245014234,0.0,0.0,50.0,0.7122507122507117,0.004741294248677101,0.16,0.0,0,8,20,31,,20,22,50,4.200000000000001,0.05982905982905979,6.000000000000003,0.08547008547008543,21,30,23
120,D,reachability,0.25,0.0,,,,,,,,,,,,,,,,,,,,,,,,,,,,,,,,,,,,,,,,,,,,,
121,D,all_agents,,,40,30,10,0,16,14,0.4157434758725462,0.23941011665165052,0.9965197157411924,0.09794482323254552,803,30,0.75,0,0.0,0.0,30.95,5341,,,,,,,,,,,,,,,,,,,,,,,,,,,
121,D,participants_only,,,30,30,0,0,16,14,0.4796796462046337,0.25605281370734523,0.9965197157411924,0.11405204708324629,803,30,1.0,0,0.0,0.0,24.6,5341,,,,,,,,,,,,,,,,,,,,,,,,,,,
121,D,nonparticipants_only,,,10,0,10,0,0,0,0.22393496487628375,0.215830818753394,0.2780657375528537,0.0005691451596388283,0,0,0.0,0,0.0,0.0,50.0,0,,,,,,,,,,,,,,,,,,,,,,,,,,,
121,D,step_totals,,,,,,,,,,,,,,,,,,,,,71.50000000000006,,,7.5,0.10489510489510481,0.0,0.0,55.0,0.7692307692307686,0.004870531872904229,0.14545454545454545,0.0,0,8,25,13,,15,17,55,3.0000000000000004,0.04195804195804193,6.000000000000003,0.08391608391608389,15,30,23
122,D,all_agents,,,40,30,10,0,16,14,0.41597933270291193,0.23875218634126275,0.9966589271115447,0.09811714612156104,812,30,0.75,0,0.0,0.0,31.075,5388,,,,,,,,,,,,,,,,,,,,,,,,,,,
122,D,participants_only,,,30,30,0,0,16,14,0.47987270693243367,0.2561044269869918,0.9966589271115447,0.11430677600088972,812,30,1.0,0,0.0,0.0,24.766666666666666,5388,,,,,,,,,,,,,,,,,,,,,,,,,,,
122,D,nonparticipants_only,,,10,0,10,0,0,0,0.22429921001434677,0.2164017603520038,0.2766754088650894,0.0005598972383705225,0,0,0.0,0,0.0,0.0,50.0,0,,,,,,,,,,,,,,,,,,,,,,,,,,,
122,D,step_totals,,,,,,,,,,,,,,,,,,,,,70.20000000000006,,,10.0,0.14245014245014234,0.0,0.0,50.0,0.7122507122507117,0.004368109115482257,0.18,0.0,0,9,20,31,,20,22,50,4.200000000000001,0.05982905982905979,6.000000000000003,0.08547008547008543,21,30,23
123,D,all_agents,,,40,30,10,0,16,14,0.41642498019342206,0.23826483868306791,0.9967925700270829,0.09863710850333003,818,30,0.75,0,0.0,0.0,30.95,5443,,,,,,,,,,,,,,,,,,,,,,,,,,,
123,D,participants_only,,,30,30,0,0,16,14,0.48034620698674824,0.2553501010041722,0.9967925700270829,0.11498882865941784,818,30,1.0,0,0.0,0.0,24.6,5443,,,,,,,,,,,,,,,,,,,,,,,,,,,
123,D,nonparticipants_only,,,10,0,10,0,0,0,0.22466129981344377,0.2165294703304186,0.27529203182076395,0.0005508692179006,0,0,0.0,0,0.0,0.0,50.0,0,,,,,,,,,,,,,,,,,,,,,,,,,,,
123,D,step_totals,,,,,,,,,,,,,,,,,,,,,71.50000000000006,,,7.5,0.10489510489510481,0.0,0.0,55.0,0.7692307692307686,0.00479062961148892,0.10909090909090909,0.0,0,6,25,13,,15,17,55,3.0000000000000004,0.04195804195804193,6.000000000000003,0.08391608391608389,15,30,23
124,D,all_agents,,,40,30,10,0,16,14,0.41671482324711184,0.23764881802943524,0.9969208672259996,0.09882086979128407,822,30,0.75,0,0.0,0.0,31.075,5490,,,,,,,,,,,,,,,,,,,,,,,,,,,
124,D,participants_only,,,30,30,0,0,16,14,0.4806127919475659,0.25605320269170617,0.9969208672259996,0.1152482706218195,822,30,1.0,0,0.0,0.0,24.766666666666666,5490,,,,,,,,,,,,,,,,,,,,,,,,,,,
124,D,nonparticipants_only,,,10,0,10,0,0,0,0.22502091714574965,0.2165024896141527,0.27391557166166014,0.0005432624511473156,0,0,0.0,0,0.0,0.0,50.0,0,,,,,,,,,,,,,,,,,,,,,,,,,,,
124,D,step_totals,,,,,,,,,,,,,,,,,,,,,70.20000000000007,,,10.0,0.1424501424501423,0.0,0.0,50.0,0.7122507122507115,0.004557478579204072,0.08,0.0,0,4,20,31,,20,22,50,4.200000000000001,0.05982905982905978,6.000000000000003,0.08547008547008542,21,30,23
125,D,all_agents,,,40,30,10,0,16,14,0.41710206333568733,0.23769776297335093,0.9970440325369596,0.09930849419944576,829,30,0.75,0,0.0,0.0,30.95,5544,,,,,,,,,,,,,,,,,,,,,,,,,,,
125,D,participants_only,,,30,30,0,0,16,14,0.48100990489107004,0.25537333429091097,0.9970440325369596,0.11589602237351777,829,30,1.0,0,0.0,0.0,24.6,5544,,,,,,,,,,,,,,,,,,,,,,,,,,,
125,D,nonparticipants_only,,,10,0,10,0,0,0,0.2253785386695393,0.21769733364988014,0.2725459938033518,0.0005353631300149709,0,0,0.0,0,0.0,0.0,50.0,0,,,,,,,,,,,,,,,,,,,,,,,,,,,
125,D,step_totals,,,,,,,,,,,,,,,,,,,,,71.50000000000006,,,7.5,0.10489510489510481,0.0,0.0,55.0,0.7692307692307686,0.0045966072898001795,0.12727272727272726,0.0,0,7,25,13,,15,17,55,3.0000000000000004,0.04195804195804193,6.000000000000003,0.08391608391608389,15,30,23
126,D,all_agents,,,40,30,10,0,16,14,0.4174072015608408,0.23791598804919312,0.9971622712354812,0.09949542839135192,836,30,0.75,0,0.0,0.0,31.075,5592,,,,,,,,,,,,,,,,,,,,,,,,,,,
126,D,participants_only,,,30,30,0,0,16,14,0.48129834936300986,0.2546248183817136,0.9971622712354812,0.11615605864961717,836,30,1.0,0,0.0,0.0,24.766666666666666,5592,,,,,,,,,,,,,,,,,,,,,,,,,,,
126,D,nonparticipants_only,,,10,0,10,0,0,0,0.22573375815433377,0.21773960934086128,0.27118326383433505,0.0005285924068128628,0,0,0.0,0,0.0,0.0,50.0,0,,,,,,,,,,,,,,,,,,,,,,,,,,,
126,D,step_totals,,,,,,,,,,,,,,,,,,,,,70.20000000000007,,,10.0,0.1424501424501423,0.0,0.0,50.0,0.7122507122507115,0.00461385795692652,0.14,0.0,0,7,20,31,,20,22,50,4.200000000000001,0.05982905982905978,6.000000000000003,0.08547008547008542,21,30,23
127,D,all_agents,,,40,30,10,0,16,14,0.41777315031198525,0.23771490939101061,0.9972757803860619,0.09997208950976867,840,30,0.75,0,0.0,0.0,30.95,5646,,,,,,,,,,,,,,,,,,,,,,,,,,,
127,D,participants_only,,,30,30,0,0,16,14,0.48166852526643655,0.2547061383014326,0.9972757803860619,0.11679182179483723,840,30,1.0,0,0.0,0.0,24.6,5646,,,,,,,,,,,,,,,,,,,,,,,,,,,
127,D,nonparticipants_only,,,10,0,10,0,0,0,0.2260870254486313,0.21826009327138507,0.26982734751516335,0.0005214653677239005,0,0,0.0,0,0.0,0.0,50.0,0,,,,,,,,,,,,,,,,,,,,,,,,,,,
127,D,step_totals,,,,,,,,,,,,,,,,,,,,,71.50000000000006,,,7.5,0.10489510489510481,0.0,0.0,55.0,0.7692307692307686,0.004527807319355648,0.07272727272727272,0.0,0,4,25,13,,15,17,55,3.0000000000000004,0.04195804195804193,6.000000000000003,0.08391608391608389,15,30,23
128,D,all_agents,,,40,30,10,0,16,14,0.4181101158796155,0.2376166220559583,0.9973847491706195,0.1001706124481846,850,30,0.75,0,0.0,0.0,31.075,5696,,,,,,,,,,,,,,,,,,,,,,,,,,,
128,D,participants_only,,,30,30,0,0,16,14,0.48200064492146594,0.2551229378623754,0.9973847491706195,0.11706168614884949,850,30,1.0,0,0.0,0.0,24.766666666666666,5696,,,,,,,,,,,,,,,,,,,,,,,,,,,
128,D,nonparticipants_only,,,10,0,10,0,0,0,0.22643852875406406,0.21881133525271318,0.26847821077758754,0.0005133949312195039,0,0,0.0,0,0.0,0.0,50.0,0,,,,,,,,,,,,,,,,,,,,,,,,,,,
128,D,step_totals,,,,,,,,,,,,,,,,,,,,,70.20000000000006,,,10.0,0.14245014245014234,0.0,0.0,50.0,0.7122507122507117,0.004727016737815302,0.2,0.0,0,10,20,31,,20,22,50,4.200000000000001,0.05982905982905979,6.000000000000003,0.08547008547008543,21,30,23
129,D,all_agents,,,40,30,10,0,16,14,0.4184179147368219,0.23940213971856175,0.9974893592037947,0.1006149161601088,858,30,0.75,0,0.0,0.0,30.95,5748,,,,,,,,,,,,,,,,,,,,,,,,,,,
129,D,participants_only,,,30,30,0,0,16,14,0.4822945836591859,0.25470203552502324,0.9974893592037947,0.11766374551374238,858,30,1.0,0,0.0,0.0,24.6,5748,,,,,,,,,,,,,,,,,,,,,,,,,,,
129,D,nonparticipants_only,,,10,0,10,0,0,0,0.22678790796972975,0.21893463875995137,0.2671358197236996,0.0005056821078003367,0,0,0.0,0,0.0,0.0,50.0,0,,,,,,,,,,,,,,,,,,,,,,,,,,,
129,D,step_totals,,,,,,,,,,,,,,,,,,,,,71.50000000000006,,,7.5,0.10489510489510481,0.0,0.0,55.0,0.7692307692307686,0.004335936348188628,0.14545454545454545,0.0,0,8,25,13,,15,17,55,3.0000000000000004,0.04195804195804193,6.000000000000003,0.08391608391608389,15,30,23
130,D,all_agents,,,40,30,10,0,16,14,0.4186953195420819,0.23918851597419744,0.9975897848356429,0.10078392076922496,864,30,0.75,0,0.0,0.0,31.075,5796,,,,,,,,,,,,,,,,,,,,,,,,,,,
130,D,participants_only,,,30,30,0,0,16,14,0.4825488640886027,0.25477637087530014,0.9975897848356429,0.11790276584276878,864,30,1.0,0,0.0,0.0,24.766666666666666,5796,,,,,,,,,,,,,,,,,,,,,,,,,,,
130,D,nonparticipants_only,,,10,0,10,0,0,0,0.2271346859025193,0.21890858897915366,0.2662406268198694,0.0005000837347392321,0,0,0.0,0,0.0,0.0,50.0,0,,,,,,,,,,,,,,,,,,,,,,,,,,,
130,D,step_totals,,,,,,,,,,,,,,,,,,,,,70.20000000000007,,,10.0,0.1424501424501423,0.0,0.0,50.0,0.7122507122507115,0.004526537304400565,0.12,0.0,0,6,20,31,,20,22,50,4.200000000000001,0.05982905982905978,6.000000000000003,0.08547008547008542,21,30,23
130,D,reachability,0.25,0.0,,,,,,,,,,,,,,,,,,,,,,,,,,,,,,,,,,,,,,,,,,,,,
131,D,all_agents,,,40,30,10,0,16,14,0.41902394855517106,0.23891336506583702,0.9976861934422172,0.10123941013836606,869,30,0.75,0,0.0,0.0,30.95,5850,,,,,,,,,,,,,,,,,,,,,,,,,,,
131,D,participants_only,,,30,30,0,0,16,14,0.48287211898220495,0.2540054617375713,0.9976861934422172,0.11851469190709742,869,30,1.0,0,0.0,0.0,24.6,5850,,,,,,,,,,,,,,,,,,,,,,,,,,,
131,D,nonparticipants_only,,,10,0,10,0,0,0,0.22747943727406947,0.2200622064336118,0.2700606204473523,0.0004944984296172588,0,0,0.0,0,0.0,0.0,50.0,0,,,,,,,,,,,,,,,,,,,,,,,,,,,
131,D,step_totals,,,,,,,,,,,,,,,,,,,,,71.50000000000006,,,7.5,0.10489510489510481,0.0,0.0,55.0,0.7692307692307686,0.004407744820139662,0.09090909090909091,0.0,0,5,25,13,,15,17,55,3.0000000000000004,0.04195804195804193,6.000000000000003,0.08391608391608389,15,30,23
132,D,all_agents,,,40,30,10,0,16,14,0.41927931308767213,0.23824103943854003,0.9977787457045285,0.10140095868969207,876,30,0.75,0,0.0,0.0,31.075,5897,,,,,,,,,,,,,,,,,,,,,,,,,,,
132,D,participants_only,,,30,30,0,0,16,14,0.48309833941474667,0.2547274073417307,0.9977787457045285,0.11874688601635035,876,30,1.0,0,0.0,0.0,24.766666666666666,5897,,,,,,,,,,,,,,,,,,,,,,,,,,,
132,D,nonparticipants_only,,,10,0,10,0,0,0,0.22782223410644856,0.2201030234553793,0.2696536323619865,0.00048875925368723,0,0,0.0,0,0.0,0.0,50.0,0,,,,,,,,,,,,,,,,,,,,,,,,,,,
132,D,step_totals,,,,,,,,,,,,,,,,,,,,,70.20000000000006,,,10.0,0.14245014245014234,0.0,0.0,50.0,0.7122507122507117,0.004454313065915115,0.14,0.0,0,7,20,31,,20,23,50,4.200000000000001,0.05982905982905979,6.000000000000003,0.08547008547008543,21,30,23
133,D,all_agents,,,40,30,10,0,16,14,0.4196237971604081,0.23754600757990588,0.9978675958763473,0.10186741201236879,883,30,0.75,0,0.0,0.0,30.95,5952,,,,,,,,,,,,,,,,,,,,,,,,,,,
133,D,participants_only,,,30,30,0,0,16,14,0.48344401034340556,0.25405266963343043,0.9978675958763473,0.11937026000736803,883,30,1.0,0,0.0,0.0,24.6,5952,,,,,,,,,,,,,,,,,,,,,,,,,,,
133,D,nonparticipants_only,,,10,0,10,0,0,0,0.22816315761141562,0.2206055487466,0.26917400836035266,0.00048263269869213457,0,0,0.0,0,0.0,0.0,50.0,0,,,,,,,,,,,,,,,,,,,,,,,,,,,
133,D,step_totals,,,,,,,,,,,,,,,,,,,,,71.50000000000006,,,7.5,0.10489510489510481,0.0,0.0,55.0,0.7692307692307686,0.004463293350419757,0.12727272727272726,0.0,0,7,25,13,,15,16,55,3.0000000000000004,0.04195804195804193,6.000000000000003,0.08391608391608389,15,30,23
134,D,all_agents,,,40,30,10,0,16,14,0.4199109171471028,0.23763415934558008,0.9979528920412934,0.10204193790310767,891,30,0.75,0,0.0,0.0,31.075,6002,,,,,,,,,,,,,,,,,,,,,,,,,,,
134,D,participants_only,,,30,30,0,0,16,14,0.48371378253409814,0.253337189144283,0.9979528920412934,0.11961409810542743,891,30,1.0,0,0.0,0.0,24.766666666666666,6002,,,,,,,,,,,,,,,,,,,,,,,,,,,
134,D,nonparticipants_only,,,10,0,10,0,0,0,0.22850232098611667,0.22113777082100905,0.268810087213458,0.0004757897170557626,0,0,0.0,0,0.0,0.0,50.0,0,,,,,,,,,,,,,,,,,,,,,,,,,,,
134,D,step_totals,,,,,,,,,,,,,,,,,,,,,70.20000000000006,,,10.0,0.14245014245014234,0.0,0.0,50.0,0.7122507122507117,0.004567171660201183,0.16,0.0,0,8,20,31,,20,23,50,4.200000000000001,0.05982905982905979,6.000000000000003,0.08547008547008543,21,30,23
135,D,all_agents,,,40,30,10,0,16,14,0.4201835656844961,0.23818658500791703,0.9980347763596417,0.10245950399440143,901,30,0.75,0,0.0,0.0,30.95,6055,,,,,,,,,,,,,,,,,,,,,,,,,,,
135,D,participants_only,,,30,30,0,0,16,14,0.4839650003234192,0.2533901694201537,0.9980347763596417,0.12018375589536177,901,30,1.0,0,0.0,0.0,24.6,6055,,,,,,,,,,,,,,,,,,,,,,,,,,,
135,D,nonparticipants_only,,,10,0,10,0,0,0,0.22883926176772673,0.22125681989678175,0.2679186363487308,0.00046989143632970544,0,0,0.0,0,0.0,0.0,50.0,0,,,,,,,,,,,,,,,,,,,,,,,,,,,
135,D,step_totals,,,,,,,,,,,,,,,,,,,,,71.50000000000006,,,7.5,0.10489510489510481,0.0,0.0,55.0,0.7692307692307686,0.004224984211941924,0.18181818181818182,0.0,0,10,25,13,,15,16,55,3.0000000000000004,0.04195804195804193,6.000000000000003,0.08391608391608389,15,30,23
136,D,all_agents,,,40,30,10,0,16,14,0.4203716437448845,0.2390594220043324,0.998113385305256,0.10258444737072936,909,30,0.75,0,0.0,0.0,31.075,6102,,,,,,,,,,,,,,,,,,,,,,,,,,,
136,D,participants_only,,,30,30,0,0,16,14,0.4841041986762597,0.25381332434100834,0.998113385305256,0.12037690250554718,909,30,1.0,0,0.0,0.0,24.766666666666666,6102,,,,,,,,,,,,,,,,,,,,,,,,,,,
136,D,nonparticipants_only,,,10,0,10,0,0,0,0.2291739789507591,0.22123166893070212,0.2670543309430993,0.0004650192693068769,0,0,0.0,0,0.0,0.0,50.0,0,,,,,,,,,,,,,,,,,,,,,,,,,,,
136,D,step_totals,,,,,,,,,,,,,,,,,,,,,70.20000000000007,,,10.0,0.1424501424501423,0.0,0.0,50.0,0.7122507122507115,0.004230729752262947,0.16,0.0,0,8,20,31,,20,23,50,4.200000000000001,0.05982905982905978,6.000000000000003,0.08547008547008542,21,30,23
137,D,all_agents,,,40,30,10,0,16,14,0.42068071036530197,0.23953903287927175,0.9981888498930457,0.10303065208598684,915,30,0.75,0,0.0,0.0,30.95,6155,,,,,,,,,,,,,,,,,,,,,,,,,,,
137,D,participants_only,,,30,30,0,0,16,14,0.4844053646498747,0.2534108733429745,0.9981888498930457,0.12097749978561205,915,30,1.0,0,0.0,0.0,24.6,6155,,,,,,,,,,,,,,,,,,,,,,,,,,,
137,D,nonparticipants_only,,,10,0,10,0,0,0,0.22950674751158384,0.22234548227490164,0.27074252052501424,0.0004601302228514602,0,0,0.0,0,0.0,0.0,50.0,0,,,,,,,,,,,,,,,,,,,,,,,,,,,
137,D,step_totals,,,,,,,,,,,,,,,,,,,,,71.50000000000007,,,7.5,0.10489510489510478,0.0,0.0,55.0,0.7692307692307685,0.004347864046949527,0.10909090909090909,0.0,0,6,25,13,,15,16,55,3.0000000000000004,0.041958041958041925,6.000000000000003,0.08391608391608386,15,30,23
138,D,all_agents,,,40,30,10,0,16,14,0.42089465293421285,0.23944120940618402,0.9982612958973238,0.10316816079738658,924,30,0.75,0,0.0,0.0,31.075,6202,,,,,,,,,,,,,,,,,,,,,,,,,,,
138,D,participants_only,,,30,30,0,0,16,14,0.48458032602276957,0.25350692793529994,0.9982612958973238,0.12118239671221526,924,30,1.0,0,0.0,0.0,24.766666666666666,6202,,,,,,,,,,,,,,,,,,,,,,,,,,,
138,D,nonparticipants_only,,,10,0,10,0,0,0,0.22983763366854268,0.2223848909569907,0.2703495750484537,0.00045507357199031293,0,0,0.0,0,0.0,0.0,50.0,0,,,,,,,,,,,,,,,,,,,,,,,,,,,
138,D,step_totals,,,,,,,,,,,,,,,,,,,,,70.20000000000007,,,10.0,0.1424501424501423,0.0,0.0,50.0,0.7122507122507115,0.0043228174369646195,0.18,0.0,0,9,20,31,,20,23,50,4.200000000000001,0.05982905982905978,6.000000000000003,0.08547008547008542,21,30,23
139,D,all_agents,,,40,30,10,0,16,14,0.4211356578492776,0.23927438330642253,0.9983308440614309,0.10356602300819734,927,30,0.75,0,0.0,0.0,30.95,6254,,,,,,,,,,,,,,,,,,,,,,,,,,,
139,D,participants_only,,,30,30,0,0,16,14,0.484791988886383,0.25272016753290155,0.9983308440614309,0.12172958262870433,927,30,1.0,0,0.0,0.0,24.6,6254,,,,,,,,,,,,,,,,,,,,,,,,,,,
139,D,nonparticipants_only,,,10,0,10,0,0,0,0.2301666647379616,0.22287007724902913,0.2698864998659886,0.0004498023734098958,0,0,0.0,0,0.0,0.0,50.0,0,,,,,,,,,,,,,,,,,,,,,,,,,,,
139,D,step_totals,,,,,,,,,,,,,,,,,,,,,71.50000000000006,,,7.5,0.10489510489510481,0.0,0.0,55.0,0.7692307692307686,0.00412108768195744,0.05454545454545454,0.0,0,3,25,13,,15,16,55,3.0000000000000004,0.04195804195804193,6.000000000000003,0.08391608391608389,15,30,23
140,D,all_agents,,,40,30,10,0,16,14,0.4213632837522108,0.23936001842493249,0.9983976102989737,0.10370156308664119,933,30,0.75,0,0.0,0.0,31.075,6302,,,,,,,,,,,,,,,,,,,,,,,,,,,
140,D,participants_only,,,30,30,0,0,16,14,0.4849863890677908,0.253460125385724,0.9983976102989737,0.121929174229214,933,30,1.0,0,0.0,0.0,24.766666666666666,6302,,,,,,,,,,,,,,,,,,,,,,,,,,,
140,D,nonparticipants_only,,,10,0,10,0,0,0,0.23049396780547124,0.223383935674336,0.26953513535769236,0.00044393529895433195,0,0,0.0,0,0.0,0.0,50.0,0,,,,,,,,,,,,,,,,,,,,,,,,,,,
140,D,step_totals,,,,,,,,,,,,,,,,,,,,,70.20000000000007,,,10.0,0.1424501424501423,0.0,0.0,50.0,0.7122507122507115,0.004371833519514758,0.12,0.0,0,6,20,31,,20,23,50,4.200000000000001,0.05982905982905978,6.000000000000003,0.08547008547008542,21,30,23
140,D,reachability,0.25,0.0,,,,,,,,,,,,,,,,,,,,,,,,,,,,,,,,,,,,,,,,,,,,,
141,D,all_agents,,,40,30,10,0,16,14,0.4216055469087727,0.23989338333893528,0.9984617058870148,0.10410851937634888,941,30,0.75,0,0.0,0.0,30.95,6356,,,,,,,,,,,,,,,,,,,,,,,,,,,
141,D,participants_only,,,30,30,0,0,16,14,0.48520096825441666,0.25279029192906455,0.9984617058870148,0.12248770773631446,941,30,1.0,0,0.0,0.0,24.6,6356,,,,,,,,,,,,,,,,,,,,,,,,,,,
141,D,nonparticipants_only,,,10,0,10,0,0,0,0.23081928287184092,0.22349887711241656,0.26867444287684067,0.00043842290289235474,0,0,0.0,0,0.0,0.0,50.0,0,,,,,,,,,,,,,,,,,,,,,,,,,,,
141,D,step_totals,,,,,,,,,,,,,,,,,,,,,71.50000000000004,,,7.5,0.10489510489510483,0.0,0.0,55.0,0.7692307692307687,0.00412729263020703,0.14545454545454545,0.0,0,8,25,13,,15,16,55,3.0000000000000004,0.04195804195804194,6.000000000000003,0.0839160839160839,15,30,23
142,D,all_agents,,,40,30,10,0,16,14,0.42179535191209266,0.24073610419944366,0.9985232376515342,0.1042327234368716,950,30,0.75,0,0.0,0.0,31.075,6405,,,,,,,,,,,,,,,,,,,,,,,,,,,
142,D,participants_only,,,30,30,0,0,16,14,0.48534631886209423,0.2521063888562499,0.9985232376515342,0.1226774308380941,950,30,1.0,0,0.0,0.0,24.766666666666666,6405,,,,,,,,,,,,,,,,,,,,,,,,,,,
142,D,nonparticipants_only,,,10,0,10,0,0,0,0.23114245106208772,0.22347459394859068,0.2678399592353737,0.00043389642984168,0,0,0.0,0,0.0,0.0,50.0,0,,,,,,,,,,,,,,,,,,,,,,,,,,,
142,D,step_totals,,,,,,,,,,,,,,,,,,,,,70.20000000000007,,,10.0,0.1424501424501423,0.0,0.0,50.0,0.7122507122507115,0.004244641840869354,0.18,0.0,0,9,20,31,,20,23,50,4.200000000000001,0.05982905982905978,6.000000000000003,0.08547008547008542,21,30,23
143,D,all_agents,,,40,30,10,0,16,14,0.42201183709988804,0.24119916670813427,0.9985823081454728,0.10461438293905916,962,30,0.75,0,0.0,0.0,30.95,6457,,,,,,,,,,,,,,,,,,,,,,,,,,,
143,D,participants_only,,,30,30,0,0,16,14,0.48552787017822735,0.25102809591007813,0.9985823081454728,0.12320558023327202,962,30,1.0,0,0.0,0.0,24.6,6457,,,,,,,,,,,,,,,,,,,,,,,,,,,
143,D,nonparticipants_only,,,10,0,10,0,0,0,0.23146373786486993,0.22454997657298037,0.2714008925035029,0.00042935356031613815,0,0,0.0,0,0.0,0.0,50.0,0,,,,,,,,,,,,,,,,,,,,,,,,,,,
143,D,step_totals,,,,,,,,,,,,,,,,,,,,,71.50000000000006,,,7.5,0.10489510489510481,0.0,0.0,55.0,0.7692307692307686,0.004041929886852313,0.21818181818181817,0.0,0,12,25,13,,15,16,55,3.0000000000000004,0.04195804195804193,6.000000000000003,0.08391608391608389,15,30,23
144,D,all_agents,,,40,30,10,0,16,14,0.4221895764565453,0.241104718510181,0.9986390158196539,0.1047313665811223,968,30,0.75,0,0.0,0.0,31.075,6505,,,,,,,,,,,,,,,,,,,,,,,,,,,
144,D,participants_only,,,30,30,0,0,16,14,0.485658366204144,0.2520636630331544,0.9986390158196539,0.12338712383125369,968,30,1.0,0,0.0,0.0,24.766666666666666,6505,,,,,,,,,,,,,,,,,,,,,,,,,,,
144,D,nonparticipants_only,,,10,0,10,0,0,0,0.23178320721374934,0.2245880255083692,0.27102150511330286,0.0004246475664294929,0,0,0.0,0,0.0,0.0,50.0,0,,,,,,,,,,,,,,,,,,,,,,,,,,,
144,D,step_totals,,,,,,,,,,,,,,,,,,,,,70.20000000000007,,,10.0,0.1424501424501423,0.0,0.0,50.0,0.7122507122507115,0.004204978227765613,0.12,0.0,0,6,20,31,,20,23,50,4.200000000000001,0.05982905982905978,6.000000000000003,0.08547008547008542,21,30,23
145,D,all_agents,,,40,30,10,0,16,14,0.42242369690090453,0.2409436485338582,0.9986934551868677,0.10512679689637298,975,30,0.75,0,0.0,0.0,30.95,6558,,,,,,,,,,,,,,,,,,,,,,,,,,,
145,D,participants_only,,,30,30,0,0,16,14,0.48586463404036057,0.2512987024855512,0.9986934551868677,0.12393014154076348,975,30,1.0,0,0.0,0.0,24.6,6558,,,,,,,,,,,,,,,,,,,,,,,,,,,
145,D,nonparticipants_only,,,10,0,10,0,0,0,0.23210088548253663,0.2250564710614481,0.27057440775394515,0.00041973290161262107,0,0,0.0,0,0.0,0.0,50.0,0,,,,,,,,,,,,,,,,,,,,,,,,,,,
145,D,step_totals,,,,,,,,,,,,,,,,,,,,,71.50000000000004,,,7.5,0.10489510489510483,0.0,0.0,55.0,0.7692307692307687,0.004102092496158916,0.12727272727272726,0.0,0,7,25,13,,15,16,55,3.0000000000000004,0.04195804195804194,6.000000000000003,0.0839160839160839,15,30,23
146,D,all_agents,,,40,30,10,0,16,14,0.4226032490019789,0.24102632892098302,0.998745716979393,0.10523631104631855,983,30,0.75,0,0.0,0.0,31.075,6607,,,,,,,,,,,,,,,,,,,,,,,,,,,
146,D,participants_only,,,30,30,0,0,16,14,0.48599870021199404,0.2517716808100694,0.998745716979393,0.12410106813312682,983,30,1.0,0,0.0,0.0,24.766666666666666,6607,,,,,,,,,,,,,,,,,,,,,,,,,,,
146,D,nonparticipants_only,,,10,0,10,0,0,0,0.23241689537193355,0.22555259945212414,0.27023516663332403,0.0004142409764368161,0,0,0.0,0,0.0,0.0,50.0,0,,,,,,,,,,,,,,,,,,,,,,,,,,,
146,D,step_totals,,,,,,,,,,,,,,,,,,,,,70.20000000000007,,,10.0,0.1424501424501423,0.0,0.0,50.0,0.7122507122507115,0.004214070429591839,0.16,0.0,0,8,20,31,,20,23,50,4.200000000000001,0.05982905982905978,6.000000000000003,0.08547008547008542,21,30,23
147,D,all_agents,,,40,30,10,0,16,14,0.42282239827917406,0.24154129075364977,0.9987958883002173,0.10562247498836447,994,30,0.75,0,0.0,0.0,30.95,6660,,,,,,,,,,,,,,,,,,,,,,,,,,,
147,D,participants_only,,,30,30,0,0,16,14,0.48618620242101407,0.25103204374396604,0.9987958883002173,0.12463371702229564,994,30,1.0,0,0.0,0.0,24.6,6660,,,,,,,,,,,,,,,,,,,,,,,,,,,
147,D,nonparticipants_only,,,10,0,10,0,0,0,0.23273098585365384,0.2256635749813526,0.26940417125723976,0.000409088782665347,0,0,0.0,0,0.0,0.0,50.0,0,,,,,,,,,,,,,,,,,,,,,,,,,,,
147,D,step_totals,,,,,,,,,,,,,,,,,,,,,71.70000000000006,,,7.5,0.10460251046025096,0.0,0.0,55.0,0.767085076708507,0.0040417669864858015,0.2,0.0,0,11,25,13,,15,16,55,3.2000000000000006,0.04463040446304042,6.000000000000003,0.0836820083682008,16,30,23
148,D,all_agents,,,40,30,10,0,16,14,0.42302088168652835,0.24235493459740595,0.9988440527682085,0.10574659073388763,998,30,0.75,0,0.0,0.0,31.075,6710,,,,,,,,,,,,,,,,,,,,,,,,,,,
148,D,participants_only,,,30,30,0,0,16,14,0.4863468410705395,0.25127851109620264,0.9988440527682085,0.12481978444005846,998,30,1.0,0,0.0,0.0,24.766666666666666,6710,,,,,,,,,,,,,,,,,,,,,,,,,,,
148,D,nonparticipants_only,,,10,0,10,0,0,0,0.2330430035344948,0.22564012967736197,0.2685984804177069,0.00040488403250993403,0,0,0.0,0,0.0,0.0,50.0,0,,,,,,,,,,,,,,,,,,,,,,,,,,,
148,D,step_totals,,,,,,,,,,,,,,,,,,,,,70.20000000000006,,,10.0,0.14245014245014234,0.0,0.0,50.0,0.7122507122507117,0.004280299038956512,0.08,0.0,0,4,20,31,,20,23,50,4.200000000000001,0.05982905982905979,6.000000000000003,0.08547008547008543,21,30,23
149,D,all_agents,,,40,30,10,0,16,14,0.4231953921292601,0.24273220487844446,0.9988902906574801,0.1061026276679437,1008,30,0.75,0,0.0,0.0,30.95,6762,,,,,,,,,,,,,,,,,,,,,,,,,,,
149,D,participants_only,,,30,30,0,0,16,14,0.4864761212580919,0.2509875304890048,0.9988902906574801,0.12531881305464607,1008,30,1.0,0,0.0,0.0,24.6,6762,,,,,,,,,,,,,,,,,,,,,,,,,,,
149,D,nonparticipants_only,,,10,0,10,0,0,0,0.23335320474276464,0.22667840758529126,0.2720365481901032,0.00040066335891763774,0,0,0.0,0,0.0,0.0,50.0,0,,,,,,,,,,,,,,,,,,,,,,,,,,,
149,D,step_totals,,,,,,,,,,,,,,,,,,,,,71.50000000000006,,,7.5,0.10489510489510481,0.0,0.0,55.0,0.7692307692307686,0.003904582066353068,0.18181818181818182,0.0,0,10,25,13,,15,16,55,3.0000000000000004,0.04195804195804193,6.000000000000003,0.08391608391608389,15,30,23
150,D,all_agents,,,40,30,10,0,16,14,0.42338169022509187,0.24227521318521678,0.9989346790311809,0.10621981877857843,1015,30,0.75,0,0.0,0.0,31.075,6810,,,,,,,,,,,,,,,,,,,,,,,,,,,
150,D,participants_only,,,30,30,0,0,16,14,0.48662170323142967,0.25074026988922854,0.9989346790311809,0.1254971333996736,1015,30,1.0,0,0.0,0.0,24.766666666666666,6810,,,,,,,,,,,,,,,,,,,,,,,,,,,
150,D,nonparticipants_only,,,10,0,10,0,0,0,0.23366165120607837,0.22671514369031892,0.27167025108165294,0.0003962839747915704,0,0,0.0,0,0.0,0.0,50.0,0,,,,,,,,,,,,,,,,,,,,,,,,,,,
150,D,step_totals,,,,,,,,,,,,,,,,,,,,,70.20000000000006,,,10.0,0.14245014245014234,0.0,0.0,50.0,0.7122507122507117,0.00423981191520501,0.14,0.0,0,7,20,31,,20,23,50,4.200000000000001,0.05982905982905979,6.000000000000003,0.08547008547008543,21,30,23
150,D,reachability,0.25,0.0,,,,,,,,,,,,,,,,,,,,,,,,,,,,,,,,,,,,,,,,,,,,,
151,D,all_agents,,,40,30,10,0,16,14,0.42359622717650985,0.24160323348513874,0.9989772918699337,0.10660621657104082,1025,30,0.75,0,0.0,0.0,30.95,6865,,,,,,,,,,,,,,,,,,,,,,,,,,,
151,D,participants_only,,,30,30,0,0,16,14,0.48680551343926254,0.2496752598499721,0.9989772918699337,0.12602939938292276,1025,30,1.0,0,0.0,0.0,24.6,6865,,,,,,,,,,,,,,,,,,,,,,,,,,,
151,D,nonparticipants_only,,,10,0,10,0,0,0,0.2339683683882518,0.2271674261224491,0.2712385802508375,0.00039170169723562763,0,0,0.0,0,0.0,0.0,50.0,0,,,,,,,,,,,,,,,,,,,,,,,,,,,
151,D,step_totals,,,,,,,,,,,,,,,,,,,,,71.70000000000006,,,7.5,0.10460251046025096,0.0,0.0,55.0,0.767085076708507,0.004029229615730648,0.18181818181818182,0.0,0,10,25,13,,15,16,55,3.2000000000000006,0.04463040446304042,6.000000000000003,0.0836820083682008,16,30,23
152,D,all_agents,,,40,30,10,0,16,14,0.4237324009901412,0.24134254128784155,0.9990182001951363,0.10669548041931404,1028,30,0.75,0,0.0,0.0,31.075,6913,,,,,,,,,,,,,,,,,,,,,,,,,,,
152,D,participants_only,,,30,30,0,0,16,14,0.48688537640140356,0.25086406925924976,0.9990182001951363,0.12617859392443762,1028,30,1.0,0,0.0,0.0,24.766666666666666,6913,,,,,,,,,,,,,,,,,,,,,,,,,,,
152,D,nonparticipants_only,,,10,0,10,0,0,0,0.23427347475635424,0.22764643623090033,0.2709110442157431,0.00038656026439724903,0,0,0.0,0,0.0,0.0,50.0,0,,,,,,,,,,,,,,,,,,,,,,,,,,,
152,D,step_totals,,,,,,,,,,,,,,,,,,,,,70.20000000000007,,,10.0,0.1424501424501423,0.0,0.0,50.0,0.7122507122507115,0.004070517426880463,0.06,0.0,0,3,20,31,,20,23,50,4.200000000000001,0.05982905982905978,6.000000000000003,0.08547008547008542,21,30,23
153,D,all_agents,,,40,30,10,0,16,14,0.4239340217656186,0.24142196975482313,0.9990574721873309,0.10707340083083944,1036,30,0.75,0,0.0,0.0,30.95,6966,,,,,,,,,,,,,,,,,,,,,,,,,,,
153,D,participants_only,,,30,30,0,0,16,14,0.4870531197063206,0.25010811928357124,0.9990574721873309,0.12670120423658265,1036,30,1.0,0,0.0,0.0,24.6,6966,,,,,,,,,,,,,,,,,,,,,,,,,,,
153,D,nonparticipants_only,,,10,0,10,0,0,0,0.23457672794351275,0.22775358268994234,0.27010872128341057,0.0003817443154346943,0,0,0.0,0,0.0,0.0,50.0,0,,,,,,,,,,,,,,,,,,,,,,,,,,,
153,D,step_totals,,,,,,,,,,,,,,,,,,,,,71.50000000000006,,,7.5,0.10489510489510481,0.0,0.0,55.0,0.7692307692307686,0.003997541639538868,0.14545454545454545,0.0,0,8,25,13,,15,16,55,3.0000000000000004,0.04195804195804193,6.000000000000003,0.08391608391608389,15,30,23
154,D,all_agents,,,40,30,10,0,16,14,0.4241001942068741,0.2419166775125528,0.9990951732998377,0.10717689792478713,1043,30,0.75,0,0.0,0.0,31.075,7015,,,,,,,,,,,,,,,,,,,,,,,,,,,
154,D,participants_only,,,30,30,0,0,16,14,0.48717426565944455,0.25060997354300873,0.9990951732998377,0.12686323028765625,1043,30,1.0,0,0.0,0.0,24.766666666666666,7015,,,,,,,,,,,,,,,,,,,,,,,,,,,
154,D,nonparticipants_only,,,10,0,10,0,0,0,0.23487797984916298,0.22773094633649374,0.2693308297866211,0.0003778389609323057,0,0,0.0,0,0.0,0.0,50.0,0,,,,,,,,,,,,,,,,,,,,,,,,,,,
154,D,step_totals,,,,,,,,,,,,,,,,,,,,,70.20000000000007,,,10.0,0.1424501424501423,0.0,0.0,50.0,0.7122507122507115,0.0041750360627411855,0.14,0.0,0,7,20,31,,20,23,50,4.200000000000001,0.05982905982905978,6.000000000000003,0.08547008547008542,21,30,23
155,D,all_agents,,,40,30,10,0,16,14,0.42429044822391454,0.24247061188196678,0.9991313663678442,0.1075475884035216,1053,30,0.75,0,0.0,0.0,30.95,7070,,,,,,,,,,,,,,,,,,,,,,,,,,,
155,D,participants_only,,,30,30,0,0,16,14,0.48732810497944296,0.249877980033125,0.9991313663678442,0.1273771604791188,1053,30,1.0,0,0.0,0.0,24.6,7070,,,,,,,,,,,,,,,,,,,,,,,,,,,
155,D,nonparticipants_only,,,10,0,10,0,0,0,0.23517747795732918,0.22873339977924478,0.2726502713817172,0.00037391814599618356,0,0,0.0,0,0.0,0.0,50.0,0,,,,,,,,,,,,,,,,,,,,,,,,,,,
155,D,step_totals,,,,,,,,,,,,,,,,,,,,,71.50000000000006,,,7.5,0.10489510489510481,0.0,0.0,55.0,0.7692307692307686,0.0039602506440086175,0.18181818181818182,0.0,0,10,25,13,,15,16,55,3.0000000000000004,0.04195804195804193,6.000000000000003,0.08391608391608389,15,30,23
156,D,all_agents,,,40,30,10,0,16,14,0.42440048459637825,0.24289136863596145,0.9991661117131304,0.10760951361749405,1064,30,0.75,0,0.0,0.0,31.075,7118,,,,,,,,,,,,,,,,,,,,,,,,,,,
156,D,participants_only,,,30,30,0,0,16,14,0.48737555217323986,0.25013856965730047,0.9991661117131304,0.12749263395660798,1064,30,1.0,0,0.0,0.0,24.766666666666666,7118,,,,,,,,,,,,,,,,,,,,,,,,,,,
156,D,nonparticipants_only,,,10,0,10,0,0,0,0.23547528186579322,0.22876886835146132,0.27229661289141177,0.00036984296442869896,0,0,0.0,0,0.0,0.0,50.0,0,,,,,,,,,,,,,,,,,,,,,,,,,,,
156,D,step_totals,,,,,,,,,,,,,,,,,,,,,70.20000000000007,,,10.0,0.1424501424501423,0.0,0.0,50.0,0.7122507122507115,0.003984332325393999,0.22,0.0,0,11,20,31,,20,23,50,4.200000000000001,0.05982905982905978,6.000000000000003,0.08547008547008542,21,30,23
