step,condition,population,skill_reachability,resource_reachability,n_agents,maker_count,stage_consumer,stage_customizer,stage_maker,stage_advanced_maker,skill_mean,skill_median,skill_max,skill_var,method_count_total,method_holders,method_adoption_rate,method_peer_held,knowledge_diffusion_lag_mean,hop_count_mean,latent_distributed_resources,completed_projects_total,time_total,time_practice,time_share_practice,time_observe,time_share_observe,time_idle,time_share_idle,time_make,time_share_make,skill_gain_per_time,method_self_discovery_per_time,method_peer_acquisition_per_time,peer_acquired_count,self_discovered_count,reject_time_budget_exceeded,reject_missing_asset,count_practice,count_observe,count_idle,count_make,time_ask,time_share_ask,time_share,time_share_share,count_ask,count_share,reject_insufficient_material
0,A,reachability,0.75,0.0,,,,,,,,,,,,,,,,,,,,,,,,,,,,,,,,,,,,,,,,,,,,,
1,A,all_agents,,,40,0,19,21,0,0,0.16698212484732203,0.14201494622033778,0.4692302811419631,0.010964964504836286,7,7,0.175,0,0.0,0.0,25.85,26,,,,,,,,,,,,,,,,,,,,,,,,,,,
1,A,participants_only,,,30,0,9,21,0,0,0.16602227577380255,0.1524245932003408,0.4692302811419631,0.010308296971887189,7,7,0.23333333333333334,0,0.0,0.0,24.466666666666665,26,,,,,,,,,,,,,,,,,,,,,,,,,,,
1,A,nonparticipants_only,,,10,0,10,0,0,0,0.16986167206788033,0.12460603654725383,0.46010645567195807,0.012923911380756346,0,0,0.0,0,0.0,0.0,30.0,0,,,,,,,,,,,,,,,,,,,,,,,,,,,
1,A,step_totals,,,,,,,,,,,,,,,,,,,,,84.39999999999998,19.5,0.23104265402843607,3.900000000000002,0.046208530805687244,0.0,0.0,61.0,0.722748815165877,0.017840860586562295,0.11475409836065574,0.0,0,7,30,14,39,39,34,61,,,,,,,
2,A,all_agents,,,40,2,11,27,2,0,0.1738242431662202,0.14691907337579307,0.46688412973625326,0.010852417345944429,21,17,0.425,7,1.0,1.0,26.7,64,,,,,,,,,,,,,,,,,,,,,,,,,,,
2,A,participants_only,,,30,2,1,27,2,0,0.1748924651646226,0.15804912946334637,0.46688412973625326,0.010301384368303312,21,17,0.5666666666666667,7,1.0,1.0,23.933333333333334,64,,,,,,,,,,,,,,,,,,,,,,,,,,,
2,A,nonparticipants_only,,,10,0,10,0,0,0,0.17061957717101306,0.12398300636451756,0.45780592339359827,0.012491823100013334,0,0,0.0,0,0.0,0.0,35.0,0,,,,,,,,,,,,,,,,,,,,,,,,,,,
2,A,step_totals,,,,,,,,,,,,,,,,,,,,,88.8,19.5,0.2195945945945946,3.900000000000002,0.04391891891891894,0.0,0.0,61.0,0.6869369369369369,0.02001975356622113,0.11475409836065574,0.8433734939759039,7,7,20,13,39,39,34,61,3.2000000000000006,0.03603603603603604,1.2,0.013513513513513514,16,6,
3,A,all_agents,,,40,2,11,27,2,0,0.18016335678398973,0.15706021344749063,0.48500680889498,0.010861464646577902,35,22,0.55,15,1.2,1.0,28.2,99,,,,,,,,,,,,,,,,,,,,,,,,,,,
3,A,participants_only,,,30,2,1,27,2,0,0.18309540462280072,0.166403948731544,0.48500680889498,0.010418395534588657,35,22,0.7333333333333333,15,1.2,1.0,24.266666666666666,99,,,,,,,,,,,,,,,,,,,,,,,,,,,
3,A,nonparticipants_only,,,10,0,10,0,0,0,0.17136721326755674,0.126725278903799,0.4555168937766303,0.012087509128196724,0,0,0.0,0,0.0,0.0,40.0,0,,,,,,,,,,,,,,,,,,,,,,,,,,,
3,A,step_totals,,,,,,,,,,,,,,,,,,,,,88.60000000000002,19.5,0.22009029345372455,3.900000000000002,0.04401805869074493,0.0,0.0,59.0,0.6659142212189615,0.018690716930057125,0.1016949152542373,0.7920792079207928,8,6,14,13,39,39,33,59,3.2000000000000006,0.03611738148984198,3.0000000000000004,0.03386004514672686,16,15,
4,A,all_agents,,,40,2,11,27,2,0,0.1856348531730337,0.1617205519499773,0.4825817748505051,0.011055423267310127,49,29,0.725,25,1.76,1.2,30.4,130,,,,,,,,,,,,,,,,,,,,,,,,,,,
4,A,participants_only,,,30,2,1,27,2,0,0.1901445256524939,0.1708376778185374,0.4825817748505051,0.010757281561567437,49,29,0.9666666666666667,25,1.76,1.2,25.533333333333335,130,,,,,,,,,,,,,,,,,,,,,,,,,,,
4,A,nonparticipants_only,,,10,0,10,0,0,0,0.1721058357346529,0.12609165250928,0.45323930930774714,0.011705802634074185,0,0,0.0,0,0.0,0.0,45.0,0,,,,,,,,,,,,,,,,,,,,,,,,,,,
4,A,step_totals,,,,,,,,,,,,,,,,,,,,,84.40000000000005,20.0,0.23696682464454963,4.000000000000002,0.04739336492890995,0.0,0.0,51.0,0.6042654028436015,0.01727558218558051,0.0784313725490196,0.746268656716419,10,4,2,23,40,40,40,51,5.000000000000002,0.05924170616113743,4.400000000000001,0.05213270142180093,25,22,23
5,A,all_agents,,,40,4,11,25,4,0,0.19042648376315435,0.16716195846661355,0.4801688659762525,0.011348097514795914,64,29,0.725,32,1.96875,1.1875,32.85,157,,,,,,,,,,,,,,,,,,,,,,,,,,,
5,A,participants_only,,,30,4,1,25,4,0,0.19628968557803447,0.17390024756750944,0.4801688659762525,0.011212976745163557,64,29,0.9666666666666667,32,1.96875,1.1875,27.133333333333333,157,,,,,,,,,,,,,,,,,,,,,,,,,,,
5,A,nonparticipants_only,,,10,0,10,0,0,0,0.17283687831851394,0.1254611942467336,0.4509731127612084,0.011340934197428822,0,0,0.0,0,0.0,0.0,50.0,0,,,,,,,,,,,,,,,,,,,,,,,,,,,
5,A,step_totals,,,,,,,,,,,,,,,,,,,,,81.70000000000005,19.5,0.23867809057527525,3.800000000000002,0.046511627906976744,0.0,0.0,48.0,0.5875152998776006,0.01585536021273948,0.16666666666666666,0.492957746478874,7,8,2,23,39,38,39,48,4.600000000000001,0.05630354957160341,5.8000000000000025,0.07099143206854344,23,29,23
6,A,all_agents,,,40,7,10,23,7,0,0.19512246585056287,0.16774897505231912,0.49253069130947114,0.011620774823691827,66,29,0.725,32,1.96875,1.1875,33.475,184,,,,,,,,,,,,,,,,,,,,,,,,,,,
6,A,participants_only,,,30,7,0,23,7,0,0.20231019649419588,0.1776687672427169,0.49253069130947114,0.01162205635197771,66,29,0.9666666666666667,32,1.96875,1.1875,27.966666666666665,184,,,,,,,,,,,,,,,,,,,,,,,,,,,
6,A,nonparticipants_only,,,10,0,10,0,0,0,0.1735592739196639,0.12483388827549993,0.44871824719740233,0.010996968577169128,0,0,0.0,0,0.0,0.0,50.0,0,,,,,,,,,,,,,,,,,,,,,,,,,,,
6,A,step_totals,,,,,,,,,,,,,,,,,,,,,80.30000000000005,20.0,0.24906600249065985,2.700000000000001,0.03362391033623909,0.0,0.0,46.0,0.5728518057285177,0.01591206532413384,0.043478260869565216,0.0,0,2,5,32,40,27,40,46,5.8000000000000025,0.07222914072229139,5.8000000000000025,0.07222914072229139,29,29,30
7,A,all_agents,,,40,7,10,23,7,0,0.20072536192226265,0.16870991759391762,0.5128294636570923,0.012082114682883133,74,29,0.725,33,2.0303030303030303,1.1818181818181819,33.65,218,,,,,,,,,,,,,,,,,,,,,,,,,,,
7,A,participants_only,,,30,7,0,23,7,0,0.20954240891280804,0.18261472823445363,0.5128294636570923,0.012242149160447973,74,29,0.9666666666666667,33,2.0303030303030303,1.1818181818181819,28.2,218,,,,,,,,,,,,,,,,,,,,,,,,,,,
7,A,nonparticipants_only,,,10,0,10,0,0,0,0.17427422095062642,0.12420971883412243,0.44647465596141533,0.01066912743858678,0,0,0.0,0,0.0,0.0,50.0,0,,,,,,,,,,,,,,,,,,,,,,,,,,,
7,A,step_totals,,,,,,,,,,,,,,,,,,,,,89.3000000000001,19.5,0.21836506159014535,0.9999999999999999,0.01119820828667412,0.0,0.0,57.0,0.6382978723404248,0.01662311213720902,0.12280701754385964,0.07812500000000008,1,7,7,28,39,10,39,57,6.000000000000003,0.06718924972004475,5.8000000000000025,0.06494960806270993,30,29,26
8,A,all_agents,,,40,8,10,22,8,0,0.2056398891681734,0.16975886598482878,0.5323162851108085,0.012473788580548663,77,29,0.725,33,2.0303030303030303,1.1818181818181819,33.875,245,,,,,,,,,,,,,,,,,,,,,,,,,,,
8,A,participants_only,,,30,8,0,22,8,0,0.2158591069478429,0.18958790562082498,0.5323162851108085,0.012762204699284355,77,29,0.9666666666666667,33,2.0303030303030303,1.1818181818181819,28.5,245,,,,,,,,,,,,,,,,,,,,,,,,,,,
8,A,nonparticipants_only,,,10,0,10,0,0,0,0.1749822358291649,0.12440852743367929,0.44424228268160826,0.010355351280001824,0,0,0.0,0,0.0,0.0,50.0,0,,,,,,,,,,,,,,,,,,,,,,,,,,,
8,A,step_totals,,,,,,,,,,,,,,,,,,,,,91.10000000000011,20.0,0.21953896816684937,0.30000000000000004,0.0032930845225027407,0.0,0.0,58.0,0.6366630076838631,0.014555597951837805,0.05172413793103448,0.0,0,3,4,39,40,3,40,58,7.0000000000000036,0.07683863885839731,5.8000000000000025,0.06366630076838634,35,29,32
9,A,all_agents,,,40,9,10,21,9,0,0.2105559117341602,0.16980372915510789,0.5510236337063762,0.013137201851230514,83,29,0.725,34,2.2058823529411766,1.1764705882352942,33.375,274,,,,,,,,,,,,,,,,,,,,,,,,,,,
9,A,participants_only,,,30,9,0,21,9,0,0.2221798880682123,0.18898000702380285,0.5510236337063762,0.013624806967791548,83,29,0.9666666666666667,34,2.2058823529411766,1.1764705882352942,27.833333333333332,274,,,,,,,,,,,,,,,,,,,,,,,,,,,
9,A,nonparticipants_only,,,10,0,10,0,0,0,0.17568398273200395,0.12578610296016016,0.4420210712682002,0.01005298459177217,0,0,0.0,0,0.0,0.0,50.0,0,,,,,,,,,,,,,,,,,,,,,,,,,,,
9,A,step_totals,,,,,,,,,,,,,,,,,,,,,91.6000000000001,19.5,0.21288209606986877,0.1,0.0010917030567685578,0.0,0.0,60.0,0.6550218340611347,0.014416331361190474,0.08333333333333333,0.08264462809917363,1,5,8,28,39,1,38,60,6.200000000000003,0.06768558951965062,5.8000000000000025,0.06331877729257639,31,29,31
10,A,all_agents,,,40,11,10,19,11,0,0.21533126885294798,0.1732357962183193,0.5689826883581212,0.013782963965016194,89,29,0.725,34,2.2058823529411766,1.1764705882352942,33.025,303,,,,,,,,,,,,,,,,,,,,,,,,,,,
10,A,participants_only,,,30,11,0,19,11,0,0.2283153107460652,0.19289656172722408,0.5689826883581212,0.014448508927232992,89,29,0.9666666666666667,34,2.2058823529411766,1.1764705882352942,27.366666666666667,303,,,,,,,,,,,,,,,,,,,,,,,,,,,
10,A,nonparticipants_only,,,10,0,10,0,0,0,0.1763791431735963,0.12703323914666598,0.4398109659118592,0.00976330495177912,0,0,0.0,0,0.0,0.0,50.0,0,,,,,,,,,,,,,,,,,,,,,,,,,,,
10,A,step_totals,,,,,,,,,,,,,,,,,,,,,89.5000000000001,20.0,0.22346368715083775,0.1,0.0011173184357541888,0.0,0.0,57.0,0.6368715083798876,0.014417627995402438,0.10526315789473684,0.0,0,6,6,39,40,1,40,57,6.600000000000003,0.07374301675977649,5.8000000000000025,0.06480446927374298,33,29,33
10,A,reachability,0.4,0.0,,,,,,,,,,,,,,,,,,,,,,,,,,,,,,,,,,,,,,,,,,,,,
11,A,all_agents,,,40,14,10,16,14,0,0.2209250256937993,0.18210542198226634,0.5862233808237963,0.014540615124785702,97,30,0.75,35,2.4285714285714284,1.2,32.625,341,,,,,,,,,,,,,,,,,,,,,,,,,,,
11,A,participants_only,,,30,14,0,16,14,0,0.2355439671752209,0.19703394406467367,0.5862233808237963,0.015371170554656454,97,30,1.0,35,2.4285714285714284,1.2,26.833333333333332,341,,,,,,,,,,,,,,,,,,,,,,,,,,,
11,A,nonparticipants_only,,,10,0,10,0,0,0,0.17706820124953446,0.13101061508259826,0.4376119110822999,0.009484387434726687,0,0,0.0,0,0.0,0.0,50.0,0,,,,,,,,,,,,,,,,,,,,,,,,,,,
11,A,step_totals,,,,,,,,,,,,,,,,,,,,,90.3000000000001,19.5,0.21594684385382037,,,0.0,0.0,59.0,0.6533776301218155,0.016434736383533353,0.11864406779661017,0.08474576271186447,1,7,10,27,39,,38,59,6.000000000000003,0.06644518272425246,5.8000000000000025,0.0642303433001107,30,29,33
12,A,all_agents,,,40,15,10,15,15,0,0.22539682633786937,0.18570184928700323,0.6027744455908445,0.01530972888594933,98,30,0.75,35,2.4285714285714284,1.2,32.475,371,,,,,,,,,,,,,,,,,,,,,,,,,,,
12,A,participants_only,,,30,15,0,15,15,0,0.2412786615303218,0.19852674358312572,0.6027744455908445,0.01633218416292617,98,30,1.0,35,2.4285714285714284,1.2,26.633333333333333,371,,,,,,,,,,,,,,,,,,,,,,,,,,,
12,A,nonparticipants_only,,,10,0,10,0,0,0,0.17775132076051214,0.13108563586683558,0.4354238515268884,0.009215570786056173,0,0,0.0,0,0.0,0.0,50.0,0,,,,,,,,,,,,,,,,,,,,,,,,,,,
12,A,step_totals,,,,,,,,,,,,,,,,,,,,,86.20000000000009,20.0,0.23201856148491856,0.2,0.0023201856148491857,0.0,0.0,53.0,0.6148491879350342,0.01422486613444168,0.018867924528301886,0.0,0,1,4,43,40,2,40,53,7.0000000000000036,0.08120649651972153,6.000000000000003,0.0696055684454756,35,30,37
13,A,all_agents,,,40,19,10,11,19,0,0.23032788260997625,0.18738543253756998,0.6186634677672107,0.01631789318118744,100,30,0.75,35,2.4285714285714284,1.2,32.025,406,,,,,,,,,,,,,,,,,,,,,,,,,,,
13,A,participants_only,,,30,19,0,11,19,0,0.24762769495667677,0.20496182197514912,0.6186634677672107,0.017574347205832445,100,30,1.0,35,2.4285714285714284,1.2,26.033333333333335,406,,,,,,,,,,,,,,,,,,,,,,,,,,,
13,A,nonparticipants_only,,,10,0,10,0,0,0,0.1784284455698746,0.13135776889329887,0.433246732269254,0.008957129020479803,0,0,0.0,0,0.0,0.0,50.0,0,,,,,,,,,,,,,,,,,,,,,,,,,,,
13,A,step_totals,,,,,,,,,,,,,,,,,,,,,90.5000000000001,19.5,0.21546961325966826,,,0.0,0.0,59.0,0.6519337016574579,0.014636887304852091,0.03389830508474576,0.0,0,2,10,27,39,,38,59,6.000000000000003,0.06629834254143642,6.000000000000003,0.06629834254143642,30,30,32
14,A,all_agents,,,40,19,10,11,19,0,0.2347031115554004,0.1898586435399991,0.6339169290565223,0.01712792559501812,107,30,0.75,36,2.4444444444444446,1.1944444444444444,31.9,437,,,,,,,,,,,,,,,,,,,,,,,,,,,
14,A,participants_only,,,30,19,0,11,19,0,0.25323753393330994,0.20495467043673854,0.6339169290565223,0.018560499111160967,107,30,1.0,36,2.4444444444444446,1.1944444444444444,25.866666666666667,437,,,,,,,,,,,,,,,,,,,,,,,,,,,
14,A,nonparticipants_only,,,10,0,10,0,0,0,0.17909984442167173,0.13311641559820608,0.4310804986079077,0.008707907291996522,0,0,0.0,0,0.0,0.0,50.0,0,,,,,,,,,,,,,,,,,,,,,,,,,,,
14,A,step_totals,,,,,,,,,,,,,,,,,,,,,85.10000000000011,20.0,0.23501762632197384,0.1,0.0011750881316098694,0.0,0.0,52.0,0.611045828437132,0.01415497711347085,0.11538461538461539,0.0763358778625955,1,6,4,48,40,1,39,52,7.0000000000000036,0.08225616921269088,6.000000000000003,0.07050528789659219,35,30,38
15,A,all_agents,,,40,20,10,10,20,0,0.23948564150568694,0.19318453007381664,0.6485602518942614,0.018181187811882413,112,30,0.75,38,2.763157894736842,1.2105263157894737,31.525,473,,,,,,,,,,,,,,,,,,,,,,,,,,,
15,A,participants_only,,,30,20,0,10,20,0,0.2593922976443802,0.20838708356611563,0.6485602518942614,0.019834017283295643,112,30,1.0,38,2.763157894736842,1.2105263157894737,25.366666666666667,473,,,,,,,,,,,,,,,,,,,,,,,,,,,
15,A,nonparticipants_only,,,10,0,10,0,0,0,0.17976567308960717,0.13300651014705353,0.4289250961148682,0.008467399894152633,0,0,0.0,0,0.0,0.0,50.0,0,,,,,,,,,,,,,,,,,,,,,,,,,,,
15,A,step_totals,,,,,,,,,,,,,,,,,,,,,89.5000000000001,19.5,0.2178770949720668,,,0.0,0.0,58.0,0.6480446927374295,0.014443835831725017,0.05172413793103448,0.16666666666666682,2,3,10,30,39,,38,58,6.000000000000003,0.06703910614525135,6.000000000000003,0.06703910614525135,30,30,33
16,A,all_agents,,,40,23,10,7,23,0,0.24359701849537482,0.19442696633217174,0.6626178418184909,0.01916223687639404,118,30,0.75,38,2.763157894736842,1.2105263157894737,31.6,506,,,,,,,,,,,,,,,,,,,,,,,,,,,
16,A,participants_only,,,30,23,0,7,23,0,0.26465419460996203,0.20991236763418153,0.6626178418184909,0.021030229304686416,118,30,1.0,38,2.763157894736842,1.2105263157894737,25.466666666666665,506,,,,,,,,,,,,,,,,,,,,,,,,,,,
16,A,nonparticipants_only,,,10,0,10,0,0,0,0.18042549015161327,0.13476081461786216,0.4267804706342938,0.008237403600468022,0,0,0.0,0,0.0,0.0,50.0,0,,,,,,,,,,,,,,,,,,,,,,,,,,,
16,A,step_totals,,,,,,,,,,,,,,,,,,,,,80.60000000000011,20.0,0.24813895781637685,,,0.0,0.0,48.0,0.5955334987593044,0.01425706032283607,0.125,0.0,0,6,7,55,40,,39,48,6.600000000000003,0.08188585607940439,6.000000000000003,0.07444168734491309,33,30,44
17,A,all_agents,,,40,27,10,3,27,0,0.24822292082394692,0.19639639098480643,0.6695631463880886,0.02034521462475219,126,30,0.75,39,2.8461538461538463,1.205128205128205,31.4,544,,,,,,,,,,,,,,,,,,,,,,,,,,,
17,A,participants_only,,,30,27,0,3,27,0,0.27060342122571657,0.21267852173044388,0.6695631463880886,0.02245345051784088,126,30,1.0,39,2.8461538461538463,1.205128205128205,25.2,544,,,,,,,,,,,,,,,,,,,,,,,,,,,
17,A,nonparticipants_only,,,10,0,10,0,0,0,0.1810814196186379,0.13598402421672623,0.42464656828112235,0.008009865366682772,0,0,0.0,0,0.0,0.0,50.0,0,,,,,,,,,,,,,,,,,,,,,,,,,,,
17,A,step_totals,,,,,,,,,,,,,,,,,,,,,86.50000000000009,19.5,0.22543352601156047,,,0.0,0.0,55.0,0.6358381502890167,0.014558790247920311,0.12727272727272726,0.08333333333333341,1,7,10,34,39,,38,55,6.000000000000003,0.06936416184971095,6.000000000000003,0.06936416184971095,30,30,36
18,A,all_agents,,,40,27,10,3,27,0,0.2521819386313599,0.19723384681213824,0.682780620532565,0.02144817789848876,137,30,0.75,39,2.8461538461538463,1.205128205128205,31.55,580,,,,,,,,,,,,,,,,,,,,,,,,,,,
18,A,participants_only,,,30,27,0,3,27,0,0.2756653856389573,0.21603366191088788,0.682780620532565,0.023794359133141298,137,30,1.0,39,2.8461538461538463,1.205128205128205,25.4,580,,,,,,,,,,,,,,,,,,,,,,,,,,,
18,A,nonparticipants_only,,,10,0,10,0,0,0,0.18173159760856777,0.13706055285031143,0.42252333543971676,0.007791966794227532,0,0,0.0,0,0.0,0.0,50.0,0,,,,,,,,,,,,,,,,,,,,,,,,,,,
18,A,step_totals,,,,,,,,,,,,,,,,,,,,,78.1000000000001,18.5,0.23687580025608165,,,0.0,0.0,47.0,0.6017925736235589,0.014311063245887417,0.23404255319148937,0.0,0,11,7,56,37,,37,47,6.600000000000003,0.08450704225352107,6.000000000000003,0.07682458386683733,33,30,42
19,A,all_agents,,,40,30,10,0,30,0,0.2566733037725792,0.19905498278526879,0.6954693957112624,0.022728810576705304,143,30,0.75,39,2.8461538461538463,1.205128205128205,31.35,620,,,,,,,,,,,,,,,,,,,,,,,,,,,
19,A,participants_only,,,30,30,0,0,30,0,0.2814389056305495,0.21813253526741527,0.6954693957112624,0.025324410143290847,143,30,1.0,39,2.8461538461538463,1.205128205128205,25.133333333333333,620,,,,,,,,,,,,,,,,,,,,,,,,,,,
19,A,nonparticipants_only,,,10,0,10,0,0,0,0.18237649819866805,0.13857084619726218,0.4204107187625182,0.007581991452298599,0,0,0.0,0,0.0,0.0,50.0,0,,,,,,,,,,,,,,,,,,,,,,,,,,,
19,A,step_totals,,,,,,,,,,,,,,,,,,,,,85.90000000000009,19.5,0.22700814901047706,,,0.0,0.0,55.0,0.6402793946449353,0.014320183117223587,0.10909090909090909,0.0,0,6,13,32,39,,38,55,5.400000000000002,0.06286379511059367,6.000000000000003,0.06984866123399297,27,30,36
20,A,all_agents,,,40,30,10,0,30,0,0.2602578119077981,0.19928683572131298,0.707650619882812,0.023843768037764296,148,30,0.75,39,2.8461538461538463,1.205128205128205,31.5,654,,,,,,,,,,,,,,,,,,,,,,,,,,,
20,A,participants_only,,,30,30,0,0,30,0,0.2860048054256792,0.22353340378086667,0.707650619882812,0.026681020824200305,148,30,1.0,39,2.8461538461538463,1.205128205128205,25.333333333333332,654,,,,,,,,,,,,,,,,,,,,,,,,,,,
20,A,nonparticipants_only,,,10,0,10,0,0,0,0.18301683135415486,0.13879212935786026,0.4183086651687056,0.007377117575938548,0,0,0.0,0,0.0,0.0,50.0,0,,,,,,,,,,,,,,,,,,,,,,,,,,,
20,A,step_totals,,,,,,,,,,,,,,,,,,,,,78.1000000000001,18.5,0.23687580025608165,,,0.0,0.0,47.0,0.6017925736235589,0.01321327395496223,0.10638297872340426,0.0,0,5,7,56,37,,37,47,6.600000000000003,0.08450704225352107,6.000000000000003,0.07682458386683733,33,30,41
20,A,reachability,0.15,0.0,,,,,,,,,,,,,,,,,,,,,,,,,,,,,,,,,,,,,,,,,,,,,
21,A,all_agents,,,40,30,10,0,30,0,0.26450683350794135,0.20197763832425883,0.7193445950874995,0.025082436462230205,151,30,0.75,39,2.8461538461538463,1.205128205128205,31.3,693,,,,,,,,,,,,,,,,,,,,,,,,,,,
21,A,participants_only,,,30,30,0,0,30,0,0.29145814223551303,0.22595520376755507,0.7193445950874995,0.02814564612050476,151,30,1.0,39,2.8461538461538463,1.205128205128205,25.066666666666666,693,,,,,,,,,,,,,,,,,,,,,,,,,,,
21,A,nonparticipants_only,,,10,0,10,0,0,0,0.18365290732522613,0.1391789838016604,0.416217121842862,0.007176330981859934,0,0,0.0,0,0.0,0.0,50.0,0,,,,,,,,,,,,,,,,,,,,,,,,,,,
21,A,step_totals,,,,,,,,,,,,,,,,,,,,,85.3000000000001,19.5,0.22860492379835848,,,0.0,0.0,55.0,0.6447831184056265,0.01375053441704464,0.05454545454545454,0.0,0,3,16,30,39,,37,55,4.800000000000002,0.056271981242672874,6.000000000000003,0.0703399765533411,24,30,36
22,A,all_agents,,,40,30,10,0,28,2,0.2680904794120247,0.20350284180040823,0.7305708112839995,0.026275525448761727,154,30,0.75,39,2.8461538461538463,1.205128205128205,31.45,730,,,,,,,,,,,,,,,,,,,,,,,,,,,
22,A,participants_only,,,30,30,0,0,28,2,0.2960262347536414,0.23085122968750593,0.7305708112839995,0.029583952165585792,154,30,1.0,39,2.8461538461538463,1.205128205128205,25.266666666666666,730,,,,,,,,,,,,,,,,,,,,,,,,,,,
22,A,nonparticipants_only,,,10,0,10,0,0,0,0.1842832133871744,0.1418769516947121,0.4141360362336477,0.0069853681802095075,0,0,0.0,0,0.0,0.0,50.0,0,,,,,,,,,,,,,,,,,,,,,,,,,,,
22,A,step_totals,,,,,,,,,,,,,,,,,,,,,78.1000000000001,18.5,0.23687580025608165,,,0.0,0.0,47.0,0.6017925736235589,0.013242159398694334,0.06382978723404255,0.0,0,3,7,56,37,,37,47,6.600000000000003,0.08450704225352107,6.000000000000003,0.07682458386683733,33,30,41
23,A,all_agents,,,40,30,10,0,28,2,0.27182278315698993,0.20625775166013677,0.7413479788326395,0.027518994769764986,160,30,0.75,39,2.8461538461538463,1.205128205128205,31.25,766,,,,,,,,,,,,,,,,,,,,,,,,,,,
23,A,participants_only,,,30,30,0,0,28,2,0.3007940538331876,0.23164319590256105,0.7413479788326395,0.031068114233439883,160,30,1.0,39,2.8461538461538463,1.205128205128205,25.0,766,,,,,,,,,,,,,,,,,,,,,,,,,,,
23,A,nonparticipants_only,,,10,0,10,0,0,0,0.18490897112839705,0.14323917459822083,0.41206535605247946,0.006799622083618205,0,0,0.0,0,0.0,0.0,50.0,0,,,,,,,,,,,,,,,,,,,,,,,,,,,
23,A,step_totals,,,,,,,,,,,,,,,,,,,,,85.00000000000009,19.0,0.22352941176470567,,,0.0,0.0,55.0,0.6470588235294111,0.012372876739804573,0.10909090909090909,0.0,0,6,15,30,38,,36,55,5.000000000000002,0.05882352941176467,6.000000000000003,0.0705882352941176,25,30,35
24,A,all_agents,,,40,30,10,0,28,2,0.2753864497265536,0.21058415906062222,0.7516940596793339,0.028657600738291794,162,30,0.75,39,2.8461538461538463,1.205128205128205,31.425,804,,,,,,,,,,,,,,,,,,,,,,,,,,,
24,A,participants_only,,,30,30,0,0,28,2,0.30533857725163216,0.23507281602966112,0.7516940596793339,0.03241510390500109,162,30,1.0,39,2.8461538461538463,1.205128205128205,25.233333333333334,804,,,,,,,,,,,,,,,,,,,,,,,,,,,
24,A,nonparticipants_only,,,10,0,10,0,0,0,0.1855300671513178,0.14445522190811888,0.41000502927221705,0.006619531918821067,0,0,0.0,0,0.0,0.0,50.0,0,,,,,,,,,,,,,,,,,,,,,,,,,,,
24,A,step_totals,,,,,,,,,,,,,,,,,,,,,78.1000000000001,18.5,0.23687580025608165,,,0.0,0.0,47.0,0.6017925736235589,0.013186237019029887,0.0425531914893617,0.0,0,2,7,56,37,,37,47,6.600000000000003,0.08450704225352107,6.000000000000003,0.07682458386683733,33,30,41
25,A,all_agents,,,40,30,10,0,28,2,0.27931198640483257,0.21575989694547304,0.7616262972921606,0.029933946338747026,170,30,0.75,39,2.8461538461538463,1.205128205128205,31.225,845,,,,,,,,,,,,,,,,,,,,,,,,,,,
25,A,participants_only,,,30,30,0,0,28,2,0.310367152381042,0.23689771619543024,0.7616262972921606,0.03390581395408157,170,30,1.0,39,2.8461538461538463,1.205128205128205,24.966666666666665,845,,,,,,,,,,,,,,,,,,,,,,,,,,,
25,A,nonparticipants_only,,,10,0,10,0,0,0,0.18614648847620435,0.14490485589236773,0.40795500412585595,0.006445263487024412,0,0,0.0,0,0.0,0.0,50.0,0,,,,,,,,,,,,,,,,,,,,,,,,,,,
25,A,step_totals,,,,,,,,,,,,,,,,,,,,,84.30000000000008,18.5,0.21945432977461427,,,0.0,0.0,55.0,0.6524317912218262,0.013060223066025065,0.14545454545454545,0.0,0,8,16,29,37,,36,55,4.800000000000002,0.05693950177935939,6.000000000000003,0.07117437722419925,24,30,35
26,A,all_agents,,,40,30,10,0,28,2,0.28251905896816665,0.21713529616711486,0.7711612454004741,0.0311060000691458,175,30,0.75,39,2.8461538461538463,1.205128205128205,31.425,882,,,,,,,,,,,,,,,,,,,,,,,,,,,
26,A,participants_only,,,30,30,0,0,28,2,0.31443929413562366,0.23980893214782656,0.7711612454004741,0.03530697147822793,175,30,1.0,39,2.8461538461538463,1.205128205128205,25.233333333333334,882,,,,,,,,,,,,,,,,,,,,,,,,,,,
26,A,nonparticipants_only,,,10,0,10,0,0,0,0.1867583534657955,0.14587064568550595,0.40591522910522665,0.0062762688841502675,0,0,0.0,0,0.0,0.0,50.0,0,,,,,,,,,,,,,,,,,,,,,,,,,,,
26,A,step_totals,,,,,,,,,,,,,,,,,,,,,78.1000000000001,18.5,0.23687580025608165,,,0.0,0.0,47.0,0.6017925736235589,0.012147131895868425,0.10638297872340426,0.0,0,5,7,56,37,,36,47,6.600000000000003,0.08450704225352107,6.000000000000003,0.07682458386683733,33,30,41
27,A,all_agents,,,40,30,10,0,28,2,0.2862485065359956,0.21786259337567543,0.7803147955844552,0.03246290649374776,177,30,0.75,39,2.8461538461538463,1.205128205128205,31.225,924,,,,,,,,,,,,,,,,,,,,,,,,,,,
27,A,participants_only,,,30,30,0,0,28,2,0.3192093350172806,0.24034221785502946,0.7803147955844552,0.03690109955568414,177,30,1.0,39,2.8461538461538463,1.205128205128205,24.966666666666665,924,,,,,,,,,,,,,,,,,,,,,,,,,,,
27,A,nonparticipants_only,,,10,0,10,0,0,0,0.1873660210921405,0.1482528901937894,0.4038856529597005,0.006111332737866341,0,0,0.0,0,0.0,0.0,50.0,0,,,,,,,,,,,,,,,,,,,,,,,,,,,
27,A,step_totals,,,,,,,,,,,,,,,,,,,,,84.30000000000008,18.5,0.21945432977461427,,,0.0,0.0,55.0,0.6524317912218262,0.012526246899113486,0.03636363636363636,0.0,0,2,16,29,37,,35,55,4.800000000000002,0.05693950177935939,6.000000000000003,0.07117437722419925,24,30,35
28,A,all_agents,,,40,30,10,0,28,2,0.289249610604698,0.21937354446898102,0.789102203761077,0.033572914482043865,181,30,0.75,39,2.8461538461538463,1.205128205128205,31.425,960,,,,,,,,,,,,,,,,,,,,,,,,,,,
28,A,participants_only,,,30,30,0,0,28,2,0.32300991392058187,0.2415839768677019,0.789102203761077,0.03822035171169186,181,30,1.0,39,2.8461538461538463,1.205128205128205,25.233333333333334,960,,,,,,,,,,,,,,,,,,,,,,,,,,,
28,A,nonparticipants_only,,,10,0,10,0,0,0,0.18796870065704624,0.14904967624125787,0.401866224694902,0.005953505833334116,0,0,0.0,0,0.0,0.0,50.0,0,,,,,,,,,,,,,,,,,,,,,,,,,,,
28,A,step_totals,,,,,,,,,,,,,,,,,,,,,77.90000000000009,18.5,0.237483953786906,,,0.0,0.0,47.0,0.6033376123234909,0.011549114197891527,0.0851063829787234,0.0,0,4,8,56,37,,36,47,6.400000000000003,0.08215661103979455,6.000000000000003,0.0770218228498074,32,30,40
29,A,all_agents,,,40,30,10,0,27,3,0.29255358295106654,0.21957862302623282,0.7975381156106339,0.03479046425827413,190,30,0.75,39,2.8461538461538463,1.205128205128205,31.225,998,,,,,,,,,,,,,,,,,,,,,,,,,,,
29,A,participants_only,,,30,30,0,0,27,3,0.3272157597747598,0.2425111685941473,0.7975381156106339,0.03964799011760621,190,30,1.0,39,2.8461538461538463,1.205128205128205,24.966666666666665,998,,,,,,,,,,,,,,,,,,,,,,,,,,,
29,A,nonparticipants_only,,,10,0,10,0,0,0,0.18856705247998679,0.1505542313340677,0.3998568935714275,0.005800288654394174,0,0,0.0,0,0.0,0.0,50.0,0,,,,,,,,,,,,,,,,,,,,,,,,,,,
29,A,step_totals,,,,,,,,,,,,,,,,,,,,,83.30000000000008,17.5,0.21008403361344516,,,0.0,0.0,55.0,0.6602641056422562,0.011498578598343148,0.16363636363636364,0.0,0,9,16,28,35,,34,55,4.800000000000002,0.05762304921968784,6.000000000000003,0.0720288115246098,24,30,34
30,A,all_agents,,,40,30,10,0,27,3,0.29547660173920104,0.2224397459726823,0.8056365909862085,0.035880554850431776,198,30,0.75,39,2.8461538461538463,1.205128205128205,31.425,1035,,,,,,,,,,,,,,,,,,,,,,,,,,,
30,A,participants_only,,,30,30,0,0,27,3,0.3309149407494555,0.24350126832364288,0.8056365909862085,0.040933954207454576,198,30,1.0,39,2.8461538461538463,1.205128205128205,25.233333333333334,1035,,,,,,,,,,,,,,,,,,,,,,,,,,,
30,A,nonparticipants_only,,,10,0,10,0,0,0,0.18916158470843747,0.15098254233511854,0.3978576091035704,0.005649846317694651,0,0,0.0,0,0.0,0.0,50.0,0,,,,,,,,,,,,,,,,,,,,,,,,,,,
30,A,step_totals,,,,,,,,,,,,,,,,,,,,,77.70000000000009,18.5,0.23809523809523783,,,0.0,0.0,47.0,0.6048906048906042,0.0113958942525153,0.1702127659574468,0.0,0,8,9,54,37,,36,47,6.200000000000003,0.07979407979407974,6.000000000000003,0.07722007722007716,31,30,40
30,A,reachability,0.15,0.0,,,,,,,,,,,,,,,,,,,,,,,,,,,,,,,,,,,,,,,,,,,,,
31,A,all_agents,,,40,30,10,0,27,3,0.2986011945474996,0.22288408772818774,0.8134111273467602,0.037105641283008785,209,30,0.75,39,2.8461538461538463,1.205128205128205,31.225,1074,,,,,,,,,,,,,,,,,,,,,,,,,,,
31,A,participants_only,,,30,30,0,0,27,3,0.3348843425854515,0.24623381461768873,0.8134111273467602,0.04237355515432176,209,30,1.0,39,2.8461538461538463,1.205128205128205,24.966666666666665,1074,,,,,,,,,,,,,,,,,,,,,,,,,,,
31,A,nonparticipants_only,,,10,0,10,0,0,0,0.189751750433644,0.15149541511925002,0.39586832105805253,0.005504297690542691,0,0,0.0,0,0.0,0.0,50.0,0,,,,,,,,,,,,,,,,,,,,,,,,,,,
31,A,step_totals,,,,,,,,,,,,,,,,,,,,,82.60000000000008,17.0,0.20581113801452763,,,0.0,0.0,55.0,0.6658595641646483,0.011112852088712313,0.2,0.0,0,11,17,28,34,,34,55,4.600000000000001,0.055690072639225145,6.000000000000003,0.07263922518159803,23,30,34
32,A,all_agents,,,40,30,10,0,26,4,0.3013405047763993,0.22453316589081157,0.8208746822528898,0.03813689033639865,213,30,0.75,39,2.8461538461538463,1.205128205128205,31.425,1111,,,,,,,,,,,,,,,,,,,,,,,,,,,
32,A,participants_only,,,30,30,0,0,26,4,0.3383413370620032,0.24747448893801063,0.8208746822528898,0.04358559672840109,213,30,1.0,39,2.8461538461538463,1.205128205128205,25.233333333333334,1111,,,,,,,,,,,,,,,,,,,,,,,,,,,
32,A,nonparticipants_only,,,10,0,10,0,0,0,0.19033800791958747,0.15355438860652984,0.39388897945276224,0.0053620320824626444,0,0,0.0,0,0.0,0.0,50.0,0,,,,,,,,,,,,,,,,,,,,,,,,,,,
32,A,step_totals,,,,,,,,,,,,,,,,,,,,,77.00000000000009,18.0,0.2337662337662335,,,0.0,0.0,47.0,0.6103896103896097,0.010941821644888479,0.0851063829787234,0.0,0,4,10,54,36,,36,47,6.000000000000003,0.07792207792207786,6.000000000000003,0.07792207792207786,30,30,40
33,A,all_agents,,,40,30,10,0,26,4,0.3046504989500661,0.2251420094551142,0.8280396949627743,0.039397734240334006,222,30,0.75,39,2.8461538461538463,1.205128205128205,31.225,1155,,,,,,,,,,,,,,,,,,,,,,,,,,,
33,A,participants_only,,,30,30,0,0,26,4,0.34256074265671954,0.24952146094288122,0.8280396949627743,0.04503983428654469,222,30,1.0,39,2.8461538461538463,1.205128205128205,24.966666666666665,1155,,,,,,,,,,,,,,,,,,,,,,,,,,,
33,A,nonparticipants_only,,,10,0,10,0,0,0,0.1909197678301056,0.15460505607882497,0.39191953455549844,0.005225195166927626,0,0,0.0,0,0.0,0.0,50.0,0,,,,,,,,,,,,,,,,,,,,,,,,,,,
33,A,step_totals,,,,,,,,,,,,,,,,,,,,,82.1000000000001,16.5,0.2009744214372714,,,0.0,0.0,55.0,0.669914738124238,0.011752118405610358,0.16363636363636364,0.0,0,9,17,26,33,,34,55,4.600000000000001,0.0560292326431181,6.000000000000003,0.07308160779537144,23,30,34
34,A,all_agents,,,40,30,10,0,26,4,0.3072003127763593,0.2262903704396927,0.8349181071642633,0.04039069894726152,226,30,0.75,39,2.8461538461538463,1.205128205128205,31.425,1192,,,,,,,,,,,,,,,,,,,,,,,,,,,
34,A,participants_only,,,30,30,0,0,26,4,0.34576782242673654,0.24925254590705048,0.8349181071642633,0.04620744234427632,226,30,1.0,39,2.8461538461538463,1.205128205128205,25.233333333333334,1192,,,,,,,,,,,,,,,,,,,,,,,,,,,
34,A,nonparticipants_only,,,10,0,10,0,0,0,0.1914977838252275,0.155604675450849,0.38995993688272096,0.005091035148633818,0,0,0.0,0,0.0,0.0,50.0,0,,,,,,,,,,,,,,,,,,,,,,,,,,,
34,A,step_totals,,,,,,,,,,,,,,,,,,,,,76.00000000000009,17.0,0.22368421052631554,,,0.0,0.0,47.0,0.6184210526315782,0.010551794164601756,0.0851063829787234,0.0,0,4,10,54,34,,36,47,6.000000000000003,0.07894736842105257,6.000000000000003,0.07894736842105257,30,30,40
35,A,all_agents,,,40,30,10,0,25,5,0.3102720442940836,0.22596663295036917,0.8415213828776927,0.04162668294386007,232,30,0.75,39,2.8461538461538463,1.205128205128205,31.225,1236,,,,,,,,,,,,,,,,,,,,,,,,,,,
35,A,participants_only,,,30,30,0,0,25,5,0.3496719084618075,0.25330260475922717,0.8415213828776927,0.04764013293778585,232,30,1.0,39,2.8461538461538463,1.205128205128205,24.966666666666665,1236,,,,,,,,,,,,,,,,,,,,,,,,,,,
35,A,nonparticipants_only,,,10,0,10,0,0,0,0.19207245179091184,0.1561180475601275,0.38801013719830735,0.004958141404861586,0,0,0.0,0,0.0,0.0,50.0,0,,,,,,,,,,,,,,,,,,,,,,,,,,,
35,A,step_totals,,,,,,,,,,,,,,,,,,,,,81.10000000000007,15.5,0.19112207151664595,,,0.0,0.0,55.0,0.6781750924784211,0.011238745809038515,0.10909090909090909,0.0,0,6,17,25,31,,33,55,4.600000000000001,0.05672009864364979,6.000000000000003,0.07398273736128234,23,30,34
36,A,all_agents,,,40,30,10,0,24,6,0.31274603161402076,0.22721098044254645,0.847860527562585,0.042643824567878096,237,30,0.75,39,2.8461538461538463,1.205128205128205,31.425,1275,,,,,,,,,,,,,,,,,,,,,,,,,,,
36,A,participants_only,,,30,30,0,0,24,6,0.3527804409833465,0.2551815454341915,0.847860527562585,0.04883733510978015,237,30,1.0,39,2.8461538461538463,1.205128205128205,25.233333333333334,1275,,,,,,,,,,,,,,,,,,,,,,,,,,,
36,A,nonparticipants_only,,,10,0,10,0,0,0,0.1926428035060438,0.15679577621649662,0.38607008651231584,0.004830245739562909,0,0,0.0,0,0.0,0.0,50.0,0,,,,,,,,,,,,,,,,,,,,,,,,,,,
36,A,step_totals,,,,,,,,,,,,,,,,,,,,,75.50000000000007,16.5,0.21854304635761568,,,0.0,0.0,47.0,0.6225165562913901,0.01042952909571307,0.10638297872340426,0.0,0,5,10,54,33,,36,47,6.000000000000003,0.07947019867549665,6.000000000000003,0.07947019867549665,30,30,40
37,A,all_agents,,,40,30,10,0,24,6,0.31556567798175483,0.2268652845268475,0.8539461064600816,0.04382124531676349,244,30,0.75,39,2.8461538461538463,1.205128205128205,31.225,1317,,,,,,,,,,,,,,,,,,,,,,,,,,,
37,A,participants_only,,,30,30,0,0,24,6,0.35635125220101155,0.25688022232596,0.8539461064600816,0.050205533618840024,244,30,1.0,39,2.8461538461538463,1.205128205128205,24.966666666666665,1317,,,,,,,,,,,,,,,,,,,,,,,,,,,
37,A,nonparticipants_only,,,10,0,10,0,0,0,0.19320895532398472,0.15878284888290606,0.38413973607975427,0.004706823637799929,0,0,0.0,0,0.0,0.0,50.0,0,,,,,,,,,,,,,,,,,,,,,,,,,,,
37,A,step_totals,,,,,,,,,,,,,,,,,,,,,81.10000000000008,15.5,0.19112207151664592,,,0.0,0.0,55.0,0.678175092478421,0.010514005010568577,0.12727272727272726,0.0,0,7,17,25,31,,32,55,4.600000000000001,0.056720098643649776,6.000000000000003,0.07398273736128233,23,30,33
38,A,all_agents,,,40,30,10,0,24,6,0.31797982570851996,0.22862758426663196,0.8597882622016784,0.0447789804330203,250,30,0.75,39,2.8461538461538463,1.205128205128205,31.425,1357,,,,,,,,,,,,,,,,,,,,,,,,,,,
38,A,participants_only,,,30,30,0,0,24,6,0.3593825904663639,0.2614397848063895,0.8597882622016784,0.0513199940288977,250,30,1.0,39,2.8461538461538463,1.205128205128205,25.233333333333334,1357,,,,,,,,,,,,,,,,,,,,,,,,,,,
38,A,nonparticipants_only,,,10,0,10,0,0,0,0.1937715314349882,0.1597312067192226,0.3822190373993555,0.004585672490267764,0,0,0.0,0,0.0,0.0,50.0,0,,,,,,,,,,,,,,,,,,,,,,,,,,,
38,A,step_totals,,,,,,,,,,,,,,,,,,,,,74.80000000000008,16.0,0.2139037433155078,,,0.0,0.0,47.0,0.6283422459893041,0.01037395425879502,0.1276595744680851,0.0,0,6,11,54,32,,35,47,5.8000000000000025,0.0775401069518716,6.000000000000003,0.08021390374331545,29,30,39
39,A,all_agents,,,40,30,10,0,24,6,0.32083228898815014,0.23008520712802477,0.8653967317136112,0.04595065444720141,257,30,0.75,39,2.8461538461538463,1.205128205128205,31.225,1402,,,,,,,,,,,,,,,,,,,,,,,,,,,
39,A,participants_only,,,30,30,0,0,24,6,0.3629995719444387,0.2632765938286227,0.8653967317136112,0.05266615946122898,257,30,1.0,39,2.8461538461538463,1.205128205128205,24.966666666666665,1402,,,,,,,,,,,,,,,,,,,,,,,,,,,
39,A,nonparticipants_only,,,10,0,10,0,0,0,0.19433044011928444,0.16056816496703996,0.3803079422123587,0.0044671823821302295,0,0,0.0,0,0.0,0.0,50.0,0,,,,,,,,,,,,,,,,,,,,,,,,,,,
39,A,step_totals,,,,,,,,,,,,,,,,,,,,,80.20000000000007,15.0,0.18703241895261827,,,0.0,0.0,55.0,0.6857855361596004,0.010770928043033845,0.12727272727272726,0.0,0,7,19,24,30,,32,55,4.200000000000001,0.05236907730673313,6.000000000000003,0.07481296758104734,21,30,31
40,A,all_agents,,,40,30,10,0,24,6,0.32279608115149494,0.23150605788963535,0.8707808624450668,0.04687615005105966,267,30,0.75,39,2.8461538461538463,1.205128205128205,31.425,1439,,,,,,,,,,,,,,,,,,,,,,,,,,,
40,A,participants_only,,,30,30,0,0,24,6,0.3654328633247502,0.26724417077700746,0.8707808624450668,0.0537795529260816,267,30,1.0,39,2.8461538461538463,1.205128205128205,25.233333333333334,1439,,,,,,,,,,,,,,,,,,,,,,,,,,,
40,A,nonparticipants_only,,,10,0,10,0,0,0,0.19488573463172912,0.16090297955405436,0.3784064025012969,0.004351199096918392,0,0,0.0,0,0.0,0.0,50.0,0,,,,,,,,,,,,,,,,,,,,,,,,,,,
40,A,step_totals,,,,,,,,,,,,,,,,,,,,,73.40000000000006,15.0,0.204359673024523,,,0.0,0.0,47.0,0.6403269754768387,0.00916114492158701,0.2127659574468085,0.0,0,10,13,53,30,,34,47,5.400000000000002,0.0735694822888283,6.000000000000003,0.08174386920980924,27,30,37
40,A,reachability,0.15,0.0,,,,,,,,,,,,,,,,,,,,,,,,,,,,,,,,,,,,,,,,,,,,,
41,A,all_agents,,,40,30,10,0,24,6,0.32546305621432825,0.23096578084143343,0.8759496279472642,0.04793362244160013,271,30,0.75,39,2.8461538461538463,1.205128205128205,31.225,1482,,,,,,,,,,,,,,,,,,,,,,,,,,,
41,A,participants_only,,,30,30,0,0,24,6,0.3688051164463039,0.266953410538484,0.8759496279472642,0.054984113498675734,271,30,1.0,39,2.8461538461538463,1.205128205128205,24.966666666666665,1482,,,,,,,,,,,,,,,,,,,,,,,,,,,
41,A,nonparticipants_only,,,10,0,10,0,0,0,0.1954368755184011,0.16164104851870076,0.37651437048879044,0.004239739048546772,0,0,0.0,0,0.0,0.0,50.0,0,,,,,,,,,,,,,,,,,,,,,,,,,,,
41,A,step_totals,,,,,,,,,,,,,,,,,,,,,80.20000000000007,15.0,0.18703241895261827,,,0.0,0.0,55.0,0.6857855361596004,0.010233320257392606,0.07272727272727272,0.0,0,4,19,24,30,,32,55,4.200000000000001,0.05236907730673313,6.000000000000003,0.07481296758104734,21,30,31
42,A,all_agents,,,40,30,10,0,24,6,0.32750789309096634,0.2339043523339765,0.8809116428293736,0.0487923844277634,276,30,0.75,39,2.8461538461538463,1.205128205128205,31.425,1521,,,,,,,,,,,,,,,,,,,,,,,,,,,
42,A,participants_only,,,30,30,0,0,24,6,0.37134900172825713,0.26788989927124907,0.8809116428293736,0.055991579860965375,276,30,1.0,39,2.8461538461538463,1.205128205128205,25.233333333333334,1521,,,,,,,,,,,,,,,,,,,,,,,,,,,
42,A,nonparticipants_only,,,10,0,10,0,0,0,0.19598456717909388,0.16382635288551967,0.3746317986363465,0.004130284449596649,0,0,0.0,0,0.0,0.0,50.0,0,,,,,,,,,,,,,,,,,,,,,,,,,,,
42,A,step_totals,,,,,,,,,,,,,,,,,,,,,73.40000000000008,15.0,0.20435967302452296,,,0.0,0.0,47.0,0.6403269754768386,0.00945553761418547,0.10638297872340426,0.0,0,5,13,53,30,,34,47,5.400000000000002,0.07356948228882829,6.000000000000003,0.08174386920980921,27,30,37
43,A,all_agents,,,40,30,10,0,24,6,0.3298797653979413,0.23430977008447823,0.8856751771161987,0.04988532792659172,281,30,0.75,39,2.8461538461538463,1.205128205128205,31.225,1564,,,,,,,,,,,,,,,,,,,,,,,,,,,
43,A,participants_only,,,30,30,0,0,24,6,0.3743302410184215,0.26762844093064486,0.8856751771161987,0.057268852781303316,281,30,1.0,39,2.8461538461538463,1.205128205128205,24.966666666666665,1564,,,,,,,,,,,,,,,,,,,,,,,,,,,
43,A,nonparticipants_only,,,10,0,10,0,0,0,0.1965283385365005,0.16476515482083287,0.37275863964316475,0.004024615967814052,0,0,0.0,0,0.0,0.0,50.0,0,,,,,,,,,,,,,,,,,,,,,,,,,,,
43,A,step_totals,,,,,,,,,,,,,,,,,,,,,78.70000000000009,13.5,0.17153748411689942,,,0.0,0.0,55.0,0.6988564167725532,0.009592619753577463,0.09090909090909091,0.0,0,5,20,24,27,,32,55,4.200000000000001,0.053367217280813166,6.000000000000003,0.07623888182973311,21,30,30
44,A,all_agents,,,40,30,10,0,24,6,0.33177908871401274,0.23519501451903274,0.8902481700315508,0.05068186335890195,288,30,0.75,39,2.8461538461538463,1.205128205128205,31.425,1601,,,,,,,,,,,,,,,,,,,,,,,,,,,
44,A,participants_only,,,30,30,0,0,24,6,0.376682590951846,0.266418018322675,0.8902481700315508,0.058203398916125644,288,30,1.0,39,2.8461538461538463,1.205128205128205,25.233333333333334,1601,,,,,,,,,,,,,,,,,,,,,,,,,,,
44,A,nonparticipants_only,,,10,0,10,0,0,0,0.19706858200051297,0.16535292724549944,0.3708948464449489,0.00392136252855373,0,0,0.0,0,0.0,0.0,50.0,0,,,,,,,,,,,,,,,,,,,,,,,,,,,
44,A,step_totals,,,,,,,,,,,,,,,,,,,,,72.90000000000008,14.5,0.1989026063100135,,,0.0,0.0,47.0,0.6447187928669403,0.009082895986773858,0.14893617021276595,0.0,0,7,13,52,29,,33,47,5.400000000000002,0.07407407407407403,6.000000000000003,0.08230452674897114,27,30,37
45,A,all_agents,,,40,30,10,0,24,6,0.33410076615538825,0.23476702461995363,0.8946382432302887,0.05172054286460935,300,30,0.75,39,2.8461538461538463,1.205128205128205,31.225,1645,,,,,,,,,,,,,,,,,,,,,,,,,,,
45,A,participants_only,,,30,30,0,0,24,6,0.37959922891102255,0.2650859282310616,0.8946382432302887,0.05940690166961077,300,30,1.0,39,2.8461538461538463,1.205128205128205,24.966666666666665,1645,,,,,,,,,,,,,,,,,,,,,,,,,,,
45,A,nonparticipants_only,,,10,0,10,0,0,0,0.1976053778884853,0.16583276563098015,0.3690403722127242,0.0038201450920949923,0,0,0.0,0,0.0,0.0,50.0,0,,,,,,,,,,,,,,,,,,,,,,,,,,,
45,A,step_totals,,,,,,,,,,,,,,,,,,,,,78.00000000000007,13.0,0.16666666666666652,,,0.0,0.0,55.0,0.7051282051282045,0.009560662867593847,0.21818181818181817,0.0,0,12,21,24,26,,31,55,4.000000000000001,0.051282051282051246,6.000000000000003,0.07692307692307689,20,30,29
46,A,all_agents,,,40,30,10,0,24,6,0.3357936928746979,0.2348652409480839,0.8988527135010772,0.05252740235868717,307,30,0.75,39,2.8461538461538463,1.205128205128205,31.425,1683,,,,,,,,,,,,,,,,,,,,,,,,,,,
46,A,participants_only,,,30,30,0,0,24,6,0.38167877247394283,0.2639032023891544,0.8988527135010772,0.060374066625831335,307,30,1.0,39,2.8461538461538463,1.205128205128205,25.233333333333334,1683,,,,,,,,,,,,,,,,,,,,,,,,,,,
46,A,nonparticipants_only,,,10,0,10,0,0,0,0.198138454076963,0.1665144322807603,0.36719517035166055,0.003722123199306142,0,0,0.0,0,0.0,0.0,50.0,0,,,,,,,,,,,,,,,,,,,,,,,,,,,
46,A,step_totals,,,,,,,,,,,,,,,,,,,,,72.90000000000008,14.5,0.1989026063100135,,,0.0,0.0,47.0,0.6447187928669403,0.008429777042886008,0.14893617021276595,0.0,0,7,13,51,29,,33,47,5.400000000000002,0.07407407407407403,6.000000000000003,0.08230452674897114,27,30,37
47,A,all_agents,,,40,30,10,0,24,6,0.3378377382787786,0.23552343347427918,0.9028986049610341,0.05352914015634331,313,30,0.75,39,2.8461538461538463,1.205128205128205,31.225,1725,,,,,,,,,,,,,,,,,,,,,,,,,,,
47,A,participants_only,,,30,30,0,0,24,6,0.38422767093750637,0.263525822922823,0.9028986049610341,0.0615551162885145,313,30,1.0,39,2.8461538461538463,1.205128205128205,24.966666666666665,1725,,,,,,,,,,,,,,,,,,,,,,,,,,,
47,A,nonparticipants_only,,,10,0,10,0,0,0,0.1986679403025952,0.1682269349353947,0.36535919449990223,0.0036269015348541532,0,0,0.0,0,0.0,0.0,50.0,0,,,,,,,,,,,,,,,,,,,,,,,,,,,
47,A,step_totals,,,,,,,,,,,,,,,,,,,,,77.30000000000007,12.5,0.16170763260025858,,,0.0,0.0,55.0,0.7115135834411378,0.008813472300110823,0.10909090909090909,0.0,0,6,22,21,25,,29,55,3.800000000000001,0.04915912031047863,6.000000000000003,0.07761966364812416,19,30,29
48,A,all_agents,,,40,30,10,0,24,6,0.33938540976005255,0.23645480336011293,0.9067826607625927,0.054230179430264897,316,30,0.75,39,2.8461538461538463,1.205128205128205,31.425,1761,,,,,,,,,,,,,,,,,,,,,,,,,,,
48,A,participants_only,,,30,30,0,0,24,6,0.38611589745055724,0.2632585514224659,0.9067826607625927,0.062393919171901506,316,30,1.0,39,2.8461538461538463,1.205128205128205,25.233333333333334,1761,,,,,,,,,,,,,,,,,,,,,,,,,,,
48,A,nonparticipants_only,,,10,0,10,0,0,0,0.19919394668853854,0.16935873513075622,0.3635323985274027,0.003534098447846169,0,0,0.0,0,0.0,0.0,50.0,0,,,,,,,,,,,,,,,,,,,,,,,,,,,
48,A,step_totals,,,,,,,,,,,,,,,,,,,,,72.70000000000009,14.5,0.199449793672627,,,0.0,0.0,47.0,0.6464924346629979,0.007995857449255569,0.06382978723404255,0.0,0,3,14,51,29,,33,47,5.200000000000002,0.07152682255845937,6.000000000000003,0.08253094910591466,26,30,37
49,A,all_agents,,,40,30,10,0,23,7,0.34149917156873105,0.2364158463024691,0.9105113543320891,0.055272564767811096,325,30,0.75,39,2.8461538461538463,1.205128205128205,31.225,1807,,,,,,,,,,,,,,,,,,,,,,,,,,,
49,A,participants_only,,,30,30,0,0,23,7,0.38876024810716364,0.2628968193670463,0.9105113543320891,0.06361378064596895,325,30,1.0,39,2.8461538461538463,1.205128205128205,24.966666666666665,1807,,,,,,,,,,,,,,,,,,,,,,,,,,,
49,A,nonparticipants_only,,,10,0,10,0,0,0,0.19971594195343317,0.17032538255089263,0.3617147365347657,0.0034456048664784906,0,0,0.0,0,0.0,0.0,50.0,0,,,,,,,,,,,,,,,,,,,,,,,,,,,
49,A,step_totals,,,,,,,,,,,,,,,,,,,,,76.80000000000007,12.0,0.15624999999999986,,,0.0,0.0,55.0,0.7161458333333327,0.009117611937825997,0.16363636363636364,0.0,0,9,22,20,24,,29,55,3.800000000000001,0.04947916666666664,6.000000000000003,0.07812499999999997,19,30,29
50,A,all_agents,,,40,30,10,0,22,8,0.34327649236847374,0.23775583912501996,0.9140909001588056,0.05598139589964403,331,30,0.75,39,2.8461538461538463,1.205128205128205,31.425,1848,,,,,,,,,,,,,,,,,,,,,,,,,,,
50,A,participants_only,,,30,30,0,0,22,8,0.39095697708958826,0.261582335270211,0.9140909001588056,0.06442899292510133,331,30,1.0,39,2.8461538461538463,1.205128205128205,25.233333333333334,1848,,,,,,,,,,,,,,,,,,,,,,,,,,,
50,A,nonparticipants_only,,,10,0,10,0,0,0,0.20023503820513014,0.17086170691250252,0.35990616285209187,0.0033574613443868727,0,0,0.0,0,0.0,0.0,50.0,0,,,,,,,,,,,,,,,,,,,,,,,,,,,
50,A,step_totals,,,,,,,,,,,,,,,,,,,,,72.90000000000008,14.5,0.1989026063100135,,,0.0,0.0,47.0,0.6447187928669403,0.008754785207639943,0.1276595744680851,0.0,0,6,13,51,29,,33,47,5.400000000000002,0.07407407407407403,6.000000000000003,0.08230452674897114,27,30,37
50,A,reachability,0.175,0.0,,,,,,,,,,,,,,,,,,,,,,,,,,,,,,,,,,,,,,,,,,,,,
51,A,all_agents,,,40,30,10,0,23,7,0.3451070349063831,0.23776882114154013,0.9175272641524533,0.05691469214934576,334,30,0.75,39,2.8461538461538463,1.205128205128205,31.225,1890,,,,,,,,,,,,,,,,,,,,,,,,,,,
51,A,participants_only,,,30,30,0,0,23,7,0.39322587565604034,0.2615632702741839,0.9175272641524533,0.06553376161592081,334,30,1.0,39,2.8461538461538463,1.205128205128205,24.966666666666665,1890,,,,,,,,,,,,,,,,,,,,,,,,,,,
51,A,nonparticipants_only,,,10,0,10,0,0,0,0.20075051265741137,0.17111422843305704,0.3581066320378314,0.0032724097285301195,0,0,0.0,0,0.0,0.0,50.0,0,,,,,,,,,,,,,,,,,,,,,,,,,,,
51,A,step_totals,,,,,,,,,,,,,,,,,,,,,76.30000000000007,11.5,0.15072083879423315,,,0.0,0.0,55.0,0.720838794233289,0.008320597683769273,0.05454545454545454,0.0,0,3,22,19,23,,28,55,3.800000000000001,0.04980340760157271,6.000000000000003,0.07863695937090429,19,30,29
52,A,all_agents,,,40,30,10,0,22,8,0.3465028878386255,0.23795832092843255,0.9208261735863552,0.05754769373713376,336,30,0.75,39,2.8461538461538463,1.205128205128205,31.425,1926,,,,,,,,,,,,,,,,,,,,,,,,,,,
52,A,participants_only,,,30,30,0,0,22,8,0.3949163864632822,0.260255453922813,0.9208261735863552,0.06629132954912663,336,30,1.0,39,2.8461538461538463,1.205128205128205,25.233333333333334,1926,,,,,,,,,,,,,,,,,,,,,,,,,,,
52,A,nonparticipants_only,,,10,0,10,0,0,0,0.20126239196465537,0.1716929404352899,0.3563160988776422,0.003190384112199533,0,0,0.0,0,0.0,0.0,50.0,0,,,,,,,,,,,,,,,,,,,,,,,,,,,
52,A,step_totals,,,,,,,,,,,,,,,,,,,,,72.20000000000007,14.0,0.19390581717451505,,,0.0,0.0,47.0,0.6509695290858719,0.007608918852842703,0.0425531914893617,0.0,0,2,14,50,28,,33,47,5.200000000000002,0.0720221606648199,6.000000000000003,0.0831024930747922,26,30,37
53,A,all_agents,,,40,30,10,0,22,8,0.34875980386020705,0.2382430655703383,0.923993126642901,0.05855729929400811,343,30,0.75,39,2.8461538461538463,1.205128205128205,31.225,1977,,,,,,,,,,,,,,,,,,,,,,,,,,,
53,A,participants_only,,,30,30,0,0,22,8,0.3977561246654636,0.26002151204894086,0.923993126642901,0.06743692265072443,343,30,1.0,39,2.8461538461538463,1.205128205128205,24.966666666666665,1977,,,,,,,,,,,,,,,,,,,,,,,,,,,
53,A,nonparticipants_only,,,10,0,10,0,0,0,0.20177084144443722,0.17373522324484714,0.354534518383254,0.0031107557944396913,0,0,0.0,0,0.0,0.0,50.0,0,,,,,,,,,,,,,,,,,,,,,,,,,,,
53,A,step_totals,,,,,,,,,,,,,,,,,,,,,75.80000000000007,11.0,0.1451187335092347,,,0.0,0.0,55.0,0.7255936675461735,0.00975497230589571,0.12727272727272726,0.0,0,7,22,18,22,,27,55,3.800000000000001,0.050131926121372,6.000000000000003,0.07915567282321896,19,30,28
54,A,all_agents,,,40,30,10,0,22,8,0.35019620641407145,0.2381296115572974,0.927033401577185,0.05917862530330368,349,30,0.75,39,2.8461538461538463,1.205128205128205,31.425,2016,,,,,,,,,,,,,,,,,,,,,,,,,,,
54,A,participants_only,,,30,30,0,0,22,8,0.39950293033119577,0.25887466294535877,0.927033401577185,0.06816922754063519,349,30,1.0,39,2.8461538461538463,1.205128205128205,25.233333333333334,2016,,,,,,,,,,,,,,,,,,,,,,,,,,,
54,A,nonparticipants_only,,,10,0,10,0,0,0,0.20227603466269853,0.17468839514655873,0.35276184579133774,0.003032982310034915,0,0,0.0,0,0.0,0.0,50.0,0,,,,,,,,,,,,,,,,,,,,,,,,,,,
54,A,step_totals,,,,,,,,,,,,,,,,,,,,,72.00000000000007,14.0,0.19444444444444425,,,0.0,0.0,47.0,0.6527777777777771,0.007793953095406655,0.1276595744680851,0.0,0,6,15,49,28,,33,47,5.000000000000002,0.0694444444444444,6.000000000000003,0.08333333333333329,25,30,37
55,A,all_agents,,,40,30,10,0,22,8,0.35190886775785163,0.2379264762035676,0.9277630675614131,0.06013329480371546,355,30,0.75,39,2.8461538461538463,1.205128205128205,31.225,2061,,,,,,,,,,,,,,,,,,,,,,,,,,,
55,A,participants_only,,,30,30,0,0,22,8,0.4016191271710683,0.257580289630632,0.9277630675614131,0.06930773488985761,355,30,1.0,39,2.8461538461538463,1.205128205128205,24.966666666666665,2061,,,,,,,,,,,,,,,,,,,,,,,,,,,
55,A,nonparticipants_only,,,10,0,10,0,0,0,0.2027780895182017,0.17528794997365638,0.35099803656238104,0.0029566558541374677,0,0,0.0,0,0.0,0.0,50.0,0,,,,,,,,,,,,,,,,,,,,,,,,,,,
55,A,step_totals,,,,,,,,,,,,,,,,,,,,,74.80000000000007,10.0,0.13368983957219238,,,0.0,0.0,55.0,0.7352941176470581,0.008180890209263242,0.10909090909090909,0.0,0,6,22,15,20,,27,55,3.800000000000001,0.05080213903743312,6.000000000000003,0.08021390374331547,19,30,27
56,A,all_agents,,,40,30,10,0,22,8,0.35321863478536897,0.2370133248262979,0.9306525448589567,0.060667332637897475,360,30,0.75,39,2.8461538461538463,1.205128205128205,31.425,2098,,,,,,,,,,,,,,,,,,,,,,,,,,,
56,A,participants_only,,,30,30,0,0,22,8,0.4031993229510961,0.25692603892421784,0.9306525448589567,0.06993632612160666,360,30,1.0,39,2.8461538461538463,1.205128205128205,25.233333333333334,2098,,,,,,,,,,,,,,,,,,,,,,,,,,,
56,A,nonparticipants_only,,,10,0,10,0,0,0,0.20327657028818769,0.17576467876003898,0.34924304637956916,0.0028835219125340553,0,0,0.0,0,0.0,0.0,50.0,0,,,,,,,,,,,,,,,,,,,,,,,,,,,
56,A,step_totals,,,,,,,,,,,,,,,,,,,,,72.00000000000009,14.0,0.19444444444444423,,,0.0,0.0,47.0,0.652777777777777,0.007392750903230305,0.10638297872340426,0.0,0,5,15,49,28,,33,47,5.000000000000002,0.06944444444444439,6.000000000000003,0.08333333333333327,25,30,36
57,A,all_agents,,,40,30,10,0,22,8,0.35483296967240346,0.23780668915679673,0.9334264430645984,0.06161447382320342,368,30,0.75,39,2.8461538461538463,1.205128205128205,31.225,2144,,,,,,,,,,,,,,,,,,,,,,,,,,,
57,A,participants_only,,,30,30,0,0,22,8,0.4051867945959234,0.25564140872959673,0.9334264430645984,0.0710727924590612,368,30,1.0,39,2.8461538461538463,1.205128205128205,24.966666666666665,2144,,,,,,,,,,,,,,,,,,,,,,,,,,,
57,A,nonparticipants_only,,,10,0,10,0,0,0,0.20377149490184351,0.17647740170520237,0.3474968311476713,0.0028134257024880482,0,0,0.0,0,0.0,0.0,50.0,0,,,,,,,,,,,,,,,,,,,,,,,,,,,
57,A,step_totals,,,,,,,,,,,,,,,,,,,,,74.80000000000007,10.0,0.13368983957219238,,,0.0,0.0,55.0,0.7352941176470581,0.007877667138228846,0.14545454545454545,0.0,0,8,22,15,20,,27,55,3.800000000000001,0.05080213903743312,6.000000000000003,0.08021390374331547,19,30,27
58,A,all_agents,,,40,30,10,0,22,8,0.35623005898804105,0.2375686835521632,0.9360893853420145,0.06219455967205534,372,30,0.75,39,2.8461538461538463,1.205128205128205,31.425,2185,,,,,,,,,,,,,,,,,,,,,,,,,,,
58,A,participants_only,,,30,30,0,0,22,8,0.40688554527584503,0.2552950458998815,0.9360893853420145,0.07174757178588306,372,30,1.0,39,2.8461538461538463,1.205128205128205,25.233333333333334,2185,,,,,,,,,,,,,,,,,,,,,,,,,,,
58,A,nonparticipants_only,,,10,0,10,0,0,0,0.20426360012462907,0.17818253320424648,0.34575934699193295,0.0027437838379254075,0,0,0.0,0,0.0,0.0,50.0,0,,,,,,,,,,,,,,,,,,,,,,,,,,,
58,A,step_totals,,,,,,,,,,,,,,,,,,,,,71.50000000000007,13.5,0.18881118881118863,,,0.0,0.0,47.0,0.6573426573426567,0.007772115502094225,0.0851063829787234,0.0,0,4,16,49,27,,31,47,5.000000000000002,0.06993006993006988,6.000000000000003,0.08391608391608386,25,30,36
59,A,all_agents,,,40,30,10,0,22,8,0.3580284420399909,0.23832157567299192,0.9386458099283339,0.06312909821129879,375,30,0.75,39,2.8461538461538463,1.205128205128205,31.225,2234,,,,,,,,,,,,,,,,,,,,,,,,,,,
59,A,participants_only,,,30,30,0,0,22,8,0.40912046777292066,0.2540185706703821,0.9386458099283339,0.07283836643859387,375,30,1.0,39,2.8461538461538463,1.205128205128205,24.966666666666665,2234,,,,,,,,,,,,,,,,,,,,,,,,,,,
59,A,nonparticipants_only,,,10,0,10,0,0,0,0.20475236484120143,0.17943391021020338,0.34403055025697327,0.002676552407481234,0,0,0.0,0,0.0,0.0,50.0,0,,,,,,,,,,,,,,,,,,,,,,,,,,,
59,A,step_totals,,,,,,,,,,,,,,,,,,,,,74.80000000000007,10.0,0.13368983957219238,,,0.0,0.0,55.0,0.7352941176470581,0.008482921977031608,0.05454545454545454,0.0,0,3,22,15,20,,27,55,3.800000000000001,0.05080213903743312,6.000000000000003,0.08021390374331547,19,30,27
60,A,all_agents,,,40,30,10,0,22,8,0.3592371348445481,0.23799710968839144,0.9410999775312006,0.0636371482683691,380,30,0.75,39,2.8461538461538463,1.205128205128205,31.425,2273,,,,,,,,,,,,,,,,,,,,,,,,,,,
60,A,participants_only,,,30,30,0,0,22,8,0.4105700218922245,0.25369393356186104,0.9410999775312006,0.07343950395382053,380,30,1.0,39,2.8461538461538463,1.205128205128205,25.233333333333334,2273,,,,,,,,,,,,,,,,,,,,,,,,,,,
60,A,nonparticipants_only,,,10,0,10,0,0,0,0.20523847370151885,0.1797844772132914,0.3423103975056884,0.0026092977002207156,0,0,0.0,0,0.0,0.0,50.0,0,,,,,,,,,,,,,,,,,,,,,,,,,,,
60,A,step_totals,,,,,,,,,,,,,,,,,,,,,71.50000000000009,13.5,0.18881118881118858,,,0.0,0.0,47.0,0.6573426573426565,0.007163006231413606,0.10638297872340426,0.0,0,5,16,49,27,,31,47,5.000000000000002,0.06993006993006987,6.000000000000003,0.08391608391608385,25,30,35
60,A,reachability,0.25,0.0,,,,,,,,,,,,,,,,,,,,,,,,,,,,,,,,,,,,,,,,,,,,,
61,A,all_agents,,,40,30,10,0,22,8,0.36084285664242194,0.23824354871616582,0.9434559784299525,0.06447280776934085,387,30,0.75,39,2.8461538461538463,1.205128205128205,31.225,2319,,,,,,,,,,,,,,,,,,,,,,,,,,,
61,A,participants_only,,,30,30,0,0,22,8,0.4125502589024791,0.25242546389405174,0.9434559784299525,0.07442023228493971,387,30,1.0,39,2.8461538461538463,1.205128205128205,24.966666666666665,2319,,,,,,,,,,,,,,,,,,,,,,,,,,,
61,A,nonparticipants_only,,,10,0,10,0,0,0,0.20572064986225064,0.18025196433191584,0.34059884551816,0.0025466688407439603,0,0,0.0,0,0.0,0.0,50.0,0,,,,,,,,,,,,,,,,,,,,,,,,,,,
61,A,step_totals,,,,,,,,,,,,,,,,,,,,,74.80000000000007,10.0,0.13368983957219238,,,0.0,0.0,55.0,0.7352941176470581,0.00787674799550906,0.12727272727272726,0.0,0,7,22,15,20,,27,55,3.800000000000001,0.05080213903743312,6.000000000000003,0.08021390374331547,19,30,27
62,A,all_agents,,,40,30,10,0,22,8,0.36213215490468176,0.23739685727827448,0.9457177392927545,0.06496527116153475,395,30,0.75,39,2.8461538461538463,1.205128205128205,31.425,2360,,,,,,,,,,,,,,,,,,,,,,,,,,,
62,A,participants_only,,,30,30,0,0,22,8,0.4141096640554498,0.25291287969456083,0.9457177392927545,0.07498501612464345,395,30,1.0,39,2.8461538461538463,1.205128205128205,25.233333333333334,2360,,,,,,,,,,,,,,,,,,,,,,,,,,,
62,A,nonparticipants_only,,,10,0,10,0,0,0,0.2061996274523776,0.1811199941564221,0.3388958512905692,0.002486098781990518,0,0,0.0,0,0.0,0.0,50.0,0,,,,,,,,,,,,,,,,,,,,,,,,,,,
62,A,step_totals,,,,,,,,,,,,,,,,,,,,,71.50000000000007,13.5,0.18881118881118863,,,0.0,0.0,47.0,0.6573426573426567,0.007453116555637273,0.1702127659574468,0.0,0,8,16,49,27,,31,47,5.000000000000002,0.06993006993006988,6.000000000000003,0.08391608391608386,25,30,35
63,A,all_agents,,,40,30,10,0,22,8,0.3637148867468653,0.2367579386119879,0.9478890297210443,0.06586130128659862,398,30,0.75,39,2.8461538461538463,1.205128205128205,31.225,2409,,,,,,,,,,,,,,,,,,,,,,,,,,,
63,A,participants_only,,,30,30,0,0,22,8,0.41606126068609917,0.251648315296088,0.9478890297210443,0.0760457351942613,398,30,1.0,39,2.8461538461538463,1.205128205128205,24.966666666666665,2409,,,,,,,,,,,,,,,,,,,,,,,,,,,
63,A,nonparticipants_only,,,10,0,10,0,0,0,0.20667576492916376,0.18279981323396227,0.3372013720341164,0.002426285188577308,0,0,0.0,0,0.0,0.0,50.0,0,,,,,,,,,,,,,,,,,,,,,,,,,,,
63,A,step_totals,,,,,,,,,,,,,,,,,,,,,74.30000000000008,9.5,0.12786002691790027,,,0.0,0.0,55.0,0.7402422611036331,0.007887342401210095,0.05454545454545454,0.0,0,3,22,15,19,,26,55,3.800000000000001,0.05114401076716012,6.000000000000003,0.08075370121130547,19,30,27
64,A,all_agents,,,40,30,10,0,22,8,0.3651862360408415,0.2373689511836674,0.9499734685322025,0.06638215179077642,407,30,0.75,39,2.8461538461538463,1.205128205128205,31.425,2454,,,,,,,,,,,,,,,,,,,,,,,,,,,
64,A,participants_only,,,30,30,0,0,22,8,0.4178652855940676,0.2550950008011995,0.9499734685322025,0.0766201300274451,407,30,1.0,39,2.8461538461538463,1.205128205128205,25.233333333333334,2454,,,,,,,,,,,,,,,,,,,,,,,,,,,
64,A,nonparticipants_only,,,10,0,10,0,0,0,0.20714908738116325,0.18403871128784471,0.3355153651739458,0.002367229938795378,0,0,0.0,0,0.0,0.0,50.0,0,,,,,,,,,,,,,,,,,,,,,,,,,,,
64,A,step_totals,,,,,,,,,,,,,,,,,,,,,71.00000000000007,13.0,0.1830985915492956,,,0.0,0.0,47.0,0.6619718309859148,0.008152394636381325,0.19148936170212766,0.0,0,9,16,48,26,,31,47,5.000000000000002,0.07042253521126755,6.000000000000003,0.08450704225352108,25,30,35
65,A,all_agents,,,40,30,10,0,22,8,0.36673800181141814,0.23800205532872876,0.9519745297909145,0.06732426454440114,413,30,0.75,39,2.8461538461538463,1.205128205128205,31.225,2504,,,,,,,,,,,,,,,,,,,,,,,,,,,
65,A,participants_only,,,30,30,0,0,22,8,0.419777595603154,0.2538195257971936,0.9519745297909145,0.0777428114838858,413,30,1.0,39,2.8461538461538463,1.205128205128205,24.966666666666665,2504,,,,,,,,,,,,,,,,,,,,,,,,,,,
65,A,nonparticipants_only,,,10,0,10,0,0,0,0.20761922043621048,0.18432900828012694,0.3338377883480761,0.0023102416108390284,0,0,0.0,0,0.0,0.0,50.0,0,,,,,,,,,,,,,,,,,,,,,,,,,,,
65,A,step_totals,,,,,,,,,,,,,,,,,,,,,72.60000000000007,8.0,0.11019283746556464,,,0.0,0.0,55.0,0.7575757575757569,0.008037714225468355,0.10909090909090909,0.0,0,6,25,15,16,,26,55,3.600000000000001,0.0495867768595041,6.000000000000003,0.08264462809917351,18,30,26
66,A,all_agents,,,40,30,10,0,22,8,0.3678935222843239,0.2381297911231325,0.9538955485992778,0.06780019170902157,418,30,0.75,39,2.8461538461538463,1.205128205128205,31.425,2546,,,,,,,,,,,,,,,,,,,,,,,,,,,
66,A,participants_only,,,30,30,0,0,22,8,0.42116268876401775,0.25360398597729106,0.9538955485992778,0.07829784283461615,418,30,1.0,39,2.8461538461538463,1.205128205128205,25.233333333333334,2546,,,,,,,,,,,,,,,,,,,,,,,,,,,
66,A,nonparticipants_only,,,10,0,10,0,0,0,0.20808602284524247,0.18478263347333657,0.3321685994063357,0.0022559891629418422,0,0,0.0,0,0.0,0.0,50.0,0,,,,,,,,,,,,,,,,,,,,,,,,,,,
66,A,step_totals,,,,,,,,,,,,,,,,,,,,,70.30000000000007,12.5,0.17780938833570395,,,0.0,0.0,47.0,0.6685633001422469,0.007193748339315156,0.10638297872340426,0.0,0,5,16,46,25,,29,47,4.800000000000002,0.06827880512091034,6.000000000000003,0.08534850640113793,24,30,35
67,A,all_agents,,,40,30,10,0,22,8,0.3692792394812746,0.23834847735941317,0.9557397266553067,0.06870763076776926,427,30,0.75,39,2.8461538461538463,1.205128205128205,31.225,2596,,,,,,,,,,,,,,,,,,,,,,,,,,,
67,A,participants_only,,,30,30,0,0,22,8,0.4228556917872061,0.2523359660474046,0.9557397266553067,0.07939405788929521,427,30,1.0,39,2.8461538461538463,1.205128205128205,24.966666666666665,2596,,,,,,,,,,,,,,,,,,,,,,,,,,,
67,A,nonparticipants_only,,,10,0,10,0,0,0,0.20854988256348,0.18569818970928123,0.330507756409304,0.0022031145029143403,0,0,0.0,0,0.0,0.0,50.0,0,,,,,,,,,,,,,,,,,,,,,,,,,,,
67,A,step_totals,,,,,,,,,,,,,,,,,,,,,72.60000000000007,8.0,0.11019283746556464,,,0.0,0.0,55.0,0.7575757575757569,0.007499918425794229,0.16363636363636364,0.0,0,9,25,15,16,,26,55,3.600000000000001,0.0495867768595041,6.000000000000003,0.08264462809917351,18,30,26
68,A,all_agents,,,40,30,10,0,22,8,0.37040672178597217,0.23763735925715668,0.9575101375890944,0.06917763401422515,437,30,0.75,39,2.8461538461538463,1.205128205128205,31.425,2639,,,,,,,,,,,,,,,,,,,,,,,,,,,
68,A,participants_only,,,30,30,0,0,22,8,0.4242053678226536,0.25107428621716754,0.9575101375890944,0.079942435969165,437,30,1.0,39,2.8461538461538463,1.205128205128205,25.233333333333334,2639,,,,,,,,,,,,,,,,,,,,,,,,,,,
68,A,nonparticipants_only,,,10,0,10,0,0,0,0.20901078367592768,0.18728018170218028,0.3288552176272575,0.0021516963648438203,0,0,0.0,0,0.0,0.0,50.0,0,,,,,,,,,,,,,,,,,,,,,,,,,,,
68,A,step_totals,,,,,,,,,,,,,,,,,,,,,69.80000000000007,12.0,0.1719197707736388,,,0.0,0.0,47.0,0.6733524355300853,0.007189268911585955,0.2127659574468085,0.0,0,10,17,46,24,,29,47,4.800000000000002,0.06876790830945555,6.000000000000003,0.08595988538681944,24,30,35
69,A,all_agents,,,40,30,10,0,22,8,0.3718131230798114,0.23750601152385442,0.9592097320855306,0.07009801083883434,443,30,0.75,39,2.8461538461538463,1.205128205128205,31.225,2691,,,,,,,,,,,,,,,,,,,,,,,,,,,
69,A,participants_only,,,30,30,0,0,22,8,0.4259279314975718,0.24981891478608173,0.9592097320855306,0.08104976186921825,443,30,1.0,39,2.8461538461538463,1.205128205128205,24.966666666666665,2691,,,,,,,,,,,,,,,,,,,,,,,,,,,
69,A,nonparticipants_only,,,10,0,10,0,0,0,0.2094686978265301,0.18850697082980505,0.3272109415391212,0.0021018078665916034,0,0,0.0,0,0.0,0.0,50.0,0,,,,,,,,,,,,,,,,,,,,,,,,,,,
69,A,step_totals,,,,,,,,,,,,,,,,,,,,,72.10000000000007,7.5,0.10402219140083209,,,0.0,0.0,55.0,0.762829403606102,0.007645535671874868,0.10909090909090909,0.0,0,6,25,15,15,,25,55,3.600000000000001,0.049930651872399416,6.000000000000003,0.0832177531206657,18,30,24
70,A,all_agents,,,40,30,10,0,22,8,0.37298317981700857,0.23677333958174654,0.9608413428021094,0.07054484854125463,449,30,0.75,39,2.8461538461538463,1.205128205128205,31.425,2735,,,,,,,,,,,,,,,,,,,,,,,,,,,
70,A,participants_only,,,30,30,0,0,22,8,0.42733622418939277,0.2485698202121513,0.9608413428021094,0.08155878143473431,449,30,1.0,39,2.8461538461538463,1.205128205128205,25.233333333333334,2735,,,,,,,,,,,,,,,,,,,,,,,,,,,
70,A,nonparticipants_only,,,10,0,10,0,0,0,0.2099240466998557,0.1887387849373032,0.3255748868314256,0.0020520086702591252,0,0,0.0,0,0.0,0.0,50.0,0,,,,,,,,,,,,,,,,,,,,,,,,,,,
70,A,step_totals,,,,,,,,,,,,,,,,,,,,,69.80000000000007,12.0,0.1719197707736388,,,0.0,0.0,47.0,0.6733524355300853,0.007353885145999948,0.1276595744680851,0.0,0,6,17,45,24,,28,47,4.800000000000002,0.06876790830945555,6.000000000000003,0.08595988538681944,24,30,35
70,A,reachability,0.25,0.0,,,,,,,,,,,,,,,,,,,,,,,,,,,,,,,,,,,,,,,,,,,,,
71,A,all_agents,,,40,30,10,0,22,8,0.37432573031665645,0.23630541774916747,0.962407689090025,0.07144814166551586,458,30,0.75,39,2.8461538461538463,1.205128205128205,31.225,2787,,,,,,,,,,,,,,,,,,,,,,,,,,,
71,A,participants_only,,,30,30,0,0,22,8,0.42897561886390734,0.24732697111109056,0.962407689090025,0.08264935053584384,458,30,1.0,39,2.8461538461538463,1.205128205128205,24.966666666666665,2787,,,,,,,,,,,,,,,,,,,,,,,,,,,
71,A,nonparticipants_only,,,10,0,10,0,0,0,0.2103760646749036,0.1891789592388326,0.3239470123972685,0.0020051912358085224,0,0,0.0,0,0.0,0.0,50.0,0,,,,,,,,,,,,,,,,,,,,,,,,,,,
71,A,step_totals,,,,,,,,,,,,,,,,,,,,,71.90000000000006,7.5,0.10431154381084831,,,0.0,0.0,55.0,0.7649513212795542,0.0074660951452362005,0.16363636363636364,0.0,0,9,25,14,15,,24,55,3.400000000000001,0.047287899860917915,6.000000000000003,0.08344923504867868,17,30,25
72,A,all_agents,,,40,30,10,0,22,8,0.3752125760247973,0.23613619396017485,0.9639113815264241,0.07184306279659301,466,30,0.75,39,2.8461538461538463,1.205128205128205,31.425,2828,,,,,,,,,,,,,,,,,,,,,,,,,,,
72,A,participants_only,,,30,30,0,0,22,8,0.4300083552668254,0.2460903362555351,0.9639113815264241,0.08312722812954487,466,30,1.0,39,2.8461538461538463,1.205128205128205,25.233333333333334,2828,,,,,,,,,,,,,,,,,,,,,,,,,,,
72,A,nonparticipants_only,,,10,0,10,0,0,0,0.21082523829871297,0.19014199303141333,0.3223272773352821,0.0019596377248445097,0,0,0.0,0,0.0,0.0,50.0,0,,,,,,,,,,,,,,,,,,,,,,,,,,,
72,A,step_totals,,,,,,,,,,,,,,,,,,,,,69.80000000000007,12.0,0.1719197707736388,,,0.0,0.0,47.0,0.6733524355300853,0.0063979920532795664,0.1702127659574468,0.0,0,8,17,44,24,,27,47,4.800000000000002,0.06876790830945555,6.000000000000003,0.08595988538681944,24,30,35
73,A,all_agents,,,40,30,10,0,22,8,0.37640345575418344,0.23537864182010163,0.9653549262653671,0.07269298206666792,474,30,0.75,39,2.8461538461538463,1.205128205128205,31.225,2878,,,,,,,,,,,,,,,,,,,,,,,,,,,
73,A,participants_only,,,30,30,0,0,22,8,0.43144751745501303,0.24485988457425745,0.9653549262653671,0.08416579876749182,474,30,1.0,39,2.8461538461538463,1.205128205128205,24.966666666666665,2878,,,,,,,,,,,,,,,,,,,,,,,,,,,
73,A,nonparticipants_only,,,10,0,10,0,0,0,0.21127127065169476,0.19162769830975274,0.3207156409486057,0.0019163472218994807,0,0,0.0,0,0.0,0.0,50.0,0,,,,,,,,,,,,,,,,,,,,,,,,,,,
73,A,step_totals,,,,,,,,,,,,,,,,,,,,,72.10000000000007,7.5,0.10402219140083209,,,0.0,0.0,55.0,0.762829403606102,0.006948682143221015,0.14545454545454545,0.0,0,8,25,14,15,,24,55,3.600000000000001,0.049930651872399416,6.000000000000003,0.0832177531206657,18,30,24
74,A,all_agents,,,40,30,10,0,22,8,0.37758414901874093,0.23557687894963417,0.9667407292147524,0.07310925791121461,479,30,0.75,39,2.8461538461538463,1.205128205128205,31.425,2923,,,,,,,,,,,,,,,,,,,,,,,,,,,
74,A,participants_only,,,30,30,0,0,22,8,0.4328740209202808,0.24363558515138614,0.9667407292147524,0.08462642780561261,479,30,1.0,39,2.8461538461538463,1.205128205128205,25.233333333333334,2923,,,,,,,,,,,,,,,,,,,,,,,,,,,
74,A,nonparticipants_only,,,10,0,10,0,0,0,0.21171453331412116,0.19284273756493323,0.31911206274386267,0.0018741090093563212,0,0,0.0,0,0.0,0.0,50.0,0,,,,,,,,,,,,,,,,,,,,,,,,,,,
74,A,step_totals,,,,,,,,,,,,,,,,,,,,,69.80000000000007,12.0,0.1719197707736388,,,0.0,0.0,47.0,0.6733524355300853,0.007423245665193184,0.10638297872340426,0.0,0,5,17,45,24,,28,47,4.800000000000002,0.06876790830945555,6.000000000000003,0.08595988538681944,24,30,35
75,A,all_agents,,,40,30,10,0,22,8,0.37874292678339044,0.23459058495235546,0.9680711000461623,0.07395826904937723,491,30,0.75,39,2.8461538461538463,1.205128205128205,31.225,2974,,,,,,,,,,,,,,,,,,,,,,,,,,,
75,A,participants_only,,,30,30,0,0,22,8,0.4342721085469081,0.24372145890004138,0.9680711000461623,0.08566651470015806,491,30,1.0,39,2.8461538461538463,1.205128205128205,24.966666666666665,2974,,,,,,,,,,,,,,,,,,,,,,,,,,,
75,A,nonparticipants_only,,,10,0,10,0,0,0,0.21215538149283739,0.19308634522312607,0.31751650243014334,0.0018316517691253497,0,0,0.0,0,0.0,0.0,50.0,0,,,,,,,,,,,,,,,,,,,,,,,,,,,
75,A,step_totals,,,,,,,,,,,,,,,,,,,,,71.70000000000007,7.5,0.10460251046025094,,,0.0,0.0,55.0,0.7670850767085069,0.0068933958239631625,0.21818181818181817,0.0,0,12,25,13,15,,24,55,3.2000000000000006,0.04463040446304041,6.000000000000003,0.08368200836820079,16,30,24
76,A,all_agents,,,40,30,10,0,22,8,0.37975991741448706,0.23455763294292387,0.9693482560443157,0.07432543776586173,499,30,0.75,39,2.8461538461538463,1.205128205128205,31.425,3017,,,,,,,,,,,,,,,,,,,,,,,,,,,
76,A,participants_only,,,30,30,0,0,22,8,0.43548216797970485,0.24250285160554116,0.9693482560443157,0.0860835629922729,499,30,1.0,39,2.8461538461538463,1.205128205128205,25.233333333333334,3017,,,,,,,,,,,,,,,,,,,,,,,,,,,
76,A,nonparticipants_only,,,10,0,10,0,0,0,0.21259316571883344,0.19287917133511492,0.3159289199179926,0.0017914315899931102,0,0,0.0,0,0.0,0.0,50.0,0,,,,,,,,,,,,,,,,,,,,,,,,,,,
76,A,step_totals,,,,,,,,,,,,,,,,,,,,,69.80000000000007,12.0,0.1719197707736388,,,0.0,0.0,47.0,0.6733524355300853,0.006875638483976101,0.1702127659574468,0.0,0,8,17,43,24,,28,47,4.800000000000002,0.06876790830945555,6.000000000000003,0.08595988538681944,24,30,35
77,A,all_agents,,,40,30,10,0,22,8,0.380892425346728,0.23338484477820923,0.9705743258025431,0.07517816568975533,506,30,0.75,39,2.8461538461538463,1.205128205128205,31.225,3068,,,,,,,,,,,,,,,,,,,,,,,,,,,
77,A,participants_only,,,30,30,0,0,22,8,0.43684728211807555,0.24255713811158358,0.9705743258025431,0.08712924953079867,506,30,1.0,39,2.8461538461538463,1.205128205128205,24.966666666666665,3068,,,,,,,,,,,,,,,,,,,,,,,,,,,
77,A,nonparticipants_only,,,10,0,10,0,0,0,0.2130278550326854,0.19355800487203384,0.3143492753184026,0.0017535622110010788,0,0,0.0,0,0.0,0.0,50.0,0,,,,,,,,,,,,,,,,,,,,,,,,,,,
77,A,step_totals,,,,,,,,,,,,,,,,,,,,,71.70000000000006,7.5,0.10460251046025096,,,0.0,0.0,55.0,0.767085076708507,0.006816308379415552,0.12727272727272726,0.0,0,7,25,13,15,,24,55,3.2000000000000006,0.04463040446304042,6.000000000000003,0.0836820083682008,16,30,24
78,A,all_agents,,,40,30,10,0,22,8,0.38178873038179284,0.23357052968983094,0.9717513527704413,0.0755616965798304,512,30,0.75,39,2.8461538461538463,1.205128205128205,31.425,3111,,,,,,,,,,,,,,,,,,,,,,,,,,,
78,A,participants_only,,,30,30,0,0,22,8,0.4378983162894509,0.2413443524210257,0.9717513527704413,0.08758370830897139,512,30,1.0,39,2.8461538461538463,1.205128205128205,25.233333333333334,3111,,,,,,,,,,,,,,,,,,,,,,,,,,,
78,A,nonparticipants_only,,,10,0,10,0,0,0,0.21345997265881872,0.19476882598675727,0.3127775289418106,0.0017162338236612075,0,0,0.0,0,0.0,0.0,50.0,0,,,,,,,,,,,,,,,,,,,,,,,,,,,
78,A,step_totals,,,,,,,,,,,,,,,,,,,,,69.30000000000007,11.5,0.16594516594516578,,,0.0,0.0,47.0,0.6782106782106776,0.0065385914004152945,0.1276595744680851,0.0,0,6,17,42,23,,28,47,4.800000000000002,0.06926406926406922,6.000000000000003,0.08658008658008653,24,30,35
79,A,all_agents,,,40,30,10,0,22,8,0.38280158803182385,0.23240267704138176,0.9728812986596237,0.0763533451692954,516,30,0.75,39,2.8461538461538463,1.205128205128205,31.225,3161,,,,,,,,,,,,,,,,,,,,,,,,,,,
79,A,participants_only,,,30,30,0,0,22,8,0.4391056106600281,0.24110976367586268,0.9728812986596237,0.08856406926135096,516,30,1.0,39,2.8461538461538463,1.205128205128205,24.966666666666665,3161,,,,,,,,,,,,,,,,,,,,,,,,,,,
79,A,nonparticipants_only,,,10,0,10,0,0,0,0.21388952014721088,0.19633874550368158,0.31121364129710155,0.0016794573237205695,0,0,0.0,0,0.0,0.0,50.0,0,,,,,,,,,,,,,,,,,,,,,,,,,,,
79,A,step_totals,,,,,,,,,,,,,,,,,,,,,71.90000000000006,7.5,0.10431154381084831,,,0.0,0.0,55.0,0.7649513212795542,0.006407776177295304,0.07272727272727272,0.0,0,4,25,13,15,,23,55,3.400000000000001,0.047287899860917915,6.000000000000003,0.08344923504867868,17,30,23
80,A,all_agents,,,40,30,10,0,22,8,0.383715692009788,0.2329517491480364,0.9739660467132387,0.07674102865588207,527,30,0.75,39,2.8461538461538463,1.205128205128205,31.425,3206,,,,,,,,,,,,,,,,,,,,,,,,,,,
80,A,participants_only,,,30,30,0,0,22,8,0.4401820466893749,0.24054661400894964,0.9739660467132387,0.08901997111116841,527,30,1.0,39,2.8461538461538463,1.205128205128205,25.233333333333334,3206,,,,,,,,,,,,,,,,,,,,,,,,,,,
80,A,nonparticipants_only,,,10,0,10,0,0,0,0.2143166279710274,0.19677570969570007,0.30965757309061603,0.001642810760412247,0,0,0.0,0,0.0,0.0,50.0,0,,,,,,,,,,,,,,,,,,,,,,,,,,,
80,A,step_totals,,,,,,,,,,,,,,,,,,,,,69.30000000000007,11.5,0.16594516594516578,,,0.0,0.0,47.0,0.6782106782106776,0.006613894076262922,0.23404255319148937,0.0,0,11,17,42,23,,27,47,4.800000000000002,0.06926406926406922,6.000000000000003,0.08658008658008653,24,30,34
80,A,reachability,0.25,0.0,,,,,,,,,,,,,,,,,,,,,,,,,,,,,,,,,,,,,,,,,,,,,
81,A,all_agents,,,40,30,10,0,22,8,0.38480837099279436,0.23212975638011762,0.9750074048447092,0.0775778382819503,537,30,0.75,39,2.8461538461538463,1.205128205128205,31.225,3259,,,,,,,,,,,,,,,,,,,,,,,,,,,
81,A,participants_only,,,30,30,0,0,22,8,0.44149748524435606,0.2409667269812007,0.9750074048447092,0.09004671407803262,537,30,1.0,39,2.8461538461538463,1.205128205128205,24.966666666666665,3259,,,,,,,,,,,,,,,,,,,,,,,,,,,
81,A,nonparticipants_only,,,10,0,10,0,0,0,0.2147410282381094,0.19681067038077857,0.30810928522516295,0.0016073427981840433,0,0,0.0,0,0.0,0.0,50.0,0,,,,,,,,,,,,,,,,,,,,,,,,,,,
81,A,step_totals,,,,,,,,,,,,,,,,,,,,,71.70000000000006,7.5,0.10460251046025096,,,0.0,0.0,55.0,0.767085076708507,0.006703046881764936,0.18181818181818182,0.0,0,10,25,13,15,,22,55,3.2000000000000006,0.04463040446304042,6.000000000000003,0.0836820083682008,16,30,22
82,A,all_agents,,,40,30,10,0,22,8,0.38563126267155334,0.23148329449718058,0.9760071086509208,0.07792582858643464,543,30,0.75,39,2.8461538461538463,1.205128205128205,31.425,3302,,,,,,,,,,,,,,,,,,,,,,,,,,,
82,A,participants_only,,,30,30,0,0,22,8,0.44245422638568777,0.2401541670939074,0.9760071086509208,0.0904609380713769,543,30,1.0,39,2.8461538461538463,1.205128205128205,25.233333333333334,3302,,,,,,,,,,,,,,,,,,,,,,,,,,,
82,A,nonparticipants_only,,,10,0,10,0,0,0,0.2151623715291504,0.19691910233979865,0.3065687387990371,0.0015743096685139585,0,0,0.0,0,0.0,0.0,50.0,0,,,,,,,,,,,,,,,,,,,,,,,,,,,
82,A,step_totals,,,,,,,,,,,,,,,,,,,,,69.30000000000007,11.5,0.16594516594516578,,,0.0,0.0,47.0,0.6782106782106776,0.006311967987160072,0.1276595744680851,0.0,0,6,17,42,23,,27,47,4.800000000000002,0.06926406926406922,6.000000000000003,0.08658008658008653,24,30,34
83,A,all_agents,,,40,30,10,0,22,8,0.3865632316767755,0.23090897150293627,0.9769668243048839,0.07870492492774758,545,30,0.75,39,2.8461538461538463,1.205128205128205,31.225,3353,,,,,,,,,,,,,,,,,,,,,,,,,,,
83,A,participants_only,,,30,30,0,0,22,8,0.44355726295776776,0.23984305762831473,0.9769668243048839,0.09143259744708629,545,30,1.0,39,2.8461538461538463,1.205128205128205,24.966666666666665,3353,,,,,,,,,,,,,,,,,,,,,,,,,,,
83,A,nonparticipants_only,,,10,0,10,0,0,0,0.21558113783379848,0.1976697635605414,0.3050358951050419,0.0015420721498266663,0,0,0.0,0,0.0,0.0,50.0,0,,,,,,,,,,,,,,,,,,,,,,,,,,,
83,A,step_totals,,,,,,,,,,,,,,,,,,,,,71.50000000000006,7.5,0.10489510489510481,,,0.0,0.0,55.0,0.7692307692307686,0.006190597219030282,0.03636363636363636,0.0,0,2,25,13,15,,21,55,3.0000000000000004,0.04195804195804193,6.000000000000003,0.08391608391608389,15,30,20
84,A,all_agents,,,40,30,10,0,22,8,0.38728811000354374,0.23238081209174793,0.9778881513326886,0.07901414336696855,551,30,0.75,39,2.8461538461538463,1.205128205128205,31.425,3395,,,,,,,,,,,,,,,,,,,,,,,,,,,
84,A,participants_only,,,30,30,0,0,22,8,0.4443850139021461,0.2388286576592656,0.9778881513326886,0.09180850423107945,551,30,1.0,39,2.8461538461538463,1.205128205128205,25.233333333333334,3395,,,,,,,,,,,,,,,,,,,,,,,,,,,
84,A,nonparticipants_only,,,10,0,10,0,0,0,0.21599739830773662,0.19922840791458807,0.3035107156295167,0.001510383556961053,0,0,0.0,0,0.0,0.0,50.0,0,,,,,,,,,,,,,,,,,,,,,,,,,,,
84,A,step_totals,,,,,,,,,,,,,,,,,,,,,69.30000000000007,11.5,0.16594516594516578,,,0.0,0.0,47.0,0.6782106782106776,0.005984479726719697,0.1276595744680851,0.0,0,6,17,42,23,,27,47,4.800000000000002,0.06926406926406922,6.000000000000003,0.08658008658008653,24,30,34
85,A,all_agents,,,40,30,10,0,22,8,0.38809891536200697,0.23147093109792077,0.978772625279381,0.07973204588308457,558,30,0.75,39,2.8461538461538463,1.205128205128205,31.225,3444,,,,,,,,,,,,,,,,,,,,,,,,,,,
85,A,participants_only,,,30,30,0,0,22,8,0.44532809373238175,0.2393050463906683,0.978772625279381,0.09271585645284607,558,30,1.0,39,2.8461538461538463,1.205128205128205,24.966666666666665,3444,,,,,,,,,,,,,,,,,,,,,,,,,,,
85,A,nonparticipants_only,,,10,0,10,0,0,0,0.2164113802508827,0.20057226754582994,0.3019931620513691,0.0014784678904220328,0,0,0.0,0,0.0,0.0,50.0,0,,,,,,,,,,,,,,,,,,,,,,,,,,,
85,A,step_totals,,,,,,,,,,,,,,,,,,,,,71.50000000000007,7.5,0.10489510489510478,,,0.0,0.0,55.0,0.7692307692307685,0.005791961055642102,0.12727272727272726,0.0,0,7,25,13,15,,21,55,3.0000000000000004,0.041958041958041925,6.000000000000003,0.08391608391608386,15,30,20
86,A,all_agents,,,40,30,10,0,22,8,0.388780736807404,0.23108317335497203,0.9796217202682058,0.08003017456114848,566,30,0.75,39,2.8461538461538463,1.205128205128205,31.425,3487,,,,,,,,,,,,,,,,,,,,,,,,,,,
86,A,participants_only,,,30,30,0,0,22,8,0.4461001165189042,0.23892184127760507,0.9796217202682058,0.09308213047585166,566,30,1.0,39,2.8461538461538463,1.205128205128205,25.233333333333334,3487,,,,,,,,,,,,,,,,,,,,,,,,,,,
86,A,nonparticipants_only,,,10,0,10,0,0,0,0.21682259767290327,0.20042823107166985,0.30048319624111225,0.0014481713309051948,0,0,0.0,0,0.0,0.0,50.0,0,,,,,,,,,,,,,,,,,,,,,,,,,,,
86,A,step_totals,,,,,,,,,,,,,,,,,,,,,69.30000000000007,11.5,0.16594516594516578,,,0.0,0.0,47.0,0.6782106782106776,0.005845058297239939,0.1702127659574468,0.0,0,8,17,42,23,,27,47,4.800000000000002,0.06926406926406922,6.000000000000003,0.08658008658008653,24,30,34
87,A,all_agents,,,40,30,10,0,22,8,0.3897838074420457,0.23065173606166423,0.9804368514574776,0.0808330732676931,575,30,0.75,39,2.8461538461538463,1.205128205128205,31.225,3540,,,,,,,,,,,,,,,,,,,,,,,,,,,
87,A,participants_only,,,30,30,0,0,22,8,0.44730139159209065,0.23900802678726313,0.9804368514574776,0.09407118948379967,575,30,1.0,39,2.8461538461538463,1.205128205128205,24.966666666666665,3540,,,,,,,,,,,,,,,,,,,,,,,,,,,
87,A,nonparticipants_only,,,10,0,10,0,0,0,0.2172310549919109,0.20023413661488532,0.2989807802599067,0.0014194547818833648,0,0,0.0,0,0.0,0.0,50.0,0,,,,,,,,,,,,,,,,,,,,,,,,,,,
87,A,step_totals,,,,,,,,,,,,,,,,,,,,,71.70000000000006,7.5,0.10460251046025096,,,0.0,0.0,55.0,0.767085076708507,0.006425835883327879,0.16363636363636364,0.0,0,9,25,13,15,,21,55,3.2000000000000006,0.04463040446304042,6.000000000000003,0.0836820083682008,16,30,20
88,A,all_agents,,,40,30,10,0,22,8,0.39060906966278297,0.23090847081863114,0.9812193773991785,0.08115794384999525,580,30,0.75,39,2.8461538461538463,1.205128205128205,31.425,3585,,,,,,,,,,,,,,,,,,,,,,,,,,,
88,A,participants_only,,,30,30,0,0,22,8,0.4482664396244891,0.23819318390257477,0.9812193773991785,0.09444921489820422,580,30,1.0,39,2.8461538461538463,1.205128205128205,25.233333333333334,3585,,,,,,,,,,,,,,,,,,,,,,,,,,,
88,A,nonparticipants_only,,,10,0,10,0,0,0,0.21763695977766456,0.20087011360918844,0.2974858763586072,0.0013916629745557307,0,0,0.0,0,0.0,0.0,50.0,0,,,,,,,,,,,,,,,,,,,,,,,,,,,
88,A,step_totals,,,,,,,,,,,,,,,,,,,,,69.30000000000007,11.5,0.16594516594516578,,,0.0,0.0,47.0,0.6782106782106776,0.00635594243947452,0.10638297872340426,0.0,0,5,17,42,23,,27,47,4.800000000000002,0.06926406926406922,6.000000000000003,0.08658008658008653,24,30,33
89,A,all_agents,,,40,30,10,0,22,8,0.39157102701019747,0.23086656286976637,0.9819706023032114,0.08194931409600707,591,30,0.75,39,2.8461538461538463,1.205128205128205,31.225,3639,,,,,,,,,,,,,,,,,,,,,,,,,,,
89,A,participants_only,,,30,30,0,0,22,8,0.449414584576206,0.23780394605358335,0.9819706023032114,0.09542735486504068,591,30,1.0,39,2.8461538461538463,1.205128205128205,24.966666666666665,3639,,,,,,,,,,,,,,,,,,,,,,,,,,,
89,A,nonparticipants_only,,,10,0,10,0,0,0,0.2180403543121721,0.20105251114825745,0.29616201412176385,0.0013646659662006307,0,0,0.0,0,0.0,0.0,50.0,0,,,,,,,,,,,,,,,,,,,,,,,,,,,
89,A,step_totals,,,,,,,,,,,,,,,,,,,,,71.70000000000006,7.5,0.10460251046025096,,,0.0,0.0,55.0,0.767085076708507,0.006298051493978038,0.2,0.0,0,11,25,13,15,,21,55,3.2000000000000006,0.04463040446304042,6.000000000000003,0.0836820083682008,16,30,20
90,A,all_agents,,,40,30,10,0,22,8,0.39221743243601465,0.23085999747176278,0.982691778211083,0.08224161895671686,598,30,0.75,39,2.8461538461538463,1.205128205128205,31.425,3683,,,,,,,,,,,,,,,,,,,,,,,,,,,
90,A,participants_only,,,30,30,0,0,22,8,0.450142728087287,0.23746301019155938,0.982691778211083,0.0957883315052988,598,30,1.0,39,2.8461538461538463,1.205128205128205,25.233333333333334,3683,,,,,,,,,,,,,,,,,,,,,,,,,,,
90,A,nonparticipants_only,,,10,0,10,0,0,0,0.2184415454821975,0.20273626269709855,0.2965450007291244,0.0013374027955233019,0,0,0.0,0,0.0,0.0,50.0,0,,,,,,,,,,,,,,,,,,,,,,,,,,,
90,A,step_totals,,,,,,,,,,,,,,,,,,,,,69.30000000000007,11.5,0.16594516594516578,,,0.0,0.0,47.0,0.6782106782106776,0.0057496586211847845,0.14893617021276595,0.0,0,7,17,42,23,,27,47,4.800000000000002,0.06926406926406922,6.000000000000003,0.08658008658008653,24,30,32
90,A,reachability,0.25,0.0,,,,,,,,,,,,,,,,,,,,,,,,,,,,,,,,,,,,,,,,,,,,,
91,A,all_agents,,,40,30,10,0,22,8,0.3929349325687514,0.22993972859438724,0.9833841070826397,0.08293220958280827,607,30,0.75,39,2.8461538461538463,1.205128205128205,31.225,3732,,,,,,,,,,,,,,,,,,,,,,,,,,,
91,A,participants_only,,,30,30,0,0,22,8,0.45096650168656477,0.23785563208187618,0.9833841070826397,0.09666859794485076,607,30,1.0,39,2.8461538461538463,1.205128205128205,24.966666666666665,3732,,,,,,,,,,,,,,,,,,,,,,,,,,,
91,A,nonparticipants_only,,,10,0,10,0,0,0,0.2188402252153113,0.20355202529654878,0.29533779390818216,0.0013110883253741445,0,0,0.0,0,0.0,0.0,50.0,0,,,,,,,,,,,,,,,,,,,,,,,,,,,
91,A,step_totals,,,,,,,,,,,,,,,,,,,,,71.70000000000007,7.5,0.10460251046025094,,,0.0,0.0,55.0,0.7670850767085069,0.005486551724000149,0.16363636363636364,0.0,0,9,25,13,15,,21,55,3.2000000000000006,0.04463040446304041,6.000000000000003,0.08368200836820079,16,30,20
92,A,all_agents,,,40,30,10,0,22,8,0.3936702635699227,0.23050527977386798,0.9840487427993341,0.08324079319163674,617,30,0.75,39,2.8461538461538463,1.205128205128205,31.425,3778,,,,,,,,,,,,,,,,,,,,,,,,,,,
92,A,participants_only,,,30,30,0,0,22,8,0.4518149721222818,0.23714075624396402,0.9840487427993341,0.09703562077269996,617,30,1.0,39,2.8461538461538463,1.205128205128205,25.233333333333334,3778,,,,,,,,,,,,,,,,,,,,,,,,,,,
92,A,nonparticipants_only,,,10,0,10,0,0,0,0.21923613791284532,0.20341295861863837,0.29514681197933934,0.001286624856781689,0,0,0.0,0,0.0,0.0,50.0,0,,,,,,,,,,,,,,,,,,,,,,,,,,,
92,A,step_totals,,,,,,,,,,,,,,,,,,,,,69.30000000000008,11.5,0.16594516594516576,,,0.0,0.0,47.0,0.6782106782106774,0.006066292235581339,0.2127659574468085,0.0,0,10,17,42,23,,27,47,4.800000000000002,0.06926406926406921,6.000000000000003,0.08658008658008652,24,30,32
93,A,all_agents,,,40,30,10,0,22,8,0.3945296470487266,0.22935275337499864,0.9846867930873607,0.08400144692511005,626,30,0.75,39,2.8461538461538463,1.205128205128205,31.225,3832,,,,,,,,,,,,,,,,,,,,,,,,,,,
93,A,participants_only,,,30,30,0,0,22,8,0.45282962758125656,0.23692275287901554,0.9846867930873607,0.09798553502119048,626,30,1.0,39,2.8461538461538463,1.205128205128205,24.966666666666665,3832,,,,,,,,,,,,,,,,,,,,,,,,,,,
93,A,nonparticipants_only,,,10,0,10,0,0,0,0.21962970545113678,0.20322556114544105,0.2954797707752843,0.0012625298757483472,0,0,0.0,0,0.0,0.0,50.0,0,,,,,,,,,,,,,,,,,,,,,,,,,,,
93,A,step_totals,,,,,,,,,,,,,,,,,,,,,71.70000000000005,7.5,0.10460251046025099,,,0.0,0.0,55.0,0.7670850767085072,0.005969777608767738,0.16363636363636364,0.0,0,9,25,13,15,,21,55,3.2000000000000006,0.044630404463040424,6.000000000000003,0.08368200836820082,16,30,20
94,A,all_agents,,,40,30,10,0,22,8,0.39524232699406864,0.22948222177241312,0.9852993213638663,0.0842882295667959,630,30,0.75,39,2.8461538461538463,1.205128205128205,31.425,3878,,,,,,,,,,,,,,,,,,,,,,,,,,,
94,A,participants_only,,,30,30,0,0,22,8,0.4536494683289322,0.23637773597169404,0.9852993213638663,0.09832573650430777,630,30,1.0,39,2.8461538461538463,1.205128205128205,25.233333333333334,3878,,,,,,,,,,,,,,,,,,,,,,,,,,,
94,A,nonparticipants_only,,,10,0,10,0,0,0,0.22002090298947785,0.2038395945584423,0.2950226130173154,0.001238978847331442,0,0,0.0,0,0.0,0.0,50.0,0,,,,,,,,,,,,,,,,,,,,,,,,,,,
94,A,step_totals,,,,,,,,,,,,,,,,,,,,,69.30000000000008,11.5,0.16594516594516576,,,0.0,0.0,47.0,0.6782106782106774,0.005999345210073634,0.0851063829787234,0.0,0,4,17,42,23,,27,47,4.800000000000002,0.06926406926406921,6.000000000000003,0.08658008658008652,24,30,32
95,A,all_agents,,,40,30,10,0,22,8,0.3961069780410485,0.22833481066355107,0.9858873485093117,0.0850541816184156,638,30,0.75,39,2.8461538461538463,1.205128205128205,31.225,3933,,,,,,,,,,,,,,,,,,,,,,,,,,,
95,A,participants_only,,,30,30,0,0,22,8,0.4546726909530943,0.23765200003760065,0.9858873485093117,0.09928061076675238,638,30,1.0,39,2.8461538461538463,1.205128205128205,24.966666666666665,3933,,,,,,,,,,,,,,,,,,,,,,,,,,,
95,A,nonparticipants_only,,,10,0,10,0,0,0,0.22040983930491106,0.20493483305385035,0.29594331864437023,0.0012155814266512602,0,0,0.0,0,0.0,0.0,50.0,0,,,,,,,,,,,,,,,,,,,,,,,,,,,
95,A,step_totals,,,,,,,,,,,,,,,,,,,,,71.70000000000007,7.5,0.10460251046025094,,,0.0,0.0,55.0,0.7670850767085069,0.005995942319544489,0.14545454545454545,0.0,0,8,25,13,15,,21,55,3.2000000000000006,0.04463040446304041,6.000000000000003,0.08368200836820079,16,30,20
96,A,all_agents,,,40,30,10,0,22,8,0.39671036806322235,0.2277169776045861,0.9864518545689392,0.08531338765096065,643,30,0.75,39,2.8461538461538463,1.205128205128205,31.425,3977,,,,,,,,,,,,,,,,,,,,,,,,,,,
96,A,participants_only,,,30,30,0,0,22,8,0.4553484250465699,0.23719271458128316,0.9864518545689392,0.09959964944270899,643,30,1.0,39,2.8461538461538463,1.205128205128205,25.233333333333334,3977,,,,,,,,,,,,,,,,,,,,,,,,,,,
96,A,nonparticipants_only,,,10,0,10,0,0,0,0.2207961971131799,0.2069981965306224,0.29631309078354806,0.001193541554327918,0,0,0.0,0,0.0,0.0,50.0,0,,,,,,,,,,,,,,,,,,,,,,,,,,,
96,A,step_totals,,,,,,,,,,,,,,,,,,,,,69.30000000000007,11.5,0.16594516594516578,,,0.0,0.0,47.0,0.6782106782106776,0.005633265818809601,0.10638297872340426,0.0,0,5,17,42,23,,27,47,4.800000000000002,0.06926406926406922,6.000000000000003,0.08658008658008653,24,30,32
97,A,all_agents,,,40,30,10,0,22,8,0.3974919035605868,0.22657839271656316,0.9869937803861817,0.08603609175066418,650,30,0.75,39,2.8461538461538463,1.205128205128205,31.225,4029,,,,,,,,,,,,,,,,,,,,,,,,,,,
97,A,participants_only,,,30,30,0,0,22,8,0.45626252636276166,0.23699727221154,0.9869937803861817,0.10050794525571186,650,30,1.0,39,2.8461538461538463,1.205128205128205,24.966666666666665,4029,,,,,,,,,,,,,,,,,,,,,,,,,,,
97,A,nonparticipants_only,,,10,0,10,0,0,0,0.22118003515406215,0.20675014356265614,0.29514753710613273,0.001172697980854948,0,0,0.0,0,0.0,0.0,50.0,0,,,,,,,,,,,,,,,,,,,,,,,,,,,
97,A,step_totals,,,,,,,,,,,,,,,,,,,,,71.70000000000006,7.5,0.10460251046025096,,,0.0,0.0,55.0,0.767085076708507,0.0057243892740540155,0.12727272727272726,0.0,0,7,25,13,15,,20,55,3.2000000000000006,0.04463040446304042,6.000000000000003,0.0836820083682008,16,30,18
98,A,all_agents,,,40,30,10,0,22,8,0.39802377621642493,0.2270826379658052,0.9875140291707344,0.08625992022202388,657,30,0.75,39,2.8461538461538463,1.205128205128205,31.425,4073,,,,,,,,,,,,,,,,,,,,,,,,,,,
98,A,participants_only,,,30,30,0,0,22,8,0.4568445309966972,0.23680905356715612,0.9875140291707344,0.10078952846936362,657,30,1.0,39,2.8461538461538463,1.205128205128205,25.233333333333334,4073,,,,,,,,,,,,,,,,,,,,,,,,,,,
98,A,nonparticipants_only,,,10,0,10,0,0,0,0.2215615118756081,0.20678176696900263,0.29496314476703966,0.0011525211649535416,0,0,0.0,0,0.0,0.0,50.0,0,,,,,,,,,,,,,,,,,,,,,,,,,,,
98,A,step_totals,,,,,,,,,,,,,,,,,,,,,69.30000000000007,11.5,0.16594516594516578,,,0.0,0.0,47.0,0.6782106782106776,0.005395912619604409,0.14893617021276595,0.0,0,7,17,42,23,,27,47,4.800000000000002,0.06926406926406922,6.000000000000003,0.08658008658008653,24,30,32
99,A,all_agents,,,40,30,10,0,22,8,0.398624001028533,0.22594722477597615,0.988013468003905,0.08688970639716512,662,30,0.75,39,2.8461538461538463,1.205128205128205,31.225,4123,,,,,,,,,,,,,,,,,,,,,,,,,,,
99,A,participants_only,,,30,30,0,0,22,8,0.45751839602860644,0.2372337260007471,0.988013468003905,0.10160128788128162,662,30,1.0,39,2.8461538461538463,1.205128205128205,24.966666666666665,4123,,,,,,,,,,,,,,,,,,,,,,,,,,,
99,A,nonparticipants_only,,,10,0,10,0,0,0,0.2219408160283127,0.20688141864897136,0.2952846152411201,0.0011323647957194956,0,0,0.0,0,0.0,0.0,50.0,0,,,,,,,,,,,,,,,,,,,,,,,,,,,
99,A,step_totals,,,,,,,,,,,,,,,,,,,,,71.70000000000006,7.5,0.10460251046025096,,,0.0,0.0,55.0,0.767085076708507,0.005122859945331976,0.09090909090909091,0.0,0,5,25,13,15,,20,55,3.2000000000000006,0.04463040446304042,6.000000000000003,0.0836820083682008,16,30,18
100,A,all_agents,,,40,30,10,0,22,8,0.3991509445534593,0.22598744765935413,0.9884929292837488,0.08709578992171838,669,30,0.75,39,2.8461538461538463,1.205128205128205,31.425,4167,,,,,,,,,,,,,,,,,,,,,,,,,,,
100,A,participants_only,,,30,30,0,0,22,8,0.4580952628821285,0.23655015276502678,0.9884929292837488,0.10185927585195934,669,30,1.0,39,2.8461538461538463,1.205128205128205,25.233333333333334,4167,,,,,,,,,,,,,,,,,,,,,,,,,,,
100,A,nonparticipants_only,,,10,0,10,0,0,0,0.22231798956745166,0.20755886064344398,0.29484323113301536,0.0011121401722176346,0,0,0.0,0,0.0,0.0,50.0,0,,,,,,,,,,,,,,,,,,,,,,,,,,,
100,A,step_totals,,,,,,,,,,,,,,,,,,,,,69.30000000000007,11.5,0.16594516594516578,,,0.0,0.0,47.0,0.6782106782106776,0.005386763991353135,0.14893617021276595,0.0,0,7,17,42,23,,27,47,4.800000000000002,0.06926406926406922,6.000000000000003,0.08658008658008653,24,30,32
100,A,reachability,0.25,0.0,,,,,,,,,,,,,,,,,,,,,,,,,,,,,,,,,,,,,,,,,,,,,
101,A,all_agents,,,40,30,10,0,22,8,0.3998639129244289,0.22485751042105734,0.9889532121123988,0.08779285027750569,672,30,0.75,39,2.8461538461538463,1.205128205128205,31.225,4220,,,,,,,,,,,,,,,,,,,,,,,,,,,
101,A,participants_only,,,30,30,0,0,22,8,0.4589210365230903,0.23629313405437574,0.9889532121123988,0.10274161641457093,672,30,1.0,39,2.8461538461538463,1.205128205128205,24.966666666666665,4220,,,,,,,,,,,,,,,,,,,,,,,,,,,
101,A,nonparticipants_only,,,10,0,10,0,0,0,0.22269254212844466,0.20942003590005778,0.29573216897764515,0.0010936256933391244,0,0,0.0,0,0.0,0.0,50.0,0,,,,,,,,,,,,,,,,,,,,,,,,,,,
101,A,step_totals,,,,,,,,,,,,,,,,,,,,,71.70000000000006,7.5,0.10460251046025096,,,0.0,0.0,55.0,0.767085076708507,0.005506076704340634,0.05454545454545454,0.0,0,3,25,13,15,,20,55,3.2000000000000006,0.04463040446304042,6.000000000000003,0.0836820083682008,16,30,18
102,A,all_agents,,,40,30,10,0,22,8,0.4004352778647105,0.226514701881801,0.9893950836279028,0.08803025367882514,675,30,0.75,39,2.8461538461538463,1.205128205128205,31.425,4265,,,,,,,,,,,,,,,,,,,,,,,,,,,
102,A,participants_only,,,30,30,0,0,22,8,0.4595588307911007,0.23577167744709338,0.9893950836279028,0.10303252426238681,675,30,1.0,39,2.8461538461538463,1.205128205128205,25.233333333333334,4265,,,,,,,,,,,,,,,,,,,,,,,,,,,
102,A,nonparticipants_only,,,10,0,10,0,0,0,0.22306461908553976,0.21018429726583834,0.29608918259714073,0.0010763078004641003,0,0,0.0,0,0.0,0.0,50.0,0,,,,,,,,,,,,,,,,,,,,,,,,,,,
102,A,step_totals,,,,,,,,,,,,,,,,,,,,,69.30000000000007,11.5,0.16594516594516578,,,0.0,0.0,47.0,0.6782106782106776,0.0055495061069024704,0.06382978723404255,0.0,0,3,17,42,23,,27,47,4.800000000000002,0.06926406926406922,6.000000000000003,0.08658008658008653,24,30,32
103,A,all_agents,,,40,30,10,0,22,8,0.4011473534361166,0.22538212837239197,0.9898192802827868,0.08873510216519605,683,30,0.75,39,2.8461538461538463,1.205128205128205,31.225,4319,,,,,,,,,,,,,,,,,,,,,,,,,,,
103,A,participants_only,,,30,30,0,0,22,8,0.4603849484850086,0.23703908116707803,0.9898192802827868,0.1039240826916143,683,30,1.0,39,2.8461538461538463,1.205128205128205,24.966666666666665,4319,,,,,,,,,,,,,,,,,,,,,,,,,,,
103,A,nonparticipants_only,,,10,0,10,0,0,0,0.22343456828944064,0.2100540102322504,0.2949638448742508,0.0010590485798231358,0,0,0.0,0,0.0,0.0,50.0,0,,,,,,,,,,,,,,,,,,,,,,,,,,,
103,A,step_totals,,,,,,,,,,,,,,,,,,,,,71.70000000000006,7.5,0.10460251046025096,,,0.0,0.0,55.0,0.767085076708507,0.0055097245602441424,0.14545454545454545,0.0,0,8,25,13,15,,20,55,3.2000000000000006,0.04463040446304042,6.000000000000003,0.0836820083682008,16,30,18
104,A,all_agents,,,40,30,10,0,22,8,0.40169082892847374,0.2266435376193084,0.9902265090714752,0.08896035281764199,693,30,0.75,39,2.8461538461538463,1.205128205128205,31.425,4365,,,,,,,,,,,,,,,,,,,,,,,,,,,
104,A,participants_only,,,30,30,0,0,22,8,0.46098700434934775,0.23657845286803492,0.9902265090714752,0.10420225911465102,693,30,1.0,39,2.8461538461538463,1.205128205128205,25.233333333333334,4365,,,,,,,,,,,,,,,,,,,,,,,,,,,
104,A,nonparticipants_only,,,10,0,10,0,0,0,0.22380230266585152,0.20987844365331415,0.29478581475945287,0.001042196892098027,0,0,0.0,0,0.0,0.0,50.0,0,,,,,,,,,,,,,,,,,,,,,,,,,,,
104,A,step_totals,,,,,,,,,,,,,,,,,,,,,69.30000000000008,11.5,0.16594516594516576,,,0.0,0.0,47.0,0.6782106782106774,0.005463373005952886,0.2127659574468085,0.0,0,10,17,42,23,,27,47,4.800000000000002,0.06926406926406921,6.000000000000003,0.08658008658008652,24,30,32
105,A,all_agents,,,40,30,10,0,22,8,0.4023693105500088,0.22551031993121184,0.9906174487086162,0.08965194870515134,699,30,0.75,39,2.8461538461538463,1.205128205128205,31.225,4420,,,,,,,,,,,,,,,,,,,,,,,,,,,
105,A,participants_only,,,30,30,0,0,22,8,0.4617697224024847,0.2363113702626911,0.9906174487086162,0.10508067650167124,699,30,1.0,39,2.8461538461538463,1.205128205128205,24.966666666666665,4420,,,,,,,,,,,,,,,,,,,,,,,,,,,
105,A,nonparticipants_only,,,10,0,10,0,0,0,0.22416807499258098,0.21045371152557435,0.29509619330167525,0.0010248581766664528,0,0,0.0,0,0.0,0.0,50.0,0,,,,,,,,,,,,,,,,,,,,,,,,,,,
105,A,step_totals,,,,,,,,,,,,,,,,,,,,,71.70000000000005,7.5,0.10460251046025099,,,0.0,0.0,55.0,0.7670850767085072,0.005404036530322888,0.10909090909090909,0.0,0,6,25,13,15,,20,55,3.2000000000000006,0.044630404463040424,6.000000000000003,0.08368200836820082,16,30,18
106,A,all_agents,,,40,30,10,0,22,8,0.40286263538035355,0.2263327834106526,0.9909927507602716,0.08981659157752994,708,30,0.75,39,2.8461538461538463,1.205128205128205,31.425,4463,,,,,,,,,,,,,,,,,,,,,,,,,,,
106,A,participants_only,,,30,30,0,0,22,8,0.46230632942648076,0.23618395903040673,0.9909927507602716,0.1052851510312428,708,30,1.0,39,2.8461538461538463,1.205128205128205,25.233333333333334,4463,,,,,,,,,,,,,,,,,,,,,,,,,,,
106,A,nonparticipants_only,,,10,0,10,0,0,0,0.22453155324197205,0.21147980474058575,0.294670038593609,0.0010082800741964969,0,0,0.0,0,0.0,0.0,50.0,0,,,,,,,,,,,,,,,,,,,,,,,,,,,
106,A,step_totals,,,,,,,,,,,,,,,,,,,,,69.30000000000007,11.5,0.16594516594516578,,,0.0,0.0,47.0,0.6782106782106776,0.005299087536928598,0.19148936170212766,0.0,0,9,17,42,23,,27,47,4.800000000000002,0.06926406926406922,6.000000000000003,0.08658008658008653,24,30,32
107,A,all_agents,,,40,30,10,0,22,8,0.40347894558130143,0.22520111949359933,0.9913530407298607,0.09047342301800629,720,30,0.75,39,2.8461538461538463,1.205128205128205,31.225,4517,,,,,,,,,,,,,,,,,,,,,,,,,,,
107,A,participants_only,,,30,30,0,0,22,8,0.46300773639795323,0.23661752100317096,0.9913530407298607,0.10612550450246616,720,30,1.0,39,2.8461538461538463,1.205128205128205,24.966666666666665,4517,,,,,,,,,,,,,,,,,,,,,,,,,,,
107,A,nonparticipants_only,,,10,0,10,0,0,0,0.22489257313134595,0.213412902666284,0.2955283047629413,0.0009930553315143592,0,0,0.0,0,0.0,0.0,50.0,0,,,,,,,,,,,,,,,,,,,,,,,,,,,
107,A,step_totals,,,,,,,,,,,,,,,,,,,,,71.70000000000007,7.5,0.10460251046025094,,,0.0,0.0,55.0,0.7670850767085069,0.005200865104751175,0.21818181818181817,0.0,0,12,25,13,15,,20,55,3.2000000000000006,0.04463040446304041,6.000000000000003,0.08368200836820079,16,30,18
108,A,all_agents,,,40,30,10,0,22,8,0.40393043279951873,0.2260135911685352,0.9916989191006663,0.09065138729763426,728,30,0.75,39,2.8461538461538463,1.205128205128205,31.425,4562,,,,,,,,,,,,,,,,,,,,,,,,,,,
108,A,participants_only,,,30,30,0,0,22,8,0.4634901653759416,0.23598561531056522,0.9916989191006663,0.10635277669282742,728,30,1.0,39,2.8461538461538463,1.205128205128205,25.233333333333334,4562,,,,,,,,,,,,,,,,,,,,,,,,,,,
108,A,nonparticipants_only,,,10,0,10,0,0,0,0.22525123507025008,0.21318050993313886,0.2958730000793294,0.0009788781771547163,0,0,0.0,0,0.0,0.0,50.0,0,,,,,,,,,,,,,,,,,,,,,,,,,,,
108,A,step_totals,,,,,,,,,,,,,,,,,,,,,69.30000000000005,11.5,0.1659451659451658,,,0.0,0.0,47.0,0.6782106782106777,0.005162082234797468,0.1702127659574468,0.0,0,8,17,42,23,,27,47,4.800000000000002,0.06926406926406924,6.000000000000003,0.08658008658008655,24,30,32
109,A,all_agents,,,40,30,10,0,22,8,0.4045118295648724,0.22500372043778577,0.9920309623366397,0.09129297323927898,737,30,0.75,39,2.8461538461538463,1.205128205128205,31.225,4616,,,,,,,,,,,,,,,,,,,,,,,,,,,
109,A,participants_only,,,30,30,0,0,22,8,0.46414644837172503,0.23569130317931414,0.9920309623366397,0.10717738284147854,737,30,1.0,39,2.8461538461538463,1.205128205128205,24.966666666666665,4616,,,,,,,,,,,,,,,,,,,,,,,,,,,
109,A,nonparticipants_only,,,10,0,10,0,0,0,0.22560797314431472,0.21321013687085488,0.2947864907103508,0.0009642913098169626,0,0,0.0,0,0.0,0.0,50.0,0,,,,,,,,,,,,,,,,,,,,,,,,,,,
109,A,step_totals,,,,,,,,,,,,,,,,,,,,,71.70000000000006,7.5,0.10460251046025096,,,0.0,0.0,55.0,0.767085076708507,0.005089265918105606,0.16363636363636364,0.0,0,9,25,13,15,,20,55,3.2000000000000006,0.04463040446304042,6.000000000000003,0.0836820083682008,16,30,17
110,A,all_agents,,,40,30,10,0,22,8,0.4049324482323125,0.2263694378048276,0.9923497238431741,0.09145936199479246,742,30,0.75,39,2.8461538461538463,1.205128205128205,31.425,4661,,,,,,,,,,,,,,,,,,,,,,,,,,,
110,A,participants_only,,,30,30,0,0,22,8,0.464589049417558,0.2351923670486033,0.9923497238431741,0.10739356898641668,742,30,1.0,39,2.8461538461538463,1.205128205128205,25.233333333333334,4661,,,,,,,,,,,,,,,,,,,,,,,,,,,
110,A,nonparticipants_only,,,10,0,10,0,0,0,0.225962644676576,0.21342627703000244,0.29461460329935074,0.0009498202402145999,0,0,0.0,0,0.0,0.0,50.0,0,,,,,,,,,,,,,,,,,,,,,,,,,,,
110,A,step_totals,,,,,,,,,,,,,,,,,,,,,69.30000000000007,11.5,0.16594516594516578,,,0.0,0.0,47.0,0.6782106782106776,0.005062898042036092,0.10638297872340426,0.0,0,5,17,42,23,,27,47,4.800000000000002,0.06926406926406922,6.000000000000003,0.08658008658008653,24,30,32
110,A,reachability,0.25,0.0,,,,,,,,,,,,,,,,,,,,,,,,,,,,,,,,,,,,,,,,,,,,,
111,A,all_agents,,,40,30,10,0,22,8,0.40546021534877213,0.22537259728438255,0.9926557348894471,0.09206592513588155,748,30,0.75,39,2.8461538461538463,1.205128205128205,31.225,4713,,,,,,,,,,,,,,,,,,,,,,,,,,,
111,A,participants_only,,,30,30,0,0,22,8,0.4651751500352681,0.23645321320101237,0.9926557348894471,0.10817943843577701,748,30,1.0,39,2.8461538461538463,1.205128205128205,24.966666666666665,4713,,,,,,,,,,,,,,,,,,,,,,,,,,,
111,A,nonparticipants_only,,,10,0,10,0,0,0,0.22631541128928434,0.21393878448109555,0.29491427262278586,0.0009349041408454528,0,0,0.0,0,0.0,0.0,50.0,0,,,,,,,,,,,,,,,,,,,,,,,,,,,
111,A,step_totals,,,,,,,,,,,,,,,,,,,,,71.70000000000006,7.5,0.10460251046025096,,,0.0,0.0,55.0,0.767085076708507,0.004914649039299957,0.10909090909090909,0.0,0,6,25,13,15,,20,55,3.2000000000000006,0.04463040446304042,6.000000000000003,0.0836820083682008,16,30,17
112,A,all_agents,,,40,30,10,0,22,8,0.40590496018037,0.2270407937388516,0.9929495054938693,0.09224045851156543,757,30,0.75,39,2.8461538461538463,1.205128205128205,31.425,4759,,,,,,,,,,,,,,,,,,,,,,,,,,,
112,A,participants_only,,,30,30,0,0,22,8,0.4656512503587089,0.23596353579159818,0.9929495054938693,0.10840203775695506,757,30,1.0,39,2.8461538461538463,1.205128205128205,25.233333333333334,4759,,,,,,,,,,,,,,,,,,,,,,,,,,,
112,A,nonparticipants_only,,,10,0,10,0,0,0,0.22666608964535293,0.21568245885956694,0.294502821843584,0.0009202904945050835,0,0,0.0,0,0.0,0.0,50.0,0,,,,,,,,,,,,,,,,,,,,,,,,,,,
112,A,step_totals,,,,,,,,,,,,,,,,,,,,,69.30000000000005,11.5,0.1659451659451658,,,0.0,0.0,47.0,0.6782106782106777,0.005154413742151367,0.19148936170212766,0.0,0,9,17,42,23,,27,47,4.800000000000002,0.06926406926406924,6.000000000000003,0.08658008658008655,24,30,32
113,A,all_agents,,,40,30,10,0,22,8,0.40640412664728714,0.22612824923725464,0.9932315252741145,0.09283435738223372,767,30,0.75,39,2.8461538461538463,1.205128205128205,31.225,4812,,,,,,,,,,,,,,,,,,,,,,,,,,,
113,A,participants_only,,,30,30,0,0,22,8,0.46620077670773624,0.23568336700007436,0.9932315252741145,0.10917400907949994,767,30,1.0,39,2.8461538461538463,1.205128205128205,24.966666666666665,4812,,,,,,,,,,,,,,,,,,,,,,,,,,,
113,A,nonparticipants_only,,,10,0,10,0,0,0,0.2270141764659396,0.2163984703997115,0.2953314746249572,0.0009077299890133171,0,0,0.0,0,0.0,0.0,50.0,0,,,,,,,,,,,,,,,,,,,,,,,,,,,
113,A,step_totals,,,,,,,,,,,,,,,,,,,,,71.70000000000006,7.5,0.10460251046025096,,,0.0,0.0,55.0,0.767085076708507,0.0048238528613688296,0.18181818181818182,0.0,0,10,25,13,15,,20,55,3.2000000000000006,0.04463040446304042,6.000000000000003,0.0836820083682008,16,30,17
114,A,all_agents,,,40,30,10,0,22,8,0.4068257003901642,0.2271100857684652,0.9935022642631499,0.09299767730190728,777,30,0.75,39,2.8461538461538463,1.205128205128205,31.425,4858,,,,,,,,,,,,,,,,,,,,,,,,,,,
114,A,participants_only,,,30,30,0,0,22,8,0.46664755693409604,0.23558645276578183,0.9935022642631499,0.10938372780939559,777,30,1.0,39,2.8461538461538463,1.205128205128205,25.233333333333334,4858,,,,,,,,,,,,,,,,,,,,,,,,,,,
114,A,nonparticipants_only,,,10,0,10,0,0,0,0.22736013075836864,0.21627163176588224,0.29566427666569645,0.0008956715350892296,0,0,0.0,0,0.0,0.0,50.0,0,,,,,,,,,,,,,,,,,,,,,,,,,,,
114,A,step_totals,,,,,,,,,,,,,,,,,,,,,69.30000000000005,11.5,0.1659451659451658,,,0.0,0.0,47.0,0.6782106782106777,0.0050802026875590885,0.2127659574468085,0.0,0,10,17,42,23,,27,47,4.800000000000002,0.06926406926406924,6.000000000000003,0.08658008658008655,24,30,32
115,A,all_agents,,,40,30,10,0,22,8,0.40735718451251796,0.22631938164588802,0.9937621736926239,0.09362088869601509,788,30,0.75,39,2.8461538461538463,1.205128205128205,31.225,4913,,,,,,,,,,,,,,,,,,,,,,,,,,,
115,A,participants_only,,,30,30,0,0,22,8,0.4672414925433612,0.23602538340930895,0.9937621736926239,0.11018897153209953,788,30,1.0,39,2.8461538461538463,1.205128205128205,24.966666666666665,4913,,,,,,,,,,,,,,,,,,,,,,,,,,,
115,A,nonparticipants_only,,,10,0,10,0,0,0,0.22770426041998798,0.2161166792061477,0.29461525592741833,0.0008830760077667023,0,0,0.0,0,0.0,0.0,50.0,0,,,,,,,,,,,,,,,,,,,,,,,,,,,
115,A,step_totals,,,,,,,,,,,,,,,,,,,,,71.70000000000006,7.5,0.10460251046025096,,,0.0,0.0,55.0,0.767085076708507,0.004936638103463752,0.2,0.0,0,11,25,13,15,,20,55,3.2000000000000006,0.04463040446304042,6.000000000000003,0.0836820083682008,16,30,17
116,A,all_agents,,,40,30,10,0,22,8,0.40781317840535214,0.22653764978676033,0.9940116867449189,0.09378878587654377,800,30,0.75,39,2.8461538461538463,1.205128205128205,31.425,4960,,,,,,,,,,,,,,,,,,,,,,,,,,,
116,A,participants_only,,,30,30,0,0,22,8,0.467735420691864,0.23544599346806716,0.9940116867449189,0.1103988841197436,800,30,1.0,39,2.8461538461538463,1.205128205128205,25.233333333333334,4960,,,,,,,,,,,,,,,,,,,,,,,,,,,
116,A,nonparticipants_only,,,10,0,10,0,0,0,0.22804645154581654,0.21665087583021955,0.2944492992739957,0.0008703896992230492,0,0,0.0,0,0.0,0.0,50.0,0,,,,,,,,,,,,,,,,,,,,,,,,,,,
116,A,step_totals,,,,,,,,,,,,,,,,,,,,,69.10000000000007,11.5,0.1664254703328508,,,0.0,0.0,47.0,0.6801736613603466,0.00522193838352577,0.2553191489361702,0.0,0,12,17,41,23,,27,47,4.600000000000001,0.06657018813314033,6.000000000000003,0.08683068017366131,23,30,32
117,A,all_agents,,,40,30,10,0,22,8,0.40824661868898715,0.2259970933481493,0.9942512192751222,0.0943387524866672,809,30,0.75,39,2.8461538461538463,1.205128205128205,31.225,5011,,,,,,,,,,,,,,,,,,,,,,,,,,,
117,A,participants_only,,,30,30,0,0,22,8,0.46819989010735635,0.23511603384491236,0.9942512192751222,0.11112166690942278,809,30,1.0,39,2.8461538461538463,1.205128205128205,24.966666666666665,5011,,,,,,,,,,,,,,,,,,,,,,,,,,,
117,A,nonparticipants_only,,,10,0,10,0,0,0,0.22838680443387957,0.21761218908784036,0.2947386288866845,0.0008572721732247718,0,0,0.0,0,0.0,0.0,50.0,0,,,,,,,,,,,,,,,,,,,,,,,,,,,
117,A,step_totals,,,,,,,,,,,,,,,,,,,,,71.50000000000007,7.5,0.10489510489510478,,,0.0,0.0,55.0,0.7692307692307685,0.004627325366974056,0.16363636363636364,0.0,0,9,25,13,15,,19,55,3.0000000000000004,0.041958041958041925,6.000000000000003,0.08391608391608386,15,30,17
118,A,all_agents,,,40,30,10,0,22,8,0.40863402731295684,0.22737697483356545,0.9944811705041173,0.0944710617102857,816,30,0.75,39,2.8461538461538463,1.205128205128205,31.425,5054,,,,,,,,,,,,,,,,,,,,,,,,,,,
118,A,participants_only,,,30,30,0,0,22,8,0.46860372988388194,0.23463862425945625,0.9944811705041173,0.11129422031298652,816,30,1.0,39,2.8461538461538463,1.205128205128205,25.233333333333334,5054,,,,,,,,,,,,,,,,,,,,,,,,,,,
118,A,nonparticipants_only,,,10,0,10,0,0,0,0.22872491960018185,0.21942324546855363,0.29434137469589067,0.0008452031848407266,0,0,0.0,0,0.0,0.0,50.0,0,,,,,,,,,,,,,,,,,,,,,,,,,,,
118,A,step_totals,,,,,,,,,,,,,,,,,,,,,69.10000000000008,11.5,0.16642547033285074,,,0.0,0.0,47.0,0.6801736613603465,0.004988986122635417,0.14893617021276595,0.0,0,7,17,41,23,,27,47,4.600000000000001,0.06657018813314032,6.000000000000003,0.0868306801736613,23,30,32
119,A,all_agents,,,40,30,10,0,22,8,0.4091162032524157,0.2275242145142216,0.9947019236839526,0.09506823415743935,827,30,0.75,39,2.8461538461538463,1.205128205128205,31.225,5109,,,,,,,,,,,,,,,,,,,,,,,,,,,
119,A,participants_only,,,30,30,0,0,22,8,0.4691347135210738,0.23589320225964713,0.9947019236839526,0.11207055154231489,827,30,1.0,39,2.8461538461538463,1.205128205128205,24.966666666666665,5109,,,,,,,,,,,,,,,,,,,,,,,,,,,
119,A,nonparticipants_only,,,10,0,10,0,0,0,0.2290606724464417,0.21920552429850904,0.29514143586177777,0.000834623104384669,0,0,0.0,0,0.0,0.0,50.0,0,,,,,,,,,,,,,,,,,,,,,,,,,,,
119,A,step_totals,,,,,,,,,,,,,,,,,,,,,71.70000000000007,7.5,0.10460251046025094,,,0.0,0.0,55.0,0.7670850767085069,0.00478159307117042,0.2,0.0,0,11,25,13,15,,19,55,3.2000000000000006,0.04463040446304041,6.000000000000003,0.08368200836820079,16,30,17
120,A,all_agents,,,40,30,10,0,22,8,0.4094955031791954,0.22748491187673747,0.9949138467365946,0.09519360496350755,830,30,0.75,39,2.8461538461538463,1.205128205128205,31.425,5155,,,,,,,,,,,,,,,,,,,,,,,,,,,
120,A,participants_only,,,30,30,0,0,22,8,0.4695292048291265,0.2353757578095566,0.9949138467365946,0.11223382818921271,830,30,1.0,39,2.8461538461538463,1.205128205128205,25.233333333333334,5155,,,,,,,,,,,,,,,,,,,,,,,,,,,
120,A,nonparticipants_only,,,10,0,10,0,0,0,0.22939439822940205,0.21923328080989848,0.2954627549892926,0.0008243912808767957,0,0,0.0,0,0.0,0.0,50.0,0,,,,,,,,,,,,,,,,,,,,,,,,,,,
120,A,step_totals,,,,,,,,,,,,,,,,,,,,,69.10000000000007,11.5,0.1664254703328508,,,0.0,0.0,47.0,0.6801736613603466,0.004967714057893814,0.06382978723404255,0.0,0,3,17,41,23,,27,47,4.600000000000001,0.06657018813314033,6.000000000000003,0.08683068017366131,23,30,32
120,A,reachability,0.25,0.0,,,,,,,,,,,,,,,,,,,,,,,,,,,,,,,,,,,,,,,,,,,,,
121,A,all_agents,,,40,30,10,0,22,8,0.4098995996981583,0.22732370237110222,0.9951172928671308,0.09573627460773008,839,30,0.75,39,2.8461538461538463,1.205128205128205,31.225,5208,,,,,,,,,,,,,,,,,,,,,,,,,,,
121,A,participants_only,,,30,30,0,0,22,8,0.4699573271426454,0.23508308038491738,0.9951172928671308,0.11294949513686824,839,30,1.0,39,2.8461538461538463,1.205128205128205,24.966666666666665,5208,,,,,,,,,,,,,,,,,,,,,,,,,,,
121,A,nonparticipants_only,,,10,0,10,0,0,0,0.2297264173646973,0.21952538903937796,0.29444992938395786,0.0008134455107601348,0,0,0.0,0,0.0,0.0,50.0,0,,,,,,,,,,,,,,,,,,,,,,,,,,,
121,A,step_totals,,,,,,,,,,,,,,,,,,,,,71.70000000000006,7.5,0.10460251046025096,,,0.0,0.0,55.0,0.767085076708507,0.004525005328863284,0.16363636363636364,0.0,0,9,25,13,15,,19,55,3.2000000000000006,0.04463040446304042,6.000000000000003,0.0836820083682008,16,30,17
122,A,all_agents,,,40,30,10,0,22,8,0.41023095410817495,0.22798294836936112,0.9953126011524456,0.09583093434052847,848,30,0.75,39,2.8461538461538463,1.205128205128205,31.425,5253,,,,,,,,,,,,,,,,,,,,,,,,,,,
122,A,participants_only,,,30,30,0,0,22,8,0.4702890835499525,0.23501531717703933,0.9953126011524456,0.11307919378057564,848,30,1.0,39,2.8461538461538463,1.205128205128205,25.233333333333334,5253,,,,,,,,,,,,,,,,,,,,,,,,,,,
122,A,nonparticipants_only,,,10,0,10,0,0,0,0.23005656578284217,0.22022025170532633,0.2942896988548284,0.0008024090758432291,0,0,0.0,0,0.0,0.0,50.0,0,,,,,,,,,,,,,,,,,,,,,,,,,,,
122,A,step_totals,,,,,,,,,,,,,,,,,,,,,69.10000000000007,11.5,0.1664254703328508,,,0.0,0.0,47.0,0.6801736613603466,0.004806671500993778,0.19148936170212766,0.0,0,9,17,41,23,,27,47,4.600000000000001,0.06657018813314033,6.000000000000003,0.08683068017366131,23,30,32
123,A,all_agents,,,40,30,10,0,22,8,0.4106152975244075,0.22805059342759046,0.9953594751409212,0.09636204748367032,858,30,0.75,39,2.8461538461538463,1.205128205128205,31.225,5305,,,,,,,,,,,,,,,,,,,,,,,,,,,
123,A,participants_only,,,30,30,0,0,22,8,0.4706920951101527,0.23504150443778365,0.9953594751409212,0.11378215309744726,858,30,1.0,39,2.8461538461538463,1.205128205128205,24.966666666666665,5305,,,,,,,,,,,,,,,,,,,,,,,,,,,
123,A,nonparticipants_only,,,10,0,10,0,0,0,0.23038490476717183,0.22127215937359232,0.29456904551540425,0.0007910713444362696,0,0,0.0,0,0.0,0.0,50.0,0,,,,,,,,,,,,,,,,,,,,,,,,,,,
123,A,step_totals,,,,,,,,,,,,,,,,,,,,,71.50000000000007,7.5,0.10489510489510478,,,0.0,0.0,55.0,0.7692307692307685,0.004474846366100558,0.18181818181818182,0.0,0,10,25,13,15,,19,55,3.0000000000000004,0.041958041958041925,6.000000000000003,0.08391608391608386,15,30,17
124,A,all_agents,,,40,30,10,0,22,8,0.4109598695041358,0.22801325326792266,0.9955450961352843,0.09646909056175572,864,30,0.75,39,2.8461538461538463,1.205128205128205,31.425,5351,,,,,,,,,,,,,,,,,,,,,,,,,,,
124,A,participants_only,,,30,30,0,0,22,8,0.471042784005908,0.23444622303323948,0.9955450961352843,0.11392543094674813,864,30,1.0,39,2.8461538461538463,1.205128205128205,25.233333333333334,5351,,,,,,,,,,,,,,,,,,,,,,,,,,,
124,A,nonparticipants_only,,,10,0,10,0,0,0,0.2307111259988193,0.22213865439019062,0.2941854980777025,0.0007805900264512775,0,0,0.0,0,0.0,0.0,50.0,0,,,,,,,,,,,,,,,,,,,,,,,,,,,
124,A,step_totals,,,,,,,,,,,,,,,,,,,,,69.10000000000008,11.5,0.16642547033285074,,,0.0,0.0,47.0,0.6801736613603465,0.0048574518190458256,0.1276595744680851,0.0,0,6,17,41,23,,27,47,4.600000000000001,0.06657018813314032,6.000000000000003,0.0868306801736613,23,30,32
125,A,all_agents,,,40,30,10,0,22,8,0.41132578133249675,0.22943320712542664,0.9957232922898729,0.09698924829684716,871,30,0.75,39,2.8461538461538463,1.205128205128205,31.225,5403,,,,,,,,,,,,,,,,,,,,,,,,,,,
125,A,participants_only,,,30,30,0,0,22,8,0.4714226369200043,0.23383955121482342,0.9957232922898729,0.1146154651877622,871,30,1.0,39,2.8461538461538463,1.205128205128205,24.966666666666665,5403,,,,,,,,,,,,,,,,,,,,,,,,,,,
125,A,nonparticipants_only,,,10,0,10,0,0,0,0.23103521456997408,0.22206973448666706,0.2949579541456106,0.0007710130060331962,0,0,0.0,0,0.0,0.0,50.0,0,,,,,,,,,,,,,,,,,,,,,,,,,,,
125,A,step_totals,,,,,,,,,,,,,,,,,,,,,71.50000000000006,7.5,0.10489510489510481,,,0.0,0.0,55.0,0.7692307692307686,0.004416787244146953,0.12727272727272726,0.0,0,7,25,13,15,,19,55,3.0000000000000004,0.04195804195804193,6.000000000000003,0.08391608391608389,15,30,17
126,A,all_agents,,,40,30,10,0,22,8,0.4116512462746806,0.22925477662784333,0.995894360598278,0.09708669206924952,880,30,0.75,39,2.8461538461538463,1.205128205128205,31.425,5448,,,,,,,,,,,,,,,,,,,,,,,,,,,
126,A,participants_only,,,30,30,0,0,22,8,0.47174922074335923,0.23360845588337814,0.995894360598278,0.1147479068792345,880,30,1.0,39,2.8461538461538463,1.205128205128205,25.233333333333334,5448,,,,,,,,,,,,,,,,,,,,,,,,,,,
126,A,nonparticipants_only,,,10,0,10,0,0,0,0.2313573228686446,0.22253407831455016,0.295268186563289,0.0007618492164391897,0,0,0.0,0,0.0,0.0,50.0,0,,,,,,,,,,,,,,,,,,,,,,,,,,,
126,A,step_totals,,,,,,,,,,,,,,,,,,,,,69.10000000000007,11.5,0.1664254703328508,,,0.0,0.0,47.0,0.6801736613603466,0.004795207636336576,0.19148936170212766,0.0,0,9,17,41,23,,27,47,4.600000000000001,0.06657018813314033,6.000000000000003,0.08683068017366131,23,30,32
127,A,all_agents,,,40,30,10,0,22,8,0.41200009922970005,0.2293706220327614,0.9960585861743468,0.09759781608922351,888,30,0.75,39,2.8461538461538463,1.205128205128205,31.225,5501,,,,,,,,,,,,,,,,,,,,,,,,,,,
127,A,participants_only,,,30,30,0,0,22,8,0.4721075619747032,0.2331311946897785,0.9960585861743468,0.11542804406280117,888,30,1.0,39,2.8461538461538463,1.205128205128205,24.966666666666665,5501,,,,,,,,,,,,,,,,,,,,,,,,,,,
127,A,nonparticipants_only,,,10,0,10,0,0,0,0.2316777109946903,0.22269845424735585,0.2942903072236438,0.0007522472367871008,0,0,0.0,0,0.0,0.0,50.0,0,,,,,,,,,,,,,,,,,,,,,,,,,,,
127,A,step_totals,,,,,,,,,,,,,,,,,,,,,71.50000000000007,7.5,0.10489510489510478,,,0.0,0.0,55.0,0.7692307692307685,0.004363343203739223,0.14545454545454545,0.0,0,8,25,13,15,,19,55,3.0000000000000004,0.041958041958041925,6.000000000000003,0.08391608391608386,15,30,17
128,A,all_agents,,,40,30,10,0,22,8,0.4123394047334707,0.22969677067122315,0.9960980003126033,0.09770634730948752,895,30,0.75,39,2.8461538461538463,1.205128205128205,31.425,5546,,,,,,,,,,,,,,,,,,,,,,,,,,,
128,A,participants_only,,,30,30,0,0,22,8,0.47245378444346386,0.23283072795473436,0.9960980003126033,0.11557262617175343,895,30,1.0,39,2.8461538461538463,1.205128205128205,25.233333333333334,5546,,,,,,,,,,,,,,,,,,,,,,,,,,,
128,A,nonparticipants_only,,,10,0,10,0,0,0,0.23199626560349115,0.2226086689318158,0.29413560524613563,0.000742646947682893,0,0,0.0,0,0.0,0.0,50.0,0,,,,,,,,,,,,,,,,,,,,,,,,,,,
128,A,step_totals,,,,,,,,,,,,,,,,,,,,,69.10000000000008,11.5,0.16642547033285074,,,0.0,0.0,47.0,0.6801736613603465,0.00484859483027527,0.14893617021276595,0.0,0,7,17,41,23,,27,47,4.600000000000001,0.06657018813314032,6.000000000000003,0.0868306801736613,23,30,32
129,A,all_agents,,,40,30,10,0,22,8,0.4127173798433097,0.2291267392127384,0.9962540803000992,0.09824135133302435,903,30,0.75,39,2.8461538461538463,1.205128205128205,31.225,5598,,,,,,,,,,,,,,,,,,,,,,,,,,,
129,A,participants_only,,,30,30,0,0,22,8,0.47285215505527933,0.23318693069091417,0.9962540803000992,0.11627943166401258,903,30,1.0,39,2.8461538461538463,1.205128205128205,24.966666666666665,5598,,,,,,,,,,,,,,,,,,,,,,,,,,,
129,A,nonparticipants_only,,,10,0,10,0,0,0,0.23231305420740073,0.22392821096252544,0.2944053134037269,0.0007328160625302397,0,0,0.0,0,0.0,0.0,50.0,0,,,,,,,,,,,,,,,,,,,,,,,,,,,
129,A,step_totals,,,,,,,,,,,,,,,,,,,,,71.50000000000007,7.5,0.10489510489510478,,,0.0,0.0,55.0,0.7692307692307685,0.0044654095160143415,0.14545454545454545,0.0,0,8,25,13,15,,19,55,3.0000000000000004,0.041958041958041925,6.000000000000003,0.08391608391608386,15,30,17
130,A,all_agents,,,40,30,10,0,22,8,0.4130403197214999,0.22949678512995,0.9964039170880953,0.09834157150561684,908,30,0.75,39,2.8461538461538463,1.205128205128205,31.425,5645,,,,,,,,,,,,,,,,,,,,,,,,,,,
130,A,participants_only,,,30,30,0,0,22,8,0.47317777899890373,0.2326297015875748,0.9964039170880953,0.11641494075277443,908,30,1.0,39,2.8461538461538463,1.205128205128205,25.233333333333334,5645,,,,,,,,,,,,,,,,,,,,,,,,,,,
130,A,nonparticipants_only,,,10,0,10,0,0,0,0.23262794188928868,0.2245341083865407,0.2940349997849489,0.0007232956640473327,0,0,0.0,0,0.0,0.0,50.0,0,,,,,,,,,,,,,,,,,,,,,,,,,,,
130,A,step_totals,,,,,,,,,,,,,,,,,,,,,68.90000000000008,11.5,0.16690856313497804,,,0.0,0.0,47.0,0.6821480406386059,0.004810712346038112,0.10638297872340426,0.0,0,5,17,41,23,,27,47,4.400000000000001,0.0638606676342525,6.000000000000003,0.0870827285921625,22,30,32
130,A,reachability,0.25,0.0,,,,,,,,,,,,,,,,,,,,,,,,,,,,,,,,,,,,,,,,,,,,,
131,A,all_agents,,,40,30,10,0,22,8,0.41339944141846163,0.228735347063529,0.9965477604045715,0.09886623779596053,915,30,0.75,39,2.8461538461538463,1.205128205128205,31.225,5698,,,,,,,,,,,,,,,,,,,,,,,,,,,
131,A,participants_only,,,30,30,0,0,22,8,0.47355233921328155,0.23228194054442164,0.9965477604045715,0.11710992500865788,915,30,1.0,39,2.8461538461538463,1.205128205128205,24.966666666666665,5698,,,,,,,,,,,,,,,,,,,,,,,,,,,
131,A,nonparticipants_only,,,10,0,10,0,0,0,0.23294074803400194,0.22505716443115426,0.29478080323384703,0.0007147228004998743,0,0,0.0,0,0.0,0.0,50.0,0,,,,,,,,,,,,,,,,,,,,,,,,,,,
131,A,step_totals,,,,,,,,,,,,,,,,,,,,,71.50000000000006,7.5,0.10489510489510481,,,0.0,0.0,55.0,0.7692307692307686,0.00440530152385606,0.12727272727272726,0.0,0,7,25,13,15,,19,55,3.0000000000000004,0.04195804195804193,6.000000000000003,0.08391608391608389,15,30,17
132,A,all_agents,,,40,30,10,0,22,8,0.413640241495645,0.23018655708045785,0.9966858499883886,0.09891422127420729,925,30,0.75,39,2.8461538461538463,1.205128205128205,31.425,5743,,,,,,,,,,,,,,,,,,,,,,,,,,,
132,A,participants_only,,,30,30,0,0,22,8,0.4737697980035246,0.23278315667329885,0.9966858499883886,0.11718777682967206,925,30,1.0,39,2.8461538461538463,1.205128205128205,25.233333333333334,5743,,,,,,,,,,,,,,,,,,,,,,,,,,,
132,A,nonparticipants_only,,,10,0,10,0,0,0,0.23325157197200613,0.224885010766863,0.2950803314745807,0.0007067918178015447,0,0,0.0,0,0.0,0.0,50.0,0,,,,,,,,,,,,,,,,,,,,,,,,,,,
132,A,step_totals,,,,,,,,,,,,,,,,,,,,,69.10000000000007,11.5,0.1664254703328508,,,0.0,0.0,47.0,0.6801736613603466,0.0045158600192028095,0.2127659574468085,0.0,0,10,17,41,23,,26,47,4.600000000000001,0.06657018813314033,6.000000000000003,0.08683068017366131,23,30,31
133,A,all_agents,,,40,30,10,0,22,8,0.4139600141032241,0.22969700183918607,0.996818415988853,0.09941108048286898,933,30,0.75,39,2.8461538461538463,1.205128205128205,31.225,5797,,,,,,,,,,,,,,,,,,,,,,,,,,,
133,A,participants_only,,,30,30,0,0,22,8,0.47409311595218084,0.23257504541545304,0.996818415988853,0.1178513059838526,933,30,1.0,39,2.8461538461538463,1.205128205128205,24.966666666666665,5797,,,,,,,,,,,,,,,,,,,,,,,,,,,
133,A,nonparticipants_only,,,10,0,10,0,0,0,0.23356070855635364,0.22489076969424307,0.294136192623955,0.0006985247241939333,0,0,0.0,0,0.0,0.0,50.0,0,,,,,,,,,,,,,,,,,,,,,,,,,,,
133,A,step_totals,,,,,,,,,,,,,,,,,,,,,71.50000000000006,7.5,0.10489510489510481,,,0.0,0.0,55.0,0.7692307692307686,0.004275815885354411,0.14545454545454545,0.0,0,8,25,13,15,,19,55,3.0000000000000004,0.04195804195804193,6.000000000000003,0.08391608391608389,15,30,17
134,A,all_agents,,,40,30,10,0,22,8,0.4142524259409582,0.23012643353557416,0.9969353489105479,0.09949326524377476,943,30,0.75,39,2.8461538461538463,1.205128205128205,31.425,5843,,,,,,,,,,,,,,,,,,,,,,,,,,,
134,A,participants_only,,,30,30,0,0,22,8,0.47438054910482935,0.23212990060040656,0.9969353489105479,0.11796601672415914,943,30,1.0,39,2.8461538461538463,1.205128205128205,25.233333333333334,5843,,,,,,,,,,,,,,,,,,,,,,,,,,,
134,A,nonparticipants_only,,,10,0,10,0,0,0,0.23386805644934475,0.22480408230738427,0.2939868284423913,0.0006903164601056788,0,0,0.0,0,0.0,0.0,50.0,0,,,,,,,,,,,,,,,,,,,,,,,,,,,
134,A,step_totals,,,,,,,,,,,,,,,,,,,,,69.10000000000007,11.5,0.1664254703328508,,,0.0,0.0,47.0,0.6801736613603466,0.004699000431112871,0.2127659574468085,0.0,0,10,17,41,23,,26,47,4.600000000000001,0.06657018813314033,6.000000000000003,0.08683068017366131,23,30,31
135,A,all_agents,,,40,30,10,0,22,8,0.41455175539069006,0.22986195795955294,0.997057934954126,0.09997631768113772,950,30,0.75,39,2.8461538461538463,1.205128205128205,31.225,5894,,,,,,,,,,,,,,,,,,,,,,,,,,,
135,A,participants_only,,,30,30,0,0,22,8,0.47467772759718285,0.2320172984237541,0.997057934954126,0.1186140974094106,950,30,1.0,39,2.8461538461538463,1.205128205128205,24.966666666666665,5894,,,,,,,,,,,,,,,,,,,,,,,,,,,
135,A,nonparticipants_only,,,10,0,10,0,0,0,0.23417383877121162,0.22607809521032435,0.2942472306613451,0.0006813880910077292,0,0,0.0,0,0.0,0.0,50.0,0,,,,,,,,,,,,,,,,,,,,,,,,,,,
135,A,step_totals,,,,,,,,,,,,,,,,,,,,,71.50000000000004,7.5,0.10489510489510483,,,0.0,0.0,55.0,0.7692307692307687,0.00421078718036761,0.12727272727272726,0.0,0,7,25,13,15,,19,55,3.0000000000000004,0.04195804195804194,6.000000000000003,0.0839160839160839,15,30,17
136,A,all_agents,,,40,30,10,0,22,8,0.41476352628194785,0.22989214292336016,0.997175617555961,0.10000763217594504,957,30,0.75,39,2.8461538461538463,1.205128205128205,31.425,5938,,,,,,,,,,,,,,,,,,,,,,,,,,,
136,A,participants_only,,,30,30,0,0,22,8,0.4748587803869158,0.231479036511153,0.997175617555961,0.11867347424430132,957,30,1.0,39,2.8461538461538463,1.205128205128205,25.233333333333334,5938,,,,,,,,,,,,,,,,,,,,,,,,,,,
136,A,nonparticipants_only,,,10,0,10,0,0,0,0.23447776396704395,0.2266630869105421,0.29388969424531763,0.0006728311795881779,0,0,0.0,0,0.0,0.0,50.0,0,,,,,,,,,,,,,,,,,,,,,,,,,,,
136,A,step_totals,,,,,,,,,,,,,,,,,,,,,68.90000000000006,11.5,0.16690856313497807,,,0.0,0.0,47.0,0.682148040638606,0.0044363303038872405,0.14893617021276595,0.0,0,7,17,41,23,,26,47,4.400000000000001,0.0638606676342525,6.000000000000003,0.08708272859216251,22,30,31
137,A,all_agents,,,40,30,10,0,22,8,0.4150511603179224,0.23019242749597998,0.9972885928537225,0.1004840282993337,967,30,0.75,39,2.8461538461538463,1.205128205128205,31.225,5992,,,,,,,,,,,,,,,,,,,,,,,,,,,
137,A,participants_only,,,30,30,0,0,22,8,0.4751416766667834,0.2323970147548446,0.9972885928537225,0.11931341573173145,967,30,1.0,39,2.8461538461538463,1.205128205128205,24.966666666666665,5992,,,,,,,,,,,,,,,,,,,,,,,,,,,
137,A,nonparticipants_only,,,10,0,10,0,0,0,0.23477961127133926,0.22716809556831108,0.29460976469009337,0.0006654241412676562,0,0,0.0,0,0.0,0.0,50.0,0,,,,,,,,,,,,,,,,,,,,,,,,,,,
137,A,step_totals,,,,,,,,,,,,,,,,,,,,,71.50000000000006,7.5,0.10489510489510481,,,0.0,0.0,55.0,0.7692307692307686,0.00417343884181405,0.18181818181818182,0.0,0,10,25,13,15,,19,55,3.0000000000000004,0.04195804195804193,6.000000000000003,0.08391608391608389,15,30,17
138,A,all_agents,,,40,30,10,0,22,8,0.41531717430138,0.2302659157284483,0.9973970491395736,0.10054925883002946,978,30,0.75,39,2.8461538461538463,1.205128205128205,31.425,6039,,,,,,,,,,,,,,,,,,,,,,,,,,,
138,A,participants_only,,,30,30,0,0,22,8,0.47539639272908085,0.23213968341322755,0.9973970491395736,0.11940805485307988,978,30,1.0,39,2.8461538461538463,1.205128205128205,25.233333333333334,6039,,,,,,,,,,,,,,,,,,,,,,,,,,,
138,A,nonparticipants_only,,,10,0,10,0,0,0,0.2350795190182773,0.22700188184833014,0.2948989580879606,0.0006587209182774835,0,0,0.0,0,0.0,0.0,50.0,0,,,,,,,,,,,,,,,,,,,,,,,,,,,
138,A,step_totals,,,,,,,,,,,,,,,,,,,,,68.90000000000006,11.5,0.16690856313497807,,,0.0,0.0,47.0,0.682148040638606,0.004628400521643575,0.23404255319148937,0.0,0,11,17,41,23,,26,47,4.400000000000001,0.0638606676342525,6.000000000000003,0.08708272859216251,22,30,31
139,A,all_agents,,,40,30,10,0,22,8,0.4155937509330878,0.23088552747531943,0.9975011671739906,0.10101786133648699,979,30,0.75,39,2.8461538461538463,1.205128205128205,31.225,6092,,,,,,,,,,,,,,,,,,,,,,,,,,,
139,A,participants_only,,,30,30,0,0,22,8,0.47566572720596867,0.23185714192862736,0.9975011671739906,0.12003871232314653,979,30,1.0,39,2.8461538461538463,1.205128205128205,24.966666666666665,6092,,,,,,,,,,,,,,,,,,,,,,,,,,,
139,A,nonparticipants_only,,,10,0,10,0,0,0,0.23537782211444516,0.22700744207120938,0.29398739555348247,0.0006516003765536526,0,0,0.0,0,0.0,0.0,50.0,0,,,,,,,,,,,,,,,,,,,,,,,,,,,
139,A,step_totals,,,,,,,,,,,,,,,,,,,,,71.50000000000006,7.5,0.10489510489510481,,,0.0,0.0,55.0,0.7692307692307686,0.004138955389524004,0.01818181818181818,0.0,0,1,25,13,15,,19,55,3.0000000000000004,0.04195804195804193,6.000000000000003,0.08391608391608389,15,30,17
140,A,all_agents,,,40,30,10,0,22,8,0.4158019042400704,0.2306354898803636,0.997601120487031,0.1010376197781048,985,30,0.75,39,2.8461538461538463,1.205128205128205,31.425,6135,,,,,,,,,,,,,,,,,,,,,,,,,,,
140,A,participants_only,,,30,30,0,0,22,8,0.4758443505343054,0.23240501250214707,0.997601120487031,0.1200817972699467,985,30,1.0,39,2.8461538461538463,1.205128205128205,25.233333333333334,6135,,,,,,,,,,,,,,,,,,,,,,,,,,,
140,A,nonparticipants_only,,,10,0,10,0,0,0,0.23567456535736525,0.2269237457229234,0.2938431849939698,0.0006439430186259079,0,0,0.0,0,0.0,0.0,50.0,0,,,,,,,,,,,,,,,,,,,,,,,,,,,
140,A,step_totals,,,,,,,,,,,,,,,,,,,,,68.90000000000008,11.5,0.16690856313497804,,,0.0,0.0,47.0,0.6821480406386059,0.004430540217698151,0.1276595744680851,0.0,0,6,17,41,23,,26,47,4.400000000000001,0.0638606676342525,6.000000000000003,0.0870827285921625,22,30,31
140,A,reachability,0.25,0.0,,,,,,,,,,,,,,,,,,,,,,,,,,,,,,,,,,,,,,,,,,,,,
141,A,all_agents,,,40,30,10,0,22,8,0.4160824367118329,0.2308277686625505,0.9976970756675497,0.10151241141962904,995,30,0.75,39,2.8461538461538463,1.205128205128205,31.225,6188,,,,,,,,,,,,,,,,,,,,,,,,,,,
141,A,participants_only,,,30,30,0,0,22,8,0.47611998326670674,0.23202724043184886,0.9976970756675497,0.12071999105265091,995,30,1.0,39,2.8461538461538463,1.205128205128205,24.966666666666665,6188,,,,,,,,,,,,,,,,,,,,,,,,,,,
141,A,nonparticipants_only,,,10,0,10,0,0,0,0.23596979704721135,0.22815380042302633,0.29409460236392104,0.0006355885646196375,0,0,0.0,0,0.0,0.0,50.0,0,,,,,,,,,,,,,,,,,,,,,,,,,,,
141,A,step_totals,,,,,,,,,,,,,,,,,,,,,71.50000000000006,7.5,0.10489510489510481,,,0.0,0.0,55.0,0.7692307692307686,0.004154812192221481,0.18181818181818182,0.0,0,10,25,13,15,,19,55,3.0000000000000004,0.04195804195804193,6.000000000000003,0.08391608391608389,15,30,17
142,A,all_agents,,,40,30,10,0,22,8,0.41632312673355326,0.23122389044610078,0.9977891926408478,0.10156176698841082,1004,30,0.75,39,2.8461538461538463,1.205128205128205,31.425,6235,,,,,,,,,,,,,,,,,,,,,,,,,,,
142,A,participants_only,,,30,30,0,0,22,8,0.4763430904151355,0.23150370220767097,0.9977891926408478,0.12079690883336035,1004,30,1.0,39,2.8461538461538463,1.205128205128205,25.233333333333334,6235,,,,,,,,,,,,,,,,,,,,,,,,,,,
142,A,nonparticipants_only,,,10,0,10,0,0,0,0.2362632356888064,0.22871860772498812,0.29374940228943397,0.0006275889695007815,0,0,0.0,0,0.0,0.0,50.0,0,,,,,,,,,,,,,,,,,,,,,,,,,,,
142,A,step_totals,,,,,,,,,,,,,,,,,,,,,68.70000000000007,11.5,0.1673944687045122,,,0.0,0.0,47.0,0.6841339155749628,0.00456048568303521,0.19148936170212766,0.0,0,9,17,41,23,,26,47,4.200000000000001,0.06113537117903925,6.000000000000003,0.08733624454148466,21,30,31
143,A,all_agents,,,40,30,10,0,22,8,0.4165895227731192,0.23047389594349066,0.9978776249352138,0.10202762867894988,1013,30,0.75,39,2.8461538461538463,1.205128205128205,31.225,6289,,,,,,,,,,,,,,,,,,,,,,,,,,,
143,A,participants_only,,,30,30,0,0,22,8,0.4766011409861982,0.23098631237093065,0.9978776249352138,0.12142436226129144,1013,30,1.0,39,2.8461538461538463,1.205128205128205,24.966666666666665,6289,,,,,,,,,,,,,,,,,,,,,,,,,,,
143,A,nonparticipants_only,,,10,0,10,0,0,0,0.2365546681338821,0.229206191698155,0.2944446276148271,0.0006206960852968641,0,0,0.0,0,0.0,0.0,50.0,0,,,,,,,,,,,,,,,,,,,,,,,,,,,
143,A,step_totals,,,,,,,,,,,,,,,,,,,,,71.50000000000006,7.5,0.10489510489510481,,,0.0,0.0,55.0,0.7692307692307686,0.004109722231730425,0.16363636363636364,0.0,0,9,25,13,15,,19,55,3.0000000000000004,0.04195804195804193,6.000000000000003,0.08391608391608389,15,30,17
144,A,all_agents,,,40,30,10,0,22,8,0.41681711532988575,0.23044615877306546,0.9979625199378053,0.10206802039120555,1020,30,0.75,39,2.8461538461538463,1.205128205128205,31.425,6335,,,,,,,,,,,,,,,,,,,,,,,,,,,
144,A,participants_only,,,30,30,0,0,22,8,0.4768080777919902,0.2307943945608328,0.9979625199378053,0.12149020507353411,1020,30,1.0,39,2.8461538461538463,1.205128205128205,25.233333333333334,6335,,,,,,,,,,,,,,,,,,,,,,,,,,,
144,A,nonparticipants_only,,,10,0,10,0,0,0,0.2368442279435725,0.22904571297222354,0.29472384276050145,0.0006144794186643791,0,0,0.0,0,0.0,0.0,50.0,0,,,,,,,,,,,,,,,,,,,,,,,,,,,
144,A,step_totals,,,,,,,,,,,,,,,,,,,,,68.70000000000006,11.5,0.16739446870451222,,,0.0,0.0,47.0,0.6841339155749631,0.004518280494328049,0.14893617021276595,0.0,0,7,17,41,23,,26,47,4.200000000000001,0.06113537117903926,6.000000000000003,0.08733624454148468,21,30,31
145,A,all_agents,,,40,30,10,0,22,8,0.4170700973403298,0.2300186586977,0.9980440191402931,0.10252468097663273,1027,30,0.75,39,2.8461538461538463,1.205128205128205,31.225,6390,,,,,,,,,,,,,,,,,,,,,,,,,,,
145,A,participants_only,,,30,30,0,0,22,8,0.47704938363079413,0.2307548188339949,0.9980440191402931,0.12210689653186643,1027,30,1.0,39,2.8461538461538463,1.205128205128205,24.966666666666665,6390,,,,,,,,,,,,,,,,,,,,,,,,,,,
145,A,nonparticipants_only,,,10,0,10,0,0,0,0.2371322384689367,0.22905108134664925,0.2938437325376104,0.0006078569039698043,0,0,0.0,0,0.0,0.0,50.0,0,,,,,,,,,,,,,,,,,,,,,,,,,,,
145,A,step_totals,,,,,,,,,,,,,,,,,,,,,71.50000000000006,7.5,0.10489510489510481,,,0.0,0.0,55.0,0.7692307692307686,0.004067301547159014,0.12727272727272726,0.0,0,7,25,13,15,,19,55,3.0000000000000004,0.04195804195804193,6.000000000000003,0.08391608391608389,15,30,17
146,A,all_agents,,,40,30,10,0,22,8,0.4172573072584585,0.23068477993654543,0.9981222583746814,0.10253652443581207,1035,30,0.75,39,2.8461538461538463,1.205128205128205,31.425,6435,,,,,,,,,,,,,,,,,,,,,,,,,,,
146,A,participants_only,,,30,30,0,0,22,8,0.4772034953573395,0.23143175135424038,0.9981222583746814,0.12214094628075921,1035,30,1.0,39,2.8461538461538463,1.205128205128205,25.233333333333334,6435,,,,,,,,,,,,,,,,,,,,,,,,,,,
146,A,nonparticipants_only,,,10,0,10,0,0,0,0.23741874296181528,0.22897027283493557,0.2937044977809422,0.0006007132899335121,0,0,0.0,0,0.0,0.0,50.0,0,,,,,,,,,,,,,,,,,,,,,,,,,,,
146,A,step_totals,,,,,,,,,,,,,,,,,,,,,68.70000000000007,11.5,0.1673944687045122,,,0.0,0.0,47.0,0.6841339155749628,0.0043805461297044875,0.1702127659574468,0.0,0,8,17,41,23,,26,47,4.200000000000001,0.06113537117903925,6.000000000000003,0.08733624454148466,21,30,31
147,A,all_agents,,,40,30,10,0,22,8,0.41749698054722706,0.23092065750041396,0.9981973680396942,0.10298406587616576,1047,30,0.75,39,2.8461538461538463,1.205128205128205,31.225,6489,,,,,,,,,,,,,,,,,,,,,,,,,,,
147,A,participants_only,,,30,30,0,0,22,8,0.47742804471102085,0.23092065750041396,0.9981973680396942,0.12274752638784817,1047,30,1.0,39,2.8461538461538463,1.205128205128205,24.966666666666665,6489,,,,,,,,,,,,,,,,,,,,,,,,,,,
147,A,nonparticipants_only,,,10,0,10,0,0,0,0.23770378805584574,0.23015788605435716,0.29394724031273467,0.0005928949194613977,0,0,0.0,0,0.0,0.0,50.0,0,,,,,,,,,,,,,,,,,,,,,,,,,,,
147,A,step_totals,,,,,,,,,,,,,,,,,,,,,71.50000000000006,7.5,0.10489510489510481,,,0.0,0.0,55.0,0.7692307692307686,0.004024447230535862,0.21818181818181817,0.0,0,12,25,13,15,,19,55,3.0000000000000004,0.04195804195804193,6.000000000000003,0.08391608391608389,15,30,17
148,A,all_agents,,,40,30,10,0,22,8,0.41770230892040916,0.23070320539517963,0.9982694733181064,0.10300896163141807,1055,30,0.75,39,2.8461538461538463,1.205128205128205,31.425,6535,,,,,,,,,,,,,,,,,,,,,,,,,,,
148,A,participants_only,,,30,30,0,0,22,8,0.4776073779043836,0.23112009916350273,0.9982694733181064,0.12279567446922598,1055,30,1.0,39,2.8461538461538463,1.205128205128205,25.233333333333334,6535,,,,,,,,,,,,,,,,,,,,,,,,,,,
148,A,nonparticipants_only,,,10,0,10,0,0,0,0.23798710196848574,0.23070320539517963,0.29361395092993586,0.0005854156382974614,0,0,0.0,0,0.0,0.0,50.0,0,,,,,,,,,,,,,,,,,,,,,,,,,,,
148,A,step_totals,,,,,,,,,,,,,,,,,,,,,68.70000000000007,11.5,0.1673944687045122,,,0.0,0.0,47.0,0.6841339155749628,0.004446837179621244,0.1702127659574468,0.0,0,8,17,41,23,,26,47,4.200000000000001,0.06113537117903925,6.000000000000003,0.08733624454148466,21,30,31
149,A,all_agents,,,40,30,10,0,22,8,0.41790781996306975,0.23105743860001113,0.9983386943853821,0.10342989286467148,1065,30,0.75,39,2.8461538461538463,1.205128205128205,31.225,6588,,,,,,,,,,,,,,,,,,,,,,,,,,,
149,A,participants_only,,,30,30,0,0,22,8,0.47778760031546696,0.23105743860001113,0.9983386943853821,0.12337117089548438,1065,30,1.0,39,2.8461538461538463,1.205128205128205,24.966666666666665,6588,,,,,,,,,,,,,,,,,,,,,,,,,,,
149,A,nonparticipants_only,,,10,0,10,0,0,0,0.2382684789058783,0.23117396590043415,0.29428518838534695,0.0005790016316168324,0,0,0.0,0,0.0,0.0,50.0,0,,,,,,,,,,,,,,,,,,,,,,,,,,,
149,A,step_totals,,,,,,,,,,,,,,,,,,,,,71.50000000000006,7.5,0.10489510489510481,,,0.0,0.0,55.0,0.7692307692307686,0.003911795926350816,0.18181818181818182,0.0,0,10,25,13,15,,19,55,3.0000000000000004,0.04195804195804193,6.000000000000003,0.08391608391608389,15,30,17
150,A,all_agents,,,40,30,10,0,22,8,0.41807996228911765,0.23099023525105405,0.9984051466099668,0.10343055774234362,1074,30,0.75,39,2.8461538461538463,1.205128205128205,31.425,6634,,,,,,,,,,,,,,,,,,,,,,,,,,,
150,A,participants_only,,,30,30,0,0,22,8,0.477923933778557,0.23099023525105405,0.9984051466099668,0.12339112748804747,1074,30,1.0,39,2.8461538461538463,1.205128205128205,25.233333333333334,6634,,,,,,,,,,,,,,,,,,,,,,,,,,,
150,A,nonparticipants_only,,,10,0,10,0,0,0,0.23854804782079952,0.23101902428984056,0.29455476956579196,0.0005732374216860784,0,0,0.0,0,0.0,0.0,50.0,0,,,,,,,,,,,,,,,,,,,,,,,,,,,
150,A,step_totals,,,,,,,,,,,,,,,,,,,,,68.70000000000006,11.5,0.16739446870451222,,,0.0,0.0,47.0,0.6841339155749631,0.004332557851534116,0.19148936170212766,0.0,0,9,17,41,23,,26,47,4.200000000000001,0.06113537117903926,6.000000000000003,0.08733624454148468,21,30,31
150,A,reachability,0.25,0.0,,,,,,,,,,,,,,,,,,,,,,,,,,,,,,,,,,,,,,,,,,,,,
151,A,all_agents,,,40,30,10,0,22,8,0.4182796362343733,0.23077788330111904,0.9984689407455681,0.10384686527146031,1079,30,0.75,39,2.8461538461538463,1.205128205128205,31.225,6688,,,,,,,,,,,,,,,,,,,,,,,,,,,
151,A,participants_only,,,30,30,0,0,22,8,0.47809747467666786,0.23064307695288272,0.9984689407455681,0.1239607656325873,1079,30,1.0,39,2.8461538461538463,1.205128205128205,24.966666666666665,6688,,,,,,,,,,,,,,,,,,,,,,,,,,,
151,A,nonparticipants_only,,,10,0,10,0,0,0,0.23882612090748948,0.23102420743530086,0.2937050264322824,0.0005670786371778459,0,0,0.0,0,0.0,0.0,50.0,0,,,,,,,,,,,,,,,,,,,,,,,,,,,
151,A,step_totals,,,,,,,,,,,,,,,,,,,,,71.50000000000006,7.5,0.10489510489510481,,,0.0,0.0,55.0,0.7692307692307686,0.0038938118849493704,0.09090909090909091,0.0,0,5,25,13,15,,19,55,3.0000000000000004,0.04195804195804193,6.000000000000003,0.08391608391608389,15,30,17
152,A,all_agents,,,40,30,10,0,22,8,0.41846484593350103,0.2305477529363756,0.9985301831157454,0.10385804803144745,1088,30,0.75,39,2.8461538461538463,1.205128205128205,31.425,6734,,,,,,,,,,,,,,,,,,,,,,,,,,,
152,A,participants_only,,,30,30,0,0,22,8,0.47825221460285505,0.23033673632238724,0.9985301831157454,0.12399247485959332,1088,30,1.0,39,2.8461538461538463,1.205128205128205,25.233333333333334,6734,,,,,,,,,,,,,,,,,,,,,,,,,,,
152,A,nonparticipants_only,,,10,0,10,0,0,0,0.2391027399254387,0.23094618711901335,0.2935705957946789,0.0005604141181466784,0,0,0.0,0,0.0,0.0,50.0,0,,,,,,,,,,,,,,,,,,,,,,,,,,,
152,A,step_totals,,,,,,,,,,,,,,,,,,,,,68.70000000000006,11.5,0.16739446870451222,,,0.0,0.0,47.0,0.6841339155749631,0.004381324016706616,0.19148936170212766,0.0,0,9,17,41,23,,26,47,4.200000000000001,0.06113537117903926,6.000000000000003,0.08733624454148468,21,30,31
153,A,all_agents,,,40,30,10,0,22,8,0.41867065583105867,0.23092364313791716,0.9985889757911156,0.10428111864165192,1096,30,0.75,39,2.8461538461538463,1.205128205128205,31.225,6789,,,,,,,,,,,,,,,,,,,,,,,,,,,
153,A,participants_only,,,30,30,0,0,22,8,0.47843489114166154,0.23039741906243538,0.9985889757911156,0.1245700707239326,1096,30,1.0,39,2.8461538461538463,1.205128205128205,24.966666666666665,6789,,,,,,,,,,,,,,,,,,,,,,,,,,,
153,A,nonparticipants_only,,,10,0,10,0,0,0,0.23937794989925004,0.23209282324733102,0.2938049628026245,0.0005530965276765057,0,0,0.0,0,0.0,0.0,50.0,0,,,,,,,,,,,,,,,,,,,,,,,,,,,
153,A,step_totals,,,,,,,,,,,,,,,,,,,,,71.50000000000007,7.5,0.10489510489510478,,,0.0,0.0,55.0,0.7692307692307685,0.0039167447856533,0.14545454545454545,0.0,0,8,25,13,15,,19,55,3.0000000000000004,0.041958041958041925,6.000000000000003,0.08391608391608386,15,30,17
154,A,all_agents,,,40,30,10,0,22,8,0.418845798990267,0.23122357278709607,0.9986454167594709,0.10428513636317444,1109,30,0.75,39,2.8461538461538463,1.205128205128205,31.425,6835,,,,,,,,,,,,,,,,,,,,,,,,,,,
154,A,participants_only,,,30,30,0,0,22,8,0.4785772358457248,0.23094596365437237,0.9986454167594709,0.12459343594224856,1109,30,1.0,39,2.8461538461538463,1.205128205128205,25.233333333333334,6835,,,,,,,,,,,,,,,,,,,,,,,,,,,
154,A,nonparticipants_only,,,10,0,10,0,0,0,0.2396514884238938,0.23261932703444943,0.29348317314817124,0.0005461030401416476,0,0,0.0,0,0.0,0.0,50.0,0,,,,,,,,,,,,,,,,,,,,,,,,,,,
154,A,step_totals,,,,,,,,,,,,,,,,,,,,,68.70000000000006,11.5,0.16739446870451222,,,0.0,0.0,47.0,0.6841339155749631,0.004348614370210554,0.2765957446808511,0.0,0,13,17,41,23,,26,47,4.200000000000001,0.06113537117903926,6.000000000000003,0.08733624454148468,21,30,31
155,A,all_agents,,,40,30,10,0,22,8,0.41904054190935275,0.23136850135210757,0.9986996000890921,0.10470097825305924,1112,30,0.75,39,2.8461538461538463,1.205128205128205,31.225,6890,,,,,,,,,,,,,,,,,,,,,,,,,,,
155,A,participants_only,,,30,30,0,0,22,8,0.478746336943747,0.2305559385123377,0.9986996000890921,0.12516213148104668,1112,30,1.0,39,2.8461538461538463,1.205128205128205,24.966666666666665,6890,,,,,,,,,,,,,,,,,,,,,,,,,,,
155,A,nonparticipants_only,,,10,0,10,0,0,0,0.23992315680616969,0.23307384454426025,0.29413125040469523,0.0005401350408275869,0,0,0.0,0,0.0,0.0,50.0,0,,,,,,,,,,,,,,,,,,,,,,,,,,,
155,A,step_totals,,,,,,,,,,,,,,,,,,,,,71.50000000000006,7.5,0.10489510489510481,,,0.0,0.0,55.0,0.7692307692307686,0.003880726278410282,0.05454545454545454,0.0,0,3,25,13,15,,19,55,3.0000000000000004,0.04195804195804193,6.000000000000003,0.08391608391608389,15,30,17
156,A,all_agents,,,40,30,10,0,22,8,0.41917456489176713,0.23155505238810287,0.9987516160855284,0.10467785844998084,1114,30,0.75,39,2.8461538461538463,1.205128205128205,31.425,6936,,,,,,,,,,,,,,,,,,,,,,,,,,,
156,A,participants_only,,,30,30,0,0,22,8,0.4788350600058557,0.23064806609583954,0.9987516160855284,0.12515471537809797,1114,30,1.0,39,2.8461538461538463,1.205128205128205,25.233333333333334,6936,,,,,,,,,,,,,,,,,,,,,,,,,,,
156,A,nonparticipants_only,,,10,0,10,0,0,0,0.24019307954950134,0.23292424899784753,0.2943915300276885,0.0005347915385312094,0,0,0.0,0,0.0,0.0,50.0,0,,,,,,,,,,,,,,,,,,,,,,,,,,,
156,A,step_totals,,,,,,,,,,,,,,,,,,,,,68.70000000000005,11.5,0.16739446870451227,,,0.0,0.0,47.0,0.6841339155749632,0.004206754176484157,0.0425531914893617,0.0,0,2,17,41,23,,26,47,4.200000000000001,0.06113537117903928,6.000000000000003,0.0873362445414847,21,30,31
