step,condition,population,skill_reachability,resource_reachability,n_agents,maker_count,stage_consumer,stage_customizer,stage_maker,stage_advanced_maker,skill_mean,skill_median,skill_max,skill_var,method_count_total,method_holders,method_adoption_rate,method_peer_held,knowledge_diffusion_lag_mean,hop_count_mean,latent_distributed_resources,completed_projects_total,time_total,time_observe,time_share_observe,time_make,time_share_make,time_practice,time_share_practice,time_idle,time_share_idle,skill_gain_per_time,method_self_discovery_per_time,method_peer_acquisition_per_time,peer_acquired_count,self_discovered_count,reject_time_budget_exceeded,reject_missing_asset,count_observe,count_make,count_practice,count_idle,time_ask,time_share_ask,time_share,time_share_share,count_ask,count_share,reject_insufficient_material
0,C,reachability,0.675,0.0,,,,,,,,,,,,,,,,,,,,,,,,,,,,,,,,,,,,,,,,,,,,,
1,C,all_agents,,,40,0,15,25,0,0,0.17174181139502023,0.15486028185926132,0.703806889395482,0.0131047579845198,6,5,0.125,0,0.0,0.0,26.1,30,,,,,,,,,,,,,,,,,,,,,,,,,,,
1,C,participants_only,,,30,0,5,25,0,0,0.17635687063127686,0.15769651266871765,0.703806889395482,0.014271912024800009,6,5,0.16666666666666666,0,0.0,0.0,24.8,30,,,,,,,,,,,,,,,,,,,,,,,,,,,
1,C,nonparticipants_only,,,10,0,10,0,0,0,0.15789663368625023,0.14345107581329203,0.4355221934548329,0.009347710602629278,0,0,0.0,0,0.0,0.0,30.0,0,,,,,,,,,,,,,,,,,,,,,,,,,,,
1,C,step_totals,,,,,,,,,,,,,,,,,,,,,84.0,4.000000000000002,0.04761904761904764,60.0,0.7142857142857143,20.0,0.23809523809523808,0.0,0.0,0.018339667615389105,0.1,0.0,0,6,30,23,40,60,40,35,,,,,,,
2,C,all_agents,,,40,4,13,23,4,0,0.1776999666734625,0.15898635722563903,0.7156546138196627,0.01317455887116841,8,7,0.175,0,0.0,0.0,27.2,62,,,,,,,,,,,,,,,,,,,,,,,,,,,
2,C,participants_only,,,30,4,3,23,4,0,0.18402302375652732,0.16444945518344872,0.7156546138196627,0.014431558151498557,8,7,0.23333333333333334,0,0.0,0.0,24.6,62,,,,,,,,,,,,,,,,,,,,,,,,,,,
2,C,nonparticipants_only,,,10,0,10,0,0,0,0.15873079542426802,0.14273382043422556,0.43334458248755875,0.008923788419669607,0,0,0.0,0,0.0,0.0,35.0,0,,,,,,,,,,,,,,,,,,,,,,,,,,,
2,C,step_totals,,,,,,,,,,,,,,,,,,,,,88.80000000000001,4.000000000000002,0.04504504504504506,60.0,0.6756756756756755,20.0,0.2252252252252252,0.0,0.0,0.01758571058580416,0.03333333333333333,0.0,0,2,19,22,40,60,40,35,3.800000000000001,0.0427927927927928,1.0,0.011261261261261259,19,5,
3,C,all_agents,,,40,7,11,22,7,0,0.18311669084708948,0.16413467826657308,0.7270284292668762,0.013389747237412737,9,7,0.175,0,0.0,0.0,28.75,90,,,,,,,,,,,,,,,,,,,,,,,,,,,
3,C,participants_only,,,30,7,1,22,7,0,0.1909707171709009,0.1658054416577793,0.7270284292668762,0.014764101339436545,9,7,0.23333333333333334,0,0.0,0.0,25.0,90,,,,,,,,,,,,,,,,,,,,,,,,,,,
3,C,nonparticipants_only,,,10,0,10,0,0,0,0.1595546118756553,0.14202015133205442,0.43117785957512095,0.00852645617739985,0,0,0.0,0,0.0,0.0,40.0,0,,,,,,,,,,,,,,,,,,,,,,,,,,,
3,C,step_totals,,,,,,,,,,,,,,,,,,,,,89.10000000000001,3.900000000000002,0.043771043771043794,60.0,0.6734006734006733,20.0,0.22446689113355778,0.0,0.0,0.01605365181574055,0.016666666666666666,0.0,0,1,18,20,39,60,40,34,3.800000000000001,0.04264870931537599,1.4,0.015712682379349044,19,7,
4,C,all_agents,,,40,8,11,21,8,0,0.1883428001691698,0.16563425865640008,0.7233932871205417,0.013418341371487093,12,9,0.225,0,0.0,0.0,30.4,116,,,,,,,,,,,,,,,,,,,,,,,,,,,
4,C,participants_only,,,30,8,1,21,8,0,0.19766748284155142,0.17012599312149407,0.7233932871205417,0.01482571362752808,12,9,0.3,0,0.0,0.0,25.533333333333335,116,,,,,,,,,,,,,,,,,,,,,,,,,,,
4,C,nonparticipants_only,,,10,0,10,0,0,0,0.16036875215202498,0.14131005057539414,0.42902197027724537,0.008152828120076762,0,0,0.0,0,0.0,0.0,45.0,0,,,,,,,,,,,,,,,,,,,,,,,,,,,
4,C,step_totals,,,,,,,,,,,,,,,,,,,,,89.80000000000001,4.000000000000002,0.04454342984409801,59.0,0.6570155902004453,20.0,0.22271714922048996,0.0,0.0,0.015593415959606435,0.05084745762711865,0.0,0,3,8,28,40,59,40,38,5.400000000000002,0.06013363028953231,1.4,0.015590200445434296,27,7,18
5,C,all_agents,,,40,8,10,22,8,0,0.19323175325035774,0.16867291103238746,0.719776320684939,0.013340713197520108,16,13,0.325,0,0.0,0.0,32.25,139,,,,,,,,,,,,,,,,,,,,,,,,,,,
5,C,participants_only,,,30,8,0,22,8,0,0.2039178123617946,0.17906015741810918,0.719776320684939,0.014730437770507136,16,13,0.43333333333333335,0,0.0,0.0,26.333333333333332,139,,,,,,,,,,,,,,,,,,,,,,,,,,,
5,C,nonparticipants_only,,,10,0,10,0,0,0,0.1611735759160472,0.14060350032251717,0.42687686042585915,0.007801237166561556,0,0,0.0,0,0.0,0.0,50.0,0,,,,,,,,,,,,,,,,,,,,,,,,,,,
5,C,step_totals,,,,,,,,,,,,,,,,,,,,,88.60000000000004,3.700000000000002,0.0417607223476298,58.0,0.6546275395033857,19.5,0.22009029345372452,0.0,0.0,0.014919263234701186,0.06896551724137931,0.0,0,4,7,26,37,58,39,37,5.600000000000002,0.06320541760722348,1.7999999999999998,0.020316027088036107,28,9,23
6,C,all_agents,,,40,8,10,22,8,0,0.19843341219865435,0.1686044108614125,0.7161774390815143,0.013325482178846658,22,17,0.425,0,0.0,0.0,32.475,168,,,,,,,,,,,,,,,,,,,,,,,,,,,
6,C,participants_only,,,30,8,0,22,8,0,0.21058782265052384,0.18472972980200547,0.7161774390815143,0.014687324705553435,22,17,0.5666666666666667,0,0.0,0.0,26.633333333333333,168,,,,,,,,,,,,,,,,,,,,,,,,,,,
6,C,nonparticipants_only,,,10,0,10,0,0,0,0.1619701808430459,0.13990048282090461,0.42474247612372984,0.007467198277536154,0,0,0.0,0,0.0,0.0,50.0,0,,,,,,,,,,,,,,,,,,,,,,,,,,,
6,C,step_totals,,,,,,,,,,,,,,,,,,,,,83.40000000000005,3.4000000000000017,0.040767386091127095,51.0,0.6115107913669061,20.0,0.2398081534772181,0.0,0.0,0.016842637546671452,0.11764705882352941,0.0,0,6,5,33,34,51,40,40,6.400000000000003,0.07673860911270983,2.6,0.031175059952038352,32,13,31
7,C,all_agents,,,40,10,10,20,10,0,0.20358611317216713,0.17535604359031942,0.7125965518861067,0.013463562914732555,26,18,0.45,0,0.0,0.0,32.475,195,,,,,,,,,,,,,,,,,,,,,,,,,,,
7,C,participants_only,,,30,10,0,20,10,0,0.21719548963688137,0.1874845855784148,0.7125965518861067,0.014826214108536519,26,18,0.6,0,0.0,0.0,26.633333333333333,195,,,,,,,,,,,,,,,,,,,,,,,,,,,
7,C,nonparticipants_only,,,10,0,10,0,0,0,0.16275798377802436,0.13920098040680007,0.4226187637431112,0.007153027800220848,0,0,0.0,0,0.0,0.0,50.0,0,,,,,,,,,,,,,,,,,,,,,,,,,,,
7,C,step_totals,,,,,,,,,,,,,,,,,,,,,88.80000000000008,0.6,0.00675675675675675,59.0,0.6644144144144138,20.0,0.225225225225225,0.0,0.0,0.015600354716167103,0.06779661016949153,0.0,0,4,17,27,6,59,40,38,6.000000000000003,0.06756756756756753,3.2000000000000006,0.03603603603603601,30,16,28
8,C,all_agents,,,40,9,10,21,9,0,0.20843231299534973,0.17860732401069424,0.7090335691266761,0.0135962706297482,31,20,0.5,0,0.0,0.0,32.75,221,,,,,,,,,,,,,,,,,,,,,,,,,,,
8,C,participants_only,,,30,9,0,21,9,0,0.22339679530568807,0.18954846347403856,0.7090335691266761,0.014948894438764689,31,20,0.6666666666666666,0,0.0,0.0,27.0,221,,,,,,,,,,,,,,,,,,,,,,,,,,,
8,C,nonparticipants_only,,,10,0,10,0,0,0,0.16353886606433463,0.13850497550476606,0.42050566992439564,0.006851170432901582,0,0,0.0,0,0.0,0.0,50.0,0,,,,,,,,,,,,,,,,,,,,,,,,,,,
8,C,step_totals,,,,,,,,,,,,,,,,,,,,,85.60000000000008,0.2,0.002336448598130839,55.0,0.6425233644859807,20.0,0.2336448598130839,0.0,0.0,0.015399308144511197,0.09090909090909091,0.0,0,5,14,39,2,55,40,40,6.800000000000003,0.07943925233644857,3.600000000000001,0.04205607476635511,34,18,35
9,C,all_agents,,,40,9,10,21,9,0,0.2129189766619849,0.18338804853905616,0.7054884012810427,0.01395065966150743,38,22,0.55,0,0.0,0.0,32.55,244,,,,,,,,,,,,,,,,,,,,,,,,,,,
9,C,participants_only,,,30,9,0,21,9,0,0.22912116643493718,0.1924788586212154,0.7054884012810427,0.015363044177423225,38,22,0.7333333333333333,0,0.0,0.0,26.733333333333334,244,,,,,,,,,,,,,,,,,,,,,,,,,,,
9,C,nonparticipants_only,,,10,0,10,0,0,0,0.16431240734312808,0.13935202265488644,0.41840314157477365,0.006563374672494936,0,0,0.0,0,0.0,0.0,50.0,0,,,,,,,,,,,,,,,,,,,,,,,,,,,
9,C,step_totals,,,,,,,,,,,,,,,,,,,,,89.40000000000008,0.2,0.002237136465324383,59.0,0.6599552572706929,20.0,0.22371364653243828,0.0,0.0,0.013724185877173226,0.11864406779661017,0.0,0,7,14,27,2,59,40,38,6.400000000000003,0.07158836689038028,3.800000000000001,0.04250559284116329,32,19,34
10,C,all_agents,,,40,11,10,19,11,0,0.21776797160503183,0.18642387091416113,0.717268865229801,0.014448238097874279,42,24,0.6,0,0.0,0.0,32.375,274,,,,,,,,,,,,,,,,,,,,,,,,,,,
10,C,participants_only,,,30,11,0,19,11,0,0.23533106270763673,0.19691352522483652,0.717268865229801,0.015934044133978528,42,24,0.8,0,0.0,0.0,26.5,274,,,,,,,,,,,,,,,,,,,,,,,,,,,
10,C,nonparticipants_only,,,10,0,10,0,0,0,0.16507869829721716,0.13948516920608123,0.4163111258668998,0.006289273960620747,0,0,0.0,0,0.0,0.0,50.0,0,,,,,,,,,,,,,,,,,,,,,,,,,,,
10,C,step_totals,,,,,,,,,,,,,,,,,,,,,86.1000000000001,,,56.0,0.65040650406504,19.5,0.22648083623693355,0.0,0.0,0.015265708214573698,0.07142857142857142,0.0,0,4,12,38,,56,39,38,6.400000000000003,0.07433217189314746,4.200000000000001,0.04878048780487801,32,21,29
10,C,reachability,0.425,0.0,,,,,,,,,,,,,,,,,,,,,,,,,,,,,,,,,,,,,,,,,,,,,
11,C,all_agents,,,40,13,10,17,13,0,0.2229832817968684,0.18645554325422806,0.713682520903652,0.015015128857212899,51,24,0.6,0,0.0,0.0,32.1,307,,,,,,,,,,,,,,,,,,,,,,,,,,,
11,C,participants_only,,,30,13,0,17,13,0,0.24203159774316804,0.19814747346742673,0.713682520903652,0.0165599919810437,51,24,0.8,0,0.0,0.0,26.133333333333333,307,,,,,,,,,,,,,,,,,,,,,,,,,,,
11,C,nonparticipants_only,,,10,0,10,0,0,0,0.16583833395796965,0.14076887475755623,0.4142295702375653,0.006026479401039878,0,0,0.0,0,0.0,0.0,50.0,0,,,,,,,,,,,,,,,,,,,,,,,,,,,
11,C,step_totals,,,,,,,,,,,,,,,,,,,,,89.8000000000001,,,59.0,0.6570155902004448,20.0,0.22271714922048974,0.0,0.0,0.015617398925608286,0.15254237288135594,0.0,0,9,13,26,,59,40,38,6.200000000000003,0.06904231625835185,4.600000000000001,0.05122494432071265,31,23,33
12,C,all_agents,,,40,13,10,17,13,0,0.2274026857159514,0.1900966880217866,0.725135220067506,0.015629447228552664,53,24,0.6,0,0.0,0.0,32.15,337,,,,,,,,,,,,,,,,,,,,,,,,,,,
12,C,participants_only,,,30,13,0,17,13,0,0.24767300849713744,0.2059021521763238,0.725135220067506,0.017271226293879675,53,24,0.8,0,0.0,0.0,26.2,337,,,,,,,,,,,,,,,,,,,,,,,,,,,
12,C,nonparticipants_only,,,10,0,10,0,0,0,0.16659171737239337,0.14472583120561505,0.41215842238637745,0.005773478204729998,0,0,0.0,0,0.0,0.0,50.0,0,,,,,,,,,,,,,,,,,,,,,,,,,,,
12,C,step_totals,,,,,,,,,,,,,,,,,,,,,80.70000000000009,,,50.0,0.6195786864931839,19.5,0.24163568773234173,0.0,0.0,0.015116758240941457,0.04,0.0,0,2,10,50,,50,39,38,6.600000000000003,0.08178438661710032,4.600000000000001,0.05700123915737294,33,23,36
13,C,all_agents,,,40,14,10,16,14,0,0.23194688370248132,0.19190028589844027,0.7215095439671685,0.01627367905870111,58,24,0.6,0,0.0,0.0,31.825,365,,,,,,,,,,,,,,,,,,,,,,,,,,,
13,C,participants_only,,,30,14,0,16,14,0,0.2534832722698176,0.21049330413610623,0.7215095439671685,0.01799806557502565,58,24,0.8,0,0.0,0.0,25.766666666666666,365,,,,,,,,,,,,,,,,,,,,,,,,,,,
13,C,nonparticipants_only,,,10,0,10,0,0,0,0.16733771800047256,0.1464483704283382,0.41009763027444557,0.005534727119447984,0,0,0.0,0,0.0,0.0,50.0,0,,,,,,,,,,,,,,,,,,,,,,,,,,,
13,C,step_totals,,,,,,,,,,,,,,,,,,,,,90.00000000000009,,,59.0,0.6555555555555549,20.0,0.22222222222222202,0.0,0.0,0.013802718833122554,0.0847457627118644,0.0,0,5,13,25,,59,40,38,6.400000000000003,0.07111111111111108,4.600000000000001,0.05111111111111108,32,23,33
14,C,all_agents,,,40,17,10,13,16,1,0.23663360069989692,0.19223221194559734,0.7326491622084818,0.017121958524172493,61,24,0.6,0,0.0,0.0,31.9,401,,,,,,,,,,,,,,,,,,,,,,,,,,,
14,C,participants_only,,,30,17,0,13,16,1,0.2594856695290344,0.2140748644568775,0.7326491622084818,0.018971742690506277,61,24,0.8,0,0.0,0.0,25.866666666666667,401,,,,,,,,,,,,,,,,,,,,,,,,,,,
14,C,nonparticipants_only,,,10,0,10,0,0,0,0.16807739421248455,0.15010625984084147,0.40804714212307336,0.005306001427911507,0,0,0.0,0,0.0,0.0,50.0,0,,,,,,,,,,,,,,,,,,,,,,,,,,,
14,C,step_totals,,,,,,,,,,,,,,,,,,,,,80.30000000000008,,,50.0,0.6226650062266494,19.5,0.24283935242839327,0.0,0.0,0.016017598245793935,0.06,0.0,0,3,11,49,,50,39,37,6.200000000000003,0.07721046077210457,4.600000000000001,0.057285180572851764,31,23,35
15,C,all_agents,,,40,20,10,10,19,1,0.24124468372644597,0.1925445601736931,0.7289859163974394,0.01785470763279974,67,25,0.625,0,0.0,0.0,31.575,432,,,,,,,,,,,,,,,,,,,,,,,,,,,
15,C,participants_only,,,30,20,0,10,19,1,0.26538933601289877,0.22088636715224885,0.7289859163974394,0.019778604966433258,67,25,0.8333333333333334,0,0.0,0.0,25.433333333333334,432,,,,,,,,,,,,,,,,,,,,,,,,,,,
15,C,nonparticipants_only,,,10,0,10,0,0,0,0.16881072686708753,0.15222346769067674,0.406006906412458,0.005087444823494656,0,0,0.0,0,0.0,0.0,50.0,0,,,,,,,,,,,,,,,,,,,,,,,,,,,
15,C,step_totals,,,,,,,,,,,,,,,,,,,,,90.40000000000009,,,59.0,0.6526548672566365,20.0,0.22123893805309713,0.0,0.0,0.01395659670172692,0.1016949152542373,0.0,0,6,12,26,,59,40,38,6.600000000000003,0.07300884955752208,4.800000000000002,0.05309734513274333,33,24,36
16,C,all_agents,,,40,22,10,8,21,1,0.24557018259955143,0.19209005551903757,0.7398264797415418,0.018801429332226404,73,26,0.65,0,0.0,0.0,31.75,467,,,,,,,,,,,,,,,,,,,,,,,,,,,
16,C,participants_only,,,30,22,0,8,21,1,0.27091431121871895,0.22217814249812123,0.7398264797415418,0.020873022362236253,73,26,0.8666666666666667,0,0.0,0.0,25.666666666666668,467,,,,,,,,,,,,,,,,,,,,,,,,,,,
16,C,nonparticipants_only,,,10,0,10,0,0,0,0.16953779674204877,0.1542858666844148,0.4039768718803957,0.004878751976617968,0,0,0.0,0,0.0,0.0,50.0,0,,,,,,,,,,,,,,,,,,,,,,,,,,,
16,C,step_totals,,,,,,,,,,,,,,,,,,,,,79.10000000000008,,,49.0,0.619469026548672,19.5,0.24652338811630822,0.0,0.0,0.015193075985407034,0.12244897959183673,0.0,0,6,13,51,,49,39,37,5.600000000000002,0.07079646017699111,5.000000000000002,0.06321112515802778,28,25,36
17,C,all_agents,,,40,24,10,6,24,0,0.25028815784303604,0.19776036659752744,0.7361273473428341,0.01975928932267131,77,26,0.65,0,0.0,0.0,31.525,503,,,,,,,,,,,,,,,,,,,,,,,,,,,
17,C,participants_only,,,30,24,0,6,24,0,0.2769648703864204,0.22525876286189486,0.7361273473428341,0.02193839570471254,77,26,0.8666666666666667,0,0.0,0.0,25.366666666666667,503,,,,,,,,,,,,,,,,,,,,,,,,,,,
17,C,nonparticipants_only,,,10,0,10,0,0,0,0.1702580202128828,0.15757898872202802,0.40195698752099374,0.004682206271079263,0,0,0.0,0,0.0,0.0,50.0,0,,,,,,,,,,,,,,,,,,,,,,,,,,,
17,C,step_totals,,,,,,,,,,,,,,,,,,,,,89.6000000000001,,,58.0,0.6473214285714279,20.0,0.22321428571428548,0.0,0.0,0.014396944115489703,0.06896551724137931,0.0,0,4,10,27,,58,40,38,6.400000000000003,0.07142857142857138,5.200000000000002,0.058035714285714246,32,26,37
18,C,all_agents,,,40,26,10,4,26,0,0.25463736948090304,0.1984332653580354,0.7466822534491208,0.02077841025060736,85,26,0.65,0,0.0,0.0,31.725,541,,,,,,,,,,,,,,,,,,,,,,,,,,,
18,C,participants_only,,,30,26,0,4,26,0,0.2825255952298583,0.22413246904758538,0.7466822534491208,0.02309592804196613,85,26,0.8666666666666667,0,0.0,0.0,25.633333333333333,541,,,,,,,,,,,,,,,,,,,,,,,,,,,
18,C,nonparticipants_only,,,10,0,10,0,0,0,0.1709726922340372,0.15810103526729374,0.3999472025833888,0.004492819251434727,0,0,0.0,0,0.0,0.0,50.0,0,,,,,,,,,,,,,,,,,,,,,,,,,,,
18,C,step_totals,,,,,,,,,,,,,,,,,,,,,79.00000000000007,,,49.0,0.6202531645569614,19.0,0.24050632911392383,0.0,0.0,0.015330041641077088,0.16326530612244897,0.0,0,8,12,51,,49,38,36,5.8000000000000025,0.0734177215189873,5.200000000000002,0.06582278481012654,29,26,34
19,C,all_agents,,,40,27,10,3,27,0,0.25935543342240625,0.20612135968422518,0.7429488421818752,0.021846642380260642,90,27,0.675,0,0.0,0.0,31.5,580,,,,,,,,,,,,,,,,,,,,,,,,,,,
19,C,participants_only,,,30,27,0,3,27,0,0.28858030050921507,0.23020184500855523,0.7429488421818752,0.024274360646868207,90,27,0.9,0,0.0,0.0,25.333333333333332,580,,,,,,,,,,,,,,,,,,,,,,,,,,,
19,C,nonparticipants_only,,,10,0,10,0,0,0,0.1716808321619798,0.15872687885565767,0.39794746657047186,0.004314373305538253,0,0,0.0,0,0.0,0.0,50.0,0,,,,,,,,,,,,,,,,,,,,,,,,,,,
19,C,step_totals,,,,,,,,,,,,,,,,,,,,,89.6000000000001,,,58.0,0.6473214285714279,20.0,0.22321428571428548,0.0,0.0,0.0144030820940185,0.08620689655172414,0.0,0,5,10,27,,58,40,38,6.400000000000003,0.07142857142857138,5.200000000000002,0.058035714285714246,32,26,37
20,C,all_agents,,,40,28,10,2,28,0,0.2637114860899388,0.20612051775852058,0.7532308884946002,0.02300122072242557,97,28,0.7,0,0.0,0.0,31.7,622,,,,,,,,,,,,,,,,,,,,,,,,,,,
20,C,participants_only,,,30,28,0,2,28,0,0.29415404116871835,0.2305157968262309,0.7532308884946002,0.02558075828896423,97,28,0.9333333333333333,0,0.0,0.0,25.6,622,,,,,,,,,,,,,,,,,,,,,,,,,,,
20,C,nonparticipants_only,,,10,0,10,0,0,0,0.1723838208536,0.15958574755894067,0.3959577292376195,0.004141618106115238,0,0,0.0,0,0.0,0.0,50.0,0,,,,,,,,,,,,,,,,,,,,,,,,,,,
20,C,step_totals,,,,,,,,,,,,,,,,,,,,,78.00000000000009,,,49.0,0.6282051282051275,18.0,0.2307692307692305,0.0,0.0,0.015593915024288755,0.14285714285714285,0.0,0,7,13,50,,49,36,34,5.600000000000002,0.07179487179487175,5.400000000000002,0.06923076923076918,28,27,33
20,C,reachability,0.225,0.0,,,,,,,,,,,,,,,,,,,,,,,,,,,,,,,,,,,,,,,,,,,,,
21,C,all_agents,,,40,29,10,1,29,0,0.2681400741257659,0.21072308146972163,0.7540530096498352,0.0241299977496679,104,28,0.7,0,0.0,0.0,31.475,661,,,,,,,,,,,,,,,,,,,,,,,,,,,
21,C,participants_only,,,30,29,0,1,29,0,0.2998265413035321,0.2387788026881718,0.7540530096498352,0.026831093981835516,104,28,0.9333333333333333,0,0.0,0.0,25.3,661,,,,,,,,,,,,,,,,,,,,,,,,,,,
21,C,nonparticipants_only,,,10,0,10,0,0,0,0.1730806725924673,0.1609696267854464,0.39397794059143143,0.003978322626673202,0,0,0.0,0,0.0,0.0,50.0,0,,,,,,,,,,,,,,,,,,,,,,,,,,,
21,C,step_totals,,,,,,,,,,,,,,,,,,,,,89.3000000000001,,,58.0,0.649496080627099,19.5,0.21836506159014535,0.0,0.0,0.013727868629596681,0.1206896551724138,0.0,0,7,10,25,,58,39,37,6.200000000000003,0.06942889137737958,5.600000000000002,0.0627099664053751,31,28,37
22,C,all_agents,,,40,29,10,1,29,0,0.27169254310176055,0.21093591577780046,0.7638908892638419,0.0252559141891029,108,28,0.7,0,0.0,0.0,31.7,696,,,,,,,,,,,,,,,,,,,,,,,,,,,
22,C,participants_only,,,30,29,0,1,29,0,0.3043325500413027,0.23833028293170597,0.7638908892638419,0.028139638641033644,108,28,0.9333333333333333,0,0.0,0.0,25.6,696,,,,,,,,,,,,,,,,,,,,,,,,,,,
22,C,nonparticipants_only,,,10,0,10,0,0,0,0.17377252228313403,0.1627986574011858,0.3920080508884743,0.0038203001971503364,0,0,0.0,0,0.0,0.0,50.0,0,,,,,,,,,,,,,,,,,,,,,,,,,,,
22,C,step_totals,,,,,,,,,,,,,,,,,,,,,78.40000000000009,,,49.0,0.6249999999999992,18.0,0.2295918367346936,0.0,0.0,0.013084771083480965,0.08163265306122448,0.0,0,4,12,50,,49,36,34,5.8000000000000025,0.07397959183673464,5.600000000000002,0.07142857142857137,29,28,33
23,C,all_agents,,,40,30,10,0,30,0,0.27544699797574057,0.21313272715348255,0.7733352536932881,0.026310660573337998,110,28,0.7,0,0.0,0.0,31.475,729,,,,,,,,,,,,,,,,,,,,,,,,,,,
23,C,participants_only,,,30,30,0,0,30,0,0.3091096615354384,0.23795129877634916,0.7733352536932881,0.029325239014784007,110,28,0.9333333333333333,0,0.0,0.0,25.3,729,,,,,,,,,,,,,,,,,,,,,,,,,,,
23,C,nonparticipants_only,,,10,0,10,0,0,0,0.17445900729664704,0.16440673978582282,0.39004801063403194,0.0036688262337990613,0,0,0.0,0,0.0,0.0,50.0,0,,,,,,,,,,,,,,,,,,,,,,,,,,,
23,C,step_totals,,,,,,,,,,,,,,,,,,,,,89.30000000000011,,,58.0,0.6494960806270988,19.5,0.2183650615901453,0.0,0.0,0.01192440912612767,0.034482758620689655,0.0,0,2,10,25,,58,39,37,6.200000000000003,0.06942889137737956,5.600000000000002,0.06270996640537509,31,28,37
24,C,all_agents,,,40,30,10,0,30,0,0.27913634275915605,0.2136910612371726,0.7824018435455566,0.02753633053844447,117,28,0.7,0,0.0,0.0,31.7,769,,,,,,,,,,,,,,,,,,,,,,,,,,,
24,C,participants_only,,,30,30,0,0,30,0,0.31380157782625245,0.23676154228246743,0.7824018435455566,0.030734351490805487,117,28,0.9333333333333333,0,0.0,0.0,25.6,769,,,,,,,,,,,,,,,,,,,,,,,,,,,
24,C,nonparticipants_only,,,10,0,10,0,0,0,0.1751406375578666,0.165556996225121,0.38809777058086176,0.003522125414276775,0,0,0.0,0,0.0,0.0,50.0,0,,,,,,,,,,,,,,,,,,,,,,,,,,,
24,C,step_totals,,,,,,,,,,,,,,,,,,,,,77.70000000000009,,,49.0,0.63063063063063,17.5,0.22522522522522498,0.0,0.0,0.013666723566410471,0.14285714285714285,0.0,0,7,13,49,,49,35,34,5.600000000000002,0.07207207207207202,5.600000000000002,0.07207207207207202,28,28,33
25,C,all_agents,,,40,30,10,0,30,0,0.28352975190936314,0.21834186924565624,0.7911057698037344,0.02859194978156558,126,28,0.7,0,0.0,0.0,31.475,811,,,,,,,,,,,,,,,,,,,,,,,,,,,
25,C,participants_only,,,30,30,0,0,30,0,0.31943440158171754,0.24439929905476337,0.7911057698037344,0.031837269351123146,126,28,0.9333333333333333,0,0.0,0.0,25.3,811,,,,,,,,,,,,,,,,,,,,,,,,,,,
25,C,nonparticipants_only,,,10,0,10,0,0,0,0.17581580289230014,0.16690658863462557,0.38615728172795744,0.0033862646557589514,0,0,0.0,0,0.0,0.0,50.0,0,,,,,,,,,,,,,,,,,,,,,,,,,,,
25,C,step_totals,,,,,,,,,,,,,,,,,,,,,89.3000000000001,,,58.0,0.649496080627099,19.5,0.21836506159014535,0.0,0.0,0.013689096039925184,0.15517241379310345,0.0,0,9,10,25,,58,39,37,6.200000000000003,0.06942889137737958,5.600000000000002,0.0627099664053751,31,28,37
26,C,all_agents,,,40,30,10,0,29,1,0.28683973220676956,0.21861578465535592,0.799461539011585,0.029804383997231038,132,28,0.7,0,0.0,0.0,31.7,849,,,,,,,,,,,,,,,,,,,,,,,,,,,
26,C,participants_only,,,30,30,0,0,29,1,0.32362409574680545,0.24317730255948958,0.799461539011585,0.03324239493770044,132,28,0.9333333333333333,0,0.0,0.0,25.6,849,,,,,,,,,,,,,,,,,,,,,,,,,,,
26,C,nonparticipants_only,,,10,0,10,0,0,0,0.17648664158666197,0.1686903034187445,0.38422649531931763,0.0032532783632765903,0,0,0.0,0,0.0,0.0,50.0,0,,,,,,,,,,,,,,,,,,,,,,,,,,,
26,C,step_totals,,,,,,,,,,,,,,,,,,,,,77.20000000000007,,,49.0,0.6347150259067351,17.0,0.22020725388601015,0.0,0.0,0.012626471174878936,0.12244897959183673,0.0,0,6,13,49,,49,34,34,5.600000000000002,0.07253886010362691,5.600000000000002,0.07253886010362691,28,28,33
27,C,all_agents,,,40,30,10,0,29,1,0.2908441800482949,0.21850915241626478,0.8074830774511216,0.03088405569125106,135,28,0.7,0,0.0,0.0,31.475,889,,,,,,,,,,,,,,,,,,,,,,,,,,,
27,C,participants_only,,,30,30,0,0,29,1,0.32874128882765663,0.24866174115136347,0.8074830774511216,0.03439253836161921,135,28,0.9333333333333333,0,0.0,0.0,25.3,889,,,,,,,,,,,,,,,,,,,,,,,,,,,
27,C,nonparticipants_only,,,10,0,10,0,0,0,0.1771528537102096,0.17178012015672034,0.38230536284272104,0.0031243174341292947,0,0,0.0,0,0.0,0.0,50.0,0,,,,,,,,,,,,,,,,,,,,,,,,,,,
27,C,step_totals,,,,,,,,,,,,,,,,,,,,,89.5000000000001,,,58.0,0.6480446927374295,19.5,0.2178770949720668,0.0,0.0,0.012613225641532206,0.05172413793103448,0.0,0,3,9,25,,58,39,37,6.400000000000003,0.07150837988826811,5.600000000000002,0.0625698324022346,32,28,37
28,C,all_agents,,,40,30,10,0,28,2,0.29373510854273277,0.2205554056132163,0.8151837543530767,0.0320359172621017,141,28,0.7,0,0.0,0.0,31.7,924,,,,,,,,,,,,,,,,,,,,,,,,,,,
28,C,participants_only,,,30,30,0,0,28,2,0.33237550955596434,0.24741843244560663,0.8151837543530767,0.0357417345948908,141,28,0.9333333333333333,0,0.0,0.0,25.6,924,,,,,,,,,,,,,,,,,,,,,,,,,,,
28,C,nonparticipants_only,,,10,0,10,0,0,0,0.17781390550303813,0.1718412382381141,0.38039383602850746,0.003001498178174243,0,0,0.0,0,0.0,0.0,50.0,0,,,,,,,,,,,,,,,,,,,,,,,,,,,
28,C,step_totals,,,,,,,,,,,,,,,,,,,,,76.70000000000007,,,49.0,0.6388526727509772,16.5,0.21512385919165558,0.0,0.0,0.01144138964519653,0.12244897959183673,0.0,0,6,13,49,,49,33,34,5.600000000000002,0.07301173402868315,5.600000000000002,0.07301173402868315,28,28,33
29,C,all_agents,,,40,30,10,0,28,2,0.2976522908999336,0.224045219158037,0.8225764041789536,0.033165004416104614,146,28,0.7,0,0.0,0.0,31.475,966,,,,,,,,,,,,,,,,,,,,,,,,,,,
29,C,participants_only,,,30,30,0,0,28,2,0.3373799812413115,0.2500270880475722,0.8225764041789536,0.03694454632409805,146,28,0.9333333333333333,0,0.0,0.0,25.3,966,,,,,,,,,,,,,,,,,,,,,,,,,,,
29,C,nonparticipants_only,,,10,0,10,0,0,0,0.1784692198757997,0.17252673191609064,0.37849186684836494,0.00288690613379931,0,0,0.0,0,0.0,0.0,50.0,0,,,,,,,,,,,,,,,,,,,,,,,,,,,
29,C,step_totals,,,,,,,,,,,,,,,,,,,,,89.10000000000011,,,58.0,0.6509539842873169,19.5,0.21885521885521858,0.0,0.0,0.012480026555326698,0.08620689655172414,0.0,0,5,11,22,,58,39,36,6.000000000000003,0.06734006734006728,5.600000000000002,0.06285072951739613,30,28,37
30,C,all_agents,,,40,30,10,0,28,2,0.3008103370349749,0.22381265630845754,0.8296733480117955,0.034451707406254146,151,28,0.7,0,0.0,0.0,31.7,1008,,,,,,,,,,,,,,,,,,,,,,,,,,,
30,C,participants_only,,,30,30,0,0,28,2,0.34137365804648917,0.2487769526073343,0.8296733480117955,0.03842915021912109,151,28,0.9333333333333333,0,0.0,0.0,25.6,1008,,,,,,,,,,,,,,,,,,,,,,,,,,,
30,C,nonparticipants_only,,,10,0,10,0,0,0,0.17912037400043213,0.17332801541546894,0.37659940751412313,0.0027747828298554634,0,0,0.0,0,0.0,0.0,50.0,0,,,,,,,,,,,,,,,,,,,,,,,,,,,
30,C,step_totals,,,,,,,,,,,,,,,,,,,,,76.70000000000007,,,49.0,0.6388526727509772,16.5,0.21512385919165558,0.0,0.0,0.012310725264451388,0.10204081632653061,0.0,0,5,13,49,,49,33,34,5.600000000000002,0.07301173402868315,5.600000000000002,0.07301173402868315,28,28,33
30,C,reachability,0.225,0.0,,,,,,,,,,,,,,,,,,,,,,,,,,,,,,,,,,,,,,,,,,,,,
31,C,all_agents,,,40,30,10,0,27,3,0.3042720955380888,0.22302124915150168,0.8364864140913236,0.03553425762979566,156,28,0.7,0,0.0,0.0,31.475,1047,,,,,,,,,,,,,,,,,,,,,,,,,,,
31,C,participants_only,,,30,30,0,0,27,3,0.34577394444366344,0.24753306784429763,0.8364864140913236,0.039599997487420026,156,28,0.9333333333333333,0,0.0,0.0,25.3,1047,,,,,,,,,,,,,,,,,,,,,,,,,,,
31,C,nonparticipants_only,,,10,0,10,0,0,0,0.17976654882136495,0.17374509923887652,0.3747164104765525,0.002668196505948792,0,0,0.0,0,0.0,0.0,50.0,0,,,,,,,,,,,,,,,,,,,,,,,,,,,
31,C,step_totals,,,,,,,,,,,,,,,,,,,,,87.90000000000009,,,58.0,0.6598407281001131,18.5,0.2104664391353809,0.0,0.0,0.011422902938708583,0.08620689655172414,0.0,0,5,12,22,,58,37,36,5.8000000000000025,0.06598407281001134,5.600000000000002,0.06370875995449371,29,28,36
32,C,all_agents,,,40,30,10,0,26,4,0.3072495397426521,0.2249755212576111,0.8430269575276707,0.03670667199172655,164,28,0.7,0,0.0,0.0,31.7,1088,,,,,,,,,,,,,,,,,,,,,,,,,,,
32,C,participants_only,,,30,30,0,0,26,4,0.3495300028489983,0.24923684408060906,0.8430269575276707,0.040936442509274994,164,28,0.9333333333333333,0,0.0,0.0,25.6,1088,,,,,,,,,,,,,,,,,,,,,,,,,,,
32,C,nonparticipants_only,,,10,0,10,0,0,0,0.1804081504236136,0.1742842180037343,0.37284282842416977,0.002565709713236033,0,0,0.0,0,0.0,0.0,50.0,0,,,,,,,,,,,,,,,,,,,,,,,,,,,
32,C,step_totals,,,,,,,,,,,,,,,,,,,,,76.50000000000007,,,49.0,0.6405228758169929,16.5,0.2156862745098037,0.0,0.0,0.01182118502017009,0.16326530612244897,0.0,0,8,14,48,,49,33,34,5.400000000000002,0.0705882352941176,5.600000000000002,0.07320261437908493,27,28,33
33,C,all_agents,,,40,30,10,0,26,4,0.3105901911256462,0.22764494626172682,0.8493058792265639,0.037779399091230875,172,29,0.725,0,0.0,0.0,31.475,1128,,,,,,,,,,,,,,,,,,,,,,,,,,,
33,C,participants_only,,,30,30,0,0,26,4,0.3537721722155772,0.2502688887054617,0.8493058792265639,0.04209021558340388,172,29,0.9666666666666667,0,0.0,0.0,25.3,1128,,,,,,,,,,,,,,,,,,,,,,,,,,,
33,C,nonparticipants_only,,,10,0,10,0,0,0,0.18104424785585302,0.17451948863505418,0.3709786142820489,0.002470747724497919,0,0,0.0,0,0.0,0.0,50.0,0,,,,,,,,,,,,,,,,,,,,,,,,,,,
33,C,step_totals,,,,,,,,,,,,,,,,,,,,,87.90000000000008,,,58.0,0.6598407281001132,18.5,0.21046643913538093,0.0,0.0,0.011114958754153227,0.13793103448275862,0.0,0,8,12,22,,58,37,36,5.8000000000000025,0.06598407281001134,5.600000000000002,0.06370875995449371,29,28,36
34,C,all_agents,,,40,30,10,0,26,4,0.3133528322194083,0.23053627713756142,0.8553336440575013,0.038903928746338294,179,30,0.75,0,0.0,0.0,31.7,1168,,,,,,,,,,,,,,,,,,,,,,,,,,,
34,C,participants_only,,,30,30,0,0,26,4,0.35724495319936084,0.24901754426193437,0.8553336440575013,0.043373360830511826,179,30,1.0,0,0.0,0.0,25.6,1168,,,,,,,,,,,,,,,,,,,,,,,,,,,
34,C,nonparticipants_only,,,10,0,10,0,0,0,0.18167646927955072,0.17529316344354856,0.3691237212106387,0.002377413084392216,0,0,0.0,0,0.0,0.0,50.0,0,,,,,,,,,,,,,,,,,,,,,,,,,,,
34,C,step_totals,,,,,,,,,,,,,,,,,,,,,76.50000000000007,,,49.0,0.6405228758169929,16.5,0.2156862745098037,0.0,0.0,0.011176233715358442,0.14285714285714285,0.0,0,7,15,47,,49,33,34,5.200000000000002,0.0679738562091503,5.8000000000000025,0.07581699346405225,26,29,32
35,C,all_agents,,,40,30,10,0,25,5,0.31653497610002107,0.23336210670129381,0.8611202982952013,0.03992699075391885,184,30,0.75,0,0.0,0.0,31.475,1208,,,,,,,,,,,,,,,,,,,,,,,,,,,
35,C,participants_only,,,30,30,0,0,25,5,0.36127858332434565,0.2512818967209066,0.8611202982952013,0.044465319225515096,184,30,1.0,0,0.0,0.0,25.3,1208,,,,,,,,,,,,,,,,,,,,,,,,,,,
35,C,nonparticipants_only,,,10,0,10,0,0,0,0.18230415442704737,0.17547841004890558,0.3672781026045855,0.002288120689794592,0,0,0.0,0,0.0,0.0,50.0,0,,,,,,,,,,,,,,,,,,,,,,,,,,,
35,C,step_totals,,,,,,,,,,,,,,,,,,,,,87.40000000000009,,,58.0,0.6636155606407316,18.0,0.20594965675057186,0.0,0.0,0.010778863136721623,0.08620689655172414,0.0,0,5,13,21,,58,36,36,5.400000000000002,0.061784897025171585,6.000000000000003,0.06864988558352399,27,30,36
36,C,all_agents,,,40,30,10,0,25,5,0.3190235198463582,0.23486191839929524,0.8666754863633933,0.04105425889704095,191,30,0.75,0,0.0,0.0,31.7,1247,,,,,,,,,,,,,,,,,,,,,,,,,,,
36,C,participants_only,,,30,30,0,0,25,5,0.3643889380634229,0.25146240922209745,0.8666754863633933,0.04577253925100412,191,30,1.0,0,0.0,0.0,25.6,1247,,,,,,,,,,,,,,,,,,,,,,,,,,,
36,C,nonparticipants_only,,,10,0,10,0,0,0,0.18292726519516403,0.17589305342883627,0.36544171209156256,0.002203163795041208,0,0,0.0,0,0.0,0.0,50.0,0,,,,,,,,,,,,,,,,,,,,,,,,,,,
36,C,step_totals,,,,,,,,,,,,,,,,,,,,,76.70000000000007,,,49.0,0.6388526727509772,16.5,0.21512385919165558,0.0,0.0,0.01030345335980978,0.14285714285714285,0.0,0,7,14,47,,49,33,34,5.200000000000002,0.06779661016949148,6.000000000000003,0.0782268578878748,26,30,32
37,C,all_agents,,,40,30,10,0,24,6,0.3223145288610325,0.23851877056159587,0.8720084669088576,0.042066676688223406,196,30,0.75,0,0.0,0.0,31.475,1290,,,,,,,,,,,,,,,,,,,,,,,,,,,
37,C,participants_only,,,30,30,0,0,24,6,0.3685709579514482,0.25483284165448106,0.8720084669088576,0.046822107639750844,196,30,1.0,0,0.0,0.0,25.3,1290,,,,,,,,,,,,,,,,,,,,,,,,,,,
37,C,nonparticipants_only,,,10,0,10,0,0,0,0.18354524158978552,0.17627752253117537,0.36361450353110475,0.002124497047281276,0,0,0.0,0,0.0,0.0,50.0,0,,,,,,,,,,,,,,,,,,,,,,,,,,,
37,C,step_totals,,,,,,,,,,,,,,,,,,,,,87.2000000000001,,,58.0,0.6651376146788983,18.0,0.20642201834862361,0.0,0.0,0.011136053486019025,0.08620689655172414,0.0,0,5,14,21,,58,36,36,5.200000000000002,0.059633027522935735,6.000000000000003,0.06880733944954123,26,30,36
38,C,all_agents,,,40,30,10,0,25,5,0.3247864772451514,0.23950935073379925,0.8771281282325033,0.04309100777745032,202,30,0.75,0,0.0,0.0,31.7,1329,,,,,,,,,,,,,,,,,,,,,,,,,,,
38,C,participants_only,,,30,30,0,0,25,5,0.3716622311735868,0.25616639425572496,0.8771281282325033,0.04798261183643919,202,30,1.0,0,0.0,0.0,25.6,1329,,,,,,,,,,,,,,,,,,,,,,,,,,,
38,C,nonparticipants_only,,,10,0,10,0,0,0,0.18415921545984518,0.17572084316394848,0.3617964310134492,0.0020481599241729633,0,0,0.0,0,0.0,0.0,50.0,0,,,,,,,,,,,,,,,,,,,,,,,,,,,
38,C,step_totals,,,,,,,,,,,,,,,,,,,,,76.70000000000009,,,49.0,0.6388526727509771,16.5,0.21512385919165555,0.0,0.0,0.010285019995579568,0.12244897959183673,0.0,0,6,14,47,,49,33,34,5.200000000000002,0.06779661016949147,6.000000000000003,0.07822685788787478,26,30,32
39,C,all_agents,,,40,30,10,0,24,6,0.32765736717881,0.24000136761068325,0.8820430031032032,0.04399958242436032,209,30,0.75,0,0.0,0.0,31.475,1367,,,,,,,,,,,,,,,,,,,,,,,,,,,
39,C,participants_only,,,30,30,0,0,24,6,0.3752868199963192,0.2558461975372455,0.8820430031032032,0.04893360768880037,209,30,1.0,0,0.0,0.0,25.3,1367,,,,,,,,,,,,,,,,,,,,,,,,,,,
39,C,nonparticipants_only,,,10,0,10,0,0,0,0.18476900872628235,0.17563654592438305,0.35998744885838196,0.0019747293226961217,0,0,0.0,0,0.0,0.0,50.0,0,,,,,,,,,,,,,,,,,,,,,,,,,,,
39,C,step_totals,,,,,,,,,,,,,,,,,,,,,87.2000000000001,,,58.0,0.6651376146788983,18.0,0.20642201834862361,0.0,0.0,0.009986728598340086,0.1206896551724138,0.0,0,7,14,21,,58,36,36,5.200000000000002,0.059633027522935735,6.000000000000003,0.06880733944954123,26,30,35
40,C,all_agents,,,40,30,10,0,24,6,0.32996363146125,0.24141829276628535,0.8867612829790751,0.04502194185892908,215,30,0.75,0,0.0,0.0,31.7,1407,,,,,,,,,,,,,,,,,,,,,,,,,,,
40,C,participants_only,,,30,30,0,0,24,6,0.3781600455821494,0.2590649359904814,0.8867612829790751,0.050102598396180836,215,30,1.0,0,0.0,0.0,25.6,1407,,,,,,,,,,,,,,,,,,,,,,,,,,,
40,C,nonparticipants_only,,,10,0,10,0,0,0,0.185374389098552,0.17560638242086435,0.35818751161409007,0.001905240237815113,0,0,0.0,0,0.0,0.0,50.0,0,,,,,,,,,,,,,,,,,,,,,,,,,,,
40,C,step_totals,,,,,,,,,,,,,,,,,,,,,76.20000000000007,,,49.0,0.6430446194225715,16.0,0.2099737532808397,0.0,0.0,0.009889760070246471,0.12244897959183673,0.0,0,6,14,47,,49,32,34,5.200000000000002,0.06824146981627292,6.000000000000003,0.07874015748031492,26,30,32
40,C,reachability,0.225,0.0,,,,,,,,,,,,,,,,,,,,,,,,,,,,,,,,,,,,,,,,,,,,,
41,C,all_agents,,,40,30,10,0,24,6,0.3328612909842857,0.24184610182522343,0.8912908316599121,0.04598549404525994,222,30,0.75,0,0.0,0.0,31.475,1449,,,,,,,,,,,,,,,,,,,,,,,,,,,
41,C,participants_only,,,30,30,0,0,24,6,0.38182341391447977,0.2626043781315009,0.8912908316599121,0.051111099866889075,222,30,1.0,0,0.0,0.0,25.3,1449,,,,,,,,,,,,,,,,,,,,,,,,,,,
41,C,nonparticipants_only,,,10,0,10,0,0,0,0.1859749221937033,0.1760065782491349,0.3563965740560196,0.0018412027983952532,0,0,0.0,0,0.0,0.0,50.0,0,,,,,,,,,,,,,,,,,,,,,,,,,,,
41,C,step_totals,,,,,,,,,,,,,,,,,,,,,86.30000000000008,,,58.0,0.6720741599072995,17.5,0.20278099652375414,0.0,0.0,0.010201347130133737,0.1206896551724138,0.0,0,7,16,18,,58,35,35,4.800000000000002,0.05561993047508687,6.000000000000003,0.0695249130938586,24,30,34
42,C,all_agents,,,40,30,10,0,24,6,0.3350646129527452,0.241118113031419,0.8956391983935156,0.047011481783345216,226,30,0.75,0,0.0,0.0,31.7,1490,,,,,,,,,,,,,,,,,,,,,,,,,,,
42,C,participants_only,,,30,30,0,0,24,6,0.38456217041901014,0.2626096834843936,0.8956391983935156,0.05228931450017001,226,30,1.0,0,0.0,0.0,25.6,1490,,,,,,,,,,,,,,,,,,,,,,,,,,,
42,C,nonparticipants_only,,,10,0,10,0,0,0,0.1865719405539502,0.1771377760109715,0.3546145911857395,0.0017778852913563738,0,0,0.0,0,0.0,0.0,50.0,0,,,,,,,,,,,,,,,,,,,,,,,,,,,
42,C,step_totals,,,,,,,,,,,,,,,,,,,,,76.20000000000007,,,49.0,0.6430446194225715,16.0,0.2099737532808397,0.0,0.0,0.009576978995750161,0.08163265306122448,0.0,0,4,14,46,,49,32,33,5.200000000000002,0.06824146981627292,6.000000000000003,0.07874015748031492,26,30,32
43,C,all_agents,,,40,30,10,0,24,6,0.33779212263243674,0.24042566098010265,0.899813630457775,0.04793924380662448,235,30,0.75,0,0.0,0.0,31.475,1532,,,,,,,,,,,,,,,,,,,,,,,,,,,
43,C,participants_only,,,30,30,0,0,24,6,0.3880011882306857,0.2638605703526611,0.899813630457775,0.05326276033426689,235,30,1.0,0,0.0,0.0,25.3,1532,,,,,,,,,,,,,,,,,,,,,,,,,,,
43,C,nonparticipants_only,,,10,0,10,0,0,0,0.18716492583768993,0.17752227413686902,0.3528415182298108,0.0017172910047060746,0,0,0.0,0,0.0,0.0,50.0,0,,,,,,,,,,,,,,,,,,,,,,,,,,,
43,C,step_totals,,,,,,,,,,,,,,,,,,,,,86.50000000000009,,,58.0,0.6705202312138722,17.5,0.2023121387283235,0.0,0.0,0.009739989428742499,0.15517241379310345,0.0,0,9,15,18,,58,35,35,5.000000000000002,0.05780346820809245,6.000000000000003,0.06936416184971095,25,30,34
44,C,all_agents,,,40,30,10,0,23,7,0.33968834537674913,0.23922353267520213,0.9038210852394639,0.048872430742198054,237,30,0.75,0,0.0,0.0,31.7,1570,,,,,,,,,,,,,,,,,,,,,,,,,,,
44,C,participants_only,,,30,30,0,0,23,7,0.39033320544897104,0.2701390027427224,0.9038210852394639,0.05435034555610312,237,30,1.0,0,0.0,0.0,25.6,1570,,,,,,,,,,,,,,,,,,,,,,,,,,,
44,C,nonparticipants_only,,,10,0,10,0,0,0,0.18775376516008363,0.1789324353994745,0.35107731063866177,0.0016598640796636772,0,0,0.0,0,0.0,0.0,50.0,0,,,,,,,,,,,,,,,,,,,,,,,,,,,
44,C,step_totals,,,,,,,,,,,,,,,,,,,,,75.70000000000007,,,49.0,0.647291941875825,15.5,0.2047556142668426,0.0,0.0,0.008712964769760002,0.04081632653061224,0.0,0,2,14,46,,49,31,34,5.200000000000002,0.06869220607661819,6.000000000000003,0.0792602377807133,26,30,32
45,C,all_agents,,,40,30,10,0,23,7,0.34249864918058487,0.23972012816457272,0.9076682418298854,0.04978976342028581,241,30,0.75,0,0.0,0.0,31.475,1615,,,,,,,,,,,,,,,,,,,,,,,,,,,
45,C,participants_only,,,30,30,0,0,23,7,0.3938855587878997,0.26930133247338284,0.9076682418298854,0.05528806041023424,241,30,1.0,0,0.0,0.0,25.3,1615,,,,,,,,,,,,,,,,,,,,,,,,,,,
45,C,nonparticipants_only,,,10,0,10,0,0,0,0.18833792035864025,0.1793672698584569,0.34932192408546847,0.0016074987025563408,0,0,0.0,0,0.0,0.0,50.0,0,,,,,,,,,,,,,,,,,,,,,,,,,,,
45,C,step_totals,,,,,,,,,,,,,,,,,,,,,85.6000000000001,,,58.0,0.6775700934579432,17.0,0.19859813084112127,0.0,0.0,0.01008940450104563,0.06896551724137931,0.0,0,4,17,17,,58,34,34,4.600000000000001,0.0537383177570093,6.000000000000003,0.07009345794392519,23,30,34
46,C,all_agents,,,40,30,10,0,21,9,0.34474957029102005,0.24004675371265824,0.9113615121566899,0.05073904206713112,247,30,0.75,0,0.0,0.0,31.7,1660,,,,,,,,,,,,,,,,,,,,,,,,,,,
46,C,participants_only,,,30,30,0,0,21,9,0.3966932013655226,0.27821483844885664,0.9113615121566899,0.05634093699502649,247,30,1.0,0,0.0,0.0,25.6,1660,,,,,,,,,,,,,,,,,,,,,,,,,,,
46,C,nonparticipants_only,,,10,0,10,0,0,0,0.18891867706751242,0.18142981403246206,0.34757531446504114,0.0015556675729966657,0,0,0.0,0,0.0,0.0,50.0,0,,,,,,,,,,,,,,,,,,,,,,,,,,,
46,C,step_totals,,,,,,,,,,,,,,,,,,,,,75.70000000000009,,,49.0,0.6472919418758248,15.5,0.20475561426684255,0.0,0.0,0.009885586971170165,0.12244897959183673,0.0,0,6,14,46,,49,31,34,5.200000000000002,0.06869220607661818,6.000000000000003,0.07926023778071328,26,30,32
47,C,all_agents,,,40,30,10,0,21,9,0.34736866939918176,0.2396521127559205,0.9149070516704223,0.051589772009038325,251,30,0.75,0,0.0,0.0,31.475,1704,,,,,,,,,,,,,,,,,,,,,,,,,,,
47,C,participants_only,,,30,30,0,0,21,9,0.3999928640699867,0.2775822293512824,0.9149070516704223,0.057207730390607524,251,30,1.0,0,0.0,0.0,25.3,1704,,,,,,,,,,,,,,,,,,,,,,,,,,,
47,C,nonparticipants_only,,,10,0,10,0,0,0,0.1894960853867669,0.18147797817354044,0.3458374378927159,0.001504226487321421,0,0,0.0,0,0.0,0.0,50.0,0,,,,,,,,,,,,,,,,,,,,,,,,,,,
47,C,step_totals,,,,,,,,,,,,,,,,,,,,,84.40000000000008,,,58.0,0.6872037914691936,16.0,0.18957345971563963,0.0,0.0,0.00973648249337826,0.06896551724137931,0.0,0,4,18,17,,58,32,34,4.400000000000001,0.05213270142180092,6.000000000000003,0.0710900473933649,22,30,34
48,C,all_agents,,,40,30,10,0,20,10,0.3494482191440694,0.23959498111867394,0.9183107696036054,0.052490364505586126,258,30,0.75,0,0.0,0.0,31.7,1748,,,,,,,,,,,,,,,,,,,,,,,,,,,
48,C,participants_only,,,30,30,0,0,20,10,0.40257457582247796,0.2800589870102177,0.9183107696036054,0.05821187479326108,258,30,1.0,0,0.0,0.0,25.6,1748,,,,,,,,,,,,,,,,,,,,,,,,,,,
48,C,nonparticipants_only,,,10,0,10,0,0,0,0.19006914910884365,0.18203097111275435,0.34410825070325235,0.001456916355503407,0,0,0.0,0,0.0,0.0,50.0,0,,,,,,,,,,,,,,,,,,,,,,,,,,,
48,C,step_totals,,,,,,,,,,,,,,,,,,,,,75.50000000000007,,,49.0,0.6490066225165557,15.5,0.2052980132450329,0.0,0.0,0.009378432141932947,0.14285714285714285,0.0,0,7,15,45,,49,31,34,5.000000000000002,0.06622516556291387,6.000000000000003,0.07947019867549665,25,30,32
49,C,all_agents,,,40,30,10,0,19,11,0.35193581350497644,0.24205412357985376,0.9215783388194612,0.053320893913249824,263,30,0.75,0,0.0,0.0,31.475,1792,,,,,,,,,,,,,,,,,,,,,,,,,,,
49,C,participants_only,,,30,30,0,0,19,11,0.40570186127066826,0.2826639198612193,0.9215783388194612,0.05905991570491501,263,30,1.0,0,0.0,0.0,25.3,1792,,,,,,,,,,,,,,,,,,,,,,,,,,,
49,C,nonparticipants_only,,,10,0,10,0,0,0,0.19063767020790087,0.18133908409937993,0.34238770944973607,0.0014143738301423678,0,0,0.0,0,0.0,0.0,50.0,0,,,,,,,,,,,,,,,,,,,,,,,,,,,
49,C,step_totals,,,,,,,,,,,,,,,,,,,,,84.40000000000008,,,58.0,0.6872037914691936,16.0,0.18957345971563963,0.0,0.0,0.009399728042231586,0.08620689655172414,0.0,0,5,18,17,,58,32,34,4.400000000000001,0.05213270142180092,6.000000000000003,0.0710900473933649,22,30,34
50,C,all_agents,,,40,30,10,0,19,11,0.35368362061819775,0.24234257630922718,0.9247152052666827,0.054194147271929956,275,30,0.75,0,0.0,0.0,31.7,1834,,,,,,,,,,,,,,,,,,,,,,,,,,,
50,C,participants_only,,,30,30,0,0,19,11,0.4078438605262551,0.28393988040181717,0.9247152052666827,0.060068140143147784,275,30,1.0,0,0.0,0.0,25.6,1834,,,,,,,,,,,,,,,,,,,,,,,,,,,
50,C,nonparticipants_only,,,10,0,10,0,0,0,0.19120290089402572,0.18241508503094445,0.3406757709024874,0.0013721896154965502,0,0,0.0,0,0.0,0.0,50.0,0,,,,,,,,,,,,,,,,,,,,,,,,,,,
50,C,step_totals,,,,,,,,,,,,,,,,,,,,,74.50000000000009,,,49.0,0.6577181208053684,14.5,0.19463087248322125,0.0,0.0,0.008489593269813593,0.24489795918367346,0.0,0,12,15,44,,49,29,33,5.000000000000002,0.06711409395973149,6.000000000000003,0.08053691275167779,25,30,31
50,C,reachability,0.25,0.0,,,,,,,,,,,,,,,,,,,,,,,,,,,,,,,,,,,,,,,,,,,,,
51,C,all_agents,,,40,30,10,0,19,11,0.3562434607515394,0.24299407623714542,0.9277265970560155,0.05502296412238296,278,30,0.75,0,0.0,0.0,31.475,1881,,,,,,,,,,,,,,,,,,,,,,,,,,,
51,C,participants_only,,,30,30,0,0,19,11,0.4110696037532253,0.28252018099980813,0.9277265970560155,0.06089708625197312,278,30,1.0,0,0.0,0.0,25.3,1881,,,,,,,,,,,,,,,,,,,,,,,,,,,
51,C,nonparticipants_only,,,10,0,10,0,0,0,0.1917650317464816,0.1825523561225304,0.33897239204797497,0.0013297262563166932,0,0,0.0,0,0.0,0.0,50.0,0,,,,,,,,,,,,,,,,,,,,,,,,,,,
51,C,step_totals,,,,,,,,,,,,,,,,,,,,,83.20000000000007,,,58.0,0.697115384615384,15.0,0.18028846153846137,0.0,0.0,0.009772473418997651,0.05172413793103448,0.0,0,3,19,17,,58,30,34,4.200000000000001,0.0504807692307692,6.000000000000003,0.07211538461538458,21,30,33
52,C,all_agents,,,40,30,10,0,19,11,0.35802367602562785,0.2453819866916197,0.9306175331737748,0.055779737653655126,284,30,0.75,0,0.0,0.0,31.7,1923,,,,,,,,,,,,,,,,,,,,,,,,,,,
52,C,participants_only,,,30,30,0,0,19,11,0.41325701110087676,0.28299578028049965,0.9306175331737748,0.06174061322685871,284,30,1.0,0,0.0,0.0,25.6,1923,,,,,,,,,,,,,,,,,,,,,,,,,,,
52,C,nonparticipants_only,,,10,0,10,0,0,0,0.19232367079988105,0.18317416003352233,0.3372775300877351,0.0012884552916276766,0,0,0.0,0,0.0,0.0,50.0,0,,,,,,,,,,,,,,,,,,,,,,,,,,,
52,C,step_totals,,,,,,,,,,,,,,,,,,,,,73.80000000000007,,,49.0,0.6639566395663951,14.0,0.18970189701897003,0.0,0.0,0.008751016736675742,0.12244897959183673,0.0,0,6,16,43,,49,28,33,4.800000000000002,0.06504065040650403,6.000000000000003,0.08130081300813004,24,30,30
53,C,all_agents,,,40,30,10,0,19,11,0.36010119306607496,0.24549988468931583,0.9333928318468239,0.05661498645168761,293,30,0.75,0,0.0,0.0,31.475,1967,,,,,,,,,,,,,,,,,,,,,,,,,,,
53,C,participants_only,,,30,30,0,0,19,11,0.41584225465570523,0.28174953291058696,0.9333928318468239,0.06264127102279983,293,30,1.0,0,0.0,0.0,25.3,1967,,,,,,,,,,,,,,,,,,,,,,,,,,,
53,C,nonparticipants_only,,,10,0,10,0,0,0,0.19287800829718424,0.18370024379996425,0.33559114243729643,0.0012513413726835342,0,0,0.0,0,0.0,0.0,50.0,0,,,,,,,,,,,,,,,,,,,,,,,,,,,
53,C,step_totals,,,,,,,,,,,,,,,,,,,,,81.00000000000006,,,58.0,0.7160493827160489,13.0,0.1604938271604937,0.0,0.0,0.008682909734175041,0.15517241379310345,0.0,0,9,20,17,,58,26,33,4.000000000000001,0.04938271604938269,6.000000000000003,0.07407407407407406,20,30,32
54,C,all_agents,,,40,30,10,0,19,11,0.3616643115867382,0.24502399173783304,0.9360571185729509,0.0574106632898065,295,30,0.75,0,0.0,0.0,31.7,2009,,,,,,,,,,,,,,,,,,,,,,,,,,,
54,C,participants_only,,,30,30,0,0,19,11,0.41774298674471366,0.2825572245482954,0.9360571185729509,0.0635623993715102,295,30,1.0,0,0.0,0.0,25.6,2009,,,,,,,,,,,,,,,,,,,,,,,,,,,
54,C,nonparticipants_only,,,10,0,10,0,0,0,0.19342828611281165,0.18395740277674733,0.33391318672510995,0.001217641355010517,0,0,0.0,0,0.0,0.0,50.0,0,,,,,,,,,,,,,,,,,,,,,,,,,,,
54,C,step_totals,,,,,,,,,,,,,,,,,,,,,73.30000000000005,,,49.0,0.6684856753069572,13.5,0.1841746248294678,0.0,0.0,0.008113691748870422,0.04081632653061224,0.0,0,2,16,43,,49,27,33,4.800000000000002,0.06548431105047746,6.000000000000003,0.08185538881309684,24,30,29
55,C,all_agents,,,40,30,10,0,19,11,0.363986918589995,0.24500738434816835,0.9386148338300329,0.05827809021528767,299,30,0.75,0,0.0,0.0,31.475,2059,,,,,,,,,,,,,,,,,,,,,,,,,,,
55,C,participants_only,,,30,30,0,0,19,11,0.4206573618182365,0.28182182743470585,0.9386148338300329,0.06446347590120009,299,30,1.0,0,0.0,0.0,25.3,2059,,,,,,,,,,,,,,,,,,,,,,,,,,,
55,C,nonparticipants_only,,,10,0,10,0,0,0,0.19397558890527047,0.1853775487994846,0.3322436207914844,0.001183463529326283,0,0,0.0,0,0.0,0.0,50.0,0,,,,,,,,,,,,,,,,,,,,,,,,,,,
55,C,step_totals,,,,,,,,,,,,,,,,,,,,,80.30000000000007,,,58.0,0.7222914072229134,12.5,0.1556662515566624,0.0,0.0,0.009541240893817126,0.06896551724137931,0.0,0,4,21,16,,58,25,32,3.800000000000001,0.04732254047322538,6.000000000000003,0.07471980074719797,19,30,31
56,C,all_agents,,,40,30,10,0,17,13,0.3654352971287346,0.24566431662888455,0.9410702404768315,0.05902777495768403,309,30,0.75,0,0.0,0.0,31.7,2101,,,,,,,,,,,,,,,,,,,,,,,,,,,
56,C,participants_only,,,30,30,0,0,17,13,0.4224070959883503,0.284093019180212,0.9410702404768315,0.06533759350932712,309,30,1.0,0,0.0,0.0,25.6,2101,,,,,,,,,,,,,,,,,,,,,,,,,,,
56,C,nonparticipants_only,,,10,0,10,0,0,0,0.1945199005498876,0.18604620838477887,0.330582402687527,0.001148888919148672,0,0,0.0,0,0.0,0.0,50.0,0,,,,,,,,,,,,,,,,,,,,,,,,,,,
56,C,step_totals,,,,,,,,,,,,,,,,,,,,,72.80000000000005,,,49.0,0.6730769230769226,13.0,0.17857142857142844,0.0,0.0,0.007836140877257172,0.20408163265306123,0.0,0,10,16,42,,49,26,32,4.800000000000002,0.06593406593406591,6.000000000000003,0.08241758241758239,24,30,29
57,C,all_agents,,,40,30,10,0,17,13,0.36747886678385233,0.24565568359457565,0.9434274308577583,0.05986267747173906,316,30,0.75,0,0.0,0.0,31.475,2149,,,,,,,,,,,,,,,,,,,,,,,,,,,
57,C,participants_only,,,30,30,0,0,17,13,0.4249517505279919,0.28433375983793124,0.9434274308577583,0.06623183953963264,316,30,1.0,0,0.0,0.0,25.3,2149,,,,,,,,,,,,,,,,,,,,,,,,,,,
57,C,nonparticipants_only,,,10,0,10,0,0,0,0.19506021555143352,0.18617874311107868,0.32892949067408933,0.0011176028776496599,0,0,0.0,0,0.0,0.0,50.0,0,,,,,,,,,,,,,,,,,,,,,,,,,,,
57,C,step_totals,,,,,,,,,,,,,,,,,,,,,79.60000000000007,,,58.0,0.7286432160804014,12.0,0.15075376884422098,0.0,0.0,0.008810439198545092,0.1206896551724138,0.0,0,7,22,15,,58,24,32,3.600000000000001,0.045226130653266305,6.000000000000003,0.07537688442211052,18,30,31
58,C,all_agents,,,40,30,10,0,17,13,0.36910406452921946,0.2476030926007553,0.9456903336234479,0.060593201759867314,321,30,0.75,0,0.0,0.0,31.7,2195,,,,,,,,,,,,,,,,,,,,,,,,,,,
58,C,participants_only,,,30,30,0,0,17,13,0.4269396813381871,0.28388538319685147,0.9456903336234479,0.06704868276281528,321,30,1.0,0,0.0,0.0,25.6,2195,,,,,,,,,,,,,,,,,,,,,,,,,,,
58,C,nonparticipants_only,,,10,0,10,0,0,0,0.1955972141023165,0.18626466522376262,0.3272848432207189,0.0010872558909385472,0,0,0.0,0,0.0,0.0,50.0,0,,,,,,,,,,,,,,,,,,,,,,,,,,,
58,C,step_totals,,,,,,,,,,,,,,,,,,,,,72.80000000000008,,,49.0,0.6730769230769224,13.0,0.17857142857142838,0.0,0.0,0.008443694069664564,0.10204081632653061,0.0,0,5,16,42,,49,26,32,4.800000000000002,0.06593406593406588,6.000000000000003,0.08241758241758236,24,30,29
59,C,all_agents,,,40,30,10,0,17,13,0.3711238183977297,0.24695512295501026,0.9478627202785099,0.06138514852819802,331,30,0.75,0,0.0,0.0,31.475,2243,,,,,,,,,,,,,,,,,,,,,,,,,,,
59,C,participants_only,,,30,30,0,0,17,13,0.42945482521188677,0.2828401461605745,0.9478627202785099,0.06788409299263987,331,30,1.0,0,0.0,0.0,25.3,2243,,,,,,,,,,,,,,,,,,,,,,,,,,,
59,C,nonparticipants_only,,,10,0,10,0,0,0,0.1961307979552583,0.1882231708980673,0.3256484190046153,0.0010582388634335356,0,0,0.0,0,0.0,0.0,50.0,0,,,,,,,,,,,,,,,,,,,,,,,,,,,
59,C,step_totals,,,,,,,,,,,,,,,,,,,,,78.90000000000006,,,58.0,0.7351077313054494,11.5,0.14575411913814945,0.0,0.0,0.008825264792172147,0.1724137931034483,0.0,0,10,23,13,,58,23,32,3.400000000000001,0.04309252217997463,6.000000000000003,0.07604562737642583,17,30,31
60,C,all_agents,,,40,30,10,0,17,13,0.3723980452925268,0.2464206215061186,0.9490080907742072,0.062092956696182394,336,30,0.75,0,0.0,0.0,31.7,2285,,,,,,,,,,,,,,,,,,,,,,,,,,,
60,C,participants_only,,,30,30,0,0,17,13,0.4309771538374838,0.2834153731910983,0.9490080907742072,0.0687207250121456,336,30,1.0,0,0.0,0.0,25.6,2285,,,,,,,,,,,,,,,,,,,,,,,,,,,
60,C,nonparticipants_only,,,10,0,10,0,0,0,0.19666071965765586,0.18804859936925666,0.3240201769095922,0.001031508253230526,0,0,0.0,0,0.0,0.0,50.0,0,,,,,,,,,,,,,,,,,,,,,,,,,,,
60,C,step_totals,,,,,,,,,,,,,,,,,,,,,72.80000000000007,,,49.0,0.6730769230769225,13.0,0.1785714285714284,0.0,0.0,0.007311379272957058,0.10204081632653061,0.0,0,5,16,42,,49,26,32,4.800000000000002,0.0659340659340659,6.000000000000003,0.08241758241758237,24,30,29
60,C,reachability,0.25,0.0,,,,,,,,,,,,,,,,,,,,,,,,,,,,,,,,,,,,,,,,,,,,,
61,C,all_agents,,,40,30,10,0,16,14,0.37399359732247534,0.24558442254609875,0.9510477671432389,0.06286314694488858,341,30,0.75,0,0.0,0.0,31.475,2330,,,,,,,,,,,,,,,,,,,,,,,,,,,
61,C,participants_only,,,30,30,0,0,16,14,0.43292900196467404,0.2850370486646676,0.9510477671432389,0.06958877680758509,341,30,1.0,0,0.0,0.0,25.3,2330,,,,,,,,,,,,,,,,,,,,,,,,,,,
61,C,nonparticipants_only,,,10,0,10,0,0,0,0.197187383395879,0.18906760303357967,0.3224000760250442,0.0010056743127226425,0,0,0.0,0,0.0,0.0,50.0,0,,,,,,,,,,,,,,,,,,,,,,,,,,,
61,C,step_totals,,,,,,,,,,,,,,,,,,,,,78.60000000000008,,,58.0,0.7379134860050883,11.0,0.13994910941475813,0.0,0.0,0.007591937025101499,0.08620689655172414,0.0,0,5,22,12,,58,22,31,3.600000000000001,0.04580152671755722,6.000000000000003,0.07633587786259538,18,30,31
62,C,all_agents,,,40,30,10,0,17,13,0.37509015045588945,0.2459849685109724,0.9530058564575093,0.06350824683929042,346,30,0.75,0,0.0,0.0,31.7,2371,,,,,,,,,,,,,,,,,,,,,,,,,,,
62,C,participants_only,,,30,30,0,0,17,13,0.43421655962879857,0.28437579526711987,0.9530058564575093,0.07036717474304907,346,30,1.0,0,0.0,0.0,25.6,2371,,,,,,,,,,,,,,,,,,,,,,,,,,,
62,C,nonparticipants_only,,,10,0,10,0,0,0,0.19771092293716205,0.18950241879780505,0.320788075644919,0.0009802759878272294,0,0,0.0,0,0.0,0.0,50.0,0,,,,,,,,,,,,,,,,,,,,,,,,,,,
62,C,step_totals,,,,,,,,,,,,,,,,,,,,,71.80000000000008,,,49.0,0.6824512534818934,12.0,0.16713091922005552,0.0,0.0,0.006873478089070613,0.10204081632653061,0.0,0,5,16,42,,49,24,32,4.800000000000002,0.06685236768802223,6.000000000000003,0.0835654596100278,24,30,29
63,C,all_agents,,,40,30,10,0,15,15,0.3767270498979844,0.24475504366841755,0.954885622199209,0.06431522159360682,355,30,0.75,0,0.0,0.0,31.475,2418,,,,,,,,,,,,,,,,,,,,,,,,,,,
63,C,participants_only,,,30,30,0,0,15,15,0.4362256548753086,0.28350268716912874,0.954885622199209,0.07127469841984974,355,30,1.0,0,0.0,0.0,25.3,2418,,,,,,,,,,,,,,,,,,,,,,,,,,,
63,C,nonparticipants_only,,,10,0,10,0,0,0,0.19823123496601175,0.19066681896800547,0.3191841352666944,0.0009557831839060654,0,0,0.0,0,0.0,0.0,50.0,0,,,,,,,,,,,,,,,,,,,,,,,,,,,
63,C,step_totals,,,,,,,,,,,,,,,,,,,,,77.40000000000006,,,58.0,0.749354005167958,10.0,0.12919896640826864,0.0,0.0,0.007876442649534847,0.15517241379310345,0.0,0,9,23,12,,58,20,31,3.400000000000001,0.043927648578811346,6.000000000000003,0.07751937984496121,17,30,30
64,C,all_agents,,,40,30,10,0,15,15,0.3779408572676461,0.2458288588604188,0.9566901973112407,0.06499957958236417,360,30,0.75,0,0.0,0.0,31.7,2463,,,,,,,,,,,,,,,,,,,,,,,,,,,
64,C,participants_only,,,30,30,0,0,15,15,0.4376717533834456,0.2835728381779109,0.9566901973112407,0.07208406003334315,360,30,1.0,0,0.0,0.0,25.6,2463,,,,,,,,,,,,,,,,,,,,,,,,,,,
64,C,nonparticipants_only,,,10,0,10,0,0,0,0.19874816892024755,0.19259210349217673,0.31758821459036096,0.0009327788198700514,0,0,0.0,0,0.0,0.0,50.0,0,,,,,,,,,,,,,,,,,,,,,,,,,,,
64,C,step_totals,,,,,,,,,,,,,,,,,,,,,71.80000000000008,,,49.0,0.6824512534818934,12.0,0.16713091922005552,0.0,0.0,0.00728518206889107,0.10204081632653061,0.0,0,5,16,41,,49,24,32,4.800000000000002,0.06685236768802223,6.000000000000003,0.0835654596100278,24,30,29
65,C,all_agents,,,40,30,10,0,15,15,0.379477190836696,0.2445997145661167,0.9584225894187911,0.06575850820701687,365,30,0.75,0,0.0,0.0,31.475,2510,,,,,,,,,,,,,,,,,,,,,,,,,,,
65,C,participants_only,,,30,30,0,0,15,15,0.4395489457856896,0.2828413071711434,0.9584225894187911,0.0729400253284452,365,30,1.0,0,0.0,0.0,25.3,2510,,,,,,,,,,,,,,,,,,,,,,,,,,,
65,C,nonparticipants_only,,,10,0,10,0,0,0,0.1992619259897151,0.19242270835735753,0.31600027351740917,0.0009105679309086334,0,0,0.0,0,0.0,0.0,50.0,0,,,,,,,,,,,,,,,,,,,,,,,,,,,
65,C,step_totals,,,,,,,,,,,,,,,,,,,,,77.20000000000006,,,58.0,0.7512953367875642,10.0,0.1295336787564766,0.0,0.0,0.007595920704642413,0.08620689655172414,0.0,0,5,24,12,,58,20,30,3.2000000000000006,0.04145077720207251,6.000000000000003,0.07772020725388598,16,30,29
66,C,all_agents,,,40,30,10,0,15,15,0.38053299040527194,0.2461346559372902,0.9600856858420395,0.0663600778385056,370,30,0.75,0,0.0,0.0,31.7,2553,,,,,,,,,,,,,,,,,,,,,,,,,,,
66,C,participants_only,,,30,30,0,0,15,15,0.4407865687698744,0.2818909908809253,0.9600856858420395,0.07366140961963454,370,30,1.0,0,0.0,0.0,25.6,2553,,,,,,,,,,,,,,,,,,,,,,,,,,,
66,C,nonparticipants_only,,,10,0,10,0,0,0,0.19977225531146475,0.19341149653075151,0.3144202721498221,0.0008901580262474073,0,0,0.0,0,0.0,0.0,50.0,0,,,,,,,,,,,,,,,,,,,,,,,,,,,
66,C,step_totals,,,,,,,,,,,,,,,,,,,,,71.80000000000007,,,49.0,0.6824512534818935,12.0,0.16713091922005555,0.0,0.0,0.006775212862941104,0.10204081632653061,0.0,0,5,16,41,,49,24,32,4.800000000000002,0.06685236768802225,6.000000000000003,0.08356545961002781,24,30,29
67,C,all_agents,,,40,30,10,0,15,15,0.38204749472027033,0.24490398265760374,0.9616822584083579,0.06714788620267073,379,30,0.75,0,0.0,0.0,31.475,2601,,,,,,,,,,,,,,,,,,,,,,,,,,,
67,C,participants_only,,,30,30,0,0,15,15,0.44263676205906616,0.2834643249187304,0.9616822584083579,0.074556388847451,379,30,1.0,0,0.0,0.0,25.3,2601,,,,,,,,,,,,,,,,,,,,,,,,,,,
67,C,nonparticipants_only,,,10,0,10,0,0,0,0.20027969270388307,0.19375879351537925,0.312848170789073,0.0008696664685051861,0,0,0.0,0,0.0,0.0,50.0,0,,,,,,,,,,,,,,,,,,,,,,,,,,,
67,C,step_totals,,,,,,,,,,,,,,,,,,,,,76.90000000000006,,,58.0,0.7542262678803635,9.5,0.1235370611183354,0.0,0.0,0.0075804135176508955,0.15517241379310345,0.0,0,9,23,11,,58,19,30,3.400000000000001,0.044213263979193736,6.000000000000003,0.0780234070221066,17,30,27
68,C,all_agents,,,40,30,10,0,15,15,0.38313695793487257,0.24464888141119973,0.9632149680720236,0.06770402088360504,387,30,0.75,0,0.0,0.0,31.7,2644,,,,,,,,,,,,,,,,,,,,,,,,,,,
68,C,participants_only,,,30,30,0,0,15,15,0.44392124950199785,0.2837024387761245,0.9632149680720236,0.0752098877343817,387,30,1.0,0,0.0,0.0,25.6,2644,,,,,,,,,,,,,,,,,,,,,,,,,,,
68,C,nonparticipants_only,,,10,0,10,0,0,0,0.20078408323349686,0.19496329252327538,0.31128392993512766,0.0008496591154675499,0,0,0.0,0,0.0,0.0,50.0,0,,,,,,,,,,,,,,,,,,,,,,,,,,,
68,C,step_totals,,,,,,,,,,,,,,,,,,,,,71.80000000000007,,,49.0,0.6824512534818935,12.0,0.16713091922005555,0.0,0.0,0.006906691737682227,0.16326530612244897,0.0,0,8,16,41,,49,24,32,4.800000000000002,0.06685236768802225,6.000000000000003,0.08356545961002781,24,30,29
69,C,all_agents,,,40,30,10,0,15,15,0.3847010968312263,0.2434256370041437,0.9646863693491426,0.06846538446319393,393,30,0.75,0,0.0,0.0,31.475,2694,,,,,,,,,,,,,,,,,,,,,,,,,,,
69,C,participants_only,,,30,30,0,0,15,15,0.44583976186649316,0.2828626477722941,0.9646863693491426,0.07605829726933931,393,30,1.0,0,0.0,0.0,25.3,2694,,,,,,,,,,,,,,,,,,,,,,,,,,,
69,C,nonparticipants_only,,,10,0,10,0,0,0,0.20128510172542563,0.19683148852155358,0.30972751028545203,0.0008314096972229957,0,0,0.0,0,0.0,0.0,50.0,0,,,,,,,,,,,,,,,,,,,,,,,,,,,
69,C,step_totals,,,,,,,,,,,,,,,,,,,,,76.70000000000007,,,58.0,0.7561929595827893,9.5,0.12385919165580171,0.0,0.0,0.0077658602015913455,0.10344827586206896,0.0,0,6,24,10,,58,19,30,3.2000000000000006,0.04172099087353322,6.000000000000003,0.0782268578878748,16,30,27
70,C,all_agents,,,40,30,10,0,15,15,0.38570764123628115,0.24294800500009694,0.9660989145751769,0.06899675794834154,396,30,0.75,0,0.0,0.0,31.7,2737,,,,,,,,,,,,,,,,,,,,,,,,,,,
70,C,participants_only,,,30,30,0,0,15,15,0.4470158040961072,0.28222842558358574,0.9660989145751769,0.07668973663084235,396,30,1.0,0,0.0,0.0,25.6,2737,,,,,,,,,,,,,,,,,,,,,,,,,,,
70,C,nonparticipants_only,,,10,0,10,0,0,0,0.20178315265680294,0.19666711629032024,0.3081788727340248,0.000813531901875606,0,0,0.0,0,0.0,0.0,50.0,0,,,,,,,,,,,,,,,,,,,,,,,,,,,
70,C,step_totals,,,,,,,,,,,,,,,,,,,,,71.10000000000007,,,49.0,0.6891701828410682,11.5,0.16174402250351602,0.0,0.0,0.006733296943324285,0.061224489795918366,0.0,0,3,17,40,,49,23,30,4.600000000000001,0.06469760900140643,6.000000000000003,0.0843881856540084,23,30,28
70,C,reachability,0.25,0.0,,,,,,,,,,,,,,,,,,,,,,,,,,,,,,,,,,,,,,,,,,,,,
71,C,all_agents,,,40,30,10,0,15,15,0.3869189516481788,0.24173326497509645,0.9674549579921699,0.06969210892727173,402,30,0.75,0,0.0,0.0,31.475,2783,,,,,,,,,,,,,,,,,,,,,,,,,,,
71,C,participants_only,,,30,30,0,0,15,15,0.44846580088783783,0.28152882053823225,0.9674549579921699,0.0775056064487055,402,30,1.0,0,0.0,0.0,25.3,2783,,,,,,,,,,,,,,,,,,,,,,,,,,,
71,C,nonparticipants_only,,,10,0,10,0,0,0,0.20227840392920188,0.19762658492235252,0.30663797837035467,0.0007954405470187113,0,0,0.0,0,0.0,0.0,50.0,0,,,,,,,,,,,,,,,,,,,,,,,,,,,
71,C,step_totals,,,,,,,,,,,,,,,,,,,,,76.00000000000007,,,58.0,0.7631578947368414,9.0,0.11842105263157883,0.0,0.0,0.006748609806282552,0.10344827586206896,0.0,0,6,25,10,,58,18,30,3.0000000000000004,0.039473684210526286,6.000000000000003,0.0789473684210526,15,30,26
72,C,all_agents,,,40,30,10,0,15,15,0.3878511067438385,0.24168026486101502,0.9687567596724831,0.07021871887487761,407,30,0.75,0,0.0,0.0,31.7,2827,,,,,,,,,,,,,,,,,,,,,,,,,,,
72,C,participants_only,,,30,30,0,0,15,15,0.44954471391477213,0.2815930584649855,0.9687567596724831,0.07814079890002819,407,30,1.0,0,0.0,0.0,25.6,2827,,,,,,,,,,,,,,,,,,,,,,,,,,,
72,C,nonparticipants_only,,,10,0,10,0,0,0,0.20277028523103774,0.19788895823374342,0.3051047884785029,0.0007792648102882838,0,0,0.0,0,0.0,0.0,50.0,0,,,,,,,,,,,,,,,,,,,,,,,,,,,
72,C,step_totals,,,,,,,,,,,,,,,,,,,,,71.10000000000008,,,49.0,0.6891701828410681,11.5,0.161744022503516,0.0,0.0,0.006496164874967071,0.10204081632653061,0.0,0,5,17,40,,49,23,30,4.600000000000001,0.06469760900140642,6.000000000000003,0.08438818565400838,23,30,27
73,C,all_agents,,,40,30,10,0,15,15,0.38921451431922305,0.24047186353670993,0.9696394529863086,0.07096904587586979,412,30,0.75,0,0.0,0.0,31.475,2876,,,,,,,,,,,,,,,,,,,,,,,,,,,
73,C,participants_only,,,30,30,0,0,15,15,0.4511996134870008,0.2832441458229714,0.9696394529863086,0.07900226930402074,412,30,1.0,0,0.0,0.0,25.3,2876,,,,,,,,,,,,,,,,,,,,,,,,,,,
73,C,nonparticipants_only,,,10,0,10,0,0,0,0.20325921681588988,0.1991323670688252,0.3035792645361104,0.000763545365346089,0,0,0.0,0,0.0,0.0,50.0,0,,,,,,,,,,,,,,,,,,,,,,,,,,,
73,C,step_totals,,,,,,,,,,,,,,,,,,,,,76.00000000000006,,,58.0,0.7631578947368415,9.0,0.11842105263157886,0.0,0.0,0.007237496597484942,0.08620689655172414,0.0,0,5,25,10,,58,18,30,3.0000000000000004,0.03947368421052629,6.000000000000003,0.07894736842105261,15,30,25
74,C,all_agents,,,40,30,10,0,15,15,0.39020667999025366,0.24183485590339718,0.9708538748668563,0.07150574810328993,421,30,0.75,0,0.0,0.0,31.7,2922,,,,,,,,,,,,,,,,,,,,,,,,,,,
74,C,participants_only,,,30,30,0,0,15,15,0.4523605278219324,0.2821915721671339,0.9708538748668563,0.07963907923694104,421,30,1.0,0,0.0,0.0,25.6,2922,,,,,,,,,,,,,,,,,,,,,,,,,,,
74,C,nonparticipants_only,,,10,0,10,0,0,0,0.20374513649521728,0.2009451673298594,0.3020613682134298,0.0007485450989347827,0,0,0.0,0,0.0,0.0,50.0,0,,,,,,,,,,,,,,,,,,,,,,,,,,,
74,C,step_totals,,,,,,,,,,,,,,,,,,,,,71.10000000000008,,,49.0,0.6891701828410681,11.5,0.161744022503516,0.0,0.0,0.006715687935972532,0.1836734693877551,0.0,0,9,17,40,,49,23,29,4.600000000000001,0.06469760900140642,6.000000000000003,0.08438818565400838,23,30,27
75,C,all_agents,,,40,30,10,0,15,15,0.39144903105602463,0.2406256816238802,0.972019719872182,0.0722248948287693,425,30,0.75,0,0.0,0.0,31.475,2971,,,,,,,,,,,,,,,,,,,,,,,,,,,
75,C,participants_only,,,30,30,0,0,15,15,0.4538559621716114,0.2827035662718965,0.972019719872182,0.08047679790873188,425,30,1.0,0,0.0,0.0,25.3,2971,,,,,,,,,,,,,,,,,,,,,,,,,,,
75,C,nonparticipants_only,,,10,0,10,0,0,0,0.20422823770926427,0.20078566906310302,0.30055106137236265,0.0007336849736943973,0,0,0.0,0,0.0,0.0,50.0,0,,,,,,,,,,,,,,,,,,,,,,,,,,,
75,C,step_totals,,,,,,,,,,,,,,,,,,,,,75.50000000000006,,,58.0,0.7682119205298007,8.5,0.11258278145695355,0.0,0.0,0.0069241700288370156,0.06896551724137931,0.0,0,4,25,10,,58,17,30,3.0000000000000004,0.03973509933774832,6.000000000000003,0.07947019867549666,15,30,24
76,C,all_agents,,,40,30,10,0,15,15,0.3925024952762731,0.24216208165247483,0.9731389310772948,0.07277582876277584,434,30,0.75,0,0.0,0.0,31.7,3019,,,,,,,,,,,,,,,,,,,,,,,,,,,
76,C,participants_only,,,30,30,0,0,15,15,0.45510046725299125,0.281290048440537,0.9731389310772948,0.08112082181048613,434,30,1.0,0,0.0,0.0,25.6,3019,,,,,,,,,,,,,,,,,,,,,,,,,,,
76,C,nonparticipants_only,,,10,0,10,0,0,0,0.2047085793461187,0.2010381603152379,0.2990483060655008,0.0007187764724690942,0,0,0.0,0,0.0,0.0,50.0,0,,,,,,,,,,,,,,,,,,,,,,,,,,,
76,C,step_totals,,,,,,,,,,,,,,,,,,,,,71.10000000000007,,,49.0,0.6891701828410682,11.5,0.16174402250351602,0.0,0.0,0.00693848536873525,0.1836734693877551,0.0,0,9,17,40,,49,23,29,4.600000000000001,0.06469760900140643,6.000000000000003,0.0843881856540084,23,30,27
77,C,all_agents,,,40,30,10,0,15,15,0.393725461849497,0.24095127124421245,0.9742133738342029,0.07347128037627156,441,30,0.75,0,0.0,0.0,31.475,3067,,,,,,,,,,,,,,,,,,,,,,,,,,,
77,C,participants_only,,,30,30,0,0,15,15,0.45657193246423816,0.2821314024518032,0.9742133738342029,0.08192824809260302,441,30,1.0,0,0.0,0.0,25.3,3067,,,,,,,,,,,,,,,,,,,,,,,,,,,
77,C,nonparticipants_only,,,10,0,10,0,0,0,0.2051860500052734,0.20157961880151248,0.29755306453517333,0.0007042308025227801,0,0,0.0,0,0.0,0.0,50.0,0,,,,,,,,,,,,,,,,,,,,,,,,,,,
77,C,step_totals,,,,,,,,,,,,,,,,,,,,,75.00000000000006,,,58.0,0.7733333333333328,8.0,0.10666666666666659,0.0,0.0,0.006944733456267882,0.1206896551724138,0.0,0,7,25,10,,58,16,30,3.0000000000000004,0.03999999999999997,6.000000000000003,0.07999999999999997,15,30,24
78,C,all_agents,,,40,30,10,0,15,15,0.3944703091611033,0.24089204845448475,0.9752448388808348,0.07393728924467333,447,30,0.75,0,0.0,0.0,31.7,3110,,,,,,,,,,,,,,,,,,,,,,,,,,,
78,C,participants_only,,,30,30,0,0,15,15,0.45740699768425935,0.2810345647995103,0.9752448388808348,0.08250841062560535,447,30,1.0,0,0.0,0.0,25.6,3110,,,,,,,,,,,,,,,,,,,,,,,,,,,
78,C,nonparticipants_only,,,10,0,10,0,0,0,0.20566024359163546,0.20103813159160722,0.29606529921249747,0.000691603954748227,0,0,0.0,0,0.0,0.0,50.0,0,,,,,,,,,,,,,,,,,,,,,,,,,,,
78,C,step_totals,,,,,,,,,,,,,,,,,,,,,70.40000000000006,,,49.0,0.6960227272727266,11.0,0.15624999999999986,0.0,0.0,0.005985639364113792,0.12244897959183673,0.0,0,6,18,39,,49,22,29,4.400000000000001,0.062499999999999965,6.000000000000003,0.0852272727272727,22,30,27
79,C,all_agents,,,40,30,10,0,15,15,0.3956729546117575,0.24026036948941867,0.9762350453256015,0.07464824639319591,452,30,0.75,0,0.0,0.0,31.475,3160,,,,,,,,,,,,,,,,,,,,,,,,,,,
79,C,participants_only,,,30,30,0,0,15,15,0.45885343335234063,0.2823185173842606,0.9762350453256015,0.0833373453324134,452,30,1.0,0,0.0,0.0,25.3,3160,,,,,,,,,,,,,,,,,,,,,,,,,,,
79,C,nonparticipants_only,,,10,0,10,0,0,0,0.2061315183900082,0.20216193113817854,0.29458497271643497,0.0006796748488721345,0,0,0.0,0,0.0,0.0,50.0,0,,,,,,,,,,,,,,,,,,,,,,,,,,,
79,C,step_totals,,,,,,,,,,,,,,,,,,,,,75.00000000000007,,,58.0,0.7733333333333327,8.0,0.10666666666666656,0.0,0.0,0.00688556408000046,0.08620689655172414,0.0,0,5,25,10,,58,16,30,3.0000000000000004,0.039999999999999966,6.000000000000003,0.07999999999999996,15,30,24
80,C,all_agents,,,40,30,10,0,15,15,0.39645698344122493,0.23961852362011898,0.9771856435125774,0.07512962119779074,463,30,0.75,0,0.0,0.0,31.7,3206,,,,,,,,,,,,,,,,,,,,,,,,,,,
80,C,participants_only,,,30,30,0,0,15,15,0.459742592084937,0.2816134827655297,0.9771856435125774,0.08393006718147085,463,30,1.0,0,0.0,0.0,25.6,3206,,,,,,,,,,,,,,,,,,,,,,,,,,,
80,C,nonparticipants_only,,,10,0,10,0,0,0,0.20660015751008876,0.20390938068531178,0.2931120478528528,0.0006674641098894193,0,0,0.0,0,0.0,0.0,50.0,0,,,,,,,,,,,,,,,,,,,,,,,,,,,
80,C,step_totals,,,,,,,,,,,,,,,,,,,,,69.70000000000007,,,49.0,0.7030129124820652,10.5,0.1506456241032997,0.0,0.0,0.006223199752887002,0.22448979591836735,0.0,0,11,19,38,,49,21,29,4.200000000000001,0.06025824964131989,6.000000000000003,0.08608321377331415,21,30,27
80,C,reachability,0.25,0.0,,,,,,,,,,,,,,,,,,,,,,,,,,,,,,,,,,,,,,,,,,,,,
81,C,all_agents,,,40,30,10,0,15,15,0.39785839768680753,0.23905057634732294,0.9780982177720743,0.07588509520505655,472,30,0.75,0,0.0,0.0,31.475,3261,,,,,,,,,,,,,,,,,,,,,,,,,,,
81,C,participants_only,,,30,30,0,0,15,15,0.46145578712497765,0.2831939096436671,0.9780982177720743,0.08478334801556332,472,30,1.0,0,0.0,0.0,25.3,3261,,,,,,,,,,,,,,,,,,,,,,,,,,,
81,C,nonparticipants_only,,,10,0,10,0,0,0,0.2070662293722973,0.20376097636302856,0.2916464876135885,0.0006548014533330421,0,0,0.0,0,0.0,0.0,50.0,0,,,,,,,,,,,,,,,,,,,,,,,,,,,
81,C,step_totals,,,,,,,,,,,,,,,,,,,,,75.00000000000006,,,58.0,0.7733333333333328,8.0,0.10666666666666659,0.0,0.0,0.00752904214134996,0.15517241379310345,0.0,0,9,25,10,,58,16,30,3.0000000000000004,0.03999999999999997,6.000000000000003,0.07999999999999997,15,30,24
82,C,all_agents,,,40,30,10,0,15,15,0.39858466558244,0.24067742859304442,0.9789742890611913,0.07633322041741239,480,30,0.75,0,0.0,0.0,31.7,3305,,,,,,,,,,,,,,,,,,,,,,,,,,,
82,C,participants_only,,,30,30,0,0,15,15,0.4622697055990878,0.2840087180948236,0.9789742890611913,0.08534036015799314,480,30,1.0,0,0.0,0.0,25.6,3305,,,,,,,,,,,,,,,,,,,,,,,,,,,
82,C,nonparticipants_only,,,10,0,10,0,0,0,0.2075295455324965,0.20463268176051175,0.2901882551755206,0.0006423893326057556,0,0,0.0,0,0.0,0.0,50.0,0,,,,,,,,,,,,,,,,,,,,,,,,,,,
82,C,step_totals,,,,,,,,,,,,,,,,,,,,,69.70000000000006,,,49.0,0.7030129124820654,10.5,0.15064562410329974,0.0,0.0,0.006043127924731959,0.16326530612244897,0.0,0,8,19,38,,49,21,29,4.200000000000001,0.06025824964131991,6.000000000000003,0.08608321377331417,21,30,26
83,C,all_agents,,,40,30,10,0,15,15,0.3995608408103007,0.24153358532138502,0.9798153174987436,0.07702475563148858,490,30,0.75,0,0.0,0.0,31.475,3355,,,,,,,,,,,,,,,,,,,,,,,,,,,
83,C,participants_only,,,30,30,0,0,15,15,0.46341782249552776,0.28262645446313817,0.9798153174987436,0.08617847946298958,490,30,1.0,0,0.0,0.0,25.3,3355,,,,,,,,,,,,,,,,,,,,,,,,,,,
83,C,nonparticipants_only,,,10,0,10,0,0,0,0.20798989575461937,0.20469550596562597,0.288737313899643,0.0006310148176164226,0,0,0.0,0,0.0,0.0,50.0,0,,,,,,,,,,,,,,,,,,,,,,,,,,,
83,C,step_totals,,,,,,,,,,,,,,,,,,,,,74.00000000000006,,,58.0,0.7837837837837832,7.0,0.09459459459459452,0.0,0.0,0.00629555548756762,0.1724137931034483,0.0,0,10,26,9,,58,14,30,3.0000000000000004,0.040540540540540515,6.000000000000003,0.08108108108108106,15,30,23
84,C,all_agents,,,40,30,10,0,15,15,0.4002873442897176,0.2425703393033631,0.9806227047987939,0.07748677087782238,494,30,0.75,0,0.0,0.0,31.7,3401,,,,,,,,,,,,,,,,,,,,,,,,,,,
84,C,participants_only,,,30,30,0,0,15,15,0.4642340460613496,0.2818829735317053,0.9806227047987939,0.0867519939144779,494,30,1.0,0,0.0,0.0,25.6,3401,,,,,,,,,,,,,,,,,,,,,,,,,,,
84,C,nonparticipants_only,,,10,0,10,0,0,0,0.20844723897482173,0.2049188452056022,0.2872936273301448,0.0006209337582153889,0,0,0.0,0,0.0,0.0,50.0,0,,,,,,,,,,,,,,,,,,,,,,,,,,,
84,C,step_totals,,,,,,,,,,,,,,,,,,,,,69.90000000000008,,,49.0,0.7010014306151637,10.5,0.15021459227467795,0.0,0.0,0.006037732220065834,0.08163265306122448,0.0,0,4,19,38,,49,21,29,4.400000000000001,0.06294706723891268,6.000000000000003,0.08583690987124458,22,30,26
85,C,all_agents,,,40,30,10,0,15,15,0.40136910758181554,0.24182173327707435,0.9813977966068421,0.07821564594430602,502,30,0.75,0,0.0,0.0,31.475,3452,,,,,,,,,,,,,,,,,,,,,,,,,,,
85,C,participants_only,,,30,30,0,0,15,15,0.4655248137835648,0.2804735586640468,0.9813977966068421,0.0876201364570184,502,30,1.0,0,0.0,0.0,25.3,3452,,,,,,,,,,,,,,,,,,,,,,,,,,,
85,C,nonparticipants_only,,,10,0,10,0,0,0,0.20890198897656787,0.20639113268348988,0.2858571591934941,0.0006107187472269116,0,0,0.0,0,0.0,0.0,50.0,0,,,,,,,,,,,,,,,,,,,,,,,,,,,
85,C,step_totals,,,,,,,,,,,,,,,,,,,,,74.00000000000006,,,58.0,0.7837837837837832,7.0,0.09459459459459452,0.0,0.0,0.00664394309992013,0.13793103448275862,0.0,0,8,26,9,,58,14,29,3.0000000000000004,0.040540540540540515,6.000000000000003,0.08108108108108106,15,30,22
86,C,all_agents,,,40,30,10,0,15,15,0.4019989406565177,0.24125153722469633,0.9821418847425685,0.0786235999963279,506,30,0.75,0,0.0,0.0,31.7,3494,,,,,,,,,,,,,,,,,,,,,,,,,,,
86,C,participants_only,,,30,30,0,0,15,15,0.4662138328725936,0.2804346849580749,0.9821418847425685,0.08813727146249231,506,30,1.0,0,0.0,0.0,25.6,3494,,,,,,,,,,,,,,,,,,,,,,,,,,,
86,C,nonparticipants_only,,,10,0,10,0,0,0,0.20935426400828983,0.20708489973731636,0.2844278733975266,0.000599957009967636,0,0,0.0,0,0.0,0.0,50.0,0,,,,,,,,,,,,,,,,,,,,,,,,,,,
86,C,step_totals,,,,,,,,,,,,,,,,,,,,,69.90000000000006,,,49.0,0.7010014306151638,10.5,0.15021459227467798,0.0,0.0,0.005719909044205479,0.08163265306122448,0.0,0,4,19,38,,49,21,29,4.400000000000001,0.06294706723891269,6.000000000000003,0.0858369098712446,22,30,26
87,C,all_agents,,,40,30,10,0,15,15,0.4029246845385716,0.2407571744429161,0.9828562093528658,0.07930396163549892,512,30,0.75,0,0.0,0.0,31.475,3544,,,,,,,,,,,,,,,,,,,,,,,,,,,
87,C,participants_only,,,30,30,0,0,15,15,0.4672983029050819,0.27903251153328446,0.9828562093528658,0.08896624374018264,512,30,1.0,0,0.0,0.0,25.3,3544,,,,,,,,,,,,,,,,,,,,,,,,,,,
87,C,nonparticipants_only,,,10,0,10,0,0,0,0.20980382943904094,0.20741490707679566,0.28300573403053897,0.0005895624222825201,0,0,0.0,0,0.0,0.0,50.0,0,,,,,,,,,,,,,,,,,,,,,,,,,,,
87,C,step_totals,,,,,,,,,,,,,,,,,,,,,74.00000000000006,,,58.0,0.7837837837837832,7.0,0.09459459459459452,0.0,0.0,0.006142882127771028,0.10344827586206896,0.0,0,6,26,9,,58,14,29,3.0000000000000004,0.040540540540540515,6.000000000000003,0.08108108108108106,15,30,22
88,C,all_agents,,,40,30,10,0,15,15,0.4036089819123559,0.2423481585185462,0.9835419609787511,0.07971755490085276,521,30,0.75,0,0.0,0.0,31.7,3591,,,,,,,,,,,,,,,,,,,,,,,,,,,
88,C,participants_only,,,30,30,0,0,15,15,0.4680617620874709,0.2788046348166167,0.9835419609787511,0.08948018613779837,521,30,1.0,0,0.0,0.0,25.6,3591,,,,,,,,,,,,,,,,,,,,,,,,,,,
88,C,nonparticipants_only,,,10,0,10,0,0,0,0.21025064138701083,0.20833665473955615,0.2815907053603863,0.0005797307223955349,0,0,0.0,0,0.0,0.0,50.0,0,,,,,,,,,,,,,,,,,,,,,,,,,,,
88,C,step_totals,,,,,,,,,,,,,,,,,,,,,69.90000000000006,,,49.0,0.7010014306151638,10.5,0.15021459227467798,0.0,0.0,0.005917989268153527,0.1836734693877551,0.0,0,9,19,38,,49,21,29,4.400000000000001,0.06294706723891269,6.000000000000003,0.0858369098712446,22,30,26
89,C,all_agents,,,40,30,10,0,15,15,0.4047040372282899,0.2425649728223898,0.9842002825396011,0.08044661072918984,529,30,0.75,0,0.0,0.0,31.475,3644,,,,,,,,,,,,,,,,,,,,,,,,,,,
89,C,participants_only,,,30,30,0,0,15,15,0.4693737984230475,0.2774106116425336,0.9842002825396011,0.09034332814133096,529,30,1.0,0,0.0,0.0,25.3,3644,,,,,,,,,,,,,,,,,,,,,,,,,,,
89,C,nonparticipants_only,,,10,0,10,0,0,0,0.21069475364401716,0.20775632391196455,0.2801827518335843,0.0005703223369227564,0,0,0.0,0,0.0,0.0,50.0,0,,,,,,,,,,,,,,,,,,,,,,,,,,,
89,C,step_totals,,,,,,,,,,,,,,,,,,,,,74.00000000000006,,,58.0,0.7837837837837832,7.0,0.09459459459459452,0.0,0.0,0.006697818447645948,0.13793103448275862,0.0,0,8,26,9,,58,14,29,3.0000000000000004,0.040540540540540515,6.000000000000003,0.08108108108108106,15,30,22
90,C,all_agents,,,40,30,10,0,15,15,0.40544381201003044,0.2435648841515264,0.9848322712380171,0.08088258355852791,535,30,0.75,0,0.0,0.0,31.7,3693,,,,,,,,,,,,,,,,,,,,,,,,,,,
90,C,participants_only,,,30,30,0,0,15,15,0.47021302237727725,0.2790014205285601,0.9848322712380171,0.09087611492462422,535,30,1.0,0,0.0,0.0,25.6,3693,,,,,,,,,,,,,,,,,,,,,,,,,,,
90,C,nonparticipants_only,,,10,0,10,0,0,0,0.21113618090828987,0.20888183902464302,0.2787818380744164,0.0005613821210788886,0,0,0.0,0,0.0,0.0,50.0,0,,,,,,,,,,,,,,,,,,,,,,,,,,,
90,C,step_totals,,,,,,,,,,,,,,,,,,,,,69.90000000000005,,,49.0,0.7010014306151641,10.5,0.150214592274678,0.0,0.0,0.006122646533581432,0.12244897959183673,0.0,0,6,19,38,,49,21,29,4.400000000000001,0.0629470672389127,6.000000000000003,0.08583690987124461,22,30,26
90,C,reachability,0.25,0.0,,,,,,,,,,,,,,,,,,,,,,,,,,,,,,,,,,,,,,,,,,,,,
91,C,all_agents,,,40,30,10,0,15,15,0.406511267364225,0.24320376316548842,0.9854389803884964,0.08157157899070966,538,30,0.75,0,0.0,0.0,31.475,3746,,,,,,,,,,,,,,,,,,,,,,,,,,,
91,C,participants_only,,,30,30,0,0,15,15,0.4714900062358185,0.2776064134259173,0.9854389803884964,0.09168899752368856,538,30,1.0,0,0.0,0.0,25.3,3746,,,,,,,,,,,,,,,,,,,,,,,,,,,
91,C,nonparticipants_only,,,10,0,10,0,0,0,0.21157505074944422,0.21052159291250275,0.27738792888404434,0.0005524853276599882,0,0,0.0,0,0.0,0.0,50.0,0,,,,,,,,,,,,,,,,,,,,,,,,,,,
91,C,step_totals,,,,,,,,,,,,,,,,,,,,,74.00000000000006,,,58.0,0.7837837837837832,7.0,0.09459459459459452,0.0,0.0,0.006613021922711402,0.05172413793103448,0.0,0,3,26,8,,58,14,28,3.0000000000000004,0.040540540540540515,6.000000000000003,0.08108108108108106,15,30,20
92,C,all_agents,,,40,30,10,0,15,15,0.40705869318075955,0.24255972190121572,0.9860214211729565,0.08193704153725774,546,30,0.75,0,0.0,0.0,31.7,3792,,,,,,,,,,,,,,,,,,,,,,,,,,,
92,C,participants_only,,,30,30,0,0,15,15,0.4720744885924032,0.2793923176196237,0.9860214211729565,0.09215989412589787,546,30,1.0,0,0.0,0.0,25.6,3792,,,,,,,,,,,,,,,,,,,,,,,,,,,
92,C,nonparticipants_only,,,10,0,10,0,0,0,0.2120113069458287,0.2103773200388484,0.27600098923962413,0.0005438399352329746,0,0,0.0,0,0.0,0.0,50.0,0,,,,,,,,,,,,,,,,,,,,,,,,,,,
92,C,step_totals,,,,,,,,,,,,,,,,,,,,,69.90000000000008,,,49.0,0.7010014306151637,10.5,0.15021459227467795,0.0,0.0,0.005474736524424164,0.16326530612244897,0.0,0,8,19,37,,49,21,29,4.400000000000001,0.06294706723891268,6.000000000000003,0.08583690987124458,22,30,25
93,C,all_agents,,,40,30,10,0,15,15,0.4080233024949271,0.24198379636628303,0.9865805643260382,0.08263948533947964,555,30,0.75,0,0.0,0.0,31.475,3846,,,,,,,,,,,,,,,,,,,,,,,,,,,
93,C,participants_only,,,30,30,0,0,15,15,0.4732161176836857,0.2779953560315256,0.9865805643260382,0.09300694809580863,555,30,1.0,0,0.0,0.0,25.3,3846,,,,,,,,,,,,,,,,,,,,,,,,,,,
93,C,nonparticipants_only,,,10,0,10,0,0,0,0.21244485692865128,0.21121946530685265,0.274620984293426,0.0005358592436650256,0,0,0.0,0,0.0,0.0,50.0,0,,,,,,,,,,,,,,,,,,,,,,,,,,,
93,C,step_totals,,,,,,,,,,,,,,,,,,,,,74.00000000000007,,,58.0,0.783783783783783,7.0,0.0945945945945945,0.0,0.0,0.0062827134580765095,0.15517241379310345,0.0,0,9,26,8,,58,14,27,3.0000000000000004,0.04054054054054051,6.000000000000003,0.08108108108108104,15,30,20
94,C,all_agents,,,40,30,10,0,15,15,0.4085371421502107,0.24291747366122987,0.9871173417529967,0.08299245715791853,564,30,0.75,0,0.0,0.0,31.7,3892,,,,,,,,,,,,,,,,,,,,,,,,,,,
94,C,participants_only,,,30,30,0,0,15,15,0.47375755370352857,0.278007948624449,0.9871173417529967,0.09346584714817291,564,30,1.0,0,0.0,0.0,25.6,3892,,,,,,,,,,,,,,,,,,,,,,,,,,,
94,C,nonparticipants_only,,,10,0,10,0,0,0,0.212875907490257,0.21123271629711227,0.2732478793719589,0.0005278621889454339,0,0,0.0,0,0.0,0.0,50.0,0,,,,,,,,,,,,,,,,,,,,,,,,,,,
94,C,step_totals,,,,,,,,,,,,,,,,,,,,,69.90000000000006,,,49.0,0.7010014306151638,10.5,0.15021459227467798,0.0,0.0,0.005370151775272544,0.1836734693877551,0.0,0,9,19,37,,49,21,29,4.400000000000001,0.06294706723891269,6.000000000000003,0.0858369098712446,22,30,25
95,C,all_agents,,,40,30,10,0,15,15,0.40933661185725306,0.24324916864320323,0.9876326480828769,0.08365228361173895,572,30,0.75,0,0.0,0.0,31.475,3943,,,,,,,,,,,,,,,,,,,,,,,,,,,
95,C,participants_only,,,30,30,0,0,15,15,0.4746806280429398,0.27661790888132676,0.9876326480828769,0.09428384267610748,572,30,1.0,0,0.0,0.0,25.3,3943,,,,,,,,,,,,,,,,,,,,,,,,,,,
95,C,nonparticipants_only,,,10,0,10,0,0,0,0.2133045633001927,0.21148957687215367,0.27188163997509907,0.0005195210033297743,0,0,0.0,0,0.0,0.0,50.0,0,,,,,,,,,,,,,,,,,,,,,,,,,,,
95,C,step_totals,,,,,,,,,,,,,,,,,,,,,74.00000000000006,,,58.0,0.7837837837837832,7.0,0.09459459459459452,0.0,0.0,0.005750725272819971,0.13793103448275862,0.0,0,8,26,7,,58,14,27,3.0000000000000004,0.040540540540540515,6.000000000000003,0.08108108108108106,15,30,20
96,C,all_agents,,,40,30,10,0,15,15,0.4098482550524569,0.2451111110773196,0.9881273421595618,0.08400595921669136,580,30,0.75,0,0.0,0.0,31.7,3989,,,,,,,,,,,,,,,,,,,,,,,,,,,
96,C,participants_only,,,30,30,0,0,15,15,0.47522081517787196,0.27644984002820555,0.9881273421595618,0.09474305966239775,580,30,1.0,0,0.0,0.0,25.6,3989,,,,,,,,,,,,,,,,,,,,,,,,,,,
96,C,nonparticipants_only,,,10,0,10,0,0,0,0.2137305746762118,0.2128441643529093,0.27052223177522355,0.0005117984713601348,0,0,0.0,0,0.0,0.0,50.0,0,,,,,,,,,,,,,,,,,,,,,,,,,,,
96,C,step_totals,,,,,,,,,,,,,,,,,,,,,69.90000000000006,,,49.0,0.7010014306151638,10.5,0.15021459227467798,0.0,0.0,0.0053707027651931655,0.16326530612244897,0.0,0,8,19,37,,49,21,30,4.400000000000001,0.06294706723891269,6.000000000000003,0.0858369098712446,22,30,25
97,C,all_agents,,,40,30,10,0,15,15,0.41060082531384856,0.24473769948887347,0.9886022484731793,0.0846609531777569,588,30,0.75,0,0.0,0.0,31.475,4041,,,,,,,,,,,,,,,,,,,,,,,,,,,
97,C,participants_only,,,30,30,0,0,15,15,0.4760831339355948,0.27506759082806453,0.9886022484731793,0.09556124971849798,588,30,1.0,0,0.0,0.0,25.3,4041,,,,,,,,,,,,,,,,,,,,,,,,,,,
97,C,nonparticipants_only,,,10,0,10,0,0,0,0.2141538994486098,0.21349413207200832,0.2691696206163474,0.0005048706463301827,0,0,0.0,0,0.0,0.0,50.0,0,,,,,,,,,,,,,,,,,,,,,,,,,,,
97,C,step_totals,,,,,,,,,,,,,,,,,,,,,74.00000000000007,,,58.0,0.783783783783783,7.0,0.0945945945945945,0.0,0.0,0.005601983797804033,0.13793103448275862,0.0,0,8,26,7,,58,14,27,3.0000000000000004,0.04054054054054051,6.000000000000003,0.08108108108108104,15,30,20
98,C,all_agents,,,40,30,10,0,15,15,0.4111883647501569,0.2441905056783319,0.9890581585342522,0.08504020779336911,596,30,0.75,0,0.0,0.0,31.7,4090,,,,,,,,,,,,,,,,,,,,,,,,,,,
98,C,participants_only,,,30,30,0,0,15,15,0.47672628189030825,0.2766379406894052,0.9890581585342522,0.09603990700167675,596,30,1.0,0,0.0,0.0,25.6,4090,,,,,,,,,,,,,,,,,,,,,,,,,,,
98,C,nonparticipants_only,,,10,0,10,0,0,0,0.21457461332970293,0.21377843018212392,0.26782377251326567,0.000498487171614152,0,0,0.0,0,0.0,0.0,50.0,0,,,,,,,,,,,,,,,,,,,,,,,,,,,
98,C,step_totals,,,,,,,,,,,,,,,,,,,,,69.90000000000009,,,49.0,0.7010014306151636,10.5,0.15021459227467793,0.0,0.0,0.0056386732667650565,0.16326530612244897,0.0,0,8,19,37,,49,21,30,4.400000000000001,0.06294706723891266,6.000000000000003,0.08583690987124457,22,30,25
99,C,all_agents,,,40,30,10,0,15,15,0.41204788823974353,0.24354279521810374,0.9894958321928821,0.08572855949340116,604,30,0.75,0,0.0,0.0,31.475,4144,,,,,,,,,,,,,,,,,,,,,,,,,,,
99,C,participants_only,,,30,30,0,0,15,15,0.47773289474745184,0.2766831297357485,0.9894958321928821,0.09688259799932718,604,30,1.0,0,0.0,0.0,25.3,4144,,,,,,,,,,,,,,,,,,,,,,,,,,,
99,C,nonparticipants_only,,,10,0,10,0,0,0,0.21499286871661855,0.21466673612103643,0.26648465365069934,0.0004922030166108808,0,0,0.0,0,0.0,0.0,50.0,0,,,,,,,,,,,,,,,,,,,,,,,,,,,
99,C,step_totals,,,,,,,,,,,,,,,,,,,,,74.00000000000006,,,58.0,0.7837837837837832,7.0,0.09459459459459452,0.0,0.0,0.005962911438033575,0.13793103448275862,0.0,0,8,26,8,,58,14,27,3.0000000000000004,0.040540540540540515,6.000000000000003,0.08108108108108106,15,30,21
100,C,all_agents,,,40,30,10,0,15,15,0.4125985992927403,0.24453591366663405,0.9899159989051668,0.08608802584321916,612,30,0.75,0,0.0,0.0,31.7,4192,,,,,,,,,,,,,,,,,,,,,,,,,,,
100,C,participants_only,,,30,30,0,0,15,15,0.47832849357810214,0.2770115857094829,0.9899159989051668,0.09734063354655546,612,30,1.0,0,0.0,0.0,25.6,4192,,,,,,,,,,,,,,,,,,,,,,,,,,,
100,C,nonparticipants_only,,,10,0,10,0,0,0,0.21540891643665488,0.21391050365844602,0.26515223038244584,0.00048517470003217795,0,0,0.0,0,0.0,0.0,50.0,0,,,,,,,,,,,,,,,,,,,,,,,,,,,
100,C,step_totals,,,,,,,,,,,,,,,,,,,,,69.90000000000008,,,49.0,0.7010014306151637,10.5,0.15021459227467795,0.0,0.0,0.005523661053779964,0.16326530612244897,0.0,0,8,19,37,,49,21,30,4.400000000000001,0.06294706723891268,6.000000000000003,0.08583690987124458,22,30,25
100,C,reachability,0.25,0.0,,,,,,,,,,,,,,,,,,,,,,,,,,,,,,,,,,,,,,,,,,,,,
101,C,all_agents,,,40,30,10,0,15,15,0.4133811694761033,0.24445594456335054,0.9903193589489602,0.08670407740614267,616,30,0.75,0,0.0,0.0,31.475,4243,,,,,,,,,,,,,,,,,,,,,,,,,,,
101,C,participants_only,,,30,30,0,0,15,15,0.4792340254685108,0.2756265277809355,0.9903193589489602,0.09809971591400081,616,30,1.0,0,0.0,0.0,25.3,4243,,,,,,,,,,,,,,,,,,,,,,,,,,,
101,C,nonparticipants_only,,,10,0,10,0,0,0,0.215822601498881,0.2141175216814124,0.2638264692305336,0.0004779781742872176,0,0,0.0,0,0.0,0.0,50.0,0,,,,,,,,,,,,,,,,,,,,,,,,,,,
101,C,step_totals,,,,,,,,,,,,,,,,,,,,,74.00000000000006,,,58.0,0.7837837837837832,7.0,0.09459459459459452,0.0,0.0,0.0057185660811187805,0.06896551724137931,0.0,0,4,26,8,,58,14,27,3.0000000000000004,0.040540540540540515,6.000000000000003,0.08108108108108106,15,30,21
102,C,all_agents,,,40,30,10,0,15,15,0.4139024927246225,0.24641124069811055,0.9907065845910018,0.08705184064165512,626,30,0.75,0,0.0,0.0,31.7,4292,,,,,,,,,,,,,,,,,,,,,,,,,,,
102,C,participants_only,,,30,30,0,0,15,15,0.47979214949919813,0.27568831523031534,0.9907065845910018,0.09854596439540454,626,30,1.0,0,0.0,0.0,25.6,4292,,,,,,,,,,,,,,,,,,,,,,,,,,,
102,C,nonparticipants_only,,,10,0,10,0,0,0,0.2162335224008956,0.21537599333862278,0.26250733688438094,0.00047210694195029714,0,0,0.0,0,0.0,0.0,50.0,0,,,,,,,,,,,,,,,,,,,,,,,,,,,
102,C,step_totals,,,,,,,,,,,,,,,,,,,,,69.90000000000006,,,49.0,0.7010014306151638,10.5,0.15021459227467798,0.0,0.0,0.005432392194518564,0.20408163265306123,0.0,0,10,19,37,,49,21,30,4.400000000000001,0.06294706723891269,6.000000000000003,0.0858369098712446,22,30,25
103,C,all_agents,,,40,30,10,0,15,15,0.41457264820858114,0.2458017561720146,0.9910783212073617,0.08768493092976981,641,30,0.75,0,0.0,0.0,31.475,4345,,,,,,,,,,,,,,,,,,,,,,,,,,,
103,C,participants_only,,,30,30,0,0,15,15,0.4805495377639447,0.2749990335629422,0.9910783212073617,0.09934593116508932,641,30,1.0,0,0.0,0.0,25.3,4345,,,,,,,,,,,,,,,,,,,,,,,,,,,
103,C,nonparticipants_only,,,10,0,10,0,0,0,0.21664197954249048,0.2160035347441674,0.26119480019995905,0.0004665307590036127,0,0,0.0,0,0.0,0.0,50.0,0,,,,,,,,,,,,,,,,,,,,,,,,,,,
103,C,step_totals,,,,,,,,,,,,,,,,,,,,,73.30000000000007,,,58.0,0.7912687585266023,6.5,0.08867667121418818,0.0,0.0,0.005431207976072284,0.25862068965517243,0.0,0,15,27,7,,58,13,27,2.8000000000000003,0.038199181446111834,6.000000000000003,0.08185538881309683,14,30,20
104,C,all_agents,,,40,30,10,0,15,15,0.4150154510584549,0.24540374068961823,0.9914351883590673,0.0879974597682825,647,30,0.75,0,0.0,0.0,31.7,4393,,,,,,,,,,,,,,,,,,,,,,,,,,,
104,C,participants_only,,,30,30,0,0,15,15,0.48100457758987014,0.2741989730708674,0.9914351883590673,0.09975804044073144,647,30,1.0,0,0.0,0.0,25.6,4393,,,,,,,,,,,,,,,,,,,,,,,,,,,
104,C,nonparticipants_only,,,10,0,10,0,0,0,0.2170480714642092,0.21622839788279846,0.25988882619895926,0.00046093990638608256,0,0,0.0,0,0.0,0.0,50.0,0,,,,,,,,,,,,,,,,,,,,,,,,,,,
104,C,step_totals,,,,,,,,,,,,,,,,,,,,,69.90000000000006,,,49.0,0.7010014306151638,10.5,0.15021459227467798,0.0,0.0,0.005170863038090493,0.12244897959183673,0.0,0,6,19,37,,49,21,30,4.400000000000001,0.06294706723891269,6.000000000000003,0.0858369098712446,22,30,25
105,C,all_agents,,,40,30,10,0,15,15,0.4157101869827919,0.2445361962184977,0.9917777808247046,0.08862995042637974,656,30,0.75,0,0.0,0.0,31.475,4447,,,,,,,,,,,,,,,,,,,,,,,,,,,
105,C,participants_only,,,30,30,0,0,15,15,0.4817962954573962,0.27462281724504156,0.9917777808247046,0.10055204062951255,656,30,1.0,0,0.0,0.0,25.3,4447,,,,,,,,,,,,,,,,,,,,,,,,,,,
105,C,nonparticipants_only,,,10,0,10,0,0,0,0.21745186155897894,0.21713543144639547,0.25858938206796445,0.000455195017175283,0,0,0.0,0,0.0,0.0,50.0,0,,,,,,,,,,,,,,,,,,,,,,,,,,,
105,C,step_totals,,,,,,,,,,,,,,,,,,,,,73.30000000000005,,,58.0,0.7912687585266024,6.5,0.08867667121418821,0.0,0.0,0.00551442335471887,0.15517241379310345,0.0,0,9,27,7,,58,13,27,2.8000000000000003,0.03819918144611185,6.000000000000003,0.08185538881309684,14,30,20
106,C,all_agents,,,40,30,10,0,15,15,0.4160324568223771,0.24444854094678692,0.9921066695917165,0.08885094572201216,664,30,0.75,0,0.0,0.0,31.7,4490,,,,,,,,,,,,,,,,,,,,,,,,,,,
106,C,participants_only,,,30,30,0,0,15,15,0.48209213394705863,0.27464677703584406,0.9921066695917165,0.10086271923652744,664,30,1.0,0,0.0,0.0,25.6,4490,,,,,,,,,,,,,,,,,,,,,,,,,,,
106,C,nonparticipants_only,,,10,0,10,0,0,0,0.2178534254483327,0.216405291827846,0.2572964351576246,0.00044905387666033686,0,0,0.0,0,0.0,0.0,50.0,0,,,,,,,,,,,,,,,,,,,,,,,,,,,
106,C,step_totals,,,,,,,,,,,,,,,,,,,,,69.90000000000006,,,49.0,0.7010014306151638,10.5,0.15021459227467798,0.0,0.0,0.004765811562197169,0.16326530612244897,0.0,0,8,19,37,,49,21,30,4.400000000000001,0.06294706723891269,6.000000000000003,0.0858369098712446,22,30,25
107,C,all_agents,,,40,30,10,0,15,15,0.4166649276542451,0.2442020871046067,0.9924224028080478,0.08948160434833342,670,30,0.75,0,0.0,0.0,31.475,4543,,,,,,,,,,,,,,,,,,,,,,,,,,,
107,C,participants_only,,,30,30,0,0,15,15,0.4828023719359053,0.2742334900451109,0.9924224028080478,0.10166444811830587,670,30,1.0,0,0.0,0.0,25.3,4543,,,,,,,,,,,,,,,,,,,,,,,,,,,
107,C,nonparticipants_only,,,10,0,10,0,0,0,0.21825259480926465,0.21665479258093,0.2560099529818365,0.0004431346050996365,0,0,0.0,0,0.0,0.0,50.0,0,,,,,,,,,,,,,,,,,,,,,,,,,,,
107,C,step_totals,,,,,,,,,,,,,,,,,,,,,73.30000000000005,,,58.0,0.7912687585266024,6.5,0.08867667121418821,0.0,0.0,0.0053116183297223915,0.10344827586206896,0.0,0,6,27,7,,58,13,27,2.8000000000000003,0.03819918144611185,6.000000000000003,0.08185538881309684,14,30,20
108,C,all_agents,,,40,30,10,0,15,15,0.4170606817055529,0.24520815625553777,0.9927255066957259,0.08976459925521271,677,30,0.75,0,0.0,0.0,31.7,4591,,,,,,,,,,,,,,,,,,,,,,,,,,,
108,C,participants_only,,,30,30,0,0,15,15,0.483197876323774,0.27387312166918704,0.9927255066957259,0.10204345903076983,677,30,1.0,0,0.0,0.0,25.6,4591,,,,,,,,,,,,,,,,,,,,,,,,,,,
108,C,nonparticipants_only,,,10,0,10,0,0,0,0.21864909785088976,0.21782046476944336,0.2562118121787317,0.0004384777849199329,0,0,0.0,0,0.0,0.0,50.0,0,,,,,,,,,,,,,,,,,,,,,,,,,,,
108,C,step_totals,,,,,,,,,,,,,,,,,,,,,69.90000000000005,,,49.0,0.7010014306151641,10.5,0.150214592274678,0.0,0.0,0.005025424600273034,0.14285714285714285,0.0,0,7,19,37,,49,21,30,4.400000000000001,0.0629470672389127,6.000000000000003,0.08583690987124461,22,30,25
109,C,all_agents,,,40,30,10,0,16,14,0.4177051834519869,0.2441846958876024,0.9930164864278969,0.09040697336029548,685,30,0.75,0,0.0,0.0,31.475,4646,,,,,,,,,,,,,,,,,,,,,,,,,,,
109,C,participants_only,,,30,30,0,0,16,14,0.48392579175720374,0.2733622467220921,0.9930164864278969,0.10285741060067186,685,30,1.0,0,0.0,0.0,25.3,4646,,,,,,,,,,,,,,,,,,,,,,,,,,,
109,C,nonparticipants_only,,,10,0,10,0,0,0,0.21904335853633627,0.2184263536530002,0.25617009678770336,0.00043363406741085464,0,0,0.0,0,0.0,0.0,50.0,0,,,,,,,,,,,,,,,,,,,,,,,,,,,
109,C,step_totals,,,,,,,,,,,,,,,,,,,,,73.30000000000005,,,58.0,0.7912687585266024,6.5,0.08867667121418821,0.0,0.0,0.00535322390322204,0.13793103448275862,0.0,0,8,27,7,,58,13,27,2.8000000000000003,0.03819918144611185,6.000000000000003,0.08185538881309684,14,30,20
110,C,all_agents,,,40,30,10,0,16,14,0.4181213754154805,0.24596169230545617,0.993295826970781,0.09069285263346942,695,30,0.75,0,0.0,0.0,31.7,4694,,,,,,,,,,,,,,,,,,,,,,,,,,,
110,C,participants_only,,,30,30,0,0,16,14,0.48435003211287253,0.2733755264219828,0.993295826970781,0.10323601854824457,695,30,1.0,0,0.0,0.0,25.6,4694,,,,,,,,,,,,,,,,,,,,,,,,,,,
110,C,nonparticipants_only,,,10,0,10,0,0,0,0.2194354053233044,0.21859383254861747,0.25530653338830994,0.00042853527385186557,0,0,0.0,0,0.0,0.0,50.0,0,,,,,,,,,,,,,,,,,,,,,,,,,,,
110,C,step_totals,,,,,,,,,,,,,,,,,,,,,69.90000000000008,,,49.0,0.7010014306151637,10.5,0.15021459227467795,0.0,0.0,0.005103713662810058,0.20408163265306123,0.0,0,10,19,37,,49,21,30,4.400000000000001,0.06294706723891268,6.000000000000003,0.08583690987124458,22,30,25
110,C,reachability,0.25,0.0,,,,,,,,,,,,,,,,,,,,,,,,,,,,,,,,,,,,,,,,,,,,,
111,C,all_agents,,,40,30,10,0,16,14,0.41885557347642133,0.24536210914779166,0.9935639938919497,0.09134382566099791,704,30,0.75,0,0.0,0.0,31.475,4750,,,,,,,,,,,,,,,,,,,,,,,,,,,
111,C,participants_only,,,30,30,0,0,16,14,0.4851990520336597,0.27278719731009826,0.9935639938919497,0.10404473932344828,704,30,1.0,0,0.0,0.0,25.3,4750,,,,,,,,,,,,,,,,,,,,,,,,,,,
111,C,nonparticipants_only,,,10,0,10,0,0,0,0.2198251378047062,0.21951894756391077,0.25554104944126665,0.00042359890874986113,0,0,0.0,0,0.0,0.0,50.0,0,,,,,,,,,,,,,,,,,,,,,,,,,,,
111,C,step_totals,,,,,,,,,,,,,,,,,,,,,73.30000000000005,,,58.0,0.7912687585266024,6.5,0.08867667121418821,0.0,0.0,0.005649674292006562,0.15517241379310345,0.0,0,9,27,7,,58,13,27,2.8000000000000003,0.03819918144611185,6.000000000000003,0.08185538881309684,14,30,20
112,C,all_agents,,,40,30,10,0,16,14,0.41921050283400535,0.24481854032944994,0.9938214341362718,0.09159471987961092,715,30,0.75,0,0.0,0.0,31.7,4798,,,,,,,,,,,,,,,,,,,,,,,,,,,
112,C,participants_only,,,30,30,0,0,16,14,0.4855431334897105,0.2720474471355414,0.9938214341362718,0.10438667089888574,715,30,1.0,0,0.0,0.0,25.6,4798,,,,,,,,,,,,,,,,,,,,,,,,,,,
112,C,nonparticipants_only,,,10,0,10,0,0,0,0.22021261086688987,0.2188140004888415,0.2570889498228736,0.00041865214531203166,0,0,0.0,0,0.0,0.0,50.0,0,,,,,,,,,,,,,,,,,,,,,,,,,,,
112,C,step_totals,,,,,,,,,,,,,,,,,,,,,69.90000000000006,,,49.0,0.7010014306151638,10.5,0.15021459227467798,0.0,0.0,0.004903155461831074,0.22448979591836735,0.0,0,11,19,37,,49,21,30,4.400000000000001,0.06294706723891269,6.000000000000003,0.0858369098712446,22,30,25
113,C,all_agents,,,40,30,10,0,16,14,0.419707320267588,0.24400678234227996,0.9940685767708209,0.09215234747915352,722,30,0.75,0,0.0,0.0,31.475,4850,,,,,,,,,,,,,,,,,,,,,,,,,,,
113,C,participants_only,,,30,30,0,0,16,14,0.4860771285373194,0.27253141945142323,0.9940685767708209,0.1051121597858569,722,30,1.0,0,0.0,0.0,25.3,4850,,,,,,,,,,,,,,,,,,,,,,,,,,,
113,C,nonparticipants_only,,,10,0,10,0,0,0,0.22059789545839378,0.21910451815920612,0.25717665355800257,0.0004134931619125045,0,0,0.0,0,0.0,0.0,50.0,0,,,,,,,,,,,,,,,,,,,,,,,,,,,
113,C,step_totals,,,,,,,,,,,,,,,,,,,,,73.30000000000005,,,58.0,0.7912687585266024,6.5,0.08867667121418821,0.0,0.0,0.004874714749277533,0.1206896551724138,0.0,0,7,27,7,,58,13,27,2.8000000000000003,0.03819918144611185,6.000000000000003,0.08185538881309684,14,30,20
114,C,all_agents,,,40,30,10,0,16,14,0.4200778226638878,0.2445224471331972,0.9943058336999882,0.09241212417646551,729,30,0.75,0,0.0,0.0,31.7,4899,,,,,,,,,,,,,,,,,,,,,,,,,,,
114,C,participants_only,,,30,30,0,0,16,14,0.48644352433039095,0.2733479278607548,0.9943058336999882,0.10546215147806363,729,30,1.0,0,0.0,0.0,25.6,4899,,,,,,,,,,,,,,,,,,,,,,,,,,,
114,C,nonparticipants_only,,,10,0,10,0,0,0,0.22098071766437816,0.22018059280724367,0.25737154785878,0.00040916597942343967,0,0,0.0,0,0.0,0.0,50.0,0,,,,,,,,,,,,,,,,,,,,,,,,,,,
114,C,step_totals,,,,,,,,,,,,,,,,,,,,,69.90000000000006,,,49.0,0.7010014306151638,10.5,0.15021459227467798,0.0,0.0,0.004961887739483686,0.14285714285714285,0.0,0,7,19,37,,49,21,30,4.400000000000001,0.06294706723891269,6.000000000000003,0.0858369098712446,22,30,25
115,C,all_agents,,,40,30,10,0,16,14,0.4207398885255442,0.24455571991464464,0.9945336003519887,0.09305221456343023,738,30,0.75,0,0.0,0.0,31.475,4956,,,,,,,,,,,,,,,,,,,,,,,,,,,
115,C,participants_only,,,30,30,0,0,16,14,0.487199393072777,0.27302648383616923,0.9945336003519887,0.10626727099293708,738,30,1.0,0,0.0,0.0,25.3,4956,,,,,,,,,,,,,,,,,,,,,,,,,,,
115,C,nonparticipants_only,,,10,0,10,0,0,0,0.221361374883846,0.2207655762616807,0.2573312718045246,0.00040465633894587157,0,0,0.0,0,0.0,0.0,50.0,0,,,,,,,,,,,,,,,,,,,,,,,,,,,
115,C,step_totals,,,,,,,,,,,,,,,,,,,,,73.30000000000007,,,58.0,0.7912687585266023,6.5,0.08867667121418818,0.0,0.0,0.00541785146134963,0.15517241379310345,0.0,0,9,27,7,,58,13,27,2.8000000000000003,0.038199181446111834,6.000000000000003,0.08185538881309683,14,30,20
116,C,all_agents,,,40,30,10,0,16,14,0.42095799666739536,0.2449561902060096,0.9947522563379091,0.09321463004884108,745,30,0.75,0,0.0,0.0,31.7,5000,,,,,,,,,,,,,,,,,,,,,,,,,,,
116,C,participants_only,,,30,30,0,0,16,14,0.487364030692327,0.27256070222183326,0.9947522563379091,0.10651382830509643,745,30,1.0,0,0.0,0.0,25.6,5000,,,,,,,,,,,,,,,,,,,,,,,,,,,
116,C,nonparticipants_only,,,10,0,10,0,0,0,0.22173989459260052,0.22087765088496444,0.2564975045673094,0.0003998990210305167,0,0,0.0,0,0.0,0.0,50.0,0,,,,,,,,,,,,,,,,,,,,,,,,,,,
116,C,step_totals,,,,,,,,,,,,,,,,,,,,,69.90000000000006,,,49.0,0.7010014306151638,10.5,0.15021459227467798,0.0,0.0,0.004447476809618314,0.14285714285714285,0.0,0,7,19,37,,49,21,30,4.400000000000001,0.06294706723891269,6.000000000000003,0.0858369098712446,22,30,25
117,C,all_agents,,,40,30,10,0,16,14,0.4214839255859312,0.24533567863712114,0.9949621660843927,0.09381554456096648,755,30,0.75,0,0.0,0.0,31.475,5055,,,,,,,,,,,,,,,,,,,,,,,,,,,
117,C,participants_only,,,30,30,0,0,16,14,0.4879398408319171,0.2725484596149827,0.9949621660843927,0.10729007266661582,755,30,1.0,0,0.0,0.0,25.3,5055,,,,,,,,,,,,,,,,,,,,,,,,,,,
117,C,nonparticipants_only,,,10,0,10,0,0,0,0.22211617984797333,0.22182022347434693,0.2567239289406602,0.00039529618983847643,0,0,0.0,0,0.0,0.0,50.0,0,,,,,,,,,,,,,,,,,,,,,,,,,,,
117,C,step_totals,,,,,,,,,,,,,,,,,,,,,73.00000000000006,,,58.0,0.7945205479452049,6.0,0.08219178082191775,0.0,0.0,0.005011860024021247,0.1724137931034483,0.0,0,10,28,7,,58,12,26,3.0000000000000004,0.04109589041095888,6.000000000000003,0.08219178082191778,15,30,19
118,C,all_agents,,,40,30,10,0,16,14,0.4217933231188695,0.24564971707505368,0.995163679441017,0.09402984117613646,762,30,0.75,0,0.0,0.0,31.7,5103,,,,,,,,,,,,,,,,,,,,,,,,,,,
118,C,participants_only,,,30,30,0,0,16,14,0.48822766961098313,0.27198351957732214,0.995163679441017,0.1075888046571395,762,30,1.0,0,0.0,0.0,25.6,5103,,,,,,,,,,,,,,,,,,,,,,,,,,,
118,C,nonparticipants_only,,,10,0,10,0,0,0,0.22249028364252865,0.2211395997059285,0.2582184209786081,0.0003906820071168122,0,0,0.0,0,0.0,0.0,50.0,0,,,,,,,,,,,,,,,,,,,,,,,,,,,
118,C,step_totals,,,,,,,,,,,,,,,,,,,,,69.90000000000006,,,49.0,0.7010014306151638,10.5,0.15021459227467798,0.0,0.0,0.00476707182116721,0.14285714285714285,0.0,0,7,19,37,,49,21,30,4.400000000000001,0.06294706723891269,6.000000000000003,0.0858369098712446,22,30,24
119,C,all_agents,,,40,30,10,0,16,14,0.42236689092889745,0.24487364525821131,0.9953571322633763,0.09465857614472797,772,30,0.75,0,0.0,0.0,31.475,5160,,,,,,,,,,,,,,,,,,,,,,,,,,,
119,C,participants_only,,,30,30,0,0,16,14,0.48886842974625816,0.2725444155112177,0.9953571322633763,0.10839299560195363,772,30,1.0,0,0.0,0.0,25.3,5160,,,,,,,,,,,,,,,,,,,,,,,,,,,
119,C,nonparticipants_only,,,10,0,10,0,0,0,0.2228622744768153,0.2214697190567536,0.25830309860735345,0.00038586179212776603,0,0,0.0,0,0.0,0.0,50.0,0,,,,,,,,,,,,,,,,,,,,,,,,,,,
119,C,step_totals,,,,,,,,,,,,,,,,,,,,,72.80000000000007,,,58.0,0.796703296703296,6.0,0.08241758241758235,0.0,0.0,0.0051839030137953235,0.1724137931034483,0.0,0,10,28,6,,58,12,26,2.8000000000000003,0.03846153846153843,6.000000000000003,0.08241758241758237,14,30,18
120,C,all_agents,,,40,30,10,0,16,14,0.42264777490755046,0.24478862082075914,0.9955428469728412,0.09485588746118066,777,30,0.75,0,0.0,0.0,31.7,5207,,,,,,,,,,,,,,,,,,,,,,,,,,,
120,C,participants_only,,,30,30,0,0,16,14,0.48911973724770785,0.2717378017727875,0.9955428469728412,0.10867314903375437,777,30,1.0,0,0.0,0.0,25.6,5207,,,,,,,,,,,,,,,,,,,,,,,,,,,
120,C,nonparticipants_only,,,10,0,10,0,0,0,0.2232318878870784,0.22245928761405565,0.258491268326939,0.00038184141524398916,0,0,0.0,0,0.0,0.0,50.0,0,,,,,,,,,,,,,,,,,,,,,,,,,,,
120,C,step_totals,,,,,,,,,,,,,,,,,,,,,69.90000000000008,,,49.0,0.7010014306151637,10.5,0.15021459227467795,0.0,0.0,0.004676165563987744,0.10204081632653061,0.0,0,5,19,37,,49,21,30,4.400000000000001,0.06294706723891268,6.000000000000003,0.08583690987124458,22,30,24
120,C,reachability,0.25,0.0,,,,,,,,,,,,,,,,,,,,,,,,,,,,,,,,,,,,,,,,,,,,,
121,C,all_agents,,,40,30,10,0,16,14,0.42319251113508044,0.24422423387180248,0.9957211330939276,0.09547621384582482,784,30,0.75,0,0.0,0.0,31.475,5264,,,,,,,,,,,,,,,,,,,,,,,,,,,
121,C,participants_only,,,30,30,0,0,16,14,0.4897235445097924,0.2724476940418453,0.9957211330939276,0.10947022385253685,784,30,1.0,0,0.0,0.0,25.3,5264,,,,,,,,,,,,,,,,,,,,,,,,,,,
121,C,nonparticipants_only,,,10,0,10,0,0,0,0.2235994110109447,0.2230240869547469,0.2584523819469625,0.0003776430028043753,0,0,0.0,0,0.0,0.0,50.0,0,,,,,,,,,,,,,,,,,,,,,,,,,,,
121,C,step_totals,,,,,,,,,,,,,,,,,,,,,72.80000000000007,,,58.0,0.796703296703296,6.0,0.08241758241758235,0.0,0.0,0.005089442479481834,0.1206896551724138,0.0,0,7,28,6,,58,12,26,2.8000000000000003,0.03846153846153843,6.000000000000003,0.08241758241758237,14,30,18
122,C,all_agents,,,40,30,10,0,16,14,0.4234644577817813,0.2451877302940334,0.9958922877701705,0.09566461288697595,789,30,0.75,0,0.0,0.0,31.7,5312,,,,,,,,,,,,,,,,,,,,,,,,,,,
122,C,participants_only,,,30,30,0,0,16,14,0.48996432025030856,0.27221339467341316,0.9958922877701705,0.10973948896551239,789,30,1.0,0,0.0,0.0,25.6,5312,,,,,,,,,,,,,,,,,,,,,,,,,,,
122,C,nonparticipants_only,,,10,0,10,0,0,0,0.22396487037619967,0.22308266895999487,0.2576473827930595,0.00037320415137020844,0,0,0.0,0,0.0,0.0,50.0,0,,,,,,,,,,,,,,,,,,,,,,,,,,,
122,C,step_totals,,,,,,,,,,,,,,,,,,,,,69.90000000000008,,,49.0,0.7010014306151637,10.5,0.15021459227467795,0.0,0.0,0.004652379755907126,0.10204081632653061,0.0,0,5,19,37,,49,21,30,4.400000000000001,0.06294706723891268,6.000000000000003,0.08583690987124458,22,30,24
123,C,all_agents,,,40,30,10,0,16,14,0.42396654097738756,0.24465852033017937,0.9960565962593636,0.09628181365904259,797,30,0.75,0,0.0,0.0,31.475,5369,,,,,,,,,,,,,,,,,,,,,,,,,,,
123,C,participants_only,,,30,30,0,0,16,14,0.49051266384149705,0.27237880894841215,0.9960565962593636,0.11053923491325722,797,30,1.0,0,0.0,0.0,25.3,5369,,,,,,,,,,,,,,,,,,,,,,,,,,,
123,C,nonparticipants_only,,,10,0,10,0,0,0,0.22432817238505895,0.2240420967719668,0.2578659946799684,0.0003689122774568129,0,0,0.0,0,0.0,0.0,50.0,0,,,,,,,,,,,,,,,,,,,,,,,,,,,
123,C,step_totals,,,,,,,,,,,,,,,,,,,,,72.80000000000005,,,58.0,0.7967032967032961,6.0,0.08241758241758236,0.0,0.0,0.0049492092541662805,0.13793103448275862,0.0,0,8,28,6,,58,12,26,2.8000000000000003,0.038461538461538436,6.000000000000003,0.08241758241758239,14,30,18
124,C,all_agents,,,40,30,10,0,16,14,0.4242177718646948,0.2462394494026359,0.996214332408989,0.09645489759510252,806,30,0.75,0,0.0,0.0,31.7,5415,,,,,,,,,,,,,,,,,,,,,,,,,,,
124,C,participants_only,,,30,30,0,0,16,14,0.49072723975237786,0.2717541717259978,0.996214332408989,0.11079095677843138,806,30,1.0,0,0.0,0.0,25.6,5415,,,,,,,,,,,,,,,,,,,,,,,,,,,
124,C,nonparticipants_only,,,10,0,10,0,0,0,0.2246893682016454,0.2233849570652865,0.2593089211615621,0.00036460822068291236,0,0,0.0,0,0.0,0.0,50.0,0,,,,,,,,,,,,,,,,,,,,,,,,,,,
124,C,step_totals,,,,,,,,,,,,,,,,,,,,,69.90000000000008,,,49.0,0.7010014306151637,10.5,0.15021459227467795,0.0,0.0,0.004587404718341783,0.1836734693877551,0.0,0,9,19,37,,49,21,30,4.400000000000001,0.06294706723891268,6.000000000000003,0.08583690987124458,22,30,24
125,C,all_agents,,,40,30,10,0,16,14,0.42474569669299633,0.2457066610602446,0.9963657591126295,0.09707764592787513,816,30,0.75,0,0.0,0.0,31.475,5472,,,,,,,,,,,,,,,,,,,,,,,,,,,
125,C,participants_only,,,30,30,0,0,16,14,0.4913114209363341,0.2716922138948248,0.9963657591126295,0.11159284393341039,816,30,1.0,0,0.0,0.0,25.3,5472,,,,,,,,,,,,,,,,,,,,,,,,,,,
125,C,nonparticipants_only,,,10,0,10,0,0,0,0.2250485239629831,0.2237114707707799,0.25939067709589486,0.00036010418278840055,0,0,0.0,0,0.0,0.0,50.0,0,,,,,,,,,,,,,,,,,,,,,,,,,,,
125,C,step_totals,,,,,,,,,,,,,,,,,,,,,72.80000000000005,,,58.0,0.7967032967032961,6.0,0.08241758241758236,0.0,0.0,0.005034925789747758,0.1724137931034483,0.0,0,10,28,5,,58,12,26,2.8000000000000003,0.038461538461538436,6.000000000000003,0.08241758241758239,14,30,18
126,C,all_agents,,,40,30,10,0,16,14,0.4249444084669453,0.24563720397095204,0.9965111287481243,0.09721803035043042,826,30,0.75,0,0.0,0.0,31.7,5518,,,,,,,,,,,,,,,,,,,,,,,,,,,
126,C,participants_only,,,30,30,0,0,16,14,0.4914574165124923,0.2706161261363579,0.9965111287481243,0.1118093297287434,826,30,1.0,0,0.0,0.0,25.6,5518,,,,,,,,,,,,,,,,,,,,,,,,,,,
126,C,nonparticipants_only,,,10,0,10,0,0,0,0.22540538433030435,0.22470099065578134,0.2595723542574519,0.00035636934428751916,0,0,0.0,0,0.0,0.0,50.0,0,,,,,,,,,,,,,,,,,,,,,,,,,,,
126,C,step_totals,,,,,,,,,,,,,,,,,,,,,69.90000000000008,,,49.0,0.7010014306151637,10.5,0.15021459227467795,0.0,0.0,0.004413400644767999,0.20408163265306123,0.0,0,10,19,37,,49,21,30,4.400000000000001,0.06294706723891268,6.000000000000003,0.08583690987124458,22,30,24
127,C,all_agents,,,40,30,10,0,16,14,0.4253491908512338,0.24498690864334746,0.9966506835981993,0.09779661108590659,837,30,0.75,0,0.0,0.0,31.475,5574,,,,,,,,,,,,,,,,,,,,,,,,,,,
127,C,participants_only,,,30,30,0,0,16,14,0.4918788456236731,0.27048415721195385,0.9966506835981993,0.1125732146356164,837,30,1.0,0,0.0,0.0,25.3,5574,,,,,,,,,,,,,,,,,,,,,,,,,,,
127,C,nonparticipants_only,,,10,0,10,0,0,0,0.22576022653391548,0.22520467059469892,0.25953480960280223,0.00035246086709753757,0,0,0.0,0,0.0,0.0,50.0,0,,,,,,,,,,,,,,,,,,,,,,,,,,,
127,C,step_totals,,,,,,,,,,,,,,,,,,,,,72.80000000000007,,,58.0,0.796703296703296,6.0,0.08241758241758235,0.0,0.0,0.004628518171312084,0.1896551724137931,0.0,0,11,28,5,,58,12,26,2.8000000000000003,0.03846153846153843,6.000000000000003,0.08241758241758237,14,30,18
128,C,all_agents,,,40,30,10,0,16,14,0.42559215625811014,0.24563628851888333,0.9967846562542714,0.0979654273078853,846,30,0.75,0,0.0,0.0,31.7,5623,,,,,,,,,,,,,,,,,,,,,,,,,,,
128,C,participants_only,,,30,30,0,0,16,14,0.4920851829487154,0.2692400804919617,0.9967846562542714,0.11281917300718232,846,30,1.0,0,0.0,0.0,25.6,5623,,,,,,,,,,,,,,,,,,,,,,,,,,,
128,C,nonparticipants_only,,,10,0,10,0,0,0,0.2261130761862943,0.22521160567699663,0.25875758592590525,0.0003483190282636412,0,0,0.0,0,0.0,0.0,50.0,0,,,,,,,,,,,,,,,,,,,,,,,,,,,
128,C,step_totals,,,,,,,,,,,,,,,,,,,,,69.90000000000008,,,49.0,0.7010014306151637,10.5,0.15021459227467795,0.0,0.0,0.004569864329270362,0.1836734693877551,0.0,0,9,19,37,,49,21,30,4.400000000000001,0.06294706723891268,6.000000000000003,0.08583690987124458,22,30,24
129,C,all_agents,,,40,30,10,0,16,14,0.4259876703868744,0.24539494752770058,0.9969132700041006,0.0985351083403305,856,30,0.75,0,0.0,0.0,31.475,5679,,,,,,,,,,,,,,,,,,,,,,,,,,,
129,C,participants_only,,,30,30,0,0,16,14,0.4924956128761227,0.2678938800895019,0.9969132700041006,0.1135721464422929,856,30,1.0,0,0.0,0.0,25.3,5679,,,,,,,,,,,,,,,,,,,,,,,,,,,
129,C,nonparticipants_only,,,10,0,10,0,0,0,0.22646384291912952,0.22618730714343438,0.25896865488632953,0.0003443170646053815,0,0,0.0,0,0.0,0.0,50.0,0,,,,,,,,,,,,,,,,,,,,,,,,,,,
129,C,step_totals,,,,,,,,,,,,,,,,,,,,,72.80000000000005,,,58.0,0.7967032967032961,6.0,0.08241758241758236,0.0,0.0,0.004598409444234956,0.1724137931034483,0.0,0,10,28,5,,58,12,26,2.8000000000000003,0.038461538461538436,6.000000000000003,0.08241758241758239,14,30,18
130,C,all_agents,,,40,30,10,0,16,14,0.4261800202897768,0.24686966962744936,0.9970367392039365,0.098671174697621,863,30,0.75,0,0.0,0.0,31.7,5727,,,,,,,,,,,,,,,,,,,,,,,,,,,
130,C,participants_only,,,30,30,0,0,16,14,0.4926358350093055,0.2680184770297903,0.9970367392039365,0.11378263095722271,863,30,1.0,0,0.0,0.0,25.6,5727,,,,,,,,,,,,,,,,,,,,,,,,,,,
130,C,nonparticipants_only,,,10,0,10,0,0,0,0.22681257613119069,0.2255528412106632,0.2603617950158302,0.0003403021983799701,0,0,0.0,0,0.0,0.0,50.0,0,,,,,,,,,,,,,,,,,,,,,,,,,,,
130,C,step_totals,,,,,,,,,,,,,,,,,,,,,69.90000000000006,,,49.0,0.7010014306151638,10.5,0.15021459227467798,0.0,0.0,0.004400455846952319,0.14285714285714285,0.0,0,7,19,37,,49,21,30,4.400000000000001,0.06294706723891269,6.000000000000003,0.0858369098712446,22,30,24
130,C,reachability,0.25,0.0,,,,,,,,,,,,,,,,,,,,,,,,,,,,,,,,,,,,,,,,,,,,,
131,C,all_agents,,,40,30,10,0,16,14,0.4265440792452517,0.24640530124514756,0.997155269635779,0.09922785240972613,871,30,0.75,0,0.0,0.0,31.475,5782,,,,,,,,,,,,,,,,,,,,,,,,,,,
131,C,participants_only,,,30,30,0,0,16,14,0.4930056591011596,0.2666783846446414,0.997155269635779,0.11452320573681991,871,30,1.0,0,0.0,0.0,25.3,5782,,,,,,,,,,,,,,,,,,,,,,,,,,,
131,C,nonparticipants_only,,,10,0,10,0,0,0,0.22715933967752763,0.22586808897398125,0.26044073006511825,0.0003360932651259889,0,0,0.0,0,0.0,0.0,50.0,0,,,,,,,,,,,,,,,,,,,,,,,,,,,
131,C,step_totals,,,,,,,,,,,,,,,,,,,,,72.80000000000005,,,58.0,0.7967032967032961,6.0,0.08241758241758236,0.0,0.0,0.004494312829119012,0.13793103448275862,0.0,0,8,28,5,,58,12,26,2.8000000000000003,0.038461538461538436,6.000000000000003,0.08241758241758239,14,30,18
132,C,all_agents,,,40,30,10,0,16,14,0.42672324660571503,0.2462603291994011,0.9972690588503479,0.0993528975067053,873,30,0.75,0,0.0,0.0,31.7,5830,,,,,,,,,,,,,,,,,,,,,,,,,,,
132,C,participants_only,,,30,30,0,0,16,14,0.49312969979778215,0.2669564482461526,0.9972690588503479,0.11472038718808747,873,30,1.0,0,0.0,0.0,25.6,5830,,,,,,,,,,,,,,,,,,,,,,,,,,,
132,C,nonparticipants_only,,,10,0,10,0,0,0,0.2275038870295136,0.22683572838109428,0.26061613868614464,0.00033262415595637613,0,0,0.0,0,0.0,0.0,50.0,0,,,,,,,,,,,,,,,,,,,,,,,,,,,
132,C,step_totals,,,,,,,,,,,,,,,,,,,,,69.90000000000006,,,49.0,0.7010014306151638,10.5,0.15021459227467798,0.0,0.0,0.004359049849923883,0.04081632653061224,0.0,0,2,19,37,,49,21,30,4.400000000000001,0.06294706723891269,6.000000000000003,0.0858369098712446,22,30,24
133,C,all_agents,,,40,30,10,0,16,14,0.427040200477333,0.2455804693718855,0.997378296496334,0.09988242888136345,878,30,0.75,0,0.0,0.0,31.475,5885,,,,,,,,,,,,,,,,,,,,,,,,,,,
133,C,participants_only,,,30,30,0,0,16,14,0.49343810535245264,0.2656216660049219,0.997378296496334,0.11543218283070747,878,30,1.0,0,0.0,0.0,25.3,5885,,,,,,,,,,,,,,,,,,,,,,,,,,,
133,C,nonparticipants_only,,,10,0,10,0,0,0,0.22784648585197412,0.2273471931076063,0.2605798894622875,0.00032898577166617324,0,0,0.0,0,0.0,0.0,50.0,0,,,,,,,,,,,,,,,,,,,,,,,,,,,
133,C,step_totals,,,,,,,,,,,,,,,,,,,,,72.80000000000005,,,58.0,0.7967032967032961,6.0,0.08241758241758236,0.0,0.0,0.004338412855719348,0.08620689655172414,0.0,0,5,28,5,,58,12,26,2.8000000000000003,0.038461538461538436,6.000000000000003,0.08241758241758239,14,30,17
134,C,all_agents,,,40,30,10,0,16,14,0.4272150112865846,0.2458375593825769,0.9974831646364807,0.0999989536740466,883,30,0.75,0,0.0,0.0,31.7,5933,,,,,,,,,,,,,,,,,,,,,,,,,,,
134,C,participants_only,,,30,30,0,0,16,14,0.49355762809089254,0.2658157967093443,0.9974831646364807,0.1156181933671106,883,30,1.0,0,0.0,0.0,25.6,5933,,,,,,,,,,,,,,,,,,,,,,,,,,,
134,C,nonparticipants_only,,,10,0,10,0,0,0,0.2281871608736608,0.2272670861269407,0.25982948290471486,0.00032512094153569444,0,0,0.0,0,0.0,0.0,50.0,0,,,,,,,,,,,,,,,,,,,,,,,,,,,
134,C,step_totals,,,,,,,,,,,,,,,,,,,,,69.90000000000006,,,49.0,0.7010014306151638,10.5,0.15021459227467798,0.0,0.0,0.004347168189035155,0.10204081632653061,0.0,0,5,19,37,,49,21,30,4.400000000000001,0.06294706723891269,6.000000000000003,0.0858369098712446,22,30,24
135,C,all_agents,,,40,30,10,0,16,14,0.42749529643320605,0.24585086216536317,0.9975838380510215,0.10050111775291304,890,30,0.75,0,0.0,0.0,31.475,5986,,,,,,,,,,,,,,,,,,,,,,,,,,,
135,C,participants_only,,,30,30,0,0,16,14,0.4938184536295058,0.26448671772579757,0.9975838380510215,0.11629931585959893,890,30,1.0,0,0.0,0.0,25.3,5986,,,,,,,,,,,,,,,,,,,,,,,,,,,
135,C,nonparticipants_only,,,10,0,10,0,0,0,0.22852582484430664,0.2282584997459927,0.2600332691977866,0.0003213892670342645,0,0,0.0,0,0.0,0.0,50.0,0,,,,,,,,,,,,,,,,,,,,,,,,,,,
135,C,step_totals,,,,,,,,,,,,,,,,,,,,,72.80000000000007,,,58.0,0.796703296703296,6.0,0.08241758241758235,0.0,0.0,0.0042170974338226865,0.1206896551724138,0.0,0,7,28,5,,58,12,26,2.8000000000000003,0.03846153846153843,6.000000000000003,0.08241758241758237,14,30,17
136,C,all_agents,,,40,30,10,0,16,14,0.4276823768554353,0.24619123420398253,0.9976804845289806,0.10062649039269535,895,30,0.75,0,0.0,0.0,31.7,6034,,,,,,,,,,,,,,,,,,,,,,,,,,,
136,C,participants_only,,,30,30,0,0,16,14,0.49395566065450064,0.2648496944203007,0.9976804845289806,0.11649417991741226,895,30,1.0,0,0.0,0.0,25.6,6034,,,,,,,,,,,,,,,,,,,,,,,,,,,
136,C,nonparticipants_only,,,10,0,10,0,0,0,0.22886252545823915,0.22764592525725758,0.2613783407902639,0.0003176440724070643,0,0,0.0,0,0.0,0.0,50.0,0,,,,,,,,,,,,,,,,,,,,,,,,,,,
136,C,step_totals,,,,,,,,,,,,,,,,,,,,,69.90000000000005,,,49.0,0.7010014306151641,10.5,0.150214592274678,0.0,0.0,0.004391724333610862,0.10204081632653061,0.0,0,5,19,37,,49,21,30,4.400000000000001,0.0629470672389127,6.000000000000003,0.08583690987124461,22,30,24
137,C,all_agents,,,40,30,10,0,16,14,0.4280539524101051,0.24701122915794627,0.9977732651478214,0.10118153452796678,908,30,0.75,0,0.0,0.0,31.475,6091,,,,,,,,,,,,,,,,,,,,,,,,,,,
137,C,participants_only,,,30,30,0,0,16,14,0.49433949509104996,0.26352544594819916,0.9977732651478214,0.11722904983404196,908,30,1.0,0,0.0,0.0,25.3,6091,,,,,,,,,,,,,,,,,,,,,,,,,,,
137,C,nonparticipants_only,,,10,0,10,0,0,0,0.22919732436727044,0.227950295795477,0.26145455228557585,0.0003137105876528309,0,0,0.0,0,0.0,0.0,50.0,0,,,,,,,,,,,,,,,,,,,,,,,,,,,
137,C,step_totals,,,,,,,,,,,,,,,,,,,,,72.80000000000005,,,58.0,0.7967032967032961,6.0,0.08241758241758236,0.0,0.0,0.004518039452622454,0.22413793103448276,0.0,0,13,28,5,,58,12,26,2.8000000000000003,0.038461538461538436,6.000000000000003,0.08241758241758239,14,30,17
138,C,all_agents,,,40,30,10,0,16,14,0.42819620665002867,0.24726193018085157,0.9978623345419085,0.10127633300089278,921,30,0.75,0,0.0,0.0,31.7,6139,,,,,,,,,,,,,,,,,,,,,,,,,,,
138,C,participants_only,,,30,30,0,0,16,14,0.49441828101706087,0.26349372498736556,0.9978623345419085,0.11739016188146721,921,30,1.0,0,0.0,0.0,25.6,6139,,,,,,,,,,,,,,,,,,,,,,,,,,,
138,C,nonparticipants_only,,,10,0,10,0,0,0,0.22952998354893203,0.22888068845506648,0.2616239086541292,0.00031048875749656925,0,0,0.0,0,0.0,0.0,50.0,0,,,,,,,,,,,,,,,,,,,,,,,,,,,
138,C,step_totals,,,,,,,,,,,,,,,,,,,,,69.90000000000008,,,49.0,0.7010014306151637,10.5,0.15021459227467795,0.0,0.0,0.004241842629324846,0.2653061224489796,0.0,0,13,19,37,,49,21,31,4.400000000000001,0.06294706723891268,6.000000000000003,0.08583690987124458,22,30,24
139,C,all_agents,,,40,30,10,0,16,14,0.4285216441375895,0.24642585482973106,0.9979478411602322,0.10182153109363552,927,30,0.75,0,0.0,0.0,31.475,6196,,,,,,,,,,,,,,,,,,,,,,,,,,,
139,C,participants_only,,,30,30,0,0,16,14,0.49474193837258146,0.2621762563624287,0.9979478411602322,0.11811916465870212,927,30,1.0,0,0.0,0.0,25.3,6196,,,,,,,,,,,,,,,,,,,,,,,,,,,
139,C,nonparticipants_only,,,10,0,10,0,0,0,0.22986076143261341,0.22942799093791166,0.26158891016386454,0.00030710197560870173,0,0,0.0,0,0.0,0.0,50.0,0,,,,,,,,,,,,,,,,,,,,,,,,,,,
139,C,step_totals,,,,,,,,,,,,,,,,,,,,,72.80000000000005,,,58.0,0.7967032967032961,6.0,0.08241758241758236,0.0,0.0,0.0043647584911277225,0.10344827586206896,0.0,0,6,28,5,,58,12,26,2.8000000000000003,0.038461538461538436,6.000000000000003,0.08241758241758239,14,30,17
140,C,all_agents,,,40,30,10,0,16,14,0.42866004769314997,0.24644741760489883,0.9980299275138229,0.1019076384823587,930,30,0.75,0,0.0,0.0,31.7,6243,,,,,,,,,,,,,,,,,,,,,,,,,,,
140,C,participants_only,,,30,30,0,0,16,14,0.49481683629292267,0.2631733397126125,0.9980299275138229,0.1182688034311028,930,30,1.0,0,0.0,0.0,25.6,6243,,,,,,,,,,,,,,,,,,,,,,,,,,,
140,C,nonparticipants_only,,,10,0,10,0,0,0,0.23018968189383193,0.22925164482535626,0.2608643954348534,0.0003034955021062334,0,0,0.0,0,0.0,0.0,50.0,0,,,,,,,,,,,,,,,,,,,,,,,,,,,
140,C,step_totals,,,,,,,,,,,,,,,,,,,,,69.90000000000005,,,49.0,0.7010014306151641,10.5,0.150214592274678,0.0,0.0,0.004232167574199331,0.061224489795918366,0.0,0,3,19,37,,49,21,31,4.400000000000001,0.0629470672389127,6.000000000000003,0.08583690987124461,22,30,24
140,C,reachability,0.25,0.0,,,,,,,,,,,,,,,,,,,,,,,,,,,,,,,,,,,,,,,,,,,,,
141,C,all_agents,,,40,30,10,0,16,14,0.4290112684104124,0.24601971306377957,0.99810873041327,0.10246412020445717,938,30,0.75,0,0.0,0.0,31.475,6301,,,,,,,,,,,,,,,,,,,,,,,,,,,
141,C,participants_only,,,30,30,0,0,16,14,0.495176137649623,0.2618574730140494,0.99810873041327,0.11900766197853034,938,30,1.0,0,0.0,0.0,25.3,6301,,,,,,,,,,,,,,,,,,,,,,,,,,,
141,C,nonparticipants_only,,,10,0,10,0,0,0,0.23051666069278062,0.23025822846908167,0.26106115033979277,0.00030001582493561016,0,0,0.0,0,0.0,0.0,50.0,0,,,,,,,,,,,,,,,,,,,,,,,,,,,
141,C,step_totals,,,,,,,,,,,,,,,,,,,,,72.60000000000007,,,58.0,0.7988980716253437,6.0,0.08264462809917347,0.0,0.0,0.004461122765405922,0.13793103448275862,0.0,0,8,28,5,,58,12,26,2.6,0.035812672176308506,6.000000000000003,0.08264462809917351,13,30,17
142,C,all_agents,,,40,30,10,0,16,14,0.4291445934154946,0.24699671648752422,0.9981843811967391,0.10254370862139728,947,30,0.75,0,0.0,0.0,31.7,6349,,,,,,,,,,,,,,,,,,,,,,,,,,,
142,C,participants_only,,,30,30,0,0,16,14,0.49524554326127457,0.26207203943599827,0.9981843811967391,0.11914876184531879,947,30,1.0,0,0.0,0.0,25.6,6349,,,,,,,,,,,,,,,,,,,,,,,,,,,
142,C,nonparticipants_only,,,10,0,10,0,0,0,0.2308417438781545,0.22966679008781182,0.2623598119392817,0.00029652210346083784,0,0,0.0,0,0.0,0.0,50.0,0,,,,,,,,,,,,,,,,,,,,,,,,,,,
142,C,step_totals,,,,,,,,,,,,,,,,,,,,,69.90000000000006,,,49.0,0.7010014306151638,10.5,0.15021459227467798,0.0,0.0,0.004218409611989348,0.1836734693877551,0.0,0,9,19,37,,49,21,31,4.400000000000001,0.06294706723891269,6.000000000000003,0.0858369098712446,22,30,24
143,C,all_agents,,,40,30,10,0,16,14,0.42937636670982593,0.2463434055576854,0.9982570059488696,0.10303236439763416,952,30,0.75,0,0.0,0.0,31.475,6403,,,,,,,,,,,,,,,,,,,,,,,,,,,
143,C,participants_only,,,30,30,0,0,16,14,0.49544682528825196,0.26076167923881827,0.9982570059488696,0.11981764863253526,952,30,1.0,0,0.0,0.0,25.3,6403,,,,,,,,,,,,,,,,,,,,,,,,,,,
143,C,nonparticipants_only,,,10,0,10,0,0,0,0.23116499097454804,0.22996065870581847,0.2624333938534005,0.000292845731768881,0,0,0.0,0,0.0,0.0,50.0,0,,,,,,,,,,,,,,,,,,,,,,,,,,,
143,C,step_totals,,,,,,,,,,,,,,,,,,,,,72.60000000000005,,,58.0,0.7988980716253438,6.0,0.0826446280991735,0.0,0.0,0.004065558333896572,0.08620689655172414,0.0,0,5,28,5,,58,12,26,2.6,0.03581267217630851,6.000000000000003,0.08264462809917353,13,30,17
144,C,all_agents,,,40,30,10,0,16,14,0.42951722216597427,0.24770052404566342,0.9983267257109147,0.10311884830768805,960,30,0.75,0,0.0,0.0,31.7,6451,,,,,,,,,,,,,,,,,,,,,,,,,,,
144,C,participants_only,,,30,30,0,0,16,14,0.4955275721639134,0.2613022543888075,0.9983267257109147,0.11996571451739332,960,30,1.0,0,0.0,0.0,25.6,6451,,,,,,,,,,,,,,,,,,,,,,,,,,,
144,C,nonparticipants_only,,,10,0,10,0,0,0,0.23148617217215678,0.2308098187347945,0.26259690679479275,0.00028985399636714484,0,0,0.0,0,0.0,0.0,50.0,0,,,,,,,,,,,,,,,,,,,,,,,,,,,
144,C,step_totals,,,,,,,,,,,,,,,,,,,,,69.90000000000006,,,49.0,0.7010014306151638,10.5,0.15021459227467798,0.0,0.0,0.004245887741169698,0.16326530612244897,0.0,0,8,19,37,,49,21,31,4.400000000000001,0.06294706723891269,6.000000000000003,0.0858369098712446,22,30,24
145,C,all_agents,,,40,30,10,0,16,14,0.4297531428257655,0.2467230816187277,0.9983936566824781,0.10360866786604679,963,30,0.75,0,0.0,0.0,31.475,6506,,,,,,,,,,,,,,,,,,,,,,,,,,,
145,C,participants_only,,,30,30,0,0,16,14,0.4957356781064902,0.25999574311686346,0.9983936566824781,0.12063454344432605,963,30,1.0,0,0.0,0.0,25.3,6506,,,,,,,,,,,,,,,,,,,,,,,,,,,
145,C,nonparticipants_only,,,10,0,10,0,0,0,0.2318055369835911,0.2314369934725206,0.2625631158831409,0.0002867015863439765,0,0,0.0,0,0.0,0.0,50.0,0,,,,,,,,,,,,,,,,,,,,,,,,,,,
145,C,step_totals,,,,,,,,,,,,,,,,,,,,,72.60000000000007,,,58.0,0.7988980716253437,6.0,0.08264462809917347,0.0,0.0,0.004078505051204353,0.05172413793103448,0.0,0,3,28,5,,58,12,26,2.6,0.035812672176308506,6.000000000000003,0.08264462809917351,13,30,17
146,C,all_agents,,,40,30,10,0,16,14,0.4298829552124387,0.24662247142989382,0.9984563659682388,0.10368569612174673,974,30,0.75,0,0.0,0.0,31.7,6552,,,,,,,,,,,,,,,,,,,,,,,,,,,
146,C,participants_only,,,30,30,0,0,16,14,0.4958029041297269,0.25982223576899155,0.9984563659682388,0.12077139080872937,974,30,1.0,0,0.0,0.0,25.6,6552,,,,,,,,,,,,,,,,,,,,,,,,,,,
146,C,nonparticipants_only,,,10,0,10,0,0,0,0.23212310846057396,0.23116772883752196,0.26186359961791517,0.00028333607770413417,0,0,0.0,0,0.0,0.0,50.0,0,,,,,,,,,,,,,,,,,,,,,,,,,,,
146,C,step_totals,,,,,,,,,,,,,,,,,,,,,69.90000000000006,,,49.0,0.7010014306151638,10.5,0.15021459227467798,0.0,0.0,0.004209995256515885,0.22448979591836735,0.0,0,11,19,37,,49,21,31,4.400000000000001,0.06294706723891269,6.000000000000003,0.0858369098712446,22,30,24
147,C,all_agents,,,40,30,10,0,16,14,0.43015658125264983,0.24541946875554016,0.9985181113295093,0.10419966463259124,982,30,0.75,0,0.0,0.0,31.475,6609,,,,,,,,,,,,,,,,,,,,,,,,,,,
147,C,participants_only,,,30,30,0,0,16,14,0.4960625065802377,0.2585231245901466,0.9985181113295093,0.12146515842190908,982,30,1.0,0,0.0,0.0,25.3,6609,,,,,,,,,,,,,,,,,,,,,,,,,,,
147,C,nonparticipants_only,,,10,0,10,0,0,0,0.2324388052698862,0.23218895908341847,0.2620535657438708,0.00028009134521067466,0,0,0.0,0,0.0,0.0,50.0,0,,,,,,,,,,,,,,,,,,,,,,,,,,,
147,C,step_totals,,,,,,,,,,,,,,,,,,,,,72.60000000000005,,,58.0,0.7988980716253438,6.0,0.0826446280991735,0.0,0.0,0.004202133955943373,0.13793103448275862,0.0,0,8,28,5,,58,12,26,2.6,0.03581267217630851,6.000000000000003,0.08264462809917353,13,30,17
148,C,all_agents,,,40,30,10,0,16,14,0.43027692544865076,0.24552185391383863,0.9985773868763289,0.10426852187144776,989,30,0.75,0,0.0,0.0,31.7,6658,,,,,,,,,,,,,,,,,,,,,,,,,,,
148,C,participants_only,,,30,30,0,0,16,14,0.496118343307744,0.258586753156968,0.9985773868763289,0.1215920492293124,989,30,1.0,0,0.0,0.0,25.6,6658,,,,,,,,,,,,,,,,,,,,,,,,,,,
148,C,nonparticipants_only,,,10,0,10,0,0,0,0.23275267187137105,0.23161792753497545,0.26330741866844337,0.00027683212950524504,0,0,0.0,0,0.0,0.0,50.0,0,,,,,,,,,,,,,,,,,,,,,,,,,,,
148,C,step_totals,,,,,,,,,,,,,,,,,,,,,69.90000000000008,,,49.0,0.7010014306151637,10.5,0.15021459227467795,0.0,0.0,0.004180130114981007,0.14285714285714285,0.0,0,7,19,37,,49,21,31,4.400000000000001,0.06294706723891268,6.000000000000003,0.08583690987124458,22,30,24
149,C,all_agents,,,40,30,10,0,16,14,0.43044393177541446,0.24429424464426946,0.9986342914012758,0.10471826094598737,994,30,0.75,0,0.0,0.0,31.475,6712,,,,,,,,,,,,,,,,,,,,,,,,,,,
149,C,participants_only,,,30,30,0,0,16,14,0.4962369871219519,0.2572938193911832,0.9986342914012758,0.12221831147831956,994,30,1.0,0,0.0,0.0,25.3,6712,,,,,,,,,,,,,,,,,,,,,,,,,,,
149,C,nonparticipants_only,,,10,0,10,0,0,0,0.233064765735802,0.23190165658823517,0.26337846173174007,0.0002733957670002827,0,0,0.0,0,0.0,0.0,50.0,0,,,,,,,,,,,,,,,,,,,,,,,,,,,
149,C,step_totals,,,,,,,,,,,,,,,,,,,,,72.60000000000007,,,58.0,0.7988980716253437,6.0,0.08264462809917347,0.0,0.0,0.0038488505375227525,0.08620689655172414,0.0,0,5,28,5,,58,12,26,2.6,0.035812672176308506,6.000000000000003,0.08264462809917351,13,30,17
150,C,all_agents,,,40,30,10,0,16,14,0.43053562087749747,0.2447480077704054,0.9986889197452248,0.10476324613466788,1005,30,0.75,0,0.0,0.0,31.7,6759,,,,,,,,,,,,,,,,,,,,,,,,,,,
150,C,participants_only,,,30,30,0,0,16,14,0.49625587284243955,0.25806750344134105,0.9986889197452248,0.1223175160656213,1005,30,1.0,0,0.0,0.0,25.6,6759,,,,,,,,,,,,,,,,,,,,,,,,,,,
150,C,nonparticipants_only,,,10,0,10,0,0,0,0.23337486498267118,0.23267238681570973,0.26353633286603,0.00027061812178189894,0,0,0.0,0,0.0,0.0,50.0,0,,,,,,,,,,,,,,,,,,,,,,,,,,,
150,C,step_totals,,,,,,,,,,,,,,,,,,,,,69.90000000000008,,,49.0,0.7010014306151637,10.5,0.15021459227467795,0.0,0.0,0.004082284007793003,0.22448979591836735,0.0,0,11,19,37,,49,21,31,4.400000000000001,0.06294706723891268,6.000000000000003,0.08583690987124458,22,30,24
150,C,reachability,0.25,0.0,,,,,,,,,,,,,,,,,,,,,,,,,,,,,,,,,,,,,,,,,,,,,
151,C,all_agents,,,40,30,10,0,16,14,0.4307883854375654,0.2435242677315534,0.9987413629554158,0.10526669434368682,1012,30,0.75,0,0.0,0.0,31.475,6816,,,,,,,,,,,,,,,,,,,,,,,,,,,
151,C,participants_only,,,30,30,0,0,16,14,0.4964901104115966,0.25677716592413435,0.9987413629554158,0.12299949779086544,1012,30,1.0,0,0.0,0.0,25.3,6816,,,,,,,,,,,,,,,,,,,,,,,,,,,
151,C,nonparticipants_only,,,10,0,10,0,0,0,0.2336832105154721,0.23335084051063054,0.2635037078670192,0.0002676840273922623,0,0,0.0,0,0.0,0.0,50.0,0,,,,,,,,,,,,,,,,,,,,,,,,,,,
151,C,step_totals,,,,,,,,,,,,,,,,,,,,,72.80000000000007,,,58.0,0.796703296703296,6.0,0.08241758241758235,0.0,0.0,0.004119595430532493,0.1206896551724138,0.0,0,7,28,5,,58,12,26,2.8000000000000003,0.03846153846153843,6.000000000000003,0.08241758241758237,14,30,17
152,C,all_agents,,,40,30,10,0,16,14,0.4309013990229745,0.24503110317435028,0.9987917084371992,0.10531801941323558,1022,30,0.75,0,0.0,0.0,31.7,6865,,,,,,,,,,,,,,,,,,,,,,,,,,,
152,C,participants_only,,,30,30,0,0,16,14,0.49653859050044696,0.25851655233260906,0.9987917084371992,0.12310288117516305,1022,30,1.0,0,0.0,0.0,25.6,6865,,,,,,,,,,,,,,,,,,,,,,,,,,,
152,C,nonparticipants_only,,,10,0,10,0,0,0,0.23398982459055714,0.23304340901541004,0.2628283275252239,0.00026454326684859374,0,0,0.0,0,0.0,0.0,50.0,0,,,,,,,,,,,,,,,,,,,,,,,,,,,
152,C,step_totals,,,,,,,,,,,,,,,,,,,,,69.90000000000006,,,49.0,0.7010014306151638,10.5,0.15021459227467798,0.0,0.0,0.004163079352651465,0.20408163265306123,0.0,0,10,19,37,,49,21,31,4.400000000000001,0.06294706723891269,6.000000000000003,0.0858369098712446,22,30,24
153,C,all_agents,,,40,30,10,0,16,14,0.4310635648929829,0.24380594765847852,0.9988400400997113,0.1057730851702694,1030,30,0.75,0,0.0,0.0,31.475,6920,,,,,,,,,,,,,,,,,,,,,,,,,,,
153,C,participants_only,,,30,30,0,0,16,14,0.49665321029697485,0.25722396957094606,0.9988400400997113,0.12373560136295364,1030,30,1.0,0,0.0,0.0,25.3,6920,,,,,,,,,,,,,,,,,,,,,,,,,,,
153,C,nonparticipants_only,,,10,0,10,0,0,0,0.234294628681007,0.2340530722814222,0.26301173911042275,0.00026151758155980147,0,0,0.0,0,0.0,0.0,50.0,0,,,,,,,,,,,,,,,,,,,,,,,,,,,
153,C,step_totals,,,,,,,,,,,,,,,,,,,,,72.60000000000005,,,58.0,0.7988980716253438,6.0,0.0826446280991735,0.0,0.0,0.0038294598613962715,0.13793103448275862,0.0,0,8,28,5,,58,12,26,2.6,0.03581267217630851,6.000000000000003,0.08264462809917353,13,30,16
154,C,all_agents,,,40,30,10,0,16,14,0.4311163051556738,0.24504008975360692,0.9988864384957228,0.10578078311429594,1033,30,0.75,0,0.0,0.0,31.7,6967,,,,,,,,,,,,,,,,,,,,,,,,,,,
154,C,participants_only,,,30,30,0,0,16,14,0.49662251830335374,0.25641216850831605,0.9988864384957228,0.12379062929128973,1033,30,1.0,0,0.0,0.0,25.6,6967,,,,,,,,,,,,,,,,,,,,,,,,,,,
154,C,nonparticipants_only,,,10,0,10,0,0,0,0.23459766571263424,0.23350174345386604,0.2642223294266975,0.00025847705192337864,0,0,0.0,0,0.0,0.0,50.0,0,,,,,,,,,,,,,,,,,,,,,,,,,,,
154,C,step_totals,,,,,,,,,,,,,,,,,,,,,69.90000000000008,,,49.0,0.7010014306151637,10.5,0.15021459227467795,0.0,0.0,0.0039557526666812275,0.061224489795918366,0.0,0,3,19,37,,49,21,31,4.400000000000001,0.06294706723891268,6.000000000000003,0.08583690987124458,22,30,24
155,C,all_agents,,,40,30,10,0,16,14,0.4312384454192355,0.24381488930483886,0.9989309809558938,0.1062115364717026,1043,30,0.75,0,0.0,0.0,31.475,7021,,,,,,,,,,,,,,,,,,,,,,,,,,,
155,C,participants_only,,,30,30,0,0,16,14,0.49668493016789533,0.2551301076657745,0.9989309809558938,0.12439732425071663,1043,30,1.0,0,0.0,0.0,25.3,7021,,,,,,,,,,,,,,,,,,,,,,,,,,,
155,C,nonparticipants_only,,,10,0,10,0,0,0,0.2348989911732561,0.23377568279522787,0.26429092123900666,0.00025526474318181264,0,0,0.0,0,0.0,0.0,50.0,0,,,,,,,,,,,,,,,,,,,,,,,,,,,
155,C,step_totals,,,,,,,,,,,,,,,,,,,,,72.60000000000007,,,58.0,0.7988980716253437,6.0,0.08264462809917347,0.0,0.0,0.00369419296330418,0.1724137931034483,0.0,0,10,28,5,,58,12,26,2.6,0.035812672176308506,6.000000000000003,0.08264462809917351,13,30,16
156,C,all_agents,,,40,30,10,0,16,14,0.43131501145774,0.24331529862751244,0.9989737417176581,0.1062347593905628,1048,30,0.75,0,0.0,0.0,31.7,7068,,,,,,,,,,,,,,,,,,,,,,,,,,,
156,C,participants_only,,,30,30,0,0,16,14,0.496687218330963,0.25574387277327093,0.9989737417176581,0.12446801536725954,1048,30,1.0,0,0.0,0.0,25.6,7068,,,,,,,,,,,,,,,,,,,,,,,,,,,
156,C,nonparticipants_only,,,10,0,10,0,0,0,0.23519839083807076,0.23447068934224174,0.2644433452296081,0.0002526862827669074,0,0,0.0,0,0.0,0.0,50.0,0,,,,,,,,,,,,,,,,,,,,,,,,,,,
156,C,step_totals,,,,,,,,,,,,,,,,,,,,,69.90000000000006,,,49.0,0.7010014306151638,10.5,0.15021459227467798,0.0,0.0,0.004037115065105145,0.10204081632653061,0.0,0,5,19,37,,49,21,31,4.400000000000001,0.06294706723891269,6.000000000000003,0.0858369098712446,22,30,24
