step,condition,population,skill_reachability,resource_reachability,n_agents,maker_count,stage_consumer,stage_customizer,stage_maker,stage_advanced_maker,skill_mean,skill_median,skill_max,skill_var,method_count_total,method_holders,method_adoption_rate,method_peer_held,knowledge_diffusion_lag_mean,hop_count_mean,latent_distributed_resources,completed_projects_total,time_total,time_observe,time_share_observe,time_practice,time_share_practice,time_make,time_share_make,time_idle,time_share_idle,skill_gain_per_time,method_self_discovery_per_time,method_peer_acquisition_per_time,peer_acquired_count,self_discovered_count,reject_time_budget_exceeded,reject_missing_asset,count_observe,count_practice,count_make,count_idle,time_share,time_share_share,time_ask,time_share_ask,count_share,count_ask,reject_insufficient_material
0,C,reachability,0.725,0.0,,,,,,,,,,,,,,,,,,,,,,,,,,,,,,,,,,,,,,,,,,,,,
1,C,all_agents,,,40,0,14,26,0,0,0.1577225252276774,0.12320543587520133,0.5412550290942407,0.012080921508275097,6,6,0.15,0,0.0,0.0,25.925,30,,,,,,,,,,,,,,,,,,,,,,,,,,,
1,C,participants_only,,,30,0,4,26,0,0,0.15910475000013108,0.13265136800429178,0.4595779429083232,0.011327138348613848,6,6,0.2,0,0.0,0.0,24.566666666666666,30,,,,,,,,,,,,,,,,,,,,,,,,,,,
1,C,nonparticipants_only,,,10,0,10,0,0,0,0.15357585091031642,0.11199690897509884,0.5412550290942407,0.01431934444339983,0,0,0.0,0,0.0,0.0,30.0,0,,,,,,,,,,,,,,,,,,,,,,,,,,,
1,C,step_totals,,,,,,,,,,,,,,,,,,,,,83.99999999999997,4.000000000000002,0.04761904761904766,20.0,0.23809523809523817,60.0,0.7142857142857145,0.0,0.0,0.019382484430338964,0.1,0.0,0,6,30,18,40,40,60,33,,,,,,,
2,C,all_agents,,,40,1,10,29,1,0,0.16424807792518084,0.129518349355283,0.5385487539487696,0.012082144381922658,9,9,0.225,0,0.0,0.0,26.9,65,,,,,,,,,,,,,,,,,,,,,,,,,,,
2,C,participants_only,,,30,1,0,29,1,0,0.16751521974646144,0.13786858951655465,0.45728005319378157,0.011467496682537832,9,9,0.3,0,0.0,0.0,24.2,65,,,,,,,,,,,,,,,,,,,,,,,,,,,
2,C,nonparticipants_only,,,10,0,10,0,0,0,0.154446652461339,0.11143692443022335,0.5385487539487696,0.013797996891912807,0,0,0.0,0,0.0,0.0,35.0,0,,,,,,,,,,,,,,,,,,,,,,,,,,,
2,C,step_totals,,,,,,,,,,,,,,,,,,,,,87.00000000000001,4.000000000000002,0.04597701149425289,20.0,0.22988505747126434,59.0,0.6781609195402297,0.0,0.0,0.019464658026692113,0.05084745762711865,0.0,0,3,21,11,40,40,59,33,1.2,0.01379310344827586,2.8000000000000003,0.03218390804597701,6,14,
3,C,all_agents,,,40,2,10,28,2,0,0.17125662486321655,0.13695983314114046,0.5358560101790257,0.012265531290527988,16,15,0.375,0,0.0,0.0,28.225,106,,,,,,,,,,,,,,,,,,,,,,,,,,,
3,C,participants_only,,,30,2,0,28,2,0,0.17657371060254873,0.14540437044639093,0.456432652790578,0.011804006593886657,16,15,0.5,0,0.0,0.0,24.3,106,,,,,,,,,,,,,,,,,,,,,,,,,,,
3,C,nonparticipants_only,,,10,0,10,0,0,0,0.1553053676452201,0.11087973980807224,0.5358560101790257,0.013310848571339065,0,0,0.0,0,0.0,0.0,40.0,0,,,,,,,,,,,,,,,,,,,,,,,,,,,
3,C,step_totals,,,,,,,,,,,,,,,,,,,,,88.60000000000001,3.800000000000002,0.04288939051918738,20.0,0.2257336343115124,60.0,0.6772009029345372,0.0,0.0,0.020405553306428376,0.11666666666666667,0.0,0,7,18,10,38,40,60,32,1.7999999999999998,0.020316027088036114,3.0000000000000004,0.033860045146726865,9,15,
4,C,all_agents,,,40,2,10,28,2,0,0.1767554415884316,0.14422401478524421,0.5331767301281306,0.01238238866125303,25,20,0.5,0,0.0,0.0,29.75,134,,,,,,,,,,,,,,,,,,,,,,,,,,,
4,C,participants_only,,,30,2,0,28,2,0,0.183622980101763,0.15342942926106518,0.4781753466789549,0.012036451066467654,25,20,0.6666666666666666,0,0.0,0.0,24.666666666666668,134,,,,,,,,,,,,,,,,,,,,,,,,,,,
4,C,nonparticipants_only,,,10,0,10,0,0,0,0.1561528260484374,0.11032534110903187,0.5331767301281306,0.012854244422824073,0,0,0.0,0,0.0,0.0,45.0,0,,,,,,,,,,,,,,,,,,,,,,,,,,,
4,C,step_totals,,,,,,,,,,,,,,,,,,,,,87.90000000000003,3.900000000000002,0.044368600682593864,20.0,0.22753128555176327,57.0,0.6484641638225254,0.0,0.0,0.016522047780825506,0.15789473684210525,0.0,0,9,10,14,39,40,57,35,2.8000000000000003,0.03185437997724686,4.200000000000001,0.0477815699658703,14,21,16
5,C,all_agents,,,40,5,10,25,5,0,0.18144245147825494,0.14918219784024894,0.5305108464774899,0.012612453572429612,28,20,0.5,0,0.0,0.0,31.625,157,,,,,,,,,,,,,,,,,,,,,,,,,,,
5,C,participants_only,,,30,5,0,25,5,0,0.18959313620178533,0.15983985760291924,0.4990483328117967,0.012410080693109825,28,20,0.6666666666666666,0,0.0,0.0,25.5,157,,,,,,,,,,,,,,,,,,,,,,,,,,,
5,C,nonparticipants_only,,,10,0,10,0,0,0,0.15699039730766373,0.10985346011209576,0.5305108464774899,0.012422368272840266,0,0,0.0,0,0.0,0.0,50.0,0,,,,,,,,,,,,,,,,,,,,,,,,,,,
5,C,step_totals,,,,,,,,,,,,,,,,,,,,,84.90000000000005,3.5000000000000018,0.041224970553592456,20.0,0.2355712603062425,53.0,0.6242638398115427,0.0,0.0,0.01486251524074726,0.05660377358490566,0.0,0,3,8,13,35,40,53,35,3.800000000000001,0.044758539458186086,4.600000000000001,0.05418138987043579,19,23,20
6,C,all_agents,,,40,7,10,23,7,0,0.18588203110174448,0.15056203324573558,0.5278582922451025,0.012525618604443725,30,20,0.5,0,0.0,0.0,32.025,178,,,,,,,,,,,,,,,,,,,,,,,,,,,
6,C,participants_only,,,30,7,0,23,7,0,0.19523663483407125,0.17002887344861134,0.4965530911477377,0.012345967036153626,30,20,0.6666666666666666,0,0.0,0.0,26.033333333333335,178,,,,,,,,,,,,,,,,,,,,,,,,,,,
6,C,nonparticipants_only,,,10,0,10,0,0,0,0.15781821990476408,0.11192396443304108,0.5278582922451025,0.012014469977447673,0,0,0.0,0,0.0,0.0,50.0,0,,,,,,,,,,,,,,,,,,,,,,,,,,,
6,C,step_totals,,,,,,,,,,,,,,,,,,,,,81.10000000000005,3.3000000000000016,0.0406905055487053,20.0,0.24660912453760775,48.0,0.5918618988902585,0.0,0.0,0.015011079208809754,0.041666666666666664,0.0,0,2,7,28,33,40,48,39,4.000000000000001,0.04932182490752156,5.8000000000000025,0.07151664611590627,20,29,33
7,C,all_agents,,,40,8,10,22,8,0,0.19124009277213191,0.15677681447128344,0.525219000783877,0.012660920422182849,36,22,0.55,0,0.0,0.0,32.225,207,,,,,,,,,,,,,,,,,,,,,,,,,,,
7,C,participants_only,,,30,8,0,22,8,0,0.20210761189354642,0.17691053546984548,0.5166909675018282,0.012533624847890732,36,22,0.7333333333333333,0,0.0,0.0,26.3,207,,,,,,,,,,,,,,,,,,,,,,,,,,,
7,C,nonparticipants_only,,,10,0,10,0,0,0,0.15863753540788839,0.11355473635800814,0.525219000783877,0.011625571482807477,0,0,0.0,0,0.0,0.0,50.0,0,,,,,,,,,,,,,,,,,,,,,,,,,,,
7,C,step_totals,,,,,,,,,,,,,,,,,,,,,86.70000000000007,1.0999999999999999,0.012687427912341395,20.0,0.2306805074971163,56.0,0.6459054209919256,0.0,0.0,0.016493795376986035,0.10714285714285714,0.0,0,6,14,18,11,40,56,37,4.000000000000001,0.04613610149942327,5.600000000000002,0.06459054209919259,20,28,28
8,C,all_agents,,,40,8,10,22,8,0,0.1967626269406287,0.16590789623020918,0.5322257433487638,0.012690437654493309,40,24,0.6,0,0.0,0.0,32.45,237,,,,,,,,,,,,,,,,,,,,,,,,,,,
8,C,participants_only,,,30,8,0,22,8,0,0.20920067101998824,0.19055298568990925,0.5322257433487638,0.012550132386078714,40,24,0.8,0,0.0,0.0,26.6,237,,,,,,,,,,,,,,,,,,,,,,,,,,,
8,C,nonparticipants_only,,,10,0,10,0,0,0,0.1594484947025501,0.115100342154768,0.5225929057799575,0.011254894173495998,0,0,0.0,0,0.0,0.0,50.0,0,,,,,,,,,,,,,,,,,,,,,,,,,,,
8,C,step_totals,,,,,,,,,,,,,,,,,,,,,88.10000000000008,0.30000000000000004,0.0034052213393870575,20.0,0.22701475595913714,57.0,0.6469920544835408,0.0,0.0,0.016731562179065046,0.07017543859649122,0.0,0,4,11,37,3,40,57,39,4.400000000000001,0.049943246311010187,6.400000000000003,0.07264472190692392,22,32,37
9,C,all_agents,,,40,8,10,22,8,0,0.20204834997814228,0.17182814012985143,0.5509367136148132,0.012843975341387802,43,25,0.625,0,0.0,0.0,32.3,265,,,,,,,,,,,,,,,,,,,,,,,,,,,
9,C,participants_only,,,30,8,0,22,8,0,0.21598020594994619,0.19433201114349608,0.5509367136148132,0.012717009647569643,43,25,0.8333333333333334,0,0.0,0.0,26.4,265,,,,,,,,,,,,,,,,,,,,,,,,,,,
9,C,nonparticipants_only,,,10,0,10,0,0,0,0.16025278206273055,0.11472122001224075,0.5199799412510577,0.010895713093013222,0,0,0.0,0,0.0,0.0,50.0,0,,,,,,,,,,,,,,,,,,,,,,,,,,,
9,C,step_totals,,,,,,,,,,,,,,,,,,,,,90.6000000000001,,,20.0,0.22075055187637946,60.0,0.6622516556291383,0.0,0.0,0.015601888470931387,0.05,0.0,0,3,14,19,,40,60,37,4.800000000000002,0.05298013245033109,5.8000000000000025,0.06401766004415008,24,29,34
10,C,all_agents,,,40,7,10,23,7,0,0.20667603072185498,0.17480333345963006,0.5688992450702207,0.013106358488365376,48,27,0.675,0,0.0,0.0,32.225,289,,,,,,,,,,,,,,,,,,,,,,,,,,,
10,C,participants_only,,,30,7,0,23,7,0,0.22188483588187682,0.19735111759116314,0.5688992450702207,0.013032849090940778,48,27,0.9,0,0.0,0.0,26.3,289,,,,,,,,,,,,,,,,,,,,,,,,,,,
10,C,nonparticipants_only,,,10,0,10,0,0,0,0.1610496152417893,0.11414761391217954,0.5173800415448024,0.010551193627893073,0,0,0.0,0,0.0,0.0,50.0,0,,,,,,,,,,,,,,,,,,,,,,,,,,,
10,C,step_totals,,,,,,,,,,,,,,,,,,,,,87.7000000000001,,,19.5,0.2223489167616873,57.0,0.6499429874572399,0.0,0.0,0.01435338880008605,0.08771929824561403,0.0,0,5,10,35,,39,57,35,5.000000000000002,0.05701254275940702,6.200000000000003,0.07069555302166472,25,31,34
10,C,reachability,0.425,0.0,,,,,,,,,,,,,,,,,,,,,,,,,,,,,,,,,,,,,,,,,,,,,
11,C,all_agents,,,40,8,10,22,8,0,0.21197763333198333,0.18786267947428995,0.5861432752674118,0.013586888353260634,52,28,0.7,0,0.0,0.0,32.025,321,,,,,,,,,,,,,,,,,,,,,,,,,,,
11,C,participants_only,,,30,8,0,22,8,0,0.22869035490012324,0.2035646277003736,0.5861432752674118,0.013592114626663664,52,28,0.9333333333333333,0,0.0,0.0,26.033333333333335,321,,,,,,,,,,,,,,,,,,,,,,,,,,,
11,C,nonparticipants_only,,,10,0,10,0,0,0,0.16183946862756365,0.11434730645082172,0.5147931413370784,0.010219428786481527,0,0,0.0,0,0.0,0.0,50.0,0,,,,,,,,,,,,,,,,,,,,,,,,,,,
11,C,step_totals,,,,,,,,,,,,,,,,,,,,,90.20000000000009,,,20.0,0.22172949002217274,59.0,0.6541019955654096,0.0,0.0,0.01571802631782655,0.06779661016949153,0.0,0,4,11,19,,40,59,35,5.200000000000002,0.05764966740576493,6.000000000000003,0.06651884700665185,26,30,35
12,C,all_agents,,,40,9,10,21,9,0,0.21684522910914378,0.18884435888676662,0.6026975442567154,0.014035528202377443,59,29,0.725,0,0.0,0.0,31.85,351,,,,,,,,,,,,,,,,,,,,,,,,,,,
12,C,participants_only,,,30,9,0,21,9,0,0.23491926663897406,0.20507385530874683,0.6026975442567154,0.014108254042128012,59,29,0.9666666666666667,0,0.0,0.0,25.8,351,,,,,,,,,,,,,,,,,,,,,,,,,,,
12,C,nonparticipants_only,,,10,0,10,0,0,0,0.16262311651965294,0.11715734301422058,0.512219175630393,0.009897300691569182,0,0,0.0,0,0.0,0.0,50.0,0,,,,,,,,,,,,,,,,,,,,,,,,,,,
12,C,step_totals,,,,,,,,,,,,,,,,,,,,,86.10000000000008,0.1,0.0011614401858304286,19.0,0.22067363530778145,55.0,0.6387921022067358,0.0,0.0,0.015365364284609623,0.12727272727272726,0.0,0,7,8,41,1,38,55,36,5.600000000000002,0.06504065040650403,6.400000000000003,0.07433217189314748,28,32,36
13,C,all_agents,,,40,10,10,20,10,0,0.22194324611829855,0.18987102287431787,0.6185896424864468,0.014578262444567548,63,30,0.75,0,0.0,0.0,31.575,383,,,,,,,,,,,,,,,,,,,,,,,,,,,
13,C,participants_only,,,30,10,0,20,10,0,0.24145775290830457,0.209900534167337,0.6185896424864468,0.01471833997726369,63,30,1.0,0,0.0,0.0,25.433333333333334,383,,,,,,,,,,,,,,,,,,,,,,,,,,,
13,C,nonparticipants_only,,,10,0,10,0,0,0,0.16339972574828052,0.12091215719708015,0.509658079752241,0.009588238143392826,0,0,0.0,0,0.0,0.0,50.0,0,,,,,,,,,,,,,,,,,,,,,,,,,,,
13,C,step_totals,,,,,,,,,,,,,,,,,,,,,89.20000000000009,,,20.0,0.2242152466367711,58.0,0.6502242152466361,0.0,0.0,0.01538850745128919,0.06896551724137931,0.0,0,4,11,20,,40,58,36,5.400000000000002,0.06053811659192822,5.8000000000000025,0.06502242152466364,27,29,38
14,C,all_agents,,,40,13,10,17,13,0,0.22680932071016283,0.19311012951560153,0.6338460567869889,0.015246920319723413,67,30,0.75,0,0.0,0.0,31.475,416,,,,,,,,,,,,,,,,,,,,,,,,,,,
14,C,participants_only,,,30,13,0,17,13,0,0.24768918561513276,0.21056091577811564,0.6338460567869889,0.015488531931109368,67,30,1.0,0,0.0,0.0,25.3,416,,,,,,,,,,,,,,,,,,,,,,,,,,,
14,C,nonparticipants_only,,,10,0,10,0,0,0,0.16416972599525306,0.12367197475086533,0.5071097893534797,0.009290460384168012,0,0,0.0,0,0.0,0.0,50.0,0,,,,,,,,,,,,,,,,,,,,,,,,,,,
14,C,step_totals,,,,,,,,,,,,,,,,,,,,,86.6000000000001,,,19.0,0.21939953810623533,55.0,0.635103926096997,0.0,0.0,0.015303069229989863,0.07272727272727272,0.0,0,4,7,40,,38,55,36,6.000000000000003,0.06928406466512697,6.600000000000003,0.07621247113163968,30,33,36
15,C,all_agents,,,40,16,10,14,16,0,0.23209910227785688,0.19498851485937915,0.6484922145155093,0.01600628908844719,72,30,0.75,0,0.0,0.0,31.425,454,,,,,,,,,,,,,,,,,,,,,,,,,,,
15,C,participants_only,,,30,16,0,14,16,0,0.25448752533645247,0.21229264085844973,0.6484922145155093,0.01633635727017188,72,30,1.0,0,0.0,0.0,25.233333333333334,454,,,,,,,,,,,,,,,,,,,,,,,,,,,
15,C,nonparticipants_only,,,10,0,10,0,0,0,0.16493383310207016,0.12630863812244636,0.5045742404067123,0.009001186698665271,0,0,0.0,0,0.0,0.0,50.0,0,,,,,,,,,,,,,,,,,,,,,,,,,,,
15,C,step_totals,,,,,,,,,,,,,,,,,,,,,86.20000000000009,,,20.0,0.23201856148491856,55.0,0.638051044083526,0.0,0.0,0.016525812576244407,0.09090909090909091,0.0,0,5,11,24,,40,55,36,5.400000000000002,0.06264501160092803,5.8000000000000025,0.0672853828306264,27,29,41
16,C,all_agents,,,40,16,10,14,16,0,0.23684560030596763,0.19996273474802542,0.6625525259348889,0.01681541539690201,74,30,0.75,0,0.0,0.0,31.3,489,,,,,,,,,,,,,,,,,,,,,,,,,,,
16,C,participants_only,,,30,16,0,14,16,0,0.26056383386,0.2150199955878343,0.6625525259348889,0.01726201590196376,74,30,1.0,0,0.0,0.0,25.066666666666666,489,,,,,,,,,,,,,,,,,,,,,,,,,,,
16,C,nonparticipants_only,,,10,0,10,0,0,0,0.16569089964387057,0.12567709493183413,0.5020513692046787,0.008724958646633259,0,0,0.0,0,0.0,0.0,50.0,0,,,,,,,,,,,,,,,,,,,,,,,,,,,
16,C,step_totals,,,,,,,,,,,,,,,,,,,,,84.70000000000009,,,18.5,0.21841794569067274,54.0,0.6375442739079096,0.0,0.0,0.015312805318516634,0.037037037037037035,0.0,0,2,9,40,,37,54,34,6.000000000000003,0.07083825265643444,6.200000000000003,0.07319952774498224,30,31,35
17,C,all_agents,,,40,17,10,13,17,0,0.24164026179748735,0.19954076394041254,0.6760504248974933,0.017743285025384824,83,30,0.75,0,0.0,0.0,31.3,526,,,,,,,,,,,,,,,,,,,,,,,,,,,
17,C,participants_only,,,30,17,0,13,17,0,0.26670645745478133,0.21910950373643884,0.6760504248974933,0.018324837367146414,83,30,1.0,0,0.0,0.0,25.066666666666666,526,,,,,,,,,,,,,,,,,,,,,,,,,,,
17,C,nonparticipants_only,,,10,0,10,0,0,0,0.16644167482560546,0.12604692306372017,0.49954111235865534,0.00845885802334314,0,0,0.0,0,0.0,0.0,50.0,0,,,,,,,,,,,,,,,,,,,,,,,,,,,
17,C,step_totals,,,,,,,,,,,,,,,,,,,,,83.60000000000008,,,20.0,0.23923444976076533,53.0,0.6339712918660281,0.0,0.0,0.015674396167932272,0.16981132075471697,0.0,0,9,14,25,,40,53,36,5.400000000000002,0.06459330143540666,5.200000000000002,0.06220095693779901,27,26,44
18,C,all_agents,,,40,18,10,12,18,0,0.2463179899277014,0.2039724769056408,0.6890084079015936,0.018702518950879238,86,30,0.75,0,0.0,0.0,31.25,563,,,,,,,,,,,,,,,,,,,,,,,,,,,
18,C,participants_only,,,30,18,0,12,18,0,0.2726950776525225,0.221368282926583,0.6890084079015936,0.019420154055076955,86,30,1.0,0,0.0,0.0,25.0,563,,,,,,,,,,,,,,,,,,,,,,,,,,,
18,C,nonparticipants_only,,,10,0,10,0,0,0,0.16718672675323806,0.12571394711968342,0.49704340679686204,0.008200604556171179,0,0,0.0,0,0.0,0.0,50.0,0,,,,,,,,,,,,,,,,,,,,,,,,,,,
18,C,step_totals,,,,,,,,,,,,,,,,,,,,,85.00000000000009,,,19.0,0.22352941176470567,54.0,0.6352941176470582,0.0,0.0,0.015106264545621874,0.05555555555555555,0.0,0,3,10,39,,38,54,34,6.000000000000003,0.0705882352941176,6.000000000000003,0.0705882352941176,30,30,36
19,C,all_agents,,,40,22,10,8,22,0,0.250403356627094,0.20396356185000253,0.7014480715855298,0.01966233430016832,92,30,0.75,0,0.0,0.0,31.275,595,,,,,,,,,,,,,,,,,,,,,,,,,,,
19,C,participants_only,,,30,22,0,8,22,0,0.2778959028404286,0.22079123234657733,0.7014480715855298,0.02054253318914165,92,30,1.0,0,0.0,0.0,25.033333333333335,595,,,,,,,,,,,,,,,,,,,,,,,,,,,
19,C,nonparticipants_only,,,10,0,10,0,0,0,0.16792571798709016,0.1290090830495112,0.49455818976287774,0.007951656465740267,0,0,0.0,0,0.0,0.0,50.0,0,,,,,,,,,,,,,,,,,,,,,,,,,,,
19,C,step_totals,,,,,,,,,,,,,,,,,,,,,83.50000000000007,,,19.5,0.23353293413173634,53.0,0.6347305389221551,0.0,0.0,0.013697648123998396,0.11320754716981132,0.0,0,6,14,24,,39,53,35,5.8000000000000025,0.06946107784431135,5.200000000000002,0.06227544910179638,29,26,43
20,C,all_agents,,,40,23,10,7,23,0,0.25453225510706656,0.2061399994915707,0.7133901487221086,0.020704898504710474,95,30,0.75,0,0.0,0.0,31.225,629,,,,,,,,,,,,,,,,,,,,,,,,,,,
20,C,participants_only,,,30,23,0,7,23,0,0.28315696719268396,0.2256747749298348,0.7133901487221086,0.021757695686741678,95,30,1.0,0,0.0,0.0,24.966666666666665,629,,,,,,,,,,,,,,,,,,,,,,,,,,,
20,C,nonparticipants_only,,,10,0,10,0,0,0,0.16865811885021445,0.13100039050842166,0.4920853988140633,0.007714017254803,0,0,0.0,0,0.0,0.0,50.0,0,,,,,,,,,,,,,,,,,,,,,,,,,,,
20,C,step_totals,,,,,,,,,,,,,,,,,,,,,84.5000000000001,,,18.5,0.21893491124260328,54.0,0.6390532544378691,0.0,0.0,0.013642182620197153,0.05555555555555555,0.0,0,3,10,39,,37,54,34,6.000000000000003,0.07100591715976326,6.000000000000003,0.07100591715976326,30,30,34
20,C,reachability,0.2,0.0,,,,,,,,,,,,,,,,,,,,,,,,,,,,,,,,,,,,,,,,,,,,,
21,C,all_agents,,,40,24,10,6,24,0,0.2590265294371646,0.20783727692124432,0.7248545427732243,0.0217803901109697,104,30,0.75,0,0.0,0.0,31.25,668,,,,,,,,,,,,,,,,,,,,,,,,,,,
21,C,participants_only,,,30,24,0,6,24,0,0.28890693287103836,0.2267257025161184,0.7248545427732243,0.02297505705598369,104,30,1.0,0,0.0,0.0,25.0,668,,,,,,,,,,,,,,,,,,,,,,,,,,,
21,C,nonparticipants_only,,,10,0,10,0,0,0,0.16938531913554325,0.13296118621190567,0.489624971819993,0.007482327163475054,0,0,0.0,0,0.0,0.0,50.0,0,,,,,,,,,,,,,,,,,,,,,,,,,,,
21,C,step_totals,,,,,,,,,,,,,,,,,,,,,83.70000000000009,,,19.5,0.232974910394265,53.0,0.63321385902031,0.0,0.0,0.014853007765117974,0.16981132075471697,0.0,0,9,14,24,,39,53,35,6.000000000000003,0.07168458781362003,5.200000000000002,0.06212664277180402,30,26,43
22,C,all_agents,,,40,27,10,3,27,0,0.2632104951676834,0.21102115668491528,0.7358603610622952,0.022880697419622637,110,30,0.75,0,0.0,0.0,31.2,705,,,,,,,,,,,,,,,,,,,,,,,,,,,
22,C,participants_only,,,30,27,0,3,27,0,0.2942451061334098,0.23118979550821736,0.7358603610622952,0.024235266430161315,110,30,1.0,0,0.0,0.0,24.933333333333334,705,,,,,,,,,,,,,,,,,,,,,,,,,,,
22,C,nonparticipants_only,,,10,0,10,0,0,0,0.17010666227050406,0.1364449952716314,0.48717684696089303,0.007259225454478744,0,0,0.0,0,0.0,0.0,50.0,0,,,,,,,,,,,,,,,,,,,,,,,,,,,
22,C,step_totals,,,,,,,,,,,,,,,,,,,,,84.3000000000001,,,18.5,0.2194543297746142,54.0,0.6405693950177929,0.0,0.0,0.013869759798976627,0.1111111111111111,0.0,0,6,11,39,,37,54,32,6.000000000000003,0.07117437722419924,5.8000000000000025,0.06880189798339259,30,29,32
23,C,all_agents,,,40,28,10,2,28,0,0.2675324544430906,0.21532174679135496,0.7464259466198034,0.024046873669124755,117,30,0.75,0,0.0,0.0,31.225,745,,,,,,,,,,,,,,,,,,,,,,,,,,,
23,C,participants_only,,,30,28,0,2,28,0,0.2997691399811836,0.23252001798930816,0.7464259466198034,0.025557771969891886,117,30,1.0,0,0.0,0.0,24.966666666666665,745,,,,,,,,,,,,,,,,,,,,,,,,,,,
23,C,nonparticipants_only,,,10,0,10,0,0,0,0.17082239782881145,0.1370043557504595,0.4847409627260886,0.007043732033040592,0,0,0.0,0,0.0,0.0,50.0,0,,,,,,,,,,,,,,,,,,,,,,,,,,,
23,C,step_totals,,,,,,,,,,,,,,,,,,,,,83.50000000000009,,,19.5,0.23353293413173629,53.0,0.634730538922155,0.0,0.0,0.014417715900213447,0.1320754716981132,0.0,0,7,15,24,,39,53,35,6.000000000000003,0.07185628742514966,5.000000000000002,0.05988023952095804,30,25,43
24,C,all_agents,,,40,28,10,2,28,0,0.2717639963669602,0.2161886834697856,0.7565689087550113,0.025198386041695626,121,30,0.75,0,0.0,0.0,31.175,785,,,,,,,,,,,,,,,,,,,,,,,,,,,
24,C,participants_only,,,30,28,0,2,28,0,0.3051745002753001,0.23557820144996117,0.7565689087550113,0.026854121525228095,121,30,1.0,0,0.0,0.0,24.9,785,,,,,,,,,,,,,,,,,,,,,,,,,,,
24,C,nonparticipants_only,,,10,0,10,0,0,0,0.17153248464194057,0.13846184375821718,0.4823172579124581,0.00683603833418789,0,0,0.0,0,0.0,0.0,50.0,0,,,,,,,,,,,,,,,,,,,,,,,,,,,
24,C,step_totals,,,,,,,,,,,,,,,,,,,,,84.30000000000011,,,18.5,0.21945432977461418,54.0,0.6405693950177928,0.0,0.0,0.014020411785677048,0.07407407407407407,0.0,0,4,11,39,,37,54,32,6.000000000000003,0.07117437722419923,5.8000000000000025,0.06880189798339259,30,29,32
25,C,all_agents,,,40,29,10,1,29,0,0.27575617614448933,0.21996357055427818,0.7663061524048108,0.02631315757949629,125,30,0.75,0,0.0,0.0,31.2,823,,,,,,,,,,,,,,,,,,,,,,,,,,,
25,C,participants_only,,,30,29,0,1,29,0,0.31026241131847876,0.23835661595643054,0.7663061524048108,0.028110123856621823,125,30,1.0,0,0.0,0.0,24.933333333333334,823,,,,,,,,,,,,,,,,,,,,,,,,,,,
25,C,nonparticipants_only,,,10,0,10,0,0,0,0.1722374706225209,0.13959208164866926,0.4799056716228958,0.0066340955575276825,0,0,0.0,0,0.0,0.0,50.0,0,,,,,,,,,,,,,,,,,,,,,,,,,,,
25,C,step_totals,,,,,,,,,,,,,,,,,,,,,83.70000000000007,,,19.5,0.23297491039426502,53.0,0.63321385902031,0.0,0.0,0.013470799475588182,0.07547169811320754,0.0,0,4,14,24,,39,53,35,6.000000000000003,0.07168458781362004,5.200000000000002,0.06212664277180403,30,26,43
26,C,all_agents,,,40,29,10,1,29,0,0.27942822849511617,0.22225044880130065,0.7756539063086184,0.02750441950468102,130,30,0.75,0,0.0,0.0,31.175,860,,,,,,,,,,,,,,,,,,,,,,,,,,,
26,C,participants_only,,,30,29,0,1,29,0,0.3149250321762034,0.24026156020167944,0.7756539063086184,0.029487075057031454,130,30,1.0,0,0.0,0.0,24.9,860,,,,,,,,,,,,,,,,,,,,,,,,,,,
26,C,nonparticipants_only,,,10,0,10,0,0,0,0.17293781745185463,0.1428704173463143,0.47750614326478136,0.0064361759887459884,0,0,0.0,0,0.0,0.0,50.0,0,,,,,,,,,,,,,,,,,,,,,,,,,,,
26,C,step_totals,,,,,,,,,,,,,,,,,,,,,82.70000000000009,,,17.5,0.21160822249093086,54.0,0.6529625151148724,0.0,0.0,0.012715885306498665,0.09259259259259259,0.0,0,5,14,38,,35,54,32,6.000000000000003,0.07255139056831918,5.200000000000002,0.06287787182587662,30,26,32
27,C,all_agents,,,40,29,10,1,29,0,0.283484708865976,0.22571697324585815,0.7846277500562737,0.028635618224928893,137,30,0.75,0,0.0,0.0,31.2,901,,,,,,,,,,,,,,,,,,,,,,,,,,,
27,C,participants_only,,,30,29,0,1,29,0,0.3201017600160619,0.2427973238415328,0.7846277500562737,0.030736837526494736,137,30,1.0,0,0.0,0.0,24.933333333333334,901,,,,,,,,,,,,,,,,,,,,,,,,,,,
27,C,nonparticipants_only,,,10,0,10,0,0,0,0.17363355541571834,0.14353507812918598,0.47511861254845744,0.006242259101095288,0,0,0.0,0,0.0,0.0,50.0,0,,,,,,,,,,,,,,,,,,,,,,,,,,,
27,C,step_totals,,,,,,,,,,,,,,,,,,,,,83.50000000000009,,,19.5,0.23353293413173629,53.0,0.634730538922155,0.0,0.0,0.013708651616791445,0.1320754716981132,0.0,0,7,15,24,,39,53,34,6.000000000000003,0.07185628742514966,5.000000000000002,0.05988023952095804,30,25,43
28,C,all_agents,,,40,29,10,1,29,0,0.28726947091886795,0.22697269242933313,0.7932426400540228,0.02994226317440728,145,30,0.75,0,0.0,0.0,31.175,943,,,,,,,,,,,,,,,,,,,,,,,,,,,
28,C,participants_only,,,30,29,0,1,29,0,0.3249179414426067,0.24449232701086954,0.7932426400540228,0.03223511270170782,145,30,1.0,0,0.0,0.0,24.9,943,,,,,,,,,,,,,,,,,,,,,,,,,,,
28,C,nonparticipants_only,,,10,0,10,0,0,0,0.17432405934765166,0.14495645559807135,0.4727430194857152,0.0060548265991837436,0,0,0.0,0,0.0,0.0,50.0,0,,,,,,,,,,,,,,,,,,,,,,,,,,,
28,C,step_totals,,,,,,,,,,,,,,,,,,,,,82.20000000000009,,,17.0,0.2068126520681263,54.0,0.6569343065693424,0.0,0.0,0.013167239512250342,0.14814814814814814,0.0,0,8,14,38,,34,54,31,6.000000000000003,0.07299270072992696,5.200000000000002,0.06326034063260336,30,26,32
29,C,all_agents,,,40,30,10,0,30,0,0.29088992676272785,0.2288806432227466,0.8015129344518619,0.031078835022058687,148,30,0.75,0,0.0,0.0,31.2,982,,,,,,,,,,,,,,,,,,,,,,,,,,,
29,C,participants_only,,,30,30,0,0,30,0,0.3295168728849821,0.2463497649094691,0.8015129344518619,0.03351204035516523,148,30,1.0,0,0.0,0.0,24.933333333333334,982,,,,,,,,,,,,,,,,,,,,,,,,,,,
29,C,nonparticipants_only,,,10,0,10,0,0,0,0.17500908839596496,0.1460586908572421,0.4703793043882866,0.005874727421960613,0,0,0.0,0,0.0,0.0,50.0,0,,,,,,,,,,,,,,,,,,,,,,,,,,,
29,C,step_totals,,,,,,,,,,,,,,,,,,,,,82.30000000000008,,,18.5,0.22478736330498156,53.0,0.6439854191980553,0.0,0.0,0.012695545325690118,0.05660377358490566,0.0,0,3,16,23,,37,53,34,6.000000000000003,0.07290400972053458,4.800000000000002,0.05832320777642767,30,24,43
30,C,all_agents,,,40,30,10,0,30,0,0.29442586655675207,0.2334533219119157,0.8094524170737875,0.03231902941872237,155,30,0.75,0,0.0,0.0,31.175,1023,,,,,,,,,,,,,,,,,,,,,,,,,,,
30,C,participants_only,,,30,30,0,0,30,0,0.3340045585678647,0.24772043903136215,0.8094524170737875,0.03492692126237949,155,30,1.0,0,0.0,0.0,24.9,1023,,,,,,,,,,,,,,,,,,,,,,,,,,,
30,C,nonparticipants_only,,,10,0,10,0,0,0,0.17568979052341413,0.14930567792353222,0.46802740786634517,0.00569767955202486,0,0,0.0,0,0.0,0.0,50.0,0,,,,,,,,,,,,,,,,,,,,,,,,,,,
30,C,step_totals,,,,,,,,,,,,,,,,,,,,,81.70000000000009,,,16.5,0.20195838433292512,54.0,0.6609547123623004,0.0,0.0,0.012572058264713325,0.12962962962962962,0.0,0,7,14,38,,33,54,31,6.000000000000003,0.07343941248470008,5.200000000000002,0.0636474908200734,30,26,31
30,C,reachability,0.2,0.0,,,,,,,,,,,,,,,,,,,,,,,,,,,,,,,,,,,,,,,,,,,,,
31,C,all_agents,,,40,30,10,0,29,1,0.2980244143563721,0.2329000641183066,0.8170743203908359,0.0335415511326444,162,30,0.75,0,0.0,0.0,31.2,1065,,,,,,,,,,,,,,,,,,,,,,,,,,,
31,C,participants_only,,,30,30,0,0,29,1,0.3385770727639544,0.25014883872832466,0.8170743203908359,0.03630308545751082,162,30,1.0,0,0.0,0.0,24.933333333333334,1065,,,,,,,,,,,,,,,,,,,,,,,,,,,
31,C,nonparticipants_only,,,10,0,10,0,0,0,0.17636643913362532,0.14946207426253252,0.46568727082701344,0.0055227309109804916,0,0,0.0,0,0.0,0.0,50.0,0,,,,,,,,,,,,,,,,,,,,,,,,,,,
31,C,step_totals,,,,,,,,,,,,,,,,,,,,,82.30000000000008,,,18.5,0.22478736330498156,53.0,0.6439854191980553,0.0,0.0,0.012646057732090269,0.1320754716981132,0.0,0,7,16,23,,37,53,34,6.000000000000003,0.07290400972053458,4.800000000000002,0.05832320777642767,30,24,43
32,C,all_agents,,,40,30,10,0,29,1,0.30117192947156446,0.2347163700367365,0.8243913475752025,0.03471898376699842,172,30,0.75,0,0.0,0.0,31.175,1103,,,,,,,,,,,,,,,,,,,,,,,,,,,
32,C,participants_only,,,30,30,0,0,29,1,0.34254998394264957,0.25092154357810814,0.8243913475752025,0.03765848491137091,172,30,1.0,0,0.0,0.0,24.9,1103,,,,,,,,,,,,,,,,,,,,,,,,,,,
32,C,nonparticipants_only,,,10,0,10,0,0,0,0.177037766058309,0.15036310752671916,0.4633588344728784,0.005354759632135857,0,0,0.0,0,0.0,0.0,50.0,0,,,,,,,,,,,,,,,,,,,,,,,,,,,
32,C,step_totals,,,,,,,,,,,,,,,,,,,,,81.70000000000009,,,16.5,0.20195838433292512,54.0,0.6609547123623004,0.0,0.0,0.011443720743437465,0.18518518518518517,0.0,0,10,14,38,,33,54,31,6.000000000000003,0.07343941248470008,5.200000000000002,0.0636474908200734,30,26,30
33,C,all_agents,,,40,30,10,0,28,2,0.30446681347099175,0.23584053768505586,0.8314156936721944,0.03589993223910006,180,30,0.75,0,0.0,0.0,31.2,1144,,,,,,,,,,,,,,,,,,,,,,,,,,,
33,C,participants_only,,,30,30,0,0,28,2,0.346721203865267,0.25319244975620236,0.8314156936721944,0.03899341795804608,180,30,1.0,0,0.0,0.0,24.933333333333334,1144,,,,,,,,,,,,,,,,,,,,,,,,,,,
33,C,nonparticipants_only,,,10,0,10,0,0,0,0.17770364228816599,0.15196110339782737,0.461042040300514,0.0051942729911601425,0,0,0.0,0,0.0,0.0,50.0,0,,,,,,,,,,,,,,,,,,,,,,,,,,,
33,C,step_totals,,,,,,,,,,,,,,,,,,,,,81.30000000000008,,,17.5,0.215252152521525,53.0,0.65190651906519,0.0,0.0,0.011954317963261657,0.1509433962264151,0.0,0,8,16,23,,35,53,33,6.000000000000003,0.07380073800738003,4.800000000000002,0.059040590405904016,30,24,43
34,C,all_agents,,,40,30,10,0,28,2,0.30783207107364496,0.23651983686055367,0.8381590659253066,0.03711943537369111,184,30,0.75,0,0.0,0.0,31.175,1187,,,,,,,,,,,,,,,,,,,,,,,,,,,
34,C,participants_only,,,30,30,0,0,28,2,0.3509876334237576,0.2549757543164214,0.8381590659253066,0.04036418326848047,184,30,1.0,0,0.0,0.0,24.9,1187,,,,,,,,,,,,,,,,,,,,,,,,,,,
34,C,nonparticipants_only,,,10,0,10,0,0,0,0.1783653840233068,0.1547526276730315,0.4587368300990114,0.005036360948269419,0,0,0.0,0,0.0,0.0,50.0,0,,,,,,,,,,,,,,,,,,,,,,,,,,,
34,C,step_totals,,,,,,,,,,,,,,,,,,,,,81.30000000000008,,,16.5,0.202952029520295,54.0,0.66420664206642,0.0,0.0,0.012168849213400328,0.07407407407407407,0.0,0,4,16,36,,33,54,31,6.000000000000003,0.07380073800738003,4.800000000000002,0.059040590405904016,30,24,29
35,C,all_agents,,,40,30,10,0,28,2,0.31104517834373185,0.23748654728130442,0.8446327032882944,0.038274556830427256,188,30,0.75,0,0.0,0.0,31.2,1229,,,,,,,,,,,,,,,,,,,,,,,,,,,
35,C,participants_only,,,30,30,0,0,28,2,0.35505259002993067,0.2561197407390424,0.8446327032882944,0.04165906642265808,188,30,1.0,0,0.0,0.0,24.933333333333334,1229,,,,,,,,,,,,,,,,,,,,,,,,,,,
35,C,nonparticipants_only,,,10,0,10,0,0,0,0.1790229432851352,0.15509935663093571,0.4564431459485163,0.004881200653911687,0,0,0.0,0,0.0,0.0,50.0,0,,,,,,,,,,,,,,,,,,,,,,,,,,,
35,C,step_totals,,,,,,,,,,,,,,,,,,,,,80.80000000000008,,,17.0,0.2103960396039602,53.0,0.6559405940594053,0.0,0.0,0.011831867857974241,0.07547169811320754,0.0,0,4,16,22,,34,53,32,6.000000000000003,0.07425742574257421,4.800000000000002,0.05940594059405937,30,24,41
36,C,all_agents,,,40,30,10,0,28,2,0.314004234216306,0.23931064665077229,0.8508473951567627,0.03948787471865165,195,30,0.75,0,0.0,0.0,31.175,1270,,,,,,,,,,,,,,,,,,,,,,,,,,,
36,C,participants_only,,,30,30,0,0,28,2,0.3587804470498722,0.25913522554174195,0.8508473951567627,0.043053657848813834,195,30,1.0,0,0.0,0.0,24.9,1270,,,,,,,,,,,,,,,,,,,,,,,,,,,
36,C,nonparticipants_only,,,10,0,10,0,0,0,0.17967559571560768,0.15556712137122763,0.45416093021877374,0.004731614499563343,0,0,0.0,0,0.0,0.0,50.0,0,,,,,,,,,,,,,,,,,,,,,,,,,,,
36,C,step_totals,,,,,,,,,,,,,,,,,,,,,81.10000000000008,,,16.5,0.20345252774352632,54.0,0.6658446362515407,0.0,0.0,0.011024245758346112,0.12962962962962962,0.0,0,7,17,36,,33,54,31,6.000000000000003,0.07398273736128233,4.600000000000001,0.056720098643649776,30,23,29
37,C,all_agents,,,40,30,10,0,25,5,0.3171474529212232,0.23947384083422457,0.8568134993504921,0.040658253872810614,199,30,0.75,0,0.0,0.0,31.2,1314,,,,,,,,,,,,,,,,,,,,,,,,,,,
37,C,participants_only,,,30,30,0,0,25,5,0.36275550668793566,0.2608224724656574,0.8568134993504921,0.04436133119810718,199,30,1.0,0,0.0,0.0,24.933333333333334,1314,,,,,,,,,,,,,,,,,,,,,,,,,,,
37,C,nonparticipants_only,,,10,0,10,0,0,0,0.18032329162108568,0.15746112447835459,0.4518901255676799,0.004587887076272872,0,0,0.0,0,0.0,0.0,50.0,0,,,,,,,,,,,,,,,,,,,,,,,,,,,
37,C,step_totals,,,,,,,,,,,,,,,,,,,,,80.80000000000008,,,17.0,0.2103960396039602,53.0,0.6559405940594053,0.0,0.0,0.011648561541569206,0.07547169811320754,0.0,0,4,16,22,,34,53,32,6.000000000000003,0.07425742574257421,4.800000000000002,0.05940594059405937,30,24,41
38,C,all_agents,,,40,30,10,0,23,7,0.3202207588283368,0.2408714528827855,0.8625409593764725,0.041889759923593665,203,30,0.75,0,0.0,0.0,31.175,1359,,,,,,,,,,,,,,,,,,,,,,,,,,,
38,C,participants_only,,,30,30,0,0,23,7,0.3666388588785957,0.26097929686191873,0.8625409593764725,0.045751645095230636,203,30,1.0,0,0.0,0.0,24.9,1359,,,,,,,,,,,,,,,,,,,,,,,,,,,
38,C,nonparticipants_only,,,10,0,10,0,0,0,0.18096645867755984,0.1592211204486032,0.4496306749398415,0.004448424261372516,0,0,0.0,0,0.0,0.0,50.0,0,,,,,,,,,,,,,,,,,,,,,,,,,,,
38,C,step_totals,,,,,,,,,,,,,,,,,,,,,80.40000000000009,,,16.0,0.1990049751243779,54.0,0.6716417910447754,0.0,0.0,0.011501481384754219,0.07407407407407407,0.0,0,4,18,35,,32,54,31,6.000000000000003,0.07462686567164174,4.400000000000001,0.05472636815920393,30,22,29
39,C,all_agents,,,40,30,10,0,23,7,0.32324800053020597,0.2402881606939602,0.8680393210014136,0.043014566986831704,208,30,0.75,0,0.0,0.0,31.2,1404,,,,,,,,,,,,,,,,,,,,,,,,,,,
39,C,participants_only,,,30,30,0,0,23,7,0.37046214032515434,0.2629426151866011,0.8680393210014136,0.046998913982973956,208,30,1.0,0,0.0,0.0,24.933333333333334,1404,,,,,,,,,,,,,,,,,,,,,,,,,,,
39,C,nonparticipants_only,,,10,0,10,0,0,0,0.1816055811453608,0.16094319755415537,0.4473825215651423,0.004311426039481789,0,0,0.0,0,0.0,0.0,50.0,0,,,,,,,,,,,,,,,,,,,,,,,,,,,
39,C,step_totals,,,,,,,,,,,,,,,,,,,,,79.80000000000007,,,16.0,0.2005012531328319,53.0,0.6641604010025057,0.0,0.0,0.01150205619254572,0.09433962264150944,0.0,0,5,16,22,,32,53,32,6.000000000000003,0.075187969924812,4.800000000000002,0.06015037593984959,30,24,41
40,C,all_agents,,,40,30,10,0,23,7,0.32595285050357886,0.2399426687537723,0.873317748161357,0.04411629330515307,218,30,0.75,0,0.0,0.0,31.175,1446,,,,,,,,,,,,,,,,,,,,,,,,,,,
40,C,participants_only,,,30,30,0,0,23,7,0.3738570105001547,0.2659825659426311,0.873317748161357,0.04824979539493418,218,30,1.0,0,0.0,0.0,24.9,1446,,,,,,,,,,,,,,,,,,,,,,,,,,,
40,C,nonparticipants_only,,,10,0,10,0,0,0,0.18224037051385134,0.1613614934247372,0.4451456089573166,0.00417808449607929,0,0,0.0,0,0.0,0.0,50.0,0,,,,,,,,,,,,,,,,,,,,,,,,,,,
40,C,step_totals,,,,,,,,,,,,,,,,,,,,,79.90000000000006,,,15.5,0.19399249061326643,54.0,0.6758448060075088,0.0,0.0,0.010511188569381212,0.18518518518518517,0.0,0,10,18,34,,31,54,31,6.000000000000003,0.07509386733416769,4.400000000000001,0.055068836045056295,30,22,29
40,C,reachability,0.2,0.0,,,,,,,,,,,,,,,,,,,,,,,,,,,,,,,,,,,,,,,,,,,,,
41,C,all_agents,,,40,30,10,0,20,10,0.32886372382772217,0.23874295541000345,0.8783850382349027,0.04522802537043846,223,30,0.75,0,0.0,0.0,31.2,1492,,,,,,,,,,,,,,,,,,,,,,,,,,,
41,C,participants_only,,,30,30,0,0,20,10,0.3775281743423107,0.2699390221704466,0.8783850382349027,0.04948109100992538,223,30,1.0,0,0.0,0.0,24.933333333333334,1492,,,,,,,,,,,,,,,,,,,,,,,,,,,
41,C,nonparticipants_only,,,10,0,10,0,0,0,0.18287037228395658,0.16267322755338015,0.44291988091253,0.004050083525335701,0,0,0.0,0,0.0,0.0,50.0,0,,,,,,,,,,,,,,,,,,,,,,,,,,,
41,C,step_totals,,,,,,,,,,,,,,,,,,,,,78.10000000000007,,,14.5,0.18565941101152353,53.0,0.6786171574903963,0.0,0.0,0.011459578119362488,0.09433962264150944,0.0,0,5,17,22,,29,53,31,6.000000000000003,0.07682458386683735,4.600000000000001,0.058898847631241966,30,23,40
42,C,all_agents,,,40,30,10,0,20,10,0.33136841496924574,0.23879337271471895,0.8832496367055066,0.04627505821550214,231,30,0.75,0,0.0,0.0,31.175,1533,,,,,,,,,,,,,,,,,,,,,,,,,,,
42,C,participants_only,,,30,30,0,0,20,10,0.38065923550995623,0.2742316845936048,0.8832496367055066,0.05067301902601278,231,30,1.0,0,0.0,0.0,24.9,1533,,,,,,,,,,,,,,,,,,,,,,,,,,,
42,C,nonparticipants_only,,,10,0,10,0,0,0,0.1834959533471142,0.16372845433906885,0.44070528150796734,0.003926155909051854,0,0,0.0,0,0.0,0.0,50.0,0,,,,,,,,,,,,,,,,,,,,,,,,,,,
42,C,step_totals,,,,,,,,,,,,,,,,,,,,,79.40000000000009,,,15.0,0.18891687657430709,54.0,0.6801007556675055,0.0,0.0,0.010018129882923854,0.14814814814814814,0.0,0,8,18,34,,30,54,31,6.000000000000003,0.07556675062972287,4.400000000000001,0.05541561712846343,30,22,29
43,C,all_agents,,,40,30,10,0,20,10,0.33394366002135006,0.2387639294311647,0.8879196512372863,0.047386553160889244,241,30,0.75,0,0.0,0.0,31.2,1578,,,,,,,,,,,,,,,,,,,,,,,,,,,
43,C,participants_only,,,30,30,0,0,20,10,0.38388571987640596,0.27286052617063683,0.8879196512372863,0.05193689211837762,241,30,1.0,0,0.0,0.0,24.933333333333334,1578,,,,,,,,,,,,,,,,,,,,,,,,,,,
43,C,nonparticipants_only,,,10,0,10,0,0,0,0.18411748045618237,0.1666231951443407,0.4385017551004275,0.003805024177632289,0,0,0.0,0,0.0,0.0,50.0,0,,,,,,,,,,,,,,,,,,,,,,,,,,,
43,C,step_totals,,,,,,,,,,,,,,,,,,,,,77.60000000000008,,,14.0,0.18041237113402042,53.0,0.6829896907216488,0.0,0.0,0.01053612529441106,0.18867924528301888,0.0,0,10,17,22,,28,53,31,6.000000000000003,0.07731958762886594,4.600000000000001,0.05927835051546387,30,23,40
44,C,all_agents,,,40,30,10,0,20,10,0.3365484554202885,0.239548462783009,0.8924028651877949,0.04839718821051696,251,30,0.75,0,0.0,0.0,31.175,1622,,,,,,,,,,,,,,,,,,,,,,,,,,,
44,C,participants_only,,,30,30,0,0,20,10,0.38715312252322065,0.2760216816540394,0.8924028651877949,0.053056744569096884,251,30,1.0,0,0.0,0.0,24.9,1622,,,,,,,,,,,,,,,,,,,,,,,,,,,
44,C,nonparticipants_only,,,10,0,10,0,0,0,0.18473445411149197,0.16678811656389375,0.43630924632492535,0.0036885311435941484,0,0,0.0,0,0.0,0.0,50.0,0,,,,,,,,,,,,,,,,,,,,,,,,,,,
44,C,step_totals,,,,,,,,,,,,,,,,,,,,,79.40000000000008,,,15.0,0.1889168765743071,54.0,0.6801007556675056,0.0,0.0,0.010344823760353174,0.18518518518518517,0.0,0,10,18,34,,30,54,31,6.000000000000003,0.07556675062972289,4.400000000000001,0.05541561712846344,30,22,29
45,C,all_agents,,,40,30,10,0,20,10,0.3389253212102329,0.23835072046909395,0.896706750580283,0.049480066136586474,262,30,0.75,0,0.0,0.0,31.2,1667,,,,,,,,,,,,,,,,,,,,,,,,,,,
45,C,participants_only,,,30,30,0,0,20,10,0.39011800145754544,0.2746415732457692,0.896706750580283,0.054298927515044754,262,30,1.0,0,0.0,0.0,24.933333333333334,1667,,,,,,,,,,,,,,,,,,,,,,,,,,,
45,C,nonparticipants_only,,,10,0,10,0,0,0,0.18534728046829532,0.16773695058622767,0.4341277000933007,0.00357519587036866,0,0,0.0,0,0.0,0.0,50.0,0,,,,,,,,,,,,,,,,,,,,,,,,,,,
45,C,step_totals,,,,,,,,,,,,,,,,,,,,,76.60000000000008,,,13.0,0.16971279373368128,53.0,0.6919060052219314,0.0,0.0,0.01010183227518772,0.20754716981132076,0.0,0,11,17,22,,26,53,30,6.000000000000003,0.07832898172323755,4.600000000000001,0.06005221932114878,30,23,39
46,C,all_agents,,,40,30,10,0,20,10,0.34129125366266033,0.2381613986956434,0.9008384805570717,0.0504790106174907,267,30,0.75,0,0.0,0.0,31.175,1710,,,,,,,,,,,,,,,,,,,,,,,,,,,
46,C,participants_only,,,30,30,0,0,20,10,0.3930696512759537,0.27608909124660086,0.9008384805570717,0.05542641791617442,267,30,1.0,0,0.0,0.0,24.9,1710,,,,,,,,,,,,,,,,,,,,,,,,,,,
46,C,nonparticipants_only,,,10,0,10,0,0,0,0.1859560608227802,0.16921167898698591,0.4319570615928342,0.0034647592086358907,0,0,0.0,0,0.0,0.0,50.0,0,,,,,,,,,,,,,,,,,,,,,,,,,,,
46,C,step_totals,,,,,,,,,,,,,,,,,,,,,78.20000000000007,,,14.0,0.1790281329923272,54.0,0.6905370843989763,0.0,0.0,0.009823088623888938,0.09259259259259259,0.0,0,5,19,33,,28,54,31,6.000000000000003,0.0767263427109974,4.200000000000001,0.05370843989769817,30,21,28
47,C,all_agents,,,40,30,10,0,20,10,0.3436575034755657,0.2376853384109614,0.9048049413347888,0.05152023337887352,275,30,0.75,0,0.0,0.0,31.2,1756,,,,,,,,,,,,,,,,,,,,,,,,,,,
47,C,participants_only,,,30,30,0,0,20,10,0.3960231728464646,0.2747086457903679,0.9048049413347888,0.056605538235089785,275,30,1.0,0,0.0,0.0,24.933333333333334,1756,,,,,,,,,,,,,,,,,,,,,,,,,,,
47,C,nonparticipants_only,,,10,0,10,0,0,0,0.18656049536286903,0.17178786845310423,0.42979727628487,0.0033583588662771838,0,0,0.0,0,0.0,0.0,50.0,0,,,,,,,,,,,,,,,,,,,,,,,,,,,
47,C,step_totals,,,,,,,,,,,,,,,,,,,,,76.60000000000008,,,13.0,0.16971279373368128,53.0,0.6919060052219314,0.0,0.0,0.010091984649733734,0.1509433962264151,0.0,0,8,17,22,,26,53,30,6.000000000000003,0.07832898172323755,4.600000000000001,0.06005221932114878,30,23,39
48,C,all_agents,,,40,30,10,0,19,11,0.3461145080699175,0.23853874463456237,0.9086127436813973,0.05249471609939001,281,30,0.75,0,0.0,0.0,31.175,1802,,,,,,,,,,,,,,,,,,,,,,,,,,,
48,C,participants_only,,,30,30,0,0,19,11,0.39909926107353855,0.274994672674734,0.9086127436813973,0.057677643611081755,281,30,1.0,0,0.0,0.0,24.9,1802,,,,,,,,,,,,,,,,,,,,,,,,,,,
48,C,nonparticipants_only,,,10,0,10,0,0,0,0.1871602490590542,0.17246701291048544,0.42764828990344567,0.0032573249540579514,0,0,0.0,0,0.0,0.0,50.0,0,,,,,,,,,,,,,,,,,,,,,,,,,,,
48,C,step_totals,,,,,,,,,,,,,,,,,,,,,78.00000000000006,,,14.0,0.17948717948717935,54.0,0.6923076923076918,0.0,0.0,0.010152796476380612,0.1111111111111111,0.0,0,6,20,33,,28,54,31,6.000000000000003,0.0769230769230769,4.000000000000001,0.05128205128205126,30,20,28
49,C,all_agents,,,40,30,10,0,18,12,0.34840464604953036,0.2388501172847492,0.9122682339341415,0.053504544408190385,288,30,0.75,0,0.0,0.0,31.2,1849,,,,,,,,,,,,,,,,,,,,,,,,,,,
49,C,participants_only,,,30,30,0,0,18,12,0.4019540950858301,0.2736196993113603,0.9122682339341415,0.05881652534851528,288,30,1.0,0,0.0,0.0,24.933333333333334,1849,,,,,,,,,,,,,,,,,,,,,,,,,,,
49,C,nonparticipants_only,,,10,0,10,0,0,0,0.18775629894063117,0.1731036308880083,0.4255100484539284,0.0031580796821205404,0,0,0.0,0,0.0,0.0,50.0,0,,,,,,,,,,,,,,,,,,,,,,,,,,,
49,C,step_totals,,,,,,,,,,,,,,,,,,,,,76.40000000000008,,,13.0,0.17015706806282704,53.0,0.6937172774869103,0.0,0.0,0.009905481694720475,0.1320754716981132,0.0,0,7,17,22,,26,53,30,6.000000000000003,0.07853403141361252,4.400000000000001,0.05759162303664917,30,22,38
50,C,all_agents,,,40,30,10,0,18,12,0.350306308792505,0.23985888250197762,0.9157775045767758,0.0544176482106534,295,30,0.75,0,0.0,0.0,31.175,1890,,,,,,,,,,,,,,,,,,,,,,,,,,,
50,C,participants_only,,,30,30,0,0,18,12,0.4042921604630881,0.27472972373580895,0.9157775045767758,0.0598788916554777,295,30,1.0,0,0.0,0.0,24.9,1890,,,,,,,,,,,,,,,,,,,,,,,,,,,
50,C,nonparticipants_only,,,10,0,10,0,0,0,0.18834875378075583,0.17400159654639152,0.4233824982116588,0.0030602517090021404,0,0,0.0,0,0.0,0.0,50.0,0,,,,,,,,,,,,,,,,,,,,,,,,,,,
50,C,step_totals,,,,,,,,,,,,,,,,,,,,,77.00000000000007,,,13.0,0.16883116883116867,54.0,0.7012987012987006,0.0,0.0,0.008612019158512837,0.12962962962962962,0.0,0,7,20,32,,26,54,30,6.000000000000003,0.07792207792207788,4.000000000000001,0.05194805194805191,30,20,28
50,C,reachability,0.2,0.0,,,,,,,,,,,,,,,,,,,,,,,,,,,,,,,,,,,,,,,,,,,,,
51,C,all_agents,,,40,30,10,0,17,13,0.3525385579500774,0.240721607213827,0.9191464043937048,0.055376804367399696,303,30,0.75,0,0.0,0.0,31.2,1937,,,,,,,,,,,,,,,,,,,,,,,,,,,
51,C,participants_only,,,30,30,0,0,17,13,0.4070724274325452,0.2733560751171299,0.9191464043937048,0.06095119691332483,303,30,1.0,0,0.0,0.0,24.933333333333334,1937,,,,,,,,,,,,,,,,,,,,,,,,,,,
51,C,nonparticipants_only,,,10,0,10,0,0,0,0.18893694950267378,0.17451780571660408,0.4212655857206005,0.002966311680854218,0,0,0.0,0,0.0,0.0,50.0,0,,,,,,,,,,,,,,,,,,,,,,,,,,,
51,C,step_totals,,,,,,,,,,,,,,,,,,,,,76.20000000000007,,,13.0,0.17060367454068226,53.0,0.6955380577427814,0.0,0.0,0.009767273595111382,0.1509433962264151,0.0,0,8,18,21,,26,53,30,6.000000000000003,0.07874015748031492,4.200000000000001,0.05511811023622043,30,21,38
52,C,all_agents,,,40,30,10,0,17,13,0.3547002619921867,0.24079275697295638,0.9223805482179566,0.05630736501771382,311,30,0.75,0,0.0,0.0,31.175,1983,,,,,,,,,,,,,,,,,,,,,,,,,,,
52,C,participants_only,,,30,30,0,0,17,13,0.4097600483232759,0.27198929474154426,0.9223805482179566,0.0619913824367784,311,30,1.0,0,0.0,0.0,24.9,1983,,,,,,,,,,,,,,,,,,,,,,,,,,,
52,C,nonparticipants_only,,,10,0,10,0,0,0,0.18952090299891922,0.17745315267737136,0.41915925779199753,0.0028763519106177423,0,0,0.0,0,0.0,0.0,50.0,0,,,,,,,,,,,,,,,,,,,,,,,,,,,
52,C,step_totals,,,,,,,,,,,,,,,,,,,,,76.30000000000007,,,12.5,0.16382699868938386,54.0,0.7077326343381383,0.0,0.0,0.009547606106055867,0.14814814814814814,0.0,0,8,21,31,,25,54,29,6.000000000000003,0.07863695937090429,3.800000000000001,0.04980340760157271,30,19,28
53,C,all_agents,,,40,30,10,0,17,13,0.3565407310942905,0.24046979035288665,0.9254853262892383,0.057174399360917824,321,30,0.75,0,0.0,0.0,31.2,2025,,,,,,,,,,,,,,,,,,,,,,,,,,,
53,C,participants_only,,,30,30,0,0,17,13,0.41202071077728664,0.27466529874569867,0.9254853262892383,0.06299050062750122,321,30,1.0,0,0.0,0.0,24.933333333333334,2025,,,,,,,,,,,,,,,,,,,,,,,,,,,
53,C,nonparticipants_only,,,10,0,10,0,0,0,0.19010079204530203,0.17766830789845509,0.4170634615030375,0.002789757813659648,0,0,0.0,0,0.0,0.0,50.0,0,,,,,,,,,,,,,,,,,,,,,,,,,,,
53,C,step_totals,,,,,,,,,,,,,,,,,,,,,76.40000000000008,,,13.0,0.17015706806282704,53.0,0.6937172774869103,0.0,0.0,0.008535252851679505,0.18867924528301888,0.0,0,10,17,19,,26,53,30,6.000000000000003,0.07853403141361252,4.400000000000001,0.05759162303664917,30,22,38
54,C,all_agents,,,40,30,10,0,17,13,0.35842704667349895,0.2406797747657263,0.9284659132376688,0.058079997154628187,331,30,0.75,0,0.0,0.0,31.175,2070,,,,,,,,,,,,,,,,,,,,,,,,,,,
54,C,participants_only,,,30,30,0,0,17,13,0.4143437129804923,0.2732919722519702,0.9284659132376688,0.0640316588266026,331,30,1.0,0,0.0,0.0,24.9,2070,,,,,,,,,,,,,,,,,,,,,,,,,,,
54,C,nonparticipants_only,,,10,0,10,0,0,0,0.19067704775251884,0.17887885644162005,0.4149781441955223,0.002704929288053181,0,0,0.0,0,0.0,0.0,50.0,0,,,,,,,,,,,,,,,,,,,,,,,,,,,
54,C,step_totals,,,,,,,,,,,,,,,,,,,,,76.30000000000005,,,12.5,0.16382699868938388,54.0,0.7077326343381384,0.0,0.0,0.008700262646358642,0.18518518518518517,0.0,0,10,21,31,,25,54,29,6.000000000000003,0.0786369593709043,3.800000000000001,0.049803407601572716,30,19,28
55,C,all_agents,,,40,30,10,0,17,13,0.36051207252935774,0.24150322176478267,0.9313272767081621,0.05899309925528431,338,30,0.75,0,0.0,0.0,31.2,2119,,,,,,,,,,,,,,,,,,,,,,,,,,,
55,C,participants_only,,,30,30,0,0,17,13,0.4169328522256111,0.2741779324653298,0.9313272767081621,0.0650503502077666,338,30,1.0,0,0.0,0.0,24.933333333333334,2119,,,,,,,,,,,,,,,,,,,,,,,,,,,
55,C,nonparticipants_only,,,10,0,10,0,0,0,0.1912497334405979,0.1786682240613944,0.4129032534745447,0.002621693819439675,0,0,0.0,0,0.0,0.0,50.0,0,,,,,,,,,,,,,,,,,,,,,,,,,,,
55,C,step_totals,,,,,,,,,,,,,,,,,,,,,75.20000000000006,,,12.0,0.15957446808510625,53.0,0.7047872340425526,0.0,0.0,0.009499472862096969,0.1320754716981132,0.0,0,7,20,18,,24,53,30,6.000000000000003,0.07978723404255317,4.200000000000001,0.055851063829787204,30,21,37
56,C,all_agents,,,40,30,10,0,17,13,0.36247913591176484,0.24331430182212493,0.9340741856398356,0.05988584239371528,341,30,0.75,0,0.0,0.0,31.175,2166,,,,,,,,,,,,,,,,,,,,,,,,,,,
56,C,participants_only,,,30,30,0,0,17,13,0.41936606748601873,0.27280704280300316,0.9340741856398356,0.06605595978837543,341,30,1.0,0,0.0,0.0,24.9,2166,,,,,,,,,,,,,,,,,,,,,,,,,,,
56,C,nonparticipants_only,,,10,0,10,0,0,0,0.1918183411890032,0.18026987332939273,0.41083873720717196,0.0025420144025286953,0,0,0.0,0,0.0,0.0,50.0,0,,,,,,,,,,,,,,,,,,,,,,,,,,,
56,C,step_totals,,,,,,,,,,,,,,,,,,,,,76.30000000000007,,,12.5,0.16382699868938386,54.0,0.7077326343381383,0.0,0.0,0.008977527913302372,0.05555555555555555,0.0,0,3,21,30,,25,54,28,6.000000000000003,0.07863695937090429,3.800000000000001,0.04980340760157271,30,19,28
57,C,all_agents,,,40,30,10,0,17,13,0.3641931042009642,0.24335061747233455,0.9367112182142422,0.06080230392701075,351,30,0.75,0,0.0,0.0,31.2,2213,,,,,,,,,,,,,,,,,,,,,,,,,,,
57,C,participants_only,,,30,30,0,0,17,13,0.42146319865140836,0.2714430075889881,0.9367112182142422,0.06712825035883027,351,30,1.0,0,0.0,0.0,24.933333333333334,2213,,,,,,,,,,,,,,,,,,,,,,,,,,,
57,C,nonparticipants_only,,,10,0,10,0,0,0,0.19238282084963151,0.1825191326949191,0.4087845435211361,0.0024661000111985414,0,0,0.0,0,0.0,0.0,50.0,0,,,,,,,,,,,,,,,,,,,,,,,,,,,
57,C,step_totals,,,,,,,,,,,,,,,,,,,,,73.70000000000007,,,10.5,0.14246947082767963,53.0,0.719131614654002,0.0,0.0,0.008553543451096922,0.18867924528301888,0.0,0,10,20,18,,21,53,29,6.000000000000003,0.08141112618724554,4.200000000000001,0.05698778833107187,30,21,35
58,C,all_agents,,,40,30,10,0,17,13,0.36584862396183243,0.24244758449533027,0.9392427694856725,0.06159617274120423,361,30,0.75,0,0.0,0.0,31.175,2257,,,,,,,,,,,,,,,,,,,,,,,,,,,
58,C,participants_only,,,30,30,0,0,17,13,0.42348361275952756,0.27008579255104315,0.9392427694856725,0.06804363256108424,361,30,1.0,0,0.0,0.0,24.9,2257,,,,,,,,,,,,,,,,,,,,,,,,,,,
58,C,nonparticipants_only,,,10,0,10,0,0,0,0.19294365756874715,0.18309579420717204,0.4067406208035304,0.0023922900770389157,0,0,0.0,0,0.0,0.0,50.0,0,,,,,,,,,,,,,,,,,,,,,,,,,,,
58,C,step_totals,,,,,,,,,,,,,,,,,,,,,75.80000000000007,,,12.0,0.15831134564643784,54.0,0.7124010554089704,0.0,0.0,0.008085206059650143,0.18518518518518517,0.0,0,10,21,29,,24,54,27,6.000000000000003,0.07915567282321896,3.800000000000001,0.050131926121372,30,19,27
59,C,all_agents,,,40,30,10,0,17,13,0.36727094676202454,0.24123534657285362,0.9416730587062456,0.062441459052710355,368,30,0.75,0,0.0,0.0,31.2,2301,,,,,,,,,,,,,,,,,,,,,,,,,,,
59,C,participants_only,,,30,30,0,0,17,13,0.42519428765774026,0.2702580497556911,0.9416730587062456,0.0690613965150059,368,30,1.0,0,0.0,0.0,24.933333333333334,2301,,,,,,,,,,,,,,,,,,,,,,,,,,,
59,C,nonparticipants_only,,,10,0,10,0,0,0,0.19350092407487748,0.18340086347361373,0.4047069176995127,0.0023202856195682913,0,0,0.0,0,0.0,0.0,50.0,0,,,,,,,,,,,,,,,,,,,,,,,,,,,
59,C,step_totals,,,,,,,,,,,,,,,,,,,,,73.50000000000006,,,10.5,0.14285714285714274,53.0,0.7210884353741491,0.0,0.0,0.0076403679521496026,0.1320754716981132,0.0,0,7,21,17,,21,53,29,6.000000000000003,0.08163265306122447,4.000000000000001,0.05442176870748296,30,20,35
60,C,all_agents,,,40,30,10,0,19,11,0.3689285300649047,0.24133424248311397,0.9440061363579958,0.06323262136962432,373,30,0.75,0,0.0,0.0,31.175,2346,,,,,,,,,,,,,,,,,,,,,,,,,,,
60,C,participants_only,,,30,30,0,0,19,11,0.42721981314670293,0.2689067595069127,0.9440061363579958,0.06996867311728028,373,30,1.0,0,0.0,0.0,24.9,2346,,,,,,,,,,,,,,,,,,,,,,,,,,,
60,C,nonparticipants_only,,,10,0,10,0,0,0,0.19405468081951036,0.183196476763543,0.40268338311101515,0.002249981926788564,0,0,0.0,0,0.0,0.0,50.0,0,,,,,,,,,,,,,,,,,,,,,,,,,,,
60,C,step_totals,,,,,,,,,,,,,,,,,,,,,75.30000000000007,,,11.5,0.1527224435590968,54.0,0.717131474103585,0.0,0.0,0.008174438331983988,0.09259259259259259,0.0,0,5,22,29,,23,54,26,6.000000000000003,0.07968127490039836,3.800000000000001,0.05046480743691896,30,19,27
60,C,reachability,0.2,0.0,,,,,,,,,,,,,,,,,,,,,,,,,,,,,,,,,,,,,,,,,,,,,
61,C,all_agents,,,40,30,10,0,19,11,0.3702900950285763,0.2401275712706984,0.946245890903676,0.06407500803903701,380,30,0.75,0,0.0,0.0,31.2,2391,,,,,,,,,,,,,,,,,,,,,,,,,,,
61,C,participants_only,,,30,30,0,0,19,11,0.4288519380534161,0.26975486793465653,0.946245890903676,0.0709878175672585,380,30,1.0,0,0.0,0.0,24.933333333333334,2391,,,,,,,,,,,,,,,,,,,,,,,,,,,
61,C,nonparticipants_only,,,10,0,10,0,0,0,0.19460456595405712,0.18330045304013132,0.4006699661954601,0.0021827059527808747,0,0,0.0,0,0.0,0.0,50.0,0,,,,,,,,,,,,,,,,,,,,,,,,,,,
61,C,step_totals,,,,,,,,,,,,,,,,,,,,,73.20000000000007,,,10.0,0.13661202185792337,53.0,0.7240437158469938,0.0,0.0,0.0075067098551815925,0.1320754716981132,0.0,0,7,21,17,,20,53,29,6.000000000000003,0.08196721311475405,4.200000000000001,0.05737704918032783,30,21,35
62,C,all_agents,,,40,30,10,0,19,11,0.37152298147323415,0.24051351367821427,0.9483960552675289,0.06480562542127977,386,30,0.75,0,0.0,0.0,31.175,2433,,,,,,,,,,,,,,,,,,,,,,,,,,,
62,C,participants_only,,,30,30,0,0,19,11,0.43031366439386276,0.26893925721629197,0.9483960552675289,0.07187635897429764,386,30,1.0,0,0.0,0.0,24.9,2433,,,,,,,,,,,,,,,,,,,,,,,,,,,
62,C,nonparticipants_only,,,10,0,10,0,0,0,0.19515093271134842,0.18578517661538366,0.3986666163644828,0.0021172919829394394,0,0,0.0,0,0.0,0.0,50.0,0,,,,,,,,,,,,,,,,,,,,,,,,,,,
62,C,step_totals,,,,,,,,,,,,,,,,,,,,,73.80000000000007,,,10.0,0.13550135501355,54.0,0.73170731707317,0.0,0.0,0.007024304879358319,0.1111111111111111,0.0,0,6,22,28,,20,54,25,6.000000000000003,0.08130081300813004,3.800000000000001,0.05149051490514902,30,19,25
63,C,all_agents,,,40,30,10,0,19,11,0.37293709583314183,0.23931094610982323,0.9504602130568277,0.06558183826045752,395,30,0.75,0,0.0,0.0,31.2,2478,,,,,,,,,,,,,,,,,,,,,,,,,,,
63,C,participants_only,,,30,30,0,0,19,11,0.43201822830834147,0.2687947501203891,0.9504602130568277,0.0727954316645986,395,30,1.0,0,0.0,0.0,24.933333333333334,2478,,,,,,,,,,,,,,,,,,,,,,,,,,,
63,C,nonparticipants_only,,,10,0,10,0,0,0,0.19569369840754286,0.1862902049770045,0.3966732832826604,0.0020540954734091523,0,0,0.0,0,0.0,0.0,50.0,0,,,,,,,,,,,,,,,,,,,,,,,,,,,
63,C,step_totals,,,,,,,,,,,,,,,,,,,,,73.20000000000006,,,10.0,0.1366120218579234,53.0,0.7240437158469939,0.0,0.0,0.007689887707203169,0.16981132075471697,0.0,0,9,21,17,,20,53,29,6.000000000000003,0.08196721311475406,4.200000000000001,0.057377049180327835,30,21,35
64,C,all_agents,,,40,30,10,0,19,11,0.3743694368470581,0.23986491674358287,0.9524418045345546,0.06637443780053162,401,30,0.75,0,0.0,0.0,31.175,2525,,,,,,,,,,,,,,,,,,,,,,,,,,,
64,C,participants_only,,,30,30,0,0,19,11,0.43374831456183877,0.26799044429639013,0.9524418045345546,0.07373140256005561,401,30,1.0,0,0.0,0.0,24.9,2525,,,,,,,,,,,,,,,,,,,,,,,,,,,
64,C,nonparticipants_only,,,10,0,10,0,0,0,0.196232803702716,0.18665566843822068,0.3946899168662471,0.001993330097957124,0,0,0.0,0,0.0,0.0,50.0,0,,,,,,,,,,,,,,,,,,,,,,,,,,,
64,C,step_totals,,,,,,,,,,,,,,,,,,,,,73.80000000000007,,,10.0,0.13550135501355,54.0,0.73170731707317,0.0,0.0,0.007686764043881483,0.1111111111111111,0.0,0,6,22,28,,20,54,25,6.000000000000003,0.08130081300813004,3.800000000000001,0.05149051490514902,30,19,25
65,C,all_agents,,,40,30,10,0,19,11,0.3757568731230654,0.23866559215986494,0.9543441323531724,0.06715256344444583,408,30,0.75,0,0.0,0.0,31.2,2572,,,,,,,,,,,,,,,,,,,,,,,,,,,
65,C,participants_only,,,30,30,0,0,19,11,0.4354196238424202,0.27115383520919445,0.9543441323531724,0.07465360951010694,408,30,1.0,0,0.0,0.0,24.933333333333334,2572,,,,,,,,,,,,,,,,,,,,,,,,,,,
65,C,nonparticipants_only,,,10,0,10,0,0,0,0.19676862096500097,0.18676390690243325,0.3927164672819159,0.0019336993666639948,0,0,0.0,0,0.0,0.0,50.0,0,,,,,,,,,,,,,,,,,,,,,,,,,,,
65,C,step_totals,,,,,,,,,,,,,,,,,,,,,73.20000000000006,,,10.0,0.1366120218579234,53.0,0.7240437158469939,0.0,0.0,0.007617283508815344,0.1320754716981132,0.0,0,7,21,17,,20,53,29,6.000000000000003,0.08196721311475406,4.200000000000001,0.057377049180327835,30,21,35
66,C,all_agents,,,40,30,10,0,19,11,0.3771623224828296,0.23811440282490226,0.9561703670590455,0.06793330083554795,415,30,0.75,0,0.0,0.0,31.175,2619,,,,,,,,,,,,,,,,,,,,,,,,,,,
66,C,participants_only,,,30,30,0,0,19,11,0.4371161327555046,0.27153863056689076,0.9561703670590455,0.07557450073235605,415,30,1.0,0,0.0,0.0,24.9,2619,,,,,,,,,,,,,,,,,,,,,,,,,,,
66,C,nonparticipants_only,,,10,0,10,0,0,0,0.1973008916648046,0.18775641390208886,0.3907528849455063,0.0018761887505807139,0,0,0.0,0,0.0,0.0,50.0,0,,,,,,,,,,,,,,,,,,,,,,,,,,,
66,C,step_totals,,,,,,,,,,,,,,,,,,,,,73.80000000000005,,,10.0,0.13550135501355004,54.0,0.7317073170731702,0.0,0.0,0.007614267522066993,0.12962962962962962,0.0,0,7,22,26,,20,54,24,6.000000000000003,0.08130081300813005,3.800000000000001,0.051490514905149026,30,19,25
67,C,all_agents,,,40,30,10,0,19,11,0.37844044530233933,0.23692383081077772,0.9579235523766836,0.06869168282484098,420,30,0.75,0,0.0,0.0,31.2,2665,,,,,,,,,,,,,,,,,,,,,,,,,,,
67,C,participants_only,,,30,30,0,0,19,11,0.43864404508213395,0.2716080619969095,0.9579235523766836,0.0764840873691791,420,30,1.0,0,0.0,0.0,24.933333333333334,2665,,,,,,,,,,,,,,,,,,,,,,,,,,,
67,C,nonparticipants_only,,,10,0,10,0,0,0,0.19782964596295546,0.19017702310538975,0.38879912052077875,0.0018207880744783712,0,0,0.0,0,0.0,0.0,50.0,0,,,,,,,,,,,,,,,,,,,,,,,,,,,
67,C,step_totals,,,,,,,,,,,,,,,,,,,,,73.20000000000006,,,10.0,0.1366120218579234,53.0,0.7240437158469939,0.0,0.0,0.0072728273906314264,0.09433962264150944,0.0,0,5,21,17,,20,53,29,6.000000000000003,0.08196721311475406,4.200000000000001,0.057377049180327835,30,21,35
68,C,all_agents,,,40,30,10,0,19,11,0.37974394527823363,0.23744178628733414,0.9596066102816162,0.06942097060355955,429,30,0.75,0,0.0,0.0,31.175,2712,,,,,,,,,,,,,,,,,,,,,,,,,,,
68,C,participants_only,,,30,30,0,0,19,11,0.4402070220992916,0.27088560803342177,0.9596066102816162,0.0773487610957702,429,30,1.0,0,0.0,0.0,24.9,2712,,,,,,,,,,,,,,,,,,,,,,,,,,,
68,C,nonparticipants_only,,,10,0,10,0,0,0,0.19835471481505965,0.19066707636886945,0.38685512491817486,0.001768195222897665,0,0,0.0,0,0.0,0.0,50.0,0,,,,,,,,,,,,,,,,,,,,,,,,,,,
68,C,step_totals,,,,,,,,,,,,,,,,,,,,,73.80000000000007,,,10.0,0.13550135501355,54.0,0.73170731707317,0.0,0.0,0.007295561781322774,0.16666666666666666,0.0,0,9,22,26,,20,54,23,6.000000000000003,0.08130081300813004,3.800000000000001,0.05149051490514902,30,19,24
69,C,all_agents,,,40,30,10,0,19,11,0.38097931552013314,0.23773228275594602,0.9612223458703516,0.07015333918146303,438,30,0.75,0,0.0,0.0,31.2,2759,,,,,,,,,,,,,,,,,,,,,,,,,,,
69,C,participants_only,,,30,30,0,0,19,11,0.4416803051677378,0.27145543535962025,0.9612223458703516,0.07822685815940825,438,30,1.0,0,0.0,0.0,24.933333333333334,2759,,,,,,,,,,,,,,,,,,,,,,,,,,,
69,C,nonparticipants_only,,,10,0,10,0,0,0,0.1988763465773188,0.19102170310958708,0.384920849293584,0.0017174605172439183,0,0,0.0,0,0.0,0.0,50.0,0,,,,,,,,,,,,,,,,,,,,,,,,,,,
69,C,step_totals,,,,,,,,,,,,,,,,,,,,,73.20000000000007,,,10.0,0.13661202185792337,53.0,0.7240437158469938,0.0,0.0,0.007145959497130759,0.16981132075471697,0.0,0,9,21,17,,20,53,29,6.000000000000003,0.08196721311475405,4.200000000000001,0.05737704918032783,30,21,35
70,C,all_agents,,,40,30,10,0,19,11,0.3824113789164743,0.23721946893249338,0.9627734520355375,0.07086812367656227,451,30,0.75,0,0.0,0.0,31.175,2809,,,,,,,,,,,,,,,,,,,,,,,,,,,
70,C,participants_only,,,30,30,0,0,19,11,0.4434168409313883,0.2700981581828222,0.9627734520355375,0.07904848623650382,451,30,1.0,0,0.0,0.0,24.9,2809,,,,,,,,,,,,,,,,,,,,,,,,,,,
70,C,nonparticipants_only,,,10,0,10,0,0,0,0.1993949928717323,0.191126732087467,0.3829962450471161,0.0016670392489002562,0,0,0.0,0,0.0,0.0,50.0,0,,,,,,,,,,,,,,,,,,,,,,,,,,,
70,C,step_totals,,,,,,,,,,,,,,,,,,,,,73.30000000000005,,,9.5,0.1296043656207366,54.0,0.7366984993178712,0.0,0.0,0.007795516815563166,0.24074074074074073,0.0,0,13,22,25,,19,54,23,6.000000000000003,0.08185538881309684,3.800000000000001,0.05184174624829466,30,19,24
70,C,reachability,0.225,0.0,,,,,,,,,,,,,,,,,,,,,,,,,,,,,,,,,,,,,,,,,,,,,
71,C,all_agents,,,40,30,10,0,19,11,0.3836201761679549,0.23683928460410011,0.964262513954116,0.07159670812112934,461,30,0.75,0,0.0,0.0,31.2,2857,,,,,,,,,,,,,,,,,,,,,,,,,,,
71,C,participants_only,,,30,30,0,0,19,11,0.4448568027351599,0.2702786878257236,0.964262513954116,0.0799231586697282,461,30,1.0,0,0.0,0.0,24.933333333333334,2857,,,,,,,,,,,,,,,,,,,,,,,,,,,
71,C,nonparticipants_only,,,10,0,10,0,0,0,0.1999102964663401,0.19208980927514546,0.3810812638218805,0.0016182632753570514,0,0,0.0,0,0.0,0.0,50.0,0,,,,,,,,,,,,,,,,,,,,,,,,,,,
71,C,step_totals,,,,,,,,,,,,,,,,,,,,,73.20000000000006,,,10.0,0.1366120218579234,53.0,0.7240437158469939,0.0,0.0,0.0070756613624189495,0.18867924528301888,0.0,0,10,21,17,,20,53,29,6.000000000000003,0.08196721311475406,4.200000000000001,0.057377049180327835,30,21,35
72,C,all_agents,,,40,30,10,0,19,11,0.38495546320212615,0.2375633129250474,0.9656920133959513,0.07229308767002796,475,30,0.75,0,0.0,0.0,31.175,2906,,,,,,,,,,,,,,,,,,,,,,,,,,,
72,C,participants_only,,,30,30,0,0,19,11,0.4464666563530783,0.26892729438659496,0.9656920133959513,0.08073207747991554,475,30,1.0,0,0.0,0.0,24.9,2906,,,,,,,,,,,,,,,,,,,,,,,,,,,
72,C,nonparticipants_only,,,10,0,10,0,0,0,0.20042188374926956,0.1941622493103095,0.3791758575027711,0.0015725956461202356,0,0,0.0,0,0.0,0.0,50.0,0,,,,,,,,,,,,,,,,,,,,,,,,,,,
72,C,step_totals,,,,,,,,,,,,,,,,,,,,,73.10000000000007,,,9.5,0.12995896032831725,54.0,0.7387140902872771,0.0,0.0,0.007511529770067839,0.25925925925925924,0.0,0,14,23,24,,19,54,23,6.000000000000003,0.08207934336525304,3.600000000000001,0.04924760601915182,30,18,22
73,C,all_agents,,,40,30,10,0,19,11,0.38634213519536104,0.2371330102803087,0.9670643328601133,0.07305990593185768,482,30,0.75,0,0.0,0.0,31.2,2958,,,,,,,,,,,,,,,,,,,,,,,,,,,
73,C,participants_only,,,30,30,0,0,19,11,0.4481461064488808,0.27028246478313583,0.9670643328601133,0.0816248172160383,482,30,1.0,0,0.0,0.0,24.933333333333334,2958,,,,,,,,,,,,,,,,,,,,,,,,,,,
73,C,nonparticipants_only,,,10,0,10,0,0,0,0.20093022143480177,0.194676365348014,0.3772799782152573,0.0015284017268450696,0,0,0.0,0,0.0,0.0,50.0,0,,,,,,,,,,,,,,,,,,,,,,,,,,,
73,C,step_totals,,,,,,,,,,,,,,,,,,,,,73.20000000000007,,,10.0,0.13661202185792337,53.0,0.7240437158469938,0.0,0.0,0.007673835234471531,0.1320754716981132,0.0,0,7,21,17,,20,53,29,6.000000000000003,0.08196721311475405,4.200000000000001,0.05737704918032783,30,21,35
74,C,all_agents,,,40,30,10,0,19,11,0.3876745942513858,0.236768407829563,0.9683817595457087,0.07377506221635423,494,30,0.75,0,0.0,0.0,31.175,3009,,,,,,,,,,,,,,,,,,,,,,,,,,,
74,C,participants_only,,,30,30,0,0,19,11,0.4497543853860316,0.26893105245922017,0.9683817595457087,0.08245582332027626,494,30,1.0,0,0.0,0.0,24.9,3009,,,,,,,,,,,,,,,,,,,,,,,,,,,
74,C,nonparticipants_only,,,10,0,10,0,0,0,0.20143522084744847,0.19427794425112715,0.37539357832418097,0.0014859732967332344,0,0,0.0,0,0.0,0.0,50.0,0,,,,,,,,,,,,,,,,,,,,,,,,,,,
74,C,step_totals,,,,,,,,,,,,,,,,,,,,,73.10000000000007,,,9.5,0.12995896032831725,54.0,0.7387140902872771,0.0,0.0,0.007518429119487675,0.2222222222222222,0.0,0,12,23,24,,19,54,23,6.000000000000003,0.08207934336525304,3.600000000000001,0.04924760601915182,30,18,21
75,C,all_agents,,,40,30,10,0,18,12,0.38881362427137856,0.2363776029259888,0.9696464891638804,0.07446727112656479,502,30,0.75,0,0.0,0.0,31.2,3058,,,,,,,,,,,,,,,,,,,,,,,,,,,
75,C,participants_only,,,30,30,0,0,18,12,0.4511056990040372,0.2696087772612329,0.9696464891638804,0.08328730926528168,502,30,1.0,0,0.0,0.0,24.933333333333334,3058,,,,,,,,,,,,,,,,,,,,,,,,,,,
75,C,nonparticipants_only,,,10,0,10,0,0,0,0.20193740007340286,0.194444915081114,0.37351661043256007,0.001443525816424677,0,0,0.0,0,0.0,0.0,50.0,0,,,,,,,,,,,,,,,,,,,,,,,,,,,
75,C,step_totals,,,,,,,,,,,,,,,,,,,,,73.20000000000006,,,10.0,0.1366120218579234,53.0,0.7240437158469939,0.0,0.0,0.0068770377424335165,0.1509433962264151,0.0,0,8,21,17,,20,53,28,6.000000000000003,0.08196721311475406,4.200000000000001,0.057377049180327835,30,21,34
76,C,all_agents,,,40,30,10,0,18,12,0.3900263125008764,0.23708914306532963,0.9708606295973252,0.07517189632237428,509,30,0.75,0,0.0,0.0,31.175,3108,,,,,,,,,,,,,,,,,,,,,,,,,,,
76,C,participants_only,,,30,30,0,0,18,12,0.4525564091199368,0.2682607333749267,0.9708606295973252,0.08412122076910546,509,30,1.0,0,0.0,0.0,24.9,3108,,,,,,,,,,,,,,,,,,,,,,,,,,,
76,C,nonparticipants_only,,,10,0,10,0,0,0,0.20243602264369517,0.19592111882457292,0.3716490273803973,0.0014037671839124207,0,0,0.0,0,0.0,0.0,50.0,0,,,,,,,,,,,,,,,,,,,,,,,,,,,
76,C,step_totals,,,,,,,,,,,,,,,,,,,,,72.60000000000007,,,9.0,0.12396694214876022,54.0,0.7438016528925613,0.0,0.0,0.0072020718388908014,0.12962962962962962,0.0,0,7,23,24,,18,54,23,6.000000000000003,0.08264462809917351,3.600000000000001,0.0495867768595041,30,18,21
77,C,all_agents,,,40,30,10,0,18,12,0.39121583024658885,0.23677482009830547,0.9720262044134322,0.075879197153281,518,30,0.75,0,0.0,0.0,31.2,3159,,,,,,,,,,,,,,,,,,,,,,,,,,,
77,C,participants_only,,,30,30,0,0,18,12,0.4539772745796896,0.26923060033021473,0.9720262044134322,0.08496116250828005,518,30,1.0,0,0.0,0.0,24.933333333333334,3159,,,,,,,,,,,,,,,,,,,,,,,,,,,
77,C,nonparticipants_only,,,10,0,10,0,0,0,0.2029314972472866,0.19658899792950052,0.3697907822434953,0.001365314350961015,0,0,0.0,0,0.0,0.0,50.0,0,,,,,,,,,,,,,,,,,,,,,,,,,,,
77,C,step_totals,,,,,,,,,,,,,,,,,,,,,73.00000000000007,,,10.0,0.13698630136986287,53.0,0.7260273972602732,0.0,0.0,0.007076024150959817,0.16981132075471697,0.0,0,9,21,17,,20,53,28,6.000000000000003,0.08219178082191776,4.000000000000001,0.05479452054794517,30,20,33
78,C,all_agents,,,40,30,10,0,18,12,0.3922925577365614,0.235856482824083,0.9731451562368949,0.07655379533389947,530,30,0.75,0,0.0,0.0,31.175,3209,,,,,,,,,,,,,,,,,,,,,,,,,,,
78,C,participants_only,,,30,30,0,0,18,12,0.45524884302253,0.26788444732856365,0.9731451562368949,0.08577486407651962,530,30,1.0,0,0.0,0.0,24.9,3209,,,,,,,,,,,,,,,,,,,,,,,,,,,
78,C,nonparticipants_only,,,10,0,10,0,0,0,0.20342370187865583,0.19724329221054265,0.36794182833227784,0.001328662821939972,0,0,0.0,0,0.0,0.0,50.0,0,,,,,,,,,,,,,,,,,,,,,,,,,,,
78,C,step_totals,,,,,,,,,,,,,,,,,,,,,72.10000000000007,,,8.5,0.11789181692094303,54.0,0.748959778085991,0.0,0.0,0.006828655324365862,0.2222222222222222,0.0,0,12,23,22,,17,54,23,6.000000000000003,0.0832177531206657,3.600000000000001,0.049930651872399416,30,18,20
79,C,all_agents,,,40,30,10,0,18,12,0.3931636361769878,0.2354442863823164,0.9734137046745259,0.07713698126016262,534,30,0.75,0,0.0,0.0,31.2,3254,,,,,,,,,,,,,,,,,,,,,,,,,,,
79,C,participants_only,,,30,30,0,0,18,12,0.45624719847272427,0.26906551879970225,0.9734137046745259,0.08650027415685015,534,30,1.0,0,0.0,0.0,24.933333333333334,3254,,,,,,,,,,,,,,,,,,,,,,,,,,,
79,C,nonparticipants_only,,,10,0,10,0,0,0,0.20391294928977824,0.19758839058056388,0.36610211919061647,0.0012926725870592232,0,0,0.0,0,0.0,0.0,50.0,0,,,,,,,,,,,,,,,,,,,,,,,,,,,
79,C,step_totals,,,,,,,,,,,,,,,,,,,,,73.00000000000006,,,10.0,0.1369863013698629,53.0,0.7260273972602734,0.0,0.0,0.006041573391948606,0.07547169811320754,0.0,0,4,21,17,,20,53,28,6.000000000000003,0.08219178082191778,4.000000000000001,0.054794520547945175,30,20,33
80,C,all_agents,,,40,30,10,0,18,12,0.39435452601891985,0.2347435435647296,0.9744771564875448,0.07782486791554938,536,30,0.75,0,0.0,0.0,31.175,3305,,,,,,,,,,,,,,,,,,,,,,,,,,,
80,C,participants_only,,,30,30,0,0,18,12,0.45767306658977736,0.26772019120570373,0.9744771564875448,0.08730999876086919,536,30,1.0,0,0.0,0.0,24.9,3305,,,,,,,,,,,,,,,,,,,,,,,,,,,
80,C,nonparticipants_only,,,10,0,10,0,0,0,0.2043989043063473,0.19749975466109293,0.3642716085946634,0.00125862441930999,0,0,0.0,0,0.0,0.0,50.0,0,,,,,,,,,,,,,,,,,,,,,,,,,,,
80,C,step_totals,,,,,,,,,,,,,,,,,,,,,72.10000000000005,,,8.5,0.11789181692094305,54.0,0.7489597780859911,0.0,0.0,0.007216647958279512,0.037037037037037035,0.0,0,2,23,22,,17,54,23,6.000000000000003,0.08321775312066572,3.600000000000001,0.04993065187239942,30,18,20
80,C,reachability,0.225,0.0,,,,,,,,,,,,,,,,,,,,,,,,,,,,,,,,,,,,,,,,,,,,,
81,C,all_agents,,,40,30,10,0,18,12,0.3953358955990646,0.23493030051600466,0.975498070228043,0.07840727944793303,545,30,0.75,0,0.0,0.0,31.2,3353,,,,,,,,,,,,,,,,,,,,,,,,,,,
81,C,participants_only,,,30,30,0,0,18,12,0.4588206455475649,0.27008341211459636,0.975498070228043,0.08801302849995923,545,30,1.0,0,0.0,0.0,24.933333333333334,3353,,,,,,,,,,,,,,,,,,,,,,,,,,,
81,C,nonparticipants_only,,,10,0,10,0,0,0,0.20488164575356385,0.19898847799585462,0.36245025055169006,0.0012262705795712113,0,0,0.0,0,0.0,0.0,50.0,0,,,,,,,,,,,,,,,,,,,,,,,,,,,
81,C,step_totals,,,,,,,,,,,,,,,,,,,,,73.00000000000007,,,10.0,0.13698630136986287,53.0,0.7260273972602732,0.0,0.0,0.006418725039485553,0.16981132075471697,0.0,0,9,21,17,,20,53,28,6.000000000000003,0.08219178082191776,4.000000000000001,0.05479452054794517,30,20,33
82,C,all_agents,,,40,30,10,0,18,12,0.396373846159423,0.2340011611178947,0.9764781474189212,0.07906583830087387,556,30,0.75,0,0.0,0.0,31.175,3404,,,,,,,,,,,,,,,,,,,,,,,,,,,
82,C,participants_only,,,30,30,0,0,18,12,0.4600446468697466,0.26873299505402337,0.9764781474189212,0.08880698776090128,556,30,1.0,0,0.0,0.0,24.9,3404,,,,,,,,,,,,,,,,,,,,,,,,,,,
82,C,nonparticipants_only,,,10,0,10,0,0,0,0.20536144402845213,0.20070974206747938,0.3606379992989316,0.0011947395636667125,0,0,0.0,0,0.0,0.0,50.0,0,,,,,,,,,,,,,,,,,,,,,,,,,,,
82,C,step_totals,,,,,,,,,,,,,,,,,,,,,72.10000000000007,,,8.5,0.11789181692094303,54.0,0.748959778085991,0.0,0.0,0.006717695069373057,0.2037037037037037,0.0,0,11,23,22,,17,54,23,6.000000000000003,0.0832177531206657,3.600000000000001,0.049930651872399416,30,18,20
83,C,all_agents,,,40,30,10,0,18,12,0.39729672789807235,0.23360558066988624,0.9774190215221644,0.07965228051301823,558,30,0.75,0,0.0,0.0,31.2,3451,,,,,,,,,,,,,,,,,,,,,,,,,,,
83,C,participants_only,,,30,30,0,0,18,12,0.46111621572047534,0.2698912642015528,0.9774190215221644,0.08952326049624079,558,30,1.0,0,0.0,0.0,24.933333333333334,3451,,,,,,,,,,,,,,,,,,,,,,,,,,,
83,C,nonparticipants_only,,,10,0,10,0,0,0,0.2058382644308634,0.2013696352181764,0.35883480930243694,0.0011642162523844098,0,0,0.0,0,0.0,0.0,50.0,0,,,,,,,,,,,,,,,,,,,,,,,,,,,
83,C,step_totals,,,,,,,,,,,,,,,,,,,,,73.00000000000007,,,10.0,0.13698630136986287,53.0,0.7260273972602732,0.0,0.0,0.0062383695953344975,0.03773584905660377,0.0,0,2,21,17,,20,53,28,6.000000000000003,0.08219178082191776,4.000000000000001,0.05479452054794517,30,20,33
84,C,all_agents,,,40,30,10,0,18,12,0.39821568972245286,0.23395892510405658,0.9783222606612778,0.08027700357677191,563,30,0.75,0,0.0,0.0,31.175,3501,,,,,,,,,,,,,,,,,,,,,,,,,,,
84,C,participants_only,,,30,30,0,0,18,12,0.46218347167165685,0.26854180788054505,0.9783222606612778,0.09029053917341566,563,30,1.0,0,0.0,0.0,24.9,3501,,,,,,,,,,,,,,,,,,,,,,,,,,,
84,C,nonparticipants_only,,,10,0,10,0,0,0,0.20631234387484074,0.20167962573326875,0.3570406352559248,0.0011338712568297142,0,0,0.0,0,0.0,0.0,50.0,0,,,,,,,,,,,,,,,,,,,,,,,,,,,
84,C,step_totals,,,,,,,,,,,,,,,,,,,,,72.10000000000007,,,8.5,0.11789181692094303,54.0,0.748959778085991,0.0,0.0,0.006330978236697953,0.09259259259259259,0.0,0,5,23,22,,17,54,24,6.000000000000003,0.0832177531206657,3.600000000000001,0.049930651872399416,30,18,19
85,C,all_agents,,,40,30,10,0,18,12,0.39919365520437294,0.2335868385385878,0.9791893702348267,0.08086716366585336,569,30,0.75,0,0.0,0.0,31.2,3551,,,,,,,,,,,,,,,,,,,,,,,,,,,
85,C,participants_only,,,30,30,0,0,18,12,0.4633304618063316,0.26870910517439617,0.9791893702348267,0.0910003234069814,569,30,1.0,0,0.0,0.0,24.933333333333334,3551,,,,,,,,,,,,,,,,,,,,,,,,,,,
85,C,nonparticipants_only,,,10,0,10,0,0,0,0.20678323539849716,0.20156861804558396,0.35525543207964516,0.0011053249093047877,0,0,0.0,0,0.0,0.0,50.0,0,,,,,,,,,,,,,,,,,,,,,,,,,,,
85,C,step_totals,,,,,,,,,,,,,,,,,,,,,72.50000000000007,,,9.5,0.13103448275862056,53.0,0.7310344827586199,0.0,0.0,0.006492544622507337,0.11320754716981132,0.0,0,6,21,17,,19,53,27,6.000000000000003,0.08275862068965513,4.000000000000001,0.055172413793103406,30,20,32
86,C,all_agents,,,40,30,10,0,18,12,0.40009460481716336,0.23377965252079913,0.9800217954254336,0.08149970042582791,576,30,0.75,0,0.0,0.0,31.175,3602,,,,,,,,,,,,,,,,,,,,,,,,,,,
86,C,participants_only,,,30,30,0,0,18,12,0.4643757893174838,0.26736555964852415,0.9800217954254336,0.09177856346498854,576,30,1.0,0,0.0,0.0,24.9,3602,,,,,,,,,,,,,,,,,,,,,,,,,,,
86,C,nonparticipants_only,,,10,0,10,0,0,0,0.20725105131620208,0.20290675316706394,0.3534791549192469,0.0010782631391751906,0,0,0.0,0,0.0,0.0,50.0,0,,,,,,,,,,,,,,,,,,,,,,,,,,,
86,C,step_totals,,,,,,,,,,,,,,,,,,,,,72.10000000000005,,,8.5,0.11789181692094305,54.0,0.7489597780859911,0.0,0.0,0.00628108052267684,0.12962962962962962,0.0,0,7,23,22,,17,54,24,6.000000000000003,0.08321775312066572,3.600000000000001,0.04993065187239942,30,18,19
87,C,all_agents,,,40,30,10,0,18,12,0.40105169190977563,0.23343889054459865,0.9808209236084162,0.0821152635077632,587,30,0.75,0,0.0,0.0,31.2,3653,,,,,,,,,,,,,,,,,,,,,,,,,,,
87,C,participants_only,,,30,30,0,0,18,12,0.46549692529638087,0.2683978494126342,0.9808209236084162,0.09252360971084768,587,30,1.0,0,0.0,0.0,24.933333333333334,3653,,,,,,,,,,,,,,,,,,,,,,,,,,,
87,C,nonparticipants_only,,,10,0,10,0,0,0,0.20771599174996,0.2039446310649662,0.3517117591446507,0.0010519676234616094,0,0,0.0,0,0.0,0.0,50.0,0,,,,,,,,,,,,,,,,,,,,,,,,,,,
87,C,step_totals,,,,,,,,,,,,,,,,,,,,,72.50000000000007,,,9.5,0.13103448275862056,53.0,0.7310344827586199,0.0,0.0,0.006433665376354901,0.20754716981132076,0.0,0,11,21,17,,19,53,27,6.000000000000003,0.08275862068965513,4.000000000000001,0.055172413793103406,30,20,31
88,C,all_agents,,,40,30,10,0,18,12,0.40195463489005284,0.2333502787046978,0.9815880866640796,0.08274882515103152,589,30,0.75,0,0.0,0.0,31.175,3705,,,,,,,,,,,,,,,,,,,,,,,,,,,
88,C,participants_only,,,30,30,0,0,18,12,0.4665467514100603,0.2670558601655711,0.9815880866640796,0.09330128220256075,589,30,1.0,0,0.0,0.0,24.9,3705,,,,,,,,,,,,,,,,,,,,,,,,,,,
88,C,nonparticipants_only,,,10,0,10,0,0,0,0.20817828533003052,0.2045121066069569,0.34995320034892746,0.0010257557980332317,0,0,0.0,0,0.0,0.0,50.0,0,,,,,,,,,,,,,,,,,,,,,,,,,,,
88,C,step_totals,,,,,,,,,,,,,,,,,,,,,71.90000000000006,,,8.5,0.11821974965229474,54.0,0.7510431154381079,0.0,0.0,0.006316203418735808,0.037037037037037035,0.0,0,2,23,22,,17,54,23,6.000000000000003,0.08344923504867868,3.400000000000001,0.047287899860917915,30,17,17
89,C,all_agents,,,40,30,10,0,18,12,0.40281499635020906,0.23336250972651312,0.9823245631975164,0.08332780366201814,597,30,0.75,0,0.0,0.0,31.2,3756,,,,,,,,,,,,,,,,,,,,,,,,,,,
89,C,participants_only,,,30,30,0,0,18,12,0.4675407760434797,0.2680142721529486,0.9823245631975164,0.09401248565701993,597,30,1.0,0,0.0,0.0,24.933333333333334,3756,,,,,,,,,,,,,,,,,,,,,,,,,,,
89,C,nonparticipants_only,,,10,0,10,0,0,0,0.2086376572703972,0.2052239301873038,0.3482034343471828,0.0010006389941910755,0,0,0.0,0,0.0,0.0,50.0,0,,,,,,,,,,,,,,,,,,,,,,,,,,,
89,C,step_totals,,,,,,,,,,,,,,,,,,,,,72.50000000000006,,,9.5,0.1310344827586206,53.0,0.7310344827586202,0.0,0.0,0.006124337335999034,0.1509433962264151,0.0,0,8,21,17,,19,53,27,6.000000000000003,0.08275862068965514,4.000000000000001,0.05517241379310342,30,20,31
90,C,all_agents,,,40,30,10,0,18,12,0.40355877728893363,0.23331704604665468,0.9830315806696157,0.08387292622266476,604,30,0.75,0,0.0,0.0,31.175,3804,,,,,,,,,,,,,,,,,,,,,,,,,,,
90,C,participants_only,,,30,30,0,0,18,12,0.46838032130035506,0.26667420079218385,0.9830315806696157,0.09469773666609574,604,30,1.0,0,0.0,0.0,24.9,3804,,,,,,,,,,,,,,,,,,,,,,,,,,,
90,C,nonparticipants_only,,,10,0,10,0,0,0,0.20909414525466924,0.20490223419859227,0.3464624171754469,0.0009765040760760063,0,0,0.0,0,0.0,0.0,50.0,0,,,,,,,,,,,,,,,,,,,,,,,,,,,
90,C,step_totals,,,,,,,,,,,,,,,,,,,,,71.90000000000006,,,8.5,0.11821974965229474,54.0,0.7510431154381079,0.0,0.0,0.005794503890362451,0.12962962962962962,0.0,0,7,23,22,,17,54,23,6.000000000000003,0.08344923504867868,3.400000000000001,0.047287899860917915,30,17,17
90,C,reachability,0.25,0.0,,,,,,,,,,,,,,,,,,,,,,,,,,,,,,,,,,,,,,,,,,,,,
91,C,all_agents,,,40,30,10,0,18,12,0.40432285593370687,0.23302847892092143,0.9837103174428311,0.08441031471865793,613,30,0.75,0,0.0,0.0,31.2,3853,,,,,,,,,,,,,,,,,,,,,,,,,,,
91,C,participants_only,,,30,30,0,0,18,12,0.46924779939840106,0.2678143105196843,0.9837103174428311,0.095368627835761,613,30,1.0,0,0.0,0.0,24.933333333333334,3853,,,,,,,,,,,,,,,,,,,,,,,,,,,
91,C,nonparticipants_only,,,10,0,10,0,0,0,0.2095480255396243,0.20566862259182983,0.34473010508956964,0.0009523959606238552,0,0,0.0,0,0.0,0.0,50.0,0,,,,,,,,,,,,,,,,,,,,,,,,,,,
91,C,step_totals,,,,,,,,,,,,,,,,,,,,,72.50000000000007,,,9.5,0.13103448275862056,53.0,0.7310344827586199,0.0,0.0,0.005813136689771199,0.16981132075471697,0.0,0,9,21,17,,19,53,27,6.000000000000003,0.08275862068965513,4.000000000000001,0.055172413793103406,30,20,31
92,C,all_agents,,,40,30,10,0,18,12,0.4052290906747015,0.23277865191268443,0.9843619047451179,0.08500413790295813,625,30,0.75,0,0.0,0.0,31.175,3904,,,,,,,,,,,,,,,,,,,,,,,,,,,
92,C,participants_only,,,30,30,0,0,18,12,0.4703057291262219,0.26647523896708586,0.9843619047451179,0.09608936450537114,625,30,1.0,0,0.0,0.0,24.9,3904,,,,,,,,,,,,,,,,,,,,,,,,,,,
92,C,nonparticipants_only,,,10,0,10,0,0,0,0.20999917532014006,0.2068739460781894,0.34300645456412177,0.0009288316299201439,0,0,0.0,0,0.0,0.0,50.0,0,,,,,,,,,,,,,,,,,,,,,,,,,,,
92,C,step_totals,,,,,,,,,,,,,,,,,,,,,71.90000000000006,,,8.5,0.11821974965229474,54.0,0.7510431154381079,0.0,0.0,0.006344255360120803,0.2222222222222222,0.0,0,12,23,21,,17,54,24,6.000000000000003,0.08344923504867868,3.400000000000001,0.047287899860917915,30,17,17
93,C,all_agents,,,40,30,10,0,18,12,0.4059184802024617,0.23443568707563822,0.9849874285553132,0.08549263437786452,631,30,0.75,0,0.0,0.0,31.2,3953,,,,,,,,,,,,,,,,,,,,,,,,,,,
93,C,participants_only,,,30,30,0,0,18,12,0.47107546546862616,0.2651428627722504,0.9849874285553132,0.09670641547633516,631,30,1.0,0,0.0,0.0,24.933333333333334,3953,,,,,,,,,,,,,,,,,,,,,,,,,,,
93,C,nonparticipants_only,,,10,0,10,0,0,0,0.2104475244039685,0.20757022218049342,0.34129142229130116,0.0009060983347505786,0,0,0.0,0,0.0,0.0,50.0,0,,,,,,,,,,,,,,,,,,,,,,,,,,,
93,C,step_totals,,,,,,,,,,,,,,,,,,,,,72.40000000000006,,,9.0,0.12430939226519326,53.0,0.732044198895027,0.0,0.0,0.0056030135026254235,0.11320754716981132,0.0,0,6,22,16,,18,53,26,6.000000000000003,0.08287292817679555,4.400000000000001,0.06077348066298339,30,22,31
94,C,all_agents,,,40,30,10,0,18,12,0.4066183796898367,0.234069085164895,0.9855879314131006,0.08606066892467332,636,30,0.75,0,0.0,0.0,31.175,4004,,,,,,,,,,,,,,,,,,,,,,,,,,,
94,C,participants_only,,,30,30,0,0,18,12,0.4718600830805827,0.2638171484583892,0.9855879314131006,0.0974271030970301,636,30,1.0,0,0.0,0.0,24.9,4004,,,,,,,,,,,,,,,,,,,,,,,,,,,
94,C,nonparticipants_only,,,10,0,10,0,0,0,0.2108932695175986,0.20821259195150094,0.33958496517984466,0.0008836080716899777,0,0,0.0,0,0.0,0.0,50.0,0,,,,,,,,,,,,,,,,,,,,,,,,,,,
94,C,step_totals,,,,,,,,,,,,,,,,,,,,,71.40000000000006,,,8.0,0.11204481792717078,54.0,0.7563025210084027,0.0,0.0,0.005723356375056533,0.09259259259259259,0.0,0,5,24,21,,16,54,23,6.000000000000003,0.08403361344537812,3.400000000000001,0.04761904761904759,30,17,17
95,C,all_agents,,,40,30,10,0,18,12,0.4074145940994171,0.23402357231621432,0.9861644141565766,0.08659781893442466,641,30,0.75,0,0.0,0.0,31.2,4056,,,,,,,,,,,,,,,,,,,,,,,,,,,
95,C,participants_only,,,30,30,0,0,18,12,0.47277413368876314,0.2624980627160972,0.9861644141565766,0.09808863639030412,641,30,1.0,0,0.0,0.0,24.933333333333334,4056,,,,,,,,,,,,,,,,,,,,,,,,,,,
95,C,nonparticipants_only,,,10,0,10,0,0,0,0.21133597533137918,0.2084789952322758,0.33788704035394546,0.0008629335828108499,0,0,0.0,0,0.0,0.0,50.0,0,,,,,,,,,,,,,,,,,,,,,,,,,,,
95,C,step_totals,,,,,,,,,,,,,,,,,,,,,72.20000000000006,,,9.0,0.12465373961218826,53.0,0.7340720221606643,0.0,0.0,0.005981098550225933,0.09433962264150944,0.0,0,5,22,16,,18,53,26,6.000000000000003,0.08310249307479221,4.200000000000001,0.058171745152354536,30,21,31
96,C,all_agents,,,40,30,10,0,18,12,0.40796720369332246,0.2339641431853771,0.9867178375903136,0.08708214102114235,651,30,0.75,0,0.0,0.0,31.175,4104,,,,,,,,,,,,,,,,,,,,,,,,,,,
96,C,participants_only,,,30,30,0,0,18,12,0.4733641903259085,0.2611855724025167,0.9867178375903136,0.09872180822460884,651,30,1.0,0,0.0,0.0,24.9,4104,,,,,,,,,,,,,,,,,,,,,,,,,,,
96,C,nonparticipants_only,,,10,0,10,0,0,0,0.21177624379556448,0.2083508583445869,0.3361976051521757,0.0008419490832713369,0,0,0.0,0,0.0,0.0,50.0,0,,,,,,,,,,,,,,,,,,,,,,,,,,,
96,C,step_totals,,,,,,,,,,,,,,,,,,,,,71.40000000000006,,,8.0,0.11204481792717078,54.0,0.7563025210084027,0.0,0.0,0.005236966613843831,0.18518518518518517,0.0,0,10,24,21,,16,54,23,6.000000000000003,0.08403361344537812,3.400000000000001,0.04761904761904759,30,17,17
97,C,all_agents,,,40,30,10,0,18,12,0.40871582482701974,0.23397881975208007,0.9872491240867011,0.08763411968550992,661,30,0.75,0,0.0,0.0,31.2,4157,,,,,,,,,,,,,,,,,,,,,,,,,,,
97,C,participants_only,,,30,30,0,0,18,12,0.4742163951752934,0.25987964454050416,0.9872491240867011,0.09941067846195638,661,30,1.0,0,0.0,0.0,24.933333333333334,4157,,,,,,,,,,,,,,,,,,,,,,,,,,,
97,C,nonparticipants_only,,,10,0,10,0,0,0,0.21221411378219876,0.2097025426104907,0.33451661712641484,0.0008205467647808463,0,0,0.0,0,0.0,0.0,50.0,0,,,,,,,,,,,,,,,,,,,,,,,,,,,
97,C,step_totals,,,,,,,,,,,,,,,,,,,,,71.50000000000007,,,8.5,0.11888111888111877,53.0,0.7412587412587405,0.0,0.0,0.005907270047024955,0.18867924528301888,0.0,0,10,23,16,,17,53,26,6.000000000000003,0.08391608391608386,4.000000000000001,0.0559440559440559,30,20,30
98,C,all_agents,,,40,30,10,0,18,12,0.40930143804961755,0.23311048946410523,0.987759159123233,0.08813966744593706,673,30,0.75,0,0.0,0.0,31.175,4207,,,,,,,,,,,,,,,,,,,,,,,,,,,
98,C,participants_only,,,30,30,0,0,18,12,0.47485219655354677,0.25858024631780163,0.987759159123233,0.10006517717049293,673,30,1.0,0,0.0,0.0,24.9,4207,,,,,,,,,,,,,,,,,,,,,,,,,,,
98,C,nonparticipants_only,,,10,0,10,0,0,0,0.2126491625378301,0.210601254208439,0.3328440340407828,0.0008003149869841361,0,0,0.0,0,0.0,0.0,50.0,0,,,,,,,,,,,,,,,,,,,,,,,,,,,
98,C,step_totals,,,,,,,,,,,,,,,,,,,,,71.40000000000006,,,8.0,0.11204481792717078,54.0,0.7563025210084027,0.0,0.0,0.005356147052060784,0.2222222222222222,0.0,0,12,24,21,,16,54,23,6.000000000000003,0.08403361344537812,3.400000000000001,0.04761904761904759,30,17,17
99,C,all_agents,,,40,30,10,0,18,12,0.4099425839391191,0.23264411961583073,0.9882487927583037,0.0886698328004598,680,30,0.75,0,0.0,0.0,31.2,4259,,,,,,,,,,,,,,,,,,,,,,,,,,,
99,C,participants_only,,,30,30,0,0,18,12,0.47556295850756275,0.25728734508621265,0.9882487927583037,0.1007419616258271,680,30,1.0,0,0.0,0.0,24.933333333333334,4259,,,,,,,,,,,,,,,,,,,,,,,,,,,
99,C,nonparticipants_only,,,10,0,10,0,0,0,0.2130814602337879,0.21105889112362536,0.3311798138705789,0.0007810436223236497,0,0,0.0,0,0.0,0.0,50.0,0,,,,,,,,,,,,,,,,,,,,,,,,,,,
99,C,step_totals,,,,,,,,,,,,,,,,,,,,,71.50000000000007,,,8.5,0.11888111888111877,53.0,0.7412587412587405,0.0,0.0,0.005550829059476631,0.1320754716981132,0.0,0,7,23,15,,17,53,26,6.000000000000003,0.08391608391608386,4.000000000000001,0.0559440559440559,30,20,30
100,C,all_agents,,,40,30,10,0,18,12,0.41055148449306994,0.23247067281010553,0.9887188410479716,0.08917686748958528,687,30,0.75,0,0.0,0.0,31.175,4309,,,,,,,,,,,,,,,,,,,,,,,,,,,
100,C,participants_only,,,30,30,0,0,18,12,0.4762316353822555,0.25683614082108586,0.9887188410479716,0.10139271389388772,687,30,1.0,0,0.0,0.0,24.9,4309,,,,,,,,,,,,,,,,,,,,,,,,,,,
100,C,nonparticipants_only,,,10,0,10,0,0,0,0.21351103182551334,0.21179941775794725,0.329523914801226,0.0007627416267638239,0,0,0.0,0,0.0,0.0,50.0,0,,,,,,,,,,,,,,,,,,,,,,,,,,,
100,C,step_totals,,,,,,,,,,,,,,,,,,,,,71.40000000000006,,,8.0,0.11204481792717078,54.0,0.7563025210084027,0.0,0.0,0.005439957850359724,0.12962962962962962,0.0,0,7,24,21,,16,54,23,6.000000000000003,0.08403361344537812,3.400000000000001,0.04761904761904759,30,17,17
100,C,reachability,0.25,0.0,,,,,,,,,,,,,,,,,,,,,,,,,,,,,,,,,,,,,,,,,,,,,
101,C,all_agents,,,40,30,10,0,18,12,0.41118809718074345,0.2342724992160617,0.9891700874060527,0.0896764083113916,698,30,0.75,0,0.0,0.0,31.2,4360,,,,,,,,,,,,,,,,,,,,,,,,,,,
101,C,participants_only,,,30,30,0,0,18,12,0.47693812764082666,0.25555196011698045,0.9891700874060527,0.10202795372961623,698,30,1.0,0,0.0,0.0,24.933333333333334,4360,,,,,,,,,,,,,,,,,,,,,,,,,,,
101,C,nonparticipants_only,,,10,0,10,0,0,0,0.21393800580049385,0.2114980312812143,0.3278762952272199,0.0007449739906953249,0,0,0.0,0,0.0,0.0,50.0,0,,,,,,,,,,,,,,,,,,,,,,,,,,,
101,C,step_totals,,,,,,,,,,,,,,,,,,,,,71.50000000000007,,,8.5,0.11888111888111877,53.0,0.7412587412587405,0.0,0.0,0.005541746574064269,0.20754716981132076,0.0,0,11,23,15,,17,53,25,6.000000000000003,0.08391608391608386,4.000000000000001,0.0559440559440559,30,20,30
102,C,all_agents,,,40,30,10,0,18,12,0.4118352163852075,0.23361404853644852,0.9896032839098106,0.09021289862888969,708,30,0.75,0,0.0,0.0,31.175,4412,,,,,,,,,,,,,,,,,,,,,,,,,,,
102,C,participants_only,,,30,30,0,0,18,12,0.4776593744326579,0.2545994444084107,0.9896032839098106,0.10271042628765122,708,30,1.0,0,0.0,0.0,24.9,4412,,,,,,,,,,,,,,,,,,,,,,,,,,,
102,C,nonparticipants_only,,,10,0,10,0,0,0,0.21436274224285626,0.21204899183371145,0.32623691375108377,0.000726478260736352,0,0,0.0,0,0.0,0.0,50.0,0,,,,,,,,,,,,,,,,,,,,,,,,,,,
102,C,step_totals,,,,,,,,,,,,,,,,,,,,,71.40000000000008,,,8.0,0.11204481792717075,54.0,0.7563025210084026,0.0,0.0,0.005574854019489306,0.18518518518518517,0.0,0,10,24,21,,16,54,23,6.000000000000003,0.0840336134453781,3.400000000000001,0.04761904761904758,30,17,17
103,C,all_agents,,,40,30,10,0,18,12,0.41241523788749174,0.2329613483657842,0.9900191525534181,0.09068002990256595,717,30,0.75,0,0.0,0.0,31.2,4463,,,,,,,,,,,,,,,,,,,,,,,,,,,
103,C,participants_only,,,30,30,0,0,18,12,0.4782919893441511,0.25332644718636865,0.9900191525534181,0.10331165217394053,717,30,1.0,0,0.0,0.0,24.933333333333334,4463,,,,,,,,,,,,,,,,,,,,,,,,,,,
103,C,nonparticipants_only,,,10,0,10,0,0,0,0.2147849835175136,0.21244202177529425,0.32460572918232833,0.0007082064986525018,0,0,0.0,0,0.0,0.0,50.0,0,,,,,,,,,,,,,,,,,,,,,,,,,,,
103,C,step_totals,,,,,,,,,,,,,,,,,,,,,71.50000000000007,,,8.5,0.11888111888111877,53.0,0.7412587412587405,0.0,0.0,0.005359405634191357,0.16981132075471697,0.0,0,9,23,15,,17,53,24,6.000000000000003,0.08391608391608386,4.000000000000001,0.0559440559440559,30,20,29
104,C,all_agents,,,40,30,10,0,18,12,0.41304801154135995,0.23249021880466153,0.9904183864512813,0.09119590987845906,727,30,0.75,0,0.0,0.0,31.175,4516,,,,,,,,,,,,,,,,,,,,,,,,,,,
104,C,participants_only,,,30,30,0,0,18,12,0.47899586361881996,0.25279782231568604,0.9904183864512813,0.10396766399745978,727,30,1.0,0,0.0,0.0,24.9,4516,,,,,,,,,,,,,,,,,,,,,,,,,,,
104,C,nonparticipants_only,,,10,0,10,0,0,0,0.21520445530897991,0.2132354719700813,0.3229827005364167,0.0006912171978903277,0,0,0.0,0,0.0,0.0,50.0,0,,,,,,,,,,,,,,,,,,,,,,,,,,,
104,C,step_totals,,,,,,,,,,,,,,,,,,,,,71.40000000000006,,,8.0,0.11204481792717078,54.0,0.7563025210084027,0.0,0.0,0.005532307397972306,0.18518518518518517,0.0,0,10,24,21,,16,54,23,6.000000000000003,0.08403361344537812,3.400000000000001,0.04761904761904759,30,17,17
105,C,all_agents,,,40,30,10,0,18,12,0.4135373934824304,0.2323957950593614,0.99080165099323,0.09162522602976843,736,30,0.75,0,0.0,0.0,31.2,4566,,,,,,,,,,,,,,,,,,,,,,,,,,,
105,C,participants_only,,,30,30,0,0,18,12,0.47950943967641557,0.2515338332041076,0.99080165099323,0.10453265986990531,736,30,1.0,0,0.0,0.0,24.933333333333334,4566,,,,,,,,,,,,,,,,,,,,,,,,,,,
105,C,nonparticipants_only,,,10,0,10,0,0,0,0.21562125490047496,0.21360269307769014,0.32136778703373464,0.0006751939611020352,0,0,0.0,0,0.0,0.0,50.0,0,,,,,,,,,,,,,,,,,,,,,,,,,,,
105,C,step_totals,,,,,,,,,,,,,,,,,,,,,71.50000000000006,,,8.5,0.11888111888111878,53.0,0.7412587412587407,0.0,0.0,0.0050616617721899425,0.16981132075471697,0.0,0,9,23,15,,17,53,24,6.000000000000003,0.08391608391608389,4.000000000000001,0.05594405594405591,30,20,29
106,C,all_agents,,,40,30,10,0,18,12,0.41399355347193184,0.23186669796926762,0.9911695849535008,0.0920671734534732,740,30,0.75,0,0.0,0.0,31.175,4614,,,,,,,,,,,,,,,,,,,,,,,,,,,
106,C,participants_only,,,30,30,0,0,18,12,0.4799795095765618,0.25160916584496174,0.9911695849535008,0.10511992601674612,740,30,1.0,0,0.0,0.0,24.9,4614,,,,,,,,,,,,,,,,,,,,,,,,,,,
106,C,nonparticipants_only,,,10,0,10,0,0,0,0.21603568515804172,0.21429386563532343,0.319760948098566,0.0006591589271485277,0,0,0.0,0,0.0,0.0,50.0,0,,,,,,,,,,,,,,,,,,,,,,,,,,,
106,C,step_totals,,,,,,,,,,,,,,,,,,,,,71.40000000000006,,,8.0,0.11204481792717078,54.0,0.7563025210084027,0.0,0.0,0.0049430880853531456,0.07407407407407407,0.0,0,4,24,21,,16,54,23,6.000000000000003,0.08403361344537812,3.400000000000001,0.04761904761904759,30,17,17
107,C,all_agents,,,40,30,10,0,18,12,0.4145660227998503,0.2315838968596297,0.9915228015553608,0.09254645150196954,745,30,0.75,0,0.0,0.0,31.2,4666,,,,,,,,,,,,,,,,,,,,,,,,,,,
107,C,participants_only,,,30,30,0,0,18,12,0.4806054778236115,0.2503511200157369,0.9915228015553608,0.10573594841939964,745,30,1.0,0,0.0,0.0,24.933333333333334,4666,,,,,,,,,,,,,,,,,,,,,,,,,,,
107,C,nonparticipants_only,,,10,0,10,0,0,0,0.21644765772856642,0.21410093375678818,0.31816214335807314,0.0006434453116545495,0,0,0.0,0,0.0,0.0,50.0,0,,,,,,,,,,,,,,,,,,,,,,,,,,,
107,C,step_totals,,,,,,,,,,,,,,,,,,,,,71.50000000000006,,,8.5,0.11888111888111878,53.0,0.7412587412587407,0.0,0.0,0.0053439574626916436,0.09433962264150944,0.0,0,5,23,15,,17,53,25,6.000000000000003,0.08391608391608389,4.000000000000001,0.05594405594405591,30,20,29
108,C,all_agents,,,40,30,10,0,18,12,0.41514174316491176,0.23085627317850504,0.9918618894931464,0.09303022335433689,750,30,0.75,0,0.0,0.0,31.175,4717,,,,,,,,,,,,,,,,,,,,,,,,,,,
108,C,participants_only,,,30,30,0,0,18,12,0.48123655154853034,0.25048925419859125,0.9918618894931464,0.10635701694395273,750,30,1.0,0,0.0,0.0,24.9,4717,,,,,,,,,,,,,,,,,,,,,,,,,,,
108,C,nonparticipants_only,,,10,0,10,0,0,0,0.216857318014056,0.21463288411271192,0.3165713326412828,0.0006275582422822479,0,0,0.0,0,0.0,0.0,50.0,0,,,,,,,,,,,,,,,,,,,,,,,,,,,
108,C,step_totals,,,,,,,,,,,,,,,,,,,,,71.40000000000006,,,8.0,0.11204481792717078,54.0,0.7563025210084027,0.0,0.0,0.00535038996692657,0.09259259259259259,0.0,0,5,24,21,,16,54,23,6.000000000000003,0.08403361344537812,3.400000000000001,0.04761904761904759,30,17,17
109,C,all_agents,,,40,30,10,0,18,12,0.4156432107721621,0.23096078080865262,0.9921874139134205,0.0934757946454025,761,30,0.75,0,0.0,0.0,31.2,4769,,,,,,,,,,,,,,,,,,,,,,,,,,,
109,C,participants_only,,,30,30,0,0,18,12,0.4817694435556708,0.24923680792759828,0.9921874139134205,0.10693965054279632,761,30,1.0,0,0.0,0.0,24.933333333333334,4769,,,,,,,,,,,,,,,,,,,,,,,,,,,
109,C,nonparticipants_only,,,10,0,10,0,0,0,0.21726451242163597,0.21508697867857546,0.3149884759780764,0.0006120830075556676,0,0,0.0,0,0.0,0.0,50.0,0,,,,,,,,,,,,,,,,,,,,,,,,,,,
109,C,step_totals,,,,,,,,,,,,,,,,,,,,,71.50000000000007,,,8.5,0.11888111888111877,53.0,0.7412587412587405,0.0,0.0,0.0051120795714922704,0.20754716981132076,0.0,0,11,23,15,,17,53,24,6.000000000000003,0.08391608391608386,4.000000000000001,0.0559440559440559,30,20,29
110,C,all_agents,,,40,30,10,0,18,12,0.41617204183041356,0.23147453856907615,0.9924999173568837,0.09394845226967789,769,30,0.75,0,0.0,0.0,31.175,4819,,,,,,,,,,,,,,,,,,,,,,,,,,,
110,C,participants_only,,,30,30,0,0,18,12,0.4823396765471355,0.2483921301317838,0.9924999173568837,0.10755282715356976,769,30,1.0,0,0.0,0.0,24.9,4819,,,,,,,,,,,,,,,,,,,,,,,,,,,
110,C,nonparticipants_only,,,10,0,10,0,0,0,0.21766913768024768,0.21577879938169958,0.313413533598186,0.000597457009935694,0,0,0.0,0,0.0,0.0,50.0,0,,,,,,,,,,,,,,,,,,,,,,,,,,,
110,C,step_totals,,,,,,,,,,,,,,,,,,,,,71.40000000000006,,,8.0,0.11204481792717078,54.0,0.7563025210084027,0.0,0.0,0.005197108285488822,0.14814814814814814,0.0,0,8,24,21,,16,54,23,6.000000000000003,0.08403361344537812,3.400000000000001,0.04761904761904759,30,17,17
110,C,reachability,0.25,0.0,,,,,,,,,,,,,,,,,,,,,,,,,,,,,,,,,,,,,,,,,,,,,
111,C,all_agents,,,40,30,10,0,18,12,0.4165236412062528,0.23201319927548095,0.9927999206626084,0.0943205415968285,776,30,0.75,0,0.0,0.0,31.2,4868,,,,,,,,,,,,,,,,,,,,,,,,,,,
111,C,participants_only,,,30,30,0,0,18,12,0.4826744399923203,0.24869897532386023,0.9927999206626084,0.10806249716567153,776,30,1.0,0,0.0,0.0,24.933333333333334,4868,,,,,,,,,,,,,,,,,,,,,,,,,,,
111,C,nonparticipants_only,,,10,0,10,0,0,0,0.21807124484805024,0.21605872436474197,0.3118464659301951,0.0005835367298819177,0,0,0.0,0,0.0,0.0,50.0,0,,,,,,,,,,,,,,,,,,,,,,,,,,,
111,C,step_totals,,,,,,,,,,,,,,,,,,,,,71.50000000000006,,,8.5,0.11888111888111878,53.0,0.7412587412587407,0.0,0.0,0.004614484622083119,0.1320754716981132,0.0,0,7,23,15,,17,53,24,6.000000000000003,0.08391608391608389,4.000000000000001,0.05594405594405591,30,20,29
112,C,all_agents,,,40,30,10,0,18,12,0.41695366925235466,0.23102646477019922,0.993087923836104,0.09474678762223307,781,30,0.75,0,0.0,0.0,31.175,4919,,,,,,,,,,,,,,,,,,,,,,,,,,,
112,C,participants_only,,,30,30,0,0,18,12,0.4831145212532453,0.24904183057656792,0.993087923836104,0.1086302110739642,781,30,1.0,0,0.0,0.0,24.9,4919,,,,,,,,,,,,,,,,,,,,,,,,,,,
112,C,nonparticipants_only,,,10,0,10,0,0,0,0.21847111324968307,0.2167015451505,0.3102872336005441,0.0005694172172348065,0,0,0.0,0,0.0,0.0,50.0,0,,,,,,,,,,,,,,,,,,,,,,,,,,,
112,C,step_totals,,,,,,,,,,,,,,,,,,,,,71.40000000000006,,,8.0,0.11204481792717078,54.0,0.7563025210084027,0.0,0.0,0.00486756247268502,0.09259259259259259,0.0,0,5,24,21,,16,54,23,6.000000000000003,0.08403361344537812,3.400000000000001,0.04761904761904759,30,17,17
113,C,all_agents,,,40,30,10,0,18,12,0.4173873679485146,0.23095665906666465,0.9933644068826598,0.09514330321610508,789,30,0.75,0,0.0,0.0,31.2,4969,,,,,,,,,,,,,,,,,,,,,,,,,,,
113,C,participants_only,,,30,30,0,0,18,12,0.48356033682468935,0.248508231966888,0.9933644068826598,0.10915691749814593,789,30,1.0,0,0.0,0.0,24.933333333333334,4969,,,,,,,,,,,,,,,,,,,,,,,,,,,
113,C,nonparticipants_only,,,10,0,10,0,0,0,0.21886846131999027,0.21661402637665145,0.30873579743254137,0.0005561186513361738,0,0,0.0,0,0.0,0.0,50.0,0,,,,,,,,,,,,,,,,,,,,,,,,,,,
113,C,step_totals,,,,,,,,,,,,,,,,,,,,,71.50000000000006,,,8.5,0.11888111888111878,53.0,0.7412587412587407,0.0,0.0,0.004894127079316337,0.1509433962264151,0.0,0,8,23,15,,17,53,24,6.000000000000003,0.08391608391608389,4.000000000000001,0.05594405594405591,30,20,29
114,C,all_agents,,,40,30,10,0,18,12,0.4178075690817357,0.23085478219862363,0.9936298306073534,0.09557321656015418,793,30,0.75,0,0.0,0.0,31.175,5018,,,,,,,,,,,,,,,,,,,,,,,,,,,
114,C,participants_only,,,30,30,0,0,18,12,0.4839889181838464,0.24819397002327545,0.9936298306073534,0.10973012416963145,793,30,1.0,0,0.0,0.0,24.9,5018,,,,,,,,,,,,,,,,,,,,,,,,,,,
114,C,nonparticipants_only,,,10,0,10,0,0,0,0.2192635217754039,0.21712762245877548,0.30719211844537864,0.0005428421040171328,0,0,0.0,0,0.0,0.0,50.0,0,,,,,,,,,,,,,,,,,,,,,,,,,,,
114,C,step_totals,,,,,,,,,,,,,,,,,,,,,71.20000000000006,,,8.0,0.11235955056179765,54.0,0.7584269662921342,0.0,0.0,0.004852129012060247,0.07407407407407407,0.0,0,4,24,21,,16,54,23,6.000000000000003,0.08426966292134828,3.2000000000000006,0.04494382022471907,30,16,17
115,C,all_agents,,,40,30,10,0,18,12,0.4182444549609569,0.23072045394767612,0.9938846373830593,0.09597863586185894,804,30,0.75,0,0.0,0.0,31.2,5069,,,,,,,,,,,,,,,,,,,,,,,,,,,
115,C,participants_only,,,30,30,0,0,18,12,0.48444050557763924,0.24769703780118213,0.9938846373830593,0.11026731628908977,804,30,1.0,0,0.0,0.0,24.933333333333334,5069,,,,,,,,,,,,,,,,,,,,,,,,,,,
115,C,nonparticipants_only,,,10,0,10,0,0,0,0.2196563031109101,0.21764067469134168,0.30565615785315176,0.0005295891732100439,0,0,0.0,0,0.0,0.0,50.0,0,,,,,,,,,,,,,,,,,,,,,,,,,,,
115,C,step_totals,,,,,,,,,,,,,,,,,,,,,71.50000000000006,,,8.5,0.11888111888111878,53.0,0.7412587412587407,0.0,0.0,0.004908180083677243,0.20754716981132076,0.0,0,11,23,15,,17,53,24,6.000000000000003,0.08391608391608389,4.000000000000001,0.05594405594405591,30,20,29
116,C,all_agents,,,40,30,10,0,18,12,0.41864778454623586,0.2300825970955757,0.9941292518877369,0.0963776546310122,810,30,0.75,0,0.0,0.0,31.175,5119,,,,,,,,,,,,,,,,,,,,,,,,,,,
116,C,participants_only,,,30,30,0,0,18,12,0.4848481580545262,0.24736781356261972,0.9941292518877369,0.11080126953261986,810,30,1.0,0,0.0,0.0,24.9,5119,,,,,,,,,,,,,,,,,,,,,,,,,,,
116,C,nonparticipants_only,,,10,0,10,0,0,0,0.2200466640213647,0.21823437249979133,0.304127877063886,0.0005169364945433416,0,0,0.0,0,0.0,0.0,50.0,0,,,,,,,,,,,,,,,,,,,,,,,,,,,
116,C,step_totals,,,,,,,,,,,,,,,,,,,,,71.20000000000006,,,8.0,0.11235955056179765,54.0,0.7584269662921342,0.0,0.0,0.004798734889580497,0.1111111111111111,0.0,0,6,24,21,,16,54,23,6.000000000000003,0.08426966292134828,3.2000000000000006,0.04494382022471907,30,16,17
117,C,all_agents,,,40,30,10,0,18,12,0.4190569628151139,0.2299051765574372,0.9943640818122275,0.0967717534534285,822,30,0.75,0,0.0,0.0,31.2,5171,,,,,,,,,,,,,,,,,,,,,,,,,,,
117,C,participants_only,,,30,30,0,0,18,12,0.4852644033868215,0.2475175137606641,0.9943640818122275,0.11132704238997446,822,30,1.0,0,0.0,0.0,24.933333333333334,5171,,,,,,,,,,,,,,,,,,,,,,,,,,,
117,C,nonparticipants_only,,,10,0,10,0,0,0,0.22043464109999114,0.21843001340056428,0.30260723767856657,0.0005047843991163344,0,0,0.0,0,0.0,0.0,50.0,0,,,,,,,,,,,,,,,,,,,,,,,,,,,
117,C,step_totals,,,,,,,,,,,,,,,,,,,,,71.50000000000007,,,8.5,0.11888111888111877,53.0,0.7412587412587405,0.0,0.0,0.00481868072071629,0.22641509433962265,0.0,0,12,23,15,,17,53,24,6.000000000000003,0.08391608391608386,4.000000000000001,0.0559440559440559,30,20,29
118,C,all_agents,,,40,30,10,0,18,12,0.4194419842660037,0.2304964002845901,0.9945895185397383,0.09715705395855168,829,30,0.75,0,0.0,0.0,31.175,5222,,,,,,,,,,,,,,,,,,,,,,,,,,,
118,C,participants_only,,,30,30,0,0,18,12,0.48564920782379917,0.2480598324366835,0.9945895185397383,0.11184484135321712,829,30,1.0,0,0.0,0.0,24.9,5222,,,,,,,,,,,,,,,,,,,,,,,,,,,
118,C,nonparticipants_only,,,10,0,10,0,0,0,0.22082031359261758,0.21902615073114207,0.30109420149017374,0.0004929343597725931,0,0,0.0,0,0.0,0.0,50.0,0,,,,,,,,,,,,,,,,,,,,,,,,,,,
118,C,step_totals,,,,,,,,,,,,,,,,,,,,,71.40000000000006,,,8.0,0.11204481792717078,54.0,0.7563025210084027,0.0,0.0,0.004727063980233722,0.12962962962962962,0.0,0,7,24,21,,16,54,23,6.000000000000003,0.08403361344537812,3.400000000000001,0.04761904761904759,30,17,17
119,C,all_agents,,,40,30,10,0,18,12,0.4198253503293951,0.23128286708856394,0.9948059377981487,0.097538710305641,835,30,0.75,0,0.0,0.0,31.2,5274,,,,,,,,,,,,,,,,,,,,,,,,,,,
119,C,participants_only,,,30,30,0,0,18,12,0.48603263402498137,0.24837386448776028,0.9948059377981487,0.11235730991099911,835,30,1.0,0,0.0,0.0,24.933333333333334,5274,,,,,,,,,,,,,,,,,,,,,,,,,,,
119,C,nonparticipants_only,,,10,0,10,0,0,0,0.2212034992426364,0.21904616101160487,0.2995887304827229,0.0004820585173925892,0,0,0.0,0,0.0,0.0,50.0,0,,,,,,,,,,,,,,,,,,,,,,,,,,,
119,C,step_totals,,,,,,,,,,,,,,,,,,,,,71.50000000000007,,,8.5,0.11888111888111877,53.0,0.7412587412587405,0.0,0.0,0.004735575767266787,0.11320754716981132,0.0,0,6,23,15,,17,53,24,6.000000000000003,0.08391608391608386,4.000000000000001,0.0559440559440559,30,20,29
120,C,all_agents,,,40,30,10,0,18,12,0.4202501539313484,0.23065233079264447,0.9950137002862228,0.0979513969738475,844,30,0.75,0,0.0,0.0,31.175,5324,,,,,,,,,,,,,,,,,,,,,,,,,,,
120,C,participants_only,,,30,30,0,0,18,12,0.486472013616428,0.24787660092562178,0.9950137002862228,0.11290357636214554,844,30,1.0,0,0.0,0.0,24.9,5324,,,,,,,,,,,,,,,,,,,,,,,,,,,
120,C,nonparticipants_only,,,10,0,10,0,0,0,0.22158457487610964,0.21953628301552564,0.29809078683030926,0.0004708424071488928,0,0,0.0,0,0.0,0.0,50.0,0,,,,,,,,,,,,,,,,,,,,,,,,,,,
120,C,step_totals,,,,,,,,,,,,,,,,,,,,,71.40000000000006,,,8.0,0.11204481792717078,54.0,0.7563025210084027,0.0,0.0,0.004864215326433837,0.16666666666666666,0.0,0,9,24,21,,16,54,23,6.000000000000003,0.08403361344537812,3.400000000000001,0.04761904761904759,30,17,17
120,C,reachability,0.25,0.0,,,,,,,,,,,,,,,,,,,,,,,,,,,,,,,,,,,,,,,,,,,,,
121,C,all_agents,,,40,30,10,0,18,12,0.42064515494595606,0.23075930909623538,0.9952131522747739,0.09834008316113162,851,30,0.75,0,0.0,0.0,31.2,5376,,,,,,,,,,,,,,,,,,,,,,,,,,,
121,C,participants_only,,,30,30,0,0,18,12,0.48687237048427284,0.24734204871809892,0.9952131522747739,0.11342278838994957,851,30,1.0,0,0.0,0.0,24.933333333333334,5376,,,,,,,,,,,,,,,,,,,,,,,,,,,
121,C,nonparticipants_only,,,10,0,10,0,0,0,0.22196350833100578,0.22010625865512126,0.2966003328961577,0.000459438539173815,0,0,0.0,0,0.0,0.0,50.0,0,,,,,,,,,,,,,,,,,,,,,,,,,,,
121,C,step_totals,,,,,,,,,,,,,,,,,,,,,71.50000000000006,,,8.5,0.11888111888111878,53.0,0.7412587412587407,0.0,0.0,0.004779333485535651,0.1320754716981132,0.0,0,7,23,15,,17,53,24,6.000000000000003,0.08391608391608389,4.000000000000001,0.05594405594405591,30,20,29
122,C,all_agents,,,40,30,10,0,18,12,0.42096299278917587,0.23093318421667497,0.995404626183783,0.09870441142919444,856,30,0.75,0,0.0,0.0,31.175,5426,,,,,,,,,,,,,,,,,,,,,,,,,,,
122,C,participants_only,,,30,30,0,0,18,12,0.48717060676852,0.2470661603245008,0.995404626183783,0.11392260949577833,856,30,1.0,0,0.0,0.0,24.9,5426,,,,,,,,,,,,,,,,,,,,,,,,,,,
122,C,nonparticipants_only,,,10,0,10,0,0,0,0.22234015085114386,0.2206052191751937,0.29511733123167694,0.0004484394433887935,0,0,0.0,0,0.0,0.0,50.0,0,,,,,,,,,,,,,,,,,,,,,,,,,,,
122,C,step_totals,,,,,,,,,,,,,,,,,,,,,71.20000000000006,,,8.0,0.11235955056179765,54.0,0.7584269662921342,0.0,0.0,0.004521163604372027,0.09259259259259259,0.0,0,5,24,21,,16,54,23,6.000000000000003,0.08426966292134828,3.2000000000000006,0.04494382022471907,30,16,17
123,C,all_agents,,,40,30,10,0,18,12,0.4212746545223013,0.2304337904346983,0.9955884411364316,0.09904154312804848,860,30,0.75,0,0.0,0.0,31.2,5476,,,,,,,,,,,,,,,,,,,,,,,,,,,
123,C,participants_only,,,30,30,0,0,18,12,0.48746142170540024,0.24659115998720976,0.9955884411364316,0.11438650389904914,860,30,1.0,0,0.0,0.0,24.933333333333334,5476,,,,,,,,,,,,,,,,,,,,,,,,,,,
123,C,nonparticipants_only,,,10,0,10,0,0,0,0.22271435297300418,0.22071948410928682,0.29364174457551856,0.00043840301324949685,0,0,0.0,0,0.0,0.0,50.0,0,,,,,,,,,,,,,,,,,,,,,,,,,,,
123,C,step_totals,,,,,,,,,,,,,,,,,,,,,71.50000000000007,,,8.5,0.11888111888111877,53.0,0.7412587412587405,0.0,0.0,0.004501042626138821,0.07547169811320754,0.0,0,4,23,15,,17,53,24,6.000000000000003,0.08391608391608386,4.000000000000001,0.0559440559440559,30,20,29
124,C,all_agents,,,40,30,10,0,18,12,0.42163000277699714,0.23024361674152,0.9957649034909744,0.09941231652956344,867,30,0.75,0,0.0,0.0,31.175,5523,,,,,,,,,,,,,,,,,,,,,,,,,,,
124,C,participants_only,,,30,30,0,0,18,12,0.48781124432100237,0.24627646591544522,0.9957649034909744,0.11488698375424862,867,30,1.0,0,0.0,0.0,24.9,5523,,,,,,,,,,,,,,,,,,,,,,,,,,,
124,C,nonparticipants_only,,,10,0,10,0,0,0,0.22308627814498155,0.22127054873822324,0.29217353585264094,0.0004288340678363663,0,0,0.0,0,0.0,0.0,50.0,0,,,,,,,,,,,,,,,,,,,,,,,,,,,
124,C,step_totals,,,,,,,,,,,,,,,,,,,,,71.20000000000006,,,8.0,0.11235955056179765,54.0,0.7584269662921342,0.0,0.0,0.004649134513581752,0.12962962962962962,0.0,0,7,24,21,,16,54,23,6.000000000000003,0.08426966292134828,3.2000000000000006,0.04494382022471907,30,16,17
125,C,all_agents,,,40,30,10,0,18,12,0.42196159764201346,0.22963993792476914,0.9959343073513354,0.09976176719269667,878,30,0.75,0,0.0,0.0,31.2,5574,,,,,,,,,,,,,,,,,,,,,,,,,,,
125,C,participants_only,,,30,30,0,0,18,12,0.4881301641803655,0.24641955916116814,0.9959343073513354,0.11536262135269405,878,30,1.0,0,0.0,0.0,24.933333333333334,5574,,,,,,,,,,,,,,,,,,,,,,,,,,,
125,C,nonparticipants_only,,,10,0,10,0,0,0,0.22345589802695726,0.22172994971116178,0.2907126681733777,0.00041985433982059207,0,0,0.0,0,0.0,0.0,50.0,0,,,,,,,,,,,,,,,,,,,,,,,,,,,
125,C,step_totals,,,,,,,,,,,,,,,,,,,,,71.50000000000006,,,8.5,0.11888111888111878,53.0,0.7412587412587407,0.0,0.0,0.004571174629083249,0.20754716981132076,0.0,0,11,23,15,,17,53,23,6.000000000000003,0.08391608391608389,4.000000000000001,0.05594405594405591,30,20,29
126,C,all_agents,,,40,30,10,0,18,12,0.4223221872849217,0.23000996492738934,0.9960969350572819,0.10014543096654246,883,30,0.75,0,0.0,0.0,31.175,5626,,,,,,,,,,,,,,,,,,,,,,,,,,,
126,C,participants_only,,,30,30,0,0,18,12,0.4884884039545559,0.24735022248621463,0.9960969350572819,0.11587858753859334,883,30,1.0,0,0.0,0.0,24.9,5626,,,,,,,,,,,,,,,,,,,,,,,,,,,
126,C,nonparticipants_only,,,10,0,10,0,0,0,0.2238235372760193,0.22227459205619246,0.2892591048325108,0.00041034250991423243,0,0,0.0,0,0.0,0.0,50.0,0,,,,,,,,,,,,,,,,,,,,,,,,,,,
126,C,step_totals,,,,,,,,,,,,,,,,,,,,,71.20000000000006,,,8.0,0.11235955056179765,54.0,0.7584269662921342,0.0,0.0,0.004669320957500819,0.09259259259259259,0.0,0,5,24,21,,16,54,23,6.000000000000003,0.08426966292134828,3.2000000000000006,0.04494382022471907,30,16,17
127,C,all_agents,,,40,30,10,0,18,12,0.42265728691249327,0.230714066208556,0.9962530576549906,0.10050182073531587,886,30,0.75,0,0.0,0.0,31.2,5679,,,,,,,,,,,,,,,,,,,,,,,,,,,
127,C,participants_only,,,30,30,0,0,18,12,0.48881333159041324,0.24795343473651324,0.9962530576549906,0.11636244454469664,886,30,1.0,0,0.0,0.0,24.933333333333334,5679,,,,,,,,,,,,,,,,,,,,,,,,,,,
127,C,nonparticipants_only,,,10,0,10,0,0,0,0.22418915287873356,0.2228827072935196,0.2878128093083483,0.0004004823380503118,0,0,0.0,0,0.0,0.0,50.0,0,,,,,,,,,,,,,,,,,,,,,,,,,,,
127,C,step_totals,,,,,,,,,,,,,,,,,,,,,71.50000000000007,,,8.5,0.11888111888111877,53.0,0.7412587412587405,0.0,0.0,0.004586894145959033,0.05660377358490566,0.0,0,3,23,15,,17,53,23,6.000000000000003,0.08391608391608386,4.000000000000001,0.0559440559440559,30,20,29
128,C,all_agents,,,40,30,10,0,18,12,0.4230245625074073,0.23029871361700388,0.996402935348791,0.10089427927163554,891,30,0.75,0,0.0,0.0,31.175,5732,,,,,,,,,,,,,,,,,,,,,,,,,,,
128,C,participants_only,,,30,30,0,0,18,12,0.4891819427109068,0.24731251639184126,0.996402935348791,0.11688801752672232,891,30,1.0,0,0.0,0.0,24.9,5732,,,,,,,,,,,,,,,,,,,,,,,,,,,
128,C,nonparticipants_only,,,10,0,10,0,0,0,0.22455242189690833,0.2233749656508222,0.28637374526180653,0.000391477041690317,0,0,0.0,0,0.0,0.0,50.0,0,,,,,,,,,,,,,,,,,,,,,,,,,,,
128,C,step_totals,,,,,,,,,,,,,,,,,,,,,71.20000000000007,,,8.0,0.11235955056179764,54.0,0.758426966292134,0.0,0.0,0.004694793983076059,0.09259259259259259,0.0,0,5,24,21,,16,54,23,6.000000000000003,0.08426966292134827,3.2000000000000006,0.044943820224719065,30,16,17
129,C,all_agents,,,40,30,10,0,18,12,0.42330796113988906,0.23085926225434428,0.9965468179348393,0.10121819005102772,898,30,0.75,0,0.0,0.0,31.2,5784,,,,,,,,,,,,,,,,,,,,,,,,,,,
129,C,participants_only,,,30,30,0,0,18,12,0.48943952005883956,0.2464967499408799,0.9965468179348393,0.11733619703788958,898,30,1.0,0,0.0,0.0,24.933333333333334,5784,,,,,,,,,,,,,,,,,,,,,,,,,,,
129,C,nonparticipants_only,,,10,0,10,0,0,0,0.22491328438303765,0.223568714799074,0.2849418765354975,0.0003835720698347398,0,0,0.0,0,0.0,0.0,50.0,0,,,,,,,,,,,,,,,,,,,,,,,,,,,
129,C,step_totals,,,,,,,,,,,,,,,,,,,,,71.50000000000006,,,8.5,0.11888111888111878,53.0,0.7412587412587407,0.0,0.0,0.0044165353347507715,0.1320754716981132,0.0,0,7,23,15,,17,53,23,6.000000000000003,0.08391608391608389,4.000000000000001,0.05594405594405591,30,20,29
130,C,all_agents,,,40,30,10,0,18,12,0.4236299750654882,0.23075456505379743,0.9966849452174458,0.10158179466716483,907,30,0.75,0,0.0,0.0,31.175,5837,,,,,,,,,,,,,,,,,,,,,,,,,,,
130,C,participants_only,,,30,30,0,0,18,12,0.48974928628851766,0.2457628009480735,0.9966849452174458,0.11783008006486043,907,30,1.0,0,0.0,0.0,24.9,5837,,,,,,,,,,,,,,,,,,,,,,,,,,,
130,C,nonparticipants_only,,,10,0,10,0,0,0,0.22527204139639984,0.2239286719219845,0.28351716715282005,0.0003757786747840372,0,0,0.0,0,0.0,0.0,50.0,0,,,,,,,,,,,,,,,,,,,,,,,,,,,
130,C,step_totals,,,,,,,,,,,,,,,,,,,,,71.20000000000006,,,8.0,0.11235955056179765,54.0,0.7584269662921342,0.0,0.0,0.0045442032860315675,0.16666666666666666,0.0,0,9,24,21,,16,54,23,6.000000000000003,0.08426966292134828,3.2000000000000006,0.04494382022471907,30,16,17
130,C,reachability,0.25,0.0,,,,,,,,,,,,,,,,,,,,,,,,,,,,,,,,,,,,,,,,,,,,,
131,C,all_agents,,,40,30,10,0,18,12,0.42388703608854084,0.23027919703954,0.996817547408748,0.10188241273320602,912,30,0.75,0,0.0,0.0,31.2,5888,,,,,,,,,,,,,,,,,,,,,,,,,,,
131,C,participants_only,,,30,30,0,0,18,12,0.4899731722617206,0.24470930042376582,0.996817547408748,0.11825092220620508,912,30,1.0,0,0.0,0.0,24.933333333333334,5888,,,,,,,,,,,,,,,,,,,,,,,,,,,
131,C,nonparticipants_only,,,10,0,10,0,0,0,0.22562862756900162,0.22428427784558963,0.2820995813170559,0.0003683555826081595,0,0,0.0,0,0.0,0.0,50.0,0,,,,,,,,,,,,,,,,,,,,,,,,,,,
131,C,step_totals,,,,,,,,,,,,,,,,,,,,,71.50000000000006,,,8.5,0.11888111888111878,53.0,0.7412587412587407,0.0,0.0,0.004330278522923327,0.09433962264150944,0.0,0,5,23,15,,17,53,23,6.000000000000003,0.08391608391608389,4.000000000000001,0.05594405594405591,30,20,29
132,C,all_agents,,,40,30,10,0,18,12,0.424190577462682,0.22995741547742715,0.996944845512398,0.10223662535584413,923,30,0.75,0,0.0,0.0,31.175,5941,,,,,,,,,,,,,,,,,,,,,,,,,,,
132,C,participants_only,,,30,30,0,0,18,12,0.49025965503371643,0.24425777862401332,0.996944845512398,0.11873492262475435,923,30,1.0,0,0.0,0.0,24.9,5941,,,,,,,,,,,,,,,,,,,,,,,,,,,
132,C,nonparticipants_only,,,10,0,10,0,0,0,0.22598334474957876,0.22470671065717107,0.28068908341047066,0.00036025741606514496,0,0,0.0,0,0.0,0.0,50.0,0,,,,,,,,,,,,,,,,,,,,,,,,,,,
132,C,step_totals,,,,,,,,,,,,,,,,,,,,,71.20000000000006,,,8.0,0.11235955056179765,54.0,0.7584269662921342,0.0,0.0,0.004483222163714805,0.2037037037037037,0.0,0,11,24,21,,16,54,23,6.000000000000003,0.08426966292134828,3.2000000000000006,0.04494382022471907,30,16,17
133,C,all_agents,,,40,30,10,0,18,12,0.4244426363378017,0.23004826903408163,0.9970670516919021,0.10254067177336816,931,30,0.75,0,0.0,0.0,31.2,5993,,,,,,,,,,,,,,,,,,,,,,,,,,,
133,C,participants_only,,,30,30,0,0,18,12,0.4904781893133437,0.243958233037689,0.9970670516919021,0.11916069400202862,931,30,1.0,0,0.0,0.0,24.933333333333334,5993,,,,,,,,,,,,,,,,,,,,,,,,,,,
133,C,nonparticipants_only,,,10,0,10,0,0,0,0.2263359774111757,0.22531167510741698,0.2792856379934183,0.00035227400595942357,0,0,0.0,0,0.0,0.0,50.0,0,,,,,,,,,,,,,,,,,,,,,,,,,,,
133,C,step_totals,,,,,,,,,,,,,,,,,,,,,71.50000000000006,,,8.5,0.11888111888111878,53.0,0.7412587412587407,0.0,0.0,0.004321585528042952,0.1509433962264151,0.0,0,8,23,15,,17,53,24,6.000000000000003,0.08391608391608389,4.000000000000001,0.05594405594405591,30,20,29
134,C,all_agents,,,40,30,10,0,18,12,0.42473095842203407,0.23052409086552855,0.9970963811749831,0.10288666175839073,937,30,0.75,0,0.0,0.0,31.175,6043,,,,,,,,,,,,,,,,,,,,,,,,,,,
134,C,participants_only,,,30,30,0,0,18,12,0.4907458460241457,0.24409457146136185,0.9970963811749831,0.11963526035073367,937,30,1.0,0,0.0,0.0,24.9,6043,,,,,,,,,,,,,,,,,,,,,,,,,,,
134,C,nonparticipants_only,,,10,0,10,0,0,0,0.226686295615699,0.22585895891264357,0.2778892098034512,0.0003452813599286075,0,0,0.0,0,0.0,0.0,50.0,0,,,,,,,,,,,,,,,,,,,,,,,,,,,
134,C,step_totals,,,,,,,,,,,,,,,,,,,,,71.20000000000007,,,8.0,0.11235955056179764,54.0,0.758426966292134,0.0,0.0,0.00443219356627711,0.1111111111111111,0.0,0,6,24,21,,16,54,23,6.000000000000003,0.08426966292134827,3.2000000000000006,0.044943820224719065,30,16,16
135,C,all_agents,,,40,30,10,0,18,12,0.42494981423443146,0.23082613052350398,0.9972125259279838,0.10316059572298854,940,30,0.75,0,0.0,0.0,31.2,6093,,,,,,,,,,,,,,,,,,,,,,,,,,,
135,C,participants_only,,,30,30,0,0,18,12,0.49092162548363216,0.24497946800104026,0.9972125259279838,0.12002533378218774,940,30,1.0,0,0.0,0.0,24.933333333333334,6093,,,,,,,,,,,,,,,,,,,,,,,,,,,
135,C,nonparticipants_only,,,10,0,10,0,0,0,0.22703438048682917,0.2262170724092268,0.27649976375443397,0.0003390229913888955,0,0,0.0,0,0.0,0.0,50.0,0,,,,,,,,,,,,,,,,,,,,,,,,,,,
135,C,step_totals,,,,,,,,,,,,,,,,,,,,,71.50000000000007,,,8.5,0.11888111888111877,53.0,0.7412587412587405,0.0,0.0,0.004211551140027914,0.05660377358490566,0.0,0,3,23,15,,17,53,24,6.000000000000003,0.08391608391608386,4.000000000000001,0.0559440559440559,30,20,29
136,C,all_agents,,,40,30,10,0,18,12,0.4252147038442911,0.23082096282684267,0.9973240248908645,0.10349590714204047,948,30,0.75,0,0.0,0.0,31.175,6146,,,,,,,,,,,,,,,,,,,,,,,,,,,
136,C,participants_only,,,30,30,0,0,18,12,0.4911594431865955,0.24555341922035676,0.9973240248908645,0.12048881485117978,948,30,1.0,0,0.0,0.0,24.9,6146,,,,,,,,,,,,,,,,,,,,,,,,,,,
136,C,nonparticipants_only,,,10,0,10,0,0,0,0.2273804858173781,0.22657179438789543,0.2751172649356618,0.0003326802515290152,0,0,0.0,0,0.0,0.0,50.0,0,,,,,,,,,,,,,,,,,,,,,,,,,,,
136,C,step_totals,,,,,,,,,,,,,,,,,,,,,71.20000000000006,,,8.0,0.11235955056179765,54.0,0.7584269662921342,0.0,0.0,0.004353553079535927,0.14814814814814814,0.0,0,8,24,21,,16,54,23,6.000000000000003,0.08426966292134828,3.2000000000000006,0.04494382022471907,30,16,16
137,C,all_agents,,,40,30,10,0,18,12,0.4254718975807496,0.2313589240200018,0.9974310638952298,0.10379890070246946,951,30,0.75,0,0.0,0.0,31.2,6197,,,,,,,,,,,,,,,,,,,,,,,,,,,
137,C,participants_only,,,30,30,0,0,18,12,0.4913876843635164,0.24516181761206818,0.9974310638952298,0.12091012461658728,951,30,1.0,0,0.0,0.0,24.933333333333334,6197,,,,,,,,,,,,,,,,,,,,,,,,,,,
137,C,nonparticipants_only,,,10,0,10,0,0,0,0.22772453723244954,0.2268674523430631,0.2737416786109835,0.00032653759382206325,0,0,0.0,0,0.0,0.0,50.0,0,,,,,,,,,,,,,,,,,,,,,,,,,,,
137,C,step_totals,,,,,,,,,,,,,,,,,,,,,71.50000000000007,,,8.5,0.11888111888111877,53.0,0.7412587412587405,0.0,0.0,0.0043414474347463665,0.05660377358490566,0.0,0,3,23,15,,17,53,24,6.000000000000003,0.08391608391608386,4.000000000000001,0.0559440559440559,30,20,29
138,C,all_agents,,,40,30,10,0,18,12,0.4257208718089408,0.2308671966363799,0.9975338213394207,0.10412466343939802,958,30,0.75,0,0.0,0.0,31.175,6250,,,,,,,,,,,,,,,,,,,,,,,,,,,
138,C,participants_only,,,30,30,0,0,18,12,0.4916056099693962,0.24464451868493592,0.9975338213394207,0.12136296299866334,958,30,1.0,0,0.0,0.0,24.9,6250,,,,,,,,,,,,,,,,,,,,,,,,,,,
138,C,nonparticipants_only,,,10,0,10,0,0,0,0.22806665732757495,0.22736999946986702,0.27237297021792856,0.0003201800919410176,0,0,0.0,0,0.0,0.0,50.0,0,,,,,,,,,,,,,,,,,,,,,,,,,,,
138,C,step_totals,,,,,,,,,,,,,,,,,,,,,71.20000000000006,,,8.0,0.11235955056179765,54.0,0.7584269662921342,0.0,0.0,0.004301168032363211,0.12962962962962962,0.0,0,7,24,21,,16,54,23,6.000000000000003,0.08426966292134828,3.2000000000000006,0.04494382022471907,30,16,16
139,C,all_agents,,,40,30,10,0,18,12,0.42589434059249087,0.23094752386808598,0.9976324684858439,0.1043774109997351,969,30,0.75,0,0.0,0.0,31.2,6300,,,,,,,,,,,,,,,,,,,,,,,,,,,
139,C,participants_only,,,30,30,0,0,18,12,0.49172354830914056,0.24363726951758696,0.9976324684858439,0.12173124460228052,969,30,1.0,0,0.0,0.0,24.933333333333334,6300,,,,,,,,,,,,,,,,,,,,,,,,,,,
139,C,nonparticipants_only,,,10,0,10,0,0,0,0.22840671744254187,0.22784724333271394,0.2710111053668389,0.00031409512887714086,0,0,0.0,0,0.0,0.0,50.0,0,,,,,,,,,,,,,,,,,,,,,,,,,,,
139,C,step_totals,,,,,,,,,,,,,,,,,,,,,71.50000000000007,,,8.5,0.11888111888111877,53.0,0.7412587412587405,0.0,0.0,0.0040608087521212905,0.20754716981132076,0.0,0,11,23,15,,17,53,24,6.000000000000003,0.08391608391608386,4.000000000000001,0.0559440559440559,30,20,29
140,C,all_agents,,,40,30,10,0,18,12,0.42612556245502425,0.23040335718996113,0.9977271697464101,0.104693955399592,975,30,0.75,0,0.0,0.0,31.175,6352,,,,,,,,,,,,,,,,,,,,,,,,,,,
140,C,participants_only,,,30,30,0,0,18,12,0.49191920645536,0.2432059198584245,0.9977271697464101,0.12217384306418494,975,30,1.0,0,0.0,0.0,24.9,6352,,,,,,,,,,,,,,,,,,,,,,,,,,,
140,C,nonparticipants_only,,,10,0,10,0,0,0,0.22874463045401686,0.2282326089193704,0.26965604984000474,0.00030864931569811335,0,0,0.0,0,0.0,0.0,50.0,0,,,,,,,,,,,,,,,,,,,,,,,,,,,
140,C,step_totals,,,,,,,,,,,,,,,,,,,,,71.20000000000006,,,8.0,0.11235955056179765,54.0,0.7584269662921342,0.0,0.0,0.004240400434100693,0.1111111111111111,0.0,0,6,24,21,,16,54,23,6.000000000000003,0.08426966292134828,3.2000000000000006,0.04494382022471907,30,16,16
140,C,reachability,0.25,0.0,,,,,,,,,,,,,,,,,,,,,,,,,,,,,,,,,,,,,,,,,,,,,
141,C,all_agents,,,40,30,10,0,18,12,0.42635603478879325,0.23191471215741846,0.9978180829565537,0.10497949809742606,987,30,0.75,0,0.0,0.0,31.2,6405,,,,,,,,,,,,,,,,,,,,,,,,,,,
141,C,participants_only,,,30,30,0,0,18,12,0.49211456675128556,0.24291935015986857,0.9978180829565537,0.12257468366354714,987,30,1.0,0,0.0,0.0,24.933333333333334,6405,,,,,,,,,,,,,,,,,,,,,,,,,,,
141,C,nonparticipants_only,,,10,0,10,0,0,0,0.22908043890131635,0.22869316360027847,0.2683077695908047,0.0003037270887173819,0,0,0.0,0,0.0,0.0,50.0,0,,,,,,,,,,,,,,,,,,,,,,,,,,,
141,C,step_totals,,,,,,,,,,,,,,,,,,,,,71.50000000000006,,,8.5,0.11888111888111878,53.0,0.7412587412587407,0.0,0.0,0.004254556584070015,0.22641509433962265,0.0,0,12,23,15,,17,53,24,6.000000000000003,0.08391608391608389,4.000000000000001,0.05594405594405591,30,20,30
142,C,all_agents,,,40,30,10,0,18,12,0.4265960368168589,0.2316229575610786,0.9979053596382915,0.10530561176613082,992,30,0.75,0,0.0,0.0,31.175,6459,,,,,,,,,,,,,,,,,,,,,,,,,,,
142,C,participants_only,,,30,30,0,0,18,12,0.4923232312042432,0.24234878677763075,0.9979053596382915,0.12302779108408722,992,30,1.0,0,0.0,0.0,24.9,6459,,,,,,,,,,,,,,,,,,,,,,,,,,,
142,C,nonparticipants_only,,,10,0,10,0,0,0,0.22941445365470595,0.22906362276016873,0.2669662307428507,0.00029830482781756547,0,0,0.0,0,0.0,0.0,50.0,0,,,,,,,,,,,,,,,,,,,,,,,,,,,
142,C,step_totals,,,,,,,,,,,,,,,,,,,,,71.20000000000006,,,8.0,0.11235955056179765,54.0,0.7584269662921342,0.0,0.0,0.004271322546758168,0.09259259259259259,0.0,0,5,24,21,,16,54,23,6.000000000000003,0.08426966292134828,3.2000000000000006,0.04494382022471907,30,16,16
143,C,all_agents,,,40,30,10,0,18,12,0.42681170301824517,0.23208116763615455,0.9979891452527598,0.10558036936800648,1005,30,0.75,0,0.0,0.0,31.2,6511,,,,,,,,,,,,,,,,,,,,,,,,,,,
143,C,participants_only,,,30,30,0,0,18,12,0.4925001048392332,0.24186570658220352,0.9979891452527598,0.12341628479297544,1005,30,1.0,0,0.0,0.0,24.933333333333334,6511,,,,,,,,,,,,,,,,,,,,,,,,,,,
143,C,nonparticipants_only,,,10,0,10,0,0,0,0.22974649755528095,0.22948174336814706,0.26563139958913645,0.00029302948755253143,0,0,0.0,0,0.0,0.0,50.0,0,,,,,,,,,,,,,,,,,,,,,,,,,,,
143,C,step_totals,,,,,,,,,,,,,,,,,,,,,71.50000000000006,,,8.5,0.11888111888111878,53.0,0.7412587412587407,0.0,0.0,0.0042069928085894425,0.24528301886792453,0.0,0,13,23,15,,17,53,24,6.000000000000003,0.08391608391608389,4.000000000000001,0.05594405594405591,30,20,30
144,C,all_agents,,,40,30,10,0,18,12,0.4270167376247649,0.23223429626662218,0.9980695794426494,0.10587937766855042,1014,30,0.75,0,0.0,0.0,31.175,6562,,,,,,,,,,,,,,,,,,,,,,,,,,,
144,C,participants_only,,,30,30,0,0,18,12,0.49266345090859887,0.24135695918625702,0.9980695794426494,0.12383859910840617,1014,30,1.0,0,0.0,0.0,24.9,6562,,,,,,,,,,,,,,,,,,,,,,,,,,,
144,C,nonparticipants_only,,,10,0,10,0,0,0,0.2300765977732629,0.23009085790811687,0.26430324259119076,0.000287821769344323,0,0,0.0,0,0.0,0.0,50.0,0,,,,,,,,,,,,,,,,,,,,,,,,,,,
144,C,step_totals,,,,,,,,,,,,,,,,,,,,,71.20000000000007,,,8.0,0.11235955056179764,54.0,0.758426966292134,0.0,0.0,0.004154915031525131,0.16666666666666666,0.0,0,9,24,21,,16,54,23,6.000000000000003,0.08426966292134827,3.2000000000000006,0.044943820224719065,30,16,16
145,C,all_agents,,,40,30,10,0,18,12,0.4272188478141569,0.23193160926276218,0.9981467962649434,0.10614496475346683,1023,30,0.75,0,0.0,0.0,31.2,6614,,,,,,,,,,,,,,,,,,,,,,,,,,,
145,C,participants_only,,,30,30,0,0,18,12,0.4928235415888764,0.2401501743903257,0.9981467962649434,0.12421649302056709,1023,30,1.0,0,0.0,0.0,24.933333333333334,6614,,,,,,,,,,,,,,,,,,,,,,,,,,,
145,C,nonparticipants_only,,,10,0,10,0,0,0,0.23040476648999864,0.2303765461858447,0.2629817263782348,0.00028266980886949963,0,0,0.0,0,0.0,0.0,50.0,0,,,,,,,,,,,,,,,,,,,,,,,,,,,
145,C,step_totals,,,,,,,,,,,,,,,,,,,,,71.50000000000007,,,8.5,0.11888111888111877,53.0,0.7412587412587405,0.0,0.0,0.00416270820252209,0.16981132075471697,0.0,0,9,23,15,,17,53,24,6.000000000000003,0.08391608391608386,4.000000000000001,0.0559440559440559,30,20,30
146,C,all_agents,,,40,30,10,0,18,12,0.4273886813326246,0.2318282617839785,0.9982209244143456,0.1064182679899296,1034,30,0.75,0,0.0,0.0,31.175,6665,,,,,,,,,,,,,,,,,,,,,,,,,,,
146,C,participants_only,,,30,30,0,0,18,12,0.4929412963960812,0.2407001264322684,0.9982209244143456,0.12460970209231084,1034,30,1.0,0,0.0,0.0,24.9,6665,,,,,,,,,,,,,,,,,,,,,,,,,,,
146,C,nonparticipants_only,,,10,0,10,0,0,0,0.2307308361422547,0.23051494903213376,0.26166681774634365,0.0002782215828931991,0,0,0.0,0,0.0,0.0,50.0,0,,,,,,,,,,,,,,,,,,,,,,,,,,,
146,C,step_totals,,,,,,,,,,,,,,,,,,,,,71.20000000000006,,,8.0,0.11235955056179765,54.0,0.7584269662921342,0.0,0.0,0.0040374031666118365,0.2037037037037037,0.0,0,11,24,21,,16,54,23,6.000000000000003,0.08426966292134828,3.2000000000000006,0.04494382022471907,30,16,16
147,C,all_agents,,,40,30,10,0,18,12,0.4275511309543383,0.23253746195040514,0.9982920874377718,0.10665722838797655,1043,30,0.75,0,0.0,0.0,31.2,6717,,,,,,,,,,,,,,,,,,,,,,,,,,,
147,C,participants_only,,,30,30,0,0,18,12,0.493049862057297,0.23949662580010705,0.9982920874377718,0.12495795298335918,1043,30,1.0,0,0.0,0.0,24.933333333333334,6717,,,,,,,,,,,,,,,,,,,,,,,,,,,
147,C,nonparticipants_only,,,10,0,10,0,0,0,0.23105493764546223,0.2307253280340617,0.26035848365761194,0.0002740492886564089,0,0,0.0,0,0.0,0.0,50.0,0,,,,,,,,,,,,,,,,,,,,,,,,,,,
147,C,step_totals,,,,,,,,,,,,,,,,,,,,,71.50000000000007,,,8.5,0.11888111888111877,53.0,0.7412587412587405,0.0,0.0,0.004029428791458594,0.16981132075471697,0.0,0,9,23,15,,17,53,24,6.000000000000003,0.08391608391608386,4.000000000000001,0.0559440559440559,30,20,30
148,C,all_agents,,,40,30,10,0,18,12,0.42775168406978753,0.23304706403183667,0.9983604039402609,0.10695747215063969,1049,30,0.75,0,0.0,0.0,31.175,6771,,,,,,,,,,,,,,,,,,,,,,,,,,,
148,C,participants_only,,,30,30,0,0,18,12,0.49320981386472545,0.23862837591253339,0.9983604039402609,0.12538108421416408,1049,30,1.0,0,0.0,0.0,24.9,6771,,,,,,,,,,,,,,,,,,,,,,,,,,,
148,C,nonparticipants_only,,,10,0,10,0,0,0,0.23137729468497387,0.23137477464065312,0.2590566912393239,0.00026943488505527227,0,0,0.0,0,0.0,0.0,50.0,0,,,,,,,,,,,,,,,,,,,,,,,,,,,
148,C,step_totals,,,,,,,,,,,,,,,,,,,,,71.20000000000006,,,8.0,0.11235955056179765,54.0,0.7584269662921342,0.0,0.0,0.004141074345064731,0.1111111111111111,0.0,0,6,24,21,,16,54,23,6.000000000000003,0.08426966292134828,3.2000000000000006,0.04494382022471907,30,16,16
149,C,all_agents,,,40,30,10,0,18,12,0.4278835176920983,0.23357686839909364,0.9984259877826505,0.10717133782485792,1063,30,0.75,0,0.0,0.0,31.2,6822,,,,,,,,,,,,,,,,,,,,,,,,,,,
149,C,participants_only,,,30,30,0,0,18,12,0.493278799516693,0.23743523403297073,0.9984259877826505,0.1257005363762807,1063,30,1.0,0,0.0,0.0,24.933333333333334,6822,,,,,,,,,,,,,,,,,,,,,,,,,,,
149,C,nonparticipants_only,,,10,0,10,0,0,0,0.23169767221831422,0.23154658881786377,0.25922340488930584,0.0002652275515715863,0,0,0.0,0,0.0,0.0,50.0,0,,,,,,,,,,,,,,,,,,,,,,,,,,,
149,C,step_totals,,,,,,,,,,,,,,,,,,,,,71.50000000000006,,,8.5,0.11888111888111878,53.0,0.7412587412587407,0.0,0.0,0.003928115482517479,0.2641509433962264,0.0,0,14,23,15,,17,53,24,6.000000000000003,0.08391608391608389,4.000000000000001,0.05594405594405591,30,20,30
150,C,all_agents,,,40,30,10,0,18,12,0.428071177500639,0.23315344602330917,0.9984889482713445,0.10746336554908978,1072,30,0.75,0,0.0,0.0,31.175,6875,,,,,,,,,,,,,,,,,,,,,,,,,,,
150,C,participants_only,,,30,30,0,0,18,12,0.4934228270555459,0.2362480578628059,0.9984889482713445,0.12611417337263908,1072,30,1.0,0,0.0,0.0,24.9,6875,,,,,,,,,,,,,,,,,,,,,,,,,,,
150,C,nonparticipants_only,,,10,0,10,0,0,0,0.23201622883591824,0.23240898405709817,0.2584403604753119,0.00026088488387347134,0,0,0.0,0,0.0,0.0,50.0,0,,,,,,,,,,,,,,,,,,,,,,,,,,,
150,C,step_totals,,,,,,,,,,,,,,,,,,,,,71.20000000000006,,,8.0,0.11235955056179765,54.0,0.7584269662921342,0.0,0.0,0.004097382974303364,0.16666666666666666,0.0,0,9,24,21,,16,54,23,6.000000000000003,0.08426966292134828,3.2000000000000006,0.04494382022471907,30,16,16
150,C,reachability,0.25,0.0,,,,,,,,,,,,,,,,,,,,,,,,,,,,,,,,,,,,,,,,,,,,,
151,C,all_agents,,,40,30,10,0,18,12,0.42822023472525594,0.23336745999749078,0.9985493903404907,0.10768854124754261,1076,30,0.75,0,0.0,0.0,31.2,6927,,,,,,,,,,,,,,,,,,,,,,,,,,,
151,C,participants_only,,,30,30,0,0,18,12,0.49351601452461574,0.2354442189998346,0.9985493903404907,0.12644500579903542,1076,30,1.0,0,0.0,0.0,24.933333333333334,6927,,,,,,,,,,,,,,,,,,,,,,,,,,,
151,C,nonparticipants_only,,,10,0,10,0,0,0,0.23233289532717652,0.23272196903428224,0.2595369849650172,0.0002566812777863382,0,0,0.0,0,0.0,0.0,50.0,0,,,,,,,,,,,,,,,,,,,,,,,,,,,
151,C,step_totals,,,,,,,,,,,,,,,,,,,,,71.50000000000007,,,8.5,0.11888111888111877,53.0,0.7412587412587405,0.0,0.0,0.0039872240761502096,0.07547169811320754,0.0,0,4,23,15,,17,53,24,6.000000000000003,0.08391608391608386,4.000000000000001,0.0559440559440559,30,20,30
152,C,all_agents,,,40,30,10,0,18,12,0.4283706005300692,0.232660329605675,0.9986074147268711,0.10795362331462403,1085,30,0.75,0,0.0,0.0,31.175,6980,,,,,,,,,,,,,,,,,,,,,,,,,,,
152,C,participants_only,,,30,30,0,0,18,12,0.49361160167668255,0.2342669979048354,0.9986074147268711,0.12682829991163624,1085,30,1.0,0,0.0,0.0,24.9,6980,,,,,,,,,,,,,,,,,,,,,,,,,,,
152,C,nonparticipants_only,,,10,0,10,0,0,0,0.2326475970902292,0.232660329605675,0.2590464733093303,0.0002529347562385715,0,0,0.0,0,0.0,0.0,50.0,0,,,,,,,,,,,,,,,,,,,,,,,,,,,
152,C,step_totals,,,,,,,,,,,,,,,,,,,,,71.20000000000006,,,8.0,0.11235955056179765,54.0,0.7584269662921342,0.0,0.0,0.003972054876220879,0.16666666666666666,0.0,0,9,24,21,,16,54,23,6.000000000000003,0.08426966292134828,3.2000000000000006,0.04494382022471907,30,16,16
153,C,all_agents,,,40,30,10,0,18,12,0.42852846619338436,0.2332297125683351,0.9986631181377963,0.10818741856408128,1094,30,0.75,0,0.0,0.0,31.2,7032,,,,,,,,,,,,,,,,,,,,,,,,,,,
153,C,participants_only,,,30,30,0,0,18,12,0.49371782614722964,0.23374050885054048,0.9986631181377963,0.12716811601473568,1094,30,1.0,0,0.0,0.0,24.933333333333334,7032,,,,,,,,,,,,,,,,,,,,,,,,,,,
153,C,nonparticipants_only,,,10,0,10,0,0,0,0.23296038633184843,0.23318227799337476,0.2603849619831941,0.0002494943978139062,0,0,0.0,0,0.0,0.0,50.0,0,,,,,,,,,,,,,,,,,,,,,,,,,,,
153,C,step_totals,,,,,,,,,,,,,,,,,,,,,71.50000000000006,,,8.5,0.11888111888111878,53.0,0.7412587412587407,0.0,0.0,0.004017064774557401,0.16981132075471697,0.0,0,9,23,15,,17,53,24,6.000000000000003,0.08391608391608389,4.000000000000001,0.05594405594405591,30,20,30
154,C,all_agents,,,40,30,10,0,18,12,0.4286937259801978,0.2334162763739131,0.9987165934122845,0.10846320837011578,1100,30,0.75,0,0.0,0.0,31.175,7085,,,,,,,,,,,,,,,,,,,,,,,,,,,
154,C,participants_only,,,30,30,0,0,18,12,0.4938344956666656,0.23257180630628776,0.9987165934122845,0.12756237030428888,1100,30,1.0,0,0.0,0.0,24.9,7085,,,,,,,,,,,,,,,,,,,,,,,,,,,
154,C,nonparticipants_only,,,10,0,10,0,0,0,0.2332714169207944,0.2334746638394939,0.2600030033236363,0.00024588406345115837,0,0,0.0,0,0.0,0.0,50.0,0,,,,,,,,,,,,,,,,,,,,,,,,,,,
154,C,step_totals,,,,,,,,,,,,,,,,,,,,,71.20000000000006,,,8.0,0.11235955056179765,54.0,0.7584269662921342,0.0,0.0,0.004022953161328833,0.1111111111111111,0.0,0,6,24,21,,16,54,23,6.000000000000003,0.08426966292134828,3.2000000000000006,0.04494382022471907,30,16,16
155,C,all_agents,,,40,30,10,0,18,12,0.428785653515577,0.2337475175595679,0.9987294274781616,0.1086426823771327,1106,30,0.75,0,0.0,0.0,31.2,7134,,,,,,,,,,,,,,,,,,,,,,,,,,,
155,C,participants_only,,,30,30,0,0,18,12,0.49385400790162287,0.2339318022263205,0.9987294274781616,0.12784052297800524,1106,30,1.0,0,0.0,0.0,24.933333333333334,7134,,,,,,,,,,,,,,,,,,,,,,,,,,,
155,C,nonparticipants_only,,,10,0,10,0,0,0,0.23358059035743958,0.23373191218258182,0.2602792293743194,0.00024247166441851995,0,0,0.0,0,0.0,0.0,50.0,0,,,,,,,,,,,,,,,,,,,,,,,,,,,
155,C,step_totals,,,,,,,,,,,,,,,,,,,,,71.50000000000006,,,8.5,0.11888111888111878,53.0,0.7412587412587407,0.0,0.0,0.003795895848984689,0.11320754716981132,0.0,0,6,23,15,,17,53,24,6.000000000000003,0.08391608391608389,4.000000000000001,0.05594405594405591,30,20,30
156,C,all_agents,,,40,30,10,0,18,12,0.4289397527955743,0.23424087869997162,0.9987802503790352,0.1089114036315289,1112,30,0.75,0,0.0,0.0,31.175,7186,,,,,,,,,,,,,,,,,,,,,,,,,,,
156,C,participants_only,,,30,30,0,0,18,12,0.493957009997579,0.23327099816893251,0.9987802503790352,0.12822655951711967,1112,30,1.0,0,0.0,0.0,24.9,7186,,,,,,,,,,,,,,,,,,,,,,,,,,,
156,C,nonparticipants_only,,,10,0,10,0,0,0,0.23388798118956017,0.2346222705885977,0.25952320291681663,0.00023901116589701785,0,0,0.0,0,0.0,0.0,50.0,0,,,,,,,,,,,,,,,,,,,,,,,,,,,
156,C,step_totals,,,,,,,,,,,,,,,,,,,,,71.20000000000006,,,8.0,0.11235955056179765,54.0,0.7584269662921342,0.0,0.0,0.003984355794229198,0.1111111111111111,0.0,0,6,24,21,,16,54,23,6.000000000000003,0.08426966292134828,3.2000000000000006,0.04494382022471907,30,16,16
