step,condition,population,skill_reachability,resource_reachability,n_agents,maker_count,stage_consumer,stage_customizer,stage_maker,stage_advanced_maker,skill_mean,skill_median,skill_max,skill_var,method_count_total,method_holders,method_adoption_rate,method_peer_held,knowledge_diffusion_lag_mean,hop_count_mean,latent_distributed_resources,completed_projects_total,time_total,time_practice,time_share_practice,time_observe,time_share_observe,time_idle,time_share_idle,time_make,time_share_make,skill_gain_per_time,method_self_discovery_per_time,method_peer_acquisition_per_time,peer_acquired_count,self_discovered_count,reject_missing_asset,reject_time_budget_exceeded,count_practice,count_observe,count_idle,count_make,time_ask,time_share_ask,time_share,time_share_share,count_ask,count_share,reject_insufficient_material
0,C,reachability,0.625,0.0,,,,,,,,,,,,,,,,,,,,,,,,,,,,,,,,,,,,,,,,,,,,,
1,C,all_agents,,,40,0,15,25,0,0,0.1741576962424632,0.15267526182505348,0.6792305208175738,0.013613385552585847,1,1,0.025,0,0.0,0.0,25.95,33,,,,,,,,,,,,,,,,,,,,,,,,,,,
1,C,participants_only,,,30,0,5,25,0,0,0.17621718865877453,0.1553312301876314,0.5621042251065486,0.012191616561097638,1,1,0.03333333333333333,0,0.0,0.0,24.6,33,,,,,,,,,,,,,,,,,,,,,,,,,,,
1,C,nonparticipants_only,,,10,0,10,0,0,0,0.16797921899352902,0.14045655041454574,0.6792305208175738,0.017827794418896346,0,0,0.0,0,0.0,0.0,30.0,0,,,,,,,,,,,,,,,,,,,,,,,,,,,
1,C,step_totals,,,,,,,,,,,,,,,,,,,,,83.99999999999997,20.0,0.23809523809523817,4.000000000000002,0.04761904761904766,0.0,0.0,60.0,0.7142857142857145,0.019940563056909014,0.016666666666666666,0.0,0,1,21,30,40,40,37,60,,,,,,,
2,C,all_agents,,,40,3,11,26,3,0,0.18047851896686706,0.16102691330424157,0.675834368213486,0.013365752703569416,8,8,0.2,0,0.0,0.0,26.9,66,,,,,,,,,,,,,,,,,,,,,,,,,,,
2,C,participants_only,,,30,3,1,26,3,0,0.18438572931466513,0.1672169328342582,0.5592937039810159,0.011989898882751572,8,8,0.26666666666666666,0,0.0,0.0,24.2,66,,,,,,,,,,,,,,,,,,,,,,,,,,,
2,C,nonparticipants_only,,,10,0,10,0,0,0,0.16875688792347285,0.14049524365905175,0.675834368213486,0.01731011865359966,0,0,0.0,0,0.0,0.0,35.0,0,,,,,,,,,,,,,,,,,,,,,,,,,,,
2,C,step_totals,,,,,,,,,,,,,,,,,,,,,87.4,20.0,0.22883295194508008,4.000000000000002,0.04576659038901604,0.0,0.0,60.0,0.6864988558352403,0.01893340515067916,0.11666666666666667,0.0,0,7,21,23,40,40,36,60,3.2000000000000006,0.03661327231121282,0.2,0.002288329519450801,16,1,
3,C,all_agents,,,40,4,10,26,4,0,0.18745130474620583,0.16753345874045267,0.6724551963724186,0.013454244579901188,13,12,0.3,0,0.0,0.0,28.375,108,,,,,,,,,,,,,,,,,,,,,,,,,,,
3,C,participants_only,,,30,4,0,26,4,0,0.193426947220704,0.1770634110212982,0.5564972354611107,0.012189340791243378,13,12,0.4,0,0.0,0.0,24.5,108,,,,,,,,,,,,,,,,,,,,,,,,,,,
3,C,nonparticipants_only,,,10,0,10,0,0,0,0.1695243773227114,0.14298118078277672,0.6724551963724186,0.016820456310078304,0,0,0.0,0,0.0,0.0,40.0,0,,,,,,,,,,,,,,,,,,,,,,,,,,,
3,C,step_totals,,,,,,,,,,,,,,,,,,,,,89.0,20.0,0.2247191011235955,4.000000000000002,0.04494382022471912,0.0,0.0,60.0,0.6741573033707865,0.020341921872475972,0.08333333333333333,0.0,0,5,20,15,40,40,34,60,3.600000000000001,0.0404494382022472,1.4,0.015730337078651683,18,7,
4,C,all_agents,,,40,4,10,26,4,0,0.1931768460664544,0.17018656324725515,0.6690929203905565,0.01337823055178071,20,14,0.35,0,0.0,0.0,30.325,140,,,,,,,,,,,,,,,,,,,,,,,,,,,
4,C,participants_only,,,30,4,0,26,4,0,0.20080819374398368,0.18004420271777288,0.5537147492838052,0.012153241332177227,20,14,0.4666666666666667,0,0.0,0.0,25.433333333333334,140,,,,,,,,,,,,,,,,,,,,,,,,,,,
4,C,nonparticipants_only,,,10,0,10,0,0,0,0.17028280303386664,0.1467843840177106,0.6690929203905565,0.016354348602087183,0,0,0.0,0,0.0,0.0,45.0,0,,,,,,,,,,,,,,,,,,,,,,,,,,,
4,C,step_totals,,,,,,,,,,,,,,,,,,,,,85.70000000000005,20.0,0.233372228704784,3.900000000000002,0.045507584597432905,0.0,0.0,54.0,0.6301050175029168,0.017820998764452402,0.12962962962962962,0.0,0,7,27,7,40,39,39,54,5.400000000000002,0.0630105017502917,2.4,0.02800466744457408,27,12,21
5,C,all_agents,,,40,4,10,26,4,0,0.19839674717007033,0.1714509136202082,0.6657474557886037,0.013420152763446337,22,15,0.375,0,0.0,0.0,32.475,169,,,,,,,,,,,,,,,,,,,,,,,,,,,
5,C,participants_only,,,30,4,0,26,4,0,0.20751792245067477,0.18575681990142712,0.5509461755373861,0.01225837991175663,22,15,0.5,0,0.0,0.0,26.633333333333333,169,,,,,,,,,,,,,,,,,,,,,,,,,,,
5,C,nonparticipants_only,,,10,0,10,0,0,0,0.17103322132825696,0.14618193979672453,0.6657474557886037,0.01590712125652134,0,0,0.0,0,0.0,0.0,50.0,0,,,,,,,,,,,,,,,,,,,,,,,,,,,
5,C,step_totals,,,,,,,,,,,,,,,,,,,,,84.60000000000005,20.0,0.23640661938534266,4.000000000000002,0.04728132387706855,0.0,0.0,52.0,0.6146572104018909,0.016630148734439788,0.038461538461538464,0.0,0,2,27,5,40,40,40,52,5.8000000000000025,0.0685579196217494,2.8000000000000003,0.033096926713947976,29,14,25
6,C,all_agents,,,40,4,10,26,4,0,0.2026506347822966,0.17300587110034965,0.6624187185096607,0.013579471002664625,25,16,0.4,0,0.0,0.0,33.0,192,,,,,,,,,,,,,,,,,,,,,,,,,,,
6,C,participants_only,,,30,4,0,26,4,0,0.2129424673743542,0.19025281177616693,0.56394881439862,0.012521939159896099,25,16,0.5333333333333333,0,0.0,0.0,27.333333333333332,192,,,,,,,,,,,,,,,,,,,,,,,,,,,
6,C,nonparticipants_only,,,10,0,10,0,0,0,0.17177513700612368,0.14855950441651158,0.6624187185096607,0.015481004713734923,0,0,0.0,0,0.0,0.0,50.0,0,,,,,,,,,,,,,,,,,,,,,,,,,,,
6,C,step_totals,,,,,,,,,,,,,,,,,,,,,79.20000000000007,20.0,0.25252525252525226,3.2000000000000015,0.04040404040404039,0.0,0.0,46.0,0.5808080808080802,0.014939685724708655,0.06521739130434782,0.0,0,3,40,4,40,32,39,46,7.0000000000000036,0.08838383838383834,3.0000000000000004,0.03787878787878785,35,15,32
7,C,all_agents,,,40,5,10,25,5,0,0.20819275152366526,0.1746201775513304,0.6591066249171124,0.013802176860268106,31,19,0.475,0,0.0,0.0,33.05,224,,,,,,,,,,,,,,,,,,,,,,,,,,,
7,C,participants_only,,,30,5,0,25,5,0,0.22008712866636787,0.19525532721728808,0.5813908618226752,0.012813217862835421,31,19,0.6333333333333333,0,0.0,0.0,27.4,224,,,,,,,,,,,,,,,,,,,,,,,,,,,
7,C,nonparticipants_only,,,10,0,10,0,0,0,0.17250962009555731,0.14781670689442902,0.6591066249171124,0.015071339361211996,0,0,0.0,0,0.0,0.0,50.0,0,,,,,,,,,,,,,,,,,,,,,,,,,,,
7,C,step_totals,,,,,,,,,,,,,,,,,,,,,89.20000000000007,20.0,0.22421524663677111,0.6,0.006726457399103133,0.0,0.0,59.0,0.6614349775784748,0.016623980830648824,0.1016949152542373,0.0,0,6,26,15,40,6,39,59,6.400000000000003,0.07174887892376679,3.2000000000000006,0.03587443946188339,32,16,28
8,C,all_agents,,,40,5,10,25,5,0,0.21298904418967451,0.17934290826103755,0.6558110917925268,0.014074167038696286,37,21,0.525,0,0.0,0.0,33.35,251,,,,,,,,,,,,,,,,,,,,,,,,,,,
8,C,participants_only,,,30,5,0,25,5,0,0.22623967583226107,0.19940020025025407,0.5981352273497682,0.013171048708459473,37,21,0.7,0,0.0,0.0,27.8,251,,,,,,,,,,,,,,,,,,,,,,,,,,,
8,C,nonparticipants_only,,,10,0,10,0,0,0,0.17323714926191489,0.1480154499595337,0.6558110917925268,0.01467657116227654,0,0,0.0,0,0.0,0.0,50.0,0,,,,,,,,,,,,,,,,,,,,,,,,,,,
8,C,step_totals,,,,,,,,,,,,,,,,,,,,,86.40000000000009,20.0,0.23148148148148123,0.2,0.0023148148148148125,0.0,0.0,55.0,0.6365740740740734,0.015151968081126321,0.10909090909090909,0.0,0,6,41,9,40,2,39,55,7.400000000000004,0.0856481481481481,3.800000000000001,0.04398148148148145,37,19,35
9,C,all_agents,,,40,7,10,23,7,0,0.2186802378830289,0.18138728869502396,0.6525320363335642,0.014611613117354457,43,22,0.55,0,0.0,0.0,33.025,288,,,,,,,,,,,,,,,,,,,,,,,,,,,
9,C,participants_only,,,30,7,0,23,7,0,0.23358774169220528,0.20445847963524708,0.6142098182557775,0.01382774117887392,43,22,0.7333333333333333,0,0.0,0.0,27.366666666666667,288,,,,,,,,,,,,,,,,,,,,,,,,,,,
9,C,nonparticipants_only,,,10,0,10,0,0,0,0.17395772645549978,0.1492140031614544,0.6525320363335642,0.01429642489494877,0,0,0.0,0,0.0,0.0,50.0,0,,,,,,,,,,,,,,,,,,,,,,,,,,,
9,C,step_totals,,,,,,,,,,,,,,,,,,,,,90.30000000000007,20.0,0.2214839424141748,0.1,0.0011074197120708742,0.0,0.0,59.0,0.6533776301218157,0.01680330332262844,0.1016949152542373,0.0,0,6,29,11,40,1,38,59,7.0000000000000036,0.07751937984496123,4.200000000000001,0.04651162790697672,35,21,34
10,C,all_agents,,,40,12,10,18,12,0,0.22349227593184498,0.18524502394940337,0.6492693761518963,0.015107785894568973,47,23,0.575,0,0.0,0.0,32.85,318,,,,,,,,,,,,,,,,,,,,,,,,,,,
10,C,participants_only,,,30,12,0,18,12,0,0.23976579693727934,0.2072633160315801,0.6296414255255464,0.014441195730509502,47,23,0.7666666666666667,0,0.0,0.0,27.133333333333333,318,,,,,,,,,,,,,,,,,,,,,,,,,,,
10,C,nonparticipants_only,,,10,0,10,0,0,0,0.17467171291554187,0.15117999530497905,0.6492693761518963,0.01392962655577562,0,0,0.0,0,0.0,0.0,50.0,0,,,,,,,,,,,,,,,,,,,,,,,,,,,
10,C,step_totals,,,,,,,,,,,,,,,,,,,,,86.0000000000001,20.0,0.23255813953488344,,,0.0,0.0,55.0,0.6395348837209295,0.015233293663913742,0.07272727272727272,0.0,0,4,40,9,40,,39,55,6.600000000000003,0.07674418604651158,4.400000000000001,0.051162790697674376,33,22,33
10,C,reachability,0.3,0.0,,,,,,,,,,,,,,,,,,,,,,,,,,,,,,,,,,,,,,,,,,,,,
11,C,all_agents,,,40,15,10,15,15,0,0.2288055171612206,0.18824394329037364,0.6460230292711368,0.015748637836702346,51,24,0.6,0,0.0,0.0,32.5,353,,,,,,,,,,,,,,,,,,,,,,,,,,,
11,C,participants_only,,,30,15,0,15,15,0,0.24661405439662165,0.21220787654350126,0.6444557685045245,0.015205265677893475,51,24,0.8,0,0.0,0.0,26.666666666666668,353,,,,,,,,,,,,,,,,,,,,,,,,,,,
11,C,nonparticipants_only,,,10,0,10,0,0,0,0.17537990545501755,0.1533380411733613,0.6460230292711368,0.013573026331552981,0,0,0.0,0,0.0,0.0,50.0,0,,,,,,,,,,,,,,,,,,,,,,,,,,,
11,C,step_totals,,,,,,,,,,,,,,,,,,,,,89.80000000000008,20.0,0.22271714922048977,,,0.0,0.0,59.0,0.6570155902004449,0.015876413939340982,0.06779661016949153,0.0,0,4,27,13,40,,38,59,6.200000000000003,0.06904231625835186,4.600000000000001,0.051224944320712666,31,23,34
12,C,all_agents,,,40,16,10,14,16,0,0.23354718199260693,0.18945933279532884,0.6586775377643435,0.016411825000389398,58,24,0.6,0,0.0,0.0,32.175,385,,,,,,,,,,,,,,,,,,,,,,,,,,,
12,C,participants_only,,,30,16,0,14,16,0,0.2527023509873012,0.2163924634323559,0.6586775377643435,0.01600506669287179,58,24,0.8,0,0.0,0.0,26.233333333333334,385,,,,,,,,,,,,,,,,,,,,,,,,,,,
12,C,nonparticipants_only,,,10,0,10,0,0,0,0.1760816750085242,0.15543023827628635,0.642792914124781,0.013229053932358672,0,0,0.0,0,0.0,0.0,50.0,0,,,,,,,,,,,,,,,,,,,,,,,,,,,
12,C,step_totals,,,,,,,,,,,,,,,,,,,,,86.0000000000001,20.0,0.23255813953488344,,,0.0,0.0,55.0,0.6395348837209295,0.015076236335996912,0.12727272727272726,0.0,0,7,40,10,40,,39,55,6.200000000000003,0.0720930232558139,4.800000000000002,0.055813953488372044,31,24,34
13,C,all_agents,,,40,18,10,12,18,0,0.23858107844640292,0.19053388857667736,0.6723304362537698,0.017184447947326594,62,25,0.625,0,0.0,0.0,31.75,420,,,,,,,,,,,,,,,,,,,,,,,,,,,
13,C,participants_only,,,30,18,0,12,18,0,0.2591820906310886,0.21549779365460142,0.6723304362537698,0.016917103947089594,62,25,0.8333333333333334,0,0.0,0.0,25.666666666666668,420,,,,,,,,,,,,,,,,,,,,,,,,,,,
13,C,nonparticipants_only,,,10,0,10,0,0,0,0.17677804189234586,0.15653110169168433,0.6395789495541571,0.012893659511634787,0,0,0.0,0,0.0,0.0,50.0,0,,,,,,,,,,,,,,,,,,,,,,,,,,,
13,C,step_totals,,,,,,,,,,,,,,,,,,,,,90.20000000000009,20.0,0.22172949002217274,,,0.0,0.0,59.0,0.6541019955654096,0.015086556671067395,0.06779661016949153,0.0,0,4,27,11,40,,37,59,6.400000000000003,0.0709534368070953,4.800000000000002,0.05321507760532147,32,24,36
14,C,all_agents,,,40,20,10,10,20,0,0.24333600042776649,0.1950768380887437,0.685437218803619,0.017897154761552368,69,27,0.675,0,0.0,0.0,31.525,454,,,,,,,,,,,,,,,,,,,,,,,,,,,
14,C,participants_only,,,30,20,0,10,20,0,0.26529175613743244,0.22158945042333944,0.685437218803619,0.017745328737676487,69,27,0.9,0,0.0,0.0,25.366666666666667,454,,,,,,,,,,,,,,,,,,,,,,,,,,,
14,C,nonparticipants_only,,,10,0,10,0,0,0,0.17746873329876864,0.1574934684143411,0.6363810548063863,0.012567970327789663,0,0,0.0,0,0.0,0.0,50.0,0,,,,,,,,,,,,,,,,,,,,,,,,,,,
14,C,step_totals,,,,,,,,,,,,,,,,,,,,,86.20000000000009,20.0,0.23201856148491856,,,0.0,0.0,55.0,0.638051044083526,0.015089092766311837,0.12727272727272726,0.0,0,7,40,10,40,,37,55,6.200000000000003,0.07192575406032478,5.000000000000002,0.05800464037122966,31,25,34
15,C,all_agents,,,40,22,10,8,22,0,0.2477129188970447,0.19426797690748782,0.6980197300514742,0.01886705010050666,73,27,0.675,0,0.0,0.0,31.325,487,,,,,,,,,,,,,,,,,,,,,,,,,,,
15,C,participants_only,,,30,22,0,8,22,0,0.2708994545781912,0.22050100861631614,0.6980197300514742,0.018921037141930764,73,27,0.9,0,0.0,0.0,25.1,487,,,,,,,,,,,,,,,,,,,,,,,,,,,
15,C,nonparticipants_only,,,10,0,10,0,0,0,0.17815331185360514,0.15861746703095775,0.6331991495323543,0.01225370373351738,0,0,0.0,0,0.0,0.0,50.0,0,,,,,,,,,,,,,,,,,,,,,,,,,,,
15,C,step_totals,,,,,,,,,,,,,,,,,,,,,86.20000000000009,20.0,0.23201856148491856,,,0.0,0.0,55.0,0.638051044083526,0.01402582988971937,0.07272727272727272,0.0,0,4,28,13,40,,35,55,5.8000000000000025,0.0672853828306264,5.400000000000002,0.06264501160092803,29,27,42
16,C,all_agents,,,40,24,10,6,24,0,0.252272076524213,0.19693941375554402,0.7100989408494153,0.01980420001811575,78,27,0.675,0,0.0,0.0,31.25,524,,,,,,,,,,,,,,,,,,,,,,,,,,,
16,C,participants_only,,,30,24,0,6,24,0,0.2767517410589315,0.228132544482261,0.7100989408494153,0.020026654835374833,78,27,0.9,0,0.0,0.0,25.0,524,,,,,,,,,,,,,,,,,,,,,,,,,,,
16,C,nonparticipants_only,,,10,0,10,0,0,0,0.1788330829200576,0.15875990444154678,0.6300331537846926,0.011945787857550258,0,0,0.0,0,0.0,0.0,50.0,0,,,,,,,,,,,,,,,,,,,,,,,,,,,
16,C,step_totals,,,,,,,,,,,,,,,,,,,,,83.10000000000011,19.5,0.23465703971119103,,,0.0,0.0,52.0,0.6257521058965094,0.015152599802606904,0.09615384615384616,0.0,0,5,46,10,39,,35,52,6.200000000000003,0.07460890493381461,5.400000000000002,0.06498194945848369,31,27,37
17,C,all_agents,,,40,26,10,4,26,0,0.2564778509357535,0.19698747193854033,0.7216949832154387,0.020755029305182644,82,27,0.675,0,0.0,0.0,31.175,557,,,,,,,,,,,,,,,,,,,,,,,,,,,
17,C,participants_only,,,30,26,0,4,26,0,0.2821346984969451,0.2271545185375022,0.7216949832154387,0.021157875935136985,82,27,0.9,0,0.0,0.0,24.9,557,,,,,,,,,,,,,,,,,,,,,,,,,,,
17,C,nonparticipants_only,,,10,0,10,0,0,0,0.17950730825217864,0.15949146387852062,0.6268829880157691,0.011647203493980926,0,0,0.0,0,0.0,0.0,50.0,0,,,,,,,,,,,,,,,,,,,,,,,,,,,
17,C,step_totals,,,,,,,,,,,,,,,,,,,,,85.2000000000001,20.0,0.2347417840375584,,,0.0,0.0,54.0,0.6338028169014077,0.013753119483653495,0.07407407407407407,0.0,0,4,29,13,40,,35,54,5.8000000000000025,0.06807511737089196,5.400000000000002,0.06338028169014079,29,27,43
18,C,all_agents,,,40,28,10,2,28,0,0.2605729508568784,0.19967235153791382,0.7328271838868211,0.021618110038851623,91,28,0.7,0,0.0,0.0,31.175,590,,,,,,,,,,,,,,,,,,,,,,,,,,,
18,C,participants_only,,,30,28,0,2,28,0,0.2873719684882091,0.23394808983293025,0.7328271838868211,0.02216532933212913,91,28,0.9333333333333333,0,0.0,0.0,24.9,590,,,,,,,,,,,,,,,,,,,,,,,,,,,
18,C,nonparticipants_only,,,10,0,10,0,0,0,0.1801758979628864,0.15892235025147225,0.6237485730756903,0.011358204006966632,0,0,0.0,0,0.0,0.0,50.0,0,,,,,,,,,,,,,,,,,,,,,,,,,,,
18,C,step_totals,,,,,,,,,,,,,,,,,,,,,82.90000000000009,19.5,0.2352231604342579,,,0.0,0.0,52.0,0.627261761158021,0.013874825986055325,0.17307692307692307,0.0,0,9,46,11,39,,35,52,6.000000000000003,0.07237635705669476,5.400000000000002,0.06513872135102529,30,27,37
19,C,all_agents,,,40,29,10,1,29,0,0.2649998873527514,0.20732043973868203,0.7435140965313483,0.022730042514271152,97,28,0.7,0,0.0,0.0,31.125,629,,,,,,,,,,,,,,,,,,,,,,,,,,,
19,C,participants_only,,,30,29,0,1,29,0,0.2930533469689506,0.23370855848536654,0.7435140965313483,0.02346666280816249,97,28,0.9333333333333333,0,0.0,0.0,24.833333333333332,629,,,,,,,,,,,,,,,,,,,,,,,,,,,
19,C,nonparticipants_only,,,10,0,10,0,0,0,0.1808395085041538,0.16010170958309994,0.6206298302103118,0.011076222475344514,0,0,0.0,0,0.0,0.0,50.0,0,,,,,,,,,,,,,,,,,,,,,,,,,,,
19,C,step_totals,,,,,,,,,,,,,,,,,,,,,85.40000000000008,20.0,0.23419203747072578,,,0.0,0.0,54.0,0.6323185011709597,0.014381524583792818,0.1111111111111111,0.0,0,6,29,12,40,,35,54,5.8000000000000025,0.0679156908665105,5.600000000000002,0.06557377049180324,29,28,42
20,C,all_agents,,,40,30,10,0,30,0,0.2694012800878178,0.20855663563747406,0.7537735326700943,0.023849124116808302,99,28,0.7,0,0.0,0.0,31.125,670,,,,,,,,,,,,,,,,,,,,,,,,,,,
20,C,participants_only,,,30,30,0,0,30,0,0.29870222532282703,0.24102452133787422,0.7537735326700943,0.024764566837049525,99,28,0.9333333333333333,0,0.0,0.0,24.833333333333332,670,,,,,,,,,,,,,,,,,,,,,,,,,,,
20,C,nonparticipants_only,,,10,0,10,0,0,0,0.1814984443827899,0.15991747535014783,0.6175266810592602,0.010800251256104468,0,0,0.0,0,0.0,0.0,50.0,0,,,,,,,,,,,,,,,,,,,,,,,,,,,
20,C,step_totals,,,,,,,,,,,,,,,,,,,,,83.1000000000001,19.5,0.23465703971119106,,,0.0,0.0,52.0,0.6257521058965095,0.014753670668055928,0.038461538461538464,0.0,0,2,46,11,39,,35,52,6.000000000000003,0.0722021660649819,5.600000000000002,0.06738868832731644,30,28,37
20,C,reachability,0.175,0.0,,,,,,,,,,,,,,,,,,,,,,,,,,,,,,,,,,,,,,,,,,,,,
21,C,all_agents,,,40,30,10,0,29,1,0.27360020757474895,0.2129121473114436,0.7636225913632905,0.02499873333444004,101,28,0.7,0,0.0,0.0,31.075,709,,,,,,,,,,,,,,,,,,,,,,,,,,,
21,C,participants_only,,,30,30,0,0,29,1,0.30408296718661276,0.24057420193189388,0.7636225913632905,0.026103746946115298,101,28,0.9333333333333333,0,0.0,0.0,24.766666666666666,709,,,,,,,,,,,,,,,,,,,,,,,,,,,
21,C,nonparticipants_only,,,10,0,10,0,0,0,0.18215192873915767,0.1611691588061807,0.614439047653964,0.010533308896758195,0,0,0.0,0,0.0,0.0,50.0,0,,,,,,,,,,,,,,,,,,,,,,,,,,,
21,C,step_totals,,,,,,,,,,,,,,,,,,,,,85.6000000000001,20.0,0.23364485981308386,,,0.0,0.0,54.0,0.6308411214953265,0.013723004798089758,0.037037037037037035,0.0,0,2,29,11,40,,35,54,6.000000000000003,0.07009345794392519,5.600000000000002,0.0654205607476635,30,28,42
22,C,all_agents,,,40,30,10,0,29,1,0.2775764313486094,0.21307807947737933,0.7730776877087588,0.026088584003678906,106,28,0.7,0,0.0,0.0,31.1,747,,,,,,,,,,,,,,,,,,,,,,,,,,,
22,C,participants_only,,,30,30,0,0,29,1,0.3091683686621173,0.24279608436144695,0.7730776877087588,0.027368294987011862,106,28,0.9333333333333333,0,0.0,0.0,24.8,747,,,,,,,,,,,,,,,,,,,,,,,,,,,
22,C,nonparticipants_only,,,10,0,10,0,0,0,0.18280061940808576,0.16232305092626975,0.6113668524156941,0.010272845015032705,0,0,0.0,0,0.0,0.0,50.0,0,,,,,,,,,,,,,,,,,,,,,,,,,,,
22,C,step_totals,,,,,,,,,,,,,,,,,,,,,82.90000000000008,19.5,0.23522316043425792,,,0.0,0.0,52.0,0.6272617611580211,0.013587858393846212,0.09615384615384616,0.0,0,5,46,11,39,,34,52,5.8000000000000025,0.06996381182147161,5.600000000000002,0.06755126658624845,29,28,35
23,C,all_agents,,,40,30,10,0,29,1,0.2814519451077721,0.21627346597806385,0.7821545802004085,0.027197461535767766,111,29,0.725,0,0.0,0.0,31.05,784,,,,,,,,,,,,,,,,,,,,,,,,,,,
23,C,participants_only,,,30,30,0,0,29,1,0.31412111358086786,0.2463695667126967,0.7821545802004085,0.028654448653829892,111,29,0.9666666666666667,0,0.0,0.0,24.733333333333334,784,,,,,,,,,,,,,,,,,,,,,,,,,,,
23,C,nonparticipants_only,,,10,0,10,0,0,0,0.18344443968848495,0.16390033578541616,0.6083100181536156,0.01001920535689925,0,0,0.0,0,0.0,0.0,50.0,0,,,,,,,,,,,,,,,,,,,,,,,,,,,
23,C,step_totals,,,,,,,,,,,,,,,,,,,,,85.40000000000008,20.0,0.23419203747072578,,,0.0,0.0,54.0,0.6323185011709597,0.012863043246120734,0.09259259259259259,0.0,0,5,29,12,40,,35,54,5.8000000000000025,0.0679156908665105,5.600000000000002,0.06557377049180324,29,28,42
24,C,all_agents,,,40,30,10,0,29,1,0.2851469877476917,0.2151920986481735,0.7908683969923922,0.028338146206690486,114,30,0.75,0,0.0,0.0,31.075,823,,,,,,,,,,,,,,,,,,,,,,,,,,,
24,C,participants_only,,,30,30,0,0,29,1,0.3188349870407624,0.24653777214793354,0.7908683969923922,0.029986713029291512,114,30,1.0,0,0.0,0.0,24.766666666666666,823,,,,,,,,,,,,,,,,,,,,,,,,,,,
24,C,nonparticipants_only,,,10,0,10,0,0,0,0.18408298986847957,0.16574221599899389,0.6052684680628475,0.009773870182448218,0,0,0.0,0,0.0,0.0,50.0,0,,,,,,,,,,,,,,,,,,,,,,,,,,,
24,C,step_totals,,,,,,,,,,,,,,,,,,,,,80.70000000000009,17.5,0.21685254027261439,,,0.0,0.0,52.0,0.6443618339529114,0.013193579985080582,0.057692307692307696,0.0,0,3,45,13,35,,33,52,5.400000000000002,0.06691449814126389,5.8000000000000025,0.07187112763320937,27,29,32
25,C,all_agents,,,40,30,10,0,29,1,0.2891232654463442,0.21841426437387518,0.7992336611126966,0.029552928194982914,121,30,0.75,0,0.0,0.0,31.025,865,,,,,,,,,,,,,,,,,,,,,,,,,,,
25,C,participants_only,,,30,30,0,0,29,1,0.323925385570283,0.24899386270666218,0.7992336611126966,0.031380982715165075,121,30,1.0,0,0.0,0.0,24.7,865,,,,,,,,,,,,,,,,,,,,,,,,,,,
25,C,nonparticipants_only,,,10,0,10,0,0,0,0.184716905074528,0.16784909158158118,0.6022421257225332,0.009534513852983675,0,0,0.0,0,0.0,0.0,50.0,0,,,,,,,,,,,,,,,,,,,,,,,,,,,
25,C,step_totals,,,,,,,,,,,,,,,,,,,,,84.90000000000009,19.5,0.22968197879858632,,,0.0,0.0,54.0,0.6360424028268544,0.013260818038089563,0.12962962962962962,0.0,0,7,29,13,39,,34,54,5.400000000000002,0.06360424028268546,6.000000000000003,0.07067137809187275,27,30,41
26,C,all_agents,,,40,30,10,0,29,1,0.2926543646114298,0.2178044983252328,0.8072643146681887,0.030709052575255146,126,30,0.75,0,0.0,0.0,31.075,905,,,,,,,,,,,,,,,,,,,,,,,,,,,
26,C,participants_only,,,30,30,0,0,29,1,0.32842376515622307,0.24919976366848434,0.8072643146681887,0.03272718133661762,126,30,1.0,0,0.0,0.0,24.766666666666666,905,,,,,,,,,,,,,,,,,,,,,,,,,,,
26,C,nonparticipants_only,,,10,0,10,0,0,0,0.1853461629770501,0.16849139382332828,0.5992309150939206,0.009301266107161484,0,0,0.0,0,0.0,0.0,50.0,0,,,,,,,,,,,,,,,,,,,,,,,,,,,
26,C,step_totals,,,,,,,,,,,,,,,,,,,,,80.40000000000009,17.0,0.2114427860696515,,,0.0,0.0,52.0,0.6467661691542281,0.01279712541354698,0.09615384615384616,0.0,0,5,45,12,34,,33,52,5.400000000000002,0.06716417910447756,6.000000000000003,0.07462686567164174,27,30,32
27,C,all_agents,,,40,30,10,0,29,1,0.2960789221039992,0.22014849615286408,0.8149737420814611,0.03184374391630926,128,30,0.75,0,0.0,0.0,31.025,943,,,,,,,,,,,,,,,,,,,,,,,,,,,
27,C,participants_only,,,30,30,0,0,29,1,0.33278173372686315,0.25410208497236586,0.8149737420814611,0.03404488338345602,128,30,1.0,0,0.0,0.0,24.7,943,,,,,,,,,,,,,,,,,,,,,,,,,,,
27,C,nonparticipants_only,,,10,0,10,0,0,0,0.18597048723540763,0.16867413227073302,0.5962347605184509,0.009075168942587773,0,0,0.0,0,0.0,0.0,50.0,0,,,,,,,,,,,,,,,,,,,,,,,,,,,
27,C,step_totals,,,,,,,,,,,,,,,,,,,,,83.6000000000001,18.0,0.21531100478468876,,,0.0,0.0,54.0,0.6459330143540662,0.01194157065240549,0.037037037037037035,0.0,0,2,29,12,36,,33,54,5.600000000000002,0.0669856459330143,6.000000000000003,0.07177033492822962,28,30,39
28,C,all_agents,,,40,30,10,0,29,1,0.29931350999196377,0.21986639417031248,0.8223747923982027,0.032991380419011375,133,30,0.75,0,0.0,0.0,31.075,982,,,,,,,,,,,,,,,,,,,,,,,,,,,
28,C,participants_only,,,30,30,0,0,29,1,0.33688786078149624,0.25299034653017693,0.8223747923982027,0.03538981541310348,133,30,1.0,0,0.0,0.0,24.766666666666666,982,,,,,,,,,,,,,,,,,,,,,,,,,,,
28,C,nonparticipants_only,,,10,0,10,0,0,0,0.18659045762336623,0.168915863324622,0.5932535867158587,0.008854093389676947,0,0,0.0,0,0.0,0.0,50.0,0,,,,,,,,,,,,,,,,,,,,,,,,,,,
28,C,step_totals,,,,,,,,,,,,,,,,,,,,,79.70000000000007,16.5,0.20702634880802992,,,0.0,0.0,52.0,0.652446675031367,0.012056263050335064,0.09615384615384616,0.0,0,5,44,13,33,,33,52,5.200000000000002,0.06524466750313673,6.000000000000003,0.07528230865746546,26,30,30
29,C,all_agents,,,40,30,10,0,28,2,0.30254524105397473,0.22169704375608246,0.8294798007022746,0.03412908089625074,140,30,0.75,0,0.0,0.0,31.025,1020,,,,,,,,,,,,,,,,,,,,,,,,,,,
29,C,participants_only,,,30,30,0,0,28,2,0.3409917980344291,0.25931259045638577,0.8294798007022746,0.03671290724658333,140,30,1.0,0,0.0,0.0,24.7,1020,,,,,,,,,,,,,,,,,,,,,,,,,,,
29,C,nonparticipants_only,,,10,0,10,0,0,0,0.18720557011261194,0.17106720823500066,0.5902873187822794,0.008639948921437157,0,0,0.0,0,0.0,0.0,50.0,0,,,,,,,,,,,,,,,,,,,,,,,,,,,
29,C,step_totals,,,,,,,,,,,,,,,,,,,,,83.40000000000009,18.0,0.21582733812949617,,,0.0,0.0,54.0,0.6474820143884885,0.011440286892842415,0.12962962962962962,0.0,0,7,29,13,36,,33,54,5.400000000000002,0.06474820143884888,6.000000000000003,0.07194244604316542,27,30,39
30,C,all_agents,,,40,30,10,0,27,3,0.3058330281383502,0.224025615999857,0.8363006086741835,0.0353126742152284,144,30,0.75,0,0.0,0.0,31.075,1063,,,,,,,,,,,,,,,,,,,,,,,,,,,
30,C,participants_only,,,30,30,0,0,27,3,0.3451719907514994,0.25801602750410385,0.8363006086741835,0.03808281941270396,144,30,1.0,0,0.0,0.0,24.766666666666666,1063,,,,,,,,,,,,,,,,,,,,,,,,,,,
30,C,nonparticipants_only,,,10,0,10,0,0,0,0.18781614029890287,0.1722286902705098,0.587335882188368,0.008431590869056788,0,0,0.0,0,0.0,0.0,50.0,0,,,,,,,,,,,,,,,,,,,,,,,,,,,
30,C,step_totals,,,,,,,,,,,,,,,,,,,,,78.70000000000009,15.5,0.19695044472681045,,,0.0,0.0,52.0,0.6607369758576866,0.01242981985455622,0.07692307692307693,0.0,0,4,44,13,31,,33,52,5.200000000000002,0.0660736975857687,6.000000000000003,0.07623888182973311,26,30,30
30,C,reachability,0.175,0.0,,,,,,,,,,,,,,,,,,,,,,,,,,,,,,,,,,,,,,,,,,,,,
31,C,all_agents,,,40,30,10,0,26,4,0.308922294604661,0.2270745722343075,0.8428485843272162,0.03644724349640082,154,30,0.75,0,0.0,0.0,31.025,1102,,,,,,,,,,,,,,,,,,,,,,,,,,,
31,C,participants_only,,,30,30,0,0,26,4,0.3490888597414928,0.2654358672290628,0.8428485843272162,0.03940043711865903,154,30,1.0,0,0.0,0.0,24.7,1102,,,,,,,,,,,,,,,,,,,,,,,,,,,
31,C,nonparticipants_only,,,10,0,10,0,0,0,0.18842259919416568,0.17280512153551517,0.5843992027774261,0.008227427170930003,0,0,0.0,0,0.0,0.0,50.0,0,,,,,,,,,,,,,,,,,,,,,,,,,,,
31,C,step_totals,,,,,,,,,,,,,,,,,,,,,83.40000000000009,18.0,0.21582733812949617,,,0.0,0.0,54.0,0.6474820143884885,0.011058121106462322,0.18518518518518517,0.0,0,10,28,13,36,,33,54,5.400000000000002,0.06474820143884888,6.000000000000003,0.07194244604316542,27,30,38
32,C,all_agents,,,40,30,10,0,26,4,0.3116183464870692,0.22838009584607388,0.8491346409541276,0.03751360695964335,158,30,0.75,0,0.0,0.0,31.075,1139,,,,,,,,,,,,,,,,,,,,,,,,,,,
32,C,participants_only,,,30,30,0,0,26,4,0.3524829525000542,0.2665347971233854,0.8491346409541276,0.04066210339358726,158,30,1.0,0,0.0,0.0,24.766666666666666,1139,,,,,,,,,,,,,,,,,,,,,,,,,,,
32,C,nonparticipants_only,,,10,0,10,0,0,0,0.1890245284481142,0.17353009262305652,0.581477206763539,0.008029125362653747,0,0,0.0,0,0.0,0.0,50.0,0,,,,,,,,,,,,,,,,,,,,,,,,,,,
32,C,step_totals,,,,,,,,,,,,,,,,,,,,,78.20000000000006,15.0,0.19181585677749347,,,0.0,0.0,52.0,0.664961636828644,0.01073015675422261,0.07692307692307693,0.0,0,4,41,13,30,,32,52,5.200000000000002,0.06649616368286443,6.000000000000003,0.07672634271099742,26,30,30
33,C,all_agents,,,40,30,10,0,25,5,0.3150520204227956,0.22825772077527473,0.8551692553159626,0.0386816616903253,165,30,0.75,0,0.0,0.0,31.025,1185,,,,,,,,,,,,,,,,,,,,,,,,,,,
33,C,participants_only,,,30,30,0,0,25,5,0.3568620547459194,0.2741966796318787,0.8551692553159626,0.04197098557498863,165,30,1.0,0,0.0,0.0,24.7,1185,,,,,,,,,,,,,,,,,,,,,,,,,,,
33,C,nonparticipants_only,,,10,0,10,0,0,0,0.18962191745342424,0.17382069357974134,0.5785698207297213,0.007836742395125842,0,0,0.0,0,0.0,0.0,50.0,0,,,,,,,,,,,,,,,,,,,,,,,,,,,
33,C,step_totals,,,,,,,,,,,,,,,,,,,,,82.6000000000001,17.0,0.2058111380145276,,,0.0,0.0,54.0,0.6537530266343818,0.012214092474865518,0.12962962962962962,0.0,0,7,28,12,34,,33,54,5.600000000000002,0.06779661016949147,6.000000000000003,0.07263922518159802,28,30,38
34,C,all_agents,,,40,30,10,0,25,5,0.3180044709309014,0.23066930766514826,0.8609624851033241,0.0397581316011199,169,30,0.75,0,0.0,0.0,31.075,1227,,,,,,,,,,,,,,,,,,,,,,,,,,,
34,C,participants_only,,,30,30,0,0,25,5,0.3606008864752865,0.2763131504198092,0.8609624851033241,0.04320351409709418,169,30,1.0,0,0.0,0.0,24.766666666666666,1227,,,,,,,,,,,,,,,,,,,,,,,,,,,
34,C,nonparticipants_only,,,10,0,10,0,0,0,0.1902152242977461,0.17587022371260028,0.5756769716260727,0.0076485287064378795,0,0,0.0,0,0.0,0.0,50.0,0,,,,,,,,,,,,,,,,,,,,,,,,,,,
34,C,step_totals,,,,,,,,,,,,,,,,,,,,,78.90000000000009,15.5,0.19645120405576658,,,0.0,0.0,52.0,0.6590621039290233,0.011434526456450779,0.07692307692307693,0.0,0,4,42,12,31,,33,52,5.400000000000002,0.06844106463878322,6.000000000000003,0.0760456273764258,27,30,30
35,C,all_agents,,,40,30,10,0,25,5,0.3212360017155393,0.23235017162668492,0.8665239856991911,0.04090735355982951,174,30,0.75,0,0.0,0.0,31.025,1273,,,,,,,,,,,,,,,,,,,,,,,,,,,
35,C,participants_only,,,30,30,0,0,25,5,0.36471324114284587,0.277048304248886,0.8665239856991911,0.04449367026113336,174,30,1.0,0,0.0,0.0,24.7,1273,,,,,,,,,,,,,,,,,,,,,,,,,,,
35,C,nonparticipants_only,,,10,0,10,0,0,0,0.19080428343361935,0.17715015963832056,0.5727985867679423,0.007465159277285803,0,0,0.0,0,0.0,0.0,50.0,0,,,,,,,,,,,,,,,,,,,,,,,,,,,
35,C,step_totals,,,,,,,,,,,,,,,,,,,,,81.90000000000008,16.5,0.20146520146520128,,,0.0,0.0,54.0,0.6593406593406588,0.011764896720390066,0.09259259259259259,0.0,0,5,26,13,33,,33,54,5.400000000000002,0.0659340659340659,6.000000000000003,0.07326007326007322,27,30,38
36,C,all_agents,,,40,30,10,0,25,5,0.3239509320552232,0.23372104151043596,0.8718630262712235,0.041978172699904795,181,30,0.75,0,0.0,0.0,31.075,1315,,,,,,,,,,,,,,,,,,,,,,,,,,,
36,C,participants_only,,,30,30,0,0,25,5,0.3681380639126635,0.2770155734553773,0.8718630262712235,0.04573253280274314,181,30,1.0,0,0.0,0.0,24.766666666666666,1315,,,,,,,,,,,,,,,,,,,,,,,,,,,
36,C,nonparticipants_only,,,10,0,10,0,0,0,0.19138953648290224,0.17791569546057617,0.5699345938341025,0.007285060929947954,0,0,0.0,0,0.0,0.0,50.0,0,,,,,,,,,,,,,,,,,,,,,,,,,,,
36,C,step_totals,,,,,,,,,,,,,,,,,,,,,78.20000000000009,15.0,0.19181585677749338,,,0.0,0.0,52.0,0.6649616368286437,0.01085237176452887,0.1346153846153846,0.0,0,7,41,13,30,,32,52,5.200000000000002,0.0664961636828644,6.000000000000003,0.07672634271099739,26,30,30
37,C,all_agents,,,40,30,10,0,24,6,0.32685579357525013,0.2339180865240247,0.8769885052203745,0.0430554281551206,189,30,0.75,0,0.0,0.0,31.025,1359,,,,,,,,,,,,,,,,,,,,,,,,,,,
37,C,participants_only,,,30,30,0,0,24,6,0.37181753998234324,0.28074648247692785,0.8769885052203745,0.046951023480556325,189,30,1.0,0,0.0,0.0,24.7,1359,,,,,,,,,,,,,,,,,,,,,,,,,,,
37,C,nonparticipants_only,,,10,0,10,0,0,0,0.1919705543539709,0.1784002108080513,0.567084920864932,0.007109938499104446,0,0,0.0,0,0.0,0.0,50.0,0,,,,,,,,,,,,,,,,,,,,,,,,,,,
37,C,step_totals,,,,,,,,,,,,,,,,,,,,,81.20000000000009,16.0,0.19704433497536925,,,0.0,0.0,54.0,0.6650246305418712,0.010942217941186804,0.14814814814814814,0.0,0,8,26,14,32,,33,54,5.200000000000002,0.06403940886699502,6.000000000000003,0.0738916256157635,26,30,38
38,C,all_agents,,,40,30,10,0,24,6,0.32941104316748526,0.23563538058234773,0.8819089650115596,0.0440589600353356,190,30,0.75,0,0.0,0.0,31.075,1400,,,,,,,,,,,,,,,,,,,,,,,,,,,
38,C,participants_only,,,30,30,0,0,24,6,0.37503209255412606,0.28115705068355645,0.8819089650115596,0.04810759163200775,190,30,1.0,0,0.0,0.0,24.766666666666666,1400,,,,,,,,,,,,,,,,,,,,,,,,,,,
38,C,nonparticipants_only,,,10,0,10,0,0,0,0.19254789500756272,0.17989520317425373,0.5642494962606074,0.006937703479659275,0,0,0.0,0,0.0,0.0,50.0,0,,,,,,,,,,,,,,,,,,,,,,,,,,,
38,C,step_totals,,,,,,,,,,,,,,,,,,,,,78.20000000000007,15.0,0.19181585677749344,,,0.0,0.0,52.0,0.6649616368286438,0.01038942768000176,0.019230769230769232,0.0,0,1,41,13,30,,32,52,5.200000000000002,0.06649616368286441,6.000000000000003,0.0767263427109974,26,30,30
39,C,all_agents,,,40,30,10,0,24,6,0.3320205004094557,0.23754508388248718,0.8866326064110972,0.04508195511757286,196,30,0.75,0,0.0,0.0,31.025,1442,,,,,,,,,,,,,,,,,,,,,,,,,,,
39,C,participants_only,,,30,30,0,0,24,6,0.3783203205552674,0.2821303684384728,0.8866326064110972,0.04927782895684919,196,30,1.0,0,0.0,0.0,24.7,1442,,,,,,,,,,,,,,,,,,,,,,,,,,,
39,C,nonparticipants_only,,,10,0,10,0,0,0,0.19312103997202038,0.1816252034119791,0.5614282487793043,0.006770253453329666,0,0,0.0,0,0.0,0.0,50.0,0,,,,,,,,,,,,,,,,,,,,,,,,,,,
39,C,step_totals,,,,,,,,,,,,,,,,,,,,,80.80000000000008,16.0,0.1980198019801978,,,0.0,0.0,54.0,0.6683168316831677,0.010142111294840163,0.1111111111111111,0.0,0,6,24,16,32,,33,54,4.800000000000002,0.05940594059405937,6.000000000000003,0.07425742574257421,24,30,38
40,C,all_agents,,,40,30,10,0,24,6,0.334756873458023,0.2375997013389246,0.8911673021546533,0.046131428969975366,204,30,0.75,0,0.0,0.0,31.075,1488,,,,,,,,,,,,,,,,,,,,,,,,,,,
40,C,participants_only,,,30,30,0,0,24,6,0.3817790205877252,0.2850917009510783,0.8911673021546533,0.050462231013585476,204,30,1.0,0,0.0,0.0,24.766666666666666,1488,,,,,,,,,,,,,,,,,,,,,,,,,,,
40,C,nonparticipants_only,,,10,0,10,0,0,0,0.19369043206891648,0.18265381517457294,0.5586211075354078,0.006606034990896723,0,0,0.0,0,0.0,0.0,50.0,0,,,,,,,,,,,,,,,,,,,,,,,,,,,
40,C,step_totals,,,,,,,,,,,,,,,,,,,,,78.20000000000007,15.0,0.19181585677749344,,,0.0,0.0,52.0,0.6649616368286438,0.010970003680803428,0.15384615384615385,0.0,0,8,41,13,30,,32,52,5.200000000000002,0.06649616368286441,6.000000000000003,0.0767263427109974,26,30,30
40,C,reachability,0.175,0.0,,,,,,,,,,,,,,,,,,,,,,,,,,,,,,,,,,,,,,,,,,,,,
41,C,all_agents,,,40,30,10,0,24,6,0.33717716878060816,0.2380476865444639,0.8955206100684672,0.04712982811452324,212,30,0.75,0,0.0,0.0,31.025,1530,,,,,,,,,,,,,,,,,,,,,,,,,,,
41,C,participants_only,,,30,30,0,0,24,6,0.3848176960561627,0.28660200645304246,0.8955206100684672,0.05161231065709329,212,30,1.0,0,0.0,0.0,24.7,1530,,,,,,,,,,,,,,,,,,,,,,,,,,,
41,C,nonparticipants_only,,,10,0,10,0,0,0,0.19425558695394476,0.18312852261698165,0.5558280019977307,0.006446942417698882,0,0,0.0,0,0.0,0.0,50.0,0,,,,,,,,,,,,,,,,,,,,,,,,,,,
41,C,step_totals,,,,,,,,,,,,,,,,,,,,,80.00000000000007,15.0,0.18749999999999983,,,0.0,0.0,54.0,0.6749999999999994,0.009735614451420248,0.14814814814814814,0.0,0,8,24,15,30,,33,54,5.000000000000002,0.062499999999999965,6.000000000000003,0.07499999999999997,25,30,38
42,C,all_agents,,,40,30,10,0,24,6,0.33975672342462193,0.24181713204726318,0.8996997856657285,0.04814520681420452,220,30,0.75,0,0.0,0.0,31.075,1576,,,,,,,,,,,,,,,,,,,,,,,,,,,
42,C,participants_only,,,30,30,0,0,24,6,0.3880699115965755,0.2881839059158594,0.8996997856657285,0.052760091566429294,220,30,1.0,0,0.0,0.0,24.766666666666666,1576,,,,,,,,,,,,,,,,,,,,,,,,,,,
42,C,nonparticipants_only,,,10,0,10,0,0,0,0.1948171589087612,0.1838631645812867,0.5530488619877421,0.006290582741467062,0,0,0.0,0,0.0,0.0,50.0,0,,,,,,,,,,,,,,,,,,,,,,,,,,,
42,C,step_totals,,,,,,,,,,,,,,,,,,,,,77.70000000000009,14.5,0.1866151866151864,,,0.0,0.0,52.0,0.6692406692406685,0.010591102959634972,0.15384615384615385,0.0,0,8,40,13,29,,31,52,5.200000000000002,0.06692406692406687,6.000000000000003,0.07722007722007716,26,30,30
43,C,all_agents,,,40,30,10,0,24,6,0.3421759909748403,0.2428020734037612,0.9037117942390993,0.04911839411494395,223,30,0.75,0,0.0,0.0,31.025,1620,,,,,,,,,,,,,,,,,,,,,,,,,,,
43,C,participants_only,,,30,30,0,0,24,6,0.3911096993151162,0.29229230645656945,0.9037117942390993,0.0538671618476499,223,30,1.0,0,0.0,0.0,24.7,1620,,,,,,,,,,,,,,,,,,,,,,,,,,,
43,C,nonparticipants_only,,,10,0,10,0,0,0,0.19537486595401277,0.18506950165972672,0.5502836176778033,0.006137997173651945,0,0,0.0,0,0.0,0.0,50.0,0,,,,,,,,,,,,,,,,,,,,,,,,,,,
43,C,step_totals,,,,,,,,,,,,,,,,,,,,,79.30000000000008,14.5,0.1828499369482974,,,0.0,0.0,54.0,0.680958385876418,0.009857643185250363,0.05555555555555555,0.0,0,3,23,16,29,,31,54,4.800000000000002,0.06052963430012606,6.000000000000003,0.07566204287515758,24,30,37
44,C,all_agents,,,40,30,10,0,24,6,0.34439456964002885,0.24324155426247102,0.9075633224695353,0.05007975511140104,230,30,0.75,0,0.0,0.0,31.075,1663,,,,,,,,,,,,,,,,,,,,,,,,,,,
44,C,participants_only,,,30,30,0,0,24,6,0.3938831390156799,0.2932407430266061,0.9075633224695353,0.05498032232131752,230,30,1.0,0,0.0,0.0,24.766666666666666,1663,,,,,,,,,,,,,,,,,,,,,,,,,,,
44,C,nonparticipants_only,,,10,0,10,0,0,0,0.19592886151307567,0.18611515327591371,0.5475321995894143,0.005988631495468083,0,0,0.0,0,0.0,0.0,50.0,0,,,,,,,,,,,,,,,,,,,,,,,,,,,
44,C,step_totals,,,,,,,,,,,,,,,,,,,,,77.50000000000009,14.5,0.18709677419354817,,,0.0,0.0,52.0,0.6709677419354831,0.009525023471140705,0.1346153846153846,0.0,0,7,39,14,29,,31,52,5.000000000000002,0.06451612903225802,6.000000000000003,0.07741935483870963,25,30,30
45,C,all_agents,,,40,30,10,0,24,6,0.3467264612643455,0.24437656034322175,0.9112607895707538,0.051035609765781295,237,30,0.75,0,0.0,0.0,31.025,1708,,,,,,,,,,,,,,,,,,,,,,,,,,,
45,C,participants_only,,,30,30,0,0,24,6,0.3968090487948041,0.29602524809822456,0.9112607895707538,0.05606633482827227,237,30,1.0,0,0.0,0.0,24.7,1708,,,,,,,,,,,,,,,,,,,,,,,,,,,
45,C,nonparticipants_only,,,10,0,10,0,0,0,0.19647869867296983,0.18719551969093146,0.5447945385914673,0.005844247693355855,0,0,0.0,0,0.0,0.0,50.0,0,,,,,,,,,,,,,,,,,,,,,,,,,,,
45,C,step_totals,,,,,,,,,,,,,,,,,,,,,78.80000000000007,14.0,0.17766497461928918,,,0.0,0.0,54.0,0.6852791878172583,0.009686767636536612,0.12962962962962962,0.0,0,7,22,16,28,,31,54,4.800000000000002,0.06091370558375631,6.000000000000003,0.0761421319796954,24,30,37
46,C,all_agents,,,40,30,10,0,24,6,0.34877096218963444,0.24677571140848792,0.9148103579879237,0.05189470338036246,244,30,0.75,0,0.0,0.0,31.075,1749,,,,,,,,,,,,,,,,,,,,,,,,,,,
46,C,participants_only,,,30,30,0,0,24,6,0.399352955880475,0.296012715210159,0.9148103579879237,0.05705790163406409,244,30,1.0,0,0.0,0.0,24.766666666666666,1749,,,,,,,,,,,,,,,,,,,,,,,,,,,
46,C,nonparticipants_only,,,10,0,10,0,0,0,0.19702498111711267,0.18806930614479972,0.54207056589851,0.005702651590374734,0,0,0.0,0,0.0,0.0,50.0,0,,,,,,,,,,,,,,,,,,,,,,,,,,,
46,C,step_totals,,,,,,,,,,,,,,,,,,,,,77.50000000000007,14.5,0.18709677419354823,,,0.0,0.0,52.0,0.6709677419354833,0.009010030588456846,0.1346153846153846,0.0,0,7,39,14,29,,31,52,5.000000000000002,0.06451612903225803,6.000000000000003,0.07741935483870964,25,30,30
47,C,all_agents,,,40,30,10,0,23,7,0.3509327610571353,0.24667313484913092,0.9182179436684067,0.05282278011340477,253,30,0.75,0,0.0,0.0,31.025,1794,,,,,,,,,,,,,,,,,,,,,,,,,,,
47,C,participants_only,,,30,30,0,0,23,7,0.4020545147730082,0.29597257966288804,0.9182179436684067,0.058121757813851496,253,30,1.0,0,0.0,0.0,24.7,1794,,,,,,,,,,,,,,,,,,,,,,,,,,,
47,C,nonparticipants_only,,,10,0,10,0,0,0,0.19756749990951655,0.18828675443320356,0.5393602130690175,0.005564642576228199,0,0,0.0,0,0.0,0.0,50.0,0,,,,,,,,,,,,,,,,,,,,,,,,,,,
47,C,step_totals,,,,,,,,,,,,,,,,,,,,,77.60000000000008,13.0,0.1675257731958761,,,0.0,0.0,54.0,0.6958762886597931,0.009361834134428492,0.16666666666666666,0.0,0,9,21,17,26,,29,54,4.600000000000001,0.05927835051546387,6.000000000000003,0.07731958762886594,23,30,36
48,C,all_agents,,,40,30,10,0,23,7,0.3529487837478723,0.2478257055758089,0.9214892259216705,0.053666486967833764,263,30,0.75,0,0.0,0.0,31.075,1837,,,,,,,,,,,,,,,,,,,,,,,,,,,
48,C,participants_only,,,30,30,0,0,23,7,0.4045627566169547,0.29602707319686217,0.9214892259216705,0.05908997112813876,263,30,1.0,0,0.0,0.0,24.766666666666666,1837,,,,,,,,,,,,,,,,,,,,,,,,,,,
48,C,nonparticipants_only,,,10,0,10,0,0,0,0.19810686514062514,0.18945732121137174,0.5366634120036724,0.005428008142954321,0,0,0.0,0,0.0,0.0,50.0,0,,,,,,,,,,,,,,,,,,,,,,,,,,,
48,C,step_totals,,,,,,,,,,,,,,,,,,,,,76.80000000000008,14.0,0.18229166666666646,,,0.0,0.0,52.0,0.6770833333333326,0.009044981692530964,0.19230769230769232,0.0,0,10,38,15,28,,30,52,4.800000000000002,0.06249999999999995,6.000000000000003,0.07812499999999994,24,30,29
49,C,all_agents,,,40,30,10,0,23,7,0.3550826593568554,0.24757997222917952,0.9246296568848037,0.054561773223307734,275,30,0.75,0,0.0,0.0,31.025,1883,,,,,,,,,,,,,,,,,,,,,,,,,,,
49,C,participants_only,,,30,30,0,0,23,7,0.40722937294247036,0.29621751855642353,0.9246296568848037,0.060106962629474056,275,30,1.0,0,0.0,0.0,24.7,1883,,,,,,,,,,,,,,,,,,,,,,,,,,,
49,C,nonparticipants_only,,,10,0,10,0,0,0,0.19864251860001048,0.19047196717171083,0.5339800949436541,0.00529484815144687,0,0,0.0,0,0.0,0.0,50.0,0,,,,,,,,,,,,,,,,,,,,,,,,,,,
49,C,step_totals,,,,,,,,,,,,,,,,,,,,,77.40000000000008,13.0,0.1679586563307492,,,0.0,0.0,54.0,0.6976744186046505,0.009320119959655922,0.2222222222222222,0.0,0,12,21,18,26,,29,54,4.400000000000001,0.0568475452196382,6.000000000000003,0.0775193798449612,22,30,36
50,C,all_agents,,,40,30,10,0,23,7,0.3571361092921503,0.25082579904240565,0.9276444706094116,0.05543482893826639,282,30,0.75,0,0.0,0.0,31.075,1928,,,,,,,,,,,,,,,,,,,,,,,,,,,
50,C,participants_only,,,30,30,0,0,23,7,0.40979004309504136,0.2947364309636414,0.9276444706094116,0.06110143105414932,282,30,1.0,0,0.0,0.0,24.766666666666666,1928,,,,,,,,,,,,,,,,,,,,,,,,,,,
50,C,nonparticipants_only,,,10,0,10,0,0,0,0.19917430788347723,0.1913961310630664,0.5313101944689358,0.005165781651586814,0,0,0.0,0,0.0,0.0,50.0,0,,,,,,,,,,,,,,,,,,,,,,,,,,,
50,C,step_totals,,,,,,,,,,,,,,,,,,,,,75.60000000000007,13.0,0.1719576719576718,,,0.0,0.0,52.0,0.6878306878306872,0.00936077862005103,0.1346153846153846,0.0,0,7,37,16,26,,29,52,4.600000000000001,0.060846560846560815,6.000000000000003,0.07936507936507933,23,30,29
50,C,reachability,0.175,0.0,,,,,,,,,,,,,,,,,,,,,,,,,,,,,,,,,,,,,,,,,,,,,
51,C,all_agents,,,40,30,10,0,21,9,0.359099863626123,0.251290793380213,0.9305386917850351,0.05630162911142983,294,30,0.75,0,0.0,0.0,31.025,1974,,,,,,,,,,,,,,,,,,,,,,,,,,,
51,C,participants_only,,,30,30,0,0,21,9,0.4122323162921806,0.29477111761651054,0.9305386917850351,0.062096670938534645,294,30,1.0,0,0.0,0.0,24.7,1974,,,,,,,,,,,,,,,,,,,,,,,,,,,
51,C,nonparticipants_only,,,10,0,10,0,0,0,0.19970250562795008,0.1914397901749445,0.5286536434965912,0.005039813314385127,0,0,0.0,0,0.0,0.0,50.0,0,,,,,,,,,,,,,,,,,,,,,,,,,,,
51,C,step_totals,,,,,,,,,,,,,,,,,,,,,76.20000000000007,12.0,0.15748031496062978,,,0.0,0.0,54.0,0.7086614173228339,0.008986373995826516,0.2222222222222222,0.0,0,12,19,19,24,,27,54,4.200000000000001,0.05511811023622043,6.000000000000003,0.07874015748031492,21,30,36
52,C,all_agents,,,40,30,10,0,21,9,0.3608353679683187,0.25064361183400935,0.9333171441136338,0.0571329215385791,301,30,0.75,0,0.0,0.0,31.075,2017,,,,,,,,,,,,,,,,,,,,,,,,,,,
52,C,participants_only,,,30,30,0,0,21,9,0.4143713820209757,0.29491149401273953,0.9333171441136338,0.06307405258062056,301,30,1.0,0,0.0,0.0,24.766666666666666,2017,,,,,,,,,,,,,,,,,,,,,,,,,,,
52,C,nonparticipants_only,,,10,0,10,0,0,0,0.20022732581034788,0.19189829224722504,0.5260103752791082,0.004916270804699345,0,0,0.0,0,0.0,0.0,50.0,0,,,,,,,,,,,,,,,,,,,,,,,,,,,
52,C,step_totals,,,,,,,,,,,,,,,,,,,,,74.90000000000006,12.5,0.16688918558077423,,,0.0,0.0,52.0,0.6942590120160208,0.008467370424610743,0.1346153846153846,0.0,0,7,37,17,25,,29,52,4.400000000000001,0.058744993324432546,6.000000000000003,0.08010680907877167,22,30,28
53,C,all_agents,,,40,30,10,0,20,10,0.36286369621636855,0.25258242349539217,0.9359844583490884,0.05800939869603336,305,30,0.75,0,0.0,0.0,31.025,2065,,,,,,,,,,,,,,,,,,,,,,,,,,,
53,C,participants_only,,,30,30,0,0,20,10,0.41690199627546415,0.2975417084353472,0.9359844583490884,0.06406696895058885,305,30,1.0,0,0.0,0.0,24.7,2065,,,,,,,,,,,,,,,,,,,,,,,,,,,
53,C,nonparticipants_only,,,10,0,10,0,0,0,0.20074879603908152,0.19207346463192712,0.5233803234027127,0.004795033453044628,0,0,0.0,0,0.0,0.0,50.0,0,,,,,,,,,,,,,,,,,,,,,,,,,,,
53,C,step_totals,,,,,,,,,,,,,,,,,,,,,75.50000000000007,11.5,0.15231788079470185,,,0.0,0.0,54.0,0.7152317880794695,0.009306731480892682,0.07407407407407407,0.0,0,4,19,20,23,,26,54,4.000000000000001,0.05298013245033109,6.000000000000003,0.07947019867549665,20,30,34
54,C,all_agents,,,40,30,10,0,20,10,0.36453902114964637,0.25131951137791525,0.9385450800151248,0.058844412408450834,314,30,0.75,0,0.0,0.0,31.075,2110,,,,,,,,,,,,,,,,,,,,,,,,,,,
54,C,participants_only,,,30,30,0,0,20,10,0.4189629878854368,0.2960539998931705,0.9385450800151248,0.06505286936439689,314,30,1.0,0,0.0,0.0,24.766666666666666,2110,,,,,,,,,,,,,,,,,,,,,,,,,,,
54,C,nonparticipants_only,,,10,0,10,0,0,0,0.20126712094227503,0.1933517992866554,0.5207634217856991,0.0046754236775115796,0,0,0.0,0,0.0,0.0,50.0,0,,,,,,,,,,,,,,,,,,,,,,,,,,,
54,C,step_totals,,,,,,,,,,,,,,,,,,,,,74.20000000000007,12.0,0.1617250673854446,,,0.0,0.0,52.0,0.7008086253369266,0.008395217811380638,0.17307692307692307,0.0,0,9,37,18,24,,29,52,4.200000000000001,0.05660377358490562,6.000000000000003,0.08086253369272232,21,30,26
55,C,all_agents,,,40,30,10,0,20,10,0.3663288212286241,0.2521139920995288,0.9410032768145198,0.05969908029855592,319,30,0.75,0,0.0,0.0,31.025,2157,,,,,,,,,,,,,,,,,,,,,,,,,,,
55,C,participants_only,,,30,30,0,0,20,10,0.4211778968161958,0.296604339900877,0.9410032768145198,0.06604506851372058,319,30,1.0,0,0.0,0.0,24.7,2157,,,,,,,,,,,,,,,,,,,,,,,,,,,
55,C,nonparticipants_only,,,10,0,10,0,0,0,0.20178159446590913,0.19496609963528208,0.5181596046767706,0.004560062539328143,0,0,0.0,0,0.0,0.0,50.0,0,,,,,,,,,,,,,,,,,,,,,,,,,,,
55,C,step_totals,,,,,,,,,,,,,,,,,,,,,75.50000000000007,11.5,0.15231788079470185,,,0.0,0.0,54.0,0.7152317880794695,0.008565832169103374,0.09259259259259259,0.0,0,5,18,20,23,,26,54,4.000000000000001,0.05298013245033109,6.000000000000003,0.07947019867549665,20,30,34
56,C,all_agents,,,40,30,10,0,20,10,0.368078638407712,0.2508534221390311,0.943363145741939,0.060485569732314934,324,30,0.75,0,0.0,0.0,31.075,2203,,,,,,,,,,,,,,,,,,,,,,,,,,,
56,C,participants_only,,,30,30,0,0,20,10,0.4233406810359507,0.29512131820137255,0.943363145741939,0.06694921462289923,324,30,1.0,0,0.0,0.0,24.766666666666666,2203,,,,,,,,,,,,,,,,,,,,,,,,,,,
56,C,nonparticipants_only,,,10,0,10,0,0,0,0.20229251052299585,0.195349589196449,0.5155688066533868,0.0044479147952188,0,0,0.0,0,0.0,0.0,50.0,0,,,,,,,,,,,,,,,,,,,,,,,,,,,
56,C,step_totals,,,,,,,,,,,,,,,,,,,,,74.20000000000007,12.0,0.1617250673854446,,,0.0,0.0,52.0,0.7008086253369266,0.008655571538832669,0.09615384615384616,0.0,0,5,37,18,24,,30,52,4.200000000000001,0.05660377358490562,6.000000000000003,0.08086253369272232,21,30,25
57,C,all_agents,,,40,30,10,0,20,10,0.3698283121214322,0.25081138793091384,0.9456286199122614,0.061296261080795854,331,30,0.75,0,0.0,0.0,31.025,2250,,,,,,,,,,,,,,,,,,,,,,,,,,,
57,C,participants_only,,,30,30,0,0,20,10,0.4255044431572017,0.29611690504930765,0.9456286199122614,0.06788273081821072,331,30,1.0,0,0.0,0.0,24.7,2250,,,,,,,,,,,,,,,,,,,,,,,,,,,
57,C,nonparticipants_only,,,10,0,10,0,0,0,0.2027999190141238,0.19570318021133187,0.5129909626201199,0.004338873063205188,0,0,0.0,0,0.0,0.0,50.0,0,,,,,,,,,,,,,,,,,,,,,,,,,,,
57,C,step_totals,,,,,,,,,,,,,,,,,,,,,75.00000000000007,11.0,0.14666666666666653,,,0.0,0.0,54.0,0.7199999999999993,0.008530414652861988,0.12962962962962962,0.0,0,7,18,20,22,,26,54,4.000000000000001,0.053333333333333295,6.000000000000003,0.07999999999999996,20,30,34
58,C,all_agents,,,40,30,10,0,20,10,0.3712671327653318,0.24955733099125924,0.947803475115771,0.06203520049842924,338,30,0.75,0,0.0,0.0,31.075,2294,,,,,,,,,,,,,,,,,,,,,,,,,,,
58,C,participants_only,,,30,30,0,0,20,10,0.4272546749144106,0.29463632052406113,0.947803475115771,0.06876503554581415,338,30,1.0,0,0.0,0.0,24.766666666666666,2294,,,,,,,,,,,,,,,,,,,,,,,,,,,
58,C,nonparticipants_only,,,10,0,10,0,0,0,0.20330450631809543,0.19569571259439933,0.5104260078070193,0.004230436845536019,0,0,0.0,0,0.0,0.0,50.0,0,,,,,,,,,,,,,,,,,,,,,,,,,,,
58,C,step_totals,,,,,,,,,,,,,,,,,,,,,73.50000000000006,11.5,0.15646258503401347,,,0.0,0.0,52.0,0.7074829931972784,0.007758607693272847,0.1346153846153846,0.0,0,7,36,19,23,,30,52,4.000000000000001,0.05442176870748296,6.000000000000003,0.08163265306122447,20,30,25
59,C,all_agents,,,40,30,10,0,19,11,0.3728607375391303,0.24941453863117716,0.9498913361111402,0.06281526103476152,345,30,0.75,0,0.0,0.0,31.025,2340,,,,,,,,,,,,,,,,,,,,,,,,,,,
59,C,participants_only,,,30,30,0,0,19,11,0.42921236799835294,0.2972255333517916,0.9498913361111402,0.06967692644745571,345,30,1.0,0,0.0,0.0,24.7,2340,,,,,,,,,,,,,,,,,,,,,,,,,,,
59,C,nonparticipants_only,,,10,0,10,0,0,0,0.20380584616146222,0.19613251330192433,0.5078738777679842,0.00412418973172547,0,0,0.0,0,0.0,0.0,50.0,0,,,,,,,,,,,,,,,,,,,,,,,,,,,
59,C,step_totals,,,,,,,,,,,,,,,,,,,,,75.00000000000007,11.0,0.14666666666666653,,,0.0,0.0,54.0,0.7199999999999993,0.00804641334104582,0.12962962962962962,0.0,0,7,17,20,22,,26,54,4.000000000000001,0.053333333333333295,6.000000000000003,0.07999999999999996,20,30,33
60,C,all_agents,,,40,30,10,0,19,11,0.3743929527368813,0.24816746593802125,0.9518956826666946,0.06356713119227632,355,30,0.75,0,0.0,0.0,31.075,2386,,,,,,,,,,,,,,,,,,,,,,,,,,,
60,C,participants_only,,,30,30,0,0,19,11,0.4310894159278885,0.2957394056850326,0.9518956826666946,0.07055768311964013,355,30,1.0,0,0.0,0.0,24.766666666666666,2386,,,,,,,,,,,,,,,,,,,,,,,,,,,
60,C,nonparticipants_only,,,10,0,10,0,0,0,0.20430356316385945,0.1978078516832968,0.5053345083791443,0.004021608149753998,0,0,0.0,0,0.0,0.0,50.0,0,,,,,,,,,,,,,,,,,,,,,,,,,,,
60,C,step_totals,,,,,,,,,,,,,,,,,,,,,73.50000000000006,11.5,0.15646258503401347,,,0.0,0.0,52.0,0.7074829931972784,0.008081175941802118,0.19230769230769232,0.0,0,10,36,19,23,,30,52,4.000000000000001,0.05442176870748296,6.000000000000003,0.08163265306122447,20,30,25
60,C,reachability,0.175,0.0,,,,,,,,,,,,,,,,,,,,,,,,,,,,,,,,,,,,,,,,,,,,,
61,C,all_agents,,,40,30,10,0,19,11,0.3757369554336481,0.24860444674705282,0.9538198553600268,0.0643013494647539,364,30,0.75,0,0.0,0.0,31.025,2430,,,,,,,,,,,,,,,,,,,,,,,,,,,
61,C,participants_only,,,30,30,0,0,19,11,0.43271656945653525,0.29632050753227834,0.9538198553600268,0.07144141385066208,364,30,1.0,0,0.0,0.0,24.7,2430,,,,,,,,,,,,,,,,,,,,,,,,,,,
61,C,nonparticipants_only,,,10,0,10,0,0,0,0.20479811336498652,0.19900621673990954,0.5028078358372485,0.003921039336662937,0,0,0.0,0,0.0,0.0,50.0,0,,,,,,,,,,,,,,,,,,,,,,,,,,,
61,C,step_totals,,,,,,,,,,,,,,,,,,,,,74.30000000000007,10.5,0.14131897711978453,,,0.0,0.0,54.0,0.726783310901749,0.007354873746068194,0.16666666666666666,0.0,0,9,16,21,21,,25,54,3.800000000000001,0.05114401076716013,6.000000000000003,0.08075370121130548,19,30,32
62,C,all_agents,,,40,30,10,0,19,11,0.3773562700526583,0.24856501631737163,0.9556670611456257,0.06504670259965288,370,30,0.75,0,0.0,0.0,31.075,2479,,,,,,,,,,,,,,,,,,,,,,,,,,,
62,C,participants_only,,,30,30,0,0,19,11,0.43471198054853577,0.29483890499461696,0.9556670611456257,0.07229560981610453,370,30,1.0,0,0.0,0.0,24.766666666666666,2479,,,,,,,,,,,,,,,,,,,,,,,,,,,
62,C,nonparticipants_only,,,10,0,10,0,0,0,0.20528913856502592,0.1998005649863127,0.5002937966580623,0.0038238506324550416,0,0,0.0,0,0.0,0.0,50.0,0,,,,,,,,,,,,,,,,,,,,,,,,,,,
62,C,step_totals,,,,,,,,,,,,,,,,,,,,,73.50000000000006,11.5,0.15646258503401347,,,0.0,0.0,52.0,0.7074829931972784,0.008379990886129294,0.11538461538461539,0.0,0,6,35,19,23,,29,52,4.000000000000001,0.05442176870748296,6.000000000000003,0.08163265306122447,20,30,24
63,C,all_agents,,,40,30,10,0,19,11,0.3786507869357663,0.2504455884870097,0.9574403786998007,0.06576123214203726,380,30,0.75,0,0.0,0.0,31.025,2524,,,,,,,,,,,,,,,,,,,,,,,,,,,
63,C,participants_only,,,30,30,0,0,19,11,0.43627520382647644,0.2950182535247326,0.9574403786998007,0.07315708826252058,380,30,1.0,0,0.0,0.0,24.7,2524,,,,,,,,,,,,,,,,,,,,,,,,,,,
63,C,nonparticipants_only,,,10,0,10,0,0,0,0.2057775362636357,0.19986794442411546,0.497792327674772,0.00372678271665489,0,0,0.0,0,0.0,0.0,50.0,0,,,,,,,,,,,,,,,,,,,,,,,,,,,
63,C,step_totals,,,,,,,,,,,,,,,,,,,,,73.60000000000007,10.0,0.13586956521739119,,,0.0,0.0,54.0,0.7336956521739124,0.007293207159264203,0.18518518518518517,0.0,0,10,16,22,20,,25,54,3.600000000000001,0.04891304347826084,6.000000000000003,0.08152173913043474,18,30,31
64,C,all_agents,,,40,30,10,0,19,11,0.38000887288437546,0.24990279426390438,0.9591427635518087,0.06647072047952607,388,30,0.75,0,0.0,0.0,31.075,2570,,,,,,,,,,,,,,,,,,,,,,,,,,,
64,C,participants_only,,,30,30,0,0,19,11,0.43792425454111034,0.2944634628196028,0.9591427635518087,0.07400019258418987,388,30,1.0,0,0.0,0.0,24.766666666666666,2570,,,,,,,,,,,,,,,,,,,,,,,,,,,
64,C,nonparticipants_only,,,10,0,10,0,0,0,0.2062627279141708,0.20021754062264022,0.49530336603639813,0.00363200697619152,0,0,0.0,0,0.0,0.0,50.0,0,,,,,,,,,,,,,,,,,,,,,,,,,,,
64,C,step_totals,,,,,,,,,,,,,,,,,,,,,73.00000000000006,11.0,0.1506849315068492,,,0.0,0.0,52.0,0.7123287671232871,0.007605982339111091,0.15384615384615385,0.0,0,8,35,20,22,,29,52,4.000000000000001,0.054794520547945175,6.000000000000003,0.08219178082191778,20,30,23
65,C,all_agents,,,40,30,10,0,18,12,0.3814390526049737,0.24961796354892957,0.9607770530097364,0.06717759963309364,394,30,0.75,0,0.0,0.0,31.025,2617,,,,,,,,,,,,,,,,,,,,,,,,,,,
65,C,participants_only,,,30,30,0,0,18,12,0.43967060214890297,0.29474565277398923,0.9607770530097364,0.07482624449889219,394,30,1.0,0,0.0,0.0,24.7,2617,,,,,,,,,,,,,,,,,,,,,,,,,,,
65,C,nonparticipants_only,,,10,0,10,0,0,0,0.20674440397318572,0.20143782952219746,0.4928268492062161,0.003540704688252877,0,0,0.0,0,0.0,0.0,50.0,0,,,,,,,,,,,,,,,,,,,,,,,,,,,
65,C,step_totals,,,,,,,,,,,,,,,,,,,,,73.60000000000005,10.0,0.1358695652173912,,,0.0,0.0,54.0,0.7336956521739125,0.007749855608477319,0.1111111111111111,0.0,0,6,16,22,20,,25,54,3.600000000000001,0.04891304347826085,6.000000000000003,0.08152173913043476,18,30,31
66,C,all_agents,,,40,30,10,0,18,12,0.3827537497292038,0.2483698737311849,0.9623459708893469,0.0678791790189148,398,30,0.75,0,0.0,0.0,31.075,2664,,,,,,,,,,,,,,,,,,,,,,,,,,,
66,C,participants_only,,,30,30,0,0,18,12,0.44126395754826675,0.2954356661518991,0.9623459708893469,0.07566150513057587,398,30,1.0,0,0.0,0.0,24.766666666666666,2664,,,,,,,,,,,,,,,,,,,,,,,,,,,
66,C,nonparticipants_only,,,10,0,10,0,0,0,0.2072231262720147,0.20278785055550436,0.490362714960185,0.003450867655572277,0,0,0.0,0,0.0,0.0,50.0,0,,,,,,,,,,,,,,,,,,,,,,,,,,,
66,C,step_totals,,,,,,,,,,,,,,,,,,,,,72.30000000000007,10.5,0.14522821576763473,,,0.0,0.0,52.0,0.7192254495159053,0.007568496918784441,0.07692307692307693,0.0,0,4,34,20,21,,29,52,3.800000000000001,0.05255878284923925,6.000000000000003,0.08298755186721987,19,30,22
67,C,all_agents,,,40,30,10,0,18,12,0.38410094832704905,0.2486857116309702,0.9638521320537731,0.06863444224008915,405,30,0.75,0,0.0,0.0,31.025,2713,,,,,,,,,,,,,,,,,,,,,,,,,,,
67,C,participants_only,,,30,30,0,0,18,12,0.44290170976730775,0.29604646844034266,0.9638521320537731,0.07656134062011138,405,30,1.0,0,0.0,0.0,24.7,2713,,,,,,,,,,,,,,,,,,,,,,,,,,,
67,C,nonparticipants_only,,,10,0,10,0,0,0,0.20769866400627296,0.203776454130968,0.48791090138538407,0.003363392548571849,0,0,0.0,0,0.0,0.0,50.0,0,,,,,,,,,,,,,,,,,,,,,,,,,,,
67,C,step_totals,,,,,,,,,,,,,,,,,,,,,73.60000000000007,10.0,0.13586956521739119,,,0.0,0.0,54.0,0.7336956521739124,0.007494251666567161,0.12962962962962962,0.0,0,7,16,22,20,,25,54,3.600000000000001,0.04891304347826084,6.000000000000003,0.08152173913043474,18,30,31
68,C,all_agents,,,40,30,10,0,18,12,0.3852273840751235,0.24744228307281535,0.9652980467716221,0.06930182204999473,413,30,0.75,0,0.0,0.0,31.075,2759,,,,,,,,,,,,,,,,,,,,,,,,,,,
68,C,participants_only,,,30,30,0,0,18,12,0.4442460836498005,0.2945662360981409,0.9652980467716221,0.07737716119535519,413,30,1.0,0,0.0,0.0,24.766666666666666,2759,,,,,,,,,,,,,,,,,,,,,,,,,,,
68,C,nonparticipants_only,,,10,0,10,0,0,0,0.20817128535109275,0.20388667851484715,0.48547134687845717,0.003277321820081673,0,0,0.0,0,0.0,0.0,50.0,0,,,,,,,,,,,,,,,,,,,,,,,,,,,
68,C,step_totals,,,,,,,,,,,,,,,,,,,,,72.10000000000008,10.5,0.1456310679611649,,,0.0,0.0,52.0,0.721220527045769,0.006979140083126401,0.15384615384615385,0.0,0,8,34,21,21,,29,52,3.600000000000001,0.0499306518723994,6.000000000000003,0.08321775312066569,18,30,22
69,C,all_agents,,,40,30,10,0,18,12,0.3864801312784062,0.2494775717824913,0.9666861249007572,0.06998868490552974,426,30,0.75,0,0.0,0.0,31.025,2806,,,,,,,,,,,,,,,,,,,,,,,,,,,
69,C,participants_only,,,30,30,0,0,18,12,0.4457598935250923,0.2947891470592068,0.9666861249007572,0.07819747677317154,426,30,1.0,0,0.0,0.0,24.7,2806,,,,,,,,,,,,,,,,,,,,,,,,,,,
69,C,nonparticipants_only,,,10,0,10,0,0,0,0.2086408445383478,0.2037949972472497,0.4830439901440649,0.003193226758320778,0,0,0.0,0,0.0,0.0,50.0,0,,,,,,,,,,,,,,,,,,,,,,,,,,,
69,C,step_totals,,,,,,,,,,,,,,,,,,,,,73.40000000000006,10.0,0.13623978201634865,,,0.0,0.0,54.0,0.7356948228882828,0.00721787697603016,0.24074074074074073,0.0,0,13,16,23,20,,25,54,3.400000000000001,0.04632152588555855,6.000000000000003,0.08174386920980924,17,30,31
70,C,all_agents,,,40,30,10,0,18,12,0.38771991715838117,0.24823018392357887,0.9680186799047269,0.07068282216016904,441,30,0.75,0,0.0,0.0,31.075,2855,,,,,,,,,,,,,,,,,,,,,,,,,,,
70,C,participants_only,,,30,30,0,0,18,12,0.4472575248847525,0.2933152013239107,0.9680186799047269,0.07902749722326877,441,30,1.0,0,0.0,0.0,24.766666666666666,2855,,,,,,,,,,,,,,,,,,,,,,,,,,,
70,C,nonparticipants_only,,,10,0,10,0,0,0,0.20910709397926736,0.20438080379127604,0.4806287701933446,0.0031120761655186882,0,0,0.0,0,0.0,0.0,50.0,0,,,,,,,,,,,,,,,,,,,,,,,,,,,
70,C,step_totals,,,,,,,,,,,,,,,,,,,,,72.30000000000007,10.5,0.14522821576763473,,,0.0,0.0,52.0,0.7192254495159053,0.00734987324646483,0.28846153846153844,0.0,0,15,34,20,21,,28,52,3.800000000000001,0.05255878284923925,6.000000000000003,0.08298755186721987,19,30,22
70,C,reachability,0.175,0.0,,,,,,,,,,,,,,,,,,,,,,,,,,,,,,,,,,,,,,,,,,,,,
71,C,all_agents,,,40,30,10,0,18,12,0.38892092042621623,0.24698903300396097,0.9692979327085378,0.07139328454313817,449,30,0.75,0,0.0,0.0,31.025,2904,,,,,,,,,,,,,,,,,,,,,,,,,,,
71,C,participants_only,,,30,30,0,0,18,12,0.44870439890241437,0.29432330583481814,0.9692979327085378,0.07988403807917979,449,30,1.0,0,0.0,0.0,24.7,2904,,,,,,,,,,,,,,,,,,,,,,,,,,,
71,C,nonparticipants_only,,,10,0,10,0,0,0,0.209570484997622,0.20478528440100638,0.47822562634237786,0.0030322523504448242,0,0,0.0,0,0.0,0.0,50.0,0,,,,,,,,,,,,,,,,,,,,,,,,,,,
71,C,step_totals,,,,,,,,,,,,,,,,,,,,,73.10000000000008,9.5,0.12995896032831722,,,0.0,0.0,54.0,0.7387140902872769,0.007103836023778289,0.14814814814814814,0.0,0,8,16,22,19,,25,54,3.600000000000001,0.049247606019151804,6.000000000000003,0.08207934336525302,18,30,30
72,C,all_agents,,,40,30,10,0,18,12,0.39000219930566155,0.24575408783894115,0.9705260154001963,0.07200668191099094,456,30,0.75,0,0.0,0.0,31.075,2950,,,,,,,,,,,,,,,,,,,,,,,,,,,
72,C,participants_only,,,30,30,0,0,18,12,0.4499927006234803,0.292851689305644,0.9705260154001963,0.08062846521130222,456,30,1.0,0,0.0,0.0,24.766666666666666,2950,,,,,,,,,,,,,,,,,,,,,,,,,,,
72,C,nonparticipants_only,,,10,0,10,0,0,0,0.21003069535220528,0.20585207902484226,0.475834498210666,0.0029550090296985515,0,0,0.0,0,0.0,0.0,50.0,0,,,,,,,,,,,,,,,,,,,,,,,,,,,
72,C,step_totals,,,,,,,,,,,,,,,,,,,,,72.30000000000007,10.5,0.14522821576763473,,,0.0,0.0,52.0,0.7192254495159053,0.0068371084920499925,0.1346153846153846,0.0,0,7,33,20,21,,28,52,3.800000000000001,0.05255878284923925,6.000000000000003,0.08298755186721987,19,30,22
73,C,all_agents,,,40,30,10,0,18,12,0.3911612993964821,0.24452531739974645,0.9717049747841885,0.0726953962822607,463,30,0.75,0,0.0,0.0,31.025,2999,,,,,,,,,,,,,,,,,,,,,,,,,,,
73,C,participants_only,,,30,30,0,0,18,12,0.45138563409167387,0.2954555793749186,0.9717049747841885,0.08145988580375438,463,30,1.0,0,0.0,0.0,24.7,2999,,,,,,,,,,,,,,,,,,,,,,,,,,,
73,C,nonparticipants_only,,,10,0,10,0,0,0,0.21048829531090657,0.20689838538152805,0.47345532571961263,0.0028782818440377736,0,0,0.0,0,0.0,0.0,50.0,0,,,,,,,,,,,,,,,,,,,,,,,,,,,
73,C,step_totals,,,,,,,,,,,,,,,,,,,,,72.90000000000008,9.5,0.13031550068587092,,,0.0,0.0,54.0,0.7407407407407399,0.0069971983020996635,0.12962962962962962,0.0,0,7,16,23,19,,25,54,3.400000000000001,0.04663923182441697,6.000000000000003,0.08230452674897114,17,30,30
74,C,all_agents,,,40,30,10,0,18,12,0.39222272996835267,0.24330269081274772,0.9728367757928209,0.07332506542979768,470,30,0.75,0,0.0,0.0,31.075,3047,,,,,,,,,,,,,,,,,,,,,,,,,,,
74,C,participants_only,,,30,30,0,0,18,12,0.4526493499310791,0.29397830147804405,0.9728367757928209,0.08222671500629919,470,30,1.0,0,0.0,0.0,24.766666666666666,3047,,,,,,,,,,,,,,,,,,,,,,,,,,,
74,C,nonparticipants_only,,,10,0,10,0,0,0,0.21094287008017334,0.207214434961566,0.47108804909101454,0.0028035998988558903,0,0,0.0,0,0.0,0.0,50.0,0,,,,,,,,,,,,,,,,,,,,,,,,,,,
74,C,step_totals,,,,,,,,,,,,,,,,,,,,,72.10000000000007,10.5,0.14563106796116493,,,0.0,0.0,52.0,0.7212205270457691,0.006803445744578416,0.1346153846153846,0.0,0,7,33,21,21,,28,52,3.600000000000001,0.049930651872399416,6.000000000000003,0.0832177531206657,18,30,22
75,C,all_agents,,,40,30,10,0,18,12,0.3932345760959928,0.24389688427993303,0.9739233047611081,0.07397430863092808,481,30,0.75,0,0.0,0.0,31.025,3094,,,,,,,,,,,,,,,,,,,,,,,,,,,
75,C,participants_only,,,30,30,0,0,18,12,0.4538480082918518,0.29379388851001864,0.9739233047611081,0.08302594411545866,481,30,1.0,0,0.0,0.0,24.7,3094,,,,,,,,,,,,,,,,,,,,,,,,,,,
75,C,nonparticipants_only,,,10,0,10,0,0,0,0.21139427950841597,0.20779541659370104,0.46873260884555945,0.0027315442265924464,0,0,0.0,0,0.0,0.0,50.0,0,,,,,,,,,,,,,,,,,,,,,,,,,,,
75,C,step_totals,,,,,,,,,,,,,,,,,,,,,72.90000000000006,9.5,0.13031550068587094,,,0.0,0.0,54.0,0.7407407407407401,0.006523639154183309,0.2037037037037037,0.0,0,11,16,23,19,,25,54,3.400000000000001,0.04663923182441698,6.000000000000003,0.08230452674897117,17,30,30
76,C,all_agents,,,40,30,10,0,18,12,0.39416613295184744,0.24267739985853337,0.9749663725706638,0.07452299808159331,492,30,0.75,0,0.0,0.0,31.075,3140,,,,,,,,,,,,,,,,,,,,,,,,,,,
76,C,participants_only,,,30,30,0,0,18,12,0.454940508427024,0.2923249190674686,0.9749663725706638,0.08370309753098068,492,30,1.0,0,0.0,0.0,24.766666666666666,3140,,,,,,,,,,,,,,,,,,,,,,,,,,,
76,C,nonparticipants_only,,,10,0,10,0,0,0,0.2118430065263179,0.20781571710668428,0.46638894580133167,0.0026604031606583256,0,0,0.0,0,0.0,0.0,50.0,0,,,,,,,,,,,,,,,,,,,,,,,,,,,
76,C,step_totals,,,,,,,,,,,,,,,,,,,,,71.90000000000006,10.5,0.14603616133518763,,,0.0,0.0,52.0,0.7232267037552149,0.006400727771047661,0.21153846153846154,0.0,0,11,32,22,21,,28,52,3.400000000000001,0.047287899860917915,6.000000000000003,0.08344923504867868,17,30,22
77,C,all_agents,,,40,30,10,0,18,12,0.3950977907412638,0.2421088990591668,0.9759677176678372,0.0751332954370715,496,30,0.75,0,0.0,0.0,31.025,3187,,,,,,,,,,,,,,,,,,,,,,,,,,,
77,C,participants_only,,,30,30,0,0,18,12,0.4560341219005048,0.29263015578259205,0.9759677176678372,0.08446105793726676,496,30,1.0,0,0.0,0.0,24.7,3187,,,,,,,,,,,,,,,,,,,,,,,,,,,
77,C,nonparticipants_only,,,10,0,10,0,0,0,0.21228879726354075,0.20933953214860002,0.464057001072325,0.002591170474701526,0,0,0.0,0,0.0,0.0,50.0,0,,,,,,,,,,,,,,,,,,,,,,,,,,,
77,C,step_totals,,,,,,,,,,,,,,,,,,,,,72.90000000000008,9.5,0.13031550068587092,,,0.0,0.0,54.0,0.7407407407407399,0.006269642356766385,0.07407407407407407,0.0,0,4,16,23,19,,25,54,3.400000000000001,0.04663923182441697,6.000000000000003,0.08230452674897114,17,30,30
78,C,all_agents,,,40,30,10,0,18,12,0.39609014391918723,0.24089835456387096,0.9769290089611237,0.07569844215968484,504,30,0.75,0,0.0,0.0,31.075,3235,,,,,,,,,,,,,,,,,,,,,,,,,,,
78,C,participants_only,,,30,30,0,0,18,12,0.4572095199388389,0.2911670050036791,0.9769290089611237,0.08514809643171922,504,30,1.0,0,0.0,0.0,24.766666666666666,3235,,,,,,,,,,,,,,,,,,,,,,,,,,,
78,C,nonparticipants_only,,,10,0,10,0,0,0,0.21273201586023235,0.21002569284456518,0.46173671606696337,0.002522541843202888,0,0,0.0,0,0.0,0.0,50.0,0,,,,,,,,,,,,,,,,,,,,,,,,,,,
78,C,step_totals,,,,,,,,,,,,,,,,,,,,,72.10000000000007,10.5,0.14563106796116493,,,0.0,0.0,52.0,0.7212205270457691,0.0065955029146682834,0.15384615384615385,0.0,0,8,32,21,21,,28,52,3.600000000000001,0.049930651872399416,6.000000000000003,0.0832177531206657,18,30,22
79,C,all_agents,,,40,30,10,0,18,12,0.39704644035204417,0.24100908975821256,0.9778518486026787,0.07628245822796276,513,30,0.75,0,0.0,0.0,31.025,3283,,,,,,,,,,,,,,,,,,,,,,,,,,,
79,C,participants_only,,,30,30,0,0,18,12,0.4583377773742547,0.29123422383765685,0.9778518486026787,0.0858649692685644,513,30,1.0,0,0.0,0.0,24.7,3283,,,,,,,,,,,,,,,,,,,,,,,,,,,
79,C,nonparticipants_only,,,10,0,10,0,0,0,0.2131724292854126,0.21042442444036774,0.45942803248662856,0.0024553891785154907,0,0,0.0,0,0.0,0.0,50.0,0,,,,,,,,,,,,,,,,,,,,,,,,,,,
79,C,step_totals,,,,,,,,,,,,,,,,,,,,,72.40000000000006,9.0,0.12430939226519326,,,0.0,0.0,54.0,0.7458563535911595,0.006425746563725524,0.16666666666666666,0.0,0,9,16,23,18,,25,54,3.400000000000001,0.0469613259668508,6.000000000000003,0.08287292817679555,17,30,29
80,C,all_agents,,,40,30,10,0,18,12,0.3980178167768732,0.23980404430942148,0.9787377746585716,0.07686171291851313,522,30,0.75,0,0.0,0.0,31.075,3332,,,,,,,,,,,,,,,,,,,,,,,,,,,
80,C,participants_only,,,30,30,0,0,18,12,0.4594872052314331,0.28977805271846857,0.9787377746585716,0.08657128655013044,522,30,1.0,0,0.0,0.0,24.766666666666666,3332,,,,,,,,,,,,,,,,,,,,,,,,,,,
80,C,nonparticipants_only,,,10,0,10,0,0,0,0.21360965141319357,0.21051072933650605,0.4571308923241954,0.0023911634199302407,0,0,0.0,0,0.0,0.0,50.0,0,,,,,,,,,,,,,,,,,,,,,,,,,,,
80,C,step_totals,,,,,,,,,,,,,,,,,,,,,72.10000000000007,10.5,0.14563106796116493,,,0.0,0.0,52.0,0.7212205270457691,0.006536652827575959,0.17307692307692307,0.0,0,9,32,21,21,,28,52,3.600000000000001,0.049930651872399416,6.000000000000003,0.0832177531206657,18,30,22
80,C,reachability,0.175,0.0,,,,,,,,,,,,,,,,,,,,,,,,,,,,,,,,,,,,,,,,,,,,,
81,C,all_agents,,,40,30,10,0,18,12,0.3989842940784553,0.2404491721078817,0.9795882636722287,0.0775141911936864,528,30,0.75,0,0.0,0.0,31.025,3382,,,,,,,,,,,,,,,,,,,,,,,,,,,
81,C,participants_only,,,30,30,0,0,18,12,0.4606310130161279,0.28953845507628895,0.9795882636722287,0.08737489641408036,528,30,1.0,0,0.0,0.0,24.7,3382,,,,,,,,,,,,,,,,,,,,,,,,,,,
81,C,nonparticipants_only,,,10,0,10,0,0,0,0.2140441372654376,0.21069773847616552,0.4548452378625744,0.0023282600631397035,0,0,0.0,0,0.0,0.0,50.0,0,,,,,,,,,,,,,,,,,,,,,,,,,,,
81,C,step_totals,,,,,,,,,,,,,,,,,,,,,71.90000000000006,8.5,0.11821974965229474,,,0.0,0.0,54.0,0.7510431154381079,0.006538205323677932,0.1111111111111111,0.0,0,6,16,23,17,,25,54,3.400000000000001,0.047287899860917915,6.000000000000003,0.08344923504867868,17,30,29
82,C,all_agents,,,40,30,10,0,18,12,0.39974642163485247,0.23924692624734228,0.9804047331253396,0.07798696335995217,532,30,0.75,0,0.0,0.0,31.075,3426,,,,,,,,,,,,,,,,,,,,,,,,,,,
82,C,participants_only,,,30,30,0,0,18,12,0.4615032573969762,0.2880907628009075,0.9804047331253396,0.0879714373680244,532,30,1.0,0,0.0,0.0,24.766666666666666,3426,,,,,,,,,,,,,,,,,,,,,,,,,,,
82,C,nonparticipants_only,,,10,0,10,0,0,0,0.21447591434848118,0.21140981035874112,0.4525710116732615,0.002266660175536363,0,0,0.0,0,0.0,0.0,50.0,0,,,,,,,,,,,,,,,,,,,,,,,,,,,
82,C,step_totals,,,,,,,,,,,,,,,,,,,,,71.60000000000007,10.0,0.13966480446927362,,,0.0,0.0,52.0,0.7262569832402228,0.005915734247143818,0.07692307692307693,0.0,0,4,31,21,20,,27,52,3.600000000000001,0.050279329608938515,6.000000000000003,0.08379888268156421,18,30,21
83,C,all_agents,,,40,30,10,0,18,12,0.40062169205449755,0.23952063854787928,0.981188543800326,0.0785946580864697,538,30,0.75,0,0.0,0.0,31.025,3475,,,,,,,,,,,,,,,,,,,,,,,,,,,
83,C,participants_only,,,30,30,0,0,18,12,0.46252717629011897,0.28734874842897307,0.981188543800326,0.08872857301617514,538,30,1.0,0,0.0,0.0,24.7,3475,,,,,,,,,,,,,,,,,,,,,,,,,,,
83,C,nonparticipants_only,,,10,0,10,0,0,0,0.21490523934763356,0.2122365155201398,0.4503081566148952,0.002205445555992273,0,0,0.0,0,0.0,0.0,50.0,0,,,,,,,,,,,,,,,,,,,,,,,,,,,
83,C,step_totals,,,,,,,,,,,,,,,,,,,,,71.90000000000005,8.5,0.11821974965229477,,,0.0,0.0,54.0,0.751043115438108,0.00624101356631389,0.1111111111111111,0.0,0,6,16,23,17,,25,54,3.400000000000001,0.04728789986091792,6.000000000000003,0.0834492350486787,17,30,29
84,C,all_agents,,,40,30,10,0,18,12,0.40123135573952157,0.23832303535513988,0.981941002048313,0.0790684288636955,544,30,0.75,0,0.0,0.0,31.075,3520,,,,,,,,,,,,,,,,,,,,,,,,,,,
84,C,participants_only,,,30,30,0,0,18,12,0.4631978727928948,0.2859120046868282,0.981941002048313,0.0893499212043024,544,30,1.0,0,0.0,0.0,24.766666666666666,3520,,,,,,,,,,,,,,,,,,,,,,,,,,,
84,C,nonparticipants_only,,,10,0,10,0,0,0,0.21533180457940182,0.21299271155084082,0.4480566158318207,0.0021457610131628865,0,0,0.0,0,0.0,0.0,50.0,0,,,,,,,,,,,,,,,,,,,,,,,,,,,
84,C,step_totals,,,,,,,,,,,,,,,,,,,,,71.10000000000007,9.5,0.13361462728551324,,,0.0,0.0,52.0,0.7313642756680725,0.005469167579977201,0.11538461538461539,0.0,0,6,31,22,19,,27,52,3.600000000000001,0.05063291139240503,6.000000000000003,0.0843881856540084,18,30,21
85,C,all_agents,,,40,30,10,0,18,12,0.4022407568764205,0.23880595402689958,0.9826633619663805,0.07971429049666386,551,30,0.75,0,0.0,0.0,31.025,3573,,,,,,,,,,,,,,,,,,,,,,,,,,,
85,C,participants_only,,,30,30,0,0,18,12,0.46440254284082944,0.2850452224351919,0.9826633619663805,0.09013322879429193,551,30,1.0,0,0.0,0.0,24.7,3573,,,,,,,,,,,,,,,,,,,,,,,,,,,
85,C,nonparticipants_only,,,10,0,10,0,0,0,0.21575539898319393,0.2134693345329129,0.4458163327526616,0.0020884239923598617,0,0,0.0,0,0.0,0.0,50.0,0,,,,,,,,,,,,,,,,,,,,,,,,,,,
85,C,step_totals,,,,,,,,,,,,,,,,,,,,,71.90000000000006,8.5,0.11821974965229474,,,0.0,0.0,54.0,0.7510431154381079,0.0066935152003800066,0.12962962962962962,0.0,0,7,16,23,17,,25,54,3.400000000000001,0.047287899860917915,6.000000000000003,0.08344923504867868,17,30,28
86,C,all_agents,,,40,30,10,0,17,13,0.4030917465005561,0.23761192425676508,0.9833568274877252,0.08025225521892565,554,30,0.75,0,0.0,0.0,31.075,3623,,,,,,,,,,,,,,,,,,,,,,,,,,,
86,C,participants_only,,,30,30,0,0,17,13,0.46539692113780695,0.28361999632301593,0.9833568274877252,0.09079768765793693,554,30,1.0,0,0.0,0.0,24.766666666666666,3623,,,,,,,,,,,,,,,,,,,,,,,,,,,
86,C,nonparticipants_only,,,10,0,10,0,0,0,0.2161762225888036,0.21362527082059807,0.4435872510888983,0.0020327404629518686,0,0,0.0,0,0.0,0.0,50.0,0,,,,,,,,,,,,,,,,,,,,,,,,,,,
86,C,step_totals,,,,,,,,,,,,,,,,,,,,,71.10000000000007,9.5,0.13361462728551324,,,0.0,0.0,52.0,0.7313642756680725,0.006295224832431899,0.057692307692307696,0.0,0,3,31,22,19,,27,52,3.600000000000001,0.05063291139240503,6.000000000000003,0.0843881856540084,18,30,21
87,C,all_agents,,,40,30,10,0,17,13,0.4038700664514409,0.23761848538460098,0.9840225543882162,0.08083381843661372,566,30,0.75,0,0.0,0.0,31.025,3671,,,,,,,,,,,,,,,,,,,,,,,,,,,
87,C,participants_only,,,30,30,0,0,17,13,0.46629532561300624,0.2829440370684865,0.9840225543882162,0.09153119263614501,566,30,1.0,0,0.0,0.0,24.7,3671,,,,,,,,,,,,,,,,,,,,,,,,,,,
87,C,nonparticipants_only,,,10,0,10,0,0,0,0.21659428896674476,0.21343387122796464,0.4413693148334538,0.0019787400613566117,0,0,0.0,0,0.0,0.0,50.0,0,,,,,,,,,,,,,,,,,,,,,,,,,,,
87,C,step_totals,,,,,,,,,,,,,,,,,,,,,71.90000000000008,8.5,0.11821974965229473,,,0.0,0.0,54.0,0.7510431154381076,0.005930678318481124,0.2222222222222222,0.0,0,12,16,23,17,,24,54,3.400000000000001,0.0472878998609179,6.000000000000003,0.08344923504867867,17,30,27
88,C,all_agents,,,40,30,10,0,17,13,0.4044973037439435,0.23643039295767798,0.9846616522126875,0.08131237835352258,572,30,0.75,0,0.0,0.0,31.075,3718,,,,,,,,,,,,,,,,,,,,,,,,,,,
88,C,participants_only,,,30,30,0,0,17,13,0.4669930344615622,0.281529316883144,0.9846616522126875,0.09215210855593343,572,30,1.0,0,0.0,0.0,24.766666666666666,3718,,,,,,,,,,,,,,,,,,,,,,,,,,,
88,C,nonparticipants_only,,,10,0,10,0,0,0,0.2170101115910872,0.2148644148378348,0.43916246825928656,0.0019245914511406158,0,0,0.0,0,0.0,0.0,50.0,0,,,,,,,,,,,,,,,,,,,,,,,,,,,
88,C,step_totals,,,,,,,,,,,,,,,,,,,,,70.80000000000007,9.0,0.1271186440677965,,,0.0,0.0,52.0,0.7344632768361575,0.005590480850312437,0.11538461538461539,0.0,0,6,30,22,18,,27,52,3.800000000000001,0.053672316384180754,6.000000000000003,0.08474576271186436,19,30,21
89,C,all_agents,,,40,30,10,0,17,13,0.4053359395574454,0.23616276626021374,0.9852751861241801,0.08188498516667025,576,30,0.75,0,0.0,0.0,31.025,3768,,,,,,,,,,,,,,,,,,,,,,,,,,,
89,C,participants_only,,,30,30,0,0,17,13,0.4679734865501473,0.28012167029872825,0.9852751861241801,0.09286222016005359,576,30,1.0,0,0.0,0.0,24.7,3768,,,,,,,,,,,,,,,,,,,,,,,,,,,
89,C,nonparticipants_only,,,10,0,10,0,0,0,0.21742329857933965,0.21530492697763892,0.4369666559179901,0.0018717326673649665,0,0,0.0,0,0.0,0.0,50.0,0,,,,,,,,,,,,,,,,,,,,,,,,,,,
89,C,step_totals,,,,,,,,,,,,,,,,,,,,,71.70000000000007,8.5,0.11854951185495106,,,0.0,0.0,54.0,0.7531380753138067,0.006154660253389752,0.07407407407407407,0.0,0,4,16,23,17,,24,54,3.2000000000000006,0.04463040446304041,6.000000000000003,0.08368200836820079,16,30,27
90,C,all_agents,,,40,30,10,0,17,13,0.40609678463685767,0.23557175226554086,0.9858641786792128,0.08238222016694827,586,30,0.75,0,0.0,0.0,31.075,3818,,,,,,,,,,,,,,,,,,,,,,,,,,,
90,C,participants_only,,,30,30,0,0,17,13,0.46885118737422715,0.27872106194723467,0.9858641786792128,0.09348343034823452,586,30,1.0,0,0.0,0.0,24.766666666666666,3818,,,,,,,,,,,,,,,,,,,,,,,,,,,
90,C,nonparticipants_only,,,10,0,10,0,0,0,0.21783357642474915,0.2157068757585274,0.43478182263840015,0.0018212088680018817,0,0,0.0,0,0.0,0.0,50.0,0,,,,,,,,,,,,,,,,,,,,,,,,,,,
90,C,step_totals,,,,,,,,,,,,,,,,,,,,,70.60000000000005,9.0,0.1274787535410764,,,0.0,0.0,52.0,0.7365439093484414,0.006068685376152675,0.19230769230769232,0.0,0,10,30,22,18,,27,52,3.600000000000001,0.05099150141643057,6.000000000000003,0.08498583569405097,18,30,21
90,C,reachability,0.175,0.0,,,,,,,,,,,,,,,,,,,,,,,,,,,,,,,,,,,,,,,,,,,,,
91,C,all_agents,,,40,30,10,0,17,13,0.40703425914115776,0.23486897853580305,0.9864296115320443,0.08298796920326161,594,30,0.75,0,0.0,0.0,31.025,3871,,,,,,,,,,,,,,,,,,,,,,,,,,,
91,C,participants_only,,,30,30,0,0,17,13,0.4699652051403094,0.27732745663749847,0.9864296115320443,0.09421895917187606,594,30,1.0,0,0.0,0.0,24.7,3871,,,,,,,,,,,,,,,,,,,,,,,,,,,
91,C,nonparticipants_only,,,10,0,10,0,0,0,0.21824142114370282,0.2158808365783843,0.43260791352520817,0.0017713517252405432,0,0,0.0,0,0.0,0.0,50.0,0,,,,,,,,,,,,,,,,,,,,,,,,,,,
91,C,step_totals,,,,,,,,,,,,,,,,,,,,,71.70000000000007,8.5,0.11854951185495106,,,0.0,0.0,54.0,0.7531380753138067,0.006493704298894152,0.14814814814814814,0.0,0,8,16,23,17,,25,54,3.2000000000000006,0.04463040446304041,6.000000000000003,0.08368200836820079,16,30,27
92,C,all_agents,,,40,30,10,0,17,13,0.4077727648200834,0.23457121989291496,0.9869724270707626,0.08350839933406141,602,30,0.75,0,0.0,0.0,31.075,3922,,,,,,,,,,,,,,,,,,,,,,,,,,,
92,C,participants_only,,,30,30,0,0,17,13,0.47081485870774237,0.275940819354311,0.9869724270707626,0.09487282042095435,602,30,1.0,0,0.0,0.0,24.766666666666666,3922,,,,,,,,,,,,,,,,,,,,,,,,,,,
92,C,nonparticipants_only,,,10,0,10,0,0,0,0.21864648315710658,0.21603139248181438,0.43044487395758213,0.0017234688524977837,0,0,0.0,0,0.0,0.0,50.0,0,,,,,,,,,,,,,,,,,,,,,,,,,,,
92,C,step_totals,,,,,,,,,,,,,,,,,,,,,70.60000000000005,9.0,0.1274787535410764,,,0.0,0.0,52.0,0.7365439093484414,0.006004227152121467,0.15384615384615385,0.0,0,8,30,22,18,,28,52,3.600000000000001,0.05099150141643057,6.000000000000003,0.08498583569405097,18,30,21
93,C,all_agents,,,40,30,10,0,17,13,0.40863506744357975,0.2345739805510389,0.987493529987932,0.0840836097443159,605,30,0.75,0,0.0,0.0,31.025,3974,,,,,,,,,,,,,,,,,,,,,,,,,,,
93,C,participants_only,,,30,30,0,0,17,13,0.47183033937897423,0.27456111525753946,0.987493529987932,0.09557830245044983,605,30,1.0,0,0.0,0.0,24.7,3974,,,,,,,,,,,,,,,,,,,,,,,,,,,
93,C,nonparticipants_only,,,10,0,10,0,0,0,0.21904925163739639,0.2158520291087332,0.4282926495877942,0.0016758228860527086,0,0,0.0,0,0.0,0.0,50.0,0,,,,,,,,,,,,,,,,,,,,,,,,,,,
93,C,step_totals,,,,,,,,,,,,,,,,,,,,,71.70000000000006,8.5,0.11854951185495109,,,0.0,0.0,54.0,0.7531380753138069,0.006250185541204214,0.05555555555555555,0.0,0,3,16,23,17,,25,54,3.2000000000000006,0.04463040446304042,6.000000000000003,0.0836820083682008,16,30,27
94,C,all_agents,,,40,30,10,0,17,13,0.40934796041780935,0.23389005577899663,0.9879937887884148,0.08457298707615317,611,30,0.75,0,0.0,0.0,31.075,4025,,,,,,,,,,,,,,,,,,,,,,,,,,,
94,C,participants_only,,,30,30,0,0,17,13,0.4726473503524309,0.27318830968125174,0.9879937887884148,0.09619398638381403,611,30,1.0,0,0.0,0.0,24.766666666666666,4025,,,,,,,,,,,,,,,,,,,,,,,,,,,
94,C,nonparticipants_only,,,10,0,10,0,0,0,0.2194497906139446,0.21725240827486048,0.42615118633985527,0.0016282359600273493,0,0,0.0,0,0.0,0.0,50.0,0,,,,,,,,,,,,,,,,,,,,,,,,,,,
94,C,step_totals,,,,,,,,,,,,,,,,,,,,,70.80000000000007,9.0,0.1271186440677965,,,0.0,0.0,52.0,0.7344632768361575,0.005910304979766467,0.11538461538461539,0.0,0,6,30,22,18,,29,52,3.800000000000001,0.053672316384180754,6.000000000000003,0.08474576271186436,19,30,20
95,C,all_agents,,,40,30,10,0,17,13,0.40996931926370445,0.23360184019754138,0.9884740372368782,0.08507071878045504,619,30,0.75,0,0.0,0.0,31.025,4073,,,,,,,,,,,,,,,,,,,,,,,,,,,
95,C,participants_only,,,30,30,0,0,17,13,0.4733432050183333,0.2718223681328455,0.9884740372368782,0.09683518612579159,619,30,1.0,0,0.0,0.0,24.7,4073,,,,,,,,,,,,,,,,,,,,,,,,,,,
95,C,nonparticipants_only,,,10,0,10,0,0,0,0.21984766199981762,0.2170354160865326,0.424020430408156,0.0015823239967562304,0,0,0.0,0,0.0,0.0,50.0,0,,,,,,,,,,,,,,,,,,,,,,,,,,,
95,C,step_totals,,,,,,,,,,,,,,,,,,,,,71.70000000000006,8.5,0.11854951185495109,,,0.0,0.0,54.0,0.7531380753138069,0.005450710985891298,0.14814814814814814,0.0,0,8,16,23,17,,25,54,3.2000000000000006,0.04463040446304042,6.000000000000003,0.0836820083682008,16,30,27
96,C,all_agents,,,40,30,10,0,17,13,0.41049483946735293,0.23395463635059632,0.9889350757474031,0.08550815761924362,623,30,0.75,0,0.0,0.0,31.075,4121,,,,,,,,,,,,,,,,,,,,,,,,,,,
96,C,participants_only,,,30,30,0,0,17,13,0.4739121828638973,0.271493256671264,0.9889350757474031,0.09741106791305812,623,30,1.0,0,0.0,0.0,24.766666666666666,4121,,,,,,,,,,,,,,,,,,,,,,,,,,,
96,C,nonparticipants_only,,,10,0,10,0,0,0,0.22024280927771966,0.2177884912049925,0.42190032825611523,0.0015383134160972308,0,0,0.0,0,0.0,0.0,50.0,0,,,,,,,,,,,,,,,,,,,,,,,,,,,
96,C,step_totals,,,,,,,,,,,,,,,,,,,,,70.80000000000007,9.0,0.1271186440677965,,,0.0,0.0,52.0,0.7344632768361575,0.00528051200260719,0.07692307692307693,0.0,0,4,30,22,18,,29,52,3.800000000000001,0.053672316384180754,6.000000000000003,0.08474576271186436,19,30,20
97,C,all_agents,,,40,30,10,0,17,13,0.41118380220576717,0.23549243661346614,0.989377672717507,0.08605923785061922,631,30,0.75,0,0.0,0.0,31.025,4173,,,,,,,,,,,,,,,,,,,,,,,,,,,
97,C,participants_only,,,30,30,0,0,17,13,0.4746999309183857,0.27013579038790764,0.989377672717507,0.09810991513850234,631,30,1.0,0,0.0,0.0,24.7,4173,,,,,,,,,,,,,,,,,,,,,,,,,,,
97,C,nonparticipants_only,,,10,0,10,0,0,0,0.22063541606791182,0.21775144265685895,0.41979082661483463,0.001495622707314905,0,0,0.0,0,0.0,0.0,50.0,0,,,,,,,,,,,,,,,,,,,,,,,,,,,
97,C,step_totals,,,,,,,,,,,,,,,,,,,,,71.70000000000006,8.5,0.11854951185495109,,,0.0,0.0,54.0,0.7531380753138069,0.005681611663193001,0.14814814814814814,0.0,0,8,16,23,17,,25,54,3.2000000000000006,0.04463040446304042,6.000000000000003,0.0836820083682008,16,30,27
98,C,all_agents,,,40,30,10,0,17,13,0.4118250705335921,0.2350012654769033,0.9898025658088067,0.08652210869738002,640,30,0.75,0,0.0,0.0,31.075,4224,,,,,,,,,,,,,,,,,,,,,,,,,,,
98,C,participants_only,,,30,30,0,0,17,13,0.47542487688189855,0.2703696998225722,0.9898025658088067,0.09869852114551086,640,30,1.0,0,0.0,0.0,24.766666666666666,4224,,,,,,,,,,,,,,,,,,,,,,,,,,,
98,C,nonparticipants_only,,,10,0,10,0,0,0,0.22102565148867293,0.21780596219262977,0.4176918724817605,0.0014536469424825432,0,0,0.0,0,0.0,0.0,50.0,0,,,,,,,,,,,,,,,,,,,,,,,,,,,
98,C,step_totals,,,,,,,,,,,,,,,,,,,,,70.40000000000005,9.0,0.127840909090909,,,0.0,0.0,52.0,0.7386363636363631,0.005711932234441796,0.17307692307692307,0.0,0,9,30,22,18,,29,52,3.400000000000001,0.04829545454545452,6.000000000000003,0.08522727272727271,17,30,20
99,C,all_agents,,,40,30,10,0,17,13,0.41241686842987774,0.23492045995369187,0.9902104631764543,0.08701196668745752,647,30,0.75,0,0.0,0.0,31.025,4274,,,,,,,,,,,,,,,,,,,,,,,,,,,
99,C,participants_only,,,30,30,0,0,17,13,0.47608458689694266,0.26901785132345934,0.9902104631764543,0.09933106279361249,647,30,1.0,0,0.0,0.0,24.7,4274,,,,,,,,,,,,,,,,,,,,,,,,,,,
99,C,nonparticipants_only,,,10,0,10,0,0,0,0.22141371302868293,0.21798556107045058,0.4156034131193517,0.001411737871375326,0,0,0.0,0,0.0,0.0,50.0,0,,,,,,,,,,,,,,,,,,,,,,,,,,,
99,C,step_totals,,,,,,,,,,,,,,,,,,,,,71.70000000000006,8.5,0.11854951185495109,,,0.0,0.0,54.0,0.7531380753138069,0.005363576236469222,0.12962962962962962,0.0,0,7,16,23,17,,25,54,3.2000000000000006,0.04463040446304042,6.000000000000003,0.0836820083682008,16,30,27
100,C,all_agents,,,40,30,10,0,17,13,0.4129615170599362,0.23495632825123536,0.9906020446493962,0.08744872560396418,654,30,0.75,0,0.0,0.0,31.075,4323,,,,,,,,,,,,,,,,,,,,,,,,,,,
100,C,participants_only,,,30,30,0,0,17,13,0.47668218377282184,0.26894080519836605,0.9906020446493962,0.09990025573167337,654,30,1.0,0,0.0,0.0,24.766666666666666,4323,,,,,,,,,,,,,,,,,,,,,,,,,,,
100,C,nonparticipants_only,,,10,0,10,0,0,0,0.2217995169212794,0.21860348271481694,0.41352539605375493,0.0013702548248208284,0,0,0.0,0,0.0,0.0,50.0,0,,,,,,,,,,,,,,,,,,,,,,,,,,,
100,C,step_totals,,,,,,,,,,,,,,,,,,,,,70.40000000000006,9.0,0.12784090909090898,,,0.0,0.0,52.0,0.738636363636363,0.005388850298101216,0.1346153846153846,0.0,0,7,30,22,18,,29,52,3.400000000000001,0.048295454545454516,6.000000000000003,0.0852272727272727,17,30,20
100,C,reachability,0.2,0.0,,,,,,,,,,,,,,,,,,,,,,,,,,,,,,,,,,,,,,,,,,,,,
101,C,all_agents,,,40,30,10,0,17,13,0.41366242714877405,0.23497504469506197,0.9906960242029021,0.08797430530075276,665,30,0.75,0,0.0,0.0,31.025,4375,,,,,,,,,,,,,,,,,,,,,,,,,,,
101,C,participants_only,,,30,30,0,0,17,13,0.4774889282571787,0.2675961011723742,0.9906960242029021,0.10056054706909383,665,30,1.0,0,0.0,0.0,24.7,4375,,,,,,,,,,,,,,,,,,,,,,,,,,,
101,C,nonparticipants_only,,,10,0,10,0,0,0,0.22218292382356017,0.2192993712636802,0.41145776907348613,0.001329713070835446,0,0,0.0,0,0.0,0.0,50.0,0,,,,,,,,,,,,,,,,,,,,,,,,,,,
101,C,step_totals,,,,,,,,,,,,,,,,,,,,,71.70000000000007,8.5,0.11854951185495106,,,0.0,0.0,54.0,0.7531380753138067,0.005734165195464406,0.2037037037037037,0.0,0,11,16,23,17,,25,54,3.2000000000000006,0.04463040446304041,6.000000000000003,0.08368200836820079,16,30,27
102,C,all_agents,,,40,30,10,0,17,13,0.4142249755607033,0.23424036458971165,0.9910681832347861,0.0884200728015805,670,30,0.75,0,0.0,0.0,31.075,4426,,,,,,,,,,,,,,,,,,,,,,,,,,,
102,C,participants_only,,,30,30,0,0,17,13,0.47811216771118203,0.26759584442166817,0.9910681832347861,0.10113644692667258,670,30,1.0,0,0.0,0.0,24.766666666666666,4426,,,,,,,,,,,,,,,,,,,,,,,,,,,
102,C,nonparticipants_only,,,10,0,10,0,0,0,0.2225633991092672,0.22005096621577808,0.4094004802281187,0.001292070575838015,0,0,0.0,0,0.0,0.0,50.0,0,,,,,,,,,,,,,,,,,,,,,,,,,,,
102,C,step_totals,,,,,,,,,,,,,,,,,,,,,70.40000000000006,9.0,0.12784090909090898,,,0.0,0.0,52.0,0.738636363636363,0.005457133770860444,0.09615384615384616,0.0,0,5,30,22,18,,29,52,3.400000000000001,0.048295454545454516,6.000000000000003,0.0852272727272727,17,30,20
103,C,all_agents,,,40,30,10,0,17,13,0.4148653055111719,0.23622627960294867,0.9914254559053947,0.08891498353339183,677,30,0.75,0,0.0,0.0,31.025,4477,,,,,,,,,,,,,,,,,,,,,,,,,,,
103,C,participants_only,,,30,30,0,0,17,13,0.4788398159783375,0.2662578651995598,0.9914254559053947,0.10176422937852822,677,30,1.0,0,0.0,0.0,24.7,4477,,,,,,,,,,,,,,,,,,,,,,,,,,,
103,C,nonparticipants_only,,,10,0,10,0,0,0,0.22294177410967514,0.22001519598090963,0.4073534778269781,0.0012543901238209363,0,0,0.0,0,0.0,0.0,50.0,0,,,,,,,,,,,,,,,,,,,,,,,,,,,
103,C,step_totals,,,,,,,,,,,,,,,,,,,,,71.70000000000007,8.5,0.11854951185495106,,,0.0,0.0,54.0,0.7531380753138067,0.005536726342517219,0.12962962962962962,0.0,0,7,16,23,17,,25,54,3.2000000000000006,0.04463040446304041,6.000000000000003,0.08368200836820079,16,30,27
104,C,all_agents,,,40,30,10,0,17,13,0.41539330485685283,0.23603185092512952,0.9917684376691789,0.08934405442417304,682,30,0.75,0,0.0,0.0,31.075,4527,,,,,,,,,,,,,,,,,,,,,,,,,,,
104,C,participants_only,,,30,30,0,0,17,13,0.47941846913705277,0.26649876418612767,0.9917684376691789,0.10232266918073367,682,30,1.0,0,0.0,0.0,24.766666666666666,4527,,,,,,,,,,,,,,,,,,,,,,,,,,,
104,C,nonparticipants_only,,,10,0,10,0,0,0,0.22331781201625284,0.22006783438909805,0.40531671043784323,0.0012175502212119747,0,0,0.0,0,0.0,0.0,50.0,0,,,,,,,,,,,,,,,,,,,,,,,,,,,
104,C,step_totals,,,,,,,,,,,,,,,,,,,,,70.60000000000005,9.0,0.1274787535410764,,,0.0,0.0,52.0,0.7365439093484414,0.0053312029824908475,0.09615384615384616,0.0,0,5,30,22,18,,29,52,3.600000000000001,0.05099150141643057,6.000000000000003,0.08498583569405097,18,30,20
105,C,all_agents,,,40,30,10,0,17,13,0.4159229599563706,0.23575150383567012,0.9920977001624117,0.08981708822684557,685,30,0.75,0,0.0,0.0,31.025,4578,,,,,,,,,,,,,,,,,,,,,,,,,,,
105,C,participants_only,,,30,30,0,0,17,13,0.48000008213903483,0.265166270365197,0.9920977001624117,0.10293883120771363,685,30,1.0,0,0.0,0.0,24.7,4578,,,,,,,,,,,,,,,,,,,,,,,,,,,
105,C,nonparticipants_only,,,10,0,10,0,0,0,0.22369159340837774,0.22024123643493837,0.403290126885654,0.0011813282376963669,0,0,0.0,0,0.0,0.0,50.0,0,,,,,,,,,,,,,,,,,,,,,,,,,,,
105,C,step_totals,,,,,,,,,,,,,,,,,,,,,71.70000000000006,8.5,0.11854951185495109,,,0.0,0.0,54.0,0.7531380753138069,0.0051717421280828265,0.05555555555555555,0.0,0,3,16,23,17,,25,54,3.2000000000000006,0.04463040446304042,6.000000000000003,0.0836820083682008,16,30,27
106,C,all_agents,,,40,30,10,0,17,13,0.41625778872333663,0.23649468097792165,0.9924137921559153,0.09015488299921139,693,30,0.75,0,0.0,0.0,31.075,4624,,,,,,,,,,,,,,,,,,,,,,,,,,,
106,C,participants_only,,,30,30,0,0,17,13,0.4803225955218401,0.26585314783257896,0.9924137921559153,0.10340769080191864,693,30,1.0,0,0.0,0.0,24.766666666666666,4624,,,,,,,,,,,,,,,,,,,,,,,,,,,
106,C,nonparticipants_only,,,10,0,10,0,0,0,0.2240633683278264,0.22083783747500174,0.40127367625122573,0.0011448659495347324,0,0,0.0,0,0.0,0.0,50.0,0,,,,,,,,,,,,,,,,,,,,,,,,,,,
106,C,step_totals,,,,,,,,,,,,,,,,,,,,,70.80000000000007,9.0,0.1271186440677965,,,0.0,0.0,52.0,0.7344632768361575,0.004666300481965992,0.15384615384615385,0.0,0,8,30,22,18,,29,52,3.800000000000001,0.053672316384180754,6.000000000000003,0.08474576271186436,19,30,20
107,C,all_agents,,,40,30,10,0,17,13,0.4168506617997762,0.23618871467357266,0.9927172404696787,0.09065112085172118,698,30,0.75,0,0.0,0.0,31.025,4677,,,,,,,,,,,,,,,,,,,,,,,,,,,
107,C,participants_only,,,30,30,0,0,17,13,0.48099000746471565,0.2654299279673562,0.9927172404696787,0.1040427299504395,698,30,1.0,0,0.0,0.0,24.7,4677,,,,,,,,,,,,,,,,,,,,,,,,,,,
107,C,nonparticipants_only,,,10,0,10,0,0,0,0.22443262480495774,0.22148521153268086,0.3992673078699696,0.0011100256076470865,0,0,0.0,0,0.0,0.0,50.0,0,,,,,,,,,,,,,,,,,,,,,,,,,,,
107,C,step_totals,,,,,,,,,,,,,,,,,,,,,71.70000000000006,8.5,0.11854951185495109,,,0.0,0.0,54.0,0.7531380753138069,0.005385479581572734,0.09259259259259259,0.0,0,5,16,23,17,,24,54,3.2000000000000006,0.04463040446304042,6.000000000000003,0.0836820083682008,16,30,26
108,C,all_agents,,,40,30,10,0,17,13,0.41734368860239374,0.23577081241794906,0.9930085508508916,0.09104354138540224,708,30,0.75,0,0.0,0.0,31.075,4728,,,,,,,,,,,,,,,,,,,,,,,,,,,
108,C,participants_only,,,30,30,0,0,17,13,0.48152512180538964,0.26521780167425746,0.9930085508508916,0.10455545308325077,708,30,1.0,0,0.0,0.0,24.766666666666666,4728,,,,,,,,,,,,,,,,,,,,,,,,,,,
108,C,nonparticipants_only,,,10,0,10,0,0,0,0.2247993889934062,0.2222353773896838,0.3972709713306198,0.0010767298759692193,0,0,0.0,0,0.0,0.0,50.0,0,,,,,,,,,,,,,,,,,,,,,,,,,,,
108,C,step_totals,,,,,,,,,,,,,,,,,,,,,70.60000000000007,9.0,0.12747875354107638,,,0.0,0.0,52.0,0.7365439093484413,0.00522345107844391,0.19230769230769232,0.0,0,10,30,22,18,,29,52,3.600000000000001,0.05099150141643056,6.000000000000003,0.08498583569405095,18,30,20
109,C,all_agents,,,40,30,10,0,17,13,0.41780921055699133,0.2360024023263868,0.9932882088168559,0.0915250176808256,717,30,0.75,0,0.0,0.0,31.025,4780,,,,,,,,,,,,,,,,,,,,,,,,,,,
109,C,participants_only,,,30,30,0,0,17,13,0.4820242161161255,0.2638917126658862,0.9932882088168559,0.10519137782369939,717,30,1.0,0,0.0,0.0,24.7,4780,,,,,,,,,,,,,,,,,,,,,,,,,,,
109,C,nonparticipants_only,,,10,0,10,0,0,0,0.2251641938795887,0.22220084136149898,0.3952846164739667,0.0010431339846885908,0,0,0.0,0,0.0,0.0,50.0,0,,,,,,,,,,,,,,,,,,,,,,,,,,,
109,C,step_totals,,,,,,,,,,,,,,,,,,,,,71.00000000000007,8.0,0.11267605633802806,,,0.0,0.0,54.0,0.7605633802816893,0.0050316132847447095,0.16666666666666666,0.0,0,9,16,24,16,,24,54,3.0000000000000004,0.04225352112676053,6.000000000000003,0.08450704225352108,15,30,25
110,C,all_agents,,,40,30,10,0,17,13,0.41832794350766445,0.23610116055782138,0.9935566804641817,0.0919235795189609,724,30,0.75,0,0.0,0.0,31.075,4832,,,,,,,,,,,,,,,,,,,,,,,,,,,
110,C,participants_only,,,30,30,0,0,17,13,0.4825950633298388,0.2635730363655756,0.9935566804641817,0.1057067526968832,724,30,1.0,0,0.0,0.0,24.766666666666666,4832,,,,,,,,,,,,,,,,,,,,,,,,,,,
110,C,nonparticipants_only,,,10,0,10,0,0,0,0.22552658404114143,0.22225166354803155,0.39330819339159684,0.0010109077023413872,0,0,0.0,0,0.0,0.0,50.0,0,,,,,,,,,,,,,,,,,,,,,,,,,,,
110,C,step_totals,,,,,,,,,,,,,,,,,,,,,70.60000000000007,9.0,0.12747875354107638,,,0.0,0.0,52.0,0.7365439093484413,0.005315284937132552,0.1346153846153846,0.0,0,7,29,22,18,,29,52,3.600000000000001,0.05099150141643056,6.000000000000003,0.08498583569405095,18,30,20
110,C,reachability,0.225,0.0,,,,,,,,,,,,,,,,,,,,,,,,,,,,,,,,,,,,,,,,,,,,,
111,C,all_agents,,,40,30,10,0,17,13,0.41881266382731763,0.23590545372084265,0.9938144132456144,0.0924102209211579,730,30,0.75,0,0.0,0.0,31.025,4884,,,,,,,,,,,,,,,,,,,,,,,,,,,
111,C,participants_only,,,30,30,0,0,17,13,0.4831212673007184,0.2622858467863074,0.9938144132456144,0.10634489308827734,730,30,1.0,0,0.0,0.0,24.7,4884,,,,,,,,,,,,,,,,,,,,,,,,,,,
111,C,nonparticipants_only,,,10,0,10,0,0,0,0.22588685340711534,0.22241908257573612,0.39134165242463886,0.0009790466514104808,0,0,0.0,0,0.0,0.0,50.0,0,,,,,,,,,,,,,,,,,,,,,,,,,,,
111,C,step_totals,,,,,,,,,,,,,,,,,,,,,71.00000000000006,8.0,0.11267605633802807,,,0.0,0.0,54.0,0.7605633802816896,0.005101192310504063,0.1111111111111111,0.0,0,6,16,24,16,,24,54,3.0000000000000004,0.042253521126760535,6.000000000000003,0.0845070422535211,15,30,25
112,C,all_agents,,,40,30,10,0,17,13,0.4192674755363687,0.2361447988941794,0.9940618367157898,0.09277570051024053,740,30,0.75,0,0.0,0.0,31.075,4934,,,,,,,,,,,,,,,,,,,,,,,,,,,
112,C,participants_only,,,30,30,0,0,17,13,0.48360830482293843,0.2617208391211131,0.9940618367157898,0.10682608292748581,740,30,1.0,0,0.0,0.0,24.766666666666666,4934,,,,,,,,,,,,,,,,,,,,,,,,,,,
112,C,nonparticipants_only,,,10,0,10,0,0,0,0.22624498767665938,0.22299509865196485,0.3893849441625157,0.0009476454991025191,0,0,0.0,0,0.0,0.0,50.0,0,,,,,,,,,,,,,,,,,,,,,,,,,,,
112,C,step_totals,,,,,,,,,,,,,,,,,,,,,70.60000000000007,9.0,0.12747875354107638,,,0.0,0.0,52.0,0.7365439093484413,0.005102632327332202,0.19230769230769232,0.0,0,10,29,22,18,,29,52,3.600000000000001,0.05099150141643056,6.000000000000003,0.08498583569405095,18,30,20
113,C,all_agents,,,40,30,10,0,17,13,0.4195078287370986,0.236117660148131,0.9942993632471583,0.09312966750517246,746,30,0.75,0,0.0,0.0,31.025,4981,,,,,,,,,,,,,,,,,,,,,,,,,,,
113,C,participants_only,,,30,30,0,0,17,13,0.48381012656442046,0.2617696054556007,0.9942993632471583,0.10732811492171423,746,30,1.0,0,0.0,0.0,24.7,4981,,,,,,,,,,,,,,,,,,,,,,,,,,,
113,C,nonparticipants_only,,,10,0,10,0,0,0,0.22660093525513292,0.22359563214957867,0.3874380194417031,0.0009168991850638924,0,0,0.0,0,0.0,0.0,50.0,0,,,,,,,,,,,,,,,,,,,,,,,,,,,
113,C,step_totals,,,,,,,,,,,,,,,,,,,,,71.00000000000006,8.0,0.11267605633802807,,,0.0,0.0,54.0,0.7605633802816896,0.004279078706547773,0.1111111111111111,0.0,0,6,16,24,16,,24,54,3.0000000000000004,0.042253521126760535,6.000000000000003,0.0845070422535211,15,30,25
114,C,all_agents,,,40,30,10,0,17,13,0.41997190495864234,0.2363656051299083,0.994527388717272,0.09351013546844607,754,30,0.75,0,0.0,0.0,31.075,5033,,,,,,,,,,,,,,,,,,,,,,,,,,,
114,C,participants_only,,,30,30,0,0,17,13,0.48431102560057027,0.2625943362851549,0.994527388717272,0.10782629478715831,754,30,1.0,0,0.0,0.0,24.766666666666666,5033,,,,,,,,,,,,,,,,,,,,,,,,,,,
114,C,nonparticipants_only,,,10,0,10,0,0,0,0.22695454303285853,0.22434441822060425,0.3855008293444946,0.0008873881725906641,0,0,0.0,0,0.0,0.0,50.0,0,,,,,,,,,,,,,,,,,,,,,,,,,,,
114,C,step_totals,,,,,,,,,,,,,,,,,,,,,70.60000000000008,9.0,0.12747875354107635,,,0.0,0.0,52.0,0.736543909348441,0.005134681907736462,0.15384615384615385,0.0,0,8,29,22,18,,29,52,3.600000000000001,0.05099150141643055,6.000000000000003,0.08498583569405094,18,30,20
115,C,all_agents,,,40,30,10,0,17,13,0.4204054432689187,0.23615674710882653,0.9947462931685811,0.09394885434914749,757,30,0.75,0,0.0,0.0,31.025,5084,,,,,,,,,,,,,,,,,,,,,,,,,,,
115,C,participants_only,,,30,30,0,0,17,13,0.48477188917649777,0.2631800499594196,0.9947462931685811,0.10840693874251302,757,30,1.0,0,0.0,0.0,24.7,5084,,,,,,,,,,,,,,,,,,,,,,,,,,,
115,C,nonparticipants_only,,,10,0,10,0,0,0,0.22730610554618141,0.22431107381436344,0.3835733251977721,0.0008581288637712851,0,0,0.0,0,0.0,0.0,50.0,0,,,,,,,,,,,,,,,,,,,,,,,,,,,
115,C,step_totals,,,,,,,,,,,,,,,,,,,,,71.00000000000007,8.0,0.11267605633802806,,,0.0,0.0,54.0,0.7605633802816893,0.0049365165815704595,0.05555555555555555,0.0,0,3,16,24,16,,24,54,3.0000000000000004,0.04225352112676053,6.000000000000003,0.08450704225352108,15,30,25
116,C,all_agents,,,40,30,10,0,17,13,0.42081899155355107,0.23547507282093105,0.9949564414418378,0.09430002065981744,763,30,0.75,0,0.0,0.0,31.075,5135,,,,,,,,,,,,,,,,,,,,,,,,,,,
116,C,participants_only,,,30,30,0,0,17,13,0.4852068578021567,0.2627538829014486,0.9949564414418378,0.10887351560715827,763,30,1.0,0,0.0,0.0,24.766666666666666,5135,,,,,,,,,,,,,,,,,,,,,,,,,,,
116,C,nonparticipants_only,,,10,0,10,0,0,0,0.22765539280773409,0.22436014244566982,0.38165545857178323,0.0008299679772149396,0,0,0.0,0,0.0,0.0,50.0,0,,,,,,,,,,,,,,,,,,,,,,,,,,,
116,C,step_totals,,,,,,,,,,,,,,,,,,,,,70.60000000000007,9.0,0.12747875354107638,,,0.0,0.0,52.0,0.7365439093484413,0.004967114516318752,0.11538461538461539,0.0,0,6,29,22,18,,29,52,3.600000000000001,0.05099150141643056,6.000000000000003,0.08498583569405095,18,30,20
117,C,all_agents,,,40,30,10,0,17,13,0.42120368913171585,0.23644709898287755,0.9951581837841643,0.09473012808531428,773,30,0.75,0,0.0,0.0,31.025,5187,,,,,,,,,,,,,,,,,,,,,,,,,,,
117,C,participants_only,,,30,30,0,0,17,13,0.4856041053515951,0.26212121189543003,0.9951581837841643,0.10944957345333182,773,30,1.0,0,0.0,0.0,24.7,5187,,,,,,,,,,,,,,,,,,,,,,,,,,,
117,C,nonparticipants_only,,,10,0,10,0,0,0,0.2280024404720782,0.22452178489170738,0.3797471812789243,0.0008028286697374213,0,0,0.0,0,0.0,0.0,50.0,0,,,,,,,,,,,,,,,,,,,,,,,,,,,
117,C,step_totals,,,,,,,,,,,,,,,,,,,,,71.00000000000006,8.0,0.11267605633802807,,,0.0,0.0,54.0,0.7605633802816896,0.004775001148685193,0.18518518518518517,0.0,0,10,16,24,16,,24,54,3.0000000000000004,0.042253521126760535,6.000000000000003,0.0845070422535211,15,30,25
118,C,all_agents,,,40,30,10,0,17,13,0.42156303435223763,0.236364337455279,0.9953518564327978,0.09504968051275962,781,30,0.75,0,0.0,0.0,31.075,5236,,,,,,,,,,,,,,,,,,,,,,,,,,,
118,C,participants_only,,,30,30,0,0,17,13,0.4859681576981039,0.261816103970823,0.9953518564327978,0.10988240973732986,781,30,1.0,0,0.0,0.0,24.766666666666666,5236,,,,,,,,,,,,,,,,,,,,,,,,,,,
118,C,nonparticipants_only,,,10,0,10,0,0,0,0.2283476643146389,0.2250779262622264,0.3778484453725297,0.0007752538806939575,0,0,0.0,0,0.0,0.0,50.0,0,,,,,,,,,,,,,,,,,,,,,,,,,,,
118,C,step_totals,,,,,,,,,,,,,,,,,,,,,70.60000000000007,9.0,0.12747875354107638,,,0.0,0.0,52.0,0.7365439093484413,0.0047861816678915195,0.15384615384615385,0.0,0,8,29,22,18,,29,52,3.600000000000001,0.05099150141643056,6.000000000000003,0.08498583569405095,18,30,20
119,C,all_agents,,,40,30,10,0,17,13,0.4219409473729641,0.23668330562924117,0.9955377821754858,0.09546080660656478,791,30,0.75,0,0.0,0.0,31.025,5286,,,,,,,,,,,,,,,,,,,,,,,,,,,
119,C,participants_only,,,30,30,0,0,17,13,0.48635764934769454,0.2605862201993173,0.9955377821754858,0.1104336744128607,791,30,1.0,0,0.0,0.0,24.7,5286,,,,,,,,,,,,,,,,,,,,,,,,,,,
119,C,nonparticipants_only,,,10,0,10,0,0,0,0.22869084144877289,0.22563323537401903,0.37595920314566705,0.0007480652680622114,0,0,0.0,0,0.0,0.0,50.0,0,,,,,,,,,,,,,,,,,,,,,,,,,,,
119,C,step_totals,,,,,,,,,,,,,,,,,,,,,71.00000000000006,8.0,0.11267605633802807,,,0.0,0.0,54.0,0.7605633802816896,0.0047549038113764855,0.18518518518518517,0.0,0,10,16,24,16,,24,54,3.0000000000000004,0.042253521126760535,6.000000000000003,0.0845070422535211,15,30,25
120,C,all_agents,,,40,30,10,0,17,13,0.42222985192438034,0.23611889021607402,0.9957162708884664,0.09575924384202907,802,30,0.75,0,0.0,0.0,31.075,5335,,,,,,,,,,,,,,,,,,,,,,,,,,,
120,C,participants_only,,,30,30,0,0,17,13,0.4866292657282489,0.2599225151829271,0.9957162708884664,0.1108489897931702,802,30,1.0,0,0.0,0.0,24.766666666666666,5335,,,,,,,,,,,,,,,,,,,,,,,,,,,
120,C,nonparticipants_only,,,10,0,10,0,0,0,0.2290316105127744,0.22638068926683613,0.3740794071299387,0.0007225920092227998,0,0,0.0,0,0.0,0.0,50.0,0,,,,,,,,,,,,,,,,,,,,,,,,,,,
120,C,step_totals,,,,,,,,,,,,,,,,,,,,,70.80000000000007,9.0,0.1271186440677965,,,0.0,0.0,52.0,0.7344632768361575,0.004537034252082098,0.21153846153846154,0.0,0,11,29,22,18,,27,52,3.800000000000001,0.053672316384180754,6.000000000000003,0.08474576271186436,19,30,18
120,C,reachability,0.225,0.0,,,,,,,,,,,,,,,,,,,,,,,,,,,,,,,,,,,,,,,,,,,,,
121,C,all_agents,,,40,30,10,0,17,13,0.42260325038299457,0.23678582964871064,0.9958876200529277,0.09618933967966495,807,30,0.75,0,0.0,0.0,31.025,5388,,,,,,,,,,,,,,,,,,,,,,,,,,,
121,C,participants_only,,,30,30,0,0,17,13,0.48701418071635827,0.26001813732741885,0.9958876200529277,0.1114249987969454,807,30,1.0,0,0.0,0.0,24.7,5388,,,,,,,,,,,,,,,,,,,,,,,,,,,
121,C,nonparticipants_only,,,10,0,10,0,0,0,0.22937045938290326,0.22634849536713236,0.37220901009428903,0.0006971469709103282,0,0,0.0,0,0.0,0.0,50.0,0,,,,,,,,,,,,,,,,,,,,,,,,,,,
121,C,step_totals,,,,,,,,,,,,,,,,,,,,,71.00000000000006,8.0,0.11267605633802807,,,0.0,0.0,54.0,0.7605633802816896,0.0047408909777951,0.09259259259259259,0.0,0,5,15,24,16,,23,54,3.0000000000000004,0.042253521126760535,6.000000000000003,0.0845070422535211,15,30,25
122,C,all_agents,,,40,30,10,0,17,13,0.4229764874738947,0.23625017251612201,0.9960521152508106,0.09652963154904066,821,30,0.75,0,0.0,0.0,31.075,5440,,,,,,,,,,,,,,,,,,,,,,,,,,,
122,C,participants_only,,,30,30,0,0,17,13,0.4873996748878743,0.26088059838748945,0.9960521152508106,0.1118803172743126,821,30,1.0,0,0.0,0.0,24.766666666666666,5440,,,,,,,,,,,,,,,,,,,,,,,,,,,
122,C,nonparticipants_only,,,10,0,10,0,0,0,0.2297069252319563,0.22639587094741628,0.37034796504381756,0.0006734094543042146,0,0,0.0,0,0.0,0.0,50.0,0,,,,,,,,,,,,,,,,,,,,,,,,,,,
122,C,step_totals,,,,,,,,,,,,,,,,,,,,,70.80000000000005,9.0,0.12711864406779652,,,0.0,0.0,52.0,0.7344632768361576,0.004825995808968602,0.2692307692307692,0.0,0,14,29,22,18,,27,52,3.800000000000001,0.05367231638418077,6.000000000000003,0.08474576271186438,19,30,18
123,C,all_agents,,,40,30,10,0,17,13,0.4232626356158261,0.23583199184339504,0.9962100306407782,0.09689523548040331,826,30,0.75,0,0.0,0.0,31.025,5490,,,,,,,,,,,,,,,,,,,,,,,,,,,
123,C,participants_only,,,30,30,0,0,17,13,0.48766969437807395,0.2615020626682314,0.9962100306407782,0.11238396801131662,826,30,1.0,0,0.0,0.0,24.7,5490,,,,,,,,,,,,,,,,,,,,,,,,,,,
123,C,nonparticipants_only,,,10,0,10,0,0,0,0.23004145932908265,0.22660826297487852,0.3684962252185985,0.0006498072668196422,0,0,0.0,0,0.0,0.0,50.0,0,,,,,,,,,,,,,,,,,,,,,,,,,,,
123,C,step_totals,,,,,,,,,,,,,,,,,,,,,71.00000000000007,8.0,0.11267605633802806,,,0.0,0.0,54.0,0.7605633802816893,0.004449053500736368,0.09259259259259259,0.0,0,5,15,24,16,,23,54,3.0000000000000004,0.04225352112676053,6.000000000000003,0.08450704225352108,15,30,25
124,C,all_agents,,,40,30,10,0,17,13,0.4236144424561545,0.23468454926481264,0.996361629415147,0.09722580950055618,830,30,0.75,0,0.0,0.0,31.075,5542,,,,,,,,,,,,,,,,,,,,,,,,,,,
124,C,participants_only,,,30,30,0,0,17,13,0.488027824887014,0.261033103484128,0.996361629415147,0.11282956130366513,830,30,1.0,0,0.0,0.0,24.766666666666666,5542,,,,,,,,,,,,,,,,,,,,,,,,,,,
124,C,nonparticipants_only,,,10,0,10,0,0,0,0.23037429516357594,0.22708888854180304,0.3666537440925055,0.0006255480570193148,0,0,0.0,0,0.0,0.0,50.0,0,,,,,,,,,,,,,,,,,,,,,,,,,,,
124,C,step_totals,,,,,,,,,,,,,,,,,,,,,70.80000000000007,9.0,0.1271186440677965,,,0.0,0.0,52.0,0.7344632768361575,0.004755505109938343,0.07692307692307693,0.0,0,4,29,22,18,,27,52,3.800000000000001,0.053672316384180754,6.000000000000003,0.08474576271186436,19,30,18
125,C,all_agents,,,40,30,10,0,17,13,0.4239472303120791,0.23513006812130807,0.9965071642385411,0.09763373798766331,838,30,0.75,0,0.0,0.0,31.025,5595,,,,,,,,,,,,,,,,,,,,,,,,,,,
125,C,participants_only,,,30,30,0,0,17,13,0.4883613036374343,0.2604415006248153,0.9965071642385411,0.11338090303457671,838,30,1.0,0,0.0,0.0,24.7,5595,,,,,,,,,,,,,,,,,,,,,,,,,,,
125,C,nonparticipants_only,,,10,0,10,0,0,0,0.23070501033601365,0.22760053367797167,0.364820475372043,0.0006021687385523143,0,0,0.0,0,0.0,0.0,50.0,0,,,,,,,,,,,,,,,,,,,,,,,,,,,
125,C,step_totals,,,,,,,,,,,,,,,,,,,,,71.00000000000007,8.0,0.11267605633802806,,,0.0,0.0,54.0,0.7605633802816893,0.004609961075312345,0.14814814814814814,0.0,0,8,15,24,16,,23,54,3.0000000000000004,0.04225352112676053,6.000000000000003,0.08450704225352108,15,30,25
126,C,all_agents,,,40,30,10,0,17,13,0.42425558039159417,0.2350627643730855,0.9966468776689995,0.09793627627378451,847,30,0.75,0,0.0,0.0,31.075,5646,,,,,,,,,,,,,,,,,,,,,,,,,,,
126,C,participants_only,,,30,30,0,0,17,13,0.4886629560483824,0.2601367130136627,0.9966468776689995,0.11379504923584328,847,30,1.0,0,0.0,0.0,24.766666666666666,5646,,,,,,,,,,,,,,,,,,,,,,,,,,,
126,C,nonparticipants_only,,,10,0,10,0,0,0,0.2310334534212295,0.2283467013577034,0.3629963729951828,0.0005802369196725015,0,0,0.0,0,0.0,0.0,50.0,0,,,,,,,,,,,,,,,,,,,,,,,,,,,
126,C,step_totals,,,,,,,,,,,,,,,,,,,,,70.80000000000007,9.0,0.1271186440677965,,,0.0,0.0,52.0,0.7344632768361575,0.004610764918368389,0.17307692307692307,0.0,0,9,29,22,18,,27,52,3.800000000000001,0.053672316384180754,6.000000000000003,0.08474576271186436,19,30,18
127,C,all_agents,,,40,30,10,0,17,13,0.4246222431960091,0.23516549367233536,0.9967810025622396,0.09835050846239954,856,30,0.75,0,0.0,0.0,31.025,5700,,,,,,,,,,,,,,,,,,,,,,,,,,,
127,C,participants_only,,,30,30,0,0,17,13,0.4890430369859832,0.25896160588332817,0.9967810025622396,0.1143475365962955,856,30,1.0,0,0.0,0.0,24.7,5700,,,,,,,,,,,,,,,,,,,,,,,,,,,
127,C,nonparticipants_only,,,10,0,10,0,0,0,0.2313598618260868,0.2286010954570068,0.36118139113020686,0.0005589599903472553,0,0,0.0,0,0.0,0.0,50.0,0,,,,,,,,,,,,,,,,,,,,,,,,,,,
127,C,step_totals,,,,,,,,,,,,,,,,,,,,,71.00000000000006,8.0,0.11267605633802807,,,0.0,0.0,54.0,0.7605633802816896,0.004726190719973307,0.16666666666666666,0.0,0,9,15,24,16,,24,54,3.0000000000000004,0.042253521126760535,6.000000000000003,0.0845070422535211,15,30,25
128,C,all_agents,,,40,30,10,0,17,13,0.42493415678269897,0.235188726904124,0.9969097624597499,0.0986612791431016,860,30,0.75,0,0.0,0.0,31.075,5752,,,,,,,,,,,,,,,,,,,,,,,,,,,
128,C,participants_only,,,30,30,0,0,17,13,0.48935081131789154,0.25820355947987644,0.9969097624597499,0.11477084787677305,860,30,1.0,0,0.0,0.0,24.766666666666666,5752,,,,,,,,,,,,,,,,,,,,,,,,,,,
128,C,nonparticipants_only,,,10,0,10,0,0,0,0.23168419317712136,0.22882156786217955,0.35937548417455584,0.0005385083640111446,0,0,0.0,0,0.0,0.0,50.0,0,,,,,,,,,,,,,,,,,,,,,,,,,,,
128,C,step_totals,,,,,,,,,,,,,,,,,,,,,70.80000000000005,9.0,0.12711864406779652,,,0.0,0.0,52.0,0.7344632768361576,0.004626099767754475,0.07692307692307693,0.0,0,4,29,22,18,,27,52,3.800000000000001,0.05367231638418077,6.000000000000003,0.08474576271186438,19,30,18
129,C,all_agents,,,40,30,10,0,17,13,0.42522708025738454,0.23556846758216438,0.99703337196136,0.0990484059017641,871,30,0.75,0,0.0,0.0,31.025,5805,,,,,,,,,,,,,,,,,,,,,,,,,,,
129,C,participants_only,,,30,30,0,0,17,13,0.48963386693904637,0.2583439694738304,0.99703337196136,0.11529895180871529,871,30,1.0,0,0.0,0.0,24.7,5805,,,,,,,,,,,,,,,,,,,,,,,,,,,
129,C,nonparticipants_only,,,10,0,10,0,0,0,0.23200672021239926,0.22882501662904497,0.3575786067536831,0.0005179581330255383,0,0,0.0,0,0.0,0.0,50.0,0,,,,,,,,,,,,,,,,,,,,,,,,,,,
129,C,step_totals,,,,,,,,,,,,,,,,,,,,,71.00000000000006,8.0,0.11267605633802807,,,0.0,0.0,54.0,0.7605633802816896,0.004479066444577962,0.2037037037037037,0.0,0,11,15,24,16,,24,54,3.0000000000000004,0.042253521126760535,6.000000000000003,0.0845070422535211,15,30,25
130,C,all_agents,,,40,30,10,0,17,13,0.4255000321215998,0.23513094691651226,0.9971520370829056,0.09933196415279383,878,30,0.75,0,0.0,0.0,31.075,5855,,,,,,,,,,,,,,,,,,,,,,,,,,,
130,C,participants_only,,,30,30,0,0,17,13,0.4898908870602336,0.2592424955573077,0.9971520370829056,0.11569213493372134,878,30,1.0,0,0.0,0.0,24.766666666666666,5855,,,,,,,,,,,,,,,,,,,,,,,,,,,
130,C,nonparticipants_only,,,10,0,10,0,0,0,0.23232746730569837,0.2297337499448534,0.35579071371991466,0.0004972654132730984,0,0,0.0,0,0.0,0.0,50.0,0,,,,,,,,,,,,,,,,,,,,,,,,,,,
130,C,step_totals,,,,,,,,,,,,,,,,,,,,,70.80000000000005,9.0,0.12711864406779652,,,0.0,0.0,52.0,0.7344632768361576,0.004496298424140794,0.1346153846153846,0.0,0,7,29,22,18,,27,52,3.800000000000001,0.05367231638418077,6.000000000000003,0.08474576271186438,19,30,18
130,C,reachability,0.225,0.0,,,,,,,,,,,,,,,,,,,,,,,,,,,,,,,,,,,,,,,,,,,,,
131,C,all_agents,,,40,30,10,0,17,13,0.4258270867062305,0.23521990843699042,0.9972659555995893,0.09972596102127712,880,30,0.75,0,0.0,0.0,31.025,5909,,,,,,,,,,,,,,,,,,,,,,,,,,,
131,C,participants_only,,,30,30,0,0,17,13,0.49022070952671126,0.25983628365755057,0.9972659555995893,0.11622271944437636,880,30,1.0,0,0.0,0.0,24.7,5909,,,,,,,,,,,,,,,,,,,,,,,,,,,
131,C,nonparticipants_only,,,10,0,10,0,0,0,0.23264621824478798,0.22989559151991565,0.3540117601513151,0.0004772218326232306,0,0,0.0,0,0.0,0.0,50.0,0,,,,,,,,,,,,,,,,,,,,,,,,,,,
131,C,step_totals,,,,,,,,,,,,,,,,,,,,,71.00000000000007,8.0,0.11267605633802806,,,0.0,0.0,54.0,0.7605633802816893,0.004596391807499917,0.037037037037037035,0.0,0,2,14,24,16,,23,54,3.0000000000000004,0.04225352112676053,6.000000000000003,0.08450704225352108,15,30,25
132,C,all_agents,,,40,30,10,0,17,13,0.4260707171803311,0.23553491654136355,0.9973753173756057,0.09999600486771107,892,30,0.75,0,0.0,0.0,31.075,5959,,,,,,,,,,,,,,,,,,,,,,,,,,,
132,C,participants_only,,,30,30,0,0,17,13,0.4904400895334046,0.2593882699086605,0.9973753173756057,0.11660128134746109,892,30,1.0,0,0.0,0.0,24.766666666666666,5959,,,,,,,,,,,,,,,,,,,,,,,,,,,
132,C,nonparticipants_only,,,10,0,10,0,0,0,0.23296260012111045,0.23060431852054525,0.3522417013505585,0.000459182262917499,0,0,0.0,0,0.0,0.0,50.0,0,,,,,,,,,,,,,,,,,,,,,,,,,,,
132,C,step_totals,,,,,,,,,,,,,,,,,,,,,70.80000000000005,9.0,0.12711864406779652,,,0.0,0.0,52.0,0.7344632768361576,0.0043995340288696776,0.23076923076923078,0.0,0,12,29,22,18,,27,52,3.800000000000001,0.05367231638418077,6.000000000000003,0.08474576271186438,19,30,18
133,C,all_agents,,,40,30,10,0,17,13,0.42629008051561557,0.23599169948810567,0.9974803046805815,0.10033018420453034,899,30,0.75,0,0.0,0.0,31.025,6009,,,,,,,,,,,,,,,,,,,,,,,,,,,
133,C,participants_only,,,30,30,0,0,17,13,0.4906276958072353,0.2588971546779113,0.9974803046805815,0.11706927060117286,899,30,1.0,0,0.0,0.0,24.7,6009,,,,,,,,,,,,,,,,,,,,,,,,,,,
133,C,nonparticipants_only,,,10,0,10,0,0,0,0.23327723464075648,0.230883750623251,0.35048049284380567,0.0004409801176533046,0,0,0.0,0,0.0,0.0,50.0,0,,,,,,,,,,,,,,,,,,,,,,,,,,,
133,C,step_totals,,,,,,,,,,,,,,,,,,,,,71.00000000000007,8.0,0.11267605633802806,,,0.0,0.0,54.0,0.7605633802816893,0.0042336305600627795,0.12962962962962962,0.0,0,7,14,24,16,,23,54,3.0000000000000004,0.04225352112676053,6.000000000000003,0.08450704225352108,15,30,25
134,C,all_agents,,,40,30,10,0,17,13,0.42652884544258973,0.2362748925898984,0.9975810924933582,0.10059512381308712,908,30,0.75,0,0.0,0.0,31.075,6060,,,,,,,,,,,,,,,,,,,,,,,,,,,
134,C,participants_only,,,30,30,0,0,17,13,0.49084181966886964,0.2585314412368913,0.9975810924933582,0.11744107954645645,908,30,1.0,0,0.0,0.0,24.766666666666666,6060,,,,,,,,,,,,,,,,,,,,,,,,,,,
134,C,nonparticipants_only,,,10,0,10,0,0,0,0.23358992276374996,0.2312225127859596,0.34872809037958663,0.0004233527670174021,0,0,0.0,0,0.0,0.0,50.0,0,,,,,,,,,,,,,,,,,,,,,,,,,,,
134,C,step_totals,,,,,,,,,,,,,,,,,,,,,70.80000000000007,9.0,0.1271186440677965,,,0.0,0.0,52.0,0.7344632768361575,0.00438433608404805,0.17307692307692307,0.0,0,9,29,22,18,,27,52,3.800000000000001,0.053672316384180754,6.000000000000003,0.08474576271186436,19,30,18
135,C,all_agents,,,40,30,10,0,17,13,0.4267704715769608,0.23636891935105298,0.9976778487936239,0.10095205977468709,914,30,0.75,0,0.0,0.0,31.025,6111,,,,,,,,,,,,,,,,,,,,,,,,,,,
135,C,participants_only,,,30,30,0,0,17,13,0.4910603845292242,0.2574086932047902,0.9976778487936239,0.11793460617326061,914,30,1.0,0,0.0,0.0,24.7,6111,,,,,,,,,,,,,,,,,,,,,,,,,,,
135,C,nonparticipants_only,,,10,0,10,0,0,0,0.23390073272017062,0.23134181062410253,0.3469844499276887,0.0004061056900512791,0,0,0.0,0,0.0,0.0,50.0,0,,,,,,,,,,,,,,,,,,,,,,,,,,,
135,C,step_totals,,,,,,,,,,,,,,,,,,,,,71.00000000000006,8.0,0.11267605633802807,,,0.0,0.0,54.0,0.7605633802816896,0.0043099248950272,0.1111111111111111,0.0,0,6,14,24,16,,23,54,3.0000000000000004,0.042253521126760535,6.000000000000003,0.0845070422535211,15,30,25
136,C,all_agents,,,40,30,10,0,17,13,0.42699282599631605,0.23672002300835493,0.997770734841879,0.10120747867278293,919,30,0.75,0,0.0,0.0,31.075,6162,,,,,,,,,,,,,,,,,,,,,,,,,,,
136,C,participants_only,,,30,30,0,0,17,13,0.49125381000379065,0.2564191461260663,0.997770734841879,0.11829589911936905,919,30,1.0,0,0.0,0.0,24.766666666666666,6162,,,,,,,,,,,,,,,,,,,,,,,,,,,
136,C,nonparticipants_only,,,10,0,10,0,0,0,0.23420987397389237,0.23231398065052444,0.3452495276780502,0.00038852854571770737,0,0,0.0,0,0.0,0.0,50.0,0,,,,,,,,,,,,,,,,,,,,,,,,,,,
136,C,step_totals,,,,,,,,,,,,,,,,,,,,,71.00000000000006,9.0,0.12676056338028158,,,0.0,0.0,52.0,0.7323943661971826,0.004318191526948769,0.09615384615384616,0.0,0,5,29,22,18,,27,52,4.000000000000001,0.05633802816901405,6.000000000000003,0.0845070422535211,20,30,18
137,C,all_agents,,,40,30,10,0,17,13,0.4272179751130137,0.23657690753871044,0.9978599054482038,0.10153597785922872,930,30,0.75,0,0.0,0.0,31.025,6214,,,,,,,,,,,,,,,,,,,,,,,,,,,
137,C,participants_only,,,30,30,0,0,17,13,0.49145166088835557,0.2555325441950945,0.9978599054482038,0.11875338280935004,930,30,1.0,0,0.0,0.0,24.7,6214,,,,,,,,,,,,,,,,,,,,,,,,,,,
137,C,nonparticipants_only,,,10,0,10,0,0,0,0.2345169177869879,0.23242525158055916,0.34352328003966,0.00037216634944042245,0,0,0.0,0,0.0,0.0,50.0,0,,,,,,,,,,,,,,,,,,,,,,,,,,,
137,C,step_totals,,,,,,,,,,,,,,,,,,,,,71.00000000000006,8.0,0.11267605633802807,,,0.0,0.0,54.0,0.7605633802816896,0.0042550227402234995,0.2037037037037037,0.0,0,11,14,24,16,,23,54,3.0000000000000004,0.042253521126760535,6.000000000000003,0.0845070422535211,15,30,25
138,C,all_agents,,,40,30,10,0,17,13,0.42738829489389024,0.2361687499778426,0.9979455092302757,0.10176580760524935,945,30,0.75,0,0.0,0.0,31.075,6263,,,,,,,,,,,,,,,,,,,,,,,,,,,
138,C,participants_only,,,30,30,0,0,17,13,0.4915770982018174,0.25477337407212197,0.9979455092302757,0.11908794384312943,945,30,1.0,0,0.0,0.0,24.766666666666666,6263,,,,,,,,,,,,,,,,,,,,,,,,,,,
138,C,nonparticipants_only,,,10,0,10,0,0,0,0.2348218849701088,0.2328410836836236,0.3418056636394617,0.0003569692503639742,0,0,0.0,0,0.0,0.0,50.0,0,,,,,,,,,,,,,,,,,,,,,,,,,,,
138,C,step_totals,,,,,,,,,,,,,,,,,,,,,71.00000000000007,9.0,0.12676056338028158,,,0.0,0.0,52.0,0.7323943661971823,0.004142977300738027,0.28846153846153844,0.0,0,15,29,22,18,,27,52,4.000000000000001,0.05633802816901404,6.000000000000003,0.08450704225352108,20,30,18
139,C,all_agents,,,40,30,10,0,17,13,0.4276509691700347,0.23696233086560953,0.9980276888610646,0.10212520927702717,952,30,0.75,0,0.0,0.0,31.025,6317,,,,,,,,,,,,,,,,,,,,,,,,,,,
139,C,participants_only,,,30,30,0,0,17,13,0.49182621811391697,0.25430466845714467,0.9980276888610646,0.11957929481701254,952,30,1.0,0,0.0,0.0,24.7,6317,,,,,,,,,,,,,,,,,,,,,,,,,,,
139,C,nonparticipants_only,,,10,0,10,0,0,0,0.23512522233838784,0.23298878977116583,0.3400966353212644,0.0003414017329599429,0,0,0.0,0,0.0,0.0,50.0,0,,,,,,,,,,,,,,,,,,,,,,,,,,,
139,C,step_totals,,,,,,,,,,,,,,,,,,,,,71.00000000000006,8.0,0.11267605633802807,,,0.0,0.0,54.0,0.7605633802816896,0.00438219070680126,0.12962962962962962,0.0,0,7,14,24,16,,23,54,3.0000000000000004,0.042253521126760535,6.000000000000003,0.0845070422535211,15,30,25
140,C,all_agents,,,40,30,10,0,17,13,0.42786936310107304,0.2371477499372829,0.998106581306622,0.10238159486890268,963,30,0.75,0,0.0,0.0,31.075,6369,,,,,,,,,,,,,,,,,,,,,,,,,,,
140,C,participants_only,,,30,30,0,0,17,13,0.4920169679991145,0.2537128940599521,0.998106581306622,0.1199401826322804,963,30,1.0,0,0.0,0.0,24.766666666666666,6369,,,,,,,,,,,,,,,,,,,,,,,,,,,
140,C,nonparticipants_only,,,10,0,10,0,0,0,0.23542654840694865,0.23339868068630545,0.33839615214465807,0.00032684900890668934,0,0,0.0,0,0.0,0.0,50.0,0,,,,,,,,,,,,,,,,,,,,,,,,,,,
140,C,step_totals,,,,,,,,,,,,,,,,,,,,,70.80000000000005,9.0,0.12711864406779652,,,0.0,0.0,52.0,0.7344632768361576,0.004319814929660576,0.21153846153846154,0.0,0,11,29,22,18,,27,52,3.800000000000001,0.05367231638418077,6.000000000000003,0.08474576271186438,19,30,18
140,C,reachability,0.25,0.0,,,,,,,,,,,,,,,,,,,,,,,,,,,,,,,,,,,,,,,,,,,,,
141,C,all_agents,,,40,30,10,0,17,13,0.42802156367319155,0.23763775480485677,0.9981823180543571,0.10267634695668285,969,30,0.75,0,0.0,0.0,31.025,6420,,,,,,,,,,,,,,,,,,,,,,,,,,,
141,C,participants_only,,,30,30,0,0,17,13,0.4921200484077602,0.25383083287123787,0.9981823180543571,0.12036317398367594,969,30,1.0,0,0.0,0.0,24.7,6420,,,,,,,,,,,,,,,,,,,,,,,,,,,
141,C,nonparticipants_only,,,10,0,10,0,0,0,0.23572610946948547,0.2337710781171281,0.33670417138393477,0.0003124769324907621,0,0,0.0,0,0.0,0.0,50.0,0,,,,,,,,,,,,,,,,,,,,,,,,,,,
141,C,step_totals,,,,,,,,,,,,,,,,,,,,,71.00000000000007,8.0,0.11267605633802806,,,0.0,0.0,54.0,0.7605633802816893,0.004009915485293919,0.1111111111111111,0.0,0,6,14,24,16,,23,54,3.0000000000000004,0.04225352112676053,6.000000000000003,0.08450704225352108,15,30,25
142,C,all_agents,,,40,30,10,0,17,13,0.4281994991896824,0.238116943927001,0.9982550253321828,0.10290478659734166,976,30,0.75,0,0.0,0.0,31.075,6470,,,,,,,,,,,,,,,,,,,,,,,,,,,
142,C,participants_only,,,30,30,0,0,17,13,0.4922580341529995,0.2543896987451722,0.9982550253321828,0.12069294629584038,976,30,1.0,0,0.0,0.0,24.766666666666666,6470,,,,,,,,,,,,,,,,,,,,,,,,,,,
142,C,nonparticipants_only,,,10,0,10,0,0,0,0.23602389429973097,0.23427455007749537,0.3350206505270151,0.0002983566820872381,0,0,0.0,0,0.0,0.0,50.0,0,,,,,,,,,,,,,,,,,,,,,,,,,,,
142,C,step_totals,,,,,,,,,,,,,,,,,,,,,71.00000000000007,9.0,0.12676056338028158,,,0.0,0.0,52.0,0.7323943661971823,0.004171186479346992,0.1346153846153846,0.0,0,7,29,22,18,,27,52,4.000000000000001,0.05633802816901404,6.000000000000003,0.08450704225352108,20,30,18
143,C,all_agents,,,40,30,10,0,17,13,0.4284344407998776,0.2378239517277228,0.9983248243188955,0.10324764186673542,986,30,0.75,0,0.0,0.0,31.025,6524,,,,,,,,,,,,,,,,,,,,,,,,,,,
143,C,participants_only,,,30,30,0,0,17,13,0.49247263489576815,0.2539680938589482,0.9983248243188955,0.12116507261780263,986,30,1.0,0,0.0,0.0,24.7,6524,,,,,,,,,,,,,,,,,,,,,,,,,,,
143,C,nonparticipants_only,,,10,0,10,0,0,0,0.236319858512206,0.23451926423207242,0.33334554727438,0.0002846659767783729,0,0,0.0,0,0.0,0.0,50.0,0,,,,,,,,,,,,,,,,,,,,,,,,,,,
143,C,step_totals,,,,,,,,,,,,,,,,,,,,,71.00000000000006,8.0,0.11267605633802807,,,0.0,0.0,54.0,0.7605633802816896,0.004289863589351618,0.18518518518518517,0.0,0,10,14,24,16,,23,54,3.0000000000000004,0.042253521126760535,6.000000000000003,0.0845070422535211,15,30,25
144,C,all_agents,,,40,30,10,0,17,13,0.42862620283572644,0.2379700461528204,0.9983918313461396,0.10348714927218715,990,30,0.75,0,0.0,0.0,31.075,6575,,,,,,,,,,,,,,,,,,,,,,,,,,,
144,C,participants_only,,,30,30,0,0,17,13,0.49263031267780566,0.25357892763790546,0.9983918313461396,0.12150613044984891,990,30,1.0,0,0.0,0.0,24.766666666666666,6575,,,,,,,,,,,,,,,,,,,,,,,,,,,
144,C,nonparticipants_only,,,10,0,10,0,0,0,0.2366138733094889,0.23499400517517,0.3316788195380081,0.0002718928190786318,0,0,0.0,0,0.0,0.0,50.0,0,,,,,,,,,,,,,,,,,,,,,,,,,,,
144,C,step_totals,,,,,,,,,,,,,,,,,,,,,70.80000000000007,9.0,0.1271186440677965,,,0.0,0.0,52.0,0.7344632768361575,0.0042312255962546836,0.07692307692307693,0.0,0,4,29,22,18,,27,52,3.800000000000001,0.053672316384180754,6.000000000000003,0.08474576271186436,19,30,18
145,C,all_agents,,,40,30,10,0,17,13,0.4287761867208651,0.23841638823262554,0.998456158092294,0.10378367353486767,996,30,0.75,0,0.0,0.0,31.025,6627,,,,,,,,,,,,,,,,,,,,,,,,,,,
145,C,participants_only,,,30,30,0,0,17,13,0.49273285349753815,0.253161304813453,0.998456158092294,0.1219300077300516,996,30,1.0,0,0.0,0.0,24.7,6627,,,,,,,,,,,,,,,,,,,,,,,,,,,
145,C,nonparticipants_only,,,10,0,10,0,0,0,0.2369061863908459,0.2350353797796395,0.33002042544031807,0.00025920824712715113,0,0,0.0,0,0.0,0.0,50.0,0,,,,,,,,,,,,,,,,,,,,,,,,,,,
145,C,step_totals,,,,,,,,,,,,,,,,,,,,,71.00000000000006,8.0,0.11267605633802807,,,0.0,0.0,54.0,0.7605633802816896,0.004003111878422178,0.1111111111111111,0.0,0,6,14,24,16,,23,54,3.0000000000000004,0.042253521126760535,6.000000000000003,0.0845070422535211,15,30,25
146,C,all_agents,,,40,30,10,0,17,13,0.42895575914833384,0.2386088120720482,0.9985179117686023,0.10401613120701214,1003,30,0.75,0,0.0,0.0,31.075,6679,,,,,,,,,,,,,,,,,,,,,,,,,,,
146,C,participants_only,,,30,30,0,0,17,13,0.49287547736375653,0.2519782878533032,0.9985179117686023,0.12226281247358017,1003,30,1.0,0,0.0,0.0,24.766666666666666,6679,,,,,,,,,,,,,,,,,,,,,,,,,,,
146,C,nonparticipants_only,,,10,0,10,0,0,0,0.23719660450206584,0.23545171524369923,0.3283703233131165,0.00024732288643959584,0,0,0.0,0,0.0,0.0,50.0,0,,,,,,,,,,,,,,,,,,,,,,,,,,,
146,C,step_totals,,,,,,,,,,,,,,,,,,,,,70.80000000000007,9.0,0.1271186440677965,,,0.0,0.0,52.0,0.7344632768361575,0.004189818911608812,0.1346153846153846,0.0,0,7,29,22,18,,27,52,3.800000000000001,0.053672316384180754,6.000000000000003,0.08474576271186436,19,30,18
147,C,all_agents,,,40,30,10,0,17,13,0.42914087989805144,0.2392327571773657,0.9985771952978582,0.10432472026177446,1010,30,0.75,0,0.0,0.0,31.025,6732,,,,,,,,,,,,,,,,,,,,,,,,,,,
147,C,participants_only,,,30,30,0,0,17,13,0.49302612042890576,0.2512665153957223,0.9985771952978582,0.12269560990934972,1010,30,1.0,0,0.0,0.0,24.7,6732,,,,,,,,,,,,,,,,,,,,,,,,,,,
147,C,nonparticipants_only,,,10,0,10,0,0,0,0.23748515830548828,0.23574414663487958,0.3267284716965509,0.00023616382682721787,0,0,0.0,0,0.0,0.0,50.0,0,,,,,,,,,,,,,,,,,,,,,,,,,,,
147,C,step_totals,,,,,,,,,,,,,,,,,,,,,71.00000000000006,8.0,0.11267605633802807,,,0.0,0.0,54.0,0.7605633802816896,0.004122332792257135,0.12962962962962962,0.0,0,7,14,24,16,,23,54,3.0000000000000004,0.042253521126760535,6.000000000000003,0.0845070422535211,15,30,25
148,C,all_agents,,,40,30,10,0,17,13,0.4292463697656533,0.23985102013537915,0.9986341074859438,0.10450958311663067,1017,30,0.75,0,0.0,0.0,31.075,6782,,,,,,,,,,,,,,,,,,,,,,,,,,,
148,C,participants_only,,,30,30,0,0,17,13,0.49307109449974995,0.2510665898714012,0.9986341074859438,0.12297688563354471,1017,30,1.0,0,0.0,0.0,24.766666666666666,6782,,,,,,,,,,,,,,,,,,,,,,,,,,,
148,C,nonparticipants_only,,,10,0,10,0,0,0,0.23777219556336326,0.23604277241666421,0.32509482933806816,0.00022452971728996622,0,0,0.0,0,0.0,0.0,50.0,0,,,,,,,,,,,,,,,,,,,,,,,,,,,
148,C,step_totals,,,,,,,,,,,,,,,,,,,,,70.80000000000007,9.0,0.1271186440677965,,,0.0,0.0,52.0,0.7344632768361575,0.003939774039991812,0.1346153846153846,0.0,0,7,29,22,18,,27,52,3.800000000000001,0.053672316384180754,6.000000000000003,0.08474576271186436,19,30,18
149,C,all_agents,,,40,30,10,0,17,13,0.4293987724778599,0.23954326226112888,0.9986887431865061,0.10480887636390608,1029,30,0.75,0,0.0,0.0,31.025,6834,,,,,,,,,,,,,,,,,,,,,,,,,,,
149,C,participants_only,,,30,30,0,0,17,13,0.493179186988317,0.25235647157185986,0.9986887431865061,0.12340236645076307,1029,30,1.0,0,0.0,0.0,24.7,6834,,,,,,,,,,,,,,,,,,,,,,,,,,,
149,C,nonparticipants_only,,,10,0,10,0,0,0,0.23805752894648863,0.23673910216423277,0.3234693551913778,0.00021311080182645012,0,0,0.0,0,0.0,0.0,50.0,0,,,,,,,,,,,,,,,,,,,,,,,,,,,
149,C,step_totals,,,,,,,,,,,,,,,,,,,,,71.00000000000007,8.0,0.11267605633802806,,,0.0,0.0,54.0,0.7605633802816893,0.0040114605010869685,0.2222222222222222,0.0,0,12,14,24,16,,23,54,3.0000000000000004,0.04225352112676053,6.000000000000003,0.08450704225352108,15,30,25
150,C,all_agents,,,40,30,10,0,17,13,0.4295570035525273,0.2395433182726004,0.9987411934590459,0.10502540714974352,1040,30,0.75,0,0.0,0.0,31.075,6885,,,,,,,,,,,,,,,,,,,,,,,,,,,
150,C,participants_only,,,30,30,0,0,17,13,0.49329571945358414,0.2528904277217581,0.9987411934590459,0.12371571097250132,1040,30,1.0,0,0.0,0.0,24.766666666666666,6885,,,,,,,,,,,,,,,,,,,,,,,,,,,
150,C,nonparticipants_only,,,10,0,10,0,0,0,0.23834085584935688,0.23707186857947088,0.32185200841542094,0.0002030088248825579,0,0,0.0,0,0.0,0.0,50.0,0,,,,,,,,,,,,,,,,,,,,,,,,,,,
150,C,step_totals,,,,,,,,,,,,,,,,,,,,,70.80000000000005,9.0,0.12711864406779652,,,0.0,0.0,52.0,0.7344632768361576,0.0041187273293313825,0.21153846153846154,0.0,0,11,29,22,18,,27,52,3.800000000000001,0.05367231638418077,6.000000000000003,0.08474576271186438,19,30,18
150,C,reachability,0.25,0.0,,,,,,,,,,,,,,,,,,,,,,,,,,,,,,,,,,,,,,,,,,,,,
151,C,all_agents,,,40,30,10,0,17,13,0.42971404895007476,0.23964487463301057,0.9987915457206841,0.10531743132721132,1043,30,0.75,0,0.0,0.0,31.025,6937,,,,,,,,,,,,,,,,,,,,,,,,,,,
151,C,participants_only,,,30,30,0,0,17,13,0.4934112034995878,0.2524876746063192,0.9987915457206841,0.12412965880157957,1043,30,1.0,0,0.0,0.0,24.7,6937,,,,,,,,,,,,,,,,,,,,,,,,,,,
151,C,nonparticipants_only,,,10,0,10,0,0,0,0.23862258530153554,0.23715381822007414,0.3202427483733438,0.00019281893165190006,0,0,0.0,0,0.0,0.0,50.0,0,,,,,,,,,,,,,,,,,,,,,,,,,,,
151,C,step_totals,,,,,,,,,,,,,,,,,,,,,71.00000000000006,8.0,0.11267605633802807,,,0.0,0.0,54.0,0.7605633802816896,0.004027101378365457,0.05555555555555555,0.0,0,3,14,24,16,,23,54,3.0000000000000004,0.042253521126760535,6.000000000000003,0.0845070422535211,15,30,25
152,C,all_agents,,,40,30,10,0,17,13,0.42986125037698864,0.23995196911670458,0.9988398838918567,0.10552673800162747,1052,30,0.75,0,0.0,0.0,31.075,6988,,,,,,,,,,,,,,,,,,,,,,,,,,,
152,C,participants_only,,,30,30,0,0,17,13,0.49351422392752714,0.25218895146851317,0.9988398838918567,0.12443420159325119,1052,30,1.0,0,0.0,0.0,24.766666666666666,6988,,,,,,,,,,,,,,,,,,,,,,,,,,,
152,C,nonparticipants_only,,,10,0,10,0,0,0,0.23890232972537306,0.23729346483205144,0.3186415346314771,0.00018393472484963275,0,0,0.0,0,0.0,0.0,50.0,0,,,,,,,,,,,,,,,,,,,,,,,,,,,
152,C,step_totals,,,,,,,,,,,,,,,,,,,,,70.80000000000007,9.0,0.1271186440677965,,,0.0,0.0,52.0,0.7344632768361575,0.004081565659181641,0.17307692307692307,0.0,0,9,29,22,18,,27,52,3.800000000000001,0.053672316384180754,6.000000000000003,0.08474576271186436,19,30,18
153,C,all_agents,,,40,30,10,0,17,13,0.4300123552967368,0.24005312411602675,0.9988862885361824,0.1058141240499767,1062,30,0.75,0,0.0,0.0,31.025,7041,,,,,,,,,,,,,,,,,,,,,,,,,,,
153,C,participants_only,,,30,30,0,0,17,13,0.49362298483127315,0.2517164928400844,0.9988862885361824,0.12484189778480001,1062,30,1.0,0,0.0,0.0,24.7,7041,,,,,,,,,,,,,,,,,,,,,,,,,,,
153,C,nonparticipants_only,,,10,0,10,0,0,0,0.2391804666931279,0.23808777721125246,0.3170483269583197,0.0001750565681464919,0,0,0.0,0,0.0,0.0,50.0,0,,,,,,,,,,,,,,,,,,,,,,,,,,,
153,C,step_totals,,,,,,,,,,,,,,,,,,,,,71.00000000000007,8.0,0.11267605633802806,,,0.0,0.0,54.0,0.7605633802816893,0.004006761455241627,0.18518518518518517,0.0,0,10,14,24,16,,23,54,3.0000000000000004,0.04225352112676053,6.000000000000003,0.08450704225352108,15,30,25
154,C,all_agents,,,40,30,10,0,17,13,0.43010247186181144,0.2407723357662675,0.9989308369947352,0.10598081823587982,1070,30,0.75,0,0.0,0.0,31.075,7091,,,,,,,,,,,,,,,,,,,,,,,,,,,
154,C,participants_only,,,30,30,0,0,17,13,0.4936508985568491,0.25065895521597636,0.9989308369947352,0.12509897160450334,1070,30,1.0,0,0.0,0.0,24.766666666666666,7091,,,,,,,,,,,,,,,,,,,,,,,,,,,
154,C,nonparticipants_only,,,10,0,10,0,0,0,0.23945719177669858,0.23827633848151525,0.31546308532352807,0.0001655277050343665,0,0,0.0,0,0.0,0.0,50.0,0,,,,,,,,,,,,,,,,,,,,,,,,,,,
154,C,step_totals,,,,,,,,,,,,,,,,,,,,,70.80000000000007,9.0,0.1271186440677965,,,0.0,0.0,52.0,0.7344632768361575,0.0038884836770127656,0.15384615384615385,0.0,0,8,29,22,18,,27,52,3.800000000000001,0.053672316384180754,6.000000000000003,0.08474576271186436,19,30,18
155,C,all_agents,,,40,30,10,0,17,13,0.43026608501841296,0.24034871485769782,0.9989736035149458,0.10627962979828826,1078,30,0.75,0,0.0,0.0,31.025,7145,,,,,,,,,,,,,,,,,,,,,,,,,,,
155,C,participants_only,,,30,30,0,0,17,13,0.4937773963099349,0.249905329118951,0.9989736035149458,0.12551921814655514,1078,30,1.0,0,0.0,0.0,24.7,7145,,,,,,,,,,,,,,,,,,,,,,,,,,,
155,C,nonparticipants_only,,,10,0,10,0,0,0,0.23973215114384686,0.23880427663492368,0.3138857698969104,0.0001566248098642181,0,0,0.0,0,0.0,0.0,50.0,0,,,,,,,,,,,,,,,,,,,,,,,,,,,
155,C,step_totals,,,,,,,,,,,,,,,,,,,,,71.00000000000007,8.0,0.11267605633802806,,,0.0,0.0,54.0,0.7605633802816893,0.004048474397595574,0.14814814814814814,0.0,0,8,14,24,16,,23,54,3.0000000000000004,0.04225352112676053,6.000000000000003,0.08450704225352108,15,30,25
156,C,all_agents,,,40,30,10,0,17,13,0.430337741072975,0.24093962666474547,0.999014659374348,0.10643653128106507,1082,30,0.75,0,0.0,0.0,31.075,7192,,,,,,,,,,,,,,,,,,,,,,,,,,,
156,C,participants_only,,,30,30,0,0,17,13,0.4937819156073985,0.24971398279482865,0.999014659374348,0.1257651135989597,1082,30,1.0,0,0.0,0.0,24.766666666666666,7192,,,,,,,,,,,,,,,,,,,,,,,,,,,
156,C,nonparticipants_only,,,10,0,10,0,0,0,0.2400052174697044,0.23909142285616067,0.31231634104742584,0.00014882493912844763,0,0,0.0,0,0.0,0.0,50.0,0,,,,,,,,,,,,,,,,,,,,,,,,,,,
156,C,step_totals,,,,,,,,,,,,,,,,,,,,,70.80000000000007,9.0,0.1271186440677965,,,0.0,0.0,52.0,0.7344632768361575,0.0038263681492886814,0.07692307692307693,0.0,0,4,29,22,18,,27,52,3.800000000000001,0.053672316384180754,6.000000000000003,0.08474576271186436,19,30,18
