step,condition,population,skill_reachability,resource_reachability,n_agents,maker_count,stage_consumer,stage_customizer,stage_maker,stage_advanced_maker,skill_mean,skill_median,skill_max,skill_var,method_count_total,method_holders,method_adoption_rate,method_peer_held,knowledge_diffusion_lag_mean,hop_count_mean,latent_distributed_resources,completed_projects_total,time_total,time_observe,time_share_observe,time_practice,time_share_practice,time_make,time_share_make,time_idle,time_share_idle,skill_gain_per_time,method_self_discovery_per_time,method_peer_acquisition_per_time,peer_acquired_count,self_discovered_count,reject_missing_asset,reject_time_budget_exceeded,count_observe,count_practice,count_make,count_idle,time_share,time_share_share,time_ask,time_share_ask,count_share,count_ask,reject_insufficient_material
0,A,reachability,0.65,0.0,,,,,,,,,,,,,,,,,,,,,,,,,,,,,,,,,,,,,,,,,,,,,
1,A,all_agents,,,40,0,16,24,0,0,0.166903267042518,0.14310248351244953,0.6505021143668505,0.012561321147853544,5,5,0.125,0,0.0,0.0,25.9,35,,,,,,,,,,,,,,,,,,,,,,,,,,,
1,A,participants_only,,,30,0,6,24,0,0,0.17090997412921588,0.15463685828617404,0.6505021143668505,0.011944683632199722,5,5,0.16666666666666666,0,0.0,0.0,24.533333333333335,35,,,,,,,,,,,,,,,,,,,,,,,,,,,
1,A,nonparticipants_only,,,10,0,10,0,0,0,0.1548831457824245,0.12666313641082355,0.6220349607134991,0.014218589274671872,0,0,0.0,0,0.0,0.0,30.0,0,,,,,,,,,,,,,,,,,,,,,,,,,,,
1,A,step_totals,,,,,,,,,,,,,,,,,,,,,83.49999999999999,4.000000000000002,0.0479041916167665,19.5,0.23353293413173656,60.0,0.7185628742514971,0.0,0.0,0.01982683661618299,0.08333333333333333,0.0,0,5,12,30,40,39,60,31,,,,,,,
2,A,all_agents,,,40,1,12,27,1,0,0.17291199222856443,0.14877775576288035,0.6644820297921764,0.01282446450958191,11,9,0.225,2,1.0,1.0,26.85,68,,,,,,,,,,,,,,,,,,,,,,,,,,,
2,A,participants_only,,,30,1,2,27,1,0,0.178636876169844,0.1588847765855176,0.6644820297921764,0.012389630094946157,11,9,0.3,2,1.0,1.0,24.133333333333333,68,,,,,,,,,,,,,,,,,,,,,,,,,,,
2,A,nonparticipants_only,,,10,0,10,0,0,0,0.15573734040472584,0.12602982072876942,0.6189247859099316,0.013735676199795724,0,0,0.0,0,0.0,0.0,35.0,0,,,,,,,,,,,,,,,,,,,,,,,,,,,
2,A,step_totals,,,,,,,,,,,,,,,,,,,,,86.3,4.000000000000002,0.046349942062572445,19.5,0.22595596755504058,59.0,0.6836616454229433,0.0,0.0,0.01814158134932878,0.06779661016949153,0.2564102564102565,2,4,12,23,40,39,59,31,0.8,0.009269988412514486,3.0000000000000004,0.034762456546929325,4,15,
3,A,all_agents,,,40,4,10,26,4,0,0.17960217076413396,0.15200201646743564,0.6779027486004894,0.01322813186500604,24,17,0.425,8,1.625,1.375,28.325,109,,,,,,,,,,,,,,,,,,,,,,,,,,,
3,A,participants_only,,,30,4,0,26,4,0,0.18727600155469445,0.1642161987686654,0.6779027486004894,0.012974730242154363,24,17,0.5666666666666667,8,1.625,1.375,24.433333333333334,109,,,,,,,,,,,,,,,,,,,,,,,,,,,
3,A,nonparticipants_only,,,10,0,10,0,0,0,0.1565806783924524,0.12539967162512558,0.615830161980382,0.013281684585535216,0,0,0.0,0,0.0,0.0,40.0,0,,,,,,,,,,,,,,,,,,,,,,,,,,,
3,A,step_totals,,,,,,,,,,,,,,,,,,,,,87.3,3.600000000000002,0.041237113402061876,19.5,0.22336769759450173,59.0,0.6758304696449027,0.0,0.0,0.01980278068380888,0.11864406779661017,0.6818181818181822,6,7,11,17,36,39,59,31,1.4,0.016036655211912942,3.800000000000001,0.04352806414662086,7,19,
4,A,all_agents,,,40,4,10,26,4,0,0.18458653239614062,0.15303260048977885,0.6745132348574869,0.01332103402683111,39,24,0.6,19,1.894736842105263,1.4210526315789473,30.225,134,,,,,,,,,,,,,,,,,,,,,,,,,,,
4,A,participants_only,,,30,4,0,26,4,0,0.19364391303440828,0.17624099089511153,0.6745132348574869,0.01314940440610478,39,24,0.8,19,1.894736842105263,1.4210526315789473,25.3,134,,,,,,,,,,,,,,,,,,,,,,,,,,,
4,A,nonparticipants_only,,,10,0,10,0,0,0,0.1574143904813377,0.12477267326699995,0.61275101117048,0.01285148916069251,0,0,0.0,0,0.0,0.0,45.0,0,,,,,,,,,,,,,,,,,,,,,,,,,,,
4,A,step_totals,,,,,,,,,,,,,,,,,,,,,86.60000000000004,4.000000000000002,0.046189376443418015,20.0,0.23094688221708998,54.0,0.6235565819861429,0.0,0.0,0.015452129032617322,0.07407407407407407,0.8730158730158741,11,4,28,5,40,40,54,38,3.400000000000001,0.039260969976905306,5.200000000000002,0.06004618937644342,17,26,21
5,A,all_agents,,,40,6,10,24,6,0,0.18925223431881394,0.15315894413454328,0.6711406686831995,0.013471336619224703,54,27,0.675,30,2.2,1.4666666666666666,32.75,159,,,,,,,,,,,,,,,,,,,,,,,,,,,
5,A,participants_only,,,30,6,0,24,6,0,0.19959015883735381,0.17535978594063595,0.6711406686831995,0.013385996732588952,54,27,0.9,30,2.2,1.4666666666666666,27.0,159,,,,,,,,,,,,,,,,,,,,,,,,,,,
5,A,nonparticipants_only,,,10,0,10,0,0,0,0.15823846076319423,0.12414880990066494,0.6096872561146276,0.012444884078919614,0,0,0.0,0,0.0,0.0,50.0,0,,,,,,,,,,,,,,,,,,,,,,,,,,,
5,A,step_totals,,,,,,,,,,,,,,,,,,,,,82.10000000000005,3.900000000000002,0.04750304506699147,20.0,0.24360535931790483,48.0,0.5846528623629716,0.0,0.0,0.015463739373538288,0.08333333333333333,0.7801418439716324,11,4,27,4,39,40,48,38,4.800000000000002,0.05846528623629718,5.400000000000002,0.06577344701583433,24,27,28
6,A,all_agents,,,40,6,10,24,6,0,0.19398237323201042,0.15559017490428084,0.6677849653397836,0.01368409526217405,64,27,0.675,33,2.3333333333333335,1.4242424242424243,33.475,186,,,,,,,,,,,,,,,,,,,,,,,,,,,
6,A,participants_only,,,30,6,0,24,6,0,0.20562543407247963,0.1799995093396884,0.6677849653397836,0.013683014422249071,64,27,0.9,33,2.3333333333333335,1.4242424242424243,27.966666666666665,186,,,,,,,,,,,,,,,,,,,,,,,,,,,
6,A,nonparticipants_only,,,10,0,10,0,0,0,0.15905319071060287,0.12352806585116162,0.6066388198340544,0.012060607393130583,0,0,0.0,0,0.0,0.0,50.0,0,,,,,,,,,,,,,,,,,,,,,,,,,,,
6,A,step_totals,,,,,,,,,,,,,,,,,,,,,81.60000000000007,3.0000000000000013,0.03676470588235293,20.0,0.24509803921568607,47.0,0.5759803921568623,0.0,0.0,0.01578099786700357,0.14893617021276595,0.20547945205479481,3,7,32,3,30,40,47,40,5.400000000000002,0.06617647058823527,6.200000000000003,0.07598039215686272,27,31,31
7,A,all_agents,,,40,7,10,23,7,0,0.19915397952936517,0.15952308794372902,0.6644460405130846,0.014022909530342685,75,30,0.75,39,2.641025641025641,1.358974358974359,33.775,215,,,,,,,,,,,,,,,,,,,,,,,,,,,
7,A,participants_only,,,30,7,0,23,7,0,0.21225216519045834,0.18410833473851784,0.6644460405130846,0.014112607474461763,75,30,1.0,39,2.641025641025641,1.358974358974359,28.366666666666667,215,,,,,,,,,,,,,,,,,,,,,,,,,,,
7,A,nonparticipants_only,,,10,0,10,0,0,0,0.15985942254608576,0.12291042552190581,0.6036056257348842,0.011695066086635864,0,0,0.0,0,0.0,0.0,50.0,0,,,,,,,,,,,,,,,,,,,,,,,,,,,
7,A,step_totals,,,,,,,,,,,,,,,,,,,,,89.60000000000007,1.2,0.013392857142857133,20.0,0.22321428571428556,57.0,0.6361607142857139,0.0,0.0,0.01545650405945807,0.08771929824561403,0.4761904761904767,6,5,31,7,12,40,57,38,5.400000000000002,0.06026785714285712,6.000000000000003,0.0669642857142857,27,30,28
8,A,all_agents,,,40,7,10,23,7,0,0.2043430720433334,0.16671861536207633,0.6611238103105193,0.014382233947186502,86,30,0.75,46,3.0869565217391304,1.434782608695652,34.2,246,,,,,,,,,,,,,,,,,,,,,,,,,,,
8,A,participants_only,,,30,7,0,23,7,0,0.21890518012595284,0.1871190331514177,0.6611238103105193,0.014544777880280423,86,30,1.0,46,3.0869565217391304,1.434782608695652,28.933333333333334,246,,,,,,,,,,,,,,,,,,,,,,,,,,,
8,A,nonparticipants_only,,,10,0,10,0,0,0,0.1606567477954751,0.12229587339429629,0.6005875976062097,0.011349942246186052,0,0,0.0,0,0.0,0.0,50.0,0,,,,,,,,,,,,,,,,,,,,,,,,,,,
8,A,step_totals,,,,,,,,,,,,,,,,,,,,,86.7000000000001,0.30000000000000004,0.003460207612456744,20.0,0.23068050749711622,54.0,0.6228373702422138,0.0,0.0,0.016066168798810183,0.07407407407407407,0.5511811023622053,7,4,41,8,3,40,54,37,6.000000000000003,0.0692041522491349,6.400000000000003,0.07381776239907722,30,32,32
9,A,all_agents,,,40,7,10,23,7,0,0.2095244451383582,0.17211389487123469,0.6578181912589667,0.014851099470249226,97,30,0.75,52,3.423076923076923,1.5384615384615385,33.825,276,,,,,,,,,,,,,,,,,,,,,,,,,,,
9,A,participants_only,,,30,7,0,23,7,0,0.22554998137039112,0.19525871216004148,0.6578181912589667,0.015102668499465316,97,30,1.0,52,3.423076923076923,1.5384615384615385,28.433333333333334,276,,,,,,,,,,,,,,,,,,,,,,,,,,,
9,A,nonparticipants_only,,,10,0,10,0,0,0,0.16144783644225938,0.12225805995975067,0.5975846596181786,0.011014578644310553,0,0,0.0,0,0.0,0.0,50.0,0,,,,,,,,,,,,,,,,,,,,,,,,,,,
9,A,step_totals,,,,,,,,,,,,,,,,,,,,,92.4000000000001,,,20.0,0.2164502164502162,60.0,0.6493506493506486,0.0,0.0,0.014992518927150936,0.08333333333333333,0.48387096774193594,6,5,27,8,,40,60,37,6.000000000000003,0.06493506493506489,6.400000000000003,0.06926406926406922,30,32,30
10,A,all_agents,,,40,9,10,21,9,0,0.21430353860892676,0.17496959183942679,0.6545291003026719,0.015436978291276434,106,30,0.75,57,3.719298245614035,1.543859649122807,33.475,305,,,,,,,,,,,,,,,,,,,,,,,,,,,
10,A,participants_only,,,30,9,0,21,9,0,0.2316611398832475,0.1977573002185025,0.6545291003026719,0.01581195969329266,106,30,1.0,57,3.719298245614035,1.543859649122807,27.966666666666665,305,,,,,,,,,,,,,,,,,,,,,,,,,,,
10,A,nonparticipants_only,,,10,0,10,0,0,0,0.16223073478596445,0.12366776048896175,0.5945967363200877,0.010696598221248133,0,0,0.0,0,0.0,0.0,50.0,0,,,,,,,,,,,,,,,,,,,,,,,,,,,
10,A,step_totals,,,,,,,,,,,,,,,,,,,,,87.60000000000011,,,20.0,0.22831050228310473,56.0,0.6392694063926933,0.0,0.0,0.014759110911402524,0.07142857142857142,0.43103448275862105,5,4,40,12,,40,56,36,6.000000000000003,0.06849315068493145,5.600000000000002,0.06392694063926935,30,28,29
10,A,reachability,0.3,0.0,,,,,,,,,,,,,,,,,,,,,,,,,,,,,,,,,,,,,,,,,,,,,
11,A,all_agents,,,40,12,10,18,12,0,0.21926420450282208,0.1764409324183337,0.6512564548011585,0.016145473210518492,117,30,0.75,60,3.9166666666666665,1.5333333333333334,33.0,336,,,,,,,,,,,,,,,,,,,,,,,,,,,
11,A,participants_only,,,30,12,0,18,12,0,0.23801649948715367,0.19820622860426046,0.6512564548011585,0.016657786438150073,117,30,1.0,60,3.9166666666666665,1.5333333333333334,27.333333333333332,336,,,,,,,,,,,,,,,,,,,,,,,,,,,
11,A,nonparticipants_only,,,10,0,10,0,0,0,0.16300731954982725,0.1264108205076201,0.5916237526384872,0.010388750721471092,0,0,0.0,0,0.0,0.0,50.0,0,,,,,,,,,,,,,,,,,,,,,,,,,,,
11,A,step_totals,,,,,,,,,,,,,,,,,,,,,91.80000000000011,,,20.0,0.21786492374727642,60.0,0.6535947712418293,0.0,0.0,0.014528209616153122,0.13333333333333333,0.25423728813559343,3,8,26,11,,40,60,37,6.000000000000003,0.06535947712418295,5.8000000000000025,0.06318082788671019,30,29,30
12,A,all_agents,,,40,14,10,16,14,0,0.22425627854423755,0.17676409267832016,0.6480001725271527,0.016923865714377016,129,30,0.75,61,3.9672131147540983,1.540983606557377,32.925,372,,,,,,,,,,,,,,,,,,,,,,,,,,,
12,A,participants_only,,,30,14,0,16,14,0,0.24441593953976312,0.20402603843216122,0.6480001725271527,0.01757546414767072,129,30,1.0,61,3.9672131147540983,1.540983606557377,27.233333333333334,372,,,,,,,,,,,,,,,,,,,,,,,,,,,
12,A,nonparticipants_only,,,10,0,10,0,0,0,0.16377729555766088,0.12696053229499946,0.5886656338752948,0.010092127237041731,0,0,0.0,0,0.0,0.0,50.0,0,,,,,,,,,,,,,,,,,,,,,,,,,,,
12,A,step_totals,,,,,,,,,,,,,,,,,,,,,83.4000000000001,,,20.0,0.23980815347721793,51.0,0.6115107913669057,0.0,0.0,0.016194355429140283,0.21568627450980393,0.08064516129032266,1,11,49,8,,40,51,37,6.000000000000003,0.07194244604316541,6.400000000000003,0.07673860911270977,30,32,34
13,A,all_agents,,,40,17,10,13,17,0,0.22936284710693336,0.1785910849348224,0.6603171264888025,0.01778028943257843,132,30,0.75,61,3.9672131147540983,1.540983606557377,32.475,407,,,,,,,,,,,,,,,,,,,,,,,,,,,
13,A,participants_only,,,30,17,0,13,17,0,0.2509699585771799,0.20507527210471482,0.6603171264888025,0.0185717630028406,132,30,1.0,61,3.9672131147540983,1.540983606557377,26.633333333333333,407,,,,,,,,,,,,,,,,,,,,,,,,,,,
13,A,nonparticipants_only,,,10,0,10,0,0,0,0.16454151269619371,0.13029983474018864,0.5857223057059183,0.009803461528740003,0,0,0.0,0,0.0,0.0,50.0,0,,,,,,,,,,,,,,,,,,,,,,,,,,,
13,A,step_totals,,,,,,,,,,,,,,,,,,,,,91.6000000000001,,,20.0,0.21834061135371158,60.0,0.6550218340611347,0.0,0.0,0.014965935893674386,0.05,0.0,0,3,26,12,,40,60,36,6.000000000000003,0.0655021834061135,5.600000000000002,0.06113537117903926,30,28,28
14,A,all_agents,,,40,18,10,12,18,0,0.23398282803344353,0.17885627336124704,0.6739044414292503,0.018782236965101038,139,30,0.75,63,4.190476190476191,1.5396825396825398,32.475,443,,,,,,,,,,,,,,,,,,,,,,,,,,,
14,A,participants_only,,,30,18,0,12,18,0,0.25687755470431306,0.20404989574419125,0.6739044414292503,0.019770349297282046,139,30,1.0,63,4.190476190476191,1.5396825396825398,26.633333333333333,443,,,,,,,,,,,,,,,,,,,,,,,,,,,
14,A,nonparticipants_only,,,10,0,10,0,0,0,0.16529864802083483,0.13030595751992813,0.5827936941773887,0.009527877856552097,0,0,0.0,0,0.0,0.0,50.0,0,,,,,,,,,,,,,,,,,,,,,,,,,,,
14,A,step_totals,,,,,,,,,,,,,,,,,,,,,82.40000000000009,,,20.0,0.24271844660194147,50.0,0.6067961165048537,0.0,0.0,0.015343882321796811,0.1,0.16129032258064532,2,5,50,8,,40,50,37,6.000000000000003,0.07281553398058248,6.400000000000003,0.07766990291262131,30,32,35
15,A,all_agents,,,40,21,10,9,21,0,0.23846705436825483,0.18229806688115818,0.6869482637720803,0.019702562544280454,145,30,0.75,63,4.190476190476191,1.5396825396825398,32.175,475,,,,,,,,,,,,,,,,,,,,,,,,,,,
15,A,participants_only,,,30,21,0,9,21,0,0.2626057439758157,0.20752760473342535,0.6869482637720803,0.02085384271262855,145,30,1.0,63,4.190476190476191,1.5396825396825398,26.233333333333334,475,,,,,,,,,,,,,,,,,,,,,,,,,,,
15,A,nonparticipants_only,,,10,0,10,0,0,0,0.16605098554557235,0.1296544277323285,0.5798797257065017,0.009256606007594186,0,0,0.0,0,0.0,0.0,50.0,0,,,,,,,,,,,,,,,,,,,,,,,,,,,
15,A,step_totals,,,,,,,,,,,,,,,,,,,,,88.20000000000009,,,20.0,0.22675736961451223,57.0,0.6462585034013599,0.0,0.0,0.013886419451251244,0.10526315789473684,0.0,0,6,30,14,,40,57,35,6.000000000000003,0.0680272108843537,5.200000000000002,0.05895691609977321,30,26,31
16,A,all_agents,,,40,23,10,7,23,0,0.24268785365517567,0.18280259113080602,0.6994703332211971,0.020700924855289824,150,30,0.75,63,4.190476190476191,1.5396825396825398,32.3,510,,,,,,,,,,,,,,,,,,,,,,,,,,,
16,A,participants_only,,,30,23,0,7,23,0,0.2679852561427674,0.20828914852878405,0.6994703332211971,0.022041155076087768,150,30,1.0,63,4.190476190476191,1.5396825396825398,26.4,510,,,,,,,,,,,,,,,,,,,,,,,,,,,
16,A,nonparticipants_only,,,10,0,10,0,0,0,0.16679564619240048,0.12900615559366685,0.5769803270779692,0.00900073132146544,0,0,0.0,0,0.0,0.0,50.0,0,,,,,,,,,,,,,,,,,,,,,,,,,,,
16,A,step_totals,,,,,,,,,,,,,,,,,,,,,78.9000000000001,,,19.5,0.2471482889733837,47.0,0.5956907477820017,0.0,0.0,0.014901375301041752,0.10638297872340426,0.0,0,5,57,8,,39,47,36,6.000000000000003,0.07604562737642578,6.400000000000003,0.0811153358681875,30,32,38
17,A,all_agents,,,40,24,10,6,24,0,0.24760282994143593,0.18433912547222803,0.7114915198923493,0.02180750490031392,157,30,0.75,63,4.190476190476191,1.5396825396825398,32.025,550,,,,,,,,,,,,,,,,,,,,,,,,,,,
17,A,participants_only,,,30,24,0,6,24,0,0.2742922081561697,0.20847173375340322,0.7114915198923493,0.023309912134739857,157,30,1.0,63,4.190476190476191,1.5396825396825398,26.033333333333335,550,,,,,,,,,,,,,,,,,,,,,,,,,,,
17,A,nonparticipants_only,,,10,0,10,0,0,0,0.16753469529723442,0.1284702042550247,0.5740954254425793,0.008752408283166806,0,0,0.0,0,0.0,0.0,50.0,0,,,,,,,,,,,,,,,,,,,,,,,,,,,
17,A,step_totals,,,,,,,,,,,,,,,,,,,,,88.00000000000009,,,20.0,0.22727272727272704,57.0,0.6477272727272722,0.0,0.0,0.015131970817776634,0.12280701754385964,0.0,0,7,29,15,,40,57,35,6.000000000000003,0.06818181818181815,5.000000000000002,0.05681818181818178,30,25,32
18,A,all_agents,,,40,25,10,5,25,0,0.2513991839389573,0.18696731204346834,0.7230318590966553,0.022881596122566593,163,30,0.75,63,4.190476190476191,1.5396825396825398,32.225,584,,,,,,,,,,,,,,,,,,,,,,,,,,,
18,A,participants_only,,,30,25,0,5,25,0,0.2791094755479445,0.2077617024840841,0.7230318590966553,0.024600395189845553,163,30,1.0,63,4.190476190476191,1.5396825396825398,26.3,584,,,,,,,,,,,,,,,,,,,,,,,,,,,
18,A,nonparticipants_only,,,10,0,10,0,0,0,0.16826830911199556,0.1290776714230043,0.5712249483153664,0.008510875788068415,0,0,0.0,0,0.0,0.0,50.0,0,,,,,,,,,,,,,,,,,,,,,,,,,,,
18,A,step_totals,,,,,,,,,,,,,,,,,,,,,77.70000000000009,,,18.5,0.23809523809523783,47.0,0.6048906048906042,0.0,0.0,0.013874019580403617,0.1276595744680851,0.0,0,6,56,9,,37,47,34,6.000000000000003,0.07722007722007716,6.200000000000003,0.07979407979407974,30,31,37
19,A,all_agents,,,40,27,10,3,27,0,0.25625676104692846,0.1896098589432691,0.7341105847327891,0.024040787776962967,170,30,0.75,63,4.190476190476191,1.5396825396825398,31.975,627,,,,,,,,,,,,,,,,,,,,,,,,,,,
19,A,participants_only,,,30,27,0,3,27,0,0.28534351440320294,0.21203265584330222,0.7341105847327891,0.02591151164468438,170,30,1.0,63,4.190476190476191,1.5396825396825398,25.966666666666665,627,,,,,,,,,,,,,,,,,,,,,,,,,,,
19,A,nonparticipants_only,,,10,0,10,0,0,0,0.16899650097810506,0.13115981459613607,0.5683688235737896,0.008276145524093809,0,0,0.0,0,0.0,0.0,50.0,0,,,,,,,,,,,,,,,,,,,,,,,,,,,
19,A,step_totals,,,,,,,,,,,,,,,,,,,,,86.30000000000008,,,18.5,0.21436848203939723,57.0,0.6604866743916564,0.0,0.0,0.015295574041529352,0.12280701754385964,0.0,0,7,27,16,,37,57,34,6.000000000000003,0.0695249130938586,4.800000000000002,0.05561993047508687,30,24,32
20,A,all_agents,,,40,30,10,0,30,0,0.2600173660541328,0.1920719658725564,0.7447461613434776,0.025226379850516987,171,30,0.75,63,4.190476190476191,1.5396825396825398,32.175,664,,,,,,,,,,,,,,,,,,,,,,,,,,,
20,A,participants_only,,,30,30,0,0,30,0,0.2901172853603672,0.21129183747781616,0.7447461613434776,0.027326253830183316,171,30,1.0,63,4.190476190476191,1.5396825396825398,26.233333333333334,664,,,,,,,,,,,,,,,,,,,,,,,,,,,
20,A,nonparticipants_only,,,10,0,10,0,0,0,0.16971760813542966,0.1315434127230864,0.5655269794559207,0.008054696204616144,0,0,0.0,0,0.0,0.0,50.0,0,,,,,,,,,,,,,,,,,,,,,,,,,,,
20,A,step_totals,,,,,,,,,,,,,,,,,,,,,77.0000000000001,,,18.0,0.23376623376623346,47.0,0.6103896103896096,0.0,0.0,0.013935597649595283,0.02127659574468085,0.0,0,1,56,10,,36,47,34,6.000000000000003,0.07792207792207785,6.000000000000003,0.07792207792207785,30,30,36
20,A,reachability,0.175,0.0,,,,,,,,,,,,,,,,,,,,,,,,,,,,,,,,,,,,,,,,,,,,,
21,A,all_agents,,,40,30,10,0,30,0,0.26424618602457667,0.1954940319110762,0.7549563148897385,0.02645611665414421,180,30,0.75,63,4.190476190476191,1.5396825396825398,31.925,703,,,,,,,,,,,,,,,,,,,,,,,,,,,
21,A,participants_only,,,30,30,0,0,30,0,0.2955169376096615,0.21356800273340126,0.7549563148897385,0.02875080773164911,180,30,1.0,63,4.190476190476191,1.5396825396825398,25.9,703,,,,,,,,,,,,,,,,,,,,,,,,,,,
21,A,nonparticipants_only,,,10,0,10,0,0,0,0.17043393126932202,0.1324086301709341,0.5626993445586411,0.00783772456527645,0,0,0.0,0,0.0,0.0,50.0,0,,,,,,,,,,,,,,,,,,,,,,,,,,,
21,A,step_totals,,,,,,,,,,,,,,,,,,,,,86.3000000000001,,,18.5,0.2143684820393972,57.0,0.6604866743916563,0.0,0.0,0.013578242764855704,0.15789473684210525,0.0,0,9,26,16,,37,57,34,6.000000000000003,0.06952491309385858,4.800000000000002,0.055619930475086864,30,24,32
22,A,all_agents,,,40,30,10,0,30,0,0.26778080293632284,0.19832553265349512,0.7647580622941489,0.027631927733524055,185,30,0.75,63,4.190476190476191,1.5396825396825398,32.125,740,,,,,,,,,,,,,,,,,,,,,,,,,,,
22,A,participants_only,,,30,30,0,0,30,0,0.29999299592103856,0.21434700802244538,0.7647580622941489,0.030148768081640003,185,30,1.0,63,4.190476190476191,1.5396825396825398,26.166666666666668,740,,,,,,,,,,,,,,,,,,,,,,,,,,,
22,A,nonparticipants_only,,,10,0,10,0,0,0,0.17114422398217558,0.13502071723243295,0.5598858478358479,0.007629902166561369,0,0,0.0,0,0.0,0.0,50.0,0,,,,,,,,,,,,,,,,,,,,,,,,,,,
22,A,step_totals,,,,,,,,,,,,,,,,,,,,,76.90000000000009,,,17.5,0.22756827048114409,47.0,0.6111833550065012,0.0,0.0,0.013291563673439583,0.10638297872340426,0.0,0,5,56,8,,35,47,34,6.000000000000003,0.07802340702210657,6.400000000000003,0.08322496749024702,30,32,35
23,A,all_agents,,,40,30,10,0,30,0,0.27190703771965563,0.2020635676414756,0.774167739802383,0.028832246741489886,192,30,0.75,64,4.40625,1.546875,31.875,780,,,,,,,,,,,,,,,,,,,,,,,,,,,
23,A,participants_only,,,30,30,0,0,30,0,0.30525963381421084,0.22002968208175894,0.774167739802383,0.031517239819312856,192,30,1.0,64,4.40625,1.546875,25.833333333333332,780,,,,,,,,,,,,,,,,,,,,,,,,,,,
23,A,nonparticipants_only,,,10,0,10,0,0,0,0.17184924943599006,0.1370441200151299,0.5570864185966687,0.007428519513062506,0,0,0.0,0,0.0,0.0,50.0,0,,,,,,,,,,,,,,,,,,,,,,,,,,,
23,A,step_totals,,,,,,,,,,,,,,,,,,,,,85.6000000000001,,,18.0,0.21028037383177547,57.0,0.665887850467289,0.0,0.0,0.013422063452523164,0.10526315789473684,0.09433962264150948,1,6,24,17,,36,57,32,6.000000000000003,0.07009345794392519,4.600000000000001,0.0537383177570093,30,23,32
24,A,all_agents,,,40,30,10,0,30,0,0.275162978406517,0.20191473080708605,0.7832010302102876,0.029929523410606427,199,30,0.75,64,4.40625,1.546875,32.075,815,,,,,,,,,,,,,,,,,,,,,,,,,,,
24,A,participants_only,,,30,30,0,0,30,0,0.3093674498510849,0.2196388920451725,0.7832010302102876,0.03281575126542765,199,30,1.0,64,4.40625,1.546875,26.1,815,,,,,,,,,,,,,,,,,,,,,,,,,,,
24,A,nonparticipants_only,,,10,0,10,0,0,0,0.17254956407281336,0.13823430973681505,0.5543009865036854,0.0072314894445156385,0,0,0.0,0,0.0,0.0,50.0,0,,,,,,,,,,,,,,,,,,,,,,,,,,,
24,A,step_totals,,,,,,,,,,,,,,,,,,,,,76.2000000000001,,,17.0,0.2230971128608921,47.0,0.6167979002624664,0.0,0.0,0.012582617934589924,0.14893617021276595,0.0,0,7,56,9,,34,47,33,6.000000000000003,0.07874015748031489,6.200000000000003,0.08136482939632539,30,31,34
25,A,all_agents,,,40,30,10,0,30,0,0.2789147555418431,0.20509209080209384,0.7918729890018761,0.031206658852700415,205,30,0.75,64,4.40625,1.546875,31.825,854,,,,,,,,,,,,,,,,,,,,,,,,,,,
25,A,participants_only,,,30,30,0,0,30,0,0.31413840803869997,0.22195428892227437,0.7918729890018761,0.03429807714607078,205,30,1.0,64,4.40625,1.546875,25.766666666666666,854,,,,,,,,,,,,,,,,,,,,,,,,,,,
25,A,nonparticipants_only,,,10,0,10,0,0,0,0.17324379805127244,0.1395177213896317,0.551529481571167,0.007043935629957358,0,0,0.0,0,0.0,0.0,50.0,0,,,,,,,,,,,,,,,,,,,,,,,,,,,
25,A,step_totals,,,,,,,,,,,,,,,,,,,,,85.20000000000009,,,18.0,0.2112676056338026,57.0,0.6690140845070416,0.0,0.0,0.0124645515024882,0.10526315789473684,0.0,0,6,24,19,,36,57,32,6.000000000000003,0.07042253521126757,4.200000000000001,0.049295774647887286,30,21,32
26,A,all_agents,,,40,30,10,0,30,0,0.2821057802992039,0.2044670948464593,0.800198069441801,0.03242865884988865,210,30,0.75,64,4.40625,1.546875,32.05,892,,,,,,,,,,,,,,,,,,,,,,,,,,,
26,A,participants_only,,,30,30,0,0,30,0,0.3181634405251546,0.22455228338807365,0.800198069441801,0.035749986471671956,210,30,1.0,64,4.40625,1.546875,26.066666666666666,892,,,,,,,,,,,,,,,,,,,,,,,,,,,
26,A,nonparticipants_only,,,10,0,10,0,0,0,0.17393279962135175,0.1434048492555478,0.5487718341633111,0.006862817652897452,0,0,0.0,0,0.0,0.0,50.0,0,,,,,,,,,,,,,,,,,,,,,,,,,,,
26,A,step_totals,,,,,,,,,,,,,,,,,,,,,76.20000000000009,,,17.0,0.22309711286089212,47.0,0.6167979002624665,0.0,0.0,0.01240690769220021,0.10638297872340426,0.0,0,5,56,9,,34,47,33,6.000000000000003,0.0787401574803149,6.200000000000003,0.0813648293963254,30,31,34
27,A,all_agents,,,40,30,10,0,29,1,0.28578598072771727,0.20724194130407392,0.808190146664129,0.03370017807555859,216,30,0.75,64,4.40625,1.546875,31.8,933,,,,,,,,,,,,,,,,,,,,,,,,,,,
27,A,participants_only,,,30,30,0,0,29,1,0.32284212569803455,0.22747501763814884,0.808190146664129,0.0372127924973243,216,30,1.0,64,4.40625,1.546875,25.733333333333334,933,,,,,,,,,,,,,,,,,,,,,,,,,,,
27,A,nonparticipants_only,,,10,0,10,0,0,0,0.1746175458167655,0.14458428426009934,0.5460279749924946,0.0066844402495274315,0,0,0.0,0,0.0,0.0,50.0,0,,,,,,,,,,,,,,,,,,,,,,,,,,,
27,A,step_totals,,,,,,,,,,,,,,,,,,,,,84.00000000000009,,,17.0,0.2023809523809522,57.0,0.6785714285714279,0.0,0.0,0.012468224572230102,0.10526315789473684,0.0,0,6,23,20,,34,57,32,6.000000000000003,0.07142857142857138,4.000000000000001,0.04761904761904758,30,20,32
28,A,all_agents,,,40,30,10,0,29,1,0.28880481330330926,0.2087837560406281,0.8158625407975638,0.034928890923647836,220,30,0.75,64,4.40625,1.546875,32.05,972,,,,,,,,,,,,,,,,,,,,,,,,,,,
28,A,participants_only,,,30,30,0,0,29,1,0.3266406311339977,0.22974988674840313,0.8158625407975638,0.03867520147044271,220,30,1.0,64,4.40625,1.546875,26.066666666666666,972,,,,,,,,,,,,,,,,,,,,,,,,,,,
28,A,nonparticipants_only,,,10,0,10,0,0,0,0.17529735981124392,0.14434411279717924,0.543297835117532,0.006511369952258709,0,0,0.0,0,0.0,0.0,50.0,0,,,,,,,,,,,,,,,,,,,,,,,,,,,
28,A,step_totals,,,,,,,,,,,,,,,,,,,,,75.70000000000009,,,16.5,0.21796565389696143,47.0,0.6208718626155871,0.0,0.0,0.011987118486365807,0.0851063829787234,0.0,0,4,56,9,,33,47,33,6.000000000000003,0.07926023778071328,6.200000000000003,0.08190224570673706,30,31,34
29,A,all_agents,,,40,30,10,0,29,1,0.2926494296909917,0.21007580879337484,0.8232280391656612,0.03616708180480281,228,30,0.75,64,4.40625,1.546875,31.8,1017,,,,,,,,,,,,,,,,,,,,,,,,,,,
29,A,participants_only,,,30,30,0,0,29,1,0.3315419781217462,0.23544345669623087,0.8232280391656612,0.040057116689939894,228,30,1.0,64,4.40625,1.546875,25.733333333333334,1017,,,,,,,,,,,,,,,,,,,,,,,,,,,
29,A,nonparticipants_only,,,10,0,10,0,0,0,0.17597178439872813,0.14570492444214667,0.5405813459419444,0.006345413268128514,0,0,0.0,0,0.0,0.0,50.0,0,,,,,,,,,,,,,,,,,,,,,,,,,,,
29,A,step_totals,,,,,,,,,,,,,,,,,,,,,83.50000000000007,,,16.5,0.1976047904191615,57.0,0.6826347305389215,0.0,0.0,0.013063554891676168,0.14035087719298245,0.0,0,8,22,20,,33,57,32,6.000000000000003,0.07185628742514967,4.000000000000001,0.047904191616766435,30,20,32
30,A,all_agents,,,40,30,10,0,29,1,0.29546060381587386,0.21186445949917057,0.8302989175990347,0.03730445981016723,232,30,0.75,64,4.40625,1.546875,32.05,1055,,,,,,,,,,,,,,,,,,,,,,,,,,,
30,A,participants_only,,,30,30,0,0,29,1,0.33506685873947584,0.23839192220714875,0.8302989175990347,0.04140371723160805,232,30,1.0,64,4.40625,1.546875,26.066666666666666,1055,,,,,,,,,,,,,,,,,,,,,,,,,,,
30,A,nonparticipants_only,,,10,0,10,0,0,0,0.17664183904506797,0.14805013804577175,0.5378784392122347,0.006182822396964624,0,0,0.0,0,0.0,0.0,50.0,0,,,,,,,,,,,,,,,,,,,,,,,,,,,
30,A,step_totals,,,,,,,,,,,,,,,,,,,,,75.90000000000008,,,16.5,0.21739130434782586,47.0,0.6192358366271403,0.0,0.0,0.01133546724083375,0.0851063829787234,0.0,0,4,56,8,,33,47,33,6.000000000000003,0.07905138339920945,6.400000000000003,0.0843214756258234,30,32,34
30,A,reachability,0.175,0.0,,,,,,,,,,,,,,,,,,,,,,,,,,,,,,,,,,,,,,,,,,,,,
31,A,all_agents,,,40,30,10,0,28,2,0.2986839258338516,0.21360331806309052,0.8370869608950734,0.038503098383624076,235,30,0.75,64,4.40625,1.546875,31.8,1095,,,,,,,,,,,,,,,,,,,,,,,,,,,
31,A,participants_only,,,30,30,0,0,28,2,0.3391428923227686,0.23984241226511716,0.8370869608950734,0.04278128085343138,235,30,1.0,64,4.40625,1.546875,25.733333333333334,1095,,,,,,,,,,,,,,,,,,,,,,,,,,,
31,A,nonparticipants_only,,,10,0,10,0,0,0,0.1773070263671007,0.1499418144396809,0.5351890470161735,0.006025415341986477,0,0,0.0,0,0.0,0.0,50.0,0,,,,,,,,,,,,,,,,,,,,,,,,,,,
31,A,step_totals,,,,,,,,,,,,,,,,,,,,,82.60000000000007,,,16.0,0.19370460048426136,57.0,0.690072639225181,0.0,0.0,0.011431775226439714,0.05263157894736842,0.0,0,3,21,22,,32,57,32,6.000000000000003,0.07263922518159804,3.600000000000001,0.043583535108958814,30,18,31
32,A,all_agents,,,40,30,10,0,28,2,0.3015302229257506,0.2152137824829158,0.8436034824592704,0.03958076367114192,238,30,0.75,64,4.40625,1.546875,32.05,1135,,,,,,,,,,,,,,,,,,,,,,,,,,,
32,A,participants_only,,,30,30,0,0,28,2,0.3427177919056315,0.2406455140291982,0.8436034824592704,0.04403111561193113,238,30,1.0,64,4.40625,1.546875,26.066666666666666,1135,,,,,,,,,,,,,,,,,,,,,,,,,,,
32,A,nonparticipants_only,,,10,0,10,0,0,0,0.17796751598610788,0.15107922872919888,0.5325131017810927,0.005872717787104898,0,0,0.0,0,0.0,0.0,50.0,0,,,,,,,,,,,,,,,,,,,,,,,,,,,
32,A,step_totals,,,,,,,,,,,,,,,,,,,,,75.70000000000009,,,16.5,0.21796565389696143,47.0,0.6208718626155871,0.0,0.0,0.011506207088455182,0.06382978723404255,0.0,0,3,56,9,,33,47,33,6.000000000000003,0.07926023778071328,6.200000000000003,0.08190224570673706,30,31,34
33,A,all_agents,,,40,30,10,0,28,2,0.30466770577394603,0.21519449412102956,0.8498593431608996,0.04080140018445061,240,30,0.75,64,4.40625,1.546875,31.8,1177,,,,,,,,,,,,,,,,,,,,,,,,,,,
33,A,participants_only,,,30,30,0,0,28,2,0.3466824045183196,0.2423827795225913,0.8498593431608996,0.04543306831723531,240,30,1.0,64,4.40625,1.546875,25.733333333333334,1177,,,,,,,,,,,,,,,,,,,,,,,,,,,
33,A,nonparticipants_only,,,10,0,10,0,0,0,0.1786236095408252,0.1529417196311833,0.5298505362721873,0.005723576859130898,0,0,0.0,0,0.0,0.0,50.0,0,,,,,,,,,,,,,,,,,,,,,,,,,,,
33,A,step_totals,,,,,,,,,,,,,,,,,,,,,81.60000000000008,,,15.0,0.18382352941176452,57.0,0.6985294117647052,0.0,0.0,0.011351526053488254,0.03508771929824561,0.0,0,2,21,22,,30,57,31,6.000000000000003,0.07352941176470584,3.600000000000001,0.0441176470588235,30,18,30
34,A,all_agents,,,40,30,10,0,27,3,0.30713791620263586,0.21726971508898962,0.8558649694344637,0.04178284275810755,244,30,0.75,64,4.40625,1.546875,32.05,1213,,,,,,,,,,,,,,,,,,,,,,,,,,,
34,A,participants_only,,,30,30,0,0,27,3,0.34975868086292805,0.2447273500806419,0.8558649694344637,0.04658536476988106,244,30,1.0,64,4.40625,1.546875,26.066666666666666,1213,,,,,,,,,,,,,,,,,,,,,,,,,,,
34,A,nonparticipants_only,,,10,0,10,0,0,0,0.17927562222175938,0.15351594612789932,0.5272012835908263,0.0055769217600509105,0,0,0.0,0,0.0,0.0,50.0,0,,,,,,,,,,,,,,,,,,,,,,,,,,,
34,A,step_totals,,,,,,,,,,,,,,,,,,,,,75.70000000000007,,,16.5,0.2179656538969615,47.0,0.6208718626155872,0.0,0.0,0.010343250641548741,0.0851063829787234,0.0,0,4,55,9,,33,47,33,6.000000000000003,0.0792602377807133,6.200000000000003,0.08190224570673708,30,31,34
35,A,all_agents,,,40,30,10,0,26,4,0.3103733860954296,0.21721443062874723,0.8616303706570851,0.04295617667578161,249,30,0.75,64,4.40625,1.546875,31.8,1258,,,,,,,,,,,,,,,,,,,,,,,,,,,
35,A,participants_only,,,30,30,0,0,26,4,0.3538569217709311,0.25111642613215335,0.8616303706570851,0.04789974011916113,249,30,1.0,64,4.40625,1.546875,25.733333333333334,1258,,,,,,,,,,,,,,,,,,,,,,,,,,,
35,A,nonparticipants_only,,,10,0,10,0,0,0,0.179922779068925,0.1561519999752774,0.5245652771728722,0.005435671847531693,0,0,0.0,0,0.0,0.0,50.0,0,,,,,,,,,,,,,,,,,,,,,,,,,,,
35,A,step_totals,,,,,,,,,,,,,,,,,,,,,81.60000000000008,,,15.0,0.18382352941176452,57.0,0.6985294117647052,0.0,0.0,0.01165918691791576,0.08771929824561403,0.0,0,5,21,22,,30,57,31,6.000000000000003,0.07352941176470584,3.600000000000001,0.0441176470588235,30,18,30
36,A,all_agents,,,40,30,10,0,25,5,0.31309497561385413,0.21957575717697198,0.8671651558308018,0.04396589006041449,255,30,0.75,64,4.40625,1.546875,32.05,1300,,,,,,,,,,,,,,,,,,,,,,,,,,,
36,A,participants_only,,,30,30,0,0,25,5,0.35727139332668517,0.2541524252247709,0.8671651558308018,0.049049133295858284,255,30,1.0,64,4.40625,1.546875,26.066666666666666,1300,,,,,,,,,,,,,,,,,,,,,,,,,,,
36,A,nonparticipants_only,,,10,0,10,0,0,0,0.180565722475361,0.15725589939726325,0.5219424507870077,0.005297489770820745,0,0,0.0,0,0.0,0.0,50.0,0,,,,,,,,,,,,,,,,,,,,,,,,,,,
36,A,step_totals,,,,,,,,,,,,,,,,,,,,,75.5000000000001,,,16.5,0.2185430463576156,47.0,0.6225165562913899,0.0,0.0,0.011208693811345016,0.1276595744680851,0.0,0,6,54,10,,33,47,33,6.000000000000003,0.07947019867549662,6.000000000000003,0.07947019867549662,30,30,34
37,A,all_agents,,,40,30,10,0,25,5,0.3160421555345581,0.21996083329748803,0.8724785495975698,0.045100889811138016,259,30,0.75,64,4.40625,1.546875,31.8,1343,,,,,,,,,,,,,,,,,,,,,,,,,,,
37,A,participants_only,,,30,30,0,0,25,5,0.3609881701693912,0.2575065086876829,0.8724785495975698,0.050332710038478855,259,30,1.0,64,4.40625,1.546875,25.733333333333334,1343,,,,,,,,,,,,,,,,,,,,,,,,,,,
37,A,nonparticipants_only,,,10,0,10,0,0,0,0.18120411163005887,0.15905270489449322,0.5193327385330727,0.005163698350459937,0,0,0.0,0,0.0,0.0,50.0,0,,,,,,,,,,,,,,,,,,,,,,,,,,,
37,A,step_totals,,,,,,,,,,,,,,,,,,,,,81.40000000000006,,,15.0,0.18427518427518413,57.0,0.7002457002456997,0.0,0.0,0.010860794322132264,0.07017543859649122,0.0,0,4,20,23,,30,57,30,6.000000000000003,0.07371007371007368,3.400000000000001,0.04176904176904175,30,17,29
38,A,all_agents,,,40,30,10,0,25,5,0.318336577768736,0.2215384702357443,0.8775794076136669,0.046042045899160465,266,30,0.75,64,4.40625,1.546875,32.05,1381,,,,,,,,,,,,,,,,,,,,,,,,,,,
38,A,participants_only,,,30,30,0,0,25,5,0.36383612813124105,0.2592548096067553,0.8775794076136669,0.05143040163653096,266,30,1.0,64,4.40625,1.546875,26.066666666666666,1381,,,,,,,,,,,,,,,,,,,,,,,,,,,
38,A,nonparticipants_only,,,10,0,10,0,0,0,0.18183792668122065,0.15966245442802268,0.5167360748404074,0.005034469688767326,0,0,0.0,0,0.0,0.0,50.0,0,,,,,,,,,,,,,,,,,,,,,,,,,,,
38,A,step_totals,,,,,,,,,,,,,,,,,,,,,75.50000000000009,,,16.5,0.21854304635761565,47.0,0.62251655629139,0.0,0.0,0.00988056487421285,0.14893617021276595,0.0,0,7,54,10,,33,47,33,6.000000000000003,0.07947019867549664,6.000000000000003,0.07947019867549664,30,30,34
39,A,all_agents,,,40,30,10,0,24,6,0.3211471186621585,0.22085677689640715,0.8824762313091202,0.047157444113010295,276,30,0.75,64,4.40625,1.546875,31.8,1424,,,,,,,,,,,,,,,,,,,,,,,,,,,
39,A,participants_only,,,30,30,0,0,24,6,0.3673734606352525,0.25854749970451407,0.8824762313091202,0.052693640293383755,276,30,1.0,64,4.40625,1.546875,25.733333333333334,1424,,,,,,,,,,,,,,,,,,,,,,,,,,,
39,A,nonparticipants_only,,,10,0,10,0,0,0,0.1824680927428765,0.1608541899130942,0.5141523944662053,0.0049063592653287086,0,0,0.0,0,0.0,0.0,50.0,0,,,,,,,,,,,,,,,,,,,,,,,,,,,
39,A,step_totals,,,,,,,,,,,,,,,,,,,,,80.90000000000008,,,14.5,0.17923362175525323,57.0,0.7045735475896161,0.0,0.0,0.010557345423286724,0.17543859649122806,0.0,0,10,20,23,,29,57,30,6.000000000000003,0.07416563658838068,3.400000000000001,0.04202719406674904,30,17,28
40,A,all_agents,,,40,30,10,0,24,6,0.3232186688359325,0.22447757807235885,0.8871771820567554,0.04810522155252813,281,30,0.75,64,4.40625,1.546875,32.05,1462,,,,,,,,,,,,,,,,,,,,,,,,,,,
40,A,participants_only,,,30,30,0,0,24,6,0.36992677561992793,0.26364787590311883,0.8871771820567554,0.05382023616208195,281,30,1.0,64,4.40625,1.546875,26.066666666666666,1462,,,,,,,,,,,,,,,,,,,,,,,,,,,
40,A,nonparticipants_only,,,10,0,10,0,0,0,0.18309434848394612,0.1625411605593623,0.5115816324938742,0.0047804108517252,0,0,0.0,0,0.0,0.0,50.0,0,,,,,,,,,,,,,,,,,,,,,,,,,,,
40,A,step_totals,,,,,,,,,,,,,,,,,,,,,75.00000000000007,,,16.0,0.21333333333333312,47.0,0.626666666666666,0.0,0.0,0.009275395789013348,0.10638297872340426,0.0,0,5,53,10,,32,47,32,6.000000000000003,0.07999999999999996,6.000000000000003,0.07999999999999996,30,30,34
40,A,reachability,0.2,0.0,,,,,,,,,,,,,,,,,,,,,,,,,,,,,,,,,,,,,,,,,,,,,
41,A,all_agents,,,40,30,10,0,23,7,0.3259217113396338,0.2248876543443874,0.8916900947744852,0.04922781391405434,292,30,0.75,64,4.40625,1.546875,31.8,1506,,,,,,,,,,,,,,,,,,,,,,,,,,,
41,A,participants_only,,,30,30,0,0,23,7,0.3733237947140164,0.26254466757035866,0.8916900947744852,0.05509550842536451,292,30,1.0,64,4.40625,1.546875,25.733333333333334,1506,,,,,,,,,,,,,,,,,,,,,,,,,,,
41,A,nonparticipants_only,,,10,0,10,0,0,0,0.18371546121648627,0.1624933227269172,0.5090237243314049,0.004661240281340891,0,0,0.0,0,0.0,0.0,50.0,0,,,,,,,,,,,,,,,,,,,,,,,,,,,
41,A,step_totals,,,,,,,,,,,,,,,,,,,,,80.90000000000008,,,14.5,0.17923362175525323,57.0,0.7045735475896161,0.0,0.0,0.010255414617866991,0.19298245614035087,0.0,0,11,20,23,,29,57,30,6.000000000000003,0.07416563658838068,3.400000000000001,0.04202719406674904,30,17,28
42,A,all_agents,,,40,30,10,0,23,7,0.32815565721899603,0.22594991106641538,0.8960224909835058,0.05011892589093402,302,30,0.75,64,4.40625,1.546875,32.05,1547,,,,,,,,,,,,,,,,,,,,,,,,,,,
42,A,participants_only,,,30,30,0,0,23,7,0.3760967645488289,0.26163454080954085,0.8960224909835058,0.05611663896544365,302,30,1.0,64,4.40625,1.546875,26.066666666666666,1547,,,,,,,,,,,,,,,,,,,,,,,,,,,
42,A,nonparticipants_only,,,10,0,10,0,0,0,0.18433233522949738,0.16364838874264898,0.5064786057097478,0.00454558940327845,0,0,0.0,0,0.0,0.0,50.0,0,,,,,,,,,,,,,,,,,,,,,,,,,,,
42,A,step_totals,,,,,,,,,,,,,,,,,,,,,74.30000000000007,,,15.5,0.20861372812920573,47.0,0.6325706594885593,0.0,0.0,0.00992744324990196,0.2127659574468085,0.0,0,10,52,11,,31,47,31,6.000000000000003,0.08075370121130548,5.8000000000000025,0.07806191117092863,30,29,34
43,A,all_agents,,,40,30,10,0,23,7,0.33078469245041586,0.22530998227518986,0.9001815913441656,0.051170463461795546,309,30,0.75,64,4.40625,1.546875,31.8,1592,,,,,,,,,,,,,,,,,,,,,,,,,,,
43,A,participants_only,,,30,30,0,0,23,7,0.3793976695826452,0.26144891584771957,0.9001815913441656,0.057297544445233606,309,30,1.0,64,4.40625,1.546875,25.733333333333334,1592,,,,,,,,,,,,,,,,,,,,,,,,,,,
43,A,nonparticipants_only,,,10,0,10,0,0,0,0.18494576105372784,0.16449520251428323,0.503946212681199,0.004430561963577515,0,0,0.0,0,0.0,0.0,50.0,0,,,,,,,,,,,,,,,,,,,,,,,,,,,
43,A,step_totals,,,,,,,,,,,,,,,,,,,,,79.90000000000006,,,13.5,0.1689612015018772,57.0,0.7133917396745927,0.0,0.0,0.010212450770444305,0.12280701754385964,0.0,0,7,20,24,,27,57,30,6.000000000000003,0.07509386733416769,3.400000000000001,0.04255319148936168,30,17,28
44,A,all_agents,,,40,30,10,0,23,7,0.33280638127143275,0.22649865650764406,0.9041743276903991,0.05201576082037392,312,30,0.75,64,4.40625,1.546875,32.05,1632,,,,,,,,,,,,,,,,,,,,,,,,,,,
44,A,participants_only,,,30,30,0,0,23,7,0.3818901325157989,0.26199150515829656,0.9041743276903991,0.058277992661979104,312,30,1.0,64,4.40625,1.546875,26.066666666666666,1632,,,,,,,,,,,,,,,,,,,,,,,,,,,
44,A,nonparticipants_only,,,10,0,10,0,0,0,0.18555512753833442,0.16542889969597746,0.501426481617793,0.004318489660932631,0,0,0.0,0,0.0,0.0,50.0,0,,,,,,,,,,,,,,,,,,,,,,,,,,,
44,A,step_totals,,,,,,,,,,,,,,,,,,,,,73.80000000000008,,,15.0,0.20325203252032498,47.0,0.6368563685636849,0.0,0.0,0.00934578637137204,0.06382978723404255,0.0,0,3,52,11,,30,47,30,6.000000000000003,0.08130081300813002,5.8000000000000025,0.07859078590785902,30,29,35
45,A,all_agents,,,40,30,10,0,23,7,0.33525959698834334,0.22536616322510583,0.9080073545827831,0.053015419300017214,322,30,0.75,64,4.40625,1.546875,31.8,1677,,,,,,,,,,,,,,,,,,,,,,,,,,,
45,A,participants_only,,,30,30,0,0,23,7,0.38495938900823184,0.26518795463254385,0.9080073545827831,0.05940356137169695,322,30,1.0,64,4.40625,1.546875,25.733333333333334,1677,,,,,,,,,,,,,,,,,,,,,,,,,,,
45,A,nonparticipants_only,,,10,0,10,0,0,0,0.1861602209286781,0.16658480897758643,0.49891934920970404,0.00421016116313601,0,0,0.0,0,0.0,0.0,50.0,0,,,,,,,,,,,,,,,,,,,,,,,,,,,
45,A,step_totals,,,,,,,,,,,,,,,,,,,,,79.20000000000007,,,13.0,0.16414141414141398,57.0,0.7196969696969691,0.0,0.0,0.00980404165000631,0.17543859649122806,0.0,0,10,20,25,,26,57,30,6.000000000000003,0.07575757575757572,3.2000000000000006,0.04040404040404037,30,16,28
46,A,all_agents,,,40,30,10,0,23,7,0.33717484278796855,0.22709198743576184,0.9116870603994718,0.053825633279821504,330,30,0.75,64,4.40625,1.546875,32.05,1717,,,,,,,,,,,,,,,,,,,,,,,,,,,
46,A,participants_only,,,30,30,0,0,23,7,0.3873127516021098,0.2645131667018156,0.9116870603994718,0.06034379871716201,330,30,1.0,64,4.40625,1.546875,26.066666666666666,1717,,,,,,,,,,,,,,,,,,,,,,,,,,,
46,A,nonparticipants_only,,,10,0,10,0,0,0,0.18676111634554476,0.16718622079819032,0.4964247524636555,0.004105418164738267,0,0,0.0,0,0.0,0.0,50.0,0,,,,,,,,,,,,,,,,,,,,,,,,,,,
46,A,step_totals,,,,,,,,,,,,,,,,,,,,,73.40000000000008,,,15.0,0.20435967302452296,47.0,0.6403269754768386,0.0,0.0,0.009076502289552072,0.1702127659574468,0.0,0,8,51,13,,30,47,30,6.000000000000003,0.08174386920980921,5.400000000000002,0.07356948228882829,30,27,35
47,A,all_agents,,,40,30,10,0,22,8,0.33978087352963743,0.226378343403138,0.915219577983493,0.05483740086777474,336,30,0.75,64,4.40625,1.546875,31.8,1766,,,,,,,,,,,,,,,,,,,,,,,,,,,
47,A,participants_only,,,30,30,0,0,22,8,0.39058832700696616,0.2656147478543125,0.915219577983493,0.06145703477045485,336,30,1.0,64,4.40625,1.546875,25.733333333333334,1766,,,,,,,,,,,,,,,,,,,,,,,,,,,
47,A,nonparticipants_only,,,10,0,10,0,0,0,0.1873585130976512,0.16797775291317182,0.49394262870133726,0.00400173121352332,0,0,0.0,0,0.0,0.0,50.0,0,,,,,,,,,,,,,,,,,,,,,,,,,,,
47,A,step_totals,,,,,,,,,,,,,,,,,,,,,78.50000000000007,,,12.5,0.15923566878980877,57.0,0.7261146496815281,0.0,0.0,0.010387140437419418,0.10526315789473684,0.0,0,6,20,26,,25,57,30,6.000000000000003,0.07643312101910825,3.0000000000000004,0.03821656050955411,30,15,28
48,A,all_agents,,,40,30,10,0,22,8,0.34163504315144194,0.2277989972376621,0.9186107948641532,0.05560314077841724,343,30,0.75,64,4.40625,1.546875,32.05,1807,,,,,,,,,,,,,,,,,,,,,,,,,,,
48,A,participants_only,,,30,30,0,0,22,8,0.39286274525613657,0.266515390303179,0.9186107948641532,0.062340114444220135,343,30,1.0,64,4.40625,1.546875,26.066666666666666,1807,,,,,,,,,,,,,,,,,,,,,,,,,,,
48,A,nonparticipants_only,,,10,0,10,0,0,0,0.18795193683735814,0.16882142035983083,0.49147291555783057,0.003900890225880571,0,0,0.0,0,0.0,0.0,50.0,0,,,,,,,,,,,,,,,,,,,,,,,,,,,
48,A,step_totals,,,,,,,,,,,,,,,,,,,,,73.40000000000008,,,15.0,0.20435967302452296,47.0,0.6403269754768386,0.0,0.0,0.008907781840419474,0.14893617021276595,0.0,0,7,51,13,,30,47,30,6.000000000000003,0.08174386920980921,5.400000000000002,0.07356948228882829,30,27,35
49,A,all_agents,,,40,30,10,0,22,8,0.3437557750090782,0.22686156873401087,0.921866363069587,0.05658418455355181,347,30,0.75,64,4.40625,1.546875,31.8,1851,,,,,,,,,,,,,,,,,,,,,,,,,,,
49,A,participants_only,,,30,30,0,0,22,8,0.3954936541426012,0.26692406790101564,0.921866363069587,0.06347162573861972,347,30,1.0,64,4.40625,1.546875,25.733333333333334,1851,,,,,,,,,,,,,,,,,,,,,,,,,,,
49,A,nonparticipants_only,,,10,0,10,0,0,0,0.18854213760850932,0.16954242422062515,0.4890155509800414,0.0038001633515276825,0,0,0.0,0,0.0,0.0,50.0,0,,,,,,,,,,,,,,,,,,,,,,,,,,,
49,A,step_totals,,,,,,,,,,,,,,,,,,,,,78.50000000000006,,,12.5,0.1592356687898088,57.0,0.7261146496815282,0.0,0.0,0.008921782378144847,0.07017543859649122,0.0,0,4,20,26,,25,57,28,6.000000000000003,0.07643312101910826,3.0000000000000004,0.03821656050955412,30,15,26
50,A,all_agents,,,40,30,10,0,22,8,0.34519149242413766,0.22761616279662922,0.9249917085468036,0.05726424092853726,353,30,0.75,64,4.40625,1.546875,32.05,1887,,,,,,,,,,,,,,,,,,,,,,,,,,,
50,A,participants_only,,,30,30,0,0,22,8,0.39721273446673233,0.26720010226680446,0.9249917085468036,0.06429260207409766,353,30,1.0,64,4.40625,1.546875,26.066666666666666,1887,,,,,,,,,,,,,,,,,,,,,,,,,,,
50,A,nonparticipants_only,,,10,0,10,0,0,0,0.18912776629635353,0.17070911062906394,0.4865704732251412,0.003704642008005388,0,0,0.0,0,0.0,0.0,50.0,0,,,,,,,,,,,,,,,,,,,,,,,,,,,
50,A,step_totals,,,,,,,,,,,,,,,,,,,,,73.40000000000006,,,15.0,0.204359673024523,47.0,0.6403269754768387,0.0,0.0,0.007565121745666219,0.1276595744680851,0.0,0,6,51,13,,30,47,30,6.000000000000003,0.08174386920980924,5.400000000000002,0.0735694822888283,30,27,35
50,A,reachability,0.2,0.0,,,,,,,,,,,,,,,,,,,,,,,,,,,,,,,,,,,,,,,,,,,,,
51,A,all_agents,,,40,30,10,0,22,8,0.347250631495614,0.22690879102247916,0.9279920402049314,0.058215954665697456,360,30,0.75,64,4.40625,1.546875,31.8,1932,,,,,,,,,,,,,,,,,,,,,,,,,,,
51,A,participants_only,,,30,30,0,0,22,8,0.39976430778955174,0.26586410175547043,0.9279920402049314,0.06538671019467984,360,30,1.0,64,4.40625,1.546875,25.733333333333334,1932,,,,,,,,,,,,,,,,,,,,,,,,,,,
51,A,nonparticipants_only,,,10,0,10,0,0,0,0.18970960261380085,0.17211698036607226,0.48413762085901546,0.003611453703896586,0,0,0.0,0,0.0,0.0,50.0,0,,,,,,,,,,,,,,,,,,,,,,,,,,,
51,A,step_totals,,,,,,,,,,,,,,,,,,,,,76.50000000000006,,,10.5,0.13725490196078421,57.0,0.7450980392156857,0.0,0.0,0.009036874879165059,0.12280701754385964,0.0,0,7,20,26,,21,57,28,6.000000000000003,0.07843137254901958,3.0000000000000004,0.03921568627450978,30,15,26
52,A,all_agents,,,40,30,10,0,22,8,0.34892170692969326,0.22961589903651147,0.9308723585967341,0.058869678049437914,364,30,0.75,64,4.40625,1.546875,32.05,1972,,,,,,,,,,,,,,,,,,,,,,,,,,,
52,A,participants_only,,,30,30,0,0,22,8,0.40179973190551155,0.2652128434157711,0.9308723585967341,0.0661349850007982,364,30,1.0,64,4.40625,1.546875,26.066666666666666,1972,,,,,,,,,,,,,,,,,,,,,,,,,,,
52,A,nonparticipants_only,,,10,0,10,0,0,0,0.1902876320022385,0.17260241237391144,0.4817169327547204,0.0035207308912379187,0,0,0.0,0,0.0,0.0,50.0,0,,,,,,,,,,,,,,,,,,,,,,,,,,,
52,A,step_totals,,,,,,,,,,,,,,,,,,,,,73.20000000000007,,,15.0,0.20491803278688503,47.0,0.6420765027322398,0.0,0.0,0.008382444256325087,0.0851063829787234,0.0,0,4,50,14,,30,47,30,6.000000000000003,0.08196721311475405,5.200000000000002,0.07103825136612017,30,26,35
53,A,all_agents,,,40,30,10,0,21,9,0.3510150169693479,0.22899410165591672,0.9336374642528648,0.05986265994029288,369,30,0.75,64,4.40625,1.546875,31.8,2021,,,,,,,,,,,,,,,,,,,,,,,,,,,
53,A,participants_only,,,30,30,0,0,21,9,0.40439922049235477,0.26388677919869225,0.9336374642528648,0.06727389180533104,369,30,1.0,64,4.40625,1.546875,25.733333333333334,2021,,,,,,,,,,,,,,,,,,,,,,,,,,,
53,A,nonparticipants_only,,,10,0,10,0,0,0,0.1908624064003274,0.17324704470023564,0.4793083480909468,0.00343048611574859,0,0,0.0,0,0.0,0.0,50.0,0,,,,,,,,,,,,,,,,,,,,,,,,,,,
53,A,step_totals,,,,,,,,,,,,,,,,,,,,,76.00000000000006,,,10.0,0.13157894736842096,57.0,0.7499999999999994,0.0,0.0,0.00923356172409537,0.08771929824561403,0.0,0,5,20,26,,20,57,28,6.000000000000003,0.07894736842105261,3.0000000000000004,0.03947368421052629,30,15,26
54,A,all_agents,,,40,30,10,0,20,10,0.35265960587034023,0.23018847480591204,0.9362919656827502,0.06051945078535043,380,30,0.75,64,4.40625,1.546875,32.05,2063,,,,,,,,,,,,,,,,,,,,,,,,,,,
54,A,participants_only,,,30,30,0,0,20,10,0.40640163711575755,0.26375162216291814,0.9362919656827502,0.06802566883293368,380,30,1.0,64,4.40625,1.546875,26.066666666666666,2063,,,,,,,,,,,,,,,,,,,,,,,,,,,
54,A,nonparticipants_only,,,10,0,10,0,0,0,0.19143351213408816,0.17439065258525166,0.4769118063504921,0.003342325573999755,0,0,0.0,0,0.0,0.0,50.0,0,,,,,,,,,,,,,,,,,,,,,,,,,,,
54,A,step_totals,,,,,,,,,,,,,,,,,,,,,72.70000000000007,,,14.5,0.19944979367262702,47.0,0.646492434662998,0.0,0.0,0.008390482463147364,0.23404255319148937,0.0,0,11,49,14,,29,47,29,6.000000000000003,0.08253094910591467,5.200000000000002,0.07152682255845938,30,26,35
55,A,all_agents,,,40,30,10,0,20,10,0.3547593596175312,0.22964685982637623,0.9388402870554402,0.0615417845995446,390,30,0.75,64,4.40625,1.546875,31.8,2114,,,,,,,,,,,,,,,,,,,,,,,,,,,
55,A,participants_only,,,30,30,0,0,20,10,0.40901222492032413,0.26243286405210353,0.9388402870554402,0.06919656310761611,390,30,1.0,64,4.40625,1.546875,25.733333333333334,2114,,,,,,,,,,,,,,,,,,,,,,,,,,,
55,A,nonparticipants_only,,,10,0,10,0,0,0,0.19200076370915256,0.17557237003986276,0.47452724731873963,0.0032569683525741945,0,0,0.0,0,0.0,0.0,50.0,0,,,,,,,,,,,,,,,,,,,,,,,,,,,
55,A,step_totals,,,,,,,,,,,,,,,,,,,,,75.80000000000005,,,10.0,0.13192612137203158,57.0,0.75197889182058,0.0,0.0,0.009294151718448572,0.17543859649122806,0.0,0,10,20,27,,20,57,28,6.000000000000003,0.07915567282321898,2.8000000000000003,0.036939313984168845,30,14,26
56,A,all_agents,,,40,30,10,0,20,10,0.35629031665112804,0.23167673977727066,0.9412866755732225,0.062159274732556384,396,30,0.75,64,4.40625,1.546875,32.05,2155,,,,,,,,,,,,,,,,,,,,,,,,,,,
56,A,participants_only,,,30,30,0,0,20,10,0.41086578746414215,0.26112069973184304,0.9412866755732225,0.06990663044003467,396,30,1.0,64,4.40625,1.546875,26.066666666666666,2155,,,,,,,,,,,,,,,,,,,,,,,,,,,
56,A,nonparticipants_only,,,10,0,10,0,0,0,0.1925639042120856,0.176773319009086,0.47215461108214596,0.0031754234365755966,0,0,0.0,0,0.0,0.0,50.0,0,,,,,,,,,,,,,,,,,,,,,,,,,,,
56,A,step_totals,,,,,,,,,,,,,,,,,,,,,72.70000000000007,,,14.5,0.19944979367262702,47.0,0.646492434662998,0.0,0.0,0.008041110152307566,0.1276595744680851,0.0,0,6,49,14,,29,47,29,6.000000000000003,0.08253094910591467,5.200000000000002,0.07152682255845938,30,26,35
57,A,all_agents,,,40,30,10,0,20,10,0.3579729496835871,0.2314253138716766,0.9436352085502936,0.06309134704363456,406,30,0.75,64,4.40625,1.546875,31.8,2202,,,,,,,,,,,,,,,,,,,,,,,,,,,
57,A,participants_only,,,30,30,0,0,20,10,0.4129225933551416,0.25991857383733785,0.9436352085502936,0.0710126872562246,406,30,1.0,64,4.40625,1.546875,25.733333333333334,2202,,,,,,,,,,,,,,,,,,,,,,,,,,,
57,A,nonparticipants_only,,,10,0,10,0,0,0,0.19312401866892376,0.17690517871802214,0.46979383802673524,0.0030937663302948006,0,0,0.0,0,0.0,0.0,50.0,0,,,,,,,,,,,,,,,,,,,,,,,,,,,
57,A,step_totals,,,,,,,,,,,,,,,,,,,,,74.80000000000007,,,9.0,0.12032085561497315,57.0,0.7620320855614966,0.0,0.0,0.008131496325282761,0.17543859649122806,0.0,0,10,19,27,,18,57,26,6.000000000000003,0.08021390374331547,2.8000000000000003,0.03743315508021387,30,14,25
58,A,all_agents,,,40,30,10,0,20,10,0.35937042127885926,0.23174185123514252,0.9458898002082818,0.06366802220039519,412,30,0.75,64,4.40625,1.546875,32.05,2242,,,,,,,,,,,,,,,,,,,,,,,,,,,
58,A,participants_only,,,30,30,0,0,20,10,0.41460042673195996,0.25988692856500384,0.9458898002082818,0.07168441015189277,412,30,1.0,64,4.40625,1.546875,26.066666666666666,2242,,,,,,,,,,,,,,,,,,,,,,,,,,,
58,A,nonparticipants_only,,,10,0,10,0,0,0,0.1936804049195574,0.1774011532563294,0.4674448688366016,0.003014616317708132,0,0,0.0,0,0.0,0.0,50.0,0,,,,,,,,,,,,,,,,,,,,,,,,,,,
58,A,step_totals,,,,,,,,,,,,,,,,,,,,,72.70000000000009,,,14.5,0.199449793672627,47.0,0.6464924346629979,0.0,0.0,0.007622663517002138,0.1276595744680851,0.0,0,6,49,14,,29,47,29,6.000000000000003,0.08253094910591466,5.200000000000002,0.07152682255845937,30,26,35
59,A,all_agents,,,40,30,10,0,20,10,0.3610476071819672,0.23159289472977634,0.9480542081999506,0.06461054987217024,416,30,0.75,64,4.40625,1.546875,31.8,2290,,,,,,,,,,,,,,,,,,,,,,,,,,,
59,A,participants_only,,,30,30,0,0,20,10,0.41665219963995714,0.25954203884233895,0.9480542081999506,0.0728015048824893,416,30,1.0,64,4.40625,1.546875,25.733333333333334,2290,,,,,,,,,,,,,,,,,,,,,,,,,,,
59,A,nonparticipants_only,,,10,0,10,0,0,0,0.19423382980799744,0.17851451465702195,0.4651076444924186,0.0029352364121832293,0,0,0.0,0,0.0,0.0,50.0,0,,,,,,,,,,,,,,,,,,,,,,,,,,,
59,A,step_totals,,,,,,,,,,,,,,,,,,,,,74.30000000000007,,,8.5,0.11440107671601604,57.0,0.7671601615074017,0.0,0.0,0.008195679656990125,0.07017543859649122,0.0,0,4,19,27,,17,57,26,6.000000000000003,0.08075370121130548,2.8000000000000003,0.037685060565275874,30,14,24
60,A,all_agents,,,40,30,10,0,20,10,0.3625846677835933,0.2327381199322578,0.9501320398719525,0.06516822193035818,422,30,0.75,64,4.40625,1.546875,32.05,2333,,,,,,,,,,,,,,,,,,,,,,,,,,,
60,A,participants_only,,,30,30,0,0,20,10,0.4185184494558843,0.26160422643748993,0.9501320398719525,0.07342353398797183,422,30,1.0,64,4.40625,1.546875,26.066666666666666,2333,,,,,,,,,,,,,,,,,,,,,,,,,,,
60,A,nonparticipants_only,,,10,0,10,0,0,0,0.19478332276672014,0.18008856725018713,0.4627821062699565,0.00285923057155494,0,0,0.0,0,0.0,0.0,50.0,0,,,,,,,,,,,,,,,,,,,,,,,,,,,
60,A,step_totals,,,,,,,,,,,,,,,,,,,,,72.70000000000006,,,14.5,0.19944979367262708,47.0,0.6464924346629981,0.0,0.0,0.00810427017862069,0.1276595744680851,0.0,0,6,49,14,,29,47,29,6.000000000000003,0.08253094910591469,5.200000000000002,0.0715268225584594,30,26,35
60,A,reachability,0.2,0.0,,,,,,,,,,,,,,,,,,,,,,,,,,,,,,,,,,,,,,,,,,,,,
61,A,all_agents,,,40,30,10,0,20,10,0.3644999447054238,0.2321564494142647,0.9521267582770744,0.06614522033337027,427,30,0.75,64,4.40625,1.546875,31.8,2386,,,,,,,,,,,,,,,,,,,,,,,,,,,
61,A,participants_only,,,30,30,0,0,20,10,0.4208901651103062,0.26029620530530245,0.9521267582770744,0.07454580904455545,427,30,1.0,64,4.40625,1.546875,25.733333333333334,2386,,,,,,,,,,,,,,,,,,,,,,,,,,,
61,A,nonparticipants_only,,,10,0,10,0,0,0,0.19532928349077672,0.18123813766831898,0.4604681957386067,0.002785170712080216,0,0,0.0,0,0.0,0.0,50.0,0,,,,,,,,,,,,,,,,,,,,,,,,,,,
61,A,step_totals,,,,,,,,,,,,,,,,,,,,,73.80000000000007,,,8.0,0.10840108401084,57.0,0.7723577235772351,0.0,0.0,0.009058847013446955,0.08771929824561403,0.0,0,5,19,27,,16,57,26,6.000000000000003,0.08130081300813004,2.8000000000000003,0.03794037940379401,30,14,24
62,A,all_agents,,,40,30,10,0,20,10,0.36574859063249726,0.23363315207917307,0.9540416879459914,0.0666232029971563,436,30,0.75,64,4.40625,1.546875,32.05,2426,,,,,,,,,,,,,,,,,,,,,,,,,,,
62,A,participants_only,,,30,30,0,0,20,10,0.4223742079519167,0.26186969759354584,0.9540416879459914,0.07510073676807168,436,30,1.0,64,4.40625,1.546875,26.066666666666666,2426,,,,,,,,,,,,,,,,,,,,,,,,,,,
62,A,nonparticipants_only,,,10,0,10,0,0,0,0.19587173867423882,0.18119593842686826,0.45816585475991367,0.002713075242746072,0,0,0.0,0,0.0,0.0,50.0,0,,,,,,,,,,,,,,,,,,,,,,,,,,,
62,A,step_totals,,,,,,,,,,,,,,,,,,,,,72.70000000000007,,,14.5,0.19944979367262702,47.0,0.646492434662998,0.0,0.0,0.007179242001682294,0.19148936170212766,0.0,0,9,49,14,,29,47,29,6.000000000000003,0.08253094910591467,5.200000000000002,0.07152682255845938,30,26,35
63,A,all_agents,,,40,30,10,0,20,10,0.3671193214297181,0.23302928303901851,0.9558800204281518,0.06743052180530214,443,30,0.75,64,4.40625,1.546875,31.8,2471,,,,,,,,,,,,,,,,,,,,,,,,,,,
63,A,participants_only,,,30,30,0,0,20,10,0.42402211808689716,0.2615499490650791,0.9558800204281518,0.07607496916974328,443,30,1.0,64,4.40625,1.546875,25.733333333333334,2471,,,,,,,,,,,,,,,,,,,,,,,,,,,
63,A,nonparticipants_only,,,10,0,10,0,0,0,0.1964109314581809,0.1815601001357771,0.4558750254861141,0.002642040503079451,0,0,0.0,0,0.0,0.0,50.0,0,,,,,,,,,,,,,,,,,,,,,,,,,,,
63,A,step_totals,,,,,,,,,,,,,,,,,,,,,74.00000000000006,,,8.0,0.10810810810810803,57.0,0.7702702702702697,0.0,0.0,0.007279673981832284,0.12280701754385964,0.0,0,7,18,26,,16,57,25,6.000000000000003,0.08108108108108106,3.0000000000000004,0.040540540540540515,30,15,24
64,A,all_agents,,,40,30,10,0,20,10,0.3684441460151817,0.23381834308586008,0.9576448196110258,0.06798081796170867,446,30,0.75,64,4.40625,1.546875,32.05,2515,,,,,,,,,,,,,,,,,,,,,,,,,,,
64,A,participants_only,,,30,30,0,0,20,10,0.4256098201150061,0.2602421993197537,0.9576448196110258,0.07671236400479102,446,30,1.0,64,4.40625,1.546875,26.066666666666666,2515,,,,,,,,,,,,,,,,,,,,,,,,,,,
64,A,nonparticipants_only,,,10,0,10,0,0,0,0.19694712371570888,0.1829364053289913,0.4535956503586835,0.0025712082890137662,0,0,0.0,0,0.0,0.0,50.0,0,,,,,,,,,,,,,,,,,,,,,,,,,,,
64,A,step_totals,,,,,,,,,,,,,,,,,,,,,71.70000000000007,,,13.5,0.18828451882845168,47.0,0.6555090655509059,0.0,0.0,0.007592409311042442,0.06382978723404255,0.0,0,3,48,14,,27,47,28,6.000000000000003,0.08368200836820079,5.200000000000002,0.07252440725244068,30,26,35
65,A,all_agents,,,40,30,10,0,20,10,0.36987336373616725,0.232997957200453,0.9593390268265848,0.06887547522702053,454,30,0.75,64,4.40625,1.546875,31.8,2564,,,,,,,,,,,,,,,,,,,,,,,,,,,
65,A,participants_only,,,30,30,0,0,20,10,0.42733790239237923,0.25958263117814295,0.9593390268265848,0.07779104192694733,454,30,1.0,64,4.40625,1.546875,25.733333333333334,2564,,,,,,,,,,,,,,,,,,,,,,,,,,,
65,A,nonparticipants_only,,,10,0,10,0,0,0,0.19747974776753116,0.18423700564760376,0.45132767210689007,0.0025026966915847274,0,0,0.0,0,0.0,0.0,50.0,0,,,,,,,,,,,,,,,,,,,,,,,,,,,
65,A,step_totals,,,,,,,,,,,,,,,,,,,,,73.80000000000005,,,8.0,0.10840108401084003,57.0,0.7723577235772352,0.0,0.0,0.007503392348386098,0.14035087719298245,0.0,0,8,17,27,,16,57,24,6.000000000000003,0.08130081300813005,2.8000000000000003,0.037940379403794015,30,14,24
66,A,all_agents,,,40,30,10,0,20,10,0.37126550872668335,0.2338450847982793,0.9609654657535214,0.06936683784049294,462,30,0.75,64,4.40625,1.546875,32.05,2608,,,,,,,,,,,,,,,,,,,,,,,,,,,
66,A,participants_only,,,30,30,0,0,20,10,0.42901792847121883,0.25828471802225217,0.9609654657535214,0.07833489522072279,462,30,1.0,64,4.40625,1.546875,26.066666666666666,2608,,,,,,,,,,,,,,,,,,,,,,,,,,,
66,A,nonparticipants_only,,,10,0,10,0,0,0,0.198008249493077,0.1855533645504309,0.4490710337463556,0.0024385618636152667,0,0,0.0,0,0.0,0.0,50.0,0,,,,,,,,,,,,,,,,,,,,,,,,,,,
66,A,step_totals,,,,,,,,,,,,,,,,,,,,,71.20000000000007,,,13.0,0.18258426966292116,47.0,0.6601123595505611,0.0,0.0,0.007906560227722572,0.1702127659574468,0.0,0,8,48,15,,26,47,28,6.000000000000003,0.08426966292134827,5.200000000000002,0.0730337078651685,30,26,35
67,A,all_agents,,,40,30,10,0,20,10,0.37259723526473165,0.23267585937428792,0.9625268471233805,0.07024274850985872,467,30,0.75,64,4.40625,1.546875,31.8,2657,,,,,,,,,,,,,,,,,,,,,,,,,,,
67,A,participants_only,,,30,30,0,0,20,10,0.43061831284848323,0.2569932944321409,0.9625268471233805,0.07939992437992077,467,30,1.0,64,4.40625,1.546875,25.733333333333334,2657,,,,,,,,,,,,,,,,,,,,,,,,,,,
67,A,nonparticipants_only,,,10,0,10,0,0,0,0.19853400251347686,0.185428370943383,0.44682567857762384,0.0023738755719158854,0,0,0.0,0,0.0,0.0,50.0,0,,,,,,,,,,,,,,,,,,,,,,,,,,,
67,A,step_totals,,,,,,,,,,,,,,,,,,,,,73.30000000000005,,,7.5,0.102319236016371,57.0,0.7776261937244197,0.0,0.0,0.0072676212451793475,0.08771929824561403,0.0,0,5,17,27,,15,57,22,6.000000000000003,0.08185538881309684,2.8000000000000003,0.03819918144611185,30,14,22
68,A,all_agents,,,40,30,10,0,20,10,0.3736537470413789,0.23308030456461157,0.9640257732384453,0.07070604212652035,468,30,0.75,64,4.40625,1.546875,32.05,2699,,,,,,,,,,,,,,,,,,,,,,,,,,,
68,A,participants_only,,,30,30,0,0,20,10,0.4318528146796066,0.25607273227588356,0.9640257732384453,0.0799560709704423,468,30,1.0,64,4.40625,1.546875,26.066666666666666,2699,,,,,,,,,,,,,,,,,,,,,,,,,,,
68,A,nonparticipants_only,,,10,0,10,0,0,0,0.19905654412669566,0.18591518555241018,0.44459155018473573,0.0023103779072463576,0,0,0.0,0,0.0,0.0,50.0,0,,,,,,,,,,,,,,,,,,,,,,,,,,,
68,A,step_totals,,,,,,,,,,,,,,,,,,,,,71.00000000000007,,,13.0,0.1830985915492956,47.0,0.6619718309859148,0.0,0.0,0.006811248969090589,0.02127659574468085,0.0,0,1,47,16,,26,47,28,6.000000000000003,0.08450704225352108,5.000000000000002,0.07042253521126755,30,25,35
69,A,all_agents,,,40,30,10,0,20,10,0.3749063951196074,0.23191490304178852,0.9654647423089074,0.0714986971419646,475,30,0.75,64,4.40625,1.546875,31.8,2745,,,,,,,,,,,,,,,,,,,,,,,,,,,
69,A,participants_only,,,30,30,0,0,20,10,0.4333497576906662,0.25666245281237315,0.9654647423089074,0.08092024418839436,475,30,1.0,64,4.40625,1.546875,25.733333333333334,2745,,,,,,,,,,,,,,,,,,,,,,,,,,,
69,A,nonparticipants_only,,,10,0,10,0,0,0,0.1995763074064311,0.1868484366526025,0.44236859243381205,0.0022465364593285773,0,0,0.0,0,0.0,0.0,50.0,0,,,,,,,,,,,,,,,,,,,,,,,,,,,
69,A,step_totals,,,,,,,,,,,,,,,,,,,,,73.30000000000005,,,7.5,0.102319236016371,57.0,0.7776261937244197,0.0,0.0,0.007018751585583013,0.12280701754385964,0.0,0,7,16,27,,15,57,21,6.000000000000003,0.08185538881309684,2.8000000000000003,0.03819918144611185,30,14,22
70,A,all_agents,,,40,30,10,0,20,10,0.37586607407131517,0.2343671815628915,0.9668461526165512,0.07193277892603209,483,30,0.75,64,4.40625,1.546875,32.05,2786,,,,,,,,,,,,,,,,,,,,,,,,,,,
70,A,participants_only,,,30,30,0,0,20,10,0.4344574357914409,0.25881135591517784,0.9668461526165512,0.08144953134553498,483,30,1.0,64,4.40625,1.546875,26.066666666666666,2786,,,,,,,,,,,,,,,,,,,,,,,,,,,
70,A,nonparticipants_only,,,10,0,10,0,0,0,0.20009198891093774,0.18736825220640535,0.44015674947164296,0.0021871496488999466,0,0,0.0,0,0.0,0.0,50.0,0,,,,,,,,,,,,,,,,,,,,,,,,,,,
70,A,step_totals,,,,,,,,,,,,,,,,,,,,,70.50000000000007,,,12.5,0.1773049645390069,47.0,0.666666666666666,0.0,0.0,0.006565999277143222,0.1702127659574468,0.0,0,8,47,16,,25,47,28,6.000000000000003,0.08510638297872336,5.000000000000002,0.07092198581560279,30,25,35
70,A,reachability,0.225,0.0,,,,,,,,,,,,,,,,,,,,,,,,,,,,,,,,,,,,,,,,,,,,,
71,A,all_agents,,,40,30,10,0,20,10,0.3771577809278152,0.23319534565507705,0.9681723065118891,0.07276817013287792,490,30,0.75,64,4.40625,1.546875,31.8,2836,,,,,,,,,,,,,,,,,,,,,,,,,,,
71,A,participants_only,,,30,30,0,0,20,10,0.4360090027685741,0.2600473298161927,0.9681723065118891,0.08246024953376807,490,30,1.0,64,4.40625,1.546875,25.733333333333334,2836,,,,,,,,,,,,,,,,,,,,,,,,,,,
71,A,nonparticipants_only,,,10,0,10,0,0,0,0.20060411540553819,0.18832492865121087,0.43795596572428475,0.0021303361844046994,0,0,0.0,0,0.0,0.0,50.0,0,,,,,,,,,,,,,,,,,,,,,,,,,,,
71,A,step_totals,,,,,,,,,,,,,,,,,,,,,73.30000000000007,,,7.5,0.10231923601637098,57.0,0.7776261937244194,0.0,0.0,0.0071543881906641115,0.12280701754385964,0.0,0,7,16,27,,15,57,21,6.000000000000003,0.08185538881309683,2.8000000000000003,0.038199181446111834,30,14,22
72,A,all_agents,,,40,30,10,0,20,10,0.3781007611432506,0.23491178051039954,0.9694454142514135,0.07318048148340538,496,30,0.75,64,4.40625,1.546875,32.05,2878,,,,,,,,,,,,,,,,,,,,,,,,,,,
72,A,participants_only,,,30,30,0,0,20,10,0.4370965497911224,0.261536222397114,0.9694454142514135,0.08296075893141629,496,30,1.0,64,4.40625,1.546875,26.066666666666666,2878,,,,,,,,,,,,,,,,,,,,,,,,,,,
72,A,nonparticipants_only,,,10,0,10,0,0,0,0.20111339519963503,0.18945106107872356,0.4357661858956633,0.0020736122011602346,0,0,0.0,0,0.0,0.0,50.0,0,,,,,,,,,,,,,,,,,,,,,,,,,,,
72,A,step_totals,,,,,,,,,,,,,,,,,,,,,70.50000000000007,,,12.5,0.1773049645390069,47.0,0.666666666666666,0.0,0.0,0.006525232939942869,0.1276595744680851,0.0,0,6,47,16,,25,47,28,6.000000000000003,0.08510638297872336,5.000000000000002,0.07092198581560279,30,25,34
73,A,all_agents,,,40,30,10,0,20,10,0.3793412395400606,0.23373722160784755,0.970667597681357,0.07398140470504018,502,30,0.75,64,4.40625,1.546875,31.8,2927,,,,,,,,,,,,,,,,,,,,,,,,,,,
73,A,participants_only,,,30,30,0,0,20,10,0.43858165785610187,0.26355795447521946,0.970667597681357,0.08393202130661127,502,30,1.0,64,4.40625,1.546875,25.733333333333334,2927,,,,,,,,,,,,,,,,,,,,,,,,,,,
73,A,nonparticipants_only,,,10,0,10,0,0,0,0.20161998459193667,0.18941152598612704,0.433587354966185,0.0020164289532121787,0,0,0.0,0,0.0,0.0,50.0,0,,,,,,,,,,,,,,,,,,,,,,,,,,,
73,A,step_totals,,,,,,,,,,,,,,,,,,,,,73.30000000000007,,,7.5,0.10231923601637098,57.0,0.7776261937244194,0.0,0.0,0.006995744009457301,0.10526315789473684,0.0,0,6,16,27,,15,57,21,6.000000000000003,0.08185538881309683,2.8000000000000003,0.038199181446111834,30,14,22
74,A,all_agents,,,40,30,10,0,20,10,0.38031682290232866,0.23377067076874603,0.9718408937741028,0.07441713056122422,509,30,0.75,64,4.40625,1.546875,32.05,2971,,,,,,,,,,,,,,,,,,,,,,,,,,,
74,A,participants_only,,,30,30,0,0,20,10,0.4397146474045436,0.2648538241242634,0.9718408937741028,0.08445682877622913,509,30,1.0,64,4.40625,1.546875,26.066666666666666,2971,,,,,,,,,,,,,,,,,,,,,,,,,,,
74,A,nonparticipants_only,,,10,0,10,0,0,0,0.20212334939568388,0.1901759319614073,0.4314194181913541,0.001960817249058358,0,0,0.0,0,0.0,0.0,50.0,0,,,,,,,,,,,,,,,,,,,,,,,,,,,
74,A,step_totals,,,,,,,,,,,,,,,,,,,,,70.50000000000007,,,12.5,0.1773049645390069,47.0,0.666666666666666,0.0,0.0,0.006653738102379757,0.14893617021276595,0.0,0,7,46,16,,25,47,27,6.000000000000003,0.08510638297872336,5.000000000000002,0.07092198581560279,30,25,33
75,A,all_agents,,,40,30,10,0,20,10,0.3814496001720459,0.23260181741490232,0.9729672580231387,0.0751897260037179,516,30,0.75,64,4.40625,1.546875,31.8,3020,,,,,,,,,,,,,,,,,,,,,,,,,,,
75,A,participants_only,,,30,30,0,0,20,10,0.44105843908272546,0.2653355270374525,0.9729672580231387,0.08540402513208699,516,30,1.0,64,4.40625,1.546875,25.733333333333334,3020,,,,,,,,,,,,,,,,,,,,,,,,,,,
75,A,nonparticipants_only,,,10,0,10,0,0,0,0.202623083440007,0.190943100238656,0.4292623211003973,0.0019082645032584005,0,0,0.0,0,0.0,0.0,50.0,0,,,,,,,,,,,,,,,,,,,,,,,,,,,
75,A,step_totals,,,,,,,,,,,,,,,,,,,,,73.30000000000005,,,7.5,0.102319236016371,57.0,0.7776261937244197,0.0,0.0,0.006652420134286807,0.12280701754385964,0.0,0,7,14,27,,15,57,20,6.000000000000003,0.08185538881309684,2.8000000000000003,0.03819918144611185,30,14,22
76,A,all_agents,,,40,30,10,0,20,10,0.38217261950568554,0.2331404707824135,0.9740485677022132,0.07551388562842755,520,30,0.75,64,4.40625,1.546875,32.05,3060,,,,,,,,,,,,,,,,,,,,,,,,,,,
76,A,participants_only,,,30,30,0,0,20,10,0.4418570763189332,0.26669787735571804,0.9740485677022132,0.08581670913165153,520,30,1.0,64,4.40625,1.546875,26.066666666666666,3060,,,,,,,,,,,,,,,,,,,,,,,,,,,
76,A,nonparticipants_only,,,10,0,10,0,0,0,0.20311924906594248,0.1916358635490833,0.4271160094948953,0.001858602497646488,0,0,0.0,0,0.0,0.0,50.0,0,,,,,,,,,,,,,,,,,,,,,,,,,,,
76,A,step_totals,,,,,,,,,,,,,,,,,,,,,70.50000000000009,,,12.5,0.17730496453900688,47.0,0.6666666666666659,0.0,0.0,0.005807277696767406,0.0851063829787234,0.0,0,4,46,16,,25,47,27,6.000000000000003,0.08510638297872333,5.000000000000002,0.07092198581560277,30,25,33
77,A,all_agents,,,40,30,10,0,20,10,0.3831202544458293,0.232983065927378,0.9750866249941246,0.07624743838729582,528,30,0.75,64,4.40625,1.546875,31.8,3107,,,,,,,,,,,,,,,,,,,,,,,,,,,
77,A,participants_only,,,30,30,0,0,20,10,0.4429560450566333,0.2656487084094362,0.9750866249941246,0.08673924498723104,528,30,1.0,64,4.40625,1.546875,25.733333333333334,3107,,,,,,,,,,,,,,,,,,,,,,,,,,,
77,A,nonparticipants_only,,,10,0,10,0,0,0,0.20361288261341748,0.19258526166262924,0.4249804294474208,0.0018081565312504783,0,0,0.0,0,0.0,0.0,50.0,0,,,,,,,,,,,,,,,,,,,,,,,,,,,
77,A,step_totals,,,,,,,,,,,,,,,,,,,,,73.30000000000007,,,7.5,0.10231923601637098,57.0,0.7776261937244194,0.0,0.0,0.006051849295242096,0.14035087719298245,0.0,0,8,14,27,,15,57,19,6.000000000000003,0.08185538881309683,2.8000000000000003,0.038199181446111834,30,14,21
78,A,all_agents,,,40,30,10,0,19,11,0.38401178984818085,0.23437643060092833,0.9753357587441833,0.0766238134207343,537,30,0.75,64,4.40625,1.546875,32.05,3149,,,,,,,,,,,,,,,,,,,,,,,,,,,
78,A,participants_only,,,30,30,0,0,19,11,0.44398129987776036,0.26507720038243665,0.9753357587441833,0.08719319451654754,537,30,1.0,64,4.40625,1.546875,26.066666666666666,3149,,,,,,,,,,,,,,,,,,,,,,,,,,,
78,A,nonparticipants_only,,,10,0,10,0,0,0,0.20410325975944227,0.19298846351227286,0.4228555273001837,0.0017595645350404383,0,0,0.0,0,0.0,0.0,50.0,0,,,,,,,,,,,,,,,,,,,,,,,,,,,
78,A,step_totals,,,,,,,,,,,,,,,,,,,,,70.50000000000006,,,12.5,0.17730496453900696,47.0,0.6666666666666661,0.0,0.0,0.006393196831408271,0.19148936170212766,0.0,0,9,46,16,,25,47,27,6.000000000000003,0.08510638297872337,5.000000000000002,0.0709219858156028,30,25,33
79,A,all_agents,,,40,30,10,0,19,11,0.3851043129384453,0.23401300004216868,0.976322328394416,0.07740558370384178,547,30,0.75,64,4.40625,1.546875,31.8,3200,,,,,,,,,,,,,,,,,,,,,,,,,,,
79,A,participants_only,,,30,30,0,0,19,11,0.4452753787873507,0.2637518143805245,0.976322328394416,0.08815513821482639,547,30,1.0,64,4.40625,1.546875,25.733333333333334,3200,,,,,,,,,,,,,,,,,,,,,,,,,,,
79,A,nonparticipants_only,,,10,0,10,0,0,0,0.2045911153917294,0.1933841392531095,0.4207412496636828,0.001710234186168322,0,0,0.0,0,0.0,0.0,50.0,0,,,,,,,,,,,,,,,,,,,,,,,,,,,
79,A,step_totals,,,,,,,,,,,,,,,,,,,,,72.80000000000005,,,7.0,0.09615384615384608,57.0,0.7829670329670324,0.0,0.0,0.006598771022677818,0.17543859649122806,0.0,0,10,13,27,,14,57,19,6.000000000000003,0.08241758241758239,2.8000000000000003,0.038461538461538436,30,14,20
80,A,all_agents,,,40,30,10,0,19,11,0.38587499510653056,0.23361249591111916,0.9772694352586394,0.07770487830154432,552,30,0.75,64,4.40625,1.546875,32.05,3242,,,,,,,,,,,,,,,,,,,,,,,,,,,
80,A,participants_only,,,30,30,0,0,19,11,0.4461415251969686,0.26329596036484526,0.9772694352586394,0.08852361291928701,552,30,1.0,64,4.40625,1.546875,26.066666666666666,3242,,,,,,,,,,,,,,,,,,,,,,,,,,,
80,A,nonparticipants_only,,,10,0,10,0,0,0,0.2050754048352161,0.1940959100322187,0.4186375434153644,0.0016640186586160035,0,0,0.0,0,0.0,0.0,50.0,0,,,,,,,,,,,,,,,,,,,,,,,,,,,
80,A,step_totals,,,,,,,,,,,,,,,,,,,,,70.50000000000007,,,12.5,0.1773049645390069,47.0,0.666666666666666,0.0,0.0,0.005996466640077819,0.10638297872340426,0.0,0,5,46,16,,25,47,27,6.000000000000003,0.08510638297872336,5.000000000000002,0.07092198581560279,30,25,33
80,A,reachability,0.225,0.0,,,,,,,,,,,,,,,,,,,,,,,,,,,,,,,,,,,,,,,,,,,,,
81,A,all_agents,,,40,30,10,0,19,11,0.38689161919192955,0.23244443343156357,0.9781786578482938,0.07849294152709368,560,30,0.75,64,4.40625,1.546875,31.8,3293,,,,,,,,,,,,,,,,,,,,,,,,,,,
81,A,participants_only,,,30,30,0,0,19,11,0.44733670702287076,0.261979480563021,0.9781786578482938,0.08950278623551229,560,30,1.0,64,4.40625,1.546875,25.733333333333334,3293,,,,,,,,,,,,,,,,,,,,,,,,,,,
81,A,nonparticipants_only,,,10,0,10,0,0,0,0.20555635569910613,0.19461143206109713,0.41654435569828757,0.0016201036871556001,0,0,0.0,0,0.0,0.0,50.0,0,,,,,,,,,,,,,,,,,,,,,,,,,,,
81,A,step_totals,,,,,,,,,,,,,,,,,,,,,72.30000000000005,,,6.5,0.08990318118948817,57.0,0.7883817427385886,0.0,0.0,0.006414699183955461,0.14035087719298245,0.0,0,8,12,27,,13,57,19,6.000000000000003,0.08298755186721989,2.8000000000000003,0.0387275242047026,30,14,20
82,A,all_agents,,,40,30,10,0,19,11,0.3878248206580208,0.23230855000187073,0.9790515115343621,0.07884471415752956,565,30,0.75,64,4.40625,1.546875,32.05,3337,,,,,,,,,,,,,,,,,,,,,,,,,,,
82,A,participants_only,,,30,30,0,0,19,11,0.44842166951705553,0.2625332511678766,0.9790515115343621,0.08991255148843333,565,30,1.0,64,4.40625,1.546875,26.066666666666666,3337,,,,,,,,,,,,,,,,,,,,,,,,,,,
82,A,nonparticipants_only,,,10,0,10,0,0,0,0.20603427408091685,0.19572741563866253,0.4144616339197961,0.0015774650650819816,0,0,0.0,0,0.0,0.0,50.0,0,,,,,,,,,,,,,,,,,,,,,,,,,,,
82,A,step_totals,,,,,,,,,,,,,,,,,,,,,70.10000000000007,,,12.5,0.17831669044222523,47.0,0.6704707560627668,0.0,0.0,0.006601213172353052,0.10638297872340426,0.0,0,5,46,16,,25,47,26,6.000000000000003,0.08559201141226815,4.600000000000001,0.0656205420827389,30,23,32
83,A,all_agents,,,40,30,10,0,19,11,0.3889283846889248,0.23114700725186138,0.9798894510729876,0.07963244370777912,569,30,0.75,64,4.40625,1.546875,31.8,3389,,,,,,,,,,,,,,,,,,,,,,,,,,,
83,A,participants_only,,,30,30,0,0,19,11,0.44973469745420397,0.26144868219765305,0.9798894510729876,0.09087526302215045,569,30,1.0,64,4.40625,1.546875,25.733333333333334,3389,,,,,,,,,,,,,,,,,,,,,,,,,,,
83,A,nonparticipants_only,,,10,0,10,0,0,0,0.20650944639308752,0.1968626226880827,0.41238932575019716,0.0015350936993578789,0,0,0.0,0,0.0,0.0,50.0,0,,,,,,,,,,,,,,,,,,,,,,,,,,,
83,A,step_totals,,,,,,,,,,,,,,,,,,,,,72.30000000000005,,,6.5,0.08990318118948817,57.0,0.7883817427385886,0.0,0.0,0.006712839299123437,0.07017543859649122,0.0,0,4,10,27,,13,57,18,6.000000000000003,0.08298755186721989,2.8000000000000003,0.0387275242047026,30,14,19
84,A,all_agents,,,40,30,10,0,19,11,0.38965244054760795,0.23148461599380793,0.9806938730300682,0.07992484835747518,573,30,0.75,64,4.40625,1.546875,32.05,3431,,,,,,,,,,,,,,,,,,,,,,,,,,,
84,A,participants_only,,,30,30,0,0,19,11,0.4505425859976981,0.26155266022040935,0.9806938730300682,0.09123849412773118,573,30,1.0,64,4.40625,1.546875,26.066666666666666,3431,,,,,,,,,,,,,,,,,,,,,,,,,,,
84,A,nonparticipants_only,,,10,0,10,0,0,0,0.20698200419733728,0.1970872915300536,0.4103273791214462,0.0014925932915095092,0,0,0.0,0,0.0,0.0,50.0,0,,,,,,,,,,,,,,,,,,,,,,,,,,,
84,A,step_totals,,,,,,,,,,,,,,,,,,,,,70.10000000000005,,,12.5,0.17831669044222526,47.0,0.670470756062767,0.0,0.0,0.005900718872077118,0.0851063829787234,0.0,0,4,46,16,,25,47,26,6.000000000000003,0.08559201141226816,4.600000000000001,0.06562054208273892,30,23,32
85,A,all_agents,,,40,30,10,0,19,11,0.39069454677079246,0.23078432375947827,0.9814661181088654,0.08073947952843702,580,30,0.75,64,4.40625,1.546875,31.8,3484,,,,,,,,,,,,,,,,,,,,,,,,,,,
85,A,participants_only,,,30,30,0,0,19,11,0.4517755629248791,0.2606997464379948,0.9814661181088654,0.09224520476609069,580,30,1.0,64,4.40625,1.546875,25.733333333333334,3484,,,,,,,,,,,,,,,,,,,,,,,,,,,
85,A,nonparticipants_only,,,10,0,10,0,0,0,0.20745149830853274,0.19738066877641214,0.40827574222583896,0.0014516174024865986,0,0,0.0,0,0.0,0.0,50.0,0,,,,,,,,,,,,,,,,,,,,,,,,,,,
85,A,step_totals,,,,,,,,,,,,,,,,,,,,,72.30000000000005,,,6.5,0.08990318118948817,57.0,0.7883817427385886,0.0,0.0,0.006515257198933084,0.12280701754385964,0.0,0,7,10,27,,13,57,17,6.000000000000003,0.08298755186721989,2.8000000000000003,0.0387275242047026,30,14,18
86,A,all_agents,,,40,30,10,0,19,11,0.39139854566061566,0.23134073368378072,0.9822074733845108,0.08104833766256887,591,30,0.75,64,4.40625,1.546875,32.05,3528,,,,,,,,,,,,,,,,,,,,,,,,,,,
86,A,participants_only,,,30,30,0,0,19,11,0.45255897358525454,0.2593962477058048,0.9822074733845108,0.09263051946481544,591,30,1.0,64,4.40625,1.546875,26.066666666666666,3528,,,,,,,,,,,,,,,,,,,,,,,,,,,
86,A,nonparticipants_only,,,10,0,10,0,0,0,0.20791726188669907,0.19784295845460728,0.40623436351470976,0.0014146169287298119,0,0,0.0,0,0.0,0.0,50.0,0,,,,,,,,,,,,,,,,,,,,,,,,,,,
86,A,step_totals,,,,,,,,,,,,,,,,,,,,,69.60000000000007,,,12.0,0.17241379310344812,47.0,0.6752873563218385,0.0,0.0,0.005907007291754834,0.23404255319148937,0.0,0,11,46,17,,24,47,26,6.000000000000003,0.0862068965517241,4.600000000000001,0.06609195402298847,30,23,31
87,A,all_agents,,,40,30,10,0,19,11,0.3924685680157248,0.23079956230101117,0.9829191744491304,0.08186108484623054,598,30,0.75,64,4.40625,1.546875,31.8,3583,,,,,,,,,,,,,,,,,,,,,,,,,,,
87,A,participants_only,,,30,30,0,0,19,11,0.45383129421748036,0.2587955294478721,0.9829191744491304,0.09362734130217629,598,30,1.0,64,4.40625,1.546875,25.733333333333334,3583,,,,,,,,,,,,,,,,,,,,,,,,,,,
87,A,nonparticipants_only,,,10,0,10,0,0,0,0.2083803894104577,0.19845923775787416,0.4042031916971362,0.0013777054754537037,0,0,0.0,0,0.0,0.0,50.0,0,,,,,,,,,,,,,,,,,,,,,,,,,,,
87,A,step_totals,,,,,,,,,,,,,,,,,,,,,72.30000000000007,,,6.5,0.08990318118948816,57.0,0.7883817427385885,0.0,0.0,0.006614041967245161,0.12280701754385964,0.0,0,7,10,27,,13,57,17,6.000000000000003,0.08298755186721987,2.8000000000000003,0.038727524204702594,30,14,18
88,A,all_agents,,,40,30,10,0,19,11,0.39314091610186414,0.23159217374292396,0.9836024074711651,0.08213444493724434,603,30,0.75,64,4.40625,1.546875,32.05,3625,,,,,,,,,,,,,,,,,,,,,,,,,,,
88,A,participants_only,,,30,30,0,0,19,11,0.45457430776807717,0.2575015518006327,0.9836024074711651,0.09396920269659079,603,30,1.0,64,4.40625,1.546875,26.066666666666666,3625,,,,,,,,,,,,,,,,,,,,,,,,,,,
88,A,nonparticipants_only,,,10,0,10,0,0,0,0.20884074110322506,0.20024358919330432,0.4021821757386505,0.0013414323198329776,0,0,0.0,0,0.0,0.0,50.0,0,,,,,,,,,,,,,,,,,,,,,,,,,,,
88,A,step_totals,,,,,,,,,,,,,,,,,,,,,69.10000000000007,,,11.5,0.1664254703328508,47.0,0.6801736613603466,0.0,0.0,0.005874296589706545,0.10638297872340426,0.0,0,5,46,17,,23,47,26,6.000000000000003,0.08683068017366131,4.600000000000001,0.06657018813314033,30,23,31
89,A,all_agents,,,40,30,10,0,19,11,0.39393646745715194,0.23093683383951108,0.9842583111723185,0.08283373768088835,610,30,0.75,64,4.40625,1.546875,31.8,3674,,,,,,,,,,,,,,,,,,,,,,,,,,,
89,A,participants_only,,,30,30,0,0,19,11,0.45548236652205265,0.25843213490251865,0.9842583111723185,0.09485864935121982,610,30,1.0,64,4.40625,1.546875,25.733333333333334,3674,,,,,,,,,,,,,,,,,,,,,,,,,,,
89,A,nonparticipants_only,,,10,0,10,0,0,0,0.20929877026244978,0.2009388272694168,0.40017126485995724,0.0013042303694105937,0,0,0.0,0,0.0,0.0,50.0,0,,,,,,,,,,,,,,,,,,,,,,,,,,,
89,A,step_totals,,,,,,,,,,,,,,,,,,,,,72.30000000000007,,,6.5,0.08990318118948816,57.0,0.7883817427385885,0.0,0.0,0.005709319387954184,0.12280701754385964,0.0,0,7,10,27,,13,57,17,6.000000000000003,0.08298755186721987,2.8000000000000003,0.038727524204702594,30,14,18
90,A,all_agents,,,40,30,10,0,19,11,0.39453296735762705,0.2309255452165065,0.9848879787254258,0.08311082403167333,619,30,0.75,64,4.40625,1.546875,32.05,3717,,,,,,,,,,,,,,,,,,,,,,,,,,,
90,A,participants_only,,,30,30,0,0,19,11,0.4561262143483157,0.25713997422800605,0.9848879787254258,0.09521597942599311,619,30,1.0,64,4.40625,1.546875,26.066666666666666,3717,,,,,,,,,,,,,,,,,,,,,,,,,,,
90,A,nonparticipants_only,,,10,0,10,0,0,0,0.20975322638556135,0.20135406017301158,0.39817040853565744,0.0012706209504423718,0,0,0.0,0,0.0,0.0,50.0,0,,,,,,,,,,,,,,,,,,,,,,,,,,,
90,A,step_totals,,,,,,,,,,,,,,,,,,,,,69.10000000000007,,,11.5,0.1664254703328508,47.0,0.6801736613603466,0.0,0.0,0.005620823244913741,0.19148936170212766,0.0,0,9,46,17,,23,47,26,6.000000000000003,0.08683068017366131,4.600000000000001,0.06657018813314033,30,23,30
90,A,reachability,0.225,0.0,,,,,,,,,,,,,,,,,,,,,,,,,,,,,,,,,,,,,,,,,,,,,
91,A,all_agents,,,40,30,10,0,19,11,0.39548542843808726,0.23023499899539995,0.9854924595764087,0.08391216776516325,626,30,0.75,64,4.40625,1.546875,31.8,3772,,,,,,,,,,,,,,,,,,,,,,,,,,,
91,A,participants_only,,,30,30,0,0,19,11,0.4572456907126486,0.25832986141835257,0.9854924595764087,0.09621266138865577,626,30,1.0,64,4.40625,1.546875,25.733333333333334,3772,,,,,,,,,,,,,,,,,,,,,,,,,,,
91,A,nonparticipants_only,,,10,0,10,0,0,0,0.21020464161440333,0.20146438646395498,0.39617955649297915,0.0012387269400144915,0,0,0.0,0,0.0,0.0,50.0,0,,,,,,,,,,,,,,,,,,,,,,,,,,,
91,A,step_totals,,,,,,,,,,,,,,,,,,,,,72.30000000000007,,,6.5,0.08990318118948816,57.0,0.7883817427385885,0.0,0.0,0.006234407774398915,0.12280701754385964,0.0,0,7,9,27,,13,57,16,6.000000000000003,0.08298755186721987,2.8000000000000003,0.038727524204702594,30,14,18
92,A,all_agents,,,40,30,10,0,19,11,0.396010418868095,0.2313538023257131,0.9860727611933524,0.084146937230829,636,30,0.75,64,4.40625,1.546875,32.05,3814,,,,,,,,,,,,,,,,,,,,,,,,,,,
92,A,participants_only,,,30,30,0,0,19,11,0.4577960494090457,0.2570382121112609,0.9860727611933524,0.09652378365062092,636,30,1.0,64,4.40625,1.546875,26.066666666666666,3814,,,,,,,,,,,,,,,,,,,,,,,,,,,
92,A,nonparticipants_only,,,10,0,10,0,0,0,0.21065352724524267,0.20132895756194097,0.39419865871051424,0.001206828275338816,0,0,0.0,0,0.0,0.0,50.0,0,,,,,,,,,,,,,,,,,,,,,,,,,,,
92,A,step_totals,,,,,,,,,,,,,,,,,,,,,69.30000000000007,,,11.5,0.16594516594516578,47.0,0.6782106782106776,0.0,0.0,0.0053698509716032464,0.2127659574468085,0.0,0,10,46,17,,23,47,27,6.000000000000003,0.08658008658008653,4.800000000000002,0.06926406926406922,30,24,30
93,A,all_agents,,,40,30,10,0,19,11,0.39685783720402895,0.23070598978613419,0.9866298507456183,0.08490529269691015,639,30,0.75,64,4.40625,1.546875,31.8,3865,,,,,,,,,,,,,,,,,,,,,,,,,,,
93,A,participants_only,,,30,30,0,0,19,11,0.45877709239113745,0.25698200451747544,0.9866298507456183,0.0974796574965251,639,30,1.0,64,4.40625,1.546875,25.733333333333334,3865,,,,,,,,,,,,,,,,,,,,,,,,,,,
93,A,nonparticipants_only,,,10,0,10,0,0,0,0.21110007164270356,0.20352438311851312,0.3922276654169617,0.0011742683429502012,0,0,0.0,0,0.0,0.0,50.0,0,,,,,,,,,,,,,,,,,,,,,,,,,,,
93,A,step_totals,,,,,,,,,,,,,,,,,,,,,72.30000000000005,,,6.5,0.08990318118948817,57.0,0.7883817427385886,0.0,0.0,0.005890516896283827,0.05263157894736842,0.0,0,3,10,27,,13,57,16,6.000000000000003,0.08298755186721989,2.8000000000000003,0.0387275242047026,30,14,16
94,A,all_agents,,,40,30,10,0,19,11,0.39750234413530505,0.2316226824272014,0.9871646567157936,0.0851669076506169,644,30,0.75,64,4.40625,1.546875,32.05,3908,,,,,,,,,,,,,,,,,,,,,,,,,,,
94,A,participants_only,,,30,30,0,0,19,11,0.45948857915748487,0.2556970944948881,0.9871646567157936,0.09780558790072544,644,30,1.0,64,4.40625,1.546875,26.066666666666666,3908,,,,,,,,,,,,,,,,,,,,,,,,,,,
94,A,nonparticipants_only,,,10,0,10,0,0,0,0.21154363906876558,0.2048067121703741,0.39026652708987686,0.0011433469135923309,0,0,0.0,0,0.0,0.0,50.0,0,,,,,,,,,,,,,,,,,,,,,,,,,,,
94,A,step_totals,,,,,,,,,,,,,,,,,,,,,69.10000000000008,,,11.5,0.16642547033285074,47.0,0.6801736613603465,0.0,0.0,0.005812400477768622,0.10638297872340426,0.0,0,5,46,17,,23,47,27,6.000000000000003,0.0868306801736613,4.600000000000001,0.06657018813314032,30,23,30
95,A,all_agents,,,40,30,10,0,19,11,0.3984798993429784,0.2313540404886647,0.9876780704471618,0.08597626252136754,656,30,0.75,64,4.40625,1.546875,31.8,3965,,,,,,,,,,,,,,,,,,,,,,,,,,,
95,A,participants_only,,,30,30,0,0,19,11,0.4606451578426375,0.2548984245747765,0.9876780704471618,0.09880543953680085,656,30,1.0,64,4.40625,1.546875,25.733333333333334,3965,,,,,,,,,,,,,,,,,,,,,,,,,,,
95,A,nonparticipants_only,,,10,0,10,0,0,0,0.21198412384400084,0.20520963259024458,0.38831519445442747,0.001114499103114285,0,0,0.0,0,0.0,0.0,50.0,0,,,,,,,,,,,,,,,,,,,,,,,,,,,
95,A,step_totals,,,,,,,,,,,,,,,,,,,,,72.30000000000007,,,6.5,0.08990318118948816,57.0,0.7883817427385885,0.0,0.0,0.006328442400462014,0.21052631578947367,0.0,0,12,9,27,,13,57,15,6.000000000000003,0.08298755186721987,2.8000000000000003,0.038727524204702594,30,14,14
96,A,all_agents,,,40,30,10,0,19,11,0.39905233988054367,0.23235075935996824,0.9881709476292754,0.08620762348963983,665,30,0.75,64,4.40625,1.546875,32.05,4009,,,,,,,,,,,,,,,,,,,,,,,,,,,
96,A,participants_only,,,30,30,0,0,19,11,0.4612626473548876,0.2536239324519026,0.9881709476292754,0.09910029094034925,665,30,1.0,64,4.40625,1.546875,26.066666666666666,4009,,,,,,,,,,,,,,,,,,,,,,,,,,,
96,A,nonparticipants_only,,,10,0,10,0,0,0,0.21242141745751192,0.2053166874866288,0.38637361848215535,0.001088152864882643,0,0,0.0,0,0.0,0.0,50.0,0,,,,,,,,,,,,,,,,,,,,,,,,,,,
96,A,step_totals,,,,,,,,,,,,,,,,,,,,,69.10000000000008,,,11.5,0.16642547033285074,47.0,0.6801736613603465,0.0,0.0,0.005574546078597018,0.19148936170212766,0.0,0,9,45,17,,23,47,27,6.000000000000003,0.0868306801736613,4.600000000000001,0.06657018813314032,30,23,30
97,A,all_agents,,,40,30,10,0,19,11,0.3999226819140146,0.23141642467761148,0.9886441097241043,0.08698926315822517,677,30,0.75,64,4.40625,1.546875,31.8,4065,,,,,,,,,,,,,,,,,,,,,,,,,,,
97,A,participants_only,,,30,30,0,0,19,11,0.46227804490087104,0.25270698469580344,0.9886441097241043,0.10007940559434063,677,30,1.0,64,4.40625,1.546875,25.733333333333334,4065,,,,,,,,,,,,,,,,,,,,,,,,,,,
97,A,nonparticipants_only,,,10,0,10,0,0,0,0.2128565929534452,0.2051852743216564,0.38444175038974454,0.0010605403312071951,0,0,0.0,0,0.0,0.0,50.0,0,,,,,,,,,,,,,,,,,,,,,,,,,,,
97,A,step_totals,,,,,,,,,,,,,,,,,,,,,72.30000000000007,,,6.5,0.08990318118948816,57.0,0.7883817427385885,0.0,0.0,0.005977699499069802,0.21052631578947367,0.0,0,12,9,27,,13,57,15,6.000000000000003,0.08298755186721987,2.8000000000000003,0.038727524204702594,30,14,14
98,A,all_agents,,,40,30,10,0,19,11,0.40046377403817407,0.23171556613939287,0.9890983453351402,0.08720405255930273,688,30,0.75,64,4.40625,1.546875,32.05,4109,,,,,,,,,,,,,,,,,,,,,,,,,,,
98,A,participants_only,,,30,30,0,0,19,11,0.4628553296564442,0.25144344977232447,0.9890983453351402,0.10035669011552056,688,30,1.0,64,4.40625,1.546875,26.066666666666666,4109,,,,,,,,,,,,,,,,,,,,,,,,,,,
98,A,nonparticipants_only,,,10,0,10,0,0,0,0.2132891071833635,0.20662227060472227,0.38251954163779583,0.0010336653410368045,0,0,0.0,0,0.0,0.0,50.0,0,,,,,,,,,,,,,,,,,,,,,,,,,,,
98,A,step_totals,,,,,,,,,,,,,,,,,,,,,69.10000000000007,,,11.5,0.1664254703328508,47.0,0.6801736613603466,0.0,0.0,0.005478624460946231,0.23404255319148937,0.0,0,11,45,17,,23,47,27,6.000000000000003,0.08683068017366131,4.600000000000001,0.06657018813314033,30,23,30
99,A,all_agents,,,40,30,10,0,19,11,0.40119519250130087,0.23173604545666426,0.9895344115217346,0.08790013929748693,702,30,0.75,64,4.40625,1.546875,31.8,4161,,,,,,,,,,,,,,,,,,,,,,,,,,,
99,A,participants_only,,,30,30,0,0,19,11,0.46368717464640385,0.25088744002364394,0.9895344115217346,0.10124368410082123,702,30,1.0,64,4.40625,1.546875,25.733333333333334,4161,,,,,,,,,,,,,,,,,,,,,,,,,,,
99,A,nonparticipants_only,,,10,0,10,0,0,0,0.21371924606599196,0.20855990656998086,0.38060694392960687,0.0010065308983976053,0,0,0.0,0,0.0,0.0,50.0,0,,,,,,,,,,,,,,,,,,,,,,,,,,,
99,A,step_totals,,,,,,,,,,,,,,,,,,,,,72.30000000000005,,,6.5,0.08990318118948817,57.0,0.7883817427385886,0.0,0.0,0.0055218789544671755,0.24561403508771928,0.0,0,14,9,27,,13,57,15,6.000000000000003,0.08298755186721989,2.8000000000000003,0.0387275242047026,30,14,14
100,A,all_agents,,,40,30,10,0,19,11,0.4016449672140462,0.23192704142576218,0.9899530350608652,0.0880898000515996,706,30,0.75,64,4.40625,1.546875,32.05,4204,,,,,,,,,,,,,,,,,,,,,,,,,,,
100,A,participants_only,,,30,30,0,0,19,11,0.46414458709479817,0.2504844279981646,0.9899530350608652,0.1015007901993224,706,30,1.0,64,4.40625,1.546875,26.066666666666666,4204,,,,,,,,,,,,,,,,,,,,,,,,,,,
100,A,nonparticipants_only,,,10,0,10,0,0,0,0.21414610757179037,0.20895087959582526,0.37870390920995883,0.000982399785569347,0,0,0.0,0,0.0,0.0,50.0,0,,,,,,,,,,,,,,,,,,,,,,,,,,,
100,A,step_totals,,,,,,,,,,,,,,,,,,,,,69.10000000000007,,,11.5,0.1664254703328508,47.0,0.6801736613603466,0.0,0.0,0.005170536019113523,0.0851063829787234,0.0,0,4,45,17,,23,47,27,6.000000000000003,0.08683068017366131,4.600000000000001,0.06657018813314033,30,23,30
100,A,reachability,0.225,0.0,,,,,,,,,,,,,,,,,,,,,,,,,,,,,,,,,,,,,,,,,,,,,
101,A,all_agents,,,40,30,10,0,19,11,0.40237160879036515,0.23140932418059854,0.9903549136584305,0.08880172968645968,718,30,0.75,64,4.40625,1.546875,31.8,4257,,,,,,,,,,,,,,,,,,,,,,,,,,,
101,A,participants_only,,,30,30,0,0,19,11,0.4649721210270956,0.2502572073519994,0.9903549136584305,0.10240702678733662,718,30,1.0,64,4.40625,1.546875,25.733333333333334,4257,,,,,,,,,,,,,,,,,,,,,,,,,,,
101,A,nonparticipants_only,,,10,0,10,0,0,0,0.21457007208017356,0.20905476010102342,0.37681038966390906,0.0009599487962162744,0,0,0.0,0,0.0,0.0,50.0,0,,,,,,,,,,,,,,,,,,,,,,,,,,,
101,A,step_totals,,,,,,,,,,,,,,,,,,,,,72.30000000000005,,,6.5,0.08990318118948817,57.0,0.7883817427385886,0.0,0.0,0.005508776348447503,0.21052631578947367,0.0,0,12,9,27,,13,57,15,6.000000000000003,0.08298755186721989,2.8000000000000003,0.0387275242047026,30,14,14
102,A,all_agents,,,40,30,10,0,19,11,0.40290216905029436,0.23222074884286226,0.9907407171120933,0.0890134482641014,724,30,0.75,64,4.40625,1.546875,32.05,4303,,,,,,,,,,,,,,,,,,,,,,,,,,,
102,A,participants_only,,,30,30,0,0,19,11,0.465539111169587,0.25108517604354263,0.9907407171120933,0.10267821583526739,724,30,1.0,64,4.40625,1.546875,26.066666666666666,4303,,,,,,,,,,,,,,,,,,,,,,,,,,,
102,A,nonparticipants_only,,,10,0,10,0,0,0,0.21499134269241624,0.2089272435984804,0.37492633771558953,0.0009385073339359855,0,0,0.0,0,0.0,0.0,50.0,0,,,,,,,,,,,,,,,,,,,,,,,,,,,
102,A,step_totals,,,,,,,,,,,,,,,,,,,,,69.10000000000007,,,11.5,0.1664254703328508,47.0,0.6801736613603466,0.0,0.0,0.00546064780642092,0.1276595744680851,0.0,0,6,45,17,,23,47,27,6.000000000000003,0.08683068017366131,4.600000000000001,0.06657018813314033,30,23,30
103,A,all_agents,,,40,30,10,0,19,11,0.40360396605999216,0.23251000971425767,0.9911110884276096,0.08970993201675528,733,30,0.75,64,4.40625,1.546875,31.8,4357,,,,,,,,,,,,,,,,,,,,,,,,,,,
103,A,participants_only,,,30,30,0,0,19,11,0.46633511316674126,0.2503443807694378,0.9911110884276096,0.10356713214464165,733,30,1.0,64,4.40625,1.546875,25.733333333333334,4357,,,,,,,,,,,,,,,,,,,,,,,,,,,
103,A,nonparticipants_only,,,10,0,10,0,0,0,0.21541052473974495,0.20926748193227523,0.3730517060270116,0.0009159698251530891,0,0,0.0,0,0.0,0.0,50.0,0,,,,,,,,,,,,,,,,,,,,,,,,,,,
103,A,step_totals,,,,,,,,,,,,,,,,,,,,,72.30000000000007,,,6.5,0.08990318118948816,57.0,0.7883817427385885,0.0,0.0,0.005431780919201095,0.15789473684210525,0.0,0,9,9,27,,13,57,15,6.000000000000003,0.08298755186721987,2.8000000000000003,0.038727524204702594,30,14,14
104,A,all_agents,,,40,30,10,0,19,11,0.40402923771450855,0.23270624386528915,0.9914666448905053,0.08985974803786814,736,30,0.75,64,4.40625,1.546875,32.05,4400,,,,,,,,,,,,,,,,,,,,,,,,,,,
104,A,participants_only,,,30,30,0,0,19,11,0.4667631743328365,0.2498883578396932,0.9914666448905053,0.1037731099231455,736,30,1.0,64,4.40625,1.546875,26.066666666666666,4400,,,,,,,,,,,,,,,,,,,,,,,,,,,
104,A,nonparticipants_only,,,10,0,10,0,0,0,0.21582742785952458,0.21029902233191367,0.3711864474968765,0.0008931007384473458,0,0,0.0,0,0.0,0.0,50.0,0,,,,,,,,,,,,,,,,,,,,,,,,,,,
104,A,step_totals,,,,,,,,,,,,,,,,,,,,,69.10000000000007,,,11.5,0.1664254703328508,47.0,0.6801736613603466,0.0,0.0,0.00510495664509322,0.06382978723404255,0.0,0,3,45,17,,23,47,27,6.000000000000003,0.08683068017366131,4.600000000000001,0.06657018813314033,30,23,30
105,A,all_agents,,,40,30,10,0,19,11,0.4046261825456786,0.2321517910157816,0.991807979094885,0.09052635032138313,743,30,0.75,64,4.40625,1.546875,31.8,4453,,,,,,,,,,,,,,,,,,,,,,,,,,,
105,A,participants_only,,,30,30,0,0,19,11,0.46742108371389973,0.24880215863708657,0.991807979094885,0.10463835119457396,743,30,1.0,64,4.40625,1.546875,25.733333333333334,4453,,,,,,,,,,,,,,,,,,,,,,,,,,,
105,A,nonparticipants_only,,,10,0,10,0,0,0,0.21624147904101526,0.2100971691981594,0.36933051525939214,0.0008719523490907397,0,0,0.0,0,0.0,0.0,50.0,0,,,,,,,,,,,,,,,,,,,,,,,,,,,
105,A,step_totals,,,,,,,,,,,,,,,,,,,,,72.30000000000005,,,6.5,0.08990318118948817,57.0,0.7883817427385886,0.0,0.0,0.00508716820037227,0.12280701754385964,0.0,0,7,9,27,,13,57,15,6.000000000000003,0.08298755186721989,2.8000000000000003,0.0387275242047026,30,14,14
106,A,all_agents,,,40,30,10,0,19,11,0.40510104302783173,0.23282702053206505,0.9921356599310897,0.09070703692007286,749,30,0.75,64,4.40625,1.546875,32.05,4497,,,,,,,,,,,,,,,,,,,,,,,,,,,
106,A,participants_only,,,30,30,0,0,19,11,0.4679171999268345,0.24911607704650984,0.9921356599310897,0.10487492480680606,749,30,1.0,64,4.40625,1.546875,26.066666666666666,4497,,,,,,,,,,,,,,,,,,,,,,,,,,,
106,A,nonparticipants_only,,,10,0,10,0,0,0,0.21665257233082333,0.2102729184589736,0.3674838626830952,0.0008529384491515682,0,0,0.0,0,0.0,0.0,50.0,0,,,,,,,,,,,,,,,,,,,,,,,,,,,
106,A,step_totals,,,,,,,,,,,,,,,,,,,,,69.30000000000005,,,11.5,0.1659451659451658,47.0,0.6782106782106777,0.0,0.0,0.005269160905223646,0.1276595744680851,0.0,0,6,45,17,,23,47,27,6.000000000000003,0.08658008658008655,4.800000000000002,0.06926406926406924,30,24,30
107,A,all_agents,,,40,30,10,0,19,11,0.40578202120071494,0.2319290682855114,0.9924502335338461,0.0914036993539882,753,30,0.75,64,4.40625,1.546875,31.8,4551,,,,,,,,,,,,,,,,,,,,,,,,,,,
107,A,participants_only,,,30,30,0,0,19,11,0.4686889837309737,0.2483684288791714,0.9924502335338461,0.10576426151829409,753,30,1.0,64,4.40625,1.546875,25.733333333333334,4551,,,,,,,,,,,,,,,,,,,,,,,,,,,
107,A,nonparticipants_only,,,10,0,10,0,0,0,0.21706113360993867,0.21052269622638264,0.3656464433696797,0.0008345816436699978,0,0,0.0,0,0.0,0.0,50.0,0,,,,,,,,,,,,,,,,,,,,,,,,,,,
107,A,step_totals,,,,,,,,,,,,,,,,,,,,,72.30000000000007,,,6.5,0.08990318118948816,57.0,0.7883817427385885,0.0,0.0,0.005370156656535694,0.07017543859649122,0.0,0,4,9,27,,13,57,15,6.000000000000003,0.08298755186721987,2.8000000000000003,0.038727524204702594,30,14,14
108,A,all_agents,,,40,30,10,0,19,11,0.4062433196407426,0.23251372949587135,0.9927522241924922,0.09156658630678376,760,30,0.75,64,4.40625,1.546875,32.05,4596,,,,,,,,,,,,,,,,,,,,,,,,,,,
108,A,participants_only,,,30,30,0,0,19,11,0.46916863877250564,0.24901881357093464,0.9927522241924922,0.10597831924430257,760,30,1.0,64,4.40625,1.546875,26.066666666666666,4596,,,,,,,,,,,,,,,,,,,,,,,,,,,
108,A,nonparticipants_only,,,10,0,10,0,0,0,0.21746736224545365,0.21023577737268437,0.3638182111528313,0.0008162380402167126,0,0,0.0,0,0.0,0.0,50.0,0,,,,,,,,,,,,,,,,,,,,,,,,,,,
108,A,step_totals,,,,,,,,,,,,,,,,,,,,,69.10000000000008,,,11.5,0.16642547033285074,47.0,0.6801736613603465,0.0,0.0,0.005246207479079888,0.14893617021276595,0.0,0,7,45,17,,23,47,27,6.000000000000003,0.0868306801736613,4.600000000000001,0.06657018813314032,30,23,30
109,A,all_agents,,,40,30,10,0,19,11,0.4069185343697622,0.23205098324297718,0.9930421352247926,0.09227289913282805,772,30,0.75,64,4.40625,1.546875,31.8,4652,,,,,,,,,,,,,,,,,,,,,,,,,,,
109,A,participants_only,,,30,30,0,0,19,11,0.4699341605603495,0.24805094393814223,0.9930421352247926,0.10688114302686995,772,30,1.0,64,4.40625,1.546875,25.733333333333334,4652,,,,,,,,,,,,,,,,,,,,,,,,,,,
109,A,nonparticipants_only,,,10,0,10,0,0,0,0.2178716557980006,0.21176396529281788,0.36199912009706714,0.0007965377204005079,0,0,0.0,0,0.0,0.0,50.0,0,,,,,,,,,,,,,,,,,,,,,,,,,,,
109,A,step_totals,,,,,,,,,,,,,,,,,,,,,72.30000000000007,,,6.5,0.08990318118948816,57.0,0.7883817427385885,0.0,0.0,0.005355920077368478,0.21052631578947367,0.0,0,12,9,27,,13,57,15,6.000000000000003,0.08298755186721987,2.8000000000000003,0.038727524204702594,30,14,14
110,A,all_agents,,,40,30,10,0,19,11,0.40734887212288984,0.23321598086423012,0.9933204498158008,0.09242997939703733,779,30,0.75,64,4.40625,1.546875,32.05,4698,,,,,,,,,,,,,,,,,,,,,,,,,,,
110,A,participants_only,,,30,30,0,0,19,11,0.47037410779047883,0.24855009225165015,0.9933204498158008,0.10709172689532855,779,30,1.0,64,4.40625,1.546875,26.066666666666666,4698,,,,,,,,,,,,,,,,,,,,,,,,,,,
110,A,nonparticipants_only,,,10,0,10,0,0,0,0.21827316512012293,0.21261620507970266,0.3601891244965818,0.0007785729307021716,0,0,0.0,0,0.0,0.0,50.0,0,,,,,,,,,,,,,,,,,,,,,,,,,,,
110,A,step_totals,,,,,,,,,,,,,,,,,,,,,69.10000000000008,,,11.5,0.16642547033285074,47.0,0.6801736613603465,0.0,0.0,0.0051486187821575555,0.14893617021276595,0.0,0,7,45,17,,23,47,27,6.000000000000003,0.0868306801736613,4.600000000000001,0.06657018813314032,30,23,30
110,A,reachability,0.225,0.0,,,,,,,,,,,,,,,,,,,,,,,,,,,,,,,,,,,,,,,,,,,,,
111,A,all_agents,,,40,30,10,0,19,11,0.4080176634257982,0.23288530387905176,0.9935876318231688,0.09314459955880455,787,30,0.75,64,4.40625,1.546875,31.8,4754,,,,,,,,,,,,,,,,,,,,,,,,,,,
111,A,participants_only,,,30,30,0,0,19,11,0.4711328337780863,0.2486543729002459,0.9935876318231688,0.10800489246080623,787,30,1.0,64,4.40625,1.546875,25.733333333333334,4754,,,,,,,,,,,,,,,,,,,,,,,,,,,
111,A,nonparticipants_only,,,10,0,10,0,0,0,0.21867215236893411,0.21323208422682133,0.3583881788740989,0.000761424109619485,0,0,0.0,0,0.0,0.0,50.0,0,,,,,,,,,,,,,,,,,,,,,,,,,,,
111,A,step_totals,,,,,,,,,,,,,,,,,,,,,72.30000000000005,,,6.5,0.08990318118948817,57.0,0.7883817427385886,0.0,0.0,0.005338447229010422,0.14035087719298245,0.0,0,8,9,27,,13,57,15,6.000000000000003,0.08298755186721989,2.8000000000000003,0.0387275242047026,30,14,14
112,A,all_agents,,,40,30,10,0,19,11,0.40848828053368386,0.23344705422470774,0.993844126550242,0.09329811644613942,795,30,0.75,64,4.40625,1.546875,32.05,4800,,,,,,,,,,,,,,,,,,,,,,,,,,,
112,A,participants_only,,,30,30,0,0,19,11,0.47162823785302505,0.24803954827935015,0.993844126550242,0.10820224825388099,795,30,1.0,64,4.40625,1.546875,26.066666666666666,4800,,,,,,,,,,,,,,,,,,,,,,,,,,,
112,A,nonparticipants_only,,,10,0,10,0,0,0,0.21906840857566015,0.21347450683980612,0.3565962379797284,0.0007458704994559395,0,0,0.0,0,0.0,0.0,50.0,0,,,,,,,,,,,,,,,,,,,,,,,,,,,
112,A,step_totals,,,,,,,,,,,,,,,,,,,,,69.10000000000007,,,11.5,0.1664254703328508,47.0,0.6801736613603466,0.0,0.0,0.005297061355984759,0.1702127659574468,0.0,0,8,45,17,,23,47,27,6.000000000000003,0.08683068017366131,4.600000000000001,0.06657018813314033,30,23,30
113,A,all_agents,,,40,30,10,0,19,11,0.40909096884589236,0.2330999790666209,0.9940903614882324,0.09397971670814055,805,30,0.75,64,4.40625,1.546875,31.8,4856,,,,,,,,,,,,,,,,,,,,,,,,,,,
113,A,participants_only,,,30,30,0,0,19,11,0.4723004936159307,0.2471060131212246,0.9940903614882324,0.10908107247372592,805,30,1.0,64,4.40625,1.546875,25.733333333333334,4856,,,,,,,,,,,,,,,,,,,,,,,,,,,
113,A,nonparticipants_only,,,10,0,10,0,0,0,0.21946239453577737,0.21351361522233692,0.3548132567898297,0.0007303211515353459,0,0,0.0,0,0.0,0.0,50.0,0,,,,,,,,,,,,,,,,,,,,,,,,,,,
113,A,step_totals,,,,,,,,,,,,,,,,,,,,,72.30000000000007,,,6.5,0.08990318118948816,57.0,0.7883817427385885,0.0,0.0,0.005123396171834747,0.17543859649122806,0.0,0,10,9,27,,13,57,15,6.000000000000003,0.08298755186721987,2.8000000000000003,0.038727524204702594,30,14,14
114,A,all_agents,,,40,30,10,0,19,11,0.40947323051449785,0.23261577265644615,0.994326747028703,0.09410919512236675,810,30,0.75,64,4.40625,1.546875,32.05,4901,,,,,,,,,,,,,,,,,,,,,,,,,,,
114,A,participants_only,,,30,30,0,0,19,11,0.4726795516155022,0.24699427132426147,0.994326747028703,0.10926067773652935,810,30,1.0,64,4.40625,1.546875,26.066666666666666,4901,,,,,,,,,,,,,,,,,,,,,,,,,,,
114,A,nonparticipants_only,,,10,0,10,0,0,0,0.21985426721148496,0.21486286092476276,0.35303919050588056,0.0007142789543997503,0,0,0.0,0,0.0,0.0,50.0,0,,,,,,,,,,,,,,,,,,,,,,,,,,,
114,A,step_totals,,,,,,,,,,,,,,,,,,,,,69.10000000000007,,,11.5,0.1664254703328508,47.0,0.6801736613603466,0.0,0.0,0.004998879672867999,0.10638297872340426,0.0,0,5,45,17,,23,47,27,6.000000000000003,0.08683068017366131,4.600000000000001,0.06657018813314033,30,23,30
115,A,all_agents,,,40,30,10,0,19,11,0.4100336905396824,0.2318751171489853,0.9945536771475549,0.0947788031943915,816,30,0.75,64,4.40625,1.546875,31.8,4957,,,,,,,,,,,,,,,,,,,,,,,,,,,
115,A,participants_only,,,30,30,0,0,19,11,0.4732969662708099,0.24595418966857752,0.9945536771475549,0.11012998602306714,816,30,1.0,64,4.40625,1.546875,25.733333333333334,4957,,,,,,,,,,,,,,,,,,,,,,,,,,,
115,A,nonparticipants_only,,,10,0,10,0,0,0,0.2202438633462999,0.21518184419230152,0.3512739945533512,0.0006983500335725431,0,0,0.0,0,0.0,0.0,50.0,0,,,,,,,,,,,,,,,,,,,,,,,,,,,
115,A,step_totals,,,,,,,,,,,,,,,,,,,,,72.30000000000007,,,6.5,0.08990318118948816,57.0,0.7883817427385885,0.0,0.0,0.004986907712531813,0.10526315789473684,0.0,0,6,9,27,,13,57,15,6.000000000000003,0.08298755186721987,2.8000000000000003,0.038727524204702594,30,14,14
116,A,all_agents,,,40,30,10,0,19,11,0.41039380215905813,0.23251136564367786,0.9947715300616528,0.09489468997893079,824,30,0.75,64,4.40625,1.546875,32.05,5001,,,,,,,,,,,,,,,,,,,,,,,,,,,
116,A,participants_only,,,30,30,0,0,19,11,0.4736480739654425,0.24661239813282454,0.9947715300616528,0.11029406962820702,824,30,1.0,64,4.40625,1.546875,26.066666666666666,5001,,,,,,,,,,,,,,,,,,,,,,,,,,,
116,A,nonparticipants_only,,,10,0,10,0,0,0,0.22063098673990492,0.2157581282320308,0.34951762458058444,0.0006833162100306125,0,0,0.0,0,0.0,0.0,50.0,0,,,,,,,,,,,,,,,,,,,,,,,,,,,
116,A,step_totals,,,,,,,,,,,,,,,,,,,,,69.10000000000007,,,11.5,0.1664254703328508,47.0,0.6801736613603466,0.0,0.0,0.004929245506095273,0.1702127659574468,0.0,0,8,45,17,,23,47,27,6.000000000000003,0.08683068017366131,4.600000000000001,0.06657018813314033,30,23,30
117,A,all_agents,,,40,30,10,0,19,11,0.4109080008602037,0.23213441694074655,0.9949806688591867,0.0955333591925917,834,30,0.75,64,4.40625,1.546875,31.8,5056,,,,,,,,,,,,,,,,,,,,,,,,,,,
117,A,participants_only,,,30,30,0,0,19,11,0.4742054337960963,0.24610828242354713,0.9949806688591867,0.1111285640155334,834,30,1.0,64,4.40625,1.546875,25.733333333333334,5056,,,,,,,,,,,,,,,,,,,,,,,,,,,
117,A,nonparticipants_only,,,10,0,10,0,0,0,0.22101570205252605,0.21633885974213854,0.3477700364576815,0.0006689645284808735,0,0,0.0,0,0.0,0.0,50.0,0,,,,,,,,,,,,,,,,,,,,,,,,,,,
117,A,step_totals,,,,,,,,,,,,,,,,,,,,,72.30000000000005,,,6.5,0.08990318118948817,57.0,0.7883817427385886,0.0,0.0,0.004836468968966267,0.17543859649122806,0.0,0,10,9,27,,13,57,15,6.000000000000003,0.08298755186721989,2.8000000000000003,0.0387275242047026,30,14,14
118,A,all_agents,,,40,30,10,0,19,11,0.4112206716018874,0.23277396874656137,0.9951814421048192,0.09561886488429179,839,30,0.75,64,4.40625,1.546875,32.05,5101,,,,,,,,,,,,,,,,,,,,,,,,,,,
118,A,participants_only,,,30,30,0,0,19,11,0.4744948754975893,0.24562318182671838,0.9951814421048192,0.11125892999480569,839,30,1.0,64,4.40625,1.546875,26.066666666666666,5101,,,,,,,,,,,,,,,,,,,,,,,,,,,
118,A,nonparticipants_only,,,10,0,10,0,0,0,0.22139805991478198,0.21637685796918898,0.3460311862753931,0.0006551710091319333,0,0,0.0,0,0.0,0.0,50.0,0,,,,,,,,,,,,,,,,,,,,,,,,,,,
118,A,step_totals,,,,,,,,,,,,,,,,,,,,,69.10000000000008,,,11.5,0.16642547033285074,47.0,0.6801736613603465,0.0,0.0,0.004771594699348653,0.10638297872340426,0.0,0,5,45,17,,23,47,27,6.000000000000003,0.0868306801736613,4.600000000000001,0.06657018813314032,30,23,29
119,A,all_agents,,,40,30,10,0,19,11,0.4117161646200026,0.23203499670000333,0.9953741844206264,0.09624611814233984,849,30,0.75,64,4.40625,1.546875,31.8,5155,,,,,,,,,,,,,,,,,,,,,,,,,,,
119,A,participants_only,,,30,30,0,0,19,11,0.47502881159483423,0.2447884081928322,0.9953741844206264,0.1120803995278896,849,30,1.0,64,4.40625,1.546875,25.733333333333334,5155,,,,,,,,,,,,,,,,,,,,,,,,,,,
119,A,nonparticipants_only,,,10,0,10,0,0,0,0.22177822369550795,0.2179926597564314,0.3443010303440161,0.0006413787821747762,0,0,0.0,0,0.0,0.0,50.0,0,,,,,,,,,,,,,,,,,,,,,,,,,,,
119,A,step_totals,,,,,,,,,,,,,,,,,,,,,72.30000000000005,,,6.5,0.08990318118948817,57.0,0.7883817427385886,0.0,0.0,0.004776899121679711,0.17543859649122806,0.0,0,10,9,27,,13,57,15,6.000000000000003,0.08298755186721989,2.8000000000000003,0.0387275242047026,30,14,13
120,A,all_agents,,,40,30,10,0,19,11,0.4119926104686605,0.23240144663502083,0.9955592170438013,0.09632234853299401,860,30,0.75,64,4.40625,1.546875,32.05,5200,,,,,,,,,,,,,,,,,,,,,,,,,,,
120,A,participants_only,,,30,30,0,0,19,11,0.4752715075439662,0.24506549265684938,0.9955592170438013,0.1122033898652846,860,30,1.0,64,4.40625,1.546875,26.066666666666666,5200,,,,,,,,,,,,,,,,,,,,,,,,,,,
120,A,nonparticipants_only,,,10,0,10,0,0,0,0.22215591924274355,0.2181731668145841,0.342579525192296,0.0006285987553167004,0,0,0.0,0,0.0,0.0,50.0,0,,,,,,,,,,,,,,,,,,,,,,,,,,,
120,A,step_totals,,,,,,,,,,,,,,,,,,,,,69.10000000000008,,,11.5,0.16642547033285074,47.0,0.6801736613603465,0.0,0.0,0.004651629045942421,0.23404255319148937,0.0,0,11,45,17,,23,47,27,6.000000000000003,0.0868306801736613,4.600000000000001,0.06657018813314032,30,23,29
120,A,reachability,0.25,0.0,,,,,,,,,,,,,,,,,,,,,,,,,,,,,,,,,,,,,,,,,,,,,
121,A,all_agents,,,40,30,10,0,19,11,0.4124928081699065,0.2318942011667502,0.9957368483620493,0.09696032479998414,869,30,0.75,64,4.40625,1.546875,31.8,5256,,,,,,,,,,,,,,,,,,,,,,,,,,,
121,A,participants_only,,,30,30,0,0,19,11,0.47581319088261975,0.24384016519356513,0.9957368483620493,0.11303753000472984,869,30,1.0,64,4.40625,1.546875,25.733333333333334,5256,,,,,,,,,,,,,,,,,,,,,,,,,,,
121,A,nonparticipants_only,,,10,0,10,0,0,0,0.2225316600317669,0.21824190438415292,0.3408666275663345,0.0006150587831334097,0,0,0.0,0,0.0,0.0,50.0,0,,,,,,,,,,,,,,,,,,,,,,,,,,,
121,A,step_totals,,,,,,,,,,,,,,,,,,,,,72.30000000000005,,,6.5,0.08990318118948817,57.0,0.7883817427385886,0.0,0.0,0.004794374306230993,0.15789473684210525,0.0,0,9,9,27,,13,57,15,6.000000000000003,0.08298755186721989,2.8000000000000003,0.0387275242047026,30,14,13
122,A,all_agents,,,40,30,10,0,19,11,0.4128331497317996,0.2321317741372045,0.9959073744275674,0.09703407202019718,872,30,0.75,64,4.40625,1.546875,32.05,5301,,,,,,,,,,,,,,,,,,,,,,,,,,,
122,A,participants_only,,,30,30,0,0,19,11,0.4761424697446636,0.24457738213956848,0.9959073744275674,0.1131458952987122,872,30,1.0,64,4.40625,1.546875,26.066666666666666,5301,,,,,,,,,,,,,,,,,,,,,,,,,,,
122,A,nonparticipants_only,,,10,0,10,0,0,0,0.22290518969320747,0.2187848190547249,0.3391622944285028,0.0006017621787573662,0,0,0.0,0,0.0,0.0,50.0,0,,,,,,,,,,,,,,,,,,,,,,,,,,,
122,A,step_totals,,,,,,,,,,,,,,,,,,,,,69.10000000000007,,,11.5,0.1664254703328508,47.0,0.6801736613603466,0.0,0.0,0.004880963102926384,0.06382978723404255,0.0,0,3,45,17,,23,47,27,6.000000000000003,0.08683068017366131,4.600000000000001,0.06657018813314033,30,23,29
123,A,all_agents,,,40,30,10,0,19,11,0.41327008646087404,0.23111339900257122,0.9960710794504647,0.09763738329774047,881,30,0.75,64,4.40625,1.546875,31.8,5356,,,,,,,,,,,,,,,,,,,,,,,,,,,
123,A,participants_only,,,30,30,0,0,19,11,0.47660131184416926,0.24335449522887065,0.9960710794504647,0.1139434475413086,881,30,1.0,64,4.40625,1.546875,25.733333333333334,5356,,,,,,,,,,,,,,,,,,,,,,,,,,,
123,A,nonparticipants_only,,,10,0,10,0,0,0,0.2232764103109884,0.21915526682563113,0.3374664829563603,0.0005890612644392555,0,0,0.0,0,0.0,0.0,50.0,0,,,,,,,,,,,,,,,,,,,,,,,,,,,
123,A,step_totals,,,,,,,,,,,,,,,,,,,,,72.30000000000005,,,6.5,0.08990318118948817,57.0,0.7883817427385886,0.0,0.0,0.004587582744744548,0.15789473684210525,0.0,0,9,9,27,,13,57,15,6.000000000000003,0.08298755186721989,2.8000000000000003,0.0387275242047026,30,14,13
124,A,all_agents,,,40,30,10,0,19,11,0.4135620065037527,0.23219970390537195,0.996228236272446,0.09768190430495215,883,30,0.75,64,4.40625,1.546875,32.05,5400,,,,,,,,,,,,,,,,,,,,,,,,,,,
124,A,participants_only,,,30,30,0,0,19,11,0.4768675577640457,0.24391642851347767,0.996228236272446,0.11401986925089765,883,30,1.0,64,4.40625,1.546875,26.066666666666666,5400,,,,,,,,,,,,,,,,,,,,,,,,,,,
124,A,nonparticipants_only,,,10,0,10,0,0,0,0.2236453527228735,0.2207232046459619,0.3357791505415785,0.0005768956226805536,0,0,0.0,0,0.0,0.0,50.0,0,,,,,,,,,,,,,,,,,,,,,,,,,,,
124,A,step_totals,,,,,,,,,,,,,,,,,,,,,69.10000000000007,,,11.5,0.1664254703328508,47.0,0.6801736613603466,0.0,0.0,0.004718078323120167,0.0425531914893617,0.0,0,2,45,17,,23,47,27,6.000000000000003,0.08683068017366131,4.600000000000001,0.06657018813314033,30,23,29
125,A,all_agents,,,40,30,10,0,19,11,0.4139517658244459,0.23221866930763518,0.9963791068215482,0.09825652440048493,892,30,0.75,64,4.40625,1.546875,31.8,5454,,,,,,,,,,,,,,,,,,,,,,,,,,,
125,A,participants_only,,,30,30,0,0,19,11,0.47726510057084126,0.2434420182580574,0.9963791068215482,0.11478566179798987,892,30,1.0,64,4.40625,1.546875,25.733333333333334,5454,,,,,,,,,,,,,,,,,,,,,,,,,,,
125,A,nonparticipants_only,,,10,0,10,0,0,0,0.22401176158526,0.22119434562088647,0.33410025478887057,0.0005661719274608225,0,0,0.0,0,0.0,0.0,50.0,0,,,,,,,,,,,,,,,,,,,,,,,,,,,
125,A,step_totals,,,,,,,,,,,,,,,,,,,,,72.30000000000005,,,6.5,0.08990318118948817,57.0,0.7883817427385886,0.0,0.0,0.0044329583250405195,0.15789473684210525,0.0,0,9,9,27,,13,57,15,6.000000000000003,0.08298755186721989,2.8000000000000003,0.0387275242047026,30,14,13
126,A,all_agents,,,40,30,10,0,19,11,0.41424227620287185,0.2323514646390697,0.9965239425486863,0.09831565037874136,903,30,0.75,64,4.40625,1.546875,32.05,5500,,,,,,,,,,,,,,,,,,,,,,,,,,,
126,A,participants_only,,,30,30,0,0,19,11,0.4775310271355599,0.24427545024122227,0.9965239425486863,0.11488047545572289,903,30,1.0,64,4.40625,1.546875,26.066666666666666,5500,,,,,,,,,,,,,,,,,,,,,,,,,,,
126,A,nonparticipants_only,,,10,0,10,0,0,0,0.22437602340480753,0.22113647885822119,0.3324297535149262,0.0005555832123588501,0,0,0.0,0,0.0,0.0,50.0,0,,,,,,,,,,,,,,,,,,,,,,,,,,,
126,A,step_totals,,,,,,,,,,,,,,,,,,,,,69.10000000000005,,,11.5,0.16642547033285082,47.0,0.6801736613603468,0.0,0.0,0.004717954618718284,0.23404255319148937,0.0,0,11,43,17,,23,47,27,6.000000000000003,0.08683068017366133,4.600000000000001,0.06657018813314035,30,23,29
127,A,all_agents,,,40,30,10,0,19,11,0.4146954477911468,0.23214989154030033,0.9966629848467388,0.09893906166699461,911,30,0.75,64,4.40625,1.546875,31.8,5556,,,,,,,,,,,,,,,,,,,,,,,,,,,
127,A,participants_only,,,30,30,0,0,19,11,0.47801440739282325,0.2433520511658041,0.9966629848467388,0.11570036533843084,911,30,1.0,64,4.40625,1.546875,25.733333333333334,5556,,,,,,,,,,,,,,,,,,,,,,,,,,,
127,A,nonparticipants_only,,,10,0,10,0,0,0,0.2247385689861175,0.2211897591767696,0.33076760474735156,0.0005436629122210939,0,0,0.0,0,0.0,0.0,50.0,0,,,,,,,,,,,,,,,,,,,,,,,,,,,
127,A,step_totals,,,,,,,,,,,,,,,,,,,,,72.30000000000007,,,6.5,0.08990318118948816,57.0,0.7883817427385885,0.0,0.0,0.0046463597955201845,0.14035087719298245,0.0,0,8,9,27,,13,57,15,6.000000000000003,0.08298755186721987,2.8000000000000003,0.038727524204702594,30,14,13
128,A,all_agents,,,40,30,10,0,19,11,0.4150147525031169,0.232326413746495,0.9967964654528693,0.09900827840922882,917,30,0.75,64,4.40625,1.546875,32.05,5602,,,,,,,,,,,,,,,,,,,,,,,,,,,
128,A,participants_only,,,30,30,0,0,19,11,0.47832000493256827,0.2423471402408972,0.9967964654528693,0.11580351253910172,917,30,1.0,64,4.40625,1.546875,26.066666666666666,5602,,,,,,,,,,,,,,,,,,,,,,,,,,,
128,A,nonparticipants_only,,,10,0,10,0,0,0,0.22509899521476293,0.2215293361135371,0.3291137667236148,0.0005319161977314993,0,0,0.0,0,0.0,0.0,50.0,0,,,,,,,,,,,,,,,,,,,,,,,,,,,
128,A,step_totals,,,,,,,,,,,,,,,,,,,,,69.10000000000008,,,11.5,0.16642547033285074,47.0,0.6801736613603465,0.0,0.0,0.004824090947118214,0.1276595744680851,0.0,0,6,43,17,,23,47,27,6.000000000000003,0.0868306801736613,4.600000000000001,0.06657018813314032,30,23,29
129,A,all_agents,,,40,30,10,0,19,11,0.4154154726789215,0.23213423821253576,0.9969246068347545,0.09960001519060267,922,30,0.75,64,4.40625,1.546875,31.8,5658,,,,,,,,,,,,,,,,,,,,,,,,,,,
129,A,participants_only,,,30,30,0,0,19,11,0.4787349002244639,0.2411354045396927,0.9969246068347545,0.11658904005076762,922,30,1.0,64,4.40625,1.546875,25.733333333333334,5658,,,,,,,,,,,,,,,,,,,,,,,,,,,
129,A,nonparticipants_only,,,10,0,10,0,0,0,0.2254571900422942,0.22337284809057573,0.32746819788999676,0.0005207417537655076,0,0,0.0,0,0.0,0.0,50.0,0,,,,,,,,,,,,,,,,,,,,,,,,,,,
129,A,step_totals,,,,,,,,,,,,,,,,,,,,,72.30000000000005,,,6.5,0.08990318118948817,57.0,0.7883817427385886,0.0,0.0,0.004475162732786019,0.08771929824561403,0.0,0,5,9,27,,13,57,15,6.000000000000003,0.08298755186721989,2.8000000000000003,0.0387275242047026,30,14,13
130,A,all_agents,,,40,30,10,0,19,11,0.41566432464221376,0.2317943557583442,0.9970476225613643,0.09964347152808462,933,30,0.75,64,4.40625,1.546875,32.05,5704,,,,,,,,,,,,,,,,,,,,,,,,,,,
130,A,participants_only,,,30,30,0,0,19,11,0.478948172051172,0.24123677071462118,0.9970476225613643,0.11666808800549293,933,30,1.0,64,4.40625,1.546875,26.066666666666666,5704,,,,,,,,,,,,,,,,,,,,,,,,,,,
130,A,nonparticipants_only,,,10,0,10,0,0,0,0.22581278241533884,0.22383006492602364,0.32583085690054675,0.000511477981295874,0,0,0.0,0,0.0,0.0,50.0,0,,,,,,,,,,,,,,,,,,,,,,,,,,,
130,A,step_totals,,,,,,,,,,,,,,,,,,,,,69.10000000000008,,,11.5,0.16642547033285074,47.0,0.6801736613603465,0.0,0.0,0.004584451979168641,0.23404255319148937,0.0,0,11,43,17,,23,47,27,6.000000000000003,0.0868306801736613,4.600000000000001,0.06657018813314032,30,23,29
130,A,reachability,0.25,0.0,,,,,,,,,,,,,,,,,,,,,,,,,,,,,,,,,,,,,,,,,,,,,
131,A,all_agents,,,40,30,10,0,19,11,0.4160546240627046,0.2310981130742844,0.9971657176589097,0.10022964042730798,939,30,0.75,64,4.40625,1.546875,31.8,5760,,,,,,,,,,,,,,,,,,,,,,,,,,,
131,A,participants_only,,,30,30,0,0,19,11,0.47935077952008426,0.24003058686104808,0.9971657176589097,0.11744631028541562,939,30,1.0,64,4.40625,1.546875,25.733333333333334,5760,,,,,,,,,,,,,,,,,,,,,,,,,,,
131,A,nonparticipants_only,,,10,0,10,0,0,0,0.2261661576905655,0.2240596877062606,0.32420170261604403,0.0005027913047677083,0,0,0.0,0,0.0,0.0,50.0,0,,,,,,,,,,,,,,,,,,,,,,,,,,,
131,A,step_totals,,,,,,,,,,,,,,,,,,,,,72.30000000000007,,,6.5,0.08990318118948816,57.0,0.7883817427385885,0.0,0.0,0.004441897137998822,0.10526315789473684,0.0,0,6,9,27,,13,57,15,6.000000000000003,0.08298755186721987,2.8000000000000003,0.038727524204702594,30,14,13
132,A,all_agents,,,40,30,10,0,19,11,0.41634276682274635,0.23310108215872857,0.9972790889525533,0.10028127924479617,940,30,0.75,64,4.40625,1.546875,32.05,5807,,,,,,,,,,,,,,,,,,,,,,,,,,,
132,A,participants_only,,,30,30,0,0,19,11,0.4796178137600519,0.23948415854501406,0.9972790889525533,0.11752889436583668,940,30,1.0,64,4.40625,1.546875,26.066666666666666,5807,,,,,,,,,,,,,,,,,,,,,,,,,,,
132,A,nonparticipants_only,,,10,0,10,0,0,0,0.22651762601082975,0.2239911200274304,0.3225806941029638,0.0004936551026560139,0,0,0.0,0,0.0,0.0,50.0,0,,,,,,,,,,,,,,,,,,,,,,,,,,,
132,A,step_totals,,,,,,,,,,,,,,,,,,,,,69.10000000000007,,,11.5,0.1664254703328508,47.0,0.6801736613603466,0.0,0.0,0.004725553359193453,0.02127659574468085,0.0,0,1,43,17,,23,47,27,6.000000000000003,0.08683068017366131,4.600000000000001,0.06657018813314033,30,23,29
133,A,all_agents,,,40,30,10,0,19,11,0.4166992910998792,0.2324383585982991,0.9973879253944512,0.10085125591374268,948,30,0.75,64,4.40625,1.546875,31.8,5863,,,,,,,,,,,,,,,,,,,,,,,,,,,
133,A,participants_only,,,30,30,0,0,19,11,0.4799765706867874,0.23828673775228898,0.9973879253944512,0.1182912257961743,948,30,1.0,64,4.40625,1.546875,25.733333333333334,5863,,,,,,,,,,,,,,,,,,,,,,,,,,,
133,A,nonparticipants_only,,,10,0,10,0,0,0,0.2268674523391545,0.22386343073669082,0.32096779063244896,0.0004831769234107193,0,0,0.0,0,0.0,0.0,50.0,0,,,,,,,,,,,,,,,,,,,,,,,,,,,
133,A,step_totals,,,,,,,,,,,,,,,,,,,,,72.30000000000005,,,6.5,0.08990318118948817,57.0,0.7883817427385886,0.0,0.0,0.004332861570141461,0.14035087719298245,0.0,0,8,9,27,,13,57,15,6.000000000000003,0.08298755186721989,2.8000000000000003,0.0387275242047026,30,14,13
134,A,all_agents,,,40,30,10,0,19,11,0.41697193745481803,0.2331183542709372,0.9974924083786731,0.10089346760632585,958,30,0.75,64,4.40625,1.546875,32.05,5910,,,,,,,,,,,,,,,,,,,,,,,,,,,
134,A,participants_only,,,30,30,0,0,19,11,0.480224173113616,0.23908719679213747,0.9974924083786731,0.11836362113929597,958,30,1.0,64,4.40625,1.546875,26.066666666666666,5910,,,,,,,,,,,,,,,,,,,,,,,,,,,
134,A,nonparticipants_only,,,10,0,10,0,0,0,0.2272152304784242,0.2255952379569489,0.3193629516792867,0.00047286321738217657,0,0,0.0,0,0.0,0.0,50.0,0,,,,,,,,,,,,,,,,,,,,,,,,,,,
134,A,step_totals,,,,,,,,,,,,,,,,,,,,,69.10000000000007,,,11.5,0.1664254703328508,47.0,0.6801736613603466,0.0,0.0,0.0046770217620054145,0.2127659574468085,0.0,0,10,43,17,,23,47,27,6.000000000000003,0.08683068017366131,4.600000000000001,0.06657018813314033,30,23,29
135,A,all_agents,,,40,30,10,0,19,11,0.41728197146431084,0.2327879165493871,0.9975927120435262,0.10143316763728757,967,30,0.75,64,4.40625,1.546875,31.8,5965,,,,,,,,,,,,,,,,,,,,,,,,,,,
135,A,participants_only,,,30,30,0,0,19,11,0.48052247418426297,0.23820072586455868,0.9975927120435262,0.11909196141321657,967,30,1.0,64,4.40625,1.546875,25.733333333333334,5965,,,,,,,,,,,,,,,,,,,,,,,,,,,
135,A,nonparticipants_only,,,10,0,10,0,0,0,0.22756046330445448,0.2263876923230385,0.31776613692089023,0.0004644520982333057,0,0,0.0,0,0.0,0.0,50.0,0,,,,,,,,,,,,,,,,,,,,,,,,,,,
135,A,step_totals,,,,,,,,,,,,,,,,,,,,,72.30000000000005,,,6.5,0.08990318118948817,57.0,0.7883817427385886,0.0,0.0,0.004180756026601043,0.15789473684210525,0.0,0,9,9,27,,13,57,15,6.000000000000003,0.08298755186721989,2.8000000000000003,0.0387275242047026,30,14,13
136,A,all_agents,,,40,30,10,0,19,11,0.41749848690174407,0.23313316805336715,0.9976890035617851,0.10144625955633123,970,30,0.75,64,4.40625,1.546875,32.05,6010,,,,,,,,,,,,,,,,,,,,,,,,,,,
136,A,participants_only,,,30,30,0,0,19,11,0.4806968472957468,0.23784123089042974,0.9976890035617851,0.1191331830879332,970,30,1.0,64,4.40625,1.546875,26.066666666666666,6010,,,,,,,,,,,,,,,,,,,,,,,,,,,
136,A,nonparticipants_only,,,10,0,10,0,0,0,0.22790340571973608,0.22661055086829118,0.31617730623628576,0.00045709588364235625,0,0,0.0,0,0.0,0.0,50.0,0,,,,,,,,,,,,,,,,,,,,,,,,,,,
136,A,step_totals,,,,,,,,,,,,,,,,,,,,,69.10000000000007,,,11.5,0.1664254703328508,47.0,0.6801736613603466,0.0,0.0,0.004484793958511703,0.06382978723404255,0.0,0,3,43,17,,23,47,27,6.000000000000003,0.08683068017366131,4.600000000000001,0.06657018813314033,30,23,29
137,A,all_agents,,,40,30,10,0,19,11,0.4178506604750652,0.23257797632032495,0.9977814434193137,0.10201743265100698,974,30,0.75,64,4.40625,1.546875,31.8,6066,,,,,,,,,,,,,,,,,,,,,,,,,,,
137,A,participants_only,,,30,30,0,0,19,11,0.48105275775819184,0.23665202473597763,0.9977814434193137,0.11989531131468754,974,30,1.0,64,4.40625,1.546875,25.733333333333334,6066,,,,,,,,,,,,,,,,,,,,,,,,,,,
137,A,nonparticipants_only,,,10,0,10,0,0,0,0.22824436862568537,0.22681992977678295,0.3145964197051043,0.00044973544813567895,0,0,0.0,0,0.0,0.0,50.0,0,,,,,,,,,,,,,,,,,,,,,,,,,,,
137,A,step_totals,,,,,,,,,,,,,,,,,,,,,72.30000000000007,,,6.5,0.08990318118948816,57.0,0.7883817427385885,0.0,0.0,0.004321788091787001,0.07017543859649122,0.0,0,4,9,27,,13,57,15,6.000000000000003,0.08298755186721987,2.8000000000000003,0.038727524204702594,30,14,13
138,A,all_agents,,,40,30,10,0,19,11,0.41809559640998384,0.23333472157266,0.9978701856825412,0.10204364917877244,980,30,0.75,64,4.40625,1.546875,32.05,6113,,,,,,,,,,,,,,,,,,,,,,,,,,,
138,A,participants_only,,,30,30,0,0,19,11,0.48126629355877637,0.23881609766245065,0.9978701856825412,0.11994875578607725,980,30,1.0,64,4.40625,1.546875,26.066666666666666,6113,,,,,,,,,,,,,,,,,,,,,,,,,,,
138,A,nonparticipants_only,,,10,0,10,0,0,0,0.2285835049636063,0.22657990829810665,0.3130234376065788,0.00044188561768443923,0,0,0.0,0,0.0,0.0,50.0,0,,,,,,,,,,,,,,,,,,,,,,,,,,,
138,A,step_totals,,,,,,,,,,,,,,,,,,,,,69.10000000000008,,,11.5,0.16642547033285074,47.0,0.6801736613603465,0.0,0.0,0.004588330157250852,0.1276595744680851,0.0,0,6,43,17,,23,47,27,6.000000000000003,0.0868306801736613,4.600000000000001,0.06657018813314032,30,23,29
139,A,all_agents,,,40,30,10,0,19,11,0.4183922601023851,0.2338086807108712,0.9979553782552395,0.10257160385338149,989,30,0.75,64,4.40625,1.546875,31.8,6167,,,,,,,,,,,,,,,,,,,,,,,,,,,
139,A,participants_only,,,30,30,0,0,19,11,0.4815493287810226,0.2376220171741384,0.9979553782552395,0.1206626304864618,989,30,1.0,64,4.40625,1.546875,25.733333333333334,6167,,,,,,,,,,,,,,,,,,,,,,,,,,,
139,A,nonparticipants_only,,,10,0,10,0,0,0,0.22892105406647292,0.22716786986629678,0.31145832041854593,0.00043274006520308797,0,0,0.0,0,0.0,0.0,50.0,0,,,,,,,,,,,,,,,,,,,,,,,,,,,
139,A,step_totals,,,,,,,,,,,,,,,,,,,,,72.30000000000005,,,6.5,0.08990318118948817,57.0,0.7883817427385886,0.0,0.0,0.004140043351008563,0.15789473684210525,0.0,0,9,9,27,,13,57,15,6.000000000000003,0.08298755186721989,2.8000000000000003,0.0387275242047026,30,14,13
140,A,all_agents,,,40,30,10,0,19,11,0.4186231119263674,0.2344420671422564,0.9980371631250299,0.10258954970638333,995,30,0.75,64,4.40625,1.546875,32.05,6213,,,,,,,,,,,,,,,,,,,,,,,,,,,
140,A,participants_only,,,30,30,0,0,19,11,0.4817454004539785,0.2383136735923139,0.9980371631250299,0.12070668633432202,995,30,1.0,64,4.40625,1.546875,26.066666666666666,6213,,,,,,,,,,,,,,,,,,,,,,,,,,,
140,A,nonparticipants_only,,,10,0,10,0,0,0,0.22925624634353423,0.22768760354807904,0.3099010288164532,0.00042506011501144617,0,0,0.0,0,0.0,0.0,50.0,0,,,,,,,,,,,,,,,,,,,,,,,,,,,
140,A,step_totals,,,,,,,,,,,,,,,,,,,,,69.10000000000008,,,11.5,0.16642547033285074,47.0,0.6801736613603465,0.0,0.0,0.004542823582222435,0.1276595744680851,0.0,0,6,43,17,,23,47,27,6.000000000000003,0.0868306801736613,4.600000000000001,0.06657018813314032,30,23,29
140,A,reachability,0.25,0.0,,,,,,,,,,,,,,,,,,,,,,,,,,,,,,,,,,,,,,,,,,,,,
141,A,all_agents,,,40,30,10,0,19,11,0.41894097678468956,0.2340064361373021,0.9981156766000286,0.10314167015564374,1004,30,0.75,64,4.40625,1.546875,31.8,6270,,,,,,,,,,,,,,,,,,,,,,,,,,,
141,A,participants_only,,,30,30,0,0,19,11,0.48205823678120596,0.23712210522435234,0.9981156766000286,0.12144758849976818,1004,30,1.0,64,4.40625,1.546875,25.733333333333334,6270,,,,,,,,,,,,,,,,,,,,,,,,,,,
141,A,nonparticipants_only,,,10,0,10,0,0,0,0.22958919679514037,0.22854970787913217,0.30835152367237095,0.0004184530096562319,0,0,0.0,0,0.0,0.0,50.0,0,,,,,,,,,,,,,,,,,,,,,,,,,,,
141,A,step_totals,,,,,,,,,,,,,,,,,,,,,72.30000000000005,,,6.5,0.08990318118948817,57.0,0.7883817427385886,0.0,0.0,0.004211864280285736,0.15789473684210525,0.0,0,9,9,27,,13,57,15,6.000000000000003,0.08298755186721989,2.8000000000000003,0.0387275242047026,30,14,13
142,A,all_agents,,,40,30,10,0,19,11,0.41915904209145743,0.2340796187058594,0.9981910495360276,0.10315164207508974,1010,30,0.75,64,4.40625,1.546875,32.05,6316,,,,,,,,,,,,,,,,,,,,,,,,,,,
142,A,participants_only,,,30,30,0,0,19,11,0.4822386883742061,0.23836279187575235,0.9981910495360276,0.12148192856365161,1010,30,1.0,64,4.40625,1.546875,26.066666666666666,6316,,,,,,,,,,,,,,,,,,,,,,,,,,,
142,A,nonparticipants_only,,,10,0,10,0,0,0,0.22992010324321163,0.22866788437238594,0.3068097660540091,0.0004122813075239659,0,0,0.0,0,0.0,0.0,50.0,0,,,,,,,,,,,,,,,,,,,,,,,,,,,
142,A,step_totals,,,,,,,,,,,,,,,,,,,,,69.10000000000008,,,11.5,0.16642547033285074,47.0,0.6801736613603465,0.0,0.0,0.0045024303629981645,0.1276595744680851,0.0,0,6,43,17,,23,47,27,6.000000000000003,0.0868306801736613,4.600000000000001,0.06657018813314032,30,23,29
143,A,all_agents,,,40,30,10,0,19,11,0.419460030521484,0.23357142114076024,0.9982634075545864,0.10369383542729806,1017,30,0.75,64,4.40625,1.546875,31.8,6373,,,,,,,,,,,,,,,,,,,,,,,,,,,
143,A,participants_only,,,30,30,0,0,19,11,0.48253030567613464,0.2374904449522124,0.9982634075545864,0.122211765627586,1017,30,1.0,64,4.40625,1.546875,25.733333333333334,6373,,,,,,,,,,,,,,,,,,,,,,,,,,,
143,A,nonparticipants_only,,,10,0,10,0,0,0,0.23024920505753235,0.22887003892662822,0.3052757172237391,0.00040572952943427243,0,0,0.0,0,0.0,0.0,50.0,0,,,,,,,,,,,,,,,,,,,,,,,,,,,
143,A,step_totals,,,,,,,,,,,,,,,,,,,,,72.30000000000005,,,6.5,0.08990318118948817,57.0,0.7883817427385886,0.0,0.0,0.0041576218271813115,0.12280701754385964,0.0,0,7,9,27,,13,57,15,6.000000000000003,0.08298755186721989,2.8000000000000003,0.0387275242047026,30,14,13
144,A,all_agents,,,40,30,10,0,19,11,0.41960320764573084,0.23352753893557804,0.998332871252403,0.10365946375441747,1028,30,0.75,64,4.40625,1.546875,32.05,6418,,,,,,,,,,,,,,,,,,,,,,,,,,,
144,A,participants_only,,,30,30,0,0,19,11,0.48261210590665743,0.23719607544320004,0.998332871252403,0.12219919801072428,1028,30,1.0,64,4.40625,1.546875,26.066666666666666,6418,,,,,,,,,,,,,,,,,,,,,,,,,,,
144,A,nonparticipants_only,,,10,0,10,0,0,0,0.23057651286295094,0.2286382990853047,0.3037493386376204,0.00039880586482741515,0,0,0.0,0,0.0,0.0,50.0,0,,,,,,,,,,,,,,,,,,,,,,,,,,,
144,A,step_totals,,,,,,,,,,,,,,,,,,,,,69.10000000000007,,,11.5,0.1664254703328508,47.0,0.6801736613603466,0.0,0.0,0.004245704852984378,0.23404255319148937,0.0,0,11,43,17,,23,47,27,6.000000000000003,0.08683068017366131,4.600000000000001,0.06657018813314033,30,23,29
145,A,all_agents,,,40,30,10,0,19,11,0.4198884662080784,0.2334283112682552,0.9983995564023069,0.1041925520486031,1035,30,0.75,64,4.40625,1.546875,31.8,6475,,,,,,,,,,,,,,,,,,,,,,,,,,,
145,A,participants_only,,,30,30,0,0,19,11,0.48288390626771077,0.23601009506598403,0.9983995564023069,0.12291932999429168,1035,30,1.0,64,4.40625,1.546875,25.733333333333334,6475,,,,,,,,,,,,,,,,,,,,,,,,,,,
145,A,nonparticipants_only,,,10,0,10,0,0,0,0.230902146029181,0.2292059737837031,0.3022305919444323,0.0003911125918563868,0,0,0.0,0,0.0,0.0,50.0,0,,,,,,,,,,,,,,,,,,,,,,,,,,,
145,A,step_totals,,,,,,,,,,,,,,,,,,,,,72.30000000000007,,,6.5,0.08990318118948816,57.0,0.7883817427385885,0.0,0.0,0.004106072259819817,0.12280701754385964,0.0,0,7,9,27,,13,57,15,6.000000000000003,0.08298755186721987,2.8000000000000003,0.038727524204702594,30,14,13
146,A,all_agents,,,40,30,10,0,19,11,0.4200410844694306,0.23493552818747196,0.9984635741462147,0.10416636120580018,1038,30,0.75,64,4.40625,1.546875,32.05,6521,,,,,,,,,,,,,,,,,,,,,,,,,,,
146,A,participants_only,,,30,30,0,0,19,11,0.48297959577158917,0.23812791689951196,0.9984635741462147,0.12291523483033559,1038,30,1.0,64,4.40625,1.546875,26.066666666666666,6521,,,,,,,,,,,,,,,,,,,,,,,,,,,
146,A,nonparticipants_only,,,10,0,10,0,0,0,0.23122555056295485,0.22970777471256554,0.30071943898471015,0.0003846658730106034,0,0,0.0,0,0.0,0.0,50.0,0,,,,,,,,,,,,,,,,,,,,,,,,,,,
146,A,step_totals,,,,,,,,,,,,,,,,,,,,,69.10000000000008,,,11.5,0.16642547033285074,47.0,0.6801736613603465,0.0,0.0,0.004282248914371972,0.06382978723404255,0.0,0,3,43,17,,23,47,27,6.000000000000003,0.0868306801736613,4.600000000000001,0.06657018813314032,30,23,29
147,A,all_agents,,,40,30,10,0,19,11,0.4203111801591712,0.23471051530974477,0.9985250311803661,0.10469076605589948,1048,30,0.75,64,4.40625,1.546875,31.8,6578,,,,,,,,,,,,,,,,,,,,,,,,,,,
147,A,participants_only,,,30,30,0,0,19,11,0.48323260443928395,0.2369372773150144,0.9985250311803661,0.12362498156498183,1048,30,1.0,64,4.40625,1.546875,25.733333333333334,6578,,,,,,,,,,,,,,,,,,,,,,,,,,,
147,A,nonparticipants_only,,,10,0,10,0,0,0,0.23154690731883287,0.2305401332247469,0.2992158417897866,0.0003788519273968905,0,0,0.0,0,0.0,0.0,50.0,0,,,,,,,,,,,,,,,,,,,,,,,,,,,
147,A,step_totals,,,,,,,,,,,,,,,,,,,,,72.30000000000005,,,6.5,0.08990318118948817,57.0,0.7883817427385886,0.0,0.0,0.004056268214456508,0.17543859649122806,0.0,0,10,9,27,,13,57,15,6.000000000000003,0.08298755186721989,2.8000000000000003,0.0387275242047026,30,14,13
148,A,all_agents,,,40,30,10,0,19,11,0.4204541503518201,0.23527950883692428,0.9985840299331514,0.10465719665879071,1058,30,0.75,64,4.40625,1.546875,32.05,6624,,,,,,,,,,,,,,,,,,,,,,,,,,,
148,A,participants_only,,,30,30,0,0,19,11,0.4833167665039915,0.2376476670944726,0.9985840299331514,0.1236116229278133,1058,30,1.0,64,4.40625,1.546875,26.066666666666666,6624,,,,,,,,,,,,,,,,,,,,,,,,,,,
148,A,nonparticipants_only,,,10,0,10,0,0,0,0.23186630189530588,0.230654232187664,0.29771976258083765,0.00037341573778003204,0,0,0.0,0,0.0,0.0,50.0,0,,,,,,,,,,,,,,,,,,,,,,,,,,,
148,A,step_totals,,,,,,,,,,,,,,,,,,,,,69.10000000000007,,,11.5,0.1664254703328508,47.0,0.6801736613603466,0.0,0.0,0.004251540766035228,0.2127659574468085,0.0,0,10,43,17,,23,47,27,6.000000000000003,0.08683068017366131,4.600000000000001,0.06657018813314033,30,23,29
149,A,all_agents,,,40,30,10,0,19,11,0.4207099041677063,0.23472422648844435,0.9986406687358254,0.10517283629279557,1068,30,0.75,64,4.40625,1.546875,31.8,6681,,,,,,,,,,,,,,,,,,,,,,,,,,,
149,A,participants_only,,,30,30,0,0,19,11,0.48355189737466997,0.23645942875900022,0.9986406687358254,0.12431141382890291,1068,30,1.0,64,4.40625,1.546875,25.733333333333334,6681,,,,,,,,,,,,,,,,,,,,,,,,,,,
149,A,nonparticipants_only,,,10,0,10,0,0,0,0.2321839245468154,0.23084941165485706,0.29623116376793346,0.00036771036178479373,0,0,0.0,0,0.0,0.0,50.0,0,,,,,,,,,,,,,,,,,,,,,,,,,,,
149,A,step_totals,,,,,,,,,,,,,,,,,,,,,72.30000000000005,,,6.5,0.08990318118948817,57.0,0.7883817427385886,0.0,0.0,0.004009370220798532,0.17543859649122806,0.0,0,10,9,27,,13,57,15,6.000000000000003,0.08298755186721989,2.8000000000000003,0.0387275242047026,30,14,13
150,A,all_agents,,,40,30,10,0,19,11,0.4208874861785939,0.234695719207292,0.9986950419863924,0.10515181313494368,1072,30,0.75,64,4.40625,1.546875,32.05,6727,,,,,,,,,,,,,,,,,,,,,,,,,,,
150,A,participants_only,,,30,30,0,0,19,11,0.4836834225252901,0.2376703582513664,0.9986950419863924,0.12430839521830131,1072,30,1.0,64,4.40625,1.546875,26.066666666666666,6727,,,,,,,,,,,,,,,,,,,,,,,,,,,
150,A,nonparticipants_only,,,10,0,10,0,0,0,0.23249967713850517,0.23062566770347065,0.2947500079490938,0.0003621114249708583,0,0,0.0,0,0.0,0.0,50.0,0,,,,,,,,,,,,,,,,,,,,,,,,,,,
150,A,step_totals,,,,,,,,,,,,,,,,,,,,,69.10000000000008,,,11.5,0.16642547033285074,47.0,0.6801736613603465,0.0,0.0,0.004374939825481447,0.0851063829787234,0.0,0,4,43,17,,23,47,27,6.000000000000003,0.0868306801736613,4.600000000000001,0.06657018813314032,30,23,29
150,A,reachability,0.25,0.0,,,,,,,,,,,,,,,,,,,,,,,,,,,,,,,,,,,,,,,,,,,,,
151,A,all_agents,,,40,30,10,0,19,11,0.42110932766702563,0.23464433470610896,0.9987472403069366,0.10564142937879013,1080,30,0.75,64,4.40625,1.546875,31.8,6783,,,,,,,,,,,,,,,,,,,,,,,,,,,
151,A,participants_only,,,30,30,0,0,19,11,0.48387448410284173,0.23681151197516648,0.9987472403069366,0.12497884327895017,1080,30,1.0,64,4.40625,1.546875,25.733333333333334,6783,,,,,,,,,,,,,,,,,,,,,,,,,,,
151,A,nonparticipants_only,,,10,0,10,0,0,0,0.23281385835957727,0.2311737555048446,0.2932762579093483,0.00035560932936033735,0,0,0.0,0,0.0,0.0,50.0,0,,,,,,,,,,,,,,,,,,,,,,,,,,,
151,A,step_totals,,,,,,,,,,,,,,,,,,,,,72.30000000000005,,,6.5,0.08990318118948817,57.0,0.7883817427385886,0.0,0.0,0.0038982656619953723,0.14035087719298245,0.0,0,8,9,27,,13,57,15,6.000000000000003,0.08298755186721989,2.8000000000000003,0.0387275242047026,30,14,13
152,A,all_agents,,,40,30,10,0,19,11,0.42124335365936827,0.23475095944917296,0.9987973506946591,0.10559278495800023,1082,30,0.75,64,4.40625,1.546875,32.05,6828,,,,,,,,,,,,,,,,,,,,,,,,,,,
152,A,participants_only,,,30,30,0,0,19,11,0.4839491378513675,0.23657939364754513,0.9987973506946591,0.12494567864277756,1082,30,1.0,64,4.40625,1.546875,26.066666666666666,6828,,,,,,,,,,,,,,,,,,,,,,,,,,,
152,A,nonparticipants_only,,,10,0,10,0,0,0,0.23312600108337067,0.2316582424277312,0.29180987661980157,0.00034991945006529213,0,0,0.0,0,0.0,0.0,50.0,0,,,,,,,,,,,,,,,,,,,,,,,,,,,
152,A,step_totals,,,,,,,,,,,,,,,,,,,,,69.10000000000007,,,11.5,0.1664254703328508,47.0,0.6801736613603466,0.0,0.0,0.004225836644513514,0.0425531914893617,0.0,0,2,43,17,,23,47,27,6.000000000000003,0.08683068017366131,4.600000000000001,0.06657018813314033,30,23,29
153,A,all_agents,,,40,30,10,0,19,11,0.4214546400811908,0.23453338998576473,0.9988454566668727,0.10607612944305597,1089,30,0.75,64,4.40625,1.546875,31.8,6883,,,,,,,,,,,,,,,,,,,,,,,,,,,
153,A,participants_only,,,30,30,0,0,19,11,0.4841274608910231,0.2353964966793074,0.9988454566668727,0.1256083762324413,1089,30,1.0,64,4.40625,1.546875,25.733333333333334,6883,,,,,,,,,,,,,,,,,,,,,,,,,,,
153,A,nonparticipants_only,,,10,0,10,0,0,0,0.23343617765169405,0.2324618814628749,0.2903508272367026,0.000344799455763823,0,0,0.0,0,0.0,0.0,50.0,0,,,,,,,,,,,,,,,,,,,,,,,,,,,
153,A,step_totals,,,,,,,,,,,,,,,,,,,,,72.30000000000005,,,6.5,0.08990318118948817,57.0,0.7883817427385886,0.0,0.0,0.0038633252678604625,0.12280701754385964,0.0,0,7,9,27,,13,57,15,6.000000000000003,0.08298755186721989,2.8000000000000003,0.0387275242047026,30,14,13
154,A,all_agents,,,40,30,10,0,19,11,0.4215914299926489,0.23587611994415064,0.9988916384001978,0.10602455116810192,1094,30,0.75,64,4.40625,1.546875,32.05,6929,,,,,,,,,,,,,,,,,,,,,,,,,,,
154,A,participants_only,,,30,30,0,0,19,11,0.4842070963019215,0.23747010869151114,0.9988916384001978,0.12556980224862166,1094,30,1.0,64,4.40625,1.546875,26.066666666666666,6929,,,,,,,,,,,,,,,,,,,,,,,,,,,
154,A,nonparticipants_only,,,10,0,10,0,0,0,0.23374443106483142,0.23257204358547912,0.28889907310051904,0.0003401379182926983,0,0,0.0,0,0.0,0.0,50.0,0,,,,,,,,,,,,,,,,,,,,,,,,,,,
154,A,step_totals,,,,,,,,,,,,,,,,,,,,,69.10000000000008,,,11.5,0.16642547033285074,47.0,0.6801736613603465,0.0,0.0,0.004237802686320621,0.10638297872340426,0.0,0,5,43,17,,23,47,27,6.000000000000003,0.0868306801736613,4.600000000000001,0.06657018813314032,30,23,29
155,A,all_agents,,,40,30,10,0,19,11,0.4218092116085773,0.23532080496521243,0.9989359728641899,0.10651634896685586,1100,30,0.75,64,4.40625,1.546875,31.8,6986,,,,,,,,,,,,,,,,,,,,,,,,,,,
155,A,participants_only,,,30,30,0,0,19,11,0.4843953355335417,0.2362827581480536,0.9989359728641899,0.12624181774422435,1100,30,1.0,64,4.40625,1.546875,25.733333333333334,6986,,,,,,,,,,,,,,,,,,,,,,,,,,,
155,A,nonparticipants_only,,,10,0,10,0,0,0,0.23405083983368427,0.23276048863217397,0.2874545777350164,0.00033566773933841655,0,0,0.0,0,0.0,0.0,50.0,0,,,,,,,,,,,,,,,,,,,,,,,,,,,
155,A,step_totals,,,,,,,,,,,,,,,,,,,,,72.30000000000005,,,6.5,0.08990318118948817,57.0,0.7883817427385886,0.0,0.0,0.003885563840429625,0.10526315789473684,0.0,0,6,9,27,,13,57,15,6.000000000000003,0.08298755186721989,2.8000000000000003,0.0387275242047026,30,14,13
156,A,all_agents,,,40,30,10,0,19,11,0.4219272486443803,0.23581172444368834,0.9989785339496223,0.10645604453309732,1110,30,0.75,64,4.40625,1.546875,32.05,7032,,,,,,,,,,,,,,,,,,,,,,,,,,,
156,A,participants_only,,,30,30,0,0,19,11,0.48445116912308,0.2370110545001433,0.9989785339496223,0.12619404870518858,1110,30,1.0,64,4.40625,1.546875,26.066666666666666,7032,,,,,,,,,,,,,,,,,,,,,,,,,,,
156,A,nonparticipants_only,,,10,0,10,0,0,0,0.23435548720828142,0.23254446468266188,0.28601730484634136,0.00033114443250242375,0,0,0.0,0,0.0,0.0,50.0,0,,,,,,,,,,,,,,,,,,,,,,,,,,,
156,A,step_totals,,,,,,,,,,,,,,,,,,,,,69.10000000000008,,,11.5,0.16642547033285074,47.0,0.6801736613603465,0.0,0.0,0.004174633703869169,0.2127659574468085,0.0,0,10,43,17,,23,47,27,6.000000000000003,0.0868306801736613,4.600000000000001,0.06657018813314032,30,23,29
