step,condition,population,skill_reachability,resource_reachability,n_agents,maker_count,stage_consumer,stage_customizer,stage_maker,stage_advanced_maker,skill_mean,skill_median,skill_max,skill_var,method_count_total,method_holders,method_adoption_rate,method_peer_held,knowledge_diffusion_lag_mean,hop_count_mean,latent_distributed_resources,completed_projects_total,time_total,time_practice,time_share_practice,time_observe,time_share_observe,time_make,time_share_make,time_idle,time_share_idle,skill_gain_per_time,method_self_discovery_per_time,method_peer_acquisition_per_time,peer_acquired_count,self_discovered_count,reject_time_budget_exceeded,reject_missing_asset,count_practice,count_observe,count_make,count_idle,time_ask,time_share_ask,time_share,time_share_share,count_ask,count_share,reject_insufficient_material
0,D,reachability,0.75,0.0,,,,,,,,,,,,,,,,,,,,,,,,,,,,,,,,,,,,,,,,,,,,,
1,D,all_agents,,,40,0,17,23,0,0,0.15927375817194317,0.13926775386100795,0.4629241935927738,0.010408859123466117,4,4,0.1,0,0.0,0.0,25.85,29,,,,,,,,,,,,,,,,,,,,,,,,,,,
1,D,participants_only,,,30,0,7,23,0,0,0.1621685576007071,0.14391722978551952,0.4629241935927738,0.010504398321744008,4,4,0.13333333333333333,0,0.0,0.0,24.466666666666665,29,,,,,,,,,,,,,,,,,,,,,,,,,,,
1,D,nonparticipants_only,,,10,0,10,0,0,0,0.1505893598856514,0.1248080947789153,0.42249825525007495,0.010021683163839184,0,0,0.0,0,0.0,0.0,30.0,0,,,,,,,,,,,,,,,,,,,,,,,,,,,
1,D,step_totals,,,,,,,,,,,,,,,,,,,,,83.99999999999999,20.0,0.23809523809523814,4.000000000000002,0.04761904761904765,60.0,0.7142857142857144,0.0,0.0,0.018958448569915468,0.06666666666666667,0.0,0,4,30,14,40,40,60,32,,,,,,,
2,D,all_agents,,,40,2,14,24,2,0,0.1656100306688992,0.14518560087646887,0.4844072258490629,0.01026928711286142,6,6,0.15,0,0.0,0.0,26.7,61,,,,,,,,,,,,,,,,,,,,,,,,,,,
2,D,participants_only,,,30,2,4,24,2,0,0.17032513975189817,0.15034633413555049,0.4844072258490629,0.010404953053987828,6,6,0.2,0,0.0,0.0,23.933333333333334,61,,,,,,,,,,,,,,,,,,,,,,,,,,,
2,D,nonparticipants_only,,,10,0,10,0,0,0,0.15146470341990242,0.12418405430502072,0.4203857639738246,0.009595502245507245,0,0,0.0,0,0.0,0.0,35.0,0,,,,,,,,,,,,,,,,,,,,,,,,,,,
2,D,step_totals,,,,,,,,,,,,,,,,,,,,,87.4,20.0,0.22883295194508008,4.000000000000002,0.04576659038901604,60.0,0.6864988558352403,0.0,0.0,0.018848927898507662,0.03333333333333333,0.0,0,2,25,13,40,40,60,32,2.8000000000000003,0.032036613272311214,0.6000000000000001,0.006864988558352403,14,3,
3,D,all_agents,,,40,4,11,25,4,0,0.17193728232242442,0.15166266876089451,0.5050309368151004,0.0103948143006575,13,12,0.3,0,0.0,0.0,28.075,95,,,,,,,,,,,,,,,,,,,,,,,,,,,
3,D,participants_only,,,30,4,1,25,4,0,0.1784734610446151,0.1646267639922702,0.5050309368151004,0.01062256928602491,13,12,0.4,0,0.0,0.0,24.1,95,,,,,,,,,,,,,,,,,,,,,,,,,,,
3,D,nonparticipants_only,,,10,0,10,0,0,0,0.15232874615585237,0.12356313403349561,0.41828383515395545,0.00919888975709425,0,0,0.0,0,0.0,0.0,40.0,0,,,,,,,,,,,,,,,,,,,,,,,,,,,
3,D,step_totals,,,,,,,,,,,,,,,,,,,,,87.69999999999999,20.0,0.2280501710376283,3.900000000000002,0.04446978335233755,60.0,0.6841505131128849,0.0,0.0,0.01874547121506924,0.11666666666666667,0.0,0,7,23,11,40,39,60,32,2.8000000000000003,0.03192702394526797,1.0,0.011402508551881416,14,5,
4,D,all_agents,,,40,5,11,24,5,0,0.1773451719538557,0.15847591981270304,0.5248296993424963,0.010475882657926204,17,14,0.35,0,0.0,0.0,29.775,122,,,,,,,,,,,,,,,,,,,,,,,,,,,
4,D,participants_only,,,30,5,1,24,5,0,0.18539930552611195,0.16688980598669448,0.5248296993424963,0.010766216771021396,17,14,0.4666666666666667,0,0.0,0.0,24.7,122,,,,,,,,,,,,,,,,,,,,,,,,,,,
4,D,nonparticipants_only,,,10,0,10,0,0,0,0.15318277123708698,0.12294531836332814,0.4161924159781857,0.008826451507443689,0,0,0.0,0,0.0,0.0,45.0,0,,,,,,,,,,,,,,,,,,,,,,,,,,,
4,D,step_totals,,,,,,,,,,,,,,,,,,,,,87.80000000000003,20.0,0.22779043280182226,3.800000000000002,0.043280182232346254,57.0,0.6492027334851934,0.0,0.0,0.01631146202964903,0.07017543859649122,0.0,0,4,8,22,40,38,57,37,4.800000000000002,0.05466970387243736,2.1999999999999997,0.025056947608200444,24,11,21
5,D,all_agents,,,40,5,10,25,5,0,0.18253071712794408,0.16298461202144732,0.5438365113687965,0.010771069948930657,19,15,0.375,0,0.0,0.0,31.625,149,,,,,,,,,,,,,,,,,,,,,,,,,,,
5,D,participants_only,,,30,5,0,25,5,0,0.192031919529392,0.16865840858007375,0.5438365113687965,0.01117473213548697,19,15,0.5,0,0.0,0.0,25.5,149,,,,,,,,,,,,,,,,,,,,,,,,,,,
5,D,nonparticipants_only,,,10,0,10,0,0,0,0.1540271099236004,0.12233059177151151,0.41411145389829473,0.008476809224382369,0,0,0.0,0,0.0,0.0,50.0,0,,,,,,,,,,,,,,,,,,,,,,,,,,,
5,D,step_totals,,,,,,,,,,,,,,,,,,,,,87.30000000000003,20.0,0.22909507445589913,3.700000000000002,0.04238258877434136,56.0,0.6414662084765176,0.0,0.0,0.015776267638491343,0.03571428571428571,0.0,0,2,7,21,40,37,56,38,4.800000000000002,0.054982817869415807,2.8000000000000003,0.032073310423825885,24,14,23
6,D,all_agents,,,40,5,10,25,5,0,0.1872030542406434,0.16355708481626835,0.5620830509140446,0.01081939069199079,23,17,0.425,0,0.0,0.0,31.95,171,,,,,,,,,,,,,,,,,,,,,,,,,,,
6,D,participants_only,,,30,5,0,25,5,0,0.19798301390333128,0.17330657578473696,0.5620830509140446,0.011246328820894005,23,17,0.5666666666666667,0,0.0,0.0,25.933333333333334,171,,,,,,,,,,,,,,,,,,,,,,,,,,,
6,D,nonparticipants_only,,,10,0,10,0,0,0,0.15486317525257984,0.12171893881265394,0.4120408966288033,0.008144085941331012,0,0,0.0,0,0.0,0.0,50.0,0,,,,,,,,,,,,,,,,,,,,,,,,,,,
6,D,step_totals,,,,,,,,,,,,,,,,,,,,,85.10000000000005,20.0,0.235017626321974,3.1000000000000014,0.03642773207990599,53.0,0.6227967097532311,0.0,0.0,0.014828718535634467,0.07547169811320754,0.0,0,4,6,35,40,31,53,39,6.200000000000003,0.07285546415981198,2.8000000000000003,0.03290246768507636,31,14,31
7,D,all_agents,,,40,6,10,24,6,0,0.19201191196724215,0.1642516918798076,0.5795997288774829,0.01113698878195733,27,19,0.475,0,0.0,0.0,32.125,195,,,,,,,,,,,,,,,,,,,,,,,,,,,
7,D,participants_only,,,30,6,0,24,6,0,0.20411912344454505,0.1767131103536954,0.5795997288774829,0.011652638479284624,27,19,0.6333333333333333,0,0.0,0.0,26.166666666666668,195,,,,,,,,,,,,,,,,,,,,,,,,,,,
7,D,nonparticipants_only,,,10,0,10,0,0,0,0.15569027753533346,0.12117063298149003,0.40998069214565924,0.00783102485290183,0,0,0.0,0,0.0,0.0,50.0,0,,,,,,,,,,,,,,,,,,,,,,,,,,,
7,D,step_totals,,,,,,,,,,,,,,,,,,,,,87.80000000000008,20.0,0.2277904328018221,0.7999999999999999,0.009111617312072884,58.0,0.6605922551252841,0.0,0.0,0.014692215503825977,0.06896551724137931,0.0,0,4,16,24,40,8,58,38,5.8000000000000025,0.06605922551252844,3.2000000000000006,0.03644646924829154,29,16,30
8,D,all_agents,,,40,7,10,23,7,0,0.19698033545283872,0.16855331188271666,0.5964157397223836,0.011442702317921523,32,19,0.475,0,0.0,0.0,32.425,221,,,,,,,,,,,,,,,,,,,,,,,,,,,
8,D,participants_only,,,30,7,0,23,7,0,0.21047046761198018,0.17922979188776744,0.5964157397223836,0.012018497478709885,32,19,0.6333333333333333,0,0.0,0.0,26.566666666666666,221,,,,,,,,,,,,,,,,,,,,,,,,,,,
8,D,nonparticipants_only,,,10,0,10,0,0,0,0.15650993897541438,0.12147294977180892,0.40793078868493093,0.007531512847503208,0,0,0.0,0,0.0,0.0,50.0,0,,,,,,,,,,,,,,,,,,,,,,,,,,,
8,D,step_totals,,,,,,,,,,,,,,,,,,,,,87.6000000000001,20.0,0.2283105022831048,0.2,0.002283105022831048,57.0,0.6506849315068486,0.0,0.0,0.015217399230695762,0.08771929824561403,0.0,0,5,13,32,40,2,57,39,6.800000000000003,0.07762557077625566,3.600000000000001,0.041095890410958874,34,18,35
9,D,all_agents,,,40,9,10,21,9,0,0.20191326198345308,0.17066545871841488,0.6125591101334883,0.011960122883640144,36,21,0.525,0,0.0,0.0,32.1,248,,,,,,,,,,,,,,,,,,,,,,,,,,,
9,D,participants_only,,,30,9,0,21,9,0,0.21677730687253205,0.18150912810030134,0.6125591101334883,0.012646514578253748,36,21,0.7,0,0.0,0.0,26.133333333333333,248,,,,,,,,,,,,,,,,,,,,,,,,,,,
9,D,nonparticipants_only,,,10,0,10,0,0,0,0.15732112731621617,0.12543327129124662,0.4058911347415063,0.007249669834224673,0,0,0.0,0,0.0,0.0,50.0,0,,,,,,,,,,,,,,,,,,,,,,,,,,,
9,D,step_totals,,,,,,,,,,,,,,,,,,,,,88.80000000000007,20.0,0.22522522522522506,0.2,0.0022522522522522505,59.0,0.664414414414414,0.0,0.0,0.01486584974861097,0.06779661016949153,0.0,0,4,15,25,40,2,59,37,6.000000000000003,0.06756756756756754,3.600000000000001,0.04054054054054052,30,18,37
10,D,all_agents,,,40,10,10,20,10,0,0.20680333072814283,0.17498515987540897,0.6280567457281487,0.012477219429985092,40,22,0.55,0,0.0,0.0,31.85,276,,,,,,,,,,,,,,,,,,,,,,,,,,,
10,D,participants_only,,,30,10,0,20,10,0,0.22302890230015637,0.19806356028624417,0.6280567457281487,0.01325836228995376,40,22,0.7333333333333333,0,0.0,0.0,25.8,276,,,,,,,,,,,,,,,,,,,,,,,,,,,
10,D,nonparticipants_only,,,10,0,10,0,0,0,0.1581266160121021,0.12858220566357892,0.40386167906779874,0.006974560776016673,0,0,0.0,0,0.0,0.0,50.0,0,,,,,,,,,,,,,,,,,,,,,,,,,,,
10,D,step_totals,,,,,,,,,,,,,,,,,,,,,87.60000000000008,20.0,0.22831050228310482,,,57.0,0.6506849315068487,0.0,0.0,0.014987855486743529,0.07017543859649122,0.0,0,4,13,33,40,,57,39,6.600000000000003,0.07534246575342463,4.000000000000001,0.045662100456620974,33,20,34
10,D,reachability,0.475,0.0,,,,,,,,,,,,,,,,,,,,,,,,,,,,,,,,,,,,,,,,,,,,,
11,D,all_agents,,,40,10,10,20,10,0,0.21159480936781383,0.1776223808180618,0.6429344758990228,0.013139705403366762,45,25,0.625,0,0.0,0.0,31.5,304,,,,,,,,,,,,,,,,,,,,,,,,,,,
11,D,participants_only,,,30,10,0,20,10,0,0.22915150080802896,0.1971345642028905,0.6429344758990228,0.014049080164579517,45,25,0.8333333333333334,0,0.0,0.0,25.333333333333332,304,,,,,,,,,,,,,,,,,,,,,,,,,,,
11,D,nonparticipants_only,,,10,0,10,0,0,0,0.1589247350471684,0.12809364967653303,0.40184237067245976,0.006712732147805418,0,0,0.0,0,0.0,0.0,50.0,0,,,,,,,,,,,,,,,,,,,,,,,,,,,
11,D,step_totals,,,,,,,,,,,,,,,,,,,,,89.00000000000007,20.0,0.22471910112359533,,,59.0,0.6629213483146063,0.0,0.0,0.014444991799020047,0.0847457627118644,0.0,0,5,15,22,40,,59,38,5.8000000000000025,0.06516853932584267,4.200000000000001,0.04719101123595503,29,21,37
12,D,all_agents,,,40,13,10,17,13,0,0.21619631080439394,0.1851760067289988,0.6572170968630618,0.013724542661769142,53,27,0.675,0,0.0,0.0,31.65,335,,,,,,,,,,,,,,,,,,,,,,,,,,,
12,D,participants_only,,,30,13,0,17,13,0,0.23502312857602867,0.20733010195968604,0.6572170968630618,0.01472734212098563,53,27,0.9,0,0.0,0.0,25.533333333333335,335,,,,,,,,,,,,,,,,,,,,,,,,,,,
12,D,nonparticipants_only,,,10,0,10,0,0,0,0.15971585748948974,0.1281078876409062,0.3998331588190975,0.006462755475243583,0,0,0.0,0,0.0,0.0,50.0,0,,,,,,,,,,,,,,,,,,,,,,,,,,,
12,D,step_totals,,,,,,,,,,,,,,,,,,,,,78.40000000000009,19.5,0.24872448979591807,0.1,0.0012755102040816313,47.0,0.5994897959183666,0.0,0.0,0.016064182213832382,0.1702127659574468,0.0,0,8,7,54,39,1,47,39,6.800000000000003,0.08673469387755096,5.000000000000002,0.06377551020408158,34,25,42
13,D,all_agents,,,40,14,10,16,14,0,0.2210427931185525,0.1917343540250831,0.6709284129885393,0.01451463217915301,58,28,0.7,0,0.0,0.0,31.25,366,,,,,,,,,,,,,,,,,,,,,,,,,,,
13,D,participants_only,,,30,14,0,16,14,0,0.24122333693320958,0.20661963168826614,0.6709284129885393,0.01565046911193022,58,28,0.9333333333333333,0,0.0,0.0,25.0,366,,,,,,,,,,,,,,,,,,,,,,,,,,,
13,D,nonparticipants_only,,,10,0,10,0,0,0,0.16050116167458134,0.12827557699380815,0.397833993025002,0.006220069196957866,0,0,0.0,0,0.0,0.0,50.0,0,,,,,,,,,,,,,,,,,,,,,,,,,,,
13,D,step_totals,,,,,,,,,,,,,,,,,,,,,89.00000000000009,20.0,0.22471910112359528,,,58.0,0.6516853932584263,0.0,0.0,0.014618107053526758,0.08620689655172414,0.0,0,5,14,21,40,,58,37,5.8000000000000025,0.06516853932584266,5.200000000000002,0.0584269662921348,29,26,39
14,D,all_agents,,,40,15,10,15,15,0,0.22551306769584495,0.19089540183443798,0.6840912764689978,0.015312139160894292,63,28,0.7,0,0.0,0.0,31.425,399,,,,,,,,,,,,,,,,,,,,,,,,,,,
14,D,participants_only,,,30,15,0,15,15,0,0.2469242112146326,0.21049558706302623,0.6840912764689978,0.016586243807186048,63,28,0.9333333333333333,0,0.0,0.0,25.233333333333334,399,,,,,,,,,,,,,,,,,,,,,,,,,,,
14,D,nonparticipants_only,,,10,0,10,0,0,0,0.16127963713948212,0.1276341991088391,0.395844823059877,0.005988580420633569,0,0,0.0,0,0.0,0.0,50.0,0,,,,,,,,,,,,,,,,,,,,,,,,,,,
14,D,step_totals,,,,,,,,,,,,,,,,,,,,,78.30000000000008,19.0,0.24265644955300103,0.1,0.0012771392081736897,47.0,0.6002554278416341,0.0,0.0,0.01571726863429579,0.10638297872340426,0.0,0,5,7,54,38,1,47,37,6.600000000000003,0.08429118773946355,5.600000000000002,0.07151979565772665,33,28,40
15,D,all_agents,,,40,15,10,15,15,0,0.23016180863904803,0.19529485108852607,0.6967276254102379,0.016202395029567475,71,28,0.7,0,0.0,0.0,31.15,431,,,,,,,,,,,,,,,,,,,,,,,,,,,
15,D,participants_only,,,30,15,0,15,15,0,0.25286512070855627,0.21333082862487465,0.6967276254102379,0.017619412121876635,71,28,0.9333333333333333,0,0.0,0.0,24.866666666666667,431,,,,,,,,,,,,,,,,,,,,,,,,,,,
15,D,nonparticipants_only,,,10,0,10,0,0,0,0.16205187243052327,0.12855339656245818,0.3938655989445776,0.005766059205534243,0,0,0.0,0,0.0,0.0,50.0,0,,,,,,,,,,,,,,,,,,,,,,,,,,,
15,D,step_totals,,,,,,,,,,,,,,,,,,,,,87.20000000000009,20.0,0.22935779816513738,,,56.0,0.6422018348623847,0.0,0.0,0.01443674108927911,0.14285714285714285,0.0,0,8,14,25,40,,56,36,5.600000000000002,0.0642201834862385,5.600000000000002,0.0642201834862385,28,28,40
16,D,all_agents,,,40,17,10,13,16,1,0.2345833707733633,0.19623384389790213,0.7088585203938284,0.01712745111920552,77,29,0.725,0,0.0,0.0,31.3,466,,,,,,,,,,,,,,,,,,,,,,,,,,,
16,D,participants_only,,,30,17,0,13,16,1,0.25850505899172954,0.2181887921498487,0.7088585203938284,0.01869732071608964,77,29,0.9666666666666667,0,0.0,0.0,25.066666666666666,466,,,,,,,,,,,,,,,,,,,,,,,,,,,
16,D,nonparticipants_only,,,10,0,10,0,0,0,0.16281830611826464,0.12967680816435567,0.39189627094985474,0.00555087632195251,0,0,0.0,0,0.0,0.0,50.0,0,,,,,,,,,,,,,,,,,,,,,,,,,,,
16,D,step_totals,,,,,,,,,,,,,,,,,,,,,78.10000000000008,19.0,0.24327784891165147,0.1,0.0012804097311139553,47.0,0.601792573623559,0.0,0.0,0.0156370380675974,0.1276595744680851,0.0,0,6,8,54,38,1,47,35,6.400000000000003,0.08194622279129317,5.600000000000002,0.07170294494238152,32,28,38
17,D,all_agents,,,40,19,10,11,18,1,0.23908032301105722,0.20170952359316746,0.7205041795780752,0.018207034994529383,81,29,0.725,0,0.0,0.0,31.1,501,,,,,,,,,,,,,,,,,,,,,,,,,,,
17,D,participants_only,,,30,19,0,11,18,1,0.2642475640049057,0.2210253237552695,0.7205041795780752,0.01996106240447307,81,29,0.9666666666666667,0,0.0,0.0,24.8,501,,,,,,,,,,,,,,,,,,,,,,,,,,,
17,D,nonparticipants_only,,,10,0,10,0,0,0,0.16357860002951172,0.13101493363108685,0.38993678959510547,0.005344272533788941,0,0,0.0,0,0.0,0.0,50.0,0,,,,,,,,,,,,,,,,,,,,,,,,,,,
17,D,step_totals,,,,,,,,,,,,,,,,,,,,,84.70000000000007,19.5,0.23022432113341185,,,54.0,0.6375442739079097,0.0,0.0,0.014481485770675475,0.07407407407407407,0.0,0,4,14,24,39,,54,36,5.400000000000002,0.063754427390791,5.8000000000000025,0.06847697756788663,27,29,42
18,D,all_agents,,,40,20,10,10,19,1,0.24325868000254613,0.20150553817448258,0.7316840123949522,0.019176911700348048,86,29,0.725,0,0.0,0.0,31.3,536,,,,,,,,,,,,,,,,,,,,,,,,,,,
18,D,participants_only,,,30,20,0,10,19,1,0.2695674805364967,0.22351126778091282,0.7316840123949522,0.021084539531213822,86,29,0.9666666666666667,0,0.0,0.0,25.066666666666666,536,,,,,,,,,,,,,,,,,,,,,,,,,,,
18,D,nonparticipants_only,,,10,0,10,0,0,0,0.16433227840069442,0.13278988441957656,0.38798710564712996,0.005148192381328355,0,0,0.0,0,0.0,0.0,50.0,0,,,,,,,,,,,,,,,,,,,,,,,,,,,
18,D,step_totals,,,,,,,,,,,,,,,,,,,,,77.2000000000001,19.0,0.24611398963730538,,,46.0,0.595854922279792,0.0,0.0,0.015114959163417907,0.10869565217391304,0.0,0,5,8,56,38,,46,35,6.400000000000003,0.08290155440414501,5.8000000000000025,0.07512953367875641,32,29,38
19,D,all_agents,,,40,23,10,7,23,0,0.24724293948593185,0.20049801048361018,0.7424166518991541,0.0201707235048664,93,29,0.725,0,0.0,0.0,31.1,566,,,,,,,,,,,,,,,,,,,,,,,,,,,
19,D,participants_only,,,30,23,0,7,23,0,0.27463026311638555,0.2255836383036191,0.7424166518991541,0.022241903117809107,93,29,0.9666666666666667,0,0.0,0.0,24.8,566,,,,,,,,,,,,,,,,,,,,,,,,,,,
19,D,nonparticipants_only,,,10,0,10,0,0,0,0.1650809685945707,0.135343373839093,0.38604717011889433,0.004956398718367784,0,0,0.0,0,0.0,0.0,50.0,0,,,,,,,,,,,,,,,,,,,,,,,,,,,
19,D,step_totals,,,,,,,,,,,,,,,,,,,,,84.5000000000001,19.5,0.2307692307692305,,,54.0,0.6390532544378691,0.0,0.0,0.013103254435880915,0.12962962962962962,0.0,0,7,15,24,39,,54,36,5.200000000000002,0.061538461538461486,5.8000000000000025,0.06863905325443782,26,29,41
20,D,all_agents,,,40,26,10,4,26,0,0.2508585276729875,0.20218916435901796,0.7527199858231879,0.02123268714325534,98,29,0.725,0,0.0,0.0,31.3,598,,,,,,,,,,,,,,,,,,,,,,,,,,,
20,D,participants_only,,,30,26,0,4,26,0,0.2792035418588253,0.22696315103362014,0.7527199858231879,0.023505332151000535,98,29,0.9666666666666667,0,0.0,0.0,25.066666666666666,598,,,,,,,,,,,,,,,,,,,,,,,,,,,
20,D,nonparticipants_only,,,10,0,10,0,0,0,0.16582348511547418,0.13754418564029208,0.38411693426829985,0.0047734741696756145,0,0,0.0,0,0.0,0.0,50.0,0,,,,,,,,,,,,,,,,,,,,,,,,,,,
20,D,step_totals,,,,,,,,,,,,,,,,,,,,,76.7000000000001,18.5,0.24119947848761375,,,46.0,0.5997392438070396,0.0,0.0,0.013481650468951502,0.10869565217391304,0.0,0,5,8,56,37,,46,35,6.400000000000003,0.08344198174706642,5.8000000000000025,0.07561929595827895,32,29,37
20,D,reachability,0.2,0.0,,,,,,,,,,,,,,,,,,,,,,,,,,,,,,,,,,,,,,,,,,,,,
21,D,all_agents,,,40,28,10,2,28,0,0.25533630043988337,0.2033308025043396,0.7626111863902604,0.022491807465203947,104,29,0.725,0,0.0,0.0,31.1,638,,,,,,,,,,,,,,,,,,,,,,,,,,,
21,D,participants_only,,,30,28,0,2,28,0,0.2849282908830587,0.22899405045595023,0.7626111863902604,0.024953812254543763,104,29,0.9666666666666667,0,0.0,0.0,24.8,638,,,,,,,,,,,,,,,,,,,,,,,,,,,
21,D,nonparticipants_only,,,10,0,10,0,0,0,0.16656032911035756,0.13870989975686351,0.38219634959695836,0.004597562316516782,0,0,0.0,0,0.0,0.0,50.0,0,,,,,,,,,,,,,,,,,,,,,,,,,,,
21,D,step_totals,,,,,,,,,,,,,,,,,,,,,84.50000000000009,19.5,0.23076923076923053,,,54.0,0.6390532544378692,0.0,0.0,0.014505842778723918,0.1111111111111111,0.0,0,6,15,24,39,,54,36,5.200000000000002,0.0615384615384615,5.8000000000000025,0.06863905325443782,26,29,41
22,D,all_agents,,,40,29,10,1,29,0,0.25913688882653896,0.2043024913943995,0.77210673893465,0.023678125208864174,113,29,0.725,0,0.0,0.0,31.3,675,,,,,,,,,,,,,,,,,,,,,,,,,,,
22,D,participants_only,,,30,29,0,1,29,0,0.28975198973396427,0.2295634872551393,0.77210673893465,0.02634557358160857,113,29,0.9666666666666667,0,0.0,0.0,25.066666666666666,675,,,,,,,,,,,,,,,,,,,,,,,,,,,
22,D,nonparticipants_only,,,10,0,10,0,0,0,0.16729158610426303,0.14092165411421687,0.38028536784897354,0.004428367247768979,0,0,0.0,0,0.0,0.0,50.0,0,,,,,,,,,,,,,,,,,,,,,,,,,,,
22,D,step_totals,,,,,,,,,,,,,,,,,,,,,76.50000000000009,18.5,0.24183006535947685,,,46.0,0.601307189542483,0.0,0.0,0.014130738880826605,0.1956521739130435,0.0,0,9,9,56,37,,46,35,6.200000000000003,0.08104575163398688,5.8000000000000025,0.07581699346405224,31,29,37
23,D,all_agents,,,40,29,10,1,29,0,0.2631953186702606,0.2086943534784506,0.781222469377264,0.024972704896271854,116,29,0.725,0,0.0,0.0,31.1,713,,,,,,,,,,,,,,,,,,,,,,,,,,,
23,D,participants_only,,,30,29,0,1,29,0,0.2949212995699132,0.23259724947909555,0.781222469377264,0.02784897482976705,116,29,0.9666666666666667,0,0.0,0.0,24.8,713,,,,,,,,,,,,,,,,,,,,,,,,,,,
23,D,nonparticipants_only,,,10,0,10,0,0,0,0.16801737597130278,0.1434169021892308,0.37838394100972866,0.004265440727244806,0,0,0.0,0,0.0,0.0,50.0,0,,,,,,,,,,,,,,,,,,,,,,,,,,,
23,D,step_totals,,,,,,,,,,,,,,,,,,,,,84.50000000000009,19.5,0.23076923076923053,,,54.0,0.6390532544378692,0.0,0.0,0.013358294800805007,0.05555555555555555,0.0,0,3,15,24,39,,54,36,5.200000000000002,0.0615384615384615,5.8000000000000025,0.06863905325443782,26,29,41
24,D,all_agents,,,40,29,10,1,29,0,0.26669615211565867,0.20886868146658116,0.7899735706021734,0.026138914858187482,123,29,0.725,0,0.0,0.0,31.3,749,,,,,,,,,,,,,,,,,,,,,,,,,,,
24,D,participants_only,,,30,29,0,1,29,0,0.2993489507538013,0.23343630481981245,0.7899735706021734,0.029217508907228813,123,29,0.9666666666666667,0,0.0,0.0,25.066666666666666,749,,,,,,,,,,,,,,,,,,,,,,,,,,,
24,D,nonparticipants_only,,,10,0,10,0,0,0,0.1687377562012309,0.1444211084607946,0.37649202130468,0.00410866960422643,0,0,0.0,0,0.0,0.0,50.0,0,,,,,,,,,,,,,,,,,,,,,,,,,,,
24,D,step_totals,,,,,,,,,,,,,,,,,,,,,75.80000000000008,18.0,0.23746701846965673,,,46.0,0.606860158311345,0.0,0.0,0.013360064704551158,0.15217391304347827,0.0,0,7,10,54,36,,46,35,6.000000000000003,0.07915567282321895,5.8000000000000025,0.07651715039577832,30,29,37
25,D,all_agents,,,40,29,10,1,29,0,0.2706064191447562,0.21024175549438828,0.7983746277780865,0.0274417137993021,130,29,0.725,0,0.0,0.0,31.1,788,,,,,,,,,,,,,,,,,,,,,,,,,,,
25,D,participants_only,,,30,29,0,1,29,0,0.30432423577962237,0.23533676320374988,0.7983746277780865,0.03072233050232891,130,29,0.9666666666666667,0,0.0,0.0,24.8,788,,,,,,,,,,,,,,,,,,,,,,,,,,,
25,D,nonparticipants_only,,,10,0,10,0,0,0,0.16945296924015782,0.14484782978605276,0.37460956119815664,0.003957169786752218,0,0,0.0,0,0.0,0.0,50.0,0,,,,,,,,,,,,,,,,,,,,,,,,,,,
25,D,step_totals,,,,,,,,,,,,,,,,,,,,,83.60000000000008,19.0,0.22727272727272704,,,54.0,0.6459330143540664,0.0,0.0,0.013092767085608878,0.12962962962962962,0.0,0,7,17,23,38,,54,35,4.800000000000002,0.0574162679425837,5.8000000000000025,0.06937799043062197,24,29,41
26,D,all_agents,,,40,29,10,1,28,1,0.2738298862327929,0.2119182025216619,0.8064396426669631,0.028556499483520077,132,29,0.725,0,0.0,0.0,31.3,822,,,,,,,,,,,,,,,,,,,,,,,,,,,
26,D,participants_only,,,30,29,0,1,28,1,0.30838531455458884,0.23658911749883876,0.8064396426669631,0.03202943564683049,132,29,0.9666666666666667,0,0.0,0.0,25.066666666666666,822,,,,,,,,,,,,,,,,,,,,,,,,,,,
26,D,nonparticipants_only,,,10,0,10,0,0,0,0.170163601267405,0.14738032200324186,0.37273651339216585,0.0038087594755555026,0,0,0.0,0,0.0,0.0,50.0,0,,,,,,,,,,,,,,,,,,,,,,,,,,,
26,D,step_totals,,,,,,,,,,,,,,,,,,,,,75.80000000000008,18.0,0.23746701846965673,,,46.0,0.606860158311345,0.0,0.0,0.012512962671198603,0.043478260869565216,0.0,0,2,10,54,36,,46,35,6.000000000000003,0.07915567282321895,5.8000000000000025,0.07651715039577832,30,29,36
27,D,all_agents,,,40,30,10,0,29,1,0.27754708276759404,0.21459346526532957,0.8141820569602846,0.029762170181622347,136,30,0.75,0,0.0,0.0,31.1,860,,,,,,,,,,,,,,,,,,,,,,,,,,,
27,D,participants_only,,,30,30,0,0,29,1,0.31310663849839393,0.2392965401359623,0.8141820569602846,0.033402242477527704,136,30,1.0,0,0.0,0.0,24.8,860,,,,,,,,,,,,,,,,,,,,,,,,,,,
27,D,nonparticipants_only,,,10,0,10,0,0,0,0.17086841557519444,0.1474442324754731,0.370872830825205,0.00366816924864395,0,0,0.0,0,0.0,0.0,50.0,0,,,,,,,,,,,,,,,,,,,,,,,,,,,
27,D,step_totals,,,,,,,,,,,,,,,,,,,,,83.6000000000001,19.0,0.22727272727272702,,,54.0,0.6459330143540662,0.0,0.0,0.012561460274373243,0.07407407407407407,0.0,0,4,17,23,38,,54,34,4.800000000000002,0.057416267942583685,5.8000000000000025,0.06937799043062196,24,29,41
28,D,all_agents,,,40,30,10,0,29,1,0.28066866209523056,0.21471148494355025,0.8216147746818732,0.030866251135898016,138,30,0.75,0,0.0,0.0,31.3,895,,,,,,,,,,,,,,,,,,,,,,,,,,,
28,D,participants_only,,,30,30,0,0,29,1,0.3170354958914484,0.23915031327497227,0.8216147746818732,0.03468726027475307,138,30,1.0,0,0.0,0.0,25.066666666666666,895,,,,,,,,,,,,,,,,,,,,,,,,,,,
28,D,nonparticipants_only,,,10,0,10,0,0,0,0.1715681607065771,0.14974155840597803,0.36901846667107896,0.0035326645149920764,0,0,0.0,0,0.0,0.0,50.0,0,,,,,,,,,,,,,,,,,,,,,,,,,,,
28,D,step_totals,,,,,,,,,,,,,,,,,,,,,75.80000000000008,18.0,0.23746701846965673,,,46.0,0.606860158311345,0.0,0.0,0.012222013655484355,0.043478260869565216,0.0,0,2,11,54,36,,46,34,5.8000000000000025,0.07651715039577832,6.000000000000003,0.07915567282321895,29,30,36
29,D,all_agents,,,40,30,10,0,29,1,0.2842261927972997,0.21525400362377867,0.8287501836945982,0.03212875997685074,149,30,0.75,0,0.0,0.0,31.1,934,,,,,,,,,,,,,,,,,,,,,,,,,,,
29,D,participants_only,,,30,30,0,0,29,1,0.3215471188521712,0.2427117868550261,0.8287501836945982,0.036133580212249265,149,30,1.0,0,0.0,0.0,24.8,934,,,,,,,,,,,,,,,,,,,,,,,,,,,
29,D,nonparticipants_only,,,10,0,10,0,0,0,0.17226341463268546,0.15109725174839944,0.36717337433772357,0.00340008101153697,0,0,0.0,0,0.0,0.0,50.0,0,,,,,,,,,,,,,,,,,,,,,,,,,,,
29,D,step_totals,,,,,,,,,,,,,,,,,,,,,83.30000000000007,18.5,0.2220888355342135,,,54.0,0.6482593037214881,0.0,0.0,0.012181922109011655,0.2037037037037037,0.0,0,11,16,23,37,,54,34,4.800000000000002,0.05762304921968785,6.000000000000003,0.07202881152460981,24,30,41
30,D,all_agents,,,40,30,10,0,29,1,0.2872668141084381,0.21572071304278884,0.8356001763468143,0.03326493565697264,153,30,0.75,0,0.0,0.0,31.3,971,,,,,,,,,,,,,,,,,,,,,,,,,,,
30,D,participants_only,,,30,30,0,0,29,1,0.32537116603121824,0.24374959390928536,0.8356001763468143,0.03745479673039053,153,30,1.0,0,0.0,0.0,25.066666666666666,971,,,,,,,,,,,,,,,,,,,,,,,,,,,
30,D,nonparticipants_only,,,10,0,10,0,0,0,0.17295375834009766,0.1522356508693119,0.36533750746603494,0.003272052811258013,0,0,0.0,0,0.0,0.0,50.0,0,,,,,,,,,,,,,,,,,,,,,,,,,,,
30,D,step_totals,,,,,,,,,,,,,,,,,,,,,75.60000000000008,18.0,0.23809523809523783,,,46.0,0.6084656084656078,0.0,0.0,0.012028226193870546,0.08695652173913043,0.0,0,4,12,53,36,,46,34,5.600000000000002,0.07407407407407403,6.000000000000003,0.07936507936507932,28,30,36
30,D,reachability,0.225,0.0,,,,,,,,,,,,,,,,,,,,,,,,,,,,,,,,,,,,,,,,,,,,,
31,D,all_agents,,,40,30,10,0,29,1,0.29076146290505067,0.21820979384830433,0.8421761692929417,0.034530934450324756,158,30,0.75,0,0.0,0.0,31.1,1012,,,,,,,,,,,,,,,,,,,,,,,,,,,
31,D,participants_only,,,30,30,0,0,29,1,0.3298024692312337,0.2449928474765013,0.8421761692929417,0.03889395943269039,158,30,1.0,0,0.0,0.0,24.8,1012,,,,,,,,,,,,,,,,,,,,,,,,,,,
31,D,nonparticipants_only,,,10,0,10,0,0,0,0.17363844392650143,0.15284576459584212,0.36351081992870476,0.003151457403695062,0,0,0.0,0,0.0,0.0,50.0,0,,,,,,,,,,,,,,,,,,,,,,,,,,,
31,D,step_totals,,,,,,,,,,,,,,,,,,,,,82.80000000000008,18.0,0.21739130434782586,,,54.0,0.6521739130434776,0.0,0.0,0.012103187170018393,0.09259259259259259,0.0,0,5,16,22,36,,54,33,4.800000000000002,0.05797101449275358,6.000000000000003,0.07246376811594199,24,30,41
32,D,all_agents,,,40,30,10,0,28,2,0.29390923707263356,0.21893121516848402,0.848489122521224,0.03568940809352753,162,30,0.75,0,0.0,0.0,31.3,1052,,,,,,,,,,,,,,,,,,,,,,,,,,,
32,D,participants_only,,,30,30,0,0,28,2,0.33377266545014905,0.24507597072792325,0.848489122521224,0.0402185781932196,162,30,1.0,0,0.0,0.0,25.066666666666666,1052,,,,,,,,,,,,,,,,,,,,,,,,,,,
32,D,nonparticipants_only,,,10,0,10,0,0,0,0.17431895194008704,0.15269308028157172,0.36169326582906125,0.003032782730339623,0,0,0.0,0,0.0,0.0,50.0,0,,,,,,,,,,,,,,,,,,,,,,,,,,,
32,D,step_totals,,,,,,,,,,,,,,,,,,,,,75.80000000000008,18.0,0.23746701846965673,,,46.0,0.606860158311345,0.0,0.0,0.012369005000457014,0.08695652173913043,0.0,0,4,11,54,36,,46,34,5.8000000000000025,0.07651715039577832,6.000000000000003,0.07915567282321895,29,30,36
33,D,all_agents,,,40,30,10,0,26,4,0.29706818306825167,0.22161196684346457,0.854549557620375,0.036922164596928486,169,30,0.75,0,0.0,0.0,31.1,1091,,,,,,,,,,,,,,,,,,,,,,,,,,,
33,D,participants_only,,,30,30,0,0,26,4,0.3377594995984114,0.24860669211320988,0.854549557620375,0.04163307950917671,169,30,1.0,0,0.0,0.0,24.8,1091,,,,,,,,,,,,,,,,,,,,,,,,,,,
33,D,nonparticipants_only,,,10,0,10,0,0,0,0.17499423347777254,0.15354405265951393,0.3598847994999159,0.0029200209686920334,0,0,0.0,0,0.0,0.0,50.0,0,,,,,,,,,,,,,,,,,,,,,,,,,,,
33,D,step_totals,,,,,,,,,,,,,,,,,,,,,83.00000000000009,18.0,0.21686746987951785,,,54.0,0.6506024096385535,0.0,0.0,0.0111302009530894,0.12962962962962962,0.0,0,7,15,22,36,,54,34,5.000000000000002,0.060240963855421645,6.000000000000003,0.07228915662650598,25,30,41
34,D,all_agents,,,40,30,10,0,27,3,0.29982220420059313,0.22382281964312079,0.86036757531556,0.03801495402884393,175,30,0.75,0,0.0,0.0,31.3,1129,,,,,,,,,,,,,,,,,,,,,,,,,,,
34,D,participants_only,,,30,30,0,0,27,3,0.3412078093212007,0.24871925998685596,0.86036757531556,0.04289915953216394,175,30,1.0,0,0.0,0.0,25.066666666666666,1129,,,,,,,,,,,,,,,,,,,,,,,,,,,
34,D,nonparticipants_only,,,10,0,10,0,0,0,0.17566538883877034,0.15552379061672666,0.3580853755024163,0.0028091177844975696,0,0,0.0,0,0.0,0.0,50.0,0,,,,,,,,,,,,,,,,,,,,,,,,,,,
34,D,step_totals,,,,,,,,,,,,,,,,,,,,,74.60000000000008,17.0,0.22788203753351183,,,46.0,0.6166219839142084,0.0,0.0,0.011361205825609197,0.13043478260869565,0.0,0,6,12,52,34,,46,33,5.600000000000002,0.07506702412868628,6.000000000000003,0.08042895442359245,28,30,35
35,D,all_agents,,,40,30,10,0,27,3,0.3033266990269156,0.22498659538324653,0.8659528723029376,0.03920674974070007,181,30,0.75,0,0.0,0.0,31.1,1174,,,,,,,,,,,,,,,,,,,,,,,,,,,
35,D,participants_only,,,30,30,0,0,27,3,0.3456583876293346,0.2542504991589678,0.8659528723029376,0.04420676272620256,181,30,1.0,0,0.0,0.0,24.8,1174,,,,,,,,,,,,,,,,,,,,,,,,,,,
35,D,nonparticipants_only,,,10,0,10,0,0,0,0.17633163321965858,0.15812701608208313,0.35629494862490424,0.002703048465006543,0,0,0.0,0,0.0,0.0,50.0,0,,,,,,,,,,,,,,,,,,,,,,,,,,,
35,D,step_totals,,,,,,,,,,,,,,,,,,,,,82.00000000000007,17.0,0.20731707317073153,,,54.0,0.6585365853658531,0.0,0.0,0.012329779840417531,0.1111111111111111,0.0,0,6,15,22,34,,54,33,5.000000000000002,0.06097560975609753,6.000000000000003,0.07317073170731704,25,30,41
36,D,all_agents,,,40,30,10,0,27,3,0.3059417442602644,0.22595040682528295,0.8713147574108201,0.04025663360138811,185,30,0.75,0,0.0,0.0,31.3,1212,,,,,,,,,,,,,,,,,,,,,,,,,,,
36,D,participants_only,,,30,30,0,0,27,3,0.3489246001696178,0.2536585404090935,0.8713147574108201,0.04541837909036501,185,30,1.0,0,0.0,0.0,25.066666666666666,1212,,,,,,,,,,,,,,,,,,,,,,,,,,,
36,D,nonparticipants_only,,,10,0,10,0,0,0,0.176993176532204,0.1583991323375512,0.35451347388177973,0.0026010863089665245,0,0,0.0,0,0.0,0.0,50.0,0,,,,,,,,,,,,,,,,,,,,,,,,,,,
36,D,step_totals,,,,,,,,,,,,,,,,,,,,,74.60000000000008,17.0,0.22788203753351183,,,46.0,0.6166219839142084,0.0,0.0,0.010951059799188307,0.08695652173913043,0.0,0,4,12,52,34,,46,33,5.600000000000002,0.07506702412868628,6.000000000000003,0.08042895442359245,28,30,35
37,D,all_agents,,,40,30,10,0,27,3,0.3089415523241474,0.2263583177490049,0.8764621671143873,0.041372403558675566,189,30,0.75,0,0.0,0.0,31.1,1252,,,,,,,,,,,,,,,,,,,,,,,,,,,
37,D,participants_only,,,30,30,0,0,27,3,0.3527052657131839,0.25574495189902674,0.8764621671143873,0.046668207267736635,189,30,1.0,0,0.0,0.0,24.8,1252,,,,,,,,,,,,,,,,,,,,,,,,,,,
37,D,nonparticipants_only,,,10,0,10,0,0,0,0.17765041215703778,0.15850844230946512,0.35274090651237083,0.0025018411163195346,0,0,0.0,0,0.0,0.0,50.0,0,,,,,,,,,,,,,,,,,,,,,,,,,,,
37,D,step_totals,,,,,,,,,,,,,,,,,,,,,81.60000000000007,17.0,0.20833333333333318,,,54.0,0.6617647058823524,0.0,0.0,0.010929284552430571,0.07407407407407407,0.0,0,4,17,21,34,,54,33,4.600000000000001,0.056372549019607816,6.000000000000003,0.07352941176470586,23,30,41
38,D,all_agents,,,40,30,10,0,27,3,0.3114619611738194,0.2260638974849576,0.8814036804298118,0.042407096801824286,195,30,0.75,0,0.0,0.0,31.3,1291,,,,,,,,,,,,,,,,,,,,,,,,,,,
38,D,participants_only,,,30,30,0,0,27,3,0.3558481687004872,0.25505759396432737,0.8814036804298118,0.04786045541543945,195,30,1.0,0,0.0,0.0,25.066666666666666,1291,,,,,,,,,,,,,,,,,,,,,,,,,,,
38,D,nonparticipants_only,,,10,0,10,0,0,0,0.17830333859381614,0.15918427673903154,0.350977201979809,0.0024053959377737665,0,0,0.0,0,0.0,0.0,50.0,0,,,,,,,,,,,,,,,,,,,,,,,,,,,
38,D,step_totals,,,,,,,,,,,,,,,,,,,,,74.6000000000001,17.0,0.22788203753351177,,,46.0,0.6166219839142083,0.0,0.0,0.010678304858059859,0.13043478260869565,0.0,0,6,12,51,34,,46,31,5.600000000000002,0.07506702412868627,6.000000000000003,0.08042895442359242,28,30,35
39,D,all_agents,,,40,30,10,0,27,3,0.31397224803686724,0.2256300514690367,0.8861475332126193,0.04345365692501542,200,30,0.75,0,0.0,0.0,31.1,1327,,,,,,,,,,,,,,,,,,,,,,,,,,,
39,D,participants_only,,,30,30,0,0,27,3,0.3589793669432477,0.25547724109832237,0.8861475332126193,0.04906374701766956,200,30,1.0,0,0.0,0.0,24.8,1327,,,,,,,,,,,,,,,,,,,,,,,,,,,
39,D,nonparticipants_only,,,10,0,10,0,0,0,0.17895089131772568,0.1610748764781563,0.34922231596990994,0.0023156976200161125,0,0,0.0,0,0.0,0.0,50.0,0,,,,,,,,,,,,,,,,,,,,,,,,,,,
39,D,step_totals,,,,,,,,,,,,,,,,,,,,,81.10000000000008,16.5,0.20345252774352632,,,54.0,0.6658446362515407,0.0,0.0,0.00957961129883861,0.09259259259259259,0.0,0,5,17,21,33,,54,33,4.600000000000001,0.056720098643649776,6.000000000000003,0.07398273736128233,23,30,41
40,D,all_agents,,,40,30,10,0,27,3,0.3163086977185243,0.22588798778760377,0.8907016318841146,0.04450139683249548,202,30,0.75,0,0.0,0.0,31.3,1367,,,,,,,,,,,,,,,,,,,,,,,,,,,
40,D,participants_only,,,30,30,0,0,27,3,0.36188002382924783,0.2551258167789494,0.8907016318841146,0.05028597085896464,202,30,1.0,0,0.0,0.0,25.066666666666666,1367,,,,,,,,,,,,,,,,,,,,,,,,,,,
40,D,nonparticipants_only,,,10,0,10,0,0,0,0.17959471938635374,0.16338823468969335,0.3474762043900604,0.0022267255912090523,0,0,0.0,0,0.0,0.0,50.0,0,,,,,,,,,,,,,,,,,,,,,,,,,,,
40,D,step_totals,,,,,,,,,,,,,,,,,,,,,73.10000000000007,15.5,0.21203830369357027,,,46.0,0.6292749658002731,0.0,0.0,0.010365002256085123,0.043478260869565216,0.0,0,2,12,50,31,,46,31,5.600000000000002,0.07660738714090283,6.000000000000003,0.08207934336525304,28,30,35
40,D,reachability,0.25,0.0,,,,,,,,,,,,,,,,,,,,,,,,,,,,,,,,,,,,,,,,,,,,,
41,D,all_agents,,,40,30,10,0,26,4,0.31895267588684517,0.2257645794997606,0.8950735666087499,0.045661483428388994,206,30,0.75,0,0.0,0.0,31.1,1409,,,,,,,,,,,,,,,,,,,,,,,,,,,
41,D,participants_only,,,30,30,0,0,26,4,0.3651921779844789,0.25651552572103375,0.8950735666087499,0.05161595041068396,206,30,1.0,0,0.0,0.0,24.8,1409,,,,,,,,,,,,,,,,,,,,,,,,,,,
41,D,nonparticipants_only,,,10,0,10,0,0,0,0.1802341695939441,0.16365228215548328,0.34573882336811007,0.0021409838306592497,0,0,0.0,0,0.0,0.0,50.0,0,,,,,,,,,,,,,,,,,,,,,,,,,,,
41,D,step_totals,,,,,,,,,,,,,,,,,,,,,80.10000000000008,15.5,0.19350811485642927,,,54.0,0.6741573033707858,0.0,0.0,0.010150060937632,0.07407407407407407,0.0,0,4,17,21,31,,54,33,4.600000000000001,0.05742821473158548,6.000000000000003,0.07490636704119846,23,30,41
42,D,all_agents,,,40,30,10,0,26,4,0.32099135253590866,0.22622850554345333,0.8992706239443999,0.04662992345818148,212,30,0.75,0,0.0,0.0,31.3,1447,,,,,,,,,,,,,,,,,,,,,,,,,,,
42,D,participants_only,,,30,30,0,0,26,4,0.36769864444589123,0.25605949806551503,0.8992706239443999,0.05276107898371713,212,30,1.0,0,0.0,0.0,25.066666666666666,1447,,,,,,,,,,,,,,,,,,,,,,,,,,,
42,D,nonparticipants_only,,,10,0,10,0,0,0,0.18086947680596108,0.16375835086872417,0.3440101292512695,0.0020576034708026715,0,0,0.0,0,0.0,0.0,50.0,0,,,,,,,,,,,,,,,,,,,,,,,,,,,
42,D,step_totals,,,,,,,,,,,,,,,,,,,,,72.10000000000008,14.5,0.20110957004160865,,,46.0,0.6380027739251033,0.0,0.0,0.009579771876669705,0.13043478260869565,0.0,0,6,12,50,29,,46,31,5.600000000000002,0.07766990291262131,6.000000000000003,0.08321775312066569,28,30,35
43,D,all_agents,,,40,30,10,0,26,4,0.3234058051877053,0.2284983840738411,0.9032997989866239,0.04770490612687705,217,30,0.75,0,0.0,0.0,31.1,1488,,,,,,,,,,,,,,,,,,,,,,,,,,,
43,D,participants_only,,,30,30,0,0,26,4,0.3707078919118459,0.2567716685052973,0.9032997989866239,0.05399634250147552,217,30,1.0,0,0.0,0.0,24.8,1488,,,,,,,,,,,,,,,,,,,,,,,,,,,
43,D,nonparticipants_only,,,10,0,10,0,0,0,0.1814995450152835,0.16441414545958244,0.34229007860501315,0.0019807481015842354,0,0,0.0,0,0.0,0.0,50.0,0,,,,,,,,,,,,,,,,,,,,,,,,,,,
43,D,step_totals,,,,,,,,,,,,,,,,,,,,,78.40000000000008,14.0,0.1785714285714284,,,54.0,0.688775510204081,0.0,0.0,0.009722104646997624,0.09259259259259259,0.0,0,5,19,21,28,,54,33,4.400000000000001,0.056122448979591795,6.000000000000003,0.07653061224489792,22,30,40
44,D,all_agents,,,40,30,10,0,26,4,0.3254463605459922,0.23046140899867082,0.9071678070271589,0.048612076843062624,220,30,0.75,0,0.0,0.0,31.3,1527,,,,,,,,,,,,,,,,,,,,,,,,,,,
44,D,participants_only,,,30,30,0,0,26,4,0.3732198979446189,0.2566613976622776,0.9071678070271589,0.0550517320951959,220,30,1.0,0,0.0,0.0,25.066666666666666,1527,,,,,,,,,,,,,,,,,,,,,,,,,,,
44,D,nonparticipants_only,,,10,0,10,0,0,0,0.1821257483501118,0.16809194518139306,0.3405786282119881,0.0019053805797268806,0,0,0.0,0,0.0,0.0,50.0,0,,,,,,,,,,,,,,,,,,,,,,,,,,,
44,D,step_totals,,,,,,,,,,,,,,,,,,,,,71.90000000000006,14.5,0.20166898470097339,,,46.0,0.6397774687065363,0.0,0.0,0.009637350899402899,0.06521739130434782,0.0,0,3,12,50,29,,46,30,5.400000000000002,0.07510431154381081,6.000000000000003,0.08344923504867868,27,30,35
45,D,all_agents,,,40,30,10,0,25,5,0.3277601246469054,0.2309619566757522,0.9108810947460726,0.04975484961117839,225,30,0.75,0,0.0,0.0,31.1,1571,,,,,,,,,,,,,,,,,,,,,,,,,,,
45,D,participants_only,,,30,30,0,0,25,5,0.3760975281129055,0.25653577680246326,0.9108810947460726,0.05638306277162629,225,30,1.0,0,0.0,0.0,24.8,1571,,,,,,,,,,,,,,,,,,,,,,,,,,,
45,D,nonparticipants_only,,,10,0,10,0,0,0,0.18274791424890527,0.1693565005246649,0.33887573507092816,0.0018321552438162123,0,0,0.0,0,0.0,0.0,50.0,0,,,,,,,,,,,,,,,,,,,,,,,,,,,
45,D,step_totals,,,,,,,,,,,,,,,,,,,,,76.70000000000007,12.5,0.16297262059973908,,,54.0,0.7040417209908728,0.0,0.0,0.009680634514604202,0.09259259259259259,0.0,0,5,20,19,25,,54,31,4.200000000000001,0.05475880052151235,6.000000000000003,0.0782268578878748,21,30,38
46,D,all_agents,,,40,30,10,0,25,5,0.32968395825058583,0.2303990670083665,0.9117722837986119,0.050650888080100036,230,30,0.75,0,0.0,0.0,31.3,1610,,,,,,,,,,,,,,,,,,,,,,,,,,,
46,D,participants_only,,,30,30,0,0,25,5,0.3784565570426187,0.2587354506717753,0.9117722837986119,0.05743253113381633,230,30,1.0,0,0.0,0.0,25.066666666666666,1610,,,,,,,,,,,,,,,,,,,,,,,,,,,
46,D,nonparticipants_only,,,10,0,10,0,0,0,0.18336616187448723,0.16921440148128855,0.3371813563955735,0.0017607622038079127,0,0,0.0,0,0.0,0.0,50.0,0,,,,,,,,,,,,,,,,,,,,,,,,,,,
46,D,step_totals,,,,,,,,,,,,,,,,,,,,,71.90000000000008,14.5,0.20166898470097336,,,46.0,0.6397774687065362,0.0,0.0,0.00927337853021196,0.10869565217391304,0.0,0,5,13,50,29,,46,30,5.400000000000002,0.0751043115438108,6.000000000000003,0.08344923504867867,27,30,35
47,D,all_agents,,,40,30,10,0,25,5,0.33175685386875114,0.23039381550900673,0.9153013924466674,0.05168112361116003,232,30,0.75,0,0.0,0.0,31.1,1651,,,,,,,,,,,,,,,,,,,,,,,,,,,
47,D,participants_only,,,30,30,0,0,25,5,0.3810158751135325,0.25804812506589064,0.9153013924466674,0.05863775671091469,232,30,1.0,0,0.0,0.0,24.8,1651,,,,,,,,,,,,,,,,,,,,,,,,,,,
47,D,nonparticipants_only,,,10,0,10,0,0,0,0.18397979013440716,0.1691460124408134,0.3354954496135956,0.001693810223970223,0,0,0.0,0,0.0,0.0,50.0,0,,,,,,,,,,,,,,,,,,,,,,,,,,,
47,D,step_totals,,,,,,,,,,,,,,,,,,,,,76.70000000000007,12.5,0.16297262059973908,,,54.0,0.7040417209908728,0.0,0.0,0.00894487609222718,0.037037037037037035,0.0,0,2,20,19,25,,54,31,4.200000000000001,0.05475880052151235,6.000000000000003,0.0782268578878748,21,30,38
48,D,all_agents,,,40,30,10,0,25,5,0.3336549246600865,0.23318346541830282,0.9186893367488007,0.052571338320440114,236,30,0.75,0,0.0,0.0,31.3,1692,,,,,,,,,,,,,,,,,,,,,,,,,,,
48,D,participants_only,,,30,30,0,0,25,5,0.38334361204071765,0.2590086251835141,0.9186893367488007,0.05967555142700588,236,30,1.0,0,0.0,0.0,25.066666666666666,1692,,,,,,,,,,,,,,,,,,,,,,,,,,,
48,D,nonparticipants_only,,,10,0,10,0,0,0,0.1845888625181932,0.1719058805203162,0.3338179723655276,0.0016311111574217345,0,0,0.0,0,0.0,0.0,50.0,0,,,,,,,,,,,,,,,,,,,,,,,,,,,
48,D,step_totals,,,,,,,,,,,,,,,,,,,,,71.70000000000006,14.5,0.20223152022315186,,,46.0,0.6415620641562059,0.0,0.0,0.009233171812190967,0.08695652173913043,0.0,0,4,14,49,29,,46,31,5.200000000000002,0.07252440725244069,6.000000000000003,0.0836820083682008,26,30,35
49,D,all_agents,,,40,30,10,0,24,6,0.3357604245169866,0.23463355700168176,0.9219417632788487,0.05360935033376735,239,30,0.75,0,0.0,0.0,31.1,1736,,,,,,,,,,,,,,,,,,,,,,,,,,,
49,D,participants_only,,,30,30,0,0,24,6,0.3859491265800481,0.25836539586442603,0.9219417632788487,0.060880416847576765,239,30,1.0,0,0.0,0.0,24.8,1736,,,,,,,,,,,,,,,,,,,,,,,,,,,
49,D,nonparticipants_only,,,10,0,10,0,0,0,0.18519431832780217,0.173758076548583,0.3321488825037,0.001569281015042068,0,0,0.0,0,0.0,0.0,50.0,0,,,,,,,,,,,,,,,,,,,,,,,,,,,
49,D,step_totals,,,,,,,,,,,,,,,,,,,,,75.20000000000007,11.0,0.14627659574468072,,,54.0,0.7180851063829781,0.0,0.0,0.009287074300003705,0.05555555555555555,0.0,0,3,20,19,22,,54,29,4.200000000000001,0.0558510638297872,6.000000000000003,0.07978723404255315,21,30,36
50,D,all_agents,,,40,30,10,0,24,6,0.3375723723507553,0.23398897340912028,0.9250640927476947,0.05443946533909878,245,30,0.75,0,0.0,0.0,31.3,1777,,,,,,,,,,,,,,,,,,,,,,,,,,,
50,D,participants_only,,,30,30,0,0,24,6,0.3881643446156318,0.2580399293728025,0.9250640927476947,0.06184532862404254,245,30,1.0,0,0.0,0.0,25.066666666666666,1777,,,,,,,,,,,,,,,,,,,,,,,,,,,
50,D,nonparticipants_only,,,10,0,10,0,0,0,0.18579645555612584,0.17430974252267933,0.3304881380911815,0.0015073035924671166,0,0,0.0,0,0.0,0.0,50.0,0,,,,,,,,,,,,,,,,,,,,,,,,,,,
50,D,step_totals,,,,,,,,,,,,,,,,,,,,,71.70000000000007,14.5,0.2022315202231518,,,46.0,0.6415620641562058,0.0,0.0,0.008967829116720146,0.13043478260869565,0.0,0,6,14,49,29,,46,31,5.200000000000002,0.07252440725244068,6.000000000000003,0.08368200836820079,26,30,36
50,D,reachability,0.25,0.0,,,,,,,,,,,,,,,,,,,,,,,,,,,,,,,,,,,,,,,,,,,,,
51,D,all_agents,,,40,30,10,0,24,6,0.33951861372367814,0.23315254417305814,0.9280615290377869,0.055506342351936716,250,30,0.75,0,0.0,0.0,31.1,1822,,,,,,,,,,,,,,,,,,,,,,,,,,,
51,D,participants_only,,,30,30,0,0,24,6,0.3905602725537961,0.2567497297259385,0.9280615290377869,0.06310370549558701,250,30,1.0,0,0.0,0.0,24.8,1822,,,,,,,,,,,,,,,,,,,,,,,,,,,
51,D,nonparticipants_only,,,10,0,10,0,0,0,0.18639363723332417,0.1740723563743388,0.3288356974007256,0.00145124168742391,0,0,0.0,0,0.0,0.0,50.0,0,,,,,,,,,,,,,,,,,,,,,,,,,,,
51,D,step_totals,,,,,,,,,,,,,,,,,,,,,74.70000000000006,10.5,0.14056224899598382,,,54.0,0.7228915662650597,0.0,0.0,0.008871341528016274,0.09259259259259259,0.0,0,5,20,18,21,,54,27,4.200000000000001,0.056224899598393545,6.000000000000003,0.08032128514056222,21,30,33
52,D,all_agents,,,40,30,10,0,24,6,0.3412934004625924,0.23254051427628408,0.9309390678762755,0.05632710302665383,257,30,0.75,0,0.0,0.0,31.3,1864,,,,,,,,,,,,,,,,,,,,,,,,,,,
52,D,participants_only,,,30,30,0,0,24,6,0.3927288039653577,0.25851045010717555,0.9309390678762755,0.06405497399239654,257,30,1.0,0,0.0,0.0,25.066666666666666,1864,,,,,,,,,,,,,,,,,,,,,,,,,,,
52,D,nonparticipants_only,,,10,0,10,0,0,0,0.18698718995429628,0.17405562083030754,0.32719151891372195,0.0013962813275182186,0,0,0.0,0,0.0,0.0,50.0,0,,,,,,,,,,,,,,,,,,,,,,,,,,,
52,D,step_totals,,,,,,,,,,,,,,,,,,,,,71.50000000000007,14.5,0.2027972027972026,,,46.0,0.6433566433566427,0.0,0.0,0.008891009082946695,0.15217391304347827,0.0,0,7,15,49,29,,46,31,5.000000000000002,0.06993006993006988,6.000000000000003,0.08391608391608386,25,30,36
53,D,all_agents,,,40,30,10,0,24,6,0.3432690613115484,0.2320150526708166,0.9337015051612244,0.057380624040134706,263,30,0.75,0,0.0,0.0,31.1,1911,,,,,,,,,,,,,,,,,,,,,,,,,,,
53,D,participants_only,,,30,30,0,0,24,6,0.3951665800590329,0.2583360621112513,0.9337015051612244,0.06528585351204787,263,30,1.0,0,0.0,0.0,24.8,1911,,,,,,,,,,,,,,,,,,,,,,,,,,,
53,D,nonparticipants_only,,,10,0,10,0,0,0,0.1875765050690948,0.1751847317965019,0.3255555613191533,0.0013447061986491414,0,0,0.0,0,0.0,0.0,50.0,0,,,,,,,,,,,,,,,,,,,,,,,,,,,
53,D,step_totals,,,,,,,,,,,,,,,,,,,,,74.70000000000007,10.5,0.1405622489959838,,,54.0,0.7228915662650596,0.0,0.0,0.008983814785977026,0.1111111111111111,0.0,0,6,20,18,21,,54,27,4.200000000000001,0.05622489959839353,6.000000000000003,0.0803212851405622,21,30,33
54,D,all_agents,,,40,30,10,0,24,6,0.3449071007659408,0.23338267951040015,0.9363534449547755,0.058036283274005486,267,30,0.75,0,0.0,0.0,31.3,1949,,,,,,,,,,,,,,,,,,,,,,,,,,,
54,D,participants_only,,,30,30,0,0,24,6,0.39715542265975773,0.2590663384926777,0.9363534449547755,0.0660306572723647,267,30,1.0,0,0.0,0.0,25.066666666666666,1949,,,,,,,,,,,,,,,,,,,,,,,,,,,
54,D,nonparticipants_only,,,10,0,10,0,0,0,0.18816213508449006,0.17780241526899987,0.3239277835125575,0.0012945155902889364,0,0,0.0,0,0.0,0.0,50.0,0,,,,,,,,,,,,,,,,,,,,,,,,,,,
54,D,step_totals,,,,,,,,,,,,,,,,,,,,,71.50000000000007,14.5,0.2027972027972026,,,46.0,0.6433566433566427,0.0,0.0,0.008455571404265625,0.08695652173913043,0.0,0,4,15,49,29,,46,30,5.000000000000002,0.06993006993006988,6.000000000000003,0.08391608391608386,25,30,35
55,D,all_agents,,,40,30,10,0,24,6,0.3466339374938269,0.23511868357035906,0.9388993071565844,0.05900009479707556,275,30,0.75,0,0.0,0.0,31.1,1993,,,,,,,,,,,,,,,,,,,,,,,,,,,
55,D,participants_only,,,30,30,0,0,24,6,0.399263866776065,0.25785805022395114,0.9388993071565844,0.06717195801298803,275,30,1.0,0,0.0,0.0,24.8,1993,,,,,,,,,,,,,,,,,,,,,,,,,,,
55,D,nonparticipants_only,,,10,0,10,0,0,0,0.1887441496471126,0.17905797101477405,0.32230814459499474,0.0012455916742975773,0,0,0.0,0,0.0,0.0,50.0,0,,,,,,,,,,,,,,,,,,,,,,,,,,,
55,D,step_totals,,,,,,,,,,,,,,,,,,,,,74.70000000000006,10.5,0.14056224899598382,,,54.0,0.7228915662650597,0.0,0.0,0.008201995481284025,0.14814814814814814,0.0,0,8,20,18,21,,54,27,4.200000000000001,0.056224899598393545,6.000000000000003,0.08032128514056222,21,30,33
56,D,all_agents,,,40,30,10,0,24,6,0.348108167460507,0.23523150271764862,0.9413433348703211,0.059677445375411364,281,30,0.75,0,0.0,0.0,31.3,2032,,,,,,,,,,,,,,,,,,,,,,,,,,,
56,D,participants_only,,,30,30,0,0,24,6,0.4010368672637063,0.2579572133696455,0.9413433348703211,0.06796422345286766,281,30,1.0,0,0.0,0.0,25.066666666666666,2032,,,,,,,,,,,,,,,,,,,,,,,,,,,
56,D,nonparticipants_only,,,10,0,10,0,0,0,0.18932206805090915,0.17879473502133647,0.32069660387201976,0.0011997439887562237,0,0,0.0,0,0.0,0.0,50.0,0,,,,,,,,,,,,,,,,,,,,,,,,,,,
56,D,step_totals,,,,,,,,,,,,,,,,,,,,,70.50000000000007,13.5,0.19148936170212746,,,46.0,0.6524822695035455,0.0,0.0,0.008077547004057781,0.13043478260869565,0.0,0,6,15,48,27,,46,29,5.000000000000002,0.07092198581560279,6.000000000000003,0.08510638297872336,25,30,34
57,D,all_agents,,,40,30,10,0,24,6,0.3499886709744762,0.2346120244939425,0.9436896014755082,0.06064674956763833,288,30,0.75,0,0.0,0.0,31.1,2079,,,,,,,,,,,,,,,,,,,,,,,,,,,
57,D,participants_only,,,30,30,0,0,24,6,0.40335287831613365,0.2566674273027973,0.9436896014755082,0.06908592579376777,288,30,1.0,0,0.0,0.0,24.8,2079,,,,,,,,,,,,,,,,,,,,,,,,,,,
57,D,nonparticipants_only,,,10,0,10,0,0,0,0.18989604894950404,0.1787948989144223,0.3190931208526597,0.0011563573868092212,0,0,0.0,0,0.0,0.0,50.0,0,,,,,,,,,,,,,,,,,,,,,,,,,,,
57,D,step_totals,,,,,,,,,,,,,,,,,,,,,74.70000000000007,10.5,0.1405622489959838,,,54.0,0.7228915662650596,0.0,0.0,0.00870974023336478,0.12962962962962962,0.0,0,7,20,17,21,,54,26,4.200000000000001,0.05622489959839353,6.000000000000003,0.0803212851405622,21,30,32
58,D,all_agents,,,40,30,10,0,24,6,0.3512717960089601,0.23419514343514974,0.9459420174164879,0.061295880334303186,294,30,0.75,0,0.0,0.0,31.3,2118,,,,,,,,,,,,,,,,,,,,,,,,,,,
58,D,participants_only,,,30,30,0,0,24,6,0.4048735650826786,0.2555089396959547,0.9459420174164879,0.06986386144058405,294,30,1.0,0,0.0,0.0,25.066666666666666,2118,,,,,,,,,,,,,,,,,,,,,,,,,,,
58,D,nonparticipants_only,,,10,0,10,0,0,0,0.19046648878780476,0.17989052948859124,0.31749765524839635,0.0011141412414737272,0,0,0.0,0,0.0,0.0,50.0,0,,,,,,,,,,,,,,,,,,,,,,,,,,,
58,D,step_totals,,,,,,,,,,,,,,,,,,,,,70.30000000000007,13.5,0.19203413940256026,,,46.0,0.6543385490753906,0.0,0.0,0.007472062652098901,0.13043478260869565,0.0,0,6,15,48,27,,46,29,4.800000000000002,0.06827880512091034,6.000000000000003,0.08534850640113793,24,30,33
59,D,all_agents,,,40,30,10,0,24,6,0.3527477512697172,0.23322053501974654,0.9481043367198283,0.06219183719576789,304,30,0.75,0,0.0,0.0,31.1,2161,,,,,,,,,,,,,,,,,,,,,,,,,,,
59,D,participants_only,,,30,30,0,0,24,6,0.4066526256279255,0.2550822685511264,0.9481043367198283,0.07094148279572621,304,30,1.0,0,0.0,0.0,24.8,2161,,,,,,,,,,,,,,,,,,,,,,,,,,,
59,D,nonparticipants_only,,,10,0,10,0,0,0,0.1910331281950923,0.1824305934254708,0.31591016697215435,0.0010740746410022655,0,0,0.0,0,0.0,0.0,50.0,0,,,,,,,,,,,,,,,,,,,,,,,,,,,
59,D,step_totals,,,,,,,,,,,,,,,,,,,,,74.70000000000007,10.5,0.1405622489959838,,,54.0,0.7228915662650596,0.0,0.0,0.007422161589715931,0.18518518518518517,0.0,0,10,20,17,21,,54,25,4.200000000000001,0.05622489959839353,6.000000000000003,0.0803212851405622,21,30,31
60,D,all_agents,,,40,30,10,0,24,6,0.3542901348400721,0.2327918275078395,0.9501801632510352,0.06287743700558907,309,30,0.75,0,0.0,0.0,31.3,2205,,,,,,,,,,,,,,,,,,,,,,,,,,,
60,D,participants_only,,,30,30,0,0,24,6,0.4085215040561932,0.2538068572083708,0.9501801632510352,0.07172710314812654,309,30,1.0,0,0.0,0.0,25.066666666666666,2205,,,,,,,,,,,,,,,,,,,,,,,,,,,
60,D,nonparticipants_only,,,10,0,10,0,0,0,0.19159602719170907,0.18345699594825518,0.3143306161372936,0.001035941693313762,0,0,0.0,0,0.0,0.0,50.0,0,,,,,,,,,,,,,,,,,,,,,,,,,,,
60,D,step_totals,,,,,,,,,,,,,,,,,,,,,70.30000000000007,13.5,0.19203413940256026,,,46.0,0.6543385490753906,0.0,0.0,0.008373878455380122,0.10869565217391304,0.0,0,5,15,48,27,,46,28,4.800000000000002,0.06827880512091034,6.000000000000003,0.08534850640113793,24,30,33
60,D,reachability,0.25,0.0,,,,,,,,,,,,,,,,,,,,,,,,,,,,,,,,,,,,,,,,,,,,,
61,D,all_agents,,,40,30,10,0,24,6,0.3560844386168476,0.23238490165861017,0.9521729567209938,0.0638364226364867,319,30,0.75,0,0.0,0.0,31.1,2254,,,,,,,,,,,,,,,,,,,,,,,,,,,
61,D,participants_only,,,30,30,0,0,24,6,0.41072751747631814,0.2536324489287346,0.9521729567209938,0.07283849821789048,319,30,1.0,0,0.0,0.0,24.8,2254,,,,,,,,,,,,,,,,,,,,,,,,,,,
61,D,nonparticipants_only,,,10,0,10,0,0,0,0.19215520203843572,0.18293696814938593,0.3127589630566071,0.0009998030853674517,0,0,0.0,0,0.0,0.0,50.0,0,,,,,,,,,,,,,,,,,,,,,,,,,,,
61,D,step_totals,,,,,,,,,,,,,,,,,,,,,74.00000000000006,10.0,0.13513513513513503,,,54.0,0.7297297297297292,0.0,0.0,0.008561075053051771,0.18518518518518517,0.0,0,10,21,17,20,,54,26,4.000000000000001,0.05405405405405402,6.000000000000003,0.08108108108108106,20,30,31
62,D,all_agents,,,40,30,10,0,24,6,0.35735158345772,0.23452202365800584,0.954086038452154,0.06444220115493113,327,30,0.75,0,0.0,0.0,31.3,2295,,,,,,,,,,,,,,,,,,,,,,,,,,,
62,D,participants_only,,,30,30,0,0,24,6,0.41223177695143887,0.2523642866840909,0.954086038452154,0.07355411112724156,327,30,1.0,0,0.0,0.0,25.066666666666666,2295,,,,,,,,,,,,,,,,,,,,,,,,,,,
62,D,nonparticipants_only,,,10,0,10,0,0,0,0.19271100297656335,0.18271810805698419,0.3111951682413241,0.0009644435831035372,0,0,0.0,0,0.0,0.0,50.0,0,,,,,,,,,,,,,,,,,,,,,,,,,,,
62,D,step_totals,,,,,,,,,,,,,,,,,,,,,70.30000000000008,13.5,0.19203413940256023,,,46.0,0.6543385490753905,0.0,0.0,0.007458930151278991,0.17391304347826086,0.0,0,8,15,48,27,,46,28,4.800000000000002,0.06827880512091032,6.000000000000003,0.08534850640113792,24,30,32
63,D,all_agents,,,40,30,10,0,23,7,0.3588518079582452,0.2337583962221221,0.9559225969140679,0.06532407784024681,334,30,0.75,0,0.0,0.0,31.1,2341,,,,,,,,,,,,,,,,,,,,,,,,,,,
63,D,participants_only,,,30,30,0,0,23,7,0.41404823203212715,0.25366807074536923,0.9559225969140679,0.07460113998896058,334,30,1.0,0,0.0,0.0,24.8,2341,,,,,,,,,,,,,,,,,,,,,,,,,,,
63,D,nonparticipants_only,,,10,0,10,0,0,0,0.19326253573659932,0.1824766797116586,0.30963919240011745,0.0009331486275797553,0,0,0.0,0,0.0,0.0,50.0,0,,,,,,,,,,,,,,,,,,,,,,,,,,,
63,D,step_totals,,,,,,,,,,,,,,,,,,,,,74.00000000000007,10.0,0.135135135135135,,,54.0,0.729729729729729,0.0,0.0,0.007619670601391741,0.12962962962962962,0.0,0,7,21,17,20,,54,26,4.000000000000001,0.054054054054054015,6.000000000000003,0.08108108108108104,20,30,31
64,D,all_agents,,,40,30,10,0,22,8,0.3602865830462913,0.23398560018325687,0.9576856930375052,0.06590179346829747,340,30,0.75,0,0.0,0.0,31.3,2384,,,,,,,,,,,,,,,,,,,,,,,,,,,
64,D,participants_only,,,30,30,0,0,22,8,0.4157785054430439,0.25239973039164243,0.9576856930375052,0.07525087791217074,340,30,1.0,0,0.0,0.0,25.066666666666666,2384,,,,,,,,,,,,,,,,,,,,,,,,,,,
64,D,nonparticipants_only,,,10,0,10,0,0,0,0.19381081585603352,0.18353450693948564,0.3080909964381169,0.000902298721231121,0,0,0.0,0,0.0,0.0,50.0,0,,,,,,,,,,,,,,,,,,,,,,,,,,,
64,D,step_totals,,,,,,,,,,,,,,,,,,,,,70.30000000000007,13.5,0.19203413940256026,,,46.0,0.6543385490753906,0.0,0.0,0.008049844775432939,0.13043478260869565,0.0,0,6,15,48,27,,46,28,4.800000000000002,0.06827880512091034,6.000000000000003,0.08534850640113793,24,30,32
65,D,all_agents,,,40,30,10,0,23,7,0.36188288475523595,0.2333836621286658,0.959378265316005,0.06684490654159524,350,30,0.75,0,0.0,0.0,31.1,2434,,,,,,,,,,,,,,,,,,,,,,,,,,,
65,D,participants_only,,,30,30,0,0,23,7,0.4177252711495968,0.25247175894856005,0.959378265316005,0.07636226569656236,350,30,1.0,0,0.0,0.0,24.8,2434,,,,,,,,,,,,,,,,,,,,,,,,,,,
65,D,nonparticipants_only,,,10,0,10,0,0,0,0.19435572557215355,0.1857115938075019,0.3065505414559263,0.0008723636580887756,0,0,0.0,0,0.0,0.0,50.0,0,,,,,,,,,,,,,,,,,,,,,,,,,,,
65,D,step_totals,,,,,,,,,,,,,,,,,,,,,73.30000000000007,9.5,0.12960436562073657,,,54.0,0.7366984993178711,0.0,0.0,0.008040694497362395,0.18518518518518517,0.0,0,10,22,16,19,,54,25,3.800000000000001,0.05184174624829465,6.000000000000003,0.08185538881309683,19,30,30
66,D,all_agents,,,40,30,10,0,22,8,0.3631431763738676,0.23363677213950168,0.9610031347033648,0.06741855443454949,359,30,0.75,0,0.0,0.0,31.3,2477,,,,,,,,,,,,,,,,,,,,,,,,,,,
66,D,participants_only,,,30,30,0,0,22,8,0.4192252271638029,0.2512094001538172,0.9610031347033648,0.07702919109601028,359,30,1.0,0,0.0,0.0,25.066666666666666,2477,,,,,,,,,,,,,,,,,,,,,,,,,,,
66,D,nonparticipants_only,,,10,0,10,0,0,0,0.19489702400406186,0.18576867579602915,0.30501778874864666,0.0008442874005085454,0,0,0.0,0,0.0,0.0,50.0,0,,,,,,,,,,,,,,,,,,,,,,,,,,,
66,D,step_totals,,,,,,,,,,,,,,,,,,,,,70.30000000000007,13.5,0.19203413940256026,,,46.0,0.6543385490753906,0.0,0.0,0.0074754215193051626,0.1956521739130435,0.0,0,9,15,48,27,,46,29,4.800000000000002,0.06827880512091034,6.000000000000003,0.08534850640113793,24,30,31
67,D,all_agents,,,40,30,10,0,22,8,0.3646589552067045,0.2327996700285901,0.9625630093152302,0.06833945902164172,371,30,0.75,0,0.0,0.0,31.1,2527,,,,,,,,,,,,,,,,,,,,,,,,,,,
67,D,participants_only,,,30,30,0,0,22,8,0.4210669737901802,0.2519969269910263,0.9625630093152302,0.07811933529958207,371,30,1.0,0,0.0,0.0,24.8,2527,,,,,,,,,,,,,,,,,,,,,,,,,,,
67,D,nonparticipants_only,,,10,0,10,0,0,0,0.1954348994562773,0.18600230683528712,0.3034926998049034,0.0008174554616557745,0,0,0.0,0,0.0,0.0,50.0,0,,,,,,,,,,,,,,,,,,,,,,,,,,,
67,D,step_totals,,,,,,,,,,,,,,,,,,,,,73.10000000000007,9.5,0.12995896032831725,,,54.0,0.7387140902872771,0.0,0.0,0.007811973604623164,0.2222222222222222,0.0,0,12,22,15,19,,54,23,3.600000000000001,0.04924760601915182,6.000000000000003,0.08207934336525304,18,30,30
68,D,all_agents,,,40,30,10,0,22,8,0.36575676366476595,0.23309551322796493,0.964060488942621,0.06881513204078003,381,30,0.75,0,0.0,0.0,31.3,2568,,,,,,,,,,,,,,,,,,,,,,,,,,,
68,D,participants_only,,,30,30,0,0,22,8,0.42235264201197587,0.2507369423560712,0.964060488942621,0.07867687779312944,381,30,1.0,0,0.0,0.0,25.066666666666666,2568,,,,,,,,,,,,,,,,,,,,,,,,,,,
68,D,nonparticipants_only,,,10,0,10,0,0,0,0.19596912862313615,0.18549503532026734,0.30197523630587886,0.0007927734330256234,0,0,0.0,0,0.0,0.0,50.0,0,,,,,,,,,,,,,,,,,,,,,,,,,,,
68,D,step_totals,,,,,,,,,,,,,,,,,,,,,69.10000000000007,12.5,0.18089725036179433,,,46.0,0.6657018813314032,0.0,0.0,0.007091758535964648,0.21739130434782608,0.0,0,10,16,46,25,,46,28,4.600000000000001,0.06657018813314033,6.000000000000003,0.08683068017366131,23,30,30
69,D,all_agents,,,40,30,10,0,22,8,0.3669854899911579,0.23340419790959072,0.9654980693849161,0.06962476063435931,382,30,0.75,0,0.0,0.0,31.1,2614,,,,,,,,,,,,,,,,,,,,,,,,,,,
69,D,participants_only,,,30,30,0,0,22,8,0.42381392396191414,0.25153403223244364,0.9654980693849161,0.07965895256400546,382,30,1.0,0,0.0,0.0,24.8,2614,,,,,,,,,,,,,,,,,,,,,,,,,,,
69,D,nonparticipants_only,,,10,0,10,0,0,0,0.1965001880788891,0.18544136452709165,0.3004653601243495,0.000768533954597607,0,0,0.0,0,0.0,0.0,50.0,0,,,,,,,,,,,,,,,,,,,,,,,,,,,
69,D,step_totals,,,,,,,,,,,,,,,,,,,,,73.10000000000007,9.5,0.12995896032831725,,,54.0,0.7387140902872771,0.0,0.0,0.006879836199833056,0.018518518518518517,0.0,0,1,22,15,19,,54,24,3.600000000000001,0.04924760601915182,6.000000000000003,0.08207934336525304,18,30,30
70,D,all_agents,,,40,30,10,0,22,8,0.36812639685958015,0.2332331622883483,0.9668781466095194,0.07015537932411563,387,30,0.75,0,0.0,0.0,31.3,2657,,,,,,,,,,,,,,,,,,,,,,,,,,,
70,D,participants_only,,,30,30,0,0,22,8,0.4251590844940394,0.25027636207128146,0.9668781466095194,0.08028163426015607,387,30,1.0,0,0.0,0.0,25.066666666666666,2657,,,,,,,,,,,,,,,,,,,,,,,,,,,
70,D,nonparticipants_only,,,10,0,10,0,0,0,0.19702833395620264,0.1871138050740976,0.29896303332372776,0.000743885010276777,0,0,0.0,0,0.0,0.0,50.0,0,,,,,,,,,,,,,,,,,,,,,,,,,,,
70,D,step_totals,,,,,,,,,,,,,,,,,,,,,69.10000000000007,12.5,0.18089725036179433,,,46.0,0.6657018813314032,0.0,0.0,0.007257625579419448,0.10869565217391304,0.0,0,5,16,46,25,,46,28,4.600000000000001,0.06657018813314033,6.000000000000003,0.08683068017366131,23,30,30
70,D,reachability,0.25,0.0,,,,,,,,,,,,,,,,,,,,,,,,,,,,,,,,,,,,,,,,,,,,,
71,D,all_agents,,,40,30,10,0,22,8,0.36945068991812413,0.23277874623893613,0.9682030207451386,0.07097419114501907,397,30,0.75,0,0.0,0.0,31.1,2705,,,,,,,,,,,,,,,,,,,,,,,,,,,
71,D,participants_only,,,30,30,0,0,22,8,0.42675001595951845,0.25237328964669814,0.9682030207451386,0.08125875641489304,397,30,1.0,0,0.0,0.0,24.8,2705,,,,,,,,,,,,,,,,,,,,,,,,,,,
71,D,nonparticipants_only,,,10,0,10,0,0,0,0.19755271179394124,0.18907796469726937,0.2974682181571091,0.0007219421578210518,0,0,0.0,0,0.0,0.0,50.0,0,,,,,,,,,,,,,,,,,,,,,,,,,,,
71,D,step_totals,,,,,,,,,,,,,,,,,,,,,72.40000000000006,9.0,0.12430939226519326,,,54.0,0.7458563535911595,0.0,0.0,0.007290465023683617,0.18518518518518517,0.0,0,10,23,15,18,,54,23,3.400000000000001,0.0469613259668508,6.000000000000003,0.08287292817679555,17,30,27
72,D,all_agents,,,40,30,10,0,22,8,0.37049129449541346,0.23269986711788576,0.9694748999153331,0.07144758032490028,403,30,0.75,0,0.0,0.0,31.3,2747,,,,,,,,,,,,,,,,,,,,,,,,,,,
72,D,participants_only,,,30,30,0,0,22,8,0.42796367979848077,0.2511114231984646,0.9694748999153331,0.08181786794288312,403,30,1.0,0,0.0,0.0,25.066666666666666,2747,,,,,,,,,,,,,,,,,,,,,,,,,,,
72,D,nonparticipants_only,,,10,0,10,0,0,0,0.19807413858621153,0.18926573007805947,0.2959808770663236,0.0006998166018610233,0,0,0.0,0,0.0,0.0,50.0,0,,,,,,,,,,,,,,,,,,,,,,,,,,,
72,D,step_totals,,,,,,,,,,,,,,,,,,,,,69.10000000000008,12.5,0.1808972503617943,,,46.0,0.665701881331403,0.0,0.0,0.006924736805672245,0.13043478260869565,0.0,0,6,16,46,25,,46,28,4.600000000000001,0.06657018813314032,6.000000000000003,0.0868306801736613,23,30,30
73,D,all_agents,,,40,30,10,0,22,8,0.371973639319093,0.23260986475457873,0.9706959039187197,0.07234643057586913,414,30,0.75,0,0.0,0.0,31.1,2800,,,,,,,,,,,,,,,,,,,,,,,,,,,
73,D,participants_only,,,30,30,0,0,22,8,0.42976737346154487,0.2521456932266367,0.9706959039187197,0.08287536205677658,414,30,1.0,0,0.0,0.0,24.8,2800,,,,,,,,,,,,,,,,,,,,,,,,,,,
73,D,nonparticipants_only,,,10,0,10,0,0,0,0.19859243689173742,0.18941065451884215,0.29450097268099196,0.0006782476596059651,0,0,0.0,0,0.0,0.0,50.0,0,,,,,,,,,,,,,,,,,,,,,,,,,,,
73,D,step_totals,,,,,,,,,,,,,,,,,,,,,72.40000000000006,9.0,0.12430939226519326,,,54.0,0.7458563535911595,0.0,0.0,0.007825125168945153,0.2037037037037037,0.0,0,11,23,15,18,,54,22,3.400000000000001,0.0469613259668508,6.000000000000003,0.08287292817679555,17,30,27
74,D,all_agents,,,40,30,10,0,22,8,0.37301104580252287,0.2320419951233233,0.971868067761971,0.07282030385828808,423,30,0.75,0,0.0,0.0,31.3,2843,,,,,,,,,,,,,,,,,,,,,,,,,,,
74,D,participants_only,,,30,30,0,0,22,8,0.4309789398586362,0.2508849647605035,0.971868067761971,0.08343324103801002,423,30,1.0,0,0.0,0.0,25.066666666666666,2843,,,,,,,,,,,,,,,,,,,,,,,,,,,
74,D,nonparticipants_only,,,10,0,10,0,0,0,0.19910736363418266,0.18942186655815996,0.293028467817587,0.0006581714235128485,0,0,0.0,0,0.0,0.0,50.0,0,,,,,,,,,,,,,,,,,,,,,,,,,,,
74,D,step_totals,,,,,,,,,,,,,,,,,,,,,69.10000000000007,12.5,0.18089725036179433,,,46.0,0.6657018813314032,0.0,0.0,0.0069328727349535465,0.1956521739130435,0.0,0,9,16,46,25,,46,28,4.600000000000001,0.06657018813314033,6.000000000000003,0.08683068017366131,23,30,30
75,D,all_agents,,,40,30,10,0,22,8,0.3742260925566278,0.23149723653844,0.9729933450514922,0.07359533341400032,429,30,0.75,0,0.0,0.0,31.1,2890,,,,,,,,,,,,,,,,,,,,,,,,,,,
75,D,participants_only,,,30,30,0,0,22,8,0.4324283904738877,0.2525854295677864,0.9729933450514922,0.0843642056343659,429,30,1.0,0,0.0,0.0,24.8,2890,,,,,,,,,,,,,,,,,,,,,,,,,,,
75,D,nonparticipants_only,,,10,0,10,0,0,0,0.19961919880484824,0.18992125471577448,0.29156332547849906,0.000638626958709936,0,0,0.0,0,0.0,0.0,50.0,0,,,,,,,,,,,,,,,,,,,,,,,,,,,
75,D,step_totals,,,,,,,,,,,,,,,,,,,,,73.10000000000007,9.5,0.12995896032831725,,,54.0,0.7387140902872771,0.0,0.0,0.006873534667810994,0.1111111111111111,0.0,0,6,22,15,19,,54,22,3.600000000000001,0.04924760601915182,6.000000000000003,0.08207934336525304,18,30,27
76,D,all_agents,,,40,30,10,0,22,8,0.3751619839387422,0.23108359938535208,0.9740736112494325,0.07407774324875548,437,30,0.75,0,0.0,0.0,31.3,2934,,,,,,,,,,,,,,,,,,,,,,,,,,,
76,D,participants_only,,,30,30,0,0,22,8,0.433506774394336,0.25132250241994747,0.9740736112494325,0.08494692073013321,437,30,1.0,0,0.0,0.0,25.066666666666666,2934,,,,,,,,,,,,,,,,,,,,,,,,,,,
76,D,nonparticipants_only,,,10,0,10,0,0,0,0.2001276125719608,0.19135641755120134,0.2901055088511066,0.0006208359249364959,0,0,0.0,0,0.0,0.0,50.0,0,,,,,,,,,,,,,,,,,,,,,,,,,,,
76,D,step_totals,,,,,,,,,,,,,,,,,,,,,68.60000000000007,12.0,0.17492711370262373,,,46.0,0.6705539358600576,0.0,0.0,0.006658455438651934,0.17391304347826086,0.0,0,8,16,45,24,,46,27,4.600000000000001,0.06705539358600579,6.000000000000003,0.08746355685131191,23,30,30
77,D,all_agents,,,40,30,10,0,22,8,0.37628147479777035,0.2299452383953627,0.9751106667994551,0.0748308636366812,448,30,0.75,0,0.0,0.0,31.1,2982,,,,,,,,,,,,,,,,,,,,,,,,,,,
77,D,participants_only,,,30,30,0,0,22,8,0.4348309036568224,0.2511416860569302,0.9751106667994551,0.08586143323718956,448,30,1.0,0,0.0,0.0,24.8,2982,,,,,,,,,,,,,,,,,,,,,,,,,,,
77,D,nonparticipants_only,,,10,0,10,0,0,0,0.20063318822061385,0.1925464948380341,0.2886549813068511,0.0006027273985016141,0,0,0.0,0,0.0,0.0,50.0,0,,,,,,,,,,,,,,,,,,,,,,,,,,,
77,D,step_totals,,,,,,,,,,,,,,,,,,,,,72.40000000000005,9.0,0.12430939226519329,,,54.0,0.7458563535911598,0.0,0.0,0.006653497433001074,0.2037037037037037,0.0,0,11,23,15,18,,54,22,3.400000000000001,0.046961325966850806,6.000000000000003,0.08287292817679556,17,30,27
78,D,all_agents,,,40,30,10,0,22,8,0.3772510759825541,0.2293826278310238,0.9761062401274769,0.07529031466385538,453,30,0.75,0,0.0,0.0,31.3,3026,,,,,,,,,,,,,,,,,,,,,,,,,,,
78,D,participants_only,,,30,30,0,0,22,8,0.4359561259177566,0.24988597762664555,0.9761062401274769,0.086407153916532,453,30,1.0,0,0.0,0.0,25.066666666666666,3026,,,,,,,,,,,,,,,,,,,,,,,,,,,
78,D,nonparticipants_only,,,10,0,10,0,0,0,0.20113592617694653,0.1933268035759651,0.28721170640031685,0.0005844022510900716,0,0,0.0,0,0.0,0.0,50.0,0,,,,,,,,,,,,,,,,,,,,,,,,,,,
78,D,step_totals,,,,,,,,,,,,,,,,,,,,,68.60000000000007,12.0,0.17492711370262373,,,46.0,0.6705539358600576,0.0,0.0,0.006792142750103343,0.10869565217391304,0.0,0,5,16,45,24,,46,28,4.600000000000001,0.06705539358600579,6.000000000000003,0.08746355685131191,23,30,30
79,D,all_agents,,,40,30,10,0,22,8,0.3783993708073093,0.22891784041142252,0.9770619905223779,0.07609729089279789,457,30,0.75,0,0.0,0.0,31.1,3077,,,,,,,,,,,,,,,,,,,,,,,,,,,
79,D,participants_only,,,30,30,0,0,22,8,0.4373206192198603,0.2527019687642745,0.9770619905223779,0.08738731471642681,457,30,1.0,0,0.0,0.0,24.8,3077,,,,,,,,,,,,,,,,,,,,,,,,,,,
79,D,nonparticipants_only,,,10,0,10,0,0,0,0.20163562556965625,0.19319450409723213,0.2857756478683153,0.0005666572479885771,0,0,0.0,0,0.0,0.0,50.0,0,,,,,,,,,,,,,,,,,,,,,,,,,,,
79,D,step_totals,,,,,,,,,,,,,,,,,,,,,71.90000000000006,8.5,0.11821974965229474,,,54.0,0.7510431154381079,0.0,0.0,0.006822585014111814,0.07407407407407407,0.0,0,4,23,14,17,,54,22,3.400000000000001,0.047287899860917915,6.000000000000003,0.08344923504867868,17,30,27
80,D,all_agents,,,40,30,10,0,22,8,0.3792618414553692,0.22959634299625564,0.9779795109014827,0.0765272503782621,466,30,0.75,0,0.0,0.0,31.3,3121,,,,,,,,,,,,,,,,,,,,,,,,,,,
80,D,participants_only,,,30,30,0,0,22,8,0.4383050880133975,0.25143845892045313,0.9779795109014827,0.08790850366192143,466,30,1.0,0,0.0,0.0,25.066666666666666,3121,,,,,,,,,,,,,,,,,,,,,,,,,,,
80,D,nonparticipants_only,,,10,0,10,0,0,0,0.2021321017812842,0.1932658980693301,0.2843467696289737,0.0005502309579385819,0,0,0.0,0,0.0,0.0,50.0,0,,,,,,,,,,,,,,,,,,,,,,,,,,,
80,D,step_totals,,,,,,,,,,,,,,,,,,,,,68.60000000000007,12.0,0.17492711370262373,,,46.0,0.6705539358600576,0.0,0.0,0.00643279410547281,0.1956521739130435,0.0,0,9,16,45,24,,46,28,4.600000000000001,0.06705539358600579,6.000000000000003,0.08746355685131191,23,30,30
80,D,reachability,0.25,0.0,,,,,,,,,,,,,,,,,,,,,,,,,,,,,,,,,,,,,,,,,,,,,
81,D,all_agents,,,40,30,10,0,22,8,0.3803918181238931,0.22844836128127435,0.9788603304654234,0.07730523102063022,474,30,0.75,0,0.0,0.0,31.1,3172,,,,,,,,,,,,,,,,,,,,,,,,,,,
81,D,participants_only,,,30,30,0,0,22,8,0.4396473878732581,0.2514330752838223,0.9788603304654234,0.08885008086053577,474,30,1.0,0,0.0,0.0,24.8,3172,,,,,,,,,,,,,,,,,,,,,,,,,,,
81,D,nonparticipants_only,,,10,0,10,0,0,0,0.20262510887579807,0.19420586336850004,0.28292503578082884,0.0005360109450512403,0,0,0.0,0,0.0,0.0,50.0,0,,,,,,,,,,,,,,,,,,,,,,,,,,,
81,D,step_totals,,,,,,,,,,,,,,,,,,,,,71.90000000000006,8.5,0.11821974965229474,,,54.0,0.7510431154381079,0.0,0.0,0.006770404751658809,0.14814814814814814,0.0,0,8,23,14,17,,54,22,3.400000000000001,0.047287899860917915,6.000000000000003,0.08344923504867868,17,30,27
82,D,all_agents,,,40,30,10,0,22,8,0.3810847963352531,0.22730611947486798,0.9797059172468064,0.07767082904286313,476,30,0.75,0,0.0,0.0,31.3,3214,,,,,,,,,,,,,,,,,,,,,,,,,,,
82,D,participants_only,,,30,30,0,0,22,8,0.4404079263656812,0.2501759099074032,0.9797059172468064,0.0893103949760361,476,30,1.0,0,0.0,0.0,25.066666666666666,3214,,,,,,,,,,,,,,,,,,,,,,,,,,,
82,D,nonparticipants_only,,,10,0,10,0,0,0,0.2031154062439688,0.1960717940654242,0.28151041060192467,0.000521326164059217,0,0,0.0,0,0.0,0.0,50.0,0,,,,,,,,,,,,,,,,,,,,,,,,,,,
82,D,step_totals,,,,,,,,,,,,,,,,,,,,,68.60000000000007,12.0,0.17492711370262373,,,46.0,0.6705539358600576,0.0,0.0,0.005855470898895524,0.043478260869565216,0.0,0,2,16,45,24,,46,27,4.600000000000001,0.06705539358600579,6.000000000000003,0.08746355685131191,23,30,29
83,D,all_agents,,,40,30,10,0,22,8,0.3822054115914218,0.22616958887749364,0.9805176805569342,0.07848892688606775,490,30,0.75,0,0.0,0.0,31.1,3267,,,,,,,,,,,,,,,,,,,,,,,,,,,
83,D,participants_only,,,30,30,0,0,22,8,0.4417395534514824,0.2500229890569451,0.9805176805569342,0.09030589375549003,490,30,1.0,0,0.0,0.0,24.8,3267,,,,,,,,,,,,,,,,,,,,,,,,,,,
83,D,nonparticipants_only,,,10,0,10,0,0,0,0.20360298601123994,0.19602552657687694,0.28010285854891503,0.0005062577136350553,0,0,0.0,0,0.0,0.0,50.0,0,,,,,,,,,,,,,,,,,,,,,,,,,,,
83,D,step_totals,,,,,,,,,,,,,,,,,,,,,71.20000000000005,8.0,0.11235955056179768,,,54.0,0.7584269662921344,0.0,0.0,0.006830932643167846,0.25925925925925924,0.0,0,14,24,14,16,,54,21,3.2000000000000006,0.04494382022471908,6.000000000000003,0.0842696629213483,16,30,26
84,D,all_agents,,,40,30,10,0,22,8,0.38308243603140896,0.22503874093310616,0.9812969733346568,0.07890588238179712,502,30,0.75,0,0.0,0.0,31.3,3313,,,,,,,,,,,,,,,,,,,,,,,,,,,
84,D,participants_only,,,30,30,0,0,22,8,0.44274731118918387,0.24877287411166038,0.9812969733346568,0.09080458094168872,502,30,1.0,0,0.0,0.0,25.066666666666666,3313,,,,,,,,,,,,,,,,,,,,,,,,,,,
84,D,nonparticipants_only,,,10,0,10,0,0,0,0.20408781055808425,0.1967267884326434,0.27870234425617046,0.0004910187710079124,0,0,0.0,0,0.0,0.0,50.0,0,,,,,,,,,,,,,,,,,,,,,,,,,,,
84,D,step_totals,,,,,,,,,,,,,,,,,,,,,68.60000000000005,12.0,0.1749271137026238,,,46.0,0.6705539358600578,0.0,0.0,0.0065157930924562195,0.2608695652173913,0.0,0,12,16,45,24,,46,27,4.600000000000001,0.0670553935860058,6.000000000000003,0.08746355685131192,23,30,29
85,D,all_agents,,,40,30,10,0,22,8,0.38406057195779636,0.22391354722844065,0.9820450944012705,0.07966645051822437,511,30,0.75,0,0.0,0.0,31.1,3364,,,,,,,,,,,,,,,,,,,,,,,,,,,
85,D,participants_only,,,30,30,0,0,22,8,0.44389085165182396,0.248207329573156,0.9820450944012705,0.09174454315197299,511,30,1.0,0,0.0,0.0,24.8,3364,,,,,,,,,,,,,,,,,,,,,,,,,,,
85,D,nonparticipants_only,,,10,0,10,0,0,0,0.20456973287571364,0.19683899543390154,0.27730883253488964,0.00047622419779171934,0,0,0.0,0,0.0,0.0,50.0,0,,,,,,,,,,,,,,,,,,,,,,,,,,,
85,D,step_totals,,,,,,,,,,,,,,,,,,,,,71.20000000000006,8.0,0.11235955056179765,,,54.0,0.7584269662921342,0.0,0.0,0.0063612377376023165,0.16666666666666666,0.0,0,9,24,14,16,,54,21,3.2000000000000006,0.04494382022471907,6.000000000000003,0.08426966292134828,16,30,26
86,D,all_agents,,,40,30,10,0,22,8,0.38479604437246806,0.22279397949229846,0.9827632906252197,0.08001333710723087,515,30,0.75,0,0.0,0.0,31.3,3407,,,,,,,,,,,,,,,,,,,,,,,,,,,
86,D,participants_only,,,30,30,0,0,22,8,0.4447120780192161,0.2469662929252902,0.9827632906252197,0.09216978797205437,515,30,1.0,0,0.0,0.0,25.066666666666666,3407,,,,,,,,,,,,,,,,,,,,,,,,,,,
86,D,nonparticipants_only,,,10,0,10,0,0,0,0.20504794343222404,0.19707064048444406,0.27592228837221516,0.00046481145726146023,0,0,0.0,0,0.0,0.0,50.0,0,,,,,,,,,,,,,,,,,,,,,,,,,,,
86,D,step_totals,,,,,,,,,,,,,,,,,,,,,68.60000000000007,12.0,0.17492711370262373,,,46.0,0.6705539358600576,0.0,0.0,0.006033971527639717,0.08695652173913043,0.0,0,4,16,45,24,,46,27,4.600000000000001,0.06705539358600579,6.000000000000003,0.08746355685131191,23,30,29
87,D,all_agents,,,40,30,10,0,22,8,0.3857467019751715,0.22264561759300822,0.9834527590002109,0.08077536294337528,523,30,0.75,0,0.0,0.0,31.1,3458,,,,,,,,,,,,,,,,,,,,,,,,,,,
87,D,participants_only,,,30,30,0,0,22,8,0.4458211424323357,0.24798653438666754,0.9834527590002109,0.093113583183907,523,30,1.0,0,0.0,0.0,24.8,3458,,,,,,,,,,,,,,,,,,,,,,,,,,,
87,D,nonparticipants_only,,,10,0,10,0,0,0,0.2055233806036788,0.19808455789666318,0.2745426769303541,0.00045344146688369513,0,0,0.0,0,0.0,0.0,50.0,0,,,,,,,,,,,,,,,,,,,,,,,,,,,
87,D,step_totals,,,,,,,,,,,,,,,,,,,,,71.20000000000006,8.0,0.11235955056179765,,,54.0,0.7584269662921342,0.0,0.0,0.00627570686194604,0.14814814814814814,0.0,0,8,24,14,16,,54,21,3.2000000000000006,0.04494382022471907,6.000000000000003,0.08426966292134828,16,30,25
88,D,all_agents,,,40,30,10,0,22,8,0.3865058567425819,0.22212003845987033,0.9841146486402025,0.08112414397406476,529,30,0.75,0,0.0,0.0,31.3,3502,,,,,,,,,,,,,,,,,,,,,,,,,,,
88,D,participants_only,,,30,30,0,0,22,8,0.44667573449772835,0.24674660171473423,0.9841146486402025,0.09353668598748671,529,30,1.0,0,0.0,0.0,25.066666666666666,3502,,,,,,,,,,,,,,,,,,,,,,,,,,,
88,D,nonparticipants_only,,,10,0,10,0,0,0,0.2059962234771427,0.19978721027086127,0.27316996354570233,0.00044154766496772697,0,0,0.0,0,0.0,0.0,50.0,0,,,,,,,,,,,,,,,,,,,,,,,,,,,
88,D,step_totals,,,,,,,,,,,,,,,,,,,,,68.60000000000008,12.0,0.1749271137026237,,,46.0,0.6705539358600575,0.0,0.0,0.006130407258200544,0.13043478260869565,0.0,0,6,16,45,24,,46,27,4.600000000000001,0.06705539358600578,6.000000000000003,0.0874635568513119,23,30,29
89,D,all_agents,,,40,30,10,0,22,8,0.38738170551740514,0.22205066435624726,0.9847500626945944,0.08184545209355966,537,30,0.75,0,0.0,0.0,31.1,3553,,,,,,,,,,,,,,,,,,,,,,,,,,,
89,D,participants_only,,,30,30,0,0,22,8,0.44768679817439416,0.24810427750866348,0.9847500626945944,0.09443734519281734,537,30,1.0,0,0.0,0.0,24.8,3553,,,,,,,,,,,,,,,,,,,,,,,,,,,
89,D,nonparticipants_only,,,10,0,10,0,0,0,0.20646642754643824,0.1999570519350391,0.2718041137279738,0.000429322391370278,0,0,0.0,0,0.0,0.0,50.0,0,,,,,,,,,,,,,,,,,,,,,,,,,,,
89,D,step_totals,,,,,,,,,,,,,,,,,,,,,71.20000000000006,8.0,0.11235955056179765,,,54.0,0.7584269662921342,0.0,0.0,0.006032873505661216,0.14814814814814814,0.0,0,8,24,14,16,,54,21,3.2000000000000006,0.04494382022471907,6.000000000000003,0.08426966292134828,16,30,25
90,D,all_agents,,,40,30,10,0,22,8,0.38802922555011193,0.22192006170220768,0.9853600601868107,0.08216233260001791,543,30,0.75,0,0.0,0.0,31.3,3597,,,,,,,,,,,,,,,,,,,,,,,,,,,
90,D,participants_only,,,30,30,0,0,22,8,0.44839430005678754,0.24686375612112016,0.9853600601868107,0.09483506709408084,543,30,1.0,0,0.0,0.0,25.066666666666666,3597,,,,,,,,,,,,,,,,,,,,,,,,,,,
90,D,nonparticipants_only,,,10,0,10,0,0,0,0.20693400203008494,0.20008396018206798,0.27044509315933396,0.00041682247547114744,0,0,0.0,0,0.0,0.0,50.0,0,,,,,,,,,,,,,,,,,,,,,,,,,,,
90,D,step_totals,,,,,,,,,,,,,,,,,,,,,68.60000000000008,12.0,0.1749271137026237,,,46.0,0.6705539358600575,0.0,0.0,0.005752505851178509,0.13043478260869565,0.0,0,6,16,45,24,,46,27,4.600000000000001,0.06705539358600578,6.000000000000003,0.0874635568513119,23,30,29
90,D,reachability,0.25,0.0,,,,,,,,,,,,,,,,,,,,,,,,,,,,,,,,,,,,,,,,,,,,,
91,D,all_agents,,,40,30,10,0,22,8,0.38892071736048633,0.2214368208004505,0.9859456577793382,0.08289119371876853,553,30,0.75,0,0.0,0.0,31.1,3649,,,,,,,,,,,,,,,,,,,,,,,,,,,
91,D,participants_only,,,30,30,0,0,22,8,0.44942822567198193,0.24677147757681195,0.9859456577793382,0.09574135930825486,553,30,1.0,0,0.0,0.0,24.8,3649,,,,,,,,,,,,,,,,,,,,,,,,,,,
91,D,nonparticipants_only,,,10,0,10,0,0,0,0.2073981924259996,0.20024280568693723,0.2690928676935373,0.00040679420552104146,0,0,0.0,0,0.0,0.0,50.0,0,,,,,,,,,,,,,,,,,,,,,,,,,,,
91,D,step_totals,,,,,,,,,,,,,,,,,,,,,71.20000000000005,8.0,0.11235955056179768,,,54.0,0.7584269662921344,0.0,0.0,0.006092327736361611,0.18518518518518517,0.0,0,10,24,14,16,,54,21,3.2000000000000006,0.04494382022471908,6.000000000000003,0.0842696629213483,16,30,25
92,D,all_agents,,,40,30,10,0,22,8,0.38957091022386936,0.2215885942722764,0.9865078314681647,0.08318185118125113,564,30,0.75,0,0.0,0.0,31.3,3693,,,,,,,,,,,,,,,,,,,,,,,,,,,
92,D,participants_only,,,30,30,0,0,22,8,0.45014142760019715,0.2455376201889279,0.9865078314681647,0.09610131477966817,564,30,1.0,0,0.0,0.0,25.066666666666666,3693,,,,,,,,,,,,,,,,,,,,,,,,,,,
92,D,nonparticipants_only,,,10,0,10,0,0,0,0.20785935809488607,0.2006945232261505,0.26774740335506964,0.0003980094831676817,0,0,0.0,0,0.0,0.0,50.0,0,,,,,,,,,,,,,,,,,,,,,,,,,,,
92,D,step_totals,,,,,,,,,,,,,,,,,,,,,68.60000000000007,12.0,0.17492711370262373,,,46.0,0.6705539358600576,0.0,0.0,0.005774052081763919,0.2391304347826087,0.0,0,11,16,45,24,,46,27,4.600000000000001,0.06705539358600579,6.000000000000003,0.08746355685131191,23,30,29
93,D,all_agents,,,40,30,10,0,22,8,0.3904022949673589,0.22233301500492575,0.987047518209438,0.0838549566038971,571,30,0.75,0,0.0,0.0,31.1,3744,,,,,,,,,,,,,,,,,,,,,,,,,,,
93,D,participants_only,,,30,30,0,0,22,8,0.45109710416860715,0.24504621492057216,0.987047518209438,0.09694143842888742,571,30,1.0,0,0.0,0.0,24.8,3744,,,,,,,,,,,,,,,,,,,,,,,,,,,
93,D,nonparticipants_only,,,10,0,10,0,0,0,0.2083178673636141,0.20252864277860994,0.2664086663382943,0.000389192761214987,0,0,0.0,0,0.0,0.0,50.0,0,,,,,,,,,,,,,,,,,,,,,,,,,,,
93,D,step_totals,,,,,,,,,,,,,,,,,,,,,71.20000000000007,8.0,0.11235955056179764,,,54.0,0.758426966292134,0.0,0.0,0.005897189422045221,0.12962962962962962,0.0,0,7,24,14,16,,54,21,3.2000000000000006,0.044943820224719065,6.000000000000003,0.08426966292134827,16,30,25
94,D,all_agents,,,40,30,10,0,22,8,0.39108262342604233,0.22268402355083042,0.9875656174810605,0.08416570523476659,577,30,0.75,0,0.0,0.0,31.3,3788,,,,,,,,,,,,,,,,,,,,,,,,,,,
94,D,participants_only,,,30,30,0,0,22,8,0.45185221212440374,0.2438209838459693,0.9875656174810605,0.09732253265448183,577,30,1.0,0,0.0,0.0,25.066666666666666,3788,,,,,,,,,,,,,,,,,,,,,,,,,,,
94,D,nonparticipants_only,,,10,0,10,0,0,0,0.20877385733095838,0.20301803344427904,0.26507662300660284,0.00037990804880479775,0,0,0.0,0,0.0,0.0,50.0,0,,,,,,,,,,,,,,,,,,,,,,,,,,,
94,D,step_totals,,,,,,,,,,,,,,,,,,,,,68.60000000000007,12.0,0.17492711370262373,,,46.0,0.6705539358600576,0.0,0.0,0.0058920787603725655,0.13043478260869565,0.0,0,6,16,45,24,,46,27,4.600000000000001,0.06705539358600579,6.000000000000003,0.08746355685131191,23,30,29
95,D,all_agents,,,40,30,10,0,22,8,0.39187130681042154,0.22336468797977943,0.9880629927818181,0.084862793864753,584,30,0.75,0,0.0,0.0,31.1,3840,,,,,,,,,,,,,,,,,,,,,,,,,,,
95,D,participants_only,,,30,30,0,0,22,8,0.4527526326752292,0.24409516924828445,0.9880629927818181,0.09820084915328212,584,30,1.0,0,0.0,0.0,24.8,3840,,,,,,,,,,,,,,,,,,,,,,,,,,,
95,D,nonparticipants_only,,,10,0,10,0,0,0,0.20922732921599865,0.20378983114129112,0.26375123989156984,0.00037019793048289007,0,0,0.0,0,0.0,0.0,50.0,0,,,,,,,,,,,,,,,,,,,,,,,,,,,
95,D,step_totals,,,,,,,,,,,,,,,,,,,,,71.20000000000006,8.0,0.11235955056179765,,,54.0,0.7584269662921342,0.0,0.0,0.005761425795476972,0.12962962962962962,0.0,0,7,24,14,16,,54,22,3.2000000000000006,0.04494382022471907,6.000000000000003,0.08426966292134828,16,30,25
96,D,all_agents,,,40,30,10,0,22,8,0.3924662524907566,0.2238004277479857,0.9885404730705454,0.08514146477828272,588,30,0.75,0,0.0,0.0,31.3,3884,,,,,,,,,,,,,,,,,,,,,,,,,,,
96,D,participants_only,,,30,30,0,0,22,8,0.45339577081525034,0.24287469340204304,0.9885404730705454,0.09855159437616484,588,30,1.0,0,0.0,0.0,25.066666666666666,3884,,,,,,,,,,,,,,,,,,,,,,,,,,,
96,D,nonparticipants_only,,,10,0,10,0,0,0,0.20967769751727525,0.20351236328184574,0.262432483692112,0.00036220154557848347,0,0,0.0,0,0.0,0.0,50.0,0,,,,,,,,,,,,,,,,,,,,,,,,,,,
96,D,step_totals,,,,,,,,,,,,,,,,,,,,,68.60000000000007,12.0,0.17492711370262373,,,46.0,0.6705539358600576,0.0,0.0,0.005604304888891032,0.08695652173913043,0.0,0,4,16,45,24,,46,27,4.600000000000001,0.06705539358600579,6.000000000000003,0.08746355685131191,23,30,29
97,D,all_agents,,,40,30,10,0,22,8,0.3932225125125889,0.22489354989496577,0.9889988541477236,0.08582156585174164,600,30,0.75,0,0.0,0.0,31.1,3936,,,,,,,,,,,,,,,,,,,,,,,,,,,
97,D,participants_only,,,30,30,0,0,22,8,0.4542549030518633,0.244149545729983,0.9889988541477236,0.09941073113436606,600,30,1.0,0,0.0,0.0,24.8,3936,,,,,,,,,,,,,,,,,,,,,,,,,,,
97,D,nonparticipants_only,,,10,0,10,0,0,0,0.21012534089476592,0.20372146388008383,0.2611203212736514,0.0003546376646063473,0,0,0.0,0,0.0,0.0,50.0,0,,,,,,,,,,,,,,,,,,,,,,,,,,,
97,D,step_totals,,,,,,,,,,,,,,,,,,,,,71.00000000000006,8.0,0.11267605633802807,,,54.0,0.7605633802816896,0.0,0.0,0.00567470012019404,0.2222222222222222,0.0,0,12,24,14,16,,54,22,3.0000000000000004,0.042253521126760535,6.000000000000003,0.0845070422535211,15,30,25
98,D,all_agents,,,40,30,10,0,22,8,0.39374931227572313,0.22558573417318875,0.9894388999818147,0.08605904628244589,606,30,0.75,0,0.0,0.0,31.3,3979,,,,,,,,,,,,,,,,,,,,,,,,,,,
98,D,participants_only,,,30,30,0,0,22,8,0.45480905484057726,0.24292879800133305,0.9894388999818147,0.09971615938794877,606,30,1.0,0,0.0,0.0,25.066666666666666,3979,,,,,,,,,,,,,,,,,,,,,,,,,,,
98,D,nonparticipants_only,,,10,0,10,0,0,0,0.21057008458116072,0.20457170192720753,0.25981471966728314,0.0003482010209020798,0,0,0.0,0,0.0,0.0,50.0,0,,,,,,,,,,,,,,,,,,,,,,,,,,,
98,D,step_totals,,,,,,,,,,,,,,,,,,,,,68.60000000000007,12.0,0.17492711370262373,,,46.0,0.6705539358600576,0.0,0.0,0.00537656453526772,0.13043478260869565,0.0,0,6,16,45,24,,46,27,4.600000000000001,0.06705539358600579,6.000000000000003,0.08746355685131191,23,30,29
99,D,all_agents,,,40,30,10,0,22,8,0.3945360524729484,0.22595649751070707,0.9898613439825421,0.08673417628268054,612,30,0.75,0,0.0,0.0,31.1,4032,,,,,,,,,,,,,,,,,,,,,,,,,,,
99,D,participants_only,,,30,30,0,0,22,8,0.4557106534814912,0.24459018529054866,0.9898613439825421,0.10056231785302856,612,30,1.0,0,0.0,0.0,24.8,4032,,,,,,,,,,,,,,,,,,,,,,,,,,,
99,D,nonparticipants_only,,,10,0,10,0,0,0,0.21101224944732022,0.20665716489254493,0.2585156460689467,0.000341769868983689,0,0,0.0,0,0.0,0.0,50.0,0,,,,,,,,,,,,,,,,,,,,,,,,,,,
99,D,step_totals,,,,,,,,,,,,,,,,,,,,,70.60000000000005,8.0,0.11331444759206791,,,54.0,0.7648725212464583,0.0,0.0,0.005816231121796588,0.1111111111111111,0.0,0,6,24,14,16,,54,22,2.6,0.03682719546742207,6.000000000000003,0.08498583569405097,13,30,25
100,D,all_agents,,,40,30,10,0,22,8,0.39510782976367254,0.22618428648058675,0.9902668902232404,0.08696875760568935,619,30,0.75,0,0.0,0.0,31.3,4076,,,,,,,,,,,,,,,,,,,,,,,,,,,
100,D,participants_only,,,30,30,0,0,22,8,0.45632643610460805,0.2433672343640959,0.9902668902232404,0.10085587755243472,619,30,1.0,0,0.0,0.0,25.066666666666666,4076,,,,,,,,,,,,,,,,,,,,,,,,,,,
100,D,nonparticipants_only,,,10,0,10,0,0,0,0.21145201074086603,0.20681628400675592,0.257223067838602,0.00033478461753615364,0,0,0.0,0,0.0,0.0,50.0,0,,,,,,,,,,,,,,,,,,,,,,,,,,,
100,D,step_totals,,,,,,,,,,,,,,,,,,,,,68.60000000000007,12.0,0.17492711370262373,,,46.0,0.6705539358600576,0.0,0.0,0.0055511110348027085,0.15217391304347827,0.0,0,7,16,45,24,,46,27,4.600000000000001,0.06705539358600579,6.000000000000003,0.08746355685131191,23,30,29
100,D,reachability,0.25,0.0,,,,,,,,,,,,,,,,,,,,,,,,,,,,,,,,,,,,,,,,,,,,,
101,D,all_agents,,,40,30,10,0,22,8,0.3957835607522517,0.22652113162116272,0.9906562146143109,0.08762050579704506,628,30,0.75,0,0.0,0.0,31.1,4128,,,,,,,,,,,,,,,,,,,,,,,,,,,
101,D,participants_only,,,30,30,0,0,22,8,0.4570818167156486,0.24340805981427566,0.9906562146143109,0.10168766792918651,628,30,1.0,0,0.0,0.0,24.8,4128,,,,,,,,,,,,,,,,,,,,,,,,,,,
101,D,nonparticipants_only,,,10,0,10,0,0,0,0.211888792862061,0.2069351802031107,0.255936952499409,0.00032930519077117854,0,0,0.0,0,0.0,0.0,50.0,0,,,,,,,,,,,,,,,,,,,,,,,,,,,
101,D,step_totals,,,,,,,,,,,,,,,,,,,,,70.80000000000007,8.0,0.11299435028248576,,,54.0,0.762711864406779,0.0,0.0,0.00542917807200577,0.16666666666666666,0.0,0,9,24,14,16,,54,21,2.8000000000000003,0.039548022598870025,6.000000000000003,0.08474576271186436,14,30,23
102,D,all_agents,,,40,30,10,0,22,8,0.39635699996184237,0.227343474369476,0.9910299660297385,0.08786610697376193,636,30,0.75,0,0.0,0.0,31.3,4174,,,,,,,,,,,,,,,,,,,,,,,,,,,
102,D,participants_only,,,30,30,0,0,22,8,0.4577016316785489,0.24219101951520428,0.9910299660297385,0.10199428996542627,636,30,1.0,0,0.0,0.0,25.066666666666666,4174,,,,,,,,,,,,,,,,,,,,,,,,,,,
102,D,nonparticipants_only,,,10,0,10,0,0,0,0.21232310481172303,0.20680739601998324,0.2556047426037884,0.00032359191326875833,0,0,0.0,0,0.0,0.0,50.0,0,,,,,,,,,,,,,,,,,,,,,,,,,,,
102,D,step_totals,,,,,,,,,,,,,,,,,,,,,68.60000000000005,12.0,0.1749271137026238,,,46.0,0.6705539358600578,0.0,0.0,0.005565520217561969,0.17391304347826086,0.0,0,8,16,45,24,,46,27,4.600000000000001,0.0670553935860058,6.000000000000003,0.08746355685131192,23,30,28
103,D,all_agents,,,40,30,10,0,22,8,0.3969898560547775,0.22714594339094205,0.991388767388549,0.08850220011339073,646,30,0.75,0,0.0,0.0,31.1,4225,,,,,,,,,,,,,,,,,,,,,,,,,,,
103,D,participants_only,,,30,30,0,0,22,8,0.4584015394309811,0.24244341244757114,0.991388767388549,0.10281127851021307,646,30,1.0,0,0.0,0.0,24.8,4225,,,,,,,,,,,,,,,,,,,,,,,,,,,
103,D,nonparticipants_only,,,10,0,10,0,0,0,0.21275480592616658,0.2066673125968827,0.25585857645908666,0.0003182266617346566,0,0,0.0,0,0.0,0.0,50.0,0,,,,,,,,,,,,,,,,,,,,,,,,,,,
103,D,step_totals,,,,,,,,,,,,,,,,,,,,,70.80000000000005,8.0,0.11299435028248579,,,54.0,0.7627118644067791,0.0,0.0,0.005289355990958798,0.18518518518518517,0.0,0,10,24,14,16,,54,21,2.8000000000000003,0.03954802259887003,6.000000000000003,0.08474576271186438,14,30,23
104,D,all_agents,,,40,30,10,0,22,8,0.3975305002588246,0.22771907872870908,0.9917332166930071,0.08873162632687495,658,30,0.75,0,0.0,0.0,31.3,4270,,,,,,,,,,,,,,,,,,,,,,,,,,,
104,D,participants_only,,,30,30,0,0,22,8,0.45897943576138994,0.24123119538533327,0.9917332166930071,0.1031002873855281,658,30,1.0,0,0.0,0.0,25.066666666666666,4270,,,,,,,,,,,,,,,,,,,,,,,,,,,
104,D,nonparticipants_only,,,10,0,10,0,0,0,0.21318369375112858,0.2074882142562437,0.2559361726394027,0.0003139830581343154,0,0,0.0,0,0.0,0.0,50.0,0,,,,,,,,,,,,,,,,,,,,,,,,,,,
104,D,step_totals,,,,,,,,,,,,,,,,,,,,,68.60000000000007,12.0,0.17492711370262373,,,46.0,0.6705539358600576,0.0,0.0,0.005458234914618953,0.2608695652173913,0.0,0,12,16,45,24,,46,27,4.600000000000001,0.06705539358600579,6.000000000000003,0.08746355685131191,23,30,28
105,D,all_agents,,,40,30,10,0,22,8,0.3981486571977347,0.22736541663613152,0.9920638880252868,0.08932277169884398,672,30,0.75,0,0.0,0.0,31.1,4321,,,,,,,,,,,,,,,,,,,,,,,,,,,
105,D,participants_only,,,30,30,0,0,22,8,0.4596614802644152,0.24114476791016043,0.9920638880252868,0.10385858550422888,672,30,1.0,0,0.0,0.0,24.8,4321,,,,,,,,,,,,,,,,,,,,,,,,,,,
105,D,nonparticipants_only,,,10,0,10,0,0,0,0.21361018799769324,0.2094024684644296,0.2554577548085825,0.0003094014630963954,0,0,0.0,0,0.0,0.0,50.0,0,,,,,,,,,,,,,,,,,,,,,,,,,,,
105,D,step_totals,,,,,,,,,,,,,,,,,,,,,70.80000000000005,8.0,0.11299435028248579,,,54.0,0.7627118644067791,0.0,0.0,0.0052450575493280084,0.25925925925925924,0.0,0,14,24,14,16,,54,21,2.8000000000000003,0.03954802259887003,6.000000000000003,0.08474576271186438,14,30,23
106,D,all_agents,,,40,30,10,0,22,8,0.3986589125568097,0.2268572746360038,0.9923813325042753,0.08953631468059531,680,30,0.75,0,0.0,0.0,31.3,4365,,,,,,,,,,,,,,,,,,,,,,,,,,,
106,D,participants_only,,,30,30,0,0,22,8,0.4602005140411093,0.23993904407060962,0.9923813325042753,0.1041305616361325,680,30,1.0,0,0.0,0.0,25.066666666666666,4365,,,,,,,,,,,,,,,,,,,,,,,,,,,
106,D,nonparticipants_only,,,10,0,10,0,0,0,0.21403410810391083,0.20955609737498443,0.2569905179671453,0.00030514925495553585,0,0,0.0,0,0.0,0.0,50.0,0,,,,,,,,,,,,,,,,,,,,,,,,,,,
106,D,step_totals,,,,,,,,,,,,,,,,,,,,,68.60000000000008,12.0,0.1749271137026237,,,46.0,0.6705539358600575,0.0,0.0,0.005359818792044068,0.17391304347826086,0.0,0,8,16,45,24,,46,27,4.600000000000001,0.06705539358600578,6.000000000000003,0.0874635568513119,23,30,28
107,D,all_agents,,,40,30,10,0,22,8,0.3992699299548902,0.22674095815203216,0.9926860792041042,0.09016052689102817,682,30,0.75,0,0.0,0.0,31.1,4415,,,,,,,,,,,,,,,,,,,,,,,,,,,
107,D,participants_only,,,30,30,0,0,22,8,0.46087476059094484,0.24079700906270168,0.9926860792041042,0.10493296729265368,682,30,1.0,0,0.0,0.0,24.8,4415,,,,,,,,,,,,,,,,,,,,,,,,,,,
107,D,nonparticipants_only,,,10,0,10,0,0,0,0.21445543804672645,0.20967089120855786,0.25710617186483253,0.00030134379378803116,0,0,0.0,0,0.0,0.0,50.0,0,,,,,,,,,,,,,,,,,,,,,,,,,,,
107,D,step_totals,,,,,,,,,,,,,,,,,,,,,70.80000000000007,8.0,0.11299435028248576,,,54.0,0.762711864406779,0.0,0.0,0.005225918004273638,0.037037037037037035,0.0,0,2,24,14,16,,54,21,2.8000000000000003,0.039548022598870025,6.000000000000003,0.08474576271186436,14,30,23
108,D,all_agents,,,40,30,10,0,22,8,0.39976495645580284,0.22626712282749803,0.99297863603594,0.09036054969082553,688,30,0.75,0,0.0,0.0,31.3,4461,,,,,,,,,,,,,,,,,,,,,,,,,,,
108,D,participants_only,,,30,30,0,0,22,8,0.46139509391247824,0.2395930240173882,0.99297863603594,0.10518872023604223,688,30,1.0,0,0.0,0.0,25.066666666666666,4461,,,,,,,,,,,,,,,,,,,,,,,,,,,
108,D,nonparticipants_only,,,10,0,10,0,0,0,0.21487454408577655,0.20954751605694677,0.2567854244512186,0.000296751940030946,0,0,0.0,0,0.0,0.0,50.0,0,,,,,,,,,,,,,,,,,,,,,,,,,,,
108,D,step_totals,,,,,,,,,,,,,,,,,,,,,68.60000000000007,12.0,0.17492711370262373,,,46.0,0.6705539358600576,0.0,0.0,0.005319234247812178,0.13043478260869565,0.0,0,6,16,45,24,,46,28,4.600000000000001,0.06705539358600579,6.000000000000003,0.08746355685131191,23,30,30
109,D,all_agents,,,40,30,10,0,22,8,0.4003516060285171,0.22562738340704594,0.9932594905945025,0.09097636652164474,698,30,0.75,0,0.0,0.0,31.1,4514,,,,,,,,,,,,,,,,,,,,,,,,,,,
109,D,participants_only,,,30,30,0,0,22,8,0.462038455354179,0.2411669220904648,0.9932594905945025,0.10598317307216362,698,30,1.0,0,0.0,0.0,24.8,4514,,,,,,,,,,,,,,,,,,,,,,,,,,,
109,D,nonparticipants_only,,,10,0,10,0,0,0,0.21529105805153154,0.20951151853194702,0.25703050009058953,0.0002927383133651551,0,0,0.0,0,0.0,0.0,50.0,0,,,,,,,,,,,,,,,,,,,,,,,,,,,
109,D,step_totals,,,,,,,,,,,,,,,,,,,,,70.80000000000005,8.0,0.11299435028248579,,,54.0,0.7627118644067791,0.0,0.0,0.0051497584217109794,0.18518518518518517,0.0,0,10,24,14,16,,54,21,2.8000000000000003,0.03954802259887003,6.000000000000003,0.08474576271186438,14,30,23
110,D,all_agents,,,40,30,10,0,22,8,0.40082076755561097,0.22505962581303168,0.9935291109707224,0.09116021220877522,703,30,0.75,0,0.0,0.0,31.3,4559,,,,,,,,,,,,,,,,,,,,,,,,,,,
110,D,participants_only,,,30,30,0,0,22,8,0.46252607451979666,0.2399610874800125,0.9935291109707224,0.10622015874523134,703,30,1.0,0,0.0,0.0,25.066666666666666,4559,,,,,,,,,,,,,,,,,,,,,,,,,,,
110,D,nonparticipants_only,,,10,0,10,0,0,0,0.21570484666305392,0.21030409601847727,0.2571054189129088,0.00028983370887423495,0,0,0.0,0,0.0,0.0,50.0,0,,,,,,,,,,,,,,,,,,,,,,,,,,,
110,D,step_totals,,,,,,,,,,,,,,,,,,,,,68.60000000000007,12.0,0.17492711370262373,,,46.0,0.6705539358600576,0.0,0.0,0.005237370616281693,0.10869565217391304,0.0,0,5,16,45,24,,46,28,4.600000000000001,0.06705539358600579,6.000000000000003,0.08746355685131191,23,30,30
110,D,reachability,0.25,0.0,,,,,,,,,,,,,,,,,,,,,,,,,,,,,,,,,,,,,,,,,,,,,
111,D,all_agents,,,40,30,10,0,22,8,0.4013523523013179,0.22498137058857032,0.9937879465318935,0.09174134375302133,709,30,0.75,0,0.0,0.0,31.1,4611,,,,,,,,,,,,,,,,,,,,,,,,,,,
111,D,participants_only,,,30,30,0,0,22,8,0.46309773525100384,0.24004824048161527,0.9937879465318935,0.10697614818954476,709,30,1.0,0,0.0,0.0,24.8,4611,,,,,,,,,,,,,,,,,,,,,,,,,,,
111,D,nonparticipants_only,,,10,0,10,0,0,0,0.2161162034522598,0.2120530488109969,0.2566435082838599,0.0002870226562105505,0,0,0.0,0,0.0,0.0,50.0,0,,,,,,,,,,,,,,,,,,,,,,,,,,,
111,D,step_totals,,,,,,,,,,,,,,,,,,,,,70.80000000000005,8.0,0.11299435028248579,,,54.0,0.7627118644067791,0.0,0.0,0.004968341160899375,0.1111111111111111,0.0,0,6,24,14,16,,54,21,2.8000000000000003,0.03954802259887003,6.000000000000003,0.08474576271186438,14,30,23
112,D,all_agents,,,40,30,10,0,22,8,0.4017997266126846,0.22603261041182532,0.9940364286706178,0.09191314822666564,714,30,0.75,0,0.0,0.0,31.3,4657,,,,,,,,,,,,,,,,,,,,,,,,,,,
112,D,participants_only,,,30,30,0,0,22,8,0.463557890018592,0.2388479992792072,0.9940364286706178,0.10719992986224348,714,30,1.0,0,0.0,0.0,25.066666666666666,4657,,,,,,,,,,,,,,,,,,,,,,,,,,,
112,D,nonparticipants_only,,,10,0,10,0,0,0,0.21652523639496227,0.21220137695042435,0.2581233853894872,0.00028395435268294264,0,0,0.0,0,0.0,0.0,50.0,0,,,,,,,,,,,,,,,,,,,,,,,,,,,
112,D,step_totals,,,,,,,,,,,,,,,,,,,,,68.60000000000008,12.0,0.1749271137026237,,,46.0,0.6705539358600575,0.0,0.0,0.005168760142773301,0.10869565217391304,0.0,0,5,16,45,24,,46,28,4.600000000000001,0.06705539358600578,6.000000000000003,0.0874635568513119,23,30,30
113,D,all_agents,,,40,30,10,0,22,8,0.40227282805056075,0.2269807073420297,0.9942749715237931,0.09245739261678197,724,30,0.75,0,0.0,0.0,31.1,4708,,,,,,,,,,,,,,,,,,,,,,,,,,,
113,D,participants_only,,,30,30,0,0,22,8,0.46405312808105853,0.23918425003698224,0.9942749715237931,0.10791571661296252,724,30,1.0,0,0.0,0.0,24.8,4708,,,,,,,,,,,,,,,,,,,,,,,,,,,
113,D,nonparticipants_only,,,10,0,10,0,0,0,0.2169319279590672,0.2123122099680524,0.2582350487958053,0.00028075496594033887,0,0,0.0,0,0.0,0.0,50.0,0,,,,,,,,,,,,,,,,,,,,,,,,,,,
113,D,step_totals,,,,,,,,,,,,,,,,,,,,,71.00000000000004,8.0,0.1126760563380281,,,54.0,0.7605633802816897,0.0,0.0,0.004762419248519608,0.18518518518518517,0.0,0,10,24,14,16,,54,21,3.0000000000000004,0.04225352112676054,6.000000000000003,0.08450704225352111,15,30,23
114,D,all_agents,,,40,30,10,0,22,8,0.40266873968555783,0.22699445651843936,0.9945039726628413,0.09259415406620261,726,30,0.75,0,0.0,0.0,31.3,4753,,,,,,,,,,,,,,,,,,,,,,,,,,,
114,D,participants_only,,,30,30,0,0,22,8,0.4644461555465809,0.23825175119930037,0.9945039726628413,0.10810083386397212,726,30,1.0,0,0.0,0.0,25.066666666666666,4753,,,,,,,,,,,,,,,,,,,,,,,,,,,
114,D,nonparticipants_only,,,10,0,10,0,0,0,0.21733649210248884,0.21219309171990516,0.25792536836576313,0.00027672534730472655,0,0,0.0,0,0.0,0.0,50.0,0,,,,,,,,,,,,,,,,,,,,,,,,,,,
114,D,step_totals,,,,,,,,,,,,,,,,,,,,,68.60000000000007,12.0,0.17492711370262373,,,46.0,0.6705539358600576,0.0,0.0,0.004995785545146544,0.043478260869565216,0.0,0,2,16,45,24,,46,27,4.600000000000001,0.06705539358600579,6.000000000000003,0.08746355685131191,23,30,29
115,D,all_agents,,,40,30,10,0,22,8,0.4031735792265522,0.22686611436842097,0.9947238137563277,0.09316561507183148,730,30,0.75,0,0.0,0.0,31.1,4804,,,,,,,,,,,,,,,,,,,,,,,,,,,
115,D,participants_only,,,30,30,0,0,22,8,0.4649852580426054,0.23809306349872036,0.9947238137563277,0.1088469892865297,730,30,1.0,0,0.0,0.0,24.8,4804,,,,,,,,,,,,,,,,,,,,,,,,,,,
115,D,nonparticipants_only,,,10,0,10,0,0,0,0.217738542778393,0.2122575887408224,0.258161987980363,0.00027328877102995505,0,0,0.0,0,0.0,0.0,50.0,0,,,,,,,,,,,,,,,,,,,,,,,,,,,
115,D,step_totals,,,,,,,,,,,,,,,,,,,,,70.60000000000007,8.0,0.11331444759206788,,,54.0,0.7648725212464582,0.0,0.0,0.004902131327985772,0.07407407407407407,0.0,0,4,24,14,16,,54,21,2.6,0.036827195467422066,6.000000000000003,0.08498583569405095,13,30,23
116,D,all_agents,,,40,30,10,0,22,8,0.4035779051739692,0.22666370179359568,0.9949348612060746,0.09330956568320316,739,30,0.75,0,0.0,0.0,31.3,4849,,,,,,,,,,,,,,,,,,,,,,,,,,,
116,D,participants_only,,,30,30,0,0,22,8,0.4653911888527717,0.2371382080477055,0.9949348612060746,0.10903902791701717,739,30,1.0,0,0.0,0.0,25.066666666666666,4849,,,,,,,,,,,,,,,,,,,,,,,,,,,
116,D,nonparticipants_only,,,10,0,10,0,0,0,0.2181380541375618,0.2130228193442586,0.2582343218235348,0.0002705945118878264,0,0,0.0,0,0.0,0.0,50.0,0,,,,,,,,,,,,,,,,,,,,,,,,,,,
116,D,step_totals,,,,,,,,,,,,,,,,,,,,,68.60000000000007,12.0,0.17492711370262373,,,46.0,0.6705539358600576,0.0,0.0,0.005032522843839783,0.1956521739130435,0.0,0,9,16,45,24,,46,27,4.600000000000001,0.06705539358600579,6.000000000000003,0.08746355685131191,23,30,29
117,D,all_agents,,,40,30,10,0,22,8,0.40408945652178524,0.22654511499001745,0.9951374667578315,0.09386247120853539,749,30,0.75,0,0.0,0.0,31.1,4902,,,,,,,,,,,,,,,,,,,,,,,,,,,
117,D,participants_only,,,30,30,0,0,22,8,0.4659408695019251,0.2402268512733423,0.9951374667578315,0.10975824269567212,749,30,1.0,0,0.0,0.0,24.8,4902,,,,,,,,,,,,,,,,,,,,,,,,,,,
117,D,nonparticipants_only,,,10,0,10,0,0,0,0.21853521758136546,0.21461217423725565,0.25778834883615137,0.0002679892954473427,0,0,0.0,0,0.0,0.0,50.0,0,,,,,,,,,,,,,,,,,,,,,,,,,,,
117,D,step_totals,,,,,,,,,,,,,,,,,,,,,70.60000000000005,8.0,0.11331444759206791,,,54.0,0.7648725212464583,0.0,0.0,0.0049300189655743475,0.18518518518518517,0.0,0,10,24,14,16,,54,21,2.6,0.03682719546742207,6.000000000000003,0.08498583569405097,13,30,23
118,D,all_agents,,,40,30,10,0,22,8,0.4044346146625323,0.22605888179443653,0.9953319680875183,0.09397241633885091,756,30,0.75,0,0.0,0.0,31.3,4947,,,,,,,,,,,,,,,,,,,,,,,,,,,
118,D,participants_only,,,30,30,0,0,22,8,0.4662694404300269,0.23902571701697561,0.9953319680875183,0.10991399392896378,756,30,1.0,0,0.0,0.0,25.066666666666666,4947,,,,,,,,,,,,,,,,,,,,,,,,,,,
118,D,nonparticipants_only,,,10,0,10,0,0,0,0.21893013736004824,0.21470618312654385,0.25921716465516764,0.0002651354361552019,0,0,0.0,0,0.0,0.0,50.0,0,,,,,,,,,,,,,,,,,,,,,,,,,,,
118,D,step_totals,,,,,,,,,,,,,,,,,,,,,68.60000000000007,12.0,0.17492711370262373,,,46.0,0.6705539358600576,0.0,0.0,0.00483354929267689,0.15217391304347827,0.0,0,7,16,45,24,,46,27,4.600000000000001,0.06705539358600579,6.000000000000003,0.08746355685131191,23,30,29
119,D,all_agents,,,40,30,10,0,22,8,0.404893896974275,0.2258803889963908,0.9955186893640176,0.09452101060430915,765,30,0.75,0,0.0,0.0,31.1,5000,,,,,,,,,,,,,,,,,,,,,,,,,,,
119,D,participants_only,,,30,30,0,0,22,8,0.4667509304502205,0.23915754218469756,0.9955186893640176,0.11063545905535539,765,30,1.0,0,0.0,0.0,24.8,5000,,,,,,,,,,,,,,,,,,,,,,,,,,,
119,D,nonparticipants_only,,,10,0,10,0,0,0,0.2193227965464388,0.2149113487351128,0.25932497525697085,0.0002621541658396321,0,0,0.0,0,0.0,0.0,50.0,0,,,,,,,,,,,,,,,,,,,,,,,,,,,
119,D,step_totals,,,,,,,,,,,,,,,,,,,,,70.60000000000007,8.0,0.11331444759206788,,,54.0,0.7648725212464582,0.0,0.0,0.0047562010694808055,0.16666666666666666,0.0,0,9,24,14,16,,54,21,2.6,0.036827195467422066,6.000000000000003,0.08498583569405095,13,30,23
120,D,all_agents,,,40,30,10,0,22,8,0.40522676837967037,0.22761816927793466,0.9956979417894568,0.0946174381301814,770,30,0.75,0,0.0,0.0,31.3,5044,,,,,,,,,,,,,,,,,,,,,,,,,,,
120,D,participants_only,,,30,30,0,0,22,8,0.4670645572675258,0.23796175447377407,0.9956979417894568,0.11077481195322095,770,30,1.0,0,0.0,0.0,25.066666666666666,5044,,,,,,,,,,,,,,,,,,,,,,,,,,,
120,D,nonparticipants_only,,,10,0,10,0,0,0,0.21971340171610423,0.21474738514282904,0.2590259799582387,0.00025837104659511424,0,0,0.0,0,0.0,0.0,50.0,0,,,,,,,,,,,,,,,,,,,,,,,,,,,
120,D,step_totals,,,,,,,,,,,,,,,,,,,,,68.60000000000007,12.0,0.17492711370262373,,,46.0,0.6705539358600576,0.0,0.0,0.0047973833121546195,0.10869565217391304,0.0,0,5,16,45,24,,46,28,4.600000000000001,0.06705539358600579,6.000000000000003,0.08746355685131191,23,30,29
120,D,reachability,0.25,0.0,,,,,,,,,,,,,,,,,,,,,,,,,,,,,,,,,,,,,,,,,,,,,
121,D,all_agents,,,40,30,10,0,22,8,0.40566256135175155,0.22781412775402438,0.9958700241178785,0.0951520244577309,774,30,0.75,0,0.0,0.0,31.1,5096,,,,,,,,,,,,,,,,,,,,,,,,,,,
121,D,participants_only,,,30,30,0,0,22,8,0.46751622175491275,0.2383805685342313,0.9958700241178785,0.1114808119299716,774,30,1.0,0,0.0,0.0,24.8,5096,,,,,,,,,,,,,,,,,,,,,,,,,,,
121,D,nonparticipants_only,,,10,0,10,0,0,0,0.2201015801422679,0.21488204825192217,0.25925443531250036,0.00025515837777365335,0,0,0.0,0,0.0,0.0,50.0,0,,,,,,,,,,,,,,,,,,,,,,,,,,,
121,D,step_totals,,,,,,,,,,,,,,,,,,,,,70.60000000000005,8.0,0.11331444759206791,,,54.0,0.7648725212464583,0.0,0.0,0.004680524884664952,0.07407407407407407,0.0,0,4,24,14,16,,54,21,2.6,0.03682719546742207,6.000000000000003,0.08498583569405097,13,30,23
122,D,all_agents,,,40,30,10,0,22,8,0.4060133419023277,0.2278435686557143,0.9959113238766997,0.09525907422799844,783,30,0.75,0,0.0,0.0,31.3,5140,,,,,,,,,,,,,,,,,,,,,,,,,,,
122,D,participants_only,,,30,30,0,0,22,8,0.4678553535805681,0.23761285883783578,0.9959113238766997,0.1116301414243869,783,30,1.0,0,0.0,0.0,25.066666666666666,5140,,,,,,,,,,,,,,,,,,,,,,,,,,,
122,D,nonparticipants_only,,,10,0,10,0,0,0,0.22048730686760643,0.2156477365624747,0.25932427336795855,0.00025265973789355384,0,0,0.0,0,0.0,0.0,50.0,0,,,,,,,,,,,,,,,,,,,,,,,,,,,
122,D,step_totals,,,,,,,,,,,,,,,,,,,,,68.60000000000007,12.0,0.17492711370262373,,,46.0,0.6705539358600576,0.0,0.0,0.004866171010597919,0.1956521739130435,0.0,0,9,16,45,24,,46,28,4.600000000000001,0.06705539358600579,6.000000000000003,0.08746355685131191,23,30,29
123,D,all_agents,,,40,30,10,0,22,8,0.4063770735202035,0.22748008225924735,0.9960748709216317,0.09574142736305068,793,30,0.75,0,0.0,0.0,31.1,5190,,,,,,,,,,,,,,,,,,,,,,,,,,,
123,D,participants_only,,,30,30,0,0,22,8,0.4682125091304621,0.23743679353021607,0.9960748709216317,0.11227733680427222,793,30,1.0,0,0.0,0.0,24.8,5190,,,,,,,,,,,,,,,,,,,,,,,,,,,
123,D,nonparticipants_only,,,10,0,10,0,0,0,0.22087076668942798,0.2170489777137401,0.25889368811408553,0.0002502458740608609,0,0,0.0,0,0.0,0.0,50.0,0,,,,,,,,,,,,,,,,,,,,,,,,,,,
123,D,step_totals,,,,,,,,,,,,,,,,,,,,,70.40000000000006,8.0,0.11363636363636354,,,54.0,0.7670454545454539,0.0,0.0,0.00445233964253017,0.18518518518518517,0.0,0,10,24,14,16,,54,21,2.4,0.03409090909090906,6.000000000000003,0.0852272727272727,12,30,23
124,D,all_agents,,,40,30,10,0,22,8,0.40671126364119864,0.22741205711989565,0.9962318760847665,0.09583780804678559,802,30,0.75,0,0.0,0.0,31.3,5235,,,,,,,,,,,,,,,,,,,,,,,,,,,
124,D,participants_only,,,30,30,0,0,22,8,0.4685309981012802,0.23649982089133548,0.9962318760847665,0.1124144952220001,802,30,1.0,0,0.0,0.0,25.066666666666666,5235,,,,,,,,,,,,,,,,,,,,,,,,,,,
124,D,nonparticipants_only,,,10,0,10,0,0,0,0.22125206026095412,0.2171579923389444,0.2602732044515626,0.0002475916965621538,0,0,0.0,0,0.0,0.0,50.0,0,,,,,,,,,,,,,,,,,,,,,,,,,,,
124,D,step_totals,,,,,,,,,,,,,,,,,,,,,68.40000000000006,12.0,0.17543859649122792,,,46.0,0.6725146198830403,0.0,0.0,0.004827574746959318,0.1956521739130435,0.0,0,9,16,45,24,,46,28,4.400000000000001,0.06432748538011691,6.000000000000003,0.08771929824561399,22,30,29
125,D,all_agents,,,40,30,10,0,22,8,0.4071256916230616,0.22704207978488494,0.9963826010413759,0.09633063828711068,815,30,0.75,0,0.0,0.0,31.1,5287,,,,,,,,,,,,,,,,,,,,,,,,,,,
125,D,participants_only,,,30,30,0,0,22,8,0.4689571984177274,0.2393282700677815,0.9963826010413759,0.11306670554908001,815,30,1.0,0,0.0,0.0,24.8,5287,,,,,,,,,,,,,,,,,,,,,,,,,,,
125,D,nonparticipants_only,,,10,0,10,0,0,0,0.2216311712390641,0.2174212296368026,0.26037729518499464,0.0002448137112170395,0,0,0.0,0,0.0,0.0,50.0,0,,,,,,,,,,,,,,,,,,,,,,,,,,,
125,D,step_totals,,,,,,,,,,,,,,,,,,,,,70.40000000000005,8.0,0.11363636363636356,,,54.0,0.767045454545454,0.0,0.0,0.004629613580141266,0.24074074074074073,0.0,0,13,24,14,16,,54,21,2.4,0.03409090909090907,6.000000000000003,0.08522727272727271,12,30,23
126,D,all_agents,,,40,30,10,0,22,8,0.40742254075759016,0.2271156368636052,0.9965272969997209,0.09639817598176513,825,30,0.75,0,0.0,0.0,31.3,5332,,,,,,,,,,,,,,,,,,,,,,,,,,,
126,D,participants_only,,,30,30,0,0,22,8,0.46922728798622143,0.2381316287174426,0.9965272969997209,0.11317117375622886,825,30,1.0,0,0.0,0.0,25.066666666666666,5332,,,,,,,,,,,,,,,,,,,,,,,,,,,
126,D,nonparticipants_only,,,10,0,10,0,0,0,0.22200829907169645,0.2172135459038848,0.26008861634063957,0.00024126129843391361,0,0,0.0,0,0.0,0.0,50.0,0,,,,,,,,,,,,,,,,,,,,,,,,,,,
126,D,step_totals,,,,,,,,,,,,,,,,,,,,,68.40000000000006,12.0,0.17543859649122792,,,46.0,0.6725146198830403,0.0,0.0,0.0047032801386864475,0.21739130434782608,0.0,0,10,16,45,24,,46,28,4.400000000000001,0.06432748538011691,6.000000000000003,0.08771929824561399,22,30,29
127,D,all_agents,,,40,30,10,0,22,8,0.40779752040828965,0.22905926032727145,0.996666205119732,0.09687448308402298,831,30,0.75,0,0.0,0.0,31.1,5384,,,,,,,,,,,,,,,,,,,,,,,,,,,
127,D,participants_only,,,30,30,0,0,22,8,0.4696023325802061,0.23830615446490305,0.996666205119732,0.1138072189922484,831,30,1.0,0,0.0,0.0,24.8,5384,,,,,,,,,,,,,,,,,,,,,,,,,,,
127,D,nonparticipants_only,,,10,0,10,0,0,0,0.22238308389254033,0.21739318950470204,0.26030918913203344,0.00023825766807624642,0,0,0.0,0,0.0,0.0,50.0,0,,,,,,,,,,,,,,,,,,,,,,,,,,,
127,D,step_totals,,,,,,,,,,,,,,,,,,,,,70.60000000000007,8.0,0.11331444759206788,,,54.0,0.7648725212464582,0.0,0.0,0.004485705615976043,0.1111111111111111,0.0,0,6,24,14,16,,54,21,2.6,0.036827195467422066,6.000000000000003,0.08498583569405095,13,30,23
128,D,all_agents,,,40,30,10,0,22,8,0.4081020011748519,0.2289634817904153,0.9967995569149427,0.09695129137453612,834,30,0.75,0,0.0,0.0,31.3,5430,,,,,,,,,,,,,,,,,,,,,,,,,,,
128,D,participants_only,,,30,30,0,0,22,8,0.46988416769800484,0.23725416765514679,0.9967995569149427,0.11392159711954988,834,30,1.0,0,0.0,0.0,25.066666666666666,5430,,,,,,,,,,,,,,,,,,,,,,,,,,,
128,D,nonparticipants_only,,,10,0,10,0,0,0,0.22275550160539317,0.21818208433414693,0.26037661751377456,0.0002359409359596917,0,0,0.0,0,0.0,0.0,50.0,0,,,,,,,,,,,,,,,,,,,,,,,,,,,
128,D,step_totals,,,,,,,,,,,,,,,,,,,,,68.40000000000008,12.0,0.17543859649122787,,,46.0,0.6725146198830402,0.0,0.0,0.004735091660351598,0.06521739130434782,0.0,0,3,16,45,24,,46,27,4.400000000000001,0.0643274853801169,6.000000000000003,0.08771929824561397,22,30,29
129,D,all_agents,,,40,30,10,0,22,8,0.40849733652679127,0.22916244587994,0.996927574638345,0.09744268143561556,842,30,0.75,0,0.0,0.0,31.1,5482,,,,,,,,,,,,,,,,,,,,,,,,,,,
129,D,participants_only,,,30,30,0,0,22,8,0.47028787182526643,0.2376123571607101,0.996927574638345,0.1145733925904494,842,30,1.0,0,0.0,0.0,24.8,5482,,,,,,,,,,,,,,,,,,,,,,,,,,,
129,D,nonparticipants_only,,,10,0,10,0,0,0,0.22312573063136595,0.21938609931101066,0.25996088905914166,0.00023370494144889627,0,0,0.0,0,0.0,0.0,50.0,0,,,,,,,,,,,,,,,,,,,,,,,,,,,
129,D,step_totals,,,,,,,,,,,,,,,,,,,,,70.60000000000007,8.0,0.11331444759206788,,,54.0,0.7648725212464582,0.0,0.0,0.00455858680795768,0.14814814814814814,0.0,0,8,24,14,16,,54,21,2.6,0.036827195467422066,6.000000000000003,0.08498583569405095,13,30,22
130,D,all_agents,,,40,30,10,0,22,8,0.40878691262547195,0.22891321083453944,0.9970504716528112,0.0975089790470576,846,30,0.75,0,0.0,0.0,31.3,5528,,,,,,,,,,,,,,,,,,,,,,,,,,,
130,D,participants_only,,,30,30,0,0,22,8,0.47055126078370646,0.23700216370941368,0.9970504716528112,0.11467555435175747,846,30,1.0,0,0.0,0.0,25.066666666666666,5528,,,,,,,,,,,,,,,,,,,,,,,,,,,
130,D,nonparticipants_only,,,10,0,10,0,0,0,0.22349386815076816,0.2195407300214151,0.2612928069312971,0.00023123669201862145,0,0,0.0,0,0.0,0.0,50.0,0,,,,,,,,,,,,,,,,,,,,,,,,,,,
130,D,step_totals,,,,,,,,,,,,,,,,,,,,,68.20000000000006,12.0,0.17595307917888547,,,46.0,0.674486803519061,0.0,0.0,0.004702499972962471,0.08695652173913043,0.0,0,4,16,45,24,,46,27,4.200000000000001,0.06158357771260993,6.000000000000003,0.08797653958944278,21,30,29
130,D,reachability,0.25,0.0,,,,,,,,,,,,,,,,,,,,,,,,,,,,,,,,,,,,,,,,,,,,,
131,D,all_agents,,,40,30,10,0,22,8,0.4091303545892665,0.22839479525223835,0.9971684527866987,0.0979893179624108,849,30,0.75,0,0.0,0.0,31.1,5580,,,,,,,,,,,,,,,,,,,,,,,,,,,
131,D,participants_only,,,30,30,0,0,22,8,0.4708871733242294,0.23680948774778884,0.9971684527866987,0.11532058925303769,849,30,1.0,0,0.0,0.0,24.8,5580,,,,,,,,,,,,,,,,,,,,,,,,,,,
131,D,nonparticipants_only,,,10,0,10,0,0,0,0.22385989838437773,0.21984451027446145,0.26139330614570827,0.00022864816737333074,0,0,0.0,0,0.0,0.0,50.0,0,,,,,,,,,,,,,,,,,,,,,,,,,,,
131,D,step_totals,,,,,,,,,,,,,,,,,,,,,70.40000000000005,8.0,0.11363636363636356,,,54.0,0.767045454545454,0.0,0.0,0.004398247692212644,0.05555555555555555,0.0,0,3,24,14,16,,54,21,2.4,0.03409090909090907,6.000000000000003,0.08522727272727271,12,30,22
132,D,all_agents,,,40,30,10,0,22,8,0.4094060176596589,0.22827374641393855,0.9972817146752307,0.09804533452056848,855,30,0.75,0,0.0,0.0,31.3,5626,,,,,,,,,,,,,,,,,,,,,,,,,,,
132,D,participants_only,,,30,30,0,0,22,8,0.47113335224673364,0.2358896086710035,0.9972817146752307,0.11541095345076859,855,30,1.0,0,0.0,0.0,25.066666666666666,5626,,,,,,,,,,,,,,,,,,,,,,,,,,,
132,D,nonparticipants_only,,,10,0,10,0,0,0,0.22422401389843458,0.21963793012784705,0.2611145877995284,0.0002253117072720515,0,0,0.0,0,0.0,0.0,50.0,0,,,,,,,,,,,,,,,,,,,,,,,,,,,
132,D,step_totals,,,,,,,,,,,,,,,,,,,,,68.20000000000007,12.0,0.17595307917888545,,,46.0,0.6744868035190609,0.0,0.0,0.004658924586873976,0.13043478260869565,0.0,0,6,16,45,24,,46,27,4.200000000000001,0.06158357771260992,6.000000000000003,0.08797653958944276,21,30,29
133,D,all_agents,,,40,30,10,0,22,8,0.40978584201347,0.2280561062518839,0.9973904460882215,0.09853461940559831,860,30,0.75,0,0.0,0.0,31.1,5680,,,,,,,,,,,,,,,,,,,,,,,,,,,
133,D,participants_only,,,30,30,0,0,22,8,0.4715191669368402,0.2384693473480456,0.9973904460882215,0.11606131116846537,860,30,1.0,0,0.0,0.0,24.8,5680,,,,,,,,,,,,,,,,,,,,,,,,,,,
133,D,nonparticipants_only,,,10,0,10,0,0,0,0.22458586724335944,0.21981768700663168,0.2613275500059101,0.00022250324386435894,0,0,0.0,0,0.0,0.0,50.0,0,,,,,,,,,,,,,,,,,,,,,,,,,,,
133,D,step_totals,,,,,,,,,,,,,,,,,,,,,70.40000000000005,8.0,0.11363636363636356,,,54.0,0.767045454545454,0.0,0.0,0.004525900031876308,0.09259259259259259,0.0,0,5,24,14,16,,54,21,2.4,0.03409090909090907,6.000000000000003,0.08522727272727271,12,30,22
134,D,all_agents,,,40,30,10,0,22,8,0.41004676243842586,0.23002838523362468,0.9974948282446926,0.09857924184164571,865,30,0.75,0,0.0,0.0,31.3,5724,,,,,,,,,,,,,,,,,,,,,,,,,,,
134,D,participants_only,,,30,30,0,0,22,8,0.4717472048664482,0.23727700061130536,0.9974948282446926,0.11613775885452415,865,30,1.0,0,0.0,0.0,25.066666666666666,5724,,,,,,,,,,,,,,,,,,,,,,,,,,,
134,D,nonparticipants_only,,,10,0,10,0,0,0,0.2249454351543587,0.2206289876434045,0.261392651856676,0.00022035565324590042,0,0,0.0,0,0.0,0.0,50.0,0,,,,,,,,,,,,,,,,,,,,,,,,,,,
134,D,step_totals,,,,,,,,,,,,,,,,,,,,,68.20000000000006,12.0,0.17595307917888547,,,46.0,0.674486803519061,0.0,0.0,0.0046128051752787474,0.10869565217391304,0.0,0,5,16,45,24,,46,27,4.200000000000001,0.06158357771260993,6.000000000000003,0.08797653958944278,21,30,29
135,D,all_agents,,,40,30,10,0,22,8,0.4103791870506226,0.22975968783276318,0.9975950351149049,0.0990386527386526,870,30,0.75,0,0.0,0.0,31.1,5777,,,,,,,,,,,,,,,,,,,,,,,,,,,
135,D,participants_only,,,30,30,0,0,22,8,0.4720712861020472,0.23749234236722036,0.9975950351149049,0.11675511498450798,870,30,1.0,0,0.0,0.0,24.8,5777,,,,,,,,,,,,,,,,,,,,,,,,,,,
135,D,nonparticipants_only,,,10,0,10,0,0,0,0.22530288989634867,0.2216425814854066,0.2609912675862282,0.0002182849766369823,0,0,0.0,0,0.0,0.0,50.0,0,,,,,,,,,,,,,,,,,,,,,,,,,,,
135,D,step_totals,,,,,,,,,,,,,,,,,,,,,70.40000000000005,8.0,0.11363636363636356,,,54.0,0.767045454545454,0.0,0.0,0.004367032601855184,0.09259259259259259,0.0,0,5,24,14,16,,54,21,2.4,0.03409090909090907,6.000000000000003,0.08522727272727271,12,30,22
136,D,all_agents,,,40,30,10,0,22,8,0.41059915840097416,0.23008465093280445,0.9976912337103087,0.09905441039109615,875,30,0.75,0,0.0,0.0,31.3,5822,,,,,,,,,,,,,,,,,,,,,,,,,,,
136,D,participants_only,,,30,30,0,0,22,8,0.4722461027691138,0.23661066267256414,0.9976912337103087,0.11679916757454828,875,30,1.0,0,0.0,0.0,25.066666666666666,5822,,,,,,,,,,,,,,,,,,,,,,,,,,,
136,D,nonparticipants_only,,,10,0,10,0,0,0,0.22565832529655527,0.22184125435572277,0.26227722931786757,0.00021598984159774766,0,0,0.0,0,0.0,0.0,50.0,0,,,,,,,,,,,,,,,,,,,,,,,,,,,
136,D,step_totals,,,,,,,,,,,,,,,,,,,,,68.20000000000006,12.0,0.17595307917888547,,,46.0,0.674486803519061,0.0,0.0,0.00447347535530757,0.10869565217391304,0.0,0,5,16,45,24,,46,27,4.200000000000001,0.06158357771260993,6.000000000000003,0.08797653958944278,21,30,29
137,D,all_agents,,,40,30,10,0,22,8,0.410943706514611,0.22968701287587018,0.9977835843618963,0.09952544300636239,885,30,0.75,0,0.0,0.0,31.1,5875,,,,,,,,,,,,,,,,,,,,,,,,,,,
137,D,participants_only,,,30,30,0,0,22,8,0.47258769997941513,0.236878050457884,0.9977835843618963,0.11742947032325583,885,30,1.0,0,0.0,0.0,24.8,5875,,,,,,,,,,,,,,,,,,,,,,,,,,,
137,D,nonparticipants_only,,,10,0,10,0,0,0,0.22601172612019862,0.22218417868059914,0.26237426093407645,0.00021357789221632332,0,0,0.0,0,0.0,0.0,50.0,0,,,,,,,,,,,,,,,,,,,,,,,,,,,
137,D,step_totals,,,,,,,,,,,,,,,,,,,,,70.60000000000005,8.0,0.11331444759206791,,,54.0,0.7648725212464583,0.0,0.0,0.004398574573418766,0.18518518518518517,0.0,0,10,24,14,16,,54,21,2.6,0.03682719546742207,6.000000000000003,0.08498583569405097,13,30,22
138,D,all_agents,,,40,30,10,0,22,8,0.411181408471265,0.22944573424470205,0.9978722409874204,0.09955256043235532,891,30,0.75,0,0.0,0.0,31.3,5920,,,,,,,,,,,,,,,,,,,,,,,,,,,
138,D,participants_only,,,30,30,0,0,22,8,0.47278745186526533,0.23629364330898503,0.9978722409874204,0.11748538104555482,891,30,1.0,0,0.0,0.0,25.066666666666666,5920,,,,,,,,,,,,,,,,,,,,,,,,,,,
138,D,nonparticipants_only,,,10,0,10,0,0,0,0.22636327828926414,0.222014552166395,0.2621051594116882,0.00021044360079541886,0,0,0.0,0,0.0,0.0,50.0,0,,,,,,,,,,,,,,,,,,,,,,,,,,,
138,D,step_totals,,,,,,,,,,,,,,,,,,,,,68.20000000000006,12.0,0.17595307917888547,,,46.0,0.674486803519061,0.0,0.0,0.0045412432902645385,0.13043478260869565,0.0,0,6,16,45,24,,46,27,4.200000000000001,0.06158357771260993,6.000000000000003,0.08797653958944278,21,30,29
139,D,all_agents,,,40,30,10,0,22,8,0.41150985680617974,0.22912158432469587,0.9979573513479236,0.10001529559189806,898,30,0.75,0,0.0,0.0,31.1,5974,,,,,,,,,,,,,,,,,,,,,,,,,,,
139,D,participants_only,,,30,30,0,0,22,8,0.4731089269607462,0.23620986782984038,0.9979573513479236,0.11810667322589208,898,30,1.0,0,0.0,0.0,24.8,5974,,,,,,,,,,,,,,,,,,,,,,,,,,,
139,D,nonparticipants_only,,,10,0,10,0,0,0,0.22671264634248053,0.2221585302906786,0.2623107736266618,0.00020781736302969255,0,0,0.0,0,0.0,0.0,50.0,0,,,,,,,,,,,,,,,,,,,,,,,,,,,
139,D,step_totals,,,,,,,,,,,,,,,,,,,,,70.40000000000006,8.0,0.11363636363636354,,,54.0,0.7670454545454539,0.0,0.0,0.004359100431705812,0.12962962962962962,0.0,0,7,24,14,16,,54,21,2.4,0.03409090909090906,6.000000000000003,0.0852272727272727,12,30,22
140,D,all_agents,,,40,30,10,0,22,8,0.41171810611938947,0.22968892380462452,0.9980390572940067,0.10001811093867108,900,30,0.75,0,0.0,0.0,31.3,6019,,,,,,,,,,,,,,,,,,,,,,,,,,,
140,D,participants_only,,,30,30,0,0,22,8,0.47327087221992714,0.23544946172284004,0.9980390572940067,0.11813390018363676,900,30,1.0,0,0.0,0.0,25.066666666666666,6019,,,,,,,,,,,,,,,,,,,,,,,,,,,
140,D,nonparticipants_only,,,10,0,10,0,0,0,0.22705980781777654,0.2229914636507541,0.2623736292204592,0.0002058270282440778,0,0,0.0,0,0.0,0.0,50.0,0,,,,,,,,,,,,,,,,,,,,,,,,,,,
140,D,step_totals,,,,,,,,,,,,,,,,,,,,,68.20000000000007,12.0,0.17595307917888545,,,46.0,0.6744868035190609,0.0,0.0,0.004442316397379995,0.043478260869565216,0.0,0,2,16,45,24,,46,27,4.200000000000001,0.06158357771260992,6.000000000000003,0.08797653958944276,21,30,29
140,D,reachability,0.25,0.0,,,,,,,,,,,,,,,,,,,,,,,,,,,,,,,,,,,,,,,,,,,,,
141,D,all_agents,,,40,30,10,0,22,8,0.41203024804516125,0.23075808045703328,0.9981174950022464,0.1004717738727078,901,30,0.75,0,0.0,0.0,31.1,6072,,,,,,,,,,,,,,,,,,,,,,,,,,,
141,D,participants_only,,,30,30,0,0,22,8,0.47357202104811985,0.237648332804326,0.9981174950022464,0.11874483587082507,901,30,1.0,0,0.0,0.0,24.8,6072,,,,,,,,,,,,,,,,,,,,,,,,,,,
141,D,nonparticipants_only,,,10,0,10,0,0,0,0.22740492903628556,0.2238212065981578,0.261986094206275,0.00020390998618378367,0,0,0.0,0,0.0,0.0,50.0,0,,,,,,,,,,,,,,,,,,,,,,,,,,,
141,D,step_totals,,,,,,,,,,,,,,,,,,,,,70.40000000000005,8.0,0.11363636363636356,,,54.0,0.767045454545454,0.0,0.0,0.004305934502690075,0.018518518518518517,0.0,0,1,24,14,16,,54,21,2.4,0.03409090909090907,6.000000000000003,0.08522727272727271,12,30,22
142,D,all_agents,,,40,30,10,0,22,8,0.41222195924735594,0.23094827424935568,0.9981927952021565,0.1004629600981469,912,30,0.75,0,0.0,0.0,31.3,6117,,,,,,,,,,,,,,,,,,,,,,,,,,,
142,D,participants_only,,,30,30,0,0,22,8,0.47371324546719334,0.23646009114030436,0.9981927952021565,0.11875864166434856,912,30,1.0,0,0.0,0.0,25.066666666666666,6117,,,,,,,,,,,,,,,,,,,,,,,,,,,
142,D,nonparticipants_only,,,10,0,10,0,0,0,0.22774810058784378,0.2240673042181541,0.26322768545586533,0.00020177602790235054,0,0,0.0,0,0.0,0.0,50.0,0,,,,,,,,,,,,,,,,,,,,,,,,,,,
142,D,step_totals,,,,,,,,,,,,,,,,,,,,,68.20000000000007,12.0,0.17595307917888545,,,46.0,0.6744868035190609,0.0,0.0,0.004389093869103329,0.2391304347826087,0.0,0,11,16,45,24,,46,27,4.200000000000001,0.06158357771260992,6.000000000000003,0.08797653958944276,21,30,29
143,D,all_agents,,,40,30,10,0,22,8,0.4124830012283526,0.23083676002973502,0.9982650833940703,0.10087674103053051,918,30,0.75,0,0.0,0.0,31.1,6169,,,,,,,,,,,,,,,,,,,,,,,,,,,
143,D,participants_only,,,30,30,0,0,22,8,0.4739475657166941,0.2362114377922701,0.9982650833940703,0.11932424107525164,918,30,1.0,0,0.0,0.0,24.8,6169,,,,,,,,,,,,,,,,,,,,,,,,,,,
143,D,nonparticipants_only,,,10,0,10,0,0,0,0.22808930776332806,0.224437695836488,0.26332136911895926,0.00019952864346923488,0,0,0.0,0,0.0,0.0,50.0,0,,,,,,,,,,,,,,,,,,,,,,,,,,,
143,D,step_totals,,,,,,,,,,,,,,,,,,,,,70.40000000000005,8.0,0.11363636363636356,,,54.0,0.767045454545454,0.0,0.0,0.004133689873689261,0.1111111111111111,0.0,0,6,24,14,16,,54,21,2.4,0.03409090909090907,6.000000000000003,0.08522727272727271,12,30,22
144,D,all_agents,,,40,30,10,0,22,8,0.41268967680574115,0.23073299032154349,0.9983344800583075,0.10087998338216705,925,30,0.75,0,0.0,0.0,31.3,6215,,,,,,,,,,,,,,,,,,,,,,,,,,,
144,D,participants_only,,,30,30,0,0,22,8,0.4741099923844145,0.23553087527057318,0.9983344800583075,0.11935129596582082,925,30,1.0,0,0.0,0.0,25.066666666666666,6215,,,,,,,,,,,,,,,,,,,,,,,,,,,
144,D,nonparticipants_only,,,10,0,10,0,0,0,0.22842873006972111,0.22427959539843634,0.26306155260402864,0.0001965836417998748,0,0,0.0,0,0.0,0.0,50.0,0,,,,,,,,,,,,,,,,,,,,,,,,,,,
144,D,step_totals,,,,,,,,,,,,,,,,,,,,,68.20000000000005,12.0,0.1759530791788855,,,46.0,0.6744868035190611,0.0,0.0,0.0044455349073484335,0.15217391304347827,0.0,0,7,16,45,24,,46,27,4.200000000000001,0.061583577712609944,6.000000000000003,0.08797653958944279,21,30,29
145,D,all_agents,,,40,30,10,0,22,8,0.4129462935625547,0.23037589437970307,0.9984011008559752,0.10129761323300797,932,30,0.75,0,0.0,0.0,31.1,6267,,,,,,,,,,,,,,,,,,,,,,,,,,,
145,D,participants_only,,,30,30,0,0,22,8,0.47433971020993354,0.23531306549607028,0.9984011008559752,0.11992216869483832,932,30,1.0,0,0.0,0.0,24.8,6267,,,,,,,,,,,,,,,,,,,,,,,,,,,
145,D,nonparticipants_only,,,10,0,10,0,0,0,0.22876604362041825,0.2244186057397589,0.2632600723607379,0.00019412755585309916,0,0,0.0,0,0.0,0.0,50.0,0,,,,,,,,,,,,,,,,,,,,,,,,,,,
145,D,step_totals,,,,,,,,,,,,,,,,,,,,,70.40000000000005,8.0,0.11363636363636356,,,54.0,0.767045454545454,0.0,0.0,0.004121223591021054,0.12962962962962962,0.0,0,7,24,14,16,,54,21,2.4,0.03409090909090907,6.000000000000003,0.08522727272727271,12,30,22
146,D,all_agents,,,40,30,10,0,22,8,0.41314286759800883,0.2305286485238191,0.9984650568217363,0.1012935764222936,941,30,0.75,0,0.0,0.0,31.3,6313,,,,,,,,,,,,,,,,,,,,,,,,,,,
146,D,participants_only,,,30,30,0,0,22,8,0.47449008122122055,0.23505745866286426,0.9984650568217363,0.1199400849485289,941,30,1.0,0,0.0,0.0,25.066666666666666,6313,,,,,,,,,,,,,,,,,,,,,,,,,,,
146,D,nonparticipants_only,,,10,0,10,0,0,0,0.22910122672837346,0.22527242541339765,0.26332075920182085,0.00019228341160392227,0,0,0.0,0,0.0,0.0,50.0,0,,,,,,,,,,,,,,,,,,,,,,,,,,,
146,D,step_totals,,,,,,,,,,,,,,,,,,,,,68.20000000000006,12.0,0.17595307917888547,,,46.0,0.674486803519061,0.0,0.0,0.0044134160938894456,0.1956521739130435,0.0,0,9,16,45,24,,46,27,4.200000000000001,0.06158357771260993,6.000000000000003,0.08797653958944278,21,30,29
147,D,all_agents,,,40,30,10,0,22,8,0.41335113340404,0.22977898689446624,0.9985264545488668,0.10168471587835225,947,30,0.75,0,0.0,0.0,31.1,6364,,,,,,,,,,,,,,,,,,,,,,,,,,,
147,D,participants_only,,,30,30,0,0,22,8,0.47465669788004666,0.23516103949778475,0.9985264545488668,0.12048262918513106,947,30,1.0,0,0.0,0.0,24.8,6364,,,,,,,,,,,,,,,,,,,,,,,,,,,
147,D,nonparticipants_only,,,10,0,10,0,0,0,0.22943443997602,0.2259246610086411,0.26294659559284034,0.00019050912935412095,0,0,0.0,0,0.0,0.0,50.0,0,,,,,,,,,,,,,,,,,,,,,,,,,,,
147,D,step_totals,,,,,,,,,,,,,,,,,,,,,70.40000000000006,8.0,0.11363636363636354,,,54.0,0.7670454545454539,0.0,0.0,0.003958530232291769,0.1111111111111111,0.0,0,6,24,14,16,,54,21,2.4,0.03409090909090906,6.000000000000003,0.0852272727272727,12,30,22
148,D,all_agents,,,40,30,10,0,22,8,0.4135117639589024,0.23134418200058365,0.9985853963669121,0.1016531863811046,956,30,0.75,0,0.0,0.0,31.3,6408,,,,,,,,,,,,,,,,,,,,,,,,,,,
148,D,participants_only,,,30,30,0,0,22,8,0.47476042833603443,0.23445852831356845,0.9985853963669121,0.12046914454734685,956,30,1.0,0,0.0,0.0,25.066666666666666,6408,,,,,,,,,,,,,,,,,,,,,,,,,,,
148,D,nonparticipants_only,,,10,0,10,0,0,0,0.2297657708275064,0.22626151983859327,0.2641453473077099,0.00018852522658717265,0,0,0.0,0,0.0,0.0,50.0,0,,,,,,,,,,,,,,,,,,,,,,,,,,,
148,D,step_totals,,,,,,,,,,,,,,,,,,,,,68.20000000000006,12.0,0.17595307917888547,,,46.0,0.674486803519061,0.0,0.0,0.0042899178147808,0.1956521739130435,0.0,0,9,16,45,24,,46,27,4.200000000000001,0.06158357771260993,6.000000000000003,0.08797653958944278,21,30,29
149,D,all_agents,,,40,30,10,0,22,8,0.4137730847754139,0.23125926605783792,0.9986419805122356,0.10207676083135293,959,30,0.75,0,0.0,0.0,31.1,6462,,,,,,,,,,,,,,,,,,,,,,,,,,,
149,D,participants_only,,,30,30,0,0,22,8,0.47499904467347537,0.2357691375259518,0.9986419805122356,0.12104573137587595,959,30,1.0,0,0.0,0.0,24.8,6462,,,,,,,,,,,,,,,,,,,,,,,,,,,
149,D,nonparticipants_only,,,10,0,10,0,0,0,0.23009520508122924,0.22656925656290075,0.26423579853457385,0.0001864312125154068,0,0,0.0,0,0.0,0.0,50.0,0,,,,,,,,,,,,,,,,,,,,,,,,,,,
149,D,step_totals,,,,,,,,,,,,,,,,,,,,,70.60000000000005,8.0,0.11331444759206791,,,54.0,0.7648725212464583,0.0,0.0,0.004129653300541177,0.05555555555555555,0.0,0,3,24,14,16,,54,21,2.6,0.03682719546742207,6.000000000000003,0.08498583569405097,13,30,22
150,D,all_agents,,,40,30,10,0,22,8,0.41395229512758736,0.23160854212403184,0.9986963012917462,0.10205813489989857,968,30,0.75,0,0.0,0.0,31.3,6508,,,,,,,,,,,,,,,,,,,,,,,,,,,
150,D,participants_only,,,30,30,0,0,22,8,0.4751287548199465,0.23531383405611767,0.9986963012917462,0.1210460551624389,968,30,1.0,0,0.0,0.0,25.066666666666666,6508,,,,,,,,,,,,,,,,,,,,,,,,,,,
150,D,nonparticipants_only,,,10,0,10,0,0,0,0.2304229160505099,0.22646648618037357,0.2639849466596696,0.00018366346638745517,0,0,0.0,0,0.0,0.0,50.0,0,,,,,,,,,,,,,,,,,,,,,,,,,,,
150,D,step_totals,,,,,,,,,,,,,,,,,,,,,68.20000000000006,12.0,0.17595307917888547,,,46.0,0.674486803519061,0.0,0.0,0.004359603584580457,0.1956521739130435,0.0,0,9,16,45,24,,46,27,4.200000000000001,0.06158357771260993,6.000000000000003,0.08797653958944278,21,30,29
150,D,reachability,0.25,0.0,,,,,,,,,,,,,,,,,,,,,,,,,,,,,,,,,,,,,,,,,,,,,
151,D,all_agents,,,40,30,10,0,22,8,0.4142004887924649,0.23114402861803024,0.9987484492400764,0.1024739735847064,982,30,0.75,0,0.0,0.0,31.1,6561,,,,,,,,,,,,,,,,,,,,,,,,,,,
151,D,participants_only,,,30,30,0,0,22,8,0.47535112138193947,0.23480970951787378,0.9987484492400764,0.12161390989275629,982,30,1.0,0,0.0,0.0,24.8,6561,,,,,,,,,,,,,,,,,,,,,,,,,,,
151,D,nonparticipants_only,,,10,0,10,0,0,0,0.2307485910240411,0.22658914222345744,0.2641766167434184,0.00018136626744180348,0,0,0.0,0,0.0,0.0,50.0,0,,,,,,,,,,,,,,,,,,,,,,,,,,,
151,D,step_totals,,,,,,,,,,,,,,,,,,,,,70.40000000000006,8.0,0.11363636363636354,,,54.0,0.7670454545454539,0.0,0.0,0.00409849964283344,0.25925925925925924,0.0,0,14,24,14,16,,54,21,2.4,0.03409090909090906,6.000000000000003,0.0852272727272727,12,30,22
152,D,all_agents,,,40,30,10,0,22,8,0.41431756599530106,0.2312153047521822,0.9987985112704734,0.10240110188639157,986,30,0.75,0,0.0,0.0,31.3,6603,,,,,,,,,,,,,,,,,,,,,,,,,,,
152,D,participants_only,,,30,30,0,0,22,8,0.4753993516393811,0.23479103027259413,0.9987985112704734,0.1215509783610872,986,30,1.0,0,0.0,0.0,25.066666666666666,6603,,,,,,,,,,,,,,,,,,,,,,,,,,,
152,D,nonparticipants_only,,,10,0,10,0,0,0,0.23107220906306095,0.22747468547718508,0.26423520966185443,0.0001796580126725192,0,0,0.0,0,0.0,0.0,50.0,0,,,,,,,,,,,,,,,,,,,,,,,,,,,
152,D,step_totals,,,,,,,,,,,,,,,,,,,,,68.20000000000007,12.0,0.17595307917888545,,,46.0,0.6744868035190609,0.0,0.0,0.004144136029885377,0.08695652173913043,0.0,0,4,16,45,24,,46,27,4.200000000000001,0.06158357771260992,6.000000000000003,0.08797653958944276,21,30,29
153,D,all_agents,,,40,30,10,0,22,8,0.4145539768535364,0.23121123536425647,0.9988465708196544,0.10281045883295784,1000,30,0.75,0,0.0,0.0,31.1,6656,,,,,,,,,,,,,,,,,,,,,,,,,,,
153,D,participants_only,,,30,30,0,0,22,8,0.4756073274016122,0.23475448951526476,0.9988465708196544,0.12211122653512205,1000,30,1.0,0,0.0,0.0,24.8,6656,,,,,,,,,,,,,,,,,,,,,,,,,,,
153,D,nonparticipants_only,,,10,0,10,0,0,0,0.23139392520930901,0.22795553838680288,0.26387395609466385,0.00017801636871046648,0,0,0.0,0,0.0,0.0,50.0,0,,,,,,,,,,,,,,,,,,,,,,,,,,,
153,D,step_totals,,,,,,,,,,,,,,,,,,,,,70.60000000000005,8.0,0.11331444759206791,,,54.0,0.7648725212464583,0.0,0.0,0.004047834419325786,0.25925925925925924,0.0,0,14,24,14,16,,54,21,2.6,0.03682719546742207,6.000000000000003,0.08498583569405097,13,30,22
154,D,all_agents,,,40,30,10,0,22,8,0.41471797955756845,0.2306172474921474,0.9988927079868682,0.10277983018552692,1011,30,0.75,0,0.0,0.0,31.3,6702,,,,,,,,,,,,,,,,,,,,,,,,,,,
154,D,participants_only,,,30,30,0,0,22,8,0.4757193647737265,0.23451090446435413,0.9988927079868682,0.122096373533874,1011,30,1.0,0,0.0,0.0,25.066666666666666,6702,,,,,,,,,,,,,,,,,,,,,,,,,,,
154,D,nonparticipants_only,,,10,0,10,0,0,0,0.2317138239090941,0.22838002682602798,0.2650313463987408,0.0001761721610043509,0,0,0.0,0,0.0,0.0,50.0,0,,,,,,,,,,,,,,,,,,,,,,,,,,,
154,D,step_totals,,,,,,,,,,,,,,,,,,,,,68.20000000000006,12.0,0.17595307917888547,,,46.0,0.674486803519061,0.0,0.0,0.004312698362746628,0.2391304347826087,0.0,0,11,16,45,24,,46,27,4.200000000000001,0.06158357771260993,6.000000000000003,0.08797653958944278,21,30,29
155,D,all_agents,,,40,30,10,0,22,8,0.4149027864800855,0.2313849287096758,0.9989369996673935,0.10314780755161465,1019,30,0.75,0,0.0,0.0,31.1,6754,,,,,,,,,,,,,,,,,,,,,,,,,,,
155,D,participants_only,,,30,30,0,0,22,8,0.47585975148984033,0.2346091731174702,0.9989369996673935,0.12260933004165997,1019,30,1.0,0,0.0,0.0,24.8,6754,,,,,,,,,,,,,,,,,,,,,,,,,,,
155,D,nonparticipants_only,,,10,0,10,0,0,0,0.23203189145082115,0.22862727048413192,0.26511867672049605,0.00017422108307305528,0,0,0.0,0,0.0,0.0,50.0,0,,,,,,,,,,,,,,,,,,,,,,,,,,,
155,D,step_totals,,,,,,,,,,,,,,,,,,,,,70.40000000000005,8.0,0.11363636363636356,,,54.0,0.767045454545454,0.0,0.0,0.0038853491890666085,0.14814814814814814,0.0,0,8,24,14,16,,54,21,2.4,0.03409090909090907,6.000000000000003,0.08522727272727271,12,30,22
156,D,all_agents,,,40,30,10,0,22,8,0.4150589746854624,0.23222013751088652,0.9989795196806978,0.10311085680909825,1024,30,0.75,0,0.0,0.0,31.3,6800,,,,,,,,,,,,,,,,,,,,,,,,,,,
156,D,participants_only,,,30,30,0,0,22,8,0.4759625345246649,0.23404458789005672,0.9989795196806978,0.1225869615588821,1024,30,1.0,0,0.0,0.0,25.066666666666666,6800,,,,,,,,,,,,,,,,,,,,,,,,,,,
156,D,nonparticipants_only,,,10,0,10,0,0,0,0.2323482951678547,0.22857792106358865,0.2648764801720596,0.00017161934669876608,0,0,0.0,0,0.0,0.0,50.0,0,,,,,,,,,,,,,,,,,,,,,,,,,,,
156,D,step_totals,,,,,,,,,,,,,,,,,,,,,68.20000000000006,12.0,0.17595307917888547,,,46.0,0.674486803519061,0.0,0.0,0.004287980248183781,0.10869565217391304,0.0,0,5,16,45,24,,46,27,4.200000000000001,0.06158357771260993,6.000000000000003,0.08797653958944278,21,30,29
