step,condition,population,skill_reachability,resource_reachability,n_agents,maker_count,stage_consumer,stage_customizer,stage_maker,stage_advanced_maker,skill_mean,skill_median,skill_max,skill_var,method_count_total,method_holders,method_adoption_rate,method_peer_held,knowledge_diffusion_lag_mean,hop_count_mean,latent_distributed_resources,completed_projects_total,time_total,time_observe,time_share_observe,time_practice,time_share_practice,time_make,time_share_make,time_idle,time_share_idle,skill_gain_per_time,method_self_discovery_per_time,method_peer_acquisition_per_time,peer_acquired_count,self_discovered_count,reject_time_budget_exceeded,reject_missing_asset,count_observe,count_practice,count_make,count_idle,time_ask,time_share_ask,time_share,time_share_share,count_ask,count_share,reject_insufficient_material
0,C,reachability,0.825,0.0,,,,,,,,,,,,,,,,,,,,,,,,,,,,,,,,,,,,,,,,,,,,,
1,C,all_agents,,,40,0,15,25,0,0,0.16405136733798048,0.14723146986841765,0.5639156871731885,0.012223102178165685,9,8,0.2,0,0.0,0.0,25.7,38,,,,,,,,,,,,,,,,,,,,,,,,,,,
1,C,participants_only,,,30,0,5,25,0,0,0.16640917376804124,0.14723146986841765,0.5639156871731885,0.012687047392917502,9,8,0.26666666666666666,0,0.0,0.0,24.266666666666666,38,,,,,,,,,,,,,,,,,,,,,,,,,,,
1,C,nonparticipants_only,,,10,0,10,0,0,0,0.15697794804779822,0.13908127115378818,0.47102060320119216,0.010764555519970607,0,0,0.0,0,0.0,0.0,30.0,0,,,,,,,,,,,,,,,,,,,,,,,,,,,
1,C,step_totals,,,,,,,,,,,,,,,,,,,,,83.49999999999997,4.000000000000002,0.047904191616766505,19.5,0.23353293413173662,60.0,0.7185628742514972,0.0,0.0,0.021656549699412973,0.15,0.0,0,9,30,21,40,39,60,34,,,,,,,
2,C,all_agents,,,40,2,11,27,2,0,0.1703891895444007,0.15227423819507707,0.581359059686261,0.012028342572492847,16,10,0.25,0,0.0,0.0,26.4,71,,,,,,,,,,,,,,,,,,,,,,,,,,,
2,C,participants_only,,,30,2,1,27,2,0,0.17458107643929108,0.15669005485514598,0.581359059686261,0.012520441310196948,16,10,0.3333333333333333,0,0.0,0.0,23.533333333333335,71,,,,,,,,,,,,,,,,,,,,,,,,,,,
2,C,nonparticipants_only,,,10,0,10,0,0,0,0.15781352885972944,0.14296346030246376,0.4686655001851862,0.010341183370505894,0,0,0.0,0,0.0,0.0,35.0,0,,,,,,,,,,,,,,,,,,,,,,,,,,,
2,C,step_totals,,,,,,,,,,,,,,,,,,,,,88.5,4.000000000000002,0.04519774011299437,19.5,0.22033898305084745,60.0,0.6779661016949152,0.0,0.0,0.0186855507870569,0.11666666666666667,0.0,0,7,16,18,40,39,60,33,3.600000000000001,0.040677966101694926,1.4,0.015819209039548022,18,7,
3,C,all_agents,,,40,4,11,25,4,0,0.17639715044439816,0.15695389958647152,0.5855454690893984,0.012037431569558577,24,17,0.425,0,0.0,0.0,27.65,102,,,,,,,,,,,,,,,,,,,,,,,,,,,
3,C,participants_only,,,30,4,1,25,4,0,0.18231664707365536,0.16360995932784766,0.5855454690893984,0.01259486089483978,24,17,0.5666666666666667,0,0.0,0.0,23.533333333333335,102,,,,,,,,,,,,,,,,,,,,,,,,,,,
3,C,nonparticipants_only,,,10,0,10,0,0,0,0.15863866055662654,0.1469036506462902,0.4663221726842603,0.00994465830958952,0,0,0.0,0,0.0,0.0,40.0,0,,,,,,,,,,,,,,,,,,,,,,,,,,,
3,C,step_totals,,,,,,,,,,,,,,,,,,,,,88.70000000000002,3.900000000000002,0.04396843291995492,20.0,0.22547914317925588,60.0,0.6764374295377676,0.0,0.0,0.017730622375668963,0.13333333333333333,0.0,0,8,18,17,39,40,60,33,3.2000000000000006,0.036076662908680945,1.5999999999999999,0.01803833145434047,16,8,
4,C,all_agents,,,40,4,10,26,4,0,0.1816117237740446,0.16215831827395255,0.6021236503258225,0.011942541584295644,27,18,0.45,0,0.0,0.0,29.5,128,,,,,,,,,,,,,,,,,,,,,,,,,,,
4,C,participants_only,,,30,4,0,26,4,0,0.1889977859268103,0.1694276752619798,0.6021236503258225,0.01251388164252179,27,18,0.6,0,0.0,0.0,24.333333333333332,128,,,,,,,,,,,,,,,,,,,,,,,,,,,
4,C,nonparticipants_only,,,10,0,10,0,0,0,0.15945353731574757,0.14716879895056934,0.463990561820839,0.009573874440122991,0,0,0.0,0,0.0,0.0,45.0,0,,,,,,,,,,,,,,,,,,,,,,,,,,,
4,C,step_totals,,,,,,,,,,,,,,,,,,,,,85.70000000000005,3.900000000000002,0.045507584597432905,20.0,0.233372228704784,53.0,0.6184364060676776,0.0,0.0,0.01625565261818217,0.05660377358490566,0.0,0,3,4,25,39,40,53,38,5.400000000000002,0.0630105017502917,3.400000000000001,0.03967327887981329,27,17,21
5,C,all_agents,,,40,4,10,26,4,0,0.18588363668294886,0.16178784301821508,0.6180387043127896,0.011951844408375052,30,19,0.475,0,0.0,0.0,31.75,147,,,,,,,,,,,,,,,,,,,,,,,,,,,
5,C,participants_only,,,30,4,0,26,4,0,0.19442503423514326,0.17567499098312428,0.6180387043127896,0.012569374253083973,30,19,0.6333333333333333,0,0.0,0.0,25.666666666666668,147,,,,,,,,,,,,,,,,,,,,,,,,,,,
5,C,nonparticipants_only,,,10,0,10,0,0,0,0.16025944402636552,0.14643295495581649,0.4616706090117348,0.009223789208512693,0,0,0.0,0,0.0,0.0,50.0,0,,,,,,,,,,,,,,,,,,,,,,,,,,,
5,C,step_totals,,,,,,,,,,,,,,,,,,,,,83.10000000000005,3.700000000000002,0.044524669073405534,20.0,0.240673886883273,50.0,0.6016847172081825,0.0,0.0,0.014096928329173043,0.06,0.0,0,3,5,23,37,40,50,38,5.8000000000000025,0.0697954271961492,3.600000000000001,0.043321299638989154,29,18,27
6,C,all_agents,,,40,4,10,26,4,0,0.19065448598321397,0.16294951522927703,0.6149485107912257,0.011751352271955425,34,19,0.475,0,0.0,0.0,32.325,170,,,,,,,,,,,,,,,,,,,,,,,,,,,
6,C,participants_only,,,30,4,0,26,4,0,0.2005204856757081,0.17542860456928688,0.6149485107912257,0.012314550939012358,34,19,0.6333333333333333,0,0.0,0.0,26.433333333333334,170,,,,,,,,,,,,,,,,,,,,,,,,,,,
6,C,nonparticipants_only,,,10,0,10,0,0,0,0.16105648690573163,0.14570079018103743,0.4593622559666761,0.008893700871597096,0,0,0.0,0,0.0,0.0,50.0,0,,,,,,,,,,,,,,,,,,,,,,,,,,,
6,C,step_totals,,,,,,,,,,,,,,,,,,,,,82.90000000000005,2.9000000000000012,0.03498190591073582,20.0,0.2412545235223159,50.0,0.6031363088057897,0.0,0.0,0.015659210139885707,0.08,0.0,0,4,6,33,29,40,50,40,6.200000000000003,0.07478890229191797,3.800000000000001,0.04583835946924004,31,19,31
7,C,all_agents,,,40,5,10,25,5,0,0.19560603467111554,0.166695944515164,0.6118737682372696,0.011765718861166138,36,20,0.5,0,0.0,0.0,32.55,194,,,,,,,,,,,,,,,,,,,,,,,,,,,
7,C,participants_only,,,30,5,0,25,5,0,0.2068594736457465,0.18010711463883883,0.6118737682372696,0.012321212630956513,36,20,0.6666666666666666,0,0.0,0.0,26.733333333333334,194,,,,,,,,,,,,,,,,,,,,,,,,,,,
7,C,nonparticipants_only,,,10,0,10,0,0,0,0.1618457177472227,0.14497228623013225,0.45706544468684274,0.008579558886726098,0,0,0.0,0,0.0,0.0,50.0,0,,,,,,,,,,,,,,,,,,,,,,,,,,,
7,C,step_totals,,,,,,,,,,,,,,,,,,,,,88.50000000000007,0.8999999999999999,0.01016949152542372,20.0,0.22598870056497156,57.0,0.644067796610169,0.0,0.0,0.015091216235275718,0.03508771929824561,0.0,0,2,12,29,9,40,57,40,6.800000000000003,0.07683615819209037,3.800000000000001,0.04293785310734461,34,19,33
8,C,all_agents,,,40,5,10,25,5,0,0.20066527612071958,0.17305951990061152,0.620849145906675,0.011902343722856285,38,21,0.525,0,0.0,0.0,33.025,221,,,,,,,,,,,,,,,,,,,,,,,,,,,
8,C,participants_only,,,30,5,0,25,5,0,0.21334471520541623,0.18570059133856576,0.620849145906675,0.012466101205256376,38,21,0.7,0,0.0,0.0,27.366666666666667,221,,,,,,,,,,,,,,,,,,,,,,,,,,,
8,C,nonparticipants_only,,,10,0,10,0,0,0,0.1626269588666297,0.14424742479898156,0.4547801174634085,0.008281853169625618,0,0,0.0,0,0.0,0.0,50.0,0,,,,,,,,,,,,,,,,,,,,,,,,,,,
8,C,step_totals,,,,,,,,,,,,,,,,,,,,,86.00000000000009,0.2,0.002325581395348835,20.0,0.2325581395348835,55.0,0.6395348837209296,0.0,0.0,0.015843375346118918,0.03636363636363636,0.0,0,2,13,38,2,40,55,39,6.800000000000003,0.07906976744186042,4.000000000000001,0.04651162790697671,34,20,32
9,C,all_agents,,,40,5,10,25,5,0,0.20573200838465364,0.17435629550272622,0.6360151800704079,0.012127844621547538,44,23,0.575,0,0.0,0.0,32.825,248,,,,,,,,,,,,,,,,,,,,,,,,,,,
9,C,participants_only,,,30,5,0,25,5,0,0.21984222502453868,0.19224818454428044,0.6360151800704079,0.01270872802565478,44,23,0.7666666666666667,0,0.0,0.0,27.1,248,,,,,,,,,,,,,,,,,,,,,,,,,,,
9,C,nonparticipants_only,,,10,0,10,0,0,0,0.1634013584649984,0.1454930887223353,0.4525062168760915,0.007996015845731938,0,0,0.0,0,0.0,0.0,50.0,0,,,,,,,,,,,,,,,,,,,,,,,,,,,
9,C,step_totals,,,,,,,,,,,,,,,,,,,,,89.20000000000009,0.2,0.002242152466367711,20.0,0.2242152466367711,58.0,0.6502242152466361,0.0,0.0,0.015271895387895524,0.10344827586206896,0.0,0,6,12,30,2,40,58,40,6.800000000000003,0.0762331838565022,4.200000000000001,0.047085201793721936,34,21,36
10,C,all_agents,,,40,8,10,22,8,0,0.2112024642305691,0.17636084171750221,0.6505745728675916,0.012705696640138334,51,23,0.575,0,0.0,0.0,32.6,283,,,,,,,,,,,,,,,,,,,,,,,,,,,
10,C,participants_only,,,30,8,0,22,8,0,0.22688051269418558,0.20170187227611797,0.6505745728675916,0.013382848839281456,51,23,0.7666666666666667,0,0.0,0.0,26.8,283,,,,,,,,,,,,,,,,,,,,,,,,,,,
10,C,nonparticipants_only,,,10,0,10,0,0,0,0.16416831883971963,0.1452130626445528,0.45024368579171103,0.0077246255991788755,0,0,0.0,0,0.0,0.0,50.0,0,,,,,,,,,,,,,,,,,,,,,,,,,,,
10,C,step_totals,,,,,,,,,,,,,,,,,,,,,87.20000000000009,,,20.0,0.22935779816513738,56.0,0.6422018348623847,0.0,0.0,0.016710434780658288,0.125,0.0,0,7,12,37,,40,56,38,6.600000000000003,0.07568807339449538,4.600000000000001,0.05275229357798161,33,23,32
10,C,reachability,0.45,0.0,,,,,,,,,,,,,,,,,,,,,,,,,,,,,,,,,,,,,,,,,,,,,
11,C,all_agents,,,40,9,10,21,9,0,0.21614766236655777,0.1786528107816185,0.6645515899528879,0.01323979423209479,58,26,0.65,0,0.0,0.0,32.225,313,,,,,,,,,,,,,,,,,,,,,,,,,,,
11,C,participants_only,,,30,9,0,21,9,0,0.23322037658014183,0.20655442282870867,0.6645515899528879,0.014000125599579753,58,26,0.8666666666666667,0,0.0,0.0,26.3,313,,,,,,,,,,,,,,,,,,,,,,,,,,,
11,C,nonparticipants_only,,,10,0,10,0,0,0,0.16492951972580552,0.14591910809918146,0.4479924673627525,0.007461069282215314,0,0,0.0,0,0.0,0.0,50.0,0,,,,,,,,,,,,,,,,,,,,,,,,,,,
11,C,step_totals,,,,,,,,,,,,,,,,,,,,,87.30000000000008,,,19.5,0.2233676975945015,57.0,0.6529209621993121,0.0,0.0,0.01531583453398419,0.12280701754385964,0.0,0,7,13,30,,39,57,39,6.200000000000003,0.07101947308132872,4.600000000000001,0.05269186712485678,31,23,40
12,C,all_agents,,,40,10,10,20,10,0,0.22103350550114925,0.17793381350053294,0.6779695263547724,0.013734932920695353,63,26,0.65,0,0.0,0.0,32.15,345,,,,,,,,,,,,,,,,,,,,,,,,,,,
12,C,participants_only,,,30,10,0,20,10,0,0.2394834586772802,0.20774403960945104,0.6779695263547724,0.014548191688138635,63,26,0.8666666666666667,0,0.0,0.0,26.2,345,,,,,,,,,,,,,,,,,,,,,,,,,,,
12,C,nonparticipants_only,,,10,0,10,0,0,0,0.1656836459727564,0.14790846296795973,0.4457525050259387,0.007210347351948415,0,0,0.0,0,0.0,0.0,50.0,0,,,,,,,,,,,,,,,,,,,,,,,,,,,
12,C,step_totals,,,,,,,,,,,,,,,,,,,,,82.70000000000009,0.30000000000000004,0.003627569528415958,20.0,0.24183796856106382,50.0,0.6045949214026596,0.0,0.0,0.016095429186297357,0.1,0.0,0,5,6,47,3,40,50,39,7.200000000000004,0.08706166868198302,5.200000000000002,0.06287787182587662,36,26,41
13,C,all_agents,,,40,11,10,19,11,0,0.22656080322855926,0.1805897241591214,0.6908507453005814,0.014518014870292821,67,27,0.675,0,0.0,0.0,31.8,384,,,,,,,,,,,,,,,,,,,,,,,,,,,
13,C,participants_only,,,30,11,0,19,11,0,0.24660365663487052,0.20821035766353893,0.6908507453005814,0.015428273209543352,67,27,0.9,0,0.0,0.0,25.733333333333334,384,,,,,,,,,,,,,,,,,,,,,,,,,,,
13,C,nonparticipants_only,,,10,0,10,0,0,0,0.1664322430096254,0.14763221767469342,0.443523742500809,0.006966648180538622,0,0,0.0,0,0.0,0.0,50.0,0,,,,,,,,,,,,,,,,,,,,,,,,,,,
13,C,step_totals,,,,,,,,,,,,,,,,,,,,,87.90000000000008,,,19.5,0.2218430034129691,57.0,0.648464163822525,0.0,0.0,0.016807080825982333,0.07017543859649122,0.0,0,4,12,29,,39,57,39,6.200000000000003,0.07053469852104662,5.200000000000002,0.05915813424345845,31,26,40
14,C,all_agents,,,40,15,10,15,15,0,0.2313070833817755,0.1820440287261888,0.7032167154885581,0.015298810011472635,72,28,0.7,0,0.0,0.0,31.725,418,,,,,,,,,,,,,,,,,,,,,,,,,,,
14,C,participants_only,,,30,15,0,15,15,0,0.2526843644952222,0.21164718956137593,0.7032167154885581,0.01632707860439867,72,28,0.9333333333333333,0,0.0,0.0,25.633333333333333,418,,,,,,,,,,,,,,,,,,,,,,,,,,,
14,C,nonparticipants_only,,,10,0,10,0,0,0,0.16717524004143544,0.14948332689691143,0.44130612378830497,0.00673014645905464,0,0,0.0,0,0.0,0.0,50.0,0,,,,,,,,,,,,,,,,,,,,,,,,,,,
14,C,step_totals,,,,,,,,,,,,,,,,,,,,,83.4000000000001,,,20.0,0.23980815347721793,51.0,0.6115107913669057,0.0,0.0,0.015587357624730664,0.09803921568627451,0.0,0,5,7,50,,40,51,38,7.0000000000000036,0.08393285371702632,5.400000000000002,0.06474820143884887,35,27,41
15,C,all_agents,,,40,19,10,11,19,0,0.23592412629608184,0.18260891715940133,0.7150880468690158,0.016201532775463764,78,29,0.725,0,0.0,0.0,31.5,451,,,,,,,,,,,,,,,,,,,,,,,,,,,
15,C,participants_only,,,30,19,0,11,19,0,0.2585948917404475,0.2250313786182262,0.7150880468690158,0.017378162390909013,78,29,0.9666666666666667,0,0.0,0.0,25.333333333333332,451,,,,,,,,,,,,,,,,,,,,,,,,,,,
15,C,nonparticipants_only,,,10,0,10,0,0,0,0.16791182996298504,0.15099207224459776,0.4390995931693634,0.006504080659126713,0,0,0.0,0,0.0,0.0,50.0,0,,,,,,,,,,,,,,,,,,,,,,,,,,,
15,C,step_totals,,,,,,,,,,,,,,,,,,,,,86.1000000000001,,,19.5,0.22648083623693355,55.0,0.6387921022067357,0.0,0.0,0.014631974138101645,0.10909090909090909,0.0,0,6,12,30,,39,55,36,6.000000000000003,0.06968641114982574,5.600000000000002,0.06504065040650402,30,28,41
16,C,all_agents,,,40,20,10,10,20,0,0.24055850418559935,0.1846106435660878,0.7264845249942552,0.017130824788375586,84,29,0.725,0,0.0,0.0,31.425,487,,,,,,,,,,,,,,,,,,,,,,,,,,,
16,C,participants_only,,,30,20,0,10,20,0,0.2645303540405475,0.22949321372863582,0.7264845249942552,0.018447529238351416,84,29,0.9666666666666667,0,0.0,0.0,25.233333333333334,487,,,,,,,,,,,,,,,,,,,,,,,,,,,
16,C,nonparticipants_only,,,10,0,10,0,0,0,0.16864295462075488,0.15348800901185605,0.4369040952035166,0.006284916412829957,0,0,0.0,0,0.0,0.0,50.0,0,,,,,,,,,,,,,,,,,,,,,,,,,,,
16,C,step_totals,,,,,,,,,,,,,,,,,,,,,83.3000000000001,,,19.5,0.2340936374549817,51.0,0.6122448979591829,0.0,0.0,0.015328524221505622,0.11764705882352941,0.0,0,6,5,50,,39,51,36,7.0000000000000036,0.0840336134453781,5.8000000000000025,0.06962785114045614,35,29,39
17,C,all_agents,,,40,21,10,9,21,0,0.24518584179245678,0.1858922007435599,0.737425143994485,0.018119408730468484,89,29,0.725,0,0.0,0.0,31.225,523,,,,,,,,,,,,,,,,,,,,,,,,,,,
17,C,participants_only,,,30,21,0,9,21,0,0.27045831460621605,0.23138437106221482,0.737425143994485,0.019580002425867007,89,29,0.9666666666666667,0,0.0,0.0,24.966666666666665,523,,,,,,,,,,,,,,,,,,,,,,,,,,,
17,C,nonparticipants_only,,,10,0,10,0,0,0,0.16936842335117894,0.15414543845838166,0.434719574727499,0.006073253058806492,0,0,0.0,0,0.0,0.0,50.0,0,,,,,,,,,,,,,,,,,,,,,,,,,,,
17,C,step_totals,,,,,,,,,,,,,,,,,,,,,85.5000000000001,,,19.5,0.22807017543859623,54.0,0.6315789473684204,0.0,0.0,0.01481102059535152,0.09259259259259259,0.0,0,5,11,32,,39,54,36,6.200000000000003,0.07251461988304088,5.8000000000000025,0.06783625730994147,31,29,42
18,C,all_agents,,,40,23,10,7,23,0,0.2495223010067348,0.19179446194594976,0.7479281382347056,0.01915976477233928,90,29,0.725,0,0.0,0.0,31.225,559,,,,,,,,,,,,,,,,,,,,,,,,,,,
18,C,participants_only,,,30,23,0,7,23,0,0.27600026033810093,0.2304497429835332,0.7479281382347056,0.020785864789394724,90,29,0.9666666666666667,0,0.0,0.0,24.966666666666665,559,,,,,,,,,,,,,,,,,,,,,,,,,,,
18,C,nonparticipants_only,,,10,0,10,0,0,0,0.1700884230126364,0.15704608098409326,0.4325459768538615,0.005868476756931194,0,0,0.0,0,0.0,0.0,50.0,0,,,,,,,,,,,,,,,,,,,,,,,,,,,
18,C,step_totals,,,,,,,,,,,,,,,,,,,,,82.1000000000001,,,19.5,0.2375152253349571,50.0,0.6090133982947618,0.0,0.0,0.01470207666714776,0.02,0.0,0,1,6,50,,39,50,36,6.800000000000003,0.08282582216808765,5.8000000000000025,0.0706455542021924,34,29,40
19,C,all_agents,,,40,24,10,6,24,0,0.2534381639677954,0.1937423284597101,0.7580110127053173,0.020197594797145262,94,29,0.725,0,0.0,0.0,31.15,591,,,,,,,,,,,,,,,,,,,,,,,,,,,
19,C,participants_only,,,30,24,0,6,24,0,0.2809832201454085,0.22929749426861554,0.7580110127053173,0.022004987855898484,94,29,0.9666666666666667,0,0.0,0.0,24.866666666666667,591,,,,,,,,,,,,,,,,,,,,,,,,,,,
19,C,nonparticipants_only,,,10,0,10,0,0,0,0.17080299543495597,0.15990665698164494,0.4303832469695922,0.005670654182951227,0,0,0.0,0,0.0,0.0,50.0,0,,,,,,,,,,,,,,,,,,,,,,,,,,,
19,C,step_totals,,,,,,,,,,,,,,,,,,,,,82.10000000000008,,,18.5,0.2253349573690619,52.0,0.6333739342265524,0.0,0.0,0.01341393067296468,0.07692307692307693,0.0,0,4,12,34,,37,52,36,5.8000000000000025,0.07064555420219241,5.8000000000000025,0.07064555420219241,29,29,43
20,C,all_agents,,,40,27,10,3,27,0,0.2576406470807927,0.1964442450005987,0.7676905721971047,0.021325131375091205,98,29,0.725,0,0.0,0.0,31.15,628,,,,,,,,,,,,,,,,,,,,,,,,,,,
20,C,participants_only,,,30,27,0,3,27,0,0.28635002117079233,0.2284370503766772,0.7676905721971047,0.023310527837292087,98,29,0.9666666666666667,0,0.0,0.0,24.866666666666667,628,,,,,,,,,,,,,,,,,,,,,,,,,,,
20,C,nonparticipants_only,,,10,0,10,0,0,0,0.17151252481079393,0.15961033447843942,0.42823133073474423,0.005478204060814069,0,0,0.0,0,0.0,0.0,50.0,0,,,,,,,,,,,,,,,,,,,,,,,,,,,
20,C,step_totals,,,,,,,,,,,,,,,,,,,,,82.10000000000011,,,19.5,0.23751522533495706,50.0,0.6090133982947616,0.0,0.0,0.014320853485846764,0.08,0.0,0,4,6,50,,39,50,36,6.800000000000003,0.08282582216808763,5.8000000000000025,0.07064555420219239,34,29,39
20,C,reachability,0.225,0.0,,,,,,,,,,,,,,,,,,,,,,,,,,,,,,,,,,,,,,,,,,,,,
21,C,all_agents,,,40,29,10,1,29,0,0.26157950480992326,0.19856217809186788,0.7769829493092205,0.022510854080349352,102,30,0.75,0,0.0,0.0,31.075,664,,,,,,,,,,,,,,,,,,,,,,,,,,,
21,C,participants_only,,,30,29,0,1,29,0,0.291367160618613,0.23115857405967494,0.7769829493092205,0.024700948236021807,102,30,1.0,0,0.0,0.0,24.766666666666666,664,,,,,,,,,,,,,,,,,,,,,,,,,,,
21,C,nonparticipants_only,,,10,0,10,0,0,0,0.17221653738385417,0.1602514755359984,0.4260901740810705,0.0052929183504084,0,0,0.0,0,0.0,0.0,50.0,0,,,,,,,,,,,,,,,,,,,,,,,,,,,
21,C,step_totals,,,,,,,,,,,,,,,,,,,,,81.60000000000008,,,18.0,0.22058823529411742,52.0,0.6372549019607837,0.0,0.0,0.013597367243204454,0.07692307692307693,0.0,0,4,12,33,,36,52,35,5.8000000000000025,0.07107843137254898,5.8000000000000025,0.07107843137254898,29,29,43
22,C,all_agents,,,40,30,10,0,30,0,0.26554206546186115,0.20142184963823967,0.7859036313368517,0.0235714621940173,105,30,0.75,0,0.0,0.0,31.1,700,,,,,,,,,,,,,,,,,,,,,,,,,,,
22,C,participants_only,,,30,30,0,0,30,0,0.2964175320759714,0.233918090385921,0.7859036313368517,0.025911244418059882,105,30,1.0,0,0.0,0.0,24.8,700,,,,,,,,,,,,,,,,,,,,,,,,,,,
22,C,nonparticipants_only,,,10,0,10,0,0,0,0.17291566561953045,0.16199280198093804,0.42395972321066516,0.005112582258221124,0,0,0.0,0,0.0,0.0,50.0,0,,,,,,,,,,,,,,,,,,,,,,,,,,,
22,C,step_totals,,,,,,,,,,,,,,,,,,,,,82.3000000000001,,,19.5,0.23693803159173726,50.0,0.6075334143377878,0.0,0.0,0.013623043700888656,0.06,0.0,0,3,6,50,,39,50,36,6.800000000000003,0.0826245443499392,6.000000000000003,0.07290400972053458,34,30,39
23,C,all_agents,,,40,30,10,0,30,0,0.2694439402298554,0.20522034800147992,0.7944674860833776,0.02488347289602408,107,30,0.75,0,0.0,0.0,30.975,739,,,,,,,,,,,,,,,,,,,,,,,,,,,
23,C,participants_only,,,30,30,0,0,30,0,0.3013888498609344,0.23356650618809144,0.7944674860833776,0.027449449470318073,107,30,1.0,0,0.0,0.0,24.633333333333333,739,,,,,,,,,,,,,,,,,,,,,,,,,,,
23,C,nonparticipants_only,,,10,0,10,0,0,0,0.1736092113366183,0.16254019017733407,0.42183992459461184,0.004939816157088442,0,0,0.0,0,0.0,0.0,50.0,0,,,,,,,,,,,,,,,,,,,,,,,,,,,
23,C,step_totals,,,,,,,,,,,,,,,,,,,,,81.8000000000001,,,18.0,0.22004889975550096,52.0,0.6356968215158917,0.0,0.0,0.013508034697006325,0.038461538461538464,0.0,0,2,11,33,,36,52,35,5.8000000000000025,0.07090464547677257,6.000000000000003,0.07334963325183369,29,30,43
24,C,all_agents,,,40,30,10,0,30,0,0.2730545869681692,0.2114423987507481,0.8026887866400425,0.025982219142691703,113,30,0.75,0,0.0,0.0,30.975,774,,,,,,,,,,,,,,,,,,,,,,,,,,,
24,C,participants_only,,,30,30,0,0,30,0,0.30597322574981434,0.2386029566557424,0.8026887866400425,0.028718739681145546,113,30,1.0,0,0.0,0.0,24.633333333333333,774,,,,,,,,,,,,,,,,,,,,,,,,,,,
24,C,nonparticipants_only,,,10,0,10,0,0,0,0.17429867062323373,0.16369233516056092,0.41973072497163877,0.004769016176492979,0,0,0.0,0,0.0,0.0,50.0,0,,,,,,,,,,,,,,,,,,,,,,,,,,,
24,C,step_totals,,,,,,,,,,,,,,,,,,,,,81.1000000000001,,,18.5,0.22811344019728705,50.0,0.616522811344019,0.0,0.0,0.012832625107717778,0.12,0.0,0,6,7,50,,37,50,36,6.600000000000003,0.08138101109741055,6.000000000000003,0.07398273736128232,33,30,40
25,C,all_agents,,,40,30,10,0,30,0,0.27691038747099683,0.2121635965265788,0.8105812351744408,0.02725385256637602,120,30,0.75,0,0.0,0.0,30.875,814,,,,,,,,,,,,,,,,,,,,,,,,,,,
25,C,participants_only,,,30,30,0,0,30,0,0.3108863671943055,0.24031956175175034,0.8105812351744408,0.030185567496218268,120,30,1.0,0,0.0,0.0,24.5,814,,,,,,,,,,,,,,,,,,,,,,,,,,,
25,C,nonparticipants_only,,,10,0,10,0,0,0,0.1749824483010708,0.1629483598322204,0.4176320713467806,0.004606301398945094,0,0,0.0,0,0.0,0.0,50.0,0,,,,,,,,,,,,,,,,,,,,,,,,,,,
25,C,step_totals,,,,,,,,,,,,,,,,,,,,,81.8000000000001,,,18.0,0.22004889975550096,52.0,0.6356968215158917,0.0,0.0,0.013376267686470173,0.1346153846153846,0.0,0,7,11,33,,36,52,34,5.8000000000000025,0.07090464547677257,6.000000000000003,0.07334963325183369,29,30,43
26,C,all_agents,,,40,30,10,0,29,1,0.2803576246519373,0.2151709736098436,0.8181579857674631,0.028394625546773727,126,30,0.75,0,0.0,0.0,30.875,850,,,,,,,,,,,,,,,,,,,,,,,,,,,
26,C,participants_only,,,30,30,0,0,29,1,0.31525634119067636,0.24037678133202572,0.8181579857674631,0.031505111741052694,126,30,1.0,0,0.0,0.0,24.5,850,,,,,,,,,,,,,,,,,,,,,,,,,,,
26,C,nonparticipants_only,,,10,0,10,0,0,0,0.17566147503572002,0.1635051525219341,0.41554391099004667,0.004448121971321698,0,0,0.0,0,0.0,0.0,50.0,0,,,,,,,,,,,,,,,,,,,,,,,,,,,
26,C,step_totals,,,,,,,,,,,,,,,,,,,,,80.70000000000009,,,18.5,0.22924411400247807,50.0,0.6195786864931839,0.0,0.0,0.01244960938218767,0.12,0.0,0,6,9,48,,37,50,36,6.200000000000003,0.07682775712515484,6.000000000000003,0.0743494423791821,31,30,40
27,C,all_agents,,,40,30,10,0,29,1,0.28401364792950473,0.2149342235980916,0.8254316663367646,0.029698941730484853,134,30,0.75,0,0.0,0.0,30.825,890,,,,,,,,,,,,,,,,,,,,,,,,,,,
27,C,participants_only,,,30,30,0,0,29,1,0.3199062459000517,0.24004485322397898,0.8254316663367646,0.033014110786725136,134,30,1.0,0,0.0,0.0,24.433333333333334,890,,,,,,,,,,,,,,,,,,,,,,,,,,,
27,C,nonparticipants_only,,,10,0,10,0,0,0,0.17633585401786395,0.16376313655616492,0.41346619143509644,0.004294091492860294,0,0,0.0,0,0.0,0.0,50.0,0,,,,,,,,,,,,,,,,,,,,,,,,,,,
27,C,step_totals,,,,,,,,,,,,,,,,,,,,,82.00000000000009,,,18.0,0.219512195121951,52.0,0.634146341463414,0.0,0.0,0.012765967434344905,0.15384615384615385,0.0,0,8,10,33,,36,52,34,6.000000000000003,0.07317073170731703,6.000000000000003,0.07317073170731703,30,30,44
28,C,all_agents,,,40,30,10,0,29,1,0.28723865129615805,0.21814176488637693,0.832414399683294,0.03083392744086439,141,30,0.75,0,0.0,0.0,30.875,926,,,,,,,,,,,,,,,,,,,,,,,,,,,
28,C,participants_only,,,30,30,0,0,29,1,0.3239830513011181,0.24232435661493956,0.832414399683294,0.03432963742521532,141,30,1.0,0,0.0,0.0,24.5,926,,,,,,,,,,,,,,,,,,,,,,,,,,,
28,C,nonparticipants_only,,,10,0,10,0,0,0,0.17700545128127793,0.16294432087338412,0.41139886047792096,0.004144986307117525,0,0,0.0,0,0.0,0.0,50.0,0,,,,,,,,,,,,,,,,,,,,,,,,,,,
28,C,step_totals,,,,,,,,,,,,,,,,,,,,,79.70000000000009,,,17.5,0.2195734002509408,50.0,0.6273525721455451,0.0,0.0,0.011982092443952694,0.14,0.0,0,7,9,48,,35,50,35,6.200000000000003,0.07779171894604762,6.000000000000003,0.07528230865746545,31,30,37
29,C,all_agents,,,40,30,10,0,29,1,0.2907701032311817,0.21926416165722362,0.8391178236959622,0.03218957292475987,146,30,0.75,0,0.0,0.0,30.825,968,,,,,,,,,,,,,,,,,,,,,,,,,,,
29,C,participants_only,,,30,30,0,0,29,1,0.328470281809403,0.24223292199096852,0.8391178236959622,0.035899774242592906,146,30,1.0,0,0.0,0.0,24.433333333333334,968,,,,,,,,,,,,,,,,,,,,,,,,,,,
29,C,nonparticipants_only,,,10,0,10,0,0,0,0.17766956749651766,0.16515339167664847,0.40934186617553137,0.004003327393303428,0,0,0.0,0,0.0,0.0,50.0,0,,,,,,,,,,,,,,,,,,,,,,,,,,,
29,C,step_totals,,,,,,,,,,,,,,,,,,,,,81.3000000000001,,,17.5,0.21525215252152496,52.0,0.6396063960639599,0.0,0.0,0.012550235850164272,0.09615384615384616,0.0,0,5,11,31,,35,52,32,5.8000000000000025,0.07134071340713402,6.000000000000003,0.07380073800738002,29,30,42
30,C,all_agents,,,40,30,10,0,28,2,0.2938078881355556,0.2202849297126741,0.8455531107481238,0.033306787805521154,151,30,0.75,0,0.0,0.0,30.875,1004,,,,,,,,,,,,,,,,,,,,,,,,,,,
30,C,participants_only,,,30,30,0,0,28,2,0.33230065991969276,0.2433029862377324,0.8455531107481238,0.03719427348111963,151,30,1.0,0,0.0,0.0,24.5,1004,,,,,,,,,,,,,,,,,,,,,,,,,,,
30,C,nonparticipants_only,,,10,0,10,0,0,0,0.1783295727831442,0.16506962058238667,0.4072951568446537,0.0038640090232177782,0,0,0.0,0,0.0,0.0,50.0,0,,,,,,,,,,,,,,,,,,,,,,,,,,,
30,C,step_totals,,,,,,,,,,,,,,,,,,,,,79.70000000000009,,,17.5,0.2195734002509408,50.0,0.6273525721455451,0.0,0.0,0.01143130377642402,0.1,0.0,0,5,9,48,,35,50,35,6.200000000000003,0.07779171894604762,6.000000000000003,0.07528230865746545,31,30,37
30,C,reachability,0.225,0.0,,,,,,,,,,,,,,,,,,,,,,,,,,,,,,,,,,,,,,,,,,,,,
31,C,all_agents,,,40,30,10,0,28,2,0.29694157080971717,0.22052182630448336,0.8517309863181989,0.03459876322085232,160,30,0.75,0,0.0,0.0,30.825,1043,,,,,,,,,,,,,,,,,,,,,,,,,,,
31,C,participants_only,,,30,30,0,0,28,2,0.3362605714791834,0.24294924318293182,0.8517309863181989,0.03870425324940572,160,30,1.0,0,0.0,0.0,24.433333333333334,1043,,,,,,,,,,,,,,,,,,,,,,,,,,,
31,C,nonparticipants_only,,,10,0,10,0,0,0,0.17898456880131844,0.16458863434582055,0.40525868106043045,0.003730487371446292,0,0,0.0,0,0.0,0.0,50.0,0,,,,,,,,,,,,,,,,,,,,,,,,,,,
31,C,step_totals,,,,,,,,,,,,,,,,,,,,,80.8000000000001,,,17.0,0.21039603960396014,52.0,0.6435643564356428,0.0,0.0,0.011468258931604048,0.17307692307692307,0.0,0,9,11,31,,34,52,32,5.8000000000000025,0.07178217821782172,6.000000000000003,0.0742574257425742,29,30,41
32,C,all_agents,,,40,30,10,0,28,2,0.3001669520618241,0.22033689317154642,0.8576617468654709,0.03573675044568549,169,30,0.75,0,0.0,0.0,30.875,1084,,,,,,,,,,,,,,,,,,,,,,,,,,,
32,C,participants_only,,,30,30,0,0,28,2,0.34034423632886607,0.24836323828997947,0.8576617468654709,0.03999190523933881,169,30,1.0,0,0.0,0.0,24.5,1084,,,,,,,,,,,,,,,,,,,,,,,,,,,
32,C,nonparticipants_only,,,10,0,10,0,0,0,0.1796350992606982,0.16643562299665482,0.4032323876551283,0.003600716011829196,0,0,0.0,0,0.0,0.0,50.0,0,,,,,,,,,,,,,,,,,,,,,,,,,,,
32,C,step_totals,,,,,,,,,,,,,,,,,,,,,79.20000000000009,,,17.0,0.21464646464646442,50.0,0.6313131313131306,0.0,0.0,0.012107055903029788,0.18,0.0,0,9,9,48,,34,50,34,6.200000000000003,0.07828282828282823,6.000000000000003,0.0757575757575757,31,30,36
33,C,all_agents,,,40,30,10,0,28,2,0.30323026827398897,0.2216530466626372,0.8633552769908521,0.0369570679480116,177,30,0.75,0,0.0,0.0,30.825,1123,,,,,,,,,,,,,,,,,,,,,,,,,,,
33,C,participants_only,,,30,30,0,0,28,2,0.3442135026432576,0.24771669061346052,0.8633552769908521,0.04139856764971565,177,30,1.0,0,0.0,0.0,24.433333333333334,1123,,,,,,,,,,,,,,,,,,,,,,,,,,,
33,C,nonparticipants_only,,,10,0,10,0,0,0,0.18028056516618293,0.1690126284375207,0.40121622571685267,0.0034770628505026236,0,0,0.0,0,0.0,0.0,50.0,0,,,,,,,,,,,,,,,,,,,,,,,,,,,
33,C,step_totals,,,,,,,,,,,,,,,,,,,,,80.80000000000011,,,17.0,0.2103960396039601,52.0,0.6435643564356427,0.0,0.0,0.01128491234067345,0.15384615384615385,0.0,0,8,11,31,,34,52,32,5.8000000000000025,0.07178217821782172,6.000000000000003,0.07425742574257418,29,30,41
34,C,all_agents,,,40,30,10,0,28,2,0.30613455294011765,0.22108192869227117,0.868821065911218,0.03807366888083171,185,30,0.75,0,0.0,0.0,30.875,1162,,,,,,,,,,,,,,,,,,,,,,,,,,,
34,C,participants_only,,,30,30,0,0,28,2,0.34787220357110243,0.24707586215401922,0.868821065911218,0.04267767655395077,185,30,1.0,0,0.0,0.0,24.5,1162,,,,,,,,,,,,,,,,,,,,,,,,,,,
34,C,nonparticipants_only,,,10,0,10,0,0,0,0.18092160104716323,0.16975460671423798,0.3992101445882684,0.003357268099144783,0,0,0.0,0,0.0,0.0,50.0,0,,,,,,,,,,,,,,,,,,,,,,,,,,,
34,C,step_totals,,,,,,,,,,,,,,,,,,,,,79.0000000000001,,,17.0,0.21518987341772125,50.0,0.6329113924050624,0.0,0.0,0.011187840594898042,0.16,0.0,0,8,10,48,,34,50,34,6.000000000000003,0.07594936708860753,6.000000000000003,0.07594936708860753,30,30,36
35,C,all_agents,,,40,30,10,0,27,3,0.3092305407285843,0.22300417836810577,0.8740682232747693,0.039374960726957176,193,30,0.75,0,0.0,0.0,30.825,1206,,,,,,,,,,,,,,,,,,,,,,,,,,,
35,C,participants_only,,,30,30,0,0,27,3,0.3517879622185804,0.25332648780897726,0.8740682232747693,0.04417508480032284,193,30,1.0,0,0.0,0.0,24.433333333333334,1206,,,,,,,,,,,,,,,,,,,,,,,,,,,
35,C,nonparticipants_only,,,10,0,10,0,0,0,0.18155827625859622,0.17001128351281536,0.3972140938653271,0.0032409790203340497,0,0,0.0,0,0.0,0.0,50.0,0,,,,,,,,,,,,,,,,,,,,,,,,,,,
35,C,step_totals,,,,,,,,,,,,,,,,,,,,,79.30000000000008,,,15.5,0.19546027742749034,52.0,0.6557377049180321,0.0,0.0,0.011662058786316086,0.15384615384615385,0.0,0,8,11,30,,31,52,32,5.8000000000000025,0.073139974779319,6.000000000000003,0.07566204287515758,29,30,40
36,C,all_agents,,,40,30,10,0,27,3,0.3119629049503913,0.22323050952370466,0.8791054943437785,0.040453918842510705,197,30,0.75,0,0.0,0.0,30.875,1245,,,,,,,,,,,,,,,,,,,,,,,,,,,
36,C,participants_only,,,30,30,0,0,27,3,0.3552201687459124,0.2529076571028842,0.8791054943437785,0.04541169721927544,197,30,1.0,0,0.0,0.0,24.5,1245,,,,,,,,,,,,,,,,,,,,,,,,,,,
36,C,nonparticipants_only,,,10,0,10,0,0,0,0.182191113563828,0.1696333780849807,0.39522802339600044,0.0031262932593128854,0,0,0.0,0,0.0,0.0,50.0,0,,,,,,,,,,,,,,,,,,,,,,,,,,,
36,C,step_totals,,,,,,,,,,,,,,,,,,,,,79.00000000000009,,,17.0,0.21518987341772128,50.0,0.6329113924050626,0.0,0.0,0.010694612709926249,0.08,0.0,0,4,10,48,,34,50,34,6.000000000000003,0.07594936708860754,6.000000000000003,0.07594936708860754,30,30,36
37,C,all_agents,,,40,30,10,0,26,4,0.3146170089885826,0.22612363309283534,0.8839412745700274,0.04166719697939899,209,30,0.75,0,0.0,0.0,30.825,1286,,,,,,,,,,,,,,,,,,,,,,,,,,,
37,C,participants_only,,,30,30,0,0,26,4,0.3585496441216174,0.2563598518543865,0.8839412745700274,0.046830270050709645,209,30,1.0,0,0.0,0.0,24.433333333333334,1286,,,,,,,,,,,,,,,,,,,,,,,,,,,
37,C,nonparticipants_only,,,10,0,10,0,0,0,0.18281910358947817,0.1714255998387182,0.39325188327902044,0.0030170606086786494,0,0,0.0,0,0.0,0.0,50.0,0,,,,,,,,,,,,,,,,,,,,,,,,,,,
37,C,step_totals,,,,,,,,,,,,,,,,,,,,,78.60000000000007,,,15.0,0.1908396946564884,52.0,0.6615776081424931,0.0,0.0,0.010452057277199278,0.23076923076923078,0.0,0,12,12,27,,30,52,32,5.600000000000002,0.07124681933842236,6.000000000000003,0.0763358778625954,28,30,40
38,C,all_agents,,,40,30,10,0,27,3,0.31741434757195347,0.2260694083546405,0.8885836235872263,0.04266860798047949,218,30,0.75,0,0.0,0.0,30.875,1327,,,,,,,,,,,,,,,,,,,,,,,,,,,
38,C,participants_only,,,30,30,0,0,27,3,0.3620714660013376,0.25826238598986057,0.8885836235872263,0.047944219159099216,218,30,1.0,0,0.0,0.0,24.5,1327,,,,,,,,,,,,,,,,,,,,,,,,,,,
38,C,nonparticipants_only,,,10,0,10,0,0,0,0.18344299228380095,0.17392619192873104,0.39128562386262533,0.002910675727627786,0,0,0.0,0,0.0,0.0,50.0,0,,,,,,,,,,,,,,,,,,,,,,,,,,,
38,C,step_totals,,,,,,,,,,,,,,,,,,,,,79.00000000000009,,,17.0,0.21518987341772128,50.0,0.6329113924050626,0.0,0.0,0.010914889754566672,0.18,0.0,0,9,10,48,,34,50,34,6.000000000000003,0.07594936708860754,6.000000000000003,0.07594936708860754,30,30,36
39,C,all_agents,,,40,30,10,0,26,4,0.3203054873989815,0.22587566357086736,0.8930402786437373,0.043903843985293296,226,30,0.75,0,0.0,0.0,30.825,1373,,,,,,,,,,,,,,,,,,,,,,,,,,,
39,C,participants_only,,,30,30,0,0,26,4,0.3657198609507187,0.2588574803299753,0.8930402786437373,0.049352386229188805,226,30,1.0,0,0.0,0.0,24.433333333333334,1373,,,,,,,,,,,,,,,,,,,,,,,,,,,
39,C,nonparticipants_only,,,10,0,10,0,0,0,0.18406236674376997,0.1746461690697561,0.3893291957433122,0.0028086333524460797,0,0,0.0,0,0.0,0.0,50.0,0,,,,,,,,,,,,,,,,,,,,,,,,,,,
39,C,step_totals,,,,,,,,,,,,,,,,,,,,,78.20000000000009,,,15.0,0.19181585677749338,52.0,0.6649616368286437,0.0,0.0,0.011258791251405331,0.15384615384615385,0.0,0,8,14,26,,30,52,32,5.200000000000002,0.0664961636828644,6.000000000000003,0.07672634271099739,26,30,39
40,C,all_agents,,,40,30,10,0,26,4,0.3230882329206983,0.2272911128345909,0.8973186674979877,0.04491993271390825,232,30,0.75,0,0.0,0.0,30.875,1416,,,,,,,,,,,,,,,,,,,,,,,,,,,
40,C,participants_only,,,30,30,0,0,26,4,0.3692248587243239,0.25931989084561696,0.8973186674979877,0.05047663427495863,232,30,1.0,0,0.0,0.0,24.5,1416,,,,,,,,,,,,,,,,,,,,,,,,,,,
40,C,nonparticipants_only,,,10,0,10,0,0,0,0.1846783555098214,0.17489523488934428,0.38738254976459563,0.0027067691442317896,0,0,0.0,0,0.0,0.0,50.0,0,,,,,,,,,,,,,,,,,,,,,,,,,,,
40,C,step_totals,,,,,,,,,,,,,,,,,,,,,79.00000000000009,,,17.0,0.21518987341772128,50.0,0.6329113924050626,0.0,0.0,0.010899481546353,0.12,0.0,0,6,10,48,,34,50,34,6.000000000000003,0.07594936708860754,6.000000000000003,0.07594936708860754,30,30,36
40,C,reachability,0.225,0.0,,,,,,,,,,,,,,,,,,,,,,,,,,,,,,,,,,,,,,,,,,,,,
41,C,all_agents,,,40,30,10,0,26,4,0.3254951895365195,0.22938992700183414,0.9014259207980682,0.046107890523521,236,30,0.75,0,0.0,0.0,30.825,1458,,,,,,,,,,,,,,,,,,,,,,,,,,,
41,C,participants_only,,,30,30,0,0,26,4,0.3722304446915894,0.26182808169478383,0.9014259207980682,0.05187017461343502,236,30,1.0,0,0.0,0.0,24.433333333333334,1458,,,,,,,,,,,,,,,,,,,,,,,,,,,
41,C,nonparticipants_only,,,10,0,10,0,0,0,0.18528942407130977,0.1745285351111324,0.38544563701577267,0.0026108293608650716,0,0,0.0,0,0.0,0.0,50.0,0,,,,,,,,,,,,,,,,,,,,,,,,,,,
41,C,step_totals,,,,,,,,,,,,,,,,,,,,,78.00000000000007,,,15.0,0.19230769230769212,52.0,0.6666666666666661,0.0,0.0,0.009824840984571084,0.07692307692307693,0.0,0,4,15,25,,30,52,32,5.000000000000002,0.06410256410256407,6.000000000000003,0.07692307692307689,25,30,39
42,C,all_agents,,,40,30,10,0,26,4,0.3278054436059104,0.23068183335792491,0.9053688839661455,0.04705462445348711,240,30,0.75,0,0.0,0.0,30.875,1497,,,,,,,,,,,,,,,,,,,,,,,,,,,
42,C,participants_only,,,30,30,0,0,26,4,0.3751083903884515,0.26190438282674433,0.9053688839661455,0.052950191517659284,240,30,1.0,0,0.0,0.0,24.5,1497,,,,,,,,,,,,,,,,,,,,,,,,,,,
42,C,nonparticipants_only,,,10,0,10,0,0,0,0.18589660325828714,0.17626761391549806,0.3835184088306938,0.0025170979692276476,0,0,0.0,0,0.0,0.0,50.0,0,,,,,,,,,,,,,,,,,,,,,,,,,,,
42,C,step_totals,,,,,,,,,,,,,,,,,,,,,78.30000000000008,,,16.5,0.21072796934865878,50.0,0.6385696040868448,0.0,0.0,0.00957999417389727,0.08,0.0,0,4,12,46,,33,50,34,5.8000000000000025,0.07407407407407403,6.000000000000003,0.07662835249042141,29,30,35
43,C,all_agents,,,40,30,10,0,26,4,0.3299361969914982,0.23030297879124687,0.9091541286074997,0.04810275771277532,250,30,0.75,0,0.0,0.0,30.825,1536,,,,,,,,,,,,,,,,,,,,,,,,,,,
43,C,participants_only,,,30,30,0,0,26,4,0.37774843930900154,0.2606934925186838,0.9091541286074997,0.05418389758116742,250,30,1.0,0,0.0,0.0,24.433333333333334,1536,,,,,,,,,,,,,,,,,,,,,,,,,,,
43,C,nonparticipants_only,,,10,0,10,0,0,0,0.1864994700389881,0.1786940584629081,0.38160081678654034,0.0024272119224670852,0,0,0.0,0,0.0,0.0,50.0,0,,,,,,,,,,,,,,,,,,,,,,,,,,,
43,C,step_totals,,,,,,,,,,,,,,,,,,,,,77.50000000000009,,,14.5,0.18709677419354817,52.0,0.6709677419354831,0.0,0.0,0.00907602018630799,0.19230769230769232,0.0,0,10,15,25,,29,52,32,5.000000000000002,0.06451612903225802,6.000000000000003,0.07741935483870963,25,30,39
44,C,all_agents,,,40,30,10,0,26,4,0.3320543331700502,0.23088024086349934,0.9127879634631997,0.04899430378074488,257,30,0.75,0,0.0,0.0,30.875,1574,,,,,,,,,,,,,,,,,,,,,,,,,,,
44,C,participants_only,,,30,30,0,0,26,4,0.380372850206233,0.2636020091431464,0.9127879634631997,0.0552075531418936,257,30,1.0,0,0.0,0.0,24.5,1574,,,,,,,,,,,,,,,,,,,,,,,,,,,
44,C,nonparticipants_only,,,10,0,10,0,0,0,0.18709878206150166,0.17939268684579285,0.37969281270260763,0.0023384066343880073,0,0,0.0,0,0.0,0.0,50.0,0,,,,,,,,,,,,,,,,,,,,,,,,,,,
44,C,step_totals,,,,,,,,,,,,,,,,,,,,,78.1000000000001,,,16.5,0.21126760563380256,50.0,0.6402048655569774,0.0,0.0,0.00903411510238193,0.14,0.0,0,7,13,45,,33,50,34,5.600000000000002,0.07170294494238151,6.000000000000003,0.07682458386683733,28,30,35
45,C,all_agents,,,40,30,10,0,26,4,0.33428233924928447,0.23192830931944186,0.9162764449246716,0.05007799237923395,262,30,0.75,0,0.0,0.0,30.825,1618,,,,,,,,,,,,,,,,,,,,,,,,,,,
45,C,participants_only,,,30,30,0,0,26,4,0.3831451830851562,0.2659427210386045,0.9162764449246716,0.05646919931287967,262,30,1.0,0,0.0,0.0,24.433333333333334,1618,,,,,,,,,,,,,,,,,,,,,,,,,,,
45,C,nonparticipants_only,,,10,0,10,0,0,0,0.18769380774166908,0.17963436736709804,0.3777943486390946,0.002253441485551272,0,0,0.0,0,0.0,0.0,50.0,0,,,,,,,,,,,,,,,,,,,,,,,,,,,
45,C,step_totals,,,,,,,,,,,,,,,,,,,,,76.00000000000007,,,13.0,0.1710526315789472,52.0,0.6842105263157888,0.0,0.0,0.009627255134257657,0.09615384615384616,0.0,0,5,16,25,,26,52,32,5.000000000000002,0.0657894736842105,6.000000000000003,0.0789473684210526,25,30,39
46,C,all_agents,,,40,30,10,0,26,4,0.33653748366391095,0.23212429760176984,0.9196253871276848,0.05094288819170298,268,30,0.75,0,0.0,0.0,30.875,1659,,,,,,,,,,,,,,,,,,,,,,,,,,,
46,C,participants_only,,,30,30,0,0,26,4,0.3859550576130759,0.2649469149387738,0.9196253871276848,0.05743161239914066,268,30,1.0,0,0.0,0.0,24.5,1659,,,,,,,,,,,,,,,,,,,,,,,,,,,
46,C,nonparticipants_only,,,10,0,10,0,0,0,0.18828476181641618,0.1792785409686493,0.37590537689589915,0.0021715561891357455,0,0,0.0,0,0.0,0.0,50.0,0,,,,,,,,,,,,,,,,,,,,,,,,,,,
46,C,step_totals,,,,,,,,,,,,,,,,,,,,,77.60000000000008,,,16.0,0.20618556701030907,50.0,0.6443298969072159,0.0,0.0,0.009566660464009013,0.12,0.0,0,6,13,44,,32,50,34,5.600000000000002,0.0721649484536082,6.000000000000003,0.07731958762886594,28,30,35
47,C,all_agents,,,40,30,10,0,26,4,0.3386497993104724,0.23218875782130804,0.9228403716425775,0.051987359717552147,272,30,0.75,0,0.0,0.0,30.825,1703,,,,,,,,,,,,,,,,,,,,,,,,,,,
47,C,participants_only,,,30,30,0,0,26,4,0.3885758432597154,0.26393113623087117,0.9228403716425775,0.058648474100268785,272,30,1.0,0,0.0,0.0,24.433333333333334,1703,,,,,,,,,,,,,,,,,,,,,,,,,,,
47,C,nonparticipants_only,,,10,0,10,0,0,0,0.18887166746274328,0.18096605261807935,0.37402585001141964,0.002092698196341264,0,0,0.0,0,0.0,0.0,50.0,0,,,,,,,,,,,,,,,,,,,,,,,,,,,
47,C,step_totals,,,,,,,,,,,,,,,,,,,,,75.80000000000008,,,13.0,0.17150395778364097,52.0,0.6860158311345639,0.0,0.0,0.009308201414828014,0.07692307692307693,0.0,0,4,17,24,,26,52,32,4.800000000000002,0.06332453825857515,6.000000000000003,0.07915567282321895,24,30,38
48,C,all_agents,,,40,30,10,0,26,4,0.34069925542001467,0.23316059003809636,0.9259267567768744,0.052795683234895925,276,30,0.75,0,0.0,0.0,30.875,1743,,,,,,,,,,,,,,,,,,,,,,,,,,,
48,C,participants_only,,,30,30,0,0,26,4,0.3911140086636332,0.2636239542042559,0.9259267567768744,0.059555912267041336,276,30,1.0,0,0.0,0.0,24.5,1743,,,,,,,,,,,,,,,,,,,,,,,,,,,
48,C,nonparticipants_only,,,10,0,10,0,0,0,0.1894549956891591,0.18332054824540314,0.37215572076136255,0.0020152280030803662,0,0,0.0,0,0.0,0.0,50.0,0,,,,,,,,,,,,,,,,,,,,,,,,,,,
48,C,step_totals,,,,,,,,,,,,,,,,,,,,,77.10000000000008,,,15.5,0.20103761348897514,50.0,0.6485084306095973,0.0,0.0,0.009022025192263158,0.08,0.0,0,4,14,43,,31,50,34,5.600000000000002,0.07263294422827492,6.000000000000003,0.07782101167315171,28,30,35
49,C,all_agents,,,40,30,10,0,26,4,0.3425560203817072,0.233227907642643,0.9288896865057994,0.05384180453928766,285,30,0.75,0,0.0,0.0,30.825,1786,,,,,,,,,,,,,,,,,,,,,,,,,,,
49,C,participants_only,,,30,30,0,0,26,4,0.3933967011248392,0.2669481978191075,0.9288896865057994,0.060802619951787124,285,30,1.0,0,0.0,0.0,24.433333333333334,1786,,,,,,,,,,,,,,,,,,,,,,,,,,,
49,C,nonparticipants_only,,,10,0,10,0,0,0,0.190033978152311,0.18399846090340405,0.37029494215755576,0.0019420604806883338,0,0,0.0,0,0.0,0.0,50.0,0,,,,,,,,,,,,,,,,,,,,,,,,,,,
49,C,step_totals,,,,,,,,,,,,,,,,,,,,,75.10000000000007,,,12.5,0.1664447403462049,52.0,0.6924101198402125,0.0,0.0,0.008611311247981628,0.17307692307692307,0.0,0,9,19,23,,25,52,32,4.600000000000001,0.06125166444740343,6.000000000000003,0.0798934753661784,23,30,37
50,C,all_agents,,,40,30,10,0,25,5,0.3444797404569477,0.23404813228089527,0.9317340990455674,0.054604755178543136,289,30,0.75,0,0.0,0.0,30.875,1826,,,,,,,,,,,,,,,,,,,,,,,,,,,
50,C,participants_only,,,30,30,0,0,25,5,0.3957697185409547,0.2682376637114052,0.9317340990455674,0.06166074727636605,289,30,1.0,0,0.0,0.0,24.5,1826,,,,,,,,,,,,,,,,,,,,,,,,,,,
50,C,nonparticipants_only,,,10,0,10,0,0,0,0.19060980620492637,0.18423297511524944,0.368443467446768,0.0018688366627792664,0,0,0.0,0,0.0,0.0,50.0,0,,,,,,,,,,,,,,,,,,,,,,,,,,,
50,C,step_totals,,,,,,,,,,,,,,,,,,,,,77.10000000000008,,,15.5,0.20103761348897514,50.0,0.6485084306095973,0.0,0.0,0.008649574298751647,0.08,0.0,0,4,14,43,,31,50,34,5.600000000000002,0.07263294422827492,6.000000000000003,0.07782101167315171,28,30,34
50,C,reachability,0.225,0.0,,,,,,,,,,,,,,,,,,,,,,,,,,,,,,,,,,,,,,,,,,,,,
51,C,all_agents,,,40,30,10,0,25,5,0.3463339342463289,0.23549420294918103,0.9344647350837447,0.05559994125579128,294,30,0.75,0,0.0,0.0,30.825,1870,,,,,,,,,,,,,,,,,,,,,,,,,,,
51,C,participants_only,,,30,30,0,0,25,5,0.3980515340390931,0.26736701172092114,0.9344647350837447,0.06283424012466468,294,30,1.0,0,0.0,0.0,24.433333333333334,1870,,,,,,,,,,,,,,,,,,,,,,,,,,,
51,C,nonparticipants_only,,,10,0,10,0,0,0,0.19118113486803648,0.18388769967916818,0.36660125010953415,0.0018005231092768248,0,0,0.0,0,0.0,0.0,50.0,0,,,,,,,,,,,,,,,,,,,,,,,,,,,
51,C,step_totals,,,,,,,,,,,,,,,,,,,,,75.10000000000007,,,12.5,0.1664447403462049,52.0,0.6924101198402125,0.0,0.0,0.008620226280453695,0.09615384615384616,0.0,0,5,19,23,,25,52,32,4.600000000000001,0.06125166444740343,6.000000000000003,0.0798934753661784,23,30,37
52,C,all_agents,,,40,30,10,0,24,6,0.34840639202029927,0.23603615129257363,0.9370861456803949,0.056361317264823095,306,30,0.75,0,0.0,0.0,30.875,1914,,,,,,,,,,,,,,,,,,,,,,,,,,,
52,C,participants_only,,,30,30,0,0,24,6,0.4006255037453186,0.2670674403974154,0.9370861456803949,0.06366336552930069,306,30,1.0,0,0.0,0.0,24.5,1914,,,,,,,,,,,,,,,,,,,,,,,,,,,
52,C,nonparticipants_only,,,10,0,10,0,0,0,0.19174905684524146,0.18462787079357168,0.3647682438589865,0.0017331449191897745,0,0,0.0,0,0.0,0.0,50.0,0,,,,,,,,,,,,,,,,,,,,,,,,,,,
52,C,step_totals,,,,,,,,,,,,,,,,,,,,,76.10000000000008,,,14.5,0.19053876478317983,50.0,0.6570302233902753,0.0,0.0,0.009279979701937896,0.24,0.0,0,12,15,42,,29,50,34,5.600000000000002,0.07358738501971086,6.000000000000003,0.07884362680683307,28,30,33
53,C,all_agents,,,40,30,10,0,24,6,0.350200195882485,0.2361224129073578,0.9396026998531791,0.057288437673833535,313,30,0.75,0,0.0,0.0,30.825,1958,,,,,,,,,,,,,,,,,,,,,,,,,,,
53,C,participants_only,,,30,30,0,0,24,6,0.4028293604889466,0.2697207454493034,0.9396026998531791,0.0647485965279824,313,30,1.0,0,0.0,0.0,24.433333333333334,1958,,,,,,,,,,,,,,,,,,,,,,,,,,,
53,C,nonparticipants_only,,,10,0,10,0,0,0,0.19231270206310017,0.1860747084432079,0.3629444026396916,0.0016700135052985733,0,0,0.0,0,0.0,0.0,50.0,0,,,,,,,,,,,,,,,,,,,,,,,,,,,
53,C,step_totals,,,,,,,,,,,,,,,,,,,,,75.10000000000007,,,12.5,0.1664447403462049,52.0,0.6924101198402125,0.0,0.0,0.008448344244052384,0.1346153846153846,0.0,0,7,19,23,,25,52,32,4.600000000000001,0.06125166444740343,6.000000000000003,0.0798934753661784,23,30,37
54,C,all_agents,,,40,30,10,0,24,6,0.3517209788769744,0.23760967958550996,0.942018591859052,0.05799855895464709,317,30,0.75,0,0.0,0.0,30.875,1997,,,,,,,,,,,,,,,,,,,,,,,,,,,
54,C,participants_only,,,30,30,0,0,24,6,0.404670307171907,0.26837214172205687,0.942018591859052,0.0655809453256977,317,30,1.0,0,0.0,0.0,24.5,1997,,,,,,,,,,,,,,,,,,,,,,,,,,,
54,C,nonparticipants_only,,,10,0,10,0,0,0,0.19287299399217647,0.18687080411196844,0.36112968062649314,0.0016078234388805874,0,0,0.0,0,0.0,0.0,50.0,0,,,,,,,,,,,,,,,,,,,,,,,,,,,
54,C,step_totals,,,,,,,,,,,,,,,,,,,,,74.70000000000007,,,13.5,0.1807228915662649,50.0,0.6693440428380181,0.0,0.0,0.0077320710224794385,0.08,0.0,0,4,16,43,,27,50,32,5.200000000000002,0.06961178045515391,6.000000000000003,0.0803212851405622,26,30,32
55,C,all_agents,,,40,30,10,0,23,7,0.353598740996539,0.23953512768305524,0.9443378481846899,0.05890616665173494,326,30,0.75,0,0.0,0.0,30.825,2043,,,,,,,,,,,,,,,,,,,,,,,,,,,
55,C,participants_only,,,30,30,0,0,23,7,0.40698842461021234,0.2703504098759403,0.9443378481846899,0.0666239036471968,326,30,1.0,0,0.0,0.0,24.433333333333334,2043,,,,,,,,,,,,,,,,,,,,,,,,,,,
55,C,nonparticipants_only,,,10,0,10,0,0,0,0.19342969015551903,0.187525326251665,0.3593240322233607,0.0015474558689317188,0,0,0.0,0,0.0,0.0,50.0,0,,,,,,,,,,,,,,,,,,,,,,,,,,,
55,C,step_totals,,,,,,,,,,,,,,,,,,,,,75.10000000000008,,,12.5,0.16644474034620488,52.0,0.6924101198402123,0.0,0.0,0.008732679544883604,0.17307692307692307,0.0,0,9,19,23,,25,52,32,4.600000000000001,0.06125166444740342,6.000000000000003,0.07989347536617838,23,30,37
56,C,all_agents,,,40,30,10,0,22,8,0.3554353080526373,0.23966426692694892,0.9465643342573024,0.05961986821361902,329,30,0.75,0,0.0,0.0,30.875,2086,,,,,,,,,,,,,,,,,,,,,,,,,,,
56,C,participants_only,,,30,30,0,0,22,8,0.409252901018966,0.2689986578265606,0.9465643342573024,0.06741118956039417,329,30,1.0,0,0.0,0.0,24.5,2086,,,,,,,,,,,,,,,,,,,,,,,,,,,
56,C,nonparticipants_only,,,10,0,10,0,0,0,0.19398252915365097,0.18775174884742965,0.35752741206224387,0.0014899044210203087,0,0,0.0,0,0.0,0.0,50.0,0,,,,,,,,,,,,,,,,,,,,,,,,,,,
56,C,step_totals,,,,,,,,,,,,,,,,,,,,,74.70000000000009,,,13.5,0.18072289156626484,50.0,0.669344042838018,0.0,0.0,0.00876740258591879,0.06,0.0,0,3,16,43,,27,50,32,5.200000000000002,0.0696117804551539,6.000000000000003,0.08032128514056219,26,30,32
57,C,all_agents,,,40,30,10,0,22,8,0.35702917777321325,0.2390336912561024,0.9487017608870103,0.06042007780342024,334,30,0.75,0,0.0,0.0,30.825,2129,,,,,,,,,,,,,,,,,,,,,,,,,,,
57,C,participants_only,,,30,30,0,0,22,8,0.4111951446796194,0.26809197635868254,0.9487017608870103,0.06834560292861985,334,30,1.0,0,0.0,0.0,24.433333333333334,2129,,,,,,,,,,,,,,,,,,,,,,,,,,,
57,C,nonparticipants_only,,,10,0,10,0,0,0,0.19453127705399492,0.1876803200741323,0.35573977500193266,0.001436078776950818,0,0,0.0,0,0.0,0.0,50.0,0,,,,,,,,,,,,,,,,,,,,,,,,,,,
57,C,step_totals,,,,,,,,,,,,,,,,,,,,,74.60000000000007,,,12.0,0.16085790884718484,52.0,0.697050938337801,0.0,0.0,0.007915877143257317,0.09615384615384616,0.0,0,5,19,22,,24,52,31,4.600000000000001,0.061662198391420876,6.000000000000003,0.08042895442359246,23,30,36
58,C,all_agents,,,40,30,10,0,22,8,0.35872897664599485,0.2385516363029139,0.9507536904515299,0.061130630072470125,336,30,0.75,0,0.0,0.0,30.875,2173,,,,,,,,,,,,,,,,,,,,,,,,,,,
58,C,participants_only,,,30,30,0,0,22,8,0.4132797220422572,0.26675151647688916,0.9507536904515299,0.06914331982663473,336,30,1.0,0,0.0,0.0,24.5,2173,,,,,,,,,,,,,,,,,,,,,,,,,,,
58,C,nonparticipants_only,,,10,0,10,0,0,0,0.1950767404572078,0.189611892324781,0.353961076126923,0.0013831549305222386,0,0,0.0,0,0.0,0.0,50.0,0,,,,,,,,,,,,,,,,,,,,,,,,,,,
58,C,step_totals,,,,,,,,,,,,,,,,,,,,,74.70000000000007,,,13.5,0.1807228915662649,50.0,0.6693440428380181,0.0,0.0,0.008346033613461703,0.04,0.0,0,2,16,42,,27,50,32,5.200000000000002,0.06961178045515391,6.000000000000003,0.0803212851405622,26,30,32
59,C,all_agents,,,40,30,10,0,22,8,0.3603185560652668,0.23765145275430294,0.9527235428334687,0.0620017516988164,342,30,0.75,0,0.0,0.0,30.825,2219,,,,,,,,,,,,,,,,,,,,,,,,,,,
59,C,participants_only,,,30,30,0,0,22,8,0.4152185340084176,0.2667138362513106,0.9527235428334687,0.0701688786895582,342,30,1.0,0,0.0,0.0,24.433333333333334,2219,,,,,,,,,,,,,,,,,,,,,,,,,,,
59,C,nonparticipants_only,,,10,0,10,0,0,0,0.1956186222358142,0.19122303537745738,0.3521912707462884,0.0013322797886895798,0,0,0.0,0,0.0,0.0,50.0,0,,,,,,,,,,,,,,,,,,,,,,,,,,,
59,C,step_totals,,,,,,,,,,,,,,,,,,,,,74.10000000000007,,,11.5,0.15519568151147084,52.0,0.7017543859649117,0.0,0.0,0.007995781981991721,0.11538461538461539,0.0,0,6,19,22,,23,52,31,4.600000000000001,0.062078272604588355,6.000000000000003,0.0809716599190283,23,30,36
60,C,all_agents,,,40,30,10,0,22,8,0.3617402697047869,0.23672592155628652,0.95461460112013,0.06262762888595143,347,30,0.75,0,0.0,0.0,30.875,2260,,,,,,,,,,,,,,,,,,,,,,,,,,,
60,C,participants_only,,,30,30,0,0,22,8,0.41693453018293164,0.2677039541963766,0.95461460112013,0.07089075376268665,347,30,1.0,0,0.0,0.0,24.5,2260,,,,,,,,,,,,,,,,,,,,,,,,,,,
60,C,nonparticipants_only,,,10,0,10,0,0,0,0.196157488270353,0.19164937881904442,0.35043031439255695,0.0012813775789944177,0,0,0.0,0,0.0,0.0,50.0,0,,,,,,,,,,,,,,,,,,,,,,,,,,,
60,C,step_totals,,,,,,,,,,,,,,,,,,,,,73.50000000000007,,,12.5,0.17006802721088418,50.0,0.6802721088435367,0.0,0.0,0.007629170262798437,0.1,0.0,0,5,18,41,,25,50,31,5.000000000000002,0.0680272108843537,6.000000000000003,0.08163265306122444,25,30,32
60,C,reachability,0.225,0.0,,,,,,,,,,,,,,,,,,,,,,,,,,,,,,,,,,,,,,,,,,,,,
61,C,all_agents,,,40,30,10,0,22,8,0.36321087445068634,0.23554229194850507,0.9564300170753248,0.06349022242826055,353,30,0.75,0,0.0,0.0,30.825,2305,,,,,,,,,,,,,,,,,,,,,,,,,,,
61,C,participants_only,,,30,30,0,0,22,8,0.418717118040552,0.2697816855945867,0.9564300170753248,0.07191822957864989,353,30,1.0,0,0.0,0.0,24.433333333333334,2305,,,,,,,,,,,,,,,,,,,,,,,,,,,
61,C,nonparticipants_only,,,10,0,10,0,0,0,0.1966921436810894,0.19206003442053576,0.34867816282059416,0.0012348840476024768,0,0,0.0,0,0.0,0.0,50.0,0,,,,,,,,,,,,,,,,,,,,,,,,,,,
61,C,step_totals,,,,,,,,,,,,,,,,,,,,,72.70000000000007,,,10.5,0.1444291609353506,52.0,0.7152682255845935,0.0,0.0,0.00780648594549604,0.11538461538461539,0.0,0,6,21,21,,21,52,30,4.200000000000001,0.05777166437414026,6.000000000000003,0.08253094910591467,21,30,35
62,C,all_agents,,,40,30,10,0,22,8,0.3646253464079213,0.23550798358154423,0.9581728163923118,0.06411507106615512,360,30,0.75,0,0.0,0.0,30.875,2347,,,,,,,,,,,,,,,,,,,,,,,,,,,
62,C,participants_only,,,30,30,0,0,22,8,0.42042590720815515,0.2688948317053509,0.9581728163923118,0.07263564389862626,360,30,1.0,0,0.0,0.0,24.5,2347,,,,,,,,,,,,,,,,,,,,,,,,,,,
62,C,nonparticipants_only,,,10,0,10,0,0,0,0.19722366400721994,0.19204034927782293,0.3469347720064912,0.0011889215412946366,0,0,0.0,0,0.0,0.0,50.0,0,,,,,,,,,,,,,,,,,,,,,,,,,,,
62,C,step_totals,,,,,,,,,,,,,,,,,,,,,73.50000000000007,,,12.5,0.17006802721088418,50.0,0.6802721088435367,0.0,0.0,0.007621666121057757,0.14,0.0,0,7,18,41,,25,50,31,5.000000000000002,0.0680272108843537,6.000000000000003,0.08163265306122444,25,30,32
63,C,all_agents,,,40,30,10,0,21,9,0.36585537446228195,0.23433044366363653,0.9598459037366193,0.06491493406163418,367,30,0.75,0,0.0,0.0,30.825,2391,,,,,,,,,,,,,,,,,,,,,,,,,,,
63,C,participants_only,,,30,30,0,0,21,9,0.4218899643753851,0.2690371959339659,0.9598459037366193,0.07361200858467322,367,30,1.0,0,0.0,0.0,24.433333333333334,2391,,,,,,,,,,,,,,,,,,,,,,,,,,,
63,C,nonparticipants_only,,,10,0,10,0,0,0,0.1977516047229723,0.1939146465589484,0.34520009814645874,0.001145207291761258,0,0,0.0,0,0.0,0.0,50.0,0,,,,,,,,,,,,,,,,,,,,,,,,,,,
63,C,step_totals,,,,,,,,,,,,,,,,,,,,,72.70000000000007,,,10.5,0.1444291609353506,52.0,0.7152682255845935,0.0,0.0,0.00702769406817646,0.1346153846153846,0.0,0,7,21,21,,21,52,30,4.200000000000001,0.05777166437414026,6.000000000000003,0.08253094910591467,21,30,35
64,C,all_agents,,,40,30,10,0,21,9,0.367121528568215,0.23380705327290768,0.9614520675871545,0.06554430105026544,371,30,0.75,0,0.0,0.0,30.875,2433,,,,,,,,,,,,,,,,,,,,,,,,,,,
64,C,participants_only,,,30,30,0,0,21,9,0.423403270169995,0.27035826362513415,0.9614520675871545,0.07435434806901416,371,30,1.0,0,0.0,0.0,24.5,2433,,,,,,,,,,,,,,,,,,,,,,,,,,,
64,C,nonparticipants_only,,,10,0,10,0,0,0,0.19827630376287522,0.19547801600687942,0.34347409765572645,0.0011025467412650075,0,0,0.0,0,0.0,0.0,50.0,0,,,,,,,,,,,,,,,,,,,,,,,,,,,
64,C,step_totals,,,,,,,,,,,,,,,,,,,,,72.50000000000007,,,11.5,0.15862068965517226,50.0,0.6896551724137924,0.0,0.0,0.00727659715501446,0.08,0.0,0,4,18,41,,23,50,31,5.000000000000002,0.06896551724137927,6.000000000000003,0.08275862068965513,25,30,32
65,C,all_agents,,,40,30,10,0,21,9,0.3685326191593671,0.23263801800654316,0.9629939848836684,0.06634490313738466,375,30,0.75,0,0.0,0.0,30.825,2480,,,,,,,,,,,,,,,,,,,,,,,,,,,
65,C,participants_only,,,30,30,0,0,21,9,0.42511097559552236,0.2717059005646577,0.9629939848836684,0.07530151311611143,375,30,1.0,0,0.0,0.0,24.433333333333334,2480,,,,,,,,,,,,,,,,,,,,,,,,,,,
65,C,nonparticipants_only,,,10,0,10,0,0,0,0.1987975498509011,0.19589171751513204,0.3417567271674478,0.0010617481970047087,0,0,0.0,0,0.0,0.0,50.0,0,,,,,,,,,,,,,,,,,,,,,,,,,,,
65,C,step_totals,,,,,,,,,,,,,,,,,,,,,72.20000000000007,,,10.0,0.1385041551246536,52.0,0.7202216066481987,0.0,0.0,0.007712216685411875,0.07692307692307693,0.0,0,4,21,21,,20,52,30,4.200000000000001,0.05817174515235453,6.000000000000003,0.0831024930747922,21,30,35
66,C,all_agents,,,40,30,10,0,21,9,0.36964635520270317,0.23277198645006936,0.9644742254883216,0.06694530323856028,380,30,0.75,0,0.0,0.0,30.875,2522,,,,,,,,,,,,,,,,,,,,,,,,,,,
66,C,participants_only,,,30,30,0,0,21,9,0.4264232880182851,0.2703473710618344,0.9644742254883216,0.0760252223042637,380,30,1.0,0,0.0,0.0,24.5,2522,,,,,,,,,,,,,,,,,,,,,,,,,,,
66,C,nonparticipants_only,,,10,0,10,0,0,0,0.1993155567559573,0.19629019635903536,0.34004794353161055,0.0010221048421087202,0,0,0.0,0,0.0,0.0,50.0,0,,,,,,,,,,,,,,,,,,,,,,,,,,,
66,C,step_totals,,,,,,,,,,,,,,,,,,,,,71.80000000000007,,,11.0,0.15320334261838425,50.0,0.6963788300835648,0.0,0.0,0.006872814831862025,0.1,0.0,0,5,19,41,,22,50,29,4.800000000000002,0.06685236768802225,6.000000000000003,0.08356545961002781,24,30,29
67,C,all_agents,,,40,30,10,0,20,10,0.3710100629349241,0.23169664413989377,0.9658952564687887,0.06771829864413689,393,30,0.75,0,0.0,0.0,30.825,2570,,,,,,,,,,,,,,,,,,,,,,,,,,,
67,C,participants_only,,,30,30,0,0,20,10,0.4280701430064685,0.2699094438089289,0.9658952564687887,0.07693917654062069,393,30,1.0,0,0.0,0.0,24.433333333333334,2570,,,,,,,,,,,,,,,,,,,,,,,,,,,
67,C,nonparticipants_only,,,10,0,10,0,0,0,0.19982982272029073,0.19627109492006364,0.3383477038139525,0.0009854321014327496,0,0,0.0,0,0.0,0.0,50.0,0,,,,,,,,,,,,,,,,,,,,,,,,,,,
67,C,step_totals,,,,,,,,,,,,,,,,,,,,,72.20000000000007,,,10.0,0.1385041551246536,52.0,0.7202216066481987,0.0,0.0,0.007565828384276862,0.25,0.0,0,13,21,21,,20,52,30,4.200000000000001,0.05817174515235453,6.000000000000003,0.0831024930747922,21,30,35
68,C,all_agents,,,40,30,10,0,20,10,0.3720576682611087,0.23311453904060386,0.9672594462100371,0.0682797291406578,400,30,0.75,0,0.0,0.0,30.875,2611,,,,,,,,,,,,,,,,,,,,,,,,,,,
68,C,participants_only,,,30,30,0,0,20,10,0.42929646387784653,0.2685598965898842,0.9672594462100371,0.07761835573812406,400,30,1.0,0,0.0,0.0,24.5,2611,,,,,,,,,,,,,,,,,,,,,,,,,,,
68,C,nonparticipants_only,,,10,0,10,0,0,0,0.2003412814108955,0.1980898155487404,0.33665596529488273,0.0009484926644029234,0,0,0.0,0,0.0,0.0,50.0,0,,,,,,,,,,,,,,,,,,,,,,,,,,,
68,C,step_totals,,,,,,,,,,,,,,,,,,,,,71.80000000000007,,,11.0,0.15320334261838425,50.0,0.6963788300835648,0.0,0.0,0.0066670526004052625,0.14,0.0,0,7,19,41,,22,50,29,4.800000000000002,0.06685236768802225,6.000000000000003,0.08356545961002781,24,30,29
69,C,all_agents,,,40,30,10,0,20,10,0.37316057124785645,0.23236916297075494,0.9685690683616356,0.06897111608218283,403,30,0.75,0,0.0,0.0,30.825,2655,,,,,,,,,,,,,,,,,,,,,,,,,,,
69,C,participants_only,,,30,30,0,0,20,10,0.43059779052884234,0.26947302923851324,0.9685690683616356,0.0784603494401048,403,30,1.0,0,0.0,0.0,24.433333333333334,2655,,,,,,,,,,,,,,,,,,,,,,,,,,,
69,C,nonparticipants_only,,,10,0,10,0,0,0,0.20084891340489872,0.1996068279745855,0.3349726854684083,0.0009150061036322073,0,0,0.0,0,0.0,0.0,50.0,0,,,,,,,,,,,,,,,,,,,,,,,,,,,
69,C,step_totals,,,,,,,,,,,,,,,,,,,,,72.20000000000007,,,10.0,0.1385041551246536,52.0,0.7202216066481987,0.0,0.0,0.006709039906575514,0.057692307692307696,0.0,0,3,21,21,,20,52,30,4.200000000000001,0.05817174515235453,6.000000000000003,0.0831024930747922,21,30,35
70,C,all_agents,,,40,30,10,0,20,10,0.3744333137407336,0.23322464495167308,0.9698263056271702,0.06956522744828376,411,30,0.75,0,0.0,0.0,30.875,2701,,,,,,,,,,,,,,,,,,,,,,,,,,,
70,C,participants_only,,,30,30,0,0,20,10,0.43212657722125897,0.26812566409232064,0.9698263056271702,0.07914556495562947,411,30,1.0,0,0.0,0.0,24.5,2701,,,,,,,,,,,,,,,,,,,,,,,,,,,
70,C,nonparticipants_only,,,10,0,10,0,0,0,0.20135352329915743,0.20000826240803993,0.3332978220410663,0.000882063113846806,0,0,0.0,0,0.0,0.0,50.0,0,,,,,,,,,,,,,,,,,,,,,,,,,,,
70,C,step_totals,,,,,,,,,,,,,,,,,,,,,71.80000000000007,,,11.0,0.15320334261838425,50.0,0.6963788300835648,0.0,0.0,0.007431162423444947,0.16,0.0,0,8,19,41,,22,50,28,4.800000000000002,0.06685236768802225,6.000000000000003,0.08356545961002781,24,30,28
70,C,reachability,0.25,0.0,,,,,,,,,,,,,,,,,,,,,,,,,,,,,,,,,,,,,,,,,,,,,
71,C,all_agents,,,40,30,10,0,20,10,0.3754811645077375,0.23218020106248466,0.9710332534020834,0.07028990503458893,417,30,0.75,0,0.0,0.0,30.825,2747,,,,,,,,,,,,,,,,,,,,,,,,,,,
71,C,participants_only,,,30,30,0,0,20,10,0.433356625190021,0.26771842368954535,0.9710332534020834,0.08003795023742714,417,30,1.0,0,0.0,0.0,24.433333333333334,2747,,,,,,,,,,,,,,,,,,,,,,,,,,,
71,C,nonparticipants_only,,,10,0,10,0,0,0,0.20185478246088678,0.19987226995517712,0.33163133293086094,0.0008509420358356756,0,0,0.0,0,0.0,0.0,50.0,0,,,,,,,,,,,,,,,,,,,,,,,,,,,
71,C,step_totals,,,,,,,,,,,,,,,,,,,,,71.90000000000006,,,9.5,0.1321279554937412,52.0,0.7232267037552149,0.0,0.0,0.006585961868666178,0.11538461538461539,0.0,0,6,22,20,,19,52,30,4.400000000000001,0.06119610570236436,6.000000000000003,0.08344923504867868,22,30,35
72,C,all_agents,,,40,30,10,0,20,10,0.37656989099372484,0.23192978294834432,0.972191923266,0.07083301875928255,429,30,0.75,0,0.0,0.0,30.875,2791,,,,,,,,,,,,,,,,,,,,,,,,,,,
72,C,participants_only,,,30,30,0,0,20,10,0.4346421462825952,0.2663798315710977,0.972191923266,0.08068111468528964,429,30,1.0,0,0.0,0.0,24.5,2791,,,,,,,,,,,,,,,,,,,,,,,,,,,
72,C,nonparticipants_only,,,10,0,10,0,0,0,0.20235312512711365,0.20012641294853284,0.32997317626620665,0.000820088969232494,0,0,0.0,0,0.0,0.0,50.0,0,,,,,,,,,,,,,,,,,,,,,,,,,,,
72,C,step_totals,,,,,,,,,,,,,,,,,,,,,71.80000000000008,,,11.0,0.15320334261838423,50.0,0.6963788300835647,0.0,0.0,0.006827050608622414,0.24,0.0,0,12,19,41,,22,50,28,4.800000000000002,0.06685236768802223,6.000000000000003,0.0835654596100278,24,30,28
73,C,all_agents,,,40,30,10,0,20,10,0.3777681392583896,0.23126259472255078,0.9733042463353601,0.07154870185416548,435,30,0.75,0,0.0,0.0,30.825,2839,,,,,,,,,,,,,,,,,,,,,,,,,,,
73,C,participants_only,,,30,30,0,0,20,10,0.4360748827748861,0.26727635828110896,0.9733042463353601,0.08153558400778277,435,30,1.0,0,0.0,0.0,24.433333333333334,2839,,,,,,,,,,,,,,,,,,,,,,,,,,,
73,C,nonparticipants_only,,,10,0,10,0,0,0,0.20284790870890027,0.20078155441094053,0.3283233103848756,0.0007919393193316173,0,0,0.0,0,0.0,0.0,50.0,0,,,,,,,,,,,,,,,,,,,,,,,,,,,
73,C,step_totals,,,,,,,,,,,,,,,,,,,,,71.70000000000006,,,9.5,0.13249651324965123,52.0,0.7252440725244067,0.0,0.0,0.007119655446535215,0.11538461538461539,0.0,0,6,22,20,,19,52,29,4.200000000000001,0.05857740585774055,6.000000000000003,0.0836820083682008,21,30,34
74,C,all_agents,,,40,30,10,0,20,10,0.3787184784300852,0.23186191556963803,0.9743720764819457,0.07204904828133286,441,30,0.75,0,0.0,0.0,30.875,2882,,,,,,,,,,,,,,,,,,,,,,,,,,,
74,C,participants_only,,,30,30,0,0,20,10,0.43717807705015865,0.26593997648970347,0.9743720764819457,0.08214044350514074,441,30,1.0,0,0.0,0.0,24.5,2882,,,,,,,,,,,,,,,,,,,,,,,,,,,
74,C,nonparticipants_only,,,10,0,10,0,0,0,0.20333968256986515,0.202999071340323,0.32668169383295126,0.0007645665600682309,0,0,0.0,0,0.0,0.0,50.0,0,,,,,,,,,,,,,,,,,,,,,,,,,,,
74,C,step_totals,,,,,,,,,,,,,,,,,,,,,71.30000000000007,,,10.5,0.1472650771388498,50.0,0.7012622720897609,0.0,0.0,0.006446184778310511,0.12,0.0,0,6,19,40,,21,50,28,4.800000000000002,0.06732117812061707,6.000000000000003,0.08415147265077134,24,30,27
75,C,all_agents,,,40,30,10,0,20,10,0.3797457694894984,0.23093519718570332,0.9753971934226678,0.07271739618703264,444,30,0.75,0,0.0,0.0,30.825,2927,,,,,,,,,,,,,,,,,,,,,,,,,,,
75,C,participants_only,,,30,30,0,0,20,10,0.43838488117152796,0.26697450284385654,0.9753971934226678,0.08295634411645367,444,30,1.0,0,0.0,0.0,24.433333333333334,2927,,,,,,,,,,,,,,,,,,,,,,,,,,,
75,C,nonparticipants_only,,,10,0,10,0,0,0,0.20382843444340973,0.20315953508876072,0.3250482853637865,0.000738007372479108,0,0,0.0,0,0.0,0.0,50.0,0,,,,,,,,,,,,,,,,,,,,,,,,,,,
75,C,step_totals,,,,,,,,,,,,,,,,,,,,,71.50000000000007,,,9.5,0.13286713286713273,52.0,0.7272727272727265,0.0,0.0,0.006575857689501901,0.057692307692307696,0.0,0,3,22,20,,19,52,29,4.000000000000001,0.0559440559440559,6.000000000000003,0.08391608391608386,20,30,34
76,C,all_agents,,,40,30,10,0,19,11,0.3807565011951965,0.23050604153947324,0.9763813056857611,0.07328279612001637,452,30,0.75,0,0.0,0.0,30.875,2973,,,,,,,,,,,,,,,,,,,,,,,,,,,
76,C,participants_only,,,30,30,0,0,19,11,0.4395706997662917,0.2656396303296373,0.9763813056857611,0.08363620228159138,452,30,1.0,0,0.0,0.0,24.5,2973,,,,,,,,,,,,,,,,,,,,,,,,,,,
76,C,nonparticipants_only,,,10,0,10,0,0,0,0.2043139054819109,0.20355003887408457,0.3234230439369676,0.0007132581925687157,0,0,0.0,0,0.0,0.0,50.0,0,,,,,,,,,,,,,,,,,,,,,,,,,,,
76,C,step_totals,,,,,,,,,,,,,,,,,,,,,70.60000000000007,,,10.0,0.14164305949008485,50.0,0.7082152974504242,0.0,0.0,0.006742197957516948,0.16,0.0,0,8,20,39,,20,50,28,4.600000000000001,0.06515580736543905,6.000000000000003,0.08498583569405095,23,30,27
77,C,all_agents,,,40,30,10,0,19,11,0.38170518865995734,0.23015149458376227,0.9773260534583307,0.07395519564623892,457,30,0.75,0,0.0,0.0,30.825,3020,,,,,,,,,,,,,,,,,,,,,,,,,,,
77,C,participants_only,,,30,30,0,0,19,11,0.44067483239857885,0.26537989798899375,0.9773260534583307,0.08446731969086406,457,30,1.0,0,0.0,0.0,24.433333333333334,3020,,,,,,,,,,,,,,,,,,,,,,,,,,,
77,C,nonparticipants_only,,,10,0,10,0,0,0,0.20479625744409288,0.20350370639726384,0.32180592871728275,0.0006897969204442245,0,0,0.0,0,0.0,0.0,50.0,0,,,,,,,,,,,,,,,,,,,,,,,,,,,
77,C,step_totals,,,,,,,,,,,,,,,,,,,,,71.70000000000007,,,9.5,0.1324965132496512,52.0,0.7252440725244065,0.0,0.0,0.006305512152292941,0.09615384615384616,0.0,0,5,22,20,,19,52,29,4.200000000000001,0.05857740585774054,6.000000000000003,0.08368200836820079,21,30,34
78,C,all_agents,,,40,30,10,0,19,11,0.3826262592075613,0.23105119144814817,0.9782330113199974,0.07447042312264507,464,30,0.75,0,0.0,0.0,30.875,3065,,,,,,,,,,,,,,,,,,,,,,,,,,,
78,C,participants_only,,,30,30,0,0,19,11,0.4417430981815726,0.26405299849904873,0.9782330113199974,0.08509242790512975,464,30,1.0,0,0.0,0.0,24.5,3065,,,,,,,,,,,,,,,,,,,,,,,,,,,
78,C,nonparticipants_only,,,10,0,10,0,0,0,0.20527574228552747,0.20394183934738447,0.32019689907369636,0.0006668009718408474,0,0,0.0,0,0.0,0.0,50.0,0,,,,,,,,,,,,,,,,,,,,,,,,,,,
78,C,step_totals,,,,,,,,,,,,,,,,,,,,,70.60000000000007,,,10.0,0.14164305949008485,50.0,0.7082152974504242,0.0,0.0,0.006446582619631897,0.14,0.0,0,7,20,39,,20,50,28,4.600000000000001,0.06515580736543905,6.000000000000003,0.08498583569405095,23,30,27
79,C,all_agents,,,40,30,10,0,19,11,0.3836744260302695,0.2309938532852693,0.9791036908671975,0.07515086206206152,471,30,0.75,0,0.0,0.0,30.825,3114,,,,,,,,,,,,,,,,,,,,,,,,,,,
79,C,participants_only,,,30,30,0,0,19,11,0.4429819247316243,0.2643094970025106,0.9791036908671975,0.08591634585022954,471,30,1.0,0,0.0,0.0,24.433333333333334,3114,,,,,,,,,,,,,,,,,,,,,,,,,,,
79,C,nonparticipants_only,,,10,0,10,0,0,0,0.20575192992620528,0.20659799779093327,0.31859591457832787,0.000645857871023124,0,0,0.0,0,0.0,0.0,50.0,0,,,,,,,,,,,,,,,,,,,,,,,,,,,
79,C,step_totals,,,,,,,,,,,,,,,,,,,,,71.30000000000007,,,9.5,0.13323983169705458,52.0,0.7293127629733513,0.0,0.0,0.006685702278069546,0.1346153846153846,0.0,0,7,22,20,,19,52,28,3.800000000000001,0.05329593267882184,6.000000000000003,0.08415147265077134,19,30,31
80,C,all_agents,,,40,30,10,0,19,11,0.38461063189241684,0.2312800000291072,0.9799395432325096,0.07565386560333603,481,30,0.75,0,0.0,0.0,30.875,3160,,,,,,,,,,,,,,,,,,,,,,,,,,,
80,C,participants_only,,,30,30,0,0,19,11,0.4440722638929623,0.26298794951749804,0.9799395432325096,0.08652117205785965,481,30,1.0,0,0.0,0.0,24.5,3160,,,,,,,,,,,,,,,,,,,,,,,,,,,
80,C,nonparticipants_only,,,10,0,10,0,0,0,0.20622573589078058,0.20701119719893643,0.31700293500543625,0.0006237180777457088,0,0,0.0,0,0.0,0.0,50.0,0,,,,,,,,,,,,,,,,,,,,,,,,,,,
80,C,step_totals,,,,,,,,,,,,,,,,,,,,,70.40000000000006,,,10.0,0.14204545454545442,50.0,0.7102272727272722,0.0,0.0,0.006528753934980923,0.2,0.0,0,10,20,38,,20,50,27,4.400000000000001,0.062499999999999965,6.000000000000003,0.0852272727272727,22,30,24
80,C,reachability,0.25,0.0,,,,,,,,,,,,,,,,,,,,,,,,,,,,,,,,,,,,,,,,,,,,,
81,C,all_agents,,,40,30,10,0,19,11,0.38557787058936505,0.2301918445886864,0.9807419615032092,0.07634512714460644,489,30,0.75,0,0.0,0.0,30.825,3208,,,,,,,,,,,,,,,,,,,,,,,,,,,
81,C,participants_only,,,30,30,0,0,19,11,0.44520525310728004,0.26225255546561127,0.9807419615032092,0.08736994486882117,489,30,1.0,0,0.0,0.0,24.433333333333334,3208,,,,,,,,,,,,,,,,,,,,,,,,,,,
81,C,nonparticipants_only,,,10,0,10,0,0,0,0.20669572303562012,0.20734049614321198,0.31541792033040905,0.0006055770207092214,0,0,0.0,0,0.0,0.0,50.0,0,,,,,,,,,,,,,,,,,,,,,,,,,,,
81,C,step_totals,,,,,,,,,,,,,,,,,,,,,70.80000000000007,,,9.0,0.1271186440677965,52.0,0.7344632768361575,0.0,0.0,0.006483390554966679,0.15384615384615385,0.0,0,8,22,20,,18,52,28,3.800000000000001,0.053672316384180754,6.000000000000003,0.08474576271186436,19,30,31
82,C,all_agents,,,40,30,10,0,19,11,0.38622102517001766,0.23022716512325958,0.9815122830430809,0.07676156233112327,493,30,0.75,0,0.0,0.0,30.875,3249,,,,,,,,,,,,,,,,,,,,,,,,,,,
82,C,participants_only,,,30,30,0,0,19,11,0.44590700824665375,0.26094129268828326,0.9815122830430809,0.08790334390070542,493,30,1.0,0,0.0,0.0,24.5,3249,,,,,,,,,,,,,,,,,,,,,,,,,,,
82,C,nonparticipants_only,,,10,0,10,0,0,0,0.20716307594010946,0.20717572602584278,0.313840830728757,0.000587218712482963,0,0,0.0,0,0.0,0.0,50.0,0,,,,,,,,,,,,,,,,,,,,,,,,,,,
82,C,step_totals,,,,,,,,,,,,,,,,,,,,,70.40000000000006,,,10.0,0.14204545454545442,50.0,0.7102272727272722,0.0,0.0,0.005540369796863982,0.08,0.0,0,4,20,37,,20,50,26,4.400000000000001,0.062499999999999965,6.000000000000003,0.0852272727272727,22,30,24
83,C,all_agents,,,40,30,10,0,19,11,0.38713768175084057,0.22995126301101101,0.9822517917213577,0.07740952826492943,501,30,0.75,0,0.0,0.0,30.825,3298,,,,,,,,,,,,,,,,,,,,,,,,,,,
83,C,participants_only,,,30,30,0,0,19,11,0.4469742443164409,0.26013900346900604,0.9822517917213577,0.08870170949015298,501,30,1.0,0,0.0,0.0,24.433333333333334,3298,,,,,,,,,,,,,,,,,,,,,,,,,,,
83,C,nonparticipants_only,,,10,0,10,0,0,0,0.2076279940540394,0.20836497673733162,0.3122716265751132,0.0005680139532546734,0,0,0.0,0,0.0,0.0,50.0,0,,,,,,,,,,,,,,,,,,,,,,,,,,,
83,C,step_totals,,,,,,,,,,,,,,,,,,,,,70.80000000000007,,,9.0,0.1271186440677965,52.0,0.7344632768361575,0.0,0.0,0.006318657213854187,0.15384615384615385,0.0,0,8,22,20,,18,52,27,3.800000000000001,0.053672316384180754,6.000000000000003,0.08474576271186436,19,30,30
84,C,all_agents,,,40,30,10,0,19,11,0.38804376351631226,0.23012201208949642,0.9829617200525034,0.07789550885140728,510,30,0.75,0,0.0,0.0,30.875,3345,,,,,,,,,,,,,,,,,,,,,,,,,,,
84,C,participants_only,,,30,30,0,0,19,11,0.4480284167120828,0.258838308451661,0.9829617200525034,0.08928456238660326,510,30,1.0,0,0.0,0.0,24.5,3345,,,,,,,,,,,,,,,,,,,,,,,,,,,
84,C,nonparticipants_only,,,10,0,10,0,0,0,0.2080898039290004,0.2091747263692479,0.31071026844223765,0.0005504448176168565,0,0,0.0,0,0.0,0.0,50.0,0,,,,,,,,,,,,,,,,,,,,,,,,,,,
84,C,step_totals,,,,,,,,,,,,,,,,,,,,,70.40000000000006,,,10.0,0.14204545454545442,50.0,0.7102272727272722,0.0,0.0,0.006446659829255907,0.18,0.0,0,9,20,37,,20,50,26,4.400000000000001,0.062499999999999965,6.000000000000003,0.0852272727272727,22,30,24
85,C,all_agents,,,40,30,10,0,19,11,0.38888103864654044,0.229934272853879,0.9836432512504032,0.07853687429213523,517,30,0.75,0,0.0,0.0,30.825,3394,,,,,,,,,,,,,,,,,,,,,,,,,,,
85,C,participants_only,,,30,30,0,0,19,11,0.4489918755716248,0.2588668334055591,0.9836432512504032,0.0900844293261187,517,30,1.0,0,0.0,0.0,24.433333333333334,3394,,,,,,,,,,,,,,,,,,,,,,,,,,,
85,C,nonparticipants_only,,,10,0,10,0,0,0,0.2085485278712874,0.21012129325662388,0.30915671710002646,0.0005344566001758018,0,0,0.0,0,0.0,0.0,50.0,0,,,,,,,,,,,,,,,,,,,,,,,,,,,
85,C,step_totals,,,,,,,,,,,,,,,,,,,,,70.80000000000005,,,9.0,0.12711864406779652,52.0,0.7344632768361576,0.0,0.0,0.006059403760007817,0.1346153846153846,0.0,0,7,22,20,,18,52,26,3.800000000000001,0.05367231638418077,6.000000000000003,0.08474576271186438,19,30,30
86,C,all_agents,,,40,30,10,0,19,11,0.3898008709957954,0.2310208067258409,0.984297521200387,0.07902476547199215,523,30,0.75,0,0.0,0.0,30.875,3442,,,,,,,,,,,,,,,,,,,,,,,,,,,
86,C,participants_only,,,30,30,0,0,19,11,0.450066390189011,0.2575724992385313,0.984297521200387,0.09066542329141834,523,30,1.0,0,0.0,0.0,24.5,3442,,,,,,,,,,,,,,,,,,,,,,,,,,,
86,C,nonparticipants_only,,,10,0,10,0,0,0,0.2090043134161487,0.2101215963082222,0.30761093351452634,0.0005195983701795667,0,0,0.0,0,0.0,0.0,50.0,0,,,,,,,,,,,,,,,,,,,,,,,,,,,
86,C,step_totals,,,,,,,,,,,,,,,,,,,,,70.40000000000008,,,10.0,0.1420454545454544,50.0,0.7102272727272719,0.0,0.0,0.006502469262740794,0.12,0.0,0,6,20,37,,20,50,26,4.400000000000001,0.06249999999999995,6.000000000000003,0.08522727272727267,22,30,24
87,C,all_agents,,,40,30,10,0,19,11,0.39063209017184264,0.2307419770368837,0.9849256203523715,0.07962173270047368,531,30,0.75,0,0.0,0.0,30.825,3491,,,,,,,,,,,,,,,,,,,,,,,,,,,
87,C,participants_only,,,30,30,0,0,19,11,0.45102361786879985,0.2583087676719169,0.9849256203523715,0.09140555129087212,531,30,1.0,0,0.0,0.0,24.433333333333334,3491,,,,,,,,,,,,,,,,,,,,,,,,,,,
87,C,nonparticipants_only,,,10,0,10,0,0,0,0.2094575070809711,0.21021106439600012,0.3060728788469537,0.0005046375184101989,0,0,0.0,0,0.0,0.0,50.0,0,,,,,,,,,,,,,,,,,,,,,,,,,,,
87,C,step_totals,,,,,,,,,,,,,,,,,,,,,71.00000000000007,,,9.0,0.12676056338028158,52.0,0.7323943661971823,0.0,0.0,0.006032766898720201,0.15384615384615385,0.0,0,8,22,20,,18,52,26,4.000000000000001,0.05633802816901404,6.000000000000003,0.08450704225352108,20,30,30
88,C,all_agents,,,40,30,10,0,19,11,0.39147711688750797,0.23118732106115608,0.9855285955382767,0.08006349851310729,535,30,0.75,0,0.0,0.0,30.875,3538,,,,,,,,,,,,,,,,,,,,,,,,,,,
88,C,participants_only,,,30,30,0,0,19,11,0.45200012993232674,0.2570172238335573,0.9855285955382767,0.09193594524647175,535,30,1.0,0,0.0,0.0,24.5,3538,,,,,,,,,,,,,,,,,,,,,,,,,,,
88,C,nonparticipants_only,,,10,0,10,0,0,0,0.2099080777530516,0.2103075047167508,0.30454251445271896,0.000489737016734229,0,0,0.0,0,0.0,0.0,50.0,0,,,,,,,,,,,,,,,,,,,,,,,,,,,
88,C,step_totals,,,,,,,,,,,,,,,,,,,,,70.40000000000008,,,10.0,0.1420454545454544,50.0,0.7102272727272719,0.0,0.0,0.006257368158257046,0.08,0.0,0,4,20,36,,20,50,26,4.400000000000001,0.06249999999999995,6.000000000000003,0.08522727272727267,22,30,24
89,C,all_agents,,,40,30,10,0,19,11,0.39226864345277296,0.23147987221613664,0.9861074517167456,0.08068499506038548,542,30,0.75,0,0.0,0.0,30.825,3587,,,,,,,,,,,,,,,,,,,,,,,,,,,
89,C,participants_only,,,30,30,0,0,19,11,0.45290631705759005,0.25806631979681194,0.9861074517167456,0.09271347832675982,542,30,1.0,0,0.0,0.0,24.433333333333334,3587,,,,,,,,,,,,,,,,,,,,,,,,,,,
89,C,nonparticipants_only,,,10,0,10,0,0,0,0.2103556226383219,0.210952598188512,0.30301980188045535,0.00047641573881063593,0,0,0.0,0,0.0,0.0,50.0,0,,,,,,,,,,,,,,,,,,,,,,,,,,,
89,C,step_totals,,,,,,,,,,,,,,,,,,,,,71.00000000000007,,,9.0,0.12676056338028158,52.0,0.7323943661971823,0.0,0.0,0.005908833719272788,0.1346153846153846,0.0,0,7,22,20,,18,52,25,4.000000000000001,0.05633802816901404,6.000000000000003,0.08450704225352108,20,30,29
90,C,all_agents,,,40,30,10,0,19,11,0.3928795302879512,0.23162024575035045,0.9862463771995782,0.08107239660711353,550,30,0.75,0,0.0,0.0,30.875,3630,,,,,,,,,,,,,,,,,,,,,,,,,,,
90,C,participants_only,,,30,30,0,0,19,11,0.4535724943233929,0.2567759881978279,0.9862463771995782,0.09320766870670173,550,30,1.0,0,0.0,0.0,24.5,3630,,,,,,,,,,,,,,,,,,,,,,,,,,,
90,C,nonparticipants_only,,,10,0,10,0,0,0,0.210800638181626,0.21141146572683805,0.3015047028710531,0.0004629497074598384,0,0,0.0,0,0.0,0.0,50.0,0,,,,,,,,,,,,,,,,,,,,,,,,,,,
90,C,step_totals,,,,,,,,,,,,,,,,,,,,,70.40000000000008,,,10.0,0.1420454545454544,50.0,0.7102272727272719,0.0,0.0,0.0054676781247149945,0.16,0.0,0,8,20,35,,20,50,26,4.400000000000001,0.06249999999999995,6.000000000000003,0.08522727272727267,22,30,24
90,C,reachability,0.25,0.0,,,,,,,,,,,,,,,,,,,,,,,,,,,,,,,,,,,,,,,,,,,,,
91,C,all_agents,,,40,30,10,0,19,11,0.39365408587274836,0.2312416016397285,0.9867965221115951,0.08166044307363579,558,30,0.75,0,0.0,0.0,30.825,3678,,,,,,,,,,,,,,,,,,,,,,,,,,,
91,C,participants_only,,,30,30,0,0,19,11,0.45445790883251724,0.2567392557983952,0.9867965221115951,0.09394176275383094,558,30,1.0,0,0.0,0.0,24.433333333333334,3678,,,,,,,,,,,,,,,,,,,,,,,,,,,
91,C,nonparticipants_only,,,10,0,10,0,0,0,0.21124261699344174,0.21319954248271655,0.2999971793566978,0.00045122539477533425,0,0,0.0,0,0.0,0.0,50.0,0,,,,,,,,,,,,,,,,,,,,,,,,,,,
91,C,step_totals,,,,,,,,,,,,,,,,,,,,,71.00000000000007,,,9.0,0.12676056338028158,52.0,0.7323943661971823,0.0,0.0,0.005857755123449146,0.15384615384615385,0.0,0,8,22,20,,18,52,25,4.000000000000001,0.05633802816901404,6.000000000000003,0.08450704225352108,20,30,29
92,C,all_agents,,,40,30,10,0,19,11,0.39429483128195547,0.23101317386898476,0.9873246612271313,0.08204495376490774,568,30,0.75,0,0.0,0.0,30.875,3723,,,,,,,,,,,,,,,,,,,,,,,,,,,
92,C,participants_only,,,30,30,0,0,19,11,0.45516573624181217,0.25579102423577127,0.9873246612271313,0.09442577908211332,568,30,1.0,0,0.0,0.0,24.5,3723,,,,,,,,,,,,,,,,,,,,,,,,,,,
92,C,nonparticipants_only,,,10,0,10,0,0,0,0.21168211640238535,0.21305311242363284,0.29849719345991427,0.0004392729657081518,0,0,0.0,0,0.0,0.0,50.0,0,,,,,,,,,,,,,,,,,,,,,,,,,,,
92,C,step_totals,,,,,,,,,,,,,,,,,,,,,70.40000000000008,,,10.0,0.1420454545454544,50.0,0.7102272727272719,0.0,0.0,0.005578451758977719,0.2,0.0,0,10,20,35,,20,50,26,4.400000000000001,0.06249999999999995,6.000000000000003,0.08522727272727267,22,30,23
93,C,all_agents,,,40,30,10,0,19,11,0.39508420032123,0.23216146943640115,0.987831674778046,0.08263068058314466,575,30,0.75,0,0.0,0.0,30.825,3771,,,,,,,,,,,,,,,,,,,,,,,,,,,
93,C,participants_only,,,30,30,0,0,19,11,0.45607263873015386,0.25586592556960774,0.987831674778046,0.09515321499090496,575,30,1.0,0,0.0,0.0,24.433333333333334,3771,,,,,,,,,,,,,,,,,,,,,,,,,,,
93,C,nonparticipants_only,,,10,0,10,0,0,0,0.21211888509445845,0.21275480906091132,0.2970047074926147,0.00042800192515455356,0,0,0.0,0,0.0,0.0,50.0,0,,,,,,,,,,,,,,,,,,,,,,,,,,,
93,C,step_totals,,,,,,,,,,,,,,,,,,,,,70.80000000000007,,,9.0,0.1271186440677965,52.0,0.7344632768361575,0.0,0.0,0.00593135165559487,0.1346153846153846,0.0,0,7,22,20,,18,52,25,3.800000000000001,0.053672316384180754,6.000000000000003,0.08474576271186436,19,30,28
94,C,all_agents,,,40,30,10,0,19,11,0.39573310872914175,0.23277283037758956,0.9883184077869241,0.08302646684321942,583,30,0.75,0,0.0,0.0,30.875,3817,,,,,,,,,,,,,,,,,,,,,,,,,,,
94,C,participants_only,,,30,30,0,0,19,11,0.456793184506005,0.25464121198903933,0.9883184077869241,0.09564941014465878,583,30,1.0,0,0.0,0.0,24.5,3817,,,,,,,,,,,,,,,,,,,,,,,,,,,
94,C,nonparticipants_only,,,10,0,10,0,0,0,0.21255288139855225,0.21292979435634193,0.29551968395515166,0.00041764269238607753,0,0,0.0,0,0.0,0.0,50.0,0,,,,,,,,,,,,,,,,,,,,,,,,,,,
94,C,step_totals,,,,,,,,,,,,,,,,,,,,,70.40000000000008,,,10.0,0.1420454545454544,50.0,0.7102272727272719,0.0,0.0,0.00561584540774976,0.16,0.0,0,8,20,35,,20,50,26,4.400000000000001,0.06249999999999995,6.000000000000003,0.08522727272727267,22,30,23
95,C,all_agents,,,40,30,10,0,19,11,0.3964106834551315,0.23275743455814366,0.9887856714754472,0.08356356916550761,591,30,0.75,0,0.0,0.0,30.825,3866,,,,,,,,,,,,,,,,,,,,,,,,,,,
95,C,participants_only,,,30,30,0,0,19,11,0.457552725617833,0.25482898949018445,0.9887856714754472,0.0963291455923892,591,30,1.0,0,0.0,0.0,24.433333333333334,3866,,,,,,,,,,,,,,,,,,,,,,,,,,,
95,C,nonparticipants_only,,,10,0,10,0,0,0,0.21298455696702712,0.21345093703638895,0.2940420855353759,0.0004066480469561008,0,0,0.0,0,0.0,0.0,50.0,0,,,,,,,,,,,,,,,,,,,,,,,,,,,
95,C,step_totals,,,,,,,,,,,,,,,,,,,,,70.80000000000007,,,9.0,0.1271186440677965,52.0,0.7344632768361575,0.0,0.0,0.005559914243113643,0.15384615384615385,0.0,0,8,22,20,,18,52,24,3.800000000000001,0.053672316384180754,6.000000000000003,0.08474576271186436,19,30,28
96,C,all_agents,,,40,30,10,0,19,11,0.3971366657737283,0.23307457724213843,0.9892342446164293,0.08397986696364383,602,30,0.75,0,0.0,0.0,30.875,3914,,,,,,,,,,,,,,,,,,,,,,,,,,,
96,C,participants_only,,,30,30,0,0,19,11,0.4583777179143461,0.2538413543242932,0.9892342446164293,0.09683911655718327,602,30,1.0,0,0.0,0.0,24.5,3914,,,,,,,,,,,,,,,,,,,,,,,,,,,
96,C,nonparticipants_only,,,10,0,10,0,0,0,0.21341350935187467,0.21313095439856172,0.29257187510769905,0.0003965205755469566,0,0,0.0,0,0.0,0.0,50.0,0,,,,,,,,,,,,,,,,,,,,,,,,,,,
96,C,step_totals,,,,,,,,,,,,,,,,,,,,,70.40000000000005,,,10.0,0.14204545454545445,50.0,0.7102272727272723,0.0,0.0,0.005885838234110503,0.22,0.0,0,11,20,35,,20,50,26,4.400000000000001,0.06249999999999997,6.000000000000003,0.08522727272727271,22,30,23
97,C,all_agents,,,40,30,10,0,19,11,0.39780343465522633,0.23290240621966146,0.9896648748317721,0.08452786787151605,610,30,0.75,0,0.0,0.0,30.825,3963,,,,,,,,,,,,,,,,,,,,,,,,,,,
97,C,participants_only,,,30,30,0,0,19,11,0.4591247928541216,0.25618447587414245,0.9896648748317721,0.09753304544275097,610,30,1.0,0,0.0,0.0,24.433333333333334,3963,,,,,,,,,,,,,,,,,,,,,,,,,,,
97,C,nonparticipants_only,,,10,0,10,0,0,0,0.21383936005854054,0.2151682282890787,0.2911090157321606,0.0003886275015245873,0,0,0.0,0,0.0,0.0,50.0,0,,,,,,,,,,,,,,,,,,,,,,,,,,,
97,C,step_totals,,,,,,,,,,,,,,,,,,,,,71.00000000000006,,,9.0,0.12676056338028158,52.0,0.7323943661971826,0.0,0.0,0.005516236414373554,0.15384615384615385,0.0,0,8,22,20,,18,52,25,4.000000000000001,0.05633802816901405,6.000000000000003,0.0845070422535211,20,30,28
98,C,all_agents,,,40,30,10,0,19,11,0.3984793103150409,0.23291860043835913,0.9900782798385013,0.08493930586909713,617,30,0.75,0,0.0,0.0,30.875,4011,,,,,,,,,,,,,,,,,,,,,,,,,,,
98,C,participants_only,,,30,30,0,0,19,11,0.45988475404560575,0.2550650603857446,0.9900782798385013,0.09804325433222678,617,30,1.0,0,0.0,0.0,24.5,4011,,,,,,,,,,,,,,,,,,,,,,,,,,,
98,C,nonparticipants_only,,,10,0,10,0,0,0,0.2142629791233462,0.21501099781401317,0.2896534706534998,0.00037991824273732945,0,0,0.0,0,0.0,0.0,50.0,0,,,,,,,,,,,,,,,,,,,,,,,,,,,
98,C,step_totals,,,,,,,,,,,,,,,,,,,,,70.40000000000006,,,10.0,0.14204545454545442,50.0,0.7102272727272722,0.0,0.0,0.0057226479165597335,0.14,0.0,0,7,20,35,,20,50,26,4.400000000000001,0.062499999999999965,6.000000000000003,0.0852272727272727,22,30,23
99,C,all_agents,,,40,30,10,0,19,11,0.3991249457980898,0.23327335905413077,0.9904751486449612,0.08546562990659283,621,30,0.75,0,0.0,0.0,30.825,4060,,,,,,,,,,,,,,,,,,,,,,,,,,,
99,C,participants_only,,,30,30,0,0,19,11,0.460605242495583,0.25526920016108245,0.9904751486449612,0.09871101761697003,621,30,1.0,0,0.0,0.0,24.433333333333334,4060,,,,,,,,,,,,,,,,,,,,,,,,,,,
99,C,nonparticipants_only,,,10,0,10,0,0,0,0.21468405570561028,0.2150047667814825,0.2882052033002323,0.0003715441913197292,0,0,0.0,0,0.0,0.0,50.0,0,,,,,,,,,,,,,,,,,,,,,,,,,,,
99,C,step_totals,,,,,,,,,,,,,,,,,,,,,70.80000000000007,,,9.0,0.1271186440677965,52.0,0.7344632768361575,0.0,0.0,0.0054687219910239445,0.07692307692307693,0.0,0,4,22,20,,18,52,25,3.800000000000001,0.053672316384180754,6.000000000000003,0.08474576271186436,19,30,28
100,C,all_agents,,,40,30,10,0,19,11,0.3997786319714715,0.23401117348403114,0.9908561426991628,0.08585624540642024,631,30,0.75,0,0.0,0.0,30.875,4108,,,,,,,,,,,,,,,,,,,,,,,,,,,
100,C,participants_only,,,30,30,0,0,19,11,0.4613372659817028,0.25432940325054787,0.9908561426991628,0.09919611380555009,631,30,1.0,0,0.0,0.0,24.5,4108,,,,,,,,,,,,,,,,,,,,,,,,,,,
100,C,nonparticipants_only,,,10,0,10,0,0,0,0.2151027299407777,0.21501902612600796,0.28676417728373116,0.0003630551545634843,0,0,0.0,0,0.0,0.0,50.0,0,,,,,,,,,,,,,,,,,,,,,,,,,,,
100,C,step_totals,,,,,,,,,,,,,,,,,,,,,70.40000000000005,,,10.0,0.14204545454545445,50.0,0.7102272727272723,0.0,0.0,0.005654883936050447,0.2,0.0,0,10,20,35,,20,50,26,4.400000000000001,0.06249999999999997,6.000000000000003,0.08522727272727271,22,30,23
100,C,reachability,0.25,0.0,,,,,,,,,,,,,,,,,,,,,,,,,,,,,,,,,,,,,,,,,,,,,
101,C,all_agents,,,40,30,10,0,19,11,0.4004423090542944,0.23379393783014196,0.9912218969911962,0.08639307480337505,639,30,0.75,0,0.0,0.0,30.825,4159,,,,,,,,,,,,,,,,,,,,,,,,,,,
101,C,participants_only,,,30,30,0,0,19,11,0.4620834368515548,0.25394337303902004,0.9912218969911962,0.09987398323658109,639,30,1.0,0,0.0,0.0,24.433333333333334,4159,,,,,,,,,,,,,,,,,,,,,,,,,,,
101,C,nonparticipants_only,,,10,0,10,0,0,0,0.2155189256625133,0.21490018001286262,0.2853303563973125,0.0003548058703387211,0,0,0.0,0,0.0,0.0,50.0,0,,,,,,,,,,,,,,,,,,,,,,,,,,,
101,C,step_totals,,,,,,,,,,,,,,,,,,,,,70.80000000000007,,,9.0,0.1271186440677965,52.0,0.7344632768361575,0.0,0.0,0.005537861319590127,0.15384615384615385,0.0,0,8,22,20,,18,52,25,3.800000000000001,0.053672316384180754,6.000000000000003,0.08474576271186436,19,30,28
102,C,all_agents,,,40,30,10,0,19,11,0.4010335270256181,0.23447150400805603,0.9915730211115483,0.0867463451623564,648,30,0.75,0,0.0,0.0,30.875,4205,,,,,,,,,,,,,,,,,,,,,,,,,,,
102,C,participants_only,,,30,30,0,0,19,11,0.4627339237325622,0.25290991825562503,0.9915730211115483,0.10031807113062201,648,30,1.0,0,0.0,0.0,24.5,4205,,,,,,,,,,,,,,,,,,,,,,,,,,,
102,C,nonparticipants_only,,,10,0,10,0,0,0,0.21593233690478597,0.21474741531591726,0.28390370461532594,0.0003478998120282881,0,0,0.0,0,0.0,0.0,50.0,0,,,,,,,,,,,,,,,,,,,,,,,,,,,
102,C,step_totals,,,,,,,,,,,,,,,,,,,,,70.60000000000008,,,10.0,0.14164305949008482,50.0,0.7082152974504241,0.0,0.0,0.005433860504206854,0.18,0.0,0,9,20,35,,20,50,26,4.600000000000001,0.06515580736543904,6.000000000000003,0.08498583569405094,23,30,23
103,C,all_agents,,,40,30,10,0,19,11,0.40162500084788205,0.2340979460766398,0.9919101002670864,0.08724727059844685,652,30,0.75,0,0.0,0.0,30.825,4255,,,,,,,,,,,,,,,,,,,,,,,,,,,
103,C,participants_only,,,30,30,0,0,19,11,0.46338558927537965,0.25206932578054,0.9919101002670864,0.10095840107405198,652,30,1.0,0,0.0,0.0,24.433333333333334,4255,,,,,,,,,,,,,,,,,,,,,,,,,,,
103,C,nonparticipants_only,,,10,0,10,0,0,0,0.21634323556538934,0.21692608109243558,0.2824841860922493,0.00034143577670248576,0,0,0.0,0,0.0,0.0,50.0,0,,,,,,,,,,,,,,,,,,,,,,,,,,,
103,C,step_totals,,,,,,,,,,,,,,,,,,,,,70.80000000000005,,,9.0,0.12711864406779652,52.0,0.7344632768361576,0.0,0.0,0.0052999954429374125,0.07692307692307693,0.0,0,4,22,20,,18,52,23,3.800000000000001,0.05367231638418077,6.000000000000003,0.08474576271186438,19,30,27
104,C,all_agents,,,40,30,10,0,19,11,0.4022643607256023,0.23378940406160545,0.9922336962564029,0.08763382032007602,663,30,0.75,0,0.0,0.0,30.875,4304,,,,,,,,,,,,,,,,,,,,,,,,,,,
104,C,participants_only,,,30,30,0,0,19,11,0.46410191411433616,0.25104109758712,0.9922336962564029,0.10143783594912538,663,30,1.0,0,0.0,0.0,24.5,4304,,,,,,,,,,,,,,,,,,,,,,,,,,,
104,C,nonparticipants_only,,,10,0,10,0,0,0,0.21675170055940068,0.21721833176758865,0.28107176516178806,0.0003351773236737694,0,0,0.0,0,0.0,0.0,50.0,0,,,,,,,,,,,,,,,,,,,,,,,,,,,
104,C,step_totals,,,,,,,,,,,,,,,,,,,,,70.40000000000006,,,10.0,0.14204545454545442,50.0,0.7102272727272722,0.0,0.0,0.005620163466826557,0.22,0.0,0,11,20,35,,20,50,26,4.400000000000001,0.062499999999999965,6.000000000000003,0.0852272727272727,22,30,23
105,C,all_agents,,,40,30,10,0,19,11,0.40279769122839165,0.23291584639258578,0.9925443484061468,0.08809951115315838,668,30,0.75,0,0.0,0.0,30.825,4353,,,,,,,,,,,,,,,,,,,,,,,,,,,
105,C,participants_only,,,30,30,0,0,19,11,0.46467759549347315,0.25007859289900214,0.9925443484061468,0.10204009903493617,668,30,1.0,0,0.0,0.0,24.433333333333334,4353,,,,,,,,,,,,,,,,,,,,,,,,,,,
105,C,nonparticipants_only,,,10,0,10,0,0,0,0.21715797843314733,0.21726537807771865,0.2796664063359791,0.0003282768855572788,0,0,0.0,0,0.0,0.0,50.0,0,,,,,,,,,,,,,,,,,,,,,,,,,,,
105,C,step_totals,,,,,,,,,,,,,,,,,,,,,70.80000000000007,,,9.0,0.1271186440677965,52.0,0.7344632768361575,0.0,0.0,0.005111379750091009,0.09615384615384616,0.0,0,5,22,20,,18,52,24,3.800000000000001,0.053672316384180754,6.000000000000003,0.08474576271186436,19,30,27
106,C,all_agents,,,40,30,10,0,19,11,0.4033440546191111,0.23253979617385973,0.992842574469901,0.08841931801699929,674,30,0.75,0,0.0,0.0,30.875,4398,,,,,,,,,,,,,,,,,,,,,,,,,,,
106,C,participants_only,,,30,30,0,0,19,11,0.4652715270535436,0.24936567939788096,0.992842574469901,0.10244493245515558,674,30,1.0,0,0.0,0.0,24.5,4398,,,,,,,,,,,,,,,,,,,,,,,,,,,
106,C,nonparticipants_only,,,10,0,10,0,0,0,0.2175616373158138,0.2171170305903811,0.27826807430429923,0.00032233259712174185,0,0,0.0,0,0.0,0.0,50.0,0,,,,,,,,,,,,,,,,,,,,,,,,,,,
106,C,step_totals,,,,,,,,,,,,,,,,,,,,,70.40000000000006,,,10.0,0.14204545454545442,50.0,0.7102272727272722,0.0,0.0,0.00530944691855725,0.12,0.0,0,6,20,35,,20,50,26,4.400000000000001,0.062499999999999965,6.000000000000003,0.0852272727272727,22,30,22
107,C,all_agents,,,40,30,10,0,19,11,0.40390143857482064,0.2324066877249067,0.993128871491105,0.08891320470412332,684,30,0.75,0,0.0,0.0,30.825,4447,,,,,,,,,,,,,,,,,,,,,,,,,,,
107,C,participants_only,,,30,30,0,0,19,11,0.4658809744925279,0.24811885100089154,0.993128871491105,0.1030794773292026,684,30,1.0,0,0.0,0.0,24.433333333333334,4447,,,,,,,,,,,,,,,,,,,,,,,,,,,
107,C,nonparticipants_only,,,10,0,10,0,0,0,0.2179628308216988,0.21736156504278803,0.27687673393277773,0.0003168323579930905,0,0,0.0,0,0.0,0.0,50.0,0,,,,,,,,,,,,,,,,,,,,,,,,,,,
107,C,step_totals,,,,,,,,,,,,,,,,,,,,,70.80000000000007,,,9.0,0.1271186440677965,52.0,0.7344632768361575,0.0,0.0,0.005199404796248572,0.19230769230769232,0.0,0,10,22,20,,18,52,24,3.800000000000001,0.053672316384180754,6.000000000000003,0.08474576271186436,19,30,27
108,C,all_agents,,,40,30,10,0,19,11,0.4044244982869479,0.23338716630097078,0.9934037166314608,0.08925963439020543,694,30,0.75,0,0.0,0.0,30.875,4495,,,,,,,,,,,,,,,,,,,,,,,,,,,
108,C,participants_only,,,30,30,0,0,19,11,0.4664453949972689,0.24980529803798746,0.9934037166314608,0.10352282741082969,694,30,1.0,0,0.0,0.0,24.5,4495,,,,,,,,,,,,,,,,,,,,,,,,,,,
108,C,nonparticipants_only,,,10,0,10,0,0,0,0.21836180815598472,0.21721407129837317,0.27549235026311386,0.00031095578330491515,0,0,0.0,0,0.0,0.0,50.0,0,,,,,,,,,,,,,,,,,,,,,,,,,,,
108,C,step_totals,,,,,,,,,,,,,,,,,,,,,70.40000000000006,,,10.0,0.14204545454545442,50.0,0.7102272727272722,0.0,0.0,0.005236486428320726,0.2,0.0,0,10,20,35,,20,50,26,4.400000000000001,0.062499999999999965,6.000000000000003,0.0852272727272727,22,30,22
109,C,all_agents,,,40,30,10,0,19,11,0.40496598428498015,0.23341166153151133,0.9936675679662024,0.0897434287172103,705,30,0.75,0,0.0,0.0,30.825,4546,,,,,,,,,,,,,,,,,,,,,,,,,,,
109,C,participants_only,,,30,30,0,0,19,11,0.4670352092199256,0.24855627154779752,0.9936675679662024,0.10414565646478,705,30,1.0,0,0.0,0.0,24.433333333333334,4546,,,,,,,,,,,,,,,,,,,,,,,,,,,
109,C,nonparticipants_only,,,10,0,10,0,0,0,0.21875830948014377,0.21919380873518113,0.27411488851179827,0.0003056812662029947,0,0,0.0,0,0.0,0.0,50.0,0,,,,,,,,,,,,,,,,,,,,,,,,,,,
109,C,step_totals,,,,,,,,,,,,,,,,,,,,,70.80000000000007,,,9.0,0.1271186440677965,52.0,0.7344632768361575,0.0,0.0,0.005151739367011692,0.21153846153846154,0.0,0,11,22,20,,18,52,24,3.800000000000001,0.053672316384180754,6.000000000000003,0.08474576271186436,19,30,27
110,C,all_agents,,,40,30,10,0,19,11,0.40547634592067827,0.23360707546568193,0.9939208652475543,0.09006909737525173,710,30,0.75,0,0.0,0.0,30.875,4593,,,,,,,,,,,,,,,,,,,,,,,,,,,
110,C,participants_only,,,30,30,0,0,19,11,0.4675842734661036,0.24923488308205116,0.9939208652475543,0.10456247269593577,710,30,1.0,0,0.0,0.0,24.5,4593,,,,,,,,,,,,,,,,,,,,,,,,,,,
110,C,nonparticipants_only,,,10,0,10,0,0,0,0.21915256328440222,0.21959808315546075,0.27274431406923927,0.00030023544534600534,0,0,0.0,0,0.0,0.0,50.0,0,,,,,,,,,,,,,,,,,,,,,,,,,,,
110,C,step_totals,,,,,,,,,,,,,,,,,,,,,70.40000000000006,,,10.0,0.14204545454545442,50.0,0.7102272727272722,0.0,0.0,0.005199511622521295,0.1,0.0,0,5,20,35,,20,50,26,4.400000000000001,0.062499999999999965,6.000000000000003,0.0852272727272727,22,30,22
110,C,reachability,0.25,0.0,,,,,,,,,,,,,,,,,,,,,,,,,,,,,,,,,,,,,,,,,,,,,
111,C,all_agents,,,40,30,10,0,19,11,0.40591958026631314,0.2334244432775639,0.9941640306376521,0.09049427828292177,717,30,0.75,0,0.0,0.0,30.825,4640,,,,,,,,,,,,,,,,,,,,,,,,,,,
111,C,participants_only,,,30,30,0,0,19,11,0.46804454413956875,0.24842751212042785,0.9941640306376521,0.10512292000769222,717,30,1.0,0,0.0,0.0,24.433333333333334,4640,,,,,,,,,,,,,,,,,,,,,,,,,,,
111,C,nonparticipants_only,,,10,0,10,0,0,0,0.2195446886465464,0.2195880268702537,0.27138059249889307,0.0002942194735706703,0,0,0.0,0,0.0,0.0,50.0,0,,,,,,,,,,,,,,,,,,,,,,,,,,,
111,C,step_totals,,,,,,,,,,,,,,,,,,,,,70.80000000000007,,,9.0,0.1271186440677965,52.0,0.7344632768361575,0.0,0.0,0.0048252458382816825,0.1346153846153846,0.0,0,7,22,20,,18,52,22,3.800000000000001,0.053672316384180754,6.000000000000003,0.08474576271186436,19,30,27
112,C,all_agents,,,40,30,10,0,19,11,0.40644628308078523,0.23355875279853816,0.994397469412146,0.09083414976149444,726,30,0.75,0,0.0,0.0,30.875,4689,,,,,,,,,,,,,,,,,,,,,,,,,,,
112,C,participants_only,,,30,30,0,0,19,11,0.468617051345894,0.24924272162874628,0.994397469412146,0.105554651649685,726,30,1.0,0,0.0,0.0,24.5,4689,,,,,,,,,,,,,,,,,,,,,,,,,,,
112,C,nonparticipants_only,,,10,0,10,0,0,0,0.21993397828545885,0.2195019259967546,0.2700236895363986,0.0002901909768364936,0,0,0.0,0,0.0,0.0,50.0,0,,,,,,,,,,,,,,,,,,,,,,,,,,,
112,C,step_totals,,,,,,,,,,,,,,,,,,,,,70.20000000000006,,,10.0,0.14245014245014234,50.0,0.7122507122507117,0.0,0.0,0.0052749137420875,0.18,0.0,0,9,20,34,,20,50,25,4.200000000000001,0.05982905982905979,6.000000000000003,0.08547008547008543,21,30,22
113,C,all_agents,,,40,30,10,0,19,11,0.4069706257390286,0.23293262316737395,0.9946215706356601,0.09131414986380808,737,30,0.75,0,0.0,0.0,30.825,4741,,,,,,,,,,,,,,,,,,,,,,,,,,,
113,C,participants_only,,,30,30,0,0,19,11,0.4691870882761611,0.24799650802060258,0.9946215706356601,0.10617352671172242,737,30,1.0,0,0.0,0.0,24.433333333333334,4741,,,,,,,,,,,,,,,,,,,,,,,,,,,
113,C,nonparticipants_only,,,10,0,10,0,0,0,0.220321238127631,0.21976387427140567,0.2686735710887166,0.0002853607924520318,0,0,0.0,0,0.0,0.0,50.0,0,,,,,,,,,,,,,,,,,,,,,,,,,,,
113,C,step_totals,,,,,,,,,,,,,,,,,,,,,70.80000000000007,,,9.0,0.1271186440677965,52.0,0.7344632768361575,0.0,0.0,0.005106770496253556,0.21153846153846154,0.0,0,11,22,20,,18,52,23,3.800000000000001,0.053672316384180754,6.000000000000003,0.08474576271186436,19,30,27
114,C,all_agents,,,40,30,10,0,19,11,0.40734047759928343,0.23313854043418591,0.9948367078102337,0.09154518100818303,746,30,0.75,0,0.0,0.0,30.875,4784,,,,,,,,,,,,,,,,,,,,,,,,,,,
114,C,participants_only,,,30,30,0,0,19,11,0.46955185110162984,0.2481695251025037,0.9948367078102337,0.10648583179993074,746,30,1.0,0,0.0,0.0,24.5,4784,,,,,,,,,,,,,,,,,,,,,,,,,,,
114,C,nonparticipants_only,,,10,0,10,0,0,0,0.2207063570922444,0.21956562559041598,0.267330203233273,0.0002801687163586159,0,0,0.0,0,0.0,0.0,50.0,0,,,,,,,,,,,,,,,,,,,,,,,,,,,
114,C,step_totals,,,,,,,,,,,,,,,,,,,,,70.20000000000007,,,10.0,0.1424501424501423,50.0,0.7122507122507115,0.0,0.0,0.0047453758460118305,0.18,0.0,0,9,20,34,,20,50,25,4.200000000000001,0.05982905982905978,6.000000000000003,0.08547008547008542,21,30,22
115,C,all_agents,,,40,30,10,0,19,11,0.407838597958153,0.2340338871909959,0.9950432394978244,0.09201358228970695,754,30,0.75,0,0.0,0.0,30.825,4836,,,,,,,,,,,,,,,,,,,,,,,,,,,
115,C,participants_only,,,30,30,0,0,19,11,0.4700884239757676,0.24692867747699118,0.9950432394978244,0.10709280169808955,754,30,1.0,0,0.0,0.0,24.433333333333334,4836,,,,,,,,,,,,,,,,,,,,,,,,,,,
115,C,nonparticipants_only,,,10,0,10,0,0,0,0.22108911990530908,0.22138329130562873,0.26599355221710663,0.0002754339938796371,0,0,0.0,0,0.0,0.0,50.0,0,,,,,,,,,,,,,,,,,,,,,,,,,,,
115,C,step_totals,,,,,,,,,,,,,,,,,,,,,70.80000000000007,,,9.0,0.1271186440677965,52.0,0.7344632768361575,0.0,0.0,0.005022057897360333,0.15384615384615385,0.0,0,8,22,20,,18,52,23,3.800000000000001,0.053672316384180754,6.000000000000003,0.08474576271186436,19,30,27
116,C,all_agents,,,40,30,10,0,19,11,0.4082861712260089,0.23537781907637362,0.9952415099179114,0.09230380462368422,759,30,0.75,0,0.0,0.0,30.875,4883,,,,,,,,,,,,,,,,,,,,,,,,,,,
116,C,participants_only,,,30,30,0,0,19,11,0.4705583484683498,0.24873037620869287,0.9952415099179114,0.10747018102107081,759,30,1.0,0,0.0,0.0,24.5,4883,,,,,,,,,,,,,,,,,,,,,,,,,,,
116,C,nonparticipants_only,,,10,0,10,0,0,0,0.22146963949898646,0.22177361674868248,0.2646635844560211,0.00027078672950628694,0,0,0.0,0,0.0,0.0,50.0,0,,,,,,,,,,,,,,,,,,,,,,,,,,,
116,C,step_totals,,,,,,,,,,,,,,,,,,,,,70.20000000000006,,,10.0,0.14245014245014234,50.0,0.7122507122507117,0.0,0.0,0.0050170349795356315,0.1,0.0,0,5,20,34,,20,50,25,4.200000000000001,0.05982905982905979,6.000000000000003,0.08547008547008543,21,30,22
117,C,all_agents,,,40,30,10,0,19,11,0.40875753588859454,0.23440564458667762,0.9954318495211949,0.09275845146180685,764,30,0.75,0,0.0,0.0,30.825,4934,,,,,,,,,,,,,,,,,,,,,,,,,,,
117,C,participants_only,,,30,30,0,0,19,11,0.47106077915097017,0.24748672432764943,0.9954318495211949,0.10806228475914237,764,30,1.0,0,0.0,0.0,24.433333333333334,4934,,,,,,,,,,,,,,,,,,,,,,,,,,,
117,C,nonparticipants_only,,,10,0,10,0,0,0,0.22184780610146768,0.22188766367725998,0.263340266533741,0.00026662211767123647,0,0,0.0,0,0.0,0.0,50.0,0,,,,,,,,,,,,,,,,,,,,,,,,,,,
117,C,step_totals,,,,,,,,,,,,,,,,,,,,,70.80000000000005,,,9.0,0.12711864406779652,52.0,0.7344632768361576,0.0,0.0,0.004936609180132903,0.09615384615384616,0.0,0,5,22,20,,18,52,23,3.800000000000001,0.05367231638418077,6.000000000000003,0.08474576271186438,19,30,27
118,C,all_agents,,,40,30,10,0,19,11,0.40923709494980953,0.2340859202649535,0.9956145755403472,0.09306252885317172,769,30,0.75,0,0.0,0.0,30.875,4983,,,,,,,,,,,,,,,,,,,,,,,,,,,
118,C,participants_only,,,30,30,0,0,19,11,0.4715749349502794,0.24806261449970693,0.9956145755403472,0.10845161875375843,769,30,1.0,0,0.0,0.0,24.5,4983,,,,,,,,,,,,,,,,,,,,,,,,,,,
118,C,nonparticipants_only,,,10,0,10,0,0,0,0.22222357494839978,0.2218045336054325,0.2620235652010723,0.00026318360032132786,0,0,0.0,0,0.0,0.0,50.0,0,,,,,,,,,,,,,,,,,,,,,,,,,,,
118,C,step_totals,,,,,,,,,,,,,,,,,,,,,70.20000000000006,,,10.0,0.14245014245014234,50.0,0.7122507122507117,0.0,0.0,0.00513188728294428,0.1,0.0,0,5,20,34,,20,50,25,4.200000000000001,0.05982905982905979,6.000000000000003,0.08547008547008543,21,30,22
119,C,all_agents,,,40,30,10,0,19,11,0.40960903163059736,0.23333132361827796,0.9957899925187332,0.09345053288759007,778,30,0.75,0,0.0,0.0,30.825,5032,,,,,,,,,,,,,,,,,,,,,,,,,,,
119,C,participants_only,,,30,30,0,0,19,11,0.47194624787428624,0.24736364764090862,0.9957899925187332,0.10897067206158834,778,30,1.0,0,0.0,0.0,24.433333333333334,5032,,,,,,,,,,,,,,,,,,,,,,,,,,,
119,C,nonparticipants_only,,,10,0,10,0,0,0,0.22259738289953082,0.22214236925817932,0.2607134473750669,0.0002589730174461775,0,0,0.0,0,0.0,0.0,50.0,0,,,,,,,,,,,,,,,,,,,,,,,,,,,
119,C,step_totals,,,,,,,,,,,,,,,,,,,,,70.80000000000007,,,9.0,0.1271186440677965,52.0,0.7344632768361575,0.0,0.0,0.004605753411442754,0.17307692307692307,0.0,0,9,22,20,,18,52,22,3.800000000000001,0.053672316384180754,6.000000000000003,0.08474576271186436,19,30,27
120,C,all_agents,,,40,30,10,0,19,11,0.4100509333427185,0.23284808642605714,0.9959583928179839,0.09373096168350882,785,30,0.75,0,0.0,0.0,30.875,5080,,,,,,,,,,,,,,,,,,,,,,,,,,,
120,C,participants_only,,,30,30,0,0,19,11,0.4724115253735299,0.24808366383312147,0.9959583928179839,0.10933447695797024,785,30,1.0,0,0.0,0.0,24.5,5080,,,,,,,,,,,,,,,,,,,,,,,,,,,
120,C,nonparticipants_only,,,10,0,10,0,0,0,0.22296915725028446,0.22178018701439547,0.25940988013819155,0.000254294598925059,0,0,0.0,0,0.0,0.0,50.0,0,,,,,,,,,,,,,,,,,,,,,,,,,,,
120,C,step_totals,,,,,,,,,,,,,,,,,,,,,70.20000000000007,,,10.0,0.1424501424501423,50.0,0.7122507122507115,0.0,0.0,0.005007228506613729,0.14,0.0,0,7,20,34,,20,50,25,4.200000000000001,0.05982905982905978,6.000000000000003,0.08547008547008542,21,30,22
120,C,reachability,0.25,0.0,,,,,,,,,,,,,,,,,,,,,,,,,,,,,,,,,,,,,,,,,,,,,
121,C,all_agents,,,40,30,10,0,19,11,0.410409396038319,0.23200631276605338,0.9961200571052645,0.09411876092449217,794,30,0.75,0,0.0,0.0,30.825,5130,,,,,,,,,,,,,,,,,,,,,,,,,,,
121,C,participants_only,,,30,30,0,0,19,11,0.4727663328268013,0.2469516657172402,0.9961200571052645,0.10985469710473271,794,30,1.0,0,0.0,0.0,24.433333333333334,5130,,,,,,,,,,,,,,,,,,,,,,,,,,,
121,C,nonparticipants_only,,,10,0,10,0,0,0,0.2233385856728723,0.22349722855097168,0.2581128307375006,0.00025030159605732646,0,0,0.0,0,0.0,0.0,50.0,0,,,,,,,,,,,,,,,,,,,,,,,,,,,
121,C,step_totals,,,,,,,,,,,,,,,,,,,,,70.80000000000005,,,9.0,0.12711864406779652,52.0,0.7344632768361576,0.0,0.0,0.004565773593486974,0.17307692307692307,0.0,0,9,22,20,,18,52,22,3.800000000000001,0.05367231638418077,6.000000000000003,0.08474576271186438,19,30,27
122,C,all_agents,,,40,30,10,0,19,11,0.41079771537653487,0.23329595996991362,0.996275254821054,0.09438150719225803,807,30,0.75,0,0.0,0.0,30.875,5177,,,,,,,,,,,,,,,,,,,,,,,,,,,
122,C,participants_only,,,30,30,0,0,19,11,0.473161767460076,0.24714604196263196,0.996275254821054,0.11020244561701964,807,30,1.0,0,0.0,0.0,24.5,5177,,,,,,,,,,,,,,,,,,,,,,,,,,,
122,C,nonparticipants_only,,,10,0,10,0,0,0,0.22370555912591175,0.22395116925212788,0.2568222665838131,0.0002473920106297807,0,0,0.0,0,0.0,0.0,50.0,0,,,,,,,,,,,,,,,,,,,,,,,,,,,
122,C,step_totals,,,,,,,,,,,,,,,,,,,,,70.20000000000006,,,10.0,0.14245014245014234,50.0,0.7122507122507117,0.0,0.0,0.004827662127641454,0.26,0.0,0,13,20,34,,20,50,25,4.200000000000001,0.05982905982905979,6.000000000000003,0.08547008547008543,21,30,22
123,C,all_agents,,,40,30,10,0,19,11,0.411140297542941,0.2329289592777691,0.9964242446282118,0.09475902508019118,816,30,0.75,0,0.0,0.0,30.825,5227,,,,,,,,,,,,,,,,,,,,,,,,,,,
123,C,participants_only,,,30,30,0,0,19,11,0.47349686645168076,0.24593096340446108,0.9964242446282118,0.11071073465605079,816,30,1.0,0,0.0,0.0,24.433333333333334,5227,,,,,,,,,,,,,,,,,,,,,,,,,,,
123,C,nonparticipants_only,,,10,0,10,0,0,0,0.22407059081672157,0.2241079544266394,0.255538155250894,0.00024379611976740556,0,0,0.0,0,0.0,0.0,50.0,0,,,,,,,,,,,,,,,,,,,,,,,,,,,
123,C,step_totals,,,,,,,,,,,,,,,,,,,,,70.80000000000005,,,9.0,0.12711864406779652,52.0,0.7344632768361576,0.0,0.0,0.00451660012680225,0.17307692307692307,0.0,0,9,22,20,,18,52,23,3.800000000000001,0.05367231638418077,6.000000000000003,0.08474576271186438,19,30,27
124,C,all_agents,,,40,30,10,0,19,11,0.4115131982540597,0.23383743043333224,0.9965672748430833,0.09501323616827652,818,30,0.75,0,0.0,0.0,30.875,5274,,,,,,,,,,,,,,,,,,,,,,,,,,,
124,C,participants_only,,,30,30,0,0,19,11,0.4738731622103393,0.24770289558100167,0.9965672748430833,0.1110489539268693,818,30,1.0,0,0.0,0.0,24.5,5274,,,,,,,,,,,,,,,,,,,,,,,,,,,
124,C,nonparticipants_only,,,10,0,10,0,0,0,0.22443330638522072,0.2240276926527317,0.25426046447463957,0.00024090163695623048,0,0,0.0,0,0.0,0.0,50.0,0,,,,,,,,,,,,,,,,,,,,,,,,,,,
124,C,step_totals,,,,,,,,,,,,,,,,,,,,,70.20000000000007,,,10.0,0.1424501424501423,50.0,0.7122507122507115,0.0,0.0,0.004778839079029385,0.04,0.0,0,2,20,34,,20,50,25,4.200000000000001,0.05982905982905978,6.000000000000003,0.08547008547008542,21,30,22
125,C,all_agents,,,40,30,10,0,19,11,0.41190363624518844,0.2326682432811656,0.9967045838493599,0.09542196249637432,829,30,0.75,0,0.0,0.0,30.825,5326,,,,,,,,,,,,,,,,,,,,,,,,,,,
125,C,participants_only,,,30,30,0,0,19,11,0.47427346128121617,0.24646438110309665,0.9967045838493599,0.11159025383737557,829,30,1.0,0,0.0,0.0,24.433333333333334,5326,,,,,,,,,,,,,,,,,,,,,,,,,,,
125,C,nonparticipants_only,,,10,0,10,0,0,0,0.22479416113710518,0.22435490496946897,0.25298916215226636,0.0002371475730739717,0,0,0.0,0,0.0,0.0,50.0,0,,,,,,,,,,,,,,,,,,,,,,,,,,,
125,C,step_totals,,,,,,,,,,,,,,,,,,,,,70.60000000000007,,,9.0,0.12747875354107638,52.0,0.7365439093484413,0.0,0.0,0.004696517246702942,0.21153846153846154,0.0,0,11,22,20,,18,52,23,3.600000000000001,0.05099150141643056,6.000000000000003,0.08498583569405095,18,30,27
126,C,all_agents,,,40,30,10,0,19,11,0.41227942378454596,0.23327592062203062,0.9968364004953855,0.0956881950837564,837,30,0.75,0,0.0,0.0,30.875,5374,,,,,,,,,,,,,,,,,,,,,,,,,,,
126,C,participants_only,,,30,30,0,0,19,11,0.47465490388176257,0.24694208347504612,0.9968364004953855,0.11194373159117438,837,30,1.0,0,0.0,0.0,24.5,5374,,,,,,,,,,,,,,,,,,,,,,,,,,,
126,C,nonparticipants_only,,,10,0,10,0,0,0,0.22515298349289606,0.22400418611000555,0.25172421634150505,0.00023317935320321683,0,0,0.0,0,0.0,0.0,50.0,0,,,,,,,,,,,,,,,,,,,,,,,,,,,
126,C,step_totals,,,,,,,,,,,,,,,,,,,,,70.20000000000006,,,10.0,0.14245014245014234,50.0,0.7122507122507117,0.0,0.0,0.004793322414748836,0.16,0.0,0,8,20,34,,20,50,25,4.200000000000001,0.05982905982905979,6.000000000000003,0.08547008547008543,21,30,22
127,C,all_agents,,,40,30,10,0,19,11,0.4126203037598342,0.23239174221919096,0.9969629444755701,0.0960647003270053,843,30,0.75,0,0.0,0.0,30.825,5425,,,,,,,,,,,,,,,,,,,,,,,,,,,
127,C,participants_only,,,30,30,0,0,19,11,0.47499065158287196,0.24634673635172938,0.9969629444755701,0.11244907951791187,843,30,1.0,0,0.0,0.0,24.433333333333334,5425,,,,,,,,,,,,,,,,,,,,,,,,,,,
127,C,nonparticipants_only,,,10,0,10,0,0,0,0.22550926029072096,0.22564664835131654,0.2504655952597975,0.00023083930348505714,0,0,0.0,0,0.0,0.0,50.0,0,,,,,,,,,,,,,,,,,,,,,,,,,,,
127,C,step_totals,,,,,,,,,,,,,,,,,,,,,70.60000000000007,,,9.0,0.12747875354107638,52.0,0.7365439093484413,0.0,0.0,0.004532391302067006,0.11538461538461539,0.0,0,6,22,20,,18,52,22,3.600000000000001,0.05099150141643056,6.000000000000003,0.08498583569405095,18,30,27
128,C,all_agents,,,40,30,10,0,19,11,0.4130205925594353,0.2341552228854763,0.9970844266965473,0.09634293271783566,849,30,0.75,0,0.0,0.0,30.875,5474,,,,,,,,,,,,,,,,,,,,,,,,,,,
128,C,participants_only,,,30,30,0,0,19,11,0.47540629438496584,0.2469622038053993,0.9970844266965473,0.11281319766378362,849,30,1.0,0,0.0,0.0,24.5,5474,,,,,,,,,,,,,,,,,,,,,,,,,,,
128,C,nonparticipants_only,,,10,0,10,0,0,0,0.22586348708284346,0.22610026135319983,0.24921326728349852,0.0002284283728236532,0,0,0.0,0,0.0,0.0,50.0,0,,,,,,,,,,,,,,,,,,,,,,,,,,,
128,C,step_totals,,,,,,,,,,,,,,,,,,,,,70.20000000000007,,,10.0,0.1424501424501423,50.0,0.7122507122507115,0.0,0.0,0.004880470176789758,0.12,0.0,0,6,20,34,,20,50,25,4.200000000000001,0.05982905982905978,6.000000000000003,0.08547008547008542,21,30,22
129,C,all_agents,,,40,30,10,0,19,11,0.4133718442189974,0.23364306100645024,0.9972010496286854,0.0967278144949381,853,30,0.75,0,0.0,0.0,30.825,5525,,,,,,,,,,,,,,,,,,,,,,,,,,,
129,C,participants_only,,,30,30,0,0,19,11,0.47575717960942854,0.2459529370688494,0.9972010496286854,0.11332757986508277,853,30,1.0,0,0.0,0.0,24.433333333333334,5525,,,,,,,,,,,,,,,,,,,,,,,,,,,
129,C,nonparticipants_only,,,10,0,10,0,0,0,0.2262158380477039,0.22616742179843868,0.24853378444788768,0.00022535752318509188,0,0,0.0,0,0.0,0.0,50.0,0,,,,,,,,,,,,,,,,,,,,,,,,,,,
129,C,step_totals,,,,,,,,,,,,,,,,,,,,,70.60000000000005,,,9.0,0.1274787535410764,52.0,0.7365439093484414,0.0,0.0,0.0045731024967703374,0.07692307692307693,0.0,0,4,22,20,,18,52,22,3.600000000000001,0.05099150141643057,6.000000000000003,0.08498583569405097,18,30,27
130,C,all_agents,,,40,30,10,0,19,11,0.41365661693892497,0.23426542083322308,0.9973130076435379,0.09693286865475578,863,30,0.75,0,0.0,0.0,30.875,5572,,,,,,,,,,,,,,,,,,,,,,,,,,,
130,C,participants_only,,,30,30,0,0,19,11,0.4760201611627808,0.24606596346329013,0.9973130076435379,0.11361269430751103,863,30,1.0,0,0.0,0.0,24.5,5572,,,,,,,,,,,,,,,,,,,,,,,,,,,
130,C,nonparticipants_only,,,10,0,10,0,0,0,0.22656598426735727,0.22618681872167043,0.2491073248870451,0.00022285191856010156,0,0,0.0,0,0.0,0.0,50.0,0,,,,,,,,,,,,,,,,,,,,,,,,,,,
130,C,step_totals,,,,,,,,,,,,,,,,,,,,,70.20000000000007,,,10.0,0.1424501424501423,50.0,0.7122507122507115,0.0,0.0,0.004489984587960233,0.2,0.0,0,10,20,34,,20,50,25,4.200000000000001,0.05982905982905978,6.000000000000003,0.08547008547008542,21,30,22
130,C,reachability,0.25,0.0,,,,,,,,,,,,,,,,,,,,,,,,,,,,,,,,,,,,,,,,,,,,,
131,C,all_agents,,,40,30,10,0,19,11,0.4139618623724934,0.23357227037962713,0.9974204873377964,0.09728753747791571,871,30,0.75,0,0.0,0.0,30.825,5623,,,,,,,,,,,,,,,,,,,,,,,,,,,
131,C,participants_only,,,30,30,0,0,19,11,0.4763110608431645,0.2448423434372647,0.9974204873377964,0.11409377748170832,871,30,1.0,0,0.0,0.0,24.433333333333334,5623,,,,,,,,,,,,,,,,,,,,,,,,,,,
131,C,nonparticipants_only,,,10,0,10,0,0,0,0.22691426696048012,0.22649006668057825,0.24900708710827307,0.00021974686731630032,0,0,0.0,0,0.0,0.0,50.0,0,,,,,,,,,,,,,,,,,,,,,,,,,,,
131,C,step_totals,,,,,,,,,,,,,,,,,,,,,70.60000000000005,,,9.0,0.1274787535410764,52.0,0.7365439093484414,0.0,0.0,0.0044199282347985,0.15384615384615385,0.0,0,8,22,20,,18,52,23,3.600000000000001,0.05099150141643057,6.000000000000003,0.08498583569405097,18,30,27
132,C,all_agents,,,40,30,10,0,19,11,0.4142576026382752,0.2343465948169841,0.9975236678442846,0.09750514448031236,876,30,0.75,0,0.0,0.0,30.875,5670,,,,,,,,,,,,,,,,,,,,,,,,,,,
132,C,participants_only,,,30,30,0,0,19,11,0.4765900318070906,0.24409655225107785,0.9975236678442846,0.11439307499985713,876,30,1.0,0,0.0,0.0,24.5,5670,,,,,,,,,,,,,,,,,,,,,,,,,,,
132,C,nonparticipants_only,,,10,0,10,0,0,0,0.22726031513182926,0.22615144893149408,0.251611191844629,0.0002173722086535234,0,0,0.0,0,0.0,0.0,50.0,0,,,,,,,,,,,,,,,,,,,,,,,,,,,
132,C,step_totals,,,,,,,,,,,,,,,,,,,,,70.00000000000006,,,10.0,0.14285714285714274,50.0,0.7142857142857137,0.0,0.0,0.004543764250679145,0.1,0.0,0,5,20,34,,20,50,25,4.000000000000001,0.057142857142857106,6.000000000000003,0.08571428571428569,20,30,22
133,C,all_agents,,,40,30,10,0,19,11,0.4145581351158366,0.23361414069766429,0.9976227211305132,0.09785556086602358,880,30,0.75,0,0.0,0.0,30.825,5721,,,,,,,,,,,,,,,,,,,,,,,,,,,
133,C,participants_only,,,30,30,0,0,19,11,0.4768761080407872,0.24287606948982243,0.9976227211305132,0.11486813307997139,880,30,1.0,0,0.0,0.0,24.433333333333334,5721,,,,,,,,,,,,,,,,,,,,,,,,,,,
133,C,nonparticipants_only,,,10,0,10,0,0,0,0.22760421634098485,0.22773724009185348,0.2513785767821674,0.00021548723048162418,0,0,0.0,0,0.0,0.0,50.0,0,,,,,,,,,,,,,,,,,,,,,,,,,,,
133,C,step_totals,,,,,,,,,,,,,,,,,,,,,70.80000000000005,,,9.0,0.12711864406779652,52.0,0.7344632768361576,0.0,0.0,0.004394457289100436,0.07692307692307693,0.0,0,4,22,20,,18,52,23,3.800000000000001,0.05367231638418077,6.000000000000003,0.08474576271186438,19,30,27
134,C,all_agents,,,40,30,10,0,19,11,0.41488464043304457,0.23449691785794047,0.9977178122852927,0.09808919684359751,888,30,0.75,0,0.0,0.0,30.875,5770,,,,,,,,,,,,,,,,,,,,,,,,,,,
134,C,participants_only,,,30,30,0,0,19,11,0.47719745940194386,0.24320947176736835,0.9977178122852927,0.1151829209484753,888,30,1.0,0,0.0,0.0,24.5,5770,,,,,,,,,,,,,,,,,,,,,,,,,,,
134,C,nonparticipants_only,,,10,0,10,0,0,0,0.2279461835263469,0.2282483467888683,0.2506144788978639,0.0002133756347544478,0,0,0.0,0,0.0,0.0,50.0,0,,,,,,,,,,,,,,,,,,,,,,,,,,,
134,C,step_totals,,,,,,,,,,,,,,,,,,,,,70.20000000000007,,,10.0,0.1424501424501423,50.0,0.7122507122507115,0.0,0.0,0.004638904523962409,0.16,0.0,0,8,20,34,,20,50,26,4.200000000000001,0.05982905982905978,6.000000000000003,0.08547008547008542,21,30,22
135,C,all_agents,,,40,30,10,0,19,11,0.41515817869215443,0.23513887856348228,0.997809099793881,0.09842418541219983,893,30,0.75,0,0.0,0.0,30.825,5821,,,,,,,,,,,,,,,,,,,,,,,,,,,
135,C,participants_only,,,30,30,0,0,19,11,0.47744877923384027,0.24218200974148085,0.997809099793881,0.1156416058007708,893,30,1.0,0,0.0,0.0,24.433333333333334,5821,,,,,,,,,,,,,,,,,,,,,,,,,,,
135,C,nonparticipants_only,,,10,0,10,0,0,0,0.22828637706709692,0.22814079241339372,0.2499584407575487,0.0002104972563604243,0,0,0.0,0,0.0,0.0,50.0,0,,,,,,,,,,,,,,,,,,,,,,,,,,,
135,C,step_totals,,,,,,,,,,,,,,,,,,,,,70.80000000000007,,,9.0,0.1271186440677965,52.0,0.7344632768361575,0.0,0.0,0.004307195450481794,0.09615384615384616,0.0,0,5,22,20,,18,52,22,3.800000000000001,0.053672316384180754,6.000000000000003,0.08474576271186436,19,30,27
136,C,all_agents,,,40,30,10,0,19,11,0.41541522320324753,0.23493489846108978,0.9978967358021258,0.09862380042174844,903,30,0.75,0,0.0,0.0,30.875,5869,,,,,,,,,,,,,,,,,,,,,,,,,,,
136,C,participants_only,,,30,30,0,0,19,11,0.4776788169594691,0.24301752575698998,0.9978967358021258,0.11592199251724017,903,30,1.0,0,0.0,0.0,24.5,5869,,,,,,,,,,,,,,,,,,,,,,,,,,,
136,C,nonparticipants_only,,,10,0,10,0,0,0,0.22862444193458295,0.2283091067507127,0.2505121919097204,0.0002081628459957788,0,0,0.0,0,0.0,0.0,50.0,0,,,,,,,,,,,,,,,,,,,,,,,,,,,
136,C,step_totals,,,,,,,,,,,,,,,,,,,,,70.00000000000006,,,10.0,0.14285714285714274,50.0,0.7142857142857137,0.0,0.0,0.004417057623883766,0.2,0.0,0,10,20,34,,20,50,26,4.000000000000001,0.057142857142857106,6.000000000000003,0.08571428571428569,20,30,22
137,C,all_agents,,,40,30,10,0,19,11,0.4156191352478476,0.2349997407989493,0.9979808663700408,0.0989108212999205,913,30,0.75,0,0.0,0.0,30.825,5917,,,,,,,,,,,,,,,,,,,,,,,,,,,
137,C,participants_only,,,30,30,0,0,19,11,0.47783861113907583,0.24196622349528618,0.9979808663700408,0.11632762593791825,913,30,1.0,0,0.0,0.0,24.433333333333334,5917,,,,,,,,,,,,,,,,,,,,,,,,,,,
137,C,nonparticipants_only,,,10,0,10,0,0,0,0.2289607075741629,0.2285515573390864,0.25041541270864487,0.0002052492237776974,0,0,0.0,0,0.0,0.0,50.0,0,,,,,,,,,,,,,,,,,,,,,,,,,,,
137,C,step_totals,,,,,,,,,,,,,,,,,,,,,70.80000000000005,,,9.0,0.12711864406779652,52.0,0.7344632768361576,0.0,0.0,0.004074183932431228,0.19230769230769232,0.0,0,10,22,20,,18,52,22,3.800000000000001,0.05367231638418077,6.000000000000003,0.08474576271186438,19,30,27
138,C,all_agents,,,40,30,10,0,19,11,0.41589599965727975,0.23479044219632264,0.9980616317152392,0.09912321954729116,920,30,0.75,0,0.0,0.0,30.875,5965,,,,,,,,,,,,,,,,,,,,,,,,,,,
138,C,participants_only,,,30,30,0,0,19,11,0.47809639427926803,0.2430156702288022,0.9980616317152392,0.11662105648829522,920,30,1.0,0,0.0,0.0,24.5,5965,,,,,,,,,,,,,,,,,,,,,,,,,,,
138,C,nonparticipants_only,,,10,0,10,0,0,0,0.22929481579131497,0.22831847414871448,0.2529296661068035,0.00020303963070612404,0,0,0.0,0,0.0,0.0,50.0,0,,,,,,,,,,,,,,,,,,,,,,,,,,,
138,C,step_totals,,,,,,,,,,,,,,,,,,,,,70.20000000000007,,,10.0,0.1424501424501423,50.0,0.7122507122507115,0.0,0.0,0.004474167151119187,0.14,0.0,0,7,20,34,,20,50,26,4.200000000000001,0.05982905982905978,6.000000000000003,0.08547008547008542,21,30,22
139,C,all_agents,,,40,30,10,0,19,11,0.41612003461078007,0.23524137985368443,0.9981391664466296,0.09942122564155284,924,30,0.75,0,0.0,0.0,30.825,6015,,,,,,,,,,,,,,,,,,,,,,,,,,,
139,C,participants_only,,,30,30,0,0,19,11,0.4782844291062111,0.24208745947067836,0.9981391664466296,0.11703688608957491,924,30,1.0,0,0.0,0.0,24.433333333333334,6015,,,,,,,,,,,,,,,,,,,,,,,,,,,
139,C,nonparticipants_only,,,10,0,10,0,0,0,0.22962685112448683,0.2297556986102166,0.25270507713267665,0.00020130098168366983,0,0,0.0,0,0.0,0.0,50.0,0,,,,,,,,,,,,,,,,,,,,,,,,,,,
139,C,step_totals,,,,,,,,,,,,,,,,,,,,,70.60000000000007,,,9.0,0.12747875354107638,52.0,0.7365439093484413,0.0,0.0,0.004157102189731581,0.07692307692307693,0.0,0,4,22,20,,18,52,23,3.600000000000001,0.05099150141643056,6.000000000000003,0.08498583569405095,18,30,27
140,C,all_agents,,,40,30,10,0,19,11,0.41642285616877056,0.23444582536680914,0.9982135997887644,0.0996479963630047,928,30,0.75,0,0.0,0.0,30.875,6065,,,,,,,,,,,,,,,,,,,,,,,,,,,
140,C,participants_only,,,30,30,0,0,19,11,0.478578135170058,0.24198205125176972,0.9982135997887644,0.11734443277209682,928,30,1.0,0,0.0,0.0,24.5,6065,,,,,,,,,,,,,,,,,,,,,,,,,,,
140,C,nonparticipants_only,,,10,0,10,0,0,0,0.22995701916490843,0.2303479264518934,0.251967343478836,0.00019934264299385014,0,0,0.0,0,0.0,0.0,50.0,0,,,,,,,,,,,,,,,,,,,,,,,,,,,
140,C,step_totals,,,,,,,,,,,,,,,,,,,,,70.20000000000006,,,10.0,0.14245014245014234,50.0,0.7122507122507117,0.0,0.0,0.004564951314645513,0.08,0.0,0,4,20,34,,20,50,26,4.200000000000001,0.05982905982905979,6.000000000000003,0.08547008547008543,21,30,22
140,C,reachability,0.25,0.0,,,,,,,,,,,,,,,,,,,,,,,,,,,,,,,,,,,,,,,,,,,,,
141,C,all_agents,,,40,30,10,0,19,11,0.41668576665220985,0.23444357865259002,0.9982850557972138,0.09997624286989566,941,30,0.75,0,0.0,0.0,30.825,6117,,,,,,,,,,,,,,,,,,,,,,,,,,,
141,C,participants_only,,,30,30,0,0,19,11,0.47881919728358624,0.24163113758013566,0.9982850557972138,0.1177938562758807,941,30,1.0,0,0.0,0.0,24.433333333333334,6117,,,,,,,,,,,,,,,,,,,,,,,,,,,
141,C,nonparticipants_only,,,10,0,10,0,0,0,0.23028547475808064,0.2300460743727591,0.25133394110427654,0.00019664422765178867,0,0,0.0,0,0.0,0.0,50.0,0,,,,,,,,,,,,,,,,,,,,,,,,,,,
141,C,step_totals,,,,,,,,,,,,,,,,,,,,,70.60000000000007,,,9.0,0.12747875354107638,52.0,0.7365439093484413,0.0,0.0,0.0042930466578372265,0.25,0.0,0,13,22,20,,18,52,23,3.600000000000001,0.05099150141643056,6.000000000000003,0.08498583569405095,18,30,27
142,C,all_agents,,,40,30,10,0,19,11,0.4169051107998932,0.23475202902781483,0.9983536535653252,0.10015212948734,948,30,0.75,0,0.0,0.0,30.875,6165,,,,,,,,,,,,,,,,,,,,,,,,,,,
142,C,participants_only,,,30,30,0,0,19,11,0.4790028560248023,0.24178278428301667,0.9983536535653252,0.11804682968245168,948,30,1.0,0,0.0,0.0,24.5,6165,,,,,,,,,,,,,,,,,,,,,,,,,,,
142,C,nonparticipants_only,,,10,0,10,0,0,0,0.2306118751251658,0.23030733747127657,0.25186858577376486,0.00019446935779221262,0,0,0.0,0,0.0,0.0,50.0,0,,,,,,,,,,,,,,,,,,,,,,,,,,,
142,C,step_totals,,,,,,,,,,,,,,,,,,,,,70.20000000000006,,,10.0,0.14245014245014234,50.0,0.7122507122507117,0.0,0.0,0.004282299783369729,0.14,0.0,0,7,20,34,,20,50,25,4.200000000000001,0.05982905982905979,6.000000000000003,0.08547008547008543,21,30,22
143,C,all_agents,,,40,30,10,0,19,11,0.417128392337551,0.23486349500598758,0.9984195074227122,0.10045106722075545,960,30,0.75,0,0.0,0.0,30.825,6214,,,,,,,,,,,,,,,,,,,,,,,,,,,
143,C,participants_only,,,30,30,0,0,19,11,0.4791923436685925,0.24141878775930325,0.9984195074227122,0.11846310846069391,960,30,1.0,0,0.0,0.0,24.433333333333334,6214,,,,,,,,,,,,,,,,,,,,,,,,,,,
143,C,nonparticipants_only,,,10,0,10,0,0,0,0.23093653834442668,0.23056988461045044,0.2517751458165396,0.00019173484307747973,0,0,0.0,0,0.0,0.0,50.0,0,,,,,,,,,,,,,,,,,,,,,,,,,,,
143,C,step_totals,,,,,,,,,,,,,,,,,,,,,70.60000000000007,,,9.0,0.12747875354107638,52.0,0.7365439093484413,0.0,0.0,0.0041606782379577795,0.23076923076923078,0.0,0,12,22,20,,18,52,22,3.600000000000001,0.05099150141643056,6.000000000000003,0.08498583569405095,18,30,27
144,C,all_agents,,,40,30,10,0,19,11,0.4174026839341501,0.23506588291887698,0.9984827271258038,0.10066115918663238,966,30,0.75,0,0.0,0.0,30.875,6263,,,,,,,,,,,,,,,,,,,,,,,,,,,
144,C,participants_only,,,30,30,0,0,19,11,0.47945053905206997,0.24209404181516153,0.9984827271258038,0.1187519072890636,966,30,1.0,0,0.0,0.0,24.5,6263,,,,,,,,,,,,,,,,,,,,,,,,,,,
144,C,nonparticipants_only,,,10,0,10,0,0,0,0.23125911858039017,0.23041563415594063,0.25420264808321036,0.00018967898252603642,0,0,0.0,0,0.0,0.0,50.0,0,,,,,,,,,,,,,,,,,,,,,,,,,,,
144,C,step_totals,,,,,,,,,,,,,,,,,,,,,70.20000000000007,,,10.0,0.1424501424501423,50.0,0.7122507122507115,0.0,0.0,0.004472330834961497,0.12,0.0,0,6,20,34,,20,50,25,4.200000000000001,0.05982905982905978,6.000000000000003,0.08547008547008542,21,30,22
145,C,all_agents,,,40,30,10,0,19,11,0.41763904005379204,0.23473247300946942,0.9985434180407716,0.10097138110108318,978,30,0.75,0,0.0,0.0,30.825,6314,,,,,,,,,,,,,,,,,,,,,,,,,,,
145,C,participants_only,,,30,30,0,0,19,11,0.4796588209201855,0.24121252514406477,0.9985434180407716,0.11918000322628722,978,30,1.0,0,0.0,0.0,24.433333333333334,6314,,,,,,,,,,,,,,,,,,,,,,,,,,,
145,C,nonparticipants_only,,,10,0,10,0,0,0,0.23157969745461174,0.23170451277194581,0.253985808267398,0.00018807610088551475,0,0,0.0,0,0.0,0.0,50.0,0,,,,,,,,,,,,,,,,,,,,,,,,,,,
145,C,step_totals,,,,,,,,,,,,,,,,,,,,,70.60000000000005,,,9.0,0.1274787535410764,52.0,0.7365439093484414,0.0,0.0,0.004208282097425689,0.23076923076923078,0.0,0,12,22,20,,18,52,22,3.600000000000001,0.05099150141643057,6.000000000000003,0.08498583569405097,18,30,27
146,C,all_agents,,,40,30,10,0,19,11,0.41778087773296113,0.2353807426702747,0.9986016813191407,0.10109441864943298,985,30,0.75,0,0.0,0.0,30.875,6360,,,,,,,,,,,,,,,,,,,,,,,,,,,
146,C,participants_only,,,30,30,0,0,19,11,0.4797416791557294,0.24207811512166733,0.9986016813191407,0.11937390778781362,985,30,1.0,0,0.0,0.0,24.5,6360,,,,,,,,,,,,,,,,,,,,,,,,,,,
146,C,nonparticipants_only,,,10,0,10,0,0,0,0.23189847346465617,0.232365383663262,0.2532735291796143,0.0001862602788703525,0,0,0.0,0,0.0,0.0,50.0,0,,,,,,,,,,,,,,,,,,,,,,,,,,,
146,C,step_totals,,,,,,,,,,,,,,,,,,,,,70.00000000000007,,,10.0,0.1428571428571427,50.0,0.7142857142857135,0.0,0.0,0.0040335364922199045,0.14,0.0,0,7,20,34,,20,50,25,4.000000000000001,0.0571428571428571,6.000000000000003,0.08571428571428566,20,30,22
147,C,all_agents,,,40,30,10,0,19,11,0.41800557982879977,0.23485219505986937,0.9986576140663751,0.10139728041259695,992,30,0.75,0,0.0,0.0,30.825,6412,,,,,,,,,,,,,,,,,,,,,,,,,,,
147,C,participants_only,,,30,30,0,0,19,11,0.47993557440064094,0.24131432813013348,0.9986576140663751,0.11979383359016824,992,30,1.0,0,0.0,0.0,24.433333333333334,6412,,,,,,,,,,,,,,,,,,,,,,,,,,,
147,C,nonparticipants_only,,,10,0,10,0,0,0,0.2322155961132763,0.23194998052303434,0.25266198155236086,0.0001837301478637828,0,0,0.0,0,0.0,0.0,50.0,0,,,,,,,,,,,,,,,,,,,,,,,,,,,
147,C,step_totals,,,,,,,,,,,,,,,,,,,,,70.60000000000005,,,9.0,0.1274787535410764,52.0,0.7365439093484414,0.0,0.0,0.004169957314154287,0.1346153846153846,0.0,0,7,22,20,,18,52,22,3.600000000000001,0.05099150141643057,6.000000000000003,0.08498583569405097,18,30,27
148,C,all_agents,,,40,30,10,0,19,11,0.4182225349876356,0.23527467193603951,0.9987113095037201,0.10157068990894923,994,30,0.75,0,0.0,0.0,30.875,6461,,,,,,,,,,,,,,,,,,,,,,,,,,,
148,C,participants_only,,,30,30,0,0,19,11,0.48011980183391934,0.24111827940273692,0.9987113095037201,0.1200419319875753,994,30,1.0,0,0.0,0.0,24.5,6461,,,,,,,,,,,,,,,,,,,,,,,,,,,
148,C,nonparticipants_only,,,10,0,10,0,0,0,0.23253073444878444,0.23223662176976956,0.25317817898416983,0.00018170395659032,0,0,0.0,0,0.0,0.0,50.0,0,,,,,,,,,,,,,,,,,,,,,,,,,,,
148,C,step_totals,,,,,,,,,,,,,,,,,,,,,70.00000000000006,,,10.0,0.14285714285714274,50.0,0.7142857142857137,0.0,0.0,0.004293555216409054,0.04,0.0,0,2,20,34,,20,50,25,4.000000000000001,0.057142857142857106,6.000000000000003,0.08571428571428569,20,30,22
149,C,all_agents,,,40,30,10,0,19,11,0.4184132828474779,0.236016769622915,0.9987628571235713,0.10184735639261999,1000,30,0.75,0,0.0,0.0,30.825,6512,,,,,,,,,,,,,,,,,,,,,,,,,,,
149,C,participants_only,,,30,30,0,0,19,11,0.48026964527178534,0.2407684718638366,0.9987628571235713,0.12043192455380049,1000,30,1.0,0,0.0,0.0,24.433333333333334,6512,,,,,,,,,,,,,,,,,,,,,,,,,,,
149,C,nonparticipants_only,,,10,0,10,0,0,0,0.23284419557455546,0.23254388388630062,0.2530879630544119,0.00017913704067117238,0,0,0.0,0,0.0,0.0,50.0,0,,,,,,,,,,,,,,,,,,,,,,,,,,,
149,C,step_totals,,,,,,,,,,,,,,,,,,,,,70.60000000000007,,,9.0,0.12747875354107638,52.0,0.7365439093484413,0.0,0.0,0.004056781944404535,0.11538461538461539,0.0,0,6,22,20,,18,52,23,3.600000000000001,0.05099150141643056,6.000000000000003,0.08498583569405095,18,30,27
150,C,all_agents,,,40,30,10,0,19,11,0.41862846566003775,0.23568905785179778,0.9988123428386284,0.10201641815360275,1007,30,0.75,0,0.0,0.0,30.875,6561,,,,,,,,,,,,,,,,,,,,,,,,,,,
150,C,participants_only,,,30,30,0,0,19,11,0.4804527390174732,0.2410369325656529,0.9988123428386284,0.12067385298245968,1007,30,1.0,0,0.0,0.0,24.5,6561,,,,,,,,,,,,,,,,,,,,,,,,,,,
150,C,nonparticipants_only,,,10,0,10,0,0,0,0.23315564558773158,0.23246122928125784,0.25543170742759536,0.00017722435293318278,0,0,0.0,0,0.0,0.0,50.0,0,,,,,,,,,,,,,,,,,,,,,,,,,,,
150,C,step_totals,,,,,,,,,,,,,,,,,,,,,70.00000000000006,,,10.0,0.14285714285714274,50.0,0.7142857142857137,0.0,0.0,0.004288943973184464,0.14,0.0,0,7,20,34,,20,50,25,4.000000000000001,0.057142857142857106,6.000000000000003,0.08571428571428569,20,30,22
150,C,reachability,0.25,0.0,,,,,,,,,,,,,,,,,,,,,,,,,,,,,,,,,,,,,,,,,,,,,
151,C,all_agents,,,40,30,10,0,19,11,0.4187870511470135,0.2360159475934528,0.9988598491250833,0.10226769880450434,1016,30,0.75,0,0.0,0.0,30.825,6610,,,,,,,,,,,,,,,,,,,,,,,,,,,
151,C,participants_only,,,30,30,0,0,19,11,0.48056101376481136,0.24068925024323085,0.9988598491250833,0.12103425943758765,1016,30,1.0,0,0.0,0.0,24.433333333333334,6610,,,,,,,,,,,,,,,,,,,,,,,,,,,
151,C,nonparticipants_only,,,10,0,10,0,0,0,0.23346516329361974,0.23358608556742555,0.25522234939519717,0.000175747415193281,0,0,0.0,0,0.0,0.0,50.0,0,,,,,,,,,,,,,,,,,,,,,,,,,,,
151,C,step_totals,,,,,,,,,,,,,,,,,,,,,70.60000000000007,,,9.0,0.12747875354107638,52.0,0.7365439093484413,0.0,0.0,0.00394957139144265,0.17307692307692307,0.0,0,9,22,20,,18,52,22,3.600000000000001,0.05099150141643056,6.000000000000003,0.08498583569405095,18,30,27
152,C,all_agents,,,40,30,10,0,19,11,0.41898982625987474,0.2361932423201531,0.99890545516008,0.10242967334715967,1018,30,0.75,0,0.0,0.0,30.875,6657,,,,,,,,,,,,,,,,,,,,,,,,,,,
152,C,participants_only,,,30,30,0,0,19,11,0.48072878823287385,0.24121131543045743,0.99890545516008,0.12126807872425273,1018,30,1.0,0,0.0,0.0,24.5,6657,,,,,,,,,,,,,,,,,,,,,,,,,,,
152,C,nonparticipants_only,,,10,0,10,0,0,0,0.23377294034087756,0.23422365768254455,0.25453464659588376,0.00017406410983942963,0,0,0.0,0,0.0,0.0,50.0,0,,,,,,,,,,,,,,,,,,,,,,,,,,,
152,C,step_totals,,,,,,,,,,,,,,,,,,,,,70.00000000000007,,,10.0,0.1428571428571427,50.0,0.7142857142857135,0.0,0.0,0.004247504154911645,0.04,0.0,0,2,20,34,,20,50,25,4.000000000000001,0.0571428571428571,6.000000000000003,0.08571428571428566,20,30,22
153,C,all_agents,,,40,30,10,0,19,11,0.41915397465053694,0.23608546373013295,0.9989492369536768,0.10268873145202918,1024,30,0.75,0,0.0,0.0,30.825,6707,,,,,,,,,,,,,,,,,,,,,,,,,,,
153,C,participants_only,,,30,30,0,0,19,11,0.48084559250943104,0.24049209093768997,0.9989492369536768,0.12163765529373967,1024,30,1.0,0,0.0,0.0,24.433333333333334,6707,,,,,,,,,,,,,,,,,,,,,,,,,,,
153,C,nonparticipants_only,,,10,0,10,0,0,0,0.2340791210738545,0.23382258750194007,0.2539441996455397,0.00017169135832381514,0,0,0.0,0,0.0,0.0,50.0,0,,,,,,,,,,,,,,,,,,,,,,,,,,,
153,C,step_totals,,,,,,,,,,,,,,,,,,,,,70.60000000000007,,,9.0,0.12747875354107638,52.0,0.7365439093484413,0.0,0.0,0.003971019018091126,0.11538461538461539,0.0,0,6,22,20,,18,52,22,3.600000000000001,0.05099150141643056,6.000000000000003,0.08498583569405095,18,30,27
154,C,all_agents,,,40,30,10,0,19,11,0.41934880972976646,0.23610020110566565,0.9989912674755297,0.10284510604752954,1033,30,0.75,0,0.0,0.0,30.875,6754,,,,,,,,,,,,,,,,,,,,,,,,,,,
154,C,participants_only,,,30,30,0,0,19,11,0.48100395098637794,0.2411467141576924,0.9989912674755297,0.12186478104928132,1033,30,1.0,0,0.0,0.0,24.5,6754,,,,,,,,,,,,,,,,,,,,,,,,,,,
154,C,nonparticipants_only,,,10,0,10,0,0,0,0.23438338595993208,0.23409933855522722,0.2544425863382587,0.00016980372180165534,0,0,0.0,0,0.0,0.0,50.0,0,,,,,,,,,,,,,,,,,,,,,,,,,,,
154,C,step_totals,,,,,,,,,,,,,,,,,,,,,70.00000000000006,,,10.0,0.14285714285714274,50.0,0.7142857142857137,0.0,0.0,0.004221970557033873,0.18,0.0,0,9,20,34,,20,50,24,4.000000000000001,0.057142857142857106,6.000000000000003,0.08571428571428569,20,30,21
155,C,all_agents,,,40,30,10,0,19,11,0.41950903124929323,0.2362736348264201,0.9990316167765085,0.1030989027045919,1040,30,0.75,0,0.0,0.0,30.825,6804,,,,,,,,,,,,,,,,,,,,,,,,,,,
155,C,participants_only,,,30,30,0,0,19,11,0.48111669783030037,0.24054027028440594,0.9990316167765085,0.1222273873950801,1040,30,1.0,0,0.0,0.0,24.433333333333334,6804,,,,,,,,,,,,,,,,,,,,,,,,,,,
155,C,nonparticipants_only,,,10,0,10,0,0,0,0.23468603150627185,0.2344364446133944,0.25435548319498064,0.00016739365444878534,0,0,0.0,0,0.0,0.0,50.0,0,,,,,,,,,,,,,,,,,,,,,,,,,,,
155,C,step_totals,,,,,,,,,,,,,,,,,,,,,70.60000000000005,,,9.0,0.1274787535410764,52.0,0.7365439093484414,0.0,0.0,0.0039597686634085735,0.1346153846153846,0.0,0,7,22,20,,18,52,22,3.600000000000001,0.05099150141643057,6.000000000000003,0.08498583569405097,18,30,27
156,C,all_agents,,,40,30,10,0,19,11,0.4197150147201996,0.23710138564123634,0.9990703521054481,0.10326717938566955,1048,30,0.75,0,0.0,0.0,30.875,6854,,,,,,,,,,,,,,,,,,,,,,,,,,,
156,C,participants_only,,,30,30,0,0,19,11,0.4812911078499624,0.2403275028187803,0.9990703521054481,0.12246790676686874,1048,30,1.0,0,0.0,0.0,24.5,6854,,,,,,,,,,,,,,,,,,,,,,,,,,,
156,C,nonparticipants_only,,,10,0,10,0,0,0,0.23498673533091152,0.23444044876566777,0.25661835963478835,0.00016561430056947522,0,0,0.0,0,0.0,0.0,50.0,0,,,,,,,,,,,,,,,,,,,,,,,,,,,
156,C,step_totals,,,,,,,,,,,,,,,,,,,,,70.00000000000007,,,10.0,0.1428571428571427,50.0,0.7142857142857135,0.0,0.0,0.004261508680644034,0.16,0.0,0,8,20,34,,20,50,24,4.000000000000001,0.0571428571428571,6.000000000000003,0.08571428571428566,20,30,21
