step,condition,population,skill_reachability,resource_reachability,n_agents,maker_count,stage_consumer,stage_customizer,stage_maker,stage_advanced_maker,skill_mean,skill_median,skill_max,skill_var,method_count_total,method_holders,method_adoption_rate,method_peer_held,knowledge_diffusion_lag_mean,hop_count_mean,latent_distributed_resources,completed_projects_total,time_total,time_observe,time_share_observe,time_make,time_share_make,time_practice,time_share_practice,time_idle,time_share_idle,skill_gain_per_time,method_self_discovery_per_time,method_peer_acquisition_per_time,peer_acquired_count,self_discovered_count,reject_time_budget_exceeded,reject_missing_asset,count_observe,count_make,count_practice,count_idle,time_share,time_share_share,time_ask,time_share_ask,count_share,count_ask,reject_insufficient_material
0,A,reachability,0.875,0.0,,,,,,,,,,,,,,,,,,,,,,,,,,,,,,,,,,,,,,,,,,,,,
1,A,all_agents,,,40,0,14,26,0,0,0.16710516447472426,0.14191069505100587,0.6347843751449279,0.012687464794181822,9,9,0.225,0,0.0,0.0,25.8,39,,,,,,,,,,,,,,,,,,,,,,,,,,,
1,A,participants_only,,,30,0,4,26,0,0,0.16752096716341225,0.1404464078687081,0.6347843751449279,0.012984496660155356,9,9,0.3,0,0.0,0.0,24.4,39,,,,,,,,,,,,,,,,,,,,,,,,,,,
1,A,nonparticipants_only,,,10,0,10,0,0,0,0.16585775640866027,0.14989143868275367,0.5156527693880186,0.011794294493750178,0,0,0.0,0,0.0,0.0,30.0,0,,,,,,,,,,,,,,,,,,,,,,,,,,,
1,A,step_totals,,,,,,,,,,,,,,,,,,,,,83.99999999999994,4.000000000000002,0.04761904761904767,60.0,0.7142857142857147,20.0,0.23809523809523825,0.0,0.0,0.021168919083507532,0.15,0.0,0,9,30,9,40,60,40,32,,,,,,,
2,A,all_agents,,,40,5,13,22,5,0,0.17300693807882261,0.14812758739410714,0.6384365313934787,0.012873478143067739,27,22,0.55,16,1.0,1.0,26.6,70,,,,,,,,,,,,,,,,,,,,,,,,,,,
2,A,participants_only,,,30,5,3,22,5,0,0.17512418040477631,0.1477546772746391,0.6384365313934787,0.013377711626055177,27,22,0.7333333333333333,16,1.0,1.0,23.8,70,,,,,,,,,,,,,,,,,,,,,,,,,,,
2,A,nonparticipants_only,,,10,0,10,0,0,0,0.1666552111009615,0.14914198148933994,0.5130745055410786,0.011306985113303705,0,0,0.0,0,0.0,0.0,35.0,0,,,,,,,,,,,,,,,,,,,,,,,,,,,
2,A,step_totals,,,,,,,,,,,,,,,,,,,,,88.4,4.000000000000002,0.04524886877828056,60.0,0.6787330316742081,20.0,0.2262443438914027,0.0,0.0,0.01745078300159594,0.03333333333333333,1.9047619047619055,16,2,21,8,40,60,40,31,1.5999999999999999,0.018099547511312215,2.8000000000000003,0.03167420814479638,8,14,
3,A,all_agents,,,40,7,11,22,7,0,0.1798481969063366,0.1505706768916248,0.6528990701377395,0.013226423723701116,43,26,0.65,23,1.3043478260869565,1.2173913043478262,28.0,112,,,,,,,,,,,,,,,,,,,,,,,,,,,
3,A,participants_only,,,30,7,1,22,7,0,0.1839838134793587,0.15145698384294054,0.6528990701377395,0.013949498914195668,43,26,0.8666666666666667,23,1.3043478260869565,1.2173913043478262,24.0,112,,,,,,,,,,,,,,,,,,,,,,,,,,,
3,A,nonparticipants_only,,,10,0,10,0,0,0,0.1674413471872703,0.14839627158189322,0.5105091330133732,0.0108519582589488,0,0,0.0,0,0.0,0.0,40.0,0,,,,,,,,,,,,,,,,,,,,,,,,,,,
3,A,step_totals,,,,,,,,,,,,,,,,,,,,,89.9,3.900000000000002,0.04338153503893217,60.0,0.6674082313681868,20.0,0.22246941045606228,0.0,0.0,0.019656707063443857,0.15,0.7070707070707076,7,9,16,7,39,60,40,31,3.800000000000001,0.04226918798665184,2.1999999999999997,0.024471635150166846,19,11,
4,A,all_agents,,,40,7,11,22,7,0,0.18523561568290914,0.15759360169412262,0.6496345747870508,0.013247966483591613,55,28,0.7,31,1.6774193548387097,1.2580645161290323,29.9,141,,,,,,,,,,,,,,,,,,,,,,,,,,,
4,A,participants_only,,,30,7,1,22,7,0,0.19090832524480525,0.15845504656003398,0.6496345747870508,0.01406069202203796,55,28,0.9333333333333333,31,1.6774193548387097,1.2580645161290323,24.866666666666667,141,,,,,,,,,,,,,,,,,,,,,,,,,,,
4,A,nonparticipants_only,,,10,0,10,0,0,0,0.16821748699722075,0.14765429022398374,0.5079565873483063,0.01042363426296904,0,0,0.0,0,0.0,0.0,45.0,0,,,,,,,,,,,,,,,,,,,,,,,,,,,
4,A,step_totals,,,,,,,,,,,,,,,,,,,,,86.00000000000004,4.000000000000002,0.046511627906976744,53.0,0.6162790697674415,20.0,0.2325581395348836,0.0,0.0,0.016723825176998292,0.07547169811320754,0.6153846153846162,8,4,3,16,40,53,40,38,5.200000000000002,0.06046511627906976,3.800000000000001,0.0441860465116279,26,19,24
5,A,all_agents,,,40,6,10,24,6,0,0.19044205831039623,0.16258961121807536,0.6463864019131155,0.013359061542906793,69,30,0.75,40,2.025,1.325,32.275,170,,,,,,,,,,,,,,,,,,,,,,,,,,,
5,A,participants_only,,,30,6,0,24,6,0,0.19759505623747223,0.166731180988398,0.6463864019131155,0.014266076725607946,69,30,1.0,40,2.025,1.325,26.366666666666667,170,,,,,,,,,,,,,,,,,,,,,,,,,,,
5,A,nonparticipants_only,,,10,0,10,0,0,0,0.16898306452916842,0.14691601877286384,0.5054168044115648,0.010024031442666299,0,0,0.0,0,0.0,0.0,50.0,0,,,,,,,,,,,,,,,,,,,,,,,,,,,
5,A,step_totals,,,,,,,,,,,,,,,,,,,,,84.50000000000006,3.700000000000002,0.043786982248520706,51.0,0.6035502958579878,20.0,0.23668639053254423,0.0,0.0,0.01654009718466924,0.09803921568627451,0.6666666666666676,9,5,3,17,37,51,40,38,5.600000000000002,0.06627218934911241,4.200000000000001,0.0497041420118343,28,21,31
6,A,all_agents,,,40,9,10,21,9,0,0.19528654321087557,0.1648597764460622,0.6431544699035499,0.01352062483067623,75,30,0.75,44,2.227272727272727,1.3863636363636365,32.95,197,,,,,,,,,,,,,,,,,,,,,,,,,,,
6,A,participants_only,,,30,9,0,21,9,0,0.20380193813275704,0.1770360250006755,0.6431544699035499,0.014522832063516272,75,30,1.0,44,2.227272727272727,1.3863636363636365,27.266666666666666,197,,,,,,,,,,,,,,,,,,,,,,,,,,,
6,A,nonparticipants_only,,,10,0,10,0,0,0,0.1697403584452312,0.14618143867899952,0.502889720389507,0.009643859724048846,0,0,0.0,0,0.0,0.0,50.0,0,,,,,,,,,,,,,,,,,,,,,,,,,,,
6,A,step_totals,,,,,,,,,,,,,,,,,,,,,83.00000000000006,2.800000000000001,0.03373493975903614,49.0,0.5903614457831321,20.0,0.24096385542168658,0.0,0.0,0.015845559900260035,0.04081632653061224,0.2857142857142861,4,2,5,17,28,49,40,38,6.000000000000003,0.07228915662650601,5.200000000000002,0.06265060240963853,30,26,29
7,A,all_agents,,,40,11,10,19,11,0,0.20037037758905427,0.16660823260086557,0.6574282911074079,0.013962063141229126,85,30,0.75,46,2.391304347826087,1.4130434782608696,33.45,227,,,,,,,,,,,,,,,,,,,,,,,,,,,
7,A,participants_only,,,30,11,0,19,11,0,0.2103309965021582,0.17905706257471204,0.6574282911074079,0.015123780114266126,85,30,1.0,46,2.391304347826087,1.4130434782608696,27.933333333333334,227,,,,,,,,,,,,,,,,,,,,,,,,,,,
7,A,nonparticipants_only,,,10,0,10,0,0,0,0.17048852084974253,0.14545053148560452,0.5003752717875595,0.009286345072533123,0,0,0.0,0,0.0,0.0,50.0,0,,,,,,,,,,,,,,,,,,,,,,,,,,,
7,A,step_totals,,,,,,,,,,,,,,,,,,,,,86.50000000000009,0.8999999999999999,0.010404624277456635,54.0,0.6242774566473982,20.0,0.23121387283236972,0.0,0.0,0.015758688834335573,0.14814814814814814,0.16000000000000017,2,8,10,18,9,54,40,38,6.000000000000003,0.06936416184971095,5.600000000000002,0.06473988439306355,30,28,32
8,A,all_agents,,,40,14,10,16,14,0,0.20599532967925377,0.16862868914012086,0.6541411496518709,0.014311688299498661,90,30,0.75,47,2.4893617021276597,1.4042553191489362,33.85,261,,,,,,,,,,,,,,,,,,,,,,,,,,,
8,A,participants_only,,,30,14,0,16,14,0,0.21758412975974928,0.18248402113237006,0.6541411496518709,0.015563059172974725,90,30,1.0,47,2.4893617021276597,1.4042553191489362,28.466666666666665,261,,,,,,,,,,,,,,,,,,,,,,,,,,,
8,A,nonparticipants_only,,,10,0,10,0,0,0,0.1712289294377672,0.1447232788281765,0.4978733954286217,0.008945972231402154,0,0,0.0,0,0.0,0.0,50.0,0,,,,,,,,,,,,,,,,,,,,,,,,,,,
8,A,step_totals,,,,,,,,,,,,,,,,,,,,,88.6000000000001,0.2,0.002257336343115122,57.0,0.6433408577878097,20.0,0.22573363431151217,0.0,0.0,0.01688978801458958,0.07017543859649122,0.08620689655172421,1,4,12,25,2,57,40,37,6.000000000000003,0.06772009029345369,5.400000000000002,0.06094808126410831,30,27,30
9,A,all_agents,,,40,15,10,15,15,0,0.21120828735817568,0.17607004328620504,0.667975503665796,0.014801554442583128,97,30,0.75,48,2.6041666666666665,1.4166666666666667,33.45,292,,,,,,,,,,,,,,,,,,,,,,,,,,,
9,A,participants_only,,,30,15,0,15,15,0,0.22429057839479394,0.18497904021205738,0.667975503665796,0.016176367130128124,97,30,1.0,48,2.6041666666666665,1.4166666666666667,27.933333333333334,292,,,,,,,,,,,,,,,,,,,,,,,,,,,
9,A,nonparticipants_only,,,10,0,10,0,0,0,0.17196141424832098,0.1439996624340356,0.49538402845147855,0.008623360314746755,0,0,0.0,0,0.0,0.0,50.0,0,,,,,,,,,,,,,,,,,,,,,,,,,,,
9,A,step_totals,,,,,,,,,,,,,,,,,,,,,90.5000000000001,0.1,0.0011049723756906065,59.0,0.6519337016574579,20.0,0.22099447513812132,0.0,0.0,0.0153945202453196,0.1016949152542373,0.0869565217391305,1,6,12,20,1,59,40,38,6.000000000000003,0.06629834254143642,5.400000000000002,0.059668508287292775,30,27,34
10,A,all_agents,,,40,15,10,15,15,0,0.2161912240633068,0.17776144351552847,0.6646356261474671,0.015349057941543733,103,30,0.75,48,2.6041666666666665,1.4166666666666667,33.1,322,,,,,,,,,,,,,,,,,,,,,,,,,,,
10,A,participants_only,,,30,15,0,15,15,0,0.2306927826960938,0.18517620554464048,0.6646356261474671,0.01685218021428049,103,30,1.0,48,2.6041666666666665,1.4166666666666667,27.466666666666665,322,,,,,,,,,,,,,,,,,,,,,,,,,,,
10,A,nonparticipants_only,,,10,0,10,0,0,0,0.17268654816494572,0.14327966412186544,0.49290710830922113,0.00831614868997154,0,0,0.0,0,0.0,0.0,50.0,0,,,,,,,,,,,,,,,,,,,,,,,,,,,
10,A,step_totals,,,,,,,,,,,,,,,,,,,,,89.20000000000009,,,58.0,0.6502242152466361,20.0,0.2242152466367711,0.0,0.0,0.015046416619919472,0.10344827586206896,0.0,0,6,14,22,,58,40,37,6.000000000000003,0.06726457399103135,5.200000000000002,0.058295964125560505,30,26,31
10,A,reachability,0.4,0.0,,,,,,,,,,,,,,,,,,,,,,,,,,,,,,,,,,,,,,,,,,,,,
11,A,all_agents,,,40,15,10,15,15,0,0.22126401621547123,0.1792022903826102,0.6780502011015684,0.016108293198947923,109,30,0.75,48,2.6041666666666665,1.4166666666666667,32.7,355,,,,,,,,,,,,,,,,,,,,,,,,,,,
11,A,participants_only,,,30,15,0,15,15,0,0.23721731612015323,0.18802817274834485,0.6780502011015684,0.01778463125772095,109,30,1.0,48,2.6041666666666665,1.4166666666666667,26.933333333333334,355,,,,,,,,,,,,,,,,,,,,,,,,,,,
11,A,nonparticipants_only,,,10,0,10,0,0,0,0.1734041165014252,0.1425632658012561,0.490442572767675,0.008025185688444124,0,0,0.0,0,0.0,0.0,50.0,0,,,,,,,,,,,,,,,,,,,,,,,,,,,
11,A,step_totals,,,,,,,,,,,,,,,,,,,,,90.30000000000008,0.1,0.001107419712070874,59.0,0.6533776301218156,20.0,0.22148394241417477,0.0,0.0,0.015068492545103949,0.1016949152542373,0.0,0,6,13,18,1,59,40,37,6.000000000000003,0.06644518272425246,5.200000000000002,0.057585825027685465,30,26,33
12,A,all_agents,,,40,18,10,12,18,0,0.226235060100164,0.1815792824519568,0.6746599500960606,0.016789843154118952,114,30,0.75,49,2.7755102040816326,1.4285714285714286,32.325,389,,,,,,,,,,,,,,,,,,,,,,,,,,,
12,A,participants_only,,,30,18,0,12,18,0,0.2436086297738773,0.18997881236161362,0.6746599500960606,0.018595961974872833,114,30,1.0,49,2.7755102040816326,1.4285714285714286,26.433333333333334,389,,,,,,,,,,,,,,,,,,,,,,,,,,,
12,A,nonparticipants_only,,,10,0,10,0,0,0,0.1741143510790241,0.14399199664681392,0.4879903599038366,0.007749395613368869,0,0,0.0,0,0.0,0.0,50.0,0,,,,,,,,,,,,,,,,,,,,,,,,,,,
12,A,step_totals,,,,,,,,,,,,,,,,,,,,,86.3000000000001,0.1,0.0011587485515643092,54.0,0.625724217844727,20.0,0.23174971031286185,0.0,0.0,0.01563643720153607,0.07407407407407407,0.08130081300813016,1,4,8,34,1,54,40,36,6.000000000000003,0.06952491309385858,6.200000000000003,0.0718424101969872,30,31,37
13,A,all_agents,,,40,19,10,11,19,0,0.2318223717463458,0.18301087249722192,0.6876735520922181,0.017585018011070364,120,30,0.75,49,2.7755102040816326,1.4285714285714286,31.925,430,,,,,,,,,,,,,,,,,,,,,,,,,,,
13,A,participants_only,,,30,19,0,11,19,0,0.2508237209636008,0.19485826830163377,0.6876735520922181,0.019507611356331625,120,30,1.0,49,2.7755102040816326,1.4285714285714286,25.9,430,,,,,,,,,,,,,,,,,,,,,,,,,,,
13,A,nonparticipants_only,,,10,0,10,0,0,0,0.17481832409458073,0.1466602281819651,0.48555040810431743,0.007484622710373645,0,0,0.0,0,0.0,0.0,50.0,0,,,,,,,,,,,,,,,,,,,,,,,,,,,
13,A,step_totals,,,,,,,,,,,,,,,,,,,,,90.1000000000001,,,59.0,0.6548279689234178,19.5,0.21642619311875672,0.0,0.0,0.016560607518115257,0.1016949152542373,0.0,0,6,12,17,,59,39,37,6.000000000000003,0.06659267480577133,5.600000000000002,0.062153163152053235,30,28,37
14,A,all_agents,,,40,20,10,10,20,0,0.2363956302379772,0.1857859641930199,0.684235184331757,0.018320864982170545,126,30,0.75,50,2.98,1.44,31.8,462,,,,,,,,,,,,,,,,,,,,,,,,,,,
14,A,participants_only,,,30,20,0,10,20,0,0.2566889954411372,0.1967439587955394,0.684235184331757,0.020369604761173783,126,30,1.0,50,2.98,1.44,25.733333333333334,462,,,,,,,,,,,,,,,,,,,,,,,,,,,
14,A,nonparticipants_only,,,10,0,10,0,0,0,0.17551553462849723,0.14946249620029295,0.48312265606379584,0.007232797589934936,0,0,0.0,0,0.0,0.0,50.0,0,,,,,,,,,,,,,,,,,,,,,,,,,,,
14,A,step_totals,,,,,,,,,,,,,,,,,,,,,85.70000000000009,,,54.0,0.6301050175029165,19.5,0.2275379229871643,0.0,0.0,0.014632643162207103,0.09259259259259259,0.08196721311475418,1,5,9,34,,54,39,37,6.000000000000003,0.0700116686114352,6.200000000000003,0.07234539089848303,30,31,35
15,A,all_agents,,,40,20,10,10,20,0,0.24091153292268436,0.18777828037889993,0.6968657769584867,0.01917460371441523,130,30,0.75,50,2.98,1.44,31.575,495,,,,,,,,,,,,,,,,,,,,,,,,,,,
15,A,participants_only,,,30,20,0,10,20,0,0.2624798839187338,0.20450061347729276,0.6968657769584867,0.02137472390069195,130,30,1.0,50,2.98,1.44,25.433333333333334,495,,,,,,,,,,,,,,,,,,,,,,,,,,,
15,A,nonparticipants_only,,,10,0,10,0,0,0,0.17620647993453611,0.15165510285217362,0.48070704278347687,0.006991917979319642,0,0,0.0,0,0.0,0.0,50.0,0,,,,,,,,,,,,,,,,,,,,,,,,,,,
15,A,step_totals,,,,,,,,,,,,,,,,,,,,,87.6000000000001,0.1,0.001141552511415524,56.0,0.6392694063926934,19.5,0.22260273972602715,0.0,0.0,0.014136307568230411,0.07142857142857142,0.0,0,4,10,21,1,56,39,37,6.000000000000003,0.06849315068493146,6.000000000000003,0.06849315068493146,30,30,41
16,A,all_agents,,,40,22,10,8,22,0,0.24538544619962885,0.19127895116253946,0.6933814480736943,0.020001544725514613,135,30,0.75,50,2.98,1.44,31.575,530,,,,,,,,,,,,,,,,,,,,,,,,,,,
16,A,participants_only,,,30,22,0,8,22,0,0.26821680012726634,0.20534819471051138,0.6933814480736943,0.02232988702666485,135,30,1.0,50,2.98,1.44,25.433333333333334,530,,,,,,,,,,,,,,,,,,,,,,,,,,,
16,A,nonparticipants_only,,,10,0,10,0,0,0,0.1768913844167164,0.15464713167109914,0.47830350756955947,0.006761269156035322,0,0,0.0,0,0.0,0.0,50.0,0,,,,,,,,,,,,,,,,,,,,,,,,,,,
16,A,step_totals,,,,,,,,,,,,,,,,,,,,,81.50000000000009,0.1,0.0012269938650306736,51.0,0.6257668711656436,19.0,0.23312883435582799,0.0,0.0,0.015193168825033514,0.09803921568627451,0.0,0,5,11,41,1,51,38,34,5.8000000000000025,0.07116564417177909,5.600000000000002,0.06871165644171774,29,28,36
17,A,all_agents,,,40,25,10,5,24,1,0.2497842637151017,0.19387888629744005,0.7056461901507465,0.02090583472053799,138,30,0.75,50,2.98,1.44,31.3,564,,,,,,,,,,,,,,,,,,,,,,,,,,,
17,A,participants_only,,,30,25,0,5,24,1,0.27385547547546374,0.20796921977836041,0.7056461901507465,0.02337699142082675,138,30,1.0,50,2.98,1.44,25.066666666666666,564,,,,,,,,,,,,,,,,,,,,,,,,,,,
17,A,nonparticipants_only,,,10,0,10,0,0,0,0.17757062843401542,0.15443863022562226,0.4759119900317117,0.006539285792325368,0,0,0.0,0,0.0,0.0,50.0,0,,,,,,,,,,,,,,,,,,,,,,,,,,,
17,A,step_totals,,,,,,,,,,,,,,,,,,,,,87.7000000000001,,,56.0,0.6385404789053585,19.5,0.2223489167616873,0.0,0.0,0.013847390976246396,0.05357142857142857,0.0,0,3,9,23,,56,39,38,6.000000000000003,0.06841505131128843,6.200000000000003,0.07069555302166472,30,31,45
18,A,all_agents,,,40,26,10,4,25,1,0.25428822803048734,0.19482936076439739,0.7021179591999928,0.021958480158757215,143,30,0.75,50,2.98,1.44,31.35,603,,,,,,,,,,,,,,,,,,,,,,,,,,,
18,A,participants_only,,,30,26,0,4,25,1,0.2796363304735448,0.21441020084064788,0.7021179591999928,0.024598810606586405,143,30,1.0,50,2.98,1.44,25.133333333333333,603,,,,,,,,,,,,,,,,,,,,,,,,,,,
18,A,nonparticipants_only,,,10,0,10,0,0,0,0.17824392070131498,0.1543082891202258,0.47353243008155316,0.006327173245704819,0,0,0.0,0,0.0,0.0,50.0,0,,,,,,,,,,,,,,,,,,,,,,,,,,,
18,A,step_totals,,,,,,,,,,,,,,,,,,,,,81.80000000000008,,,51.0,0.6234718826405862,19.0,0.2322738386308066,0.0,0.0,0.01524153336416276,0.09803921568627451,0.0,0,5,10,41,,51,38,33,5.8000000000000025,0.07090464547677258,6.000000000000003,0.0733496332518337,29,30,35
19,A,all_agents,,,40,28,10,2,27,1,0.2585148795564211,0.20008803462952762,0.714033240831993,0.02295761944834057,147,30,0.75,50,2.98,1.44,31.125,638,,,,,,,,,,,,,,,,,,,,,,,,,,,
19,A,participants_only,,,30,28,0,2,27,1,0.28504914696663347,0.21421462718995987,0.714033240831993,0.02575327903997776,147,30,1.0,50,2.98,1.44,24.833333333333332,638,,,,,,,,,,,,,,,,,,,,,,,,,,,
19,A,nonparticipants_only,,,10,0,10,0,0,0,0.17891207732578396,0.15604328420603408,0.47116476793114537,0.0061218325094690934,0,0,0.0,0,0.0,0.0,50.0,0,,,,,,,,,,,,,,,,,,,,,,,,,,,
19,A,step_totals,,,,,,,,,,,,,,,,,,,,,87.5000000000001,,,56.0,0.6399999999999992,19.5,0.22285714285714261,0.0,0.0,0.013423145460315531,0.07142857142857142,0.0,0,4,10,22,,56,39,37,6.000000000000003,0.06857142857142852,6.000000000000003,0.06857142857142852,30,30,45
20,A,all_agents,,,40,28,10,2,27,1,0.26265213530269926,0.1997777874449701,0.7104630746278331,0.02403263752686447,157,30,0.75,50,2.98,1.44,31.2,676,,,,,,,,,,,,,,,,,,,,,,,,,,,
20,A,participants_only,,,30,28,0,2,27,1,0.2903447218898387,0.216893696224591,0.7104630746278331,0.027000639041481752,157,30,1.0,50,2.98,1.44,24.933333333333334,676,,,,,,,,,,,,,,,,,,,,,,,,,,,
20,A,nonparticipants_only,,,10,0,10,0,0,0,0.17957437554128103,0.15588659205391892,0.46880894409148965,0.005926080760378065,0,0,0.0,0,0.0,0.0,50.0,0,,,,,,,,,,,,,,,,,,,,,,,,,,,
20,A,step_totals,,,,,,,,,,,,,,,,,,,,,80.6000000000001,,,51.0,0.6327543424317611,18.0,0.2233250620347392,0.0,0.0,0.014425746581703222,0.19607843137254902,0.0,0,10,11,41,,51,36,32,5.8000000000000025,0.07196029776674932,5.8000000000000025,0.07196029776674932,29,29,33
20,A,reachability,0.175,0.0,,,,,,,,,,,,,,,,,,,,,,,,,,,,,,,,,,,,,,,,,,,,,
21,A,all_agents,,,40,29,10,1,28,1,0.26703972490019934,0.20191663016809358,0.7220445516427197,0.025123831466747727,162,30,0.75,50,2.98,1.44,31.075,716,,,,,,,,,,,,,,,,,,,,,,,,,,,
21,A,participants_only,,,30,29,0,1,28,1,0.2959758997917475,0.22228789061508036,0.7220445516427197,0.028236449455336213,162,30,1.0,50,2.98,1.44,24.766666666666666,716,,,,,,,,,,,,,,,,,,,,,,,,,,,
21,A,nonparticipants_only,,,10,0,10,0,0,0,0.18023120022555494,0.15616139486078123,0.4664648993710322,0.005738350892731136,0,0,0.0,0,0.0,0.0,50.0,0,,,,,,,,,,,,,,,,,,,,,,,,,,,
21,A,step_totals,,,,,,,,,,,,,,,,,,,,,86.3000000000001,,,55.0,0.6373117033603701,19.5,0.2259559675550403,0.0,0.0,0.014107922898238078,0.09090909090909091,0.0,0,5,11,23,,55,39,36,6.000000000000003,0.06952491309385858,5.8000000000000025,0.06720741599072996,30,29,46
22,A,all_agents,,,40,29,10,1,27,2,0.2709496685177241,0.20297450064550165,0.7235481253853021,0.026308962379523893,168,30,0.75,51,3.3137254901960786,1.4313725490196079,31.2,755,,,,,,,,,,,,,,,,,,,,,,,,,,,
22,A,participants_only,,,30,29,0,1,27,2,0.3009717660090317,0.2270649999971575,0.7235481253853021,0.029621421250541007,168,30,1.0,51,3.3137254901960786,1.4313725490196079,24.933333333333334,755,,,,,,,,,,,,,,,,,,,,,,,,,,,
22,A,nonparticipants_only,,,10,0,10,0,0,0,0.1808833760438015,0.15726304332147292,0.46413257487417703,0.005555669713141655,0,0,0.0,0,0.0,0.0,50.0,0,,,,,,,,,,,,,,,,,,,,,,,,,,,
22,A,step_totals,,,,,,,,,,,,,,,,,,,,,79.40000000000008,,,51.0,0.6423173803526442,17.0,0.2141057934508814,0.0,0.0,0.013992222789897455,0.09803921568627451,0.0877192982456141,1,5,12,40,,51,34,31,5.8000000000000025,0.07304785894206545,5.600000000000002,0.07052896725440802,29,28,31
23,A,all_agents,,,40,30,10,0,28,2,0.27505841524167846,0.20718138231683636,0.73460620036989,0.027368951274664252,173,30,0.75,51,3.3137254901960786,1.4313725490196079,31.0,794,,,,,,,,,,,,,,,,,,,,,,,,,,,
23,A,participants_only,,,30,30,0,0,28,2,0.3062343757287803,0.23397072788139986,0.73460620036989,0.030811028584853184,173,30,1.0,51,3.3137254901960786,1.4313725490196079,24.666666666666668,794,,,,,,,,,,,,,,,,,,,,,,,,,,,
23,A,nonparticipants_only,,,10,0,10,0,0,0,0.18153053378037262,0.15975824464319735,0.46181191199980615,0.005379433196577359,0,0,0.0,0,0.0,0.0,50.0,0,,,,,,,,,,,,,,,,,,,,,,,,,,,
23,A,step_totals,,,,,,,,,,,,,,,,,,,,,85.90000000000009,,,56.0,0.6519208381839341,18.5,0.21536670547147824,0.0,0.0,0.013420630463821762,0.08928571428571429,0.0,0,5,13,22,,56,37,34,6.000000000000003,0.06984866123399297,5.400000000000002,0.06286379511059367,30,27,43
24,A,all_agents,,,40,30,10,0,28,2,0.2786629065234213,0.20785361166434518,0.7452219523550944,0.028490731937438764,176,30,0.75,51,3.3137254901960786,1.4313725490196079,31.15,831,,,,,,,,,,,,,,,,,,,,,,,,,,,
24,A,participants_only,,,30,30,0,0,28,2,0.3108261405888857,0.23411885413775463,0.7452219523550944,0.03211382397409307,176,30,1.0,51,3.3137254901960786,1.4313725490196079,24.866666666666667,831,,,,,,,,,,,,,,,,,,,,,,,,,,,
24,A,nonparticipants_only,,,10,0,10,0,0,0,0.18217320432702808,0.16113553600549718,0.4595028524398071,0.005207772320877652,0,0,0.0,0,0.0,0.0,50.0,0,,,,,,,,,,,,,,,,,,,,,,,,,,,
24,A,step_totals,,,,,,,,,,,,,,,,,,,,,79.50000000000007,,,51.0,0.6415094339622636,17.5,0.22012578616352182,0.0,0.0,0.013076791611037312,0.058823529411764705,0.0,0,3,14,40,,51,35,31,5.8000000000000025,0.07295597484276727,5.200000000000002,0.06540880503144651,29,26,32
25,A,all_agents,,,40,30,10,0,27,3,0.28239125316446334,0.21250577265526116,0.7554130742608905,0.029548893940589013,181,30,0.75,52,3.7115384615384617,1.4230769230769231,30.975,868,,,,,,,,,,,,,,,,,,,,,,,,,,,
25,A,participants_only,,,30,30,0,0,27,3,0.31558469974341463,0.23623607586357154,0.7554130742608905,0.0333105223824625,181,30,1.0,52,3.7115384615384617,1.4230769230769231,24.633333333333333,868,,,,,,,,,,,,,,,,,,,,,,,,,,,
25,A,nonparticipants_only,,,10,0,10,0,0,0,0.1828109134276096,0.1615362223502238,0.45720533817760806,0.005042349865492252,0,0,0.0,0,0.0,0.0,50.0,0,,,,,,,,,,,,,,,,,,,,,,,,,,,
25,A,step_totals,,,,,,,,,,,,,,,,,,,,,85.40000000000009,,,56.0,0.6557377049180321,18.0,0.21077283372365316,0.0,0.0,0.012471333673579287,0.07142857142857142,0.0877192982456141,1,4,13,22,,56,36,34,6.000000000000003,0.07025761124121775,5.400000000000002,0.06323185011709598,30,27,42
26,A,all_agents,,,40,30,10,0,27,3,0.2862472451810539,0.21268614628992613,0.7651965512904549,0.030772078100303697,191,30,0.75,52,3.7115384615384617,1.4230769230769231,31.1,911,,,,,,,,,,,,,,,,,,,,,,,,,,,
26,A,participants_only,,,30,30,0,0,27,3,0.320514998266661,0.2386442822046853,0.7651965512904549,0.03470495699764606,191,30,1.0,52,3.7115384615384617,1.4230769230769231,24.8,911,,,,,,,,,,,,,,,,,,,,,,,,,,,
26,A,nonparticipants_only,,,10,0,10,0,0,0,0.18344398592423258,0.16169352877925933,0.45491931148672,0.004882094589842994,0,0,0.0,0,0.0,0.0,50.0,0,,,,,,,,,,,,,,,,,,,,,,,,,,,
26,A,step_totals,,,,,,,,,,,,,,,,,,,,,79.20000000000007,,,51.0,0.6439393939393934,17.0,0.21464646464646445,0.0,0.0,0.0139288029208393,0.19607843137254902,0.0,0,10,14,40,,51,34,31,6.000000000000003,0.07575757575757572,5.200000000000002,0.06565656565656562,30,26,32
27,A,all_agents,,,40,30,10,0,27,3,0.28979002633845957,0.21390837561868764,0.7745886892388367,0.03191101764819184,195,30,0.75,52,3.7115384615384617,1.4230769230769231,30.975,949,,,,,,,,,,,,,,,,,,,,,,,,,,,
27,A,participants_only,,,30,30,0,0,27,3,0.325029290436065,0.23960451574140196,0.7745886892388367,0.0360048869297154,195,30,1.0,52,3.7115384615384617,1.4230769230769231,24.633333333333333,949,,,,,,,,,,,,,,,,,,,,,,,,,,,
27,A,nonparticipants_only,,,10,0,10,0,0,0,0.18407223404564335,0.16381390831560752,0.4526447149292864,0.004727740993931778,0,0,0.0,0,0.0,0.0,50.0,0,,,,,,,,,,,,,,,,,,,,,,,,,,,
27,A,step_totals,,,,,,,,,,,,,,,,,,,,,85.40000000000009,,,56.0,0.6557377049180321,18.0,0.21077283372365316,0.0,0.0,0.01196474393961203,0.07142857142857142,0.0,0,4,13,20,,56,36,34,6.000000000000003,0.07025761124121775,5.400000000000002,0.06323185011709598,30,27,41
28,A,all_agents,,,40,30,10,0,28,2,0.29321215394782146,0.21465304409041427,0.7836051416692833,0.03320203304680872,204,30,0.75,52,3.7115384615384617,1.4230769230769231,31.1,991,,,,,,,,,,,,,,,,,,,,,,,,,,,
28,A,participants_only,,,30,30,0,0,28,2,0.32938413792746224,0.2410396694819108,0.7836051416692833,0.03750995091618616,204,30,1.0,52,3.7115384615384617,1.4230769230769231,24.8,991,,,,,,,,,,,,,,,,,,,,,,,,,,,
28,A,nonparticipants_only,,,10,0,10,0,0,0,0.18469620200889938,0.164166649081267,0.45038149135463995,0.004577330338395779,0,0,0.0,0,0.0,0.0,50.0,0,,,,,,,,,,,,,,,,,,,,,,,,,,,
28,A,step_totals,,,,,,,,,,,,,,,,,,,,,78.00000000000009,,,51.0,0.6538461538461531,16.0,0.2051282051282049,0.0,0.0,0.012855691390769924,0.17647058823529413,0.0,0,9,15,39,,51,32,30,6.000000000000003,0.07692307692307687,5.000000000000002,0.06410256410256406,30,25,32
29,A,all_agents,,,40,30,10,0,28,2,0.2970217958911029,0.2193036351995255,0.792260936002512,0.03433129520878427,210,30,0.75,52,3.7115384615384617,1.4230769230769231,30.975,1034,,,,,,,,,,,,,,,,,,,,,,,,,,,
29,A,participants_only,,,30,30,0,0,28,2,0.33425722571402305,0.23983447113450124,0.792260936002512,0.0387517379197545,210,30,1.0,52,3.7115384615384617,1.4230769230769231,24.633333333333333,1034,,,,,,,,,,,,,,,,,,,,,,,,,,,
29,A,nonparticipants_only,,,10,0,10,0,0,0,0.1853155064223424,0.16623304537224248,0.4481295838978667,0.004432240266702244,0,0,0.0,0,0.0,0.0,50.0,0,,,,,,,,,,,,,,,,,,,,,,,,,,,
29,A,step_totals,,,,,,,,,,,,,,,,,,,,,85.20000000000009,,,56.0,0.6572769953051636,18.0,0.2112676056338026,0.0,0.0,0.012771451719453937,0.10714285714285714,0.0,0,6,14,20,,56,36,34,6.000000000000003,0.07042253521126757,5.200000000000002,0.061032863849765216,30,26,41
30,A,all_agents,,,40,30,10,0,28,2,0.3004281227042903,0.2193175100301137,0.8005704985624116,0.03561292712476691,214,30,0.75,52,3.7115384615384617,1.4230769230769231,31.1,1078,,,,,,,,,,,,,,,,,,,,,,,,,,,
30,A,participants_only,,,30,30,0,0,28,2,0.33859407027856697,0.24058197041706167,0.8005704985624116,0.0402266579249249,214,30,1.0,52,3.7115384615384617,1.4230769230769231,24.8,1078,,,,,,,,,,,,,,,,,,,,,,,,,,,
30,A,nonparticipants_only,,,10,0,10,0,0,0,0.18593027998146025,0.1666172129076087,0.44588893597837737,0.004292060073383681,0,0,0.0,0,0.0,0.0,50.0,0,,,,,,,,,,,,,,,,,,,,,,,,,,,
30,A,step_totals,,,,,,,,,,,,,,,,,,,,,78.00000000000009,,,51.0,0.6538461538461531,16.0,0.2051282051282049,0.0,0.0,0.01283962459677551,0.0784313725490196,0.0,0,4,15,39,,51,32,30,6.000000000000003,0.07692307692307687,5.000000000000002,0.06410256410256406,30,25,32
30,A,reachability,0.175,0.0,,,,,,,,,,,,,,,,,,,,,,,,,,,,,,,,,,,,,,,,,,,,,
31,A,all_agents,,,40,30,10,0,28,2,0.30390143779367235,0.22204587767754122,0.8085476786199152,0.036705443482046365,220,30,0.75,52,3.7115384615384617,1.4230769230769231,30.975,1119,,,,,,,,,,,,,,,,,,,,,,,,,,,
31,A,participants_only,,,30,30,0,0,28,2,0.343021737871384,0.23937906056497638,0.8085476786199152,0.04143339812809821,220,30,1.0,52,3.7115384615384617,1.4230769230769231,24.633333333333333,1119,,,,,,,,,,,,,,,,,,,,,,,,,,,
31,A,nonparticipants_only,,,10,0,10,0,0,0,0.1865405375605374,0.16873883750979826,0.4436594912984855,0.004156805005848358,0,0,0.0,0,0.0,0.0,50.0,0,,,,,,,,,,,,,,,,,,,,,,,,,,,
31,A,step_totals,,,,,,,,,,,,,,,,,,,,,85.00000000000009,,,56.0,0.658823529411764,18.0,0.21176470588235272,0.0,0.0,0.011879233717348359,0.10714285714285714,0.0,0,6,15,20,,56,36,33,6.000000000000003,0.0705882352941176,5.000000000000002,0.05882352941176467,30,25,41
32,A,all_agents,,,40,30,10,0,28,2,0.3068738839986344,0.22344618727369997,0.8162057714751185,0.03792360484406921,228,30,0.75,52,3.7115384615384617,1.4230769230769231,31.1,1160,,,,,,,,,,,,,,,,,,,,,,,,,,,
32,A,participants_only,,,30,30,0,0,28,2,0.3467829488682645,0.2398984234849696,0.8162057714751185,0.04285222082987403,228,30,1.0,52,3.7115384615384617,1.4230769230769231,24.8,1160,,,,,,,,,,,,,,,,,,,,,,,,,,,
32,A,nonparticipants_only,,,10,0,10,0,0,0,0.18714668938974394,0.1709233751263025,0.44144119384199304,0.004024955381434593,0,0,0.0,0,0.0,0.0,50.0,0,,,,,,,,,,,,,,,,,,,,,,,,,,,
32,A,step_totals,,,,,,,,,,,,,,,,,,,,,77.10000000000007,,,51.0,0.6614785992217893,15.5,0.2010376134889752,0.0,0.0,0.011682203710637534,0.1568627450980392,0.0,0,8,17,38,,51,31,30,6.000000000000003,0.07782101167315172,4.600000000000001,0.05966277561608298,30,23,32
33,A,all_agents,,,40,30,10,0,26,4,0.3099923286265713,0.22492919846896714,0.8235575406161137,0.03900736790176611,234,30,0.75,52,3.7115384615384617,1.4230769230769231,30.975,1199,,,,,,,,,,,,,,,,,,,,,,,,,,,
33,A,participants_only,,,30,30,0,0,26,4,0.3507403566307908,0.23998225879441382,0.8235575406161137,0.04406875635334929,234,30,1.0,52,3.7115384615384617,1.4230769230769231,24.633333333333333,1199,,,,,,,,,,,,,,,,,,,,,,,,,,,
33,A,nonparticipants_only,,,10,0,10,0,0,0,0.18774824461391254,0.172489831065962,0.43923398787278306,0.0038983811122246174,0,0,0.0,0,0.0,0.0,50.0,0,,,,,,,,,,,,,,,,,,,,,,,,,,,
33,A,step_totals,,,,,,,,,,,,,,,,,,,,,84.8000000000001,,,56.0,0.6603773584905653,18.0,0.21226415094339598,0.0,0.0,0.010926994553752845,0.10714285714285714,0.0,0,6,16,20,,56,36,33,6.000000000000003,0.07075471698113203,4.800000000000002,0.05660377358490561,30,24,40
34,A,all_agents,,,40,30,10,0,26,4,0.31311716955783453,0.22480243406278055,0.8306152389914692,0.0402415778813823,238,30,0.75,52,3.7115384615384617,1.4230769230769231,31.1,1244,,,,,,,,,,,,,,,,,,,,,,,,,,,
34,A,participants_only,,,30,30,0,0,26,4,0.3547076469272301,0.24010203456208645,0.8306152389914692,0.04547797056748427,238,30,1.0,52,3.7115384615384617,1.4230769230769231,24.8,1244,,,,,,,,,,,,,,,,,,,,,,,,,,,
34,A,nonparticipants_only,,,10,0,10,0,0,0,0.18834573744964775,0.17310455901134372,0.43703781793341917,0.00377518612930591,0,0,0.0,0,0.0,0.0,50.0,0,,,,,,,,,,,,,,,,,,,,,,,,,,,
34,A,step_totals,,,,,,,,,,,,,,,,,,,,,76.60000000000008,,,51.0,0.6657963446475189,15.0,0.19582245430809378,0.0,0.0,0.012281611880564761,0.0784313725490196,0.0,0,4,17,38,,51,30,29,6.000000000000003,0.07832898172323755,4.600000000000001,0.06005221932114878,30,23,31
35,A,all_agents,,,40,30,10,0,26,4,0.31622176527442875,0.22821264627977625,0.8373906294318104,0.04127655498379041,240,30,0.75,52,3.7115384615384617,1.4230769230769231,30.975,1284,,,,,,,,,,,,,,,,,,,,,,,,,,,
35,A,participants_only,,,30,30,0,0,26,4,0.35864932295626245,0.24460051500176525,0.8373906294318104,0.04661646975740235,240,30,1.0,52,3.7115384615384617,1.4230769230769231,24.633333333333333,1284,,,,,,,,,,,,,,,,,,,,,,,,,,,
35,A,nonparticipants_only,,,10,0,10,0,0,0,0.18893909222892774,0.17448331037493375,0.4348526288437521,0.003655638852810729,0,0,0.0,0,0.0,0.0,50.0,0,,,,,,,,,,,,,,,,,,,,,,,,,,,
35,A,step_totals,,,,,,,,,,,,,,,,,,,,,84.6000000000001,,,56.0,0.6619385342789591,18.0,0.21276595744680826,0.0,0.0,0.010942752804944627,0.03571428571428571,0.0,0,2,17,20,,56,36,32,6.000000000000003,0.07092198581560279,4.600000000000001,0.054373522458628795,30,23,40
36,A,all_agents,,,40,30,10,0,26,4,0.3188160531099493,0.22826174419370227,0.843895004254538,0.0424391118827346,245,30,0.75,52,3.7115384615384617,1.4230769230769231,31.1,1325,,,,,,,,,,,,,,,,,,,,,,,,,,,
36,A,participants_only,,,30,30,0,0,26,4,0.3619119252756528,0.2440660600319589,0.843895004254538,0.047976671831308645,245,30,1.0,52,3.7115384615384617,1.4230769230769231,24.8,1325,,,,,,,,,,,,,,,,,,,,,,,,,,,
36,A,nonparticipants_only,,,10,0,10,0,0,0,0.18952843661283883,0.17666359916324936,0.43267836569953333,0.003539381664340595,0,0,0.0,0,0.0,0.0,50.0,0,,,,,,,,,,,,,,,,,,,,,,,,,,,
36,A,step_totals,,,,,,,,,,,,,,,,,,,,,75.90000000000008,,,51.0,0.67193675889328,14.5,0.19104084321475606,0.0,0.0,0.010763263097945156,0.09803921568627451,0.0,0,5,18,38,,51,29,29,6.000000000000003,0.07905138339920945,4.400000000000001,0.05797101449275358,30,22,30
37,A,all_agents,,,40,30,10,0,26,4,0.3216936202002581,0.22797552918520397,0.8501392040843565,0.04343221167754836,249,30,0.75,52,3.7115384615384617,1.4230769230769231,30.975,1365,,,,,,,,,,,,,,,,,,,,,,,,,,,
37,A,participants_only,,,30,30,0,0,26,4,0.36555368843088587,0.24867551048531256,0.8501392040843565,0.049072236587083,249,30,1.0,52,3.7115384615384617,1.4230769230769231,24.633333333333333,1365,,,,,,,,,,,,,,,,,,,,,,,,,,,
37,A,nonparticipants_only,,,10,0,10,0,0,0,0.19011341550837488,0.17816636978831285,0.43051497387103566,0.003427669926600612,0,0,0.0,0,0.0,0.0,50.0,0,,,,,,,,,,,,,,,,,,,,,,,,,,,
37,A,step_totals,,,,,,,,,,,,,,,,,,,,,82.6000000000001,,,56.0,0.6779661016949144,16.0,0.19370460048426127,0.0,0.0,0.010618467708320528,0.07142857142857142,0.0,0,4,17,20,,56,32,32,6.000000000000003,0.07263922518159802,4.600000000000001,0.05569007263922514,30,23,40
38,A,all_agents,,,40,30,10,0,26,4,0.3241136763428278,0.22747154568070127,0.8561336359209822,0.04454023145066679,257,30,0.75,52,3.7115384615384617,1.4230769230769231,31.1,1405,,,,,,,,,,,,,,,,,,,,,,,,,,,
38,A,participants_only,,,30,30,0,0,26,4,0.368586795459799,0.24743213293288596,0.8561336359209822,0.050369002300030004,257,30,1.0,52,3.7115384615384617,1.4230769230769231,24.8,1405,,,,,,,,,,,,,,,,,,,,,,,,,,,
38,A,nonparticipants_only,,,10,0,10,0,0,0,0.19069431899191433,0.17876586731172922,0.4283623990016805,0.003319619014669473,0,0,0.0,0,0.0,0.0,50.0,0,,,,,,,,,,,,,,,,,,,,,,,,,,,
38,A,step_totals,,,,,,,,,,,,,,,,,,,,,75.90000000000006,,,51.0,0.6719367588932801,14.5,0.1910408432147561,0.0,0.0,0.01024009608711734,0.1568627450980392,0.0,0,8,18,38,,51,29,29,6.000000000000003,0.07905138339920946,4.400000000000001,0.05797101449275359,30,22,30
39,A,all_agents,,,40,30,10,0,25,5,0.3270056588595833,0.22714289634624024,0.861888290484143,0.04557281015406314,262,30,0.75,52,3.7115384615384617,1.4230769230769231,30.975,1449,,,,,,,,,,,,,,,,,,,,,,,,,,,
39,A,participants_only,,,30,30,0,0,25,5,0.3722503904021385,0.2534549233258416,0.861888290484143,0.051504056987031956,262,30,1.0,52,3.7115384615384617,1.4230769230769231,24.633333333333333,1449,,,,,,,,,,,,,,,,,,,,,,,,,,,
39,A,nonparticipants_only,,,10,0,10,0,0,0,0.19127146423191776,0.18008545890560232,0.4262205870066721,0.003214040866862036,0,0,0.0,0,0.0,0.0,50.0,0,,,,,,,,,,,,,,,,,,,,,,,,,,,
39,A,step_totals,,,,,,,,,,,,,,,,,,,,,81.90000000000009,,,56.0,0.683760683760683,15.5,0.18925518925518905,0.0,0.0,0.010784064733921963,0.08928571428571429,0.0,0,5,18,19,,56,31,31,6.000000000000003,0.07326007326007321,4.400000000000001,0.05372405372405368,30,22,40
40,A,all_agents,,,40,30,10,0,25,5,0.3292212778273462,0.22828067591673107,0.8674127588647772,0.046598598897708024,266,30,0.75,52,3.7115384615384617,1.4230769230769231,31.1,1488,,,,,,,,,,,,,,,,,,,,,,,,,,,
40,A,participants_only,,,30,30,0,0,25,5,0.37501338961556036,0.2527382622203136,0.8674127588647772,0.05270691643342459,266,30,1.0,52,3.7115384615384617,1.4230769230769231,24.8,1488,,,,,,,,,,,,,,,,,,,,,,,,,,,
40,A,nonparticipants_only,,,10,0,10,0,0,0,0.19184494246270362,0.18128659602853947,0.4240894840716387,0.003110636266266684,0,0,0.0,0,0.0,0.0,50.0,0,,,,,,,,,,,,,,,,,,,,,,,,,,,
40,A,step_totals,,,,,,,,,,,,,,,,,,,,,75.40000000000008,,,51.0,0.6763925729442964,14.0,0.1856763925729441,0.0,0.0,0.009704286960673813,0.0784313725490196,0.0,0,4,18,38,,51,28,29,6.000000000000003,0.07957559681697608,4.400000000000001,0.05835543766578245,30,22,30
40,A,reachability,0.2,0.0,,,,,,,,,,,,,,,,,,,,,,,,,,,,,,,,,,,,,,,,,,,,,
41,A,all_agents,,,40,30,10,0,25,5,0.3321216085998797,0.2291859895955256,0.8727162485101861,0.04757306969543045,275,30,0.75,52,3.7115384615384617,1.4230769230769231,30.975,1534,,,,,,,,,,,,,,,,,,,,,,,,,,,
41,A,participants_only,,,30,30,0,0,25,5,0.37869087246401534,0.2601299622887691,0.8727162485101861,0.0537516793574727,275,30,1.0,52,3.7115384615384617,1.4230769230769231,24.633333333333333,1534,,,,,,,,,,,,,,,,,,,,,,,,,,,
41,A,nonparticipants_only,,,10,0,10,0,0,0,0.19241381700747295,0.1830794715737757,0.4219690366512805,0.0030128846671338906,0,0,0.0,0,0.0,0.0,50.0,0,,,,,,,,,,,,,,,,,,,,,,,,,,,
41,A,step_totals,,,,,,,,,,,,,,,,,,,,,80.50000000000007,,,56.0,0.6956521739130429,14.5,0.1801242236024843,0.0,0.0,0.01104398407587172,0.16071428571428573,0.0,0,9,20,17,,56,29,31,6.000000000000003,0.0745341614906832,4.000000000000001,0.04968944099378879,30,20,40
42,A,all_agents,,,40,30,10,0,25,5,0.33453243177418124,0.22863194137405568,0.8778075985697787,0.04862303481113022,282,30,0.75,52,3.7115384615384617,1.4230769230769231,31.1,1578,,,,,,,,,,,,,,,,,,,,,,,,,,,
42,A,participants_only,,,30,30,0,0,25,5,0.3817169520046733,0.2589348252001199,0.8778075985697787,0.05495253430765887,282,30,1.0,52,3.7115384615384617,1.4230769230769231,24.8,1578,,,,,,,,,,,,,,,,,,,,,,,,,,,
42,A,nonparticipants_only,,,10,0,10,0,0,0,0.192978871082705,0.18321773624306703,0.4198591914680241,0.002917988928963668,0,0,0.0,0,0.0,0.0,50.0,0,,,,,,,,,,,,,,,,,,,,,,,,,,,
42,A,step_totals,,,,,,,,,,,,,,,,,,,,,75.60000000000008,,,51.0,0.6746031746031739,14.0,0.18518518518518498,0.0,0.0,0.010327609640177239,0.13725490196078433,0.0,0,7,17,38,,51,28,29,6.000000000000003,0.07936507936507932,4.600000000000001,0.0608465608465608,30,23,29
43,A,all_agents,,,40,30,10,0,24,6,0.33729183260505197,0.22770176311202756,0.8826952946269876,0.04960106336307393,290,30,0.75,52,3.7115384615384617,1.4230769230769231,30.975,1624,,,,,,,,,,,,,,,,,,,,,,,,,,,
43,A,participants_only,,,30,30,0,0,24,6,0.38520911840417127,0.2623616094942068,0.8826952946269876,0.05600831870095981,290,30,1.0,52,3.7115384615384617,1.4230769230769231,24.633333333333333,1624,,,,,,,,,,,,,,,,,,,,,,,,,,,
43,A,nonparticipants_only,,,10,0,10,0,0,0,0.19353997520769406,0.18415019724427903,0.417759895510684,0.002826502009162536,0,0,0.0,0,0.0,0.0,50.0,0,,,,,,,,,,,,,,,,,,,,,,,,,,,
43,A,step_totals,,,,,,,,,,,,,,,,,,,,,80.50000000000006,,,56.0,0.695652173913043,14.5,0.18012422360248434,0.0,0.0,0.010646850258210076,0.14285714285714285,0.0,0,8,20,17,,56,29,32,6.000000000000003,0.0745341614906832,4.000000000000001,0.049689440993788796,30,20,40
44,A,all_agents,,,40,30,10,0,23,7,0.3396966074867304,0.22803427687269878,0.887387482841908,0.05064657040321613,299,30,0.75,52,3.7115384615384617,1.4230769230769231,31.1,1670,,,,,,,,,,,,,,,,,,,,,,,,,,,
44,A,participants_only,,,30,30,0,0,23,7,0.38822953863714127,0.26393056106473,0.887387482841908,0.057194998182891144,299,30,1.0,52,3.7115384615384617,1.4230769230769231,24.8,1670,,,,,,,,,,,,,,,,,,,,,,,,,,,
44,A,nonparticipants_only,,,10,0,10,0,0,0,0.1940978140354977,0.18558586022059853,0.41567109603313057,0.002735942191584781,0,0,0.0,0,0.0,0.0,50.0,0,,,,,,,,,,,,,,,,,,,,,,,,,,,
44,A,step_totals,,,,,,,,,,,,,,,,,,,,,75.40000000000008,,,51.0,0.6763925729442964,14.0,0.1856763925729441,0.0,0.0,0.010367057775701228,0.17647058823529413,0.0,0,9,18,38,,51,28,29,6.000000000000003,0.07957559681697608,4.400000000000001,0.05835543766578245,30,22,28
45,A,all_agents,,,40,30,10,0,21,9,0.3423017475352634,0.2276911734832907,0.8918919835282317,0.051582267373896325,301,30,0.75,52,3.7115384615384617,1.4230769230769231,30.975,1716,,,,,,,,,,,,,,,,,,,,,,,,,,,
45,A,participants_only,,,30,30,0,0,21,9,0.3915184845604708,0.263577572917268,0.8918919835282317,0.05820407652701679,301,30,1.0,52,3.7115384615384617,1.4230769230769231,24.633333333333333,1716,,,,,,,,,,,,,,,,,,,,,,,,,,,
45,A,nonparticipants_only,,,10,0,10,0,0,0,0.19465153645964145,0.1880268910182715,0.4135927405529649,0.0026493934736339596,0,0,0.0,0,0.0,0.0,50.0,0,,,,,,,,,,,,,,,,,,,,,,,,,,,
45,A,step_totals,,,,,,,,,,,,,,,,,,,,,80.50000000000009,,,56.0,0.6956521739130428,14.5,0.18012422360248428,0.0,0.0,0.010209732034770694,0.03571428571428571,0.0,0,2,20,17,,56,29,31,6.000000000000003,0.07453416149068319,4.000000000000001,0.049689440993788775,30,20,39
46,A,all_agents,,,40,30,10,0,21,9,0.34430504093176595,0.22685612368520647,0.8962163041871025,0.052534890811849665,307,30,0.75,52,3.7115384615384617,1.4230769230769231,31.1,1758,,,,,,,,,,,,,,,,,,,,,,,,,,,
46,A,participants_only,,,30,30,0,0,21,9,0.39400637047786075,0.26373936321727853,0.8962163041871025,0.05930985147520904,307,30,1.0,52,3.7115384615384617,1.4230769230769231,24.8,1758,,,,,,,,,,,,,,,,,,,,,,,,,,,
46,A,nonparticipants_only,,,10,0,10,0,0,0,0.19520105229348148,0.18835797434186008,0.41152477685020006,0.002567342917977314,0,0,0.0,0,0.0,0.0,50.0,0,,,,,,,,,,,,,,,,,,,,,,,,,,,
46,A,step_totals,,,,,,,,,,,,,,,,,,,,,75.40000000000008,,,51.0,0.6763925729442964,14.0,0.1856763925729441,0.0,0.0,0.009115379929193161,0.11764705882352941,0.0,0,6,18,38,,51,28,29,6.000000000000003,0.07957559681697608,4.400000000000001,0.05835543766578245,30,22,28
47,A,all_agents,,,40,30,10,0,21,9,0.34690463662112875,0.22995133698729187,0.9003676520196184,0.053492456465963664,316,30,0.75,52,3.7115384615384617,1.4230769230769231,30.975,1806,,,,,,,,,,,,,,,,,,,,,,,,,,,
47,A,participants_only,,,30,30,0,0,21,9,0.39729041391070236,0.2652690452015889,0.9003676520196184,0.06033958887450676,316,30,1.0,52,3.7115384615384617,1.4230769230769231,24.633333333333333,1806,,,,,,,,,,,,,,,,,,,,,,,,,,,
47,A,nonparticipants_only,,,10,0,10,0,0,0,0.19574730475240806,0.18872281165558435,0.40946715296594904,0.002486340603440294,0,0,0.0,0,0.0,0.0,50.0,0,,,,,,,,,,,,,,,,,,,,,,,,,,,
47,A,step_totals,,,,,,,,,,,,,,,,,,,,,80.50000000000007,,,56.0,0.6956521739130429,14.5,0.1801242236024843,0.0,0.0,0.010213304955058901,0.16071428571428573,0.0,0,9,20,17,,56,29,31,6.000000000000003,0.0745341614906832,4.000000000000001,0.04968944099378879,30,20,39
48,A,all_agents,,,40,30,10,0,21,9,0.3489602233401874,0.2288015803023554,0.9043529459388338,0.05443912097215315,321,30,0.75,52,3.7115384615384617,1.4230769230769231,31.1,1850,,,,,,,,,,,,,,,,,,,,,,,,,,,
48,A,participants_only,,,30,30,0,0,21,9,0.399850373112303,0.2663553125802046,0.9043529459388338,0.06142346908010713,321,30,1.0,52,3.7115384615384617,1.4230769230769231,24.8,1850,,,,,,,,,,,,,,,,,,,,,,,,,,,
48,A,nonparticipants_only,,,10,0,10,0,0,0,0.19628977402384054,0.1891704353933193,0.4074198172011193,0.002408388522350894,0,0,0.0,0,0.0,0.0,50.0,0,,,,,,,,,,,,,,,,,,,,,,,,,,,
48,A,step_totals,,,,,,,,,,,,,,,,,,,,,74.40000000000008,,,51.0,0.6854838709677412,13.0,0.17473118279569874,0.0,0.0,0.009465170306800861,0.09803921568627451,0.0,0,5,18,37,,51,26,29,6.000000000000003,0.08064516129032254,4.400000000000001,0.059139784946236514,30,22,28
49,A,all_agents,,,40,30,10,0,21,9,0.3509800642807793,0.2290090336202355,0.9081788281012804,0.05530066381979074,327,30,0.75,52,3.7115384615384617,1.4230769230769231,30.975,1891,,,,,,,,,,,,,,,,,,,,,,,,,,,
49,A,participants_only,,,30,30,0,0,21,9,0.40236384472186576,0.26606860807744004,0.9081788281012804,0.06239555166765199,327,30,1.0,52,3.7115384615384617,1.4230769230769231,24.633333333333333,1891,,,,,,,,,,,,,,,,,,,,,,,,,,,
49,A,nonparticipants_only,,,10,0,10,0,0,0,0.19682872295752005,0.18970588879477063,0.4053827181151137,0.002332485567193678,0,0,0.0,0,0.0,0.0,50.0,0,,,,,,,,,,,,,,,,,,,,,,,,,,,
49,A,step_totals,,,,,,,,,,,,,,,,,,,,,79.50000000000007,,,56.0,0.7044025157232698,13.5,0.16981132075471683,0.0,0.0,0.008636531404691344,0.10714285714285714,0.0,0,6,21,15,,56,27,30,6.000000000000003,0.07547169811320752,4.000000000000001,0.050314465408805,30,20,39
50,A,all_agents,,,40,30,10,0,21,9,0.3528223829353102,0.22872311421861574,0.9118516749772292,0.0561707957317653,331,30,0.75,52,3.7115384615384617,1.4230769230769231,31.1,1933,,,,,,,,,,,,,,,,,,,,,,,,,,,
50,A,participants_only,,,30,30,0,0,21,9,0.4046418887414082,0.2685655882794965,0.9118516749772292,0.06340009201539554,331,30,1.0,52,3.7115384615384617,1.4230769230769231,24.8,1933,,,,,,,,,,,,,,,,,,,,,,,,,,,
50,A,nonparticipants_only,,,10,0,10,0,0,0,0.19736386551701618,0.19114409109332298,0.4033558045245382,0.002259772697015865,0,0,0.0,0,0.0,0.0,50.0,0,,,,,,,,,,,,,,,,,,,,,,,,,,,
50,A,step_totals,,,,,,,,,,,,,,,,,,,,,74.40000000000006,,,51.0,0.6854838709677413,13.0,0.17473118279569877,0.0,0.0,0.00879877412219519,0.0784313725490196,0.0,0,4,18,37,,51,26,29,6.000000000000003,0.08064516129032255,4.400000000000001,0.05913978494623653,30,22,28
50,A,reachability,0.2,0.0,,,,,,,,,,,,,,,,,,,,,,,,,,,,,,,,,,,,,,,,,,,,,
51,A,all_agents,,,40,30,10,0,21,9,0.35492788810401316,0.23004324693668654,0.91537760797814,0.057070655827215676,340,30,0.75,52,3.7115384615384617,1.4230769230769231,30.975,1979,,,,,,,,,,,,,,,,,,,,,,,,,,,
51,A,participants_only,,,30,30,0,0,21,9,0.4072721023919997,0.2710115591538449,0.91537760797814,0.0644044839908355,340,30,1.0,52,3.7115384615384617,1.4230769230769231,24.633333333333333,1979,,,,,,,,,,,,,,,,,,,,,,,,,,,
51,A,nonparticipants_only,,,10,0,10,0,0,0,0.1978952452400535,0.1926730347450116,0.40133902550191547,0.0021901701032363374,0,0,0.0,0,0.0,0.0,50.0,0,,,,,,,,,,,,,,,,,,,,,,,,,,,
51,A,step_totals,,,,,,,,,,,,,,,,,,,,,78.30000000000007,,,56.0,0.7151979565772663,12.5,0.15964240102171123,0.0,0.0,0.009081678492129604,0.16071428571428573,0.0,0,9,22,15,,56,25,30,6.000000000000003,0.07662835249042142,3.800000000000001,0.048531289910600225,30,19,38
52,A,all_agents,,,40,30,10,0,21,9,0.35671503600270726,0.22977769476221804,0.9187625036590145,0.05793307935183784,348,30,0.75,52,3.7115384615384617,1.4230769230769231,31.1,2022,,,,,,,,,,,,,,,,,,,,,,,,,,,
52,A,participants_only,,,30,30,0,0,21,9,0.4094789119809746,0.2706268195899971,0.9187625036590145,0.06540076482033987,348,30,1.0,52,3.7115384615384617,1.4230769230769231,24.8,2022,,,,,,,,,,,,,,,,,,,,,,,,,,,
52,A,nonparticipants_only,,,10,0,10,0,0,0,0.19842340806790537,0.19247756497200483,0.3993323303744059,0.002121703647332089,0,0,0.0,0,0.0,0.0,50.0,0,,,,,,,,,,,,,,,,,,,,,,,,,,,
52,A,step_totals,,,,,,,,,,,,,,,,,,,,,74.20000000000007,,,51.0,0.6873315363881395,13.0,0.17520215633423164,0.0,0.0,0.008667938568224528,0.1568627450980392,0.0,0,8,19,37,,51,26,29,6.000000000000003,0.08086253369272232,4.200000000000001,0.05660377358490562,30,21,27
53,A,all_agents,,,40,30,10,0,21,9,0.3586276318439616,0.23118159862888463,0.9220120035126539,0.05877563206662584,357,30,0.75,52,3.7115384615384617,1.4230769230769231,30.975,2066,,,,,,,,,,,,,,,,,,,,,,,,,,,
53,A,participants_only,,,30,30,0,0,21,9,0.4118542407472951,0.2702894015267464,0.9220120035126539,0.06634975070939159,357,30,1.0,52,3.7115384615384617,1.4230769230769231,24.633333333333333,2066,,,,,,,,,,,,,,,,,,,,,,,,,,,
53,A,nonparticipants_only,,,10,0,10,0,0,0,0.19894780513396126,0.1933814592667759,0.3973356687225339,0.0020564133941475852,0,0,0.0,0,0.0,0.0,50.0,0,,,,,,,,,,,,,,,,,,,,,,,,,,,
53,A,step_totals,,,,,,,,,,,,,,,,,,,,,78.00000000000007,,,56.0,0.7179487179487173,12.0,0.15384615384615372,0.0,0.0,0.008554276991444287,0.16071428571428573,0.0,0,9,21,15,,56,24,30,6.000000000000003,0.07692307692307689,4.000000000000001,0.051282051282051246,30,20,38
54,A,all_agents,,,40,30,10,0,21,9,0.36047593572491976,0.23171697650701045,0.9251315233721478,0.05965467714481972,363,30,0.75,52,3.7115384615384617,1.4230769230769231,31.1,2113,,,,,,,,,,,,,,,,,,,,,,,,,,,
54,A,participants_only,,,30,30,0,0,21,9,0.4141449633797551,0.2715074777783285,0.9251315233721478,0.06735383163474673,363,30,1.0,52,3.7115384615384617,1.4230769230769231,24.8,2113,,,,,,,,,,,,,,,,,,,,,,,,,,,
54,A,nonparticipants_only,,,10,0,10,0,0,0,0.19946885276041376,0.19349050198202883,0.39534899037892124,0.0019928393220529543,0,0,0.0,0,0.0,0.0,50.0,0,,,,,,,,,,,,,,,,,,,,,,,,,,,
54,A,step_totals,,,,,,,,,,,,,,,,,,,,,73.70000000000007,,,51.0,0.6919945725915868,12.5,0.16960651289009482,0.0,0.0,0.008963496946574527,0.11764705882352941,0.0,0,6,19,36,,51,25,28,6.000000000000003,0.08141112618724554,4.200000000000001,0.05698778833107187,30,21,27
55,A,all_agents,,,40,30,10,0,21,9,0.3626225886620746,0.23230440295891353,0.9281262624372618,0.06055389682923865,369,30,0.75,52,3.7115384615384617,1.4230769230769231,30.975,2163,,,,,,,,,,,,,,,,,,,,,,,,,,,
55,A,participants_only,,,30,30,0,0,21,9,0.41683462251016573,0.2714850236625841,0.9281262624372618,0.06833899047111343,369,30,1.0,52,3.7115384615384617,1.4230769230769231,24.633333333333333,2163,,,,,,,,,,,,,,,,,,,,,,,,,,,
55,A,nonparticipants_only,,,10,0,10,0,0,0,0.1999864871178014,0.19383644730422067,0.39337224542702665,0.0019312805362555017,0,0,0.0,0,0.0,0.0,50.0,0,,,,,,,,,,,,,,,,,,,,,,,,,,,
55,A,step_totals,,,,,,,,,,,,,,,,,,,,,78.00000000000007,,,56.0,0.7179487179487173,12.0,0.15384615384615372,0.0,0.0,0.009293833347603067,0.10714285714285714,0.0,0,6,21,15,,56,24,29,6.000000000000003,0.07692307692307689,4.000000000000001,0.051282051282051246,30,20,36
56,A,all_agents,,,40,30,10,0,21,9,0.364048200615562,0.23196698073719516,0.9310012119397714,0.06131948564064028,373,30,0.75,52,3.7115384615384617,1.4230769230769231,31.1,2204,,,,,,,,,,,,,,,,,,,,,,,,,,,
56,A,participants_only,,,30,30,0,0,21,9,0.4185641283224378,0.2719197157639384,0.9310012119397714,0.06924708883530437,373,30,1.0,52,3.7115384615384617,1.4230769230769231,24.8,2204,,,,,,,,,,,,,,,,,,,,,,,,,,,
56,A,nonparticipants_only,,,10,0,10,0,0,0,0.20050041749493472,0.19608096285629728,0.3914053841998915,0.001872839571752388,0,0,0.0,0,0.0,0.0,50.0,0,,,,,,,,,,,,,,,,,,,,,,,,,,,
56,A,step_totals,,,,,,,,,,,,,,,,,,,,,73.20000000000007,,,51.0,0.6967213114754092,12.0,0.16393442622950802,0.0,0.0,0.007683598587895139,0.0784313725490196,0.0,0,4,19,36,,51,24,28,6.000000000000003,0.08196721311475405,4.200000000000001,0.05737704918032783,30,21,27
57,A,all_agents,,,40,30,10,0,18,12,0.3659896340864422,0.23122249715311352,0.9337611634621805,0.062122669447505136,382,30,0.75,52,3.7115384615384617,1.4230769230769231,30.975,2252,,,,,,,,,,,,,,,,,,,,,,,,,,,
57,A,participants_only,,,30,30,0,0,18,12,0.42098248532229404,0.27411899630963454,0.9337611634621805,0.0701280622064259,382,30,1.0,52,3.7115384615384617,1.4230769230769231,24.633333333333333,2252,,,,,,,,,,,,,,,,,,,,,,,,,,,
57,A,nonparticipants_only,,,10,0,10,0,0,0,0.20101108037888685,0.19587584427632745,0.38944835727889204,0.0018159269261605567,0,0,0.0,0,0.0,0.0,50.0,0,,,,,,,,,,,,,,,,,,,,,,,,,,,
57,A,step_totals,,,,,,,,,,,,,,,,,,,,,77.50000000000007,,,56.0,0.7225806451612896,11.5,0.1483870967741934,0.0,0.0,0.008746904582688578,0.16071428571428573,0.0,0,9,22,15,,56,23,29,6.000000000000003,0.07741935483870964,4.000000000000001,0.05161290322580642,30,20,36
58,A,all_agents,,,40,30,10,0,18,12,0.3675519056760627,0.23133974644695013,0.9364107169236933,0.06292597770877487,388,30,0.75,52,3.7115384615384617,1.4230769230769231,31.1,2298,,,,,,,,,,,,,,,,,,,,,,,,,,,
58,A,participants_only,,,30,30,0,0,18,12,0.42289644974725826,0.27606419094603435,0.9364107169236933,0.07106210377575103,388,30,1.0,52,3.7115384615384617,1.4230769230769231,24.8,2298,,,,,,,,,,,,,,,,,,,,,,,,,,,
58,A,nonparticipants_only,,,10,0,10,0,0,0,0.20151827346247606,0.19568711894045354,0.3875011154924976,0.0017613768064642515,0,0,0.0,0,0.0,0.0,50.0,0,,,,,,,,,,,,,,,,,,,,,,,,,,,
58,A,step_totals,,,,,,,,,,,,,,,,,,,,,73.20000000000006,,,51.0,0.6967213114754093,12.0,0.16393442622950807,0.0,0.0,0.008153744570632688,0.11764705882352941,0.0,0,6,19,36,,51,24,27,6.000000000000003,0.08196721311475406,4.200000000000001,0.057377049180327835,30,21,27
59,A,all_agents,,,40,30,10,0,17,13,0.3691890161885639,0.23018304771471537,0.9389542882467455,0.06375281255512441,395,30,0.75,52,3.7115384615384617,1.4230769230769231,30.975,2345,,,,,,,,,,,,,,,,,,,,,,,,,,,
59,A,participants_only,,,30,30,0,0,17,13,0.4249112765454789,0.2764902434332012,0.9389542882467455,0.07201439627482377,395,30,1.0,52,3.7115384615384617,1.4230769230769231,24.633333333333333,2345,,,,,,,,,,,,,,,,,,,,,,,,,,,
59,A,nonparticipants_only,,,10,0,10,0,0,0,0.20202223511781894,0.19655982550654372,0.38556360991503513,0.0017084178046204977,0,0,0.0,0,0.0,0.0,50.0,0,,,,,,,,,,,,,,,,,,,,,,,,,,,
59,A,step_totals,,,,,,,,,,,,,,,,,,,,,75.80000000000007,,,56.0,0.7387862796833766,10.0,0.13192612137203155,0.0,0.0,0.00804291202793441,0.125,0.0,0,7,23,14,,56,20,29,6.000000000000003,0.07915567282321896,3.800000000000001,0.050131926121372,30,19,36
60,A,all_agents,,,40,30,10,0,18,12,0.3707430287578386,0.23295216134047075,0.9413961167168757,0.06452856613609123,400,30,0.75,52,3.7115384615384617,1.4230769230769231,31.1,2392,,,,,,,,,,,,,,,,,,,,,,,,,,,
60,A,participants_only,,,30,30,0,0,18,12,0.42681637144367274,0.27648892955962245,0.9413961167168757,0.0729089032748796,400,30,1.0,52,3.7115384615384617,1.4230769230769231,24.8,2392,,,,,,,,,,,,,,,,,,,,,,,,,,,
60,A,nonparticipants_only,,,10,0,10,0,0,0,0.20252300070033621,0.1968642395527525,0.38363579186545993,0.0016569176001702652,0,0,0.0,0,0.0,0.0,50.0,0,,,,,,,,,,,,,,,,,,,,,,,,,,,
60,A,step_totals,,,,,,,,,,,,,,,,,,,,,73.20000000000006,,,51.0,0.6967213114754093,12.0,0.16393442622950807,0.0,0.0,0.008148940613977152,0.09803921568627451,0.0,0,5,19,36,,51,24,26,6.000000000000003,0.08196721311475406,4.200000000000001,0.057377049180327835,30,21,27
60,A,reachability,0.2,0.0,,,,,,,,,,,,,,,,,,,,,,,,,,,,,,,,,,,,,,,,,,,,,
61,A,all_agents,,,40,30,10,0,17,13,0.37243627801296486,0.23264093102753114,0.9437402720482007,0.06531674792952896,406,30,0.75,52,3.7115384615384617,1.4230769230769231,30.975,2439,,,,,,,,,,,,,,,,,,,,,,,,,,,
61,A,participants_only,,,30,30,0,0,17,13,0.4289083663602558,0.2766367298215726,0.9437402720482007,0.07379630346466988,406,30,1.0,52,3.7115384615384617,1.4230769230769231,24.633333333333333,2439,,,,,,,,,,,,,,,,,,,,,,,,,,,
61,A,nonparticipants_only,,,10,0,10,0,0,0,0.20302001297109198,0.1979114673768516,0.38171761290613265,0.0016089201764554156,0,0,0.0,0,0.0,0.0,50.0,0,,,,,,,,,,,,,,,,,,,,,,,,,,,
61,A,step_totals,,,,,,,,,,,,,,,,,,,,,75.80000000000007,,,56.0,0.7387862796833766,10.0,0.13192612137203155,0.0,0.0,0.008235351164778618,0.10714285714285714,0.0,0,6,23,13,,56,20,28,6.000000000000003,0.07915567282321896,3.800000000000001,0.050131926121372,30,19,34
62,A,all_agents,,,40,30,10,0,17,13,0.373872091860403,0.23312195589579873,0.9459906611662726,0.06605698325609814,415,30,0.75,52,3.7115384615384617,1.4230769230769231,31.1,2486,,,,,,,,,,,,,,,,,,,,,,,,,,,
62,A,participants_only,,,30,30,0,0,17,13,0.4306580410268209,0.2752535461724647,0.9459906611662726,0.07465707877957556,415,30,1.0,52,3.7115384615384617,1.4230769230769231,24.8,2486,,,,,,,,,,,,,,,,,,,,,,,,,,,
62,A,nonparticipants_only,,,10,0,10,0,0,0,0.20351424436114893,0.1992110620002505,0.379809024841602,0.0015609684128938175,0,0,0.0,0,0.0,0.0,50.0,0,,,,,,,,,,,,,,,,,,,,,,,,,,,
62,A,step_totals,,,,,,,,,,,,,,,,,,,,,72.20000000000007,,,51.0,0.7063711911357333,11.0,0.15235457063711896,0.0,0.0,0.00792427755639651,0.17647058823529413,0.0,0,9,20,35,,51,22,25,6.000000000000003,0.0831024930747922,4.200000000000001,0.05817174515235453,30,21,26
63,A,all_agents,,,40,30,10,0,17,13,0.3753122922356315,0.23201156205595005,0.9481510347196217,0.06680207736548774,425,30,0.75,52,3.7115384615384617,1.4230769230769231,30.975,2531,,,,,,,,,,,,,,,,,,,,,,,,,,,
63,A,participants_only,,,30,30,0,0,17,13,0.4324146682563343,0.27613958743357103,0.9481510347196217,0.07552169051530562,425,30,1.0,52,3.7115384615384617,1.4230769230769231,24.633333333333333,2531,,,,,,,,,,,,,,,,,,,,,,,,,,,
63,A,nonparticipants_only,,,10,0,10,0,0,0,0.2040051641735233,0.19923517495884752,0.377909979717394,0.0015150617495173783,0,0,0.0,0,0.0,0.0,50.0,0,,,,,,,,,,,,,,,,,,,,,,,,,,,
63,A,step_totals,,,,,,,,,,,,,,,,,,,,,75.30000000000008,,,56.0,0.7436918990703844,9.5,0.12616201859229734,0.0,0.0,0.007511353552150512,0.17857142857142858,0.0,0,10,24,13,,56,19,27,6.000000000000003,0.07968127490039835,3.800000000000001,0.05046480743691895,30,19,32
64,A,all_agents,,,40,30,10,0,17,13,0.37671484059608246,0.23189444422483443,0.9502249933308369,0.06754395331718734,431,30,0.75,52,3.7115384615384617,1.4230769230769231,31.1,2579,,,,,,,,,,,,,,,,,,,,,,,,,,,
64,A,participants_only,,,30,30,0,0,17,13,0.4341221270051562,0.27475888949640315,0.9502249933308369,0.07638605725269382,431,30,1.0,52,3.7115384615384617,1.4230769230769231,24.8,2579,,,,,,,,,,,,,,,,,,,,,,,,,,,
64,A,nonparticipants_only,,,10,0,10,0,0,0,0.20449298136886127,0.19977957563680102,0.376020429818807,0.0014704831164268242,0,0,0.0,0,0.0,0.0,50.0,0,,,,,,,,,,,,,,,,,,,,,,,,,,,
64,A,step_totals,,,,,,,,,,,,,,,,,,,,,72.20000000000006,,,51.0,0.7063711911357334,11.0,0.152354570637119,0.0,0.0,0.00782856227416979,0.11764705882352941,0.0,0,6,20,35,,51,22,25,6.000000000000003,0.08310249307479221,4.200000000000001,0.058171745152354536,30,21,25
65,A,all_agents,,,40,30,10,0,17,13,0.3781120046846245,0.23081653789420714,0.9522159935976034,0.06829254761054201,438,30,0.75,52,3.7115384615384617,1.4230769230769231,30.975,2626,,,,,,,,,,,,,,,,,,,,,,,,,,,
65,A,participants_only,,,30,30,0,0,17,13,0.4358235918624758,0.27338509504892117,0.9522159935976034,0.07725791273974644,438,30,1.0,52,3.7115384615384617,1.4230769230769231,24.633333333333333,2626,,,,,,,,,,,,,,,,,,,,,,,,,,,
65,A,nonparticipants_only,,,10,0,10,0,0,0,0.20497724315107063,0.20010112093302693,0.374140327669713,0.0014289246878879454,0,0,0.0,0,0.0,0.0,50.0,0,,,,,,,,,,,,,,,,,,,,,,,,,,,
65,A,step_totals,,,,,,,,,,,,,,,,,,,,,75.30000000000007,,,56.0,0.7436918990703845,9.5,0.12616201859229736,0.0,0.0,0.007388620715194762,0.125,0.0,0,7,24,13,,56,19,27,6.000000000000003,0.07968127490039836,3.800000000000001,0.05046480743691896,30,19,32
66,A,all_agents,,,40,30,10,0,17,13,0.3794303209525473,0.23162370955635975,0.9541273538536993,0.06897039261141526,443,30,0.75,52,3.7115384615384617,1.4230769230769231,31.1,2673,,,,,,,,,,,,,,,,,,,,,,,,,,,
66,A,participants_only,,,30,30,0,0,17,13,0.43742105409426496,0.2720181695736765,0.9541273538536993,0.07804555812934258,443,30,1.0,52,3.7115384615384617,1.4230769230769231,24.8,2673,,,,,,,,,,,,,,,,,,,,,,,,,,,
66,A,nonparticipants_only,,,10,0,10,0,0,0,0.20545812152739445,0.20196837203320825,0.37226962603136443,0.0013897944938664115,0,0,0.0,0,0.0,0.0,50.0,0,,,,,,,,,,,,,,,,,,,,,,,,,,,
66,A,step_totals,,,,,,,,,,,,,,,,,,,,,72.20000000000006,,,51.0,0.7063711911357334,11.0,0.152354570637119,0.0,0.0,0.00756168677972042,0.09803921568627451,0.0,0,5,20,35,,51,22,25,6.000000000000003,0.08310249307479221,4.200000000000001,0.058171745152354536,30,21,25
67,A,all_agents,,,40,30,10,0,17,13,0.3809721559234275,0.23046559100857794,0.9559622596995513,0.06980784663306004,453,30,0.75,52,3.7115384615384617,1.4230769230769231,30.975,2725,,,,,,,,,,,,,,,,,,,,,,,,,,,
67,A,participants_only,,,30,30,0,0,17,13,0.43931738765589246,0.27065807872580816,0.9559622596995513,0.07901042808155316,453,30,1.0,52,3.7115384615384617,1.4230769230769231,24.633333333333333,2725,,,,,,,,,,,,,,,,,,,,,,,,,,,
67,A,nonparticipants_only,,,10,0,10,0,0,0,0.2059364607260327,0.20313017858726123,0.3704082779012076,0.0013501094966002932,0,0,0.0,0,0.0,0.0,50.0,0,,,,,,,,,,,,,,,,,,,,,,,,,,,
67,A,step_totals,,,,,,,,,,,,,,,,,,,,,74.10000000000007,,,56.0,0.7557354925775972,8.5,0.11470985155195672,0.0,0.0,0.00801983931563079,0.17857142857142858,0.0,0,10,24,13,,56,17,27,6.000000000000003,0.0809716599190283,3.600000000000001,0.04858299595141698,30,18,32
68,A,all_agents,,,40,30,10,0,17,13,0.38210018546493757,0.22982361874341817,0.9577237693115692,0.0704768583398312,462,30,0.75,52,3.7115384615384617,1.4230769230769231,31.1,2771,,,,,,,,,,,,,,,,,,,,,,,,,,,
68,A,participants_only,,,30,30,0,0,17,13,0.44066301429254723,0.2693047883321791,0.9577237693115692,0.07981341454868515,462,30,1.0,52,3.7115384615384617,1.4230769230769231,24.8,2771,,,,,,,,,,,,,,,,,,,,,,,,,,,
68,A,nonparticipants_only,,,10,0,10,0,0,0,0.20641169898210843,0.2031535765485454,0.36855623651170155,0.0013119306697663665,0,0,0.0,0,0.0,0.0,50.0,0,,,,,,,,,,,,,,,,,,,,,,,,,,,
68,A,step_totals,,,,,,,,,,,,,,,,,,,,,71.20000000000006,,,51.0,0.71629213483146,10.0,0.14044943820224706,0.0,0.0,0.007084411617516756,0.17647058823529413,0.0,0,9,20,36,,51,20,26,6.000000000000003,0.08426966292134828,4.200000000000001,0.058988764044943784,30,21,26
69,A,all_agents,,,40,30,10,0,17,13,0.3835046223225071,0.22867450064970107,0.9594148185391065,0.07130350828007864,470,30,0.75,52,3.7115384615384617,1.4230769230769231,30.975,2821,,,,,,,,,,,,,,,,,,,,,,,,,,,
69,A,participants_only,,,30,30,0,0,17,13,0.44237813857269986,0.26795826439051823,0.9594148185391065,0.0807821608798522,470,30,1.0,52,3.7115384615384617,1.4230769230769231,24.633333333333333,2821,,,,,,,,,,,,,,,,,,,,,,,,,,,
69,A,nonparticipants_only,,,10,0,10,0,0,0,0.2068840735719288,0.2036818346606551,0.36671345532914307,0.001274459492817475,0,0,0.0,0,0.0,0.0,50.0,0,,,,,,,,,,,,,,,,,,,,,,,,,,,
69,A,step_totals,,,,,,,,,,,,,,,,,,,,,73.80000000000007,,,56.0,0.7588075880758801,8.0,0.10840108401084,0.0,0.0,0.007627968130740678,0.14285714285714285,0.0,0,8,24,13,,56,16,26,6.000000000000003,0.08130081300813004,3.800000000000001,0.05149051490514902,30,19,31
70,A,all_agents,,,40,30,10,0,17,13,0.3846398381110987,0.22940087828932854,0.9610382257975423,0.07197367505246505,478,30,0.75,52,3.7115384615384617,1.4230769230769231,31.1,2869,,,,,,,,,,,,,,,,,,,,,,,,,,,
70,A,participants_only,,,30,30,0,0,17,13,0.4437354126079504,0.2666184730685657,0.9610382257975423,0.0815826143390489,478,30,1.0,52,3.7115384615384617,1.4230769230769231,24.8,2869,,,,,,,,,,,,,,,,,,,,,,,,,,,
70,A,nonparticipants_only,,,10,0,10,0,0,0,0.20735311462054348,0.20409309799443898,0.3648798880524973,0.0012394140913580805,0,0,0.0,0,0.0,0.0,50.0,0,,,,,,,,,,,,,,,,,,,,,,,,,,,
70,A,step_totals,,,,,,,,,,,,,,,,,,,,,71.20000000000006,,,51.0,0.71629213483146,10.0,0.14044943820224706,0.0,0.0,0.00712475358046642,0.1568627450980392,0.0,0,8,20,36,,51,20,26,6.000000000000003,0.08426966292134828,4.200000000000001,0.058988764044943784,30,21,26
70,A,reachability,0.225,0.0,,,,,,,,,,,,,,,,,,,,,,,,,,,,,,,,,,,,,,,,,,,,,
71,A,all_agents,,,40,30,10,0,17,13,0.385781494909935,0.2294228027275405,0.9625966967656406,0.07275658481347659,486,30,0.75,52,3.7115384615384617,1.4230769230769231,30.975,2918,,,,,,,,,,,,,,,,,,,,,,,,,,,
71,A,participants_only,,,30,30,0,0,17,13,0.4451022929572145,0.26528538070322283,0.9625966967656406,0.08253097687652863,486,30,1.0,52,3.7115384615384617,1.4230769230769231,24.633333333333333,2918,,,,,,,,,,,,,,,,,,,,,,,,,,,
71,A,nonparticipants_only,,,10,0,10,0,0,0,0.20781910076809662,0.20578101106302732,0.36305548861223486,0.0012059236527270415,0,0,0.0,0,0.0,0.0,50.0,0,,,,,,,,,,,,,,,,,,,,,,,,,,,
71,A,step_totals,,,,,,,,,,,,,,,,,,,,,73.10000000000007,,,56.0,0.766073871409028,7.5,0.10259917920656625,0.0,0.0,0.00686545028013563,0.14285714285714285,0.0,0,8,25,12,,56,15,26,6.000000000000003,0.08207934336525304,3.600000000000001,0.04924760601915182,30,18,29
72,A,all_agents,,,40,30,10,0,17,13,0.3866750301323073,0.22868460118136008,0.964092828895015,0.07334901128347208,495,30,0.75,52,3.7115384615384617,1.4230769230769231,31.1,2963,,,,,,,,,,,,,,,,,,,,,,,,,,,
72,A,participants_only,,,30,30,0,0,17,13,0.44613923213578055,0.2639589537997067,0.964092828895015,0.08326386143561562,495,30,1.0,52,3.7115384615384617,1.4230769230769231,24.8,2963,,,,,,,,,,,,,,,,,,,,,,,,,,,
72,A,nonparticipants_only,,,10,0,10,0,0,0,0.20828242412188736,0.20618274836808814,0.36124021116917365,0.0011725649881229316,0,0,0.0,0,0.0,0.0,50.0,0,,,,,,,,,,,,,,,,,,,,,,,,,,,
72,A,step_totals,,,,,,,,,,,,,,,,,,,,,71.20000000000007,,,51.0,0.7162921348314599,10.0,0.14044943820224703,0.0,0.0,0.006322194691167692,0.17647058823529413,0.0,0,9,20,36,,51,20,26,6.000000000000003,0.08426966292134827,4.200000000000001,0.05898876404494378,30,21,26
73,A,all_agents,,,40,30,10,0,17,13,0.387817348554836,0.2276924661978351,0.9655291157392144,0.07412044729515924,502,30,0.75,52,3.7115384615384617,1.4230769230769231,30.975,3013,,,,,,,,,,,,,,,,,,,,,,,,,,,
73,A,participants_only,,,30,30,0,0,17,13,0.4475088549762126,0.2626391590307081,0.9655291157392144,0.08419485740564914,502,30,1.0,52,3.7115384615384617,1.4230769230769231,24.633333333333333,3013,,,,,,,,,,,,,,,,,,,,,,,,,,,
73,A,nonparticipants_only,,,10,0,10,0,0,0,0.20874282929070623,0.2066094612244488,0.35943401011332776,0.0011403056974506394,0,0,0.0,0,0.0,0.0,50.0,0,,,,,,,,,,,,,,,,,,,,,,,,,,,
73,A,step_totals,,,,,,,,,,,,,,,,,,,,,72.90000000000006,,,56.0,0.7681755829903971,7.5,0.1028806584362139,0.0,0.0,0.00689387001635717,0.125,0.0,0,7,25,12,,56,15,26,6.000000000000003,0.08230452674897117,3.400000000000001,0.04663923182441698,30,17,29
74,A,all_agents,,,40,30,10,0,17,13,0.3886505148810049,0.22823724522837566,0.9669079511096458,0.0746785633266921,509,30,0.75,52,3.7115384615384617,1.4230769230769231,31.1,3057,,,,,,,,,,,,,,,,,,,,,,,,,,,
74,A,participants_only,,,30,30,0,0,17,13,0.4484672211955554,0.26132596323555457,0.9669079511096458,0.08488963127517246,509,30,1.0,52,3.7115384615384617,1.4230769230769231,24.8,3057,,,,,,,,,,,,,,,,,,,,,,,,,,,
74,A,nonparticipants_only,,,10,0,10,0,0,0,0.20920039593735348,0.2064378934015103,0.35763684006276114,0.0011088992293968075,0,0,0.0,0,0.0,0.0,50.0,0,,,,,,,,,,,,,,,,,,,,,,,,,,,
74,A,step_totals,,,,,,,,,,,,,,,,,,,,,71.20000000000007,,,51.0,0.7162921348314599,10.0,0.14044943820224703,0.0,0.0,0.006131450820291599,0.13725490196078433,0.0,0,7,20,36,,51,20,26,6.000000000000003,0.08426966292134827,4.200000000000001,0.05898876404494378,30,21,26
75,A,all_agents,,,40,30,10,0,17,13,0.3899110827175123,0.2282036864971367,0.96823163306526,0.07547711996348466,515,30,0.75,52,3.7115384615384617,1.4230769230769231,30.975,3110,,,,,,,,,,,,,,,,,,,,,,,,,,,
75,A,participants_only,,,30,30,0,0,17,13,0.4499964919378195,0.26001933341937683,0.96823163306526,0.0858353451988468,515,30,1.0,52,3.7115384615384617,1.4230769230769231,24.633333333333333,3110,,,,,,,,,,,,,,,,,,,,,,,,,,,
75,A,nonparticipants_only,,,10,0,10,0,0,0,0.20965485505659068,0.20741747502374758,0.35584865586244735,0.0010793674433369474,0,0,0.0,0,0.0,0.0,50.0,0,,,,,,,,,,,,,,,,,,,,,,,,,,,
75,A,step_totals,,,,,,,,,,,,,,,,,,,,,72.90000000000006,,,56.0,0.7681755829903971,7.5,0.1028806584362139,0.0,0.0,0.007289453365540883,0.10714285714285714,0.0,0,6,25,12,,56,15,25,6.000000000000003,0.08230452674897117,3.400000000000001,0.04663923182441698,30,17,28
76,A,all_agents,,,40,30,10,0,17,13,0.39085949233911443,0.2283474273367291,0.9695023677426495,0.07603589357122204,518,30,0.75,52,3.7115384615384617,1.4230769230769231,31.1,3157,,,,,,,,,,,,,,,,,,,,,,,,,,,
76,A,participants_only,,,30,30,0,0,17,13,0.4511104723958448,0.2587192367522799,0.9695023677426495,0.08651029183319695,518,30,1.0,52,3.7115384615384617,1.4230769230769231,24.8,3157,,,,,,,,,,,,,,,,,,,,,,,,,,,
76,A,nonparticipants_only,,,10,0,10,0,0,0,0.2101065521689232,0.2085701993788914,0.3540694125831351,0.0010505316117390058,0,0,0.0,0,0.0,0.0,50.0,0,,,,,,,,,,,,,,,,,,,,,,,,,,,
76,A,step_totals,,,,,,,,,,,,,,,,,,,,,71.20000000000007,,,51.0,0.7162921348314599,10.0,0.14044943820224703,0.0,0.0,0.006535252052226369,0.058823529411764705,0.0,0,3,20,36,,51,20,26,6.000000000000003,0.08426966292134827,4.200000000000001,0.05898876404494378,30,21,26
77,A,all_agents,,,40,30,10,0,17,13,0.39190969128270675,0.2287005054360964,0.9707222730329436,0.07668709617556276,525,30,0.75,52,3.7115384615384617,1.4230769230769231,30.975,3205,,,,,,,,,,,,,,,,,,,,,,,,,,,
77,A,participants_only,,,30,30,0,0,17,13,0.45236106480030136,0.2574256405685186,0.9707222730329436,0.08729126072921489,525,30,1.0,52,3.7115384615384617,1.4230769230769231,24.633333333333333,3205,,,,,,,,,,,,,,,,,,,,,,,,,,,
77,A,nonparticipants_only,,,10,0,10,0,0,0,0.21055557072992287,0.20971261477099784,0.35229906552021945,0.0010221797926414555,0,0,0.0,0,0.0,0.0,50.0,0,,,,,,,,,,,,,,,,,,,,,,,,,,,
77,A,step_totals,,,,,,,,,,,,,,,,,,,,,72.90000000000008,,,56.0,0.768175582990397,7.5,0.10288065843621388,0.0,0.0,0.006605217816269146,0.125,0.0,0,7,25,12,,56,15,25,6.000000000000003,0.08230452674897114,3.400000000000001,0.04663923182441697,30,17,28
78,A,all_agents,,,40,30,10,0,17,13,0.3928257182149912,0.23027594048575523,0.9718933821116258,0.0772333046596043,535,30,0.75,52,3.7115384615384617,1.4230769230769231,31.1,3251,,,,,,,,,,,,,,,,,,,,,,,,,,,
78,A,participants_only,,,30,30,0,0,17,13,0.45343379740154643,0.2564868855814789,0.9718933821116258,0.08795243304382525,535,30,1.0,52,3.7115384615384617,1.4230769230769231,24.8,3251,,,,,,,,,,,,,,,,,,,,,,,,,,,
78,A,nonparticipants_only,,,10,0,10,0,0,0,0.21100148065532537,0.2102845736473583,0.35053757019261833,0.0009958483547364025,0,0,0.0,0,0.0,0.0,50.0,0,,,,,,,,,,,,,,,,,,,,,,,,,,,
78,A,step_totals,,,,,,,,,,,,,,,,,,,,,71.20000000000006,,,51.0,0.71629213483146,10.0,0.14044943820224706,0.0,0.0,0.006437492732149828,0.19607843137254902,0.0,0,10,20,35,,51,20,25,6.000000000000003,0.08426966292134828,4.200000000000001,0.058988764044943784,30,21,26
79,A,all_agents,,,40,30,10,0,17,13,0.39391064411350823,0.22954090654649828,0.9730176468271607,0.07801844180060868,542,30,0.75,52,3.7115384615384617,1.4230769230769231,30.975,3303,,,,,,,,,,,,,,,,,,,,,,,,,,,
79,A,participants_only,,,30,30,0,0,17,13,0.4547325388726197,0.25520445115357154,0.9730176468271607,0.08890431965372414,542,30,1.0,52,3.7115384615384617,1.4230769230769231,24.633333333333333,3303,,,,,,,,,,,,,,,,,,,,,,,,,,,
79,A,nonparticipants_only,,,10,0,10,0,0,0,0.2114449598361737,0.21011809315254162,0.3487848823416552,0.000969173656201084,0,0,0.0,0,0.0,0.0,50.0,0,,,,,,,,,,,,,,,,,,,,,,,,,,,
79,A,step_totals,,,,,,,,,,,,,,,,,,,,,72.20000000000006,,,56.0,0.7756232686980603,7.0,0.09695290858725754,0.0,0.0,0.006808738474340361,0.125,0.0,0,7,26,11,,56,14,23,6.000000000000003,0.08310249307479221,3.2000000000000006,0.04432132963988917,30,16,26
80,A,all_agents,,,40,30,10,0,17,13,0.39477138065570616,0.23133724206734307,0.9740969409540743,0.07854167317209465,550,30,0.75,52,3.7115384615384617,1.4230769230769231,31.1,3348,,,,,,,,,,,,,,,,,,,,,,,,,,,
80,A,participants_only,,,30,30,0,0,17,13,0.455733264177975,0.2551297533175245,0.9740969409540743,0.08954242994823845,550,30,1.0,52,3.7115384615384617,1.4230769230769231,24.8,3348,,,,,,,,,,,,,,,,,,,,,,,,,,,
80,A,nonparticipants_only,,,10,0,10,0,0,0,0.21188573008889938,0.21088793478657397,0.34704095792994694,0.0009431879326710555,0,0,0.0,0,0.0,0.0,50.0,0,,,,,,,,,,,,,,,,,,,,,,,,,,,
80,A,step_totals,,,,,,,,,,,,,,,,,,,,,71.00000000000006,,,51.0,0.718309859154929,10.0,0.1408450704225351,0.0,0.0,0.006281915853447665,0.1568627450980392,0.0,0,8,20,34,,51,20,24,6.000000000000003,0.0845070422535211,4.000000000000001,0.05633802816901405,30,20,26
80,A,reachability,0.25,0.0,,,,,,,,,,,,,,,,,,,,,,,,,,,,,,,,,,,,,,,,,,,,,
81,A,all_agents,,,40,30,10,0,16,14,0.395883821266814,0.23059782393065553,0.9751330633159113,0.07931791823078864,553,30,0.75,52,3.7115384615384617,1.4230769230769231,30.975,3402,,,,,,,,,,,,,,,,,,,,,,,,,,,
81,A,participants_only,,,30,30,0,0,16,14,0.4570705313638958,0.2538541045509369,0.9751330633159113,0.0904758639393874,553,30,1.0,52,3.7115384615384617,1.4230769230769231,24.633333333333333,3402,,,,,,,,,,,,,,,,,,,,,,,,,,,
81,A,nonparticipants_only,,,10,0,10,0,0,0,0.2123236909755685,0.21146552668200813,0.3453057531402972,0.0009183191949403378,0,0,0.0,0,0.0,0.0,50.0,0,,,,,,,,,,,,,,,,,,,,,,,,,,,
81,A,step_totals,,,,,,,,,,,,,,,,,,,,,72.20000000000006,,,56.0,0.7756232686980603,7.0,0.09695290858725754,0.0,0.0,0.006907997574877841,0.05357142857142857,0.0,0,3,26,11,,56,14,23,6.000000000000003,0.08310249307479221,3.2000000000000006,0.04432132963988917,30,16,26
82,A,all_agents,,,40,30,10,0,17,13,0.39655461291595717,0.23097193840227676,0.9761277407832749,0.07979960305510339,558,30,0.75,52,3.7115384615384617,1.4230769230769231,31.1,3446,,,,,,,,,,,,,,,,,,,,,,,,,,,
82,A,participants_only,,,30,30,0,0,17,13,0.45781978176726196,0.2525848340281822,0.9761277407832749,0.0910879003638298,558,30,1.0,52,3.7115384615384617,1.4230769230769231,24.8,3446,,,,,,,,,,,,,,,,,,,,,,,,,,,
82,A,nonparticipants_only,,,10,0,10,0,0,0,0.21275910636204307,0.21325456255780853,0.3435792243745957,0.0008936601563776474,0,0,0.0,0,0.0,0.0,50.0,0,,,,,,,,,,,,,,,,,,,,,,,,,,,
82,A,step_totals,,,,,,,,,,,,,,,,,,,,,70.50000000000007,,,51.0,0.7234042553191482,9.5,0.13475177304964525,0.0,0.0,0.005711416145948014,0.09803921568627451,0.0,0,5,21,34,,51,19,24,6.000000000000003,0.08510638297872336,4.000000000000001,0.056737588652482226,30,20,26
83,A,all_agents,,,40,30,10,0,16,14,0.39755350288414354,0.23002550259699822,0.9770826311519439,0.08054487823503705,565,30,0.75,52,3.7115384615384617,1.4230769230769231,30.975,3499,,,,,,,,,,,,,,,,,,,,,,,,,,,
83,A,participants_only,,,30,30,0,0,16,14,0.45900751990512373,0.25132190985804126,0.9770826311519439,0.09199639633694796,565,30,1.0,52,3.7115384615384617,1.4230769230769231,24.633333333333333,3499,,,,,,,,,,,,,,,,,,,,,,,,,,,
83,A,nonparticipants_only,,,10,0,10,0,0,0,0.21319145182120294,0.21353749818332218,0.34186132825272275,0.0008711694331252259,0,0,0.0,0,0.0,0.0,50.0,0,,,,,,,,,,,,,,,,,,,,,,,,,,,
83,A,step_totals,,,,,,,,,,,,,,,,,,,,,72.00000000000007,,,56.0,0.777777777777777,7.0,0.09722222222222213,0.0,0.0,0.006553329237321077,0.125,0.0,0,7,26,11,,56,14,23,6.000000000000003,0.08333333333333329,3.0000000000000004,0.04166666666666663,30,15,25
84,A,all_agents,,,40,30,10,0,16,14,0.39808432830044055,0.23094398128837643,0.9779993259058661,0.08095570923776375,567,30,0.75,52,3.7115384615384617,1.4230769230769231,31.1,3540,,,,,,,,,,,,,,,,,,,,,,,,,,,
84,A,participants_only,,,30,30,0,0,16,14,0.4595720109275064,0.25006530030875107,0.9779993259058661,0.09253504178582048,567,30,1.0,52,3.7115384615384617,1.4230769230769231,24.8,3540,,,,,,,,,,,,,,,,,,,,,,,,,,,
84,A,nonparticipants_only,,,10,0,10,0,0,0,0.2136212804192429,0.21315420285473885,0.34015202161145913,0.0008488902154322879,0,0,0.0,0,0.0,0.0,50.0,0,,,,,,,,,,,,,,,,,,,,,,,,,,,
84,A,step_totals,,,,,,,,,,,,,,,,,,,,,70.50000000000006,,,51.0,0.7234042553191483,9.5,0.13475177304964528,0.0,0.0,0.005246294881274143,0.0392156862745098,0.0,0,2,21,34,,51,19,25,6.000000000000003,0.08510638297872337,4.000000000000001,0.05673758865248223,30,20,26
85,A,all_agents,,,40,30,10,0,16,14,0.3990233018715738,0.23085701869135106,0.9788793528696315,0.08167498649550242,573,30,0.75,52,3.7115384615384617,1.4230769230769231,30.975,3590,,,,,,,,,,,,,,,,,,,,,,,,,,,
85,A,participants_only,,,30,30,0,0,16,14,0.46068152136516477,0.2488149738072073,0.9788793528696315,0.09341747938445366,573,30,1.0,52,3.7115384615384617,1.4230769230769231,24.633333333333333,3590,,,,,,,,,,,,,,,,,,,,,,,,,,,
85,A,nonparticipants_only,,,10,0,10,0,0,0,0.21404864339080096,0.21363443564290457,0.3384512615034018,0.0008266754552106548,0,0,0.0,0,0.0,0.0,50.0,0,,,,,,,,,,,,,,,,,,,,,,,,,,,
85,A,step_totals,,,,,,,,,,,,,,,,,,,,,72.00000000000006,,,56.0,0.7777777777777771,7.0,0.09722222222222214,0.0,0.0,0.006356276435667175,0.10714285714285714,0.0,0,6,26,11,,56,14,23,6.000000000000003,0.0833333333333333,3.0000000000000004,0.04166666666666664,30,15,25
86,A,all_agents,,,40,30,10,0,16,14,0.3997719875447159,0.23066674765410822,0.9797241787548462,0.08214482245914306,586,30,0.75,52,3.7115384615384617,1.4230769230769231,31.1,3638,,,,,,,,,,,,,,,,,,,,,,,,,,,
86,A,participants_only,,,30,30,0,0,16,14,0.46153809810186475,0.24757089893817125,0.9797241787548462,0.09399816025721427,586,30,1.0,52,3.7115384615384617,1.4230769230769231,24.8,3638,,,,,,,,,,,,,,,,,,,,,,,,,,,
86,A,nonparticipants_only,,,10,0,10,0,0,0,0.2144736558732691,0.21358674075712808,0.3367590051958848,0.0008041801046341009,0,0,0.0,0,0.0,0.0,50.0,0,,,,,,,,,,,,,,,,,,,,,,,,,,,
86,A,step_totals,,,,,,,,,,,,,,,,,,,,,70.50000000000006,,,51.0,0.7234042553191483,9.5,0.13475177304964528,0.0,0.0,0.005999255936406702,0.2549019607843137,0.0,0,13,21,33,,51,19,24,6.000000000000003,0.08510638297872337,4.000000000000001,0.05673758865248223,30,20,26
87,A,all_agents,,,40,30,10,0,16,14,0.4005951090941077,0.2298363872703998,0.9805352116046523,0.08284749298545548,595,30,0.75,52,3.7115384615384617,1.4230769230769231,30.975,3689,,,,,,,,,,,,,,,,,,,,,,,,,,,
87,A,participants_only,,,30,30,0,0,16,14,0.4624947491182017,0.24700939838277278,0.9805352116046523,0.09487642324827328,595,30,1.0,52,3.7115384615384617,1.4230769230769231,24.633333333333333,3689,,,,,,,,,,,,,,,,,,,,,,,,,,,
87,A,nonparticipants_only,,,10,0,10,0,0,0,0.21489618902182575,0.21466669059869276,0.3350752101699054,0.0007819169756530846,0,0,0.0,0,0.0,0.0,50.0,0,,,,,,,,,,,,,,,,,,,,,,,,,,,
87,A,step_totals,,,,,,,,,,,,,,,,,,,,,72.00000000000007,,,56.0,0.777777777777777,7.0,0.09722222222222213,0.0,0.0,0.005977070974906347,0.16071428571428573,0.0,0,9,26,11,,56,14,23,6.000000000000003,0.08333333333333329,3.0000000000000004,0.04166666666666663,30,15,25
88,A,all_agents,,,40,30,10,0,16,14,0.40121778785572954,0.2310857123134305,0.9813138031404662,0.08328138996224124,599,30,0.75,52,3.7115384615384617,1.4230769230769231,31.1,3734,,,,,,,,,,,,,,,,,,,,,,,,,,,
88,A,participants_only,,,30,30,0,0,16,14,0.4631851268273565,0.2457743513908589,0.9813138031404662,0.0954281822164064,599,30,1.0,52,3.7115384615384617,1.4230769230769231,24.8,3734,,,,,,,,,,,,,,,,,,,,,,,,,,,
88,A,nonparticipants_only,,,10,0,10,0,0,0,0.2153157709408485,0.21589358128945796,0.3333998341190558,0.0007616000090515109,0,0,0.0,0,0.0,0.0,50.0,0,,,,,,,,,,,,,,,,,,,,,,,,,,,
88,A,step_totals,,,,,,,,,,,,,,,,,,,,,70.50000000000007,,,51.0,0.7234042553191482,9.5,0.13475177304964525,0.0,0.0,0.005578889951467449,0.0784313725490196,0.0,0,4,21,32,,51,19,23,6.000000000000003,0.08510638297872336,4.000000000000001,0.056737588652482226,30,20,26
89,A,all_agents,,,40,30,10,0,16,14,0.4020593427276582,0.23043085764391621,0.9820612510148475,0.0839299756523153,604,30,0.75,52,3.7115384615384617,1.4230769230769231,30.975,3785,,,,,,,,,,,,,,,,,,,,,,,,,,,
89,A,participants_only,,,30,30,0,0,16,14,0.4641681813654075,0.24541731833819946,0.9820612510148475,0.09622933609102717,604,30,1.0,52,3.7115384615384617,1.4230769230769231,24.633333333333333,3785,,,,,,,,,,,,,,,,,,,,,,,,,,,
89,A,nonparticipants_only,,,10,0,10,0,0,0,0.21573282681441025,0.21602922136333844,0.33173283494846056,0.0007418002930198893,0,0,0.0,0,0.0,0.0,50.0,0,,,,,,,,,,,,,,,,,,,,,,,,,,,
89,A,step_totals,,,,,,,,,,,,,,,,,,,,,72.00000000000006,,,56.0,0.7777777777777771,7.0,0.09722222222222214,0.0,0.0,0.006043001305071557,0.08928571428571429,0.0,0,5,26,11,,56,14,23,6.000000000000003,0.0833333333333333,3.0000000000000004,0.04166666666666664,30,15,25
90,A,all_agents,,,40,30,10,0,16,14,0.40288442720642753,0.23026292935149995,0.9827788009742536,0.08441764666330269,615,30,0.75,52,3.7115384615384617,1.4230769230769231,31.1,3836,,,,,,,,,,,,,,,,,,,,,,,,,,,
90,A,participants_only,,,30,30,0,0,16,14,0.46513021977039715,0.24419023174650847,0.9827788009742536,0.09681750538866833,615,30,1.0,52,3.7115384615384617,1.4230769230769231,24.8,3836,,,,,,,,,,,,,,,,,,,,,,,,,,,
90,A,nonparticipants_only,,,10,0,10,0,0,0,0.21614704951451869,0.21581536112376065,0.33007417077371826,0.0007236061842049553,0,0,0.0,0,0.0,0.0,50.0,0,,,,,,,,,,,,,,,,,,,,,,,,,,,
90,A,step_totals,,,,,,,,,,,,,,,,,,,,,70.50000000000007,,,51.0,0.7234042553191482,9.5,0.13475177304964525,0.0,0.0,0.0062771813825758084,0.21568627450980393,0.0,0,11,21,32,,51,19,23,6.000000000000003,0.08510638297872336,4.000000000000001,0.056737588652482226,30,20,26
90,A,reachability,0.25,0.0,,,,,,,,,,,,,,,,,,,,,,,,,,,,,,,,,,,,,,,,,,,,,
91,A,all_agents,,,40,30,10,0,16,14,0.40363875470520655,0.2294597520687969,0.9834676489352835,0.08504975561929605,624,30,0.75,52,3.7115384615384617,1.4230769230769231,30.975,3886,,,,,,,,,,,,,,,,,,,,,,,,,,,
91,A,participants_only,,,30,30,0,0,16,14,0.4659986108655665,0.24373844867912686,0.9834676489352835,0.09760985755807443,624,30,1.0,52,3.7115384615384617,1.4230769230769231,24.633333333333333,3886,,,,,,,,,,,,,,,,,,,,,,,,,,,
91,A,nonparticipants_only,,,10,0,10,0,0,0,0.21655918622412682,0.21607317629696315,0.32842379991984966,0.0007044298788716009,0,0,0.0,0,0.0,0.0,50.0,0,,,,,,,,,,,,,,,,,,,,,,,,,,,
91,A,step_totals,,,,,,,,,,,,,,,,,,,,,72.00000000000006,,,56.0,0.7777777777777771,7.0,0.09722222222222214,0.0,0.0,0.005760955603064627,0.16071428571428573,0.0,0,9,26,11,,56,14,23,6.000000000000003,0.0833333333333333,3.0000000000000004,0.04166666666666664,30,15,25
92,A,all_agents,,,40,30,10,0,16,14,0.40421891667081034,0.22914549130296907,0.9841289429778721,0.08544690401939956,628,30,0.75,52,3.7115384615384617,1.4230769230769231,31.1,3933,,,,,,,,,,,,,,,,,,,,,,,,,,,
92,A,participants_only,,,30,30,0,0,16,14,0.46663548048160847,0.24251975643573123,0.9841289429778721,0.09811777670097697,628,30,1.0,52,3.7115384615384617,1.4230769230769231,24.8,3933,,,,,,,,,,,,,,,,,,,,,,,,,,,
92,A,nonparticipants_only,,,10,0,10,0,0,0,0.21696922523841602,0.21671904816059573,0.3267816809202504,0.0006843567192981228,0,0,0.0,0,0.0,0.0,50.0,0,,,,,,,,,,,,,,,,,,,,,,,,,,,
92,A,step_totals,,,,,,,,,,,,,,,,,,,,,70.50000000000006,,,51.0,0.7234042553191483,9.5,0.13475177304964528,0.0,0.0,0.005452769592140392,0.0784313725490196,0.0,0,4,21,30,,51,19,22,6.000000000000003,0.08510638297872337,4.000000000000001,0.05673758865248223,30,20,25
93,A,all_agents,,,40,30,10,0,16,14,0.4049143229694067,0.22900618968316644,0.9847637852587572,0.08607395987242271,635,30,0.75,52,3.7115384615384617,1.4230769230769231,30.975,3984,,,,,,,,,,,,,,,,,,,,,,,,,,,
93,A,participants_only,,,30,30,0,0,16,14,0.4674269667755835,0.24184408669460133,0.9847637852587572,0.09891189228358997,635,30,1.0,52,3.7115384615384617,1.4230769230769231,24.633333333333333,3984,,,,,,,,,,,,,,,,,,,,,,,,,,,
93,A,nonparticipants_only,,,10,0,10,0,0,0,0.21737639155087637,0.2170368793884771,0.32514777251564914,0.0006661950112657551,0,0,0.0,0,0.0,0.0,50.0,0,,,,,,,,,,,,,,,,,,,,,,,,,,,
93,A,step_totals,,,,,,,,,,,,,,,,,,,,,72.00000000000007,,,56.0,0.777777777777777,7.0,0.09722222222222213,0.0,0.0,0.005568596191162889,0.125,0.0,0,7,26,11,,56,14,23,6.000000000000003,0.08333333333333329,3.0000000000000004,0.04166666666666663,30,15,25
94,A,all_agents,,,40,30,10,0,16,14,0.4054962181570278,0.22953693922673163,0.9853732338484069,0.08647741865083076,639,30,0.75,52,3.7115384615384617,1.4230769230769231,31.1,4032,,,,,,,,,,,,,,,,,,,,,,,,,,,
94,A,participants_only,,,30,30,0,0,16,14,0.46806791306164486,0.24063486626112834,0.9853732338484069,0.09942622720181551,639,30,1.0,52,3.7115384615384617,1.4230769230769231,24.8,4032,,,,,,,,,,,,,,,,,,,,,,,,,,,
94,A,nonparticipants_only,,,10,0,10,0,0,0,0.21778113344317668,0.2183206902655738,0.32352203365307086,0.0006483889590387902,0,0,0.0,0,0.0,0.0,50.0,0,,,,,,,,,,,,,,,,,,,,,,,,,,,
94,A,step_totals,,,,,,,,,,,,,,,,,,,,,70.50000000000007,,,51.0,0.7234042553191482,9.5,0.13475177304964525,0.0,0.0,0.0054657632583736855,0.0784313725490196,0.0,0,4,21,30,,51,19,22,6.000000000000003,0.08510638297872336,4.000000000000001,0.056737588652482226,30,20,25
95,A,all_agents,,,40,30,10,0,16,14,0.4061952739327542,0.228809510176923,0.9859583044944706,0.08710893034808198,650,30,0.75,52,3.7115384615384617,1.4230769230769231,30.975,4084,,,,,,,,,,,,,,,,,,,,,,,,,,,
95,A,participants_only,,,30,30,0,0,16,14,0.4688660168242738,0.24170565637915037,0.9859583044944706,0.10022393977586415,650,30,1.0,52,3.7115384615384617,1.4230769230769231,24.633333333333333,4084,,,,,,,,,,,,,,,,,,,,,,,,,,,
95,A,nonparticipants_only,,,10,0,10,0,0,0,0.21818304525819537,0.21835239775349485,0.3219044234848055,0.0006324378898360269,0,0,0.0,0,0.0,0.0,50.0,0,,,,,,,,,,,,,,,,,,,,,,,,,,,
95,A,step_totals,,,,,,,,,,,,,,,,,,,,,72.20000000000006,,,56.0,0.7756232686980603,7.0,0.09695290858725754,0.0,0.0,0.005569648157493721,0.19642857142857142,0.0,0,11,26,11,,56,14,23,6.000000000000003,0.08310249307479221,3.2000000000000006,0.04432132963988917,30,16,25
96,A,all_agents,,,40,30,10,0,16,14,0.4067756306215828,0.2297808697589777,0.9865199723146918,0.0874909569027819,658,30,0.75,52,3.7115384615384617,1.4230769230769231,31.1,4132,,,,,,,,,,,,,,,,,,,,,,,,,,,
96,A,participants_only,,,30,30,0,0,16,14,0.46950667166464916,0.24195152574490852,0.9865199723146918,0.10070820036751907,658,30,1.0,52,3.7115384615384617,1.4230769230769231,24.8,4132,,,,,,,,,,,,,,,,,,,,,,,,,,,
96,A,nonparticipants_only,,,10,0,10,0,0,0,0.21858250749238367,0.21814591649082418,0.3202949013673815,0.0006170243844078829,0,0,0.0,0,0.0,0.0,50.0,0,,,,,,,,,,,,,,,,,,,,,,,,,,,
96,A,step_totals,,,,,,,,,,,,,,,,,,,,,70.50000000000007,,,51.0,0.7234042553191482,9.5,0.13475177304964525,0.0,0.0,0.0054674615410775585,0.1568627450980392,0.0,0,8,21,30,,51,19,22,6.000000000000003,0.08510638297872336,4.000000000000001,0.056737588652482226,30,20,25
97,A,all_agents,,,40,30,10,0,16,14,0.40750580313154594,0.2289123924481114,0.9870591734221041,0.088124640969937,669,30,0.75,52,3.7115384615384617,1.4230769230769231,30.975,4183,,,,,,,,,,,,,,,,,,,,,,,,,,,
97,A,participants_only,,,30,30,0,0,16,14,0.4703476967347839,0.24229178702834314,0.9870591734221041,0.1015030875459398,669,30,1.0,52,3.7115384615384617,1.4230769230769231,24.633333333333333,4183,,,,,,,,,,,,,,,,,,,,,,,,,,,
97,A,nonparticipants_only,,,10,0,10,0,0,0,0.2189801223218323,0.2183948360777638,0.3186934268605446,0.0006000581422405283,0,0,0.0,0,0.0,0.0,50.0,0,,,,,,,,,,,,,,,,,,,,,,,,,,,
97,A,step_totals,,,,,,,,,,,,,,,,,,,,,72.00000000000006,,,56.0,0.7777777777777771,7.0,0.09722222222222214,0.0,0.0,0.0056943383883047045,0.19642857142857142,0.0,0,11,26,11,,56,14,23,6.000000000000003,0.0833333333333333,3.0000000000000004,0.04166666666666664,30,15,24
98,A,all_agents,,,40,30,10,0,16,14,0.4081077697100862,0.22943054507511929,0.98757680648522,0.08850335709205809,674,30,0.75,52,3.7115384615384617,1.4230769230769231,31.1,4231,,,,,,,,,,,,,,,,,,,,,,,,,,,
98,A,participants_only,,,30,30,0,0,16,14,0.4710186105701065,0.2411654281039631,0.98757680648522,0.10197876024635628,674,30,1.0,52,3.7115384615384617,1.4230769230769231,24.8,4231,,,,,,,,,,,,,,,,,,,,,,,,,,,
98,A,nonparticipants_only,,,10,0,10,0,0,0,0.21937524713002524,0.21901842295015114,0.31709995972624183,0.0005838608565858599,0,0,0.0,0,0.0,0.0,50.0,0,,,,,,,,,,,,,,,,,,,,,,,,,,,
98,A,step_totals,,,,,,,,,,,,,,,,,,,,,70.30000000000007,,,51.0,0.7254623044096721,9.5,0.135135135135135,0.0,0.0,0.005565848057733374,0.09803921568627451,0.0,0,5,21,30,,51,19,22,6.000000000000003,0.08534850640113793,3.800000000000001,0.054054054054054015,30,19,24
99,A,all_agents,,,40,30,10,0,16,14,0.40883388879078,0.22925701244622998,0.9880737342258111,0.08915121194521908,679,30,0.75,52,3.7115384615384617,1.4230769230769231,30.975,4285,,,,,,,,,,,,,,,,,,,,,,,,,,,
99,A,participants_only,,,30,30,0,0,16,14,0.4718558481397527,0.24099756039536818,0.9880737342258111,0.10279186816978414,679,30,1.0,52,3.7115384615384617,1.4230769230769231,24.633333333333333,4285,,,,,,,,,,,,,,,,,,,,,,,,,,,
99,A,nonparticipants_only,,,10,0,10,0,0,0,0.21976801074386204,0.21942380494023972,0.3155144599276106,0.0005680349493212012,0,0,0.0,0,0.0,0.0,50.0,0,,,,,,,,,,,,,,,,,,,,,,,,,,,
99,A,step_totals,,,,,,,,,,,,,,,,,,,,,72.00000000000007,,,56.0,0.777777777777777,7.0,0.09722222222222213,0.0,0.0,0.005686461220856099,0.08928571428571429,0.0,0,5,26,11,,56,14,23,6.000000000000003,0.08333333333333329,3.0000000000000004,0.04166666666666663,30,15,24
100,A,all_agents,,,40,30,10,0,16,14,0.4093009005666525,0.22910091567182872,0.9885507848567787,0.08947836960418735,687,30,0.75,52,3.7115384615384617,1.4230769230769231,31.1,4332,,,,,,,,,,,,,,,,,,,,,,,,,,,
100,A,participants_only,,,30,30,0,0,16,14,0.4723485160862338,0.24023687762093404,0.9885507848567787,0.10321986336921858,687,30,1.0,52,3.7115384615384617,1.4230769230769231,24.8,4332,,,,,,,,,,,,,,,,,,,,,,,,,,,
100,A,nonparticipants_only,,,10,0,10,0,0,0,0.2201580540079088,0.22066405491819524,0.31393688762797256,0.0005538664366343296,0,0,0.0,0,0.0,0.0,50.0,0,,,,,,,,,,,,,,,,,,,,,,,,,,,
100,A,step_totals,,,,,,,,,,,,,,,,,,,,,70.30000000000007,,,51.0,0.7254623044096721,9.5,0.135135135135135,0.0,0.0,0.005113583751147036,0.1568627450980392,0.0,0,8,21,30,,51,19,21,6.000000000000003,0.08534850640113793,3.800000000000001,0.054054054054054015,30,19,23
100,A,reachability,0.25,0.0,,,,,,,,,,,,,,,,,,,,,,,,,,,,,,,,,,,,,,,,,,,,,
101,A,all_agents,,,40,30,10,0,16,14,0.40997174798966013,0.22852346518965336,0.9890087534625076,0.0901134850467236,699,30,0.75,52,3.7115384615384617,1.4230769230769231,30.975,4386,,,,,,,,,,,,,,,,,,,,,,,,,,,
101,A,participants_only,,,30,30,0,0,16,14,0.4731137832482626,0.2396799647040218,0.9890087534625076,0.10402347771485422,699,30,1.0,52,3.7115384615384617,1.4230769230769231,24.633333333333333,4386,,,,,,,,,,,,,,,,,,,,,,,,,,,
101,A,nonparticipants_only,,,10,0,10,0,0,0,0.2205456422138528,0.22059541588249926,0.3123672031898327,0.0005405076431485996,0,0,0.0,0,0.0,0.0,50.0,0,,,,,,,,,,,,,,,,,,,,,,,,,,,
101,A,step_totals,,,,,,,,,,,,,,,,,,,,,72.00000000000006,,,56.0,0.7777777777777771,7.0,0.09722222222222214,0.0,0.0,0.005504622311399952,0.21428571428571427,0.0,0,12,26,11,,56,14,23,6.000000000000003,0.0833333333333333,3.0000000000000004,0.04166666666666664,30,15,24
102,A,all_agents,,,40,30,10,0,16,14,0.41054438328985055,0.22809688001220574,0.9894484033240073,0.0904868303109753,705,30,0.75,52,3.7115384615384617,1.4230769230769231,31.1,4436,,,,,,,,,,,,,,,,,,,,,,,,,,,
102,A,participants_only,,,30,30,0,0,16,14,0.47374883537360474,0.2393055047861113,0.9894484033240073,0.10449420216076225,705,30,1.0,52,3.7115384615384617,1.4230769230769231,24.8,4436,,,,,,,,,,,,,,,,,,,,,,,,,,,
102,A,nonparticipants_only,,,10,0,10,0,0,0,0.22093102703858794,0.22039605899447628,0.3108053671738835,0.0005270816031234824,0,0,0.0,0,0.0,0.0,50.0,0,,,,,,,,,,,,,,,,,,,,,,,,,,,
102,A,step_totals,,,,,,,,,,,,,,,,,,,,,70.30000000000007,,,51.0,0.7254623044096721,9.5,0.135135135135135,0.0,0.0,0.005481656591805028,0.11764705882352941,0.0,0,6,21,30,,51,19,21,6.000000000000003,0.08534850640113793,3.800000000000001,0.054054054054054015,30,19,23
103,A,all_agents,,,40,30,10,0,16,14,0.41124363294993777,0.22790675784305403,0.989870467191047,0.09110922857461529,712,30,0.75,52,3.7115384615384617,1.4230769230769231,30.975,4490,,,,,,,,,,,,,,,,,,,,,,,,,,,
103,A,participants_only,,,30,30,0,0,16,14,0.4745534515049024,0.23905330432069838,0.989870467191047,0.10527519239054996,712,30,1.0,52,3.7115384615384617,1.4230769230769231,24.633333333333333,4490,,,,,,,,,,,,,,,,,,,,,,,,,,,
103,A,nonparticipants_only,,,10,0,10,0,0,0,0.22131417728504402,0.2210552388701305,0.3092513403380141,0.000513739621260805,0,0,0.0,0,0.0,0.0,50.0,0,,,,,,,,,,,,,,,,,,,,,,,,,,,
103,A,step_totals,,,,,,,,,,,,,,,,,,,,,71.80000000000005,,,56.0,0.7799442896935928,7.0,0.0974930362116991,0.0,0.0,0.005620502127443126,0.125,0.0,0,7,26,11,,56,14,22,6.000000000000003,0.08356545961002783,2.8000000000000003,0.03899721448467964,30,14,23
104,A,all_agents,,,40,30,10,0,16,14,0.41173165488446467,0.22794286824481863,0.9902756485034051,0.09144965926549427,716,30,0.75,52,3.7115384615384617,1.4230769230769231,31.1,4539,,,,,,,,,,,,,,,,,,,,,,,,,,,
104,A,participants_only,,,30,30,0,0,16,14,0.47507709864776293,0.2394779155194925,0.9902756485034051,0.10571572621573914,716,30,1.0,52,3.7115384615384617,1.4230769230769231,24.8,4539,,,,,,,,,,,,,,,,,,,,,,,,,,,
104,A,nonparticipants_only,,,10,0,10,0,0,0,0.22169532359457012,0.22144484462247646,0.30770508363632404,0.0004997154679295293,0,0,0.0,0,0.0,0.0,50.0,0,,,,,,,,,,,,,,,,,,,,,,,,,,,
104,A,step_totals,,,,,,,,,,,,,,,,,,,,,70.30000000000008,,,51.0,0.725462304409672,9.5,0.13513513513513498,0.0,0.0,0.005201303896878451,0.0784313725490196,0.0,0,4,21,30,,51,19,21,6.000000000000003,0.08534850640113792,3.800000000000001,0.05405405405405401,30,19,23
105,A,all_agents,,,40,30,10,0,16,14,0.41234226473235347,0.22800015872286647,0.9906646225632689,0.09205438066977452,722,30,0.75,52,3.7115384615384617,1.4230769230769231,30.975,4592,,,,,,,,,,,,,,,,,,,,,,,,,,,
105,A,participants_only,,,30,30,0,0,16,14,0.4757650790222105,0.23994285806706583,0.9906646225632689,0.1064869200633977,722,30,1.0,52,3.7115384615384617,1.4230769230769231,24.633333333333333,4592,,,,,,,,,,,,,,,,,,,,,,,,,,,
105,A,nonparticipants_only,,,10,0,10,0,0,0,0.22207382186278243,0.2222034591553794,0.3061665582181424,0.00048732201955670293,0,0,0.0,0,0.0,0.0,50.0,0,,,,,,,,,,,,,,,,,,,,,,,,,,,
105,A,step_totals,,,,,,,,,,,,,,,,,,,,,71.80000000000005,,,56.0,0.7799442896935928,7.0,0.0974930362116991,0.0,0.0,0.005328333120222267,0.10714285714285714,0.0,0,6,26,11,,56,14,22,6.000000000000003,0.08356545961002783,2.8000000000000003,0.03899721448467964,30,14,23
106,A,all_agents,,,40,30,10,0,16,14,0.4128003186177961,0.22818215652968307,0.9910380376607382,0.09237855774205492,728,30,0.75,52,3.7115384615384617,1.4230769230769231,31.1,4640,,,,,,,,,,,,,,,,,,,,,,,,,,,
106,A,participants_only,,,30,30,0,0,16,14,0.47625043722419846,0.23948445297964002,0.9910380376607382,0.10690921333188354,728,30,1.0,52,3.7115384615384617,1.4230769230769231,24.8,4640,,,,,,,,,,,,,,,,,,,,,,,,,,,
106,A,nonparticipants_only,,,10,0,10,0,0,0,0.22244996279858908,0.22301102822869473,0.3046357254270517,0.0004755803585707536,0,0,0.0,0,0.0,0.0,50.0,0,,,,,,,,,,,,,,,,,,,,,,,,,,,
106,A,step_totals,,,,,,,,,,,,,,,,,,,,,70.30000000000005,,,51.0,0.7254623044096723,9.5,0.13513513513513503,0.0,0.0,0.005105639122620344,0.11764705882352941,0.0,0,6,21,30,,51,19,21,6.000000000000003,0.08534850640113795,3.800000000000001,0.05405405405405403,30,19,23
107,A,all_agents,,,40,30,10,0,16,14,0.4133740788698683,0.228696049183907,0.9913965161543087,0.09297154622640644,735,30,0.75,52,3.7115384615384617,1.4230769230769231,30.975,4694,,,,,,,,,,,,,,,,,,,,,,,,,,,
107,A,participants_only,,,30,30,0,0,16,14,0.4768908083999779,0.2391952115171908,0.9913965161543087,0.10766987778757821,735,30,1.0,52,3.7115384615384617,1.4230769230769231,24.633333333333333,4694,,,,,,,,,,,,,,,,,,,,,,,,,,,
107,A,nonparticipants_only,,,10,0,10,0,0,0,0.22282389027953975,0.2229231631536544,0.30311254679991645,0.00046405238047804106,0,0,0.0,0,0.0,0.0,50.0,0,,,,,,,,,,,,,,,,,,,,,,,,,,,
107,A,step_totals,,,,,,,,,,,,,,,,,,,,,72.00000000000006,,,56.0,0.7777777777777771,7.0,0.09722222222222214,0.0,0.0,0.005194661061861872,0.125,0.0,0,7,26,11,,56,14,22,6.000000000000003,0.0833333333333333,3.0000000000000004,0.04166666666666664,30,15,22
108,A,all_agents,,,40,30,10,0,16,14,0.41390349717482583,0.2297332614481573,0.9917406555081363,0.09332370646196492,744,30,0.75,52,3.7115384615384617,1.4230769230769231,31.1,4745,,,,,,,,,,,,,,,,,,,,,,,,,,,
108,A,participants_only,,,30,30,0,0,16,14,0.4774729119439201,0.23924777539288156,0.9917406555081363,0.10811599650735586,744,30,1.0,52,3.7115384615384617,1.4230769230769231,24.8,4745,,,,,,,,,,,,,,,,,,,,,,,,,,,
108,A,nonparticipants_only,,,10,0,10,0,0,0,0.2231952528675429,0.22341808848118913,0.30159698406591684,0.00045399039677034106,0,0,0.0,0,0.0,0.0,50.0,0,,,,,,,,,,,,,,,,,,,,,,,,,,,
108,A,step_totals,,,,,,,,,,,,,,,,,,,,,70.30000000000007,,,51.0,0.7254623044096721,9.5,0.135135135135135,0.0,0.0,0.005355501557807186,0.17647058823529413,0.0,0,9,21,30,,51,19,21,6.000000000000003,0.08534850640113793,3.800000000000001,0.054054054054054015,30,19,23
109,A,all_agents,,,40,30,10,0,16,14,0.41445328748532034,0.22922447168168048,0.9920710292878109,0.09390467707466836,756,30,0.75,52,3.7115384615384617,1.4230769230769231,30.975,4799,,,,,,,,,,,,,,,,,,,,,,,,,,,
109,A,participants_only,,,30,30,0,0,16,14,0.4780827678835198,0.2389279168809435,0.9920710292878109,0.10886384906437573,756,30,1.0,52,3.7115384615384617,1.4230769230769231,24.633333333333333,4799,,,,,,,,,,,,,,,,,,,,,,,,,,,
109,A,nonparticipants_only,,,10,0,10,0,0,0,0.22356484629072232,0.22386243756019658,0.30008899914558723,0.0004426317966082515,0,0,0.0,0,0.0,0.0,50.0,0,,,,,,,,,,,,,,,,,,,,,,,,,,,
109,A,step_totals,,,,,,,,,,,,,,,,,,,,,72.20000000000006,,,56.0,0.7756232686980603,7.0,0.09695290858725754,0.0,0.0,0.005105230001575274,0.21428571428571427,0.0,0,12,26,11,,56,14,21,6.000000000000003,0.08310249307479221,3.2000000000000006,0.04432132963988917,30,16,21
110,A,all_agents,,,40,30,10,0,16,14,0.41495234159913885,0.22931986378804242,0.9923881881162985,0.09424213431499284,762,30,0.75,52,3.7115384615384617,1.4230769230769231,31.1,4849,,,,,,,,,,,,,,,,,,,,,,,,,,,
110,A,participants_only,,,30,30,0,0,16,14,0.4786257396210944,0.23854547984910413,0.9923881881162985,0.10929502325824657,762,30,1.0,52,3.7115384615384617,1.4230769230769231,24.8,4849,,,,,,,,,,,,,,,,,,,,,,,,,,,
110,A,nonparticipants_only,,,10,0,10,0,0,0,0.2239321475332722,0.22478221968002993,0.2985885541498593,0.00043184809728316186,0,0,0.0,0,0.0,0.0,50.0,0,,,,,,,,,,,,,,,,,,,,,,,,,,,
110,A,step_totals,,,,,,,,,,,,,,,,,,,,,70.30000000000005,,,51.0,0.7254623044096723,9.5,0.13513513513513503,0.0,0.0,0.005258283173008304,0.11764705882352941,0.0,0,6,21,30,,51,19,21,6.000000000000003,0.08534850640113795,3.800000000000001,0.05405405405405403,30,19,23
110,A,reachability,0.25,0.0,,,,,,,,,,,,,,,,,,,,,,,,,,,,,,,,,,,,,,,,,,,,,
111,A,all_agents,,,40,30,10,0,16,14,0.4155678019855585,0.22890272311810336,0.9926926605916465,0.09483513833456726,768,30,0.75,52,3.7115384615384617,1.4230769230769231,30.975,4905,,,,,,,,,,,,,,,,,,,,,,,,,,,
111,A,participants_only,,,30,30,0,0,16,14,0.4793246848858812,0.23936518408127733,0.9926926605916465,0.11004651712408256,768,30,1.0,52,3.7115384615384617,1.4230769230769231,24.633333333333333,4905,,,,,,,,,,,,,,,,,,,,,,,,,,,
111,A,nonparticipants_only,,,10,0,10,0,0,0,0.2242971532845903,0.22498818499201795,0.29709561137911,0.000421720560035773,0,0,0.0,0,0.0,0.0,50.0,0,,,,,,,,,,,,,,,,,,,,,,,,,,,
111,A,step_totals,,,,,,,,,,,,,,,,,,,,,72.00000000000006,,,56.0,0.7777777777777771,7.0,0.09722222222222214,0.0,0.0,0.005342923865956762,0.10714285714285714,0.0,0,6,26,11,,56,14,21,6.000000000000003,0.0833333333333333,3.0000000000000004,0.04166666666666664,30,15,21
112,A,all_agents,,,40,30,10,0,16,14,0.4159686864263986,0.22933824064807828,0.9929849541679806,0.09511871245166661,775,30,0.75,52,3.7115384615384617,1.4230769230769231,31.1,4952,,,,,,,,,,,,,,,,,,,,,,,,,,,
112,A,participants_only,,,30,30,0,0,16,14,0.47973823680480976,0.24033173562993143,0.9929849541679806,0.11042150301319167,775,30,1.0,52,3.7115384615384617,1.4230769230769231,24.8,4952,,,,,,,,,,,,,,,,,,,,,,,,,,,
112,A,nonparticipants_only,,,10,0,10,0,0,0,0.2246600352911651,0.2254614721303516,0.2956101333222145,0.00041167410151482514,0,0,0.0,0,0.0,0.0,50.0,0,,,,,,,,,,,,,,,,,,,,,,,,,,,
112,A,step_totals,,,,,,,,,,,,,,,,,,,,,70.30000000000005,,,51.0,0.7254623044096723,9.5,0.13513513513513503,0.0,0.0,0.004930221189231976,0.13725490196078433,0.0,0,7,21,30,,51,19,21,6.000000000000003,0.08534850640113795,3.800000000000001,0.05405405405405403,30,19,23
113,A,all_agents,,,40,30,10,0,16,14,0.4164056495223699,0.22914778732398822,0.9932655560012614,0.09563420674206853,782,30,0.75,52,3.7115384615384617,1.4230769230769231,30.975,5003,,,,,,,,,,,,,,,,,,,,,,,,,,,
113,A,participants_only,,,30,30,0,0,16,14,0.48020074747613695,0.23989136017189422,0.9932655560012614,0.11109857924690303,782,30,1.0,52,3.7115384615384617,1.4230769230769231,24.633333333333333,5003,,,,,,,,,,,,,,,,,,,,,,,,,,,
113,A,nonparticipants_only,,,10,0,10,0,0,0,0.22502035566106865,0.22534784827723714,0.2941320826556034,0.0004033149523962157,0,0,0.0,0,0.0,0.0,50.0,0,,,,,,,,,,,,,,,,,,,,,,,,,,,
113,A,step_totals,,,,,,,,,,,,,,,,,,,,,72.20000000000006,,,56.0,0.7756232686980603,7.0,0.09695290858725754,0.0,0.0,0.00473776219143985,0.125,0.0,0,7,26,11,,56,14,21,6.000000000000003,0.08310249307479221,3.2000000000000006,0.04432132963988917,30,16,21
114,A,all_agents,,,40,30,10,0,16,14,0.4166924796989928,0.22960152991018729,0.9935349337612109,0.09586286684471357,789,30,0.75,52,3.7115384615384617,1.4230769230769231,31.1,5048,,,,,,,,,,,,,,,,,,,,,,,,,,,
114,A,participants_only,,,30,30,0,0,16,14,0.48046378078438756,0.23961349492780476,0.9935349337612109,0.1114183616259389,789,30,1.0,52,3.7115384615384617,1.4230769230769231,24.8,5048,,,,,,,,,,,,,,,,,,,,,,,,,,,
114,A,nonparticipants_only,,,10,0,10,0,0,0,0.2253785764428085,0.2260488076857135,0.2926614222423254,0.00039503639554871567,0,0,0.0,0,0.0,0.0,50.0,0,,,,,,,,,,,,,,,,,,,,,,,,,,,
114,A,step_totals,,,,,,,,,,,,,,,,,,,,,70.30000000000007,,,51.0,0.7254623044096721,9.5,0.135135135135135,0.0,0.0,0.004544869407645403,0.13725490196078433,0.0,0,7,21,30,,51,19,21,6.000000000000003,0.08534850640113793,3.800000000000001,0.054054054054054015,30,19,23
115,A,all_agents,,,40,30,10,0,16,14,0.41706431473380956,0.22995904837679404,0.9937935364107625,0.09634608285711475,795,30,0.75,52,3.7115384615384617,1.4230769230769231,30.975,5099,,,,,,,,,,,,,,,,,,,,,,,,,,,
115,A,participants_only,,,30,30,0,0,16,14,0.4808408388713545,0.2396639914023607,0.9937935364107625,0.11206276326833259,795,30,1.0,52,3.7115384615384617,1.4230769230769231,24.633333333333333,5099,,,,,,,,,,,,,,,,,,,,,,,,,,,
115,A,nonparticipants_only,,,10,0,10,0,0,0,0.2257347423211748,0.22627877349370157,0.29119811513111377,0.0003867012506590686,0,0,0.0,0,0.0,0.0,50.0,0,,,,,,,,,,,,,,,,,,,,,,,,,,,
115,A,step_totals,,,,,,,,,,,,,,,,,,,,,72.20000000000006,,,56.0,0.7756232686980603,7.0,0.09695290858725754,0.0,0.0,0.004523003270363488,0.10714285714285714,0.0,0,6,26,11,,56,14,21,6.000000000000003,0.08310249307479221,3.2000000000000006,0.04432132963988917,30,16,21
116,A,all_agents,,,40,30,10,0,16,14,0.4174461893957897,0.23030808134626551,0.994041794954332,0.0966268712284008,805,30,0.75,52,3.7115384615384617,1.4230769230769231,31.1,5148,,,,,,,,,,,,,,,,,,,,,,,,,,,
116,A,participants_only,,,30,30,0,0,16,14,0.4812319363429644,0.23910447684616679,0.994041794954332,0.11243533099882717,805,30,1.0,52,3.7115384615384617,1.4230769230769231,24.8,5148,,,,,,,,,,,,,,,,,,,,,,,,,,,
116,A,nonparticipants_only,,,10,0,10,0,0,0,0.22608894855426545,0.22731125464933313,0.28974212455545817,0.00037803375381354967,0,0,0.0,0,0.0,0.0,50.0,0,,,,,,,,,,,,,,,,,,,,,,,,,,,
116,A,step_totals,,,,,,,,,,,,,,,,,,,,,70.30000000000005,,,51.0,0.7254623044096723,9.5,0.13513513513513503,0.0,0.0,0.004873191871736844,0.19607843137254902,0.0,0,10,21,30,,51,19,21,6.000000000000003,0.08534850640113795,3.800000000000001,0.05405405405405403,30,19,23
117,A,all_agents,,,40,30,10,0,16,14,0.41788075801064084,0.23010205289315672,0.9942801231561587,0.09715585916020926,813,30,0.75,52,3.7115384615384617,1.4230769230769231,30.975,5201,,,,,,,,,,,,,,,,,,,,,,,,,,,
117,A,participants_only,,,30,30,0,0,16,14,0.4816939819329094,0.23829697018945406,0.9942801231561587,0.11312947893433088,813,30,1.0,52,3.7115384615384617,1.4230769230769231,24.633333333333333,5201,,,,,,,,,,,,,,,,,,,,,,,,,,,
117,A,nonparticipants_only,,,10,0,10,0,0,0,0.22644108624383522,0.22766520686923553,0.2882934139326809,0.00036946926960135945,0,0,0.0,0,0.0,0.0,50.0,0,,,,,,,,,,,,,,,,,,,,,,,,,,,
117,A,step_totals,,,,,,,,,,,,,,,,,,,,,72.20000000000006,,,56.0,0.7756232686980603,7.0,0.09695290858725754,0.0,0.0,0.004734266960137605,0.14285714285714285,0.0,0,8,26,11,,56,14,21,6.000000000000003,0.08310249307479221,3.2000000000000006,0.04432132963988917,30,16,21
118,A,all_agents,,,40,30,10,0,16,14,0.4182415669749527,0.23094394274630187,0.9945089182299123,0.09742551951577151,822,30,0.75,52,3.7115384615384617,1.4230769230769231,31.1,5251,,,,,,,,,,,,,,,,,,,,,,,,,,,
118,A,participants_only,,,30,30,0,0,16,14,0.48205840532204947,0.2378189982780213,0.9945089182299123,0.11348986856954044,822,30,1.0,52,3.7115384615384617,1.4230769230769231,24.8,5251,,,,,,,,,,,,,,,,,,,,,,,,,,,
118,A,nonparticipants_only,,,10,0,10,0,0,0,0.22679105193366236,0.22794214957004852,0.28685194686301746,0.0003614060750309655,0,0,0.0,0,0.0,0.0,50.0,0,,,,,,,,,,,,,,,,,,,,,,,,,,,
118,A,step_totals,,,,,,,,,,,,,,,,,,,,,70.30000000000007,,,51.0,0.7254623044096721,9.5,0.135135135135135,0.0,0.0,0.00480572552461488,0.17647058823529413,0.0,0,9,21,30,,51,19,21,6.000000000000003,0.08534850640113793,3.800000000000001,0.054054054054054015,30,19,23
119,A,all_agents,,,40,30,10,0,16,14,0.4186644276371983,0.23059789354431676,0.9947285615007158,0.09794770078523707,833,30,0.75,52,3.7115384615384617,1.4230769230769231,30.975,5305,,,,,,,,,,,,,,,,,,,,,,,,,,,
119,A,participants_only,,,30,30,0,0,16,14,0.4825063269629223,0.23857789835298224,0.9947285615007158,0.11417567785398598,833,30,1.0,52,3.7115384615384617,1.4230769230769231,24.633333333333333,5305,,,,,,,,,,,,,,,,,,,,,,,,,,,
119,A,nonparticipants_only,,,10,0,10,0,0,0,0.22713872966002643,0.22792060168362074,0.28541768712870236,0.00035431226479988804,0,0,0.0,0,0.0,0.0,50.0,0,,,,,,,,,,,,,,,,,,,,,,,,,,,
119,A,step_totals,,,,,,,,,,,,,,,,,,,,,72.20000000000006,,,56.0,0.7756232686980603,7.0,0.09695290858725754,0.0,0.0,0.0046979641251595995,0.19642857142857142,0.0,0,11,26,11,,56,14,21,6.000000000000003,0.08310249307479221,3.2000000000000006,0.04432132963988917,30,16,21
120,A,all_agents,,,40,30,10,0,16,14,0.41899769790279134,0.23157979407718715,0.9949394190406872,0.09818740757287059,837,30,0.75,52,3.7115384615384617,1.4230769230769231,31.1,5353,,,,,,,,,,,,,,,,,,,,,,,,,,,
120,A,participants_only,,,30,30,0,0,16,14,0.4828355944815372,0.2380229483360836,0.9949394190406872,0.1144992426745816,837,30,1.0,52,3.7115384615384617,1.4230769230769231,24.8,5353,,,,,,,,,,,,,,,,,,,,,,,,,,,
120,A,nonparticipants_only,,,10,0,10,0,0,0,0.22748400816655384,0.22864027691740751,0.28399059869305887,0.00034857779255374576,0,0,0.0,0,0.0,0.0,50.0,0,,,,,,,,,,,,,,,,,,,,,,,,,,,
120,A,step_totals,,,,,,,,,,,,,,,,,,,,,70.30000000000005,,,51.0,0.7254623044096723,9.5,0.13513513513513503,0.0,0.0,0.00471527483624092,0.0784313725490196,0.0,0,4,21,30,,51,19,21,6.000000000000003,0.08534850640113795,3.800000000000001,0.05405405405405403,30,19,23
120,A,reachability,0.25,0.0,,,,,,,,,,,,,,,,,,,,,,,,,,,,,,,,,,,,,,,,,,,,,
121,A,all_agents,,,40,30,10,0,16,14,0.41941621251262967,0.2319001018215757,0.9951418422790597,0.09871356190712625,847,30,0.75,52,3.7115384615384617,1.4230769230769231,30.975,5407,,,,,,,,,,,,,,,,,,,,,,,,,,,
121,A,participants_only,,,30,30,0,0,16,14,0.48327907175983803,0.2390808518935369,0.9951418422790597,0.11519034625767109,847,30,1.0,52,3.7115384615384617,1.4230769230769231,24.633333333333333,5407,,,,,,,,,,,,,,,,,,,,,,,,,,,
121,A,nonparticipants_only,,,10,0,10,0,0,0,0.2278276347710044,0.22899269166539377,0.28257064569959356,0.00034163136074666345,0,0,0.0,0,0.0,0.0,50.0,0,,,,,,,,,,,,,,,,,,,,,,,,,,,
121,A,step_totals,,,,,,,,,,,,,,,,,,,,,72.20000000000006,,,56.0,0.7756232686980603,7.0,0.09695290858725754,0.0,0.0,0.004686072995385136,0.17857142857142858,0.0,0,10,26,11,,56,14,21,6.000000000000003,0.08310249307479221,3.2000000000000006,0.04432132963988917,30,16,21
122,A,all_agents,,,40,30,10,0,16,14,0.4197837850608394,0.232017501742582,0.9953361685878973,0.09898017255185758,855,30,0.75,52,3.7115384615384617,1.4230769230769231,31.1,5458,,,,,,,,,,,,,,,,,,,,,,,,,,,
122,A,participants_only,,,30,30,0,0,16,14,0.4836552450375992,0.23867462856357183,0.9953361685878973,0.11554390014954459,855,30,1.0,52,3.7115384615384617,1.4230769230769231,24.8,5458,,,,,,,,,,,,,,,,,,,,,,,,,,,
122,A,nonparticipants_only,,,10,0,10,0,0,0,0.22816940513055997,0.22967889033628583,0.28115779247109557,0.0003342289640425279,0,0,0.0,0,0.0,0.0,50.0,0,,,,,,,,,,,,,,,,,,,,,,,,,,,
122,A,step_totals,,,,,,,,,,,,,,,,,,,,,70.30000000000007,,,51.0,0.7254623044096721,9.5,0.135135135135135,0.0,0.0,0.004837408676804021,0.1568627450980392,0.0,0,8,21,30,,51,19,21,6.000000000000003,0.08534850640113793,3.800000000000001,0.054054054054054015,30,19,23
123,A,all_agents,,,40,30,10,0,16,14,0.4201797042971588,0.23159221417356984,0.9955227218443814,0.09949442882734383,862,30,0.75,52,3.7115384615384617,1.4230769230769231,30.975,5513,,,,,,,,,,,,,,,,,,,,,,,,,,,
123,A,participants_only,,,30,30,0,0,16,14,0.4840699255389686,0.23886351794452684,0.9955227218443814,0.1162222619567595,862,30,1.0,52,3.7115384615384617,1.4230769230769231,24.633333333333333,5513,,,,,,,,,,,,,,,,,,,,,,,,,,,
123,A,nonparticipants_only,,,10,0,10,0,0,0,0.22850904057172944,0.23025804730303012,0.2797520035087401,0.0003274049951679619,0,0,0.0,0,0.0,0.0,50.0,0,,,,,,,,,,,,,,,,,,,,,,,,,,,
123,A,step_totals,,,,,,,,,,,,,,,,,,,,,72.20000000000006,,,56.0,0.7756232686980603,7.0,0.09695290858725754,0.0,0.0,0.004614315489460479,0.125,0.0,0,7,26,11,,56,14,21,6.000000000000003,0.08310249307479221,3.2000000000000006,0.04432132963988917,30,16,21
124,A,all_agents,,,40,30,10,0,16,14,0.4205254119804778,0.2323252493314999,0.9957018129706061,0.0997483472210174,868,30,0.75,52,3.7115384615384617,1.4230769230769231,31.1,5563,,,,,,,,,,,,,,,,,,,,,,,,,,,
124,A,participants_only,,,30,30,0,0,16,14,0.48441830730770824,0.23811546678025253,0.9957018129706061,0.11656174032111294,868,30,1.0,52,3.7115384615384617,1.4230769230769231,24.8,5563,,,,,,,,,,,,,,,,,,,,,,,,,,,
124,A,nonparticipants_only,,,10,0,10,0,0,0,0.2288467259987866,0.2303298927962074,0.2783532434911964,0.0003205430411737299,0,0,0.0,0,0.0,0.0,50.0,0,,,,,,,,,,,,,,,,,,,,,,,,,,,
124,A,step_totals,,,,,,,,,,,,,,,,,,,,,70.30000000000007,,,51.0,0.7254623044096721,9.5,0.135135135135135,0.0,0.0,0.004767015158473742,0.11764705882352941,0.0,0,6,21,30,,51,19,21,6.000000000000003,0.08534850640113793,3.800000000000001,0.054054054054054015,30,19,23
125,A,all_agents,,,40,30,10,0,16,14,0.42094456090518567,0.23229197597810725,0.9958737404517819,0.10024359713324554,872,30,0.75,52,3.7115384615384617,1.4230769230769231,30.975,5617,,,,,,,,,,,,,,,,,,,,,,,,,,,
125,A,participants_only,,,30,30,0,0,16,14,0.484865467417322,0.23831616045344556,0.9958737404517819,0.1172093147664981,872,30,1.0,52,3.7115384615384617,1.4230769230769231,24.633333333333333,5617,,,,,,,,,,,,,,,,,,,,,,,,,,,
125,A,nonparticipants_only,,,10,0,10,0,0,0,0.2291818413687766,0.23056398401891504,0.27696147727374043,0.00031585676148854653,0,0,0.0,0,0.0,0.0,50.0,0,,,,,,,,,,,,,,,,,,,,,,,,,,,
125,A,step_totals,,,,,,,,,,,,,,,,,,,,,72.20000000000007,,,56.0,0.7756232686980602,7.0,0.09695290858725752,0.0,0.0,0.004693449842876332,0.07142857142857142,0.0,0,4,26,11,,56,14,21,6.000000000000003,0.0831024930747922,3.2000000000000006,0.04432132963988916,30,16,21
126,A,all_agents,,,40,30,10,0,16,14,0.42120883936074915,0.23315504881794363,0.9960387908337106,0.10043579681359457,877,30,0.75,52,3.7115384615384617,1.4230769230769231,31.1,5664,,,,,,,,,,,,,,,,,,,,,,,,,,,
126,A,participants_only,,,30,30,0,0,16,14,0.48510679829478764,0.23712457965117834,0.9960387908337106,0.11747881214483519,877,30,1.0,52,3.7115384615384617,1.4230769230769231,24.8,5664,,,,,,,,,,,,,,,,,,,,,,,,,,,
126,A,nonparticipants_only,,,10,0,10,0,0,0,0.22951496255863377,0.23096591640249364,0.27557666988737173,0.0003113609486399171,0,0,0.0,0,0.0,0.0,50.0,0,,,,,,,,,,,,,,,,,,,,,,,,,,,
126,A,step_totals,,,,,,,,,,,,,,,,,,,,,70.30000000000007,,,51.0,0.7254623044096721,9.5,0.135135135135135,0.0,0.0,0.004492881346990523,0.09803921568627451,0.0,0,5,21,30,,51,19,21,6.000000000000003,0.08534850640113793,3.800000000000001,0.054054054054054015,30,19,23
127,A,all_agents,,,40,30,10,0,16,14,0.42149672940003047,0.23322046129103324,0.9961972392003622,0.10088535803096224,882,30,0.75,52,3.7115384615384617,1.4230769230769231,30.975,5716,,,,,,,,,,,,,,,,,,,,,,,,,,,
127,A,participants_only,,,30,30,0,0,16,14,0.48538013045540995,0.2385120889077746,0.9961972392003622,0.11808760291472446,882,30,1.0,52,3.7115384615384617,1.4230769230769231,24.633333333333333,5716,,,,,,,,,,,,,,,,,,,,,,,,,,,
127,A,nonparticipants_only,,,10,0,10,0,0,0,0.22984652623389196,0.23179789791716976,0.2741987865379349,0.00030555621484603415,0,0,0.0,0,0.0,0.0,50.0,0,,,,,,,,,,,,,,,,,,,,,,,,,,,
127,A,step_totals,,,,,,,,,,,,,,,,,,,,,72.20000000000006,,,56.0,0.7756232686980603,7.0,0.09695290858725754,0.0,0.0,0.004259064650050915,0.08928571428571429,0.0,0,5,26,10,,56,14,21,6.000000000000003,0.08310249307479221,3.2000000000000006,0.04432132963988917,30,16,21
128,A,all_agents,,,40,30,10,0,16,14,0.4218071192325532,0.23369625686451906,0.9963493496323477,0.10112064042939847,888,30,0.75,52,3.7115384615384617,1.4230769230769231,31.1,5767,,,,,,,,,,,,,,,,,,,,,,,,,,,
128,A,participants_only,,,30,30,0,0,16,14,0.48568406443976586,0.23743671000655603,0.9963493496323477,0.11840667496272451,888,30,1.0,52,3.7115384615384617,1.4230769230769231,24.8,5767,,,,,,,,,,,,,,,,,,,,,,,,,,,
128,A,nonparticipants_only,,,10,0,10,0,0,0,0.23017628361091536,0.23205435898457805,0.2728277926052452,0.000299367281357379,0,0,0.0,0,0.0,0.0,50.0,0,,,,,,,,,,,,,,,,,,,,,,,,,,,
128,A,step_totals,,,,,,,,,,,,,,,,,,,,,70.10000000000007,,,51.0,0.7275320970042789,9.5,0.13552068473609116,0.0,0.0,0.004666292983394226,0.11764705882352941,0.0,0,6,21,30,,51,19,21,6.000000000000003,0.08559201141226815,3.600000000000001,0.051355206847360876,30,18,23
129,A,all_agents,,,40,30,10,0,16,14,0.42211532641669464,0.23347691729945313,0.9964953756470538,0.10158135960400128,895,30,0.75,52,3.7115384615384617,1.4230769230769231,30.975,5821,,,,,,,,,,,,,,,,,,,,,,,,,,,
129,A,participants_only,,,30,30,0,0,16,14,0.4859857411336447,0.23913813775964377,0.9964953756470538,0.11902630317893004,895,30,1.0,52,3.7115384615384617,1.4230769230769231,24.633333333333333,5821,,,,,,,,,,,,,,,,,,,,,,,,,,,
129,A,nonparticipants_only,,,10,0,10,0,0,0,0.23050408226584457,0.23252777558019644,0.27146365364221897,0.00029337036583272007,0,0,0.0,0,0.0,0.0,50.0,0,,,,,,,,,,,,,,,,,,,,,,,,,,,
129,A,step_totals,,,,,,,,,,,,,,,,,,,,,72.20000000000006,,,56.0,0.7756232686980603,7.0,0.09695290858725754,0.0,0.0,0.00432913523621362,0.125,0.0,0,7,26,10,,56,14,21,6.000000000000003,0.08310249307479221,3.2000000000000006,0.04432132963988917,30,16,21
130,A,all_agents,,,40,30,10,0,16,14,0.4223705189294639,0.23360280143526757,0.9966355606211716,0.10178485500283035,902,30,0.75,52,3.7115384615384617,1.4230769230769231,31.1,5871,,,,,,,,,,,,,,,,,,,,,,,,,,,
130,A,participants_only,,,30,30,0,0,16,14,0.486217397462589,0.23794244707084553,0.9966355606211716,0.11931153233222248,902,30,1.0,52,3.7115384615384617,1.4230769230769231,24.8,5871,,,,,,,,,,,,,,,,,,,,,,,,,,,
130,A,nonparticipants_only,,,10,0,10,0,0,0,0.23082988333008878,0.23230953271295585,0.27010633537400786,0.00028773623357046096,0,0,0.0,0,0.0,0.0,50.0,0,,,,,,,,,,,,,,,,,,,,,,,,,,,
130,A,step_totals,,,,,,,,,,,,,,,,,,,,,70.10000000000007,,,51.0,0.7275320970042789,9.5,0.13552068473609116,0.0,0.0,0.004480084075780437,0.13725490196078433,0.0,0,7,21,30,,51,19,21,6.000000000000003,0.08559201141226815,3.600000000000001,0.051355206847360876,30,18,23
130,A,reachability,0.25,0.0,,,,,,,,,,,,,,,,,,,,,,,,,,,,,,,,,,,,,,,,,,,,,
131,A,all_agents,,,40,30,10,0,16,14,0.42263311866882114,0.23417740970853695,0.9967701381963248,0.10221491574416054,912,30,0.75,52,3.7115384615384617,1.4230769230769231,30.975,5923,,,,,,,,,,,,,,,,,,,,,,,,,,,
131,A,participants_only,,,30,30,0,0,16,14,0.4864597323666153,0.2386009684890562,0.9967701381963248,0.11989656342815377,912,30,1.0,52,3.7115384615384617,1.4230769230769231,24.633333333333333,5923,,,,,,,,,,,,,,,,,,,,,,,,,,,
131,A,nonparticipants_only,,,10,0,10,0,0,0,0.2311532775754387,0.23301373670694636,0.2687558036971378,0.0002839332986514556,0,0,0.0,0,0.0,0.0,50.0,0,,,,,,,,,,,,,,,,,,,,,,,,,,,
131,A,step_totals,,,,,,,,,,,,,,,,,,,,,72.20000000000006,,,56.0,0.7756232686980603,7.0,0.09695290858725754,0.0,0.0,0.0041787826826516295,0.17857142857142858,0.0,0,10,26,10,,56,14,21,6.000000000000003,0.08310249307479221,3.2000000000000006,0.04432132963988917,30,16,21
132,A,all_agents,,,40,30,10,0,16,14,0.4228547297179569,0.23478733502109875,0.9968993326684717,0.10239031591201944,923,30,0.75,52,3.7115384615384617,1.4230769230769231,31.1,5971,,,,,,,,,,,,,,,,,,,,,,,,,,,
132,A,participants_only,,,30,30,0,0,16,14,0.48664803526352807,0.23740796364661093,0.9968993326684717,0.12014871915037192,923,30,1.0,52,3.7115384615384617,1.4230769230769231,24.8,5971,,,,,,,,,,,,,,,,,,,,,,,,,,,
132,A,nonparticipants_only,,,10,0,10,0,0,0,0.23147481308124337,0.23322175042794396,0.2674120246786521,0.0002800762077947745,0,0,0.0,0,0.0,0.0,50.0,0,,,,,,,,,,,,,,,,,,,,,,,,,,,
132,A,step_totals,,,,,,,,,,,,,,,,,,,,,70.30000000000007,,,51.0,0.7254623044096721,9.5,0.135135135135135,0.0,0.0,0.004354439541533951,0.21568627450980393,0.0,0,11,21,30,,51,19,21,6.000000000000003,0.08534850640113793,3.800000000000001,0.054054054054054015,30,19,23
133,A,all_agents,,,40,30,10,0,16,14,0.4231273973845266,0.23502423318582277,0.9970233593617329,0.10283060754105046,934,30,0.75,52,3.7115384615384617,1.4230769230769231,30.975,6025,,,,,,,,,,,,,,,,,,,,,,,,,,,
133,A,participants_only,,,30,30,0,0,16,14,0.4869049558720166,0.23764905415542698,0.9970233593617329,0.1207453740515048,934,30,1.0,52,3.7115384615384617,1.4230769230769231,24.633333333333333,6025,,,,,,,,,,,,,,,,,,,,,,,,,,,
133,A,nonparticipants_only,,,10,0,10,0,0,0,0.23179472192205652,0.23415723552042966,0.26607496455525886,0.000275384410184851,0,0,0.0,0,0.0,0.0,50.0,0,,,,,,,,,,,,,,,,,,,,,,,,,,,
133,A,step_totals,,,,,,,,,,,,,,,,,,,,,72.20000000000006,,,56.0,0.7756232686980603,7.0,0.09695290858725754,0.0,0.0,0.004213074994728583,0.19642857142857142,0.0,0,11,26,10,,56,14,21,6.000000000000003,0.08310249307479221,3.2000000000000006,0.04432132963988917,30,16,21
134,A,all_agents,,,40,30,10,0,16,14,0.4233904892807565,0.2353540589506069,0.9971424249872636,0.10303638268243168,944,30,0.75,52,3.7115384615384617,1.4230769230769231,31.1,6076,,,,,,,,,,,,,,,,,,,,,,,,,,,
134,A,participants_only,,,30,30,0,0,16,14,0.48714965694607826,0.23646080888464982,0.9971424249872636,0.12103092837989099,944,30,1.0,52,3.7115384615384617,1.4230769230769231,24.8,6076,,,,,,,,,,,,,,,,,,,,,,,,,,,
134,A,nonparticipants_only,,,10,0,10,0,0,0,0.23211298628479116,0.23440568077872595,0.26474458973248255,0.00026996805355832855,0,0,0.0,0,0.0,0.0,50.0,0,,,,,,,,,,,,,,,,,,,,,,,,,,,
134,A,step_totals,,,,,,,,,,,,,,,,,,,,,70.30000000000008,,,51.0,0.725462304409672,9.5,0.13513513513513498,0.0,0.0,0.004498768385605135,0.19607843137254902,0.0,0,10,21,30,,51,19,21,6.000000000000003,0.08534850640113792,3.800000000000001,0.05405405405405401,30,19,23
135,A,all_agents,,,40,30,10,0,16,14,0.4237134449798577,0.23522271599877115,0.997256727987773,0.10347948274656182,950,30,0.75,52,3.7115384615384617,1.4230769230769231,30.975,6130,,,,,,,,,,,,,,,,,,,,,,,,,,,
135,A,participants_only,,,30,30,0,0,16,14,0.48747484395383534,0.23783633539369956,0.997256727987773,0.12162220514915052,950,30,1.0,52,3.7115384615384617,1.4230769230769231,24.633333333333333,6130,,,,,,,,,,,,,,,,,,,,,,,,,,,
135,A,nonparticipants_only,,,10,0,10,0,0,0,0.23242924805792495,0.23479770464898103,0.26342086678382015,0.00026512354937073725,0,0,0.0,0,0.0,0.0,50.0,0,,,,,,,,,,,,,,,,,,,,,,,,,,,
135,A,step_totals,,,,,,,,,,,,,,,,,,,,,72.20000000000006,,,56.0,0.7756232686980603,7.0,0.09695290858725754,0.0,0.0,0.004382146935992909,0.10714285714285714,0.0,0,6,26,10,,56,14,21,6.000000000000003,0.08310249307479221,3.2000000000000006,0.04432132963988917,30,16,21
136,A,all_agents,,,40,30,10,0,16,14,0.42396062905344684,0.2351874149957673,0.997366458868262,0.10367559924761269,958,30,0.75,52,3.7115384615384617,1.4230769230769231,31.1,6181,,,,,,,,,,,,,,,,,,,,,,,,,,,
136,A,participants_only,,,30,30,0,0,16,14,0.48769962089852786,0.23688291973862746,0.997366458868262,0.12189670592962362,958,30,1.0,52,3.7115384615384617,1.4230769230769231,24.8,6181,,,,,,,,,,,,,,,,,,,,,,,,,,,
136,A,nonparticipants_only,,,10,0,10,0,0,0,0.23274365351820375,0.23470841547665877,0.262103762449901,0.0002603702244522408,0,0,0.0,0,0.0,0.0,50.0,0,,,,,,,,,,,,,,,,,,,,,,,,,,,
136,A,step_totals,,,,,,,,,,,,,,,,,,,,,70.30000000000005,,,51.0,0.7254623044096723,9.5,0.13513513513513503,0.0,0.0,0.004447354258974507,0.1568627450980392,0.0,0,8,21,30,,51,19,21,6.000000000000003,0.08534850640113795,3.800000000000001,0.05405405405405403,30,19,23
137,A,all_agents,,,40,30,10,0,16,14,0.4242561341572169,0.23579468912969792,0.9974718005135316,0.10409427652466932,962,30,0.75,52,3.7115384615384617,1.4230769230769231,30.975,6235,,,,,,,,,,,,,,,,,,,,,,,,,,,
137,A,participants_only,,,30,30,0,0,16,14,0.4879895789213903,0.23843475385516671,0.9974718005135316,0.12245884300488559,962,30,1.0,52,3.7115384615384617,1.4230769230769231,24.633333333333333,6235,,,,,,,,,,,,,,,,,,,,,,,,,,,
137,A,nonparticipants_only,,,10,0,10,0,0,0,0.23305579986469696,0.23542919793581113,0.26240571063296736,0.00025715330592534293,0,0,0.0,0,0.0,0.0,50.0,0,,,,,,,,,,,,,,,,,,,,,,,,,,,
137,A,step_totals,,,,,,,,,,,,,,,,,,,,,72.20000000000007,,,56.0,0.7756232686980602,7.0,0.09695290858725752,0.0,0.0,0.00429713311427178,0.07142857142857142,0.0,0,4,26,10,,56,14,21,6.000000000000003,0.0831024930747922,3.2000000000000006,0.04432132963988916,30,16,21
138,A,all_agents,,,40,30,10,0,16,14,0.42448598403972115,0.2362852162009564,0.9975729284929903,0.10428193674310571,970,30,0.75,52,3.7115384615384617,1.4230769230769231,31.1,6286,,,,,,,,,,,,,,,,,,,,,,,,,,,
138,A,participants_only,,,30,30,0,0,16,14,0.48819263459918055,0.2372425800858909,0.9975729284929903,0.12272366694347622,970,30,1.0,52,3.7115384615384617,1.4230769230769231,24.8,6286,,,,,,,,,,,,,,,,,,,,,,,,,,,
138,A,nonparticipants_only,,,10,0,10,0,0,0,0.23336603236134298,0.23574797186009327,0.26212786104587665,0.00025429823593337383,0,0,0.0,0,0.0,0.0,50.0,0,,,,,,,,,,,,,,,,,,,,,,,,,,,
138,A,step_totals,,,,,,,,,,,,,,,,,,,,,70.30000000000007,,,51.0,0.7254623044096721,9.5,0.135135135135135,0.0,0.0,0.004389361871357816,0.1568627450980392,0.0,0,8,21,30,,51,19,21,6.000000000000003,0.08534850640113793,3.800000000000001,0.054054054054054015,30,19,21
139,A,all_agents,,,40,30,10,0,16,14,0.42472421283385575,0.23674114134234447,0.9976700113532707,0.10469429001098407,984,30,0.75,52,3.7115384615384617,1.4230769230769231,30.975,6340,,,,,,,,,,,,,,,,,,,,,,,,,,,
139,A,participants_only,,,30,30,0,0,16,14,0.4884073534892671,0.2378196778774095,0.9976700113532707,0.12328678516391303,984,30,1.0,52,3.7115384615384617,1.4230769230769231,24.633333333333333,6340,,,,,,,,,,,,,,,,,,,,,,,,,,,
139,A,nonparticipants_only,,,10,0,10,0,0,0,0.23367479086762152,0.23636866734576006,0.26220226744471214,0.00025029570735420054,0,0,0.0,0,0.0,0.0,50.0,0,,,,,,,,,,,,,,,,,,,,,,,,,,,
139,A,step_totals,,,,,,,,,,,,,,,,,,,,,72.20000000000006,,,56.0,0.7756232686980603,7.0,0.09695290858725754,0.0,0.0,0.004107417071722129,0.25,0.0,0,14,26,10,,56,14,21,6.000000000000003,0.08310249307479221,3.2000000000000006,0.04432132963988917,30,16,21
140,A,all_agents,,,40,30,10,0,16,14,0.4249372491675213,0.23682081974550823,0.9977632108991399,0.1048711798163797,995,30,0.75,52,3.7115384615384617,1.4230769230769231,31.1,6389,,,,,,,,,,,,,,,,,,,,,,,,,,,
140,A,participants_only,,,30,30,0,0,16,14,0.4885890477256319,0.23663057948802246,0.9977632108991399,0.12354004434554934,995,30,1.0,52,3.7115384615384617,1.4230769230769231,24.8,6389,,,,,,,,,,,,,,,,,,,,,,,,,,,
140,A,nonparticipants_only,,,10,0,10,0,0,0,0.23398185349318962,0.23682081974550823,0.2610654604956652,0.000245968712683327,0,0,0.0,0,0.0,0.0,50.0,0,,,,,,,,,,,,,,,,,,,,,,,,,,,
140,A,step_totals,,,,,,,,,,,,,,,,,,,,,70.10000000000005,,,51.0,0.7275320970042791,9.5,0.1355206847360912,0.0,0.0,0.004345797268726293,0.21568627450980393,0.0,0,11,21,30,,51,19,21,6.000000000000003,0.08559201141226816,3.600000000000001,0.05135520684736089,30,18,21
140,A,reachability,0.25,0.0,,,,,,,,,,,,,,,,,,,,,,,,,,,,,,,,,,,,,,,,,,,,,
141,A,all_agents,,,40,30,10,0,16,14,0.4252151502442143,0.23665466550173422,0.9978526824631743,0.1052891453749927,999,30,0.75,52,3.7115384615384617,1.4230769230769231,30.975,6443,,,,,,,,,,,,,,,,,,,,,,,,,,,
141,A,participants_only,,,30,30,0,0,16,14,0.48885784938003257,0.23636200807729052,0.9978526824631743,0.12410330692682597,999,30,1.0,52,3.7115384615384617,1.4230769230769231,24.633333333333333,6443,,,,,,,,,,,,,,,,,,,,,,,,,,,
141,A,nonparticipants_only,,,10,0,10,0,0,0,0.23428705283675946,0.2369426751282549,0.26125187368200176,0.0002419428799854831,0,0,0.0,0,0.0,0.0,50.0,0,,,,,,,,,,,,,,,,,,,,,,,,,,,
141,A,step_totals,,,,,,,,,,,,,,,,,,,,,72.20000000000006,,,56.0,0.7756232686980603,7.0,0.09695290858725754,0.0,0.0,0.004239016874545714,0.07142857142857142,0.0,0,4,26,10,,56,14,21,6.000000000000003,0.08310249307479221,3.2000000000000006,0.04432132963988917,30,16,21
142,A,all_agents,,,40,30,10,0,16,14,0.4253903627207342,0.23612767992451061,0.9979385751646473,0.10543901600240968,1007,30,0.75,52,3.7115384615384617,1.4230769230769231,31.1,6491,,,,,,,,,,,,,,,,,,,,,,,,,,,
142,A,participants_only,,,30,30,0,0,16,14,0.48899030940649624,0.23518019803690404,0.9979385751646473,0.12432628098590749,1007,30,1.0,52,3.7115384615384617,1.4230769230769231,24.8,6491,,,,,,,,,,,,,,,,,,,,,,,,,,,
142,A,nonparticipants_only,,,10,0,10,0,0,0,0.23459052266344813,0.23717082647276216,0.26100161870381966,0.0002377824307349831,0,0,0.0,0,0.0,0.0,50.0,0,,,,,,,,,,,,,,,,,,,,,,,,,,,
142,A,step_totals,,,,,,,,,,,,,,,,,,,,,70.30000000000007,,,51.0,0.7254623044096721,9.5,0.135135135135135,0.0,0.0,0.004205867442908936,0.1568627450980392,0.0,0,8,21,30,,51,19,21,6.000000000000003,0.08534850640113793,3.800000000000001,0.054054054054054015,30,19,21
143,A,all_agents,,,40,30,10,0,16,14,0.425671582167018,0.23676740884934339,0.9980210321580615,0.1058677980249275,1020,30,0.75,52,3.7115384615384617,1.4230769230769231,30.975,6547,,,,,,,,,,,,,,,,,,,,,,,,,,,
143,A,participants_only,,,30,30,0,0,16,14,0.4892648776830372,0.2346472016818732,0.9980210321580615,0.1249021333709874,1020,30,1.0,52,3.7115384615384617,1.4230769230769231,24.633333333333333,6547,,,,,,,,,,,,,,,,,,,,,,,,,,,
143,A,nonparticipants_only,,,10,0,10,0,0,0,0.23489169561896037,0.23753439117583308,0.2633517336857924,0.00023550517169481877,0,0,0.0,0,0.0,0.0,50.0,0,,,,,,,,,,,,,,,,,,,,,,,,,,,
143,A,step_totals,,,,,,,,,,,,,,,,,,,,,72.20000000000005,,,56.0,0.7756232686980604,7.0,0.09695290858725755,0.0,0.0,0.004249315032965279,0.23214285714285715,0.0,0,13,26,10,,56,14,21,6.000000000000003,0.08310249307479223,3.2000000000000006,0.044321329639889176,30,16,21
144,A,all_agents,,,40,30,10,0,16,14,0.425855980051905,0.23721349615306356,0.9981001908717391,0.10602813197020036,1026,30,0.75,52,3.7115384615384617,1.4230769230769231,31.1,6597,,,,,,,,,,,,,,,,,,,,,,,,,,,
144,A,participants_only,,,30,30,0,0,16,14,0.48941093525320106,0.2343636732597822,0.9981001908717391,0.12513616478545284,1026,30,1.0,52,3.7115384615384617,1.4230769230769231,24.8,6597,,,,,,,,,,,,,,,,,,,,,,,,,,,
144,A,nonparticipants_only,,,10,0,10,0,0,0,0.23519111444801682,0.23828695335967745,0.26308347094706036,0.0002332455567780042,0,0,0.0,0,0.0,0.0,50.0,0,,,,,,,,,,,,,,,,,,,,,,,,,,,
144,A,step_totals,,,,,,,,,,,,,,,,,,,,,70.30000000000005,,,51.0,0.7254623044096723,9.5,0.13513513513513503,0.0,0.0,0.004238227506520656,0.11764705882352941,0.0,0,6,21,30,,51,19,21,6.000000000000003,0.08534850640113795,3.800000000000001,0.05405405405405403,30,19,21
145,A,all_agents,,,40,30,10,0,16,14,0.4260959900154503,0.23763925649841794,0.9981761832368695,0.10642784231425619,1035,30,0.75,52,3.7115384615384617,1.4230769230769231,30.975,6651,,,,,,,,,,,,,,,,,,,,,,,,,,,
145,A,participants_only,,,30,30,0,0,16,14,0.4896316516169546,0.23517180290651557,0.9981761832368695,0.12567992128037103,1035,30,1.0,52,3.7115384615384617,1.4230769230769231,24.633333333333333,6651,,,,,,,,,,,,,,,,,,,,,,,,,,,
145,A,nonparticipants_only,,,10,0,10,0,0,0,0.23548900521093738,0.23825387429215172,0.2631553100472721,0.00023024187422122225,0,0,0.0,0,0.0,0.0,50.0,0,,,,,,,,,,,,,,,,,,,,,,,,,,,
145,A,step_totals,,,,,,,,,,,,,,,,,,,,,72.20000000000006,,,56.0,0.7756232686980603,7.0,0.09695290858725754,0.0,0.0,0.004115128626818163,0.16071428571428573,0.0,0,9,26,10,,56,14,21,6.000000000000003,0.08310249307479221,3.2000000000000006,0.04432132963988917,30,16,22
146,A,all_agents,,,40,30,10,0,16,14,0.42624218260181373,0.23746132362799463,0.9982491359073947,0.10655979632647215,1042,30,0.75,52,3.7115384615384617,1.4230769230769231,31.1,6701,,,,,,,,,,,,,,,,,,,,,,,,,,,
146,A,participants_only,,,30,30,0,0,16,14,0.4897278012227825,0.23512682237231897,0.9982491359073947,0.12588247237509415,1042,30,1.0,52,3.7115384615384617,1.4230769230769231,24.8,6701,,,,,,,,,,,,,,,,,,,,,,,,,,,
146,A,nonparticipants_only,,,10,0,10,0,0,0,0.23578532673890756,0.23867162454122165,0.2620577271832697,0.0002266829203610771,0,0,0.0,0,0.0,0.0,50.0,0,,,,,,,,,,,,,,,,,,,,,,,,,,,
146,A,step_totals,,,,,,,,,,,,,,,,,,,,,70.30000000000005,,,51.0,0.7254623044096723,9.5,0.13513513513513503,0.0,0.0,0.004110257972661553,0.13725490196078433,0.0,0,7,21,30,,51,19,21,6.000000000000003,0.08534850640113795,3.800000000000001,0.05405405405405403,30,19,21
147,A,all_agents,,,40,30,10,0,16,14,0.42644461122787597,0.23805159127042594,0.998319170471099,0.10695432413842923,1049,30,0.75,52,3.7115384615384617,1.4230769230769231,30.975,6755,,,,,,,,,,,,,,,,,,,,,,,,,,,
147,A,participants_only,,,30,30,0,0,16,14,0.48989951158270145,0.23539073341502614,0.998319170471099,0.12642526832716164,1049,30,1.0,52,3.7115384615384617,1.4230769230769231,24.633333333333333,6755,,,,,,,,,,,,,,,,,,,,,,,,,,,
147,A,nonparticipants_only,,,10,0,10,0,0,0,0.2360799101633995,0.23874974849689568,0.2622377084185345,0.00022319902374198151,0,0,0.0,0,0.0,0.0,50.0,0,,,,,,,,,,,,,,,,,,,,,,,,,,,
147,A,step_totals,,,,,,,,,,,,,,,,,,,,,72.20000000000006,,,56.0,0.7756232686980603,7.0,0.09695290858725754,0.0,0.0,0.003990627512894177,0.125,0.0,0,7,26,10,,56,14,21,6.000000000000003,0.08310249307479221,3.2000000000000006,0.04432132963988917,30,16,22
148,A,all_agents,,,40,30,10,0,16,14,0.4265897255687476,0.2375842285378325,0.9983864036522551,0.10708167962533818,1055,30,0.75,52,3.7115384615384617,1.4230769230769231,31.1,6803,,,,,,,,,,,,,,,,,,,,,,,,,,,
148,A,participants_only,,,30,30,0,0,16,14,0.4899953969336425,0.23468540100428537,0.9983864036522551,0.12662113163992095,1055,30,1.0,52,3.7115384615384617,1.4230769230769231,24.8,6803,,,,,,,,,,,,,,,,,,,,,,,,,,,
148,A,nonparticipants_only,,,10,0,10,0,0,0,0.23637271147406294,0.23886304664150143,0.26199608817165426,0.00021997364679332253,0,0,0.0,0,0.0,0.0,50.0,0,,,,,,,,,,,,,,,,,,,,,,,,,,,
148,A,step_totals,,,,,,,,,,,,,,,,,,,,,70.30000000000007,,,51.0,0.7254623044096721,9.5,0.135135135135135,0.0,0.0,0.004108108374835675,0.11764705882352941,0.0,0,6,21,30,,51,19,21,6.000000000000003,0.08534850640113793,3.800000000000001,0.054054054054054015,30,19,21
149,A,all_agents,,,40,30,10,0,16,14,0.42681030679006804,0.23766873140829392,0.9984509475061648,0.1074695522849508,1067,30,0.75,52,3.7115384615384617,1.4230769230769231,30.975,6857,,,,,,,,,,,,,,,,,,,,,,,,,,,
149,A,participants_only,,,30,30,0,0,16,14,0.49019261369436784,0.23490482900410786,0.9984509475061648,0.12715072095704824,1067,30,1.0,52,3.7115384615384617,1.4230769230769231,24.633333333333333,6857,,,,,,,,,,,,,,,,,,,,,,,,,,,
149,A,nonparticipants_only,,,10,0,10,0,0,0,0.23666338607716877,0.23921406700461695,0.2642651154104576,0.00021824432652830034,0,0,0.0,0,0.0,0.0,50.0,0,,,,,,,,,,,,,,,,,,,,,,,,,,,
149,A,step_totals,,,,,,,,,,,,,,,,,,,,,72.20000000000006,,,56.0,0.7756232686980603,7.0,0.09695290858725754,0.0,0.0,0.004050299748122756,0.21428571428571427,0.0,0,12,26,10,,56,14,21,6.000000000000003,0.08310249307479221,3.2000000000000006,0.04432132963988917,30,16,22
150,A,all_agents,,,40,30,10,0,16,14,0.42696269785592667,0.23801799666959386,0.9985129096059182,0.10760529075921121,1076,30,0.75,52,3.7115384615384617,1.4230769230769231,31.1,6907,,,,,,,,,,,,,,,,,,,,,,,,,,,
150,A,participants_only,,,30,30,0,0,16,14,0.4902995087219393,0.23460066698014337,0.9985129096059182,0.12735522015886014,1076,30,1.0,52,3.7115384615384617,1.4230769230769231,24.8,6907,,,,,,,,,,,,,,,,,,,,,,,,,,,
150,A,nonparticipants_only,,,10,0,10,0,0,0,0.2369522652578889,0.2399406629827434,0.2640061087380147,0.00021688323213975424,0,0,0.0,0,0.0,0.0,50.0,0,,,,,,,,,,,,,,,,,,,,,,,,,,,
150,A,step_totals,,,,,,,,,,,,,,,,,,,,,70.30000000000005,,,51.0,0.7254623044096723,9.5,0.13513513513513503,0.0,0.0,0.0041340799623665325,0.17647058823529413,0.0,0,9,21,30,,51,19,21,6.000000000000003,0.08534850640113795,3.800000000000001,0.05405405405405403,30,19,21
150,A,reachability,0.25,0.0,,,,,,,,,,,,,,,,,,,,,,,,,,,,,,,,,,,,,,,,,,,,,
151,A,all_agents,,,40,30,10,0,16,14,0.4271698512099073,0.23875260504411738,0.9985723932216815,0.10798602377843929,1082,30,0.75,52,3.7115384615384617,1.4230769230769231,30.975,6962,,,,,,,,,,,,,,,,,,,,,,,,,,,
151,A,participants_only,,,30,30,0,0,16,14,0.49047988987642593,0.23404376081042486,0.9985723932216815,0.12787719768543074,1082,30,1.0,52,3.7115384615384617,1.4230769230769231,24.633333333333333,6962,,,,,,,,,,,,,,,,,,,,,,,,,,,
151,A,nonparticipants_only,,,10,0,10,0,0,0,0.2372397352103514,0.23990872526657814,0.26407546912099256,0.00021457010599187007,0,0,0.0,0,0.0,0.0,50.0,0,,,,,,,,,,,,,,,,,,,,,,,,,,,
151,A,step_totals,,,,,,,,,,,,,,,,,,,,,72.00000000000007,,,56.0,0.777777777777777,7.0,0.09722222222222213,0.0,0.0,0.004017293393926058,0.10714285714285714,0.0,0,6,26,10,,56,14,20,6.000000000000003,0.08333333333333329,3.0000000000000004,0.04166666666666663,30,15,21
152,A,all_agents,,,40,30,10,0,16,14,0.4273123953889667,0.23870918164024524,0.9986294974928142,0.10811379713031226,1092,30,0.75,52,3.7115384615384617,1.4230769230769231,31.1,7013,,,,,,,,,,,,,,,,,,,,,,,,,,,
152,A,participants_only,,,30,30,0,0,16,14,0.4905746107993647,0.2338963795060966,0.9986294974928142,0.12807279361596646,1092,30,1.0,52,3.7115384615384617,1.4230769230769231,24.8,7013,,,,,,,,,,,,,,,,,,,,,,,,,,,
152,A,nonparticipants_only,,,10,0,10,0,0,0,0.23752574915777264,0.24031206157200474,0.2630157569646219,0.00021151288977042,0,0,0.0,0,0.0,0.0,50.0,0,,,,,,,,,,,,,,,,,,,,,,,,,,,
152,A,step_totals,,,,,,,,,,,,,,,,,,,,,70.30000000000007,,,51.0,0.7254623044096721,9.5,0.135135135135135,0.0,0.0,0.0041023075305431644,0.19607843137254902,0.0,0,10,21,30,,51,19,21,6.000000000000003,0.08534850640113793,3.800000000000001,0.054054054054054015,30,19,21
153,A,all_agents,,,40,30,10,0,16,14,0.4274655955587207,0.23911050126414468,0.9986843175931016,0.10845334835549739,1096,30,0.75,52,3.7115384615384617,1.4230769230769231,30.975,7065,,,,,,,,,,,,,,,,,,,,,,,,,,,
153,A,participants_only,,,30,30,0,0,16,14,0.49068409345885505,0.23466834644423998,0.9986843175931016,0.12854866149783034,1096,30,1.0,52,3.7115384615384617,1.4230769230769231,24.633333333333333,7065,,,,,,,,,,,,,,,,,,,,,,,,,,,
153,A,nonparticipants_only,,,10,0,10,0,0,0,0.23781010185831794,0.24038748995946116,0.26318952817514646,0.00020846720750712124,0,0,0.0,0,0.0,0.0,50.0,0,,,,,,,,,,,,,,,,,,,,,,,,,,,
153,A,step_totals,,,,,,,,,,,,,,,,,,,,,72.40000000000006,,,56.0,0.7734806629834248,7.0,0.0966850828729281,0.0,0.0,0.0038166601213598,0.07142857142857142,0.0,0,4,26,10,,56,14,20,6.000000000000003,0.08287292817679555,3.400000000000001,0.0469613259668508,30,17,21
154,A,all_agents,,,40,30,10,0,16,14,0.4275808385293516,0.23918555250966383,0.9987369448893776,0.10855842233488094,1100,30,0.75,52,3.7115384615384617,1.4230769230769231,31.1,7115,,,,,,,,,,,,,,,,,,,,,,,,,,,
154,A,participants_only,,,30,30,0,0,16,14,0.4907435178956943,0.2346258473685977,0.9987369448893776,0.12871798757635405,1100,30,1.0,52,3.7115384615384617,1.4230769230769231,24.8,7115,,,,,,,,,,,,,,,,,,,,,,,,,,,
154,A,nonparticipants_only,,,10,0,10,0,0,0,0.23809280043032358,0.24049687889497637,0.26295624472909246,0.00020543783363664845,0,0,0.0,0,0.0,0.0,50.0,0,,,,,,,,,,,,,,,,,,,,,,,,,,,
154,A,step_totals,,,,,,,,,,,,,,,,,,,,,70.30000000000007,,,51.0,0.7254623044096721,9.5,0.135135135135135,0.0,0.0,0.00400981247753396,0.0784313725490196,0.0,0,4,21,30,,51,19,21,6.000000000000003,0.08534850640113793,3.800000000000001,0.054054054054054015,30,19,21
155,A,all_agents,,,40,30,10,0,16,14,0.4277847554785876,0.23907090518604435,0.9987874670938025,0.1089430086945892,1112,30,0.75,52,3.7115384615384617,1.4230769230769231,30.975,7171,,,,,,,,,,,,,,,,,,,,,,,,,,,
155,A,participants_only,,,30,30,0,0,16,14,0.49092185874674205,0.2347544770979429,0.9987874670938025,0.12924421942481767,1112,30,1.0,52,3.7115384615384617,1.4230769230769231,24.633333333333333,7171,,,,,,,,,,,,,,,,,,,,,,,,,,,
155,A,nonparticipants_only,,,10,0,10,0,0,0,0.23837344567412427,0.24083578774471065,0.2651469820546806,0.00020385079478058623,0,0,0.0,0,0.0,0.0,50.0,0,,,,,,,,,,,,,,,,,,,,,,,,,,,
155,A,step_totals,,,,,,,,,,,,,,,,,,,,,72.00000000000007,,,56.0,0.777777777777777,7.0,0.09722222222222213,0.0,0.0,0.004006515628760169,0.21428571428571427,0.0,0,12,26,10,,56,14,20,6.000000000000003,0.08333333333333329,3.0000000000000004,0.04166666666666663,30,15,21
156,A,all_agents,,,40,30,10,0,16,14,0.427908938313604,0.23866974981188246,0.9988359684100504,0.10905655071905512,1122,30,0.75,52,3.7115384615384617,1.4230769230769231,31.1,7222,,,,,,,,,,,,,,,,,,,,,,,,,,,
156,A,participants_only,,,30,30,0,0,16,14,0.49099446527003315,0.23420390793826615,0.9988359684100504,0.12942206009897167,1122,30,1.0,52,3.7115384615384617,1.4230769230769231,24.8,7222,,,,,,,,,,,,,,,,,,,,,,,,,,,
156,A,nonparticipants_only,,,10,0,10,0,0,0,0.23865235744431645,0.24153731344818496,0.2648969120796739,0.00020261804286121927,0,0,0.0,0,0.0,0.0,50.0,0,,,,,,,,,,,,,,,,,,,,,,,,,,,
156,A,step_totals,,,,,,,,,,,,,,,,,,,,,70.30000000000007,,,51.0,0.7254623044096721,9.5,0.135135135135135,0.0,0.0,0.004041497646946714,0.19607843137254902,0.0,0,10,21,30,,51,19,21,6.000000000000003,0.08534850640113793,3.800000000000001,0.054054054054054015,30,19,21
