step,condition,population,skill_reachability,resource_reachability,n_agents,maker_count,stage_consumer,stage_customizer,stage_maker,stage_advanced_maker,skill_mean,skill_median,skill_max,skill_var,method_count_total,method_holders,method_adoption_rate,method_peer_held,knowledge_diffusion_lag_mean,hop_count_mean,latent_distributed_resources,completed_projects_total,time_total,time_practice,time_share_practice,time_observe,time_share_observe,time_make,time_share_make,time_idle,time_share_idle,skill_gain_per_time,method_self_discovery_per_time,method_peer_acquisition_per_time,peer_acquired_count,self_discovered_count,reject_time_budget_exceeded,reject_missing_asset,count_practice,count_observe,count_make,count_idle,time_ask,time_share_ask,time_share,time_share_share,count_ask,count_share,reject_insufficient_material
0,C,reachability,0.775,0.0,,,,,,,,,,,,,,,,,,,,,,,,,,,,,,,,,,,,,,,,,,,,,
1,C,all_agents,,,40,0,17,23,0,0,0.15927375817194317,0.13926775386100795,0.4629241935927738,0.010408859123466117,4,4,0.1,0,0.0,0.0,25.85,29,,,,,,,,,,,,,,,,,,,,,,,,,,,
1,C,participants_only,,,30,0,7,23,0,0,0.1621685576007071,0.14391722978551952,0.4629241935927738,0.010504398321744008,4,4,0.13333333333333333,0,0.0,0.0,24.466666666666665,29,,,,,,,,,,,,,,,,,,,,,,,,,,,
1,C,nonparticipants_only,,,10,0,10,0,0,0,0.1505893598856514,0.1248080947789153,0.42249825525007495,0.010021683163839184,0,0,0.0,0,0.0,0.0,30.0,0,,,,,,,,,,,,,,,,,,,,,,,,,,,
1,C,step_totals,,,,,,,,,,,,,,,,,,,,,83.99999999999999,20.0,0.23809523809523814,4.000000000000002,0.04761904761904765,60.0,0.7142857142857144,0.0,0.0,0.018958448569915468,0.06666666666666667,0.0,0,4,30,14,40,40,60,32,,,,,,,
2,C,all_agents,,,40,3,13,24,3,0,0.16575178614029804,0.14518560087646887,0.4844072258490629,0.010356396031331016,8,7,0.175,0,0.0,0.0,26.7,63,,,,,,,,,,,,,,,,,,,,,,,,,,,
2,C,participants_only,,,30,3,3,24,3,0,0.17051414704709658,0.15179968855618797,0.4844072258490629,0.01051930696764586,8,7,0.23333333333333334,0,0.0,0.0,23.933333333333334,63,,,,,,,,,,,,,,,,,,,,,,,,,,,
2,C,nonparticipants_only,,,10,0,10,0,0,0,0.15146470341990242,0.12418405430502072,0.4203857639738246,0.009595502245507245,0,0,0.0,0,0.0,0.0,35.0,0,,,,,,,,,,,,,,,,,,,,,,,,,,,
2,C,step_totals,,,,,,,,,,,,,,,,,,,,,88.0,20.0,0.22727272727272727,4.000000000000002,0.04545454545454548,60.0,0.6818181818181818,0.0,0.0,0.01910701831210553,0.06666666666666667,0.0,0,4,22,13,40,40,60,32,3.400000000000001,0.03863636363636364,0.6000000000000001,0.00681818181818182,17,3,
3,C,all_agents,,,40,4,10,26,4,0,0.17201111088499974,0.15166266876089451,0.5050309368151004,0.010565062434872265,9,8,0.2,0,0.0,0.0,28.075,97,,,,,,,,,,,,,,,,,,,,,,,,,,,
3,C,participants_only,,,30,4,0,26,4,0,0.17857189912804886,0.1649164123724711,0.5050309368151004,0.010848277557984412,9,8,0.26666666666666666,0,0.0,0.0,24.1,97,,,,,,,,,,,,,,,,,,,,,,,,,,,
3,C,nonparticipants_only,,,10,0,10,0,0,0,0.15232874615585237,0.12356313403349561,0.41828383515395545,0.00919888975709425,0,0,0.0,0,0.0,0.0,40.0,0,,,,,,,,,,,,,,,,,,,,,,,,,,,
3,C,step_totals,,,,,,,,,,,,,,,,,,,,,88.5,20.0,0.22598870056497175,3.900000000000002,0.04406779661016952,60.0,0.6779661016949152,0.0,0.0,0.01839181206151339,0.016666666666666666,0.0,0,1,20,12,40,39,60,32,3.400000000000001,0.03841807909604521,1.2,0.013559322033898305,17,6,
4,C,all_agents,,,40,4,10,26,4,0,0.17759424215029196,0.15847591981270304,0.5248296993424963,0.010697076360310894,14,11,0.275,0,0.0,0.0,29.775,126,,,,,,,,,,,,,,,,,,,,,,,,,,,
4,C,participants_only,,,30,4,0,26,4,0,0.1857313991213603,0.16738587282835618,0.5248296993424963,0.011055764683646071,14,11,0.36666666666666664,0,0.0,0.0,24.7,126,,,,,,,,,,,,,,,,,,,,,,,,,,,
4,C,nonparticipants_only,,,10,0,10,0,0,0,0.15318277123708698,0.12294531836332814,0.4161924159781857,0.008826451507443689,0,0,0.0,0,0.0,0.0,45.0,0,,,,,,,,,,,,,,,,,,,,,,,,,,,
4,C,step_totals,,,,,,,,,,,,,,,,,,,,,87.60000000000002,20.0,0.22831050228310495,3.800000000000002,0.043378995433789966,57.0,0.6506849315068491,0.0,0.0,0.016820216222156126,0.08771929824561403,0.0,0,5,9,23,40,38,57,37,5.400000000000002,0.06164383561643837,1.4,0.015981735159817347,27,7,21
5,C,all_agents,,,40,5,10,25,5,0,0.182503776175413,0.1576835402136395,0.5438365113687965,0.010872203686526416,17,12,0.3,0,0.0,0.0,31.475,149,,,,,,,,,,,,,,,,,,,,,,,,,,,
5,C,participants_only,,,30,5,0,25,5,0,0.19199599825935051,0.1713288815258941,0.5438365113687965,0.011310259386877934,17,12,0.4,0,0.0,0.0,25.3,149,,,,,,,,,,,,,,,,,,,,,,,,,,,
5,C,nonparticipants_only,,,10,0,10,0,0,0,0.1540271099236004,0.12233059177151151,0.41411145389829473,0.008476809224382369,0,0,0.0,0,0.0,0.0,50.0,0,,,,,,,,,,,,,,,,,,,,,,,,,,,
5,C,step_totals,,,,,,,,,,,,,,,,,,,,,87.80000000000004,20.0,0.2277904328018222,3.600000000000002,0.04100227790432802,57.0,0.6492027334851933,0.0,0.0,0.014913928441623744,0.05263157894736842,0.0,0,3,10,20,40,36,57,37,5.000000000000002,0.05694760820045557,2.1999999999999997,0.02505694760820044,25,11,23
6,C,all_agents,,,40,5,10,25,5,0,0.18705696037106284,0.16104995200801409,0.5620830509140446,0.010989992682715399,21,16,0.4,0,0.0,0.0,31.675,170,,,,,,,,,,,,,,,,,,,,,,,,,,,
6,C,participants_only,,,30,5,0,25,5,0,0.19778822207722382,0.17322527196993903,0.5620830509140446,0.011477988351952392,21,16,0.5333333333333333,0,0.0,0.0,25.566666666666666,170,,,,,,,,,,,,,,,,,,,,,,,,,,,
6,C,nonparticipants_only,,,10,0,10,0,0,0,0.15486317525257984,0.12171893881265394,0.4120408966288033,0.008144085941331012,0,0,0.0,0,0.0,0.0,50.0,0,,,,,,,,,,,,,,,,,,,,,,,,,,,
6,C,step_totals,,,,,,,,,,,,,,,,,,,,,85.40000000000005,20.0,0.23419203747072587,3.0000000000000013,0.0351288056206089,54.0,0.6323185011709598,0.0,0.0,0.014447307596208357,0.07407407407407407,0.0,0,4,8,33,40,30,54,38,6.000000000000003,0.0702576112412178,2.4,0.028103044496487102,30,12,34
7,C,all_agents,,,40,6,10,24,6,0,0.19233542558077626,0.16463957754883649,0.5795997288774829,0.011271484692194808,29,19,0.475,0,0.0,0.0,31.85,198,,,,,,,,,,,,,,,,,,,,,,,,,,,
7,C,participants_only,,,30,6,0,24,6,0,0.2045504749292572,0.17934000079935353,0.5795997288774829,0.011821474916282505,29,19,0.6333333333333333,0,0.0,0.0,25.8,198,,,,,,,,,,,,,,,,,,,,,,,,,,,
7,C,nonparticipants_only,,,10,0,10,0,0,0,0.15569027753533346,0.12117063298149003,0.40998069214565924,0.00783102485290183,0,0,0.0,0,0.0,0.0,50.0,0,,,,,,,,,,,,,,,,,,,,,,,,,,,
7,C,step_totals,,,,,,,,,,,,,,,,,,,,,88.40000000000008,20.0,0.22624434389140252,0.7999999999999999,0.0090497737556561,59.0,0.6674208144796374,0.0,0.0,0.015871050528486624,0.13559322033898305,0.0,0,8,19,24,40,8,59,38,5.400000000000002,0.0610859728506787,3.2000000000000006,0.03619909502262441,27,16,30
8,C,all_agents,,,40,7,10,23,7,0,0.197313530356253,0.17112126855187887,0.5964157397223836,0.011547274705548909,31,21,0.525,0,0.0,0.0,32.25,225,,,,,,,,,,,,,,,,,,,,,,,,,,,
8,C,participants_only,,,30,7,0,23,7,0,0.21091472748319923,0.19114684239987084,0.5964157397223836,0.012145891738419944,31,21,0.7,0,0.0,0.0,26.333333333333332,225,,,,,,,,,,,,,,,,,,,,,,,,,,,
8,C,nonparticipants_only,,,10,0,10,0,0,0,0.15650993897541438,0.12147294977180892,0.40793078868493093,0.007531512847503208,0,0,0.0,0,0.0,0.0,50.0,0,,,,,,,,,,,,,,,,,,,,,,,,,,,
8,C,step_totals,,,,,,,,,,,,,,,,,,,,,85.30000000000007,20.0,0.23446658851113697,0.30000000000000004,0.003516998827667055,55.0,0.6447831184056266,0.0,0.0,0.015683991566588767,0.03636363636363636,0.0,0,2,13,35,40,3,55,38,6.400000000000003,0.07502930832356387,3.600000000000001,0.04220398593200467,32,18,37
9,C,all_agents,,,40,8,10,22,8,0,0.20201716466939315,0.17333582400403869,0.6125591101334883,0.012042854309017647,34,21,0.525,0,0.0,0.0,31.95,250,,,,,,,,,,,,,,,,,,,,,,,,,,,
9,C,participants_only,,,30,8,0,22,8,0,0.21691584378711878,0.19368483734949157,0.6125591101334883,0.012752699909470153,34,21,0.7,0,0.0,0.0,25.933333333333334,250,,,,,,,,,,,,,,,,,,,,,,,,,,,
9,C,nonparticipants_only,,,10,0,10,0,0,0,0.15732112731621617,0.12543327129124662,0.4058911347415063,0.007249669834224673,0,0,0.0,0,0.0,0.0,50.0,0,,,,,,,,,,,,,,,,,,,,,,,,,,,
9,C,step_totals,,,,,,,,,,,,,,,,,,,,,88.30000000000008,20.0,0.22650056625141543,0.30000000000000004,0.003397508493771232,58.0,0.6568516421291047,0.0,0.0,0.014323139244870333,0.05172413793103448,0.0,0,3,14,25,40,3,58,36,6.000000000000003,0.06795016987542465,4.000000000000001,0.045300113250283096,30,20,35
10,C,all_agents,,,40,8,10,22,8,0,0.20740927534937542,0.17557538097193354,0.6280567457281487,0.012632576158559332,40,22,0.55,0,0.0,0.0,31.75,284,,,,,,,,,,,,,,,,,,,,,,,,,,,
10,C,participants_only,,,30,8,0,22,8,0,0.22383682846179986,0.19733114290847337,0.6280567457281487,0.013439123281027447,40,22,0.7333333333333333,0,0.0,0.0,25.666666666666668,284,,,,,,,,,,,,,,,,,,,,,,,,,,,
10,C,nonparticipants_only,,,10,0,10,0,0,0,0.1581266160121021,0.12858220566357892,0.40386167906779874,0.006974560776016673,0,0,0.0,0,0.0,0.0,50.0,0,,,,,,,,,,,,,,,,,,,,,,,,,,,
10,C,step_totals,,,,,,,,,,,,,,,,,,,,,86.00000000000007,20.0,0.23255813953488352,,,56.0,0.6511627906976739,0.0,0.0,0.01670540567758374,0.10714285714285714,0.0,0,6,13,36,40,,56,37,6.200000000000003,0.07209302325581393,3.800000000000001,0.044186046511627886,31,19,34
10,C,reachability,0.475,0.0,,,,,,,,,,,,,,,,,,,,,,,,,,,,,,,,,,,,,,,,,,,,,
11,C,all_agents,,,40,9,10,21,9,0,0.21233790380463946,0.17959583362989456,0.6429344758990228,0.013333259778330855,44,22,0.55,0,0.0,0.0,31.425,314,,,,,,,,,,,,,,,,,,,,,,,,,,,
11,C,participants_only,,,30,9,0,21,9,0,0.23014229339046316,0.19905357301912044,0.6429344758990228,0.014272117167744186,44,22,0.7333333333333333,0,0.0,0.0,25.233333333333334,314,,,,,,,,,,,,,,,,,,,,,,,,,,,
11,C,nonparticipants_only,,,10,0,10,0,0,0,0.1589247350471684,0.12809364967653303,0.40184237067245976,0.006712732147805418,0,0,0.0,0,0.0,0.0,50.0,0,,,,,,,,,,,,,,,,,,,,,,,,,,,
11,C,step_totals,,,,,,,,,,,,,,,,,,,,,88.6000000000001,20.0,0.22573363431151217,,,58.0,0.6546275395033853,0.0,0.0,0.014894232455339345,0.06896551724137931,0.0,0,4,14,27,40,,58,37,6.200000000000003,0.0699774266365688,4.400000000000001,0.04966139954853269,31,22,36
12,C,all_agents,,,40,12,10,18,12,0,0.21676653149036088,0.18602419633191586,0.6572170968630618,0.013938032219706763,47,22,0.55,0,0.0,0.0,31.575,343,,,,,,,,,,,,,,,,,,,,,,,,,,,
12,C,participants_only,,,30,12,0,18,12,0,0.23578342282398457,0.1988444317779395,0.6572170968630618,0.014983222510548413,47,22,0.7333333333333333,0,0.0,0.0,25.433333333333334,343,,,,,,,,,,,,,,,,,,,,,,,,,,,
12,C,nonparticipants_only,,,10,0,10,0,0,0,0.15971585748948974,0.1281078876409062,0.3998331588190975,0.006462755475243583,0,0,0.0,0,0.0,0.0,50.0,0,,,,,,,,,,,,,,,,,,,,,,,,,,,
12,C,step_totals,,,,,,,,,,,,,,,,,,,,,78.50000000000009,20.0,0.254777070063694,0.1,0.00127388535031847,47.0,0.5987261146496808,0.0,0.0,0.015516956976539589,0.06382978723404255,0.0,0,3,6,55,40,1,47,40,7.0000000000000036,0.08917197452229295,4.400000000000001,0.05605095541401269,35,22,44
13,C,all_agents,,,40,13,10,17,13,0,0.22150899925994558,0.1922651313766489,0.6709284129885393,0.014836852586304804,50,22,0.55,0,0.0,0.0,31.175,374,,,,,,,,,,,,,,,,,,,,,,,,,,,
13,C,participants_only,,,30,13,0,17,13,0,0.24184494512173368,0.20015719731137588,0.6709284129885393,0.016054910939712813,50,22,0.7333333333333333,0,0.0,0.0,24.9,374,,,,,,,,,,,,,,,,,,,,,,,,,,,
13,C,nonparticipants_only,,,10,0,10,0,0,0,0.16050116167458134,0.12827557699380815,0.397833993025002,0.006220069196957866,0,0,0.0,0,0.0,0.0,50.0,0,,,,,,,,,,,,,,,,,,,,,,,,,,,
13,C,step_totals,,,,,,,,,,,,,,,,,,,,,88.40000000000009,20.0,0.2262443438914025,,,58.0,0.6561085972850672,0.0,0.0,0.014438814925175923,0.05172413793103448,0.0,0,3,15,26,40,,58,36,6.000000000000003,0.06787330316742078,4.400000000000001,0.04977375565610856,30,22,36
14,C,all_agents,,,40,16,10,14,16,0,0.22575232160286615,0.19485948532068656,0.6840912764689978,0.015578334430581407,58,24,0.6,0,0.0,0.0,31.35,404,,,,,,,,,,,,,,,,,,,,,,,,,,,
14,C,participants_only,,,30,16,0,14,16,0,0.2472432164239942,0.20898466262907953,0.6840912764689978,0.01692748485971287,58,24,0.8,0,0.0,0.0,25.133333333333333,404,,,,,,,,,,,,,,,,,,,,,,,,,,,
14,C,nonparticipants_only,,,10,0,10,0,0,0,0.16127963713948212,0.1276341991088391,0.395844823059877,0.005988580420633569,0,0,0.0,0,0.0,0.0,50.0,0,,,,,,,,,,,,,,,,,,,,,,,,,,,
14,C,step_totals,,,,,,,,,,,,,,,,,,,,,78.20000000000009,19.5,0.2493606138107414,0.1,0.0012787723785166226,47.0,0.6010230179028127,0.0,0.0,0.01503987709719546,0.1702127659574468,0.0,0,8,5,55,39,1,47,39,7.200000000000004,0.09207161125319688,4.400000000000001,0.05626598465473141,36,22,42
15,C,all_agents,,,40,19,10,11,19,0,0.2302124113372512,0.1958766537780998,0.6967276254102379,0.016483344134565862,64,25,0.625,0,0.0,0.0,31.175,435,,,,,,,,,,,,,,,,,,,,,,,,,,,
15,C,participants_only,,,30,19,0,11,19,0,0.25293259097282716,0.20977593655376137,0.6967276254102379,0.017990946193551703,64,25,0.8333333333333334,0,0.0,0.0,24.9,435,,,,,,,,,,,,,,,,,,,,,,,,,,,
15,C,nonparticipants_only,,,10,0,10,0,0,0,0.16205187243052327,0.12855339656245818,0.3938655989445776,0.005766059205534243,0,0,0.0,0,0.0,0.0,50.0,0,,,,,,,,,,,,,,,,,,,,,,,,,,,
15,C,step_totals,,,,,,,,,,,,,,,,,,,,,84.60000000000008,20.0,0.23640661938534258,,,54.0,0.6382978723404249,0.0,0.0,0.014373224931872845,0.1111111111111111,0.0,0,6,13,32,40,,54,36,6.000000000000003,0.0709219858156028,4.600000000000001,0.05437352245862881,30,23,40
16,C,all_agents,,,40,21,10,9,20,1,0.2345553141039795,0.19621281422366071,0.7088585203938284,0.017363279833693443,68,26,0.65,0,0.0,0.0,31.325,469,,,,,,,,,,,,,,,,,,,,,,,,,,,
16,C,participants_only,,,30,21,0,9,20,1,0.2584676500992178,0.21585319277831802,0.7088585203938284,0.019013548419943748,68,26,0.8666666666666667,0,0.0,0.0,25.1,469,,,,,,,,,,,,,,,,,,,,,,,,,,,
16,C,nonparticipants_only,,,10,0,10,0,0,0,0.16281830611826464,0.12967680816435567,0.39189627094985474,0.00555087632195251,0,0,0.0,0,0.0,0.0,50.0,0,,,,,,,,,,,,,,,,,,,,,,,,,,,
16,C,step_totals,,,,,,,,,,,,,,,,,,,,,78.10000000000008,19.0,0.24327784891165147,0.1,0.0012804097311139553,47.0,0.601792573623559,0.0,0.0,0.015394341670317098,0.0851063829787234,0.0,0,4,6,54,38,1,47,37,7.0000000000000036,0.08962868117797691,5.000000000000002,0.06402048655569778,35,25,40
17,C,all_agents,,,40,21,10,9,20,1,0.23900744746205643,0.20306065985885552,0.7205041795780752,0.018412243480639,76,27,0.675,0,0.0,0.0,31.125,503,,,,,,,,,,,,,,,,,,,,,,,,,,,
17,C,participants_only,,,30,21,0,9,20,1,0.264150396606238,0.21952392573014767,0.7205041795780752,0.02023956222958808,76,27,0.9,0,0.0,0.0,24.833333333333332,503,,,,,,,,,,,,,,,,,,,,,,,,,,,
17,C,nonparticipants_only,,,10,0,10,0,0,0,0.16357860002951172,0.13101493363108685,0.38993678959510547,0.005344272533788941,0,0,0.0,0,0.0,0.0,50.0,0,,,,,,,,,,,,,,,,,,,,,,,,,,,
17,C,step_totals,,,,,,,,,,,,,,,,,,,,,84.80000000000008,20.0,0.23584905660377337,,,54.0,0.636792452830188,0.0,0.0,0.014333712465431699,0.14814814814814814,0.0,0,8,13,32,40,,54,36,5.8000000000000025,0.0683962264150943,5.000000000000002,0.05896226415094336,29,25,40
18,C,all_agents,,,40,22,10,8,21,1,0.24313061141208445,0.20337305073979012,0.7316840123949522,0.01943628380780629,88,29,0.725,0,0.0,0.0,31.325,538,,,,,,,,,,,,,,,,,,,,,,,,,,,
18,C,participants_only,,,30,22,0,8,21,1,0.26939672241588114,0.2224070443989702,0.7316840123949522,0.021439346600910528,88,29,0.9666666666666667,0,0.0,0.0,25.1,538,,,,,,,,,,,,,,,,,,,,,,,,,,,
18,C,nonparticipants_only,,,10,0,10,0,0,0,0.16433227840069442,0.13278988441957656,0.38798710564712996,0.005148192381328355,0,0,0.0,0,0.0,0.0,50.0,0,,,,,,,,,,,,,,,,,,,,,,,,,,,
18,C,step_totals,,,,,,,,,,,,,,,,,,,,,77.40000000000009,19.0,0.24547803617571032,,,46.0,0.5943152454780355,0.0,0.0,0.014894056259549171,0.2608695652173913,0.0,0,12,5,55,38,,46,37,7.0000000000000036,0.09043927648578805,5.400000000000002,0.06976744186046506,35,27,41
19,C,all_agents,,,40,24,10,6,24,0,0.24729150609727163,0.20671540532277133,0.7395162234099486,0.020475297720593064,95,29,0.725,0,0.0,0.0,31.125,570,,,,,,,,,,,,,,,,,,,,,,,,,,,
19,C,participants_only,,,30,24,0,6,24,0,0.27469501859817197,0.2248791807397289,0.7395162234099486,0.022644454065120157,95,29,0.9666666666666667,0,0.0,0.0,24.833333333333332,570,,,,,,,,,,,,,,,,,,,,,,,,,,,
19,C,nonparticipants_only,,,10,0,10,0,0,0,0.1650809685945707,0.135343373839093,0.38604717011889433,0.004956398718367784,0,0,0.0,0,0.0,0.0,50.0,0,,,,,,,,,,,,,,,,,,,,,,,,,,,
19,C,step_totals,,,,,,,,,,,,,,,,,,,,,85.20000000000007,20.0,0.2347417840375585,,,54.0,0.6338028169014079,0.0,0.0,0.013467007868323163,0.12962962962962962,0.0,0,7,13,32,40,,54,36,5.400000000000002,0.06338028169014082,5.8000000000000025,0.06807511737089199,27,29,40
20,C,all_agents,,,40,26,10,4,26,0,0.2510841272634766,0.20769425497911828,0.7499355744735506,0.021573803060111835,99,29,0.725,0,0.0,0.0,31.325,604,,,,,,,,,,,,,,,,,,,,,,,,,,,
20,C,participants_only,,,30,26,0,4,26,0,0.2795043413128108,0.22440915687434926,0.7499355744735506,0.02394307842381736,99,29,0.9666666666666667,0,0.0,0.0,25.1,604,,,,,,,,,,,,,,,,,,,,,,,,,,,
20,C,nonparticipants_only,,,10,0,10,0,0,0,0.16582348511547418,0.13754418564029208,0.38411693426829985,0.0047734741696756145,0,0,0.0,0,0.0,0.0,50.0,0,,,,,,,,,,,,,,,,,,,,,,,,,,,
20,C,step_totals,,,,,,,,,,,,,,,,,,,,,77.40000000000009,19.0,0.24547803617571032,,,46.0,0.5943152454780355,0.0,0.0,0.013897912923718126,0.08695652173913043,0.0,0,4,7,55,38,,46,37,6.600000000000003,0.08527131782945731,5.8000000000000025,0.07493540051679581,33,29,40
20,C,reachability,0.175,0.0,,,,,,,,,,,,,,,,,,,,,,,,,,,,,,,,,,,,,,,,,,,,,
21,C,all_agents,,,40,26,10,4,26,0,0.25516899578511015,0.20746855614591636,0.7599381514946086,0.02273848738292874,102,29,0.725,0,0.0,0.0,31.125,639,,,,,,,,,,,,,,,,,,,,,,,,,,,
21,C,participants_only,,,30,26,0,4,26,0,0.28470521801002774,0.22825350558845292,0.7599381514946086,0.025295908711787208,102,29,0.9666666666666667,0,0.0,0.0,24.833333333333332,639,,,,,,,,,,,,,,,,,,,,,,,,,,,
21,C,nonparticipants_only,,,10,0,10,0,0,0,0.16656032911035756,0.13870989975686351,0.38219634959695836,0.004597562316516782,0,0,0.0,0,0.0,0.0,50.0,0,,,,,,,,,,,,,,,,,,,,,,,,,,,
21,C,step_totals,,,,,,,,,,,,,,,,,,,,,85.10000000000008,19.5,0.22914218566392458,,,54.0,0.6345475910693296,0.0,0.0,0.013305140049711683,0.05555555555555555,0.0,0,3,11,32,39,,54,36,5.8000000000000025,0.06815511163337247,5.8000000000000025,0.06815511163337247,29,29,40
22,C,all_agents,,,40,26,10,4,26,0,0.2588234970216838,0.20846820160147417,0.7695406254348243,0.023820375751115397,112,30,0.75,0,0.0,0.0,31.325,673,,,,,,,,,,,,,,,,,,,,,,,,,,,
22,C,participants_only,,,30,26,0,4,26,0,0.2893341339941574,0.23241181738324418,0.7695406254348243,0.026560782711699916,112,30,1.0,0,0.0,0.0,25.1,673,,,,,,,,,,,,,,,,,,,,,,,,,,,
22,C,nonparticipants_only,,,10,0,10,0,0,0,0.16729158610426303,0.14092165411421687,0.38028536784897354,0.004428367247768979,0,0,0.0,0,0.0,0.0,50.0,0,,,,,,,,,,,,,,,,,,,,,,,,,,,
22,C,step_totals,,,,,,,,,,,,,,,,,,,,,77.00000000000009,19.0,0.24675324675324647,,,46.0,0.5974025974025967,0.0,0.0,0.013568320184834592,0.21739130434782608,0.0,0,10,9,55,38,,46,37,6.200000000000003,0.08051948051948046,5.8000000000000025,0.07532467532467528,31,29,39
23,C,all_agents,,,40,29,10,1,29,0,0.2628881753420668,0.20851851482524622,0.7787590004174313,0.025098953164693634,117,30,0.75,0,0.0,0.0,31.125,711,,,,,,,,,,,,,,,,,,,,,,,,,,,
23,C,participants_only,,,30,29,0,1,29,0,0.29451177513232146,0.23542594260228009,0.7787590004174313,0.02804324905573313,117,30,1.0,0,0.0,0.0,24.833333333333332,711,,,,,,,,,,,,,,,,,,,,,,,,,,,
23,C,nonparticipants_only,,,10,0,10,0,0,0,0.16801737597130278,0.1434169021892308,0.37838394100972866,0.004265440727244806,0,0,0.0,0,0.0,0.0,50.0,0,,,,,,,,,,,,,,,,,,,,,,,,,,,
23,C,step_totals,,,,,,,,,,,,,,,,,,,,,85.3000000000001,19.5,0.22860492379835848,,,54.0,0.6330597889800696,0.0,0.0,0.01323864596792554,0.09259259259259259,0.0,0,5,11,31,39,,54,36,5.8000000000000025,0.06799531066822972,6.000000000000003,0.0703399765533411,29,30,40
24,C,all_agents,,,40,29,10,1,29,0,0.2666245334665783,0.2107920460319689,0.7876086404007341,0.02627775388575284,127,30,0.75,0,0.0,0.0,31.325,749,,,,,,,,,,,,,,,,,,,,,,,,,,,
24,C,participants_only,,,30,29,0,1,29,0,0.299253459221694,0.2374244718578081,0.7876086404007341,0.029408861462530213,127,30,1.0,0,0.0,0.0,25.1,749,,,,,,,,,,,,,,,,,,,,,,,,,,,
24,C,nonparticipants_only,,,10,0,10,0,0,0,0.1687377562012309,0.1444211084607946,0.37649202130468,0.00410866960422643,0,0,0.0,0,0.0,0.0,50.0,0,,,,,,,,,,,,,,,,,,,,,,,,,,,
24,C,step_totals,,,,,,,,,,,,,,,,,,,,,77.20000000000009,19.0,0.2461139896373054,,,46.0,0.5958549222797921,0.0,0.0,0.01381924579668762,0.21739130434782608,0.0,0,10,9,55,38,,46,37,6.200000000000003,0.08031088082901548,6.000000000000003,0.07772020725388595,31,30,39
25,C,all_agents,,,40,30,10,0,30,0,0.270353370442569,0.21135461445027637,0.7961042947847047,0.027570700851755753,133,30,0.75,0,0.0,0.0,31.125,786,,,,,,,,,,,,,,,,,,,,,,,,,,,
25,C,participants_only,,,30,30,0,0,30,0,0.3039868375100394,0.24039739101137736,0.7961042947847047,0.030917037445509134,133,30,1.0,0,0.0,0.0,24.833333333333332,786,,,,,,,,,,,,,,,,,,,,,,,,,,,
25,C,nonparticipants_only,,,10,0,10,0,0,0,0.16945296924015782,0.14484782978605276,0.37460956119815664,0.003957169786752218,0,0,0.0,0,0.0,0.0,50.0,0,,,,,,,,,,,,,,,,,,,,,,,,,,,
25,C,step_totals,,,,,,,,,,,,,,,,,,,,,84.40000000000009,19.0,0.22511848341232205,,,54.0,0.6398104265402836,0.0,0.0,0.012459787736749776,0.1111111111111111,0.0,0,6,13,31,38,,54,35,5.400000000000002,0.06398104265402839,6.000000000000003,0.07109004739336489,27,30,39
26,C,all_agents,,,40,30,10,0,30,0,0.2736205062363448,0.2113193251526693,0.8042601229933165,0.02862697587990666,138,30,0.75,0,0.0,0.0,31.325,819,,,,,,,,,,,,,,,,,,,,,,,,,,,
26,C,participants_only,,,30,30,0,0,30,0,0.30810614122599145,0.2399947102066617,0.8042601229933165,0.032142678598800496,138,30,1.0,0,0.0,0.0,25.1,819,,,,,,,,,,,,,,,,,,,,,,,,,,,
26,C,nonparticipants_only,,,10,0,10,0,0,0,0.170163601267405,0.14738032200324186,0.37273651339216585,0.0038087594755555026,0,0,0.0,0,0.0,0.0,50.0,0,,,,,,,,,,,,,,,,,,,,,,,,,,,
26,C,step_totals,,,,,,,,,,,,,,,,,,,,,77.20000000000009,19.0,0.2461139896373054,,,46.0,0.5958549222797921,0.0,0.0,0.012387545564965968,0.10869565217391304,0.0,0,5,9,55,38,,46,37,6.200000000000003,0.08031088082901548,6.000000000000003,0.07772020725388595,31,30,39
27,C,all_agents,,,40,30,10,0,30,0,0.27708877744003585,0.21334842792379743,0.8120897180735839,0.02989237069467069,143,30,0.75,0,0.0,0.0,31.125,855,,,,,,,,,,,,,,,,,,,,,,,,,,,
27,C,participants_only,,,30,30,0,0,30,0,0.3124955647283163,0.24396000874662016,0.8120897180735839,0.03361920883236945,143,30,1.0,0,0.0,0.0,24.833333333333332,855,,,,,,,,,,,,,,,,,,,,,,,,,,,
27,C,nonparticipants_only,,,10,0,10,0,0,0,0.17086841557519444,0.1474442324754731,0.370872830825205,0.00366816924864395,0,0,0.0,0,0.0,0.0,50.0,0,,,,,,,,,,,,,,,,,,,,,,,,,,,
27,C,step_totals,,,,,,,,,,,,,,,,,,,,,84.20000000000009,19.0,0.2256532066508311,,,54.0,0.6413301662707832,0.0,0.0,0.011769468434314213,0.09259259259259259,0.0,0,5,14,31,38,,54,35,5.200000000000002,0.061757719714964326,6.000000000000003,0.07125890736342039,26,30,39
28,C,all_agents,,,40,30,10,0,30,0,0.2800727176478289,0.21352049793900293,0.8196061293506405,0.030985327096308708,147,30,0.75,0,0.0,0.0,31.325,888,,,,,,,,,,,,,,,,,,,,,,,,,,,
28,C,participants_only,,,30,30,0,0,30,0,0.31624090329491283,0.24319060064661246,0.8196061293506405,0.03490366401140654,147,30,1.0,0,0.0,0.0,25.1,888,,,,,,,,,,,,,,,,,,,,,,,,,,,
28,C,nonparticipants_only,,,10,0,10,0,0,0,0.1715681607065771,0.14974155840597803,0.36901846667107896,0.0035326645149920764,0,0,0.0,0,0.0,0.0,50.0,0,,,,,,,,,,,,,,,,,,,,,,,,,,,
28,C,step_totals,,,,,,,,,,,,,,,,,,,,,77.20000000000007,19.0,0.24611398963730546,,,46.0,0.5958549222797922,0.0,0.0,0.01153288321583114,0.08695652173913043,0.0,0,4,9,55,38,,46,37,6.200000000000003,0.08031088082901551,6.000000000000003,0.07772020725388597,31,30,39
29,C,all_agents,,,40,30,10,0,30,0,0.28371464641804617,0.21372910473415818,0.8268218841766148,0.03225177160503388,152,30,0.75,0,0.0,0.0,31.125,928,,,,,,,,,,,,,,,,,,,,,,,,,,,
29,C,participants_only,,,30,30,0,0,30,0,0.3208650570131664,0.2477939487727317,0.8268218841766148,0.0363483897733221,152,30,1.0,0,0.0,0.0,24.833333333333332,928,,,,,,,,,,,,,,,,,,,,,,,,,,,
29,C,nonparticipants_only,,,10,0,10,0,0,0,0.17226341463268546,0.15109725174839944,0.36717337433772357,0.00340008101153697,0,0,0.0,0,0.0,0.0,50.0,0,,,,,,,,,,,,,,,,,,,,,,,,,,,
29,C,step_totals,,,,,,,,,,,,,,,,,,,,,84.00000000000009,19.0,0.22619047619047597,,,54.0,0.6428571428571422,0.0,0.0,0.012304774849243366,0.09259259259259259,0.0,0,5,15,31,38,,54,35,5.000000000000002,0.059523809523809486,6.000000000000003,0.07142857142857138,25,30,39
30,C,all_agents,,,40,30,10,0,29,1,0.28660131134300554,0.2126604592104874,0.8337490088095503,0.03335190020619728,156,30,0.75,0,0.0,0.0,31.325,962,,,,,,,,,,,,,,,,,,,,,,,,,,,
30,C,participants_only,,,30,30,0,0,29,1,0.3244838290106415,0.24783255911990107,0.8337490088095503,0.037638175425155365,156,30,1.0,0,0.0,0.0,25.1,962,,,,,,,,,,,,,,,,,,,,,,,,,,,
30,C,nonparticipants_only,,,10,0,10,0,0,0,0.17295375834009766,0.1522356508693119,0.36533750746603494,0.003272052811258013,0,0,0.0,0,0.0,0.0,50.0,0,,,,,,,,,,,,,,,,,,,,,,,,,,,
30,C,step_totals,,,,,,,,,,,,,,,,,,,,,77.20000000000009,19.0,0.2461139896373054,,,46.0,0.5958549222797921,0.0,0.0,0.011261461914136829,0.08695652173913043,0.0,0,4,9,55,38,,46,37,6.200000000000003,0.08031088082901548,6.000000000000003,0.07772020725388595,31,30,39
30,C,reachability,0.225,0.0,,,,,,,,,,,,,,,,,,,,,,,,,,,,,,,,,,,,,,,,,,,,,
31,C,all_agents,,,40,30,10,0,28,2,0.2900005174864853,0.21159715691443498,0.8403990484571683,0.034594197559791956,162,30,0.75,0,0.0,0.0,31.125,1001,,,,,,,,,,,,,,,,,,,,,,,,,,,
31,C,participants_only,,,30,30,0,0,28,2,0.3287878753398132,0.25083276584296155,0.8403990484571683,0.039057274428189105,162,30,1.0,0,0.0,0.0,24.833333333333332,1001,,,,,,,,,,,,,,,,,,,,,,,,,,,
31,C,nonparticipants_only,,,10,0,10,0,0,0,0.17363844392650143,0.15284576459584212,0.36351081992870476,0.003151457403695062,0,0,0.0,0,0.0,0.0,50.0,0,,,,,,,,,,,,,,,,,,,,,,,,,,,
31,C,step_totals,,,,,,,,,,,,,,,,,,,,,83.80000000000008,19.0,0.2267303102625296,,,54.0,0.6443914081145579,0.0,0.0,0.011659666427588464,0.1111111111111111,0.0,0,6,16,29,38,,54,35,4.800000000000002,0.0572792362768496,6.000000000000003,0.07159904534606201,24,30,39
32,C,all_agents,,,40,30,10,0,28,2,0.2931738466752922,0.21517800158440203,0.8467830865188816,0.03563367885232286,168,30,0.75,0,0.0,0.0,31.325,1039,,,,,,,,,,,,,,,,,,,,,,,,,,,
32,C,participants_only,,,30,30,0,0,28,2,0.3327921449203606,0.25261004566304857,0.8467830865188816,0.04022220600297651,168,30,1.0,0,0.0,0.0,25.1,1039,,,,,,,,,,,,,,,,,,,,,,,,,,,
32,C,nonparticipants_only,,,10,0,10,0,0,0,0.17431895194008704,0.15269308028157172,0.36169326582906125,0.003032782730339623,0,0,0.0,0,0.0,0.0,50.0,0,,,,,,,,,,,,,,,,,,,,,,,,,,,
32,C,step_totals,,,,,,,,,,,,,,,,,,,,,77.20000000000009,19.0,0.2461139896373054,,,46.0,0.5958549222797921,0.0,0.0,0.012183702000523359,0.13043478260869565,0.0,0,6,9,55,38,,46,37,6.200000000000003,0.08031088082901548,6.000000000000003,0.07772020725388595,31,30,39
33,C,all_agents,,,40,30,10,0,28,2,0.2961542734214353,0.21476760617929375,0.8529117630581263,0.03684959444082115,174,30,0.75,0,0.0,0.0,31.125,1076,,,,,,,,,,,,,,,,,,,,,,,,,,,
33,C,participants_only,,,30,30,0,0,28,2,0.3365409534026563,0.25351761537382894,0.8529117630581263,0.04163511658524199,174,30,1.0,0,0.0,0.0,24.833333333333332,1076,,,,,,,,,,,,,,,,,,,,,,,,,,,
33,C,nonparticipants_only,,,10,0,10,0,0,0,0.17499423347777254,0.15354405265951393,0.3598847994999159,0.0029200209686920334,0,0,0.0,0,0.0,0.0,50.0,0,,,,,,,,,,,,,,,,,,,,,,,,,,,
33,C,step_totals,,,,,,,,,,,,,,,,,,,,,82.60000000000008,18.0,0.21791767554479397,,,54.0,0.653753026634382,0.0,0.0,0.010660608509101542,0.1111111111111111,0.0,0,6,17,25,36,,54,32,4.600000000000001,0.055690072639225145,6.000000000000003,0.07263922518159803,23,30,39
34,C,all_agents,,,40,30,10,0,27,3,0.29876805908030946,0.21637643190023437,0.8587952925358012,0.0378940327632121,181,30,0.75,0,0.0,0.0,31.325,1111,,,,,,,,,,,,,,,,,,,,,,,,,,,
34,C,participants_only,,,30,30,0,0,27,3,0.33980228249415584,0.25573537597595775,0.8587952925358012,0.04285377445807378,181,30,1.0,0,0.0,0.0,25.1,1111,,,,,,,,,,,,,,,,,,,,,,,,,,,
34,C,nonparticipants_only,,,10,0,10,0,0,0,0.17566538883877034,0.15552379061672666,0.3580853755024163,0.0028091177844975696,0,0,0.0,0,0.0,0.0,50.0,0,,,,,,,,,,,,,,,,,,,,,,,,,,,
34,C,step_totals,,,,,,,,,,,,,,,,,,,,,76.30000000000008,18.5,0.2424639580602881,,,46.0,0.6028833551769325,0.0,0.0,0.010609718739520551,0.15217391304347827,0.0,0,7,11,52,37,,46,35,5.8000000000000025,0.07601572739187414,6.000000000000003,0.07863695937090427,29,30,38
35,C,all_agents,,,40,30,10,0,27,3,0.30214536516479373,0.21701051770954363,0.8644434808343692,0.039081273483369885,192,30,0.75,0,0.0,0.0,31.125,1155,,,,,,,,,,,,,,,,,,,,,,,,,,,
35,C,participants_only,,,30,30,0,0,27,3,0.34408327581317205,0.25741811187682134,0.8644434808343692,0.044172195091285525,192,30,1.0,0,0.0,0.0,24.833333333333332,1155,,,,,,,,,,,,,,,,,,,,,,,,,,,
35,C,nonparticipants_only,,,10,0,10,0,0,0,0.17633163321965858,0.15812701608208313,0.35629494862490424,0.002703048465006543,0,0,0.0,0,0.0,0.0,50.0,0,,,,,,,,,,,,,,,,,,,,,,,,,,,
35,C,step_totals,,,,,,,,,,,,,,,,,,,,,81.80000000000007,17.0,0.20782396088019542,,,54.0,0.6601466992665032,0.0,0.0,0.011977953460485257,0.2037037037037037,0.0,0,11,16,25,34,,54,32,4.800000000000002,0.058679706601466965,6.000000000000003,0.07334963325183372,24,30,39
36,C,all_agents,,,40,30,10,0,27,3,0.30475917682423687,0.21854399562288818,0.8698657416009944,0.040122114227174745,197,30,0.75,0,0.0,0.0,31.325,1192,,,,,,,,,,,,,,,,,,,,,,,,,,,
36,C,participants_only,,,30,30,0,0,27,3,0.34734784358824783,0.2576368208286449,0.8698657416009944,0.04537394538630027,197,30,1.0,0,0.0,0.0,25.1,1192,,,,,,,,,,,,,,,,,,,,,,,,,,,
36,C,nonparticipants_only,,,10,0,10,0,0,0,0.176993176532204,0.1583991323375512,0.35451347388177973,0.0026010863089665245,0,0,0.0,0,0.0,0.0,50.0,0,,,,,,,,,,,,,,,,,,,,,,,,,,,
36,C,step_totals,,,,,,,,,,,,,,,,,,,,,76.0000000000001,18.0,0.23684210526315758,,,46.0,0.6052631578947361,0.0,0.0,0.010699937949331759,0.10869565217391304,0.0,0,5,10,52,36,,46,35,6.000000000000003,0.07894736842105256,6.000000000000003,0.07894736842105256,30,30,38
37,C,all_agents,,,40,30,10,0,27,3,0.3075517560731098,0.22054751420771973,0.8750711119369546,0.04124979003419951,204,30,0.75,0,0.0,0.0,31.125,1231,,,,,,,,,,,,,,,,,,,,,,,,,,,
37,C,participants_only,,,30,30,0,0,27,3,0.3508522040451338,0.25790158705422406,0.8750711119369546,0.046666057828514344,204,30,1.0,0,0.0,0.0,24.833333333333332,1231,,,,,,,,,,,,,,,,,,,,,,,,,,,
37,C,nonparticipants_only,,,10,0,10,0,0,0,0.17765041215703778,0.15850844230946512,0.35274090651237083,0.0025018411163195346,0,0,0.0,0,0.0,0.0,50.0,0,,,,,,,,,,,,,,,,,,,,,,,,,,,
37,C,step_totals,,,,,,,,,,,,,,,,,,,,,81.30000000000008,16.5,0.202952029520295,,,54.0,0.66420664206642,0.0,0.0,0.010364049827570833,0.12962962962962962,0.0,0,7,16,24,33,,54,32,4.800000000000002,0.059040590405904016,6.000000000000003,0.07380073800738003,24,30,38
38,C,all_agents,,,40,30,10,0,27,3,0.3101213271108106,0.22097908231330027,0.8800682674594764,0.04227332916582926,210,30,0.75,0,0.0,0.0,31.325,1270,,,,,,,,,,,,,,,,,,,,,,,,,,,
38,C,participants_only,,,30,30,0,0,27,3,0.3540606566164754,0.2592748079623686,0.8800682674594764,0.04783998153221822,210,30,1.0,0,0.0,0.0,25.1,1270,,,,,,,,,,,,,,,,,,,,,,,,,,,
38,C,nonparticipants_only,,,10,0,10,0,0,0,0.17830333859381614,0.15918427673903154,0.350977201979809,0.0024053959377737665,0,0,0.0,0,0.0,0.0,50.0,0,,,,,,,,,,,,,,,,,,,,,,,,,,,
38,C,step_totals,,,,,,,,,,,,,,,,,,,,,75.30000000000008,17.5,0.2324037184594951,,,46.0,0.6108897742363871,0.0,0.0,0.010706053727048687,0.13043478260869565,0.0,0,6,11,51,35,,46,34,5.8000000000000025,0.0770252324037184,6.000000000000003,0.07968127490039835,29,30,37
39,C,all_agents,,,40,30,10,0,27,3,0.3129167191478579,0.22341125322768896,0.8848655367610974,0.04340763534948646,216,30,0.75,0,0.0,0.0,31.125,1311,,,,,,,,,,,,,,,,,,,,,,,,,,,
39,C,participants_only,,,30,30,0,0,27,3,0.35757199509123533,0.2593801445357584,0.8848655367610974,0.04912857324765985,216,30,1.0,0,0.0,0.0,24.833333333333332,1311,,,,,,,,,,,,,,,,,,,,,,,,,,,
39,C,nonparticipants_only,,,10,0,10,0,0,0,0.17895089131772568,0.1610748764781563,0.34922231596990994,0.0023156976200161125,0,0,0.0,0,0.0,0.0,50.0,0,,,,,,,,,,,,,,,,,,,,,,,,,,,
39,C,step_totals,,,,,,,,,,,,,,,,,,,,,80.30000000000008,15.5,0.19302615193026132,,,54.0,0.6724782067247814,0.0,0.0,0.010544864847490664,0.1111111111111111,0.0,0,6,16,24,31,,54,32,4.800000000000002,0.05977584059775837,6.000000000000003,0.07471980074719796,24,30,38
40,C,all_agents,,,40,30,10,0,27,3,0.31527447603862,0.2241628890883296,0.8894709152906535,0.04441168313986084,218,30,0.75,0,0.0,0.0,31.325,1350,,,,,,,,,,,,,,,,,,,,,,,,,,,
40,C,participants_only,,,30,30,0,0,27,3,0.36050106158937545,0.2609993249997532,0.8894709152906535,0.0502915594937589,218,30,1.0,0,0.0,0.0,25.1,1350,,,,,,,,,,,,,,,,,,,,,,,,,,,
40,C,nonparticipants_only,,,10,0,10,0,0,0,0.17959471938635374,0.16338823468969335,0.3474762043900604,0.0022267255912090523,0,0,0.0,0,0.0,0.0,50.0,0,,,,,,,,,,,,,,,,,,,,,,,,,,,
40,C,step_totals,,,,,,,,,,,,,,,,,,,,,74.30000000000007,16.5,0.22207267833108998,,,46.0,0.619111709286675,0.0,0.0,0.010222944080389054,0.043478260869565216,0.0,0,2,11,51,33,,46,34,5.8000000000000025,0.07806191117092863,6.000000000000003,0.08075370121130548,29,30,37
40,C,reachability,0.25,0.0,,,,,,,,,,,,,,,,,,,,,,,,,,,,,,,,,,,,,,,,,,,,,
41,C,all_agents,,,40,30,10,0,27,3,0.3181113818188605,0.2238368011320474,0.8938920786790273,0.045517101701309494,224,30,0.75,0,0.0,0.0,31.125,1394,,,,,,,,,,,,,,,,,,,,,,,,,,,
41,C,participants_only,,,30,30,0,0,27,3,0.3640704525604993,0.26121647310397156,0.8938920786790273,0.05152686292445307,224,30,1.0,0,0.0,0.0,24.833333333333332,1394,,,,,,,,,,,,,,,,,,,,,,,,,,,
41,C,nonparticipants_only,,,10,0,10,0,0,0,0.1802341695939441,0.16365228215548328,0.34573882336811007,0.0021409838306592497,0,0,0.0,0,0.0,0.0,50.0,0,,,,,,,,,,,,,,,,,,,,,,,,,,,
41,C,step_totals,,,,,,,,,,,,,,,,,,,,,79.60000000000008,15.0,0.1884422110552762,,,54.0,0.6783919597989942,0.0,0.0,0.010801575816289134,0.1111111111111111,0.0,0,6,17,24,30,,54,32,4.600000000000001,0.05778894472361805,6.000000000000003,0.0753768844221105,23,30,38
42,C,all_agents,,,40,30,10,0,27,3,0.32034767915644335,0.2252106539563698,0.8981363955318662,0.046440512213510136,229,30,0.75,0,0.0,0.0,31.325,1432,,,,,,,,,,,,,,,,,,,,,,,,,,,
42,C,participants_only,,,30,30,0,0,27,3,0.3668404132732708,0.2613807334302948,0.8981363955318662,0.05258851782511392,229,30,1.0,0,0.0,0.0,25.1,1432,,,,,,,,,,,,,,,,,,,,,,,,,,,
42,C,nonparticipants_only,,,10,0,10,0,0,0,0.18086947680596108,0.16375835086872417,0.3440101292512695,0.0020576034708026715,0,0,0.0,0,0.0,0.0,50.0,0,,,,,,,,,,,,,,,,,,,,,,,,,,,
42,C,step_totals,,,,,,,,,,,,,,,,,,,,,73.60000000000008,16.0,0.21739130434782586,,,46.0,0.6249999999999993,0.0,0.0,0.009969751956125424,0.10869565217391304,0.0,0,5,12,51,32,,46,33,5.600000000000002,0.07608695652173908,6.000000000000003,0.08152173913043473,28,30,37
43,C,all_agents,,,40,30,10,0,26,4,0.322859517110902,0.22649372883632782,0.9022109397105915,0.04748520234464297,232,30,0.75,0,0.0,0.0,31.125,1473,,,,,,,,,,,,,,,,,,,,,,,,,,,
43,C,participants_only,,,30,30,0,0,26,4,0.36997950780944155,0.26151191781346883,0.9022109397105915,0.05377217966527408,232,30,1.0,0,0.0,0.0,24.833333333333332,1473,,,,,,,,,,,,,,,,,,,,,,,,,,,
43,C,nonparticipants_only,,,10,0,10,0,0,0,0.1814995450152835,0.16441414545958244,0.34229007860501315,0.0019807481015842354,0,0,0.0,0,0.0,0.0,50.0,0,,,,,,,,,,,,,,,,,,,,,,,,,,,
43,C,step_totals,,,,,,,,,,,,,,,,,,,,,78.40000000000008,14.0,0.1785714285714284,,,54.0,0.688775510204081,0.0,0.0,0.010020507672909847,0.05555555555555555,0.0,0,3,18,23,28,,54,32,4.400000000000001,0.056122448979591795,6.000000000000003,0.07653061224489792,22,30,38
44,C,all_agents,,,40,30,10,0,26,4,0.324914431363228,0.2289577503235539,0.9061225021221678,0.04838472042799046,234,30,0.75,0,0.0,0.0,31.325,1511,,,,,,,,,,,,,,,,,,,,,,,,,,,
44,C,participants_only,,,30,30,0,0,26,4,0.37251065903426667,0.2615897534505013,0.9061225021221678,0.05481623015669158,234,30,1.0,0,0.0,0.0,25.1,1511,,,,,,,,,,,,,,,,,,,,,,,,,,,
44,C,nonparticipants_only,,,10,0,10,0,0,0,0.1821257483501118,0.16809194518139306,0.3405786282119881,0.0019053805797268806,0,0,0.0,0,0.0,0.0,50.0,0,,,,,,,,,,,,,,,,,,,,,,,,,,,
44,C,step_totals,,,,,,,,,,,,,,,,,,,,,73.60000000000007,16.0,0.2173913043478259,,,46.0,0.6249999999999994,0.0,0.0,0.009406144127744894,0.043478260869565216,0.0,0,2,12,51,32,,46,33,5.600000000000002,0.0760869565217391,6.000000000000003,0.08152173913043474,28,30,37
45,C,all_agents,,,40,30,10,0,26,4,0.32726402877522853,0.2304696105265693,0.9098776020372811,0.0494948752617994,247,30,0.75,0,0.0,0.0,31.125,1555,,,,,,,,,,,,,,,,,,,,,,,,,,,
45,C,participants_only,,,30,30,0,0,26,4,0.3754360669506696,0.2618863196849356,0.9098776020372811,0.056100267553222526,247,30,1.0,0,0.0,0.0,24.833333333333332,1555,,,,,,,,,,,,,,,,,,,,,,,,,,,
45,C,nonparticipants_only,,,10,0,10,0,0,0,0.18274791424890527,0.1693565005246649,0.33887573507092816,0.0018321552438162123,0,0,0.0,0,0.0,0.0,50.0,0,,,,,,,,,,,,,,,,,,,,,,,,,,,
45,C,step_totals,,,,,,,,,,,,,,,,,,,,,76.90000000000006,12.5,0.1625487646293887,,,54.0,0.7022106631989591,0.0,0.0,0.009765970372118443,0.24074074074074073,0.0,0,13,18,21,25,,54,32,4.400000000000001,0.057217165149544835,6.000000000000003,0.0780234070221066,22,30,38
46,C,all_agents,,,40,30,10,0,26,4,0.3293986637169794,0.23138123780204783,0.9134824979557898,0.05039226930186172,252,30,0.75,0,0.0,0.0,31.325,1596,,,,,,,,,,,,,,,,,,,,,,,,,,,
46,C,participants_only,,,30,30,0,0,26,4,0.3780761643311434,0.2624110738257841,0.9134824979557898,0.0571247754037119,252,30,1.0,0,0.0,0.0,25.1,1596,,,,,,,,,,,,,,,,,,,,,,,,,,,
46,C,nonparticipants_only,,,10,0,10,0,0,0,0.18336616187448723,0.16921440148128855,0.3371813563955735,0.0017607622038079127,0,0,0.0,0,0.0,0.0,50.0,0,,,,,,,,,,,,,,,,,,,,,,,,,,,
46,C,step_totals,,,,,,,,,,,,,,,,,,,,,73.8000000000001,16.0,0.21680216802167993,,,46.0,0.6233062330623298,0.0,0.0,0.009666938613330175,0.10869565217391304,0.0,0,5,11,51,32,,46,33,5.8000000000000025,0.078590785907859,6.000000000000003,0.08130081300813001,29,30,37
47,C,all_agents,,,40,30,10,0,26,4,0.3318775725390846,0.23410359560690008,0.9169431980375582,0.05152185978707334,257,30,0.75,0,0.0,0.0,31.125,1643,,,,,,,,,,,,,,,,,,,,,,,,,,,
47,C,participants_only,,,30,30,0,0,26,4,0.3811768333406437,0.26179086098987336,0.9169431980375582,0.05840954117912046,257,30,1.0,0,0.0,0.0,24.833333333333332,1643,,,,,,,,,,,,,,,,,,,,,,,,,,,
47,C,nonparticipants_only,,,10,0,10,0,0,0,0.18397979013440716,0.1691460124408134,0.3354954496135956,0.001693810223970223,0,0,0.0,0,0.0,0.0,50.0,0,,,,,,,,,,,,,,,,,,,,,,,,,,,
47,C,step_totals,,,,,,,,,,,,,,,,,,,,,76.90000000000008,12.5,0.16254876462938866,,,54.0,0.702210663198959,0.0,0.0,0.010190540919660094,0.09259259259259259,0.0,0,5,18,20,25,,54,31,4.400000000000001,0.05721716514954482,6.000000000000003,0.07802340702210658,22,30,38
48,C,all_agents,,,40,30,10,0,26,4,0.33380824256555386,0.23293307762886556,0.9202654701160559,0.052348088378016334,264,30,0.75,0,0.0,0.0,31.325,1682,,,,,,,,,,,,,,,,,,,,,,,,,,,
48,C,participants_only,,,30,30,0,0,26,4,0.38354803591467407,0.26170426602907493,0.9202654701160559,0.059357559281895136,264,30,1.0,0,0.0,0.0,25.1,1682,,,,,,,,,,,,,,,,,,,,,,,,,,,
48,C,nonparticipants_only,,,10,0,10,0,0,0,0.1845888625181932,0.1719058805203162,0.3338179723655276,0.0016311111574217345,0,0,0.0,0,0.0,0.0,50.0,0,,,,,,,,,,,,,,,,,,,,,,,,,,,
48,C,step_totals,,,,,,,,,,,,,,,,,,,,,73.40000000000009,16.0,0.21798365122615776,,,46.0,0.6267029972752036,0.0,0.0,0.009081387464720373,0.15217391304347827,0.0,0,7,13,50,32,,46,33,5.400000000000002,0.07356948228882827,6.000000000000003,0.0817438692098092,27,30,37
49,C,all_agents,,,40,30,10,0,26,4,0.33579277435251836,0.23525476151557476,0.9234548513114136,0.05335938846594228,272,30,0.75,0,0.0,0.0,31.125,1724,,,,,,,,,,,,,,,,,,,,,,,,,,,
49,C,participants_only,,,30,30,0,0,26,4,0.3859922596940904,0.2611542465318468,0.9234548513114136,0.06054280430200752,272,30,1.0,0,0.0,0.0,24.833333333333332,1724,,,,,,,,,,,,,,,,,,,,,,,,,,,
49,C,nonparticipants_only,,,10,0,10,0,0,0,0.18519431832780217,0.173758076548583,0.3321488825037,0.001569281015042068,0,0,0.0,0,0.0,0.0,50.0,0,,,,,,,,,,,,,,,,,,,,,,,,,,,
49,C,step_totals,,,,,,,,,,,,,,,,,,,,,76.20000000000007,12.0,0.15748031496062978,,,54.0,0.7086614173228339,0.0,0.0,0.008764926594238463,0.14814814814814814,0.0,0,8,19,19,24,,54,30,4.200000000000001,0.05511811023622043,6.000000000000003,0.07874015748031492,21,30,38
50,C,all_agents,,,40,30,10,0,26,4,0.3376814714030756,0.23513176889742715,0.926516657258957,0.054136579993580805,277,30,0.75,0,0.0,0.0,31.325,1764,,,,,,,,,,,,,,,,,,,,,,,,,,,
50,C,participants_only,,,30,30,0,0,26,4,0.38830981001872544,0.2618321398905938,0.926516657258957,0.061426757443361735,277,30,1.0,0,0.0,0.0,25.1,1764,,,,,,,,,,,,,,,,,,,,,,,,,,,
50,C,nonparticipants_only,,,10,0,10,0,0,0,0.18579645555612584,0.17430974252267933,0.3304881380911815,0.0015073035924671166,0,0,0.0,0,0.0,0.0,50.0,0,,,,,,,,,,,,,,,,,,,,,,,,,,,
50,C,step_totals,,,,,,,,,,,,,,,,,,,,,72.90000000000008,15.5,0.212620027434842,,,46.0,0.6310013717421118,0.0,0.0,0.009047402526986952,0.10869565217391304,0.0,0,5,13,50,31,,46,34,5.400000000000002,0.07407407407407403,6.000000000000003,0.08230452674897114,27,30,37
50,C,reachability,0.25,0.0,,,,,,,,,,,,,,,,,,,,,,,,,,,,,,,,,,,,,,,,,,,,,
51,C,all_agents,,,40,30,10,0,26,4,0.3397505718183804,0.23579661996212165,0.9294559909685988,0.055154630254434074,282,30,0.75,0,0.0,0.0,31.125,1809,,,,,,,,,,,,,,,,,,,,,,,,,,,
51,C,participants_only,,,30,30,0,0,26,4,0.3908695500133991,0.2611523541884827,0.9294559909685988,0.06260316004995958,282,30,1.0,0,0.0,0.0,24.833333333333332,1809,,,,,,,,,,,,,,,,,,,,,,,,,,,
51,C,nonparticipants_only,,,10,0,10,0,0,0,0.18639363723332417,0.1740723563743388,0.3288356974007256,0.00145124168742391,0,0,0.0,0,0.0,0.0,50.0,0,,,,,,,,,,,,,,,,,,,,,,,,,,,
51,C,step_totals,,,,,,,,,,,,,,,,,,,,,76.00000000000007,12.0,0.15789473684210512,,,54.0,0.710526315789473,0.0,0.0,0.009074478581450595,0.09259259259259259,0.0,0,5,20,19,24,,54,30,4.000000000000001,0.05263157894736838,6.000000000000003,0.0789473684210526,20,30,38
52,C,all_agents,,,40,30,10,0,26,4,0.3414525930704078,0.23618955726448748,0.9322777513298548,0.055914129225441866,289,30,0.75,0,0.0,0.0,31.325,1849,,,,,,,,,,,,,,,,,,,,,,,,,,,
52,C,participants_only,,,30,30,0,0,26,4,0.39294106077577823,0.26158369511043056,0.9322777513298548,0.0634824959648285,289,30,1.0,0,0.0,0.0,25.1,1849,,,,,,,,,,,,,,,,,,,,,,,,,,,
52,C,nonparticipants_only,,,10,0,10,0,0,0,0.18698718995429628,0.17405562083030754,0.32719151891372195,0.0013962813275182186,0,0,0.0,0,0.0,0.0,50.0,0,,,,,,,,,,,,,,,,,,,,,,,,,,,
52,C,step_totals,,,,,,,,,,,,,,,,,,,,,72.40000000000008,15.0,0.20718232044198873,,,46.0,0.6353591160220988,0.0,0.0,0.00853317877065419,0.15217391304347827,0.0,0,7,13,49,30,,46,33,5.400000000000002,0.07458563535911597,6.000000000000003,0.08287292817679554,27,30,37
53,C,all_agents,,,40,30,10,0,25,5,0.34307746712874315,0.2356894597036534,0.9349866412766606,0.056839927562481414,296,30,0.75,0,0.0,0.0,31.125,1889,,,,,,,,,,,,,,,,,,,,,,,,,,,
53,C,participants_only,,,30,30,0,0,25,5,0.39491112114862603,0.2616348568875177,0.9349866412766606,0.06459142392754719,296,30,1.0,0,0.0,0.0,24.833333333333332,1889,,,,,,,,,,,,,,,,,,,,,,,,,,,
53,C,nonparticipants_only,,,10,0,10,0,0,0,0.1875765050690948,0.1751847317965019,0.3255555613191533,0.0013447061986491414,0,0,0.0,0,0.0,0.0,50.0,0,,,,,,,,,,,,,,,,,,,,,,,,,,,
53,C,step_totals,,,,,,,,,,,,,,,,,,,,,75.50000000000006,11.5,0.15231788079470188,,,54.0,0.7152317880794696,0.0,0.0,0.0077545639168725535,0.12962962962962962,0.0,0,7,20,18,23,,54,29,4.000000000000001,0.0529801324503311,6.000000000000003,0.07947019867549666,20,30,37
54,C,all_agents,,,40,30,10,0,25,5,0.34484916121504683,0.23499992297883437,0.9375871756255942,0.05762669112527693,303,30,0.75,0,0.0,0.0,31.325,1932,,,,,,,,,,,,,,,,,,,,,,,,,,,
54,C,participants_only,,,30,30,0,0,25,5,0.39707816992523237,0.26189572034638753,0.9375871756255942,0.06549260556687836,303,30,1.0,0,0.0,0.0,25.1,1932,,,,,,,,,,,,,,,,,,,,,,,,,,,
54,C,nonparticipants_only,,,10,0,10,0,0,0,0.18816213508449006,0.17780241526899987,0.3239277835125575,0.0012945155902889364,0,0,0.0,0,0.0,0.0,50.0,0,,,,,,,,,,,,,,,,,,,,,,,,,,,
54,C,step_totals,,,,,,,,,,,,,,,,,,,,,71.90000000000008,14.5,0.20166898470097336,,,46.0,0.6397774687065362,0.0,0.0,0.008862191376019322,0.15217391304347827,0.0,0,7,13,48,29,,46,32,5.400000000000002,0.0751043115438108,6.000000000000003,0.08344923504867867,27,30,37
55,C,all_agents,,,40,30,10,0,25,5,0.34661346631191303,0.2362098915634656,0.9400836886005705,0.05858323434872974,312,30,0.75,0,0.0,0.0,31.125,1976,,,,,,,,,,,,,,,,,,,,,,,,,,,
55,C,participants_only,,,30,30,0,0,25,5,0.3992365718668466,0.26090241094724426,0.9400836886005705,0.06661901695389111,312,30,1.0,0,0.0,0.0,24.833333333333332,1976,,,,,,,,,,,,,,,,,,,,,,,,,,,
55,C,nonparticipants_only,,,10,0,10,0,0,0,0.1887441496471126,0.17905797101477405,0.32230814459499474,0.0012455916742975773,0,0,0.0,0,0.0,0.0,50.0,0,,,,,,,,,,,,,,,,,,,,,,,,,,,
55,C,step_totals,,,,,,,,,,,,,,,,,,,,,75.20000000000007,11.0,0.14627659574468072,,,54.0,0.7180851063829781,0.0,0.0,0.008267583826337783,0.16666666666666666,0.0,0,9,20,18,22,,54,29,4.200000000000001,0.0558510638297872,6.000000000000003,0.07978723404255315,21,30,38
56,C,all_agents,,,40,30,10,0,25,5,0.34804666631024883,0.23613289648553193,0.9424803410565477,0.0592528261135047,318,30,0.75,0,0.0,0.0,31.325,2015,,,,,,,,,,,,,,,,,,,,,,,,,,,
56,C,participants_only,,,30,30,0,0,25,5,0.40095486573002875,0.26136162109574196,0.9424803410565477,0.06740674322504807,318,30,1.0,0,0.0,0.0,25.1,2015,,,,,,,,,,,,,,,,,,,,,,,,,,,
56,C,nonparticipants_only,,,10,0,10,0,0,0,0.18932206805090915,0.17879473502133647,0.32069660387201976,0.0011997439887562237,0,0,0.0,0,0.0,0.0,50.0,0,,,,,,,,,,,,,,,,,,,,,,,,,,,
56,C,step_totals,,,,,,,,,,,,,,,,,,,,,71.90000000000008,14.5,0.20166898470097336,,,46.0,0.6397774687065362,0.0,0.0,0.007753142876304894,0.13043478260869565,0.0,0,6,13,48,29,,46,31,5.400000000000002,0.0751043115438108,6.000000000000003,0.08344923504867867,27,30,36
57,C,all_agents,,,40,30,10,0,25,5,0.3498104867176928,0.23623365539116845,0.9447811274142858,0.06015186184727562,325,30,0.75,0,0.0,0.0,31.125,2060,,,,,,,,,,,,,,,,,,,,,,,,,,,
57,C,participants_only,,,30,30,0,0,25,5,0.40311529930708906,0.26029058177024333,0.9447811274142858,0.06845141782000179,325,30,1.0,0,0.0,0.0,24.833333333333332,2060,,,,,,,,,,,,,,,,,,,,,,,,,,,
57,C,nonparticipants_only,,,10,0,10,0,0,0,0.18989604894950404,0.1787948989144223,0.3190931208526597,0.0011563573868092212,0,0,0.0,0,0.0,0.0,50.0,0,,,,,,,,,,,,,,,,,,,,,,,,,,,
57,C,step_totals,,,,,,,,,,,,,,,,,,,,,75.20000000000007,11.0,0.14627659574468072,,,54.0,0.7180851063829781,0.0,0.0,0.00827975507119203,0.12962962962962962,0.0,0,7,20,18,22,,54,28,4.200000000000001,0.0558510638297872,6.000000000000003,0.07978723404255315,21,30,36
58,C,all_agents,,,40,30,10,0,25,5,0.35133556273441097,0.23525586140187915,0.9469898823177143,0.060802068730469,337,30,0.75,0,0.0,0.0,31.325,2101,,,,,,,,,,,,,,,,,,,,,,,,,,,
58,C,participants_only,,,30,30,0,0,25,5,0.40495858738327967,0.26034987275502175,0.9469898823177143,0.06919632947016136,337,30,1.0,0,0.0,0.0,25.1,2101,,,,,,,,,,,,,,,,,,,,,,,,,,,
58,C,nonparticipants_only,,,10,0,10,0,0,0,0.19046648878780476,0.17989052948859124,0.31749765524839635,0.0011141412414737272,0,0,0.0,0,0.0,0.0,50.0,0,,,,,,,,,,,,,,,,,,,,,,,,,,,
58,C,step_totals,,,,,,,,,,,,,,,,,,,,,71.40000000000008,14.0,0.19607843137254882,,,46.0,0.6442577030812318,0.0,0.0,0.00815974808181949,0.2608695652173913,0.0,0,12,13,48,28,,46,32,5.400000000000002,0.07563025210084029,6.000000000000003,0.0840336134453781,27,30,36
59,C,all_agents,,,40,30,10,0,24,6,0.3531072863170161,0.23422879257137852,0.9491102870250058,0.061721994904242954,343,30,0.75,0,0.0,0.0,31.125,2148,,,,,,,,,,,,,,,,,,,,,,,,,,,
59,C,participants_only,,,30,30,0,0,24,6,0.40713200569099073,0.26015869204585784,0.9491102870250058,0.07026328711157635,343,30,1.0,0,0.0,0.0,24.833333333333332,2148,,,,,,,,,,,,,,,,,,,,,,,,,,,
59,C,nonparticipants_only,,,10,0,10,0,0,0,0.1910331281950923,0.1824305934254708,0.31591016697215435,0.0010740746410022655,0,0,0.0,0,0.0,0.0,50.0,0,,,,,,,,,,,,,,,,,,,,,,,,,,,
59,C,step_totals,,,,,,,,,,,,,,,,,,,,,75.20000000000006,11.0,0.14627659574468074,,,54.0,0.7180851063829782,0.0,0.0,0.008321564443600094,0.1111111111111111,0.0,0,6,20,18,22,,54,28,4.200000000000001,0.055851063829787204,6.000000000000003,0.07978723404255317,21,30,35
60,C,all_agents,,,40,30,10,0,24,6,0.3545653067508684,0.23419199289926246,0.9511458755440055,0.06233191742752208,350,30,0.75,0,0.0,0.0,31.325,2190,,,,,,,,,,,,,,,,,,,,,,,,,,,
60,C,participants_only,,,30,30,0,0,24,6,0.40888839993725484,0.2595297571845538,0.9511458755440055,0.07095991552557755,350,30,1.0,0,0.0,0.0,25.1,2190,,,,,,,,,,,,,,,,,,,,,,,,,,,
60,C,nonparticipants_only,,,10,0,10,0,0,0,0.19159602719170907,0.18345699594825518,0.3143306161372936,0.001035941693313762,0,0,0.0,0,0.0,0.0,50.0,0,,,,,,,,,,,,,,,,,,,,,,,,,,,
60,C,step_totals,,,,,,,,,,,,,,,,,,,,,70.90000000000006,13.5,0.19040902679830732,,,46.0,0.6488011283497879,0.0,0.0,0.008023716972074135,0.15217391304347827,0.0,0,7,13,47,27,,46,31,5.400000000000002,0.07616361071932296,6.000000000000003,0.08462623413258107,27,30,36
60,C,reachability,0.25,0.0,,,,,,,,,,,,,,,,,,,,,,,,,,,,,,,,,,,,,,,,,,,,,
61,C,all_agents,,,40,30,10,0,24,6,0.35615190461482354,0.23451235548598884,0.9531000405222453,0.06321227455234571,353,30,0.75,0,0.0,0.0,31.125,2236,,,,,,,,,,,,,,,,,,,,,,,,,,,
61,C,participants_only,,,30,30,0,0,24,6,0.4108174721402862,0.2606936617283454,0.9531000405222453,0.0719964679498148,353,30,1.0,0,0.0,0.0,24.833333333333332,2236,,,,,,,,,,,,,,,,,,,,,,,,,,,
61,C,nonparticipants_only,,,10,0,10,0,0,0,0.19215520203843572,0.18293696814938593,0.3127589630566071,0.0009998030853674517,0,0,0.0,0,0.0,0.0,50.0,0,,,,,,,,,,,,,,,,,,,,,,,,,,,
61,C,step_totals,,,,,,,,,,,,,,,,,,,,,74.50000000000007,10.5,0.1409395973154361,,,54.0,0.7248322147651,0.0,0.0,0.007836557751725,0.05555555555555555,0.0,0,3,21,17,21,,54,27,4.000000000000001,0.0536912751677852,6.000000000000003,0.0805369127516778,20,30,34
62,C,all_agents,,,40,30,10,0,24,6,0.3577042943947026,0.2340364715125395,0.9540860384521542,0.06385366427972765,358,30,0.75,0,0.0,0.0,31.325,2280,,,,,,,,,,,,,,,,,,,,,,,,,,,
62,C,participants_only,,,30,30,0,0,24,6,0.412702058200749,0.2617679189366212,0.9540860384521542,0.07271772175060634,358,30,1.0,0,0.0,0.0,25.1,2280,,,,,,,,,,,,,,,,,,,,,,,,,,,
62,C,nonparticipants_only,,,10,0,10,0,0,0,0.19271100297656335,0.18271810805698419,0.3111951682413241,0.0009644435831035372,0,0,0.0,0,0.0,0.0,50.0,0,,,,,,,,,,,,,,,,,,,,,,,,,,,
62,C,step_totals,,,,,,,,,,,,,,,,,,,,,70.70000000000007,13.5,0.19094766619519074,,,46.0,0.65063649222065,0.0,0.0,0.008386958658911522,0.10869565217391304,0.0,0,5,14,46,27,,46,30,5.200000000000002,0.0735502121640735,6.000000000000003,0.08486562942008481,26,30,35
63,C,all_agents,,,40,30,10,0,24,6,0.35921426616397234,0.2334273836020246,0.9559225969140681,0.06467423941806509,364,30,0.75,0,0.0,0.0,31.125,2325,,,,,,,,,,,,,,,,,,,,,,,,,,,
63,C,participants_only,,,30,30,0,0,24,6,0.4145315096397634,0.26098232516597564,0.9559225969140681,0.07368127997852043,364,30,1.0,0,0.0,0.0,24.833333333333332,2325,,,,,,,,,,,,,,,,,,,,,,,,,,,
63,C,nonparticipants_only,,,10,0,10,0,0,0,0.19326253573659932,0.1824766797116586,0.30963919240011745,0.0009331486275797553,0,0,0.0,0,0.0,0.0,50.0,0,,,,,,,,,,,,,,,,,,,,,,,,,,,
63,C,step_totals,,,,,,,,,,,,,,,,,,,,,73.80000000000008,10.0,0.13550135501354998,,,54.0,0.7317073170731699,0.0,0.0,0.007697127335806493,0.1111111111111111,0.0,0,6,22,16,20,,54,26,3.800000000000001,0.05149051490514901,6.000000000000003,0.08130081300813002,19,30,33
64,C,all_agents,,,40,30,10,0,23,7,0.36071054088940824,0.23443633058608787,0.9576856930375054,0.06526742759516815,370,30,0.75,0,0.0,0.0,31.325,2369,,,,,,,,,,,,,,,,,,,,,,,,,,,
64,C,participants_only,,,30,30,0,0,23,7,0.4163437825671998,0.26091853668379905,0.9576856930375054,0.07434224023482891,370,30,1.0,0,0.0,0.0,25.1,2369,,,,,,,,,,,,,,,,,,,,,,,,,,,
64,C,nonparticipants_only,,,10,0,10,0,0,0,0.19381081585603352,0.18353450693948564,0.3080909964381169,0.000902298721231121,0,0,0.0,0,0.0,0.0,50.0,0,,,,,,,,,,,,,,,,,,,,,,,,,,,
64,C,step_totals,,,,,,,,,,,,,,,,,,,,,70.70000000000009,13.5,0.1909476661951907,,,46.0,0.6506364922206498,0.0,0.0,0.008215209701723854,0.13043478260869565,0.0,0,6,14,46,27,,46,30,5.200000000000002,0.07355021216407348,6.000000000000003,0.0848656294200848,26,30,34
65,C,all_agents,,,40,30,10,0,22,8,0.36228829495535214,0.23423416446592676,0.9593782653160052,0.06609501260590742,379,30,0.75,0,0.0,0.0,31.125,2417,,,,,,,,,,,,,,,,,,,,,,,,,,,
65,C,participants_only,,,30,30,0,0,22,8,0.41826581808308505,0.26066218595109003,0.9593782653160052,0.07530196320645016,379,30,1.0,0,0.0,0.0,24.833333333333332,2417,,,,,,,,,,,,,,,,,,,,,,,,,,,
65,C,nonparticipants_only,,,10,0,10,0,0,0,0.19435572557215355,0.1857115938075019,0.3065505414559263,0.0008723636580887756,0,0,0.0,0,0.0,0.0,50.0,0,,,,,,,,,,,,,,,,,,,,,,,,,,,
65,C,step_totals,,,,,,,,,,,,,,,,,,,,,73.30000000000007,9.5,0.12960436562073657,,,54.0,0.7366984993178711,0.0,0.0,0.008003536387769771,0.16666666666666666,0.0,0,9,22,16,19,,54,26,3.800000000000001,0.05184174624829465,6.000000000000003,0.08185538881309683,19,30,33
66,C,all_agents,,,40,30,10,0,22,8,0.3637195560999034,0.23441788351059664,0.9610031347033651,0.06667586977966462,391,30,0.75,0,0.0,0.0,31.325,2462,,,,,,,,,,,,,,,,,,,,,,,,,,,
66,C,participants_only,,,30,30,0,0,22,8,0.4199937334651839,0.26050038574633644,0.9610031347033651,0.07595259842016044,391,30,1.0,0,0.0,0.0,25.1,2462,,,,,,,,,,,,,,,,,,,,,,,,,,,
66,C,nonparticipants_only,,,10,0,10,0,0,0,0.19489702400406186,0.18576867579602915,0.30501778874864666,0.0008442874005085454,0,0,0.0,0,0.0,0.0,50.0,0,,,,,,,,,,,,,,,,,,,,,,,,,,,
66,C,step_totals,,,,,,,,,,,,,,,,,,,,,70.70000000000007,13.5,0.19094766619519074,,,46.0,0.65063649222065,0.0,0.0,0.008016334254204848,0.2608695652173913,0.0,0,12,14,46,27,,46,32,5.200000000000002,0.0735502121640735,6.000000000000003,0.08486562942008481,26,30,34
67,C,all_agents,,,40,30,10,0,22,8,0.36530044005237333,0.23362433031716612,0.9625630093152304,0.06756723335278234,401,30,0.75,0,0.0,0.0,31.125,2512,,,,,,,,,,,,,,,,,,,,,,,,,,,
67,C,participants_only,,,30,30,0,0,22,8,0.42192228691773864,0.2603700071643883,0.9625630093152304,0.07699302514671166,401,30,1.0,0,0.0,0.0,24.833333333333332,2512,,,,,,,,,,,,,,,,,,,,,,,,,,,
67,C,nonparticipants_only,,,10,0,10,0,0,0,0.1954348994562773,0.18600230683528712,0.3034926998049034,0.0008174554616557745,0,0,0.0,0,0.0,0.0,50.0,0,,,,,,,,,,,,,,,,,,,,,,,,,,,
67,C,step_totals,,,,,,,,,,,,,,,,,,,,,72.60000000000008,9.0,0.1239669421487602,,,54.0,0.7438016528925612,0.0,0.0,0.008121465394635125,0.18518518518518517,0.0,0,10,22,14,18,,54,25,3.600000000000001,0.04958677685950409,6.000000000000003,0.0826446280991735,18,30,32
68,C,all_agents,,,40,30,10,0,22,8,0.36652766202283754,0.23438795197479861,0.9640604889426212,0.06809849028942659,408,30,0.75,0,0.0,0.0,31.325,2555,,,,,,,,,,,,,,,,,,,,,,,,,,,
68,C,participants_only,,,30,30,0,0,22,8,0.4233805064894046,0.2626114475597454,0.9640604889426212,0.07760474554580157,408,30,1.0,0,0.0,0.0,25.1,2555,,,,,,,,,,,,,,,,,,,,,,,,,,,
68,C,nonparticipants_only,,,10,0,10,0,0,0,0.19596912862313615,0.18549503532026734,0.30197523630587886,0.0007927734330256234,0,0,0.0,0,0.0,0.0,50.0,0,,,,,,,,,,,,,,,,,,,,,,,,,,,
68,C,step_totals,,,,,,,,,,,,,,,,,,,,,70.70000000000007,13.5,0.19094766619519074,,,46.0,0.65063649222065,0.0,0.0,0.007344917252309907,0.15217391304347827,0.0,0,7,14,46,27,,46,30,5.200000000000002,0.0735502121640735,6.000000000000003,0.08486562942008481,26,30,32
69,C,all_agents,,,40,30,10,0,22,8,0.36787401702468236,0.2343388587278909,0.9654980693849163,0.06894444948072537,413,30,0.75,0,0.0,0.0,31.125,2603,,,,,,,,,,,,,,,,,,,,,,,,,,,
69,C,participants_only,,,30,30,0,0,22,8,0.42499862667328003,0.2618778347079158,0.9654980693849163,0.07861687054608263,413,30,1.0,0,0.0,0.0,24.833333333333332,2603,,,,,,,,,,,,,,,,,,,,,,,,,,,
69,C,nonparticipants_only,,,10,0,10,0,0,0,0.1965001880788891,0.18544136452709165,0.3004653601243495,0.000768533954597607,0,0,0.0,0,0.0,0.0,50.0,0,,,,,,,,,,,,,,,,,,,,,,,,,,,
69,C,step_totals,,,,,,,,,,,,,,,,,,,,,71.90000000000006,8.5,0.11821974965229474,,,54.0,0.7510431154381079,0.0,0.0,0.007445856874317006,0.09259259259259259,0.0,0,5,23,14,17,,54,24,3.400000000000001,0.047287899860917915,6.000000000000003,0.08344923504867868,17,30,31
70,C,all_agents,,,40,30,10,0,22,8,0.36896582750750695,0.2344735664833336,0.9668781466095197,0.06939768508793727,421,30,0.75,0,0.0,0.0,31.325,2644,,,,,,,,,,,,,,,,,,,,,,,,,,,
70,C,participants_only,,,30,30,0,0,22,8,0.42627832535794175,0.26184124716658663,0.9668781466095197,0.07914339547439973,421,30,1.0,0,0.0,0.0,25.1,2644,,,,,,,,,,,,,,,,,,,,,,,,,,,
70,C,nonparticipants_only,,,10,0,10,0,0,0,0.19702833395620264,0.1871138050740976,0.29896303332372776,0.000743885010276777,0,0,0.0,0,0.0,0.0,50.0,0,,,,,,,,,,,,,,,,,,,,,,,,,,,
70,C,step_totals,,,,,,,,,,,,,,,,,,,,,70.70000000000007,13.5,0.19094766619519074,,,46.0,0.65063649222065,0.0,0.0,0.006904278346545524,0.17391304347826086,0.0,0,8,14,46,27,,46,29,5.200000000000002,0.0735502121640735,6.000000000000003,0.08486562942008481,26,30,32
70,C,reachability,0.25,0.0,,,,,,,,,,,,,,,,,,,,,,,,,,,,,,,,,,,,,,,,,,,,,
71,C,all_agents,,,40,30,10,0,22,8,0.370360814161622,0.23479801771027342,0.9682030207451389,0.07028318972519214,432,30,0.75,0,0.0,0.0,31.125,2695,,,,,,,,,,,,,,,,,,,,,,,,,,,
71,C,participants_only,,,30,30,0,0,22,8,0.4279635149508489,0.26156874149147463,0.9682030207451389,0.08019798769479636,432,30,1.0,0,0.0,0.0,24.833333333333332,2695,,,,,,,,,,,,,,,,,,,,,,,,,,,
71,C,nonparticipants_only,,,10,0,10,0,0,0,0.19755271179394124,0.18907796469726937,0.2974682181571091,0.0007219421578210518,0,0,0.0,0,0.0,0.0,50.0,0,,,,,,,,,,,,,,,,,,,,,,,,,,,
71,C,step_totals,,,,,,,,,,,,,,,,,,,,,71.90000000000008,8.5,0.11821974965229473,,,54.0,0.7510431154381076,0.0,0.0,0.007619055156779583,0.2037037037037037,0.0,0,11,23,14,17,,54,24,3.400000000000001,0.0472878998609179,6.000000000000003,0.08344923504867867,17,30,31
72,C,all_agents,,,40,30,10,0,22,8,0.37135738821755504,0.23492170001027188,0.9694748999153333,0.07072149482333513,438,30,0.75,0,0.0,0.0,31.325,2736,,,,,,,,,,,,,,,,,,,,,,,,,,,
72,C,participants_only,,,30,30,0,0,22,8,0.4291184714280029,0.2609369155225202,0.9694748999153333,0.08071668329591605,438,30,1.0,0,0.0,0.0,25.1,2736,,,,,,,,,,,,,,,,,,,,,,,,,,,
72,C,nonparticipants_only,,,10,0,10,0,0,0,0.19807413858621153,0.18926573007805947,0.2959808770663236,0.0006998166018610233,0,0,0.0,0,0.0,0.0,50.0,0,,,,,,,,,,,,,,,,,,,,,,,,,,,
72,C,step_totals,,,,,,,,,,,,,,,,,,,,,70.70000000000007,13.5,0.19094766619519074,,,46.0,0.65063649222065,0.0,0.0,0.006600658424281746,0.13043478260869565,0.0,0,6,14,46,27,,46,30,5.200000000000002,0.0735502121640735,6.000000000000003,0.08486562942008481,26,30,32
73,C,all_agents,,,40,30,10,0,22,8,0.37264725372701196,0.23472407438897186,0.97069590391872,0.07155275910268277,445,30,0.75,0,0.0,0.0,31.125,2786,,,,,,,,,,,,,,,,,,,,,,,,,,,
73,C,participants_only,,,30,30,0,0,22,8,0.43066552600543684,0.260260391643932,0.97069590391872,0.08171311657768127,445,30,1.0,0,0.0,0.0,24.833333333333332,2786,,,,,,,,,,,,,,,,,,,,,,,,,,,
73,C,nonparticipants_only,,,10,0,10,0,0,0,0.19859243689173742,0.18941065451884215,0.29450097268099196,0.0006782476596059651,0,0,0.0,0,0.0,0.0,50.0,0,,,,,,,,,,,,,,,,,,,,,,,,,,,
73,C,step_totals,,,,,,,,,,,,,,,,,,,,,71.90000000000006,8.5,0.11821974965229474,,,54.0,0.7510431154381079,0.0,0.0,0.00727882444444897,0.12962962962962962,0.0,0,7,23,14,17,,54,23,3.400000000000001,0.047287899860917915,6.000000000000003,0.08344923504867868,17,30,30
74,C,all_agents,,,40,30,10,0,22,8,0.3737561453101508,0.2343609757549801,0.9718680677619712,0.07202298757939629,452,30,0.75,0,0.0,0.0,31.325,2830,,,,,,,,,,,,,,,,,,,,,,,,,,,
74,C,participants_only,,,30,30,0,0,22,8,0.4319724058688068,0.2608115204908732,0.9718680677619712,0.08225472765762411,452,30,1.0,0,0.0,0.0,25.1,2830,,,,,,,,,,,,,,,,,,,,,,,,,,,
74,C,nonparticipants_only,,,10,0,10,0,0,0,0.19910736363418266,0.18942186655815996,0.293028467817587,0.0006581714235128485,0,0,0.0,0,0.0,0.0,50.0,0,,,,,,,,,,,,,,,,,,,,,,,,,,,
74,C,step_totals,,,,,,,,,,,,,,,,,,,,,70.70000000000009,13.5,0.1909476661951907,,,46.0,0.6506364922206498,0.0,0.0,0.007000324535517862,0.15217391304347827,0.0,0,7,14,46,27,,46,30,5.200000000000002,0.07355021216407348,6.000000000000003,0.0848656294200848,26,30,32
75,C,all_agents,,,40,30,10,0,22,8,0.37488022396131204,0.23367949804686172,0.9726892459240123,0.07278928405211105,458,30,0.75,0,0.0,0.0,31.125,2877,,,,,,,,,,,,,,,,,,,,,,,,,,,
75,C,participants_only,,,30,30,0,0,22,8,0.4333005656801333,0.2607247569178869,0.9726892459240123,0.08318775777706937,458,30,1.0,0,0.0,0.0,24.833333333333332,2877,,,,,,,,,,,,,,,,,,,,,,,,,,,
75,C,nonparticipants_only,,,10,0,10,0,0,0,0.19961919880484824,0.18992125471577448,0.29156332547849906,0.000638626958709936,0,0,0.0,0,0.0,0.0,50.0,0,,,,,,,,,,,,,,,,,,,,,,,,,,,
75,C,step_totals,,,,,,,,,,,,,,,,,,,,,71.90000000000006,8.5,0.11821974965229474,,,54.0,0.7510431154381079,0.0,0.0,0.006738009042795533,0.1111111111111111,0.0,0,6,23,14,17,,54,22,3.400000000000001,0.047287899860917915,6.000000000000003,0.08344923504867868,17,30,30
76,C,all_agents,,,40,30,10,0,22,8,0.37593774505337196,0.23353756317620672,0.9737816760870518,0.07322624169594058,466,30,0.75,0,0.0,0.0,31.325,2921,,,,,,,,,,,,,,,,,,,,,,,,,,,
76,C,participants_only,,,30,30,0,0,22,8,0.43454112254717564,0.26142873359732755,0.9737816760870518,0.08369062020488358,466,30,1.0,0,0.0,0.0,25.1,2921,,,,,,,,,,,,,,,,,,,,,,,,,,,
76,C,nonparticipants_only,,,10,0,10,0,0,0,0.2001276125719608,0.19135641755120134,0.2901055088511066,0.0006208359249364959,0,0,0.0,0,0.0,0.0,50.0,0,,,,,,,,,,,,,,,,,,,,,,,,,,,
76,C,step_totals,,,,,,,,,,,,,,,,,,,,,70.20000000000006,13.0,0.18518518518518504,,,46.0,0.6552706552706548,0.0,0.0,0.006905211117347881,0.17391304347826086,0.0,0,8,15,46,26,,46,29,5.200000000000002,0.07407407407407404,6.000000000000003,0.08547008547008543,26,30,32
77,C,all_agents,,,40,30,10,0,22,8,0.37712081147203963,0.23274924808860678,0.9748304090435698,0.07401966188634065,471,30,0.75,0,0.0,0.0,31.125,2971,,,,,,,,,,,,,,,,,,,,,,,,,,,
77,C,participants_only,,,30,30,0,0,22,8,0.4359500192225149,0.26040267368179565,0.9748304090435698,0.08464847064409269,471,30,1.0,0,0.0,0.0,24.833333333333332,2971,,,,,,,,,,,,,,,,,,,,,,,,,,,
77,C,nonparticipants_only,,,10,0,10,0,0,0,0.20063318822061385,0.1925464948380341,0.2886549813068511,0.0006027273985016141,0,0,0.0,0,0.0,0.0,50.0,0,,,,,,,,,,,,,,,,,,,,,,,,,,,
77,C,step_totals,,,,,,,,,,,,,,,,,,,,,71.90000000000006,8.5,0.11821974965229474,,,54.0,0.7510431154381079,0.0,0.0,0.0069465474926015385,0.09259259259259259,0.0,0,5,23,14,17,,54,22,3.400000000000001,0.047287899860917915,6.000000000000003,0.08344923504867868,17,30,30
78,C,all_agents,,,40,30,10,0,22,8,0.37799427773883776,0.23233387872354416,0.975837192681827,0.07441117130198281,475,30,0.75,0,0.0,0.0,31.325,3013,,,,,,,,,,,,,,,,,,,,,,,,,,,
78,C,participants_only,,,30,30,0,0,22,8,0.4369470615928015,0.26077782982264386,0.975837192681827,0.08511837142241838,475,30,1.0,0,0.0,0.0,25.1,3013,,,,,,,,,,,,,,,,,,,,,,,,,,,
78,C,nonparticipants_only,,,10,0,10,0,0,0,0.20113592617694653,0.1933268035759651,0.28721170640031685,0.0005844022510900716,0,0,0.0,0,0.0,0.0,50.0,0,,,,,,,,,,,,,,,,,,,,,,,,,,,
78,C,step_totals,,,,,,,,,,,,,,,,,,,,,69.70000000000007,12.5,0.1793400286944044,,,46.0,0.6599713055954082,0.0,0.0,0.006351551873628374,0.08695652173913043,0.0,0,4,16,46,25,,46,29,5.200000000000002,0.07460545193687226,6.000000000000003,0.08608321377331415,26,30,32
79,C,all_agents,,,40,30,10,0,22,8,0.3790502655319066,0.2316468414618093,0.9768037049745539,0.07516878839679178,481,30,0.75,0,0.0,0.0,31.125,3062,,,,,,,,,,,,,,,,,,,,,,,,,,,
79,C,participants_only,,,30,30,0,0,22,8,0.4381884788526567,0.25982613840590085,0.9768037049745539,0.08604685234731066,481,30,1.0,0,0.0,0.0,24.833333333333332,3062,,,,,,,,,,,,,,,,,,,,,,,,,,,
79,C,nonparticipants_only,,,10,0,10,0,0,0,0.20163562556965625,0.19319450409723213,0.2857756478683153,0.0005666572479885771,0,0,0.0,0,0.0,0.0,50.0,0,,,,,,,,,,,,,,,,,,,,,,,,,,,
79,C,step_totals,,,,,,,,,,,,,,,,,,,,,71.90000000000006,8.5,0.11821974965229474,,,54.0,0.7510431154381079,0.0,0.0,0.0065323966209142595,0.1111111111111111,0.0,0,6,23,14,17,,54,22,3.400000000000001,0.047287899860917915,6.000000000000003,0.08344923504867868,17,30,28
80,C,all_agents,,,40,30,10,0,22,8,0.38000411546439405,0.23125025346037875,0.9777315567755718,0.07560849677832056,486,30,0.75,0,0.0,0.0,31.325,3107,,,,,,,,,,,,,,,,,,,,,,,,,,,
80,C,participants_only,,,30,30,0,0,22,8,0.4392947866920973,0.2597254627637329,0.9777315567755718,0.08656638393992147,486,30,1.0,0,0.0,0.0,25.1,3107,,,,,,,,,,,,,,,,,,,,,,,,,,,
80,C,nonparticipants_only,,,10,0,10,0,0,0,0.2021321017812842,0.1932658980693301,0.2843467696289737,0.0005502309579385819,0,0,0.0,0,0.0,0.0,50.0,0,,,,,,,,,,,,,,,,,,,,,,,,,,,
80,C,step_totals,,,,,,,,,,,,,,,,,,,,,69.50000000000009,12.5,0.17985611510791344,,,46.0,0.6618705035971215,0.0,0.0,0.00666179157147894,0.10869565217391304,0.0,0,5,16,45,25,,46,29,5.000000000000002,0.07194244604316541,6.000000000000003,0.0863309352517985,25,30,31
80,C,reachability,0.25,0.0,,,,,,,,,,,,,,,,,,,,,,,,,,,,,,,,,,,,,,,,,,,,,
81,C,all_agents,,,40,30,10,0,22,8,0.3812215819169006,0.23048599308570827,0.9786222945045489,0.07642269549360968,494,30,0.75,0,0.0,0.0,31.125,3159,,,,,,,,,,,,,,,,,,,,,,,,,,,
81,C,participants_only,,,30,30,0,0,22,8,0.4407537395972681,0.25955649112861,0.9786222945045489,0.08754194581747528,494,30,1.0,0,0.0,0.0,24.833333333333332,3159,,,,,,,,,,,,,,,,,,,,,,,,,,,
81,C,nonparticipants_only,,,10,0,10,0,0,0,0.20262510887579807,0.19420586336850004,0.28292503578082884,0.0005360109450512403,0,0,0.0,0,0.0,0.0,50.0,0,,,,,,,,,,,,,,,,,,,,,,,,,,,
81,C,step_totals,,,,,,,,,,,,,,,,,,,,,71.90000000000006,8.5,0.11821974965229474,,,54.0,0.7510431154381079,0.0,0.0,0.007081965013231172,0.14814814814814814,0.0,0,8,23,14,17,,54,21,3.400000000000001,0.047287899860917915,6.000000000000003,0.08344923504867868,17,30,27
82,C,all_agents,,,40,30,10,0,22,8,0.3819355918460147,0.2311600331915079,0.9794774027243669,0.07678625507271068,498,30,0.75,0,0.0,0.0,31.325,3201,,,,,,,,,,,,,,,,,,,,,,,,,,,
82,C,participants_only,,,30,30,0,0,22,8,0.4415423203800301,0.2590288251925065,0.9794774027243669,0.08799604969614999,498,30,1.0,0,0.0,0.0,25.1,3201,,,,,,,,,,,,,,,,,,,,,,,,,,,
82,C,nonparticipants_only,,,10,0,10,0,0,0,0.2031154062439688,0.1960717940654242,0.28151041060192467,0.000521326164059217,0,0,0.0,0,0.0,0.0,50.0,0,,,,,,,,,,,,,,,,,,,,,,,,,,,
82,C,step_totals,,,,,,,,,,,,,,,,,,,,,69.00000000000007,12.0,0.1739130434782607,,,46.0,0.666666666666666,0.0,0.0,0.005912742651804103,0.08695652173913043,0.0,0,4,16,45,24,,46,28,5.000000000000002,0.07246376811594198,6.000000000000003,0.08695652173913039,25,30,30
83,C,all_agents,,,40,30,10,0,22,8,0.3830283016769318,0.23071944593110927,0.9802983066153922,0.0775779028306128,510,30,0.75,0,0.0,0.0,31.125,3253,,,,,,,,,,,,,,,,,,,,,,,,,,,
83,C,participants_only,,,30,30,0,0,22,8,0.4428367402321624,0.25897039462912397,0.9802983066153922,0.08896025391327952,510,30,1.0,0,0.0,0.0,24.833333333333332,3253,,,,,,,,,,,,,,,,,,,,,,,,,,,
83,C,nonparticipants_only,,,10,0,10,0,0,0,0.20360298601123994,0.19602552657687694,0.28010285854891503,0.0005062577136350553,0,0,0.0,0,0.0,0.0,50.0,0,,,,,,,,,,,,,,,,,,,,,,,,,,,
83,C,step_totals,,,,,,,,,,,,,,,,,,,,,71.40000000000006,8.0,0.11204481792717078,,,54.0,0.7563025210084027,0.0,0.0,0.006737303188588767,0.2222222222222222,0.0,0,12,24,14,16,,54,20,3.400000000000001,0.04761904761904759,6.000000000000003,0.08403361344537812,17,30,26
84,C,all_agents,,,40,30,10,0,22,8,0.3837940961048396,0.23021089549298093,0.9810863743507765,0.07796431480003393,515,30,0.75,0,0.0,0.0,31.325,3297,,,,,,,,,,,,,,,,,,,,,,,,,,,
84,C,participants_only,,,30,30,0,0,22,8,0.4436961912870914,0.25901609090290967,0.9810863743507765,0.08943570278081506,515,30,1.0,0,0.0,0.0,25.1,3297,,,,,,,,,,,,,,,,,,,,,,,,,,,
84,C,nonparticipants_only,,,10,0,10,0,0,0,0.20408781055808425,0.1967267884326434,0.27870234425617046,0.0004910187710079124,0,0,0.0,0,0.0,0.0,50.0,0,,,,,,,,,,,,,,,,,,,,,,,,,,,
84,C,step_totals,,,,,,,,,,,,,,,,,,,,,69.00000000000006,12.0,0.17391304347826073,,,46.0,0.6666666666666661,0.0,0.0,0.006108053481081897,0.10869565217391304,0.0,0,5,16,45,24,,46,28,5.000000000000002,0.07246376811594199,6.000000000000003,0.0869565217391304,25,30,30
85,C,all_agents,,,40,30,10,0,22,8,0.3847660879981406,0.22948137070205504,0.9818429193767454,0.07871965481296557,524,30,0.75,0,0.0,0.0,31.125,3348,,,,,,,,,,,,,,,,,,,,,,,,,,,
85,C,participants_only,,,30,30,0,0,22,8,0.4448315397056163,0.25834508509976867,0.9818429193767454,0.09036936439606448,524,30,1.0,0,0.0,0.0,24.833333333333332,3348,,,,,,,,,,,,,,,,,,,,,,,,,,,
85,C,nonparticipants_only,,,10,0,10,0,0,0,0.20456973287571364,0.19683899543390154,0.27730883253488964,0.00047622419779171934,0,0,0.0,0,0.0,0.0,50.0,0,,,,,,,,,,,,,,,,,,,,,,,,,,,
85,C,step_totals,,,,,,,,,,,,,,,,,,,,,71.40000000000006,8.0,0.11204481792717078,,,54.0,0.7563025210084027,0.0,0.0,0.006339603471351743,0.16666666666666666,0.0,0,9,24,14,16,,54,20,3.400000000000001,0.04761904761904759,6.000000000000003,0.08403361344537812,17,30,25
86,C,all_agents,,,40,30,10,0,22,8,0.3854127455555674,0.2290328040454463,0.9825692026016756,0.07903038731007919,531,30,0.75,0,0.0,0.0,31.325,3388,,,,,,,,,,,,,,,,,,,,,,,,,,,
86,C,participants_only,,,30,30,0,0,22,8,0.44553434626334854,0.25739347307559085,0.9825692026016756,0.0907604851076883,531,30,1.0,0,0.0,0.0,25.1,3388,,,,,,,,,,,,,,,,,,,,,,,,,,,
86,C,nonparticipants_only,,,10,0,10,0,0,0,0.20504794343222404,0.19707064048444406,0.27592228837221516,0.00046481145726146023,0,0,0.0,0,0.0,0.0,50.0,0,,,,,,,,,,,,,,,,,,,,,,,,,,,
86,C,step_totals,,,,,,,,,,,,,,,,,,,,,69.00000000000007,12.0,0.1739130434782607,,,46.0,0.666666666666666,0.0,0.0,0.005706455955585257,0.15217391304347827,0.0,0,7,16,45,24,,46,28,5.000000000000002,0.07246376811594198,6.000000000000003,0.08695652173913039,25,30,30
87,C,all_agents,,,40,30,10,0,22,8,0.386455384694739,0.22807843141467404,0.9832664344976085,0.0797940651444044,542,30,0.75,0,0.0,0.0,31.125,3440,,,,,,,,,,,,,,,,,,,,,,,,,,,
87,C,participants_only,,,30,30,0,0,22,8,0.44676605272509246,0.25685389860264696,0.9832664344976085,0.09169143299050801,542,30,1.0,0,0.0,0.0,24.833333333333332,3440,,,,,,,,,,,,,,,,,,,,,,,,,,,
87,C,nonparticipants_only,,,10,0,10,0,0,0,0.2055233806036788,0.19808455789666318,0.2745426769303541,0.00045344146688369513,0,0,0.0,0,0.0,0.0,50.0,0,,,,,,,,,,,,,,,,,,,,,,,,,,,
87,C,step_totals,,,,,,,,,,,,,,,,,,,,,71.40000000000005,8.0,0.11204481792717079,,,54.0,0.7563025210084029,0.0,0.0,0.006583038566626237,0.2037037037037037,0.0,0,11,24,14,16,,54,20,3.400000000000001,0.047619047619047596,6.000000000000003,0.08403361344537813,17,30,25
88,C,all_agents,,,40,30,10,0,22,8,0.3871277070918126,0.22883593181904016,0.9839357771177042,0.08010206360448685,549,30,0.75,0,0.0,0.0,31.325,3483,,,,,,,,,,,,,,,,,,,,,,,,,,,
88,C,participants_only,,,30,30,0,0,22,8,0.44750486829670266,0.25618046891171475,0.9839357771177042,0.0920739625370148,549,30,1.0,0,0.0,0.0,25.1,3483,,,,,,,,,,,,,,,,,,,,,,,,,,,
88,C,nonparticipants_only,,,10,0,10,0,0,0,0.2059962234771427,0.19978721027086127,0.27316996354570233,0.00044154766496772697,0,0,0.0,0,0.0,0.0,50.0,0,,,,,,,,,,,,,,,,,,,,,,,,,,,
88,C,step_totals,,,,,,,,,,,,,,,,,,,,,69.00000000000007,12.0,0.1739130434782607,,,46.0,0.666666666666666,0.0,0.0,0.005811054659319661,0.15217391304347827,0.0,0,7,16,45,24,,46,29,5.000000000000002,0.07246376811594198,6.000000000000003,0.08695652173913039,25,30,30
89,C,all_agents,,,40,30,10,0,22,8,0.38806622305128163,0.22831961099112638,0.984578346032996,0.08084020817790583,561,30,0.75,0,0.0,0.0,31.125,3535,,,,,,,,,,,,,,,,,,,,,,,,,,,
89,C,participants_only,,,30,30,0,0,22,8,0.44859948821956275,0.2558695034165365,0.984578346032996,0.09298673200568391,561,30,1.0,0,0.0,0.0,24.833333333333332,3535,,,,,,,,,,,,,,,,,,,,,,,,,,,
89,C,nonparticipants_only,,,10,0,10,0,0,0,0.20646642754643824,0.1999570519350391,0.2718041137279738,0.000429322391370278,0,0,0.0,0,0.0,0.0,50.0,0,,,,,,,,,,,,,,,,,,,,,,,,,,,
89,C,step_totals,,,,,,,,,,,,,,,,,,,,,71.40000000000005,8.0,0.11204481792717079,,,54.0,0.7563025210084029,0.0,0.0,0.006240513448538366,0.2222222222222222,0.0,0,12,24,14,16,,54,20,3.400000000000001,0.047619047619047596,6.000000000000003,0.08403361344537813,17,30,25
90,C,all_agents,,,40,30,10,0,22,8,0.38864954977134014,0.2286218602049536,0.9851952121916762,0.081112581550451,563,30,0.75,0,0.0,0.0,31.325,3577,,,,,,,,,,,,,,,,,,,,,,,,,,,
90,C,participants_only,,,30,30,0,0,22,8,0.44922139901842517,0.2558990565988961,0.9851952121916762,0.09333537222393122,563,30,1.0,0,0.0,0.0,25.1,3577,,,,,,,,,,,,,,,,,,,,,,,,,,,
90,C,nonparticipants_only,,,10,0,10,0,0,0,0.20693400203008494,0.20008396018206798,0.27044509315933396,0.00041682247547114744,0,0,0.0,0,0.0,0.0,50.0,0,,,,,,,,,,,,,,,,,,,,,,,,,,,
90,C,step_totals,,,,,,,,,,,,,,,,,,,,,69.00000000000007,12.0,0.1739130434782607,,,46.0,0.666666666666666,0.0,0.0,0.0055155462392147735,0.043478260869565216,0.0,0,2,16,45,24,,46,29,5.000000000000002,0.07246376811594198,6.000000000000003,0.08695652173913039,25,30,29
90,C,reachability,0.25,0.0,,,,,,,,,,,,,,,,,,,,,,,,,,,,,,,,,,,,,,,,,,,,,
91,C,all_agents,,,40,30,10,0,22,8,0.38964324236369413,0.229049135081488,0.9857874037040091,0.08187991274000835,570,30,0.75,0,0.0,0.0,31.125,3631,,,,,,,,,,,,,,,,,,,,,,,,,,,
91,C,participants_only,,,30,30,0,0,22,8,0.45039159234292564,0.25603818432430797,0.9857874037040091,0.094276170817374,570,30,1.0,0,0.0,0.0,24.833333333333332,3631,,,,,,,,,,,,,,,,,,,,,,,,,,,
91,C,nonparticipants_only,,,10,0,10,0,0,0,0.2073981924259996,0.20024280568693723,0.2690928676935373,0.00040679420552104146,0,0,0.0,0,0.0,0.0,50.0,0,,,,,,,,,,,,,,,,,,,,,,,,,,,
91,C,step_totals,,,,,,,,,,,,,,,,,,,,,71.40000000000006,8.0,0.11204481792717078,,,54.0,0.7563025210084027,0.0,0.0,0.00643188131523295,0.12962962962962962,0.0,0,7,24,14,16,,54,20,3.400000000000001,0.04761904761904759,6.000000000000003,0.08403361344537812,17,30,25
92,C,all_agents,,,40,30,10,0,22,8,0.39038125860714185,0.22973010477261255,0.9863559075558487,0.0822050073130627,575,30,0.75,0,0.0,0.0,31.325,3675,,,,,,,,,,,,,,,,,,,,,,,,,,,
92,C,participants_only,,,30,30,0,0,22,8,0.45122189211122715,0.2567945408545407,0.9863559075558487,0.09466767584898067,575,30,1.0,0,0.0,0.0,25.1,3675,,,,,,,,,,,,,,,,,,,,,,,,,,,
92,C,nonparticipants_only,,,10,0,10,0,0,0,0.20785935809488607,0.2006945232261505,0.26774740335506964,0.0003980094831676817,0,0,0.0,0,0.0,0.0,50.0,0,,,,,,,,,,,,,,,,,,,,,,,,,,,
92,C,step_totals,,,,,,,,,,,,,,,,,,,,,69.00000000000009,12.0,0.17391304347826064,,,46.0,0.6666666666666659,0.0,0.0,0.00606682451405691,0.10869565217391304,0.0,0,5,16,45,24,,46,29,5.000000000000002,0.07246376811594196,6.000000000000003,0.08695652173913036,25,30,29
93,C,all_agents,,,40,30,10,0,22,8,0.3911057184708475,0.22905715845592223,0.9869016712536147,0.08284771162295602,579,30,0.75,0,0.0,0.0,31.125,3724,,,,,,,,,,,,,,,,,,,,,,,,,,,
93,C,participants_only,,,30,30,0,0,22,8,0.45203500217325865,0.2560260729183117,0.9869016712536147,0.0954843741269141,579,30,1.0,0,0.0,0.0,24.833333333333332,3724,,,,,,,,,,,,,,,,,,,,,,,,,,,
93,C,nonparticipants_only,,,10,0,10,0,0,0,0.2083178673636141,0.20252864277860994,0.2664086663382943,0.000389192761214987,0,0,0.0,0,0.0,0.0,50.0,0,,,,,,,,,,,,,,,,,,,,,,,,,,,
93,C,step_totals,,,,,,,,,,,,,,,,,,,,,71.40000000000006,8.0,0.11204481792717078,,,54.0,0.7563025210084027,0.0,0.0,0.005535441897663556,0.07407407407407407,0.0,0,4,24,14,16,,54,20,3.400000000000001,0.04761904761904759,6.000000000000003,0.08403361344537812,17,30,25
94,C,all_agents,,,40,30,10,0,22,8,0.3917547395206503,0.2286040078723524,0.9874256044034702,0.08314998298655919,585,30,0.75,0,0.0,0.0,31.325,3769,,,,,,,,,,,,,,,,,,,,,,,,,,,
94,C,participants_only,,,30,30,0,0,22,8,0.45274836691721426,0.2555041676106713,0.9874256044034702,0.09585911763384714,585,30,1.0,0,0.0,0.0,25.1,3769,,,,,,,,,,,,,,,,,,,,,,,,,,,
94,C,nonparticipants_only,,,10,0,10,0,0,0,0.20877385733095838,0.20301803344427904,0.26507662300660284,0.00037990804880479775,0,0,0.0,0,0.0,0.0,50.0,0,,,,,,,,,,,,,,,,,,,,,,,,,,,
94,C,step_totals,,,,,,,,,,,,,,,,,,,,,69.00000000000007,12.0,0.1739130434782607,,,46.0,0.666666666666666,0.0,0.0,0.005767486093338002,0.13043478260869565,0.0,0,6,16,45,24,,46,29,5.000000000000002,0.07246376811594198,6.000000000000003,0.08695652173913039,25,30,29
95,C,all_agents,,,40,30,10,0,22,8,0.39261299155370094,0.2280671254257875,0.9879285802273313,0.08386557709427447,598,30,0.75,0,0.0,0.0,31.125,3822,,,,,,,,,,,,,,,,,,,,,,,,,,,
95,C,participants_only,,,30,30,0,0,22,8,0.4537415456662684,0.2551972306720504,0.9879285802273313,0.09675056963729932,598,30,1.0,0,0.0,0.0,24.833333333333332,3822,,,,,,,,,,,,,,,,,,,,,,,,,,,
95,C,nonparticipants_only,,,10,0,10,0,0,0,0.20922732921599865,0.20378983114129112,0.26375123989156984,0.00037019793048289007,0,0,0.0,0,0.0,0.0,50.0,0,,,,,,,,,,,,,,,,,,,,,,,,,,,
95,C,step_totals,,,,,,,,,,,,,,,,,,,,,71.40000000000006,8.0,0.11204481792717078,,,54.0,0.7563025210084027,0.0,0.0,0.0059929542980044805,0.24074074074074073,0.0,0,13,24,14,16,,54,20,3.400000000000001,0.04761904761904759,6.000000000000003,0.08403361344537812,17,30,25
96,C,all_agents,,,40,30,10,0,22,8,0.39325102881563995,0.22841582451496772,0.9884114370182381,0.08414268270098163,606,30,0.75,0,0.0,0.0,31.325,3867,,,,,,,,,,,,,,,,,,,,,,,,,,,
96,C,participants_only,,,30,30,0,0,22,8,0.45444213924842813,0.25472591926994115,0.9884114370182381,0.09709210176879193,606,30,1.0,0,0.0,0.0,25.1,3867,,,,,,,,,,,,,,,,,,,,,,,,,,,
96,C,nonparticipants_only,,,10,0,10,0,0,0,0.20967769751727525,0.20351236328184574,0.262432483692112,0.00036220154557848347,0,0,0.0,0,0.0,0.0,50.0,0,,,,,,,,,,,,,,,,,,,,,,,,,,,
96,C,step_totals,,,,,,,,,,,,,,,,,,,,,68.80000000000007,12.0,0.17441860465116263,,,46.0,0.66860465116279,0.0,0.0,0.005758235678959474,0.17391304347826086,0.0,0,8,16,45,24,,46,29,4.800000000000002,0.06976744186046507,6.000000000000003,0.08720930232558134,24,30,29
97,C,all_agents,,,40,30,10,0,22,8,0.3939123745423494,0.22757640793907913,0.9888749795375086,0.08477790668229393,610,30,0.75,0,0.0,0.0,31.125,3915,,,,,,,,,,,,,,,,,,,,,,,,,,,
97,C,participants_only,,,30,30,0,0,22,8,0.45517471909154394,0.254256281334009,0.9888749795375086,0.09790669691619958,610,30,1.0,0,0.0,0.0,24.833333333333332,3915,,,,,,,,,,,,,,,,,,,,,,,,,,,
97,C,nonparticipants_only,,,10,0,10,0,0,0,0.21012534089476592,0.20372146388008383,0.2611203212736514,0.0003546376646063473,0,0,0.0,0,0.0,0.0,50.0,0,,,,,,,,,,,,,,,,,,,,,,,,,,,
97,C,step_totals,,,,,,,,,,,,,,,,,,,,,71.40000000000006,8.0,0.11204481792717078,,,54.0,0.7563025210084027,0.0,0.0,0.005338097114141553,0.07407407407407407,0.0,0,4,24,14,16,,54,20,3.400000000000001,0.04761904761904759,6.000000000000003,0.08403361344537812,17,30,25
98,C,all_agents,,,40,30,10,0,22,8,0.39449085987332033,0.2277657125244143,0.9893199803560082,0.08501806093714347,616,30,0.75,0,0.0,0.0,31.325,3959,,,,,,,,,,,,,,,,,,,,,,,,,,,
98,C,participants_only,,,30,30,0,0,22,8,0.4557977849707069,0.25428453019967867,0.9893199803560082,0.09820719131630433,616,30,1.0,0,0.0,0.0,25.1,3959,,,,,,,,,,,,,,,,,,,,,,,,,,,
98,C,nonparticipants_only,,,10,0,10,0,0,0,0.21057008458116072,0.20457170192720753,0.25981471966728314,0.0003482010209020798,0,0,0.0,0,0.0,0.0,50.0,0,,,,,,,,,,,,,,,,,,,,,,,,,,,
98,C,step_totals,,,,,,,,,,,,,,,,,,,,,68.80000000000005,12.0,0.17441860465116266,,,46.0,0.6686046511627902,0.0,0.0,0.005559903644562585,0.13043478260869565,0.0,0,6,16,45,24,,46,29,4.800000000000002,0.06976744186046509,6.000000000000003,0.08720930232558137,24,30,29
99,C,all_agents,,,40,30,10,0,22,8,0.3953185938625842,0.22721582833748044,0.9897471811417679,0.08572637957324164,625,30,0.75,0,0.0,0.0,31.125,4013,,,,,,,,,,,,,,,,,,,,,,,,,,,
99,C,participants_only,,,30,30,0,0,22,8,0.4567540420010055,0.25441751758419323,0.9897471811417679,0.09909065898945299,625,30,1.0,0,0.0,0.0,24.833333333333332,4013,,,,,,,,,,,,,,,,,,,,,,,,,,,
99,C,nonparticipants_only,,,10,0,10,0,0,0,0.21101224944732022,0.20665716489254493,0.2585156460689467,0.000341769868983689,0,0,0.0,0,0.0,0.0,50.0,0,,,,,,,,,,,,,,,,,,,,,,,,,,,
99,C,step_totals,,,,,,,,,,,,,,,,,,,,,71.20000000000006,8.0,0.11235955056179765,,,54.0,0.7584269662921342,0.0,0.0,0.005920754300769505,0.16666666666666666,0.0,0,9,24,14,16,,54,19,3.2000000000000006,0.04494382022471907,6.000000000000003,0.08426966292134828,16,30,24
100,C,all_agents,,,40,30,10,0,22,8,0.39593150928815496,0.22779153339237826,0.9901572938960972,0.08599603324838867,629,30,0.75,0,0.0,0.0,31.325,4059,,,,,,,,,,,,,,,,,,,,,,,,,,,
100,C,participants_only,,,30,30,0,0,22,8,0.4574246754705846,0.2553372706367998,0.9901572938960972,0.09942414484344653,629,30,1.0,0,0.0,0.0,25.1,4059,,,,,,,,,,,,,,,,,,,,,,,,,,,
100,C,nonparticipants_only,,,10,0,10,0,0,0,0.21145201074086603,0.20681628400675592,0.257223067838602,0.00033478461753615364,0,0,0.0,0,0.0,0.0,50.0,0,,,,,,,,,,,,,,,,,,,,,,,,,,,
100,C,step_totals,,,,,,,,,,,,,,,,,,,,,68.80000000000007,12.0,0.17441860465116263,,,46.0,0.66860465116279,0.0,0.0,0.005692016285352984,0.08695652173913043,0.0,0,4,16,45,24,,46,29,4.800000000000002,0.06976744186046507,6.000000000000003,0.08720930232558134,24,30,29
100,C,reachability,0.25,0.0,,,,,,,,,,,,,,,,,,,,,,,,,,,,,,,,,,,,,,,,,,,,,
101,C,all_agents,,,40,30,10,0,22,8,0.3966578029482487,0.22779762362413614,0.9905510021402533,0.08667096438266116,636,30,0.75,0,0.0,0.0,31.125,4111,,,,,,,,,,,,,,,,,,,,,,,,,,,
101,C,participants_only,,,30,30,0,0,22,8,0.458247472976978,0.2544059407097675,0.9905510021402533,0.10027836762963349,636,30,1.0,0,0.0,0.0,24.833333333333332,4111,,,,,,,,,,,,,,,,,,,,,,,,,,,
101,C,nonparticipants_only,,,10,0,10,0,0,0,0.211888792862061,0.2069351802031107,0.255936952499409,0.00032930519077117854,0,0,0.0,0,0.0,0.0,50.0,0,,,,,,,,,,,,,,,,,,,,,,,,,,,
101,C,step_totals,,,,,,,,,,,,,,,,,,,,,71.20000000000006,8.0,0.11235955056179765,,,54.0,0.7584269662921342,0.0,0.0,0.005585880511498683,0.12962962962962962,0.0,0,7,24,14,16,,54,19,3.2000000000000006,0.04494382022471907,6.000000000000003,0.08426966292134828,16,30,24
102,C,all_agents,,,40,30,10,0,22,8,0.3972106645219287,0.2281295497016434,0.9909289620546431,0.08690310516666598,642,30,0.75,0,0.0,0.0,31.325,4156,,,,,,,,,,,,,,,,,,,,,,,,,,,
102,C,participants_only,,,30,30,0,0,22,8,0.4588398510919974,0.25410384744784387,0.9909289620546431,0.10057031636864511,642,30,1.0,0,0.0,0.0,25.1,4156,,,,,,,,,,,,,,,,,,,,,,,,,,,
102,C,nonparticipants_only,,,10,0,10,0,0,0,0.21232310481172303,0.20680739601998324,0.2556047426037884,0.00032359191326875833,0,0,0.0,0,0.0,0.0,50.0,0,,,,,,,,,,,,,,,,,,,,,,,,,,,
102,C,step_totals,,,,,,,,,,,,,,,,,,,,,68.80000000000005,12.0,0.17441860465116266,,,46.0,0.6686046511627902,0.0,0.0,0.005492933687228398,0.13043478260869565,0.0,0,6,16,45,24,,46,29,4.800000000000002,0.06976744186046509,6.000000000000003,0.08720930232558137,24,30,29
103,C,all_agents,,,40,30,10,0,22,8,0.3979025632284676,0.22736983283002885,0.9912918035724574,0.087565248568493,648,30,0.75,0,0.0,0.0,31.125,4209,,,,,,,,,,,,,,,,,,,,,,,,,,,
103,C,participants_only,,,30,30,0,0,22,8,0.45961848232923463,0.25361367905107135,0.9912918035724574,0.10141217052226943,648,30,1.0,0,0.0,0.0,24.833333333333332,4209,,,,,,,,,,,,,,,,,,,,,,,,,,,
103,C,nonparticipants_only,,,10,0,10,0,0,0,0.21275480592616658,0.2066673125968827,0.25585857645908666,0.0003182266617346566,0,0,0.0,0,0.0,0.0,50.0,0,,,,,,,,,,,,,,,,,,,,,,,,,,,
103,C,step_totals,,,,,,,,,,,,,,,,,,,,,71.20000000000006,8.0,0.11235955056179765,,,54.0,0.7584269662921342,0.0,0.0,0.0054765410856072875,0.1111111111111111,0.0,0,6,24,14,16,,54,19,3.2000000000000006,0.04494382022471907,6.000000000000003,0.08426966292134828,16,30,24
104,C,all_agents,,,40,30,10,0,22,8,0.398453953243426,0.22801425846176993,0.9916401314295591,0.08780165751177309,655,30,0.75,0,0.0,0.0,31.325,4254,,,,,,,,,,,,,,,,,,,,,,,,,,,
104,C,participants_only,,,30,30,0,0,22,8,0.4602107064075251,0.2533355655361088,0.9916401314295591,0.10170862941750014,655,30,1.0,0,0.0,0.0,25.1,4254,,,,,,,,,,,,,,,,,,,,,,,,,,,
104,C,nonparticipants_only,,,10,0,10,0,0,0,0.21318369375112858,0.2074882142562437,0.2559361726394027,0.0003139830581343154,0,0,0.0,0,0.0,0.0,50.0,0,,,,,,,,,,,,,,,,,,,,,,,,,,,
104,C,step_totals,,,,,,,,,,,,,,,,,,,,,68.80000000000007,12.0,0.17441860465116263,,,46.0,0.66860465116279,0.0,0.0,0.0054976510180869,0.15217391304347827,0.0,0,7,16,45,24,,46,29,4.800000000000002,0.06976744186046507,6.000000000000003,0.08720930232558134,24,30,29
105,C,all_agents,,,40,30,10,0,22,8,0.3991255475866387,0.22765972047863875,0.9919745261723767,0.08843849431399707,660,30,0.75,0,0.0,0.0,31.125,4305,,,,,,,,,,,,,,,,,,,,,,,,,,,
105,C,participants_only,,,30,30,0,0,22,8,0.4609640007829538,0.25271425809772546,0.9919745261723767,0.10251888142277919,660,30,1.0,0,0.0,0.0,24.833333333333332,4305,,,,,,,,,,,,,,,,,,,,,,,,,,,
105,C,nonparticipants_only,,,10,0,10,0,0,0,0.21361018799769324,0.2094024684644296,0.2554577548085825,0.0003094014630963954,0,0,0.0,0,0.0,0.0,50.0,0,,,,,,,,,,,,,,,,,,,,,,,,,,,
105,C,step_totals,,,,,,,,,,,,,,,,,,,,,71.20000000000006,8.0,0.11235955056179765,,,54.0,0.7584269662921342,0.0,0.0,0.00541462885550121,0.09259259259259259,0.0,0,5,24,14,16,,54,19,3.2000000000000006,0.04494382022471907,6.000000000000003,0.08426966292134828,16,30,24
106,C,all_agents,,,40,30,10,0,22,8,0.39966217970563833,0.227441723833992,0.9922955451254816,0.08866080347143553,671,30,0.75,0,0.0,0.0,31.325,4351,,,,,,,,,,,,,,,,,,,,,,,,,,,
106,C,participants_only,,,30,30,0,0,22,8,0.46153820357288083,0.2528489265208994,0.9922955451254816,0.10279811889178393,671,30,1.0,0,0.0,0.0,25.1,4351,,,,,,,,,,,,,,,,,,,,,,,,,,,
106,C,nonparticipants_only,,,10,0,10,0,0,0,0.21403410810391083,0.20955609737498443,0.2569905179671453,0.00030514925495553585,0,0,0.0,0,0.0,0.0,50.0,0,,,,,,,,,,,,,,,,,,,,,,,,,,,
106,C,step_totals,,,,,,,,,,,,,,,,,,,,,68.80000000000007,12.0,0.17441860465116263,,,46.0,0.66860465116279,0.0,0.0,0.005461805849684514,0.2391304347826087,0.0,0,11,16,45,24,,46,29,4.800000000000002,0.06976744186046507,6.000000000000003,0.08720930232558134,24,30,29
107,C,all_agents,,,40,30,10,0,22,8,0.40025855667129673,0.2272644032961545,0.9926037233204623,0.08926430789368739,682,30,0.75,0,0.0,0.0,31.125,4402,,,,,,,,,,,,,,,,,,,,,,,,,,,
107,C,participants_only,,,30,30,0,0,22,8,0.4621929295461535,0.25286837825700675,0.9926037233204623,0.10357516308671334,682,30,1.0,0,0.0,0.0,24.833333333333332,4402,,,,,,,,,,,,,,,,,,,,,,,,,,,
107,C,nonparticipants_only,,,10,0,10,0,0,0,0.21445543804672645,0.20967089120855786,0.25710617186483253,0.00030134379378803116,0,0,0.0,0,0.0,0.0,50.0,0,,,,,,,,,,,,,,,,,,,,,,,,,,,
107,C,step_totals,,,,,,,,,,,,,,,,,,,,,71.20000000000006,8.0,0.11235955056179765,,,54.0,0.7584269662921342,0.0,0.0,0.005166709981011645,0.2037037037037037,0.0,0,11,24,14,16,,54,19,3.2000000000000006,0.04494382022471907,6.000000000000003,0.08426966292134828,16,30,23
108,C,all_agents,,,40,30,10,0,22,8,0.40074215422577536,0.2280419001425128,0.9927592184120632,0.08945281300109462,685,30,0.75,0,0.0,0.0,31.325,4446,,,,,,,,,,,,,,,,,,,,,,,,,,,
108,C,participants_only,,,30,30,0,0,22,8,0.4626980242724416,0.2539443163984225,0.9927592184120632,0.1038173806884916,685,30,1.0,0,0.0,0.0,25.1,4446,,,,,,,,,,,,,,,,,,,,,,,,,,,
108,C,nonparticipants_only,,,10,0,10,0,0,0,0.21487454408577655,0.20954751605694677,0.2567854244512186,0.000296751940030946,0,0,0.0,0,0.0,0.0,50.0,0,,,,,,,,,,,,,,,,,,,,,,,,,,,
108,C,step_totals,,,,,,,,,,,,,,,,,,,,,68.80000000000005,12.0,0.17441860465116266,,,46.0,0.6686046511627902,0.0,0.0,0.00528402865037083,0.06521739130434782,0.0,0,3,16,45,24,,46,29,4.800000000000002,0.06976744186046509,6.000000000000003,0.08720930232558137,24,30,29
109,C,all_agents,,,40,30,10,0,22,8,0.40126977024893257,0.2269016906418002,0.9930488496755806,0.09002858144520773,692,30,0.75,0,0.0,0.0,31.125,4497,,,,,,,,,,,,,,,,,,,,,,,,,,,
109,C,participants_only,,,30,30,0,0,22,8,0.463262674314733,0.2529730390667475,0.9930488496755806,0.1045680485377758,692,30,1.0,0,0.0,0.0,24.833333333333332,4497,,,,,,,,,,,,,,,,,,,,,,,,,,,
109,C,nonparticipants_only,,,10,0,10,0,0,0,0.21529105805153154,0.20951151853194702,0.25703050009058953,0.0002927383133651551,0,0,0.0,0,0.0,0.0,50.0,0,,,,,,,,,,,,,,,,,,,,,,,,,,,
109,C,step_totals,,,,,,,,,,,,,,,,,,,,,71.20000000000006,8.0,0.11235955056179765,,,54.0,0.7584269662921342,0.0,0.0,0.004939604726108593,0.12962962962962962,0.0,0,7,24,14,16,,54,19,3.2000000000000006,0.04494382022471907,6.000000000000003,0.08426966292134828,16,30,23
110,C,all_agents,,,40,30,10,0,22,8,0.4017077550180786,0.22692099110372282,0.9933268956885574,0.09020030352639989,700,30,0.75,0,0.0,0.0,31.325,4541,,,,,,,,,,,,,,,,,,,,,,,,,,,
110,C,participants_only,,,30,30,0,0,22,8,0.4637087244697536,0.2527653297987839,0.9933268956885574,0.10479397928045167,700,30,1.0,0,0.0,0.0,25.1,4541,,,,,,,,,,,,,,,,,,,,,,,,,,,
110,C,nonparticipants_only,,,10,0,10,0,0,0,0.21570484666305392,0.21030409601847727,0.2571054189129088,0.00028983370887423495,0,0,0.0,0,0.0,0.0,50.0,0,,,,,,,,,,,,,,,,,,,,,,,,,,,
110,C,step_totals,,,,,,,,,,,,,,,,,,,,,68.80000000000005,12.0,0.17441860465116266,,,46.0,0.6686046511627902,0.0,0.0,0.0051310398349923205,0.17391304347826086,0.0,0,8,16,45,24,,46,29,4.800000000000002,0.06976744186046509,6.000000000000003,0.08720930232558137,24,30,29
110,C,reachability,0.25,0.0,,,,,,,,,,,,,,,,,,,,,,,,,,,,,,,,,,,,,,,,,,,,,
111,C,all_agents,,,40,30,10,0,22,8,0.4022701141161331,0.22662605318613688,0.993593819861015,0.09080468715957683,702,30,0.75,0,0.0,0.0,31.125,4593,,,,,,,,,,,,,,,,,,,,,,,,,,,
111,C,participants_only,,,30,30,0,0,22,8,0.4643214176707575,0.25210001678358085,0.993593819861015,0.10557578490271967,702,30,1.0,0,0.0,0.0,24.833333333333332,4593,,,,,,,,,,,,,,,,,,,,,,,,,,,
111,C,nonparticipants_only,,,10,0,10,0,0,0,0.2161162034522598,0.2120530488109969,0.2566435082838599,0.0002870226562105505,0,0,0.0,0,0.0,0.0,50.0,0,,,,,,,,,,,,,,,,,,,,,,,,,,,
111,C,step_totals,,,,,,,,,,,,,,,,,,,,,71.00000000000006,8.0,0.11267605633802807,,,54.0,0.7605633802816896,0.0,0.0,0.00507491679137657,0.037037037037037035,0.0,0,2,24,14,16,,54,19,3.0000000000000004,0.042253521126760535,6.000000000000003,0.0845070422535211,15,30,23
112,C,all_agents,,,40,30,10,0,22,8,0.40262191502813827,0.22670756802468395,0.9937808178669721,0.09092233729179126,707,30,0.75,0,0.0,0.0,31.325,4635,,,,,,,,,,,,,,,,,,,,,,,,,,,
112,C,participants_only,,,30,30,0,0,22,8,0.46465414123919696,0.25200657445208885,0.9937808178669721,0.10574314325002757,707,30,1.0,0,0.0,0.0,25.1,4635,,,,,,,,,,,,,,,,,,,,,,,,,,,
112,C,nonparticipants_only,,,10,0,10,0,0,0,0.21652523639496227,0.21220137695042435,0.2581233853894872,0.00028395435268294264,0,0,0.0,0,0.0,0.0,50.0,0,,,,,,,,,,,,,,,,,,,,,,,,,,,
112,C,step_totals,,,,,,,,,,,,,,,,,,,,,68.80000000000007,12.0,0.17441860465116263,,,46.0,0.66860465116279,0.0,0.0,0.0048377371965787055,0.10869565217391304,0.0,0,5,16,45,24,,46,29,4.800000000000002,0.06976744186046507,6.000000000000003,0.08720930232558134,24,30,29
113,C,all_agents,,,40,30,10,0,22,8,0.40313491565298076,0.22678510371185762,0.9940295851522932,0.09147602300348287,710,30,0.75,0,0.0,0.0,31.125,4686,,,,,,,,,,,,,,,,,,,,,,,,,,,
113,C,participants_only,,,30,30,0,0,22,8,0.4652025782176186,0.2512402913779586,0.9940295851522932,0.10646486673771273,710,30,1.0,0,0.0,0.0,24.833333333333332,4686,,,,,,,,,,,,,,,,,,,,,,,,,,,
113,C,nonparticipants_only,,,10,0,10,0,0,0,0.2169319279590672,0.2123122099680524,0.2582350487958053,0.00028075496594033887,0,0,0.0,0,0.0,0.0,50.0,0,,,,,,,,,,,,,,,,,,,,,,,,,,,
113,C,step_totals,,,,,,,,,,,,,,,,,,,,,71.00000000000006,8.0,0.11267605633802807,,,54.0,0.7605633802816896,0.0,0.0,0.004911022578562843,0.05555555555555555,0.0,0,3,24,14,16,,54,19,3.0000000000000004,0.042253521126760535,6.000000000000003,0.0845070422535211,15,30,23
114,C,all_agents,,,40,30,10,0,22,8,0.40353348053650245,0.2271515632278611,0.9942684017462015,0.09162248365083163,715,30,0.75,0,0.0,0.0,31.325,4731,,,,,,,,,,,,,,,,,,,,,,,,,,,
114,C,participants_only,,,30,30,0,0,22,8,0.4655991433478403,0.25154141303552846,0.9942684017462015,0.1066624837511645,715,30,1.0,0,0.0,0.0,25.1,4731,,,,,,,,,,,,,,,,,,,,,,,,,,,
114,C,nonparticipants_only,,,10,0,10,0,0,0,0.21733649210248884,0.21219309171990516,0.25792536836576313,0.00027672534730472655,0,0,0.0,0,0.0,0.0,50.0,0,,,,,,,,,,,,,,,,,,,,,,,,,,,
114,C,step_totals,,,,,,,,,,,,,,,,,,,,,68.80000000000007,12.0,0.17441860465116263,,,46.0,0.66860465116279,0.0,0.0,0.005011036477497007,0.10869565217391304,0.0,0,5,16,45,24,,46,29,4.800000000000002,0.06976744186046507,6.000000000000003,0.08720930232558134,24,30,30
115,C,all_agents,,,40,30,10,0,22,8,0.4040296198241851,0.2268719881211136,0.9944976656763534,0.09217651284402288,722,30,0.75,0,0.0,0.0,31.125,4781,,,,,,,,,,,,,,,,,,,,,,,,,,,
115,C,participants_only,,,30,30,0,0,22,8,0.4661266455061158,0.2513876095118755,0.9944976656763534,0.10738675847418441,722,30,1.0,0,0.0,0.0,24.833333333333332,4781,,,,,,,,,,,,,,,,,,,,,,,,,,,
115,C,nonparticipants_only,,,10,0,10,0,0,0,0.217738542778393,0.2122575887408224,0.258161987980363,0.00027328877102995505,0,0,0.0,0,0.0,0.0,50.0,0,,,,,,,,,,,,,,,,,,,,,,,,,,,
115,C,step_totals,,,,,,,,,,,,,,,,,,,,,71.00000000000006,8.0,0.11267605633802807,,,54.0,0.7605633802816896,0.0,0.0,0.004859120920983909,0.12962962962962962,0.0,0,7,24,14,16,,54,19,3.0000000000000004,0.042253521126760535,6.000000000000003,0.0845070422535211,15,30,22
116,C,all_agents,,,40,30,10,0,22,8,0.40445221941140136,0.22780423384279147,0.9947177590492993,0.09233308024735018,729,30,0.75,0,0.0,0.0,31.325,4827,,,,,,,,,,,,,,,,,,,,,,,,,,,
116,C,participants_only,,,30,30,0,0,22,8,0.46655694116934787,0.2526128395819807,0.9947177590492993,0.10759258963397647,729,30,1.0,0,0.0,0.0,25.1,4827,,,,,,,,,,,,,,,,,,,,,,,,,,,
116,C,nonparticipants_only,,,10,0,10,0,0,0,0.2181380541375618,0.2130228193442586,0.2582343218235348,0.0002705945118878264,0,0,0.0,0,0.0,0.0,50.0,0,,,,,,,,,,,,,,,,,,,,,,,,,,,
116,C,step_totals,,,,,,,,,,,,,,,,,,,,,68.80000000000007,12.0,0.17441860465116263,,,46.0,0.66860465116279,0.0,0.0,0.005101409082828735,0.15217391304347827,0.0,0,7,16,45,24,,46,29,4.800000000000002,0.06976744186046507,6.000000000000003,0.08720930232558134,24,30,30
117,C,all_agents,,,40,30,10,0,22,8,0.4049085725252338,0.22719367313073213,0.9949290486873273,0.09287181228875958,735,30,0.75,0,0.0,0.0,31.125,4876,,,,,,,,,,,,,,,,,,,,,,,,,,,
117,C,participants_only,,,30,30,0,0,22,8,0.46703302417318987,0.25161078861608355,0.9949290486873273,0.1083019633162934,735,30,1.0,0,0.0,0.0,24.833333333333332,4876,,,,,,,,,,,,,,,,,,,,,,,,,,,
117,C,nonparticipants_only,,,10,0,10,0,0,0,0.21853521758136546,0.21461217423725565,0.25778834883615137,0.0002679892954473427,0,0,0.0,0,0.0,0.0,50.0,0,,,,,,,,,,,,,,,,,,,,,,,,,,,
117,C,step_totals,,,,,,,,,,,,,,,,,,,,,71.00000000000007,8.0,0.11267605633802806,,,54.0,0.7605633802816893,0.0,0.0,0.004729488940109574,0.1111111111111111,0.0,0,6,24,14,16,,54,19,3.0000000000000004,0.04225352112676053,6.000000000000003,0.08450704225352108,15,30,22
118,C,all_agents,,,40,30,10,0,22,8,0.4052206324321424,0.22738768775282867,0.9951318867398342,0.09295339511627985,738,30,0.75,0,0.0,0.0,31.325,4919,,,,,,,,,,,,,,,,,,,,,,,,,,,
118,C,participants_only,,,30,30,0,0,22,8,0.4673174641228404,0.25148588703676045,0.9951318867398342,0.10842541565222988,738,30,1.0,0,0.0,0.0,25.1,4919,,,,,,,,,,,,,,,,,,,,,,,,,,,
118,C,nonparticipants_only,,,10,0,10,0,0,0,0.21893013736004824,0.21470618312654385,0.25921716465516764,0.0002651354361552019,0,0,0.0,0,0.0,0.0,50.0,0,,,,,,,,,,,,,,,,,,,,,,,,,,,
118,C,step_totals,,,,,,,,,,,,,,,,,,,,,68.80000000000007,12.0,0.17441860465116263,,,46.0,0.66860465116279,0.0,0.0,0.004722513110773845,0.06521739130434782,0.0,0,3,16,45,24,,46,28,4.800000000000002,0.06976744186046507,6.000000000000003,0.08720930232558134,24,30,30
119,C,all_agents,,,40,30,10,0,22,8,0.4056621330418866,0.2276172525230365,0.9953266112702408,0.09348265063966565,748,30,0.75,0,0.0,0.0,31.125,4969,,,,,,,,,,,,,,,,,,,,,,,,,,,
119,C,participants_only,,,30,30,0,0,22,8,0.4677752452070359,0.2506531593337379,0.9953266112702408,0.10912399465291268,748,30,1.0,0,0.0,0.0,24.833333333333332,4969,,,,,,,,,,,,,,,,,,,,,,,,,,,
119,C,nonparticipants_only,,,10,0,10,0,0,0,0.2193227965464388,0.2149113487351128,0.25932497525697085,0.0002621541658396321,0,0,0.0,0,0.0,0.0,50.0,0,,,,,,,,,,,,,,,,,,,,,,,,,,,
119,C,step_totals,,,,,,,,,,,,,,,,,,,,,70.80000000000005,8.0,0.11299435028248579,,,54.0,0.7627118644067791,0.0,0.0,0.004696040469480495,0.18518518518518517,0.0,0,10,24,14,16,,54,19,2.8000000000000003,0.03954802259887003,6.000000000000003,0.08474576271186438,14,30,22
120,C,all_agents,,,40,30,10,0,22,8,0.40602396047440004,0.22849572910381563,0.9955135468194312,0.09359452818993375,754,30,0.75,0,0.0,0.0,31.325,5012,,,,,,,,,,,,,,,,,,,,,,,,,,,
120,C,participants_only,,,30,30,0,0,22,8,0.46812748006049865,0.2507362378043524,0.9955135468194312,0.1092791919911229,754,30,1.0,0,0.0,0.0,25.1,5012,,,,,,,,,,,,,,,,,,,,,,,,,,,
120,C,nonparticipants_only,,,10,0,10,0,0,0,0.21971340171610423,0.21474738514282904,0.2590259799582387,0.00025837104659511424,0,0,0.0,0,0.0,0.0,50.0,0,,,,,,,,,,,,,,,,,,,,,,,,,,,
120,C,step_totals,,,,,,,,,,,,,,,,,,,,,68.80000000000007,12.0,0.17441860465116263,,,46.0,0.66860465116279,0.0,0.0,0.004902797340347129,0.13043478260869565,0.0,0,6,16,45,24,,46,28,4.800000000000002,0.06976744186046507,6.000000000000003,0.08720930232558134,24,30,30
120,C,reachability,0.25,0.0,,,,,,,,,,,,,,,,,,,,,,,,,,,,,,,,,,,,,,,,,,,,,
121,C,all_agents,,,40,30,10,0,22,8,0.4064850434816211,0.22804427863626314,0.9956930049466539,0.0941375380502621,756,30,0.75,0,0.0,0.0,31.125,5064,,,,,,,,,,,,,,,,,,,,,,,,,,,
121,C,participants_only,,,30,30,0,0,22,8,0.46861286459473883,0.24983137753032014,0.9956930049466539,0.10999219998270403,756,30,1.0,0,0.0,0.0,24.833333333333332,5064,,,,,,,,,,,,,,,,,,,,,,,,,,,
121,C,nonparticipants_only,,,10,0,10,0,0,0,0.2201015801422679,0.21488204825192217,0.25925443531250036,0.00025515837777365335,0,0,0.0,0,0.0,0.0,50.0,0,,,,,,,,,,,,,,,,,,,,,,,,,,,
121,C,step_totals,,,,,,,,,,,,,,,,,,,,,71.00000000000004,8.0,0.1126760563380281,,,54.0,0.7605633802816897,0.0,0.0,0.004753416033702026,0.037037037037037035,0.0,0,2,24,14,16,,54,20,3.0000000000000004,0.04225352112676054,6.000000000000003,0.08450704225352111,15,30,21
122,C,all_agents,,,40,30,10,0,22,8,0.40681110802249526,0.22834818226228057,0.9958652847487878,0.09423537677024836,766,30,0.75,0,0.0,0.0,31.325,5108,,,,,,,,,,,,,,,,,,,,,,,,,,,
122,C,participants_only,,,30,30,0,0,22,8,0.4689190417407915,0.25029160608208206,0.9958652847487878,0.1101333673913415,766,30,1.0,0,0.0,0.0,25.1,5108,,,,,,,,,,,,,,,,,,,,,,,,,,,
122,C,nonparticipants_only,,,10,0,10,0,0,0,0.22048730686760643,0.2156477365624747,0.25932427336795855,0.00025265973789355384,0,0,0.0,0,0.0,0.0,50.0,0,,,,,,,,,,,,,,,,,,,,,,,,,,,
122,C,step_totals,,,,,,,,,,,,,,,,,,,,,68.60000000000007,12.0,0.17492711370262373,,,46.0,0.6705539358600576,0.0,0.0,0.004798833220403627,0.21739130434782608,0.0,0,10,16,45,24,,46,28,4.600000000000001,0.06705539358600579,6.000000000000003,0.08746355685131191,23,30,30
123,C,all_agents,,,40,30,10,0,22,8,0.4072531668884334,0.22867078514126038,0.9960306733588362,0.09476903784689673,775,30,0.75,0,0.0,0.0,31.125,5161,,,,,,,,,,,,,,,,,,,,,,,,,,,
123,C,participants_only,,,30,30,0,0,22,8,0.4693806336214352,0.24997219384326685,0.9960306733588362,0.11083601334720104,775,30,1.0,0,0.0,0.0,24.833333333333332,5161,,,,,,,,,,,,,,,,,,,,,,,,,,,
123,C,nonparticipants_only,,,10,0,10,0,0,0,0.22087076668942798,0.2170489777137401,0.25889368811408553,0.0002502458740608609,0,0,0.0,0,0.0,0.0,50.0,0,,,,,,,,,,,,,,,,,,,,,,,,,,,
123,C,step_totals,,,,,,,,,,,,,,,,,,,,,70.80000000000005,8.0,0.11299435028248579,,,54.0,0.7627118644067791,0.0,0.0,0.004706307492424519,0.16666666666666666,0.0,0,9,24,14,16,,54,20,2.8000000000000003,0.03954802259887003,6.000000000000003,0.08474576271186438,14,30,21
124,C,all_agents,,,40,30,10,0,22,8,0.40760332078434447,0.22818299475867837,0.9961894464244828,0.09487855398148341,781,30,0.75,0,0.0,0.0,31.325,5206,,,,,,,,,,,,,,,,,,,,,,,,,,,
124,C,participants_only,,,30,30,0,0,22,8,0.4697204076254745,0.251218174004499,0.9961894464244828,0.11098807816594317,781,30,1.0,0,0.0,0.0,25.1,5206,,,,,,,,,,,,,,,,,,,,,,,,,,,
124,C,nonparticipants_only,,,10,0,10,0,0,0,0.22125206026095412,0.2171579923389444,0.2602732044515626,0.0002475916965621538,0,0,0.0,0,0.0,0.0,50.0,0,,,,,,,,,,,,,,,,,,,,,,,,,,,
124,C,step_totals,,,,,,,,,,,,,,,,,,,,,68.80000000000007,12.0,0.17441860465116263,,,46.0,0.66860465116279,0.0,0.0,0.004875041209968004,0.13043478260869565,0.0,0,6,16,45,24,,46,28,4.800000000000002,0.06976744186046507,6.000000000000003,0.08720930232558134,24,30,30
125,C,all_agents,,,40,30,10,0,22,8,0.40805048171484576,0.2281815905303432,0.9963418685675035,0.0954215831860886,788,30,0.75,0,0.0,0.0,31.125,5260,,,,,,,,,,,,,,,,,,,,,,,,,,,
125,C,participants_only,,,30,30,0,0,22,8,0.4701902518734396,0.2503086604892044,0.9963418685675035,0.11170176886959428,788,30,1.0,0,0.0,0.0,24.833333333333332,5260,,,,,,,,,,,,,,,,,,,,,,,,,,,
125,C,nonparticipants_only,,,10,0,10,0,0,0,0.2216311712390641,0.2174212296368026,0.26037729518499464,0.0002448137112170395,0,0,0.0,0,0.0,0.0,50.0,0,,,,,,,,,,,,,,,,,,,,,,,,,,,
125,C,step_totals,,,,,,,,,,,,,,,,,,,,,70.80000000000005,8.0,0.11299435028248579,,,54.0,0.7627118644067791,0.0,0.0,0.004727836974194981,0.12962962962962962,0.0,0,7,24,14,16,,54,20,2.8000000000000003,0.03954802259887003,6.000000000000003,0.08474576271186438,14,30,21
126,C,all_agents,,,40,30,10,0,22,8,0.40838390668459756,0.2290671560753659,0.9964881938248034,0.09552015820316437,793,30,0.75,0,0.0,0.0,31.325,5306,,,,,,,,,,,,,,,,,,,,,,,,,,,
126,C,participants_only,,,30,30,0,0,22,8,0.4705091092222313,0.25026291191764727,0.9964881938248034,0.11184162734337313,793,30,1.0,0,0.0,0.0,25.1,5306,,,,,,,,,,,,,,,,,,,,,,,,,,,
126,C,nonparticipants_only,,,10,0,10,0,0,0,0.22200829907169645,0.2172135459038848,0.26008861634063957,0.00024126129843391361,0,0,0.0,0,0.0,0.0,50.0,0,,,,,,,,,,,,,,,,,,,,,,,,,,,
126,C,step_totals,,,,,,,,,,,,,,,,,,,,,68.60000000000007,12.0,0.17492711370262373,,,46.0,0.6705539358600576,0.0,0.0,0.004837613858145345,0.10869565217391304,0.0,0,5,16,45,24,,46,28,4.600000000000001,0.06705539358600579,6.000000000000003,0.08746355685131191,23,30,30
127,C,all_agents,,,40,30,10,0,22,8,0.4088090929065767,0.22938421366238246,0.9966286660718112,0.09605157241166719,802,30,0.75,0,0.0,0.0,31.125,5360,,,,,,,,,,,,,,,,,,,,,,,,,,,
127,C,participants_only,,,30,30,0,0,22,8,0.4709510959112555,0.24938698751999547,0.9966286660718112,0.11254282984313015,802,30,1.0,0,0.0,0.0,24.833333333333332,5360,,,,,,,,,,,,,,,,,,,,,,,,,,,
127,C,nonparticipants_only,,,10,0,10,0,0,0,0.22238308389254033,0.21739318950470204,0.26030918913203344,0.00023825766807624642,0,0,0.0,0,0.0,0.0,50.0,0,,,,,,,,,,,,,,,,,,,,,,,,,,,
127,C,step_totals,,,,,,,,,,,,,,,,,,,,,70.80000000000005,8.0,0.11299435028248579,,,54.0,0.7627118644067791,0.0,0.0,0.004657507430751059,0.16666666666666666,0.0,0,9,24,14,16,,54,20,2.8000000000000003,0.03954802259887003,6.000000000000003,0.08474576271186438,14,30,21
128,C,all_agents,,,40,30,10,0,22,8,0.40912394208801406,0.22933360510785133,0.9967635194289388,0.09613716354399285,808,30,0.75,0,0.0,0.0,31.325,5404,,,,,,,,,,,,,,,,,,,,,,,,,,,
128,C,participants_only,,,30,30,0,0,22,8,0.471246755582221,0.24952196690518197,0.9967635194289388,0.11266726192092648,808,30,1.0,0,0.0,0.0,25.1,5404,,,,,,,,,,,,,,,,,,,,,,,,,,,
128,C,nonparticipants_only,,,10,0,10,0,0,0,0.22275550160539317,0.21818208433414693,0.26037661751377456,0.0002359409359596917,0,0,0.0,0,0.0,0.0,50.0,0,,,,,,,,,,,,,,,,,,,,,,,,,,,
128,C,step_totals,,,,,,,,,,,,,,,,,,,,,68.60000000000005,12.0,0.1749271137026238,,,46.0,0.6705539358600578,0.0,0.0,0.004778650605566515,0.13043478260869565,0.0,0,6,16,45,24,,46,28,4.600000000000001,0.0670553935860058,6.000000000000003,0.08746355685131192,23,30,30
129,C,all_agents,,,40,30,10,0,22,8,0.40942875335877993,0.22924247001750314,0.9968929786517813,0.09659325454823402,812,30,0.75,0,0.0,0.0,31.125,5455,,,,,,,,,,,,,,,,,,,,,,,,,,,
129,C,participants_only,,,30,30,0,0,22,8,0.47152976093458454,0.24855401752529943,0.9968929786517813,0.11328696384944181,812,30,1.0,0,0.0,0.0,24.833333333333332,5455,,,,,,,,,,,,,,,,,,,,,,,,,,,
129,C,nonparticipants_only,,,10,0,10,0,0,0,0.22312573063136595,0.21938609931101066,0.25996088905914166,0.00023370494144889627,0,0,0.0,0,0.0,0.0,50.0,0,,,,,,,,,,,,,,,,,,,,,,,,,,,
129,C,step_totals,,,,,,,,,,,,,,,,,,,,,70.80000000000005,8.0,0.11299435028248579,,,54.0,0.7627118644067791,0.0,0.0,0.004253100111267635,0.07407407407407407,0.0,0,4,24,14,16,,54,20,2.8000000000000003,0.03954802259887003,6.000000000000003,0.08474576271186438,14,30,21
130,C,all_agents,,,40,30,10,0,22,8,0.40970492913208534,0.22968803534840768,0.9970172595057101,0.09665055752576496,817,30,0.75,0,0.0,0.0,31.325,5499,,,,,,,,,,,,,,,,,,,,,,,,,,,
130,C,participants_only,,,30,30,0,0,22,8,0.4717752827925244,0.24909695880818422,0.9970172595057101,0.11337941592288582,817,30,1.0,0,0.0,0.0,25.1,5499,,,,,,,,,,,,,,,,,,,,,,,,,,,
130,C,nonparticipants_only,,,10,0,10,0,0,0,0.22349386815076816,0.2195407300214151,0.2612928069312971,0.00023123669201862145,0,0,0.0,0,0.0,0.0,50.0,0,,,,,,,,,,,,,,,,,,,,,,,,,,,
130,C,step_totals,,,,,,,,,,,,,,,,,,,,,68.60000000000007,12.0,0.17492711370262373,,,46.0,0.6705539358600576,0.0,0.0,0.004647954290787541,0.10869565217391304,0.0,0,5,16,45,24,,46,28,4.600000000000001,0.06705539358600579,6.000000000000003,0.08746355685131191,23,30,30
130,C,reachability,0.25,0.0,,,,,,,,,,,,,,,,,,,,,,,,,,,,,,,,,,,,,,,,,,,,,
131,C,all_agents,,,40,30,10,0,22,8,0.41004109329463834,0.22908377953924225,0.9971365691254817,0.09711976897274203,827,30,0.75,0,0.0,0.0,31.125,5550,,,,,,,,,,,,,,,,,,,,,,,,,,,
131,C,participants_only,,,30,30,0,0,22,8,0.47210149159805853,0.24861924692192616,0.9971365691254817,0.11401083709088163,827,30,1.0,0,0.0,0.0,24.833333333333332,5550,,,,,,,,,,,,,,,,,,,,,,,,,,,
131,C,nonparticipants_only,,,10,0,10,0,0,0,0.22385989838437773,0.21984451027446145,0.26139330614570827,0.00022864816737333074,0,0,0.0,0,0.0,0.0,50.0,0,,,,,,,,,,,,,,,,,,,,,,,,,,,
131,C,step_totals,,,,,,,,,,,,,,,,,,,,,70.80000000000007,8.0,0.11299435028248576,,,54.0,0.762711864406779,0.0,0.0,0.004362972878327202,0.18518518518518517,0.0,0,10,24,14,16,,54,20,2.8000000000000003,0.039548022598870025,6.000000000000003,0.08474576271186436,14,30,21
132,C,all_agents,,,40,30,10,0,22,8,0.4102956067951421,0.2290948813905785,0.9972511063604624,0.09716539510432654,834,30,0.75,0,0.0,0.0,31.325,5594,,,,,,,,,,,,,,,,,,,,,,,,,,,
132,C,participants_only,,,30,30,0,0,22,8,0.47231947109404465,0.24985887682896085,0.9972511063604624,0.11409091726640333,834,30,1.0,0,0.0,0.0,25.1,5594,,,,,,,,,,,,,,,,,,,,,,,,,,,
132,C,nonparticipants_only,,,10,0,10,0,0,0,0.22422401389843458,0.21963793012784705,0.2611145877995284,0.0002253117072720515,0,0,0.0,0,0.0,0.0,50.0,0,,,,,,,,,,,,,,,,,,,,,,,,,,,
132,C,step_totals,,,,,,,,,,,,,,,,,,,,,68.80000000000007,12.0,0.17441860465116263,,,46.0,0.66860465116279,0.0,0.0,0.004563533036766978,0.15217391304347827,0.0,0,7,16,45,24,,46,28,4.800000000000002,0.06976744186046507,6.000000000000003,0.08720930232558134,24,30,30
133,C,all_agents,,,40,30,10,0,22,8,0.4106673374131118,0.2298837882195616,0.9973610621060439,0.09766618313697877,842,30,0.75,0,0.0,0.0,31.125,5648,,,,,,,,,,,,,,,,,,,,,,,,,,,
133,C,participants_only,,,30,30,0,0,22,8,0.4726944941363625,0.2490640012138241,0.9973610621060439,0.11475793708333404,842,30,1.0,0,0.0,0.0,24.833333333333332,5648,,,,,,,,,,,,,,,,,,,,,,,,,,,
133,C,nonparticipants_only,,,10,0,10,0,0,0,0.22458586724335944,0.21981768700663168,0.2613275500059101,0.00022250324386435894,0,0,0.0,0,0.0,0.0,50.0,0,,,,,,,,,,,,,,,,,,,,,,,,,,,
133,C,step_totals,,,,,,,,,,,,,,,,,,,,,71.00000000000007,8.0,0.11267605633802806,,,54.0,0.7605633802816893,0.0,0.0,0.004473721054057264,0.14814814814814814,0.0,0,8,24,14,16,,54,20,3.0000000000000004,0.04225352112676053,6.000000000000003,0.08450704225352108,15,30,21
134,C,all_agents,,,40,30,10,0,22,8,0.41088444217596415,0.23048492337359533,0.9974666196218022,0.09768352710945616,848,30,0.75,0,0.0,0.0,31.325,5692,,,,,,,,,,,,,,,,,,,,,,,,,,,
134,C,participants_only,,,30,30,0,0,22,8,0.4728641111831659,0.2490939122668897,0.9974666196218022,0.11480533344722375,848,30,1.0,0,0.0,0.0,25.1,5692,,,,,,,,,,,,,,,,,,,,,,,,,,,
134,C,nonparticipants_only,,,10,0,10,0,0,0,0.2249454351543587,0.2206289876434045,0.261392651856676,0.00022035565324590042,0,0,0.0,0,0.0,0.0,50.0,0,,,,,,,,,,,,,,,,,,,,,,,,,,,
134,C,step_totals,,,,,,,,,,,,,,,,,,,,,68.80000000000007,12.0,0.17441860465116263,,,46.0,0.66860465116279,0.0,0.0,0.004438233434060302,0.13043478260869565,0.0,0,6,16,45,24,,46,28,4.800000000000002,0.06976744186046507,6.000000000000003,0.08720930232558134,24,30,30
135,C,all_agents,,,40,30,10,0,22,8,0.41122146939193,0.2301643843595424,0.9975679548369301,0.09815957477763672,857,30,0.75,0,0.0,0.0,31.125,5745,,,,,,,,,,,,,,,,,,,,,,,,,,,
135,C,participants_only,,,30,30,0,0,22,8,0.47319432922379046,0.24818300587526046,0.9975679548369301,0.11544412995501228,857,30,1.0,0,0.0,0.0,24.833333333333332,5745,,,,,,,,,,,,,,,,,,,,,,,,,,,
135,C,nonparticipants_only,,,10,0,10,0,0,0,0.22530288989634867,0.2216425814854066,0.2609912675862282,0.0002182849766369823,0,0,0.0,0,0.0,0.0,50.0,0,,,,,,,,,,,,,,,,,,,,,,,,,,,
135,C,step_totals,,,,,,,,,,,,,,,,,,,,,70.80000000000005,8.0,0.11299435028248579,,,54.0,0.7627118644067791,0.0,0.0,0.004370887506708196,0.16666666666666666,0.0,0,9,24,14,16,,54,20,2.8000000000000003,0.03954802259887003,6.000000000000003,0.08474576271186438,14,30,21
136,C,all_agents,,,40,30,10,0,22,8,0.4114845809695964,0.2305114457683765,0.9976652366434529,0.09820948952783524,863,30,0.75,0,0.0,0.0,31.325,5791,,,,,,,,,,,,,,,,,,,,,,,,,,,
136,C,participants_only,,,30,30,0,0,22,8,0.4734266661939434,0.24836128731745272,0.9976652366434529,0.11552670173548665,863,30,1.0,0,0.0,0.0,25.1,5791,,,,,,,,,,,,,,,,,,,,,,,,,,,
136,C,nonparticipants_only,,,10,0,10,0,0,0,0.22565832529655527,0.22184125435572277,0.26227722931786757,0.00021598984159774766,0,0,0.0,0,0.0,0.0,50.0,0,,,,,,,,,,,,,,,,,,,,,,,,,,,
136,C,step_totals,,,,,,,,,,,,,,,,,,,,,68.80000000000007,12.0,0.17441860465116263,,,46.0,0.66860465116279,0.0,0.0,0.0046036532978462,0.13043478260869565,0.0,0,6,16,45,24,,46,28,4.800000000000002,0.06976744186046507,6.000000000000003,0.08720930232558134,24,30,30
137,C,all_agents,,,40,30,10,0,22,8,0.411770243406925,0.23047981819591198,0.9977586271777148,0.09865165894343698,869,30,0.75,0,0.0,0.0,31.125,5842,,,,,,,,,,,,,,,,,,,,,,,,,,,
137,C,participants_only,,,30,30,0,0,22,8,0.4736897491691671,0.24741105795722307,0.9977586271777148,0.11612825185181587,869,30,1.0,0,0.0,0.0,24.833333333333332,5842,,,,,,,,,,,,,,,,,,,,,,,,,,,
137,C,nonparticipants_only,,,10,0,10,0,0,0,0.22601172612019862,0.22218417868059914,0.26237426093407645,0.00021357789221632332,0,0,0.0,0,0.0,0.0,50.0,0,,,,,,,,,,,,,,,,,,,,,,,,,,,
137,C,step_totals,,,,,,,,,,,,,,,,,,,,,70.80000000000005,8.0,0.11299435028248579,,,54.0,0.7627118644067791,0.0,0.0,0.004199963576261834,0.1111111111111111,0.0,0,6,24,14,16,,54,20,2.8000000000000003,0.03954802259887003,6.000000000000003,0.08474576271186438,14,30,21
138,C,all_agents,,,40,30,10,0,22,8,0.41202061563205944,0.23043824337082114,0.9978482820906062,0.09869219230019806,877,30,0.75,0,0.0,0.0,31.325,5888,,,,,,,,,,,,,,,,,,,,,,,,,,,
138,C,participants_only,,,30,30,0,0,22,8,0.4739063947463246,0.24795503676566727,0.9978482820906062,0.11620004324034715,877,30,1.0,0,0.0,0.0,25.1,5888,,,,,,,,,,,,,,,,,,,,,,,,,,,
138,C,nonparticipants_only,,,10,0,10,0,0,0,0.22636327828926414,0.222014552166395,0.2621051594116882,0.00021044360079541886,0,0,0.0,0,0.0,0.0,50.0,0,,,,,,,,,,,,,,,,,,,,,,,,,,,
138,C,step_totals,,,,,,,,,,,,,,,,,,,,,68.60000000000008,12.0,0.1749271137026237,,,46.0,0.6705539358600575,0.0,0.0,0.004577074029870973,0.17391304347826086,0.0,0,8,16,45,24,,46,28,4.600000000000001,0.06705539358600578,6.000000000000003,0.0874635568513119,23,30,30
139,C,all_agents,,,40,30,10,0,22,8,0.41231225623011075,0.22993504993629515,0.9979343508069819,0.09914268067377872,886,30,0.75,0,0.0,0.0,31.125,5940,,,,,,,,,,,,,,,,,,,,,,,,,,,
139,C,participants_only,,,30,30,0,0,22,8,0.47417879285932085,0.2473260117172003,0.9979343508069819,0.11681109502605484,886,30,1.0,0,0.0,0.0,24.833333333333332,5940,,,,,,,,,,,,,,,,,,,,,,,,,,,
139,C,nonparticipants_only,,,10,0,10,0,0,0,0.22671264634248053,0.2221585302906786,0.2623107736266618,0.00020781736302969255,0,0,0.0,0,0.0,0.0,50.0,0,,,,,,,,,,,,,,,,,,,,,,,,,,,
139,C,step_totals,,,,,,,,,,,,,,,,,,,,,71.00000000000006,8.0,0.11267605633802807,,,54.0,0.7605633802816896,0.0,0.0,0.004211632315518903,0.16666666666666666,0.0,0,9,24,14,16,,54,20,3.0000000000000004,0.042253521126760535,6.000000000000003,0.0845070422535211,15,30,21
140,C,all_agents,,,40,30,10,0,22,8,0.4125496378484213,0.23083941483841727,0.9980169767747026,0.09917467115493038,895,30,0.75,0,0.0,0.0,31.325,5985,,,,,,,,,,,,,,,,,,,,,,,,,,,
140,C,participants_only,,,30,30,0,0,22,8,0.4743795811919695,0.24796413957047048,0.9980169767747026,0.11687251828836026,895,30,1.0,0,0.0,0.0,25.1,5985,,,,,,,,,,,,,,,,,,,,,,,,,,,
140,C,nonparticipants_only,,,10,0,10,0,0,0,0.22705980781777654,0.2229914636507541,0.2623736292204592,0.0002058270282440778,0,0,0.0,0,0.0,0.0,50.0,0,,,,,,,,,,,,,,,,,,,,,,,,,,,
140,C,step_totals,,,,,,,,,,,,,,,,,,,,,68.40000000000006,12.0,0.17543859649122792,,,46.0,0.6725146198830403,0.0,0.0,0.004548415717578847,0.1956521739130435,0.0,0,9,16,45,24,,46,28,4.400000000000001,0.06432748538011691,6.000000000000003,0.08771929824561399,22,30,30
140,C,reachability,0.25,0.0,,,,,,,,,,,,,,,,,,,,,,,,,,,,,,,,,,,,,,,,,,,,,
141,C,all_agents,,,40,30,10,0,22,8,0.41282589511686846,0.23124603989380343,0.9980962977037144,0.09961580746739546,898,30,0.75,0,0.0,0.0,31.125,6036,,,,,,,,,,,,,,,,,,,,,,,,,,,
141,C,participants_only,,,30,30,0,0,22,8,0.4746328838103961,0.24731677377753186,0.9980962977037144,0.11747269122235195,898,30,1.0,0,0.0,0.0,24.833333333333332,6036,,,,,,,,,,,,,,,,,,,,,,,,,,,
141,C,nonparticipants_only,,,10,0,10,0,0,0,0.22740492903628556,0.2238212065981578,0.261986094206275,0.00020390998618378367,0,0,0.0,0,0.0,0.0,50.0,0,,,,,,,,,,,,,,,,,,,,,,,,,,,
141,C,step_totals,,,,,,,,,,,,,,,,,,,,,71.00000000000007,8.0,0.11267605633802806,,,54.0,0.7605633802816893,0.0,0.0,0.00416211261923161,0.05555555555555555,0.0,0,3,24,14,16,,54,20,3.0000000000000004,0.04225352112676053,6.000000000000003,0.08450704225352108,15,30,21
142,C,all_agents,,,40,30,10,0,22,8,0.41302221498240327,0.2311131349860408,0.9981724457955659,0.09961826728056958,903,30,0.75,0,0.0,0.0,31.325,6080,,,,,,,,,,,,,,,,,,,,,,,,,,,
142,C,participants_only,,,30,30,0,0,22,8,0.4747802531139231,0.2473296193696266,0.9981724457955659,0.11750087660270829,903,30,1.0,0,0.0,0.0,25.1,6080,,,,,,,,,,,,,,,,,,,,,,,,,,,
142,C,nonparticipants_only,,,10,0,10,0,0,0,0.22774810058784378,0.2240673042181541,0.26322768545586533,0.00020177602790235054,0,0,0.0,0,0.0,0.0,50.0,0,,,,,,,,,,,,,,,,,,,,,,,,,,,
142,C,step_totals,,,,,,,,,,,,,,,,,,,,,68.40000000000006,12.0,0.17543859649122792,,,46.0,0.6725146198830403,0.0,0.0,0.004408332719869239,0.10869565217391304,0.0,0,5,16,45,24,,46,28,4.400000000000001,0.06432748538011691,6.000000000000003,0.08771929824561399,22,30,30
143,C,all_agents,,,40,30,10,0,22,8,0.4133154507577448,0.23124676850555365,0.9982455479637432,0.10007226378526819,913,30,0.75,0,0.0,0.0,31.125,6132,,,,,,,,,,,,,,,,,,,,,,,,,,,
143,C,participants_only,,,30,30,0,0,22,8,0.4750574984225503,0.24668457676686947,0.9982455479637432,0.11811485369982869,913,30,1.0,0,0.0,0.0,24.833333333333332,6132,,,,,,,,,,,,,,,,,,,,,,,,,,,
143,C,nonparticipants_only,,,10,0,10,0,0,0,0.22808930776332806,0.224437695836488,0.26332136911895926,0.00019952864346923488,0,0,0.0,0,0.0,0.0,50.0,0,,,,,,,,,,,,,,,,,,,,,,,,,,,
143,C,step_totals,,,,,,,,,,,,,,,,,,,,,70.80000000000005,8.0,0.11299435028248579,,,54.0,0.7627118644067791,0.0,0.0,0.004233658123753827,0.18518518518518517,0.0,0,10,24,14,16,,54,20,2.8000000000000003,0.03954802259887003,6.000000000000003,0.08474576271186438,14,30,21
144,C,all_agents,,,40,30,10,0,22,8,0.41353091251751345,0.23150454482080993,0.9982824325601296,0.10008726897325215,919,30,0.75,0,0.0,0.0,31.325,6176,,,,,,,,,,,,,,,,,,,,,,,,,,,
144,C,participants_only,,,30,30,0,0,22,8,0.4752316400001108,0.2463735908013842,0.9982824325601296,0.11815624499620923,919,30,1.0,0,0.0,0.0,25.1,6176,,,,,,,,,,,,,,,,,,,,,,,,,,,
144,C,nonparticipants_only,,,10,0,10,0,0,0,0.22842873006972111,0.22427959539843634,0.26306155260402864,0.0001965836417998748,0,0,0.0,0,0.0,0.0,50.0,0,,,,,,,,,,,,,,,,,,,,,,,,,,,
144,C,step_totals,,,,,,,,,,,,,,,,,,,,,68.40000000000006,12.0,0.17543859649122792,,,46.0,0.6725146198830403,0.0,0.0,0.004479978504617299,0.13043478260869565,0.0,0,6,16,45,24,,46,28,4.400000000000001,0.06432748538011691,6.000000000000003,0.08771929824561399,22,30,30
145,C,all_agents,,,40,30,10,0,22,8,0.41381011877238494,0.2312256996098046,0.9983511352577245,0.10053290602954813,927,30,0.75,0,0.0,0.0,31.125,6229,,,,,,,,,,,,,,,,,,,,,,,,,,,
145,C,participants_only,,,30,30,0,0,22,8,0.47549147715637385,0.2459668703982841,0.9983511352577245,0.11876080563240352,927,30,1.0,0,0.0,0.0,24.833333333333332,6229,,,,,,,,,,,,,,,,,,,,,,,,,,,
145,C,nonparticipants_only,,,10,0,10,0,0,0,0.22876604362041825,0.2244186057397589,0.2632600723607379,0.00019412755585309916,0,0,0.0,0,0.0,0.0,50.0,0,,,,,,,,,,,,,,,,,,,,,,,,,,,
145,C,step_totals,,,,,,,,,,,,,,,,,,,,,70.80000000000007,8.0,0.11299435028248576,,,54.0,0.762711864406779,0.0,0.0,0.004188627489052607,0.14814814814814814,0.0,0,8,24,14,16,,54,20,2.8000000000000003,0.039548022598870025,6.000000000000003,0.08474576271186436,14,30,21
146,C,all_agents,,,40,30,10,0,22,8,0.4139921454347722,0.23131572819306223,0.9984170898474155,0.10052131921841641,933,30,0.75,0,0.0,0.0,31.325,6273,,,,,,,,,,,,,,,,,,,,,,,,,,,
146,C,participants_only,,,30,30,0,0,22,8,0.4756224516702384,0.24596204550567666,0.9984170898474155,0.11877115256731118,933,30,1.0,0,0.0,0.0,25.1,6273,,,,,,,,,,,,,,,,,,,,,,,,,,,
146,C,nonparticipants_only,,,10,0,10,0,0,0,0.22910122672837346,0.22527242541339765,0.26332075920182085,0.00019228341160392227,0,0,0.0,0,0.0,0.0,50.0,0,,,,,,,,,,,,,,,,,,,,,,,,,,,
146,C,step_totals,,,,,,,,,,,,,,,,,,,,,68.40000000000008,12.0,0.17543859649122787,,,46.0,0.6725146198830402,0.0,0.0,0.0043667351253883335,0.13043478260869565,0.0,0,6,16,45,24,,46,28,4.400000000000001,0.0643274853801169,6.000000000000003,0.08771929824561397,22,30,30
147,C,all_agents,,,40,30,10,0,22,8,0.414225123183745,0.23168534501273608,0.9984804062535189,0.10093734198728627,945,30,0.75,0,0.0,0.0,31.125,6326,,,,,,,,,,,,,,,,,,,,,,,,,,,
147,C,participants_only,,,30,30,0,0,22,8,0.4758220175863199,0.24562919538491298,0.9984804062535189,0.11934291000642908,945,30,1.0,0,0.0,0.0,24.833333333333332,6326,,,,,,,,,,,,,,,,,,,,,,,,,,,
147,C,nonparticipants_only,,,10,0,10,0,0,0,0.22943443997602,0.2259246610086411,0.26294659559284034,0.00019050912935412095,0,0,0.0,0,0.0,0.0,50.0,0,,,,,,,,,,,,,,,,,,,,,,,,,,,
147,C,step_totals,,,,,,,,,,,,,,,,,,,,,70.80000000000007,8.0,0.11299435028248576,,,54.0,0.762711864406779,0.0,0.0,0.004033988766339561,0.2222222222222222,0.0,0,12,24,14,16,,54,20,2.8000000000000003,0.039548022598870025,6.000000000000003,0.08474576271186436,14,30,21
148,C,all_agents,,,40,30,10,0,22,8,0.41442106551287666,0.2323317963295739,0.9985411900033782,0.10093817723312482,954,30,0.75,0,0.0,0.0,31.325,6372,,,,,,,,,,,,,,,,,,,,,,,,,,,
148,C,participants_only,,,30,30,0,0,22,8,0.4759728304080001,0.24621677396556862,0.9985411900033782,0.11936691552181919,954,30,1.0,0,0.0,0.0,25.1,6372,,,,,,,,,,,,,,,,,,,,,,,,,,,
148,C,nonparticipants_only,,,10,0,10,0,0,0,0.2297657708275064,0.22626151983859327,0.2641453473077099,0.00018852522658717265,0,0,0.0,0,0.0,0.0,50.0,0,,,,,,,,,,,,,,,,,,,,,,,,,,,
148,C,step_totals,,,,,,,,,,,,,,,,,,,,,68.40000000000006,12.0,0.17543859649122792,,,46.0,0.6725146198830403,0.0,0.0,0.0044184699697712776,0.1956521739130435,0.0,0,9,16,45,24,,46,28,4.400000000000001,0.06432748538011691,6.000000000000003,0.08771929824561399,22,30,30
149,C,all_agents,,,40,30,10,0,22,8,0.4146523302204962,0.23208196076351822,0.998599542403243,0.10134922479654819,963,30,0.75,0,0.0,0.0,31.125,6425,,,,,,,,,,,,,,,,,,,,,,,,,,,
149,C,participants_only,,,30,30,0,0,22,8,0.47617137193358516,0.24608102265150103,0.998599542403243,0.11993178601803867,963,30,1.0,0,0.0,0.0,24.833333333333332,6425,,,,,,,,,,,,,,,,,,,,,,,,,,,
149,C,nonparticipants_only,,,10,0,10,0,0,0,0.23009520508122924,0.22656925656290075,0.26423579853457385,0.0001864312125154068,0,0,0.0,0,0.0,0.0,50.0,0,,,,,,,,,,,,,,,,,,,,,,,,,,,
149,C,step_totals,,,,,,,,,,,,,,,,,,,,,70.80000000000005,8.0,0.11299435028248579,,,54.0,0.7627118644067791,0.0,0.0,0.00403034333156798,0.16666666666666666,0.0,0,9,24,14,16,,54,20,2.8000000000000003,0.03954802259887003,6.000000000000003,0.08474576271186438,14,30,21
150,C,all_agents,,,40,30,10,0,22,8,0.4148385823647086,0.23248331237630881,0.9986555607071133,0.10134252146100209,971,30,0.75,0,0.0,0.0,31.325,6471,,,,,,,,,,,,,,,,,,,,,,,,,,,
150,C,participants_only,,,30,30,0,0,22,8,0.47631047113610814,0.24624020429382576,0.9986555607071133,0.11994696835604703,971,30,1.0,0,0.0,0.0,25.1,6471,,,,,,,,,,,,,,,,,,,,,,,,,,,
150,C,nonparticipants_only,,,10,0,10,0,0,0,0.2304229160505099,0.22646648618037357,0.2639849466596696,0.00018366346638745517,0,0,0.0,0,0.0,0.0,50.0,0,,,,,,,,,,,,,,,,,,,,,,,,,,,
150,C,step_totals,,,,,,,,,,,,,,,,,,,,,68.40000000000006,12.0,0.17543859649122792,,,46.0,0.6725146198830403,0.0,0.0,0.004387899006593038,0.17391304347826086,0.0,0,8,16,45,24,,46,28,4.400000000000001,0.06432748538011691,6.000000000000003,0.08771929824561399,22,30,30
150,C,reachability,0.25,0.0,,,,,,,,,,,,,,,,,,,,,,,,,,,,,,,,,,,,,,,,,,,,,
151,C,all_agents,,,40,30,10,0,22,8,0.4150627292617849,0.2323138333592964,0.9987093382788287,0.10174830690737377,975,30,0.75,0,0.0,0.0,31.125,6524,,,,,,,,,,,,,,,,,,,,,,,,,,,
151,C,participants_only,,,30,30,0,0,22,8,0.4765007753410328,0.2454767273775217,0.9987093382788287,0.12050541976320793,975,30,1.0,0,0.0,0.0,24.833333333333332,6524,,,,,,,,,,,,,,,,,,,,,,,,,,,
151,C,nonparticipants_only,,,10,0,10,0,0,0,0.2307485910240411,0.22658914222345744,0.2641766167434184,0.00018136626744180348,0,0,0.0,0,0.0,0.0,50.0,0,,,,,,,,,,,,,,,,,,,,,,,,,,,
151,C,step_totals,,,,,,,,,,,,,,,,,,,,,70.60000000000005,8.0,0.11331444759206791,,,54.0,0.7648725212464583,0.0,0.0,0.004019734578565809,0.07407407407407407,0.0,0,4,24,14,16,,54,20,2.6,0.03682719546742207,6.000000000000003,0.08498583569405097,13,30,21
152,C,all_agents,,,40,30,10,0,22,8,0.41523961398020065,0.23254360252924514,0.9987609647476755,0.10173481392741866,981,30,0.75,0,0.0,0.0,31.325,6570,,,,,,,,,,,,,,,,,,,,,,,,,,,
152,C,participants_only,,,30,30,0,0,22,8,0.47662874895258056,0.24530198840663578,0.9987609647476755,0.12051202899503907,981,30,1.0,0,0.0,0.0,25.1,6570,,,,,,,,,,,,,,,,,,,,,,,,,,,
152,C,nonparticipants_only,,,10,0,10,0,0,0,0.23107220906306095,0.22747468547718508,0.26423520966185443,0.0001796580126725192,0,0,0.0,0,0.0,0.0,50.0,0,,,,,,,,,,,,,,,,,,,,,,,,,,,
152,C,step_totals,,,,,,,,,,,,,,,,,,,,,68.6000000000001,12.0,0.17492711370262368,,,46.0,0.6705539358600574,0.0,0.0,0.004345196947186974,0.13043478260869565,0.0,0,6,16,45,24,,46,28,4.600000000000001,0.06705539358600576,6.000000000000003,0.08746355685131187,23,30,30
153,C,all_agents,,,40,30,10,0,22,8,0.415444427733778,0.23178468604484512,0.9988105261577684,0.10212920860835234,986,30,0.75,0,0.0,0.0,31.125,6621,,,,,,,,,,,,,,,,,,,,,,,,,,,
153,C,participants_only,,,30,30,0,0,22,8,0.4767945952419343,0.24479069666347808,0.9988105261577684,0.12105756714178427,986,30,1.0,0,0.0,0.0,24.833333333333332,6621,,,,,,,,,,,,,,,,,,,,,,,,,,,
153,C,nonparticipants_only,,,10,0,10,0,0,0,0.23139392520930901,0.22795553838680288,0.26387395609466385,0.00017801636871046648,0,0,0.0,0,0.0,0.0,50.0,0,,,,,,,,,,,,,,,,,,,,,,,,,,,
153,C,step_totals,,,,,,,,,,,,,,,,,,,,,70.80000000000005,8.0,0.11299435028248579,,,54.0,0.7627118644067791,0.0,0.0,0.003944620283653804,0.09259259259259259,0.0,0,5,24,14,16,,54,20,2.8000000000000003,0.03954802259887003,6.000000000000003,0.08474576271186438,14,30,21
154,C,all_agents,,,40,30,10,0,22,8,0.41554118132345247,0.2321678293901142,0.9988581051114577,0.10205229381925328,993,30,0.75,0,0.0,0.0,31.325,6663,,,,,,,,,,,,,,,,,,,,,,,,,,,
154,C,participants_only,,,30,30,0,0,22,8,0.47681696712823857,0.24498013614456926,0.9988581051114577,0.12099211333469348,993,30,1.0,0,0.0,0.0,25.1,6663,,,,,,,,,,,,,,,,,,,,,,,,,,,
154,C,nonparticipants_only,,,10,0,10,0,0,0,0.2317138239090941,0.22838002682602798,0.2650313463987408,0.0001761721610043509,0,0,0.0,0,0.0,0.0,50.0,0,,,,,,,,,,,,,,,,,,,,,,,,,,,
154,C,step_totals,,,,,,,,,,,,,,,,,,,,,68.40000000000006,12.0,0.17543859649122792,,,46.0,0.6725146198830403,0.0,0.0,0.004079866549152885,0.15217391304347827,0.0,0,7,16,45,24,,46,28,4.400000000000001,0.06432748538011691,6.000000000000003,0.08771929824561399,22,30,30
155,C,all_agents,,,40,30,10,0,22,8,0.4157622486913966,0.23226920876101204,0.9989037809069994,0.10246055158930609,1001,30,0.75,0,0.0,0.0,31.125,6717,,,,,,,,,,,,,,,,,,,,,,,,,,,
155,C,participants_only,,,30,30,0,0,22,8,0.4770057011049218,0.24459106224134844,0.9989037809069994,0.12155295323727287,1001,30,1.0,0,0.0,0.0,24.833333333333332,6717,,,,,,,,,,,,,,,,,,,,,,,,,,,
155,C,nonparticipants_only,,,10,0,10,0,0,0,0.23203189145082115,0.22862727048413192,0.26511867672049605,0.00017422108307305528,0,0,0.0,0,0.0,0.0,50.0,0,,,,,,,,,,,,,,,,,,,,,,,,,,,
155,C,step_totals,,,,,,,,,,,,,,,,,,,,,70.80000000000005,8.0,0.11299435028248579,,,54.0,0.7627118644067791,0.0,0.0,0.004000669224861405,0.14814814814814814,0.0,0,8,24,14,16,,54,20,2.8000000000000003,0.03954802259887003,6.000000000000003,0.08474576271186438,14,30,21
156,C,all_agents,,,40,30,10,0,22,8,0.41592438560808165,0.2329288950959934,0.9989476296707194,0.10243417302765143,1004,30,0.75,0,0.0,0.0,31.325,6762,,,,,,,,,,,,,,,,,,,,,,,,,,,
156,C,participants_only,,,30,30,0,0,22,8,0.47711641575482394,0.2450539520656914,0.9989476296707194,0.12154383270738305,1004,30,1.0,0,0.0,0.0,25.1,6762,,,,,,,,,,,,,,,,,,,,,,,,,,,
156,C,nonparticipants_only,,,10,0,10,0,0,0,0.2323482951678547,0.22857792106358865,0.2648764801720596,0.00017161934669876608,0,0,0.0,0,0.0,0.0,50.0,0,,,,,,,,,,,,,,,,,,,,,,,,,,,
156,C,step_totals,,,,,,,,,,,,,,,,,,,,,68.60000000000007,12.0,0.17492711370262373,,,46.0,0.6705539358600576,0.0,0.0,0.004299648457625302,0.06521739130434782,0.0,0,3,16,45,24,,46,28,4.600000000000001,0.06705539358600579,6.000000000000003,0.08746355685131191,23,30,30
