step,condition,population,skill_reachability,resource_reachability,n_agents,maker_count,stage_consumer,stage_customizer,stage_maker,stage_advanced_maker,skill_mean,skill_median,skill_max,skill_var,method_count_total,method_holders,method_adoption_rate,method_peer_held,knowledge_diffusion_lag_mean,hop_count_mean,latent_distributed_resources,completed_projects_total,time_total,time_observe,time_share_observe,time_practice,time_share_practice,time_make,time_share_make,time_idle,time_share_idle,skill_gain_per_time,method_self_discovery_per_time,method_peer_acquisition_per_time,peer_acquired_count,self_discovered_count,reject_missing_asset,reject_time_budget_exceeded,count_observe,count_practice,count_make,count_idle,time_ask,time_share_ask,time_share,time_share_share,count_ask,count_share,reject_insufficient_material
0,D,reachability,0.6,0.0,,,,,,,,,,,,,,,,,,,,,,,,,,,,,,,,,,,,,,,,,,,,,
1,D,all_agents,,,40,0,21,19,0,0,0.17610650056846716,0.14823662288754635,0.619601430133386,0.014391736778383422,5,5,0.125,0,0.0,0.0,25.8,23,,,,,,,,,,,,,,,,,,,,,,,,,,,
1,D,participants_only,,,30,0,11,19,0,0,0.1724328460065307,0.14615826588323955,0.5097937716022602,0.011942478386702402,5,5,0.16666666666666666,0,0.0,0.0,24.4,23,,,,,,,,,,,,,,,,,,,,,,,,,,,
1,D,nonparticipants_only,,,10,0,10,0,0,0,0.18712746425427665,0.15399985758642537,0.619601430133386,0.02157756309934124,0,0,0.0,0,0.0,0.0,30.0,0,,,,,,,,,,,,,,,,,,,,,,,,,,,
1,D,step_totals,,,,,,,,,,,,,,,,,,,,,84.39999999999998,3.900000000000002,0.046208530805687244,19.5,0.23104265402843607,61.0,0.722748815165877,0.0,0.0,0.01658870948879057,0.08196721311475409,0.0,0,5,16,30,39,39,61,31,,,,,,,
2,D,all_agents,,,40,1,11,28,1,0,0.18231112655926032,0.15262912593190658,0.6165034229827191,0.01438636748692068,12,10,0.25,0,0.0,0.0,26.6,57,,,,,,,,,,,,,,,,,,,,,,,,,,,
2,D,participants_only,,,30,1,1,28,1,0,0.1804762513616268,0.15168704570000124,0.5094200599683687,0.012190416364332933,12,10,0.3333333333333333,0,0.0,0.0,23.8,57,,,,,,,,,,,,,,,,,,,,,,,,,,,
2,D,nonparticipants_only,,,10,0,10,0,0,0,0.18781575215216095,0.15322985829849323,0.6165034229827191,0.020933819650793228,0,0,0.0,0,0.0,0.0,35.0,0,,,,,,,,,,,,,,,,,,,,,,,,,,,
2,D,step_totals,,,,,,,,,,,,,,,,,,,,,89.00000000000003,3.900000000000002,0.04382022471910113,19.5,0.21910112359550554,61.0,0.6853932584269661,0.0,0.0,0.018290889662004785,0.11475409836065574,0.0,0,7,16,18,39,39,61,31,4.000000000000001,0.0449438202247191,0.6000000000000001,0.006741573033707864,20,3,
3,D,all_agents,,,40,4,10,26,4,0,0.18859654807261386,0.16236041575431637,0.6134209058678055,0.014433083171352676,17,13,0.325,0,0.0,0.0,28.0,93,,,,,,,,,,,,,,,,,,,,,,,,,,,
3,D,participants_only,,,30,4,0,26,4,0,0.18863103142283946,0.1692807571631053,0.514325859368685,0.012469031229161893,17,13,0.43333333333333335,0,0.0,0.0,24.0,93,,,,,,,,,,,,,,,,,,,,,,,,,,,
3,D,nonparticipants_only,,,10,0,10,0,0,0,0.18849309802193712,0.1524637090070008,0.6134209058678055,0.020325224728707708,0,0,0.0,0,0.0,0.0,40.0,0,,,,,,,,,,,,,,,,,,,,,,,,,,,
3,D,step_totals,,,,,,,,,,,,,,,,,,,,,88.00000000000001,3.900000000000002,0.04431818181818183,19.5,0.22159090909090906,59.0,0.6704545454545453,0.0,0.0,0.01871920343201671,0.0847457627118644,0.0,0,5,14,15,39,39,59,31,4.000000000000001,0.045454545454545456,1.5999999999999999,0.018181818181818177,20,8,
4,D,all_agents,,,40,6,10,24,6,0,0.1932830093804486,0.1635517982782662,0.6103538013384665,0.01432359654510351,21,15,0.375,0,0.0,0.0,29.875,115,,,,,,,,,,,,,,,,,,,,,,,,,,,
4,D,participants_only,,,30,6,0,24,6,0,0.1946572888287213,0.16966932624768555,0.5337528249939376,0.012507596809500225,21,15,0.5,0,0.0,0.0,24.833333333333332,115,,,,,,,,,,,,,,,,,,,,,,,,,,,
4,D,nonparticipants_only,,,10,0,10,0,0,0,0.1891601710356304,0.15170139046196576,0.6103538013384665,0.01974893202389003,0,0,0.0,0,0.0,0.0,45.0,0,,,,,,,,,,,,,,,,,,,,,,,,,,,
4,D,step_totals,,,,,,,,,,,,,,,,,,,,,86.10000000000002,3.700000000000002,0.042973286875725915,20.0,0.2322880371660859,54.0,0.6271777003484319,0.0,0.0,0.014836913574427282,0.07407407407407407,0.0,0,4,25,4,37,40,54,37,6.000000000000003,0.0696864111498258,2.4,0.027874564459930307,30,12,22
5,D,all_agents,,,40,8,10,22,8,0,0.1978926142652176,0.16882097961644713,0.6073020323317742,0.014311291940031909,25,17,0.425,0,0.0,0.0,32.05,138,,,,,,,,,,,,,,,,,,,,,,,,,,,
5,D,participants_only,,,30,8,0,22,8,0,0.20058434186792143,0.17363780666012824,0.5524027119941801,0.012651880481793264,25,17,0.5666666666666667,0,0.0,0.0,26.066666666666666,138,,,,,,,,,,,,,,,,,,,,,,,,,,,
5,D,nonparticipants_only,,,10,0,10,0,0,0,0.189817431457106,0.15094288350965593,0.6073020323317742,0.01920258154490195,0,0,0.0,0,0.0,0.0,50.0,0,,,,,,,,,,,,,,,,,,,,,,,,,,,
5,D,step_totals,,,,,,,,,,,,,,,,,,,,,84.30000000000003,3.700000000000002,0.043890865954922906,20.0,0.23724792408066422,52.0,0.616844602609727,0.0,0.0,0.014945743068651093,0.07692307692307693,0.0,0,4,24,5,37,40,52,37,5.8000000000000025,0.06880189798339266,2.8000000000000003,0.03321470937129299,29,14,25
6,D,all_agents,,,40,8,10,22,8,0,0.2026069191069303,0.16892512069290513,0.6042655221701153,0.014301918778705503,27,19,0.475,0,0.0,0.0,32.55,163,,,,,,,,,,,,,,,,,,,,,,,,,,,
6,D,participants_only,,,30,8,0,22,8,0,0.20665406043525777,0.18191010828940316,0.5496406984342093,0.012775818809885046,27,19,0.6333333333333333,0,0.0,0.0,26.733333333333334,163,,,,,,,,,,,,,,,,,,,,,,,,,,,
6,D,nonparticipants_only,,,10,0,10,0,0,0,0.19046549512194783,0.15018816909210764,0.6042655221701153,0.0186836664499894,0,0,0.0,0,0.0,0.0,50.0,0,,,,,,,,,,,,,,,,,,,,,,,,,,,
6,D,step_totals,,,,,,,,,,,,,,,,,,,,,84.30000000000007,3.1000000000000014,0.03677342823250295,20.0,0.2372479240806641,51.0,0.6049822064056934,0.0,0.0,0.015324072404945472,0.0392156862745098,0.0,0,2,29,3,31,40,51,40,6.800000000000003,0.08066429418742584,3.400000000000001,0.040332147093712904,34,17,31
7,D,all_agents,,,40,9,10,21,9,0,0.20776622288417732,0.17575900209372566,0.6012441945592647,0.014412067029521455,30,19,0.475,0,0.0,0.0,32.725,191,,,,,,,,,,,,,,,,,,,,,,,,,,,
7,D,participants_only,,,30,9,0,21,9,0,0.2133198812118927,0.19363704555126598,0.5676550704968409,0.013029932334458283,30,19,0.6333333333333333,0,0.0,0.0,26.966666666666665,191,,,,,,,,,,,,,,,,,,,,,,,,,,,
7,D,nonparticipants_only,,,10,0,10,0,0,0,0.19110524790103114,0.14943722824664712,0.6012441945592647,0.018188353664858943,0,0,0.0,0,0.0,0.0,50.0,0,,,,,,,,,,,,,,,,,,,,,,,,,,,
7,D,step_totals,,,,,,,,,,,,,,,,,,,,,88.90000000000009,0.7,0.007874015748031487,20.0,0.22497187851518538,58.0,0.6524184476940376,0.0,0.0,0.015627545868837755,0.05172413793103448,0.0,0,3,26,13,7,40,58,38,6.400000000000003,0.07199100112485936,3.800000000000001,0.04274465691788523,32,19,30
8,D,all_agents,,,40,10,10,20,10,0,0.21242001815740175,0.1825351120432387,0.5982379735864684,0.014579911289851094,33,19,0.475,0,0.0,0.0,33.15,216,,,,,,,,,,,,,,,,,,,,,,,,,,,
8,D,participants_only,,,30,10,0,20,10,0,0.21931469836150974,0.19483805939811777,0.5648167951443568,0.013343329440784948,33,19,0.6333333333333333,0,0.0,0.0,27.533333333333335,216,,,,,,,,,,,,,,,,,,,,,,,,,,,
8,D,nonparticipants_only,,,10,0,10,0,0,0,0.19173597754507782,0.14869004210541387,0.5982379735864684,0.017719217455646512,0,0,0.0,0,0.0,0.0,50.0,0,,,,,,,,,,,,,,,,,,,,,,,,,,,
8,D,step_totals,,,,,,,,,,,,,,,,,,,,,86.1000000000001,0.5,0.005807200929152143,20.0,0.2322880371660857,55.0,0.6387921022067357,0.0,0.0,0.01479036502313051,0.05454545454545454,0.0,0,3,34,12,5,40,55,38,6.800000000000003,0.07897793263646917,3.800000000000001,0.04413472706155629,34,19,35
9,D,all_agents,,,40,12,10,18,12,0,0.2174965348489799,0.18816738830853175,0.595246783718536,0.014972346697234523,38,22,0.55,0,0.0,0.0,32.75,246,,,,,,,,,,,,,,,,,,,,,,,,,,,
9,D,participants_only,,,30,12,0,18,12,0,0.22587558420020026,0.19604745514438185,0.5822241233385825,0.013925872507832684,38,22,0.7333333333333333,0,0.0,0.0,27.0,246,,,,,,,,,,,,,,,,,,,,,,,,,,,
9,D,nonparticipants_only,,,10,0,10,0,0,0,0.19235938679531886,0.1479465918948868,0.595246783718536,0.017269267649077803,0,0,0.0,0,0.0,0.0,50.0,0,,,,,,,,,,,,,,,,,,,,,,,,,,,
9,D,step_totals,,,,,,,,,,,,,,,,,,,,,89.50000000000007,0.30000000000000004,0.0033519553072625676,20.0,0.2234636871508378,59.0,0.6592178770949716,0.0,0.0,0.015310962091110878,0.0847457627118644,0.0,0,5,28,15,3,40,59,37,6.600000000000003,0.07374301675977651,3.600000000000001,0.040223463687150816,33,18,31
10,D,all_agents,,,40,12,10,18,12,0,0.2219604965280598,0.1902356796267011,0.5922705497999433,0.015259472597159887,43,22,0.55,0,0.0,0.0,32.525,271,,,,,,,,,,,,,,,,,,,,,,,,,,,
10,D,participants_only,,,30,12,0,18,12,0,0.2316218120074911,0.2009036196808064,0.5866755811152394,0.014361187950446311,43,22,0.7333333333333333,0,0.0,0.0,26.7,271,,,,,,,,,,,,,,,,,,,,,,,,,,,
10,D,nonparticipants_only,,,10,0,10,0,0,0,0.192976550089766,0.14720685893541235,0.5922705497999433,0.016834234335783432,0,0,0.0,0,0.0,0.0,50.0,0,,,,,,,,,,,,,,,,,,,,,,,,,,,
10,D,step_totals,,,,,,,,,,,,,,,,,,,,,86.5000000000001,0.1,0.0011560693641618485,20.0,0.2312138728323697,55.0,0.6358381502890166,0.0,0.0,0.014228402136196774,0.09090909090909091,0.0,0,5,36,12,1,40,55,38,7.0000000000000036,0.08092485549132943,4.400000000000001,0.05086705202312134,35,22,37
10,D,reachability,0.35,0.0,,,,,,,,,,,,,,,,,,,,,,,,,,,,,,,,,,,,,,,,,,,,,
11,D,all_agents,,,40,12,10,18,12,0,0.22719593284342549,0.19199792818150369,0.6032085578706299,0.015856885868059487,50,24,0.6,0,0.0,0.0,32.125,305,,,,,,,,,,,,,,,,,,,,,,,,,,,
11,D,participants_only,,,30,12,0,18,12,0,0.2383988440851482,0.2062688843441577,0.6032085578706299,0.015168832722600889,50,24,0.8,0,0.0,0.0,26.166666666666668,305,,,,,,,,,,,,,,,,,,,,,,,,,,,
11,D,nonparticipants_only,,,10,0,10,0,0,0,0.19358719911825728,0.1464708246407353,0.5893091970509436,0.016414982660956274,0,0,0.0,0,0.0,0.0,50.0,0,,,,,,,,,,,,,,,,,,,,,,,,,,,
11,D,step_totals,,,,,,,,,,,,,,,,,,,,,90.8000000000001,,,20.0,0.2202643171806165,60.0,0.6607929515418495,0.0,0.0,0.015530575397518563,0.11666666666666667,0.0,0,7,26,14,,40,60,37,6.600000000000003,0.07268722466960348,4.200000000000001,0.04625550660792948,33,21,33
12,D,all_agents,,,40,12,10,18,12,0,0.23175510141882472,0.19312142237042004,0.6071764722919236,0.01637343471164536,54,26,0.65,0,0.0,0.0,32.1,336,,,,,,,,,,,,,,,,,,,,,,,,,,,
12,D,participants_only,,,30,12,0,18,12,0,0.24427628548553307,0.20756455912116797,0.6071764722919236,0.015867249090598157,54,26,0.8666666666666667,0,0.0,0.0,26.133333333333333,336,,,,,,,,,,,,,,,,,,,,,,,,,,,
12,D,nonparticipants_only,,,10,0,10,0,0,0,0.1941915492186997,0.14822978905323408,0.586362651065689,0.016010630969598275,0,0,0.0,0,0.0,0.0,50.0,0,,,,,,,,,,,,,,,,,,,,,,,,,,,
12,D,step_totals,,,,,,,,,,,,,,,,,,,,,81.10000000000008,0.1,0.0012330456226880384,20.0,0.24660912453760764,49.0,0.6041923551171388,0.0,0.0,0.015581928597562921,0.08163265306122448,0.0,0,4,50,5,1,40,49,37,7.200000000000004,0.0887792848335388,4.800000000000002,0.05918618988902585,36,24,43
13,D,all_agents,,,40,14,10,16,14,0,0.23673936960161032,0.19330600726912767,0.6228894134002467,0.017118807890758227,58,27,0.675,0,0.0,0.0,31.675,370,,,,,,,,,,,,,,,,,,,,,,,,,,,
13,D,participants_only,,,30,14,0,16,14,0,0.25072206248613604,0.21134111581922843,0.6228894134002467,0.016838128002605344,58,27,0.9,0,0.0,0.0,25.566666666666666,370,,,,,,,,,,,,,,,,,,,,,,,,,,,
13,D,nonparticipants_only,,,10,0,10,0,0,0,0.19479129094803307,0.15056587502433588,0.5834308378103605,0.015614659151581273,0,0,0.0,0,0.0,0.0,50.0,0,,,,,,,,,,,,,,,,,,,,,,,,,,,
13,D,step_totals,,,,,,,,,,,,,,,,,,,,,91.6000000000001,,,20.0,0.21834061135371158,60.0,0.6550218340611347,0.0,0.0,0.014745135966314174,0.06666666666666667,0.0,0,4,25,10,,40,60,37,6.600000000000003,0.07205240174672485,5.000000000000002,0.05458515283842791,33,25,33
14,D,all_agents,,,40,15,10,15,15,0,0.24105142778345398,0.19315079662434376,0.6379738368642368,0.01774831796678753,60,27,0.675,0,0.0,0.0,31.725,401,,,,,,,,,,,,,,,,,,,,,,,,,,,
14,D,participants_only,,,30,15,0,15,15,0,0.25627354897794735,0.21028441024013228,0.6379738368642368,0.017660139225346868,60,27,0.9,0,0.0,0.0,25.633333333333333,401,,,,,,,,,,,,,,,,,,,,,,,,,,,
14,D,nonparticipants_only,,,10,0,10,0,0,0,0.1953850641999739,0.15004692111861612,0.5805136836213087,0.015232298507191398,0,0,0.0,0,0.0,0.0,50.0,0,,,,,,,,,,,,,,,,,,,,,,,,,,,
14,D,step_totals,,,,,,,,,,,,,,,,,,,,,81.0000000000001,,,20.0,0.2469135802469133,49.0,0.6049382716049375,0.0,0.0,0.01488485271655674,0.04081632653061224,0.0,0,2,50,6,,40,49,36,7.0000000000000036,0.08641975308641969,5.000000000000002,0.06172839506172834,35,25,42
15,D,all_agents,,,40,19,10,11,19,0,0.24627400535313954,0.19438365900784732,0.6524548833896673,0.018630034696902956,70,29,0.725,0,0.0,0.0,31.4,441,,,,,,,,,,,,,,,,,,,,,,,,,,,
15,D,participants_only,,,30,19,0,11,19,0,0.2630404841385891,0.2122263609583358,0.6524548833896673,0.01876328362635501,70,29,0.9666666666666667,0,0.0,0.0,25.2,441,,,,,,,,,,,,,,,,,,,,,,,,,,,
15,D,nonparticipants_only,,,10,0,10,0,0,0,0.1959745689967908,0.14929668651302302,0.5776111152032022,0.014856910178191627,0,0,0.0,0,0.0,0.0,50.0,0,,,,,,,,,,,,,,,,,,,,,,,,,,,
15,D,step_totals,,,,,,,,,,,,,,,,,,,,,89.8000000000001,,,20.0,0.22271714922048974,58.0,0.6458797327394202,0.0,0.0,0.015723156663980435,0.1724137931034483,0.0,0,10,27,9,,40,58,37,6.600000000000003,0.07349665924276165,5.200000000000002,0.05790645879732735,33,26,35
16,D,all_agents,,,40,19,10,11,19,0,0.25057224383646964,0.19720493683917328,0.6663566880540805,0.019388511234342255,76,29,0.725,0,0.0,0.0,31.55,475,,,,,,,,,,,,,,,,,,,,,,,,,,,
16,D,participants_only,,,30,19,0,11,19,0,0.2685767954872486,0.21174262259314064,0.6663566880540805,0.01972360414478215,76,29,0.9666666666666667,0,0.0,0.0,25.4,475,,,,,,,,,,,,,,,,,,,,,,,,,,,
16,D,nonparticipants_only,,,10,0,10,0,0,0,0.19655858888413277,0.1485502030804579,0.5747230596271862,0.014493265941275759,0,0,0.0,0,0.0,0.0,50.0,0,,,,,,,,,,,,,,,,,,,,,,,,,,,
16,D,step_totals,,,,,,,,,,,,,,,,,,,,,79.40000000000009,,,20.0,0.2518891687657428,47.0,0.5919395465994955,0.0,0.0,0.01520409989172615,0.1276595744680851,0.0,0,6,55,7,,40,47,36,6.800000000000003,0.08564231738035259,5.600000000000002,0.070528967254408,34,28,44
17,D,all_agents,,,40,22,10,8,22,0,0.25561289306241264,0.20015765490315762,0.6797024205319173,0.02037370631867707,82,29,0.725,0,0.0,0.0,31.225,516,,,,,,,,,,,,,,,,,,,,,,,,,,,
17,D,participants_only,,,30,22,0,8,22,0,0.2751044616349146,0.21158658946157127,0.6797024205319173,0.020932811050427994,82,29,0.9666666666666667,0,0.0,0.0,24.966666666666665,516,,,,,,,,,,,,,,,,,,,,,,,,,,,
17,D,nonparticipants_only,,,10,0,10,0,0,0,0.19713818734490668,0.14780745206505563,0.5718494443290503,0.01413733717842573,0,0,0.0,0,0.0,0.0,50.0,0,,,,,,,,,,,,,,,,,,,,,,,,,,,
17,D,step_totals,,,,,,,,,,,,,,,,,,,,,89.9000000000001,,,19.5,0.21690767519466048,58.0,0.6451612903225799,0.0,0.0,0.015237438353550603,0.10344827586206896,0.0,0,6,27,7,,39,58,37,6.600000000000003,0.0734149054505005,5.8000000000000025,0.06451612903225802,33,29,34
18,D,all_agents,,,40,23,10,7,23,0,0.2596570092451924,0.20017087202791417,0.6925143237106406,0.0212983394005886,84,29,0.725,0,0.0,0.0,31.4,551,,,,,,,,,,,,,,,,,,,,,,,,,,,
18,D,participants_only,,,30,23,0,7,23,0,0.2803051285625947,0.2150089327523868,0.6925143237106406,0.022095178560310937,84,29,0.9666666666666667,0,0.0,0.0,25.2,551,,,,,,,,,,,,,,,,,,,,,,,,,,,
18,D,nonparticipants_only,,,10,0,10,0,0,0,0.1977126512929854,0.14706841480473032,0.5689901971074051,0.01379168394527338,0,0,0.0,0,0.0,0.0,50.0,0,,,,,,,,,,,,,,,,,,,,,,,,,,,
18,D,step_totals,,,,,,,,,,,,,,,,,,,,,79.1000000000001,,,19.5,0.24652338811630817,47.0,0.5941845764854607,0.0,0.0,0.014528851613984681,0.0425531914893617,0.0,0,2,55,7,,39,47,36,6.800000000000003,0.08596713021491777,5.8000000000000025,0.07332490518331221,34,29,44
19,D,all_agents,,,40,24,10,6,24,0,0.2639571775251205,0.20216522022978656,0.704813750762215,0.022316892021905333,94,29,0.725,0,0.0,0.0,31.175,587,,,,,,,,,,,,,,,,,,,,,,,,,,,
19,D,participants_only,,,30,24,0,6,24,0,0.285848741216639,0.22063704893568734,0.704813750762215,0.023354083334176795,94,29,0.9666666666666667,0,0.0,0.0,24.9,587,,,,,,,,,,,,,,,,,,,,,,,,,,,
19,D,nonparticipants_only,,,10,0,10,0,0,0,0.19828248645056487,0.14633307273070667,0.566145246121868,0.0134544313547732,0,0,0.0,0,0.0,0.0,50.0,0,,,,,,,,,,,,,,,,,,,,,,,,,,,
19,D,step_totals,,,,,,,,,,,,,,,,,,,,,87.0000000000001,,,19.0,0.2183908045977009,56.0,0.6436781609195394,0.0,0.0,0.013744010367687827,0.17857142857142858,0.0,0,10,27,9,,38,56,34,6.200000000000003,0.07126436781609191,5.8000000000000025,0.06666666666666662,31,29,35
20,D,all_agents,,,40,26,10,4,26,0,0.2676817443753894,0.20614459116993997,0.7166212007317264,0.02327473843813896,99,29,0.725,0,0.0,0.0,31.35,621,,,,,,,,,,,,,,,,,,,,,,,,,,,
20,D,participants_only,,,30,26,0,4,26,0,0.2906265191898476,0.22282436390035307,0.7166212007317264,0.024551554068400594,99,29,0.9666666666666667,0,0.0,0.0,25.133333333333333,621,,,,,,,,,,,,,,,,,,,,,,,,,,,
20,D,nonparticipants_only,,,10,0,10,0,0,0,0.19884741993201477,0.1463578792762839,0.5633145198912587,0.013126739251919706,0,0,0.0,0,0.0,0.0,50.0,0,,,,,,,,,,,,,,,,,,,,,,,,,,,
20,D,step_totals,,,,,,,,,,,,,,,,,,,,,78.10000000000008,,,18.5,0.2368758002560817,47.0,0.601792573623559,0.0,0.0,0.013780502702385622,0.10638297872340426,0.0,0,5,55,7,,37,47,35,6.800000000000003,0.087067861715749,5.8000000000000025,0.07426376440460943,34,29,43
20,D,reachability,0.1,0.0,,,,,,,,,,,,,,,,,,,,,,,,,,,,,,,,,,,,,,,,,,,,,
21,D,all_agents,,,40,28,10,2,28,0,0.27229533149051477,0.20562290103350095,0.7279563527024574,0.024469128337627002,108,29,0.725,0,0.0,0.0,31.125,664,,,,,,,,,,,,,,,,,,,,,,,,,,,
21,D,participants_only,,,30,28,0,2,28,0,0.29659097700487336,0.22924940665364235,0.7279563527024574,0.025996070737632087,108,29,0.9666666666666667,0,0.0,0.0,24.833333333333332,664,,,,,,,,,,,,,,,,,,,,,,,,,,,
21,D,nonparticipants_only,,,10,0,10,0,0,0,0.19940839494743903,0.1461464438451227,0.5604979472918024,0.012804960446099285,0,0,0.0,0,0.0,0.0,50.0,0,,,,,,,,,,,,,,,,,,,,,,,,,,,
21,D,step_totals,,,,,,,,,,,,,,,,,,,,,86.8000000000001,,,19.0,0.2188940092165896,56.0,0.64516129032258,0.0,0.0,0.014660931021010636,0.16071428571428573,0.0,0,9,26,10,,38,56,34,6.000000000000003,0.06912442396313359,5.8000000000000025,0.06682027649769581,30,29,35
22,D,all_agents,,,40,29,10,1,29,0,0.2757044068299234,0.2055630603922433,0.7388380985943591,0.025438490960703976,110,29,0.725,0,0.0,0.0,31.35,697,,,,,,,,,,,,,,,,,,,,,,,,,,,
22,D,participants_only,,,30,29,0,1,29,0,0.30095109042245966,0.23247168424523373,0.7388380985943591,0.02720405181699153,110,29,0.9666666666666667,0,0.0,0.0,25.133333333333333,697,,,,,,,,,,,,,,,,,,,,,,,,,,,
22,D,nonparticipants_only,,,10,0,10,0,0,0,0.19996435605231458,0.14643366604267405,0.5576954575553433,0.012493068002781627,0,0,0.0,0,0.0,0.0,50.0,0,,,,,,,,,,,,,,,,,,,,,,,,,,,
22,D,step_totals,,,,,,,,,,,,,,,,,,,,,77.4000000000001,,,18.0,0.2325581395348834,47.0,0.6072351421188622,0.0,0.0,0.012965684545122454,0.0425531914893617,0.0,0,2,54,8,,36,47,34,6.600000000000003,0.0852713178294573,5.8000000000000025,0.0749354005167958,33,29,42
23,D,all_agents,,,40,30,10,0,30,0,0.279921345434871,0.20688609677244352,0.7492845746505847,0.026632793231387644,118,29,0.725,0,0.0,0.0,31.125,738,,,,,,,,,,,,,,,,,,,,,,,,,,,
23,D,participants_only,,,30,30,0,0,30,0,0.3063897976439536,0.23595735669590576,0.7492845746505847,0.028645242186623097,118,29,0.9666666666666667,0,0.0,0.0,24.833333333333332,738,,,,,,,,,,,,,,,,,,,,,,,,,,,
23,D,nonparticipants_only,,,10,0,10,0,0,0,0.2005159888076234,0.14684772767296894,0.5549069802675666,0.01218849881754743,0,0,0.0,0,0.0,0.0,50.0,0,,,,,,,,,,,,,,,,,,,,,,,,,,,
23,D,step_totals,,,,,,,,,,,,,,,,,,,,,87.0000000000001,,,19.0,0.2183908045977009,56.0,0.6436781609195394,0.0,0.0,0.013551440921646788,0.14285714285714285,0.0,0,8,26,9,,38,56,34,6.200000000000003,0.07126436781609191,5.8000000000000025,0.06666666666666662,31,29,35
24,D,all_agents,,,40,30,10,0,30,0,0.283282036512185,0.20621723328288216,0.7593131916645613,0.027716159258762838,123,30,0.75,0,0.0,0.0,31.35,774,,,,,,,,,,,,,,,,,,,,,,,,,,,
24,D,participants_only,,,30,30,0,0,30,0,0.31068828510549285,0.23665257780699397,0.7593131916645613,0.029986701067403497,123,30,1.0,0,0.0,0.0,25.133333333333333,774,,,,,,,,,,,,,,,,,,,,,,,,,,,
24,D,nonparticipants_only,,,10,0,10,0,0,0,0.2010632907322612,0.14932064463755135,0.5521324453662287,0.011891304289342548,0,0,0.0,0,0.0,0.0,50.0,0,,,,,,,,,,,,,,,,,,,,,,,,,,,
24,D,step_totals,,,,,,,,,,,,,,,,,,,,,76.90000000000009,,,17.5,0.22756827048114409,47.0,0.6111833550065012,0.0,0.0,0.012944365261037188,0.10638297872340426,0.0,0,5,54,8,,35,47,34,6.600000000000003,0.08582574772431724,5.8000000000000025,0.07542262678803635,33,29,42
25,D,all_agents,,,40,30,10,0,30,0,0.2872037260665893,0.21058828097556684,0.7689406639979789,0.02895115122261933,131,30,0.75,0,0.0,0.0,31.125,815,,,,,,,,,,,,,,,,,,,,,,,,,,,
25,D,participants_only,,,30,30,0,0,30,0,0.3157361836297281,0.23702413832244418,0.7689406639979789,0.031478081953532557,131,30,1.0,0,0.0,0.0,24.833333333333332,815,,,,,,,,,,,,,,,,,,,,,,,,,,,
25,D,nonparticipants_only,,,10,0,10,0,0,0,0.20160635337717295,0.15203029297389808,0.5493717831393976,0.011601145414771852,0,0,0.0,0,0.0,0.0,50.0,0,,,,,,,,,,,,,,,,,,,,,,,,,,,
25,D,step_totals,,,,,,,,,,,,,,,,,,,,,85.8000000000001,,,18.0,0.20979020979020954,56.0,0.6526806526806519,0.0,0.0,0.012968278346532462,0.14285714285714285,0.0,0,8,26,11,,36,56,34,5.8000000000000025,0.06759906759906756,6.000000000000003,0.06993006993006988,29,30,33
26,D,all_agents,,,40,30,10,0,30,0,0.29050000735330656,0.2102408371614603,0.7781830374380597,0.030092771748971976,138,30,0.75,0,0.0,0.0,31.35,853,,,,,,,,,,,,,,,,,,,,,,,,,,,
26,D,participants_only,,,30,30,0,0,30,0,0.3199516211051494,0.23583901763083193,0.7781830374380597,0.03288138426799788,138,30,1.0,0,0.0,0.0,25.133333333333333,853,,,,,,,,,,,,,,,,,,,,,,,,,,,
26,D,nonparticipants_only,,,10,0,10,0,0,0,0.20214516609777805,0.15154333512708865,0.5466249242237006,0.011318163560841414,0,0,0.0,0,0.0,0.0,50.0,0,,,,,,,,,,,,,,,,,,,,,,,,,,,
26,D,step_totals,,,,,,,,,,,,,,,,,,,,,76.90000000000008,,,17.5,0.2275682704811441,47.0,0.6111833550065013,0.0,0.0,0.012757907097388594,0.14893617021276595,0.0,0,7,53,8,,35,47,34,6.400000000000003,0.08322496749024703,6.000000000000003,0.07802340702210658,32,30,42
27,D,all_agents,,,40,30,10,0,30,0,0.29400245837679917,0.21129396191787864,0.7870557159405374,0.031188481023320377,142,30,0.75,0,0.0,0.0,31.125,890,,,,,,,,,,,,,,,,,,,,,,,,,,,
27,D,participants_only,,,30,30,0,0,30,0,0.32444322785523105,0.23705692256722855,0.7870557159405374,0.034197894081221335,142,30,1.0,0,0.0,0.0,24.833333333333332,890,,,,,,,,,,,,,,,,,,,,,,,,,,,
27,D,nonparticipants_only,,,10,0,10,0,0,0,0.20268014994150343,0.15237371595840826,0.543891799602582,0.011040556492349115,0,0,0.0,0,0.0,0.0,50.0,0,,,,,,,,,,,,,,,,,,,,,,,,,,,
27,D,step_totals,,,,,,,,,,,,,,,,,,,,,84.90000000000009,,,17.5,0.20612485276796208,56.0,0.6595995288574786,0.0,0.0,0.011952367559527307,0.07142857142857142,0.0,0,4,25,13,,35,56,34,5.400000000000002,0.06360424028268546,6.000000000000003,0.07067137809187275,27,30,32
28,D,all_agents,,,40,30,10,0,30,0,0.2971382404979588,0.21287863770926707,0.7955734873029159,0.03229593163585792,147,30,0.75,0,0.0,0.0,31.35,928,,,,,,,,,,,,,,,,,,,,,,,,,,,
28,D,participants_only,,,30,30,0,0,30,0,0.328447474735111,0.2387858810111121,0.7955734873029159,0.035549716569600695,147,30,1.0,0,0.0,0.0,25.133333333333333,928,,,,,,,,,,,,,,,,,,,,,,,,,,,
28,D,nonparticipants_only,,,10,0,10,0,0,0,0.20321053778650217,0.15456041857858932,0.5411723406045691,0.01077135905242726,0,0,0.0,0,0.0,0.0,50.0,0,,,,,,,,,,,,,,,,,,,,,,,,,,,
28,D,step_totals,,,,,,,,,,,,,,,,,,,,,76.90000000000009,,,17.5,0.22756827048114409,47.0,0.6111833550065012,0.0,0.0,0.0122838019238896,0.10638297872340426,0.0,0,5,53,8,,35,47,34,6.400000000000003,0.08322496749024702,6.000000000000003,0.07802340702210657,32,30,42
29,D,all_agents,,,40,30,10,0,30,0,0.30061908125596803,0.21534577231288665,0.8037505478107992,0.033560702655874144,153,30,0.75,0,0.0,0.0,31.125,969,,,,,,,,,,,,,,,,,,,,,,,,,,,
29,D,participants_only,,,30,30,0,0,30,0,0.3329129548068987,0.24198531060065553,0.8037505478107992,0.037073917821599044,153,30,1.0,0,0.0,0.0,24.833333333333332,969,,,,,,,,,,,,,,,,,,,,,,,,,,,
29,D,nonparticipants_only,,,10,0,10,0,0,0,0.20373746060317605,0.1577287710773867,0.5384664789015462,0.010506325931617454,0,0,0.0,0,0.0,0.0,50.0,0,,,,,,,,,,,,,,,,,,,,,,,,,,,
29,D,step_totals,,,,,,,,,,,,,,,,,,,,,84.90000000000009,,,17.5,0.20612485276796208,56.0,0.6595995288574786,0.0,0.0,0.011912430104650519,0.10714285714285714,0.0,0,6,25,13,,35,56,34,5.400000000000002,0.06360424028268546,6.000000000000003,0.07067137809187275,27,30,32
30,D,all_agents,,,40,30,10,0,29,1,0.3038007329746642,0.21622969661040198,0.8116005258983673,0.03461800757755228,158,30,0.75,0,0.0,0.0,31.35,1009,,,,,,,,,,,,,,,,,,,,,,,,,,,
30,D,participants_only,,,30,30,0,0,29,1,0.3369809700404181,0.2473088304492938,0.8116005258983673,0.03833731413628157,158,30,1.0,0,0.0,0.0,25.133333333333333,1009,,,,,,,,,,,,,,,,,,,,,,,,,,,
30,D,nonparticipants_only,,,10,0,10,0,0,0,0.20426002177740246,0.1576649041071093,0.5357741465070385,0.010248950320488878,0,0,0.0,0,0.0,0.0,50.0,0,,,,,,,,,,,,,,,,,,,,,,,,,,,
30,D,step_totals,,,,,,,,,,,,,,,,,,,,,76.7000000000001,,,17.5,0.22816166883963462,47.0,0.6127770534550188,0.0,0.0,0.012487572027277313,0.10638297872340426,0.0,0,5,53,9,,35,47,34,6.200000000000003,0.0808344198174706,6.000000000000003,0.07822685788787477,31,30,42
30,D,reachability,0.1,0.0,,,,,,,,,,,,,,,,,,,,,,,,,,,,,,,,,,,,,,,,,,,,,
31,D,all_agents,,,40,30,10,0,29,1,0.30718546233266636,0.2195670311017851,0.8191365048624326,0.03577885085274266,165,30,0.75,0,0.0,0.0,31.125,1050,,,,,,,,,,,,,,,,,,,,,,,,,,,
31,D,participants_only,,,30,30,0,0,29,1,0.34132092853608403,0.25110966827577613,0.8191365048624326,0.0397122244386889,165,30,1.0,0,0.0,0.0,24.833333333333332,1050,,,,,,,,,,,,,,,,,,,,,,,,,,,
31,D,nonparticipants_only,,,10,0,10,0,0,0,0.20477906372241345,0.15859852400900437,0.5330952757745033,0.009995969459807946,0,0,0.0,0,0.0,0.0,50.0,0,,,,,,,,,,,,,,,,,,,,,,,,,,,
31,D,step_totals,,,,,,,,,,,,,,,,,,,,,84.20000000000009,,,17.0,0.201900237529691,56.0,0.6650831353919233,0.0,0.0,0.011775578777772938,0.125,0.0,0,7,24,14,,34,56,34,5.200000000000002,0.061757719714964326,6.000000000000003,0.07125890736342039,26,30,32
32,D,all_agents,,,40,30,10,0,29,1,0.30983960056935866,0.22100275526524987,0.8263710446679353,0.036876788521425063,169,30,0.75,0,0.0,0.0,31.35,1087,,,,,,,,,,,,,,,,,,,,,,,,,,,
32,D,participants_only,,,30,30,0,0,29,1,0.3446881946500137,0.24985411993439727,0.8263710446679353,0.0410612724303658,169,30,1.0,0,0.0,0.0,25.133333333333333,1087,,,,,,,,,,,,,,,,,,,,,,,,,,,
32,D,nonparticipants_only,,,10,0,10,0,0,0,0.20529381832739352,0.1624519785635114,0.5304297993956308,0.009750242681823677,0,0,0.0,0,0.0,0.0,50.0,0,,,,,,,,,,,,,,,,,,,,,,,,,,,
32,D,step_totals,,,,,,,,,,,,,,,,,,,,,76.20000000000009,,,17.0,0.22309711286089212,47.0,0.6167979002624665,0.0,0.0,0.010953229640963461,0.0851063829787234,0.0,0,4,53,9,,34,47,33,6.200000000000003,0.0813648293963254,6.000000000000003,0.0787401574803149,31,30,41
33,D,all_agents,,,40,30,10,0,29,1,0.31305677411822624,0.22109419580342338,0.8333162028812179,0.03805464836940625,177,30,0.75,0,0.0,0.0,31.125,1129,,,,,,,,,,,,,,,,,,,,,,,,,,,
33,D,participants_only,,,30,30,0,0,29,1,0.3488074183864585,0.24910664262780194,0.8333162028812179,0.04245718594750544,177,30,1.0,0,0.0,0.0,24.833333333333332,1129,,,,,,,,,,,,,,,,,,,,,,,,,,,
33,D,nonparticipants_only,,,10,0,10,0,0,0,0.20580484131352944,0.16431295286917275,0.5277776503986527,0.009509732847984419,0,0,0.0,0,0.0,0.0,50.0,0,,,,,,,,,,,,,,,,,,,,,,,,,,,
33,D,step_totals,,,,,,,,,,,,,,,,,,,,,83.70000000000009,,,16.5,0.19713261648745498,56.0,0.66905615292712,0.0,0.0,0.011399187422522454,0.14285714285714285,0.0,0,8,24,14,,33,56,33,5.200000000000002,0.06212664277180402,6.000000000000003,0.07168458781362003,26,30,31
34,D,all_agents,,,40,30,10,0,29,1,0.3158471368385101,0.22175041743731544,0.8399835547659692,0.03913529227644742,183,30,0.75,0,0.0,0.0,31.35,1170,,,,,,,,,,,,,,,,,,,,,,,,,,,
34,D,participants_only,,,30,30,0,0,29,1,0.35235901592369046,0.2519765845445944,0.8399835547659692,0.04375560122610316,183,30,1.0,0,0.0,0.0,25.133333333333333,1170,,,,,,,,,,,,,,,,,,,,,,,,,,,
34,D,nonparticipants_only,,,10,0,10,0,0,0,0.20631149958296893,0.16387594138649764,0.5251387621466593,0.009276957655510204,0,0,0.0,0,0.0,0.0,50.0,0,,,,,,,,,,,,,,,,,,,,,,,,,,,
34,D,step_totals,,,,,,,,,,,,,,,,,,,,,75.50000000000009,,,16.5,0.21854304635761565,47.0,0.62251655629139,0.0,0.0,0.01153572895956266,0.1276595744680851,0.0,0,6,53,10,,33,47,33,6.000000000000003,0.07947019867549664,6.000000000000003,0.07947019867549664,30,30,41
35,D,all_agents,,,40,30,10,0,28,2,0.3190414968427598,0.22187991617034286,0.8463842125753305,0.04026882491600881,192,30,0.75,0,0.0,0.0,31.125,1214,,,,,,,,,,,,,,,,,,,,,,,,,,,
35,D,participants_only,,,30,30,0,0,28,2,0.35645028578244664,0.2560500056149766,0.8463842125753305,0.04507848882832084,192,30,1.0,0,0.0,0.0,24.833333333333332,1214,,,,,,,,,,,,,,,,,,,,,,,,,,,
35,D,nonparticipants_only,,,10,0,10,0,0,0,0.20681513002369903,0.16545769235849223,0.522513068335926,0.009046823299864212,0,0,0.0,0,0.0,0.0,50.0,0,,,,,,,,,,,,,,,,,,,,,,,,,,,
35,D,step_totals,,,,,,,,,,,,,,,,,,,,,82.30000000000008,,,15.5,0.18833535844471427,56.0,0.6804374240583225,0.0,0.0,0.011573595895902926,0.16071428571428573,0.0,0,9,22,16,,31,56,32,4.800000000000002,0.05832320777642767,6.000000000000003,0.07290400972053458,24,30,31
36,D,all_agents,,,40,30,10,0,28,2,0.3213609382342281,0.2229851019562225,0.8525288440723172,0.041286292517440315,197,30,0.75,0,0.0,0.0,31.35,1251,,,,,,,,,,,,,,,,,,,,,,,,,,,
36,D,participants_only,,,30,30,0,0,28,2,0.3593763564512256,0.2558357074073685,0.8525288440723172,0.04632659592817511,197,30,1.0,0,0.0,0.0,25.133333333333333,1251,,,,,,,,,,,,,,,,,,,,,,,,,,,
36,D,nonparticipants_only,,,10,0,10,0,0,0,0.2073146835832357,0.16841213176722092,0.5199005029942464,0.008823318018677279,0,0,0.0,0,0.0,0.0,50.0,0,,,,,,,,,,,,,,,,,,,,,,,,,,,
36,D,step_totals,,,,,,,,,,,,,,,,,,,,,74.80000000000008,,,16.0,0.2139037433155078,47.0,0.6283422459893041,0.0,0.0,0.01017526133964965,0.10638297872340426,0.0,0,5,52,11,,32,47,33,5.8000000000000025,0.0775401069518716,6.000000000000003,0.08021390374331545,29,30,39
37,D,all_agents,,,40,30,10,0,28,2,0.3244272100436757,0.22349242726047816,0.8584276903094246,0.04240106559816025,204,30,0.75,0,0.0,0.0,31.125,1296,,,,,,,,,,,,,,,,,,,,,,,,,,,
37,D,participants_only,,,30,30,0,0,28,2,0.36329950477499673,0.2557062090337117,0.8584276903094246,0.047621960291556284,204,30,1.0,0,0.0,0.0,24.833333333333332,1296,,,,,,,,,,,,,,,,,,,,,,,,,,,
37,D,nonparticipants_only,,,10,0,10,0,0,0,0.20781032584971237,0.1703077439226326,0.5173010004792752,0.008605717945827821,0,0,0.0,0,0.0,0.0,50.0,0,,,,,,,,,,,,,,,,,,,,,,,,,,,
37,D,step_totals,,,,,,,,,,,,,,,,,,,,,80.90000000000008,,,14.5,0.17923362175525323,56.0,0.6922126081582194,0.0,0.0,0.01143591090652471,0.125,0.0,0,7,20,18,,29,56,30,4.400000000000001,0.05438813349814582,6.000000000000003,0.07416563658838068,22,30,31
38,D,all_agents,,,40,30,10,0,28,2,0.32680733470385526,0.22457387361851525,0.8640905826970475,0.043376352563910286,209,30,0.75,0,0.0,0.0,31.35,1335,,,,,,,,,,,,,,,,,,,,,,,,,,,
38,D,participants_only,,,30,30,0,0,28,2,0.3663089800033151,0.2553779759731153,0.8640905826970475,0.048795985209377814,209,30,1.0,0,0.0,0.0,25.133333333333333,1335,,,,,,,,,,,,,,,,,,,,,,,,,,,
38,D,nonparticipants_only,,,10,0,10,0,0,0,0.2083023988054757,0.17113127676826528,0.5147144954768788,0.008392894851135627,0,0,0.0,0,0.0,0.0,50.0,0,,,,,,,,,,,,,,,,,,,,,,,,,,,
38,D,step_totals,,,,,,,,,,,,,,,,,,,,,75.00000000000009,,,16.0,0.2133333333333331,47.0,0.6266666666666659,0.0,0.0,0.010372840293013998,0.10638297872340426,0.0,0,5,52,10,,32,47,33,6.000000000000003,0.07999999999999995,6.000000000000003,0.07999999999999995,30,30,38
39,D,all_agents,,,40,30,10,0,28,2,0.3295570603408187,0.22459158286526,0.8695269593891656,0.04450870597504976,214,30,0.75,0,0.0,0.0,31.125,1378,,,,,,,,,,,,,,,,,,,,,,,,,,,
39,D,participants_only,,,30,30,0,0,28,2,0.36981244688212206,0.2550455417725296,0.8695269593891656,0.05013466279019472,214,30,1.0,0,0.0,0.0,24.833333333333332,1378,,,,,,,,,,,,,,,,,,,,,,,,,,,
39,D,nonparticipants_only,,,10,0,10,0,0,0,0.2087909007169087,0.17251528519093529,0.5121409229994943,0.008184881782537925,0,0,0.0,0,0.0,0.0,50.0,0,,,,,,,,,,,,,,,,,,,,,,,,,,,
39,D,step_totals,,,,,,,,,,,,,,,,,,,,,80.90000000000008,,,14.5,0.17923362175525323,56.0,0.6922126081582194,0.0,0.0,0.010516294657005352,0.08928571428571429,0.0,0,5,18,18,,29,56,30,4.400000000000001,0.05438813349814582,6.000000000000003,0.07416563658838068,22,30,31
40,D,all_agents,,,40,30,10,0,27,3,0.33182620831528176,0.22520098414274764,0.874745881013599,0.04546100741182775,219,30,0.75,0,0.0,0.0,31.35,1418,,,,,,,,,,,,,,,,,,,,,,,,,,,
40,D,participants_only,,,30,30,0,0,27,3,0.3726765458152564,0.2560593459061192,0.874745881013599,0.051278323954846154,219,30,1.0,0,0.0,0.0,25.133333333333333,1418,,,,,,,,,,,,,,,,,,,,,,,,,,,
40,D,nonparticipants_only,,,10,0,10,0,0,0,0.20927519581535772,0.17636708976546095,0.5095802183844969,0.007984056896430494,0,0,0.0,0,0.0,0.0,50.0,0,,,,,,,,,,,,,,,,,,,,,,,,,,,
40,D,step_totals,,,,,,,,,,,,,,,,,,,,,74.80000000000008,,,16.0,0.2139037433155078,47.0,0.6283422459893041,0.0,0.0,0.010071386249363216,0.10638297872340426,0.0,0,5,52,11,,32,47,33,5.8000000000000025,0.0775401069518716,6.000000000000003,0.08021390374331545,29,30,38
40,D,reachability,0.125,0.0,,,,,,,,,,,,,,,,,,,,,,,,,,,,,,,,,,,,,,,,,,,,,
41,D,all_agents,,,40,30,10,0,26,4,0.3344114985145819,0.22830469109547574,0.879756045773055,0.04653099107748284,225,30,0.75,0,0.0,0.0,31.125,1461,,,,,,,,,,,,,,,,,,,,,,,,,,,
41,D,participants_only,,,30,30,0,0,26,4,0.37596317010941155,0.25701694236633577,0.879756045773055,0.05253983849689991,225,30,1.0,0,0.0,0.0,24.833333333333332,1461,,,,,,,,,,,,,,,,,,,,,,,,,,,
41,D,nonparticipants_only,,,10,0,10,0,0,0,0.2097564837300928,0.17750954796062585,0.5070323172925744,0.007785951871336731,0,0,0.0,0,0.0,0.0,50.0,0,,,,,,,,,,,,,,,,,,,,,,,,,,,
41,D,step_totals,,,,,,,,,,,,,,,,,,,,,79.00000000000007,,,13.0,0.1645569620253163,56.0,0.7088607594936702,0.0,0.0,0.010327729200974769,0.10714285714285714,0.0,0,6,15,20,,26,56,29,4.000000000000001,0.05063291139240503,6.000000000000003,0.07594936708860756,20,30,31
42,D,all_agents,,,40,30,10,0,26,4,0.3363337302001646,0.2290441421630418,0.8845658039421328,0.047359936954913466,229,30,0.75,0,0.0,0.0,31.35,1496,,,,,,,,,,,,,,,,,,,,,,,,,,,
42,D,participants_only,,,30,30,0,0,26,4,0.3783669060804627,0.25746065138019514,0.8845658039421328,0.0535485439441766,229,30,1.0,0,0.0,0.0,25.133333333333333,1496,,,,,,,,,,,,,,,,,,,,,,,,,,,
42,D,nonparticipants_only,,,10,0,10,0,0,0,0.21023420255927042,0.17906150076894417,0.5044971557061115,0.007592661492115197,0,0,0.0,0,0.0,0.0,50.0,0,,,,,,,,,,,,,,,,,,,,,,,,,,,
42,D,step_totals,,,,,,,,,,,,,,,,,,,,,74.6000000000001,,,16.0,0.21447721179624638,47.0,0.6300268096514737,0.0,0.0,0.009009944230277851,0.0851063829787234,0.0,0,4,50,12,,32,47,32,5.600000000000002,0.07506702412868627,6.000000000000003,0.08042895442359242,28,30,38
43,D,all_agents,,,40,30,10,0,26,4,0.3389297231904789,0.22892750453787764,0.8891831717844475,0.0485068725398502,235,30,0.75,0,0.0,0.0,31.125,1543,,,,,,,,,,,,,,,,,,,,,,,,,,,
43,D,participants_only,,,30,30,0,0,26,4,0.3816700948033365,0.25660028279924385,0.8891831717844475,0.0549011127697262,235,30,1.0,0,0.0,0.0,24.833333333333332,1543,,,,,,,,,,,,,,,,,,,,,,,,,,,
43,D,nonparticipants_only,,,10,0,10,0,0,0,0.21070860835190608,0.1812555292711981,0.501974669927581,0.00740327946296021,0,0,0.0,0,0.0,0.0,50.0,0,,,,,,,,,,,,,,,,,,,,,,,,,,,
43,D,step_totals,,,,,,,,,,,,,,,,,,,,,78.30000000000008,,,12.5,0.1596424010217112,56.0,0.7151979565772661,0.0,0.0,0.01048020532194397,0.10714285714285714,0.0,0,6,15,21,,25,56,29,3.800000000000001,0.04853128991060022,6.000000000000003,0.07662835249042141,19,30,31
44,D,all_agents,,,40,30,10,0,26,4,0.3408679590489552,0.2292950224250777,0.8936158449130696,0.049304094381996455,239,30,0.75,0,0.0,0.0,31.35,1580,,,,,,,,,,,,,,,,,,,,,,,,,,,
44,D,participants_only,,,30,30,0,0,26,4,0.38409755032704623,0.25626962025904393,0.8936158449130696,0.055857002460602774,239,30,1.0,0,0.0,0.0,25.133333333333333,1580,,,,,,,,,,,,,,,,,,,,,,,,,,,
44,D,nonparticipants_only,,,10,0,10,0,0,0,0.21117918521468224,0.18395650131752142,0.49946479657794307,0.007219799401327899,0,0,0.0,0,0.0,0.0,50.0,0,,,,,,,,,,,,,,,,,,,,,,,,,,,
44,D,step_totals,,,,,,,,,,,,,,,,,,,,,74.6000000000001,,,16.0,0.21447721179624638,47.0,0.6300268096514737,0.0,0.0,0.00908865216931811,0.0851063829787234,0.0,0,4,51,12,,32,47,33,5.600000000000002,0.07506702412868627,6.000000000000003,0.08042895442359242,28,30,38
45,D,all_agents,,,40,30,10,0,25,5,0.3431068912414411,0.23037995655048937,0.8978712111165468,0.0503867047396519,246,30,0.75,0,0.0,0.0,31.125,1624,,,,,,,,,,,,,,,,,,,,,,,,,,,
45,D,participants_only,,,30,30,0,0,25,5,0.3869270330284907,0.2553579409609732,0.8978712111165468,0.057154712838766455,246,30,1.0,0,0.0,0.0,24.833333333333332,1624,,,,,,,,,,,,,,,,,,,,,,,,,,,
45,D,nonparticipants_only,,,10,0,10,0,0,0,0.2116464658802923,0.18492270733325242,0.49696747259505336,0.007040222527462652,0,0,0.0,0,0.0,0.0,50.0,0,,,,,,,,,,,,,,,,,,,,,,,,,,,
45,D,step_totals,,,,,,,,,,,,,,,,,,,,,78.30000000000008,,,12.5,0.1596424010217112,56.0,0.7151979565772661,0.0,0.0,0.00940275021001655,0.125,0.0,0,7,15,21,,25,56,29,3.800000000000001,0.04853128991060022,6.000000000000003,0.07662835249042141,19,30,31
46,D,all_agents,,,40,30,10,0,23,7,0.3447622951752106,0.2325976825386696,0.901956362671885,0.05118608810643493,255,30,0.75,0,0.0,0.0,31.35,1660,,,,,,,,,,,,,,,,,,,,,,,,,,,
46,D,participants_only,,,30,30,0,0,23,7,0.388979580677853,0.2590947774443533,0.901956362671885,0.05813924300890763,255,30,1.0,0,0.0,0.0,25.133333333333333,1660,,,,,,,,,,,,,,,,,,,,,,,,,,,
46,D,nonparticipants_only,,,10,0,10,0,0,0,0.21211043866728344,0.18500083792050015,0.4944826352320781,0.006864603352350545,0,0,0.0,0,0.0,0.0,50.0,0,,,,,,,,,,,,,,,,,,,,,,,,,,,
46,D,step_totals,,,,,,,,,,,,,,,,,,,,,73.60000000000008,,,15.0,0.20380434782608672,47.0,0.6385869565217385,0.0,0.0,0.008342632339589946,0.19148936170212766,0.0,0,9,50,13,,30,47,32,5.600000000000002,0.07608695652173908,6.000000000000003,0.08152173913043473,28,30,38
47,D,all_agents,,,40,30,10,0,25,5,0.347154784888809,0.23203649279675495,0.9058781081650096,0.052266641878539404,267,30,0.75,0,0.0,0.0,31.125,1708,,,,,,,,,,,,,,,,,,,,,,,,,,,
47,D,participants_only,,,30,30,0,0,25,5,0.39201584634867626,0.2583960369808034,0.9058781081650096,0.059408393838214515,267,30,1.0,0,0.0,0.0,24.833333333333332,1708,,,,,,,,,,,,,,,,,,,,,,,,,,,
47,D,nonparticipants_only,,,10,0,10,0,0,0,0.21257160050920737,0.18673191895927604,0.4920102220559177,0.006691207975842255,0,0,0.0,0,0.0,0.0,50.0,0,,,,,,,,,,,,,,,,,,,,,,,,,,,
47,D,step_totals,,,,,,,,,,,,,,,,,,,,,77.80000000000007,,,12.0,0.1542416452442158,56.0,0.719794344473007,0.0,0.0,0.00996264063538883,0.21428571428571427,0.0,0,12,14,21,,24,56,29,3.800000000000001,0.04884318766066835,6.000000000000003,0.07712082262210794,19,30,31
48,D,all_agents,,,40,30,10,0,23,7,0.34891284766384956,0.2321570146226606,0.9096429838384092,0.053071538913955545,270,30,0.75,0,0.0,0.0,31.35,1748,,,,,,,,,,,,,,,,,,,,,,,,,,,
48,D,participants_only,,,30,30,0,0,23,7,0.3942075423524225,0.258482756437787,0.9096429838384092,0.0603808324673857,270,30,1.0,0,0.0,0.0,25.133333333333333,1748,,,,,,,,,,,,,,,,,,,,,,,,,,,
48,D,nonparticipants_only,,,10,0,10,0,0,0,0.21302876359813078,0.1893239432653868,0.48955017094563813,0.006524345850492615,0,0,0.0,0,0.0,0.0,50.0,0,,,,,,,,,,,,,,,,,,,,,,,,,,,
48,D,step_totals,,,,,,,,,,,,,,,,,,,,,73.60000000000008,,,15.0,0.20380434782608672,47.0,0.6385869565217385,0.0,0.0,0.008703152330826941,0.06382978723404255,0.0,0,3,50,13,,30,47,32,5.600000000000002,0.07608695652173908,6.000000000000003,0.08152173913043473,28,30,38
49,D,all_agents,,,40,30,10,0,23,7,0.3508787157120873,0.23142963552429585,0.9132572644848729,0.054116676740221394,277,30,0.75,0,0.0,0.0,31.125,1793,,,,,,,,,,,,,,,,,,,,,,,,,,,
49,D,participants_only,,,30,30,0,0,23,7,0.39667746737639376,0.25792216158863795,0.9132572644848729,0.06164475431748834,277,30,1.0,0,0.0,0.0,24.833333333333332,1793,,,,,,,,,,,,,,,,,,,,,,,,,,,
49,D,nonparticipants_only,,,10,0,10,0,0,0,0.2134824607191677,0.19080736385978303,0.4871024200909099,0.006362136160314727,0,0,0.0,0,0.0,0.0,50.0,0,,,,,,,,,,,,,,,,,,,,,,,,,,,
49,D,step_totals,,,,,,,,,,,,,,,,,,,,,76.80000000000007,,,11.0,0.14322916666666655,56.0,0.7291666666666661,0.0,0.0,0.008808424863337433,0.125,0.0,0,7,14,21,,22,56,28,3.800000000000001,0.04947916666666664,6.000000000000003,0.07812499999999997,19,30,29
50,D,all_agents,,,40,30,10,0,23,7,0.35254309275128726,0.23316575635389986,0.916726973905478,0.054877386317714924,282,30,0.75,0,0.0,0.0,31.35,1833,,,,,,,,,,,,,,,,,,,,,,,,,,,
50,D,participants_only,,,30,30,0,0,23,7,0.39874640268852773,0.2577561992232199,0.916726973905478,0.06256324517766872,282,30,1.0,0,0.0,0.0,25.133333333333333,1833,,,,,,,,,,,,,,,,,,,,,,,,,,,
50,D,nonparticipants_only,,,10,0,10,0,0,0,0.2139331629395659,0.19294570038698067,0.48466690799045536,0.006202859547973127,0,0,0.0,0,0.0,0.0,50.0,0,,,,,,,,,,,,,,,,,,,,,,,,,,,
50,D,step_totals,,,,,,,,,,,,,,,,,,,,,73.60000000000008,,,15.0,0.20380434782608672,47.0,0.6385869565217385,0.0,0.0,0.008418900042107063,0.10638297872340426,0.0,0,5,50,13,,30,47,32,5.600000000000002,0.07608695652173908,6.000000000000003,0.08152173913043473,28,30,38
50,D,reachability,0.125,0.0,,,,,,,,,,,,,,,,,,,,,,,,,,,,,,,,,,,,,,,,,,,,,
51,D,all_agents,,,40,30,10,0,23,7,0.3544494259771321,0.23432673230846054,0.9200578949492588,0.05587915501213891,290,30,0.75,0,0.0,0.0,31.125,1878,,,,,,,,,,,,,,,,,,,,,,,,,,,
51,D,participants_only,,,30,30,0,0,23,7,0.4011389638666149,0.2570270755296882,0.9200578949492588,0.06377030940467615,290,30,1.0,0,0.0,0.0,24.833333333333332,1878,,,,,,,,,,,,,,,,,,,,,,,,,,,
51,D,nonparticipants_only,,,10,0,10,0,0,0,0.21438081230868367,0.1954862075620014,0.48224357345050306,0.006046736454525774,0,0,0.0,0,0.0,0.0,50.0,0,,,,,,,,,,,,,,,,,,,,,,,,,,,
51,D,step_totals,,,,,,,,,,,,,,,,,,,,,77.00000000000007,,,11.0,0.14285714285714274,56.0,0.7272727272727266,0.0,0.0,0.008613851129617963,0.14285714285714285,0.0,0,8,14,20,,22,56,26,4.000000000000001,0.05194805194805191,6.000000000000003,0.07792207792207788,20,30,27
52,D,all_agents,,,40,30,10,0,23,7,0.3561367296952671,0.23500702051922562,0.9232555791512884,0.056575521145996156,296,30,0.75,0,0.0,0.0,31.35,1919,,,,,,,,,,,,,,,,,,,,,,,,,,,
52,D,participants_only,,,30,30,0,0,23,7,0.4032404995248218,0.2582388718519202,0.9232555791512884,0.064594354254804,296,30,1.0,0,0.0,0.0,25.133333333333333,1919,,,,,,,,,,,,,,,,,,,,,,,,,,,
52,D,nonparticipants_only,,,10,0,10,0,0,0,0.21482542020660308,0.19694014480122884,0.47983235558325055,0.005893840233704644,0,0,0.0,0,0.0,0.0,50.0,0,,,,,,,,,,,,,,,,,,,,,,,,,,,
52,D,step_totals,,,,,,,,,,,,,,,,,,,,,73.60000000000008,,,15.0,0.20380434782608672,47.0,0.6385869565217385,0.0,0.0,0.008514527112041053,0.1276595744680851,0.0,0,6,50,13,,30,47,32,5.600000000000002,0.07608695652173908,6.000000000000003,0.08152173913043473,28,30,38
53,D,all_agents,,,40,30,10,0,22,8,0.35810644959425725,0.23389646367080294,0.9263253559852369,0.05757784858781379,301,30,0.75,0,0.0,0.0,31.125,1966,,,,,,,,,,,,,,,,,,,,,,,,,,,
53,D,participants_only,,,30,30,0,0,22,8,0.40571964834410473,0.2588046392312824,0.9263253559852369,0.06578752403739908,301,30,1.0,0,0.0,0.0,24.833333333333332,1966,,,,,,,,,,,,,,,,,,,,,,,,,,,
53,D,nonparticipants_only,,,10,0,10,0,0,0,0.21526685334471482,0.1988496691075703,0.4774331938053343,0.005744621896748207,0,0,0.0,0,0.0,0.0,50.0,0,,,,,,,,,,,,,,,,,,,,,,,,,,,
53,D,step_totals,,,,,,,,,,,,,,,,,,,,,76.50000000000007,,,10.5,0.1372549019607842,56.0,0.732026143790849,0.0,0.0,0.008899743128206279,0.08928571428571429,0.0,0,5,14,21,,21,56,26,4.000000000000001,0.052287581699346365,6.000000000000003,0.07843137254901957,20,30,26
54,D,all_agents,,,40,30,10,0,22,8,0.35954024596969825,0.23508698910467574,0.9292723417458274,0.05820981143548543,306,30,0.75,0,0.0,0.0,31.35,2005,,,,,,,,,,,,,,,,,,,,,,,,,,,
54,D,participants_only,,,30,30,0,0,22,8,0.4074853256470128,0.258474445027962,0.9292723417458274,0.06655166296281514,306,30,1.0,0,0.0,0.0,25.133333333333333,2005,,,,,,,,,,,,,,,,,,,,,,,,,,,
54,D,nonparticipants_only,,,10,0,10,0,0,0,0.21570500693775468,0.20118936228708895,0.4750460278363076,0.005599488870327859,0,0,0.0,0,0.0,0.0,50.0,0,,,,,,,,,,,,,,,,,,,,,,,,,,,
54,D,step_totals,,,,,,,,,,,,,,,,,,,,,73.10000000000008,,,14.5,0.19835841313269473,47.0,0.6429548563611485,0.0,0.0,0.007778447496194743,0.10638297872340426,0.0,0,5,50,13,,29,47,31,5.600000000000002,0.07660738714090282,6.000000000000003,0.08207934336525302,28,30,37
55,D,all_agents,,,40,30,10,0,22,8,0.3615115348997392,0.23455624465904817,0.9321014480759943,0.05915035302643148,315,30,0.75,0,0.0,0.0,31.125,2053,,,,,,,,,,,,,,,,,,,,,,,,,,,
55,D,participants_only,,,30,30,0,0,22,8,0.4099687250253934,0.25718207280282224,0.9321014480759943,0.06765535638631572,315,30,1.0,0,0.0,0.0,24.833333333333332,2053,,,,,,,,,,,,,,,,,,,,,,,,,,,
55,D,nonparticipants_only,,,10,0,10,0,0,0,0.21613996452277687,0.20159879848023718,0.47267079769712605,0.005458151648293265,0,0,0.0,0,0.0,0.0,50.0,0,,,,,,,,,,,,,,,,,,,,,,,,,,,
55,D,step_totals,,,,,,,,,,,,,,,,,,,,,76.50000000000007,,,10.5,0.1372549019607842,56.0,0.732026143790849,0.0,0.0,0.008916277963964155,0.16071428571428573,0.0,0,9,14,21,,21,56,26,4.000000000000001,0.052287581699346365,6.000000000000003,0.07843137254901957,20,30,26
56,D,all_agents,,,40,30,10,0,22,8,0.36285905634267834,0.23722934986179842,0.9348173901529545,0.05972233190174764,319,30,0.75,0,0.0,0.0,31.35,2091,,,,,,,,,,,,,,,,,,,,,,,,,,,
56,D,participants_only,,,30,30,0,0,22,8,0.4116214060786975,0.2583346789117634,0.9348173901529545,0.06834549691499159,319,30,1.0,0,0.0,0.0,25.133333333333333,2091,,,,,,,,,,,,,,,,,,,,,,,,,,,
56,D,nonparticipants_only,,,10,0,10,0,0,0,0.21657200713462074,0.20193628001232689,0.4703074437086404,0.005319635840681566,0,0,0.0,0,0.0,0.0,50.0,0,,,,,,,,,,,,,,,,,,,,,,,,,,,
56,D,step_totals,,,,,,,,,,,,,,,,,,,,,73.10000000000008,,,14.5,0.19835841313269473,47.0,0.6429548563611485,0.0,0.0,0.00751913705232779,0.0851063829787234,0.0,0,4,50,13,,29,47,31,5.600000000000002,0.07660738714090282,6.000000000000003,0.08207934336525302,28,30,37
57,D,all_agents,,,40,30,10,0,21,9,0.364960113779942,0.23672579692890794,0.9374246945468363,0.06069315485093728,329,30,0.75,0,0.0,0.0,31.125,2143,,,,,,,,,,,,,,,,,,,,,,,,,,,
57,D,participants_only,,,30,30,0,0,21,9,0.41427963259661826,0.258419674262677,0.9374246945468363,0.0694670527300991,329,30,1.0,0,0.0,0.0,24.833333333333332,2143,,,,,,,,,,,,,,,,,,,,,,,,,,,
57,D,nonparticipants_only,,,10,0,10,0,0,0,0.21700155732991327,0.2034596200524861,0.4679559064900972,0.005182481977750033,0,0,0.0,0,0.0,0.0,50.0,0,,,,,,,,,,,,,,,,,,,,,,,,,,,
57,D,step_totals,,,,,,,,,,,,,,,,,,,,,76.50000000000006,,,10.5,0.13725490196078421,56.0,0.7320261437908492,0.0,0.0,0.00933607105654087,0.17857142857142858,0.0,0,10,14,21,,21,56,27,4.000000000000001,0.05228758169934638,6.000000000000003,0.07843137254901958,20,30,26
58,D,all_agents,,,40,30,10,0,21,9,0.3662300273285183,0.23686121704424207,0.9399277067649628,0.061247713062047085,335,30,0.75,0,0.0,0.0,31.35,2181,,,,,,,,,,,,,,,,,,,,,,,,,,,
58,D,participants_only,,,30,30,0,0,21,9,0.4158306645018768,0.2591537975164152,0.9399277067649628,0.07013989205167563,335,30,1.0,0,0.0,0.0,25.133333333333333,2181,,,,,,,,,,,,,,,,,,,,,,,,,,,
58,D,nonparticipants_only,,,10,0,10,0,0,0,0.2174281158084428,0.20479109494441716,0.4656161269576467,0.005048497597123602,0,0,0.0,0,0.0,0.0,50.0,0,,,,,,,,,,,,,,,,,,,,,,,,,,,
58,D,step_totals,,,,,,,,,,,,,,,,,,,,,73.10000000000008,,,14.5,0.19835841313269473,47.0,0.6429548563611485,0.0,0.0,0.0072909333526226345,0.1276595744680851,0.0,0,6,49,13,,29,47,31,5.600000000000002,0.07660738714090282,6.000000000000003,0.08207934336525302,28,30,37
59,D,all_agents,,,40,30,10,0,21,9,0.3681534699061226,0.2362373245088352,0.9423305984943643,0.062214330765248696,341,30,0.75,0,0.0,0.0,31.125,2232,,,,,,,,,,,,,,,,,,,,,,,,,,,
59,D,participants_only,,,30,30,0,0,21,9,0.4182540414657629,0.25965152793913815,0.9423305984943643,0.07127301464452851,341,30,1.0,0,0.0,0.0,24.833333333333332,2232,,,,,,,,,,,,,,,,,,,,,,,,,,,
59,D,nonparticipants_only,,,10,0,10,0,0,0,0.2178517552272016,0.20647951147593913,0.46328804632285847,0.004917471880177558,0,0,0.0,0,0.0,0.0,50.0,0,,,,,,,,,,,,,,,,,,,,,,,,,,,
59,D,step_totals,,,,,,,,,,,,,,,,,,,,,75.80000000000008,,,10.0,0.13192612137203152,56.0,0.7387862796833765,0.0,0.0,0.00888405875943915,0.10714285714285714,0.0,0,6,14,22,,20,56,26,3.800000000000001,0.05013192612137199,6.000000000000003,0.07915567282321895,19,30,25
60,D,all_agents,,,40,30,10,0,21,9,0.3694928093939163,0.2370403744345102,0.9446373745545897,0.06276274401382961,348,30,0.75,0,0.0,0.0,31.35,2273,,,,,,,,,,,,,,,,,,,,,,,,,,,
60,D,participants_only,,,30,30,0,0,21,9,0.419899768915764,0.26068583013955987,0.9446373745545897,0.07192309511481254,348,30,1.0,0,0.0,0.0,25.133333333333333,2273,,,,,,,,,,,,,,,,,,,,,,,,,,,
60,D,nonparticipants_only,,,10,0,10,0,0,0,0.21827193082837318,0.20655822095072562,0.46097160609124416,0.0047913518920345115,0,0,0.0,0,0.0,0.0,50.0,0,,,,,,,,,,,,,,,,,,,,,,,,,,,
60,D,step_totals,,,,,,,,,,,,,,,,,,,,,73.10000000000008,,,14.5,0.19835841313269473,47.0,0.6429548563611485,0.0,0.0,0.0075419988181059236,0.14893617021276595,0.0,0,7,50,13,,29,47,31,5.600000000000002,0.07660738714090282,6.000000000000003,0.08207934336525302,28,30,37
60,D,reachability,0.125,0.0,,,,,,,,,,,,,,,,,,,,,,,,,,,,,,,,,,,,,,,,,,,,,
61,D,all_agents,,,40,30,10,0,21,9,0.3714751772073041,0.23597625217598853,0.9468518795724061,0.06376385672609029,353,30,0.75,0,0.0,0.0,31.125,2327,,,,,,,,,,,,,,,,,,,,,,,,,,,
61,D,participants_only,,,30,30,0,0,21,9,0.4224036938635503,0.2619422260386287,0.9468518795724061,0.0730880799441786,353,30,1.0,0,0.0,0.0,24.833333333333332,2327,,,,,,,,,,,,,,,,,,,,,,,,,,,
61,D,nonparticipants_only,,,10,0,10,0,0,0,0.21868962723856553,0.20686343867875945,0.45866674806078794,0.004666621366158832,0,0,0.0,0,0.0,0.0,50.0,0,,,,,,,,,,,,,,,,,,,,,,,,,,,
61,D,step_totals,,,,,,,,,,,,,,,,,,,,,75.30000000000008,,,9.5,0.12616201859229734,56.0,0.7436918990703844,0.0,0.0,0.009156418502207435,0.08928571428571429,0.0,0,5,13,22,,19,56,24,3.800000000000001,0.05046480743691895,6.000000000000003,0.07968127490039835,19,30,24
62,D,all_agents,,,40,30,10,0,21,9,0.3728078345003962,0.23894479888319062,0.9489778043895098,0.06429266171942791,359,30,0.75,0,0.0,0.0,31.35,2369,,,,,,,,,,,,,,,,,,,,,,,,,,,
62,D,participants_only,,,30,30,0,0,21,9,0.4240422136791798,0.2636846539142207,0.9489778043895098,0.07370907319776693,359,30,1.0,0,0.0,0.0,25.133333333333333,2369,,,,,,,,,,,,,,,,,,,,,,,,,,,
62,D,nonparticipants_only,,,10,0,10,0,0,0,0.21910469696404522,0.20818634231366834,0.456373414320484,0.0045438879663862565,0,0,0.0,0,0.0,0.0,50.0,0,,,,,,,,,,,,,,,,,,,,,,,,,,,
62,D,step_totals,,,,,,,,,,,,,,,,,,,,,73.1000000000001,,,14.5,0.19835841313269467,47.0,0.6429548563611482,0.0,0.0,0.007546740063296304,0.1276595744680851,0.0,0,6,49,13,,29,47,31,5.600000000000002,0.0766073871409028,6.000000000000003,0.08207934336525301,28,30,37
63,D,all_agents,,,40,30,10,0,21,9,0.37433919065705834,0.23775007488877464,0.9510186922139294,0.0652330545653188,370,30,0.75,0,0.0,0.0,31.125,2418,,,,,,,,,,,,,,,,,,,,,,,,,,,
63,D,participants_only,,,30,30,0,0,21,9,0.4259466659390435,0.2646801700172912,0.9510186922139294,0.0748492467305632,370,30,1.0,0,0.0,0.0,24.833333333333332,2418,,,,,,,,,,,,,,,,,,,,,,,,,,,
63,D,nonparticipants_only,,,10,0,10,0,0,0,0.21951676481110297,0.207473199413568,0.45409154724888157,0.004424500009817156,0,0,0.0,0,0.0,0.0,50.0,0,,,,,,,,,,,,,,,,,,,,,,,,,,,
63,D,step_totals,,,,,,,,,,,,,,,,,,,,,75.30000000000008,,,9.5,0.12616201859229734,56.0,0.7436918990703844,0.0,0.0,0.007731415973172225,0.19642857142857142,0.0,0,11,13,22,,19,56,24,3.800000000000001,0.05046480743691895,6.000000000000003,0.07968127490039835,19,30,23
64,D,all_agents,,,40,30,10,0,21,9,0.3753542615913415,0.23819685185486034,0.9529779445253722,0.06569477144901775,379,30,0.75,0,0.0,0.0,31.35,2456,,,,,,,,,,,,,,,,,,,,,,,,,,,
64,D,participants_only,,,30,30,0,0,21,9,0.4271636309217941,0.2647839625775358,0.9529779445253722,0.07542039169471355,379,30,1.0,0,0.0,0.0,25.133333333333333,2456,,,,,,,,,,,,,,,,,,,,,,,,,,,
64,D,nonparticipants_only,,,10,0,10,0,0,0,0.21992615359998374,0.20770498202321688,0.45182108951263716,0.00430738170689946,0,0,0.0,0,0.0,0.0,50.0,0,,,,,,,,,,,,,,,,,,,,,,,,,,,
64,D,step_totals,,,,,,,,,,,,,,,,,,,,,72.6000000000001,,,14.0,0.19283746556473805,47.0,0.647382920110192,0.0,0.0,0.006582417578629932,0.19148936170212766,0.0,0,9,49,13,,28,47,31,5.600000000000002,0.07713498622589525,6.000000000000003,0.08264462809917349,28,30,37
65,D,all_agents,,,40,30,10,0,21,9,0.37681371767453226,0.23738544625695984,0.9548588267443573,0.06659247821112067,388,30,0.75,0,0.0,0.0,31.125,2505,,,,,,,,,,,,,,,,,,,,,,,,,,,
65,D,participants_only,,,30,30,0,0,21,9,0.4289740554442189,0.26351806653134935,0.9548588267443573,0.07650947451685924,388,30,1.0,0,0.0,0.0,24.833333333333332,2505,,,,,,,,,,,,,,,,,,,,,,,,,,,
65,D,nonparticipants_only,,,10,0,10,0,0,0,0.22033270436547214,0.20703023798821912,0.44956198406507397,0.004193079258931304,0,0,0.0,0,0.0,0.0,50.0,0,,,,,,,,,,,,,,,,,,,,,,,,,,,
65,D,step_totals,,,,,,,,,,,,,,,,,,,,,74.80000000000007,,,9.0,0.12032085561497315,56.0,0.7486631016042774,0.0,0.0,0.007577152699503094,0.16071428571428573,0.0,0,9,13,23,,18,56,24,3.800000000000001,0.05080213903743312,6.000000000000003,0.08021390374331547,19,30,22
66,D,all_agents,,,40,30,10,0,21,9,0.37790778707529943,0.23791230929759583,0.956664473674583,0.06701882746605914,398,30,0.75,0,0.0,0.0,31.35,2544,,,,,,,,,,,,,,,,,,,,,,,,,,,
66,D,participants_only,,,30,30,0,0,21,9,0.4302982189830224,0.2622004761986926,0.956664473674583,0.07701896466843627,398,30,1.0,0,0.0,0.0,25.133333333333333,2544,,,,,,,,,,,,,,,,,,,,,,,,,,,
66,D,nonparticipants_only,,,10,0,10,0,0,0,0.22073649135213044,0.20699655002875947,0.4473141741447486,0.004081327593194628,0,0,0.0,0,0.0,0.0,50.0,0,,,,,,,,,,,,,,,,,,,,,,,,,,,
66,D,step_totals,,,,,,,,,,,,,,,,,,,,,72.10000000000008,,,13.5,0.18723994452149773,47.0,0.6518723994452142,0.0,0.0,0.006921915564202941,0.2127659574468085,0.0,0,10,49,13,,27,47,31,5.600000000000002,0.07766990291262131,6.000000000000003,0.08321775312066569,28,30,37
67,D,all_agents,,,40,30,10,0,21,9,0.37929738525350853,0.23672274775110785,0.9583978947275996,0.06791299731115906,404,30,0.75,0,0.0,0.0,31.125,2593,,,,,,,,,,,,,,,,,,,,,,,,,,,
67,D,participants_only,,,30,30,0,0,21,9,0.43201723187915736,0.2608894738176991,0.9583978947275996,0.078109457018936,404,30,1.0,0,0.0,0.0,24.833333333333332,2593,,,,,,,,,,,,,,,,,,,,,,,,,,,
67,D,nonparticipants_only,,,10,0,10,0,0,0,0.22113784537656203,0.20685356670371774,0.44507760327402485,0.003971031449045003,0,0,0.0,0,0.0,0.0,50.0,0,,,,,,,,,,,,,,,,,,,,,,,,,,,
67,D,step_totals,,,,,,,,,,,,,,,,,,,,,73.60000000000007,,,8.0,0.10869565217391294,56.0,0.7608695652173906,0.0,0.0,0.007516555628941558,0.10714285714285714,0.0,0,6,12,25,,16,56,24,3.600000000000001,0.04891304347826084,6.000000000000003,0.08152173913043474,18,30,22
68,D,all_agents,,,40,30,10,0,21,9,0.3803390925693807,0.2375111443138298,0.9600619789384957,0.06833175846135488,411,30,0.75,0,0.0,0.0,31.35,2634,,,,,,,,,,,,,,,,,,,,,,,,,,,
68,D,participants_only,,,30,30,0,0,21,9,0.4332734415464449,0.25958502644861065,0.9600619789384957,0.07861256674612575,411,30,1.0,0,0.0,0.0,25.133333333333333,2634,,,,,,,,,,,,,,,,,,,,,,,,,,,
68,D,nonparticipants_only,,,10,0,10,0,0,0,0.22153604563818818,0.20705582693033014,0.4428522152576547,0.0038647899875348746,0,0,0.0,0,0.0,0.0,50.0,0,,,,,,,,,,,,,,,,,,,,,,,,,,,
68,D,step_totals,,,,,,,,,,,,,,,,,,,,,72.10000000000008,,,13.5,0.18723994452149773,47.0,0.6518723994452142,0.0,0.0,0.006765141084810758,0.14893617021276595,0.0,0,7,49,13,,27,47,31,5.600000000000002,0.07766990291262131,6.000000000000003,0.08321775312066569,28,30,37
69,D,all_agents,,,40,30,10,0,21,9,0.381772487224282,0.23632358859226066,0.9616594997809558,0.0692726125292206,417,30,0.75,0,0.0,0.0,31.125,2687,,,,,,,,,,,,,,,,,,,,,,,,,,,
69,D,participants_only,,,30,30,0,0,21,9,0.4350527129787982,0.25828710131636756,0.9616594997809558,0.07975499366268804,417,30,1.0,0,0.0,0.0,24.833333333333332,2687,,,,,,,,,,,,,,,,,,,,,,,,,,,
69,D,nonparticipants_only,,,10,0,10,0,0,0,0.22193180996073328,0.20664729456001601,0.4406379541813665,0.0037600796513916584,0,0,0.0,0,0.0,0.0,50.0,0,,,,,,,,,,,,,,,,,,,,,,,,,,,
69,D,step_totals,,,,,,,,,,,,,,,,,,,,,73.10000000000005,,,7.5,0.10259917920656628,56.0,0.7660738714090282,0.0,0.0,0.00773313470701811,0.10714285714285714,0.0,0,6,12,25,,15,56,23,3.600000000000001,0.049247606019151825,6.000000000000003,0.08207934336525306,18,30,21
70,D,all_agents,,,40,30,10,0,21,9,0.3827771347611739,0.23879167044602134,0.9631931197897176,0.06966729430420102,423,30,0.75,0,0.0,0.0,31.35,2728,,,,,,,,,,,,,,,,,,,,,,,,,,,
70,D,participants_only,,,30,30,0,0,21,9,0.43626124945238404,0.25754095092373885,0.9631931197897176,0.08022814204922651,423,30,1.0,0,0.0,0.0,25.133333333333333,2728,,,,,,,,,,,,,,,,,,,,,,,,,,,
70,D,nonparticipants_only,,,10,0,10,0,0,0,0.22232479068754368,0.2059614520983542,0.43843476441045964,0.0036581447774943327,0,0,0.0,0,0.0,0.0,50.0,0,,,,,,,,,,,,,,,,,,,,,,,,,,,
70,D,step_totals,,,,,,,,,,,,,,,,,,,,,72.10000000000007,,,13.5,0.18723994452149775,47.0,0.6518723994452144,0.0,0.0,0.006659546065004198,0.1276595744680851,0.0,0,6,48,13,,27,47,30,5.600000000000002,0.07766990291262132,6.000000000000003,0.0832177531206657,28,30,37
70,D,reachability,0.125,0.0,,,,,,,,,,,,,,,,,,,,,,,,,,,,,,,,,,,,,,,,,,,,,
71,D,all_agents,,,40,30,10,0,21,9,0.3839850148370457,0.23759771209379124,0.9646653949981289,0.07056026368633803,432,30,0.75,0,0.0,0.0,31.125,2778,,,,,,,,,,,,,,,,,,,,,,,,,,,
71,D,participants_only,,,30,30,0,0,21,9,0.43774152182846593,0.25625324616912015,0.9646653949981289,0.08133557144121122,432,30,1.0,0,0.0,0.0,24.833333333333332,2778,,,,,,,,,,,,,,,,,,,,,,,,,,,
71,D,nonparticipants_only,,,10,0,10,0,0,0,0.22271549386278527,0.20566508608742395,0.43624259058840736,0.0035571958946952037,0,0,0.0,0,0.0,0.0,50.0,0,,,,,,,,,,,,,,,,,,,,,,,,,,,
71,D,step_totals,,,,,,,,,,,,,,,,,,,,,73.10000000000007,,,7.5,0.10259917920656625,56.0,0.766073871409028,0.0,0.0,0.007000828433626426,0.16071428571428573,0.0,0,9,12,25,,15,56,23,3.600000000000001,0.04924760601915182,6.000000000000003,0.08207934336525304,18,30,21
72,D,all_agents,,,40,30,10,0,20,10,0.38492970218598954,0.23785592506363956,0.9660787791982037,0.07096977860046472,438,30,0.75,0,0.0,0.0,31.35,2820,,,,,,,,,,,,,,,,,,,,,,,,,,,
72,D,participants_only,,,30,30,0,0,20,10,0.4388718200096542,0.2557439367011965,0.9660787791982037,0.081834249754443,438,30,1.0,0,0.0,0.0,25.133333333333333,2820,,,,,,,,,,,,,,,,,,,,,,,,,,,
72,D,nonparticipants_only,,,10,0,10,0,0,0,0.22310334871499565,0.20548043790023446,0.4340613776354653,0.0034593402349044596,0,0,0.0,0,0.0,0.0,50.0,0,,,,,,,,,,,,,,,,,,,,,,,,,,,
72,D,step_totals,,,,,,,,,,,,,,,,,,,,,71.60000000000008,,,13.0,0.18156424581005567,47.0,0.6564245810055859,0.0,0.0,0.006536739597205069,0.1276595744680851,0.0,0,6,46,14,,26,47,30,5.600000000000002,0.07821229050279324,6.000000000000003,0.08379888268156419,28,30,36
73,D,all_agents,,,40,30,10,0,20,10,0.38588339837093766,0.23666664543832133,0.9674356280302756,0.07176191340481274,448,30,0.75,0,0.0,0.0,31.125,2867,,,,,,,,,,,,,,,,,,,,,,,,,,,
73,D,participants_only,,,30,30,0,0,20,10,0.4400150797498163,0.25446521701769054,0.9674356280302756,0.08284006708802773,448,30,1.0,0,0.0,0.0,24.833333333333332,2867,,,,,,,,,,,,,,,,,,,,,,,,,,,
73,D,nonparticipants_only,,,10,0,10,0,0,0,0.22348835423430163,0.2064310989918477,0.431891070747288,0.003364585208314501,0,0,0.0,0,0.0,0.0,50.0,0,,,,,,,,,,,,,,,,,,,,,,,,,,,
73,D,step_totals,,,,,,,,,,,,,,,,,,,,,72.40000000000006,,,7.0,0.0966850828729281,56.0,0.7734806629834248,0.0,0.0,0.006252680093329515,0.17857142857142858,0.0,0,10,11,26,,14,56,23,3.400000000000001,0.0469613259668508,6.000000000000003,0.08287292817679555,17,30,21
74,D,all_agents,,,40,30,10,0,20,10,0.38685973849652344,0.23721455679175213,0.9677612717499728,0.07213933505870693,456,30,0.75,0,0.0,0.0,31.35,2909,,,,,,,,,,,,,,,,,,,,,,,,,,,
74,D,participants_only,,,30,30,0,0,20,10,0.4411893499932164,0.25387637361359605,0.9677612717499728,0.08328842564861882,456,30,1.0,0,0.0,0.0,25.133333333333333,2909,,,,,,,,,,,,,,,,,,,,,,,,,,,
74,D,nonparticipants_only,,,10,0,10,0,0,0,0.22387090400644435,0.207529350372527,0.42973161539355154,0.003271583064392027,0,0,0.0,0,0.0,0.0,50.0,0,,,,,,,,,,,,,,,,,,,,,,,,,,,
74,D,step_totals,,,,,,,,,,,,,,,,,,,,,71.60000000000007,,,13.0,0.1815642458100557,47.0,0.656424581005586,0.0,0.0,0.006653698369374857,0.1702127659574468,0.0,0,8,46,14,,26,47,30,5.600000000000002,0.07821229050279326,6.000000000000003,0.08379888268156421,28,30,36
75,D,all_agents,,,40,30,10,0,20,10,0.3879802388661091,0.23602848400779336,0.969050820879974,0.07300786914248542,469,30,0.75,0,0.0,0.0,31.125,2959,,,,,,,,,,,,,,,,,,,,,,,,,,,
75,D,participants_only,,,30,30,0,0,20,10,0.4425567143248966,0.25260699174552814,0.969050820879974,0.08436912737727617,469,30,1.0,0,0.0,0.0,24.833333333333332,2959,,,,,,,,,,,,,,,,,,,,,,,,,,,
75,D,nonparticipants_only,,,10,0,10,0,0,0,0.22425081248974685,0.2074837933669752,0.4275829573165838,0.003180994356069616,0,0,0.0,0,0.0,0.0,50.0,0,,,,,,,,,,,,,,,,,,,,,,,,,,,
75,D,step_totals,,,,,,,,,,,,,,,,,,,,,72.20000000000007,,,7.0,0.09695290858725752,56.0,0.7756232686980602,0.0,0.0,0.006832898613240715,0.23214285714285715,0.0,0,13,10,26,,14,56,22,3.2000000000000006,0.04432132963988916,6.000000000000003,0.0831024930747922,16,30,21
76,D,all_agents,,,40,30,10,0,20,10,0.38882623791318965,0.23641920961966895,0.970288788044775,0.07333780667887299,475,30,0.75,0,0.0,0.0,31.35,3000,,,,,,,,,,,,,,,,,,,,,,,,,,,
76,D,participants_only,,,30,30,0,0,20,10,0.4435588692142462,0.2545059460829361,0.970288788044775,0.08477045986816499,475,30,1.0,0,0.0,0.0,25.133333333333333,3000,,,,,,,,,,,,,,,,,,,,,,,,,,,
76,D,nonparticipants_only,,,10,0,10,0,0,0,0.22462834401002,0.2075433502743334,0.42544504253000087,0.003091915961348255,0,0,0.0,0,0.0,0.0,50.0,0,,,,,,,,,,,,,,,,,,,,,,,,,,,
76,D,step_totals,,,,,,,,,,,,,,,,,,,,,71.10000000000008,,,12.5,0.17580872011251739,47.0,0.6610407876230654,0.0,0.0,0.006294036229120958,0.1276595744680851,0.0,0,6,46,15,,25,47,30,5.600000000000002,0.07876230661040783,6.000000000000003,0.08438818565400838,28,30,35
77,D,all_agents,,,40,30,10,0,20,10,0.39000221036074006,0.23523711357157062,0.971477236522984,0.0742399370461434,489,30,0.75,0,0.0,0.0,31.125,3054,,,,,,,,,,,,,,,,,,,,,,,,,,,
77,D,participants_only,,,30,30,0,0,20,10,0.4450017476099298,0.2532334163525214,0.971477236522984,0.08588543722975751,489,30,1.0,0,0.0,0.0,24.833333333333332,3054,,,,,,,,,,,,,,,,,,,,,,,,,,,
77,D,nonparticipants_only,,,10,0,10,0,0,0,0.225003598613171,0.20808230384081478,0.42331781731735085,0.0030040473238010412,0,0,0.0,0,0.0,0.0,50.0,0,,,,,,,,,,,,,,,,,,,,,,,,,,,
77,D,step_totals,,,,,,,,,,,,,,,,,,,,,72.20000000000006,,,7.0,0.09695290858725754,56.0,0.7756232686980603,0.0,0.0,0.007024555433820089,0.25,0.0,0,14,10,26,,14,56,21,3.2000000000000006,0.04432132963988917,6.000000000000003,0.08310249307479221,16,30,20
78,D,all_agents,,,40,30,10,0,20,10,0.39073715392595365,0.23742291400162635,0.9726181470620646,0.0745577071090483,492,30,0.75,0,0.0,0.0,31.35,3095,,,,,,,,,,,,,,,,,,,,,,,,,,,
78,D,participants_only,,,30,30,0,0,20,10,0.4458575869959646,0.25376432955587824,0.9726181470620646,0.08628391456003323,492,30,1.0,0,0.0,0.0,25.133333333333333,3095,,,,,,,,,,,,,,,,,,,,,,,,,,,
78,D,nonparticipants_only,,,10,0,10,0,0,0,0.22537585471592084,0.2098257443091472,0.4212012282307641,0.0029199390541868233,0,0,0.0,0,0.0,0.0,50.0,0,,,,,,,,,,,,,,,,,,,,,,,,,,,
78,D,step_totals,,,,,,,,,,,,,,,,,,,,,70.60000000000007,,,12.0,0.16997167138810182,47.0,0.6657223796033989,0.0,0.0,0.005992821815134969,0.06382978723404255,0.0,0,3,46,16,,24,47,30,5.600000000000002,0.07932011331444755,6.000000000000003,0.08498583569405095,28,30,35
79,D,all_agents,,,40,30,10,0,20,10,0.39170119087867217,0.23694098492660487,0.973713421179582,0.0753795280804061,499,30,0.75,0,0.0,0.0,31.125,3145,,,,,,,,,,,,,,,,,,,,,,,,,,,
79,D,participants_only,,,30,30,0,0,20,10,0.44701962136313195,0.2524955079080988,0.973713421179582,0.08731990250304976,499,30,1.0,0,0.0,0.0,24.833333333333332,3145,,,,,,,,,,,,,,,,,,,,,,,,,,,
79,D,nonparticipants_only,,,10,0,10,0,0,0,0.22574589942529302,0.21135069124133637,0.4190952220896103,0.0028368597973070678,0,0,0.0,0,0.0,0.0,50.0,0,,,,,,,,,,,,,,,,,,,,,,,,,,,
79,D,step_totals,,,,,,,,,,,,,,,,,,,,,72.20000000000006,,,7.0,0.09695290858725754,56.0,0.7756232686980603,0.0,0.0,0.006325207371051311,0.125,0.0,0,7,10,26,,14,56,21,3.2000000000000006,0.04432132963988917,6.000000000000003,0.08310249307479221,16,30,20
80,D,all_agents,,,40,30,10,0,20,10,0.3923384649154219,0.23678437043788853,0.9747648843323987,0.07568863934095076,503,30,0.75,0,0.0,0.0,31.35,3185,,,,,,,,,,,,,,,,,,,,,,,,,,,
80,D,participants_only,,,30,30,0,0,20,10,0.44774686087706933,0.25271244493401007,0.9747648843323987,0.08771900846563484,503,30,1.0,0,0.0,0.0,25.133333333333333,3185,,,,,,,,,,,,,,,,,,,,,,,,,,,
80,D,nonparticipants_only,,,10,0,10,0,0,0,0.2261132770304797,0.2113064850918572,0.41699974597916223,0.0027564478503860667,0,0,0.0,0,0.0,0.0,50.0,0,,,,,,,,,,,,,,,,,,,,,,,,,,,
80,D,step_totals,,,,,,,,,,,,,,,,,,,,,70.60000000000008,,,12.0,0.1699716713881018,47.0,0.6657223796033986,0.0,0.0,0.005671853208290928,0.0851063829787234,0.0,0,4,46,16,,24,47,30,5.600000000000002,0.07932011331444754,6.000000000000003,0.08498583569405094,28,30,34
80,D,reachability,0.15,0.0,,,,,,,,,,,,,,,,,,,,,,,,,,,,,,,,,,,,,,,,,,,,,
81,D,all_agents,,,40,30,10,0,20,10,0.3932174106720474,0.2363633357840788,0.9757742889591028,0.07646748872714515,512,30,0.75,0,0.0,0.0,31.125,3235,,,,,,,,,,,,,,,,,,,,,,,,,,,
81,D,participants_only,,,30,30,0,0,20,10,0.44879707023295956,0.25144888270934,0.9757742889591028,0.08870787673973504,512,30,1.0,0,0.0,0.0,24.833333333333332,3235,,,,,,,,,,,,,,,,,,,,,,,,,,,
81,D,nonparticipants_only,,,10,0,10,0,0,0,0.22647843198931092,0.21136427601813307,0.4149147472492664,0.0026771420064927837,0,0,0.0,0,0.0,0.0,50.0,0,,,,,,,,,,,,,,,,,,,,,,,,,,,
81,D,step_totals,,,,,,,,,,,,,,,,,,,,,72.20000000000006,,,7.0,0.09695290858725754,56.0,0.7756232686980603,0.0,0.0,0.006046348610232962,0.16071428571428573,0.0,0,9,10,26,,14,56,21,3.2000000000000006,0.04432132963988917,6.000000000000003,0.08310249307479221,16,30,20
82,D,all_agents,,,40,30,10,0,20,10,0.3937884559142937,0.23634426734611252,0.9767433174007387,0.0767673116044586,520,30,0.75,0,0.0,0.0,31.35,3276,,,,,,,,,,,,,,,,,,,,,,,,,,,
82,D,participants_only,,,30,30,0,0,20,10,0.4494375051180306,0.2520940114254634,0.9767433174007387,0.0891027450669077,520,30,1.0,0,0.0,0.0,25.133333333333333,3276,,,,,,,,,,,,,,,,,,,,,,,,,,,
82,D,nonparticipants_only,,,10,0,10,0,0,0,0.22684130830308297,0.21188724853648938,0.4128401735130201,0.0025992110897521334,0,0,0.0,0,0.0,0.0,50.0,0,,,,,,,,,,,,,,,,,,,,,,,,,,,
82,D,step_totals,,,,,,,,,,,,,,,,,,,,,70.10000000000007,,,11.5,0.16405135520684722,47.0,0.6704707560627668,0.0,0.0,0.00551277884009329,0.1702127659574468,0.0,0,8,46,17,,23,47,30,5.600000000000002,0.07988587731811693,6.000000000000003,0.08559201141226815,28,30,34
83,D,all_agents,,,40,30,10,0,20,10,0.39475703807699586,0.2356908842111995,0.9776735847047092,0.077598955069833,525,30,0.75,0,0.0,0.0,31.125,3329,,,,,,,,,,,,,,,,,,,,,,,,,,,
83,D,participants_only,,,30,30,0,0,20,10,0.4506088131536257,0.25083354136833613,0.9776735847047092,0.09014647629725484,525,30,1.0,0,0.0,0.0,24.833333333333332,3329,,,,,,,,,,,,,,,,,,,,,,,,,,,
83,D,nonparticipants_only,,,10,0,10,0,0,0,0.22720171284710639,0.21357899251785073,0.410775972645455,0.0025233420370421016,0,0,0.0,0,0.0,0.0,50.0,0,,,,,,,,,,,,,,,,,,,,,,,,,,,
83,D,step_totals,,,,,,,,,,,,,,,,,,,,,72.20000000000007,,,7.0,0.09695290858725752,56.0,0.7756232686980602,0.0,0.0,0.0063478560930370605,0.08928571428571429,0.0,0,5,10,26,,14,56,20,3.2000000000000006,0.04432132963988916,6.000000000000003,0.0831024930747922,16,30,18
84,D,all_agents,,,40,30,10,0,20,10,0.39535912916395444,0.23509805174411158,0.9785666413165208,0.0778887423591537,532,30,0.75,0,0.0,0.0,31.35,3371,,,,,,,,,,,,,,,,,,,,,,,,,,,
84,D,participants_only,,,30,30,0,0,20,10,0.4512923581373865,0.2522783859810252,0.9785666413165208,0.09052078766980423,532,30,1.0,0,0.0,0.0,25.133333333333333,3371,,,,,,,,,,,,,,,,,,,,,,,,,,,
84,D,nonparticipants_only,,,10,0,10,0,0,0,0.22755944224365832,0.21505872173217494,0.4087220927822277,0.0024502931864695985,0,0,0.0,0,0.0,0.0,50.0,0,,,,,,,,,,,,,,,,,,,,,,,,,,,
84,D,step_totals,,,,,,,,,,,,,,,,,,,,,69.90000000000006,,,11.5,0.16452074391988541,47.0,0.6723891273247491,0.0,0.0,0.005646004258229915,0.14893617021276595,0.0,0,7,45,17,,23,47,29,5.400000000000002,0.07725321888412014,6.000000000000003,0.0858369098712446,27,30,34
85,D,all_agents,,,40,30,10,0,20,10,0.3963009473137858,0.23533073058765264,0.97942397566386,0.07869539229833356,536,30,0.75,0,0.0,0.0,31.125,3423,,,,,,,,,,,,,,,,,,,,,,,,,,,
85,D,participants_only,,,30,30,0,0,20,10,0.452429592370229,0.2510169940511201,0.97942397566386,0.09153274137673453,536,30,1.0,0,0.0,0.0,24.833333333333332,3423,,,,,,,,,,,,,,,,,,,,,,,,,,,
85,D,nonparticipants_only,,,10,0,10,0,0,0,0.22791501214445603,0.21501582638319175,0.40667848231831655,0.002378247512664309,0,0,0.0,0,0.0,0.0,50.0,0,,,,,,,,,,,,,,,,,,,,,,,,,,,
85,D,step_totals,,,,,,,,,,,,,,,,,,,,,72.20000000000006,,,7.0,0.09695290858725754,56.0,0.7756232686980603,0.0,0.0,0.006263045015436562,0.07142857142857142,0.0,0,4,9,26,,14,56,20,3.2000000000000006,0.04432132963988917,6.000000000000003,0.08310249307479221,16,30,18
86,D,all_agents,,,40,30,10,0,20,10,0.3968054429620745,0.23627752781177902,0.9802470166373056,0.07895112631975888,542,30,0.75,0,0.0,0.0,31.35,3464,,,,,,,,,,,,,,,,,,,,,,,,,,,
86,D,participants_only,,,30,30,0,0,20,10,0.45298451639803694,0.252415425116992,0.9802470166373056,0.09187450035381489,542,30,1.0,0,0.0,0.0,25.133333333333333,3464,,,,,,,,,,,,,,,,,,,,,,,,,,,
86,D,nonparticipants_only,,,10,0,10,0,0,0,0.22826822265418717,0.2150719036932464,0.404645089906725,0.0023079447121117664,0,0,0.0,0,0.0,0.0,50.0,0,,,,,,,,,,,,,,,,,,,,,,,,,,,
86,D,step_totals,,,,,,,,,,,,,,,,,,,,,70.10000000000008,,,11.5,0.1640513552068472,47.0,0.6704707560627667,0.0,0.0,0.005307017389391931,0.1276595744680851,0.0,0,6,45,17,,23,47,29,5.600000000000002,0.07988587731811692,6.000000000000003,0.08559201141226813,28,30,34
87,D,all_agents,,,40,30,10,0,20,10,0.39782363929035575,0.2357097234470657,0.9810371359718134,0.07980880103166405,553,30,0.75,0,0.0,0.0,31.125,3519,,,,,,,,,,,,,,,,,,,,,,,,,,,
87,D,participants_only,,,30,30,0,0,20,10,0.45422511509255065,0.2511533479914071,0.9810371359718134,0.09294090722181182,553,30,1.0,0,0.0,0.0,24.833333333333332,3519,,,,,,,,,,,,,,,,,,,,,,,,,,,
87,D,nonparticipants_only,,,10,0,10,0,0,0,0.22861921188377116,0.2155793690334269,0.40262186445719134,0.0022389647892338046,0,0,0.0,0,0.0,0.0,50.0,0,,,,,,,,,,,,,,,,,,,,,,,,,,,
87,D,step_totals,,,,,,,,,,,,,,,,,,,,,72.20000000000006,,,7.0,0.09695290858725754,56.0,0.7756232686980603,0.0,0.0,0.006519652105120542,0.19642857142857142,0.0,0,11,9,26,,14,56,20,3.2000000000000006,0.04432132963988917,6.000000000000003,0.08310249307479221,16,30,18
88,D,all_agents,,,40,30,10,0,20,10,0.3985081647640833,0.23564243909003849,0.9817956505329408,0.08007608014856017,559,30,0.75,0,0.0,0.0,31.35,3562,,,,,,,,,,,,,,,,,,,,,,,,,,,
88,D,participants_only,,,30,30,0,0,20,10,0.455021683833372,0.2514593424565966,0.9817956505329408,0.09326878187467945,559,30,1.0,0,0.0,0.0,25.133333333333333,3562,,,,,,,,,,,,,,,,,,,,,,,,,,,
88,D,nonparticipants_only,,,10,0,10,0,0,0,0.22896760755621723,0.2172209494317584,0.4006087551349054,0.0021726409190640696,0,0,0.0,0,0.0,0.0,50.0,0,,,,,,,,,,,,,,,,,,,,,,,,,,,
88,D,step_totals,,,,,,,,,,,,,,,,,,,,,69.90000000000008,,,11.5,0.16452074391988536,47.0,0.6723891273247489,0.0,0.0,0.005952587214226945,0.1276595744680851,0.0,0,6,45,17,,23,47,29,5.400000000000002,0.07725321888412012,6.000000000000003,0.08583690987124458,27,30,34
89,D,all_agents,,,40,30,10,0,20,10,0.3993476509059992,0.23493174468703162,0.9825238245116232,0.08085604368515388,567,30,0.75,0,0.0,0.0,31.125,3614,,,,,,,,,,,,,,,,,,,,,,,,,,,
89,D,participants_only,,,30,30,0,0,20,10,0.4560255612982202,0.25020204574431365,0.9825238245116232,0.09425611563527622,567,30,1.0,0,0.0,0.0,24.833333333333332,3614,,,,,,,,,,,,,,,,,,,,,,,,,,,
89,D,nonparticipants_only,,,10,0,10,0,0,0,0.2293139197293362,0.2186568017237337,0.3986057113592309,0.002107201517643261,0,0,0.0,0,0.0,0.0,50.0,0,,,,,,,,,,,,,,,,,,,,,,,,,,,
89,D,step_totals,,,,,,,,,,,,,,,,,,,,,72.20000000000007,,,7.0,0.09695290858725752,56.0,0.7756232686980602,0.0,0.0,0.0059317237979236255,0.14285714285714285,0.0,0,8,9,26,,14,56,21,3.2000000000000006,0.04432132963988916,6.000000000000003,0.0831024930747922,16,30,18
90,D,all_agents,,,40,30,10,0,20,10,0.39990327548313453,0.2351851790358547,0.9832228715311583,0.08106789873159036,573,30,0.75,0,0.0,0.0,31.35,3656,,,,,,,,,,,,,,,,,,,,,,,,,,,
90,D,participants_only,,,30,30,0,0,20,10,0.45665178314409743,0.25086820323862785,0.9832228715311583,0.09452761415558802,573,30,1.0,0,0.0,0.0,25.133333333333333,3656,,,,,,,,,,,,,,,,,,,,,,,,,,,
90,D,nonparticipants_only,,,10,0,10,0,0,0,0.22965775250024587,0.21861517830739752,0.3966126828024347,0.002044034998640966,0,0,0.0,0,0.0,0.0,50.0,0,,,,,,,,,,,,,,,,,,,,,,,,,,,
90,D,step_totals,,,,,,,,,,,,,,,,,,,,,70.30000000000008,,,11.5,0.16358463726884762,47.0,0.6685633001422467,0.0,0.0,0.005488457767290405,0.1276595744680851,0.0,0,6,45,17,,23,47,29,5.8000000000000025,0.08250355618776666,6.000000000000003,0.08534850640113792,29,30,34
90,D,reachability,0.15,0.0,,,,,,,,,,,,,,,,,,,,,,,,,,,,,,,,,,,,,,,,,,,,,
91,D,all_agents,,,40,30,10,0,20,10,0.4008202206984726,0.23465949809618514,0.983893956669912,0.08189391076359137,581,30,0.75,0,0.0,0.0,31.125,3710,,,,,,,,,,,,,,,,,,,,,,,,,,,
91,D,participants_only,,,30,30,0,0,20,10,0.45776041029756553,0.2496138622224347,0.983893956669912,0.0955627251321902,581,30,1.0,0,0.0,0.0,24.833333333333332,3710,,,,,,,,,,,,,,,,,,,,,,,,,,,
91,D,nonparticipants_only,,,10,0,10,0,0,0,0.22999965190119379,0.2186695928133695,0.39462961938842256,0.0019812453588270553,0,0,0.0,0,0.0,0.0,50.0,0,,,,,,,,,,,,,,,,,,,,,,,,,,,
91,D,step_totals,,,,,,,,,,,,,,,,,,,,,72.20000000000006,,,7.0,0.09695290858725754,56.0,0.7756232686980603,0.0,0.0,0.006193737861351108,0.14285714285714285,0.0,0,8,9,26,,14,56,21,3.2000000000000006,0.04432132963988917,6.000000000000003,0.08310249307479221,16,30,18
92,D,all_agents,,,40,30,10,0,20,10,0.4014441541327638,0.23426342550157192,0.9845381984031155,0.08212103309659424,590,30,0.75,0,0.0,0.0,31.35,3754,,,,,,,,,,,,,,,,,,,,,,,,,,,
92,D,participants_only,,,30,30,0,0,20,10,0.4584791665633215,0.25028488142058736,0.9845381984031155,0.09584251328083185,590,30,1.0,0,0.0,0.0,25.133333333333333,3754,,,,,,,,,,,,,,,,,,,,,,,,,,,
92,D,nonparticipants_only,,,10,0,10,0,0,0,0.23033911684109062,0.21971779362627925,0.39265647129148046,0.0019206808284349792,0,0,0.0,0,0.0,0.0,50.0,0,,,,,,,,,,,,,,,,,,,,,,,,,,,
92,D,step_totals,,,,,,,,,,,,,,,,,,,,,69.90000000000008,,,11.5,0.16452074391988536,47.0,0.6723891273247489,0.0,0.0,0.0057658167539782505,0.19148936170212766,0.0,0,9,45,17,,23,47,29,5.400000000000002,0.07725321888412012,6.000000000000003,0.08583690987124458,27,30,34
93,D,all_agents,,,40,30,10,0,20,10,0.40217381610611647,0.23365634434109295,0.9851566704669908,0.0828744309144935,595,30,0.75,0,0.0,0.0,31.125,3806,,,,,,,,,,,,,,,,,,,,,,,,,,,
93,D,participants_only,,,30,30,0,0,20,10,0.4593396827521758,0.2490334570134844,0.9851566704669908,0.09680679677729377,595,30,1.0,0,0.0,0.0,24.833333333333332,3806,,,,,,,,,,,,,,,,,,,,,,,,,,,
93,D,nonparticipants_only,,,10,0,10,0,0,0,0.2306762161679383,0.22139434043986694,0.39069318893502303,0.0018620976133521378,0,0,0.0,0,0.0,0.0,50.0,0,,,,,,,,,,,,,,,,,,,,,,,,,,,
93,D,step_totals,,,,,,,,,,,,,,,,,,,,,72.20000000000006,,,7.0,0.09695290858725754,56.0,0.7756232686980603,0.0,0.0,0.005576399635289742,0.08928571428571429,0.0,0,5,9,26,,14,56,21,3.2000000000000006,0.04432132963988917,6.000000000000003,0.08310249307479221,16,30,18
94,D,all_agents,,,40,30,10,0,20,10,0.40280360151310374,0.23654257823012342,0.9857504036483112,0.08311740764936718,603,30,0.75,0,0.0,0.0,31.35,3851,,,,,,,,,,,,,,,,,,,,,,,,,,,
94,D,participants_only,,,30,30,0,0,20,10,0.46006764987177606,0.2505693592085435,0.9857504036483112,0.09710528096167355,603,30,1.0,0,0.0,0.0,25.133333333333333,3851,,,,,,,,,,,,,,,,,,,,,,,,,,,
94,D,nonparticipants_only,,,10,0,10,0,0,0,0.23101145643708676,0.22214819146759945,0.3887397229903479,0.001803732899355717,0,0,0.0,0,0.0,0.0,50.0,0,,,,,,,,,,,,,,,,,,,,,,,,,,,
94,D,step_totals,,,,,,,,,,,,,,,,,,,,,70.20000000000007,0.1,0.001424501424501423,11.5,0.16381766381766363,47.0,0.6695156695156688,0.0,0.0,0.005769516890921356,0.1702127659574468,0.0,0,8,45,16,1,23,47,29,5.600000000000002,0.07977207977207972,6.000000000000003,0.08547008547008542,28,30,34
95,D,all_agents,,,40,30,10,0,20,10,0.4035215757773398,0.2362500829844503,0.9863203875023788,0.08385651244421584,607,30,0.75,0,0.0,0.0,31.125,3903,,,,,,,,,,,,,,,,,,,,,,,,,,,
95,D,participants_only,,,30,30,0,0,20,10,0.46091396541528973,0.24931651241250083,0.9863203875023788,0.09805074379588087,607,30,1.0,0,0.0,0.0,24.833333333333332,3903,,,,,,,,,,,,,,,,,,,,,,,,,,,
95,D,nonparticipants_only,,,10,0,10,0,0,0,0.23134440686348995,0.22213373363940525,0.3867960243753962,0.001747181728969547,0,0,0.0,0,0.0,0.0,50.0,0,,,,,,,,,,,,,,,,,,,,,,,,,,,
95,D,step_totals,,,,,,,,,,,,,,,,,,,,,72.20000000000007,,,7.0,0.09695290858725752,56.0,0.7756232686980602,0.0,0.0,0.005543610116624065,0.07142857142857142,0.0,0,4,9,26,,14,56,21,3.2000000000000006,0.04432132963988916,6.000000000000003,0.0831024930747922,16,30,18
96,D,all_agents,,,40,30,10,0,20,10,0.4041219366455137,0.23658677980351772,0.9868675720022837,0.08407694327317056,615,30,0.75,0,0.0,0.0,31.35,3947,,,,,,,,,,,,,,,,,,,,,,,,,,,
96,D,participants_only,,,30,30,0,0,20,10,0.4616042682839559,0.24934839969183342,0.9868675720022837,0.09832143018891953,615,30,1.0,0,0.0,0.0,25.133333333333333,3947,,,,,,,,,,,,,,,,,,,,,,,,,,,
96,D,nonparticipants_only,,,10,0,10,0,0,0,0.23167494173018724,0.22345138126072955,0.38486204425351916,0.0016928611188214494,0,0,0.0,0,0.0,0.0,50.0,0,,,,,,,,,,,,,,,,,,,,,,,,,,,
96,D,step_totals,,,,,,,,,,,,,,,,,,,,,69.90000000000008,,,11.5,0.16452074391988536,47.0,0.6723891273247489,0.0,0.0,0.005701018163693242,0.1702127659574468,0.0,0,8,45,17,,23,47,29,5.400000000000002,0.07725321888412012,6.000000000000003,0.08583690987124458,27,30,34
97,D,all_agents,,,40,30,10,0,20,10,0.4048718551454657,0.23604613837621677,0.9873928691221924,0.08483885950713614,623,30,0.75,0,0.0,0.0,31.125,4001,,,,,,,,,,,,,,,,,,,,,,,,,,,
97,D,participants_only,,,30,30,0,0,20,10,0.46249463715978933,0.24810165769337422,0.9873928691221924,0.09929052206919249,623,30,1.0,0,0.0,0.0,24.833333333333332,4001,,,,,,,,,,,,,,,,,,,,,,,,,,,
97,D,nonparticipants_only,,,10,0,10,0,0,0,0.23200350910249498,0.22410560162892712,0.38293773403225156,0.0016392517361240595,0,0,0.0,0,0.0,0.0,50.0,0,,,,,,,,,,,,,,,,,,,,,,,,,,,
97,D,step_totals,,,,,,,,,,,,,,,,,,,,,72.20000000000007,,,7.0,0.09695290858725752,56.0,0.7756232686980602,0.0,0.0,0.005655454725577077,0.14285714285714285,0.0,0,8,9,26,,14,56,21,3.2000000000000006,0.04432132963988916,6.000000000000003,0.0831024930747922,16,30,18
98,D,all_agents,,,40,30,10,0,20,10,0.40546021834651985,0.23603218962739658,0.9878971543573046,0.0850540436253922,628,30,0.75,0,0.0,0.0,31.35,4044,,,,,,,,,,,,,,,,,,,,,,,,,,,
98,D,participants_only,,,30,30,0,0,20,10,0.4631704136324478,0.24969649555634416,0.9878971543573046,0.099554178303507,628,30,1.0,0,0.0,0.0,25.133333333333333,4044,,,,,,,,,,,,,,,,,,,,,,,,,,,
98,D,nonparticipants_only,,,10,0,10,0,0,0,0.23232963248873612,0.22587009134223204,0.3810230453620903,0.0015880399117685856,0,0,0.0,0,0.0,0.0,50.0,0,,,,,,,,,,,,,,,,,,,,,,,,,,,
98,D,step_totals,,,,,,,,,,,,,,,,,,,,,69.70000000000009,,,11.5,0.16499282639885202,47.0,0.6743185078909604,0.0,0.0,0.005685132680591064,0.10638297872340426,0.0,0,5,44,17,,23,47,29,5.200000000000002,0.07460545193687225,6.000000000000003,0.08608321377331413,26,30,34
99,D,all_agents,,,40,30,10,0,20,10,0.40616362281078217,0.2355381044601113,0.9883812681830124,0.08580253327433594,635,30,0.75,0,0.0,0.0,31.125,4098,,,,,,,,,,,,,,,,,,,,,,,,,,,
99,D,participants_only,,,30,30,0,0,20,10,0.4640001593366249,0.24844801307856246,0.9883812681830124,0.10051085813142926,635,30,1.0,0,0.0,0.0,24.833333333333332,4098,,,,,,,,,,,,,,,,,,,,,,,,,,,
99,D,nonparticipants_only,,,10,0,10,0,0,0,0.23265401323325408,0.22622384121739963,0.37911793013527983,0.0015367792153943333,0,0,0.0,0,0.0,0.0,50.0,0,,,,,,,,,,,,,,,,,,,,,,,,,,,
99,D,step_totals,,,,,,,,,,,,,,,,,,,,,72.20000000000006,,,7.0,0.09695290858725754,56.0,0.7756232686980603,0.0,0.0,0.005506621861909666,0.125,0.0,0,7,9,26,,14,56,21,3.2000000000000006,0.04432132963988917,6.000000000000003,0.08310249307479221,16,30,18
100,D,all_agents,,,40,30,10,0,20,10,0.4066963062587515,0.23822886365329424,0.9888460174556919,0.08601050236984757,644,30,0.75,0,0.0,0.0,31.35,4143,,,,,,,,,,,,,,,,,,,,,,,,,,,
100,D,participants_only,,,30,30,0,0,20,10,0.4646030049611995,0.24892768032548204,0.9888460174556919,0.10077223235445443,644,30,1.0,0,0.0,0.0,25.133333333333333,4143,,,,,,,,,,,,,,,,,,,,,,,,,,,
100,D,nonparticipants_only,,,10,0,10,0,0,0,0.23297621015140735,0.22603287029045588,0.37722234048460346,0.0014870833606338446,0,0,0.0,0,0.0,0.0,50.0,0,,,,,,,,,,,,,,,,,,,,,,,,,,,
100,D,step_totals,,,,,,,,,,,,,,,,,,,,,69.70000000000006,,,11.5,0.16499282639885207,47.0,0.6743185078909607,0.0,0.0,0.005502036968691593,0.19148936170212766,0.0,0,9,44,17,,23,47,29,5.200000000000002,0.07460545193687228,6.000000000000003,0.08608321377331417,26,30,34
100,D,reachability,0.2,0.0,,,,,,,,,,,,,,,,,,,,,,,,,,,,,,,,,,,,,,,,,,,,,
101,D,all_agents,,,40,30,10,0,20,10,0.4072814480001587,0.23752197700647215,0.9892921767574642,0.08670366546711905,654,30,0.75,0,0.0,0.0,31.125,4196,,,,,,,,,,,,,,,,,,,,,,,,,,,
101,D,participants_only,,,30,30,0,0,20,10,0.4652765112382469,0.24768304192385465,0.9892921767574642,0.10167155234939187,654,30,1.0,0,0.0,0.0,24.833333333333332,4196,,,,,,,,,,,,,,,,,,,,,,,,,,,
101,D,nonparticipants_only,,,10,0,10,0,0,0,0.23329625828589418,0.22742052862898593,0.3753362287821804,0.0014388765004224187,0,0,0.0,0,0.0,0.0,50.0,0,,,,,,,,,,,,,,,,,,,,,,,,,,,
101,D,step_totals,,,,,,,,,,,,,,,,,,,,,72.20000000000006,,,7.0,0.09695290858725754,56.0,0.7756232686980603,0.0,0.0,0.005118262357839253,0.17857142857142858,0.0,0,10,9,26,,14,56,22,3.2000000000000006,0.04432132963988917,6.000000000000003,0.08310249307479221,16,30,18
102,D,all_agents,,,40,30,10,0,20,10,0.40787988510230305,0.23810068022256875,0.9897204896871656,0.08691202980409335,660,30,0.75,0,0.0,0.0,31.35,4242,,,,,,,,,,,,,,,,,,,,,,,,,,,
102,D,participants_only,,,30,30,0,0,20,10,0.4659685153803389,0.24936146337905923,0.9897204896871656,0.10192130483874055,660,30,1.0,0,0.0,0.0,25.133333333333333,4242,,,,,,,,,,,,,,,,,,,,,,,,,,,
102,D,nonparticipants_only,,,10,0,10,0,0,0,0.23361399426819557,0.2276235051202463,0.3734595476382695,0.001392737089211623,0,0,0.0,0,0.0,0.0,50.0,0,,,,,,,,,,,,,,,,,,,,,,,,,,,
102,D,step_totals,,,,,,,,,,,,,,,,,,,,,69.70000000000007,,,11.5,0.16499282639885204,47.0,0.6743185078909606,0.0,0.0,0.005734841192216948,0.1276595744680851,0.0,0,6,44,17,,23,47,29,5.200000000000002,0.07460545193687226,6.000000000000003,0.08608321377331415,26,30,34
103,D,all_agents,,,40,30,10,0,20,10,0.40848964965230405,0.23775253761245757,0.9901316700996791,0.08761292114907815,665,30,0.75,0,0.0,0.0,31.125,4296,,,,,,,,,,,,,,,,,,,,,,,,,,,
103,D,participants_only,,,30,30,0,0,20,10,0.46667631371992274,0.24811465606216393,0.9901316700996791,0.1028252012125501,665,30,1.0,0,0.0,0.0,24.833333333333332,4296,,,,,,,,,,,,,,,,,,,,,,,,,,,
103,D,nonparticipants_only,,,10,0,10,0,0,0,0.23392965744944808,0.22914759266285978,0.37159224990007816,0.0013478264548474675,0,0,0.0,0,0.0,0.0,50.0,0,,,,,,,,,,,,,,,,,,,,,,,,,,,
103,D,step_totals,,,,,,,,,,,,,,,,,,,,,72.20000000000006,,,7.0,0.09695290858725754,56.0,0.7756232686980603,0.0,0.0,0.005205997769343808,0.08928571428571429,0.0,0,5,9,26,,14,56,22,3.2000000000000006,0.04432132963988917,6.000000000000003,0.08310249307479221,16,30,18
104,D,all_agents,,,40,30,10,0,20,10,0.40895978894294743,0.2376895977367281,0.9905264032956919,0.08780082496168216,672,30,0.75,0,0.0,0.0,31.35,4341,,,,,,,,,,,,,,,,,,,,,,,,,,,
104,D,participants_only,,,30,30,0,0,20,10,0.467198595162767,0.2481943903729801,0.9905264032956919,0.10306615118080213,672,30,1.0,0,0.0,0.0,25.133333333333333,4341,,,,,,,,,,,,,,,,,,,,,,,,,,,
104,D,nonparticipants_only,,,10,0,10,0,0,0,0.23424337028348866,0.2294908531487165,0.3697342886505778,0.0013037437054059086,0,0,0.0,0,0.0,0.0,50.0,0,,,,,,,,,,,,,,,,,,,,,,,,,,,
104,D,step_totals,,,,,,,,,,,,,,,,,,,,,69.70000000000007,,,11.5,0.16499282639885204,47.0,0.6743185078909606,0.0,0.0,0.005300002175841435,0.14893617021276595,0.0,0,7,44,17,,23,47,29,5.200000000000002,0.07460545193687226,6.000000000000003,0.08608321377331415,26,30,33
105,D,all_agents,,,40,30,10,0,20,10,0.4095931185909463,0.23721277840114874,0.9909053471638641,0.08851145932917114,682,30,0.75,0,0.0,0.0,31.125,4396,,,,,,,,,,,,,,,,,,,,,,,,,,,
105,D,participants_only,,,30,30,0,0,20,10,0.46793912336233956,0.2469534184211152,0.9909053471638641,0.10397804160292382,682,30,1.0,0,0.0,0.0,24.833333333333332,4396,,,,,,,,,,,,,,,,,,,,,,,,,,,
105,D,nonparticipants_only,,,10,0,10,0,0,0,0.2345551042767666,0.2292312923937505,0.3678856172073249,0.0012606372345117399,0,0,0.0,0,0.0,0.0,50.0,0,,,,,,,,,,,,,,,,,,,,,,,,,,,
105,D,step_totals,,,,,,,,,,,,,,,,,,,,,72.20000000000006,,,7.0,0.09695290858725754,56.0,0.7756232686980603,0.0,0.0,0.005288429121272691,0.17857142857142858,0.0,0,10,9,26,,14,56,22,3.2000000000000006,0.04432132963988917,6.000000000000003,0.08310249307479221,16,30,18
106,D,all_agents,,,40,30,10,0,20,10,0.4099411906615737,0.23981057321941118,0.9912691332773096,0.08862532510348503,690,30,0.75,0,0.0,0.0,31.35,4438,,,,,,,,,,,,,,,,,,,,,,,,,,,
106,D,participants_only,,,30,30,0,0,20,10,0.46829995255260104,0.24778264639563835,0.9912691332773096,0.104137992609005,690,30,1.0,0,0.0,0.0,25.133333333333333,4438,,,,,,,,,,,,,,,,,,,,,,,,,,,
106,D,nonparticipants_only,,,10,0,10,0,0,0,0.23486490498849158,0.23052792889502333,0.3660461891212883,0.001218381513481611,0,0,0.0,0,0.0,0.0,50.0,0,,,,,,,,,,,,,,,,,,,,,,,,,,,
106,D,step_totals,,,,,,,,,,,,,,,,,,,,,69.70000000000007,,,11.5,0.16499282639885204,47.0,0.6743185078909606,0.0,0.0,0.004887281193435962,0.1702127659574468,0.0,0,8,44,17,,23,47,29,5.200000000000002,0.07460545193687226,6.000000000000003,0.08608321377331415,26,30,32
107,D,all_agents,,,40,30,10,0,20,10,0.4104568700551051,0.2391527036735836,0.9916183679462172,0.08927472428186851,697,30,0.75,0,0.0,0.0,31.125,4491,,,,,,,,,,,,,,,,,,,,,,,,,,,
107,D,participants_only,,,30,30,0,0,20,10,0.4688849700319925,0.24654373316366016,0.9916183679462172,0.10498500493032024,697,30,1.0,0,0.0,0.0,24.833333333333332,4491,,,,,,,,,,,,,,,,,,,,,,,,,,,
107,D,nonparticipants_only,,,10,0,10,0,0,0,0.2351725701244431,0.23072488672850533,0.3642159581756818,0.001177767933603599,0,0,0.0,0,0.0,0.0,50.0,0,,,,,,,,,,,,,,,,,,,,,,,,,,,
107,D,step_totals,,,,,,,,,,,,,,,,,,,,,72.20000000000007,,,7.0,0.09695290858725752,56.0,0.7756232686980602,0.0,0.0,0.004899685229955108,0.125,0.0,0,7,9,26,,14,56,22,3.2000000000000006,0.04432132963988916,6.000000000000003,0.0831024930747922,16,30,18
108,D,all_agents,,,40,30,10,0,20,10,0.410906701477702,0.23971143946761014,0.9919536332283685,0.08942904054713074,707,30,0.75,0,0.0,0.0,31.35,4536,,,,,,,,,,,,,,,,,,,,,,,,,,,
108,D,participants_only,,,30,30,0,0,20,10,0.4693830280641995,0.2468641420962165,0.9919536332283685,0.10518077275531296,707,30,1.0,0,0.0,0.0,25.133333333333333,4536,,,,,,,,,,,,,,,,,,,,,,,,,,,
108,D,nonparticipants_only,,,10,0,10,0,0,0,0.23547772171820924,0.23230303453274367,0.3623948783848034,0.0011400746699754582,0,0,0.0,0,0.0,0.0,50.0,0,,,,,,,,,,,,,,,,,,,,,,,,,,,
108,D,step_totals,,,,,,,,,,,,,,,,,,,,,69.50000000000007,,,11.5,0.1654676258992804,47.0,0.6762589928057547,0.0,0.0,0.005257976997833284,0.2127659574468085,0.0,0,10,44,17,,23,47,29,5.000000000000002,0.07194244604316542,6.000000000000003,0.08633093525179851,25,30,31
109,D,all_agents,,,40,30,10,0,20,10,0.41142463930393425,0.2393753090776548,0.9922754878992337,0.09008876220009882,719,30,0.75,0,0.0,0.0,31.125,4590,,,,,,,,,,,,,,,,,,,,,,,,,,,
109,D,participants_only,,,30,30,0,0,20,10,0.4699724029879547,0.24562982138573541,0.9922754878992337,0.10603970331655521,719,30,1.0,0,0.0,0.0,24.833333333333332,4590,,,,,,,,,,,,,,,,,,,,,,,,,,,
109,D,nonparticipants_only,,,10,0,10,0,0,0,0.23578134825187305,0.23257728484273874,0.36058290399287934,0.0011018512619308898,0,0,0.0,0,0.0,0.0,50.0,0,,,,,,,,,,,,,,,,,,,,,,,,,,,
109,D,step_totals,,,,,,,,,,,,,,,,,,,,,72.20000000000007,,,7.0,0.09695290858725752,56.0,0.7756232686980602,0.0,0.0,0.004911244150917251,0.21428571428571427,0.0,0,12,9,26,,14,56,22,3.2000000000000006,0.04432132963988916,6.000000000000003,0.0831024930747922,16,30,18
110,D,all_agents,,,40,30,10,0,20,10,0.41193621643394335,0.2387913211842466,0.9925844683832643,0.09027461241037095,729,30,0.75,0,0.0,0.0,31.35,4637,,,,,,,,,,,,,,,,,,,,,,,,,,,
110,D,participants_only,,,30,30,0,0,20,10,0.47055398313609104,0.24757224071321696,0.9925844683832643,0.1062669726134678,729,30,1.0,0,0.0,0.0,25.133333333333333,4637,,,,,,,,,,,,,,,,,,,,,,,,,,,
110,D,nonparticipants_only,,,10,0,10,0,0,0,0.23608291632750017,0.23235950177468434,0.35877998947291495,0.0010650209233113946,0,0,0.0,0,0.0,0.0,50.0,0,,,,,,,,,,,,,,,,,,,,,,,,,,,
110,D,step_totals,,,,,,,,,,,,,,,,,,,,,69.70000000000007,,,11.5,0.16499282639885204,47.0,0.6743185078909606,0.0,0.0,0.005461784914104391,0.2127659574468085,0.0,0,10,43,17,,23,47,29,5.200000000000002,0.07460545193687226,6.000000000000003,0.08608321377331415,26,30,31
110,D,reachability,0.225,0.0,,,,,,,,,,,,,,,,,,,,,,,,,,,,,,,,,,,,,,,,,,,,,
111,D,all_agents,,,40,30,10,0,20,10,0.41242977102295075,0.23861867043007395,0.9928810896479338,0.09091795383693765,739,30,0.75,0,0.0,0.0,31.125,4691,,,,,,,,,,,,,,,,,,,,,,,,,,,
111,D,participants_only,,,30,30,0,0,20,10,0.47111213955338727,0.24633437950965087,0.9928810896479338,0.10710653148951356,739,30,1.0,0,0.0,0.0,24.833333333333332,4691,,,,,,,,,,,,,,,,,,,,,,,,,,,
111,D,nonparticipants_only,,,10,0,10,0,0,0,0.23638266543164124,0.2335430647927069,0.3569860895255504,0.0010287763631063797,0,0,0.0,0,0.0,0.0,50.0,0,,,,,,,,,,,,,,,,,,,,,,,,,,,
111,D,step_totals,,,,,,,,,,,,,,,,,,,,,72.20000000000006,,,7.0,0.09695290858725754,56.0,0.7756232686980603,0.0,0.0,0.004835250369728766,0.17857142857142858,0.0,0,10,9,26,,14,56,22,3.2000000000000006,0.04432132963988917,6.000000000000003,0.08310249307479221,16,30,18
112,D,all_agents,,,40,30,10,0,20,10,0.41281860142533955,0.24072385910064914,0.9931658460620164,0.09105917998250022,744,30,0.75,0,0.0,0.0,31.35,4736,,,,,,,,,,,,,,,,,,,,,,,,,,,
112,D,participants_only,,,30,30,0,0,20,10,0.4715313423921227,0.24640807123570652,0.9931658460620164,0.10729218275100466,744,30,1.0,0,0.0,0.0,25.133333333333333,4736,,,,,,,,,,,,,,,,,,,,,,,,,,,
112,D,nonparticipants_only,,,10,0,10,0,0,0,0.23668037852499027,0.23373418243361713,0.35520115907792266,0.0009939402549960581,0,0,0.0,0,0.0,0.0,50.0,0,,,,,,,,,,,,,,,,,,,,,,,,,,,
112,D,step_totals,,,,,,,,,,,,,,,,,,,,,69.50000000000006,,,11.5,0.16546762589928043,47.0,0.6762589928057549,0.0,0.0,0.0050588012218967145,0.10638297872340426,0.0,0,5,43,17,,23,47,29,5.000000000000002,0.07194244604316544,6.000000000000003,0.08633093525179852,25,30,31
113,D,all_agents,,,40,30,10,0,20,10,0.41335263144678,0.240180149968643,0.9934392122195358,0.09173324055383997,750,30,0.75,0,0.0,0.0,31.125,4792,,,,,,,,,,,,,,,,,,,,,,,,,,,
113,D,participants_only,,,30,30,0,0,20,10,0.47214489726731845,0.24517603087952797,0.9934392122195358,0.10816442767382868,750,30,1.0,0,0.0,0.0,24.833333333333332,4792,,,,,,,,,,,,,,,,,,,,,,,,,,,
113,D,nonparticipants_only,,,10,0,10,0,0,0,0.23697583398516459,0.2349865875927128,0.35342515328253304,0.0009613129501195492,0,0,0.0,0,0.0,0.0,50.0,0,,,,,,,,,,,,,,,,,,,,,,,,,,,
113,D,step_totals,,,,,,,,,,,,,,,,,,,,,72.20000000000006,,,7.0,0.09695290858725754,56.0,0.7756232686980603,0.0,0.0,0.0049726871273302374,0.10714285714285714,0.0,0,6,9,26,,14,56,22,3.2000000000000006,0.04432132963988917,6.000000000000003,0.08310249307479221,16,30,18
114,D,all_agents,,,40,30,10,0,20,10,0.41381162594324983,0.24066794778384032,0.9937016437307543,0.09189795629963528,756,30,0.75,0,0.0,0.0,31.35,4838,,,,,,,,,,,,,,,,,,,,,,,,,,,
114,D,participants_only,,,30,30,0,0,20,10,0.47265901850337244,0.24669774090904664,0.9937016437307543,0.1083687432179859,756,30,1.0,0,0.0,0.0,25.133333333333333,4838,,,,,,,,,,,,,,,,,,,,,,,,,,,
114,D,nonparticipants_only,,,10,0,10,0,0,0,0.23726944826288188,0.23513603000888603,0.35165802751612035,0.0009294082110812702,0,0,0.0,0,0.0,0.0,50.0,0,,,,,,,,,,,,,,,,,,,,,,,,,,,
114,D,step_totals,,,,,,,,,,,,,,,,,,,,,69.50000000000006,,,11.5,0.16546762589928043,47.0,0.6762589928057549,0.0,0.0,0.005307298932353325,0.1276595744680851,0.0,0,6,43,17,,23,47,29,5.000000000000002,0.07194244604316544,6.000000000000003,0.08633093525179852,25,30,31
115,D,all_agents,,,40,30,10,0,20,10,0.4143156184982155,0.24016698069191067,0.9939535779815242,0.09255592341510187,767,30,0.75,0,0.0,0.0,31.125,4893,,,,,,,,,,,,,,,,,,,,,,,,,,,
115,D,participants_only,,,30,30,0,0,20,10,0.47323366927963206,0.2454642522045014,0.9939535779815242,0.10922341410545318,767,30,1.0,0,0.0,0.0,24.833333333333332,4893,,,,,,,,,,,,,,,,,,,,,,,,,,,
115,D,nonparticipants_only,,,10,0,10,0,0,0,0.23756146615396603,0.23495467056173638,0.34989973737853974,0.0008974108494690578,0,0,0.0,0,0.0,0.0,50.0,0,,,,,,,,,,,,,,,,,,,,,,,,,,,
115,D,step_totals,,,,,,,,,,,,,,,,,,,,,72.20000000000006,,,7.0,0.09695290858725754,56.0,0.7756232686980603,0.0,0.0,0.004877894627451074,0.19642857142857142,0.0,0,11,9,26,,14,56,22,3.2000000000000006,0.04432132963988917,6.000000000000003,0.08310249307479221,16,30,18
116,D,all_agents,,,40,30,10,0,20,10,0.41466944473528417,0.2402072182213177,0.9941954348622632,0.09266901931125336,780,30,0.75,0,0.0,0.0,31.35,4938,,,,,,,,,,,,,,,,,,,,,,,,,,,
116,D,participants_only,,,30,30,0,0,20,10,0.47360872448192665,0.24586915188929934,0.9941954348622632,0.1093745554908884,780,30,1.0,0,0.0,0.0,25.133333333333333,4938,,,,,,,,,,,,,,,,,,,,,,,,,,,
116,D,nonparticipants_only,,,10,0,10,0,0,0,0.2378516054953567,0.2357112280816738,0.348150238691647,0.0008663464077124488,0,0,0.0,0,0.0,0.0,50.0,0,,,,,,,,,,,,,,,,,,,,,,,,,,,
116,D,step_totals,,,,,,,,,,,,,,,,,,,,,69.50000000000007,,,11.5,0.1654676258992804,47.0,0.6762589928057547,0.0,0.0,0.004950517165331292,0.2765957446808511,0.0,0,13,43,17,,23,47,29,5.000000000000002,0.07194244604316542,6.000000000000003,0.08633093525179851,25,30,31
117,D,all_agents,,,40,30,10,0,20,10,0.4151061607539074,0.2395948357791432,0.9944276174677728,0.09329435561314167,789,30,0.75,0,0.0,0.0,31.125,4993,,,,,,,,,,,,,,,,,,,,,,,,,,,
117,D,participants_only,,,30,30,0,0,20,10,0.4740949521898823,0.24463980612985284,0.9944276174677728,0.1101949133293377,789,30,1.0,0,0.0,0.0,24.833333333333332,4993,,,,,,,,,,,,,,,,,,,,,,,,,,,
117,D,nonparticipants_only,,,10,0,10,0,0,0,0.2381397864459826,0.2358483528270413,0.3464094874981888,0.0008365522836302117,0,0,0.0,0,0.0,0.0,50.0,0,,,,,,,,,,,,,,,,,,,,,,,,,,,
117,D,step_totals,,,,,,,,,,,,,,,,,,,,,72.20000000000006,,,7.0,0.09695290858725754,56.0,0.7756232686980603,0.0,0.0,0.00465698228465816,0.16071428571428573,0.0,0,9,9,26,,14,56,22,3.2000000000000006,0.04432132963988917,6.000000000000003,0.08310249307479221,16,30,18
118,D,all_agents,,,40,30,10,0,20,10,0.4154416942095727,0.23967041315097992,0.9946505127690618,0.09339941144463877,796,30,0.75,0,0.0,0.0,31.35,5037,,,,,,,,,,,,,,,,,,,,,,,,,,,
118,D,participants_only,,,30,30,0,0,20,10,0.4744469462696391,0.24654649638876852,0.9946505127690618,0.11033664172776472,796,30,1.0,0,0.0,0.0,25.133333333333333,5037,,,,,,,,,,,,,,,,,,,,,,,,,,,
118,D,nonparticipants_only,,,10,0,10,0,0,0,0.23842593802937354,0.2364530803246136,0.34467744006069784,0.0008082833471972722,0,0,0.0,0,0.0,0.0,50.0,0,,,,,,,,,,,,,,,,,,,,,,,,,,,
118,D,step_totals,,,,,,,,,,,,,,,,,,,,,69.30000000000007,,,11.5,0.16594516594516578,47.0,0.6782106782106776,0.0,0.0,0.004911576958288988,0.14893617021276595,0.0,0,7,43,17,,23,47,29,4.800000000000002,0.06926406926406922,6.000000000000003,0.08658008658008653,24,30,30
119,D,all_agents,,,40,30,10,0,20,10,0.4158650649302399,0.24129740484872853,0.9948644922582993,0.0940119038622912,808,30,0.75,0,0.0,0.0,31.125,5091,,,,,,,,,,,,,,,,,,,,,,,,,,,
119,D,participants_only,,,30,30,0,0,20,10,0.4749166311254966,0.2453137639068247,0.9948644922582993,0.1111406838416974,808,30,1.0,0,0.0,0.0,24.833333333333332,5091,,,,,,,,,,,,,,,,,,,,,,,,,,,
119,D,nonparticipants_only,,,10,0,10,0,0,0,0.2387103663444699,0.23709579373782202,0.3429540528603943,0.0007805142827192698,0,0,0.0,0,0.0,0.0,50.0,0,,,,,,,,,,,,,,,,,,,,,,,,,,,
119,D,step_totals,,,,,,,,,,,,,,,,,,,,,72.20000000000006,,,7.0,0.09695290858725754,56.0,0.7756232686980603,0.0,0.0,0.004614318994163649,0.21428571428571427,0.0,0,12,9,26,,14,56,21,3.2000000000000006,0.04432132963988917,6.000000000000003,0.08310249307479221,16,30,17
120,D,all_agents,,,40,30,10,0,20,10,0.4162688745363472,0.2411790805492049,0.9949158473357164,0.09415045080767843,810,30,0.75,0,0.0,0.0,31.35,5137,,,,,,,,,,,,,,,,,,,,,,,,,,,
120,D,participants_only,,,30,30,0,0,20,10,0.47536086519629206,0.24543370701851608,0.9949158473357164,0.11131520413600346,810,30,1.0,0,0.0,0.0,25.133333333333333,5137,,,,,,,,,,,,,,,,,,,,,,,,,,,
120,D,nonparticipants_only,,,10,0,10,0,0,0,0.23899290255651257,0.2372797007797989,0.3412392825960924,0.0007538305008432401,0,0,0.0,0,0.0,0.0,50.0,0,,,,,,,,,,,,,,,,,,,,,,,,,,,
120,D,step_totals,,,,,,,,,,,,,,,,,,,,,69.30000000000007,,,11.5,0.16594516594516578,47.0,0.6782106782106776,0.0,0.0,0.0051519117732817,0.0425531914893617,0.0,0,2,43,17,,23,47,29,4.800000000000002,0.06926406926406922,6.000000000000003,0.08658008658008653,24,30,30
120,D,reachability,0.25,0.0,,,,,,,,,,,,,,,,,,,,,,,,,,,,,,,,,,,,,,,,,,,,,
121,D,all_agents,,,40,30,10,0,20,10,0.4166281696757342,0.24110255918350154,0.9951192134422877,0.09472990412405367,821,30,0.75,0,0.0,0.0,31.125,5191,,,,,,,,,,,,,,,,,,,,,,,,,,,
121,D,participants_only,,,30,30,0,0,20,10,0.4757462769696466,0.2442065384834235,0.9951192134422877,0.1120843340168335,821,30,1.0,0,0.0,0.0,24.833333333333332,5191,,,,,,,,,,,,,,,,,,,,,,,,,,,
121,D,nonparticipants_only,,,10,0,10,0,0,0,0.23927384779399694,0.2372219701874782,0.3395330861831119,0.0007272071255397272,0,0,0.0,0,0.0,0.0,50.0,0,,,,,,,,,,,,,,,,,,,,,,,,,,,
121,D,step_totals,,,,,,,,,,,,,,,,,,,,,72.20000000000006,,,7.0,0.09695290858725754,56.0,0.7756232686980603,0.0,0.0,0.004404535387808364,0.19642857142857142,0.0,0,11,9,26,,14,56,21,3.2000000000000006,0.04432132963988917,6.000000000000003,0.08310249307479221,16,30,17
122,D,all_agents,,,40,30,10,0,20,10,0.41700787069165923,0.24175513340698457,0.9953144449045962,0.0948595090102531,828,30,0.75,0,0.0,0.0,31.35,5237,,,,,,,,,,,,,,,,,,,,,,,,,,,
122,D,participants_only,,,30,30,0,0,20,10,0.4761595665448241,0.24566071724837688,0.9953144449045962,0.11224959724225805,828,30,1.0,0,0.0,0.0,25.133333333333333,5237,,,,,,,,,,,,,,,,,,,,,,,,,,,
122,D,nonparticipants_only,,,10,0,10,0,0,0,0.2395527831321648,0.23800417110227265,0.33783542075219636,0.0007021668465744319,0,0,0.0,0,0.0,0.0,50.0,0,,,,,,,,,,,,,,,,,,,,,,,,,,,
122,D,step_totals,,,,,,,,,,,,,,,,,,,,,69.10000000000007,,,11.5,0.1664254703328508,47.0,0.6801736613603466,0.0,0.0,0.005085919437745595,0.14893617021276595,0.0,0,7,43,17,,23,47,28,4.600000000000001,0.06657018813314033,6.000000000000003,0.08683068017366131,23,30,29
123,D,all_agents,,,40,30,10,0,20,10,0.41741244434700425,0.24096618738376238,0.9955018671084124,0.09546846873534787,839,30,0.75,0,0.0,0.0,31.125,5293,,,,,,,,,,,,,,,,,,,,,,,,,,,
123,D,participants_only,,,30,30,0,0,20,10,0.47660667047939426,0.24443241366213497,0.9955018671084124,0.11304929436540723,839,30,1.0,0,0.0,0.0,24.833333333333332,5293,,,,,,,,,,,,,,,,,,,,,,,,,,,
123,D,nonparticipants_only,,,10,0,10,0,0,0,0.23982976594983416,0.23811340097290645,0.33614624364843537,0.0006785149562194778,0,0,0.0,0,0.0,0.0,50.0,0,,,,,,,,,,,,,,,,,,,,,,,,,,,
123,D,step_totals,,,,,,,,,,,,,,,,,,,,,72.20000000000006,,,7.0,0.09695290858725754,56.0,0.7756232686980603,0.0,0.0,0.0045575377093671505,0.19642857142857142,0.0,0,11,9,26,,14,56,21,3.2000000000000006,0.04432132963988917,6.000000000000003,0.08310249307479221,16,30,17
124,D,all_agents,,,40,30,10,0,20,10,0.4177308449649391,0.2413114505562172,0.9956817924240758,0.09556665569754151,844,30,0.75,0,0.0,0.0,31.35,5338,,,,,,,,,,,,,,,,,,,,,,,,,,,
124,D,participants_only,,,30,30,0,0,20,10,0.4769393824956953,0.24491807513702907,0.9956817924240758,0.11318135148960921,844,30,1.0,0,0.0,0.0,25.133333333333333,5338,,,,,,,,,,,,,,,,,,,,,,,,,,,
124,D,nonparticipants_only,,,10,0,10,0,0,0,0.2401052323726703,0.2394715913060117,0.3344655124301932,0.0006547573229667297,0,0,0.0,0,0.0,0.0,50.0,0,,,,,,,,,,,,,,,,,,,,,,,,,,,
124,D,step_totals,,,,,,,,,,,,,,,,,,,,,69.10000000000007,,,11.5,0.1664254703328508,47.0,0.6801736613603466,0.0,0.0,0.004876918611408274,0.10638297872340426,0.0,0,5,43,17,,23,47,28,4.600000000000001,0.06657018813314033,6.000000000000003,0.08683068017366131,23,30,29
125,D,all_agents,,,40,30,10,0,20,10,0.4180844773800287,0.24134458860338698,0.9958545207271128,0.09614293547579403,852,30,0.75,0,0.0,0.0,31.125,5393,,,,,,,,,,,,,,,,,,,,,,,,,,,
125,D,participants_only,,,30,30,0,0,20,10,0.47731966185657143,0.24369348476134395,0.9958545207271128,0.11394473334653739,852,30,1.0,0,0.0,0.0,24.833333333333332,5393,,,,,,,,,,,,,,,,,,,,,,,,,,,
125,D,nonparticipants_only,,,10,0,10,0,0,0,0.24037892395040064,0.23967690564881583,0.3327931848680422,0.0006318569039233743,0,0,0.0,0,0.0,0.0,50.0,0,,,,,,,,,,,,,,,,,,,,,,,,,,,
125,D,step_totals,,,,,,,,,,,,,,,,,,,,,72.20000000000006,,,7.0,0.09695290858725754,56.0,0.7756232686980603,0.0,0.0,0.004390300947884145,0.14285714285714285,0.0,0,8,9,26,,14,56,21,3.2000000000000006,0.04432132963988917,6.000000000000003,0.08310249307479221,16,30,16
126,D,all_agents,,,40,30,10,0,20,10,0.41835494959843633,0.24240639931446367,0.9960203398980283,0.09621700083224864,859,30,0.75,0,0.0,0.0,31.35,5437,,,,,,,,,,,,,,,,,,,,,,,,,,,
126,D,participants_only,,,30,30,0,0,20,10,0.47758968595397633,0.245566022838402,0.9960203398980283,0.11405093537614777,859,30,1.0,0,0.0,0.0,25.133333333333333,5437,,,,,,,,,,,,,,,,,,,,,,,,,,,
126,D,nonparticipants_only,,,10,0,10,0,0,0,0.24065074053181626,0.23965317847159423,0.331129218943702,0.0006101493072272362,0,0,0.0,0,0.0,0.0,50.0,0,,,,,,,,,,,,,,,,,,,,,,,,,,,
126,D,step_totals,,,,,,,,,,,,,,,,,,,,,69.10000000000007,,,11.5,0.1664254703328508,47.0,0.6801736613603466,0.0,0.0,0.004714654091262772,0.14893617021276595,0.0,0,7,43,17,,23,47,28,4.600000000000001,0.06657018813314033,6.000000000000003,0.08683068017366131,23,30,30
127,D,all_agents,,,40,30,10,0,20,10,0.41868417058844537,0.24174307243108545,0.9961795263021072,0.09678123114262414,865,30,0.75,0,0.0,0.0,31.125,5492,,,,,,,,,,,,,,,,,,,,,,,,,,,
127,D,participants_only,,,30,30,0,0,20,10,0.477938617217319,0.24433819272421,0.9961795263021072,0.11480089649745556,865,30,1.0,0,0.0,0.0,24.833333333333332,5492,,,,,,,,,,,,,,,,,,,,,,,,,,,
127,D,nonparticipants_only,,,10,0,10,0,0,0,0.24092083070182443,0.23983195740829805,0.3294735728489835,0.0005891617346014738,0,0,0.0,0,0.0,0.0,50.0,0,,,,,,,,,,,,,,,,,,,,,,,,,,,
127,D,step_totals,,,,,,,,,,,,,,,,,,,,,72.20000000000006,,,7.0,0.09695290858725754,56.0,0.7756232686980603,0.0,0.0,0.004311024001674386,0.10714285714285714,0.0,0,6,9,26,,14,56,21,3.2000000000000006,0.04432132963988917,6.000000000000003,0.08310249307479221,16,30,16
128,D,all_agents,,,40,30,10,0,20,10,0.4189677080918984,0.24299490956167202,0.9963323452500229,0.09686316043170586,874,30,0.75,0,0.0,0.0,31.35,5538,,,,,,,,,,,,,,,,,,,,,,,,,,,
128,D,participants_only,,,30,30,0,0,20,10,0.4782273039665446,0.24450234593699843,0.9963323452500229,0.11491412816741241,874,30,1.0,0,0.0,0.0,25.133333333333333,5538,,,,,,,,,,,,,,,,,,,,,,,,,,,
128,D,nonparticipants_only,,,10,0,10,0,0,0,0.24118892046795987,0.24046642351063663,0.3278262049847386,0.000569860785869601,0,0,0.0,0,0.0,0.0,50.0,0,,,,,,,,,,,,,,,,,,,,,,,,,,,
128,D,step_totals,,,,,,,,,,,,,,,,,,,,,69.30000000000007,,,11.5,0.16594516594516578,47.0,0.6782106782106776,0.0,0.0,0.004749012580818818,0.19148936170212766,0.0,0,9,43,17,,23,47,28,4.800000000000002,0.06926406926406922,6.000000000000003,0.08658008658008653,24,30,30
129,D,all_agents,,,40,30,10,0,20,10,0.4192771319288546,0.24224725355160726,0.996479051440022,0.0974148009961711,878,30,0.75,0,0.0,0.0,31.125,5591,,,,,,,,,,,,,,,,,,,,,,,,,,,
129,D,participants_only,,,30,30,0,0,20,10,0.47855099093234804,0.24327983420731342,0.996479051440022,0.11564938204955194,878,30,1.0,0,0.0,0.0,24.833333333333332,5591,,,,,,,,,,,,,,,,,,,,,,,,,,,
129,D,nonparticipants_only,,,10,0,10,0,0,0,0.24145555491837406,0.24105232759653356,0.3261870739598149,0.000550373502036268,0,0,0.0,0,0.0,0.0,50.0,0,,,,,,,,,,,,,,,,,,,,,,,,,,,
129,D,step_totals,,,,,,,,,,,,,,,,,,,,,72.20000000000006,,,7.0,0.09695290858725754,56.0,0.7756232686980603,0.0,0.0,0.004247350371238777,0.07142857142857142,0.0,0,4,9,26,,14,56,21,3.2000000000000006,0.04432132963988917,6.000000000000003,0.08310249307479221,16,30,16
130,D,all_agents,,,40,30,10,0,20,10,0.41943868135906764,0.24246565974869436,0.9966198893824212,0.09742590897787734,883,30,0.75,0,0.0,0.0,31.35,5633,,,,,,,,,,,,,,,,,,,,,,,,,,,
130,D,participants_only,,,30,30,0,0,20,10,0.47867803595547054,0.2446694621703263,0.9966198893824212,0.11568695793518925,883,30,1.0,0,0.0,0.0,25.133333333333333,5633,,,,,,,,,,,,,,,,,,,,,,,,,,,
130,D,nonparticipants_only,,,10,0,10,0,0,0,0.24172061756985921,0.24188543366581386,0.3245561385900158,0.0005311485099613475,0,0,0.0,0,0.0,0.0,50.0,0,,,,,,,,,,,,,,,,,,,,,,,,,,,
130,D,step_totals,,,,,,,,,,,,,,,,,,,,,69.1000000000001,,,11.5,0.1664254703328507,47.0,0.6801736613603464,0.0,0.0,0.0043425507409793895,0.10638297872340426,0.0,0,5,43,17,,23,47,28,4.600000000000001,0.0665701881331403,6.000000000000003,0.08683068017366129,23,30,30
130,D,reachability,0.25,0.0,,,,,,,,,,,,,,,,,,,,,,,,,,,,,,,,,,,,,,,,,,,,,
131,D,all_agents,,,40,30,10,0,20,10,0.4197447738879424,0.24249710877010583,0.9967550938071243,0.09797357066302867,893,30,0.75,0,0.0,0.0,31.125,5688,,,,,,,,,,,,,,,,,,,,,,,,,,,
131,D,participants_only,,,30,30,0,0,20,10,0.47899839188932214,0.2434461148594747,0.9967550938071243,0.11641649884502948,893,30,1.0,0,0.0,0.0,24.833333333333332,5688,,,,,,,,,,,,,,,,,,,,,,,,,,,
131,D,nonparticipants_only,,,10,0,10,0,0,0,0.24198391988380324,0.24201265909356184,0.32293335789706573,0.0005128911619850944,0,0,0.0,0,0.0,0.0,50.0,0,,,,,,,,,,,,,,,,,,,,,,,,,,,
131,D,step_totals,,,,,,,,,,,,,,,,,,,,,72.20000000000007,,,7.0,0.09695290858725752,56.0,0.7756232686980602,0.0,0.0,0.004236899949066622,0.17857142857142858,0.0,0,10,9,26,,14,56,21,3.2000000000000006,0.04432132963988916,6.000000000000003,0.0831024930747922,16,30,16
132,D,all_agents,,,40,30,10,0,20,10,0.420022014781079,0.24338280256874875,0.9968848900548394,0.09804359342982084,903,30,0.75,0,0.0,0.0,31.35,5734,,,,,,,,,,,,,,,,,,,,,,,,,,,
132,D,participants_only,,,30,30,0,0,20,10,0.47928091451201854,0.2440089737384218,0.9968848900548394,0.1165129525847257,903,30,1.0,0,0.0,0.0,25.133333333333333,5734,,,,,,,,,,,,,,,,,,,,,,,,,,,
132,D,nonparticipants_only,,,10,0,10,0,0,0,0.2422453155882603,0.24177733752199795,0.3213186911075804,0.0004961095972476505,0,0,0.0,0,0.0,0.0,50.0,0,,,,,,,,,,,,,,,,,,,,,,,,,,,
132,D,step_totals,,,,,,,,,,,,,,,,,,,,,69.10000000000005,,,11.5,0.16642547033285082,47.0,0.6801736613603468,0.0,0.0,0.004747319547474302,0.2127659574468085,0.0,0,10,43,17,,23,47,28,4.600000000000001,0.06657018813314035,6.000000000000003,0.08683068017366133,23,30,30
133,D,all_agents,,,40,30,10,0,20,10,0.42032929163398425,0.2427726353019251,0.9970094944526458,0.09859680280947232,913,30,0.75,0,0.0,0.0,31.125,5789,,,,,,,,,,,,,,,,,,,,,,,,,,,
133,D,participants_only,,,30,30,0,0,20,10,0.47960405993783695,0.2427889288697297,0.9970094944526458,0.11724835157239348,913,30,1.0,0,0.0,0.0,24.833333333333332,5789,,,,,,,,,,,,,,,,,,,,,,,,,,,
133,D,nonparticipants_only,,,10,0,10,0,0,0,0.24250498672242612,0.24251015604034926,0.31971209765204245,0.00048017863100379863,0,0,0.0,0,0.0,0.0,50.0,0,,,,,,,,,,,,,,,,,,,,,,,,,,,
133,D,step_totals,,,,,,,,,,,,,,,,,,,,,72.20000000000007,,,7.0,0.09695290858725752,56.0,0.7756232686980602,0.0,0.0,0.0042428813613768265,0.17857142857142858,0.0,0,10,9,26,,14,56,21,3.2000000000000006,0.04432132963988916,6.000000000000003,0.0831024930747922,16,30,16
134,D,all_agents,,,40,30,10,0,20,10,0.42060754907709713,0.2437646308600049,0.9971291146745399,0.09867342248174797,923,30,0.75,0,0.0,0.0,31.35,5835,,,,,,,,,,,,,,,,,,,,,,,,,,,
134,D,participants_only,,,30,30,0,0,20,10,0.4798890260894675,0.24462882205643782,0.9971291146745399,0.11735255884022629,923,30,1.0,0,0.0,0.0,25.133333333333333,5835,,,,,,,,,,,,,,,,,,,,,,,,,,,
134,D,nonparticipants_only,,,10,0,10,0,0,0,0.24276311803998624,0.24261248994260332,0.3181135371637822,0.00046449120509476906,0,0,0.0,0,0.0,0.0,50.0,0,,,,,,,,,,,,,,,,,,,,,,,,,,,
134,D,step_totals,,,,,,,,,,,,,,,,,,,,,69.10000000000008,,,11.5,0.16642547033285074,47.0,0.6801736613603465,0.0,0.0,0.004754137809656932,0.2127659574468085,0.0,0,10,43,17,,23,47,28,4.600000000000001,0.06657018813314032,6.000000000000003,0.0868306801736613,23,30,30
135,D,all_agents,,,40,30,10,0,20,10,0.4208982586550611,0.2436100699439986,0.9972439500875583,0.09921633064300783,932,30,0.75,0,0.0,0.0,31.125,5891,,,,,,,,,,,,,,,,,,,,,,,,,,,
135,D,participants_only,,,30,30,0,0,20,10,0.48019107338393946,0.24340567794615564,0.9972439500875583,0.11807631900135547,932,30,1.0,0,0.0,0.0,24.833333333333332,5891,,,,,,,,,,,,,,,,,,,,,,,,,,,
135,D,nonparticipants_only,,,10,0,10,0,0,0,0.24301981446842608,0.24374006241927904,0.3165229694779633,0.00044871102628780046,0,0,0.0,0,0.0,0.0,50.0,0,,,,,,,,,,,,,,,,,,,,,,,,,,,
135,D,step_totals,,,,,,,,,,,,,,,,,,,,,72.20000000000007,,,7.0,0.09695290858725752,56.0,0.7756232686980602,0.0,0.0,0.004190426227058672,0.16071428571428573,0.0,0,9,9,26,,14,56,21,3.2000000000000006,0.04432132963988916,6.000000000000003,0.0831024930747922,16,30,16
136,D,all_agents,,,40,30,10,0,20,10,0.42116048126155436,0.24361209006669673,0.997354192084056,0.09928475725299012,940,30,0.75,0,0.0,0.0,31.35,5937,,,,,,,,,,,,,,,,,,,,,,,,,,,
136,D,participants_only,,,30,30,0,0,20,10,0.48045565545312613,0.24361209006669673,0.997354192084056,0.11817157706590131,940,30,1.0,0,0.0,0.0,25.133333333333333,5937,,,,,,,,,,,,,,,,,,,,,,,,,,,
136,D,nonparticipants_only,,,10,0,10,0,0,0,0.24327495868683907,0.2436328513501662,0.3149403546305735,0.0004332856253504484,0,0,0.0,0,0.0,0.0,50.0,0,,,,,,,,,,,,,,,,,,,,,,,,,,,
136,D,step_totals,,,,,,,,,,,,,,,,,,,,,69.10000000000007,,,11.5,0.1664254703328508,47.0,0.6801736613603466,0.0,0.0,0.004701210121833146,0.1702127659574468,0.0,0,8,43,17,,23,47,28,4.600000000000001,0.06657018813314033,6.000000000000003,0.08683068017366131,23,30,30
137,D,all_agents,,,40,30,10,0,20,10,0.4213818284331913,0.24336170770342413,0.9974600244006937,0.0997777396622288,951,30,0.75,0,0.0,0.0,31.125,5990,,,,,,,,,,,,,,,,,,,,,,,,,,,
137,D,participants_only,,,30,30,0,0,20,10,0.48066631717339275,0.24239402961636325,0.9974600244006937,0.11883874265078267,951,30,1.0,0,0.0,0.0,24.833333333333332,5990,,,,,,,,,,,,,,,,,,,,,,,,,,,
137,D,nonparticipants_only,,,10,0,10,0,0,0,0.24352836221258684,0.24405542730906832,0.31336565285742063,0.0004189234343222949,0,0,0.0,0,0.0,0.0,50.0,0,,,,,,,,,,,,,,,,,,,,,,,,,,,
137,D,step_totals,,,,,,,,,,,,,,,,,,,,,72.20000000000006,,,7.0,0.09695290858725754,56.0,0.7756232686980603,0.0,0.0,0.003961880525397987,0.19642857142857142,0.0,0,11,9,26,,14,56,21,3.2000000000000006,0.04432132963988917,6.000000000000003,0.08310249307479221,16,30,16
138,D,all_agents,,,40,30,10,0,20,10,0.42162920837249174,0.24383295727651802,0.9975616234246659,0.09983925684600922,957,30,0.75,0,0.0,0.0,31.35,6036,,,,,,,,,,,,,,,,,,,,,,,,,,,
138,D,participants_only,,,30,30,0,0,20,10,0.48091235592410764,0.2437219556986549,0.9975616234246659,0.11892553559474667,957,30,1.0,0,0.0,0.0,25.133333333333333,6036,,,,,,,,,,,,,,,,,,,,,,,,,,,
138,D,nonparticipants_only,,,10,0,10,0,0,0,0.2437797657176439,0.24414890705569736,0.3117988245931335,0.0004065215962768648,0,0,0.0,0,0.0,0.0,50.0,0,,,,,,,,,,,,,,,,,,,,,,,,,,,
138,D,step_totals,,,,,,,,,,,,,,,,,,,,,69.10000000000008,,,11.5,0.16642547033285074,47.0,0.6801736613603465,0.0,0.0,0.004651021910636085,0.1276595744680851,0.0,0,6,43,17,,23,47,28,4.600000000000001,0.06657018813314032,6.000000000000003,0.0868306801736613,23,30,30
139,D,all_agents,,,40,30,10,0,20,10,0.42183656118682855,0.24366100980416933,0.9976591584876793,0.1003221556690924,963,30,0.75,0,0.0,0.0,31.125,6089,,,,,,,,,,,,,,,,,,,,,,,,,,,
139,D,participants_only,,,30,30,0,0,20,10,0.48110546875892796,0.2425033459201616,0.9976591584876793,0.11958040726795414,963,30,1.0,0,0.0,0.0,24.833333333333332,6089,,,,,,,,,,,,,,,,,,,,,,,,,,,
139,D,nonparticipants_only,,,10,0,10,0,0,0,0.24402983847053028,0.24487810526311057,0.31023983047016784,0.0003937600150264033,0,0,0.0,0,0.0,0.0,50.0,0,,,,,,,,,,,,,,,,,,,,,,,,,,,
139,D,step_totals,,,,,,,,,,,,,,,,,,,,,72.20000000000006,,,7.0,0.09695290858725754,56.0,0.7756232686980603,0.0,0.0,0.003917464580031109,0.10714285714285714,0.0,0,6,9,26,,14,56,21,3.2000000000000006,0.04432132963988917,6.000000000000003,0.08310249307479221,16,30,16
140,D,all_agents,,,40,30,10,0,20,10,0.4220515866329095,0.24433538043174402,0.9977527921481721,0.10035988399093586,970,30,0.75,0,0.0,0.0,31.35,6135,,,,,,,,,,,,,,,,,,,,,,,,,,,
140,D,participants_only,,,30,30,0,0,20,10,0.48130927985493943,0.24313999512972712,0.9977527921481721,0.11964030333222449,970,30,1.0,0,0.0,0.0,25.133333333333333,6135,,,,,,,,,,,,,,,,,,,,,,,,,,,
140,D,nonparticipants_only,,,10,0,10,0,0,0,0.24427850696681977,0.24490869227392784,0.308688631317817,0.0003809354951154478,0,0,0.0,0,0.0,0.0,50.0,0,,,,,,,,,,,,,,,,,,,,,,,,,,,
140,D,step_totals,,,,,,,,,,,,,,,,,,,,,69.10000000000007,,,11.5,0.1664254703328508,47.0,0.6801736613603466,0.0,0.0,0.004540734653284262,0.14893617021276595,0.0,0,7,43,17,,23,47,28,4.600000000000001,0.06657018813314033,6.000000000000003,0.08683068017366131,23,30,30
140,D,reachability,0.25,0.0,,,,,,,,,,,,,,,,,,,,,,,,,,,,,,,,,,,,,,,,,,,,,
141,D,all_agents,,,40,30,10,0,20,10,0.4222732015475254,0.2449157605247667,0.9978426804622452,0.10085364066921386,975,30,0.75,0,0.0,0.0,31.125,6189,,,,,,,,,,,,,,,,,,,,,,,,,,,
141,D,participants_only,,,30,30,0,0,20,10,0.48152237518281726,0.24192429515407848,0.9978426804622452,0.12030686770477728,975,30,1.0,0,0.0,0.0,24.833333333333332,6189,,,,,,,,,,,,,,,,,,,,,,,,,,,
141,D,nonparticipants_only,,,10,0,10,0,0,0,0.24452568064164998,0.245600555354477,0.3071451881612279,0.00036838464494410824,0,0,0.0,0,0.0,0.0,50.0,0,,,,,,,,,,,,,,,,,,,,,,,,,,,
141,D,step_totals,,,,,,,,,,,,,,,,,,,,,72.20000000000006,,,7.0,0.09695290858725754,56.0,0.7756232686980603,0.0,0.0,0.003966540451551592,0.08928571428571429,0.0,0,5,9,26,,14,56,21,3.2000000000000006,0.04432132963988917,6.000000000000003,0.08310249307479221,16,30,16
142,D,all_agents,,,40,30,10,0,20,10,0.42247637322244386,0.24490320966010187,0.9979289732437554,0.10088441178366662,983,30,0.75,0,0.0,0.0,31.35,6235,,,,,,,,,,,,,,,,,,,,,,,,,,,
142,D,participants_only,,,30,30,0,0,20,10,0.48171136995211117,0.24373298421829734,0.9979289732437554,0.12035871889115372,983,30,1.0,0,0.0,0.0,25.133333333333333,6235,,,,,,,,,,,,,,,,,,,,,,,,,,,
142,D,nonparticipants_only,,,10,0,10,0,0,0,0.24477138303344198,0.245793041251273,0.30560946222042173,0.00035607241044101015,0,0,0.0,0,0.0,0.0,50.0,0,,,,,,,,,,,,,,,,,,,,,,,,,,,
142,D,step_totals,,,,,,,,,,,,,,,,,,,,,69.10000000000007,,,11.5,0.1664254703328508,47.0,0.6801736613603466,0.0,0.0,0.004501658614093884,0.1702127659574468,0.0,0,8,43,17,,23,47,28,4.600000000000001,0.06657018813314033,6.000000000000003,0.08683068017366131,23,30,30
143,D,all_agents,,,40,30,10,0,20,10,0.42268657935483495,0.2448813807002898,0.9980118143140052,0.10137048399915448,996,30,0.75,0,0.0,0.0,31.125,6290,,,,,,,,,,,,,,,,,,,,,,,,,,,
143,D,participants_only,,,30,30,0,0,20,10,0.4819103536331289,0.24251431929720585,0.9980118143140052,0.12101572817181414,996,30,1.0,0,0.0,0.0,24.833333333333332,6290,,,,,,,,,,,,,,,,,,,,,,,,,,,
143,D,nonparticipants_only,,,10,0,10,0,0,0,0.24501525651995307,0.24604548262429196,0.3040814149093196,0.00034528620397974763,0,0,0.0,0,0.0,0.0,50.0,0,,,,,,,,,,,,,,,,,,,,,,,,,,,
143,D,step_totals,,,,,,,,,,,,,,,,,,,,,72.20000000000006,,,7.0,0.09695290858725754,56.0,0.7756232686980603,0.0,0.0,0.003929745223487401,0.23214285714285715,0.0,0,13,9,26,,14,56,21,3.2000000000000006,0.04432132963988917,6.000000000000003,0.08310249307479221,16,30,16
144,D,all_agents,,,40,30,10,0,20,10,0.4228940373244194,0.24481525521117048,0.998091341741445,0.10140961098610433,1003,30,0.75,0,0.0,0.0,31.35,6335,,,,,,,,,,,,,,,,,,,,,,,,,,,
144,D,participants_only,,,30,30,0,0,20,10,0.4821062619580944,0.24276112524721427,0.998091341741445,0.12107653062015729,1003,30,1.0,0,0.0,0.0,25.133333333333333,6335,,,,,,,,,,,,,,,,,,,,,,,,,,,
144,D,nonparticipants_only,,,10,0,10,0,0,0,0.24525736342339438,0.24651073116993671,0.302561007834773,0.0003358015311200048,0,0,0.0,0,0.0,0.0,50.0,0,,,,,,,,,,,,,,,,,,,,,,,,,,,
144,D,step_totals,,,,,,,,,,,,,,,,,,,,,69.30000000000005,,,11.5,0.1659451659451658,47.0,0.6782106782106777,0.0,0.0,0.004504401321343435,0.14893617021276595,0.0,0,7,43,17,,23,47,28,4.800000000000002,0.06926406926406924,6.000000000000003,0.08658008658008655,24,30,30
145,D,all_agents,,,40,30,10,0,20,10,0.42309729501386806,0.2449874557678161,0.9981676880717871,0.10188947183031952,1009,30,0.75,0,0.0,0.0,31.125,6389,,,,,,,,,,,,,,,,,,,,,,,,,,,
145,D,participants_only,,,30,30,0,0,20,10,0.4822969715221364,0.2415473196209782,0.9981676880717871,0.12172566164921118,1009,30,1.0,0,0.0,0.0,24.833333333333332,6389,,,,,,,,,,,,,,,,,,,,,,,,,,,
145,D,nonparticipants_only,,,10,0,10,0,0,0,0.24549826548906303,0.24692404110082322,0.30104820279559913,0.0003256819894411317,0,0,0.0,0,0.0,0.0,50.0,0,,,,,,,,,,,,,,,,,,,,,,,,,,,
145,D,step_totals,,,,,,,,,,,,,,,,,,,,,72.20000000000006,,,7.0,0.09695290858725754,56.0,0.7756232686980603,0.0,0.0,0.003908060278114421,0.10714285714285714,0.0,0,6,9,26,,14,56,21,3.2000000000000006,0.04432132963988917,6.000000000000003,0.08310249307479221,16,30,16
146,D,all_agents,,,40,30,10,0,20,10,0.42323743137277453,0.24559377013252962,0.9982409805489156,0.10188459545457622,1013,30,0.75,0,0.0,0.0,31.35,6434,,,,,,,,,,,,,,,,,,,,,,,,,,,
146,D,participants_only,,,30,30,0,0,20,10,0.4824040066416734,0.24281626700788436,0.9982409805489156,0.12173810813230608,1013,30,1.0,0,0.0,0.0,25.133333333333333,6434,,,,,,,,,,,,,,,,,,,,,,,,,,,
146,D,nonparticipants_only,,,10,0,10,0,0,0,0.2457377055660779,0.24755426727293173,0.29954296178162115,0.00031585387278332586,0,0,0.0,0,0.0,0.0,50.0,0,,,,,,,,,,,,,,,,,,,,,,,,,,,
146,D,step_totals,,,,,,,,,,,,,,,,,,,,,69.30000000000007,,,11.5,0.16594516594516578,47.0,0.6782106782106776,0.0,0.0,0.004273248434599109,0.0851063829787234,0.0,0,4,43,17,,23,47,28,4.800000000000002,0.06926406926406922,6.000000000000003,0.08658008658008653,24,30,30
147,D,all_agents,,,40,30,10,0,20,10,0.423403595251585,0.24631649593656707,0.998311341326959,0.10233672496207577,1018,30,0.75,0,0.0,0.0,31.125,6487,,,,,,,,,,,,,,,,,,,,,,,,,,,
147,D,participants_only,,,30,30,0,0,20,10,0.4825462173458026,0.24160218567284492,0.998311341326959,0.12235550422971499,1018,30,1.0,0,0.0,0.0,24.833333333333332,6487,,,,,,,,,,,,,,,,,,,,,,,,,,,
147,D,nonparticipants_only,,,10,0,10,0,0,0,0.24597572896893208,0.24754208856643548,0.29804524697271306,0.00030619018100482123,0,0,0.0,0,0.0,0.0,50.0,0,,,,,,,,,,,,,,,,,,,,,,,,,,,
147,D,step_totals,,,,,,,,,,,,,,,,,,,,,72.20000000000006,,,7.0,0.09695290858725754,56.0,0.7756232686980603,0.0,0.0,0.003785464701081679,0.08928571428571429,0.0,0,5,9,26,,14,56,21,3.2000000000000006,0.04432132963988917,6.000000000000003,0.08310249307479221,16,30,16
148,D,all_agents,,,40,30,10,0,20,10,0.423573347149242,0.24618556169870928,0.9983788876738806,0.1023470841144936,1026,30,0.75,0,0.0,0.0,31.35,6533,,,,,,,,,,,,,,,,,,,,,,,,,,,
148,D,participants_only,,,30,30,0,0,20,10,0.48269373353598,0.2423093685092799,0.9983788876738806,0.12238281777239052,1026,30,1.0,0,0.0,0.0,25.133333333333333,6533,,,,,,,,,,,,,,,,,,,,,,,,,,,
148,D,nonparticipants_only,,,10,0,10,0,0,0,0.24621218798902791,0.24810045619274568,0.2965550207378495,0.00029724210259645176,0,0,0.0,0,0.0,0.0,50.0,0,,,,,,,,,,,,,,,,,,,,,,,,,,,
148,D,step_totals,,,,,,,,,,,,,,,,,,,,,69.10000000000007,,,11.5,0.1664254703328508,47.0,0.6801736613603466,0.0,0.0,0.0043896472417517705,0.1702127659574468,0.0,0,8,43,17,,23,47,28,4.600000000000001,0.06657018813314033,6.000000000000003,0.08683068017366131,23,30,30
149,D,all_agents,,,40,30,10,0,20,10,0.4237306974255029,0.2460831126143559,0.9984437321669254,0.10279314573557667,1030,30,0.75,0,0.0,0.0,31.125,6587,,,,,,,,,,,,,,,,,,,,,,,,,,,
149,D,participants_only,,,30,30,0,0,20,10,0.48282524964281526,0.2410978216667335,0.9984437321669254,0.12299246494029147,1030,30,1.0,0,0.0,0.0,24.833333333333332,6587,,,,,,,,,,,,,,,,,,,,,,,,,,,
149,D,nonparticipants_only,,,10,0,10,0,0,0,0.2464470407735659,0.2484939439854953,0.29507224563416024,0.000289194900256462,0,0,0.0,0,0.0,0.0,50.0,0,,,,,,,,,,,,,,,,,,,,,,,,,,,
149,D,step_totals,,,,,,,,,,,,,,,,,,,,,72.20000000000006,,,7.0,0.09695290858725754,56.0,0.7756232686980603,0.0,0.0,0.0037568870433308693,0.07142857142857142,0.0,0,4,9,26,,14,56,21,3.2000000000000006,0.04432132963988917,6.000000000000003,0.08310249307479221,16,30,16
150,D,all_agents,,,40,30,10,0,20,10,0.42386954973566987,0.24628741466667378,0.9985059828802484,0.10279080644364733,1036,30,0.75,0,0.0,0.0,31.35,6633,,,,,,,,,,,,,,,,,,,,,,,,,,,
150,D,participants_only,,,30,30,0,0,20,10,0.4829326444585813,0.2428766837886687,0.9985059828802484,0.12300657030983556,1036,30,1.0,0,0.0,0.0,25.133333333333333,6633,,,,,,,,,,,,,,,,,,,,,,,,,,,
150,D,nonparticipants_only,,,10,0,10,0,0,0,0.24668026556693548,0.24895049076071296,0.2935968844059894,0.0002821249461113171,0,0,0.0,0,0.0,0.0,50.0,0,,,,,,,,,,,,,,,,,,,,,,,,,,,
150,D,step_totals,,,,,,,,,,,,,,,,,,,,,69.10000000000008,,,11.5,0.16642547033285074,47.0,0.6801736613603465,0.0,0.0,0.004283069327483063,0.1276595744680851,0.0,0,6,43,17,,23,47,28,4.600000000000001,0.06657018813314032,6.000000000000003,0.0868306801736613,23,30,30
150,D,reachability,0.25,0.0,,,,,,,,,,,,,,,,,,,,,,,,,,,,,,,,,,,,,,,,,,,,,
151,D,all_agents,,,40,30,10,0,20,10,0.4240584748509067,0.2468644350817174,0.9985657435650385,0.10326367700162896,1046,30,0.75,0,0.0,0.0,31.125,6689,,,,,,,,,,,,,,,,,,,,,,,,,,,
151,D,participants_only,,,30,30,0,0,20,10,0.48310722511116955,0.24166230036972536,0.9985657435650385,0.12364628829917683,1046,30,1.0,0,0.0,0.0,24.833333333333332,6689,,,,,,,,,,,,,,,,,,,,,,,,,,,
151,D,nonparticipants_only,,,10,0,10,0,0,0,0.2469122240701183,0.24888184607255728,0.29212889998395947,0.00027478422139872144,0,0,0.0,0,0.0,0.0,50.0,0,,,,,,,,,,,,,,,,,,,,,,,,,,,
151,D,step_totals,,,,,,,,,,,,,,,,,,,,,72.20000000000006,,,7.0,0.09695290858725754,56.0,0.7756232686980603,0.0,0.0,0.0038622608756400693,0.17857142857142858,0.0,0,10,9,26,,14,56,21,3.2000000000000006,0.04432132963988917,6.000000000000003,0.08310249307479221,16,30,16
152,D,all_agents,,,40,30,10,0,20,10,0.4241969181014062,0.2472971102768263,0.998623113822437,0.1032552732239258,1052,30,0.75,0,0.0,0.0,31.35,6734,,,,,,,,,,,,,,,,,,,,,,,,,,,
152,D,participants_only,,,30,30,0,0,20,10,0.48321495852756396,0.24194771738532467,0.998623113822437,0.12365197176409853,1052,30,1.0,0,0.0,0.0,25.133333333333333,6734,,,,,,,,,,,,,,,,,,,,,,,,,,,
152,D,nonparticipants_only,,,10,0,10,0,0,0,0.24714279682293308,0.24960343404591195,0.2906682554840397,0.0002676284544846031,0,0,0.0,0,0.0,0.0,50.0,0,,,,,,,,,,,,,,,,,,,,,,,,,,,
152,D,step_totals,,,,,,,,,,,,,,,,,,,,,69.10000000000007,,,11.5,0.1664254703328508,47.0,0.6801736613603466,0.0,0.0,0.004283008298113542,0.1276595744680851,0.0,0,6,43,17,,23,47,28,4.600000000000001,0.06657018813314033,6.000000000000003,0.08683068017366131,23,30,30
153,D,all_agents,,,40,30,10,0,20,10,0.4243741415800231,0.24764402574574093,0.9986781892695394,0.10371993197017707,1063,30,0.75,0,0.0,0.0,31.125,6789,,,,,,,,,,,,,,,,,,,,,,,,,,,
153,D,participants_only,,,30,30,0,0,20,10,0.483374901374973,0.24073797879839806,0.9986781892695394,0.1242818499339224,1063,30,1.0,0,0.0,0.0,24.833333333333332,6789,,,,,,,,,,,,,,,,,,,,,,,,,,,
153,D,nonparticipants_only,,,10,0,10,0,0,0,0.24737186219517324,0.24975914093103674,0.2892149142066195,0.0002611022023644879,0,0,0.0,0,0.0,0.0,50.0,0,,,,,,,,,,,,,,,,,,,,,,,,,,,
153,D,step_totals,,,,,,,,,,,,,,,,,,,,,72.20000000000007,,,7.0,0.09695290858725752,56.0,0.7756232686980602,0.0,0.0,0.0038237132673343294,0.19642857142857142,0.0,0,11,9,26,,14,56,21,3.2000000000000006,0.04432132963988916,6.000000000000003,0.0831024930747922,16,30,16
154,D,all_agents,,,40,30,10,0,20,10,0.424531087531646,0.24751202443386916,0.9987310616987579,0.10372504714464259,1067,30,0.75,0,0.0,0.0,31.35,6836,,,,,,,,,,,,,,,,,,,,,,,,,,,
154,D,participants_only,,,30,30,0,0,20,10,0.4835082593730238,0.24195055048866876,0.9987310616987579,0.12430193096574693,1067,30,1.0,0,0.0,0.0,25.133333333333333,6836,,,,,,,,,,,,,,,,,,,,,,,,,,,
154,D,nonparticipants_only,,,10,0,10,0,0,0,0.24759957200751262,0.2502022224050937,0.2877688396355864,0.00025471410044067185,0,0,0.0,0,0.0,0.0,50.0,0,,,,,,,,,,,,,,,,,,,,,,,,,,,
154,D,step_totals,,,,,,,,,,,,,,,,,,,,,69.10000000000005,,,11.5,0.16642547033285082,47.0,0.6801736613603468,0.0,0.0,0.004348648730045794,0.0851063829787234,0.0,0,4,43,17,,23,47,28,4.600000000000001,0.06657018813314035,6.000000000000003,0.08683068017366133,23,30,30
155,D,all_agents,,,40,30,10,0,20,10,0.4246625507435942,0.24826748862570697,0.9987818192308076,0.10415068463803925,1074,30,0.75,0,0.0,0.0,31.125,6888,,,,,,,,,,,,,,,,,,,,,,,,,,,
155,D,participants_only,,,30,30,0,0,20,10,0.4836081322071216,0.24074079773622542,0.9987818192308076,0.12488627821244613,1074,30,1.0,0,0.0,0.0,24.833333333333332,6888,,,,,,,,,,,,,,,,,,,,,,,,,,,
155,D,nonparticipants_only,,,10,0,10,0,0,0,0.24782580635301185,0.2502964802552071,0.2863299954374085,0.0002489250259384222,0,0,0.0,0,0.0,0.0,50.0,0,,,,,,,,,,,,,,,,,,,,,,,,,,,
155,D,step_totals,,,,,,,,,,,,,,,,,,,,,72.20000000000007,,,7.0,0.09695290858725752,56.0,0.7756232686980602,0.0,0.0,0.003672636112688129,0.125,0.0,0,7,9,26,,14,56,21,3.2000000000000006,0.04432132963988916,6.000000000000003,0.0831024930747922,16,30,16
156,D,all_agents,,,40,30,10,0,20,10,0.4248094266879627,0.24836673755363062,0.9988305464615752,0.10414916965376796,1079,30,0.75,0,0.0,0.0,31.35,6934,,,,,,,,,,,,,,,,,,,,,,,,,,,
156,D,participants_only,,,30,30,0,0,20,10,0.48372906405748833,0.2415154012289668,0.9988305464615752,0.1248981599308249,1079,30,1.0,0,0.0,0.0,25.133333333333333,6934,,,,,,,,,,,,,,,,,,,,,,,,,,,
156,D,nonparticipants_only,,,10,0,10,0,0,0,0.2480505145793856,0.25093427839494803,0.28489834546022147,0.00024391480952021884,0,0,0.0,0,0.0,0.0,50.0,0,,,,,,,,,,,,,,,,,,,,,,,,,,,
156,D,step_totals,,,,,,,,,,,,,,,,,,,,,69.10000000000007,,,11.5,0.1664254703328508,47.0,0.6801736613603466,0.0,0.0,0.004314213230498127,0.10638297872340426,0.0,0,5,43,17,,23,47,28,4.600000000000001,0.06657018813314033,6.000000000000003,0.08683068017366131,23,30,30
