step,condition,population,skill_reachability,resource_reachability,n_agents,maker_count,stage_consumer,stage_customizer,stage_maker,stage_advanced_maker,skill_mean,skill_median,skill_max,skill_var,method_count_total,method_holders,method_adoption_rate,method_peer_held,knowledge_diffusion_lag_mean,hop_count_mean,latent_distributed_resources,completed_projects_total,time_total,time_observe,time_share_observe,time_practice,time_share_practice,time_make,time_share_make,time_idle,time_share_idle,skill_gain_per_time,method_self_discovery_per_time,method_peer_acquisition_per_time,peer_acquired_count,self_discovered_count,reject_time_budget_exceeded,reject_missing_asset,count_observe,count_practice,count_make,count_idle,time_ask,time_share_ask,time_share,time_share_share,count_ask,count_share,reject_insufficient_material
0,D,reachability,0.875,0.0,,,,,,,,,,,,,,,,,,,,,,,,,,,,,,,,,,,,,,,,,,,,,
1,D,all_agents,,,40,0,19,21,0,0,0.1619022347920243,0.1385246914331097,0.5912058301830839,0.011490901399829785,5,5,0.125,0,0.0,0.0,25.7,28,,,,,,,,,,,,,,,,,,,,,,,,,,,
1,D,participants_only,,,30,0,9,21,0,0,0.15031454479455703,0.12350124182784061,0.5912058301830839,0.011052796167217946,5,5,0.16666666666666666,0,0.0,0.0,24.266666666666666,28,,,,,,,,,,,,,,,,,,,,,,,,,,,
1,D,nonparticipants_only,,,10,0,10,0,0,0,0.19666530478442618,0.1887078588318021,0.5802469307275154,0.011193922383936461,0,0,0.0,0,0.0,0.0,30.0,0,,,,,,,,,,,,,,,,,,,,,,,,,,,
1,D,step_totals,,,,,,,,,,,,,,,,,,,,,83.99999999999997,4.000000000000002,0.04761904761904766,20.0,0.23809523809523817,60.0,0.7142857142857145,0.0,0.0,0.01877224214069165,0.08333333333333333,0.0,0,5,30,14,40,40,60,35,,,,,,,
2,D,all_agents,,,40,1,13,26,1,0,0.16772734471411863,0.14333770980546834,0.6075575969757606,0.011342534076447185,7,6,0.15,0,0.0,0.0,26.45,56,,,,,,,,,,,,,,,,,,,,,,,,,,,
2,D,participants_only,,,30,1,3,26,1,0,0.1578778068970145,0.13119346676966132,0.6075575969757606,0.011153732553882972,7,6,0.2,0,0.0,0.0,23.6,56,,,,,,,,,,,,,,,,,,,,,,,,,,,
2,D,nonparticipants_only,,,10,0,10,0,0,0,0.19727595816543092,0.1888922662453903,0.5773456960738779,0.010744777901613054,0,0,0.0,0,0.0,0.0,35.0,0,,,,,,,,,,,,,,,,,,,,,,,,,,,
2,D,step_totals,,,,,,,,,,,,,,,,,,,,,86.6,4.000000000000002,0.046189376443418036,20.0,0.2309468822170901,59.0,0.6812933025404158,0.0,0.0,0.017655926751554946,0.03389830508474576,0.0,0,2,24,10,40,40,59,34,2.8000000000000003,0.03233256351039261,0.8,0.009237875288683604,14,4,
3,D,all_agents,,,40,1,10,29,1,0,0.1740740487961097,0.14999933169452534,0.6232552930967302,0.011441715501089385,8,7,0.175,0,0.0,0.0,27.775,91,,,,,,,,,,,,,,,,,,,,,,,,,,,
3,D,participants_only,,,30,1,0,29,1,0,0.16613956767017032,0.14242354783016797,0.6232552930967302,0.011563002758829686,8,7,0.23333333333333334,0,0.0,0.0,23.7,91,,,,,,,,,,,,,,,,,,,,,,,,,,,
3,D,nonparticipants_only,,,10,0,10,0,0,0,0.19787749217392772,0.18794780491416335,0.5744589675935085,0.010322381839013831,0,0,0.0,0,0.0,0.0,40.0,0,,,,,,,,,,,,,,,,,,,,,,,,,,,
3,D,step_totals,,,,,,,,,,,,,,,,,,,,,86.39999999999999,4.000000000000002,0.04629629629629632,20.0,0.2314814814814815,59.0,0.6828703703703705,0.0,0.0,0.019137124311826407,0.01694915254237288,0.0,0,1,25,10,40,40,59,34,2.4,0.02777777777777778,1.0,0.011574074074074075,12,5,
4,D,all_agents,,,40,2,10,28,2,0,0.1790834400387201,0.15631969175571425,0.6201390166312466,0.011333789512634392,11,9,0.225,0,0.0,0.0,29.0,113,,,,,,,,,,,,,,,,,,,,,,,,,,,
4,D,participants_only,,,30,2,0,28,2,0,0.17262133083689912,0.14353343077540995,0.6201390166312466,0.01163555774578731,11,9,0.3,0,0.0,0.0,23.666666666666668,113,,,,,,,,,,,,,,,,,,,,,,,,,,,
4,D,nonparticipants_only,,,10,0,10,0,0,0,0.198469767644183,0.1870080658895925,0.5715866727555409,0.009927378549140529,0,0,0.0,0,0.0,0.0,45.0,0,,,,,,,,,,,,,,,,,,,,,,,,,,,
4,D,step_totals,,,,,,,,,,,,,,,,,,,,,88.40000000000002,4.000000000000002,0.045248868778280556,20.0,0.22624434389140266,58.0,0.6561085972850678,0.0,0.0,0.0152156804787956,0.05172413793103448,0.0,0,3,10,21,40,40,58,39,5.000000000000002,0.056561085972850686,1.4,0.015837104072398186,25,7,23
5,D,all_agents,,,40,2,10,28,2,0,0.18364306424295515,0.15712289794627377,0.6170383215480904,0.011078038663133654,16,12,0.3,0,0.0,0.0,30.775,131,,,,,,,,,,,,,,,,,,,,,,,,,,,
5,D,participants_only,,,30,2,0,28,2,0,0.17850564731843768,0.1489030282040969,0.6170383215480904,0.011482004027427,16,12,0.4,0,0.0,0.0,24.366666666666667,131,,,,,,,,,,,,,,,,,,,,,,,,,,,
5,D,nonparticipants_only,,,10,0,10,0,0,0,0.19905531501650767,0.18607302556014454,0.5687287393917632,0.009549425938377789,0,0,0.0,0,0.0,0.0,50.0,0,,,,,,,,,,,,,,,,,,,,,,,,,,,
5,D,step_totals,,,,,,,,,,,,,,,,,,,,,87.40000000000003,3.4000000000000017,0.03890160183066362,20.0,0.22883295194508,56.0,0.640732265446224,0.0,0.0,0.01423683197575408,0.08928571428571429,0.0,0,5,8,21,34,40,56,38,6.200000000000003,0.07093821510297484,1.7999999999999998,0.020594965675057197,31,9,34
6,D,all_agents,,,40,3,10,27,3,0,0.18853998835373295,0.1679560850781152,0.6323567886861667,0.011005835424034318,23,15,0.375,0,0.0,0.0,31.3,155,,,,,,,,,,,,,,,,,,,,,,,,,,,
6,D,participants_only,,,30,3,0,27,3,0,0.18484254358705943,0.1549595593256698,0.6323567886861667,0.011554598166659592,23,15,0.5,0,0.0,0.0,25.066666666666666,155,,,,,,,,,,,,,,,,,,,,,,,,,,,
6,D,nonparticipants_only,,,10,0,10,0,0,0,0.1996323226537534,0.18514266043234384,0.5658850956948044,0.009195494022527279,0,0,0.0,0,0.0,0.0,50.0,0,,,,,,,,,,,,,,,,,,,,,,,,,,,
6,D,step_totals,,,,,,,,,,,,,,,,,,,,,84.40000000000003,2.600000000000001,0.030805687203791468,20.0,0.23696682464454966,53.0,0.6279620853080566,0.0,0.0,0.01573289271918386,0.1320754716981132,0.0,0,7,11,28,26,40,53,40,6.400000000000003,0.07582938388625593,2.4,0.02843601895734596,32,12,34
7,D,all_agents,,,40,4,10,26,4,0,0.19372809662852591,0.16954828545582934,0.6291950047427359,0.01088871478213219,26,15,0.375,0,0.0,0.0,31.575,180,,,,,,,,,,,,,,,,,,,,,,,,,,,
7,D,participants_only,,,30,4,0,26,4,0,0.1915696018002881,0.16706011588195596,0.6291950047427359,0.011548108643204227,26,15,0.5,0,0.0,0.0,25.433333333333334,180,,,,,,,,,,,,,,,,,,,,,,,,,,,
7,D,nonparticipants_only,,,10,0,10,0,0,0,0.2002035811132395,0.1842169471301821,0.5630556702163304,0.008854623999833718,0,0,0.0,0,0.0,0.0,50.0,0,,,,,,,,,,,,,,,,,,,,,,,,,,,
7,D,step_totals,,,,,,,,,,,,,,,,,,,,,89.00000000000007,1.2,0.013483146067415719,20.0,0.22471910112359533,58.0,0.6516853932584264,0.0,0.0,0.015685099619768005,0.05172413793103448,0.0,0,3,14,25,12,40,58,39,6.800000000000003,0.07640449438202244,3.0000000000000004,0.033707865168539304,34,15,39
8,D,all_agents,,,40,4,10,26,4,0,0.1988613571068654,0.17239616583341005,0.6440272045530265,0.010962539257454796,29,16,0.4,0,0.0,0.0,31.975,207,,,,,,,,,,,,,,,,,,,,,,,,,,,
8,D,participants_only,,,30,4,0,26,4,0,0.19822612818892887,0.1700713020944588,0.6440272045530265,0.011770188018615593,29,16,0.5333333333333333,0,0.0,0.0,25.966666666666665,207,,,,,,,,,,,,,,,,,,,,,,,,,,,
8,D,nonparticipants_only,,,10,0,10,0,0,0,0.200767043860675,0.1832958623945312,0.5602403918652488,0.008534750784634216,0,0,0.0,0,0.0,0.0,50.0,0,,,,,,,,,,,,,,,,,,,,,,,,,,,
8,D,step_totals,,,,,,,,,,,,,,,,,,,,,85.80000000000007,0.4,0.0046620046620046585,20.0,0.23310023310023292,56.0,0.6526806526806521,0.0,0.0,0.016123766986273,0.05357142857142857,0.0,0,3,17,30,4,40,56,40,6.400000000000003,0.07459207459207456,3.0000000000000004,0.03496503496503494,32,15,36
9,D,all_agents,,,40,5,10,25,5,0,0.20418470895878083,0.178079728671101,0.6408070685302614,0.011038013125904947,33,18,0.45,0,0.0,0.0,31.9,235,,,,,,,,,,,,,,,,,,,,,,,,,,,
9,D,participants_only,,,30,5,0,25,5,0,0.20513782497212946,0.17602817859854467,0.6408070685302614,0.011971929728222416,33,18,0.6,0,0.0,0.0,25.866666666666667,235,,,,,,,,,,,,,,,,,,,,,,,,,,,
9,D,nonparticipants_only,,,10,0,10,0,0,0,0.201325360918735,0.18237938308255852,0.5574391899059226,0.008225362157333722,0,0,0.0,0,0.0,0.0,50.0,0,,,,,,,,,,,,,,,,,,,,,,,,,,,
9,D,step_totals,,,,,,,,,,,,,,,,,,,,,90.50000000000007,0.1,0.001104972375690607,20.0,0.22099447513812137,60.0,0.6629834254143642,0.0,0.0,0.015809868569302925,0.06666666666666667,0.0,0,4,17,25,1,40,60,39,7.200000000000004,0.07955801104972374,3.2000000000000006,0.03535911602209943,36,16,45
10,D,all_agents,,,40,6,10,24,6,0,0.20925317642854627,0.18081353390378263,0.6551747857890509,0.011370438737398245,37,19,0.475,0,0.0,0.0,31.8,264,,,,,,,,,,,,,,,,,,,,,,,,,,,
10,D,participants_only,,,30,6,0,24,6,0,0.2117117885567427,0.17967191591432338,0.6551747857890509,0.012492730052824036,37,19,0.6333333333333333,0,0.0,0.0,25.733333333333334,264,,,,,,,,,,,,,,,,,,,,,,,,,,,
10,D,nonparticipants_only,,,10,0,10,0,0,0,0.20187734004395697,0.18146748616714575,0.554651993956393,0.007931027507957898,0,0,0.0,0,0.0,0.0,50.0,0,,,,,,,,,,,,,,,,,,,,,,,,,,,
10,D,step_totals,,,,,,,,,,,,,,,,,,,,,85.50000000000007,0.1,0.001169590643274853,20.0,0.23391812865497055,56.0,0.6549707602339175,0.0,0.0,0.015988443617101653,0.07142857142857142,0.0,0,4,17,30,1,40,56,39,5.8000000000000025,0.0678362573099415,3.600000000000001,0.042105263157894715,29,18,34
10,D,reachability,0.525,0.0,,,,,,,,,,,,,,,,,,,,,,,,,,,,,,,,,,,,,,,,,,,,,
11,D,all_agents,,,40,8,10,22,8,0,0.21436101391740556,0.18257380475243165,0.6518989118601056,0.011664107614886043,41,19,0.475,0,0.0,0.0,31.575,293,,,,,,,,,,,,,,,,,,,,,,,,,,,
11,D,participants_only,,,30,8,0,22,8,0,0.21834001761651575,0.18578468234159984,0.6518989118601056,0.012939533433458187,41,19,0.6333333333333333,0,0.0,0.0,25.433333333333334,293,,,,,,,,,,,,,,,,,,,,,,,,,,,
11,D,nonparticipants_only,,,10,0,10,0,0,0,0.202424002820075,0.18056014873631,0.551878733986611,0.0076478405139192235,0,0,0.0,0,0.0,0.0,50.0,0,,,,,,,,,,,,,,,,,,,,,,,,,,,
11,D,step_totals,,,,,,,,,,,,,,,,,,,,,88.90000000000009,0.1,0.0011248593925759268,20.0,0.22497187851518538,58.0,0.6524184476940376,0.0,0.0,0.015540788744764708,0.06896551724137931,0.0,0,4,15,26,1,40,58,39,7.0000000000000036,0.07874015748031492,3.800000000000001,0.04274465691788523,35,19,47
12,D,all_agents,,,40,9,10,21,9,0,0.21974197342100796,0.18857934593728304,0.6658229553857014,0.01224895710123594,48,22,0.55,0,0.0,0.0,31.6,330,,,,,,,,,,,,,,,,,,,,,,,,,,,
12,D,participants_only,,,30,9,0,21,9,0,0.22533427102668727,0.19146104915223974,0.6658229553857014,0.013747929889899188,48,22,0.7333333333333333,0,0.0,0.0,25.466666666666665,330,,,,,,,,,,,,,,,,,,,,,,,,,,,
12,D,nonparticipants_only,,,10,0,10,0,0,0,0.20296508060397006,0.17965734799262845,0.549119340316678,0.007376753225120352,0,0,0.0,0,0.0,0.0,50.0,0,,,,,,,,,,,,,,,,,,,,,,,,,,,
12,D,step_totals,,,,,,,,,,,,,,,,,,,,,80.60000000000008,,,20.0,0.24813895781637693,51.0,0.6327543424317612,0.0,0.0,0.01797545823917125,0.13725490196078433,0.0,0,7,14,41,,40,51,38,5.8000000000000025,0.07196029776674934,3.800000000000001,0.04714640198511163,29,19,38
13,D,all_agents,,,40,10,10,20,10,0,0.22440294664836558,0.19323387953991383,0.6624938406087728,0.012612086316541343,51,24,0.6,0,0.0,0.0,31.25,356,,,,,,,,,,,,,,,,,,,,,,,,,,,
13,D,participants_only,,,30,10,0,20,10,0,0.23137012780638178,0.19725914585814655,0.6624938406087728,0.014250420840670958,51,24,0.8,0,0.0,0.0,25.0,356,,,,,,,,,,,,,,,,,,,,,,,,,,,
13,D,nonparticipants_only,,,10,0,10,0,0,0,0.203501403174317,0.1787590612526653,0.5463737436150946,0.007114583384689112,0,0,0.0,0,0.0,0.0,50.0,0,,,,,,,,,,,,,,,,,,,,,,,,,,,
13,D,step_totals,,,,,,,,,,,,,,,,,,,,,89.7000000000001,,,19.5,0.21739130434782583,59.0,0.6577480490523961,0.0,0.0,0.014195510063854543,0.05084745762711865,0.0,0,3,14,23,,39,59,38,6.800000000000003,0.07580824972129314,4.400000000000001,0.04905239687848379,34,22,47
14,D,all_agents,,,40,11,10,19,11,0,0.22910342653990756,0.1950332208783122,0.6759940869844219,0.013322605731932259,53,25,0.625,0,0.0,0.0,31.425,389,,,,,,,,,,,,,,,,,,,,,,,,,,,
14,D,participants_only,,,30,11,0,19,11,0,0.23746051092065723,0.1994973939571727,0.6759940869844219,0.015195969975320455,53,25,0.8333333333333334,0,0.0,0.0,25.233333333333334,389,,,,,,,,,,,,,,,,,,,,,,,,,,,
14,D,nonparticipants_only,,,10,0,10,0,0,0,0.20403217339765858,0.17786526594640198,0.5436418748970191,0.006864422689604037,0,0,0.0,0,0.0,0.0,50.0,0,,,,,,,,,,,,,,,,,,,,,,,,,,,
14,D,step_totals,,,,,,,,,,,,,,,,,,,,,79.40000000000009,,,20.0,0.2518891687657428,49.0,0.6171284634760699,0.0,0.0,0.01621356276742743,0.04081632653061224,0.0,0,2,12,44,,40,49,38,5.600000000000002,0.070528967254408,4.800000000000002,0.06045340050377829,28,24,39
15,D,all_agents,,,40,12,10,18,12,0,0.2335261697511851,0.19405805477392069,0.6726141165494998,0.013963553903788577,60,26,0.65,0,0.0,0.0,31.2,417,,,,,,,,,,,,,,,,,,,,,,,,,,,
15,D,participants_only,,,30,12,0,18,12,0,0.24318183323545964,0.20383728792747224,0.6726141165494998,0.016038701301555016,60,26,0.8666666666666667,0,0.0,0.0,24.933333333333334,417,,,,,,,,,,,,,,,,,,,,,,,,,,,
15,D,nonparticipants_only,,,10,0,10,0,0,0,0.2045591792983614,0.17697593961666996,0.540923665522534,0.0066193296626306155,0,0,0.0,0,0.0,0.0,50.0,0,,,,,,,,,,,,,,,,,,,,,,,,,,,
15,D,step_totals,,,,,,,,,,,,,,,,,,,,,88.20000000000009,0.1,0.0011337868480725613,19.5,0.22108843537414943,57.0,0.6462585034013599,0.0,0.0,0.013873617382984529,0.12280701754385964,0.0,0,7,11,24,1,39,57,38,6.600000000000003,0.07482993197278907,5.000000000000002,0.05668934240362808,33,25,50
16,D,all_agents,,,40,15,10,15,15,0,0.23853993662922965,0.19503387328342991,0.6857095518875198,0.014843786042689515,64,26,0.65,0,0.0,0.0,31.375,456,,,,,,,,,,,,,,,,,,,,,,,,,,,
16,D,participants_only,,,30,15,0,15,15,0,0.24969292798543116,0.21027008033287675,0.6857095518875198,0.017165816079239022,64,26,0.8666666666666667,0,0.0,0.0,25.166666666666668,456,,,,,,,,,,,,,,,,,,,,,,,,,,,
16,D,nonparticipants_only,,,10,0,10,0,0,0,0.20508096256062508,0.1772007035402233,0.5382190471949213,0.006385025338742919,0,0,0.0,0,0.0,0.0,50.0,0,,,,,,,,,,,,,,,,,,,,,,,,,,,
16,D,step_totals,,,,,,,,,,,,,,,,,,,,,79.60000000000008,,,20.0,0.25125628140703493,49.0,0.6155778894472356,0.0,0.0,0.01714097545625686,0.08163265306122448,0.0,0,4,12,43,,40,49,37,5.600000000000002,0.0703517587939698,5.000000000000002,0.06281407035175875,28,25,37
17,D,all_agents,,,40,18,10,12,18,0,0.24307967759135174,0.19721315544798426,0.6822810041280822,0.015618881964791182,70,27,0.675,0,0.0,0.0,31.15,488,,,,,,,,,,,,,,,,,,,,,,,,,,,
17,D,participants_only,,,30,18,0,12,18,0,0.2555734768283944,0.21400639009480005,0.6822810041280822,0.018147945156289945,70,27,0.9,0,0.0,0.0,24.866666666666667,488,,,,,,,,,,,,,,,,,,,,,,,,,,,
17,D,nonparticipants_only,,,10,0,10,0,0,0,0.2055982798802238,0.17785045327527282,0.5355279519589466,0.006158552157788572,0,0,0.0,0,0.0,0.0,50.0,0,,,,,,,,,,,,,,,,,,,,,,,,,,,
17,D,step_totals,,,,,,,,,,,,,,,,,,,,,87.8000000000001,,,19.0,0.21640091116173096,57.0,0.6492027334851929,0.0,0.0,0.014264442723886986,0.10526315789473684,0.0,0,6,11,23,,38,57,36,6.600000000000003,0.07517084282460132,5.200000000000002,0.05922551252847376,33,26,50
18,D,all_agents,,,40,20,10,10,20,0,0.24767771381711692,0.20460695100591675,0.694989763962959,0.016633844662577342,75,27,0.675,0,0.0,0.0,31.375,526,,,,,,,,,,,,,,,,,,,,,,,,,,,
18,D,participants_only,,,30,20,0,10,20,0,0.26153331608673897,0.21329835001731007,0.694989763962959,0.019430319446461446,75,27,0.9,0,0.0,0.0,25.166666666666668,526,,,,,,,,,,,,,,,,,,,,,,,,,,,
18,D,nonparticipants_only,,,10,0,10,0,0,0,0.20611090700825088,0.1795915089513529,0.5328503121991519,0.005940687739877586,0,0,0.0,0,0.0,0.0,50.0,0,,,,,,,,,,,,,,,,,,,,,,,,,,,
18,D,step_totals,,,,,,,,,,,,,,,,,,,,,78.10000000000008,,,19.5,0.24967989756722125,48.0,0.6145966709346985,0.0,0.0,0.01624024237066707,0.10416666666666667,0.0,0,5,13,44,,39,48,36,5.400000000000002,0.06914212548015361,5.200000000000002,0.0665813060179257,27,26,36
19,D,all_agents,,,40,23,10,7,23,0,0.25225917432381145,0.20465126850045745,0.6915148151431442,0.017525199135703093,81,27,0.675,0,0.0,0.0,31.15,561,,,,,,,,,,,,,,,,,,,,,,,,,,,
19,D,participants_only,,,30,23,0,7,23,0,0.26747238708223037,0.21223185826722352,0.6915148151431442,0.02053152056217587,81,27,0.9,0,0.0,0.0,24.866666666666667,561,,,,,,,,,,,,,,,,,,,,,,,,,,,
19,D,nonparticipants_only,,,10,0,10,0,0,0,0.2066195360485545,0.18077618467929912,0.5301860606381561,0.0057289327470897025,0,0,0.0,0,0.0,0.0,50.0,0,,,,,,,,,,,,,,,,,,,,,,,,,,,
19,D,step_totals,,,,,,,,,,,,,,,,,,,,,87.80000000000011,,,19.0,0.21640091116173094,57.0,0.6492027334851928,0.0,0.0,0.014402410434691412,0.10526315789473684,0.0,0,6,11,21,,38,57,36,6.400000000000003,0.07289293849658308,5.400000000000002,0.06150341685649197,32,27,50
20,D,all_agents,,,40,24,10,6,23,1,0.2565343409103257,0.20752873876995254,0.7038542225374184,0.018604971428455786,83,27,0.675,0,0.0,0.0,31.375,598,,,,,,,,,,,,,,,,,,,,,,,,,,,
20,D,participants_only,,,30,24,0,6,23,1,0.2730048369206613,0.22070618110977852,0.7038542225374184,0.02187876480103557,83,27,0.9,0,0.0,0.0,25.166666666666668,598,,,,,,,,,,,,,,,,,,,,,,,,,,,
20,D,nonparticipants_only,,,10,0,10,0,0,0,0.20712285287931864,0.18237981086351734,0.5275351303349654,0.005528264444798629,0,0,0.0,0,0.0,0.0,50.0,0,,,,,,,,,,,,,,,,,,,,,,,,,,,
20,D,step_totals,,,,,,,,,,,,,,,,,,,,,78.30000000000007,,,19.5,0.2490421455938695,48.0,0.6130268199233712,0.0,0.0,0.015234415576290659,0.041666666666666664,0.0,0,2,13,45,,39,48,36,5.400000000000002,0.06896551724137928,5.400000000000002,0.06896551724137928,27,27,36
20,D,reachability,0.2,0.0,,,,,,,,,,,,,,,,,,,,,,,,,,,,,,,,,,,,,,,,,,,,,
21,D,all_agents,,,40,26,10,4,25,1,0.26090696533494795,0.20999830599852787,0.7098711643943245,0.019533037796297472,93,29,0.725,0,0.0,0.0,31.15,633,,,,,,,,,,,,,,,,,,,,,,,,,,,
21,D,participants_only,,,30,26,0,4,25,1,0.27866836491244534,0.22592947459508372,0.7098711643943245,0.023005059341177744,93,29,0.9666666666666667,0,0.0,0.0,24.866666666666667,633,,,,,,,,,,,,,,,,,,,,,,,,,,,
21,D,nonparticipants_only,,,10,0,10,0,0,0,0.20762276660245574,0.18422289180533657,0.5248974546832905,0.005331365382238357,0,0,0.0,0,0.0,0.0,50.0,0,,,,,,,,,,,,,,,,,,,,,,,,,,,
21,D,step_totals,,,,,,,,,,,,,,,,,,,,,87.8000000000001,,,19.0,0.21640091116173096,57.0,0.6492027334851929,0.0,0.0,0.013853535308972589,0.17543859649122806,0.0,0,10,11,21,,38,57,36,6.400000000000003,0.0728929384965831,5.400000000000002,0.06150341685649199,32,27,50
22,D,all_agents,,,40,27,10,3,26,1,0.2651252310778542,0.21462372273682467,0.7214763178185515,0.020819840798304914,97,29,0.725,0,0.0,0.0,31.375,674,,,,,,,,,,,,,,,,,,,,,,,,,,,
22,D,participants_only,,,30,27,0,3,26,1,0.28412771483903243,0.22479982722210828,0.7214763178185515,0.0246007478662085,97,29,0.9666666666666667,0,0.0,0.0,25.166666666666668,674,,,,,,,,,,,,,,,,,,,,,,,,,,,
22,D,nonparticipants_only,,,10,0,10,0,0,0,0.20811777979431947,0.1851160531979273,0.5222729674098741,0.005143986925468054,0,0,0.0,0,0.0,0.0,50.0,0,,,,,,,,,,,,,,,,,,,,,,,,,,,
22,D,step_totals,,,,,,,,,,,,,,,,,,,,,77.50000000000007,,,18.5,0.23870967741935462,48.0,0.6193548387096769,0.0,0.0,0.015270237319346597,0.08333333333333333,0.0,0,4,14,45,,37,48,33,5.200000000000002,0.06709677419354836,5.8000000000000025,0.07483870967741932,26,29,34
23,D,all_agents,,,40,28,10,2,27,1,0.26948233741990657,0.2148365347653961,0.7326172651058094,0.021882112237070706,108,29,0.725,0,0.0,0.0,31.15,712,,,,,,,,,,,,,,,,,,,,,,,,,,,
23,D,participants_only,,,30,28,0,2,27,1,0.2897735035972938,0.2310212752982499,0.7326172651058094,0.025875034986172493,108,29,0.9666666666666667,0,0.0,0.0,24.866666666666667,712,,,,,,,,,,,,,,,,,,,,,,,,,,,
23,D,nonparticipants_only,,,10,0,10,0,0,0,0.20860883888774495,0.18527844548905106,0.5196616025728247,0.004962566891705227,0,0,0.0,0,0.0,0.0,50.0,0,,,,,,,,,,,,,,,,,,,,,,,,,,,
23,D,step_totals,,,,,,,,,,,,,,,,,,,,,87.8000000000001,,,19.0,0.21640091116173096,57.0,0.6492027334851929,0.0,0.0,0.013823236239641714,0.19298245614035087,0.0,0,11,11,20,,38,57,36,6.000000000000003,0.06833712984054666,5.8000000000000025,0.06605922551252844,30,29,50
24,D,all_agents,,,40,29,10,1,28,1,0.27354063742181745,0.2153719101112532,0.743312574501577,0.023255291359892936,113,29,0.725,0,0.0,0.0,31.375,755,,,,,,,,,,,,,,,,,,,,,,,,,,,
24,D,participants_only,,,30,29,0,1,28,1,0.2950224570558821,0.23443085130151403,0.743312574501577,0.027564540561893752,113,29,0.9666666666666667,0,0.0,0.0,25.166666666666668,755,,,,,,,,,,,,,,,,,,,,,,,,,,,
24,D,nonparticipants_only,,,10,0,10,0,0,0,0.20909517851962348,0.18682487310212423,0.5170632945599606,0.0047899208564046595,0,0,0.0,0,0.0,0.0,50.0,0,,,,,,,,,,,,,,,,,,,,,,,,,,,
24,D,step_totals,,,,,,,,,,,,,,,,,,,,,76.50000000000009,,,17.5,0.22875816993464027,48.0,0.6274509803921562,0.0,0.0,0.015023174853505013,0.10416666666666667,0.0,0,5,14,45,,35,48,32,5.200000000000002,0.06797385620915028,5.8000000000000025,0.07581699346405224,26,29,32
25,D,all_agents,,,40,29,10,1,28,1,0.2777391813263765,0.21448392209015443,0.7535800715215139,0.02427785310218744,119,30,0.75,0,0.0,0.0,31.15,793,,,,,,,,,,,,,,,,,,,,,,,,,,,
25,D,participants_only,,,30,29,0,1,28,1,0.30045961631191426,0.23526742964245198,0.7535800715215139,0.02876489641352026,119,30,1.0,0,0.0,0.0,24.866666666666667,793,,,,,,,,,,,,,,,,,,,,,,,,,,,
25,D,nonparticipants_only,,,10,0,10,0,0,0,0.20957787636976327,0.18877542999742922,0.5144779780871608,0.0046221051770044,0,0,0.0,0,0.0,0.0,50.0,0,,,,,,,,,,,,,,,,,,,,,,,,,,,
25,D,step_totals,,,,,,,,,,,,,,,,,,,,,87.6000000000001,,,19.0,0.21689497716894954,57.0,0.6506849315068486,0.0,0.0,0.013458605540397559,0.10526315789473684,0.0,0,6,12,20,,38,57,35,5.8000000000000025,0.06621004566210041,5.8000000000000025,0.06621004566210041,29,29,50
26,D,all_agents,,,40,29,10,1,28,1,0.281437169426021,0.21752774243000272,0.7634368686606533,0.02563042295022819,124,30,0.75,0,0.0,0.0,31.375,834,,,,,,,,,,,,,,,,,,,,,,,,,,,
26,D,participants_only,,,30,29,0,1,28,1,0.3052309778456003,0.23714916023222316,0.7634368686606533,0.030421474097665248,124,30,1.0,0,0.0,0.0,25.166666666666668,834,,,,,,,,,,,,,,,,,,,,,,,,,,,
26,D,nonparticipants_only,,,10,0,10,0,0,0,0.2100557441672829,0.19045476623479718,0.5119055881967249,0.0044635256786252735,0,0,0.0,0,0.0,0.0,50.0,0,,,,,,,,,,,,,,,,,,,,,,,,,,,
26,D,step_totals,,,,,,,,,,,,,,,,,,,,,76.70000000000009,,,17.5,0.22816166883963468,48.0,0.6258148631029979,0.0,0.0,0.013889622314707487,0.10416666666666667,0.0,0,5,14,44,,35,48,31,5.200000000000002,0.06779661016949147,6.000000000000003,0.07822685788787478,26,30,31
27,D,all_agents,,,40,30,10,0,29,1,0.2855644554202667,0.21825824385296433,0.7728993939142271,0.026716362446576776,130,30,0.75,0,0.0,0.0,31.15,874,,,,,,,,,,,,,,,,,,,,,,,,,,,
27,D,participants_only,,,30,30,0,0,29,1,0.31057580137072965,0.23637044679911284,0.7728993939142271,0.03168352759575261,130,30,1.0,0,0.0,0.0,24.866666666666667,874,,,,,,,,,,,,,,,,,,,,,,,,,,,
27,D,nonparticipants_only,,,10,0,10,0,0,0,0.21053041756887783,0.1915927904511323,0.5093460602557414,0.00430805788400439,0,0,0.0,0,0.0,0.0,50.0,0,,,,,,,,,,,,,,,,,,,,,,,,,,,
27,D,step_totals,,,,,,,,,,,,,,,,,,,,,87.60000000000011,,,19.0,0.2168949771689495,57.0,0.6506849315068485,0.0,0.0,0.013274100322670075,0.10526315789473684,0.0,0,6,12,20,,38,57,35,5.600000000000002,0.06392694063926935,6.000000000000003,0.06849315068493145,28,30,50
28,D,all_agents,,,40,30,10,0,29,1,0.28903142773503987,0.21966930366576537,0.781983418157658,0.02804427097529245,138,30,0.75,0,0.0,0.0,31.375,915,,,,,,,,,,,,,,,,,,,,,,,,,,,
28,D,participants_only,,,30,30,0,0,29,1,0.315041903095793,0.2403216139297648,0.781983418157658,0.03329856584628294,138,30,1.0,0,0.0,0.0,25.166666666666668,915,,,,,,,,,,,,,,,,,,,,,,,,,,,
28,D,nonparticipants_only,,,10,0,10,0,0,0,0.21100000165278052,0.1932433510992774,0.5067993299544626,0.004162848420412828,0,0,0.0,0,0.0,0.0,50.0,0,,,,,,,,,,,,,,,,,,,,,,,,,,,
28,D,step_totals,,,,,,,,,,,,,,,,,,,,,75.70000000000007,,,16.5,0.2179656538969615,48.0,0.6340819022457062,0.0,0.0,0.013400186876871032,0.16666666666666666,0.0,0,8,14,45,,33,48,31,5.200000000000002,0.06869220607661819,6.000000000000003,0.0792602377807133,26,30,31
29,D,all_agents,,,40,30,10,0,29,1,0.2930108844395978,0.2191174332241707,0.7907040814313517,0.029162265858457628,144,30,0.75,0,0.0,0.0,31.15,956,,,,,,,,,,,,,,,,,,,,,,,,,,,
29,D,participants_only,,,30,30,0,0,29,1,0.32019242216572336,0.239120005860116,0.7907040814313517,0.03458724503428156,144,30,1.0,0,0.0,0.0,24.866666666666667,956,,,,,,,,,,,,,,,,,,,,,,,,,,,
29,D,nonparticipants_only,,,10,0,10,0,0,0,0.211466271261221,0.1952479836953585,0.5042653333046904,0.004021296413104357,0,0,0.0,0,0.0,0.0,50.0,0,,,,,,,,,,,,,,,,,,,,,,,,,,,
29,D,step_totals,,,,,,,,,,,,,,,,,,,,,87.60000000000008,,,19.0,0.21689497716894957,57.0,0.6506849315068487,0.0,0.0,0.012892823312136668,0.10526315789473684,0.0,0,6,12,20,,38,57,35,5.600000000000002,0.06392694063926938,6.000000000000003,0.06849315068493148,28,30,50
30,D,all_agents,,,40,30,10,0,29,1,0.2964737673179371,0.2209449782922844,0.7990759181740976,0.030607544214431997,149,30,0.75,0,0.0,0.0,31.375,1001,,,,,,,,,,,,,,,,,,,,,,,,,,,
30,D,participants_only,,,30,30,0,0,29,1,0.32465527212832834,0.24179573272830368,0.7990759181740976,0.03633887387504569,149,30,1.0,0,0.0,0.0,25.166666666666668,1001,,,,,,,,,,,,,,,,,,,,,,,,,,,
30,D,nonparticipants_only,,,10,0,10,0,0,0,0.21192925288676356,0.1957605965120761,0.5017440066381669,0.003883188672053685,0,0,0.0,0,0.0,0.0,50.0,0,,,,,,,,,,,,,,,,,,,,,,,,,,,
30,D,step_totals,,,,,,,,,,,,,,,,,,,,,75.00000000000009,,,16.0,0.2133333333333331,48.0,0.6399999999999992,0.0,0.0,0.013558430885408262,0.10416666666666667,0.0,0,5,15,45,,32,48,29,5.000000000000002,0.06666666666666661,6.000000000000003,0.07999999999999995,25,30,30
30,D,reachability,0.175,0.0,,,,,,,,,,,,,,,,,,,,,,,,,,,,,,,,,,,,,,,,,,,,,
31,D,all_agents,,,40,30,10,0,28,2,0.3002918037926049,0.2224508608671296,0.8071128814471337,0.03173981622249009,157,30,0.75,0,0.0,0.0,31.15,1043,,,,,,,,,,,,,,,,,,,,,,,,,,,
31,D,participants_only,,,30,30,0,0,28,2,0.3295931667117989,0.24964095155357022,0.8071128814471337,0.03763437725051913,157,30,1.0,0,0.0,0.0,24.866666666666667,1043,,,,,,,,,,,,,,,,,,,,,,,,,,,
31,D,nonparticipants_only,,,10,0,10,0,0,0,0.21238771503502304,0.1961831027105419,0.499235286604976,0.0037532947113351972,0,0,0.0,0,0.0,0.0,50.0,0,,,,,,,,,,,,,,,,,,,,,,,,,,,
31,D,step_totals,,,,,,,,,,,,,,,,,,,,,86.50000000000009,,,18.5,0.21387283236994198,57.0,0.6589595375722537,0.0,0.0,0.012645675430161072,0.14035087719298245,0.0,0,8,15,19,,37,57,34,5.000000000000002,0.05780346820809245,6.000000000000003,0.06936416184971095,25,30,49
32,D,all_agents,,,40,30,10,0,28,2,0.3031481813423883,0.22170397636657557,0.8148283661892484,0.03305463992571882,164,30,0.75,0,0.0,0.0,31.375,1082,,,,,,,,,,,,,,,,,,,,,,,,,,,
32,D,participants_only,,,30,30,0,0,28,2,0.3332501395335964,0.25165257230346394,0.8148283661892484,0.03923863208701126,164,30,1.0,0,0.0,0.0,25.166666666666668,1082,,,,,,,,,,,,,,,,,,,,,,,,,,,
32,D,nonparticipants_only,,,10,0,10,0,0,0,0.21284230676876398,0.19738491613526465,0.49673911017195116,0.0036291287984986,0,0,0.0,0,0.0,0.0,50.0,0,,,,,,,,,,,,,,,,,,,,,,,,,,,
32,D,step_totals,,,,,,,,,,,,,,,,,,,,,75.00000000000007,,,16.0,0.21333333333333312,48.0,0.6399999999999993,0.0,0.0,0.011650323858537984,0.14583333333333334,0.0,0,7,15,44,,32,48,29,5.000000000000002,0.06666666666666662,6.000000000000003,0.07999999999999996,25,30,30
33,D,all_agents,,,40,30,10,0,28,2,0.30647466507478854,0.22251494110316372,0.8166800825273559,0.03413992201531387,166,30,0.75,0,0.0,0.0,31.15,1120,,,,,,,,,,,,,,,,,,,,,,,,,,,
33,D,participants_only,,,30,30,0,0,28,2,0.3375348460448481,0.25098934339686263,0.8166800825273559,0.04049206489098437,166,30,1.0,0,0.0,0.0,24.866666666666667,1120,,,,,,,,,,,,,,,,,,,,,,,,,,,
33,D,nonparticipants_only,,,10,0,10,0,0,0,0.21329412216460983,0.1985401892270673,0.4942554146210914,0.003506675285588171,0,0,0.0,0,0.0,0.0,50.0,0,,,,,,,,,,,,,,,,,,,,,,,,,,,
33,D,step_totals,,,,,,,,,,,,,,,,,,,,,86.20000000000009,,,18.0,0.2088167053364267,57.0,0.6612529002320179,0.0,0.0,0.011353622139930674,0.03508771929824561,0.0,0,2,14,20,,36,57,34,5.200000000000002,0.06032482598607885,6.000000000000003,0.0696055684454756,26,30,48
34,D,all_agents,,,40,30,10,0,27,3,0.3093404155426268,0.2229412181196067,0.8240128792262617,0.035502254181062246,170,30,0.75,0,0.0,0.0,31.375,1162,,,,,,,,,,,,,,,,,,,,,,,,,,,
34,D,participants_only,,,30,30,0,0,27,3,0.34120654327258004,0.25052508264540313,0.8240128792262617,0.04214449708436378,170,30,1.0,0,0.0,0.0,25.166666666666668,1162,,,,,,,,,,,,,,,,,,,,,,,,,,,
34,D,nonparticipants_only,,,10,0,10,0,0,0,0.21374203235276704,0.1993836165798733,0.49178413754798594,0.0033901243131372934,0,0,0.0,0,0.0,0.0,50.0,0,,,,,,,,,,,,,,,,,,,,,,,,,,,
34,D,step_totals,,,,,,,,,,,,,,,,,,,,,75.00000000000007,,,16.0,0.21333333333333312,48.0,0.6399999999999993,0.0,0.0,0.011709944385749784,0.08333333333333333,0.0,0,4,15,44,,32,48,29,5.000000000000002,0.06666666666666662,6.000000000000003,0.07999999999999996,25,30,30
35,D,all_agents,,,40,30,10,0,27,3,0.31271202967210326,0.22328977021960783,0.8310523640572112,0.03655550021119794,181,30,0.75,0,0.0,0.0,31.15,1203,,,,,,,,,,,,,,,,,,,,,,,,,,,
35,D,participants_only,,,30,30,0,0,27,3,0.34555400156665306,0.25470559008168625,0.8310523640572112,0.04333319552735484,181,30,1.0,0,0.0,0.0,24.866666666666667,1203,,,,,,,,,,,,,,,,,,,,,,,,,,,
35,D,nonparticipants_only,,,10,0,10,0,0,0,0.2141861139884539,0.20103522276909497,0.489325216860246,0.003279272847658475,0,0,0.0,0,0.0,0.0,50.0,0,,,,,,,,,,,,,,,,,,,,,,,,,,,
35,D,step_totals,,,,,,,,,,,,,,,,,,,,,85.90000000000009,,,17.5,0.20372526193247942,57.0,0.663562281722933,0.0,0.0,0.011551185086831457,0.19298245614035087,0.0,0,11,13,20,,35,57,34,5.400000000000002,0.06286379511059367,6.000000000000003,0.06984866123399297,27,30,48
36,D,all_agents,,,40,30,10,0,27,3,0.31547703956360595,0.22315050235241363,0.8378102694949228,0.03787682579799414,187,30,0.75,0,0.0,0.0,31.375,1246,,,,,,,,,,,,,,,,,,,,,,,,,,,
36,D,participants_only,,,30,30,0,0,27,3,0.34909371965282016,0.2534320621312779,0.8378102694949228,0.04492486638032089,187,30,1.0,0,0.0,0.0,25.166666666666668,1246,,,,,,,,,,,,,,,,,,,,,,,,,,,
36,D,nonparticipants_only,,,10,0,10,0,0,0,0.21462699929596332,0.20036783522228116,0.48687859077594475,0.0031717298883670465,0,0,0.0,0,0.0,0.0,50.0,0,,,,,,,,,,,,,,,,,,,,,,,,,,,
36,D,step_totals,,,,,,,,,,,,,,,,,,,,,74.50000000000007,,,15.5,0.2080536912751676,48.0,0.6442953020134222,0.0,0.0,0.011509025937352934,0.125,0.0,0,6,15,43,,31,48,29,5.000000000000002,0.0671140939597315,6.000000000000003,0.0805369127516778,25,30,30
37,D,all_agents,,,40,30,10,0,25,5,0.3186113928760909,0.22366524486390993,0.8442978587151259,0.03893474876123143,192,30,0.75,0,0.0,0.0,31.15,1287,,,,,,,,,,,,,,,,,,,,,,,,,,,
37,D,participants_only,,,30,30,0,0,25,5,0.3531269616017845,0.254524533020812,0.8442978587151259,0.04612516817830994,192,30,1.0,0,0.0,0.0,24.866666666666667,1287,,,,,,,,,,,,,,,,,,,,,,,,,,,
37,D,nonparticipants_only,,,10,0,10,0,0,0,0.21506468669901033,0.20148205971107827,0.48444419782206505,0.0030675966964990083,0,0,0.0,0,0.0,0.0,50.0,0,,,,,,,,,,,,,,,,,,,,,,,,,,,
37,D,step_totals,,,,,,,,,,,,,,,,,,,,,85.20000000000007,,,17.0,0.1995305164319247,57.0,0.6690140845070417,0.0,0.0,0.011016640737913187,0.08771929824561403,0.0,0,5,14,19,,34,57,34,5.200000000000002,0.06103286384976523,6.000000000000003,0.07042253521126758,26,30,47
38,D,all_agents,,,40,30,10,0,24,6,0.32112712013457895,0.22353022635827458,0.8505259443665208,0.04019612388888943,198,30,0.75,0,0.0,0.0,31.375,1329,,,,,,,,,,,,,,,,,,,,,,,,,,,
38,D,participants_only,,,30,30,0,0,24,6,0.35633652831644047,0.25556982808736295,0.8505259443665208,0.0476467324078566,198,30,1.0,0,0.0,0.0,25.166666666666668,1329,,,,,,,,,,,,,,,,,,,,,,,,,,,
38,D,nonparticipants_only,,,10,0,10,0,0,0,0.21549889558899452,0.20105019098072086,0.4820219768329547,0.002967869237784701,0,0,0.0,0,0.0,0.0,50.0,0,,,,,,,,,,,,,,,,,,,,,,,,,,,
38,D,step_totals,,,,,,,,,,,,,,,,,,,,,73.30000000000007,,,14.5,0.19781718963165057,48.0,0.6548431105047743,0.0,0.0,0.010942983501321996,0.125,0.0,0,6,16,42,,29,48,29,4.800000000000002,0.06548431105047745,6.000000000000003,0.08185538881309683,24,30,30
39,D,all_agents,,,40,30,10,0,24,6,0.32397466002812914,0.2275014135475474,0.85650490659186,0.04117312726166326,204,30,0.75,0,0.0,0.0,31.15,1368,,,,,,,,,,,,,,,,,,,,,,,,,,,
39,D,participants_only,,,30,30,0,0,24,6,0.3599896128106872,0.257797188253006,0.85650490659186,0.04875185999932465,204,30,1.0,0,0.0,0.0,24.866666666666667,1368,,,,,,,,,,,,,,,,,,,,,,,,,,,
39,D,nonparticipants_only,,,10,0,10,0,0,0,0.215929801680455,0.20295716622288773,0.47961186694878993,0.0028720071615204604,0,0,0.0,0,0.0,0.0,50.0,0,,,,,,,,,,,,,,,,,,,,,,,,,,,
39,D,step_totals,,,,,,,,,,,,,,,,,,,,,84.70000000000009,,,16.5,0.1948051948051946,57.0,0.6729634002361268,0.0,0.0,0.010299058910726059,0.10526315789473684,0.0,0,6,14,20,,33,57,33,5.200000000000002,0.06139315230224317,6.000000000000003,0.07083825265643444,26,30,46
40,D,all_agents,,,40,30,10,0,23,7,0.3263149457351229,0.2268162234260864,0.8622447103281856,0.0424495365314456,212,30,0.75,0,0.0,0.0,31.375,1411,,,,,,,,,,,,,,,,,,,,,,,,,,,
40,D,participants_only,,,30,30,0,0,23,7,0.36296744575825546,0.2587560995561543,0.8622447103281856,0.050299154097468074,212,30,1.0,0,0.0,0.0,25.166666666666668,1411,,,,,,,,,,,,,,,,,,,,,,,,,,,
40,D,nonparticipants_only,,,10,0,10,0,0,0,0.21635744566572515,0.20387928324341714,0.47721380761404597,0.002779814738029366,0,0,0.0,0,0.0,0.0,50.0,0,,,,,,,,,,,,,,,,,,,,,,,,,,,
40,D,step_totals,,,,,,,,,,,,,,,,,,,,,73.00000000000007,,,14.0,0.19178082191780804,48.0,0.6575342465753419,0.0,0.0,0.010455353693884315,0.16666666666666666,0.0,0,8,15,43,,28,48,29,5.000000000000002,0.06849315068493146,6.000000000000003,0.08219178082191776,25,30,30
40,D,reachability,0.2,0.0,,,,,,,,,,,,,,,,,,,,,,,,,,,,,,,,,,,,,,,,,,,,,
41,D,all_agents,,,40,30,10,0,23,7,0.3292947315888169,0.2281973085726659,0.8677549219150582,0.04340844760705143,215,30,0.75,0,0.0,0.0,31.15,1453,,,,,,,,,,,,,,,,,,,,,,,,,,,
41,D,participants_only,,,30,30,0,0,23,7,0.36679890956614,0.25934082673918607,0.8677549219150582,0.051354997587132765,215,30,1.0,0,0.0,0.0,24.866666666666667,1453,,,,,,,,,,,,,,,,,,,,,,,,,,,
41,D,nonparticipants_only,,,10,0,10,0,0,0,0.21678219765684742,0.20410821119990752,0.47482773857597577,0.0026900372777506716,0,0,0.0,0,0.0,0.0,50.0,0,,,,,,,,,,,,,,,,,,,,,,,,,,,
41,D,step_totals,,,,,,,,,,,,,,,,,,,,,84.10000000000008,,,16.5,0.19619500594530304,57.0,0.6777645659928649,0.0,0.0,0.010769980224005063,0.05263157894736842,0.0,0,3,17,18,,33,57,33,4.600000000000001,0.05469678953626631,6.000000000000003,0.07134363852556477,23,30,45
42,D,all_agents,,,40,30,10,0,23,7,0.3316081063773289,0.22705632202980255,0.8730447250384559,0.04467012676259355,225,30,0.75,0,0.0,0.0,31.375,1498,,,,,,,,,,,,,,,,,,,,,,,,,,,
42,D,participants_only,,,30,30,0,0,23,7,0.36974286382379457,0.25919753104209875,0.8730447250384559,0.05287531000459862,225,30,1.0,0,0.0,0.0,25.166666666666668,1498,,,,,,,,,,,,,,,,,,,,,,,,,,,
42,D,nonparticipants_only,,,10,0,10,0,0,0,0.21720383403793203,0.20337952165159642,0.4724535998830959,0.002603460330569146,0,0,0.0,0,0.0,0.0,50.0,0,,,,,,,,,,,,,,,,,,,,,,,,,,,
42,D,step_totals,,,,,,,,,,,,,,,,,,,,,72.30000000000008,,,13.5,0.1867219917012446,48.0,0.6639004149377585,0.0,0.0,0.010514586646688126,0.20833333333333334,0.0,0,10,16,42,,27,48,29,4.800000000000002,0.06639004149377588,6.000000000000003,0.08298755186721986,24,30,30
43,D,all_agents,,,40,30,10,0,23,7,0.33463390925996783,0.23115051987250407,0.8781229360369176,0.045645984293906997,233,30,0.75,0,0.0,0.0,31.15,1544,,,,,,,,,,,,,,,,,,,,,,,,,,,
43,D,participants_only,,,30,30,0,0,23,7,0.37363792695956,0.2634744793533026,0.8781229360369176,0.053935395428567054,233,30,1.0,0,0.0,0.0,24.866666666666667,1544,,,,,,,,,,,,,,,,,,,,,,,,,,,
43,D,nonparticipants_only,,,10,0,10,0,0,0,0.21762185616119128,0.20407053290201144,0.4700913318836804,0.0025219901294056277,0,0,0.0,0,0.0,0.0,50.0,0,,,,,,,,,,,,,,,,,,,,,,,,,,,
43,D,step_totals,,,,,,,,,,,,,,,,,,,,,83.30000000000007,,,15.5,0.1860744297719086,57.0,0.684273709483793,0.0,0.0,0.011046094398089283,0.14035087719298245,0.0,0,8,16,16,,31,57,32,4.800000000000002,0.05762304921968785,6.000000000000003,0.07202881152460981,24,30,44
44,D,all_agents,,,40,30,10,0,23,7,0.33663925907694164,0.22999476727314155,0.8829980185954409,0.04683052744008539,240,30,0.75,0,0.0,0.0,31.375,1587,,,,,,,,,,,,,,,,,,,,,,,,,,,
44,D,participants_only,,,30,30,0,0,23,7,0.37617347957198816,0.2627211678285386,0.8829980185954409,0.05537409670833709,240,30,1.0,0,0.0,0.0,25.166666666666668,1587,,,,,,,,,,,,,,,,,,,,,,,,,,,
44,D,nonparticipants_only,,,10,0,10,0,0,0,0.218036597591802,0.2045666636372065,0.467740875224262,0.002444364553518796,0,0,0.0,0,0.0,0.0,50.0,0,,,,,,,,,,,,,,,,,,,,,,,,,,,
44,D,step_totals,,,,,,,,,,,,,,,,,,,,,71.8000000000001,,,13.0,0.18105849582172678,48.0,0.668523676880222,0.0,0.0,0.009613011689900029,0.14583333333333334,0.0,0,7,16,42,,26,48,28,4.800000000000002,0.06685236768802222,6.000000000000003,0.08356545961002777,24,30,29
45,D,all_agents,,,40,30,10,0,22,8,0.3392930086899113,0.23143138261709698,0.8876780978516233,0.047751654636889476,246,30,0.75,0,0.0,0.0,31.15,1630,,,,,,,,,,,,,,,,,,,,,,,,,,,
45,D,participants_only,,,30,30,0,0,22,8,0.37957443907087435,0.26575055249966006,0.8876780978516233,0.05638906763341863,246,30,1.0,0,0.0,0.0,24.866666666666667,1630,,,,,,,,,,,,,,,,,,,,,,,,,,,
45,D,nonparticipants_only,,,10,0,10,0,0,0,0.21844871754702216,0.20630380175540047,0.4654021708481407,0.0023682920448655437,0,0,0.0,0,0.0,0.0,50.0,0,,,,,,,,,,,,,,,,,,,,,,,,,,,
45,D,step_totals,,,,,,,,,,,,,,,,,,,,,81.50000000000009,,,14.5,0.17791411042944766,57.0,0.699386503067484,0.0,0.0,0.010233349505957839,0.10526315789473684,0.0,0,6,20,13,,29,57,31,4.000000000000001,0.04907975460122695,6.000000000000003,0.07361963190184044,20,30,43
46,D,all_agents,,,40,30,10,0,22,8,0.3414992960512916,0.23032797271569966,0.8921709739375584,0.04890014979805133,251,30,0.75,0,0.0,0.0,31.375,1677,,,,,,,,,,,,,,,,,,,,,,,,,,,
46,D,participants_only,,,30,30,0,0,22,8,0.3823797813499157,0.2675655548426976,0.8921709739375584,0.05775030659521697,251,30,1.0,0,0.0,0.0,25.166666666666668,1677,,,,,,,,,,,,,,,,,,,,,,,,,,,
46,D,nonparticipants_only,,,10,0,10,0,0,0,0.2188578401554195,0.2070706886365234,0.4630751599939,0.002295110467542233,0,0,0.0,0,0.0,0.0,50.0,0,,,,,,,,,,,,,,,,,,,,,,,,,,,
46,D,step_totals,,,,,,,,,,,,,,,,,,,,,71.80000000000007,,,13.0,0.18105849582172684,48.0,0.6685236768802222,0.0,0.0,0.010313394258379193,0.10416666666666667,0.0,0,5,16,42,,26,48,28,4.800000000000002,0.06685236768802225,6.000000000000003,0.08356545961002781,24,30,29
47,D,all_agents,,,40,30,10,0,22,8,0.34401760468119685,0.23060665206670344,0.8964841349800561,0.04979908628291527,257,30,0.75,0,0.0,0.0,31.15,1721,,,,,,,,,,,,,,,,,,,,,,,,,,,
47,D,participants_only,,,30,30,0,0,22,8,0.38560213793332154,0.2680895787979836,0.8964841349800561,0.058740093976354046,257,30,1.0,0,0.0,0.0,24.866666666666667,1721,,,,,,,,,,,,,,,,,,,,,,,,,,,
47,D,nonparticipants_only,,,10,0,10,0,0,0,0.21926400492482273,0.20681115178724135,0.4607597841939305,0.0022247823330341426,0,0,0.0,0,0.0,0.0,50.0,0,,,,,,,,,,,,,,,,,,,,,,,,,,,
47,D,step_totals,,,,,,,,,,,,,,,,,,,,,80.30000000000005,,,13.5,0.1681195516811954,57.0,0.7098381070983806,0.0,0.0,0.010025142754182276,0.10526315789473684,0.0,0,6,21,13,,27,57,31,3.800000000000001,0.047322540473225386,6.000000000000003,0.07471980074719799,19,30,42
48,D,all_agents,,,40,30,10,0,22,8,0.34598616869041116,0.2310446968591416,0.9006247695808538,0.05085968675405011,265,30,0.75,0,0.0,0.0,31.375,1766,,,,,,,,,,,,,,,,,,,,,,,,,,,
48,D,participants_only,,,30,30,0,0,22,8,0.38809250476064905,0.26742962281626514,0.9006247695808538,0.06000198747736134,265,30,1.0,0,0.0,0.0,25.166666666666668,1766,,,,,,,,,,,,,,,,,,,,,,,,,,,
48,D,nonparticipants_only,,,10,0,10,0,0,0,0.21966716047969756,0.2064400345909188,0.45845598527296083,0.00215746213699865,0,0,0.0,0,0.0,0.0,50.0,0,,,,,,,,,,,,,,,,,,,,,,,,,,,
48,D,step_totals,,,,,,,,,,,,,,,,,,,,,71.80000000000007,,,13.0,0.18105849582172684,48.0,0.6685236768802222,0.0,0.0,0.00954623725503688,0.16666666666666666,0.0,0,8,16,42,,26,48,28,4.800000000000002,0.06685236768802225,6.000000000000003,0.08356545961002781,24,30,29
49,D,all_agents,,,40,30,10,0,22,8,0.3481727176077167,0.23275700685275902,0.9045997787976197,0.051679243896707534,272,30,0.75,0,0.0,0.0,31.15,1807,,,,,,,,,,,,,,,,,,,,,,,,,,,
49,D,participants_only,,,30,30,0,0,22,8,0.3908744704599642,0.2712359275763918,0.9045997787976197,0.06091434287034174,272,30,1.0,0,0.0,0.0,24.866666666666667,1807,,,,,,,,,,,,,,,,,,,,,,,,,,,
49,D,nonparticipants_only,,,10,0,10,0,0,0,0.22006745905097405,0.20676397916317724,0.456163705346596,0.0020926706159517423,0,0,0.0,0,0.0,0.0,50.0,0,,,,,,,,,,,,,,,,,,,,,,,,,,,
49,D,step_totals,,,,,,,,,,,,,,,,,,,,,79.80000000000008,,,13.0,0.1629072681704259,57.0,0.7142857142857135,0.0,0.0,0.009121917757790959,0.12280701754385964,0.0,0,7,21,12,,26,57,29,3.800000000000001,0.04761904761904758,6.000000000000003,0.07518796992481198,19,30,41
50,D,all_agents,,,40,30,10,0,22,8,0.34986405997520936,0.23304184954769064,0.9084157876457148,0.05271086879892126,282,30,0.75,0,0.0,0.0,31.375,1850,,,,,,,,,,,,,,,,,,,,,,,,,,,
50,D,participants_only,,,30,30,0,0,22,8,0.3929971116487274,0.2698797479385099,0.9084157876457148,0.06216252683411523,282,30,1.0,0,0.0,0.0,25.166666666666668,1850,,,,,,,,,,,,,,,,,,,,,,,,,,,
50,D,nonparticipants_only,,,10,0,10,0,0,0,0.22046490495465534,0.2072409908068198,0.453882886819863,0.002030372933294837,0,0,0.0,0,0.0,0.0,50.0,0,,,,,,,,,,,,,,,,,,,,,,,,,,,
50,D,step_totals,,,,,,,,,,,,,,,,,,,,,71.30000000000007,,,12.5,0.17531556802244022,48.0,0.6732117812061704,0.0,0.0,0.008722569509746134,0.20833333333333334,0.0,0,10,16,42,,25,48,28,4.800000000000002,0.06732117812061707,6.000000000000003,0.08415147265077134,24,30,29
50,D,reachability,0.225,0.0,,,,,,,,,,,,,,,,,,,,,,,,,,,,,,,,,,,,,,,,,,,,,
51,D,all_agents,,,40,30,10,0,21,9,0.3521290067550177,0.23266021904446593,0.9120791561398862,0.05364610602076249,291,30,0.75,0,0.0,0.0,31.15,1896,,,,,,,,,,,,,,,,,,,,,,,,,,,
51,D,participants_only,,,30,30,0,0,21,9,0.39588543878097526,0.27035359239144685,0.9120791561398862,0.06321300561684443,291,30,1.0,0,0.0,0.0,24.866666666666667,1896,,,,,,,,,,,,,,,,,,,,,,,,,,,
51,D,nonparticipants_only,,,10,0,10,0,0,0,0.22085971067714497,0.20811626419780327,0.45161347238576366,0.001969903108809713,0,0,0.0,0,0.0,0.0,50.0,0,,,,,,,,,,,,,,,,,,,,,,,,,,,
51,D,step_totals,,,,,,,,,,,,,,,,,,,,,77.40000000000006,,,11.0,0.1421188630490955,57.0,0.7364341085271312,0.0,0.0,0.009714874981775718,0.15789473684210525,0.0,0,9,24,10,,22,57,28,3.400000000000001,0.043927648578811346,6.000000000000003,0.07751937984496121,17,30,41
52,D,all_agents,,,40,30,10,0,21,9,0.35358461696525084,0.2317849744680358,0.9155959898942908,0.05461708742395198,299,30,0.75,0,0.0,0.0,31.375,1938,,,,,,,,,,,,,,,,,,,,,,,,,,,
52,D,participants_only,,,30,30,0,0,21,9,0.3976955860811032,0.2690018244294896,0.9155959898942908,0.06440238744525663,299,30,1.0,0,0.0,0.0,25.166666666666668,1938,,,,,,,,,,,,,,,,,,,,,,,,,,,
52,D,nonparticipants_only,,,10,0,10,0,0,0,0.22125170961769355,0.2103246628117918,0.44935540502383486,0.0019118562039618077,0,0,0.0,0,0.0,0.0,50.0,0,,,,,,,,,,,,,,,,,,,,,,,,,,,
52,D,step_totals,,,,,,,,,,,,,,,,,,,,,70.60000000000008,,,12.0,0.1699716713881018,48.0,0.6798866855524072,0.0,0.0,0.008054597813937386,0.16666666666666666,0.0,0,8,17,42,,24,48,28,4.600000000000001,0.06515580736543904,6.000000000000003,0.08498583569405094,23,30,28
53,D,all_agents,,,40,30,10,0,20,10,0.3558455452308049,0.23250073389389092,0.9189721502985192,0.05555004755734644,303,30,0.75,0,0.0,0.0,31.15,1986,,,,,,,,,,,,,,,,,,,,,,,,,,,
53,D,participants_only,,,30,30,0,0,20,10,0.40058039242240767,0.26878961217322517,0.9189721502985192,0.06544326307317636,303,30,1.0,0,0.0,0.0,24.866666666666667,1986,,,,,,,,,,,,,,,,,,,,,,,,,,,
53,D,nonparticipants_only,,,10,0,10,0,0,0,0.22164100365599654,0.2101039166169667,0.4471086279987157,0.0018559223707840713,0,0,0.0,0,0.0,0.0,50.0,0,,,,,,,,,,,,,,,,,,,,,,,,,,,
53,D,step_totals,,,,,,,,,,,,,,,,,,,,,77.20000000000007,,,11.0,0.14248704663212422,57.0,0.7383419689119164,0.0,0.0,0.009738143900292926,0.07017543859649122,0.0,0,4,25,10,,22,57,28,3.2000000000000006,0.041450777202072506,6.000000000000003,0.07772020725388597,16,30,39
54,D,all_agents,,,40,30,10,0,21,9,0.35737751763293696,0.2334599370857014,0.9222132642865785,0.05648524193593683,310,30,0.75,0,0.0,0.0,31.375,2030,,,,,,,,,,,,,,,,,,,,,,,,,,,
54,D,participants_only,,,30,30,0,0,21,9,0.40249411769117166,0.26744566411235904,0.9222132642865785,0.06657108830684436,310,30,1.0,0,0.0,0.0,25.166666666666668,2030,,,,,,,,,,,,,,,,,,,,,,,,,,,
54,D,nonparticipants_only,,,10,0,10,0,0,0,0.2220277174582329,0.2100354489193767,0.4448730848587221,0.00180161161343782,0,0,0.0,0,0.0,0.0,50.0,0,,,,,,,,,,,,,,,,,,,,,,,,,,,
54,D,step_totals,,,,,,,,,,,,,,,,,,,,,70.60000000000005,,,12.0,0.16997167138810185,48.0,0.6798866855524074,0.0,0.0,0.00833879563741078,0.14583333333333334,0.0,0,7,17,42,,24,48,28,4.600000000000001,0.06515580736543906,6.000000000000003,0.08498583569405097,23,30,28
55,D,all_agents,,,40,30,10,0,19,11,0.3593760415731124,0.2340881434528438,0.9229911316437127,0.057292260202411203,314,30,0.75,0,0.0,0.0,31.15,2074,,,,,,,,,,,,,,,,,,,,,,,,,,,
55,D,participants_only,,,30,30,0,0,19,11,0.40503076443497094,0.2726406708582335,0.9229911316437127,0.06746927410626717,314,30,1.0,0,0.0,0.0,24.866666666666667,2074,,,,,,,,,,,,,,,,,,,,,,,,,,,
55,D,nonparticipants_only,,,10,0,10,0,0,0,0.22241187298753692,0.2102786484865692,0.4426487194344285,0.001748973855726055,0,0,0.0,0,0.0,0.0,50.0,0,,,,,,,,,,,,,,,,,,,,,,,,,,,
55,D,step_totals,,,,,,,,,,,,,,,,,,,,,77.20000000000007,,,11.0,0.14248704663212422,57.0,0.7383419689119164,0.0,0.0,0.008935664920089703,0.07017543859649122,0.0,0,4,25,10,,22,57,27,3.2000000000000006,0.041450777202072506,6.000000000000003,0.07772020725388597,16,30,38
56,D,all_agents,,,40,30,10,0,20,10,0.3608912312679057,0.2342897056198987,0.9260714863779642,0.05823187724585167,322,30,0.75,0,0.0,0.0,31.375,2120,,,,,,,,,,,,,,,,,,,,,,,,,,,
56,D,participants_only,,,30,30,0,0,20,10,0.4069238986404219,0.2712774675039424,0.9260714863779642,0.06860018581274016,322,30,1.0,0,0.0,0.0,25.166666666666668,2120,,,,,,,,,,,,,,,,,,,,,,,,,,,
56,D,nonparticipants_only,,,10,0,10,0,0,0,0.22279322915035707,0.2117252402062618,0.4404354758372564,0.0016988739600415513,0,0,0.0,0,0.0,0.0,50.0,0,,,,,,,,,,,,,,,,,,,,,,,,,,,
56,D,step_totals,,,,,,,,,,,,,,,,,,,,,70.10000000000008,,,11.5,0.1640513552068472,48.0,0.6847360912981447,0.0,0.0,0.008377273260668134,0.16666666666666666,0.0,0,8,17,42,,23,48,28,4.600000000000001,0.06562054208273889,6.000000000000003,0.08559201141226813,23,30,28
57,D,all_agents,,,40,30,10,0,18,12,0.3628578955029622,0.23439306958914802,0.9290286269228456,0.05909216489077461,329,30,0.75,0,0.0,0.0,31.15,2167,,,,,,,,,,,,,,,,,,,,,,,,,,,
57,D,participants_only,,,30,30,0,0,18,12,0.40941982075434646,0.2709755088429604,0.9290286269228456,0.06956744523045919,329,30,1.0,0,0.0,0.0,24.866666666666667,2167,,,,,,,,,,,,,,,,,,,,,,,,,,,
57,D,nonparticipants_only,,,10,0,10,0,0,0,0.22317211974880932,0.2138896120981082,0.43823329845807013,0.0016501692743349137,0,0,0.0,0,0.0,0.0,50.0,0,,,,,,,,,,,,,,,,,,,,,,,,,,,
57,D,step_totals,,,,,,,,,,,,,,,,,,,,,76.20000000000006,,,10.0,0.13123359580052482,57.0,0.7480314960629916,0.0,0.0,0.008995778686468586,0.12280701754385964,0.0,0,7,26,9,,20,57,27,3.2000000000000006,0.04199475065616796,6.000000000000003,0.07874015748031493,16,30,38
58,D,all_agents,,,40,30,10,0,18,12,0.36417661319518746,0.23425862582678114,0.9318674818459318,0.05994916986337983,334,30,0.75,0,0.0,0.0,31.375,2211,,,,,,,,,,,,,,,,,,,,,,,,,,,
58,D,participants_only,,,30,30,0,0,18,12,0.4110527545168777,0.2696206312987456,0.9318674818459318,0.07060803751301614,334,30,1.0,0,0.0,0.0,25.166666666666668,2211,,,,,,,,,,,,,,,,,,,,,,,,,,,
58,D,nonparticipants_only,,,10,0,10,0,0,0,0.22354818923011663,0.2138240414619618,0.4360421319657798,0.0016040954119379298,0,0,0.0,0,0.0,0.0,50.0,0,,,,,,,,,,,,,,,,,,,,,,,,,,,
58,D,step_totals,,,,,,,,,,,,,,,,,,,,,70.10000000000007,,,11.5,0.16405135520684722,48.0,0.6847360912981448,0.0,0.0,0.007727595975626413,0.10416666666666667,0.0,0,5,17,42,,23,48,28,4.600000000000001,0.0656205420827389,6.000000000000003,0.08559201141226815,23,30,28
59,D,all_agents,,,40,30,10,0,17,13,0.36606558557070606,0.23524296276721937,0.9345927825720945,0.060801939928012194,341,30,0.75,0,0.0,0.0,31.15,2258,,,,,,,,,,,,,,,,,,,,,,,,,,,
59,D,participants_only,,,30,30,0,0,17,13,0.4134467349481129,0.26926310563338973,0.9345927825720945,0.07156994583052985,341,30,1.0,0,0.0,0.0,24.866666666666667,2258,,,,,,,,,,,,,,,,,,,,,,,,,,,
59,D,nonparticipants_only,,,10,0,10,0,0,0,0.22392213743848552,0.21365835147128104,0.4338619213059509,0.0015582424245695315,0,0,0.0,0,0.0,0.0,50.0,0,,,,,,,,,,,,,,,,,,,,,,,,,,,
59,D,step_totals,,,,,,,,,,,,,,,,,,,,,76.00000000000007,,,10.0,0.13157894736842093,57.0,0.7499999999999993,0.0,0.0,0.008783989047254309,0.12280701754385964,0.0,0,7,26,8,,20,57,26,3.0000000000000004,0.039473684210526286,6.000000000000003,0.0789473684210526,15,30,38
60,D,all_agents,,,40,30,10,0,17,13,0.36730744140817,0.23590333571697558,0.9372090712692107,0.06164349087552219,347,30,0.75,0,0.0,0.0,31.375,2302,,,,,,,,,,,,,,,,,,,,,,,,,,,
60,D,participants_only,,,30,30,0,0,17,13,0.4149787207239133,0.26791679010522285,0.9372090712692107,0.07259647874849116,347,30,1.0,0,0.0,0.0,25.166666666666668,2302,,,,,,,,,,,,,,,,,,,,,,,,,,,
60,D,nonparticipants_only,,,10,0,10,0,0,0,0.2242936034609402,0.21399359218314862,0.43169261169942114,0.001513916797419952,0,0,0.0,0,0.0,0.0,50.0,0,,,,,,,,,,,,,,,,,,,,,,,,,,,
60,D,step_totals,,,,,,,,,,,,,,,,,,,,,69.40000000000008,,,11.0,0.15850144092219004,48.0,0.6916426512968292,0.0,0.0,0.00757838616626824,0.125,0.0,0,6,18,42,,22,48,27,4.400000000000001,0.06340057636887603,6.000000000000003,0.0864553314121037,22,30,28
60,D,reachability,0.225,0.0,,,,,,,,,,,,,,,,,,,,,,,,,,,,,,,,,,,,,,,,,,,,,
61,D,all_agents,,,40,30,10,0,16,14,0.3689740637412617,0.2362719665739109,0.9397207084184422,0.06243925726553636,355,30,0.75,0,0.0,0.0,31.15,2346,,,,,,,,,,,,,,,,,,,,,,,,,,,
61,D,participants_only,,,30,30,0,0,16,14,0.4170779786861662,0.2672156103210408,0.9397207084184422,0.07350567251207434,355,30,1.0,0,0.0,0.0,24.866666666666667,2346,,,,,,,,,,,,,,,,,,,,,,,,,,,
61,D,nonparticipants_only,,,10,0,10,0,0,0,0.224662318906548,0.21434782911765565,0.42953414864092404,0.001472171929603106,0,0,0.0,0,0.0,0.0,50.0,0,,,,,,,,,,,,,,,,,,,,,,,,,,,
61,D,step_totals,,,,,,,,,,,,,,,,,,,,,76.00000000000007,,,10.0,0.13157894736842093,57.0,0.7499999999999993,0.0,0.0,0.008092279109157226,0.14035087719298245,0.0,0,8,26,8,,20,57,26,3.0000000000000004,0.039473684210526286,6.000000000000003,0.0789473684210526,15,30,37
62,D,all_agents,,,40,30,10,0,16,14,0.3701962603373727,0.23680668472597935,0.9421318800817046,0.06322764997876527,361,30,0.75,0,0.0,0.0,31.375,2391,,,,,,,,,,,,,,,,,,,,,,,,,,,
62,D,participants_only,,,30,30,0,0,16,14,0.4185855406894585,0.26587953226943556,0.9421318800817046,0.07445995357972147,361,30,1.0,0,0.0,0.0,25.166666666666668,2391,,,,,,,,,,,,,,,,,,,,,,,,,,,
62,D,nonparticipants_only,,,10,0,10,0,0,0,0.2250284192811151,0.21658429667096543,0.42738647789771944,0.0014324697399834962,0,0,0.0,0,0.0,0.0,50.0,0,,,,,,,,,,,,,,,,,,,,,,,,,,,
62,D,step_totals,,,,,,,,,,,,,,,,,,,,,69.40000000000006,,,11.0,0.15850144092219007,48.0,0.6916426512968293,0.0,0.0,0.007529557022971622,0.125,0.0,0,6,18,41,,22,48,27,4.400000000000001,0.06340057636887604,6.000000000000003,0.08645533141210371,22,30,28
63,D,all_agents,,,40,30,10,0,16,14,0.37183990336235,0.23646498662443582,0.9444466048784363,0.06403477279118933,365,30,0.75,0,0.0,0.0,31.15,2437,,,,,,,,,,,,,,,,,,,,,,,,,,,
63,D,participants_only,,,30,30,0,0,16,14,0.4206558910609141,0.26825673289362906,0.9444466048784363,0.07538277108344058,365,30,1.0,0,0.0,0.0,24.866666666666667,2437,,,,,,,,,,,,,,,,,,,,,,,,,,,
63,D,nonparticipants_only,,,10,0,10,0,0,0,0.22539194026665757,0.21718399762267862,0.42524954550823085,0.0013947700545992145,0,0,0.0,0,0.0,0.0,50.0,0,,,,,,,,,,,,,,,,,,,,,,,,,,,
63,D,step_totals,,,,,,,,,,,,,,,,,,,,,76.00000000000006,,,10.0,0.13157894736842096,57.0,0.7499999999999994,0.0,0.0,0.008031023197406608,0.07017543859649122,0.0,0,4,26,8,,20,57,25,3.0000000000000004,0.03947368421052629,6.000000000000003,0.07894736842105261,15,30,36
64,D,all_agents,,,40,30,10,0,16,14,0.37293587095542524,0.23701201077073103,0.9466687406832989,0.06480106005658776,371,30,0.75,0,0.0,0.0,31.375,2481,,,,,,,,,,,,,,,,,,,,,,,,,,,
64,D,participants_only,,,30,30,0,0,16,14,0.42199680871628886,0.2669154492291609,0.9466687406832989,0.07632069729413316,371,30,1.0,0,0.0,0.0,25.166666666666668,2481,,,,,,,,,,,,,,,,,,,,,,,,,,,
64,D,nonparticipants_only,,,10,0,10,0,0,0,0.2257530576728346,0.21714907711207249,0.4231232977806897,0.0013584409762476312,0,0,0.0,0,0.0,0.0,50.0,0,,,,,,,,,,,,,,,,,,,,,,,,,,,
64,D,step_totals,,,,,,,,,,,,,,,,,,,,,69.40000000000006,,,11.0,0.15850144092219007,48.0,0.6916426512968293,0.0,0.0,0.007112918150193251,0.125,0.0,0,6,18,40,,22,48,27,4.400000000000001,0.06340057636887604,6.000000000000003,0.08645533141210371,22,30,27
65,D,all_agents,,,40,30,10,0,16,14,0.37446510995097043,0.2370019495613571,0.948801991055967,0.0655625789365712,381,30,0.75,0,0.0,0.0,31.15,2526,,,,,,,,,,,,,,,,,,,,,,,,,,,
65,D,participants_only,,,30,30,0,0,16,14,0.42391607730903735,0.2682753066884648,0.948801991055967,0.07719451376195981,381,30,1.0,0,0.0,0.0,24.866666666666667,2526,,,,,,,,,,,,,,,,,,,,,,,,,,,
65,D,nonparticipants_only,,,10,0,10,0,0,0,0.22611220787676964,0.217157488034034,0.42100768129178623,0.0013219963886222153,0,0,0.0,0,0.0,0.0,50.0,0,,,,,,,,,,,,,,,,,,,,,,,,,,,
65,D,step_totals,,,,,,,,,,,,,,,,,,,,,75.00000000000007,,,9.0,0.11999999999999988,57.0,0.7599999999999992,0.0,0.0,0.007814067141572288,0.17543859649122806,0.0,0,10,26,8,,18,57,24,3.0000000000000004,0.039999999999999966,6.000000000000003,0.07999999999999996,15,30,35
66,D,all_agents,,,40,30,10,0,16,14,0.37543671928131744,0.23761466217824379,0.9508499114137283,0.06627440426557876,385,30,0.75,0,0.0,0.0,31.375,2569,,,,,,,,,,,,,,,,,,,,,,,,,,,
66,D,participants_only,,,30,30,0,0,16,14,0.42509261331369297,0.2669339301550224,0.9508499114137283,0.07807413361595834,385,30,1.0,0,0.0,0.0,25.166666666666668,2569,,,,,,,,,,,,,,,,,,,,,,,,,,,
66,D,nonparticipants_only,,,10,0,10,0,0,0,0.22646903718419084,0.21779459367867277,0.4189026428853273,0.0012867224685859007,0,0,0.0,0,0.0,0.0,50.0,0,,,,,,,,,,,,,,,,,,,,,,,,,,,
66,D,step_totals,,,,,,,,,,,,,,,,,,,,,69.40000000000008,,,11.0,0.15850144092219004,48.0,0.6916426512968292,0.0,0.0,0.006702025241091132,0.08333333333333333,0.0,0,4,18,40,,22,48,27,4.400000000000001,0.06340057636887603,6.000000000000003,0.0864553314121037,22,30,27
67,D,all_agents,,,40,30,10,0,16,14,0.37701468617099465,0.23711348824157802,0.9528159149571792,0.06708837856419368,392,30,0.75,0,0.0,0.0,31.15,2618,,,,,,,,,,,,,,,,,,,,,,,,,,,
67,D,participants_only,,,30,30,0,0,16,14,0.4270785349959217,0.26664742671260794,0.9528159149571792,0.07900757617794653,392,30,1.0,0,0.0,0.0,24.866666666666667,2618,,,,,,,,,,,,,,,,,,,,,,,,,,,
67,D,nonparticipants_only,,,10,0,10,0,0,0,0.22682313969621368,0.22064380576804618,0.41680812967090064,0.0012541182129534073,0,0,0.0,0,0.0,0.0,50.0,0,,,,,,,,,,,,,,,,,,,,,,,,,,,
67,D,step_totals,,,,,,,,,,,,,,,,,,,,,75.00000000000006,,,9.0,0.11999999999999991,57.0,0.7599999999999995,0.0,0.0,0.007977870544654883,0.12280701754385964,0.0,0,7,26,8,,18,57,24,3.0000000000000004,0.03999999999999997,6.000000000000003,0.07999999999999997,15,30,34
68,D,all_agents,,,40,30,10,0,16,14,0.37793998328962275,0.2377169668399645,0.954703278358892,0.06776126955572986,400,30,0.75,0,0.0,0.0,31.375,2661,,,,,,,,,,,,,,,,,,,,,,,,,,,
68,D,participants_only,,,30,30,0,0,16,14,0.4281950215719747,0.2653141895790449,0.954703278358892,0.07983843911378703,400,30,1.0,0,0.0,0.0,25.166666666666668,2661,,,,,,,,,,,,,,,,,,,,,,,,,,,
68,D,nonparticipants_only,,,10,0,10,0,0,0,0.22717486844256682,0.21996834464077492,0.41472408902254615,0.0012229344084303865,0,0,0.0,0,0.0,0.0,50.0,0,,,,,,,,,,,,,,,,,,,,,,,,,,,
68,D,step_totals,,,,,,,,,,,,,,,,,,,,,69.40000000000005,,,11.0,0.1585014409221901,48.0,0.6916426512968294,0.0,0.0,0.00656013284982485,0.16666666666666666,0.0,0,8,18,40,,22,48,27,4.400000000000001,0.06340057636887605,6.000000000000003,0.08645533141210372,22,30,27
69,D,all_agents,,,40,30,10,0,16,14,0.37958950238583006,0.2372732548681735,0.9565151472245363,0.068515791958392,416,30,0.75,0,0.0,0.0,31.15,2710,,,,,,,,,,,,,,,,,,,,,,,,,,,
69,D,participants_only,,,30,30,0,0,16,14,0.43027781395384546,0.2656486618922793,0.9565151472245363,0.08067984382544002,416,30,1.0,0,0.0,0.0,24.866666666666667,2710,,,,,,,,,,,,,,,,,,,,,,,,,,,
69,D,nonparticipants_only,,,10,0,10,0,0,0,0.22752456768178395,0.2208743950573324,0.4126504685774334,0.001191977201853518,0,0,0.0,0,0.0,0.0,50.0,0,,,,,,,,,,,,,,,,,,,,,,,,,,,
69,D,step_totals,,,,,,,,,,,,,,,,,,,,,75.00000000000007,,,9.0,0.11999999999999988,57.0,0.7599999999999992,0.0,0.0,0.00821385682683116,0.2807017543859649,0.0,0,16,26,8,,18,57,24,3.0000000000000004,0.039999999999999966,6.000000000000003,0.07999999999999996,15,30,32
70,D,all_agents,,,40,30,10,0,16,14,0.38052966923094167,0.23694152248992745,0.9582545413355549,0.06916795363346474,426,30,0.75,0,0.0,0.0,31.375,2755,,,,,,,,,,,,,,,,,,,,,,,,,,,
70,D,participants_only,,,30,30,0,0,16,14,0.4314155275250705,0.26432041858281796,0.9582545413355549,0.08147918559585834,426,30,1.0,0,0.0,0.0,25.166666666666668,2755,,,,,,,,,,,,,,,,,,,,,,,,,,,
70,D,nonparticipants_only,,,10,0,10,0,0,0,0.227872094348555,0.2203490116096412,0.41058721623454625,0.0011618108543219536,0,0,0.0,0,0.0,0.0,50.0,0,,,,,,,,,,,,,,,,,,,,,,,,,,,
70,D,step_totals,,,,,,,,,,,,,,,,,,,,,69.40000000000006,,,11.0,0.15850144092219007,48.0,0.6916426512968293,0.0,0.0,0.006633084368985891,0.20833333333333334,0.0,0,10,18,40,,22,48,27,4.400000000000001,0.06340057636887604,6.000000000000003,0.08645533141210371,22,30,27
70,D,reachability,0.225,0.0,,,,,,,,,,,,,,,,,,,,,,,,,,,,,,,,,,,,,,,,,,,,,
71,D,all_agents,,,40,30,10,0,16,14,0.38197075920249457,0.23753279647866932,0.9599243596821326,0.06992952219276485,429,30,0.75,0,0.0,0.0,31.15,2804,,,,,,,,,,,,,,,,,,,,,,,,,,,
71,D,participants_only,,,30,30,0,0,16,14,0.4332217099615855,0.26623613478021646,0.9599243596821326,0.08235578295194221,429,30,1.0,0,0.0,0.0,24.866666666666667,2804,,,,,,,,,,,,,,,,,,,,,,,,,,,
71,D,nonparticipants_only,,,10,0,10,0,0,0,0.22821790692522173,0.22144975469495207,0.4085342801533735,0.0011308204707035933,0,0,0.0,0,0.0,0.0,50.0,0,,,,,,,,,,,,,,,,,,,,,,,,,,,
71,D,step_totals,,,,,,,,,,,,,,,,,,,,,74.50000000000006,,,8.5,0.11409395973154354,57.0,0.765100671140939,0.0,0.0,0.007624764102064743,0.05263157894736842,0.0,0,3,26,8,,17,57,24,3.0000000000000004,0.0402684563758389,6.000000000000003,0.08053691275167783,15,30,32
72,D,all_agents,,,40,30,10,0,16,14,0.38283342483908284,0.23866154262889708,0.9615273852948474,0.07053858898331172,441,30,0.75,0,0.0,0.0,31.375,2847,,,,,,,,,,,,,,,,,,,,,,,,,,,
72,D,participants_only,,,30,30,0,0,16,14,0.43425757377530533,0.2649049541063154,0.9615273852948474,0.08310611246834818,441,30,1.0,0,0.0,0.0,25.166666666666668,2847,,,,,,,,,,,,,,,,,,,,,,,,,,,
72,D,nonparticipants_only,,,10,0,10,0,0,0,0.2285609780304155,0.22308025637296064,0.40649160875260665,0.0011027014024248911,0,0,0.0,0,0.0,0.0,50.0,0,,,,,,,,,,,,,,,,,,,,,,,,,,,
72,D,step_totals,,,,,,,,,,,,,,,,,,,,,69.40000000000006,,,11.0,0.15850144092219007,48.0,0.6916426512968293,0.0,0.0,0.006383513620739277,0.25,0.0,0,12,18,39,,22,48,27,4.400000000000001,0.06340057636887604,6.000000000000003,0.08645533141210371,22,30,27
73,D,all_agents,,,40,30,10,0,16,14,0.38426325592324584,0.23807060677837572,0.9630662898830535,0.0713463393256857,451,30,0.75,0,0.0,0.0,31.15,2898,,,,,,,,,,,,,,,,,,,,,,,,,,,
73,D,participants_only,,,30,30,0,0,16,14,0.43605045795453146,0.26620483130832323,0.9630662898830535,0.0840420251143609,451,30,1.0,0,0.0,0.0,24.866666666666667,2898,,,,,,,,,,,,,,,,,,,,,,,,,,,
73,D,nonparticipants_only,,,10,0,10,0,0,0,0.22890164982938901,0.22298632349288916,0.40445915070884364,0.0010763104289097888,0,0,0.0,0,0.0,0.0,50.0,0,,,,,,,,,,,,,,,,,,,,,,,,,,,
73,D,step_totals,,,,,,,,,,,,,,,,,,,,,74.00000000000006,,,8.0,0.10810810810810803,57.0,0.7702702702702697,0.0,0.0,0.007661882551386205,0.17543859649122806,0.0,0,10,27,8,,16,57,24,3.0000000000000004,0.040540540540540515,6.000000000000003,0.08108108108108106,15,30,32
74,D,all_agents,,,40,30,10,0,16,14,0.3852077284263588,0.23797897227532322,0.9645436382877314,0.07194209576904517,457,30,0.75,0,0.0,0.0,31.375,2943,,,,,,,,,,,,,,,,,,,,,,,,,,,
74,D,participants_only,,,30,30,0,0,16,14,0.437196846282786,0.2648738071517816,0.9645436382877314,0.08476131355274462,457,30,1.0,0,0.0,0.0,25.166666666666668,2943,,,,,,,,,,,,,,,,,,,,,,,,,,,
74,D,nonparticipants_only,,,10,0,10,0,0,0,0.22924037485707724,0.2229578921839423,0.4024368549552994,0.0010500219120731281,0,0,0.0,0,0.0,0.0,50.0,0,,,,,,,,,,,,,,,,,,,,,,,,,,,
74,D,step_totals,,,,,,,,,,,,,,,,,,,,,69.40000000000008,,,11.0,0.15850144092219004,48.0,0.6916426512968292,0.0,0.0,0.006685102193341675,0.125,0.0,0,6,18,39,,22,48,27,4.400000000000001,0.06340057636887603,6.000000000000003,0.0864553314121037,22,30,27
75,D,all_agents,,,40,30,10,0,16,14,0.3866523049203417,0.2374499373514215,0.9659618927562221,0.07271376643335786,464,30,0.75,0,0.0,0.0,31.15,2994,,,,,,,,,,,,,,,,,,,,,,,,,,,
75,D,participants_only,,,30,30,0,0,16,14,0.43901072197823515,0.26379708665265866,0.9659618927562221,0.08564465641636743,464,30,1.0,0,0.0,0.0,24.866666666666667,2994,,,,,,,,,,,,,,,,,,,,,,,,,,,
75,D,nonparticipants_only,,,10,0,10,0,0,0,0.22957705374666126,0.2232201808534388,0.4004246706805229,0.0010242504426294474,0,0,0.0,0,0.0,0.0,50.0,0,,,,,,,,,,,,,,,,,,,,,,,,,,,
75,D,step_totals,,,,,,,,,,,,,,,,,,,,,73.50000000000006,,,7.5,0.10204081632653053,57.0,0.7755102040816321,0.0,0.0,0.007788074882795402,0.12280701754385964,0.0,0,7,27,8,,15,57,24,3.0000000000000004,0.04081632653061222,6.000000000000003,0.08163265306122447,15,30,32
76,D,all_agents,,,40,30,10,0,16,14,0.387509427349638,0.23801541418148175,0.9673234170459732,0.07327751838346235,473,30,0.75,0,0.0,0.0,31.375,3040,,,,,,,,,,,,,,,,,,,,,,,,,,,
76,D,participants_only,,,30,30,0,0,16,14,0.44004209207734035,0.2624781012193953,0.9673234170459732,0.08633132594132689,473,30,1.0,0,0.0,0.0,25.166666666666668,3040,,,,,,,,,,,,,,,,,,,,,,,,,,,
76,D,nonparticipants_only,,,10,0,10,0,0,0,0.22991143316653115,0.22349437456139132,0.3984225473271203,0.000999925349150608,0,0,0.0,0,0.0,0.0,50.0,0,,,,,,,,,,,,,,,,,,,,,,,,,,,
76,D,step_totals,,,,,,,,,,,,,,,,,,,,,69.40000000000006,,,11.0,0.15850144092219007,48.0,0.6916426512968293,0.0,0.0,0.006401199952112645,0.1875,0.0,0,9,18,38,,22,48,26,4.400000000000001,0.06340057636887604,6.000000000000003,0.08645533141210371,22,30,27
77,D,all_agents,,,40,30,10,0,16,14,0.3886609542136752,0.23707070062281088,0.9686304803641343,0.07397927559933573,478,30,0.75,0,0.0,0.0,31.15,3088,,,,,,,,,,,,,,,,,,,,,,,,,,,
77,D,participants_only,,,30,30,0,0,16,14,0.4414666119307427,0.26116571071329836,0.9686304803641343,0.0871601495475879,478,30,1.0,0,0.0,0.0,24.866666666666667,3088,,,,,,,,,,,,,,,,,,,,,,,,,,,
77,D,nonparticipants_only,,,10,0,10,0,0,0,0.23024398106247274,0.22530449670388436,0.3964304345904847,0.0009754039113941218,0,0,0.0,0,0.0,0.0,50.0,0,,,,,,,,,,,,,,,,,,,,,,,,,,,
77,D,step_totals,,,,,,,,,,,,,,,,,,,,,73.50000000000006,,,7.5,0.10204081632653053,57.0,0.7755102040816321,0.0,0.0,0.006837893856028967,0.08771929824561403,0.0,0,5,27,8,,15,57,23,3.0000000000000004,0.04081632653061222,6.000000000000003,0.08163265306122447,15,30,29
78,D,all_agents,,,40,30,10,0,16,14,0.3895170242081552,0.23626116820246876,0.969885261149569,0.07453925267591137,483,30,0.75,0,0.0,0.0,31.375,3135,,,,,,,,,,,,,,,,,,,,,,,,,,,
78,D,participants_only,,,30,30,0,0,16,14,0.4424978964104722,0.2598598821597319,0.969885261149569,0.08784051872309069,483,30,1.0,0,0.0,0.0,25.166666666666668,3135,,,,,,,,,,,,,,,,,,,,,,,,,,,
78,D,nonparticipants_only,,,10,0,10,0,0,0,0.23057440760120432,0.22538590766401184,0.39444828241753227,0.0009517807025544762,0,0,0.0,0,0.0,0.0,50.0,0,,,,,,,,,,,,,,,,,,,,,,,,,,,
78,D,step_totals,,,,,,,,,,,,,,,,,,,,,69.40000000000008,,,11.0,0.15850144092219004,48.0,0.6916426512968292,0.0,0.0,0.006411931709865979,0.10416666666666667,0.0,0,5,18,38,,22,48,26,4.400000000000001,0.06340057636887603,6.000000000000003,0.0864553314121037,22,30,27
79,D,all_agents,,,40,30,10,0,16,14,0.3905927991640403,0.2363106328254456,0.9710898507035862,0.07527335223700533,489,30,0.75,0,0.0,0.0,31.15,3183,,,,,,,,,,,,,,,,,,,,,,,,,,,
79,D,participants_only,,,30,30,0,0,16,14,0.44382290853846074,0.25856058274893323,0.9710898507035862,0.08872070888381427,489,30,1.0,0,0.0,0.0,24.866666666666667,3183,,,,,,,,,,,,,,,,,,,,,,,,,,,
79,D,nonparticipants_only,,,10,0,10,0,0,0,0.23090247104077916,0.22505876503677819,0.3924760410054446,0.00092994776842546,0,0,0.0,0,0.0,0.0,50.0,0,,,,,,,,,,,,,,,,,,,,,,,,,,,
79,D,step_totals,,,,,,,,,,,,,,,,,,,,,73.50000000000006,,,7.5,0.10204081632653053,57.0,0.7755102040816321,0.0,0.0,0.006597852522452951,0.10526315789473684,0.0,0,6,27,8,,15,57,23,3.0000000000000004,0.04081632653061222,6.000000000000003,0.08163265306122447,15,30,28
80,D,all_agents,,,40,30,10,0,16,14,0.39131480852767403,0.23686992851112937,0.9722462566754427,0.0757526869906751,492,30,0.75,0,0.0,0.0,31.375,3227,,,,,,,,,,,,,,,,,,,,,,,,,,,
80,D,participants_only,,,30,30,0,0,16,14,0.444676915828626,0.25726777983518856,0.9722462566754427,0.08931059352852891,492,30,1.0,0,0.0,0.0,25.166666666666668,3227,,,,,,,,,,,,,,,,,,,,,,,,,,,
80,D,nonparticipants_only,,,10,0,10,0,0,0,0.23122848662481824,0.22459972914284532,0.3905136608004174,0.0009087934299339577,0,0,0.0,0,0.0,0.0,50.0,0,,,,,,,,,,,,,,,,,,,,,,,,,,,
80,D,step_totals,,,,,,,,,,,,,,,,,,,,,69.40000000000006,,,11.0,0.15850144092219007,48.0,0.6916426512968293,0.0,0.0,0.005961789714074478,0.0625,0.0,0,3,18,38,,22,48,26,4.400000000000001,0.06340057636887604,6.000000000000003,0.08645533141210371,22,30,27
80,D,reachability,0.225,0.0,,,,,,,,,,,,,,,,,,,,,,,,,,,,,,,,,,,,,,,,,,,,,
81,D,all_agents,,,40,30,10,0,16,14,0.39238767368391136,0.23701341141592647,0.973356406408425,0.07649308660253398,499,30,0.75,0,0.0,0.0,31.15,3277,,,,,,,,,,,,,,,,,,,,,,,,,,,
81,D,participants_only,,,30,30,0,0,16,14,0.4459993873692855,0.2559814409360126,0.973356406408425,0.09019788694216191,499,30,1.0,0,0.0,0.0,24.866666666666667,3277,,,,,,,,,,,,,,,,,,,,,,,,,,,
81,D,nonparticipants_only,,,10,0,10,0,0,0,0.23155253262778877,0.22527073854968482,0.3885610924964153,0.0008880954522597393,0,0,0.0,0,0.0,0.0,50.0,0,,,,,,,,,,,,,,,,,,,,,,,,,,,
81,D,step_totals,,,,,,,,,,,,,,,,,,,,,73.00000000000004,,,7.0,0.09589041095890405,57.0,0.7808219178082187,0.0,0.0,0.006658270730883799,0.12280701754385964,0.0,0,7,27,8,,14,57,23,3.0000000000000004,0.04109589041095889,6.000000000000003,0.0821917808219178,15,30,28
82,D,all_agents,,,40,30,10,0,16,14,0.39308025107350314,0.23748481204735633,0.974422150152088,0.07695449105581048,503,30,0.75,0,0.0,0.0,31.375,3322,,,,,,,,,,,,,,,,,,,,,,,,,,,
82,D,participants_only,,,30,30,0,0,16,14,0.4468155153235854,0.2557175512496162,0.974422150152088,0.09076660062846459,503,30,1.0,0,0.0,0.0,25.166666666666668,3322,,,,,,,,,,,,,,,,,,,,,,,,,,,
82,D,nonparticipants_only,,,10,0,10,0,0,0,0.23187445832325648,0.22563422778515208,0.3866182870339332,0.000868418849534154,0,0,0.0,0,0.0,0.0,50.0,0,,,,,,,,,,,,,,,,,,,,,,,,,,,
82,D,step_totals,,,,,,,,,,,,,,,,,,,,,69.40000000000008,,,11.0,0.15850144092219004,48.0,0.6916426512968292,0.0,0.0,0.005873815339832506,0.08333333333333333,0.0,0,4,18,38,,22,48,26,4.400000000000001,0.06340057636887603,6.000000000000003,0.0864553314121037,22,30,25
83,D,all_agents,,,40,30,10,0,16,14,0.3940875735536934,0.23785912263280373,0.9754452641460045,0.0776837978528462,514,30,0.75,0,0.0,0.0,31.15,3372,,,,,,,,,,,,,,,,,,,,,,,,,,,
83,D,participants_only,,,30,30,0,0,16,14,0.44805180913832365,0.25443896349336814,0.9754452641460045,0.09164728954860629,514,30,1.0,0,0.0,0.0,24.866666666666667,3372,,,,,,,,,,,,,,,,,,,,,,,,,,,
83,D,nonparticipants_only,,,10,0,10,0,0,0,0.23219486679980272,0.22738189395399205,0.3846851955987635,0.0008476580987642102,0,0,0.0,0,0.0,0.0,50.0,0,,,,,,,,,,,,,,,,,,,,,,,,,,,
83,D,step_totals,,,,,,,,,,,,,,,,,,,,,73.00000000000006,,,7.0,0.09589041095890403,57.0,0.7808219178082185,0.0,0.0,0.006447947523084786,0.19298245614035087,0.0,0,11,27,8,,14,57,23,3.0000000000000004,0.04109589041095888,6.000000000000003,0.08219178082191778,15,30,28
84,D,all_agents,,,40,30,10,0,16,14,0.39478521686179124,0.23666982701963973,0.9764274535801644,0.07813382447379369,522,30,0.75,0,0.0,0.0,31.375,3418,,,,,,,,,,,,,,,,,,,,,,,,,,,
84,D,participants_only,,,30,30,0,0,16,14,0.44887601008491634,0.2548912780395856,0.9764274535801644,0.09219881251305728,522,30,1.0,0,0.0,0.0,25.166666666666668,3418,,,,,,,,,,,,,,,,,,,,,,,,,,,
84,D,nonparticipants_only,,,10,0,10,0,0,0,0.23251283719241592,0.22746049593197326,0.3827617696207697,0.000829093417920404,0,0,0.0,0,0.0,0.0,50.0,0,,,,,,,,,,,,,,,,,,,,,,,,,,,
84,D,step_totals,,,,,,,,,,,,,,,,,,,,,69.40000000000006,,,11.0,0.15850144092219007,48.0,0.6916426512968293,0.0,0.0,0.0059033184185912635,0.16666666666666666,0.0,0,8,18,38,,22,48,26,4.400000000000001,0.06340057636887604,6.000000000000003,0.08645533141210371,22,30,25
85,D,all_agents,,,40,30,10,0,16,14,0.395824673249988,0.2358725699446823,0.9773703554369578,0.07888392413225405,529,30,0.75,0,0.0,0.0,31.15,3470,,,,,,,,,,,,,,,,,,,,,,,,,,,
85,D,participants_only,,,30,30,0,0,16,14,0.45015664816251616,0.2536168216493877,0.9773703554369578,0.09310022420902786,529,30,1.0,0,0.0,0.0,24.866666666666667,3470,,,,,,,,,,,,,,,,,,,,,,,,,,,
85,D,nonparticipants_only,,,10,0,10,0,0,0,0.23282874851240332,0.22712994872835252,0.38084796077266586,0.0008114619271854865,0,0,0.0,0,0.0,0.0,50.0,0,,,,,,,,,,,,,,,,,,,,,,,,,,,
85,D,step_totals,,,,,,,,,,,,,,,,,,,,,72.50000000000006,,,6.5,0.08965517241379303,57.0,0.7862068965517235,0.0,0.0,0.006621787940130581,0.12280701754385964,0.0,0,7,27,7,,13,57,23,3.0000000000000004,0.04137931034482756,6.000000000000003,0.08275862068965514,15,30,28
86,D,all_agents,,,40,30,10,0,16,14,0.39651715779322455,0.2351163284060368,0.9782755412194795,0.07934020305485265,534,30,0.75,0,0.0,0.0,31.375,3517,,,,,,,,,,,,,,,,,,,,,,,,,,,
86,D,participants_only,,,30,30,0,0,16,14,0.4509752310418655,0.254396553165351,0.9782755412194795,0.0936596873984388,534,30,1.0,0,0.0,0.0,25.166666666666668,3517,,,,,,,,,,,,,,,,,,,,,,,,,,,
86,D,nonparticipants_only,,,10,0,10,0,0,0,0.23314293804730177,0.22681493130311514,0.3789437209688025,0.0007935691206420811,0,0,0.0,0,0.0,0.0,50.0,0,,,,,,,,,,,,,,,,,,,,,,,,,,,
86,D,step_totals,,,,,,,,,,,,,,,,,,,,,69.40000000000006,,,11.0,0.15850144092219007,48.0,0.6916426512968293,0.0,0.0,0.005899048788978627,0.10416666666666667,0.0,0,5,18,38,,22,48,26,4.400000000000001,0.06340057636887604,6.000000000000003,0.08645533141210371,22,30,25
87,D,all_agents,,,40,30,10,0,16,14,0.3975016393411128,0.23443822327456737,0.9791445195707003,0.08008022771040682,546,30,0.75,0,0.0,0.0,31.15,3569,,,,,,,,,,,,,,,,,,,,,,,,,,,
87,D,participants_only,,,30,30,0,0,16,14,0.452183812283013,0.2531245703995242,0.9791445195707003,0.09455425464049096,546,30,1.0,0,0.0,0.0,24.866666666666667,3569,,,,,,,,,,,,,,,,,,,,,,,,,,,
87,D,nonparticipants_only,,,10,0,10,0,0,0,0.2334551205154123,0.22725054434778852,0.3770490023639585,0.0007764664683798462,0,0,0.0,0,0.0,0.0,50.0,0,,,,,,,,,,,,,,,,,,,,,,,,,,,
87,D,step_totals,,,,,,,,,,,,,,,,,,,,,72.50000000000006,,,6.5,0.08965517241379303,57.0,0.7862068965517235,0.0,0.0,0.0064449981688340175,0.21052631578947367,0.0,0,12,27,7,,13,57,23,3.0000000000000004,0.04137931034482756,6.000000000000003,0.08275862068965514,15,30,28
88,D,all_agents,,,40,30,10,0,16,14,0.39819126036020697,0.23411182632652763,0.9799787387878722,0.08050615237376847,552,30,0.75,0,0.0,0.0,31.375,3616,,,,,,,,,,,,,,,,,,,,,,,,,,,
88,D,participants_only,,,30,30,0,0,16,14,0.45299996973553047,0.25337010872084564,0.9799787387878722,0.09507196660158708,552,30,1.0,0,0.0,0.0,25.166666666666668,3616,,,,,,,,,,,,,,,,,,,,,,,,,,,
88,D,nonparticipants_only,,,10,0,10,0,0,0,0.23376513223423656,0.22770024808160522,0.3751637573521387,0.0007607742096486388,0,0,0.0,0,0.0,0.0,50.0,0,,,,,,,,,,,,,,,,,,,,,,,,,,,
88,D,step_totals,,,,,,,,,,,,,,,,,,,,,69.40000000000008,,,11.0,0.15850144092219004,48.0,0.6916426512968292,0.0,0.0,0.005901981377566472,0.125,0.0,0,6,18,38,,22,48,26,4.400000000000001,0.06340057636887603,6.000000000000003,0.0864553314121037,22,30,24
89,D,all_agents,,,40,30,10,0,16,14,0.3991174609572082,0.23380314870978908,0.9807795892363573,0.0812355985909,562,30,0.75,0,0.0,0.0,31.15,3668,,,,,,,,,,,,,,,,,,,,,,,,,,,
89,D,participants_only,,,30,30,0,0,16,14,0.4541320780054653,0.25210325817724144,0.9807795892363573,0.09595961632648652,562,30,1.0,0,0.0,0.0,24.866666666666667,3668,,,,,,,,,,,,,,,,,,,,,,,,,,,
89,D,nonparticipants_only,,,10,0,10,0,0,0,0.23407360981243686,0.2293555414393202,0.373287938565378,0.0007442483165439096,0,0,0.0,0,0.0,0.0,50.0,0,,,,,,,,,,,,,,,,,,,,,,,,,,,
89,D,step_totals,,,,,,,,,,,,,,,,,,,,,72.50000000000006,,,6.5,0.08965517241379303,57.0,0.7862068965517235,0.0,0.0,0.006257092696606622,0.17543859649122806,0.0,0,10,27,7,,13,57,23,3.0000000000000004,0.04137931034482756,6.000000000000003,0.08275862068965514,15,30,28
90,D,all_agents,,,40,30,10,0,16,14,0.39979540495749416,0.23399770121382327,0.981548405666903,0.08166206426383524,569,30,0.75,0,0.0,0.0,31.375,3716,,,,,,,,,,,,,,,,,,,,,,,,,,,
90,D,participants_only,,,30,30,0,0,16,14,0.45493386063495067,0.2524358572244111,0.981548405666903,0.0964788317471663,569,30,1.0,0,0.0,0.0,25.166666666666668,3716,,,,,,,,,,,,,,,,,,,,,,,,,,,
90,D,nonparticipants_only,,,10,0,10,0,0,0,0.2343800379251246,0.22946350315732822,0.3714214988725511,0.000728770279903989,0,0,0.0,0,0.0,0.0,50.0,0,,,,,,,,,,,,,,,,,,,,,,,,,,,
90,D,step_totals,,,,,,,,,,,,,,,,,,,,,69.40000000000006,,,11.0,0.15850144092219007,48.0,0.6916426512968293,0.0,0.0,0.005874168719720066,0.14583333333333334,0.0,0,7,18,38,,22,48,26,4.400000000000001,0.06340057636887604,6.000000000000003,0.08645533141210371,22,30,24
90,D,reachability,0.225,0.0,,,,,,,,,,,,,,,,,,,,,,,,,,,,,,,,,,,,,,,,,,,,,
91,D,all_agents,,,40,30,10,0,16,14,0.40064605969163053,0.2349798462583108,0.9822864694402269,0.08235528668172125,575,30,0.75,0,0.0,0.0,31.15,3766,,,,,,,,,,,,,,,,,,,,,,,,,,,
91,D,participants_only,,,30,30,0,0,16,14,0.4559666067095522,0.25117367793828904,0.9822864694402269,0.09732747032314153,575,30,1.0,0,0.0,0.0,24.866666666666667,3766,,,,,,,,,,,,,,,,,,,,,,,,,,,
91,D,nonparticipants_only,,,10,0,10,0,0,0,0.23468441863786574,0.22916886480414655,0.36956439137818836,0.0007143806891154906,0,0,0.0,0,0.0,0.0,50.0,0,,,,,,,,,,,,,,,,,,,,,,,,,,,
91,D,step_totals,,,,,,,,,,,,,,,,,,,,,72.50000000000006,,,6.5,0.08965517241379303,57.0,0.7862068965517235,0.0,0.0,0.006011957677809947,0.10526315789473684,0.0,0,6,27,7,,13,57,22,3.0000000000000004,0.04137931034482756,6.000000000000003,0.08275862068965514,15,30,27
92,D,all_agents,,,40,30,10,0,16,14,0.401224270478835,0.23472216771432836,0.9829950106626179,0.08274314318072974,582,30,0.75,0,0.0,0.0,31.375,3812,,,,,,,,,,,,,,,,,,,,,,,,,,,
92,D,participants_only,,,30,30,0,0,16,14,0.4566366686982976,0.2521833787769203,0.9829950106626179,0.09780874406290145,582,30,1.0,0,0.0,0.0,25.166666666666668,3812,,,,,,,,,,,,,,,,,,,,,,,,,,,
92,D,nonparticipants_only,,,10,0,10,0,0,0,0.23498707582044726,0.22896396915335893,0.36771656942129743,0.000699934017026989,0,0,0.0,0,0.0,0.0,50.0,0,,,,,,,,,,,,,,,,,,,,,,,,,,,
92,D,step_totals,,,,,,,,,,,,,,,,,,,,,69.40000000000006,,,11.0,0.15850144092219007,48.0,0.6916426512968293,0.0,0.0,0.005539552110575795,0.14583333333333334,0.0,0,7,18,38,,22,48,26,4.400000000000001,0.06340057636887604,6.000000000000003,0.08645533141210371,22,30,24
93,D,all_agents,,,40,30,10,0,16,14,0.40204516537033536,0.23438950632541494,0.9836752102361132,0.0834138149831348,588,30,0.75,0,0.0,0.0,31.15,3863,,,,,,,,,,,,,,,,,,,,,,,,,,,
93,D,participants_only,,,30,30,0,0,16,14,0.457630941293912,0.2509224618830357,0.9836752102361132,0.09863060627829935,588,30,1.0,0,0.0,0.0,24.866666666666667,3863,,,,,,,,,,,,,,,,,,,,,,,,,,,
93,D,nonparticipants_only,,,10,0,10,0,0,0,0.23528783759960534,0.22916203945245234,0.36587798657419096,0.000686099277328258,0,0,0.0,0,0.0,0.0,50.0,0,,,,,,,,,,,,,,,,,,,,,,,,,,,
93,D,step_totals,,,,,,,,,,,,,,,,,,,,,72.30000000000005,,,6.5,0.08990318118948817,57.0,0.7883817427385886,0.0,0.0,0.005933715371010365,0.10526315789473684,0.0,0,6,27,7,,13,57,22,2.8000000000000003,0.0387275242047026,6.000000000000003,0.08298755186721989,14,30,26
94,D,all_agents,,,40,30,10,0,16,14,0.40254667256072807,0.2343958115202024,0.9843282018266686,0.08376359823987235,597,30,0.75,0,0.0,0.0,31.375,3909,,,,,,,,,,,,,,,,,,,,,,,,,,,
94,D,participants_only,,,30,30,0,0,16,14,0.4582000083274088,0.24966784957362054,0.9843282018266686,0.09907127639309071,597,30,1.0,0,0.0,0.0,25.166666666666668,3909,,,,,,,,,,,,,,,,,,,,,,,,,,,
94,D,nonparticipants_only,,,10,0,10,0,0,0,0.23558666526068575,0.22969498296246516,0.36404859664132,0.0006730383967103486,0,0,0.0,0,0.0,0.0,50.0,0,,,,,,,,,,,,,,,,,,,,,,,,,,,
94,D,step_totals,,,,,,,,,,,,,,,,,,,,,69.40000000000005,,,11.0,0.1585014409221901,48.0,0.6916426512968294,0.0,0.0,0.005284667368246545,0.1875,0.0,0,9,18,38,,22,48,26,4.400000000000001,0.06340057636887605,6.000000000000003,0.08645533141210372,22,30,24
95,D,all_agents,,,40,30,10,0,16,14,0.4032882054310726,0.23433755973381937,0.9849550737536018,0.08440570520145418,602,30,0.75,0,0.0,0.0,31.15,3959,,,,,,,,,,,,,,,,,,,,,,,,,,,
95,D,participants_only,,,30,30,0,0,16,14,0.4590896037251482,0.24841951032575244,0.9849550737536018,0.09986603166037539,602,30,1.0,0,0.0,0.0,24.866666666666667,3959,,,,,,,,,,,,,,,,,,,,,,,,,,,
95,D,nonparticipants_only,,,10,0,10,0,0,0,0.2358840105488456,0.23121891002092101,0.3622283536581134,0.0006591732058017653,0,0,0.0,0,0.0,0.0,50.0,0,,,,,,,,,,,,,,,,,,,,,,,,,,,
95,D,step_totals,,,,,,,,,,,,,,,,,,,,,72.30000000000005,,,6.5,0.08990318118948817,57.0,0.7883817427385886,0.0,0.0,0.005673450016473966,0.08771929824561403,0.0,0,5,27,7,,13,57,22,2.8000000000000003,0.0387275242047026,6.000000000000003,0.08298755186721989,14,30,26
96,D,all_agents,,,40,30,10,0,16,14,0.40386641031222276,0.23450763662782498,0.9855568708034578,0.08477308931204183,605,30,0.75,0,0.0,0.0,31.375,4007,,,,,,,,,,,,,,,,,,,,,,,,,,,
96,D,participants_only,,,30,30,0,0,16,14,0.45976207915491274,0.24874465170251003,0.9855568708034578,0.10031807884826585,605,30,1.0,0,0.0,0.0,25.166666666666668,4007,,,,,,,,,,,,,,,,,,,,,,,,,,,
96,D,nonparticipants_only,,,10,0,10,0,0,0,0.23617940378415261,0.23139739915335952,0.36041721188982284,0.0006462111589097342,0,0,0.0,0,0.0,0.0,50.0,0,,,,,,,,,,,,,,,,,,,,,,,,,,,
96,D,step_totals,,,,,,,,,,,,,,,,,,,,,69.40000000000006,,,11.0,0.15850144092219007,48.0,0.6916426512968293,0.0,0.0,0.005559830600598989,0.0625,0.0,0,3,18,38,,22,48,26,4.400000000000001,0.06340057636887604,6.000000000000003,0.08645533141210371,22,30,24
97,D,all_agents,,,40,30,10,0,16,14,0.40475060773777793,0.23469453714535082,0.9861345959713195,0.08547292079504386,609,30,0.75,0,0.0,0.0,31.15,4058,,,,,,,,,,,,,,,,,,,,,,,,,,,
97,D,participants_only,,,30,30,0,0,16,14,0.4608432298224972,0.2475009284439975,0.9861345959713195,0.10116684639907422,609,30,1.0,0,0.0,0.0,24.866666666666667,4058,,,,,,,,,,,,,,,,,,,,,,,,,,,
97,D,nonparticipants_only,,,10,0,10,0,0,0,0.2364727414836201,0.23112423858935227,0.35861512583037375,0.0006345569548831335,0,0,0.0,0,0.0,0.0,50.0,0,,,,,,,,,,,,,,,,,,,,,,,,,,,
97,D,step_totals,,,,,,,,,,,,,,,,,,,,,72.30000000000005,,,6.5,0.08990318118948817,57.0,0.7883817427385886,0.0,0.0,0.006150792100737426,0.07017543859649122,0.0,0,4,27,7,,13,57,21,2.8000000000000003,0.0387275242047026,6.000000000000003,0.08298755186721989,14,30,24
98,D,all_agents,,,40,30,10,0,16,14,0.4052965203393077,0.23498344945847746,0.9866892121324667,0.08582128320783136,618,30,0.75,0,0.0,0.0,31.375,4106,,,,,,,,,,,,,,,,,,,,,,,,,,,
98,D,participants_only,,,30,30,0,0,16,14,0.4614738604478323,0.24681043628741,0.9866892121324667,0.1015972855638939,618,30,1.0,0,0.0,0.0,25.166666666666668,4106,,,,,,,,,,,,,,,,,,,,,,,,,,,
98,D,nonparticipants_only,,,10,0,10,0,0,0,0.23676450001373409,0.23103885717238226,0.3568220502012219,0.000622553639617639,0,0,0.0,0,0.0,0.0,50.0,0,,,,,,,,,,,,,,,,,,,,,,,,,,,
98,D,step_totals,,,,,,,,,,,,,,,,,,,,,69.40000000000008,,,11.0,0.15850144092219004,48.0,0.6916426512968292,0.0,0.0,0.00546065357582335,0.1875,0.0,0,9,18,38,,22,48,25,4.400000000000001,0.06340057636887603,6.000000000000003,0.0864553314121037,22,30,24
99,D,all_agents,,,40,30,10,0,16,14,0.40607138303479207,0.2347621293821036,0.987221643647168,0.08650483941231071,629,30,0.75,0,0.0,0.0,31.15,4159,,,,,,,,,,,,,,,,,,,,,,,,,,,
99,D,participants_only,,,30,30,0,0,16,14,0.46241037421429576,0.24557638410597296,0.987221643647168,0.10243972976577699,629,30,1.0,0,0.0,0.0,24.866666666666667,4159,,,,,,,,,,,,,,,,,,,,,,,,,,,
99,D,nonparticipants_only,,,10,0,10,0,0,0,0.23705440949628118,0.23100758083770012,0.35503793995021576,0.0006111852264216062,0,0,0.0,0,0.0,0.0,50.0,0,,,,,,,,,,,,,,,,,,,,,,,,,,,
99,D,step_totals,,,,,,,,,,,,,,,,,,,,,72.30000000000005,,,6.5,0.08990318118948817,57.0,0.7883817427385886,0.0,0.0,0.005791935360947674,0.19298245614035087,0.0,0,11,27,7,,13,57,21,2.8000000000000003,0.0387275242047026,6.000000000000003,0.08298755186721989,14,30,24
100,D,all_agents,,,40,30,10,0,16,14,0.4065587314247596,0.2345973628403521,0.9877327779012813,0.08681516291954526,632,30,0.75,0,0.0,0.0,31.375,4206,,,,,,,,,,,,,,,,,,,,,,,,,,,
100,D,participants_only,,,30,30,0,0,16,14,0.4629641349457585,0.2465014502140191,0.9877327779012813,0.10282716571303512,632,30,1.0,0,0.0,0.0,25.166666666666668,4206,,,,,,,,,,,,,,,,,,,,,,,,,,,
100,D,nonparticipants_only,,,10,0,10,0,0,0,0.23734252086176305,0.2316208920407789,0.35326275025046466,0.0006003199826751682,0,0,0.0,0,0.0,0.0,50.0,0,,,,,,,,,,,,,,,,,,,,,,,,,,,
100,D,step_totals,,,,,,,,,,,,,,,,,,,,,69.40000000000006,,,11.0,0.15850144092219007,48.0,0.6916426512968293,0.0,0.0,0.005267602077443028,0.0625,0.0,0,3,18,38,,22,48,25,4.400000000000001,0.06340057636887604,6.000000000000003,0.08645533141210371,22,30,24
100,D,reachability,0.225,0.0,,,,,,,,,,,,,,,,,,,,,,,,,,,,,,,,,,,,,,,,,,,,,
101,D,all_agents,,,40,30,10,0,16,14,0.4073213168867585,0.234652501602154,0.9882234667852301,0.08747640299269853,640,30,0.75,0,0.0,0.0,31.15,4258,,,,,,,,,,,,,,,,,,,,,,,,,,,
101,D,participants_only,,,30,30,0,0,16,14,0.4638853324574089,0.245268942962949,0.9882234667852301,0.10364110987970561,640,30,1.0,0,0.0,0.0,24.866666666666667,4258,,,,,,,,,,,,,,,,,,,,,,,,,,,
101,D,nonparticipants_only,,,10,0,10,0,0,0,0.23762927017480734,0.23301798542787558,0.35149643649921236,0.0005884280419559116,0,0,0.0,0,0.0,0.0,50.0,0,,,,,,,,,,,,,,,,,,,,,,,,,,,
101,D,step_totals,,,,,,,,,,,,,,,,,,,,,72.30000000000007,,,6.5,0.08990318118948816,57.0,0.7883817427385885,0.0,0.0,0.005754628623908275,0.14035087719298245,0.0,0,8,27,7,,13,57,21,2.8000000000000003,0.038727524204702594,6.000000000000003,0.08298755186721987,14,30,24
102,D,all_agents,,,40,30,10,0,16,14,0.4077558023601547,0.23424337762642564,0.9886945281138209,0.0877712952987999,647,30,0.75,0,0.0,0.0,31.375,4305,,,,,,,,,,,,,,,,,,,,,,,,,,,
102,D,participants_only,,,30,30,0,0,16,14,0.4643697134319887,0.24606491636049832,0.9886945281138209,0.10401531316196543,647,30,1.0,0,0.0,0.0,25.166666666666668,4305,,,,,,,,,,,,,,,,,,,,,,,,,,,
102,D,nonparticipants_only,,,10,0,10,0,0,0,0.23791406914465257,0.23326456851556848,0.3497389543167163,0.000577622587108935,0,0,0.0,0,0.0,0.0,50.0,0,,,,,,,,,,,,,,,,,,,,,,,,,,,
102,D,step_totals,,,,,,,,,,,,,,,,,,,,,69.40000000000008,,,11.0,0.15850144092219004,48.0,0.6916426512968292,0.0,0.0,0.005095142637070415,0.14583333333333334,0.0,0,7,18,38,,22,48,24,4.400000000000001,0.06340057636887603,6.000000000000003,0.0864553314121037,22,30,24
103,D,all_agents,,,40,30,10,0,16,14,0.4085189829864196,0.2348383928006275,0.9891467469892681,0.0884495838732911,659,30,0.75,0,0.0,0.0,31.15,4359,,,,,,,,,,,,,,,,,,,,,,,,,,,
103,D,participants_only,,,30,30,0,0,16,14,0.465292982694762,0.24483459177869585,0.9891467469892681,0.10485038600837515,659,30,1.0,0,0.0,0.0,24.866666666666667,4359,,,,,,,,,,,,,,,,,,,,,,,,,,,
103,D,nonparticipants_only,,,10,0,10,0,0,0,0.2381969838613923,0.2329265805142378,0.34799025954513274,0.000567732953444591,0,0,0.0,0,0.0,0.0,50.0,0,,,,,,,,,,,,,,,,,,,,,,,,,,,
103,D,step_totals,,,,,,,,,,,,,,,,,,,,,72.50000000000006,,,6.5,0.08965517241379303,57.0,0.7862068965517235,0.0,0.0,0.005743094662122527,0.21052631578947367,0.0,0,12,27,7,,13,57,21,3.0000000000000004,0.04137931034482756,6.000000000000003,0.08275862068965514,15,30,24
104,D,all_agents,,,40,30,10,0,16,14,0.40897820036797294,0.23440852608956136,0.9895808771096973,0.0887418227146399,665,30,0.75,0,0.0,0.0,31.375,4406,,,,,,,,,,,,,,,,,,,,,,,,,,,
104,D,participants_only,,,30,30,0,0,16,14,0.46581147019146074,0.24402916444129105,0.9895808771096973,0.1052165376503273,665,30,1.0,0,0.0,0.0,25.166666666666668,4406,,,,,,,,,,,,,,,,,,,,,,,,,,,
104,D,nonparticipants_only,,,10,0,10,0,0,0,0.23847839089750947,0.23293519312116753,0.3462503082474071,0.0005574312016252565,0,0,0.0,0,0.0,0.0,50.0,0,,,,,,,,,,,,,,,,,,,,,,,,,,,
104,D,step_totals,,,,,,,,,,,,,,,,,,,,,69.40000000000008,,,11.0,0.15850144092219004,48.0,0.6916426512968292,0.0,0.0,0.005191381610576539,0.125,0.0,0,6,18,38,,22,48,24,4.400000000000001,0.06340057636887603,6.000000000000003,0.0864553314121037,22,30,24
105,D,all_agents,,,40,30,10,0,16,14,0.40972900841497956,0.2348250607286026,0.9899976420253095,0.08940473862192085,676,30,0.75,0,0.0,0.0,31.15,4459,,,,,,,,,,,,,,,,,,,,,,,,,,,
105,D,participants_only,,,30,30,0,0,16,14,0.4667193485616962,0.2428090186190846,0.9899976420253095,0.10603211425482871,676,30,1.0,0,0.0,0.0,24.866666666666667,4459,,,,,,,,,,,,,,,,,,,,,,,,,,,
105,D,nonparticipants_only,,,10,0,10,0,0,0,0.23875798797482975,0.23282754310039444,0.34451905670617006,0.0005478252827357426,0,0,0.0,0,0.0,0.0,50.0,0,,,,,,,,,,,,,,,,,,,,,,,,,,,
105,D,step_totals,,,,,,,,,,,,,,,,,,,,,72.30000000000005,,,6.5,0.08990318118948817,57.0,0.7883817427385886,0.0,0.0,0.005720947773970418,0.19298245614035087,0.0,0,11,27,7,,13,57,20,2.8000000000000003,0.0387275242047026,6.000000000000003,0.08298755186721989,14,30,23
106,D,all_agents,,,40,30,10,0,16,14,0.4100512984654911,0.23593465931136298,0.9903977363442971,0.08961966747175563,682,30,0.75,0,0.0,0.0,31.375,4504,,,,,,,,,,,,,,,,,,,,,,,,,,,
106,D,participants_only,,,30,30,0,0,16,14,0.4670564543975943,0.24170271326299136,0.9903977363442971,0.1063149534425794,682,30,1.0,0,0.0,0.0,25.166666666666668,4504,,,,,,,,,,,,,,,,,,,,,,,,,,,
106,D,nonparticipants_only,,,10,0,10,0,0,0,0.23903583066918158,0.23348035006375797,0.3427964614226392,0.00053875592516358,0,0,0.0,0,0.0,0.0,50.0,0,,,,,,,,,,,,,,,,,,,,,,,,,,,
106,D,step_totals,,,,,,,,,,,,,,,,,,,,,69.40000000000008,,,11.0,0.15850144092219004,48.0,0.6916426512968292,0.0,0.0,0.004728255876424003,0.125,0.0,0,6,18,38,,22,48,24,4.400000000000001,0.06340057636887603,6.000000000000003,0.0864553314121037,22,30,24
107,D,all_agents,,,40,30,10,0,16,14,0.4108278066581288,0.2355445480336534,0.9907818268905252,0.0903115195208847,686,30,0.75,0,0.0,0.0,31.15,4558,,,,,,,,,,,,,,,,,,,,,,,,,,,
107,D,participants_only,,,30,30,0,0,16,14,0.4679996440053791,0.2404941996966764,0.9907818268905252,0.10716458151344903,686,30,1.0,0,0.0,0.0,24.866666666666667,4558,,,,,,,,,,,,,,,,,,,,,,,,,,,
107,D,nonparticipants_only,,,10,0,10,0,0,0,0.23931229461637799,0.23475498601480618,0.341082479115526,0.0005289057152664566,0,0,0.0,0,0.0,0.0,50.0,0,,,,,,,,,,,,,,,,,,,,,,,,,,,
107,D,step_totals,,,,,,,,,,,,,,,,,,,,,72.10000000000007,,,6.5,0.09015256588072114,57.0,0.7905686546463239,0.0,0.0,0.005823566308538961,0.07017543859649122,0.0,0,4,27,7,,13,57,19,2.6,0.03606102635228846,6.000000000000003,0.0832177531206657,13,30,22
108,D,all_agents,,,40,30,10,0,16,14,0.4112405728847476,0.23529908094146826,0.9911505538149041,0.09057059409147457,693,30,0.75,0,0.0,0.0,31.375,4605,,,,,,,,,,,,,,,,,,,,,,,,,,,
108,D,participants_only,,,30,30,0,0,16,14,0.4684584395449706,0.23929172869819304,0.9911505538149041,0.10749199863824478,693,30,1.0,0,0.0,0.0,25.166666666666668,4605,,,,,,,,,,,,,,,,,,,,,,,,,,,
108,D,nonparticipants_only,,,10,0,10,0,0,0,0.23958697290407846,0.2350673135620065,0.3393770667199484,0.0005197692693991875,0,0,0.0,0,0.0,0.0,50.0,0,,,,,,,,,,,,,,,,,,,,,,,,,,,
108,D,step_totals,,,,,,,,,,,,,,,,,,,,,69.40000000000006,,,11.0,0.15850144092219007,48.0,0.6916426512968293,0.0,0.0,0.005051676947488873,0.14583333333333334,0.0,0,7,18,38,,22,48,24,4.400000000000001,0.06340057636887604,6.000000000000003,0.08645533141210371,22,30,24
109,D,all_agents,,,40,30,10,0,16,14,0.41197639414378195,0.23488154457157692,0.991504531662308,0.0912540941687685,704,30,0.75,0,0.0,0.0,31.15,4659,,,,,,,,,,,,,,,,,,,,,,,,,,,
109,D,participants_only,,,30,30,0,0,16,14,0.4693485760396667,0.23809527005470205,0.991504531662308,0.10833537561473157,704,30,1.0,0,0.0,0.0,24.866666666666667,4659,,,,,,,,,,,,,,,,,,,,,,,,,,,
109,D,nonparticipants_only,,,10,0,10,0,0,0,0.23985984845612782,0.23466673491203233,0.33768018138634864,0.0005114427649454917,0,0,0.0,0,0.0,0.0,50.0,0,,,,,,,,,,,,,,,,,,,,,,,,,,,
109,D,step_totals,,,,,,,,,,,,,,,,,,,,,72.10000000000004,,,6.5,0.09015256588072118,57.0,0.7905686546463242,0.0,0.0,0.005690588119034783,0.19298245614035087,0.0,0,11,27,7,,13,57,20,2.6,0.03606102635228847,6.000000000000003,0.08321775312066573,13,30,22
110,D,all_agents,,,40,30,10,0,16,14,0.4123653117161484,0.23533671757223296,0.9918443503958156,0.09149689325410579,709,30,0.75,0,0.0,0.0,31.375,4706,,,,,,,,,,,,,,,,,,,,,,,,,,,
110,D,participants_only,,,30,30,0,0,16,14,0.469776667495901,0.23690479370442857,0.9918443503958156,0.1086440026048358,709,30,1.0,0,0.0,0.0,25.166666666666668,4706,,,,,,,,,,,,,,,,,,,,,,,,,,,
110,D,nonparticipants_only,,,10,0,10,0,0,0,0.24013124437689048,0.23474930284873494,0.3359917804794169,0.0005027999322837251,0,0,0.0,0,0.0,0.0,50.0,0,,,,,,,,,,,,,,,,,,,,,,,,,,,
110,D,step_totals,,,,,,,,,,,,,,,,,,,,,69.40000000000008,,,11.0,0.15850144092219004,48.0,0.6916426512968292,0.0,0.0,0.0049794881047470095,0.10416666666666667,0.0,0,5,18,38,,22,48,24,4.400000000000001,0.06340057636887603,6.000000000000003,0.0864553314121037,22,30,24
110,D,reachability,0.25,0.0,,,,,,,,,,,,,,,,,,,,,,,,,,,,,,,,,,,,,,,,,,,,,
111,D,all_agents,,,40,30,10,0,16,14,0.4129615574435954,0.2348940330593276,0.9921705763799831,0.09213698153386009,714,30,0.75,0,0.0,0.0,31.15,4760,,,,,,,,,,,,,,,,,,,,,,,,,,,
111,D,participants_only,,,30,30,0,0,16,14,0.47048178491457543,0.23572026973590643,0.9921705763799831,0.10945004290604946,714,30,1.0,0,0.0,0.0,24.866666666666667,4760,,,,,,,,,,,,,,,,,,,,,,,,,,,
111,D,nonparticipants_only,,,10,0,10,0,0,0,0.2404008750306553,0.23467036715568773,0.33431182157701983,0.0004948785975325391,0,0,0.0,0,0.0,0.0,50.0,0,,,,,,,,,,,,,,,,,,,,,,,,,,,
111,D,step_totals,,,,,,,,,,,,,,,,,,,,,72.10000000000005,,,6.5,0.09015256588072115,57.0,0.790568654646324,0.0,0.0,0.005228642895870407,0.08771929824561403,0.0,0,5,27,7,,13,57,20,2.6,0.036061026352288465,6.000000000000003,0.08321775312066572,13,30,22
112,D,all_agents,,,40,30,10,0,16,14,0.4133298491150147,0.23520945717549083,0.9924837533247838,0.09236685923536868,721,30,0.75,0,0.0,0.0,31.375,4808,,,,,,,,,,,,,,,,,,,,,,,,,,,
112,D,participants_only,,,30,30,0,0,16,14,0.47088354880722477,0.2345416683872269,0.9924837533247838,0.10974353986368347,721,30,1.0,0,0.0,0.0,25.166666666666668,4808,,,,,,,,,,,,,,,,,,,,,,,,,,,
112,D,nonparticipants_only,,,10,0,10,0,0,0,0.24066875003838448,0.23527564984096683,0.33264026246913475,0.0004876771712910964,0,0,0.0,0,0.0,0.0,50.0,0,,,,,,,,,,,,,,,,,,,,,,,,,,,
112,D,step_totals,,,,,,,,,,,,,,,,,,,,,69.40000000000006,,,11.0,0.15850144092219007,48.0,0.6916426512968293,0.0,0.0,0.004915794160324582,0.14583333333333334,0.0,0,7,18,38,,22,48,24,4.400000000000001,0.06340057636887604,6.000000000000003,0.08645533141210371,22,30,24
113,D,all_agents,,,40,30,10,0,16,14,0.4139311913767036,0.2357455229407318,0.9927844031917924,0.0929930342427778,727,30,0.75,0,0.0,0.0,31.15,4862,,,,,,,,,,,,,,,,,,,,,,,,,,,
113,D,participants_only,,,30,30,0,0,16,14,0.47159641827832083,0.23336896004529076,0.9927844031917924,0.11052993890054502,727,30,1.0,0,0.0,0.0,24.866666666666667,4862,,,,,,,,,,,,,,,,,,,,,,,,,,,
113,D,nonparticipants_only,,,10,0,10,0,0,0,0.24093551067185182,0.23643205359481648,0.3309770611567891,0.00047897954609611064,0,0,0.0,0,0.0,0.0,50.0,0,,,,,,,,,,,,,,,,,,,,,,,,,,,
113,D,step_totals,,,,,,,,,,,,,,,,,,,,,72.30000000000005,,,6.5,0.08990318118948817,57.0,0.7883817427385886,0.0,0.0,0.005233442525098289,0.10526315789473684,0.0,0,6,27,7,,13,57,20,2.8000000000000003,0.0387275242047026,6.000000000000003,0.08298755186721989,14,30,22
114,D,all_agents,,,40,30,10,0,16,14,0.41427833853134405,0.23636972498487546,0.9930730270641207,0.09320712159856878,736,30,0.75,0,0.0,0.0,31.375,4910,,,,,,,,,,,,,,,,,,,,,,,,,,,
114,D,participants_only,,,30,30,0,0,16,14,0.47197094559873215,0.2322021152450643,0.9930730270641207,0.11080539460002484,736,30,1.0,0,0.0,0.0,25.166666666666668,4910,,,,,,,,,,,,,,,,,,,,,,,,,,,
114,D,nonparticipants_only,,,10,0,10,0,0,0,0.24120051732917971,0.23680785717215447,0.32932217585100515,0.0004710596714161474,0,0,0.0,0,0.0,0.0,50.0,0,,,,,,,,,,,,,,,,,,,,,,,,,,,
114,D,step_totals,,,,,,,,,,,,,,,,,,,,,69.40000000000006,,,11.0,0.15850144092219007,48.0,0.6916426512968293,0.0,0.0,0.004851477790090924,0.1875,0.0,0,9,18,38,,22,48,24,4.400000000000001,0.06340057636887604,6.000000000000003,0.08645533141210371,22,30,24
115,D,all_agents,,,40,30,10,0,16,14,0.41488865171575745,0.23620297852627908,0.9933501059815559,0.09384060710034317,743,30,0.75,0,0.0,0.0,31.15,4964,,,,,,,,,,,,,,,,,,,,,,,,,,,
115,D,participants_only,,,30,30,0,0,16,14,0.47269692387752993,0.23104110466883898,0.9933501059815559,0.11159904336921418,743,30,1.0,0,0.0,0.0,24.866666666666667,4964,,,,,,,,,,,,,,,,,,,,,,,,,,,
115,D,nonparticipants_only,,,10,0,10,0,0,0,0.24146383523044004,0.23634684748465404,0.3276755649717501,0.000463742329775436,0,0,0.0,0,0.0,0.0,50.0,0,,,,,,,,,,,,,,,,,,,,,,,,,,,
115,D,step_totals,,,,,,,,,,,,,,,,,,,,,72.30000000000005,,,6.5,0.08990318118948817,57.0,0.7883817427385886,0.0,0.0,0.005265024762440558,0.12280701754385964,0.0,0,7,27,7,,13,57,20,2.8000000000000003,0.0387275242047026,6.000000000000003,0.08298755186721989,14,30,22
116,D,all_agents,,,40,30,10,0,16,14,0.41517101154801944,0.2361309633317007,0.9936161017422936,0.0940179533213671,753,30,0.75,0,0.0,0.0,31.375,5010,,,,,,,,,,,,,,,,,,,,,,,,,,,
116,D,participants_only,,,30,30,0,0,16,14,0.47298611875822477,0.2298858991454948,0.9936161017422936,0.11183484752319223,753,30,1.0,0,0.0,0.0,25.166666666666668,5010,,,,,,,,,,,,,,,,,,,,,,,,,,,
116,D,nonparticipants_only,,,10,0,10,0,0,0,0.24172568991740348,0.23650081901607295,0.32603718714689134,0.00045623125516128455,0,0,0.0,0,0.0,0.0,50.0,0,,,,,,,,,,,,,,,,,,,,,,,,,,,
116,D,step_totals,,,,,,,,,,,,,,,,,,,,,69.40000000000006,,,11.0,0.15850144092219007,48.0,0.6916426512968293,0.0,0.0,0.004635266651022704,0.20833333333333334,0.0,0,10,18,38,,22,48,24,4.400000000000001,0.06340057636887604,6.000000000000003,0.08645533141210371,22,30,24
117,D,all_agents,,,40,30,10,0,16,14,0.41577499020920766,0.23622907778441238,0.9938714576726019,0.09466261734386054,764,30,0.75,0,0.0,0.0,31.15,5065,,,,,,,,,,,,,,,,,,,,,,,,,,,
117,D,participants_only,,,30,30,0,0,16,14,0.47370471388866203,0.22873646964976732,0.9938714576726019,0.11264358443393135,764,30,1.0,0,0.0,0.0,24.866666666666667,5065,,,,,,,,,,,,,,,,,,,,,,,,,,,
117,D,nonparticipants_only,,,10,0,10,0,0,0,0.2419858191708444,0.23646926463032503,0.3244070012111569,0.00044948144671278916,0,0,0.0,0,0.0,0.0,50.0,0,,,,,,,,,,,,,,,,,,,,,,,,,,,
117,D,step_totals,,,,,,,,,,,,,,,,,,,,,72.30000000000005,,,6.5,0.08990318118948817,57.0,0.7883817427385886,0.0,0.0,0.005245003590831039,0.19298245614035087,0.0,0,11,27,7,,13,57,20,2.8000000000000003,0.0387275242047026,6.000000000000003,0.08298755186721989,14,30,22
118,D,all_agents,,,40,30,10,0,16,14,0.41608385586772934,0.23652919872931355,0.9941165993656979,0.09484814823967545,773,30,0.75,0,0.0,0.0,31.375,5113,,,,,,,,,,,,,,,,,,,,,,,,,,,
118,D,participants_only,,,30,30,0,0,16,14,0.4740303587077487,0.2275927873015185,0.9941165993656979,0.11288530644045143,773,30,1.0,0,0.0,0.0,25.166666666666668,5113,,,,,,,,,,,,,,,,,,,,,,,,,,,
118,D,nonparticipants_only,,,10,0,10,0,0,0,0.24224434734767136,0.2370090050714777,0.3227849662051011,0.00044310734068708064,0,0,0.0,0,0.0,0.0,50.0,0,,,,,,,,,,,,,,,,,,,,,,,,,,,
118,D,step_totals,,,,,,,,,,,,,,,,,,,,,69.40000000000008,,,11.0,0.15850144092219004,48.0,0.6916426512968292,0.0,0.0,0.004734755197704838,0.1875,0.0,0,9,18,38,,22,48,24,4.400000000000001,0.06340057636887603,6.000000000000003,0.0864553314121037,22,30,24
119,D,all_agents,,,40,30,10,0,16,14,0.4166947510565661,0.23722887066819254,0.9943519353910699,0.09550566964197726,780,30,0.75,0,0.0,0.0,31.15,5170,,,,,,,,,,,,,,,,,,,,,,,,,,,
119,D,participants_only,,,30,30,0,0,16,14,0.474759096535859,0.22645482336501088,0.9943519353910699,0.11370983007905071,780,30,1.0,0,0.0,0.0,24.866666666666667,5170,,,,,,,,,,,,,,,,,,,,,,,,,,,
119,D,nonparticipants_only,,,10,0,10,0,0,0,0.2425017146186874,0.2380512560804596,0.3211710413740756,0.00043556973949276207,0,0,0.0,0,0.0,0.0,50.0,0,,,,,,,,,,,,,,,,,,,,,,,,,,,
119,D,step_totals,,,,,,,,,,,,,,,,,,,,,72.30000000000005,,,6.5,0.08990318118948817,57.0,0.7883817427385886,0.0,0.0,0.005270030681992889,0.12280701754385964,0.0,0,7,27,7,,13,57,21,2.8000000000000003,0.0387275242047026,6.000000000000003,0.08298755186721989,14,30,22
120,D,all_agents,,,40,30,10,0,16,14,0.41695422626129364,0.23750966343893265,0.9945778579754271,0.09565400242228873,786,30,0.75,0,0.0,0.0,31.375,5216,,,,,,,,,,,,,,,,,,,,,,,,,,,
120,D,participants_only,,,30,30,0,0,16,14,0.47501982212211696,0.22532254924818584,0.9945778579754271,0.11390934626137707,786,30,1.0,0,0.0,0.0,25.166666666666668,5216,,,,,,,,,,,,,,,,,,,,,,,,,,,
120,D,nonparticipants_only,,,10,0,10,0,0,0,0.2427574386788236,0.23846390723310623,0.3195651861672052,0.00042860983295413865,0,0,0.0,0,0.0,0.0,50.0,0,,,,,,,,,,,,,,,,,,,,,,,,,,,
120,D,step_totals,,,,,,,,,,,,,,,,,,,,,69.40000000000006,,,11.0,0.15850144092219007,48.0,0.6916426512968293,0.0,0.0,0.004572838515330157,0.125,0.0,0,6,18,38,,22,48,24,4.400000000000001,0.06340057636887604,6.000000000000003,0.08645533141210371,22,30,24
120,D,reachability,0.25,0.0,,,,,,,,,,,,,,,,,,,,,,,,,,,,,,,,,,,,,,,,,,,,,
121,D,all_agents,,,40,30,10,0,16,14,0.41742691875704363,0.23755879436676486,0.99479474365641,0.09622403977293943,794,30,0.75,0,0.0,0.0,31.15,5268,,,,,,,,,,,,,,,,,,,,,,,,,,,
121,D,participants_only,,,30,30,0,0,16,14,0.4755653921274355,0.2251991582799784,0.99479474365641,0.11463761191915986,794,30,1.0,0,0.0,0.0,24.866666666666667,5268,,,,,,,,,,,,,,,,,,,,,,,,,,,
121,D,nonparticipants_only,,,10,0,10,0,0,0,0.24301149864586816,0.2379696623870457,0.3179673602363692,0.00042233830420099645,0,0,0.0,0,0.0,0.0,50.0,0,,,,,,,,,,,,,,,,,,,,,,,,,,,
121,D,step_totals,,,,,,,,,,,,,,,,,,,,,72.30000000000005,,,6.5,0.08990318118948817,57.0,0.7883817427385886,0.0,0.0,0.004811836770139904,0.14035087719298245,0.0,0,8,27,7,,13,57,20,2.8000000000000003,0.0387275242047026,6.000000000000003,0.08298755186721989,14,30,21
122,D,all_agents,,,40,30,10,0,16,14,0.4176991655557506,0.23716372225995383,0.9950029539101536,0.09637911892998709,802,30,0.75,0,0.0,0.0,31.375,5314,,,,,,,,,,,,,,,,,,,,,,,,,,,
122,D,participants_only,,,30,30,0,0,16,14,0.4758441789281948,0.2240731624885785,0.9950029539101536,0.11484347371083078,802,30,1.0,0,0.0,0.0,25.166666666666668,5314,,,,,,,,,,,,,,,,,,,,,,,,,,,
122,D,nonparticipants_only,,,10,0,10,0,0,0,0.2432641254384179,0.23819190133475943,0.3163775234351873,0.00041594362647539597,0,0,0.0,0,0.0,0.0,50.0,0,,,,,,,,,,,,,,,,,,,,,,,,,,,
122,D,step_totals,,,,,,,,,,,,,,,,,,,,,69.40000000000006,,,11.0,0.15850144092219007,48.0,0.6916426512968293,0.0,0.0,0.004623496012173804,0.16666666666666666,0.0,0,8,18,38,,22,48,24,4.400000000000001,0.06340057636887604,6.000000000000003,0.08645533141210371,22,30,24
123,D,all_agents,,,40,30,10,0,16,14,0.4182160933928607,0.23707860586090423,0.9952028357537475,0.09699489113961414,806,30,0.75,0,0.0,0.0,31.15,5369,,,,,,,,,,,,,,,,,,,,,,,,,,,
123,D,participants_only,,,30,30,0,0,16,14,0.4764497320102523,0.22426138506318086,0.9952028357537475,0.11562523662147807,806,30,1.0,0,0.0,0.0,24.866666666666667,5369,,,,,,,,,,,,,,,,,,,,,,,,,,,
123,D,nonparticipants_only,,,10,0,10,0,0,0,0.24351517754068575,0.23828519192754744,0.3147956358180114,0.00040997469457073325,0,0,0.0,0,0.0,0.0,50.0,0,,,,,,,,,,,,,,,,,,,,,,,,,,,
123,D,step_totals,,,,,,,,,,,,,,,,,,,,,72.10000000000005,,,6.5,0.09015256588072115,57.0,0.790568654646324,0.0,0.0,0.004973727787569018,0.07017543859649122,0.0,0,4,27,7,,13,57,20,2.6,0.036061026352288465,6.000000000000003,0.08321775312066572,13,30,21
124,D,all_agents,,,40,30,10,0,16,14,0.4184446089762218,0.2373250376258706,0.9953947223235976,0.09711989273661688,817,30,0.75,0,0.0,0.0,31.375,5416,,,,,,,,,,,,,,,,,,,,,,,,,,,
124,D,participants_only,,,30,30,0,0,16,14,0.4766712781846149,0.22314007813786496,0.9953947223235976,0.11579693060008683,817,30,1.0,0,0.0,0.0,25.166666666666668,5416,,,,,,,,,,,,,,,,,,,,,,,,,,,
124,D,nonparticipants_only,,,10,0,10,0,0,0,0.24376460135104258,0.238682553073478,0.31322165763892135,0.00040463906096343296,0,0,0.0,0,0.0,0.0,50.0,0,,,,,,,,,,,,,,,,,,,,,,,,,,,
124,D,step_totals,,,,,,,,,,,,,,,,,,,,,69.40000000000008,,,11.0,0.15850144092219004,48.0,0.6916426512968292,0.0,0.0,0.004478289690178599,0.22916666666666666,0.0,0,11,18,38,,22,48,24,4.400000000000001,0.06340057636887603,6.000000000000003,0.0864553314121037,22,30,24
125,D,all_agents,,,40,30,10,0,16,14,0.4189470289926847,0.23695123807097052,0.9955789334306537,0.0977301154841338,825,30,0.75,0,0.0,0.0,31.15,5472,,,,,,,,,,,,,,,,,,,,,,,,,,,
125,D,participants_only,,,30,30,0,0,16,14,0.47725838763320977,0.22435874913537696,0.9955789334306537,0.11657329103568385,825,30,1.0,0,0.0,0.0,24.866666666666667,5472,,,,,,,,,,,,,,,,,,,,,,,,,,,
125,D,nonparticipants_only,,,10,0,10,0,0,0,0.24401295307110926,0.23961459003358312,0.31165554935072676,0.0003980142714362757,0,0,0.0,0,0.0,0.0,50.0,0,,,,,,,,,,,,,,,,,,,,,,,,,,,
125,D,step_totals,,,,,,,,,,,,,,,,,,,,,72.30000000000007,,,6.5,0.08990318118948816,57.0,0.7883817427385885,0.0,0.0,0.004912625600567694,0.14035087719298245,0.0,0,8,27,7,,13,57,20,2.8000000000000003,0.038727524204702594,6.000000000000003,0.08298755186721987,14,30,21
126,D,all_agents,,,40,30,10,0,16,14,0.41915173787523574,0.23699381798281355,0.9957557760934276,0.0978414086190749,832,30,0.75,0,0.0,0.0,31.375,5519,,,,,,,,,,,,,,,,,,,,,,,,,,,
126,D,participants_only,,,30,30,0,0,16,14,0.47744908860979557,0.22323695538970006,0.9957557760934276,0.11673020331694203,832,30,1.0,0,0.0,0.0,25.166666666666668,5519,,,,,,,,,,,,,,,,,,,,,,,,,,,
126,D,nonparticipants_only,,,10,0,10,0,0,0,0.24425968567155612,0.2400130031804551,0.3100972716039731,0.00039205129345404473,0,0,0.0,0,0.0,0.0,50.0,0,,,,,,,,,,,,,,,,,,,,,,,,,,,
126,D,step_totals,,,,,,,,,,,,,,,,,,,,,69.40000000000008,,,11.0,0.15850144092219004,48.0,0.6916426512968292,0.0,0.0,0.004402867201550549,0.14583333333333334,0.0,0,7,18,38,,22,48,24,4.400000000000001,0.06340057636887603,6.000000000000003,0.0864553314121037,22,30,24
127,D,all_agents,,,40,30,10,0,16,14,0.41957836525255165,0.2373772378571607,0.9959255450496904,0.09841599364181117,839,30,0.75,0,0.0,0.0,31.15,5573,,,,,,,,,,,,,,,,,,,,,,,,,,,
127,D,participants_only,,,30,30,0,0,16,14,0.4779362230836215,0.22432258191519952,0.9959255450496904,0.11746982878034963,839,30,1.0,0,0.0,0.0,24.866666666666667,5573,,,,,,,,,,,,,,,,,,,,,,,,,,,
127,D,nonparticipants_only,,,10,0,10,0,0,0,0.2445047917593424,0.23965956786168685,0.30854678524595325,0.00038681337861956247,0,0,0.0,0,0.0,0.0,50.0,0,,,,,,,,,,,,,,,,,,,,,,,,,,,
127,D,step_totals,,,,,,,,,,,,,,,,,,,,,72.50000000000007,,,6.5,0.08965517241379302,57.0,0.7862068965517234,0.0,0.0,0.004648398735291464,0.12280701754385964,0.0,0,7,27,7,,13,57,20,3.0000000000000004,0.04137931034482755,6.000000000000003,0.08275862068965513,15,30,21
128,D,all_agents,,,40,30,10,0,16,14,0.4198082328017481,0.23782817265525039,0.9960885232477028,0.09853675836897666,844,30,0.75,0,0.0,0.0,31.375,5621,,,,,,,,,,,,,,,,,,,,,,,,,,,
128,D,participants_only,,,30,30,0,0,16,14,0.47816144285880735,0.22320096900562353,0.9960885232477028,0.11763490335652399,844,30,1.0,0,0.0,0.0,25.166666666666668,5621,,,,,,,,,,,,,,,,,,,,,,,,,,,
128,D,nonparticipants_only,,,10,0,10,0,0,0,0.24474860263057036,0.23982463499825768,0.30700405131972347,0.00038115791877530667,0,0,0.0,0,0.0,0.0,50.0,0,,,,,,,,,,,,,,,,,,,,,,,,,,,
128,D,step_totals,,,,,,,,,,,,,,,,,,,,,69.40000000000008,,,11.0,0.15850144092219004,48.0,0.6916426512968292,0.0,0.0,0.004495537714752215,0.10416666666666667,0.0,0,5,18,38,,22,48,24,4.400000000000001,0.06340057636887603,6.000000000000003,0.0864553314121037,22,30,24
129,D,all_agents,,,40,30,10,0,16,14,0.42013177536107,0.23823945342620162,0.9962449823177947,0.09904512227232577,854,30,0.75,0,0.0,0.0,31.15,5673,,,,,,,,,,,,,,,,,,,,,,,,,,,
129,D,participants_only,,,30,30,0,0,16,14,0.47851209610339485,0.2242525837689046,0.9962449823177947,0.11830172360223798,854,30,1.0,0,0.0,0.0,24.866666666666667,5673,,,,,,,,,,,,,,,,,,,,,,,,,,,
129,D,nonparticipants_only,,,10,0,10,0,0,0,0.24499081313409538,0.24001688683634353,0.30546903106312484,0.0003761760828684455,0,0,0.0,0,0.0,0.0,50.0,0,,,,,,,,,,,,,,,,,,,,,,,,,,,
129,D,step_totals,,,,,,,,,,,,,,,,,,,,,72.30000000000005,,,6.5,0.08990318118948817,57.0,0.7883817427385886,0.0,0.0,0.004319740312098491,0.17543859649122806,0.0,0,10,27,7,,13,57,20,2.8000000000000003,0.0387275242047026,6.000000000000003,0.08298755186721989,14,30,21
130,D,all_agents,,,40,30,10,0,16,14,0.4203010632442975,0.23824952074218986,0.9963951830250829,0.0991179915105231,860,30,0.75,0,0.0,0.0,31.375,5719,,,,,,,,,,,,,,,,,,,,,,,,,,,
130,D,participants_only,,,30,30,0,0,16,14,0.4786575847106644,0.2231313208500601,0.9963951830250829,0.1184115065574544,860,30,1.0,0,0.0,0.0,25.166666666666668,5719,,,,,,,,,,,,,,,,,,,,,,,,,,,
130,D,nonparticipants_only,,,10,0,10,0,0,0,0.24523149884519693,0.240298357419696,0.30394168590780923,0.00037164319787475196,0,0,0.0,0,0.0,0.0,50.0,0,,,,,,,,,,,,,,,,,,,,,,,,,,,
130,D,step_totals,,,,,,,,,,,,,,,,,,,,,69.40000000000008,,,11.0,0.15850144092219004,48.0,0.6916426512968292,0.0,0.0,0.004289977143197576,0.125,0.0,0,6,18,38,,22,48,24,4.400000000000001,0.06340057636887603,6.000000000000003,0.0864553314121037,22,30,24
130,D,reachability,0.25,0.0,,,,,,,,,,,,,,,,,,,,,,,,,,,,,,,,,,,,,,,,,,,,,
131,D,all_agents,,,40,30,10,0,16,14,0.42069399190348783,0.23815784043316915,0.9965393757040796,0.09967569895012782,862,30,0.75,0,0.0,0.0,31.15,5774,,,,,,,,,,,,,,,,,,,,,,,,,,,
131,D,participants_only,,,30,30,0,0,16,14,0.4791016165974798,0.2234747723059105,0.9965393757040796,0.11913313995645276,862,30,1.0,0,0.0,0.0,24.866666666666667,5774,,,,,,,,,,,,,,,,,,,,,,,,,,,
131,D,nonparticipants_only,,,10,0,10,0,0,0,0.24547111782151182,0.24112398312719494,0.3024219774782702,0.0003659684624222831,0,0,0.0,0,0.0,0.0,50.0,0,,,,,,,,,,,,,,,,,,,,,,,,,,,
131,D,step_totals,,,,,,,,,,,,,,,,,,,,,72.50000000000007,,,6.5,0.08965517241379302,57.0,0.7862068965517234,0.0,0.0,0.004537647381262904,0.03508771929824561,0.0,0,2,27,7,,13,57,20,3.0000000000000004,0.04137931034482755,6.000000000000003,0.08275862068965513,15,30,21
132,D,all_agents,,,40,30,10,0,16,14,0.4208980050808378,0.2378852981352285,0.9966778006759164,0.09977533436778963,874,30,0.75,0,0.0,0.0,31.375,5821,,,,,,,,,,,,,,,,,,,,,,,,,,,
132,D,participants_only,,,30,30,0,0,16,14,0.4792942886750205,0.22235739844438096,0.9966778006759164,0.11927294476218332,874,30,1.0,0,0.0,0.0,25.166666666666668,5821,,,,,,,,,,,,,,,,,,,,,,,,,,,
132,D,nonparticipants_only,,,10,0,10,0,0,0,0.24570915429828957,0.24150864953266205,0.30090986759087884,0.0003609919332619891,0,0,0.0,0,0.0,0.0,50.0,0,,,,,,,,,,,,,,,,,,,,,,,,,,,
132,D,step_totals,,,,,,,,,,,,,,,,,,,,,69.40000000000006,,,11.0,0.15850144092219007,48.0,0.6916426512968293,0.0,0.0,0.004414559530673609,0.25,0.0,0,12,18,38,,22,48,24,4.400000000000001,0.06340057636887604,6.000000000000003,0.08645533141210371,22,30,24
133,D,all_agents,,,40,30,10,0,16,14,0.4213115635979149,0.23853850005469593,0.9968106886488797,0.10034887663148788,880,30,0.75,0,0.0,0.0,31.15,5877,,,,,,,,,,,,,,,,,,,,,,,,,,,
133,D,participants_only,,,30,30,0,0,16,14,0.47976684937389535,0.22214840881995318,0.9968106886488797,0.12001161225493837,880,30,1.0,0,0.0,0.0,24.866666666666667,5877,,,,,,,,,,,,,,,,,,,,,,,,,,,
133,D,nonparticipants_only,,,10,0,10,0,0,0,0.24594570626997334,0.2412911652866541,0.29940531825292444,0.00035642453931782785,0,0,0.0,0,0.0,0.0,50.0,0,,,,,,,,,,,,,,,,,,,,,,,,,,,
133,D,step_totals,,,,,,,,,,,,,,,,,,,,,72.50000000000007,,,6.5,0.08965517241379302,57.0,0.7862068965517234,0.0,0.0,0.004606281803696052,0.10526315789473684,0.0,0,6,27,7,,13,57,20,3.0000000000000004,0.04137931034482755,6.000000000000003,0.08275862068965513,15,30,21
134,D,all_agents,,,40,30,10,0,16,14,0.4215030965051218,0.23908583216526383,0.9969382611029245,0.10043802289413535,886,30,0.75,0,0.0,0.0,31.375,5925,,,,,,,,,,,,,,,,,,,,,,,,,,,
134,D,participants_only,,,30,30,0,0,16,14,0.47994381864669033,0.22184338596868197,0.9969382611029245,0.1201388553089336,886,30,1.0,0,0.0,0.0,25.166666666666668,5925,,,,,,,,,,,,,,,,,,,,,,,,,,,
134,D,nonparticipants_only,,,10,0,10,0,0,0,0.24618093008041625,0.24142676189923906,0.29790829166165983,0.00035170959660440815,0,0,0.0,0,0.0,0.0,50.0,0,,,,,,,,,,,,,,,,,,,,,,,,,,,
134,D,step_totals,,,,,,,,,,,,,,,,,,,,,69.40000000000006,,,11.0,0.15850144092219007,48.0,0.6916426512968293,0.0,0.0,0.004376702443093139,0.125,0.0,0,6,18,38,,22,48,24,4.400000000000001,0.06340057636887604,6.000000000000003,0.08645533141210371,22,30,24
135,D,all_agents,,,40,30,10,0,16,14,0.42187551722192185,0.23934826184410984,0.9970607306588075,0.10099579497002796,892,30,0.75,0,0.0,0.0,31.15,5980,,,,,,,,,,,,,,,,,,,,,,,,,,,
135,D,participants_only,,,30,30,0,0,16,14,0.4803624714094787,0.22082270512338564,0.9970607306588075,0.12086233545518621,892,30,1.0,0,0.0,0.0,24.866666666666667,5980,,,,,,,,,,,,,,,,,,,,,,,,,,,
135,D,nonparticipants_only,,,10,0,10,0,0,0,0.2464146546592511,0.24161115542230982,0.2964187502033515,0.00034748779290466386,0,0,0.0,0,0.0,0.0,50.0,0,,,,,,,,,,,,,,,,,,,,,,,,,,,
135,D,step_totals,,,,,,,,,,,,,,,,,,,,,72.50000000000007,,,6.5,0.08965517241379302,57.0,0.7862068965517234,0.0,0.0,0.004470650991568078,0.10526315789473684,0.0,0,6,27,7,,13,57,20,3.0000000000000004,0.04137931034482755,6.000000000000003,0.08275862068965513,15,30,21
136,D,all_agents,,,40,30,10,0,16,14,0.422054837505524,0.239354800848063,0.9971783014324552,0.10107434222814672,901,30,0.75,0,0.0,0.0,31.375,6028,,,,,,,,,,,,,,,,,,,,,,,,,,,
136,D,participants_only,,,30,30,0,0,16,14,0.48052415788660746,0.22044118250602937,0.9971783014324552,0.12097654477500708,901,30,1.0,0,0.0,0.0,25.166666666666668,6028,,,,,,,,,,,,,,,,,,,,,,,,,,,
136,D,nonparticipants_only,,,10,0,10,0,0,0,0.2466468763622737,0.24197655864533146,0.29493665645233474,0.0003437974776562676,0,0,0.0,0,0.0,0.0,50.0,0,,,,,,,,,,,,,,,,,,,,,,,,,,,
136,D,step_totals,,,,,,,,,,,,,,,,,,,,,69.40000000000006,,,11.0,0.15850144092219007,48.0,0.6916426512968293,0.0,0.0,0.004339144922014451,0.1875,0.0,0,9,18,38,,22,48,24,4.400000000000001,0.06340057636887604,6.000000000000003,0.08645533141210371,22,30,24
137,D,all_agents,,,40,30,10,0,16,14,0.4223901983319963,0.23947875006639163,0.997291169375157,0.10160507380725382,911,30,0.75,0,0.0,0.0,31.15,6083,,,,,,,,,,,,,,,,,,,,,,,,,,,
137,D,participants_only,,,30,30,0,0,16,14,0.4808942479543145,0.22036276859777987,0.997291169375157,0.12166951513320197,911,30,1.0,0,0.0,0.0,24.866666666666667,6083,,,,,,,,,,,,,,,,,,,,,,,,,,,
137,D,nonparticipants_only,,,10,0,10,0,0,0,0.24687804946504174,0.24258129652238547,0.29346197317007305,0.0003390639628813692,0,0,0.0,0,0.0,0.0,50.0,0,,,,,,,,,,,,,,,,,,,,,,,,,,,
137,D,step_totals,,,,,,,,,,,,,,,,,,,,,72.30000000000005,,,6.5,0.08990318118948817,57.0,0.7883817427385886,0.0,0.0,0.004360313409543211,0.17543859649122806,0.0,0,10,27,7,,13,57,20,2.8000000000000003,0.0387275242047026,6.000000000000003,0.08298755186721989,14,30,21
138,D,all_agents,,,40,30,10,0,16,14,0.422557790617101,0.23944548182665143,0.9973995226001507,0.10167248351466059,919,30,0.75,0,0.0,0.0,31.375,6130,,,,,,,,,,,,,,,,,,,,,,,,,,,
138,D,participants_only,,,30,30,0,0,16,14,0.48104112815159794,0.21985836128091135,0.9973995226001507,0.12177053389437896,919,30,1.0,0,0.0,0.0,25.166666666666668,6130,,,,,,,,,,,,,,,,,,,,,,,,,,,
138,D,nonparticipants_only,,,10,0,10,0,0,0,0.24710777801361028,0.2430234554958985,0.29248575060708565,0.0003347231454187082,0,0,0.0,0,0.0,0.0,50.0,0,,,,,,,,,,,,,,,,,,,,,,,,,,,
138,D,step_totals,,,,,,,,,,,,,,,,,,,,,69.40000000000006,,,11.0,0.15850144092219007,48.0,0.6916426512968293,0.0,0.0,0.004303272383158635,0.16666666666666666,0.0,0,8,18,38,,22,48,24,4.400000000000001,0.06340057636887604,6.000000000000003,0.08645533141210371,22,30,24
139,D,all_agents,,,40,30,10,0,16,14,0.42286844322600003,0.2394354538061378,0.9975035416961447,0.10219244733135212,931,30,0.75,0,0.0,0.0,31.15,6185,,,,,,,,,,,,,,,,,,,,,,,,,,,
139,D,participants_only,,,30,30,0,0,16,14,0.4813792583184438,0.21904420912736022,0.9975035416961447,0.12245219324106371,931,30,1.0,0,0.0,0.0,24.866666666666667,6185,,,,,,,,,,,,,,,,,,,,,,,,,,,
139,D,nonparticipants_only,,,10,0,10,0,0,0,0.24733599794866876,0.2428664665074073,0.2930540232568804,0.000331023808831586,0,0,0.0,0,0.0,0.0,50.0,0,,,,,,,,,,,,,,,,,,,,,,,,,,,
139,D,step_totals,,,,,,,,,,,,,,,,,,,,,72.50000000000006,,,6.5,0.08965517241379303,57.0,0.7862068965517235,0.0,0.0,0.00426648811100173,0.21052631578947367,0.0,0,12,27,7,,13,57,20,3.0000000000000004,0.04137931034482756,6.000000000000003,0.08275862068965514,15,30,21
140,D,all_agents,,,40,30,10,0,16,14,0.4230248449340527,0.24024180479547103,0.997603400028299,0.10225091056393501,940,30,0.75,0,0.0,0.0,31.375,6232,,,,,,,,,,,,,,,,,,,,,,,,,,,
140,D,participants_only,,,30,30,0,0,16,14,0.48151213320941333,0.21881883364455426,0.997603400028299,0.12254248566945393,940,30,1.0,0,0.0,0.0,25.166666666666668,6232,,,,,,,,,,,,,,,,,,,,,,,,,,,
140,D,nonparticipants_only,,,10,0,10,0,0,0,0.24756298010797062,0.24307163702735984,0.2931001986279152,0.0003270305697165308,0,0,0.0,0,0.0,0.0,50.0,0,,,,,,,,,,,,,,,,,,,,,,,,,,,
140,D,step_totals,,,,,,,,,,,,,,,,,,,,,69.40000000000008,,,11.0,0.15850144092219004,48.0,0.6916426512968292,0.0,0.0,0.004267596455582121,0.1875,0.0,0,9,18,38,,22,48,24,4.400000000000001,0.06340057636887603,6.000000000000003,0.0864553314121037,22,30,24
140,D,reachability,0.25,0.0,,,,,,,,,,,,,,,,,,,,,,,,,,,,,,,,,,,,,,,,,,,,,
141,D,all_agents,,,40,30,10,0,16,14,0.423348638660187,0.24039564353234738,0.997699264027167,0.10278266323418074,947,30,0.75,0,0.0,0.0,31.15,6288,,,,,,,,,,,,,,,,,,,,,,,,,,,
141,D,participants_only,,,30,30,0,0,16,14,0.4818686898857361,0.21864823977354492,0.997699264027167,0.12323729581467235,947,30,1.0,0,0.0,0.0,24.866666666666667,6288,,,,,,,,,,,,,,,,,,,,,,,,,,,
141,D,nonparticipants_only,,,10,0,10,0,0,0,0.24778848498353978,0.2431504157884088,0.29350740168752776,0.00032360874741526783,0,0,0.0,0,0.0,0.0,50.0,0,,,,,,,,,,,,,,,,,,,,,,,,,,,
141,D,step_totals,,,,,,,,,,,,,,,,,,,,,72.50000000000006,,,6.5,0.08965517241379303,57.0,0.7862068965517235,0.0,0.0,0.004309998986729471,0.12280701754385964,0.0,0,7,27,7,,13,57,20,3.0000000000000004,0.04137931034482756,6.000000000000003,0.08275862068965514,15,30,21
142,D,all_agents,,,40,30,10,0,16,14,0.42349504418583417,0.2408036236717103,0.9977912934660803,0.10283252678524425,956,30,0.75,0,0.0,0.0,31.375,6336,,,,,,,,,,,,,,,,,,,,,,,,,,,
142,D,participants_only,,,30,30,0,0,16,14,0.48198921867343864,0.21768442641499736,0.9977912934660803,0.1233168432568521,956,30,1.0,0,0.0,0.0,25.166666666666668,6336,,,,,,,,,,,,,,,,,,,,,,,,,,,
142,D,nonparticipants_only,,,10,0,10,0,0,0,0.24801252072302066,0.24360246373254596,0.29413700291495953,0.0003207559825848253,0,0,0.0,0,0.0,0.0,50.0,0,,,,,,,,,,,,,,,,,,,,,,,,,,,
142,D,step_totals,,,,,,,,,,,,,,,,,,,,,69.40000000000006,,,11.0,0.15850144092219007,48.0,0.6916426512968293,0.0,0.0,0.004236663994063082,0.1875,0.0,0,9,18,38,,22,48,24,4.400000000000001,0.06340057636887604,6.000000000000003,0.08645533141210371,22,30,24
143,D,all_agents,,,40,30,10,0,16,14,0.4238285258524408,0.24075849163061097,0.9978796417274371,0.10337414214508131,961,30,0.75,0,0.0,0.0,31.15,6392,,,,,,,,,,,,,,,,,,,,,,,,,,,
143,D,participants_only,,,30,30,0,0,16,14,0.4823594794601273,0.21732464838645188,0.9978796417274371,0.12402320215321759,961,30,1.0,0,0.0,0.0,24.866666666666667,6392,,,,,,,,,,,,,,,,,,,,,,,,,,,
143,D,nonparticipants_only,,,10,0,10,0,0,0,0.24823566502938121,0.24398832716323718,0.2933364391885709,0.0003164917579706669,0,0,0.0,0,0.0,0.0,50.0,0,,,,,,,,,,,,,,,,,,,,,,,,,,,
143,D,step_totals,,,,,,,,,,,,,,,,,,,,,72.50000000000006,,,6.5,0.08965517241379303,57.0,0.7862068965517235,0.0,0.0,0.004342400881537448,0.08771929824561403,0.0,0,5,27,7,,13,57,20,3.0000000000000004,0.04137931034482756,6.000000000000003,0.08275862068965514,15,30,21
144,D,all_agents,,,40,30,10,0,16,14,0.4239641500083127,0.2408889001022177,0.9979644560583396,0.10341290469279961,971,30,0.75,0,0.0,0.0,31.375,6438,,,,,,,,,,,,,,,,,,,,,,,,,,,
144,D,participants_only,,,30,30,0,0,16,14,0.48246637764937567,0.21736613276867273,0.9979644560583396,0.12408968711466724,971,30,1.0,0,0.0,0.0,25.166666666666668,6438,,,,,,,,,,,,,,,,,,,,,,,,,,,
144,D,nonparticipants_only,,,10,0,10,0,0,0,0.24845746708512373,0.24448911123535205,0.2923938999496211,0.0003124297595956557,0,0,0.0,0,0.0,0.0,50.0,0,,,,,,,,,,,,,,,,,,,,,,,,,,,
144,D,step_totals,,,,,,,,,,,,,,,,,,,,,69.40000000000006,,,11.0,0.15850144092219007,48.0,0.6916426512968293,0.0,0.0,0.004204030258075231,0.20833333333333334,0.0,0,10,18,38,,22,48,24,4.400000000000001,0.06340057636887604,6.000000000000003,0.08645533141210371,22,30,24
145,D,all_agents,,,40,30,10,0,16,14,0.424279639070934,0.24037132083970958,0.9980458778160061,0.10394625074587631,978,30,0.75,0,0.0,0.0,31.15,6495,,,,,,,,,,,,,,,,,,,,,,,,,,,
145,D,participants_only,,,30,30,0,0,16,14,0.4828135812345266,0.21827856713494756,0.9980458778160061,0.1247871164554219,978,30,1.0,0,0.0,0.0,24.866666666666667,6495,,,,,,,,,,,,,,,,,,,,,,,,,,,
145,D,nonparticipants_only,,,10,0,10,0,0,0,0.248677812580156,0.24438975641813993,0.29294256507083544,0.0003089849947098425,0,0,0.0,0,0.0,0.0,50.0,0,,,,,,,,,,,,,,,,,,,,,,,,,,,
145,D,step_totals,,,,,,,,,,,,,,,,,,,,,72.50000000000006,,,6.5,0.08965517241379303,57.0,0.7862068965517235,0.0,0.0,0.004282393554222064,0.12280701754385964,0.0,0,7,27,7,,13,57,20,3.0000000000000004,0.04137931034482756,6.000000000000003,0.08275862068965514,15,30,21
146,D,all_agents,,,40,30,10,0,16,14,0.4243897422414965,0.24149374212838687,0.9981240427033659,0.1039612418762007,987,30,0.75,0,0.0,0.0,31.375,6541,,,,,,,,,,,,,,,,,,,,,,,,,,,
146,D,participants_only,,,30,30,0,0,16,14,0.48288733531955613,0.21765479549808334,0.9981240427033659,0.12482536373350897,987,30,1.0,0,0.0,0.0,25.166666666666668,6541,,,,,,,,,,,,,,,,,,,,,,,,,,,
146,D,nonparticipants_only,,,10,0,10,0,0,0,0.2488969630073177,0.2446597578209234,0.2929871472191317,0.0003052555531609851,0,0,0.0,0,0.0,0.0,50.0,0,,,,,,,,,,,,,,,,,,,,,,,,,,,
146,D,step_totals,,,,,,,,,,,,,,,,,,,,,69.40000000000006,,,11.0,0.15850144092219007,48.0,0.6916426512968293,0.0,0.0,0.0041199492668514024,0.1875,0.0,0,9,18,38,,22,48,24,4.400000000000001,0.06340057636887604,6.000000000000003,0.08645533141210371,22,30,24
147,D,all_agents,,,40,30,10,0,16,14,0.42468730504533847,0.2415964313840726,0.9981990809952312,0.10448526975934488,999,30,0.75,0,0.0,0.0,31.15,6597,,,,,,,,,,,,,,,,,,,,,,,,,,,
147,D,participants_only,,,30,30,0,0,16,14,0.4832115110196005,0.21803536372865817,0.9981990809952312,0.12551267020326465,999,30,1.0,0,0.0,0.0,24.866666666666667,6597,,,,,,,,,,,,,,,,,,,,,,,,,,,
147,D,nonparticipants_only,,,10,0,10,0,0,0,0.2491146871225522,0.24463656592364902,0.2933803002525247,0.0003020762085713354,0,0,0.0,0,0.0,0.0,50.0,0,,,,,,,,,,,,,,,,,,,,,,,,,,,
147,D,step_totals,,,,,,,,,,,,,,,,,,,,,72.50000000000006,,,6.5,0.08965517241379303,57.0,0.7862068965517235,0.0,0.0,0.004222504692447464,0.21052631578947367,0.0,0,12,27,7,,13,57,20,3.0000000000000004,0.04137931034482756,6.000000000000003,0.08275862068965514,15,30,21
148,D,all_agents,,,40,30,10,0,16,14,0.42480583222464147,0.24221927673665966,0.998271117755422,0.1045081519896591,1006,30,0.75,0,0.0,0.0,31.375,6645,,,,,,,,,,,,,,,,,,,,,,,,,,,
148,D,participants_only,,,30,30,0,0,16,14,0.48329744536872865,0.21786260521890005,0.998271117755422,0.1255593125396246,1006,30,1.0,0,0.0,0.0,25.166666666666668,6645,,,,,,,,,,,,,,,,,,,,,,,,,,,
148,D,nonparticipants_only,,,10,0,10,0,0,0,0.24933099279237983,0.2451722690224564,0.29398817788642145,0.00029944464139191967,0,0,0.0,0,0.0,0.0,50.0,0,,,,,,,,,,,,,,,,,,,,,,,,,,,
148,D,step_totals,,,,,,,,,,,,,,,,,,,,,69.40000000000006,,,11.0,0.15850144092219007,48.0,0.6916426512968293,0.0,0.0,0.004151804344573852,0.14583333333333334,0.0,0,7,18,38,,22,48,24,4.400000000000001,0.06340057636887604,6.000000000000003,0.08645533141210371,22,30,24
149,D,all_agents,,,40,30,10,0,16,14,0.4249939707225318,0.24197303766760325,0.9983402730452051,0.10495161460483882,1012,30,0.75,0,0.0,0.0,31.15,6698,,,,,,,,,,,,,,,,,,,,,,,,,,,
149,D,participants_only,,,30,30,0,0,16,14,0.4834764817010895,0.21727237570353647,0.9983402730452051,0.12615618650636373,1012,30,1.0,0,0.0,0.0,24.866666666666667,6698,,,,,,,,,,,,,,,,,,,,,,,,,,,
149,D,nonparticipants_only,,,10,0,10,0,0,0,0.24954643778685878,0.24534680999255115,0.29321523659822585,0.0002954498159786084,0,0,0.0,0,0.0,0.0,50.0,0,,,,,,,,,,,,,,,,,,,,,,,,,,,
149,D,step_totals,,,,,,,,,,,,,,,,,,,,,72.50000000000006,,,6.5,0.08965517241379303,57.0,0.7862068965517235,0.0,0.0,0.003860138371189924,0.10526315789473684,0.0,0,6,27,7,,13,57,21,3.0000000000000004,0.04137931034482756,6.000000000000003,0.08275862068965514,15,30,21
150,D,all_agents,,,40,30,10,0,16,14,0.42510444313766704,0.24210360013605692,0.9984066621233969,0.10496684680047283,1020,30,0.75,0,0.0,0.0,31.375,6746,,,,,,,,,,,,,,,,,,,,,,,,,,,
150,D,participants_only,,,30,30,0,0,16,14,0.4835523952357632,0.21709350952009118,0.9984066621233969,0.1261939272277938,1020,30,1.0,0,0.0,0.0,25.166666666666668,6746,,,,,,,,,,,,,,,,,,,,,,,,,,,
150,D,nonparticipants_only,,,10,0,10,0,0,0,0.24976058684337848,0.24590419637843597,0.29230521848284713,0.00029164826497380373,0,0,0.0,0,0.0,0.0,50.0,0,,,,,,,,,,,,,,,,,,,,,,,,,,,
150,D,step_totals,,,,,,,,,,,,,,,,,,,,,69.40000000000008,,,11.0,0.15850144092219004,48.0,0.6916426512968292,0.0,0.0,0.0041258933300872,0.16666666666666666,0.0,0,8,18,38,,22,48,24,4.400000000000001,0.06340057636887603,6.000000000000003,0.0864553314121037,22,30,24
150,D,reachability,0.25,0.0,,,,,,,,,,,,,,,,,,,,,,,,,,,,,,,,,,,,,,,,,,,,,
151,D,all_agents,,,40,30,10,0,16,14,0.4253505300996486,0.24167689961297453,0.9984703956384611,0.10545660449979732,1028,30,0.75,0,0.0,0.0,31.15,6801,,,,,,,,,,,,,,,,,,,,,,,,,,,
151,D,participants_only,,,30,30,0,0,16,14,0.48380959693420755,0.21660714257297328,0.9984703956384611,0.1268428091257082,1028,30,1.0,0,0.0,0.0,24.866666666666667,6801,,,,,,,,,,,,,,,,,,,,,,,,,,,
151,D,nonparticipants_only,,,10,0,10,0,0,0,0.2499733295959719,0.24590752217032422,0.29283495260843945,0.0002884406800555476,0,0,0.0,0,0.0,0.0,50.0,0,,,,,,,,,,,,,,,,,,,,,,,,,,,
151,D,step_totals,,,,,,,,,,,,,,,,,,,,,72.30000000000005,,,6.5,0.08990318118948817,57.0,0.7883817427385886,0.0,0.0,0.004062743542250955,0.14035087719298245,0.0,0,8,27,7,,13,57,21,2.8000000000000003,0.0387275242047026,6.000000000000003,0.08298755186721989,14,30,21
152,D,all_agents,,,40,30,10,0,16,14,0.4254134012042353,0.24262781025215624,0.9985315798129226,0.10543075219353029,1034,30,0.75,0,0.0,0.0,31.375,6847,,,,,,,,,,,,,,,,,,,,,,,,,,,
152,D,participants_only,,,30,30,0,0,16,14,0.48382289543398077,0.21623890953971253,0.9985315798129226,0.12683267439732304,1034,30,1.0,0,0.0,0.0,25.166666666666668,6847,,,,,,,,,,,,,,,,,,,,,,,,,,,
152,D,nonparticipants_only,,,10,0,10,0,0,0,0.2501849185149991,0.24617662601287105,0.29287799650613144,0.0002849573880560397,0,0,0.0,0,0.0,0.0,50.0,0,,,,,,,,,,,,,,,,,,,,,,,,,,,
152,D,step_totals,,,,,,,,,,,,,,,,,,,,,69.20000000000007,,,11.0,0.15895953757225417,48.0,0.693641618497109,0.0,0.0,0.003975553764852288,0.125,0.0,0,6,18,38,,22,48,24,4.200000000000001,0.06069364161849706,6.000000000000003,0.08670520231213867,21,30,24
153,D,all_agents,,,40,30,10,0,16,14,0.4256402863164863,0.2426277942948566,0.9985903166204058,0.1059112709094692,1042,30,0.75,0,0.0,0.0,31.15,6902,,,,,,,,,,,,,,,,,,,,,,,,,,,
153,D,participants_only,,,30,30,0,0,16,14,0.4840553383102527,0.21689154067320274,0.9985903166204058,0.12747175344237338,1042,30,1.0,0,0.0,0.0,24.866666666666667,6902,,,,,,,,,,,,,,,,,,,,,,,,,,,
153,D,nonparticipants_only,,,10,0,10,0,0,0,0.250395130335187,0.2460714383293305,0.29325758429167803,0.00028200371754335114,0,0,0.0,0,0.0,0.0,50.0,0,,,,,,,,,,,,,,,,,,,,,,,,,,,
153,D,step_totals,,,,,,,,,,,,,,,,,,,,,72.30000000000005,,,6.5,0.08990318118948817,57.0,0.7883817427385886,0.0,0.0,0.003997666825442724,0.14035087719298245,0.0,0,8,27,7,,13,57,21,2.8000000000000003,0.0387275242047026,6.000000000000003,0.08298755186721989,14,30,21
154,D,all_agents,,,40,30,10,0,16,14,0.42573675693520924,0.2433578280682321,0.9986467039555895,0.10591157923310027,1053,30,0.75,0,0.0,0.0,31.375,6950,,,,,,,,,,,,,,,,,,,,,,,,,,,
154,D,participants_only,,,30,30,0,0,16,14,0.4841143516964017,0.21740431723212394,0.9986467039555895,0.12749047223365514,1053,30,1.0,0,0.0,0.0,25.166666666666668,6950,,,,,,,,,,,,,,,,,,,,,,,,,,,
154,D,nonparticipants_only,,,10,0,10,0,0,0,0.25060397265163165,0.2466534006559688,0.2938444878771415,0.00027957739021147385,0,0,0.0,0,0.0,0.0,50.0,0,,,,,,,,,,,,,,,,,,,,,,,,,,,
154,D,step_totals,,,,,,,,,,,,,,,,,,,,,69.20000000000007,,,11.0,0.15895953757225417,48.0,0.693641618497109,0.0,0.0,0.004094610028429053,0.22916666666666666,0.0,0,11,18,38,,22,48,24,4.200000000000001,0.06069364161849706,6.000000000000003,0.08670520231213867,21,30,24
155,D,all_agents,,,40,30,10,0,16,14,0.42595956838352805,0.24302862343330062,0.9987008357973659,0.10638817961312877,1062,30,0.75,0,0.0,0.0,31.15,7006,,,,,,,,,,,,,,,,,,,,,,,,,,,
155,D,participants_only,,,30,30,0,0,16,14,0.4843420965149569,0.21755841231487744,0.9987008357973659,0.1281248829944672,1062,30,1.0,0,0.0,0.0,24.866666666666667,7006,,,,,,,,,,,,,,,,,,,,,,,,,,,
155,D,nonparticipants_only,,,10,0,10,0,0,0,0.25081198398924126,0.24665842009112282,0.2930982159498678,0.00027583437690838707,0,0,0.0,0,0.0,0.0,50.0,0,,,,,,,,,,,,,,,,,,,,,,,,,,,
155,D,step_totals,,,,,,,,,,,,,,,,,,,,,72.30000000000005,,,6.5,0.08990318118948817,57.0,0.7883817427385886,0.0,0.0,0.003983809220319543,0.15789473684210525,0.0,0,9,27,7,,13,57,21,2.8000000000000003,0.0387275242047026,6.000000000000003,0.08298755186721989,14,30,21
156,D,all_agents,,,40,30,10,0,16,14,0.42604863257330616,0.24321109134834323,0.9987528023654713,0.10638143843596085,1072,30,0.75,0,0.0,0.0,31.375,7054,,,,,,,,,,,,,,,,,,,,,,,,,,,
156,D,participants_only,,,30,30,0,0,16,14,0.48439192872987796,0.21765512004458576,0.9987528023654713,0.12813539837931276,1072,30,1.0,0,0.0,0.0,25.166666666666668,7054,,,,,,,,,,,,,,,,,,,,,,,,,,,
156,D,nonparticipants_only,,,10,0,10,0,0,0,0.2510187441035908,0.24727045579957624,0.29221959685784976,0.0002722761289437582,0,0,0.0,0,0.0,0.0,50.0,0,,,,,,,,,,,,,,,,,,,,,,,,,,,
156,D,step_totals,,,,,,,,,,,,,,,,,,,,,69.20000000000006,,,11.0,0.1589595375722542,48.0,0.6936416184971093,0.0,0.0,0.004071006922720787,0.20833333333333334,0.0,0,10,18,38,,22,48,24,4.200000000000001,0.06069364161849707,6.000000000000003,0.0867052023121387,21,30,24
