step,condition,population,skill_reachability,resource_reachability,n_agents,maker_count,stage_consumer,stage_customizer,stage_maker,stage_advanced_maker,skill_mean,skill_median,skill_max,skill_var,method_count_total,method_holders,method_adoption_rate,method_peer_held,knowledge_diffusion_lag_mean,hop_count_mean,latent_distributed_resources,completed_projects_total,time_total,time_observe,time_share_observe,time_practice,time_share_practice,time_make,time_share_make,time_idle,time_share_idle,skill_gain_per_time,method_self_discovery_per_time,method_peer_acquisition_per_time,peer_acquired_count,self_discovered_count,reject_time_budget_exceeded,reject_missing_asset,count_observe,count_practice,count_make,count_idle,time_share,time_share_share,time_ask,time_share_ask,count_share,count_ask,reject_insufficient_material
0,B,reachability,0.7,0.0,,,,,,,,,,,,,,,,,,,,,,,,,,,,,,,,,,,,,,,,,,,,,
1,B,all_agents,,,40,0,14,26,0,0,0.1771355640816152,0.16356704663431057,0.5357759776498592,0.0114937669464667,7,7,0.175,0,0.0,0.0,26.0,34,,,,,,,,,,,,,,,,,,,,,,,,,,,
1,B,participants_only,,,30,0,4,26,0,0,0.1759443534613297,0.16327671169542793,0.5357759776498592,0.010748673222967853,7,7,0.23333333333333334,0,0.0,0.0,24.666666666666668,34,,,,,,,,,,,,,,,,,,,,,,,,,,,
1,B,nonparticipants_only,,,10,0,10,0,0,0,0.18070919594247178,0.1640373642086024,0.47832254810714336,0.01371202032406066,0,0,0.0,0,0.0,0.0,30.0,0,,,,,,,,,,,,,,,,,,,,,,,,,,,
1,B,step_totals,,,,,,,,,,,,,,,,,,,,,84.0,4.000000000000002,0.04761904761904764,20.0,0.23809523809523808,60.0,0.7142857142857143,0.0,0.0,0.01983448059723453,0.11666666666666667,0.0,0,7,30,10,40,40,60,33,,,,,,,
2,B,all_agents,,,40,1,11,28,1,0,0.1830839638089901,0.17048544879680494,0.5407909957150634,0.01155707239546968,17,15,0.375,2,1.0,1.0,27.05,66,,,,,,,,,,,,,,,,,,,,,,,,,,,
2,B,participants_only,,,30,1,1,28,1,0,0.18363602948663846,0.17642298447150773,0.5407909957150634,0.011016132680278986,17,15,0.5,2,1.0,1.0,24.4,66,,,,,,,,,,,,,,,,,,,,,,,,,,,
2,B,nonparticipants_only,,,10,0,10,0,0,0,0.18142776677604502,0.1632171773875594,0.47593093536660763,0.013176234222892508,0,0,0.0,0,0.0,0.0,35.0,0,,,,,,,,,,,,,,,,,,,,,,,,,,,
2,B,step_totals,,,,,,,,,,,,,,,,,,,,,87.4,4.000000000000002,0.04576659038901604,20.0,0.22883295194508008,59.0,0.6750572082379862,0.0,0.0,0.017916445337972254,0.13559322033898305,0.2380952380952382,2,8,19,8,40,40,59,32,1.2,0.013729977116704805,3.2000000000000006,0.03661327231121282,6,16,
3,B,all_agents,,,40,2,11,27,2,0,0.18928147069810158,0.17408440959661986,0.5591593558864608,0.011794305783043761,32,21,0.525,12,1.5833333333333333,1.1666666666666667,28.575,102,,,,,,,,,,,,,,,,,,,,,,,,,,,
3,B,participants_only,,,30,2,1,27,2,0,0.1916631966473448,0.18046382716406026,0.5591593558864608,0.011479726481564955,32,21,0.7,12,1.5833333333333333,1.1666666666666667,24.766666666666666,102,,,,,,,,,,,,,,,,,,,,,,,,,,,
3,B,nonparticipants_only,,,10,0,10,0,0,0,0.1821362928503719,0.1624010915006216,0.4735512806897746,0.0126699722655126,0,0,0.0,0,0.0,0.0,40.0,0,,,,,,,,,,,,,,,,,,,,,,,,,,,
3,B,step_totals,,,,,,,,,,,,,,,,,,,,,88.8,4.000000000000002,0.045045045045045064,20.0,0.22522522522522523,59.0,0.6644144144144144,0.0,0.0,0.01830114146308458,0.0847457627118644,1.020408163265307,10,5,16,7,40,40,59,30,2.4,0.02702702702702703,3.400000000000001,0.0382882882882883,12,17,
4,B,all_agents,,,40,4,10,26,4,0,0.19423004926975898,0.17723471319872522,0.5767929816510023,0.012037557278062987,51,25,0.625,25,1.96,1.2,30.425,129,,,,,,,,,,,,,,,,,,,,,,,,,,,
4,B,participants_only,,,30,4,0,26,4,0,0.1980283665400967,0.1820468362275412,0.5767929816510023,0.011928533921823328,51,25,0.8333333333333334,25,1.96,1.2,25.566666666666666,129,,,,,,,,,,,,,,,,,,,,,,,,,,,
4,B,nonparticipants_only,,,10,0,10,0,0,0,0.18283509745874585,0.1615890860431185,0.4711835242863257,0.012191500777748221,0,0,0.0,0,0.0,0.0,45.0,0,,,,,,,,,,,,,,,,,,,,,,,,,,,
4,B,step_totals,,,,,,,,,,,,,,,,,,,,,85.30000000000004,3.900000000000002,0.04572098475967175,20.0,0.23446658851113705,53.0,0.6213364595545132,0.0,0.0,0.015678916405267945,0.11320754716981132,1.0569105691056924,13,6,8,19,39,40,53,35,4.000000000000001,0.04689331770222742,4.400000000000001,0.051582649472450164,20,22,19
5,B,all_agents,,,40,5,10,25,5,0,0.19945096672409549,0.17893506860033248,0.5895231317581605,0.012132661401997103,66,28,0.7,33,2.212121212121212,1.2424242424242424,32.775,159,,,,,,,,,,,,,,,,,,,,,,,,,,,
5,B,participants_only,,,30,5,0,25,5,0,0.2047592324217014,0.18554766467230288,0.5895231317581605,0.01215330279174166,66,28,0.9333333333333333,33,2.212121212121212,1.2424242424242424,27.033333333333335,159,,,,,,,,,,,,,,,,,,,,,,,,,,,
5,B,nonparticipants_only,,,10,0,10,0,0,0,0.1835261696312778,0.1607811406129029,0.4688276066648941,0.011732605016166886,0,0,0.0,0,0.0,0.0,50.0,0,,,,,,,,,,,,,,,,,,,,,,,,,,,
5,B,step_totals,,,,,,,,,,,,,,,,,,,,,83.10000000000007,3.5000000000000018,0.042117930204572794,20.0,0.24067388688327299,50.0,0.6016847172081824,0.0,0.0,0.016911604873864377,0.14,0.6106870229007642,8,7,6,18,35,40,50,35,4.800000000000002,0.057761732851985534,4.800000000000002,0.057761732851985534,24,24,27
6,B,all_agents,,,40,6,10,24,6,0,0.20446872739375432,0.17837373738540402,0.6059422064878341,0.012349937313412135,75,29,0.725,37,2.4864864864864864,1.3243243243243243,33.125,189,,,,,,,,,,,,,,,,,,,,,,,,,,,
6,B,participants_only,,,30,6,0,24,6,0,0.21122242546176662,0.18678119124038128,0.6059422064878341,0.012517236323031812,75,29,0.9666666666666667,37,2.4864864864864864,1.3243243243243243,27.5,189,,,,,,,,,,,,,,,,,,,,,,,,,,,
6,B,nonparticipants_only,,,10,0,10,0,0,0,0.18420763318971745,0.1599772349098384,0.46648346863156964,0.01130069103342663,0,0,0.0,0,0.0,0.0,50.0,0,,,,,,,,,,,,,,,,,,,,,,,,,,,
6,B,step_totals,,,,,,,,,,,,,,,,,,,,,82.20000000000006,2.800000000000001,0.03406326034063259,20.0,0.24330900243308984,49.0,0.5961070559610702,0.0,0.0,0.01656872596210183,0.10204081632653061,0.3030303030303034,4,5,5,23,28,40,49,40,5.600000000000002,0.06812652068126518,4.800000000000002,0.05839416058394158,28,24,31
7,B,all_agents,,,40,7,10,23,7,0,0.20979544134294562,0.18369682671719667,0.6217045182283207,0.012724930489587128,84,30,0.75,40,2.675,1.325,33.35,221,,,,,,,,,,,,,,,,,,,,,,,,,,,
7,B,participants_only,,,30,7,0,23,7,0,0.21810005449450165,0.19055325174672583,0.6217045182283207,0.013061673561576101,84,30,1.0,40,2.675,1.325,27.8,221,,,,,,,,,,,,,,,,,,,,,,,,,,,
7,B,nonparticipants_only,,,10,0,10,0,0,0,0.18488160188827749,0.15917734873528921,0.4641510512884118,0.01088710207845624,0,0,0.0,0,0.0,0.0,50.0,0,,,,,,,,,,,,,,,,,,,,,,,,,,,
7,B,step_totals,,,,,,,,,,,,,,,,,,,,,87.80000000000007,0.9999999999999999,0.011389521640091107,20.0,0.22779043280182215,56.0,0.637813211845102,0.0,0.0,0.016271486366436324,0.10714285714285714,0.25423728813559343,3,6,9,22,10,40,56,37,5.600000000000002,0.06378132118451023,5.200000000000002,0.05922551252847378,28,26,31
8,B,all_agents,,,40,9,10,21,9,0,0.2149655855749537,0.18859705218540468,0.6368363374991879,0.013070578606379456,90,30,0.75,43,2.9302325581395348,1.3488372093023255,33.7,252,,,,,,,,,,,,,,,,,,,,,,,,,,,
8,B,participants_only,,,30,9,0,21,9,0,0.22477206004994194,0.19419496962972785,0.6368363374991879,0.013542986092908202,90,30,1.0,43,2.9302325581395348,1.3488372093023255,28.266666666666666,252,,,,,,,,,,,,,,,,,,,,,,,,,,,
8,B,nonparticipants_only,,,10,0,10,0,0,0,0.18554616214998898,0.15838146199161277,0.46183029603196973,0.010499352847250064,0,0,0.0,0,0.0,0.0,50.0,0,,,,,,,,,,,,,,,,,,,,,,,,,,,
8,B,step_totals,,,,,,,,,,,,,,,,,,,,,88.00000000000009,0.4,0.004545454545454541,20.0,0.22727272727272704,56.0,0.6363636363636358,0.0,0.0,0.01585418320408161,0.05357142857142857,0.25000000000000017,3,3,11,27,4,40,56,40,6.000000000000003,0.06818181818181815,5.600000000000002,0.0636363636363636,30,28,33
9,B,all_agents,,,40,10,10,20,10,0,0.2201704383569022,0.19193923207959923,0.6513628839992204,0.013566228756731634,100,30,0.75,45,3.0444444444444443,1.3333333333333333,33.525,284,,,,,,,,,,,,,,,,,,,,,,,,,,,
9,B,participants_only,,,30,10,0,20,10,0,0.23149262432420956,0.20066912156862554,0.6513628839992204,0.014199822468502855,100,30,1.0,45,3.0444444444444443,1.3333333333333333,28.033333333333335,284,,,,,,,,,,,,,,,,,,,,,,,,,,,
9,B,nonparticipants_only,,,10,0,10,0,0,0,0.18620388045498004,0.1614013452817452,0.45952114455180987,0.010127144880478462,0,0,0.0,0,0.0,0.0,50.0,0,,,,,,,,,,,,,,,,,,,,,,,,,,,
9,B,step_totals,,,,,,,,,,,,,,,,,,,,,91.40000000000009,,,20.0,0.21881838074398227,60.0,0.6564551422319468,0.0,0.0,0.015339085015718719,0.13333333333333333,0.1754385964912282,2,8,12,22,,40,60,37,5.8000000000000025,0.06345733041575488,5.600000000000002,0.06126914660831506,29,28,34
10,B,all_agents,,,40,11,10,19,11,0,0.22566829330793123,0.19383767866026863,0.6653083686392516,0.014291028294629467,105,30,0.75,46,3.152173913043478,1.3478260869565217,33.15,322,,,,,,,,,,,,,,,,,,,,,,,,,,,
10,B,participants_only,,,30,11,0,19,11,0,0.2386065488609828,0.20667096766125687,0.6653083686392516,0.015126677917932164,105,30,1.0,46,3.152173913043478,1.3478260869565217,27.533333333333335,322,,,,,,,,,,,,,,,,,,,,,,,,,,,
10,B,nonparticipants_only,,,10,0,10,0,0,0,0.1868535266487766,0.16075963215565492,0.4572235388290508,0.009775297943648547,0,0,0.0,0,0.0,0.0,50.0,0,,,,,,,,,,,,,,,,,,,,,,,,,,,
10,B,step_totals,,,,,,,,,,,,,,,,,,,,,88.30000000000008,,,19.5,0.22083805209513002,58.0,0.6568516421291047,0.0,0.0,0.016669655883529283,0.06896551724137931,0.09259259259259264,1,4,16,29,,39,58,38,6.000000000000003,0.06795016987542465,4.800000000000002,0.054360135900339716,30,24,31
10,B,reachability,0.2,0.0,,,,,,,,,,,,,,,,,,,,,,,,,,,,,,,,,,,,,,,,,,,,,
11,B,all_agents,,,40,14,10,16,14,0,0.23103030892402812,0.1966448155052628,0.6786960338936815,0.014877266882315976,112,30,0.75,47,3.276595744680851,1.3617021276595744,32.775,358,,,,,,,,,,,,,,,,,,,,,,,,,,,
11,B,participants_only,,,30,14,0,16,14,0,0.24554135733242533,0.20867200385334977,0.6786960338936815,0.015848850792895573,112,30,1.0,47,3.276595744680851,1.3617021276595744,27.033333333333335,358,,,,,,,,,,,,,,,,,,,,,,,,,,,
11,B,nonparticipants_only,,,10,0,10,0,0,0,0.18749716369883657,0.16169184133346698,0.45493742113490554,0.009435668839647022,0,0,0.0,0,0.0,0.0,50.0,0,,,,,,,,,,,,,,,,,,,,,,,,,,,
11,B,step_totals,,,,,,,,,,,,,,,,,,,,,91.2000000000001,0.1,0.0010964912280701743,19.5,0.21381578947368396,60.0,0.6578947368421045,0.0,0.0,0.015831965380979186,0.1,0.08547008547008554,1,6,10,23,1,39,60,38,5.8000000000000025,0.06359649122807014,5.8000000000000025,0.06359649122807014,29,29,36
12,B,all_agents,,,40,16,10,14,16,0,0.2354890211424946,0.1995441514385091,0.6915481925379342,0.015560160984629577,115,30,0.75,47,3.276595744680851,1.3617021276595744,32.65,388,,,,,,,,,,,,,,,,,,,,,,,,,,,
12,B,participants_only,,,30,16,0,14,16,0,0.2512741117986078,0.2098072788057514,0.6915481925379342,0.016712733285731522,115,30,1.0,47,3.276595744680851,1.3617021276595744,26.866666666666667,388,,,,,,,,,,,,,,,,,,,,,,,,,,,
12,B,nonparticipants_only,,,10,0,10,0,0,0,0.1881337491741551,0.16253755518938925,0.452662734029231,0.009112415037063209,0,0,0.0,0,0.0,0.0,50.0,0,,,,,,,,,,,,,,,,,,,,,,,,,,,
12,B,step_totals,,,,,,,,,,,,,,,,,,,,,85.00000000000007,0.1,0.0011764705882352931,19.5,0.22941176470588215,54.0,0.6352941176470583,0.0,0.0,0.014461275693322609,0.05555555555555555,0.0,0,3,13,35,1,39,54,37,6.000000000000003,0.07058823529411762,5.400000000000002,0.06352941176470585,30,27,35
13,B,all_agents,,,40,17,10,13,17,0,0.24045456107080992,0.20277680822560024,0.7038862648364168,0.016242385763770413,118,30,0.75,47,3.276595744680851,1.3617021276595744,32.225,422,,,,,,,,,,,,,,,,,,,,,,,,,,,
13,B,participants_only,,,30,17,0,13,17,0,0.2576844282829904,0.21520349639238162,0.7038862648364168,0.01753607467740125,118,30,1.0,47,3.276595744680851,1.3617021276595744,26.3,422,,,,,,,,,,,,,,,,,,,,,,,,,,,
13,B,nonparticipants_only,,,10,0,10,0,0,0,0.1887649594342686,0.1635474150388759,0.45039942035908487,0.008798899133085457,0,0,0.0,0,0.0,0.0,50.0,0,,,,,,,,,,,,,,,,,,,,,,,,,,,
13,B,step_totals,,,,,,,,,,,,,,,,,,,,,91.10000000000011,,,19.5,0.2140504939626781,60.0,0.6586169045005481,0.0,0.0,0.014818198530428097,0.05,0.0,0,3,11,22,,39,60,38,5.8000000000000025,0.06366630076838634,5.8000000000000025,0.06366630076838634,29,29,36
14,B,all_agents,,,40,21,10,9,21,0,0.2452112443169426,0.2061207994739071,0.7157308142429601,0.017115909320945453,122,30,0.75,47,3.276595744680851,1.3617021276595744,32.175,459,,,,,,,,,,,,,,,,,,,,,,,,,,,
14,B,participants_only,,,30,21,0,9,21,0,0.26381829689879355,0.218152646689228,0.7157308142429601,0.018603703085672756,122,30,1.0,47,3.276595744680851,1.3617021276595744,26.233333333333334,459,,,,,,,,,,,,,,,,,,,,,,,,,,,
14,B,nonparticipants_only,,,10,0,10,0,0,0,0.1893900865713898,0.1627590370609463,0.44814742325728946,0.008497859157358355,0,0,0.0,0,0.0,0.0,50.0,0,,,,,,,,,,,,,,,,,,,,,,,,,,,
14,B,step_totals,,,,,,,,,,,,,,,,,,,,,83.70000000000009,0.1,0.001194743130227,19.0,0.22700119474313,53.0,0.63321385902031,0.0,0.0,0.015584755866957692,0.07547169811320754,0.0,0,4,12,36,1,38,53,37,6.000000000000003,0.07168458781362003,5.600000000000002,0.06690561529271202,30,28,35
15,B,all_agents,,,40,23,10,7,23,0,0.24986863166461018,0.20651423726319162,0.7271015816732418,0.01798111172588796,128,30,0.75,48,3.5,1.375,31.95,494,,,,,,,,,,,,,,,,,,,,,,,,,,,
15,B,participants_only,,,30,23,0,7,23,0,0.2698217200450034,0.22143845779682353,0.7271015816732418,0.019646146372577618,128,30,1.0,48,3.5,1.375,25.933333333333334,494,,,,,,,,,,,,,,,,,,,,,,,,,,,
15,B,nonparticipants_only,,,10,0,10,0,0,0,0.1900093665234306,0.16194524187564158,0.445906686141003,0.0082084989548296,0,0,0.0,0,0.0,0.0,50.0,0,,,,,,,,,,,,,,,,,,,,,,,,,,,
15,B,step_totals,,,,,,,,,,,,,,,,,,,,,87.90000000000009,,,19.5,0.22184300341296906,57.0,0.6484641638225249,0.0,0.0,0.014573787254605935,0.08771929824561403,0.0877192982456141,1,5,12,23,,39,57,37,5.8000000000000025,0.06598407281001134,5.600000000000002,0.06370875995449371,29,28,39
16,B,all_agents,,,40,23,10,7,23,0,0.25436645328350815,0.2071358003065457,0.7380175184063121,0.019024693739206573,132,30,0.75,48,3.5,1.375,32.075,533,,,,,,,,,,,,,,,,,,,,,,,,,,,
16,B,participants_only,,,30,23,0,7,23,0,0.27561435426775277,0.22437746785937993,0.7380175184063121,0.020916739170043875,132,30,1.0,48,3.5,1.375,26.1,533,,,,,,,,,,,,,,,,,,,,,,,,,,,
16,B,nonparticipants_only,,,10,0,10,0,0,0,0.1906227503307744,0.16113551566626336,0.44367715271029795,0.007930877891859528,0,0,0.0,0,0.0,0.0,50.0,0,,,,,,,,,,,,,,,,,,,,,,,,,,,
16,B,step_totals,,,,,,,,,,,,,,,,,,,,,79.90000000000009,,,18.5,0.23153942428035018,50.0,0.6257822277847302,0.0,0.0,0.01561181856299329,0.08,0.0,0,4,13,44,,37,50,36,6.000000000000003,0.07509386733416766,5.400000000000002,0.06758448060075088,30,27,36
17,B,all_agents,,,40,27,10,3,27,0,0.25933683718009315,0.20857071894447066,0.7484968176700596,0.020019926464631445,140,30,0.75,49,3.7551020408163267,1.3877551020408163,31.85,575,,,,,,,,,,,,,,,,,,,,,,,,,,,
17,B,participants_only,,,30,27,0,3,27,0,0.28203870486420235,0.23152868301834645,0.7484968176700596,0.0220779981952075,140,30,1.0,49,3.7551020408163267,1.3877551020408163,25.8,575,,,,,,,,,,,,,,,,,,,,,,,,,,,
17,B,nonparticipants_only,,,10,0,10,0,0,0,0.19123123412776552,0.16048241414779435,0.44145876694674646,0.007661213716741653,0,0,0.0,0,0.0,0.0,50.0,0,,,,,,,,,,,,,,,,,,,,,,,,,,,
17,B,step_totals,,,,,,,,,,,,,,,,,,,,,86.7000000000001,,,19.5,0.2249134948096883,56.0,0.6459054209919254,0.0,0.0,0.015694737623909574,0.125,0.08928571428571434,1,7,13,24,,39,56,37,5.8000000000000025,0.06689734717416373,5.400000000000002,0.0622837370242214,29,27,41
18,B,all_agents,,,40,28,10,2,28,0,0.263863765785778,0.21047289982927755,0.7585569449632572,0.02120102427195332,145,30,0.75,49,3.7551020408163267,1.3877551020408163,32.05,618,,,,,,,,,,,,,,,,,,,,,,,,,,,
18,B,participants_only,,,30,28,0,2,28,0,0.2878739989087708,0.23278005626105203,0.7585569449632572,0.02349333233326014,145,30,1.0,49,3.7551020408163267,1.3877551020408163,26.066666666666666,618,,,,,,,,,,,,,,,,,,,,,,,,,,,
18,B,nonparticipants_only,,,10,0,10,0,0,0,0.1918330664167999,0.16354521543088907,0.43925147311201274,0.007406204552587374,0,0,0.0,0,0.0,0.0,50.0,0,,,,,,,,,,,,,,,,,,,,,,,,,,,
18,B,step_totals,,,,,,,,,,,,,,,,,,,,,78.70000000000009,,,18.5,0.235069885641677,49.0,0.6226175349428201,0.0,0.0,0.016015868141449126,0.10204081632653061,0.0,0,5,14,45,,37,49,35,6.000000000000003,0.07623888182973311,5.200000000000002,0.0660736975857687,30,26,36
19,B,all_agents,,,40,30,10,0,30,0,0.26847597490230907,0.21373348521850416,0.768214667164727,0.022288361844007544,150,30,0.75,49,3.7551020408163267,1.3877551020408163,31.9,659,,,,,,,,,,,,,,,,,,,,,,,,,,,
19,B,participants_only,,,30,30,0,0,30,0,0.29382448914159587,0.24125001341304975,0.768214667164727,0.024761789638911076,150,30,1.0,49,3.7551020408163267,1.3877551020408163,25.866666666666667,659,,,,,,,,,,,,,,,,,,,,,,,,,,,
19,B,nonparticipants_only,,,10,0,10,0,0,0,0.1924304321844487,0.16600810468209298,0.4370552157464527,0.007157512369625043,0,0,0.0,0,0.0,0.0,50.0,0,,,,,,,,,,,,,,,,,,,,,,,,,,,
19,B,step_totals,,,,,,,,,,,,,,,,,,,,,86.00000000000009,,,19.0,0.22093023255813932,56.0,0.6511627906976738,0.0,0.0,0.014814410967330277,0.08928571428571429,0.0,0,5,15,24,,38,56,36,6.000000000000003,0.06976744186046507,5.000000000000002,0.058139534883720895,30,25,39
20,B,all_agents,,,40,30,10,0,30,0,0.27248467137221904,0.21382390022485526,0.7774860804781379,0.023447815373255534,154,30,0.75,50,4.04,1.4,32.0,698,,,,,,,,,,,,,,,,,,,,,,,,,,,
20,B,participants_only,,,30,30,0,0,30,0,0.2989719608883429,0.24391213958024965,0.7774860804781379,0.026151741165542183,154,30,1.0,50,4.04,1.4,26.0,698,,,,,,,,,,,,,,,,,,,,,,,,,,,
20,B,nonparticipants_only,,,10,0,10,0,0,0,0.19302280282384773,0.16576707263473284,0.4348699396677204,0.00691711992546406,0,0,0.0,0,0.0,0.0,50.0,0,,,,,,,,,,,,,,,,,,,,,,,,,,,
20,B,step_totals,,,,,,,,,,,,,,,,,,,,,79.70000000000007,,,18.5,0.23212045169385173,50.0,0.6273525721455452,0.0,0.0,0.014274784691162435,0.06,0.08928571428571434,1,3,14,44,,37,50,35,6.000000000000003,0.07528230865746546,5.200000000000002,0.06524466750313673,30,26,35
20,B,reachability,0.15,0.0,,,,,,,,,,,,,,,,,,,,,,,,,,,,,,,,,,,,,,,,,,,,,
21,B,all_agents,,,40,30,10,0,30,0,0.2767707559246278,0.21275508193893516,0.7863866372590125,0.02461152216386984,161,30,0.75,50,4.04,1.4,31.9,739,,,,,,,,,,,,,,,,,,,,,,,,,,,
21,B,participants_only,,,30,30,0,0,30,0,0.3044912080657027,0.24706269399589476,0.7863866372590125,0.027512342504820445,161,30,1.0,50,4.04,1.4,25.866666666666667,739,,,,,,,,,,,,,,,,,,,,,,,,,,,
21,B,nonparticipants_only,,,10,0,10,0,0,0,0.19360939950140335,0.16514474398171192,0.4326955899693818,0.00668797953815059,0,0,0.0,0,0.0,0.0,50.0,0,,,,,,,,,,,,,,,,,,,,,,,,,,,
21,B,step_totals,,,,,,,,,,,,,,,,,,,,,85.2000000000001,,,19.0,0.22300469483568047,55.0,0.6455399061032856,0.0,0.0,0.014103901367714878,0.12727272727272726,0.0,0,7,14,25,,38,55,36,6.000000000000003,0.07042253521126755,5.200000000000002,0.06103286384976521,30,26,42
22,B,all_agents,,,40,30,10,0,29,1,0.28017235973514687,0.21451425583644762,0.794931171768652,0.025799898295561483,165,30,0.75,50,4.04,1.4,32.05,775,,,,,,,,,,,,,,,,,,,,,,,,,,,
22,B,participants_only,,,30,30,0,0,29,1,0.3088325986230537,0.24877645324868913,0.794931171768652,0.028959326041031127,165,30,1.0,50,4.04,1.4,26.066666666666666,775,,,,,,,,,,,,,,,,,,,,,,,,,,,
22,B,nonparticipants_only,,,10,0,10,0,0,0,0.19419164307142645,0.164506909116087,0.4305321120195349,0.006464703541809926,0,0,0.0,0,0.0,0.0,50.0,0,,,,,,,,,,,,,,,,,,,,,,,,,,,
22,B,step_totals,,,,,,,,,,,,,,,,,,,,,77.50000000000009,,,16.5,0.21290322580645138,50.0,0.64516129032258,0.0,0.0,0.012862304711551628,0.08,0.0,0,4,15,43,,33,50,31,6.000000000000003,0.07741935483870963,5.000000000000002,0.06451612903225802,30,25,30
23,B,all_agents,,,40,30,10,0,29,1,0.28431035550193634,0.21729970257963296,0.8031339248979059,0.026953972501587608,167,30,0.75,50,4.04,1.4,31.85,816,,,,,,,,,,,,,,,,,,,,,,,,,,,
23,B,participants_only,,,30,30,0,0,29,1,0.3141574012150198,0.25289220512853305,0.8031339248979059,0.030292392975669477,167,30,1.0,50,4.04,1.4,25.8,816,,,,,,,,,,,,,,,,,,,,,,,,,,,
23,B,nonparticipants_only,,,10,0,10,0,0,0,0.19476921836268626,0.1674639674892743,0.42837945145943723,0.006248557425755336,0,0,0.0,0,0.0,0.0,50.0,0,,,,,,,,,,,,,,,,,,,,,,,,,,,
23,B,step_totals,,,,,,,,,,,,,,,,,,,,,86.20000000000009,,,19.0,0.22041763341067264,56.0,0.6496519721577719,0.0,0.0,0.013513143367260227,0.03571428571428571,0.0,0,2,14,24,,38,56,36,6.000000000000003,0.0696055684454756,5.200000000000002,0.06032482598607885,30,26,41
24,B,all_agents,,,40,30,10,0,29,1,0.2876383128348788,0.21720478300640406,0.8110085679019897,0.028090094461094957,170,30,0.75,50,4.04,1.4,32.05,853,,,,,,,,,,,,,,,,,,,,,,,,,,,
24,B,participants_only,,,30,30,0,0,29,1,0.3184039446636495,0.25472976944438336,0.8110085679019897,0.031653307968263045,170,30,1.0,50,4.04,1.4,26.066666666666666,853,,,,,,,,,,,,,,,,,,,,,,,,,,,
24,B,nonparticipants_only,,,10,0,10,0,0,0,0.19534141734856642,0.16719563212512267,0.42623755420214005,0.006042164717709014,0,0,0.0,0,0.0,0.0,50.0,0,,,,,,,,,,,,,,,,,,,,,,,,,,,
24,B,step_totals,,,,,,,,,,,,,,,,,,,,,76.70000000000007,,,16.5,0.21512385919165558,49.0,0.6388526727509772,0.0,0.0,0.012835540776069037,0.061224489795918366,0.0,0,3,14,45,,33,49,31,6.000000000000003,0.0782268578878748,5.200000000000002,0.06779661016949148,30,26,32
25,B,all_agents,,,40,30,10,0,29,1,0.291292033400828,0.2201640833248915,0.8185682251859101,0.02923731010210052,177,30,0.75,51,4.352941176470588,1.392156862745098,31.85,891,,,,,,,,,,,,,,,,,,,,,,,,,,,
25,B,participants_only,,,30,30,0,0,29,1,0.32308626720591055,0.25848787066999895,0.8185682251859101,0.032992432806919755,177,30,1.0,51,4.352941176470588,1.392156862745098,25.8,891,,,,,,,,,,,,,,,,,,,,,,,,,,,
25,B,nonparticipants_only,,,10,0,10,0,0,0,0.1959093319855802,0.1694148866863171,0.42410636643112937,0.005841462348615751,0,0,0.0,0,0.0,0.0,50.0,0,,,,,,,,,,,,,,,,,,,,,,,,,,,
25,B,step_totals,,,,,,,,,,,,,,,,,,,,,85.30000000000008,,,17.5,0.20515826494724482,57.0,0.6682297772567403,0.0,0.0,0.012331065017627083,0.10526315789473684,0.09259259259259264,1,6,15,21,,35,57,35,5.8000000000000025,0.06799531066822974,5.000000000000002,0.058616647127784256,29,25,39
26,B,all_agents,,,40,30,10,0,29,1,0.2946294438806311,0.22119907404788858,0.8258254961784737,0.03041251246097171,187,30,0.75,51,4.352941176470588,1.392156862745098,32.0,930,,,,,,,,,,,,,,,,,,,,,,,,,,,
26,B,participants_only,,,30,30,0,0,29,1,0.32734847584583965,0.25878536129035873,0.8258254961784737,0.034384956383729126,187,30,1.0,51,4.352941176470588,1.392156862745098,26.0,930,,,,,,,,,,,,,,,,,,,,,,,,,,,
26,B,nonparticipants_only,,,10,0,10,0,0,0,0.1964723479850053,0.17358127827675202,0.4219858345989737,0.0056487600598153645,0,0,0.0,0,0.0,0.0,50.0,0,,,,,,,,,,,,,,,,,,,,,,,,,,,
26,B,step_totals,,,,,,,,,,,,,,,,,,,,,77.50000000000009,,,16.5,0.21290322580645138,50.0,0.64516129032258,0.0,0.0,0.012717474873884154,0.2,0.0,0,10,15,43,,33,50,30,6.000000000000003,0.07741935483870963,5.000000000000002,0.06451612903225802,30,25,30
27,B,all_agents,,,40,30,10,0,29,1,0.29825672470577796,0.22296948703294564,0.8327924763313347,0.03158030903187311,196,30,0.75,51,4.352941176470588,1.392156862745098,31.8,970,,,,,,,,,,,,,,,,,,,,,,,,,,,
27,B,participants_only,,,30,30,0,0,29,1,0.3319988505176158,0.25790117298404025,0.8327924763313347,0.03573143391960166,196,30,1.0,51,4.352941176470588,1.392156862745098,25.733333333333334,970,,,,,,,,,,,,,,,,,,,,,,,,,,,
27,B,nonparticipants_only,,,10,0,10,0,0,0,0.1970303472702645,0.17376066225317233,0.41987590542597886,0.00546456171706474,0,0,0.0,0,0.0,0.0,50.0,0,,,,,,,,,,,,,,,,,,,,,,,,,,,
27,B,step_totals,,,,,,,,,,,,,,,,,,,,,85.30000000000007,,,17.5,0.20515826494724484,57.0,0.6682297772567404,0.0,0.0,0.012270356961693615,0.15789473684210525,0.0,0,9,15,21,,35,57,35,5.8000000000000025,0.06799531066822975,5.000000000000002,0.05861664712778426,29,25,39
28,B,all_agents,,,40,30,10,0,29,1,0.3015217287252267,0.22455944889062454,0.8394807772780813,0.03287864080104109,202,30,0.75,51,4.352941176470588,1.392156862745098,31.95,1012,,,,,,,,,,,,,,,,,,,,,,,,,,,
28,B,participants_only,,,30,30,0,0,29,1,0.3361674629265484,0.25966770891652025,0.8394807772780813,0.03727544285817627,202,30,1.0,51,4.352941176470588,1.392156862745098,25.933333333333334,1012,,,,,,,,,,,,,,,,,,,,,,,,,,,
28,B,nonparticipants_only,,,10,0,10,0,0,0,0.1975845261212613,0.17329925569345694,0.41777652589884895,0.0052843118494518785,0,0,0.0,0,0.0,0.0,50.0,0,,,,,,,,,,,,,,,,,,,,,,,,,,,
28,B,step_totals,,,,,,,,,,,,,,,,,,,,,77.50000000000009,,,16.5,0.21290322580645138,50.0,0.64516129032258,0.0,0.0,0.012521537413161619,0.12,0.0,0,6,15,43,,33,50,30,6.000000000000003,0.07741935483870963,5.000000000000002,0.06451612903225802,30,25,30
29,B,all_agents,,,40,30,10,0,28,2,0.30505482658301114,0.22738129088029307,0.8459015461869581,0.03400535898534064,207,30,0.75,51,4.352941176470588,1.392156862745098,31.75,1053,,,,,,,,,,,,,,,,,,,,,,,,,,,
29,B,participants_only,,,30,30,0,0,28,2,0.3406950457548192,0.2591863879208759,0.8459015461869581,0.038555974929335796,207,30,1.0,51,4.352941176470588,1.392156862745098,25.666666666666668,1053,,,,,,,,,,,,,,,,,,,,,,,,,,,
29,B,nonparticipants_only,,,10,0,10,0,0,0,0.19813416906758713,0.17881864044028206,0.4156876432693547,0.005110808481981046,0,0,0.0,0,0.0,0.0,50.0,0,,,,,,,,,,,,,,,,,,,,,,,,,,,
29,B,step_totals,,,,,,,,,,,,,,,,,,,,,85.10000000000008,,,17.5,0.2056404230317272,57.0,0.6698002350176256,0.0,0.0,0.012067201561937064,0.08771929824561403,0.0,0,5,16,21,,35,57,35,5.8000000000000025,0.06815511163337247,4.800000000000002,0.05640423031727376,29,24,39
30,B,all_agents,,,40,30,10,0,28,2,0.30841518512823823,0.2289423626136013,0.8520654843394798,0.03525572940270391,216,30,0.75,51,4.352941176470588,1.392156862745098,31.9,1098,,,,,,,,,,,,,,,,,,,,,,,,,,,
30,B,participants_only,,,30,30,0,0,28,2,0.3449940500427857,0.2598480171495002,0.8520654843394798,0.04000673116766441,216,30,1.0,51,4.352941176470588,1.392156862745098,25.866666666666667,1098,,,,,,,,,,,,,,,,,,,,,,,,,,,
30,B,nonparticipants_only,,,10,0,10,0,0,0,0.19867859038459576,0.17974081913400475,0.4136092050530079,0.004946563806581868,0,0,0.0,0,0.0,0.0,50.0,0,,,,,,,,,,,,,,,,,,,,,,,,,,,
30,B,step_totals,,,,,,,,,,,,,,,,,,,,,77.00000000000009,,,16.0,0.20779220779220756,50.0,0.6493506493506487,0.0,0.0,0.012939446628371288,0.18,0.0,0,9,15,42,,32,50,30,6.000000000000003,0.07792207792207786,5.000000000000002,0.06493506493506489,30,25,30
30,B,reachability,0.2,0.0,,,,,,,,,,,,,,,,,,,,,,,,,,,,,,,,,,,,,,,,,,,,,
31,B,all_agents,,,40,30,10,0,28,2,0.3118922545475232,0.23225621278735958,0.8579828649659006,0.03643595021610827,223,30,0.75,51,4.352941176470588,1.392156862745098,31.7,1141,,,,,,,,,,,,,,,,,,,,,,,,,,,
31,B,participants_only,,,30,30,0,0,28,2,0.3494499595790746,0.26174810035573914,0.8579828649659006,0.04134340558197235,223,30,1.0,51,4.352941176470588,1.392156862745098,25.6,1141,,,,,,,,,,,,,,,,,,,,,,,,,,,
31,B,nonparticipants_only,,,10,0,10,0,0,0,0.1992191394528691,0.17972000875077726,0.41154115902774285,0.004786609631671794,0,0,0.0,0,0.0,0.0,50.0,0,,,,,,,,,,,,,,,,,,,,,,,,,,,
31,B,step_totals,,,,,,,,,,,,,,,,,,,,,85.50000000000009,,,17.5,0.2046783625730992,57.0,0.666666666666666,0.0,0.0,0.01186842511678743,0.12280701754385964,0.0,0,7,14,21,,35,57,35,5.8000000000000025,0.06783625730994149,5.200000000000002,0.06081871345029236,29,26,39
32,B,all_agents,,,40,30,10,0,27,3,0.31481605771298804,0.2333867024144738,0.8636635503672646,0.037665378151446334,227,30,0.75,51,4.352941176470588,1.392156862745098,31.85,1183,,,,,,,,,,,,,,,,,,,,,,,,,,,
32,B,participants_only,,,30,30,0,0,27,3,0.35316949139385634,0.2604393598539604,0.8636635503672646,0.04279283454223128,227,30,1.0,51,4.352941176470588,1.392156862745098,25.8,1183,,,,,,,,,,,,,,,,,,,,,,,,,,,
32,B,nonparticipants_only,,,10,0,10,0,0,0,0.1997557566703833,0.1823201478881022,0.40948345323260416,0.004631178477738367,0,0,0.0,0,0.0,0.0,50.0,0,,,,,,,,,,,,,,,,,,,,,,,,,,,
32,B,step_totals,,,,,,,,,,,,,,,,,,,,,76.50000000000009,,,15.5,0.2026143790849671,50.0,0.6535947712418293,0.0,0.0,0.011697024410055722,0.08,0.0,0,4,15,41,,31,50,30,6.000000000000003,0.07843137254901955,5.000000000000002,0.06535947712418295,30,25,30
33,B,all_agents,,,40,30,10,0,27,3,0.31786169278423565,0.23453146719185572,0.869117008352574,0.03870493882598456,237,30,0.75,51,4.352941176470588,1.392156862745098,31.7,1222,,,,,,,,,,,,,,,,,,,,,,,,,,,
33,B,participants_only,,,30,30,0,0,27,3,0.3570530807670816,0.2605126985997359,0.869117008352574,0.04396816047048916,237,30,1.0,51,4.352941176470588,1.392156862745098,25.6,1222,,,,,,,,,,,,,,,,,,,,,,,,,,,
33,B,nonparticipants_only,,,10,0,10,0,0,0,0.2002875288356977,0.18407650186052382,0.4074360359664411,0.004483695188207176,0,0,0.0,0,0.0,0.0,50.0,0,,,,,,,,,,,,,,,,,,,,,,,,,,,
33,B,step_totals,,,,,,,,,,,,,,,,,,,,,83.80000000000007,,,17.0,0.2028639618138423,56.0,0.6682577565632453,0.0,0.0,0.01095015168874499,0.17857142857142858,0.0,0,10,16,21,,34,56,34,6.000000000000003,0.07159904534606203,4.800000000000002,0.05727923627684962,30,24,39
34,B,all_agents,,,40,30,10,0,26,4,0.3205685947940621,0.2372499110150324,0.8743523280184711,0.03995059276407314,240,30,0.75,51,4.352941176470588,1.392156862745098,31.85,1265,,,,,,,,,,,,,,,,,,,,,,,,,,,
34,B,participants_only,,,30,30,0,0,26,4,0.36048637352338475,0.260985556676538,0.8743523280184711,0.04544667885309904,240,30,1.0,51,4.352941176470588,1.392156862745098,25.8,1265,,,,,,,,,,,,,,,,,,,,,,,,,,,
34,B,nonparticipants_only,,,10,0,10,0,0,0,0.20081525860609428,0.184430847202265,0.4053988557866089,0.0043411857927974935,0,0,0.0,0,0.0,0.0,50.0,0,,,,,,,,,,,,,,,,,,,,,,,,,,,
34,B,step_totals,,,,,,,,,,,,,,,,,,,,,75.50000000000009,,,14.5,0.19205298013245012,50.0,0.6622516556291383,0.0,0.0,0.01121523437008718,0.06,0.0,0,3,15,40,,29,50,29,6.000000000000003,0.07947019867549664,5.000000000000002,0.06622516556291386,30,25,30
35,B,all_agents,,,40,30,10,0,25,5,0.3237083460524101,0.24012853573777,0.8793782348977323,0.04105419315923852,248,30,0.75,51,4.352941176470588,1.392156862745098,31.7,1309,,,,,,,,,,,,,,,,,,,,,,,,,,,
35,B,participants_only,,,30,30,0,0,25,5,0.3644981426496959,0.25968062889315535,0.8793782348977323,0.0466824671147407,248,30,1.0,51,4.352941176470588,1.392156862745098,25.6,1309,,,,,,,,,,,,,,,,,,,,,,,,,,,
35,B,nonparticipants_only,,,10,0,10,0,0,0,0.20133895626055293,0.18405919186169806,0.40337186150767584,0.004203681215356647,0,0,0.0,0,0.0,0.0,50.0,0,,,,,,,,,,,,,,,,,,,,,,,,,,,
35,B,step_totals,,,,,,,,,,,,,,,,,,,,,82.80000000000008,,,16.0,0.19323671497584521,56.0,0.6763285024154583,0.0,0.0,0.011382471212002167,0.14285714285714285,0.0,0,8,16,21,,32,56,34,6.000000000000003,0.07246376811594199,4.800000000000002,0.05797101449275358,30,24,39
36,B,all_agents,,,40,30,10,0,26,4,0.3264053232272943,0.2394274816545675,0.884203105501823,0.042297085329782706,253,30,0.75,51,4.352941176470588,1.392156862745098,31.85,1354,,,,,,,,,,,,,,,,,,,,,,,,,,,
36,B,participants_only,,,30,30,0,0,26,4,0.3679207340014152,0.26273791876256136,0.884203105501823,0.048145472960549725,253,30,1.0,51,4.352941176470588,1.392156862745098,25.8,1354,,,,,,,,,,,,,,,,,,,,,,,,,,,
36,B,nonparticipants_only,,,10,0,10,0,0,0,0.20185909090493181,0.18327076182171,0.4013550022001375,0.00406957045655379,0,0,0.0,0,0.0,0.0,50.0,0,,,,,,,,,,,,,,,,,,,,,,,,,,,
36,B,step_totals,,,,,,,,,,,,,,,,,,,,,75.30000000000008,,,14.5,0.19256308100929595,50.0,0.664010624169986,0.0,0.0,0.01124198841178465,0.1,0.0,0,5,16,39,,29,50,29,6.000000000000003,0.07968127490039835,4.800000000000002,0.06374501992031868,30,24,30
37,B,all_agents,,,40,30,10,0,24,6,0.32936153714572786,0.24245963472113088,0.8888349812817501,0.04339560418230533,260,30,0.75,51,4.352941176470588,1.392156862745098,31.7,1398,,,,,,,,,,,,,,,,,,,,,,,,,,,
37,B,participants_only,,,30,30,0,0,24,6,0.37169046103655634,0.2626270764046643,0.8888349812817501,0.04937984994803062,260,30,1.0,51,4.352941176470588,1.392156862745098,25.6,1398,,,,,,,,,,,,,,,,,,,,,,,,,,,
37,B,nonparticipants_only,,,10,0,10,0,0,0,0.2023747654732426,0.1849812618153518,0.39934822718913676,0.003942013312062885,0,0,0.0,0,0.0,0.0,50.0,0,,,,,,,,,,,,,,,,,,,,,,,,,,,
37,B,step_totals,,,,,,,,,,,,,,,,,,,,,82.6000000000001,,,16.0,0.19370460048426127,56.0,0.6779661016949144,0.0,0.0,0.010899475434784499,0.125,0.0,0,7,17,21,,32,56,34,6.000000000000003,0.07263922518159802,4.600000000000001,0.05569007263922514,30,23,39
38,B,all_agents,,,40,30,10,0,24,6,0.3318751037568142,0.24276498048687822,0.8932815820304801,0.04458276190623494,263,30,0.75,51,4.352941176470588,1.392156862745098,31.85,1442,,,,,,,,,,,,,,,,,,,,,,,,,,,
38,B,participants_only,,,30,30,0,0,24,6,0.3748713361299961,0.26498443428506735,0.8932815820304801,0.05077579098186393,263,30,1.0,51,4.352941176470588,1.392156862745098,25.8,1442,,,,,,,,,,,,,,,,,,,,,,,,,,,
38,B,nonparticipants_only,,,10,0,10,0,0,0,0.20288640663726853,0.18501348136661916,0.3973514860531911,0.0038195626998840876,0,0,0.0,0,0.0,0.0,50.0,0,,,,,,,,,,,,,,,,,,,,,,,,,,,
38,B,step_totals,,,,,,,,,,,,,,,,,,,,,75.10000000000007,,,14.5,0.1930758988015977,50.0,0.6657789613848196,0.0,0.0,0.010714211654704939,0.06,0.0,0,3,17,38,,29,50,29,6.000000000000003,0.0798934753661784,4.600000000000001,0.06125166444740343,30,23,30
39,B,all_agents,,,40,30,10,0,23,7,0.334709353606912,0.24422690913400344,0.897550318749261,0.045622500245919705,270,30,0.75,51,4.352941176470588,1.392156862745098,31.7,1486,,,,,,,,,,,,,,,,,,,,,,,,,,,
39,B,participants_only,,,30,30,0,0,23,7,0.3784808058426976,0.267773748557348,0.897550318749261,0.05193334559214078,270,30,1.0,51,4.352941176470588,1.392156862745098,25.6,1486,,,,,,,,,,,,,,,,,,,,,,,,,,,
39,B,nonparticipants_only,,,10,0,10,0,0,0,0.2033949968995552,0.1850983997487674,0.39536472862292515,0.0036986838373005444,0,0,0.0,0,0.0,0.0,50.0,0,,,,,,,,,,,,,,,,,,,,,,,,,,,
39,B,step_totals,,,,,,,,,,,,,,,,,,,,,82.6000000000001,,,16.0,0.19370460048426127,56.0,0.6779661016949144,0.0,0.0,0.010567916539568246,0.125,0.0,0,7,17,21,,32,56,34,6.000000000000003,0.07263922518159802,4.600000000000001,0.05569007263922514,30,23,39
40,B,all_agents,,,40,30,10,0,24,6,0.336972671898913,0.24317041186933264,0.9016483059992905,0.04676206328373185,277,30,0.75,51,4.352941176470588,1.392156862745098,31.85,1529,,,,,,,,,,,,,,,,,,,,,,,,,,,
40,B,participants_only,,,30,30,0,0,24,6,0.381330249358612,0.26643487981456127,0.9016483059992905,0.0532852143937694,277,30,1.0,51,4.352941176470588,1.392156862745098,25.8,1529,,,,,,,,,,,,,,,,,,,,,,,,,,,
40,B,nonparticipants_only,,,10,0,10,0,0,0,0.20389993951981625,0.18503987533025334,0.3933879049798105,0.003581473816500906,0,0,0.0,0,0.0,0.0,50.0,0,,,,,,,,,,,,,,,,,,,,,,,,,,,
40,B,step_totals,,,,,,,,,,,,,,,,,,,,,74.40000000000006,,,14.0,0.18817204301075252,50.0,0.6720430107526876,0.0,0.0,0.01005222676233333,0.14,0.0,0,7,18,37,,28,50,29,6.000000000000003,0.08064516129032255,4.400000000000001,0.05913978494623653,30,22,30
40,B,reachability,0.2,0.0,,,,,,,,,,,,,,,,,,,,,,,,,,,,,,,,,,,,,,,,,,,,,
41,B,all_agents,,,40,30,10,0,21,9,0.33956868916424837,0.24362708073596911,0.9055823737593188,0.047715989505554335,285,30,0.75,51,4.352941176470588,1.392156862745098,31.7,1570,,,,,,,,,,,,,,,,,,,,,,,,,,,
41,B,participants_only,,,30,30,0,0,21,9,0.3846249138265714,0.2693850201645855,0.9055823737593188,0.05434356077463008,285,30,1.0,51,4.352941176470588,1.392156862745098,25.6,1570,,,,,,,,,,,,,,,,,,,,,,,,,,,
41,B,nonparticipants_only,,,10,0,10,0,0,0,0.20440001517727943,0.1848237620381871,0.39142096545491145,0.0034725151284664218,0,0,0.0,0,0.0,0.0,50.0,0,,,,,,,,,,,,,,,,,,,,,,,,,,,
41,B,step_totals,,,,,,,,,,,,,,,,,,,,,82.60000000000008,,,16.0,0.1937046004842613,56.0,0.6779661016949146,0.0,0.0,0.009893919972710582,0.14285714285714285,0.0,0,8,17,21,,32,56,33,6.000000000000003,0.07263922518159803,4.600000000000001,0.055690072639225145,30,23,39
42,B,all_agents,,,40,30,10,0,21,9,0.3418455791803993,0.24467881927944723,0.9093590788089461,0.048856694934265546,293,30,0.75,51,4.352941176470588,1.392156862745098,31.85,1616,,,,,,,,,,,,,,,,,,,,,,,,,,,
42,B,participants_only,,,30,30,0,0,21,9,0.3874950883056864,0.2680380950637625,0.9093590788089461,0.05568501721114954,293,30,1.0,51,4.352941176470588,1.392156862745098,25.8,1616,,,,,,,,,,,,,,,,,,,,,,,,,,,
42,B,nonparticipants_only,,,10,0,10,0,0,0,0.20489705180453827,0.18563454903522833,0.3894638606276369,0.003365195903057606,0,0,0.0,0,0.0,0.0,50.0,0,,,,,,,,,,,,,,,,,,,,,,,,,,,
42,B,step_totals,,,,,,,,,,,,,,,,,,,,,73.90000000000006,,,13.5,0.18267929634641392,50.0,0.6765899864681997,0.0,0.0,0.010205777734212685,0.16,0.0,0,8,18,36,,27,50,28,6.000000000000003,0.081190798376184,4.400000000000001,0.05953991880920159,30,22,30
43,B,all_agents,,,40,30,10,0,21,9,0.344590375440367,0.2462169330360481,0.9129847156565882,0.049818540175466455,303,30,0.75,51,4.352941176470588,1.392156862745098,31.7,1662,,,,,,,,,,,,,,,,,,,,,,,,,,,
43,B,participants_only,,,30,30,0,0,21,9,0.39099034671201555,0.26966894308875944,0.9129847156565882,0.05672568778737808,303,30,1.0,51,4.352941176470588,1.392156862745098,25.6,1662,,,,,,,,,,,,,,,,,,,,,,,,,,,
43,B,nonparticipants_only,,,10,0,10,0,0,0,0.2053904616254216,0.18726734445186022,0.3875165413244987,0.003261609331613927,0,0,0.0,0,0.0,0.0,50.0,0,,,,,,,,,,,,,,,,,,,,,,,,,,,
43,B,step_totals,,,,,,,,,,,,,,,,,,,,,82.60000000000008,,,16.0,0.1937046004842613,56.0,0.6779661016949146,0.0,0.0,0.01034924671517536,0.17857142857142858,0.0,0,10,17,21,,32,56,33,6.000000000000003,0.07263922518159803,4.600000000000001,0.055690072639225145,30,23,39
44,B,all_agents,,,40,30,10,0,21,9,0.3466939937636402,0.24632708589641636,0.9164653270303247,0.05094039013571268,311,30,0.75,51,4.352941176470588,1.392156862745098,31.85,1708,,,,,,,,,,,,,,,,,,,,,,,,,,,
44,B,participants_only,,,30,30,0,0,21,9,0.3936318754637871,0.27008492279526375,0.9164653270303247,0.058054049126452914,311,30,1.0,51,4.352941176470588,1.392156862745098,25.8,1708,,,,,,,,,,,,,,,,,,,,,,,,,,,
44,B,nonparticipants_only,,,10,0,10,0,0,0,0.20588034866319935,0.18758122327453475,0.3855789586178762,0.003161436301528111,0,0,0.0,0,0.0,0.0,50.0,0,,,,,,,,,,,,,,,,,,,,,,,,,,,
44,B,step_totals,,,,,,,,,,,,,,,,,,,,,73.40000000000006,,,13.0,0.17711171662125325,50.0,0.6811989100817433,0.0,0.0,0.00975202605603753,0.16,0.0,0,8,18,36,,26,50,28,6.000000000000003,0.08174386920980924,4.400000000000001,0.05994550408719343,30,22,30
45,B,all_agents,,,40,30,10,0,20,10,0.3493880300522948,0.24976495791555448,0.9198067139491117,0.0518974201249863,318,30,0.75,51,4.352941176470588,1.392156862745098,31.7,1756,,,,,,,,,,,,,,,,,,,,,,,,,,,
45,B,participants_only,,,30,30,0,0,20,10,0.3970617694483679,0.271005523443099,0.9198067139491117,0.05908397177141385,318,30,1.0,51,4.352941176470588,1.392156862745098,25.6,1756,,,,,,,,,,,,,,,,,,,,,,,,,,,
45,B,nonparticipants_only,,,10,0,10,0,0,0,0.20636681186407524,0.1879109623112442,0.38365106382478686,0.0030643400496472703,0,0,0.0,0,0.0,0.0,50.0,0,,,,,,,,,,,,,,,,,,,,,,,,,,,
45,B,step_totals,,,,,,,,,,,,,,,,,,,,,81.10000000000008,,,14.5,0.17879161528976556,56.0,0.6905055487053015,0.0,0.0,0.010450607730109703,0.125,0.0,0,7,17,20,,29,56,34,6.000000000000003,0.07398273736128233,4.600000000000001,0.056720098643649776,30,23,38
46,B,all_agents,,,40,30,10,0,20,10,0.3512328711886432,0.24955071569700027,0.9230144453911473,0.0529300072756024,328,30,0.75,51,4.352941176470588,1.392156862745098,31.85,1800,,,,,,,,,,,,,,,,,,,,,,,,,,,
46,B,participants_only,,,30,30,0,0,20,10,0.3993606988939173,0.27027227340624554,0.9230144453911473,0.0603175075488224,328,30,1.0,51,4.352941176470588,1.392156862745098,25.8,1800,,,,,,,,,,,,,,,,,,,,,,,,,,,
46,B,nonparticipants_only,,,10,0,10,0,0,0,0.20684938807282108,0.18853080799172017,0.38173280850566293,0.002972052860399906,0,0,0.0,0,0.0,0.0,50.0,0,,,,,,,,,,,,,,,,,,,,,,,,,,,
46,B,step_totals,,,,,,,,,,,,,,,,,,,,,72.90000000000006,,,12.5,0.1714677640603565,50.0,0.685871056241426,0.0,0.0,0.009015537004072108,0.2,0.0,0,10,18,36,,25,50,28,6.000000000000003,0.08230452674897117,4.400000000000001,0.060356652949245505,30,22,30
47,B,all_agents,,,40,30,10,0,20,10,0.35399333695840884,0.24924173682858328,0.9260938675755014,0.053869938928670924,340,30,0.75,51,4.352941176470588,1.392156862745098,31.7,1850,,,,,,,,,,,,,,,,,,,,,,,,,,,
47,B,participants_only,,,30,30,0,0,20,10,0.40288159076647106,0.27593956417122945,0.9260938675755014,0.06130538245618556,340,30,1.0,51,4.352941176470588,1.392156862745098,25.6,1850,,,,,,,,,,,,,,,,,,,,,,,,,,,
47,B,nonparticipants_only,,,10,0,10,0,0,0,0.20732857553422201,0.18832215141528574,0.3798241444631346,0.0028828720213088382,0,0,0.0,0,0.0,0.0,50.0,0,,,,,,,,,,,,,,,,,,,,,,,,,,,
47,B,step_totals,,,,,,,,,,,,,,,,,,,,,80.70000000000007,,,14.5,0.17967781908302338,56.0,0.6939281288723661,0.0,0.0,0.010716281874218183,0.21428571428571427,0.0,0,12,19,20,,29,56,33,6.000000000000003,0.07434944237918212,4.200000000000001,0.052044609665427476,30,21,38
48,B,all_agents,,,40,30,10,0,20,10,0.3557493340556109,0.24799552814444037,0.9290501128724813,0.05485820681843275,343,30,0.75,51,4.352941176470588,1.392156862745098,31.85,1894,,,,,,,,,,,,,,,,,,,,,,,,,,,
48,B,participants_only,,,30,30,0,0,20,10,0.4050641359284685,0.27480796473226243,0.9290501128724813,0.06248489217759799,343,30,1.0,51,4.352941176470588,1.392156862745098,25.8,1894,,,,,,,,,,,,,,,,,,,,,,,,,,,
48,B,nonparticipants_only,,,10,0,10,0,0,0,0.20780492843703807,0.18910496323311848,0.37792502374081893,0.002794754535826636,0,0,0.0,0,0.0,0.0,50.0,0,,,,,,,,,,,,,,,,,,,,,,,,,,,
48,B,step_totals,,,,,,,,,,,,,,,,,,,,,72.40000000000006,,,12.0,0.16574585635359101,50.0,0.6906077348066293,0.0,0.0,0.008830307436011646,0.06,0.0,0,3,18,36,,24,50,28,6.000000000000003,0.08287292817679555,4.400000000000001,0.06077348066298339,30,22,30
49,B,all_agents,,,40,30,10,0,20,10,0.35795559633637203,0.24675555050371817,0.9318881083575821,0.05573620873451005,353,30,0.75,51,4.352941176470588,1.392156862745098,31.7,1939,,,,,,,,,,,,,,,,,,,,,,,,,,,
49,B,participants_only,,,30,30,0,0,20,10,0.4078480171121023,0.27508971232671686,0.9318881083575821,0.06345520222202258,353,30,1.0,51,4.352941176470588,1.392156862745098,25.6,1939,,,,,,,,,,,,,,,,,,,,,,,,,,,
49,B,nonparticipants_only,,,10,0,10,0,0,0,0.20827833400918122,0.19068142111035014,0.3760353986221148,0.002708184461622199,0,0,0.0,0,0.0,0.0,50.0,0,,,,,,,,,,,,,,,,,,,,,,,,,,,
49,B,step_totals,,,,,,,,,,,,,,,,,,,,,80.00000000000007,,,14.0,0.17499999999999985,56.0,0.6999999999999994,0.0,0.0,0.00917512898001867,0.17857142857142858,0.0,0,10,20,20,,28,56,33,6.000000000000003,0.07499999999999997,4.000000000000001,0.04999999999999997,30,20,36
50,B,all_agents,,,40,30,10,0,20,10,0.35970019147604054,0.24552177275119957,0.9346125840232787,0.0567045616345862,364,30,0.75,51,4.352941176470588,1.392156862745098,31.85,1985,,,,,,,,,,,,,,,,,,,,,,,,,,,
50,B,participants_only,,,30,30,0,0,20,10,0.41001769687754896,0.2751141946937823,0.9346125840232787,0.06460296701512346,364,30,1.0,51,4.352941176470588,1.392156862745098,25.8,1985,,,,,,,,,,,,,,,,,,,,,,,,,,,
50,B,nonparticipants_only,,,10,0,10,0,0,0,0.20874767527151528,0.19098446994149043,0.3741552216290043,0.0026271292950044954,0,0,0.0,0,0.0,0.0,50.0,0,,,,,,,,,,,,,,,,,,,,,,,,,,,
50,B,step_totals,,,,,,,,,,,,,,,,,,,,,72.40000000000008,,,12.0,0.165745856353591,50.0,0.6906077348066291,0.0,0.0,0.008815522810047483,0.22,0.0,0,11,18,36,,24,50,28,6.000000000000003,0.08287292817679554,4.400000000000001,0.06077348066298338,30,22,30
50,B,reachability,0.225,0.0,,,,,,,,,,,,,,,,,,,,,,,,,,,,,,,,,,,,,,,,,,,,,
51,B,all_agents,,,40,30,10,0,20,10,0.36174643784139193,0.24498182866899015,0.9372280806623476,0.057599031827038044,367,30,0.75,51,4.352941176470588,1.392156862745098,31.7,2030,,,,,,,,,,,,,,,,,,,,,,,,,,,
51,B,participants_only,,,30,30,0,0,20,10,0.4125905974681928,0.2774767179154859,0.9372280806623476,0.06560881274002223,367,30,1.0,51,4.352941176470588,1.392156862745098,25.6,2030,,,,,,,,,,,,,,,,,,,,,,,,,,,
51,B,nonparticipants_only,,,10,0,10,0,0,0,0.20921395896098946,0.19130283175005286,0.37228444552085926,0.0025481462702182382,0,0,0.0,0,0.0,0.0,50.0,0,,,,,,,,,,,,,,,,,,,,,,,,,,,
51,B,step_totals,,,,,,,,,,,,,,,,,,,,,78.80000000000007,,,13.0,0.16497461928933996,56.0,0.7106598984771567,0.0,0.0,0.00887509665140476,0.05357142857142857,0.0,0,3,21,18,,26,56,31,6.000000000000003,0.0761421319796954,3.800000000000001,0.04822335025380708,30,19,36
52,B,all_agents,,,40,30,10,0,20,10,0.3634016922385566,0.24412293681118885,0.9397389574358538,0.058546202317975506,375,30,0.75,51,4.352941176470588,1.392156862745098,31.85,2076,,,,,,,,,,,,,,,,,,,,,,,,,,,
52,B,participants_only,,,30,30,0,0,20,10,0.41464317213888807,0.2760893343259085,0.9397389574358538,0.06673517970225101,375,30,1.0,51,4.352941176470588,1.392156862745098,25.8,2076,,,,,,,,,,,,,,,,,,,,,,,,,,,
52,B,nonparticipants_only,,,10,0,10,0,0,0,0.20967725253756217,0.19190129043979487,0.370423023293255,0.0024709990166360963,0,0,0.0,0,0.0,0.0,50.0,0,,,,,,,,,,,,,,,,,,,,,,,,,,,
52,B,step_totals,,,,,,,,,,,,,,,,,,,,,71.90000000000008,,,11.5,0.15994436717663404,50.0,0.695410292072322,0.0,0.0,0.00862020518600047,0.16,0.0,0,8,18,35,,23,50,27,6.000000000000003,0.08344923504867867,4.400000000000001,0.06119610570236435,30,22,30
53,B,all_agents,,,40,30,10,0,20,10,0.36544235088900534,0.24290232212713292,0.9421493991384197,0.05941403085761361,384,30,0.75,51,4.352941176470588,1.392156862745098,31.7,2123,,,,,,,,,,,,,,,,,,,,,,,,,,,
53,B,participants_only,,,30,30,0,0,20,10,0.41721067866695755,0.2767496291335424,0.9421493991384197,0.06770007828258694,384,30,1.0,51,4.352941176470588,1.392156862745098,25.6,2123,,,,,,,,,,,,,,,,,,,,,,,,,,,
53,B,nonparticipants_only,,,10,0,10,0,0,0,0.21013736755514845,0.1927887460074375,0.3685709081767887,0.0023963714515875486,0,0,0.0,0,0.0,0.0,50.0,0,,,,,,,,,,,,,,,,,,,,,,,,,,,
53,B,step_totals,,,,,,,,,,,,,,,,,,,,,78.50000000000007,,,12.5,0.15923566878980877,56.0,0.7133757961783433,0.0,0.0,0.008923596348159238,0.16071428571428573,0.0,0,9,22,18,,25,56,31,6.000000000000003,0.07643312101910825,4.000000000000001,0.05095541401273882,30,20,36
54,B,all_agents,,,40,30,10,0,20,10,0.3667653417501141,0.24467313548582165,0.9444634231728829,0.0602755409697225,391,30,0.75,51,4.352941176470588,1.392156862745098,31.85,2166,,,,,,,,,,,,,,,,,,,,,,,,,,,
54,B,participants_only,,,30,30,0,0,20,10,0.4188222249024609,0.27609314379168115,0.9444634231728829,0.06875339468441154,391,30,1.0,51,4.352941176470588,1.392156862745098,25.8,2166,,,,,,,,,,,,,,,,,,,,,,,,,,,
54,B,nonparticipants_only,,,10,0,10,0,0,0,0.21059469229307357,0.19398528882627797,0.36672805363590477,0.002322950823210257,0,0,0.0,0,0.0,0.0,50.0,0,,,,,,,,,,,,,,,,,,,,,,,,,,,
54,B,step_totals,,,,,,,,,,,,,,,,,,,,,71.40000000000006,,,11.0,0.1540616246498598,50.0,0.7002801120448173,0.0,0.0,0.0076063290615191684,0.14,0.0,0,7,18,34,,22,50,27,6.000000000000003,0.08403361344537812,4.400000000000001,0.06162464985994394,30,22,29
55,B,all_agents,,,40,30,10,0,20,10,0.36878372516177677,0.2438436851857991,0.9466848862459676,0.06118972522163078,396,30,0.75,51,4.352941176470588,1.392156862745098,31.7,2215,,,,,,,,,,,,,,,,,,,,,,,,,,,
55,B,participants_only,,,30,30,0,0,20,10,0.4213622099354748,0.27560267892676266,0.9466848862459676,0.0697769554651008,396,30,1.0,51,4.352941176470588,1.392156862745098,25.6,2215,,,,,,,,,,,,,,,,,,,,,,,,,,,
55,B,nonparticipants_only,,,10,0,10,0,0,0,0.2110482708406827,0.19510391194356852,0.36489441336772527,0.0022540697580447407,0,0,0.0,0,0.0,0.0,50.0,0,,,,,,,,,,,,,,,,,,,,,,,,,,,
55,B,step_totals,,,,,,,,,,,,,,,,,,,,,77.30000000000008,,,11.5,0.14877102199223788,56.0,0.7244501940491583,0.0,0.0,0.009040142840172091,0.08928571428571429,0.0,0,5,23,15,,23,56,29,6.000000000000003,0.07761966364812414,3.800000000000001,0.049159120310478616,30,19,34
56,B,all_agents,,,40,30,10,0,20,10,0.37028388043542715,0.24627375225481624,0.9488174907961289,0.06208249999313605,403,30,0.75,51,4.352941176470588,1.392156862745098,31.85,2262,,,,,,,,,,,,,,,,,,,,,,,,,,,
56,B,participants_only,,,30,30,0,0,20,10,0.423212338967294,0.274889101492164,0.9488174907961289,0.0708414830998968,403,30,1.0,51,4.352941176470588,1.392156862745098,25.8,2262,,,,,,,,,,,,,,,,,,,,,,,,,,,
56,B,nonparticipants_only,,,10,0,10,0,0,0,0.2114985048398265,0.19629048780375796,0.36306994130088666,0.0021884900021392,0,0,0.0,0,0.0,0.0,50.0,0,,,,,,,,,,,,,,,,,,,,,,,,,,,
56,B,step_totals,,,,,,,,,,,,,,,,,,,,,71.40000000000008,,,11.0,0.15406162464985979,50.0,0.7002801120448172,0.0,0.0,0.008224583951993353,0.14,0.0,0,7,18,34,,22,50,27,6.000000000000003,0.0840336134453781,4.400000000000001,0.06162464985994393,30,22,29
57,B,all_agents,,,40,30,10,0,20,10,0.3721098808532018,0.24504238349354215,0.9508647911642837,0.06285913721572199,411,30,0.75,51,4.352941176470588,1.392156862745098,31.7,2308,,,,,,,,,,,,,,,,,,,,,,,,,,,
57,B,participants_only,,,30,30,0,0,20,10,0.4254977783566796,0.27602386350402147,0.9508647911642837,0.07170332914569329,411,30,1.0,51,4.352941176470588,1.392156862745098,25.6,2308,,,,,,,,,,,,,,,,,,,,,,,,,,,
57,B,nonparticipants_only,,,10,0,10,0,0,0,0.21194618834276813,0.19735794043511173,0.3612545915943822,0.0021233502277057726,0,0,0.0,0,0.0,0.0,50.0,0,,,,,,,,,,,,,,,,,,,,,,,,,,,
57,B,step_totals,,,,,,,,,,,,,,,,,,,,,77.10000000000008,,,11.5,0.14915693904020738,56.0,0.7263294422827489,0.0,0.0,0.008480822841677652,0.14285714285714285,0.0,0,8,23,14,,23,56,29,6.000000000000003,0.07782101167315171,3.600000000000001,0.04669260700389102,30,18,34
58,B,all_agents,,,40,30,10,0,20,10,0.3735320643496524,0.24540447327243758,0.9528301995177123,0.06367955964951902,414,30,0.75,51,4.352941176470588,1.392156862745098,31.85,2355,,,,,,,,,,,,,,,,,,,,,,,,,,,
58,B,participants_only,,,30,30,0,0,20,10,0.4272457428756368,0.27713163028136123,0.9528301995177123,0.07267887847056367,414,30,1.0,51,4.352941176470588,1.392156862745098,25.8,2355,,,,,,,,,,,,,,,,,,,,,,,,,,,
58,B,nonparticipants_only,,,10,0,10,0,0,0,0.21239102877169921,0.1984890553335096,0.3594483186364103,0.002059692056871451,0,0,0.0,0,0.0,0.0,50.0,0,,,,,,,,,,,,,,,,,,,,,,,,,,,
58,B,step_totals,,,,,,,,,,,,,,,,,,,,,71.40000000000006,,,11.0,0.1540616246498598,50.0,0.7002801120448173,0.0,0.0,0.00798415554777949,0.06,0.0,0,3,18,34,,22,50,27,6.000000000000003,0.08403361344537812,4.400000000000001,0.06162464985994394,30,22,29
59,B,all_agents,,,40,30,10,0,19,11,0.3751893114126542,0.2441774509060754,0.9547169915370038,0.06447434382312335,420,30,0.75,51,4.352941176470588,1.392156862745098,31.7,2401,,,,,,,,,,,,,,,,,,,,,,,,,,,
59,B,participants_only,,,30,30,0,0,19,11,0.42930816509682956,0.27872450674851135,0.9547169915370038,0.07358418429121842,420,30,1.0,51,4.352941176470588,1.392156862745098,25.6,2401,,,,,,,,,,,,,,,,,,,,,,,,,,,
59,B,nonparticipants_only,,,10,0,10,0,0,0,0.2128327503601281,0.19965464692769083,0.35765107704322824,0.001998618529767996,0,0,0.0,0,0.0,0.0,50.0,0,,,,,,,,,,,,,,,,,,,,,,,,,,,
59,B,step_totals,,,,,,,,,,,,,,,,,,,,,76.80000000000008,,,11.0,0.14322916666666652,56.0,0.7291666666666659,0.0,0.0,0.008014418868897314,0.10714285714285714,0.0,0,6,23,14,,22,56,28,6.000000000000003,0.07812499999999994,3.800000000000001,0.04947916666666663,30,19,33
60,B,all_agents,,,40,30,10,0,19,11,0.37642459376723275,0.24335580442223875,0.9565283118755237,0.06526526949172302,428,30,0.75,51,4.352941176470588,1.392156862745098,31.85,2447,,,,,,,,,,,,,,,,,,,,,,,,,,,
60,B,participants_only,,,30,30,0,0,19,11,0.4308091572743414,0.2773308842147688,0.9565283118755237,0.07454241258208678,428,30,1.0,51,4.352941176470588,1.392156862745098,25.8,2447,,,,,,,,,,,,,,,,,,,,,,,,,,,
60,B,nonparticipants_only,,,10,0,10,0,0,0,0.21327090324590678,0.20044098561546536,0.3558628216580121,0.0019416712463269231,0,0,0.0,0,0.0,0.0,50.0,0,,,,,,,,,,,,,,,,,,,,,,,,,,,
60,B,step_totals,,,,,,,,,,,,,,,,,,,,,70.70000000000007,,,10.5,0.14851485148514837,50.0,0.7072135785007064,0.0,0.0,0.007465573947438214,0.16,0.0,0,8,19,33,,21,50,27,6.000000000000003,0.08486562942008481,4.200000000000001,0.05940594059405936,30,21,29
60,B,reachability,0.225,0.0,,,,,,,,,,,,,,,,,,,,,,,,,,,,,,,,,,,,,,,,,,,,,
61,B,all_agents,,,40,30,10,0,19,11,0.3781724314113112,0.24272761256802433,0.9582671794005028,0.066089566305122,438,30,0.75,51,4.352941176470588,1.392156862745098,31.7,2497,,,,,,,,,,,,,,,,,,,,,,,,,,,
61,B,participants_only,,,30,30,0,0,19,11,0.4329945750616872,0.2764090931688125,0.9582671794005028,0.07546849788580186,438,30,1.0,51,4.352941176470588,1.392156862745098,25.6,2497,,,,,,,,,,,,,,,,,,,,,,,,,,,
61,B,nonparticipants_only,,,10,0,10,0,0,0,0.21370600046018307,0.20322283215102593,0.354083507549722,0.0018871623500128654,0,0,0.0,0,0.0,0.0,50.0,0,,,,,,,,,,,,,,,,,,,,,,,,,,,
61,B,step_totals,,,,,,,,,,,,,,,,,,,,,76.10000000000007,,,10.5,0.13797634691195784,56.0,0.7358738501971084,0.0,0.0,0.008402974156262455,0.17857142857142858,0.0,0,10,23,13,,21,56,27,6.000000000000003,0.07884362680683309,3.600000000000001,0.047306176084099844,30,18,33
62,B,all_agents,,,40,30,10,0,19,11,0.37939026000373843,0.24305571413958116,0.9586845076064977,0.06686623437721381,443,30,0.75,51,4.352941176470588,1.392156862745098,31.85,2543,,,,,,,,,,,,,,,,,,,,,,,,,,,
62,B,participants_only,,,30,30,0,0,19,11,0.4344742599580889,0.2753047753172552,0.9586845076064977,0.07640655352850285,443,30,1.0,51,4.352941176470588,1.392156862745098,25.8,2543,,,,,,,,,,,,,,,,,,,,,,,,,,,
62,B,nonparticipants_only,,,10,0,10,0,0,0,0.21413826014068701,0.20464286073974194,0.3523130900119734,0.0018343123116961028,0,0,0.0,0,0.0,0.0,50.0,0,,,,,,,,,,,,,,,,,,,,,,,,,,,
62,B,step_totals,,,,,,,,,,,,,,,,,,,,,71.40000000000006,,,11.0,0.1540616246498598,50.0,0.7002801120448173,0.0,0.0,0.007335357509528888,0.1,0.0,0,5,18,34,,22,50,26,6.000000000000003,0.08403361344537812,4.400000000000001,0.06162464985994394,30,22,28
63,B,all_agents,,,40,30,10,0,18,12,0.3812613247973647,0.24321511693790598,0.9603371273022377,0.06772337596616423,447,30,0.75,51,4.352941176470588,1.392156862745098,31.7,2596,,,,,,,,,,,,,,,,,,,,,,,,,,,
63,B,participants_only,,,30,30,0,0,18,12,0.4368257333751627,0.2742133480255948,0.9603371273022377,0.07735434670346034,447,30,1.0,51,4.352941176470588,1.392156862745098,25.6,2596,,,,,,,,,,,,,,,,,,,,,,,,,,,
63,B,nonparticipants_only,,,10,0,10,0,0,0,0.21456809906397095,0.2061977787860118,0.3505515245619136,0.0017816217470703235,0,0,0.0,0,0.0,0.0,50.0,0,,,,,,,,,,,,,,,,,,,,,,,,,,,
63,B,step_totals,,,,,,,,,,,,,,,,,,,,,75.40000000000006,,,10.0,0.13262599469496011,56.0,0.7427055702917765,0.0,0.0,0.008904306864926973,0.07142857142857142,0.0,0,4,24,13,,20,56,27,6.000000000000003,0.0795755968169761,3.400000000000001,0.04509283819628645,30,17,32
64,B,all_agents,,,40,30,10,0,18,12,0.382513175155078,0.24288934287162683,0.9619236422101483,0.06849938646444097,452,30,0.75,51,4.352941176470588,1.392156862745098,31.85,2645,,,,,,,,,,,,,,,,,,,,,,,,,,,
64,B,participants_only,,,30,30,0,0,18,12,0.43835251904774764,0.2728422812854669,0.9619236422101483,0.07828354458959282,452,30,1.0,51,4.352941176470588,1.392156862745098,25.8,2645,,,,,,,,,,,,,,,,,,,,,,,,,,,
64,B,nonparticipants_only,,,10,0,10,0,0,0,0.21499514347706894,0.20804550133667105,0.348798766939104,0.0017305241726195304,0,0,0.0,0,0.0,0.0,50.0,0,,,,,,,,,,,,,,,,,,,,,,,,,,,
64,B,step_totals,,,,,,,,,,,,,,,,,,,,,70.70000000000007,,,10.5,0.14851485148514837,50.0,0.7072135785007064,0.0,0.0,0.007567100191867922,0.1,0.0,0,5,19,33,,21,50,26,6.000000000000003,0.08486562942008481,4.200000000000001,0.05940594059405936,30,21,28
65,B,all_agents,,,40,30,10,0,18,12,0.3839863009203638,0.2424924128233667,0.9634466965217423,0.06931234358598902,464,30,0.75,51,4.352941176470588,1.392156862745098,31.7,2695,,,,,,,,,,,,,,,,,,,,,,,,,,,
65,B,participants_only,,,30,30,0,0,18,12,0.44017562462540305,0.27431281490152426,0.9634466965217423,0.07922590777794632,464,30,1.0,51,4.352941176470588,1.392156862745098,25.6,2695,,,,,,,,,,,,,,,,,,,,,,,,,,,
65,B,nonparticipants_only,,,10,0,10,0,0,0,0.21541832980524614,0.2087292678077076,0.34705477310440846,0.001684769828960917,0,0,0.0,0,0.0,0.0,50.0,0,,,,,,,,,,,,,,,,,,,,,,,,,,,
65,B,step_totals,,,,,,,,,,,,,,,,,,,,,74.20000000000006,,,9.0,0.12129380053908347,56.0,0.7547169811320749,0.0,0.0,0.007806780438222271,0.21428571428571427,0.0,0,12,25,12,,18,56,26,6.000000000000003,0.08086253369272234,3.2000000000000006,0.04312668463611857,30,16,31
66,B,all_agents,,,40,30,10,0,18,12,0.38515680652753687,0.24300464705020863,0.9649088286608726,0.07004846627503784,469,30,0.75,51,4.352941176470588,1.392156862745098,31.85,2743,,,,,,,,,,,,,,,,,,,,,,,,,,,
66,B,participants_only,,,30,30,0,0,18,12,0.4415962039136938,0.2729412508270166,0.9649088286608726,0.08010929094307902,469,30,1.0,51,4.352941176470588,1.392156862745098,25.8,2743,,,,,,,,,,,,,,,,,,,,,,,,,,,
66,B,nonparticipants_only,,,10,0,10,0,0,0,0.21583861436906612,0.21056563898644853,0.34531949923888644,0.0016411253431639168,0,0,0.0,0,0.0,0.0,50.0,0,,,,,,,,,,,,,,,,,,,,,,,,,,,
66,B,step_totals,,,,,,,,,,,,,,,,,,,,,70.70000000000006,,,10.5,0.1485148514851484,50.0,0.7072135785007067,0.0,0.0,0.0073066572503100195,0.1,0.0,0,5,19,33,,21,50,26,6.000000000000003,0.08486562942008483,4.200000000000001,0.05940594059405937,30,21,28
67,B,all_agents,,,40,30,10,0,17,13,0.38672973249828946,0.24247903124366552,0.9663124755144377,0.07085468293287586,475,30,0.75,51,4.352941176470588,1.392156862745098,31.7,2795,,,,,,,,,,,,,,,,,,,,,,,,,,,
67,B,participants_only,,,30,30,0,0,17,13,0.4435542007785835,0.2733493616504785,0.9663124755144377,0.08102403875712064,475,30,1.0,51,4.352941176470588,1.392156862745098,25.6,2795,,,,,,,,,,,,,,,,,,,,,,,,,,,
67,B,nonparticipants_only,,,10,0,10,0,0,0,0.2162563276574074,0.21112138573309985,0.343592901742692,0.0015983731160838658,0,0,0.0,0,0.0,0.0,50.0,0,,,,,,,,,,,,,,,,,,,,,,,,,,,
67,B,step_totals,,,,,,,,,,,,,,,,,,,,,73.70000000000006,,,8.5,0.11533242876526449,56.0,0.7598371777476249,0.0,0.0,0.008214465568494159,0.10714285714285714,0.0,0,6,25,12,,17,56,26,6.000000000000003,0.08141112618724557,3.2000000000000006,0.04341926729986429,30,16,30
68,B,all_agents,,,40,30,10,0,17,13,0.3877514445286738,0.24191163165621857,0.9676599764938602,0.07153005002995659,479,30,0.75,51,4.352941176470588,1.392156862745098,31.85,2842,,,,,,,,,,,,,,,,,,,,,,,,,,,
68,B,participants_only,,,30,30,0,0,17,13,0.4447781448099065,0.27198261484222613,0.9676599764938602,0.08184623897224366,479,30,1.0,51,4.352941176470588,1.392156862745098,25.8,2842,,,,,,,,,,,,,,,,,,,,,,,,,,,
68,B,nonparticipants_only,,,10,0,10,0,0,0,0.21667134368497581,0.21131286388820458,0.34187493723397855,0.0015569486635088503,0,0,0.0,0,0.0,0.0,50.0,0,,,,,,,,,,,,,,,,,,,,,,,,,,,
68,B,step_totals,,,,,,,,,,,,,,,,,,,,,70.70000000000007,,,10.5,0.14851485148514837,50.0,0.7072135785007064,0.0,0.0,0.006820774374392744,0.08,0.0,0,4,19,33,,21,50,26,6.000000000000003,0.08486562942008481,4.200000000000001,0.05940594059405936,30,21,28
69,B,all_agents,,,40,30,10,0,17,13,0.38911734121711183,0.24276758438755858,0.9679833767289215,0.0723128566701702,485,30,0.75,51,4.352941176470588,1.392156862745098,31.7,2891,,,,,,,,,,,,,,,,,,,,,,,,,,,
69,B,participants_only,,,30,30,0,0,17,13,0.44646179708324457,0.27100633242479133,0.9679833767289215,0.08275831323720778,485,30,1.0,51,4.352941176470588,1.392156862745098,25.6,2891,,,,,,,,,,,,,,,,,,,,,,,,,,,
69,B,nonparticipants_only,,,10,0,10,0,0,0,0.21708397361871368,0.21200855237500618,0.34016556254780866,0.0015158475460633782,0,0,0.0,0,0.0,0.0,50.0,0,,,,,,,,,,,,,,,,,,,,,,,,,,,
69,B,step_totals,,,,,,,,,,,,,,,,,,,,,73.70000000000007,,,8.5,0.11533242876526446,56.0,0.7598371777476247,0.0,0.0,0.007549446332808717,0.10714285714285714,0.0,0,6,25,12,,17,56,25,6.000000000000003,0.08141112618724554,3.2000000000000006,0.04341926729986428,30,16,28
70,B,all_agents,,,40,30,10,0,17,13,0.3900463193808482,0.24344454606185872,0.9692640416597647,0.07294113470666413,494,30,0.75,51,4.352941176470588,1.392156862745098,31.85,2936,,,,,,,,,,,,,,,,,,,,,,,,,,,
70,B,participants_only,,,30,30,0,0,17,13,0.4475640649411759,0.2696513007626674,0.9692640416597647,0.08352866268536757,494,30,1.0,51,4.352941176470588,1.392156862745098,25.8,2936,,,,,,,,,,,,,,,,,,,,,,,,,,,
70,B,nonparticipants_only,,,10,0,10,0,0,0,0.2174930826998652,0.21239614383241875,0.3384647347350696,0.0014790581184426636,0,0,0.0,0,0.0,0.0,50.0,0,,,,,,,,,,,,,,,,,,,,,,,,,,,
70,B,step_totals,,,,,,,,,,,,,,,,,,,,,70.70000000000007,,,10.5,0.14851485148514837,50.0,0.7072135785007064,0.0,0.0,0.006522473786386179,0.18,0.0,0,9,19,33,,21,50,26,6.000000000000003,0.08486562942008481,4.200000000000001,0.05940594059405936,30,21,27
70,B,reachability,0.25,0.0,,,,,,,,,,,,,,,,,,,,,,,,,,,,,,,,,,,,,,,,,,,,,
71,B,all_agents,,,40,30,10,0,17,13,0.3912596407267489,0.24357646711086867,0.9704934799933741,0.0737455106456672,500,30,0.75,51,4.352941176470588,1.392156862745098,31.7,2986,,,,,,,,,,,,,,,,,,,,,,,,,,,
71,B,participants_only,,,30,30,0,0,17,13,0.449046522193983,0.26899401062350803,0.9704934799933741,0.08448818864067394,500,30,1.0,51,4.352941176470588,1.392156862745098,25.6,2986,,,,,,,,,,,,,,,,,,,,,,,,,,,
71,B,nonparticipants_only,,,10,0,10,0,0,0,0.2178989963250468,0.21284133629317106,0.3367724110613943,0.001445592624149107,0,0,0.0,0,0.0,0.0,50.0,0,,,,,,,,,,,,,,,,,,,,,,,,,,,
71,B,step_totals,,,,,,,,,,,,,,,,,,,,,72.70000000000006,,,7.5,0.10316368638239332,56.0,0.7702888583218701,0.0,0.0,0.007188903155793957,0.10714285714285714,0.0,0,6,26,11,,15,56,24,6.000000000000003,0.08253094910591469,3.2000000000000006,0.044016506189821156,30,16,26
72,B,all_agents,,,40,30,10,0,17,13,0.39210531475041616,0.24315775277665722,0.9716737407936391,0.07434784388660244,506,30,0.75,51,4.352941176470588,1.392156862745098,31.85,3032,,,,,,,,,,,,,,,,,,,,,,,,,,,
72,B,participants_only,,,30,30,0,0,17,13,0.45003955712937327,0.26764904057039046,0.9716737407936391,0.08523416943793828,506,30,1.0,51,4.352941176470588,1.392156862745098,25.8,3032,,,,,,,,,,,,,,,,,,,,,,,,,,,
72,B,nonparticipants_only,,,10,0,10,0,0,0,0.21830258761354468,0.21342092112108843,0.3350885490060873,0.0014123499523098107,0,0,0.0,0,0.0,0.0,50.0,0,,,,,,,,,,,,,,,,,,,,,,,,,,,
72,B,step_totals,,,,,,,,,,,,,,,,,,,,,70.70000000000007,,,10.5,0.14851485148514837,50.0,0.7072135785007064,0.0,0.0,0.006253288427366007,0.12,0.0,0,6,19,33,,21,50,26,6.000000000000003,0.08486562942008481,4.200000000000001,0.05940594059405936,30,21,26
73,B,all_agents,,,40,30,10,0,17,13,0.3931844478698281,0.243002959053157,0.9728067911618935,0.0751231166503778,514,30,0.75,51,4.352941176470588,1.392156862745098,31.7,3081,,,,,,,,,,,,,,,,,,,,,,,,,,,
73,B,participants_only,,,30,30,0,0,17,13,0.45134462091140126,0.26631079536753854,0.9728067911618935,0.08617405172493413,514,30,1.0,51,4.352941176470588,1.392156862745098,25.6,3081,,,,,,,,,,,,,,,,,,,,,,,,,,,
73,B,nonparticipants_only,,,10,0,10,0,0,0,0.21870392874510858,0.21323502064893546,0.33341310626105686,0.0013790426879999951,0,0,0.0,0,0.0,0.0,50.0,0,,,,,,,,,,,,,,,,,,,,,,,,,,,
73,B,step_totals,,,,,,,,,,,,,,,,,,,,,72.70000000000006,,,7.5,0.10316368638239332,56.0,0.7702888583218701,0.0,0.0,0.0067522219176339585,0.14285714285714285,0.0,0,8,26,11,,15,56,23,6.000000000000003,0.08253094910591469,3.2000000000000006,0.044016506189821156,30,16,25
74,B,all_agents,,,40,30,10,0,17,13,0.39418737340663923,0.2421304927076516,0.9738945195154177,0.07572154284303044,523,30,0.75,51,4.352941176470588,1.392156862745098,31.85,3130,,,,,,,,,,,,,,,,,,,,,,,,,,,
74,B,participants_only,,,30,30,0,0,17,13,0.4525488515496032,0.26497924139070084,0.9738945195154177,0.08688913307623203,523,30,1.0,51,4.352941176470588,1.392156862745098,25.8,3130,,,,,,,,,,,,,,,,,,,,,,,,,,,
74,B,nonparticipants_only,,,10,0,10,0,0,0,0.21910293897774732,0.21302263176669162,0.33174604072975156,0.0013460265710457271,0,0,0.0,0,0.0,0.0,50.0,0,,,,,,,,,,,,,,,,,,,,,,,,,,,
74,B,step_totals,,,,,,,,,,,,,,,,,,,,,70.70000000000007,,,10.5,0.14851485148514837,50.0,0.7072135785007064,0.0,0.0,0.006799939514399782,0.18,0.0,0,9,19,33,,21,50,26,6.000000000000003,0.08486562942008481,4.200000000000001,0.05940594059405936,30,21,26
75,B,all_agents,,,40,30,10,0,17,13,0.3952720289290228,0.24158492184817687,0.974938738734801,0.0765172940063981,532,30,0.75,51,4.352941176470588,1.392156862745098,31.7,3181,,,,,,,,,,,,,,,,,,,,,,,,,,,
75,B,participants_only,,,30,30,0,0,17,13,0.4538630493709893,0.2636543451837473,0.974938738734801,0.08785289201341043,532,30,1.0,51,4.352941176470588,1.392156862745098,25.6,3181,,,,,,,,,,,,,,,,,,,,,,,,,,,
75,B,nonparticipants_only,,,10,0,10,0,0,0,0.21949896760312315,0.21413694985843712,0.3300873105261028,0.0013156078681898168,0,0,0.0,0,0.0,0.0,50.0,0,,,,,,,,,,,,,,,,,,,,,,,,,,,
75,B,step_totals,,,,,,,,,,,,,,,,,,,,,72.20000000000006,,,7.0,0.09695290858725754,56.0,0.7756232686980603,0.0,0.0,0.006842667071942288,0.16071428571428573,0.0,0,9,26,11,,14,56,21,6.000000000000003,0.08310249307479221,3.2000000000000006,0.04432132963988917,30,16,23
76,B,all_agents,,,40,30,10,0,17,13,0.39625215759716537,0.24115095399477815,0.975941189185409,0.0771173625053203,540,30,0.75,51,4.352941176470588,1.392156862745098,31.85,3231,,,,,,,,,,,,,,,,,,,,,,,,,,,
76,B,participants_only,,,30,30,0,0,17,13,0.4550388083349282,0.2623360734578285,0.975941189185409,0.08857058057205056,540,30,1.0,51,4.352941176470588,1.392156862745098,25.8,3231,,,,,,,,,,,,,,,,,,,,,,,,,,,
76,B,nonparticipants_only,,,10,0,10,0,0,0,0.21989220538387708,0.21526938564052056,0.32843687397347227,0.001287264645565055,0,0,0.0,0,0.0,0.0,50.0,0,,,,,,,,,,,,,,,,,,,,,,,,,,,
76,B,step_totals,,,,,,,,,,,,,,,,,,,,,70.70000000000007,,,10.5,0.14851485148514837,50.0,0.7072135785007064,0.0,0.0,0.0067347682899783715,0.16,0.0,0,8,19,33,,21,50,26,6.000000000000003,0.08486562942008481,4.200000000000001,0.05940594059405936,30,21,26
77,B,all_agents,,,40,30,10,0,17,13,0.3972330136355649,0.24125880251622842,0.9769035416179926,0.0778733595268654,546,30,0.75,51,4.352941176470588,1.392156862745098,31.7,3281,,,,,,,,,,,,,,,,,,,,,,,,,,,
77,B,participants_only,,,30,30,0,0,17,13,0.4562163542638761,0.2610243930905394,0.9769035416179926,0.08949506929188836,546,30,1.0,51,4.352941176470588,1.392156862745098,25.6,3281,,,,,,,,,,,,,,,,,,,,,,,,,,,
77,B,nonparticipants_only,,,10,0,10,0,0,0,0.22028299175063137,0.21603301936253216,0.3267946896036049,0.0012598165716919448,0,0,0.0,0,0.0,0.0,50.0,0,,,,,,,,,,,,,,,,,,,,,,,,,,,
77,B,step_totals,,,,,,,,,,,,,,,,,,,,,72.20000000000006,,,7.0,0.09695290858725754,56.0,0.7756232686980603,0.0,0.0,0.006506243589455796,0.10714285714285714,0.0,0,6,26,11,,14,56,20,6.000000000000003,0.08310249307479221,3.2000000000000006,0.04432132963988917,30,16,22
78,B,all_agents,,,40,30,10,0,17,13,0.39811657557120134,0.24066986950020733,0.977827399953273,0.07845529534816613,551,30,0.75,51,4.352941176470588,1.392156862745098,31.85,3330,,,,,,,,,,,,,,,,,,,,,,,,,,,
78,B,participants_only,,,30,30,0,0,17,13,0.4572649269413912,0.25971927112508664,0.977827399953273,0.09020208470576101,551,30,1.0,51,4.352941176470588,1.392156862745098,25.8,3330,,,,,,,,,,,,,,,,,,,,,,,,,,,
78,B,nonparticipants_only,,,10,0,10,0,0,0,0.22067152146063168,0.21665475375870064,0.3251607161555869,0.001232597637644141,0,0,0.0,0,0.0,0.0,50.0,0,,,,,,,,,,,,,,,,,,,,,,,,,,,
78,B,step_totals,,,,,,,,,,,,,,,,,,,,,70.20000000000007,,,10.0,0.1424501424501423,50.0,0.7122507122507115,0.0,0.0,0.006481376059339159,0.1,0.0,0,5,20,32,,20,50,26,6.000000000000003,0.08547008547008542,4.200000000000001,0.05982905982905978,30,21,26
79,B,all_agents,,,40,30,10,0,17,13,0.3992373780071615,0.2422731544838531,0.978714303955142,0.07923887661411382,562,30,0.75,51,4.352941176470588,1.392156862745098,31.7,3384,,,,,,,,,,,,,,,,,,,,,,,,,,,
79,B,participants_only,,,30,30,0,0,17,13,0.45863051656104364,0.25842067476946123,0.978714303955142,0.0911399892694317,562,30,1.0,51,4.352941176470588,1.392156862745098,25.6,3384,,,,,,,,,,,,,,,,,,,,,,,,,,,
79,B,nonparticipants_only,,,10,0,10,0,0,0,0.2210579623455149,0.2161301744597039,0.32353491257480893,0.0012049997607924009,0,0,0.0,0,0.0,0.0,50.0,0,,,,,,,,,,,,,,,,,,,,,,,,,,,
79,B,step_totals,,,,,,,,,,,,,,,,,,,,,72.20000000000006,,,7.0,0.09695290858725754,56.0,0.7756232686980603,0.0,0.0,0.006979023782404315,0.19642857142857142,0.0,0,11,26,11,,14,56,20,6.000000000000003,0.08310249307479221,3.2000000000000006,0.04432132963988917,30,16,22
80,B,all_agents,,,40,30,10,0,17,13,0.39999505069589086,0.24115011941631428,0.9795657317969364,0.07975957833500358,574,30,0.75,51,4.352941176470588,1.392156862745098,31.85,3431,,,,,,,,,,,,,,,,,,,,,,,,,,,
80,B,participants_only,,,30,30,0,0,17,13,0.45951276638121674,0.25712857139561396,0.9795657317969364,0.0917838273730202,574,30,1.0,51,4.352941176470588,1.392156862745098,25.8,3431,,,,,,,,,,,,,,,,,,,,,,,,,,,
80,B,nonparticipants_only,,,10,0,10,0,0,0,0.22144190363991323,0.21696013666782926,0.3219172380119349,0.0011785294561623026,0,0,0.0,0,0.0,0.0,50.0,0,,,,,,,,,,,,,,,,,,,,,,,,,,,
80,B,step_totals,,,,,,,,,,,,,,,,,,,,,70.20000000000006,,,10.0,0.14245014245014234,50.0,0.7122507122507117,0.0,0.0,0.006065149647526443,0.24,0.0,0,12,20,32,,20,50,26,6.000000000000003,0.08547008547008543,4.200000000000001,0.05982905982905979,30,21,26
80,B,reachability,0.25,0.0,,,,,,,,,,,,,,,,,,,,,,,,,,,,,,,,,,,,,,,,,,,,,
81,B,all_agents,,,40,30,10,0,17,13,0.4010340041431578,0.24108685853832543,0.9803831025250589,0.0805408722897728,578,30,0.75,51,4.352941176470588,1.392156862745098,31.7,3485,,,,,,,,,,,,,,,,,,,,,,,,,,,
81,B,participants_only,,,30,30,0,0,17,13,0.46077102480439286,0.2558429285386359,0.9803831025250589,0.09272889313662765,578,30,1.0,51,4.352941176470588,1.392156862745098,25.6,3485,,,,,,,,,,,,,,,,,,,,,,,,,,,
81,B,nonparticipants_only,,,10,0,10,0,0,0,0.22182294215945275,0.21784714109270642,0.3203076518218752,0.0011546700994384258,0,0,0.0,0,0.0,0.0,50.0,0,,,,,,,,,,,,,,,,,,,,,,,,,,,
81,B,step_totals,,,,,,,,,,,,,,,,,,,,,72.20000000000006,,,7.0,0.09695290858725754,56.0,0.7756232686980603,0.0,0.0,0.006712081627868542,0.07142857142857142,0.0,0,4,26,11,,14,56,20,6.000000000000003,0.08310249307479221,3.2000000000000006,0.04432132963988917,30,16,22
82,B,all_agents,,,40,30,10,0,17,13,0.40175845754152445,0.24086621249811485,0.9811677784240566,0.08107813087027102,594,30,0.75,51,4.352941176470588,1.392156862745098,31.85,3534,,,,,,,,,,,,,,,,,,,,,,,,,,,
82,B,participants_only,,,30,30,0,0,17,13,0.4616107421557833,0.2545637138959427,0.9811677784240566,0.09339778375554723,594,30,1.0,51,4.352941176470588,1.392156862745098,25.8,3534,,,,,,,,,,,,,,,,,,,,,,,,,,,
82,B,nonparticipants_only,,,10,0,10,0,0,0,0.22220160369874767,0.21838224729657593,0.31870611356276585,0.0011316205318873504,0,0,0.0,0,0.0,0.0,50.0,0,,,,,,,,,,,,,,,,,,,,,,,,,,,
82,B,step_totals,,,,,,,,,,,,,,,,,,,,,70.20000000000007,,,10.0,0.1424501424501423,50.0,0.7122507122507115,0.0,0.0,0.005963447866130218,0.32,0.0,0,16,20,32,,20,50,27,6.000000000000003,0.08547008547008542,4.200000000000001,0.05982905982905978,30,21,26
83,B,all_agents,,,40,30,10,0,17,13,0.4027443648756667,0.24102540073887282,0.9819210672870943,0.08183633466758285,604,30,0.75,51,4.352941176470588,1.392156862745098,31.7,3587,,,,,,,,,,,,,,,,,,,,,,,,,,,
83,B,participants_only,,,30,30,0,0,17,13,0.46279979586898173,0.253290895326463,0.9819210672870943,0.0943188947654048,604,30,1.0,51,4.352941176470588,1.392156862745098,25.6,3587,,,,,,,,,,,,,,,,,,,,,,,,,,,
83,B,nonparticipants_only,,,10,0,10,0,0,0,0.2225780718957219,0.21917983741804947,0.31711258299495204,0.0011087968726032325,0,0,0.0,0,0.0,0.0,50.0,0,,,,,,,,,,,,,,,,,,,,,,,,,,,
83,B,step_totals,,,,,,,,,,,,,,,,,,,,,72.20000000000006,,,7.0,0.09695290858725754,56.0,0.7756232686980603,0.0,0.0,0.006541545019831425,0.17857142857142858,0.0,0,10,26,11,,14,56,19,6.000000000000003,0.08310249307479221,3.2000000000000006,0.04432132963988917,30,16,21
84,B,all_agents,,,40,30,10,0,17,13,0.40341685327363436,0.24030779327672194,0.9826442245956105,0.0823141031338817,615,30,0.75,51,4.352941176470588,1.392156862745098,31.85,3635,,,,,,,,,,,,,,,,,,,,,,,,,,,
84,B,participants_only,,,30,30,0,0,17,13,0.4635716696073342,0.25202444084983067,0.9826442245956105,0.09491572177958571,615,30,1.0,51,4.352941176470588,1.392156862745098,25.8,3635,,,,,,,,,,,,,,,,,,,,,,,,,,,
84,B,nonparticipants_only,,,10,0,10,0,0,0,0.22295240427253507,0.2194452592666653,0.3155270200799773,0.0010860240590758025,0,0,0.0,0,0.0,0.0,50.0,0,,,,,,,,,,,,,,,,,,,,,,,,,,,
84,B,step_totals,,,,,,,,,,,,,,,,,,,,,70.20000000000006,,,10.0,0.14245014245014234,50.0,0.7122507122507117,0.0,0.0,0.005797244308621592,0.22,0.0,0,11,20,32,,20,50,27,6.000000000000003,0.08547008547008543,4.200000000000001,0.05982905982905979,30,21,26
85,B,all_agents,,,40,30,10,0,17,13,0.4042939676872762,0.23988732667439866,0.9833384556117861,0.08303155477501678,619,30,0.75,51,4.352941176470588,1.392156862745098,31.7,3687,,,,,,,,,,,,,,,,,,,,,,,,,,,
85,B,participants_only,,,30,30,0,0,17,13,0.46461722853801485,0.25076431864558146,0.9833384556117861,0.09579824480291611,619,30,1.0,51,4.352941176470588,1.392156862745098,25.6,3687,,,,,,,,,,,,,,,,,,,,,,,,,,,
85,B,nonparticipants_only,,,10,0,10,0,0,0,0.22332418513506022,0.21994311230061708,0.3139493849795774,0.0010647350953236685,0,0,0.0,0,0.0,0.0,50.0,0,,,,,,,,,,,,,,,,,,,,,,,,,,,
85,B,step_totals,,,,,,,,,,,,,,,,,,,,,72.20000000000006,,,7.0,0.09695290858725754,56.0,0.7756232686980603,0.0,0.0,0.006184929322495487,0.07142857142857142,0.0,0,4,26,11,,14,56,19,6.000000000000003,0.08310249307479221,3.2000000000000006,0.04432132963988917,30,16,20
86,B,all_agents,,,40,30,10,0,17,13,0.4050071382246788,0.24015664829001826,0.9840049173873147,0.08353022758992415,629,30,0.75,51,4.352941176470588,1.392156862745098,31.85,3737,,,,,,,,,,,,,,,,,,,,,,,,,,,
86,B,participants_only,,,30,30,0,0,17,13,0.4654449468051726,0.24951049705235356,0.9840049173873147,0.09641472155853299,629,30,1.0,51,4.352941176470588,1.392156862745098,25.8,3737,,,,,,,,,,,,,,,,,,,,,,,,,,,
86,B,nonparticipants_only,,,10,0,10,0,0,0,0.22369371248319722,0.2205611724214357,0.31237963805467955,0.0010440012119485992,0,0,0.0,0,0.0,0.0,50.0,0,,,,,,,,,,,,,,,,,,,,,,,,,,,
86,B,step_totals,,,,,,,,,,,,,,,,,,,,,70.20000000000006,,,10.0,0.14245014245014234,50.0,0.7122507122507117,0.0,0.0,0.0059468216686819515,0.2,0.0,0,10,20,32,,20,50,27,6.000000000000003,0.08547008547008543,4.200000000000001,0.05982905982905979,30,21,26
87,B,all_agents,,,40,30,10,0,17,13,0.40595067709317145,0.24006619869761486,0.9846447206918221,0.08427380482980307,638,30,0.75,51,4.352941176470588,1.392156862745098,31.7,3792,,,,,,,,,,,,,,,,,,,,,,,,,,,
87,B,participants_only,,,30,30,0,0,17,13,0.4665806411951618,0.2492288985509239,0.9846447206918221,0.0973196032943858,638,30,1.0,51,4.352941176470588,1.392156862745098,25.6,3792,,,,,,,,,,,,,,,,,,,,,,,,,,,
87,B,nonparticipants_only,,,10,0,10,0,0,0,0.22406078478720023,0.22087586897957204,0.31081773986440614,0.0010244988719511755,0,0,0.0,0,0.0,0.0,50.0,0,,,,,,,,,,,,,,,,,,,,,,,,,,,
87,B,step_totals,,,,,,,,,,,,,,,,,,,,,72.20000000000006,,,7.0,0.09695290858725754,56.0,0.7756232686980603,0.0,0.0,0.006411285465984885,0.16071428571428573,0.0,0,9,26,11,,14,56,19,6.000000000000003,0.08310249307479221,3.2000000000000006,0.04432132963988917,30,16,20
88,B,all_agents,,,40,30,10,0,17,13,0.40646882388106376,0.23886586770412677,0.9852589318641491,0.08469662992127375,646,30,0.75,51,4.352941176470588,1.392156862745098,31.85,3839,,,,,,,,,,,,,,,,,,,,,,,,,,,
88,B,participants_only,,,30,30,0,0,17,13,0.4671498489092493,0.24798275405816927,0.9852589318641491,0.09786505813328027,646,30,1.0,51,4.352941176470588,1.392156862745098,25.8,3839,,,,,,,,,,,,,,,,,,,,,,,,,,,
88,B,nonparticipants_only,,,10,0,10,0,0,0,0.22442574879650712,0.22145102848360163,0.3092636511650841,0.001005103703598849,0,0,0.0,0,0.0,0.0,50.0,0,,,,,,,,,,,,,,,,,,,,,,,,,,,
88,B,step_totals,,,,,,,,,,,,,,,,,,,,,70.20000000000006,,,10.0,0.14245014245014234,50.0,0.7122507122507117,0.0,0.0,0.005291876019581547,0.16,0.0,0,8,20,32,,20,50,26,6.000000000000003,0.08547008547008543,4.200000000000001,0.05982905982905979,30,21,25
89,B,all_agents,,,40,30,10,0,17,13,0.4073075699315258,0.23806949712137762,0.9858485745895832,0.08540799703846029,658,30,0.75,51,4.352941176470588,1.392156862745098,31.7,3892,,,,,,,,,,,,,,,,,,,,,,,,,,,
89,B,participants_only,,,30,30,0,0,17,13,0.46814726878546975,0.2478624317661123,0.9858485745895832,0.09874267692594606,658,30,1.0,51,4.352941176470588,1.392156862745098,25.6,3892,,,,,,,,,,,,,,,,,,,,,,,,,,,
89,B,nonparticipants_only,,,10,0,10,0,0,0,0.2247884733696939,0.22189616765665754,0.3077173329092587,0.0009863298963398825,0,0,0.0,0,0.0,0.0,50.0,0,,,,,,,,,,,,,,,,,,,,,,,,,,,
89,B,step_totals,,,,,,,,,,,,,,,,,,,,,72.20000000000006,,,7.0,0.09695290858725754,56.0,0.7756232686980603,0.0,0.0,0.006065810270718615,0.21428571428571427,0.0,0,12,26,11,,14,56,19,6.000000000000003,0.08310249307479221,3.2000000000000006,0.04432132963988917,30,16,20
90,B,all_agents,,,40,30,10,0,17,13,0.40785853704938335,0.23803381264806864,0.9864146316059998,0.08582013797084034,665,30,0.75,51,4.352941176470588,1.392156862745098,31.85,3940,,,,,,,,,,,,,,,,,,,,,,,,,,,
90,B,participants_only,,,30,30,0,0,17,13,0.46876179032846915,0.24662311960728173,0.9864146316059998,0.09926707842588736,665,30,1.0,51,4.352941176470588,1.392156862745098,25.8,3940,,,,,,,,,,,,,,,,,,,,,,,,,,,
90,B,nonparticipants_only,,,10,0,10,0,0,0,0.22514877721212598,0.2231269833901116,0.30617874624471236,0.000968841485981573,0,0,0.0,0,0.0,0.0,50.0,0,,,,,,,,,,,,,,,,,,,,,,,,,,,
90,B,step_totals,,,,,,,,,,,,,,,,,,,,,70.20000000000007,,,10.0,0.1424501424501423,50.0,0.7122507122507115,0.0,0.0,0.005413282480361345,0.14,0.0,0,7,20,32,,20,50,26,6.000000000000003,0.08547008547008542,4.200000000000001,0.05982905982905978,30,21,25
90,B,reachability,0.25,0.0,,,,,,,,,,,,,,,,,,,,,,,,,,,,,,,,,,,,,,,,,,,,,
91,B,all_agents,,,40,30,10,0,17,13,0.408560901091019,0.2381095977328746,0.9869580463417599,0.08648334956986431,672,30,0.75,51,4.352941176470588,1.392156862745098,31.7,3992,,,,,,,,,,,,,,,,,,,,,,,,,,,
91,B,participants_only,,,30,30,0,0,17,13,0.4695789042428108,0.2470029564958724,0.9869580463417599,0.10010107504908908,672,30,1.0,51,4.352941176470588,1.392156862745098,25.6,3992,,,,,,,,,,,,,,,,,,,,,,,,,,,
91,B,nonparticipants_only,,,10,0,10,0,0,0,0.22550689163564344,0.2234298275248972,0.3046478525134888,0.0009518126286050262,0,0,0.0,0,0.0,0.0,50.0,0,,,,,,,,,,,,,,,,,,,,,,,,,,,
91,B,step_totals,,,,,,,,,,,,,,,,,,,,,72.20000000000006,,,7.0,0.09695290858725754,56.0,0.7756232686980603,0.0,0.0,0.005616239569690659,0.125,0.0,0,7,26,11,,14,56,19,6.000000000000003,0.08310249307479221,3.2000000000000006,0.04432132963988917,30,16,20
92,B,all_agents,,,40,30,10,0,17,13,0.40906812173693774,0.23866789476464242,0.9874797244880895,0.08685471837710756,679,30,0.75,51,4.352941176470588,1.392156862745098,31.85,4038,,,,,,,,,,,,,,,,,,,,,,,,,,,
92,B,participants_only,,,30,30,0,0,17,13,0.47013649594780804,0.24576794171339306,0.9874797244880895,0.1005773442730626,679,30,1.0,51,4.352941176470588,1.392156862745098,25.8,4038,,,,,,,,,,,,,,,,,,,,,,,,,,,
92,B,nonparticipants_only,,,10,0,10,0,0,0,0.22586299910432686,0.22350092193320903,0.3031246132509214,0.0009346847441358193,0,0,0.0,0,0.0,0.0,50.0,0,,,,,,,,,,,,,,,,,,,,,,,,,,,
92,B,step_totals,,,,,,,,,,,,,,,,,,,,,70.20000000000007,,,10.0,0.1424501424501423,50.0,0.7122507122507115,0.0,0.0,0.005271624612553689,0.14,0.0,0,7,20,32,,20,50,26,6.000000000000003,0.08547008547008542,4.200000000000001,0.05982905982905978,30,21,25
93,B,all_agents,,,40,30,10,0,17,13,0.4098704744746009,0.23839177273828194,0.9876049272432086,0.08754897851835547,684,30,0.75,51,4.352941176470588,1.392156862745098,31.7,4091,,,,,,,,,,,,,,,,,,,,,,,,,,,
93,B,participants_only,,,30,30,0,0,17,13,0.47108836616420946,0.24571445778412954,0.9876049272432086,0.10143528181170582,684,30,1.0,51,4.352941176470588,1.392156862745098,25.6,4091,,,,,,,,,,,,,,,,,,,,,,,,,,,
93,B,nonparticipants_only,,,10,0,10,0,0,0,0.22621679940577544,0.22386154161756583,0.30160899018466675,0.0009185054832567929,0,0,0.0,0,0.0,0.0,50.0,0,,,,,,,,,,,,,,,,,,,,,,,,,,,
93,B,step_totals,,,,,,,,,,,,,,,,,,,,,72.40000000000008,,,7.0,0.09668508287292807,56.0,0.7734806629834245,0.0,0.0,0.005935620959678073,0.08928571428571429,0.0,0,5,26,11,,14,56,19,6.000000000000003,0.08287292817679554,3.400000000000001,0.04696132596685079,30,17,20
94,B,all_agents,,,40,30,10,0,17,13,0.4104046508654984,0.2383356412052759,0.9881007301534802,0.08793899470725332,691,30,0.75,51,4.352941176470588,1.392156862745098,31.85,4139,,,,,,,,,,,,,,,,,,,,,,,,,,,
94,B,participants_only,,,30,30,0,0,17,13,0.4716833705435261,0.2444858854952089,0.9881007301534802,0.10193077889338327,691,30,1.0,51,4.352941176470588,1.392156862745098,25.8,4139,,,,,,,,,,,,,,,,,,,,,,,,,,,
94,B,nonparticipants_only,,,10,0,10,0,0,0,0.22656849183141523,0.2241015597155953,0.3001009452337434,0.0009026643243238452,0,0,0.0,0,0.0,0.0,50.0,0,,,,,,,,,,,,,,,,,,,,,,,,,,,
94,B,step_totals,,,,,,,,,,,,,,,,,,,,,70.20000000000006,,,10.0,0.14245014245014234,50.0,0.7122507122507117,0.0,0.0,0.00537376284537907,0.14,0.0,0,7,20,32,,20,50,26,6.000000000000003,0.08547008547008543,4.200000000000001,0.05982905982905979,30,21,25
95,B,all_agents,,,40,30,10,0,17,13,0.4111146639161722,0.23757261129115137,0.988576700947341,0.08860750169062814,698,30,0.75,51,4.352941176470588,1.392156862745098,31.7,4193,,,,,,,,,,,,,,,,,,,,,,,,,,,
95,B,participants_only,,,30,30,0,0,17,13,0.472513597189246,0.2440209678987022,0.988576700947341,0.10276803310184898,698,30,1.0,51,4.352941176470588,1.392156862745098,25.6,4193,,,,,,,,,,,,,,,,,,,,,,,,,,,
95,B,nonparticipants_only,,,10,0,10,0,0,0,0.2269178640969507,0.22547699444631134,0.2986004405075747,0.0008879593721091844,0,0,0.0,0,0.0,0.0,50.0,0,,,,,,,,,,,,,,,,,,,,,,,,,,,
95,B,step_totals,,,,,,,,,,,,,,,,,,,,,72.20000000000006,,,7.0,0.09695290858725754,56.0,0.7756232686980603,0.0,0.0,0.005648729610240487,0.125,0.0,0,7,26,11,,14,56,19,6.000000000000003,0.08310249307479221,3.2000000000000006,0.04432132963988917,30,16,20
96,B,all_agents,,,40,30,10,0,17,13,0.4116009446518923,0.23731628189908155,0.9890336329094473,0.08899120647965794,705,30,0.75,51,4.352941176470588,1.392156862745098,31.85,4242,,,,,,,,,,,,,,,,,,,,,,,,,,,
96,B,participants_only,,,30,30,0,0,17,13,0.47304617110007896,0.24280086305920867,0.9890336329094473,0.10326180863843916,705,30,1.0,51,4.352941176470588,1.392156862745098,25.8,4242,,,,,,,,,,,,,,,,,,,,,,,,,,,
96,B,nonparticipants_only,,,10,0,10,0,0,0,0.22726526530733226,0.22649278437736722,0.29710743830503683,0.0008732097640870436,0,0,0.0,0,0.0,0.0,50.0,0,,,,,,,,,,,,,,,,,,,,,,,,,,,
96,B,step_totals,,,,,,,,,,,,,,,,,,,,,70.20000000000006,,,10.0,0.14245014245014234,50.0,0.7122507122507117,0.0,0.0,0.005218367189047048,0.14,0.0,0,7,20,32,,20,50,26,6.000000000000003,0.08547008547008543,4.200000000000001,0.05982905982905979,30,21,25
97,B,all_agents,,,40,30,10,0,17,13,0.4123563644297165,0.23667929210596153,0.9894722875930695,0.08965802063106454,712,30,0.75,51,4.352941176470588,1.392156862745098,31.7,4296,,,,,,,,,,,,,,,,,,,,,,,,,,,
97,B,participants_only,,,30,30,0,0,17,13,0.47393832161981286,0.24158685874391264,0.9894722875930695,0.10408831219579877,712,30,1.0,51,4.352941176470588,1.392156862745098,25.6,4296,,,,,,,,,,,,,,,,,,,,,,,,,,,
97,B,nonparticipants_only,,,10,0,10,0,0,0,0.22761049285942742,0.22627512521242882,0.29562190111351166,0.0008590965205075111,0,0,0.0,0,0.0,0.0,50.0,0,,,,,,,,,,,,,,,,,,,,,,,,,,,
97,B,step_totals,,,,,,,,,,,,,,,,,,,,,72.20000000000006,,,7.0,0.09695290858725754,56.0,0.7756232686980603,0.0,0.0,0.005802892109797412,0.125,0.0,0,7,26,11,,14,56,19,6.000000000000003,0.08310249307479221,3.2000000000000006,0.04432132963988917,30,16,20
98,B,all_agents,,,40,30,10,0,17,13,0.4128716088599509,0.23707661043087871,0.9898933960893467,0.09003770648786528,717,30,0.75,51,4.352941176470588,1.392156862745098,31.85,4346,,,,,,,,,,,,,,,,,,,,,,,,,,,
98,B,participants_only,,,30,30,0,0,17,13,0.4745108433859603,0.2403789244501931,0.9898933960893467,0.10457121236086356,717,30,1.0,51,4.352941176470588,1.392156862745098,25.8,4346,,,,,,,,,,,,,,,,,,,,,,,,,,,
98,B,nonparticipants_only,,,10,0,10,0,0,0,0.22795390528192264,0.22639886425108255,0.2941437916079441,0.0008444460734417692,0,0,0.0,0,0.0,0.0,50.0,0,,,,,,,,,,,,,,,,,,,,,,,,,,,
98,B,step_totals,,,,,,,,,,,,,,,,,,,,,70.20000000000006,,,10.0,0.14245014245014234,50.0,0.7122507122507117,0.0,0.0,0.005326559172261002,0.1,0.0,0,5,20,32,,20,50,26,6.000000000000003,0.08547008547008543,4.200000000000001,0.05982905982905979,30,21,25
99,B,all_agents,,,40,30,10,0,17,13,0.41355174365292957,0.23770084334824393,0.9902976602457728,0.09069857900498925,722,30,0.75,51,4.352941176470588,1.392156862745098,31.7,4401,,,,,,,,,,,,,,,,,,,,,,,,,,,
99,B,participants_only,,,30,30,0,0,17,13,0.47530397884527104,0.23917702982794212,0.9902976602457728,0.10540112407303283,722,30,1.0,51,4.352941176470588,1.392156862745098,25.6,4401,,,,,,,,,,,,,,,,,,,,,,,,,,,
99,B,nonparticipants_only,,,10,0,10,0,0,0,0.22829503807590523,0.226441094117186,0.2926730726499044,0.0008308811858554789,0,0,0.0,0,0.0,0.0,50.0,0,,,,,,,,,,,,,,,,,,,,,,,,,,,
99,B,step_totals,,,,,,,,,,,,,,,,,,,,,72.00000000000006,,,7.0,0.09722222222222214,56.0,0.7777777777777771,0.0,0.0,0.005572311391822846,0.08928571428571429,0.0,0,5,26,11,,14,56,19,6.000000000000003,0.0833333333333333,3.0000000000000004,0.04166666666666664,30,15,20
100,B,all_agents,,,40,30,10,0,17,13,0.4139573273214223,0.2381285450239774,0.9903946836433151,0.09102478145275851,732,30,0.75,51,4.352941176470588,1.392156862745098,31.85,4448,,,,,,,,,,,,,,,,,,,,,,,,,,,
100,B,participants_only,,,30,30,0,0,17,13,0.4757317730689248,0.2383978264842017,0.9903946836433151,0.10582933319272292,732,30,1.0,51,4.352941176470588,1.392156862745098,25.8,4448,,,,,,,,,,,,,,,,,,,,,,,,,,,
100,B,nonparticipants_only,,,10,0,10,0,0,0,0.22863399007891513,0.22759044467341305,0.29120970728665485,0.0008181404639318732,0,0,0.0,0,0.0,0.0,50.0,0,,,,,,,,,,,,,,,,,,,,,,,,,,,
100,B,step_totals,,,,,,,,,,,,,,,,,,,,,70.20000000000006,,,10.0,0.14245014245014234,50.0,0.7122507122507117,0.0,0.0,0.004959377442003203,0.2,0.0,0,10,20,32,,20,50,26,6.000000000000003,0.08547008547008543,4.200000000000001,0.05982905982905979,30,21,25
100,B,reachability,0.25,0.0,,,,,,,,,,,,,,,,,,,,,,,,,,,,,,,,,,,,,,,,,,,,,
101,B,all_agents,,,40,30,10,0,17,13,0.41455635371945715,0.2372058373517807,0.9907788962975824,0.09164856543834689,744,30,0.75,51,4.352941176470588,1.392156862745098,31.7,4502,,,,,,,,,,,,,,,,,,,,,,,,,,,
101,B,participants_only,,,30,30,0,0,17,13,0.47641816222613387,0.2372058373517807,0.9907788962975824,0.10662198759142018,744,30,1.0,51,4.352941176470588,1.392156862745098,25.6,4502,,,,,,,,,,,,,,,,,,,,,,,,,,,
101,B,nonparticipants_only,,,10,0,10,0,0,0,0.22897092819942716,0.22875098039698,0.2897536587502216,0.0008056987585262354,0,0,0.0,0,0.0,0.0,50.0,0,,,,,,,,,,,,,,,,,,,,,,,,,,,
101,B,step_totals,,,,,,,,,,,,,,,,,,,,,72.20000000000006,,,7.0,0.09695290858725754,56.0,0.7756232686980603,0.0,0.0,0.005289629201723474,0.21428571428571427,0.0,0,12,26,11,,14,56,19,6.000000000000003,0.08310249307479221,3.2000000000000006,0.04432132963988917,30,16,20
102,B,all_agents,,,40,30,10,0,17,13,0.4149191250182312,0.23660586243778026,0.9911477404456791,0.0919555986829245,749,30,0.75,51,4.352941176470588,1.392156862745098,31.85,4550,,,,,,,,,,,,,,,,,,,,,,,,,,,
102,B,participants_only,,,30,30,0,0,17,13,0.4767902246139969,0.23660586243778026,0.9911477404456791,0.10703077570464861,749,30,1.0,51,4.352941176470588,1.392156862745098,25.8,4550,,,,,,,,,,,,,,,,,,,,,,,,,,,
102,B,nonparticipants_only,,,10,0,10,0,0,0,0.229305826230934,0.22923679185561907,0.28830489045647045,0.0007936720354821933,0,0,0.0,0,0.0,0.0,50.0,0,,,,,,,,,,,,,,,,,,,,,,,,,,,
102,B,step_totals,,,,,,,,,,,,,,,,,,,,,70.20000000000007,,,10.0,0.1424501424501423,50.0,0.7122507122507115,0.0,0.0,0.004819772181904182,0.1,0.0,0,5,20,32,,20,50,26,6.000000000000003,0.08547008547008542,4.200000000000001,0.05982905982905978,30,21,25
103,B,all_agents,,,40,30,10,0,17,13,0.41555659795576505,0.23542283312559134,0.9915018308278519,0.09258202524751703,757,30,0.75,51,4.352941176470588,1.392156862745098,31.7,4605,,,,,,,,,,,,,,,,,,,,,,,,,,,
103,B,participants_only,,,30,30,0,0,17,13,0.47752921575600826,0.23542283312559134,0.9915018308278519,0.10781966777218192,757,30,1.0,51,4.352941176470588,1.392156862745098,25.6,4605,,,,,,,,,,,,,,,,,,,,,,,,,,,
103,B,nonparticipants_only,,,10,0,10,0,0,0,0.22963874455503538,0.22908010664232886,0.2868633660041881,0.0007818333893420627,0,0,0.0,0,0.0,0.0,50.0,0,,,,,,,,,,,,,,,,,,,,,,,,,,,
103,B,step_totals,,,,,,,,,,,,,,,,,,,,,72.20000000000006,,,7.0,0.09695290858725754,56.0,0.7756232686980603,0.0,0.0,0.005419032340593399,0.14285714285714285,0.0,0,8,26,11,,14,56,19,6.000000000000003,0.08310249307479221,3.2000000000000006,0.04432132963988917,30,16,20
104,B,all_agents,,,40,30,10,0,17,13,0.41595374021502557,0.23533616330562912,0.9918417575947378,0.09288713899620522,764,30,0.75,51,4.352941176470588,1.392156862745098,31.85,4654,,,,,,,,,,,,,,,,,,,,,,,,,,,
104,B,participants_only,,,30,30,0,0,17,13,0.47794836699889826,0.23533616330562912,0.9918417575947378,0.10821963680536559,764,30,1.0,51,4.352941176470588,1.392156862745098,25.8,4654,,,,,,,,,,,,,,,,,,,,,,,,,,,
104,B,nonparticipants_only,,,10,0,10,0,0,0,0.2299698598634075,0.2289027010710813,0.28542904917416717,0.0007696405678641927,0,0,0.0,0,0.0,0.0,50.0,0,,,,,,,,,,,,,,,,,,,,,,,,,,,
104,B,step_totals,,,,,,,,,,,,,,,,,,,,,70.20000000000006,,,10.0,0.14245014245014234,50.0,0.7122507122507117,0.0,0.0,0.0049454729970740095,0.14,0.0,0,7,20,32,,20,50,26,6.000000000000003,0.08547008547008543,4.200000000000001,0.05982905982905979,30,21,25
105,B,all_agents,,,40,30,10,0,17,13,0.4165849095428687,0.23415948248910098,0.9921680872909483,0.09352015123851842,772,30,0.75,51,4.352941176470588,1.392156862745098,31.7,4709,,,,,,,,,,,,,,,,,,,,,,,,,,,
105,B,participants_only,,,30,30,0,0,17,13,0.47868028974141125,0.23415948248910098,0.9921680872909483,0.1090173539199573,772,30,1.0,51,4.352941176470588,1.392156862745098,25.6,4709,,,,,,,,,,,,,,,,,,,,,,,,,,,
105,B,nonparticipants_only,,,10,0,10,0,0,0,0.23029876894724097,0.22983387874345926,0.28400190392829633,0.0007585082901831418,0,0,0.0,0,0.0,0.0,50.0,0,,,,,,,,,,,,,,,,,,,,,,,,,,,
105,B,step_totals,,,,,,,,,,,,,,,,,,,,,72.00000000000007,,,7.0,0.09722222222222213,56.0,0.777777777777777,0.0,0.0,0.005415458293477418,0.14285714285714285,0.0,0,8,26,11,,14,56,19,6.000000000000003,0.08333333333333329,3.0000000000000004,0.04166666666666663,30,15,20
106,B,all_agents,,,40,30,10,0,17,13,0.4169438273051556,0.23650908787818392,0.9924813637993104,0.09381372029556262,781,30,0.75,51,4.352941176470588,1.392156862745098,31.85,4758,,,,,,,,,,,,,,,,,,,,,,,,,,,
106,B,participants_only,,,30,30,0,0,17,13,0.47904985868736194,0.23650908787818392,0.9924813637993104,0.1094071219911254,781,30,1.0,51,4.352941176470588,1.392156862745098,25.8,4758,,,,,,,,,,,,,,,,,,,,,,,,,,,
106,B,nonparticipants_only,,,10,0,10,0,0,0,0.23062573315853657,0.23078109601148467,0.28258189440865483,0.0007476056003030596,0,0,0.0,0,0.0,0.0,50.0,0,,,,,,,,,,,,,,,,,,,,,,,,,,,
106,B,step_totals,,,,,,,,,,,,,,,,,,,,,70.20000000000007,,,10.0,0.1424501424501423,50.0,0.7122507122507115,0.0,0.0,0.004822141211333105,0.18,0.0,0,9,20,32,,20,50,26,6.000000000000003,0.08547008547008542,4.200000000000001,0.05982905982905978,30,21,25
107,B,all_agents,,,40,30,10,0,17,13,0.41748200238138555,0.23532654243879297,0.992782109247338,0.09439349697350115,790,30,0.75,51,4.352941176470588,1.392156862745098,31.7,4811,,,,,,,,,,,,,,,,,,,,,,,,,,,
107,B,participants_only,,,30,30,0,0,17,13,0.47965912095981683,0.23532654243879297,0.992782109247338,0.11014823829267892,790,30,1.0,51,4.352941176470588,1.392156862745098,25.6,4811,,,,,,,,,,,,,,,,,,,,,,,,,,,
107,B,nonparticipants_only,,,10,0,10,0,0,0,0.2309506466460916,0.2314213346516505,0.2811689849366116,0.0007373441193721086,0,0,0.0,0,0.0,0.0,50.0,0,,,,,,,,,,,,,,,,,,,,,,,,,,,
107,B,step_totals,,,,,,,,,,,,,,,,,,,,,72.20000000000007,,,7.0,0.09695290858725752,56.0,0.7756232686980602,0.0,0.0,0.0050934847257176835,0.16071428571428573,0.0,0,9,26,11,,14,56,19,6.000000000000003,0.0831024930747922,3.2000000000000006,0.04432132963988916,30,16,20
108,B,all_agents,,,40,30,10,0,17,13,0.41786891869803505,0.23762443577974218,0.9930708248774445,0.09468484956506787,800,30,0.75,51,4.352941176470588,1.392156862745098,31.85,4859,,,,,,,,,,,,,,,,,,,,,,,,,,,
108,B,participants_only,,,30,30,0,0,17,13,0.4800673401049763,0.23762443577974218,0.9930708248774445,0.11052947541475841,800,30,1.0,51,4.352941176470588,1.392156862745098,25.8,4859,,,,,,,,,,,,,,,,,,,,,,,,,,,
108,B,nonparticipants_only,,,10,0,10,0,0,0,0.23127365447721135,0.2319422623871849,0.27976314001192853,0.0007272485098108529,0,0,0.0,0,0.0,0.0,50.0,0,,,,,,,,,,,,,,,,,,,,,,,,,,,
108,B,step_totals,,,,,,,,,,,,,,,,,,,,,70.20000000000006,,,10.0,0.14245014245014234,50.0,0.7122507122507117,0.0,0.0,0.00492380991774299,0.2,0.0,0,10,20,32,,20,50,25,6.000000000000003,0.08547008547008543,4.200000000000001,0.05982905982905979,30,21,24
109,B,all_agents,,,40,30,10,0,17,13,0.41837714562363254,0.23643631360084344,0.9933479918823467,0.09525117572437129,804,30,0.75,51,4.352941176470588,1.392156862745098,31.7,4911,,,,,,,,,,,,,,,,,,,,,,,,,,,
109,B,participants_only,,,30,30,0,0,17,13,0.4806379489167263,0.23643631360084344,0.9933479918823467,0.11125681106483172,804,30,1.0,51,4.352941176470588,1.392156862745098,25.6,4911,,,,,,,,,,,,,,,,,,,,,,,,,,,
109,B,nonparticipants_only,,,10,0,10,0,0,0,0.23159473574435133,0.23150291118821303,0.2783643243118689,0.0007173781825742646,0,0,0.0,0,0.0,0.0,50.0,0,,,,,,,,,,,,,,,,,,,,,,,,,,,
109,B,step_totals,,,,,,,,,,,,,,,,,,,,,72.00000000000004,,,7.0,0.09722222222222217,56.0,0.7777777777777773,0.0,0.0,0.005010666378841287,0.07142857142857142,0.0,0,4,26,11,,14,56,19,6.000000000000003,0.08333333333333331,3.0000000000000004,0.04166666666666665,30,15,20
110,B,all_agents,,,40,30,10,0,17,13,0.418744917261983,0.23616336688644302,0.9936140722070528,0.09553236264598285,812,30,0.75,51,4.352941176470588,1.392156862745098,31.85,4961,,,,,,,,,,,,,,,,,,,,,,,,,,,
110,B,participants_only,,,30,30,0,0,17,13,0.4810218073049284,0.23616336688644302,0.9936140722070528,0.11162731601006097,812,30,1.0,51,4.352941176470588,1.392156862745098,25.8,4961,,,,,,,,,,,,,,,,,,,,,,,,,,,
110,B,nonparticipants_only,,,10,0,10,0,0,0,0.2319142471331467,0.23219562938511273,0.2769725026903096,0.000706570152695107,0,0,0.0,0,0.0,0.0,50.0,0,,,,,,,,,,,,,,,,,,,,,,,,,,,
110,B,step_totals,,,,,,,,,,,,,,,,,,,,,70.20000000000007,,,10.0,0.1424501424501423,50.0,0.7122507122507115,0.0,0.0,0.004864376775499741,0.16,0.0,0,8,20,32,,20,50,25,6.000000000000003,0.08547008547008542,4.200000000000001,0.05982905982905978,30,21,24
110,B,reachability,0.25,0.0,,,,,,,,,,,,,,,,,,,,,,,,,,,,,,,,,,,,,,,,,,,,,
111,B,all_agents,,,40,30,10,0,17,13,0.41928331852291534,0.2349825500520108,0.9938695093187707,0.09612984822225547,819,30,0.75,51,4.352941176470588,1.392156862745098,31.7,5016,,,,,,,,,,,,,,,,,,,,,,,,,,,
111,B,participants_only,,,30,30,0,0,17,13,0.4816339171962452,0.2349825500520108,0.9938695093187707,0.11239035920789724,819,30,1.0,51,4.352941176470588,1.392156862745098,25.6,5016,,,,,,,,,,,,,,,,,,,,,,,,,,,
111,B,nonparticipants_only,,,10,0,10,0,0,0,0.2322315225029257,0.2329370192978839,0.27862815293185506,0.0006971494062584177,0,0,0.0,0,0.0,0.0,50.0,0,,,,,,,,,,,,,,,,,,,,,,,,,,,
111,B,step_totals,,,,,,,,,,,,,,,,,,,,,72.00000000000007,,,7.0,0.09722222222222213,56.0,0.777777777777777,0.0,0.0,0.0051135253186601155,0.125,0.0,0,7,26,11,,14,56,19,6.000000000000003,0.08333333333333329,3.0000000000000004,0.04166666666666663,30,15,20
112,B,all_agents,,,40,30,10,0,17,13,0.41962723917674677,0.23494970536638835,0.9941147289460199,0.09639441061621681,825,30,0.75,51,4.352941176470588,1.392156862745098,31.85,5065,,,,,,,,,,,,,,,,,,,,,,,,,,,
112,B,participants_only,,,30,30,0,0,17,13,0.48198737992358,0.23494970536638835,0.9941147289460199,0.11274130132849403,825,30,1.0,51,4.352941176470588,1.392156862745098,25.8,5065,,,,,,,,,,,,,,,,,,,,,,,,,,,
112,B,nonparticipants_only,,,10,0,10,0,0,0,0.23254681693624715,0.23331391084657968,0.27804019075698505,0.0006882926318070269,0,0,0.0,0,0.0,0.0,50.0,0,,,,,,,,,,,,,,,,,,,,,,,,,,,
112,B,step_totals,,,,,,,,,,,,,,,,,,,,,70.20000000000007,,,10.0,0.1424501424501423,50.0,0.7122507122507115,0.0,0.0,0.004789272009290747,0.12,0.0,0,6,20,32,,20,50,25,6.000000000000003,0.08547008547008542,4.200000000000001,0.05982905982905978,30,21,24
113,B,all_agents,,,40,30,10,0,17,13,0.4201044923118991,0.2337749568395564,0.9943501397881791,0.09695994728607282,834,30,0.75,51,4.352941176470588,1.392156862745098,31.7,5120,,,,,,,,,,,,,,,,,,,,,,,,,,,
113,B,participants_only,,,30,30,0,0,17,13,0.48251925856522065,0.2337749568395564,0.9943501397881791,0.11347090832262983,834,30,1.0,51,4.352941176470588,1.392156862745098,25.6,5120,,,,,,,,,,,,,,,,,,,,,,,,,,,
113,B,nonparticipants_only,,,10,0,10,0,0,0,0.23286019355193438,0.23387057562593433,0.2770495536820585,0.0006798276189205589,0,0,0.0,0,0.0,0.0,50.0,0,,,,,,,,,,,,,,,,,,,,,,,,,,,
113,B,step_totals,,,,,,,,,,,,,,,,,,,,,72.20000000000007,,,7.0,0.09695290858725752,56.0,0.7756232686980602,0.0,0.0,0.00489804103011703,0.16071428571428573,0.0,0,9,26,11,,14,56,19,6.000000000000003,0.0831024930747922,3.2000000000000006,0.04432132963988916,30,16,20
114,B,all_agents,,,40,30,10,0,17,13,0.42040532361064076,0.23462021215938983,0.9945761341966519,0.09719357443535744,842,30,0.75,51,4.352941176470588,1.392156862745098,31.85,5168,,,,,,,,,,,,,,,,,,,,,,,,,,,
114,B,participants_only,,,30,30,0,0,17,13,0.48281652629593563,0.23462021215938983,0.9945761341966519,0.11378694512552474,842,30,1.0,51,4.352941176470588,1.392156862745098,25.8,5168,,,,,,,,,,,,,,,,,,,,,,,,,,,
114,B,nonparticipants_only,,,10,0,10,0,0,0,0.23317171555475602,0.2339690413103807,0.2764368573061055,0.0006715637173559633,0,0,0.0,0,0.0,0.0,50.0,0,,,,,,,,,,,,,,,,,,,,,,,,,,,
114,B,step_totals,,,,,,,,,,,,,,,,,,,,,70.20000000000007,,,10.0,0.1424501424501423,50.0,0.7122507122507115,0.0,0.0,0.004647029099805032,0.16,0.0,0,8,20,32,,20,50,25,6.000000000000003,0.08547008547008542,4.200000000000001,0.05982905982905978,30,21,24
115,B,all_agents,,,40,30,10,0,17,13,0.4208839963547473,0.2334471110985929,0.9947930888287858,0.09776298158442558,852,30,0.75,51,4.352941176470588,1.392156862745098,31.7,5221,,,,,,,,,,,,,,,,,,,,,,,,,,,
115,B,participants_only,,,30,30,0,0,17,13,0.4833514806959778,0.2334471110985929,0.9947930888287858,0.11452091527742506,852,30,1.0,51,4.352941176470588,1.392156862745098,25.6,5221,,,,,,,,,,,,,,,,,,,,,,,,,,,
115,B,nonparticipants_only,,,10,0,10,0,0,0,0.23348154333105603,0.23361711123936568,0.27719650956358866,0.0006629413063647165,0,0,0.0,0,0.0,0.0,50.0,0,,,,,,,,,,,,,,,,,,,,,,,,,,,
115,B,step_totals,,,,,,,,,,,,,,,,,,,,,72.20000000000006,,,7.0,0.09695290858725754,56.0,0.7756232686980603,0.0,0.0,0.004904667246012379,0.17857142857142858,0.0,0,10,26,11,,14,56,19,6.000000000000003,0.08310249307479221,3.2000000000000006,0.04432132963988917,30,16,20
116,B,all_agents,,,40,30,10,0,17,13,0.4211706165170462,0.23631040593952832,0.9950013652756344,0.09798616845047627,864,30,0.75,51,4.352941176470588,1.392156862745098,31.85,5270,,,,,,,,,,,,,,,,,,,,,,,,,,,
116,B,participants_only,,,30,30,0,0,17,13,0.48363090448127416,0.23631040593952832,0.9950013652756344,0.11482515240470789,864,30,1.0,51,4.352941176470588,1.392156862745098,25.8,5270,,,,,,,,,,,,,,,,,,,,,,,,,,,
116,B,nonparticipants_only,,,10,0,10,0,0,0,0.23378975262436236,0.23454067449315513,0.2767094546421936,0.0006537657168900699,0,0,0.0,0,0.0,0.0,50.0,0,,,,,,,,,,,,,,,,,,,,,,,,,,,
116,B,step_totals,,,,,,,,,,,,,,,,,,,,,70.20000000000007,,,10.0,0.1424501424501423,50.0,0.7122507122507115,0.0,0.0,0.0046042119048777756,0.24,0.0,0,12,20,32,,20,50,25,6.000000000000003,0.08547008547008542,4.200000000000001,0.05982905982905978,30,21,24
117,B,all_agents,,,40,30,10,0,17,13,0.42157402944450756,0.23512885390983068,0.995201310664609,0.09850910804333911,871,30,0.75,51,4.352941176470588,1.392156862745098,31.7,5323,,,,,,,,,,,,,,,,,,,,,,,,,,,
117,B,participants_only,,,30,30,0,0,17,13,0.48406680494434146,0.23512885390983068,0.995201310664609,0.11550866875596591,871,30,1.0,51,4.352941176470588,1.392156862745098,25.6,5323,,,,,,,,,,,,,,,,,,,,,,,,,,,
117,B,nonparticipants_only,,,10,0,10,0,0,0,0.2340957029450057,0.23491774480215621,0.2790144411441283,0.0006462620293869938,0,0,0.0,0,0.0,0.0,50.0,0,,,,,,,,,,,,,,,,,,,,,,,,,,,
117,B,step_totals,,,,,,,,,,,,,,,,,,,,,72.20000000000005,,,7.0,0.09695290858725755,56.0,0.7756232686980604,0.0,0.0,0.004655877262962349,0.125,0.0,0,7,26,11,,14,56,18,6.000000000000003,0.08310249307479223,3.2000000000000006,0.044321329639889176,30,16,19
118,B,all_agents,,,40,30,10,0,17,13,0.42185901879312804,0.2353037551021694,0.9953932582380247,0.09873345645790739,876,30,0.75,51,4.352941176470588,1.392156862745098,31.85,5371,,,,,,,,,,,,,,,,,,,,,,,,,,,
118,B,participants_only,,,30,30,0,0,17,13,0.4843454247275108,0.2353037551021694,0.9953932582380247,0.1158133770588542,876,30,1.0,51,4.352941176470588,1.392156862745098,25.8,5371,,,,,,,,,,,,,,,,,,,,,,,,,,,
118,B,nonparticipants_only,,,10,0,10,0,0,0,0.23439980098997965,0.23513995339833338,0.2784467658599828,0.0006390835359093756,0,0,0.0,0,0.0,0.0,50.0,0,,,,,,,,,,,,,,,,,,,,,,,,,,,
118,B,step_totals,,,,,,,,,,,,,,,,,,,,,70.20000000000007,,,10.0,0.1424501424501423,50.0,0.7122507122507115,0.0,0.0,0.004602644540553489,0.1,0.0,0,5,20,32,,20,50,25,6.000000000000003,0.08547008547008542,4.200000000000001,0.05982905982905978,30,21,24
119,B,all_agents,,,40,30,10,0,17,13,0.4222611268372548,0.23412723632665855,0.9955775279085037,0.0992641956743356,888,30,0.75,51,4.352941176470588,1.392156862745098,31.7,5426,,,,,,,,,,,,,,,,,,,,,,,,,,,
119,B,participants_only,,,30,30,0,0,17,13,0.4847807966488838,0.23412723632665855,0.9955775279085037,0.11650674720336164,888,30,1.0,51,4.352941176470588,1.392156862745098,25.6,5426,,,,,,,,,,,,,,,,,,,,,,,,,,,
119,B,nonparticipants_only,,,10,0,10,0,0,0,0.2347021174023678,0.23567741116398616,0.27749030946358555,0.0006320317269961358,0,0,0.0,0,0.0,0.0,50.0,0,,,,,,,,,,,,,,,,,,,,,,,,,,,
119,B,step_totals,,,,,,,,,,,,,,,,,,,,,72.00000000000006,,,7.0,0.09722222222222214,56.0,0.7777777777777771,0.0,0.0,0.004665805001778226,0.21428571428571427,0.0,0,12,26,11,,14,56,18,6.000000000000003,0.0833333333333333,3.0000000000000004,0.04166666666666664,30,15,19
120,B,all_agents,,,40,30,10,0,17,13,0.4225317317119085,0.2340356907690334,0.9957544267921636,0.0994790215639495,893,30,0.75,51,4.352941176470588,1.392156862745098,31.85,5476,,,,,,,,,,,,,,,,,,,,,,,,,,,
120,B,participants_only,,,30,30,0,0,17,13,0.48504137621125065,0.2340356907690334,0.9957544267921636,0.11680066064346963,893,30,1.0,51,4.352941176470588,1.392156862745098,25.8,5476,,,,,,,,,,,,,,,,,,,,,,,,,,,
120,B,nonparticipants_only,,,10,0,10,0,0,0,0.235002798213882,0.23577247941460788,0.27689875340066206,0.0006246364601794847,0,0,0.0,0,0.0,0.0,50.0,0,,,,,,,,,,,,,,,,,,,,,,,,,,,
120,B,step_totals,,,,,,,,,,,,,,,,,,,,,70.00000000000006,,,10.0,0.14285714285714274,50.0,0.7142857142857137,0.0,0.0,0.004571360901411488,0.1,0.0,0,5,20,32,,20,50,25,6.000000000000003,0.08571428571428569,4.000000000000001,0.057142857142857106,30,20,24
120,B,reachability,0.25,0.0,,,,,,,,,,,,,,,,,,,,,,,,,,,,,,,,,,,,,,,,,,,,,
121,B,all_agents,,,40,30,10,0,17,13,0.42294024877557707,0.23286551231518823,0.9959242497204771,0.10001732009666829,900,30,0.75,51,4.352941176470588,1.392156862745098,31.7,5531,,,,,,,,,,,,,,,,,,,,,,,,,,,
121,B,participants_only,,,30,30,0,0,17,13,0.4854863721231293,0.23286551231518823,0.9959242497204771,0.11750276628354775,900,30,1.0,51,4.352941176470588,1.392156862745098,25.6,5531,,,,,,,,,,,,,,,,,,,,,,,,,,,
121,B,nonparticipants_only,,,10,0,10,0,0,0,0.2353018787329205,0.2354326922452939,0.2776321948184095,0.0006167709863433521,0,0,0.0,0,0.0,0.0,50.0,0,,,,,,,,,,,,,,,,,,,,,,,,,,,
121,B,step_totals,,,,,,,,,,,,,,,,,,,,,72.00000000000007,,,7.0,0.09722222222222213,56.0,0.777777777777777,0.0,0.0,0.004688731042972322,0.125,0.0,0,7,26,11,,14,56,19,6.000000000000003,0.08333333333333329,3.0000000000000004,0.04166666666666663,30,15,19
122,B,all_agents,,,40,30,10,0,17,13,0.4231713032460053,0.2329959667147819,0.996087279731658,0.10020165678508433,905,30,0.75,51,4.352941176470588,1.392156862745098,31.85,5580,,,,,,,,,,,,,,,,,,,,,,,,,,,
122,B,participants_only,,,30,30,0,0,17,13,0.4856953131037844,0.2329959667147819,0.996087279731658,0.11776227283086194,905,30,1.0,51,4.352941176470588,1.392156862745098,25.8,5580,,,,,,,,,,,,,,,,,,,,,,,,,,,
122,B,nonparticipants_only,,,10,0,10,0,0,0,0.23559927367266825,0.23632438911786435,0.27716194511066494,0.0006087869434037229,0,0,0.0,0,0.0,0.0,50.0,0,,,,,,,,,,,,,,,,,,,,,,,,,,,
122,B,step_totals,,,,,,,,,,,,,,,,,,,,,69.80000000000007,,,10.0,0.143266475644699,50.0,0.716332378223495,0.0,0.0,0.004452956036964163,0.1,0.0,0,5,20,32,,20,50,25,6.000000000000003,0.08595988538681944,3.800000000000001,0.054441260744985634,30,19,24
123,B,all_agents,,,40,30,10,0,17,13,0.42355784939473795,0.231830986881208,0.9962437885423917,0.10072982093702813,910,30,0.75,51,4.352941176470588,1.392156862745098,31.7,5636,,,,,,,,,,,,,,,,,,,,,,,,,,,
123,B,participants_only,,,30,30,0,0,17,13,0.4861123085126759,0.231830986881208,0.9962437885423917,0.11845336514597836,910,30,1.0,51,4.352941176470588,1.392156862745098,25.6,5636,,,,,,,,,,,,,,,,,,,,,,,,,,,
123,B,nonparticipants_only,,,10,0,10,0,0,0,0.2358944720409242,0.23668844909306996,0.2793874009705198,0.0006024640437242508,0,0,0.0,0,0.0,0.0,50.0,0,,,,,,,,,,,,,,,,,,,,,,,,,,,
123,B,step_totals,,,,,,,,,,,,,,,,,,,,,72.20000000000006,,,7.0,0.09695290858725754,56.0,0.7756232686980603,0.0,0.0,0.004603546558362018,0.08928571428571429,0.0,0,5,26,11,,14,56,19,6.000000000000003,0.08310249307479221,3.2000000000000006,0.04432132963988917,30,16,19
124,B,all_agents,,,40,30,10,0,17,13,0.42379610474555296,0.23583107523063973,0.9963940370006961,0.10092109122598832,918,30,0.75,51,4.352941176470588,1.392156862745098,31.85,5686,,,,,,,,,,,,,,,,,,,,,,,,,,,
124,B,participants_only,,,30,30,0,0,17,13,0.4863321520855384,0.23583107523063973,0.9963940370006961,0.11871970140840063,918,30,1.0,51,4.352941176470588,1.392156862745098,25.8,5686,,,,,,,,,,,,,,,,,,,,,,,,,,,
124,B,nonparticipants_only,,,10,0,10,0,0,0,0.23618796272559647,0.2369029906628612,0.27883931260360917,0.0005961740758445281,0,0,0.0,0,0.0,0.0,50.0,0,,,,,,,,,,,,,,,,,,,,,,,,,,,
124,B,step_totals,,,,,,,,,,,,,,,,,,,,,70.00000000000007,,,10.0,0.1428571428571427,50.0,0.7142857142857135,0.0,0.0,0.004468649472791715,0.16,0.0,0,8,20,32,,20,50,25,6.000000000000003,0.08571428571428566,4.000000000000001,0.0571428571428571,30,20,24
125,B,all_agents,,,40,30,10,0,17,13,0.4241403284754973,0.23465191985448652,0.9965382755206682,0.10142056024812719,922,30,0.75,51,4.352941176470588,1.392156862745098,31.7,5741,,,,,,,,,,,,,,,,,,,,,,,,,,,
125,B,participants_only,,,30,30,0,0,17,13,0.4866938219364018,0.23465191985448652,0.9965382755206682,0.11937911872787187,922,30,1.0,51,4.352941176470588,1.392156862745098,25.6,5741,,,,,,,,,,,,,,,,,,,,,,,,,,,
125,B,nonparticipants_only,,,10,0,10,0,0,0,0.236479848092784,0.2374219041285116,0.27791585752468734,0.0005896102789322008,0,0,0.0,0,0.0,0.0,50.0,0,,,,,,,,,,,,,,,,,,,,,,,,,,,
125,B,step_totals,,,,,,,,,,,,,,,,,,,,,72.00000000000006,,,7.0,0.09722222222222214,56.0,0.7777777777777771,0.0,0.0,0.004476514396802075,0.07142857142857142,0.0,0,4,26,11,,14,56,19,6.000000000000003,0.0833333333333333,3.0000000000000004,0.04166666666666664,30,15,19
126,B,all_agents,,,40,30,10,0,17,13,0.42436347470702257,0.23486885248471762,0.9966767444998414,0.101600078340173,932,30,0.75,51,4.352941176470588,1.392156862745098,31.85,5791,,,,,,,,,,,,,,,,,,,,,,,,,,,
126,B,participants_only,,,30,30,0,0,17,13,0.4868945815115515,0.23486885248471762,0.9966767444998414,0.11963197663859254,932,30,1.0,51,4.352941176470588,1.392156862745098,25.8,5791,,,,,,,,,,,,,,,,,,,,,,,,,,,
126,B,nonparticipants_only,,,10,0,10,0,0,0,0.23677015429343576,0.23751369216946316,0.27734471235504726,0.0005827116265214724,0,0,0.0,0,0.0,0.0,50.0,0,,,,,,,,,,,,,,,,,,,,,,,,,,,
126,B,step_totals,,,,,,,,,,,,,,,,,,,,,70.00000000000006,,,10.0,0.14285714285714274,50.0,0.7142857142857137,0.0,0.0,0.004420706554285883,0.2,0.0,0,10,20,32,,20,50,25,6.000000000000003,0.08571428571428569,4.000000000000001,0.057142857142857106,30,20,24
127,B,all_agents,,,40,30,10,0,17,13,0.42470741584112315,0.233694508222294,0.996709977054843,0.10210518569270835,942,30,0.75,51,4.352941176470588,1.392156862745098,31.7,5846,,,,,,,,,,,,,,,,,,,,,,,,,,,
127,B,participants_only,,,30,30,0,0,17,13,0.4872569159822714,0.233694508222294,0.996709977054843,0.12029870199041932,942,30,1.0,51,4.352941176470588,1.392156862745098,25.6,5846,,,,,,,,,,,,,,,,,,,,,,,,,,,
127,B,nonparticipants_only,,,10,0,10,0,0,0,0.23705891541767832,0.2371856289263949,0.2780528473049119,0.0005753571846853169,0,0,0.0,0,0.0,0.0,50.0,0,,,,,,,,,,,,,,,,,,,,,,,,,,,
127,B,step_totals,,,,,,,,,,,,,,,,,,,,,72.20000000000006,,,7.0,0.09695290858725754,56.0,0.7756232686980603,0.0,0.0,0.004464067785185114,0.17857142857142858,0.0,0,10,26,11,,14,56,19,6.000000000000003,0.08310249307479221,3.2000000000000006,0.04432132963988917,30,16,19
128,B,all_agents,,,40,30,10,0,17,13,0.42485450741313463,0.23365675361254334,0.9968415779726493,0.10223320066287679,950,30,0.75,51,4.352941176470588,1.392156862745098,31.85,5893,,,,,,,,,,,,,,,,,,,,,,,,,,,
128,B,participants_only,,,30,30,0,0,17,13,0.4873573268437094,0.23365675361254334,0.9968415779726493,0.12049522924714791,950,30,1.0,51,4.352941176470588,1.392156862745098,25.8,5893,,,,,,,,,,,,,,,,,,,,,,,,,,,
128,B,nonparticipants_only,,,10,0,10,0,0,0,0.23734604912141036,0.23804655892690052,0.2775988229681895,0.0005678856688110536,0,0,0.0,0,0.0,0.0,50.0,0,,,,,,,,,,,,,,,,,,,,,,,,,,,
128,B,step_totals,,,,,,,,,,,,,,,,,,,,,70.00000000000007,,,10.0,0.1428571428571427,50.0,0.7142857142857135,0.0,0.0,0.004164114298286512,0.16,0.0,0,8,20,32,,20,50,25,6.000000000000003,0.08571428571428566,4.000000000000001,0.0571428571428571,30,20,24
129,B,all_agents,,,40,30,10,0,17,13,0.4251503939391487,0.23248846984448063,0.9969679148537433,0.10270825782909045,959,30,0.75,51,4.352941176470588,1.392156862745098,31.7,5947,,,,,,,,,,,,,,,,,,,,,,,,,,,
129,B,participants_only,,,30,30,0,0,17,13,0.4876568379043417,0.23248846984448063,0.9969679148537433,0.12112878317922013,959,30,1.0,51,4.352941176470588,1.392156862745098,25.6,5947,,,,,,,,,,,,,,,,,,,,,,,,,,,
129,B,nonparticipants_only,,,10,0,10,0,0,0,0.2376310620435699,0.2383980574734126,0.2797474922901161,0.0005620153326157133,0,0,0.0,0,0.0,0.0,50.0,0,,,,,,,,,,,,,,,,,,,,,,,,,,,
129,B,step_totals,,,,,,,,,,,,,,,,,,,,,72.00000000000007,,,7.0,0.09722222222222213,56.0,0.777777777777777,0.0,0.0,0.004315567062158973,0.16071428571428573,0.0,0,9,26,11,,14,56,19,6.000000000000003,0.08333333333333329,3.0000000000000004,0.04166666666666663,30,15,19
130,B,all_agents,,,40,30,10,0,17,13,0.42530881215341887,0.23266291732159272,0.9970891982595935,0.10284534178919857,964,30,0.75,51,4.352941176470588,1.392156862745098,31.85,5996,,,,,,,,,,,,,,,,,,,,,,,,,,,
130,B,participants_only,,,30,30,0,0,17,13,0.48777360747002296,0.23266291732159272,0.9970891982595935,0.12133432851199487,964,30,1.0,51,4.352941176470588,1.392156862745098,25.8,5996,,,,,,,,,,,,,,,,,,,,,,,,,,,
130,B,nonparticipants_only,,,10,0,10,0,0,0,0.23791442620360664,0.23860519655785997,0.2792183150186503,0.0005561737734667984,0,0,0.0,0,0.0,0.0,50.0,0,,,,,,,,,,,,,,,,,,,,,,,,,,,
130,B,step_totals,,,,,,,,,,,,,,,,,,,,,70.00000000000007,,,10.0,0.1428571428571427,50.0,0.7142857142857135,0.0,0.0,0.004205139422497844,0.1,0.0,0,5,20,32,,20,50,25,6.000000000000003,0.08571428571428566,4.000000000000001,0.0571428571428571,30,20,24
130,B,reachability,0.25,0.0,,,,,,,,,,,,,,,,,,,,,,,,,,,,,,,,,,,,,,,,,,,,,
131,B,all_agents,,,40,30,10,0,17,13,0.4255894208734512,0.23178109066949099,0.9972056303292098,0.10331090614277488,978,30,0.75,51,4.352941176470588,1.392156862745098,31.7,6050,,,,,,,,,,,,,,,,,,,,,,,,,,,
131,B,participants_only,,,30,30,0,0,17,13,0.4880538143527327,0.23149960273498477,0.9972056303292098,0.12195731819421964,978,30,1.0,51,4.352941176470588,1.392156862745098,25.6,6050,,,,,,,,,,,,,,,,,,,,,,,,,,,
131,B,nonparticipants_only,,,10,0,10,0,0,0,0.23819624043560675,0.23910620557111018,0.2783267225885105,0.0005500645556265918,0,0,0.0,0,0.0,0.0,50.0,0,,,,,,,,,,,,,,,,,,,,,,,,,,,
131,B,step_totals,,,,,,,,,,,,,,,,,,,,,71.80000000000005,,,7.0,0.0974930362116991,56.0,0.7799442896935928,0.0,0.0,0.004276873218721068,0.25,0.0,0,14,26,11,,14,56,19,6.000000000000003,0.08356545961002783,2.8000000000000003,0.03899721448467964,30,14,19
132,B,all_agents,,,40,30,10,0,17,13,0.4257749958605743,0.23537289957151875,0.9973174051160414,0.10345818685880835,989,30,0.75,51,4.352941176470588,1.392156862745098,31.85,6099,,,,,,,,,,,,,,,,,,,,,,,,,,,
132,B,participants_only,,,30,30,0,0,17,13,0.4882078178180278,0.23537289957151875,0.9973174051160414,0.12217161044540704,989,30,1.0,51,4.352941176470588,1.392156862745098,25.8,6099,,,,,,,,,,,,,,,,,,,,,,,,,,,
132,B,nonparticipants_only,,,10,0,10,0,0,0,0.23847652998821384,0.23919482658187474,0.2777752840601128,0.0005436290081592727,0,0,0.0,0,0.0,0.0,50.0,0,,,,,,,,,,,,,,,,,,,,,,,,,,,
132,B,step_totals,,,,,,,,,,,,,,,,,,,,,70.00000000000007,,,10.0,0.1428571428571427,50.0,0.7142857142857135,0.0,0.0,0.0043009284059471655,0.22,0.0,0,11,20,32,,20,50,25,6.000000000000003,0.08571428571428566,4.000000000000001,0.0571428571428571,30,20,24
133,B,all_agents,,,40,30,10,0,17,13,0.42601972668597493,0.23419603507366116,0.9974247089113998,0.10389712006488865,996,30,0.75,51,4.352941176470588,1.392156862745098,31.7,6153,,,,,,,,,,,,,,,,,,,,,,,,,,,
133,B,participants_only,,,30,30,0,0,17,13,0.48844119298952726,0.23419603507366116,0.9974247089113998,0.12276481835994349,996,30,1.0,51,4.352941176470588,1.392156862745098,25.6,6153,,,,,,,,,,,,,,,,,,,,,,,,,,,
133,B,nonparticipants_only,,,10,0,10,0,0,0,0.2387553277753178,0.2388780827458148,0.2784589857097414,0.0005367517138977971,0,0,0.0,0,0.0,0.0,50.0,0,,,,,,,,,,,,,,,,,,,,,,,,,,,
133,B,step_totals,,,,,,,,,,,,,,,,,,,,,72.00000000000006,,,7.0,0.09722222222222214,56.0,0.7777777777777771,0.0,0.0,0.004146187438310649,0.125,0.0,0,7,26,11,,14,56,20,6.000000000000003,0.0833333333333333,3.0000000000000004,0.04166666666666664,30,15,19
134,B,all_agents,,,40,30,10,0,17,13,0.4261480736757114,0.23445314410278145,0.9975277205549438,0.10399993971450947,1002,30,0.75,51,4.352941176470588,1.392156862745098,31.85,6201,,,,,,,,,,,,,,,,,,,,,,,,,,,
134,B,participants_only,,,30,30,0,0,17,13,0.4885199134696165,0.23445314410278145,0.9975277205549438,0.12292901436719578,1002,30,1.0,51,4.352941176470588,1.392156862745098,25.8,6201,,,,,,,,,,,,,,,,,,,,,,,,,,,
134,B,nonparticipants_only,,,10,0,10,0,0,0,0.23903255429399628,0.23970930744623786,0.2780206269081486,0.0005297589651318722,0,0,0.0,0,0.0,0.0,50.0,0,,,,,,,,,,,,,,,,,,,,,,,,,,,
134,B,step_totals,,,,,,,,,,,,,,,,,,,,,70.00000000000007,,,10.0,0.1428571428571427,50.0,0.7142857142857135,0.0,0.0,0.004107015255703333,0.12,0.0,0,6,20,32,,20,50,25,6.000000000000003,0.08571428571428566,4.000000000000001,0.0571428571428571,30,20,24
135,B,all_agents,,,40,30,10,0,17,13,0.42642258029528646,0.23328087838226755,0.997626611732746,0.10446634998474959,1014,30,0.75,51,4.352941176470588,1.392156862745098,31.7,6256,,,,,,,,,,,,,,,,,,,,,,,,,,,
135,B,participants_only,,,30,30,0,0,17,13,0.4887941959917198,0.23328087838226755,0.997626611732746,0.12355282297432982,1014,30,1.0,51,4.352941176470588,1.392156862745098,25.6,6256,,,,,,,,,,,,,,,,,,,,,,,,,,,
135,B,nonparticipants_only,,,10,0,10,0,0,0,0.2393077332059864,0.24004867798025586,0.280095159114458,0.0005243096810060477,0,0,0.0,0,0.0,0.0,50.0,0,,,,,,,,,,,,,,,,,,,,,,,,,,,
135,B,step_totals,,,,,,,,,,,,,,,,,,,,,72.00000000000006,,,7.0,0.09722222222222214,56.0,0.7777777777777771,0.0,0.0,0.004244495951129991,0.21428571428571427,0.0,0,12,26,11,,14,56,20,6.000000000000003,0.0833333333333333,3.0000000000000004,0.04166666666666664,30,15,19
136,B,all_agents,,,40,30,10,0,17,13,0.4265864596002145,0.2332945406805933,0.9977215472634362,0.10459559158456558,1024,30,0.75,51,4.352941176470588,1.392156862745098,31.85,6306,,,,,,,,,,,,,,,,,,,,,,,,,,,
136,B,participants_only,,,30,30,0,0,17,13,0.48892150605218465,0.2332945406805933,0.9977215472634362,0.12374519492566627,1024,30,1.0,51,4.352941176470588,1.392156862745098,25.8,6306,,,,,,,,,,,,,,,,,,,,,,,,,,,
136,B,nonparticipants_only,,,10,0,10,0,0,0,0.23958132024430412,0.2402486699927477,0.27958424043502234,0.0005188853672321913,0,0,0.0,0,0.0,0.0,50.0,0,,,,,,,,,,,,,,,,,,,,,,,,,,,
136,B,step_totals,,,,,,,,,,,,,,,,,,,,,70.00000000000007,,,10.0,0.1428571428571427,50.0,0.7142857142857135,0.0,0.0,0.004231429000358202,0.2,0.0,0,10,20,32,,20,50,25,6.000000000000003,0.08571428571428566,4.000000000000001,0.0571428571428571,30,20,24
137,B,all_agents,,,40,30,10,0,17,13,0.42673594081764765,0.23287635315719762,0.9978126853728988,0.10497603586560995,1030,30,0.75,51,4.352941176470588,1.392156862745098,31.7,6358,,,,,,,,,,,,,,,,,,,,,,,,,,,
137,B,participants_only,,,30,30,0,0,17,13,0.48903011747923336,0.23212806797719032,0.9978126853728988,0.12427472351220127,1030,30,1.0,51,4.352941176470588,1.392156862745098,25.6,6358,,,,,,,,,,,,,,,,,,,,,,,,,,,
137,B,nonparticipants_only,,,10,0,10,0,0,0,0.2398534108328905,0.24073239232406796,0.2787234112732935,0.0005131995744978135,0,0,0.0,0,0.0,0.0,50.0,0,,,,,,,,,,,,,,,,,,,,,,,,,,,
137,B,step_totals,,,,,,,,,,,,,,,,,,,,,72.00000000000006,,,7.0,0.09722222222222214,56.0,0.7777777777777771,0.0,0.0,0.0038279756360100306,0.10714285714285714,0.0,0,6,26,11,,14,56,20,6.000000000000003,0.0833333333333333,3.0000000000000004,0.04166666666666664,30,15,19
138,B,all_agents,,,40,30,10,0,17,13,0.4268703801606016,0.23354456672357682,0.9979001779579828,0.10508136329591804,1038,30,0.75,51,4.352941176470588,1.392156862745098,31.85,6407,,,,,,,,,,,,,,,,,,,,,,,,,,,
138,B,participants_only,,,30,30,0,0,17,13,0.4891191637643965,0.2323445669167165,0.9979001779579828,0.12443977485755708,1038,30,1.0,51,4.352941176470588,1.392156862745098,25.8,6407,,,,,,,,,,,,,,,,,,,,,,,,,,,
138,B,nonparticipants_only,,,10,0,10,0,0,0,0.24012402934921673,0.2408179555790141,0.2781909994334227,0.0005071958891757759,0,0,0.0,0,0.0,0.0,50.0,0,,,,,,,,,,,,,,,,,,,,,,,,,,,
138,B,step_totals,,,,,,,,,,,,,,,,,,,,,70.00000000000007,,,10.0,0.1428571428571427,50.0,0.7142857142857135,0.0,0.0,0.004130884468288692,0.16,0.0,0,8,20,32,,20,50,25,6.000000000000003,0.08571428571428566,4.000000000000001,0.0571428571428571,30,20,24
139,B,all_agents,,,40,30,10,0,17,13,0.4270597877527418,0.23344170676204817,0.9979841708396635,0.10548968538474558,1047,30,0.75,51,4.352941176470588,1.392156862745098,31.7,6461,,,,,,,,,,,,,,,,,,,,,,,,,,,
139,B,participants_only,,,30,30,0,0,17,13,0.48928198114648225,0.2311828440821329,0.9979841708396635,0.12499958706696256,1047,30,1.0,51,4.352941176470588,1.392156862745098,25.6,6461,,,,,,,,,,,,,,,,,,,,,,,,,,,
139,B,nonparticipants_only,,,10,0,10,0,0,0,0.24039320757152052,0.2405121405881493,0.2788511108229173,0.0005007641293582392,0,0,0.0,0,0.0,0.0,50.0,0,,,,,,,,,,,,,,,,,,,,,,,,,,,
139,B,step_totals,,,,,,,,,,,,,,,,,,,,,71.80000000000005,,,7.0,0.0974930362116991,56.0,0.7799442896935928,0.0,0.0,0.003972385326863331,0.16071428571428573,0.0,0,9,26,11,,14,56,20,6.000000000000003,0.08356545961002783,2.8000000000000003,0.03899721448467964,30,14,19
140,B,all_agents,,,40,30,10,0,17,13,0.427176462927676,0.2349349452933594,0.998064804006077,0.10558348374689096,1055,30,0.75,51,4.352941176470588,1.392156862745098,31.85,6510,,,,,,,,,,,,,,,,,,,,,,,,,,,
140,B,participants_only,,,30,30,0,0,17,13,0.4893483276568923,0.2349349452933594,0.998064804006077,0.1251518757259547,1055,30,1.0,51,4.352941176470588,1.392156862745098,25.8,6510,,,,,,,,,,,,,,,,,,,,,,,,,,,
140,B,nonparticipants_only,,,10,0,10,0,0,0,0.2406608687400273,0.24131468493227454,0.27842787703699057,0.0004942186428041407,0,0,0.0,0,0.0,0.0,50.0,0,,,,,,,,,,,,,,,,,,,,,,,,,,,
140,B,step_totals,,,,,,,,,,,,,,,,,,,,,70.00000000000007,,,10.0,0.1428571428571427,50.0,0.7142857142857135,0.0,0.0,0.0040712265472447415,0.16,0.0,0,8,20,32,,20,50,25,6.000000000000003,0.08571428571428566,4.000000000000001,0.0571428571428571,30,20,24
140,B,reachability,0.25,0.0,,,,,,,,,,,,,,,,,,,,,,,,,,,,,,,,,,,,,,,,,,,,,
141,B,all_agents,,,40,30,10,0,17,13,0.4274108547856817,0.23410039846182373,0.998142211845834,0.10602312146841643,1064,30,0.75,51,4.352941176470588,1.392156862745098,31.7,6565,,,,,,,,,,,,,,,,,,,,,,,,,,,
141,B,participants_only,,,30,30,0,0,17,13,0.489572288730268,0.23376027056689264,0.998142211845834,0.12574493278948914,1064,30,1.0,51,4.352941176470588,1.392156862745098,25.6,6565,,,,,,,,,,,,,,,,,,,,,,,,,,,
141,B,nonparticipants_only,,,10,0,10,0,0,0,0.24092655295192306,0.24164234591552042,0.2804308301350299,0.0004891610646323947,0,0,0.0,0,0.0,0.0,50.0,0,,,,,,,,,,,,,,,,,,,,,,,,,,,
141,B,step_totals,,,,,,,,,,,,,,,,,,,,,72.00000000000006,,,7.0,0.09722222222222214,56.0,0.7777777777777771,0.0,0.0,0.00411062266888818,0.16071428571428573,0.0,0,9,26,11,,14,56,20,6.000000000000003,0.0833333333333333,3.0000000000000004,0.04166666666666664,30,15,19
142,B,all_agents,,,40,30,10,0,17,13,0.42752615471041394,0.23442819620265729,0.9982165233720006,0.10611200455556777,1068,30,0.75,51,4.352941176470588,1.392156862745098,31.85,6613,,,,,,,,,,,,,,,,,,,,,,,,,,,
142,B,participants_only,,,30,30,0,0,17,13,0.4896379728753077,0.23405578282722844,0.9982165233720006,0.12588978592699998,1068,30,1.0,51,4.352941176470588,1.392156862745098,25.8,6613,,,,,,,,,,,,,,,,,,,,,,,,,,,
142,B,nonparticipants_only,,,10,0,10,0,0,0,0.24119070021573283,0.24183543745672928,0.27993754005801424,0.00048412497228526765,0,0,0.0,0,0.0,0.0,50.0,0,,,,,,,,,,,,,,,,,,,,,,,,,,,
142,B,step_totals,,,,,,,,,,,,,,,,,,,,,70.00000000000006,,,10.0,0.14285714285714274,50.0,0.7142857142857137,0.0,0.0,0.004068270815334351,0.08,0.0,0,4,20,32,,20,50,25,6.000000000000003,0.08571428571428569,4.000000000000001,0.057142857142857106,30,20,24
143,B,all_agents,,,40,30,10,0,17,13,0.4277066373209154,0.23424450735404279,0.9982878624371206,0.10650987251011002,1074,30,0.75,51,4.352941176470588,1.392156862745098,31.7,6665,,,,,,,,,,,,,,,,,,,,,,,,,,,
143,B,participants_only,,,30,30,0,0,17,13,0.48979104887358205,0.23288550391309232,0.9982878624371206,0.1264356555238835,1074,30,1.0,51,4.352941176470588,1.392156862745098,25.6,6665,,,,,,,,,,,,,,,,,,,,,,,,,,,
143,B,nonparticipants_only,,,10,0,10,0,0,0,0.24145340266291535,0.24230246956120172,0.27910641271705344,0.0004788335746988929,0,0,0.0,0,0.0,0.0,50.0,0,,,,,,,,,,,,,,,,,,,,,,,,,,,
143,B,step_totals,,,,,,,,,,,,,,,,,,,,,72.00000000000007,,,7.0,0.09722222222222213,56.0,0.777777777777777,0.0,0.0,0.003930396750963825,0.10714285714285714,0.0,0,6,26,11,,14,56,20,6.000000000000003,0.08333333333333329,3.0000000000000004,0.04166666666666663,30,15,19
144,B,all_agents,,,40,30,10,0,17,13,0.4278320872290872,0.23442746736580436,0.9983563479396358,0.10660703251684955,1084,30,0.75,51,4.352941176470588,1.392156862745098,31.85,6715,,,,,,,,,,,,,,,,,,,,,,,,,,,
144,B,participants_only,,,30,30,0,0,17,13,0.48987122169550695,0.23294831385689746,0.9983563479396358,0.12658954899380545,1084,30,1.0,51,4.352941176470588,1.392156862745098,25.8,6715,,,,,,,,,,,,,,,,,,,,,,,,,,,
144,B,nonparticipants_only,,,10,0,10,0,0,0,0.241714683829828,0.242385080564324,0.278592371073902,0.0004732326218717962,0,0,0.0,0,0.0,0.0,50.0,0,,,,,,,,,,,,,,,,,,,,,,,,,,,
144,B,step_totals,,,,,,,,,,,,,,,,,,,,,70.00000000000006,,,10.0,0.14285714285714274,50.0,0.7142857142857137,0.0,0.0,0.004104713226009722,0.2,0.0,0,10,20,32,,20,50,25,6.000000000000003,0.08571428571428569,4.000000000000001,0.057142857142857106,30,20,24
145,B,all_agents,,,40,30,10,0,17,13,0.42804052285189287,0.23503100466839622,0.9984220940220504,0.10703053448852395,1090,30,0.75,51,4.352941176470588,1.392156862745098,31.7,6771,,,,,,,,,,,,,,,,,,,,,,,,,,,
145,B,participants_only,,,30,30,0,0,17,13,0.490062505669777,0.23178357228761298,0.9984220940220504,0.1271647349402013,1090,30,1.0,51,4.352941176470588,1.392156862745098,25.6,6771,,,,,,,,,,,,,,,,,,,,,,,,,,,
145,B,nonparticipants_only,,,10,0,10,0,0,0,0.24197457439824063,0.2420898173326824,0.27922970615533294,0.00046721690154904343,0,0,0.0,0,0.0,0.0,50.0,0,,,,,,,,,,,,,,,,,,,,,,,,,,,
145,B,step_totals,,,,,,,,,,,,,,,,,,,,,72.00000000000006,,,7.0,0.09722222222222214,56.0,0.7777777777777771,0.0,0.0,0.004023474711566224,0.10714285714285714,0.0,0,6,26,11,,14,56,20,6.000000000000003,0.0833333333333333,3.0000000000000004,0.04166666666666664,30,15,19
146,B,all_agents,,,40,30,10,0,17,13,0.42812210124565947,0.2352517086640757,0.9984852102611684,0.10708947852510733,1097,30,0.75,51,4.352941176470588,1.392156862745098,31.85,6819,,,,,,,,,,,,,,,,,,,,,,,,,,,
146,B,participants_only,,,30,30,0,0,17,13,0.4900851349085868,0.23204026676677664,0.9984852102611684,0.1272746047787483,1097,30,1.0,51,4.352941176470588,1.392156862745098,25.8,6819,,,,,,,,,,,,,,,,,,,,,,,,,,,
146,B,nonparticipants_only,,,10,0,10,0,0,0,0.2422330002568776,0.2428646708999062,0.27882107551554874,0.00046108927562763424,0,0,0.0,0,0.0,0.0,50.0,0,,,,,,,,,,,,,,,,,,,,,,,,,,,
146,B,step_totals,,,,,,,,,,,,,,,,,,,,,70.00000000000006,,,10.0,0.14285714285714274,50.0,0.7142857142857137,0.0,0.0,0.003955823642754365,0.14,0.0,0,7,20,32,,20,50,25,6.000000000000003,0.08571428571428569,4.000000000000001,0.057142857142857106,30,20,24
147,B,all_agents,,,40,30,10,0,17,13,0.42829769233901316,0.23505359600731313,0.9985458018507217,0.1074880985410289,1103,30,0.75,51,4.352941176470588,1.392156862745098,31.7,6873,,,,,,,,,,,,,,,,,,,,,,,,,,,
147,B,participants_only,,,30,30,0,0,17,13,0.49023375066158775,0.23088006543294276,0.9985458018507217,0.1278210314142979,1103,30,1.0,51,4.352941176470588,1.392156862745098,25.6,6873,,,,,,,,,,,,,,,,,,,,,,,,,,,
147,B,nonparticipants_only,,,10,0,10,0,0,0,0.24248951737128935,0.24318102635560984,0.2807549192518591,0.0004563960747735603,0,0,0.0,0,0.0,0.0,50.0,0,,,,,,,,,,,,,,,,,,,,,,,,,,,
147,B,step_totals,,,,,,,,,,,,,,,,,,,,,72.00000000000006,,,7.0,0.09722222222222214,56.0,0.7777777777777771,0.0,0.0,0.003913080415278637,0.10714285714285714,0.0,0,6,26,11,,14,56,20,6.000000000000003,0.0833333333333333,3.0000000000000004,0.04166666666666664,30,15,19
148,B,all_agents,,,40,30,10,0,17,13,0.428406354188516,0.23594426070560903,0.9986039697766929,0.10757102176155034,1113,30,0.75,51,4.352941176470588,1.392156862745098,31.85,6923,,,,,,,,,,,,,,,,,,,,,,,,,,,
148,B,participants_only,,,30,30,0,0,17,13,0.4902936220620002,0.23451631993441724,0.9986039697766929,0.12795731959158063,1113,30,1.0,51,4.352941176470588,1.392156862745098,25.8,6923,,,,,,,,,,,,,,,,,,,,,,,,,,,
148,B,nonparticipants_only,,,10,0,10,0,0,0,0.24274455056806366,0.2433674555175642,0.2802786495246475,0.00045172117332693227,0,0,0.0,0,0.0,0.0,50.0,0,,,,,,,,,,,,,,,,,,,,,,,,,,,
148,B,step_totals,,,,,,,,,,,,,,,,,,,,,70.00000000000007,,,10.0,0.1428571428571427,50.0,0.7142857142857135,0.0,0.0,0.004049328120216872,0.2,0.0,0,10,20,32,,20,50,25,6.000000000000003,0.08571428571428566,4.000000000000001,0.0571428571428571,30,20,24
149,B,all_agents,,,40,30,10,0,17,13,0.42857184046419955,0.23599112617316848,0.9986598109856252,0.10796257149404802,1121,30,0.75,51,4.352941176470588,1.392156862745098,31.7,6977,,,,,,,,,,,,,,,,,,,,,,,,,,,
149,B,participants_only,,,30,30,0,0,17,13,0.4904297243523395,0.23334373833474514,0.9986598109856252,0.12849557175542045,1121,30,1.0,51,4.352941176470588,1.392156862745098,25.6,6977,,,,,,,,,,,,,,,,,,,,,,,,,,,
149,B,nonparticipants_only,,,10,0,10,0,0,0,0.2429981887997799,0.24381837327034328,0.2794761991807195,0.0004467971205075399,0,0,0.0,0,0.0,0.0,50.0,0,,,,,,,,,,,,,,,,,,,,,,,,,,,
149,B,step_totals,,,,,,,,,,,,,,,,,,,,,71.80000000000007,,,7.0,0.09749303621169907,56.0,0.7799442896935925,0.0,0.0,0.0038899696817358033,0.14285714285714285,0.0,0,8,26,11,,14,56,20,6.000000000000003,0.08356545961002781,2.8000000000000003,0.03899721448467963,30,14,19
150,B,all_agents,,,40,30,10,0,17,13,0.4286346717251045,0.23631384429355956,0.9987134185462002,0.10800611968932135,1131,30,0.75,51,4.352941176470588,1.392156862745098,31.85,7025,,,,,,,,,,,,,,,,,,,,,,,,,,,
150,B,participants_only,,,30,30,0,0,17,13,0.49042941070323826,0.23367595891659731,0.9987134185462002,0.12858660994407228,1131,30,1.0,51,4.352941176470588,1.392156862745098,25.8,7025,,,,,,,,,,,,,,,,,,,,,,,,,,,
150,B,nonparticipants_only,,,10,0,10,0,0,0,0.24325045479070323,0.24389813388535453,0.27897989389389877,0.0004415717405603042,0,0,0.0,0,0.0,0.0,50.0,0,,,,,,,,,,,,,,,,,,,,,,,,,,,
150,B,step_totals,,,,,,,,,,,,,,,,,,,,,70.00000000000007,,,10.0,0.1428571428571427,50.0,0.7142857142857135,0.0,0.0,0.003893395108434887,0.2,0.0,0,10,20,32,,20,50,25,6.000000000000003,0.08571428571428566,4.000000000000001,0.0571428571428571,30,20,24
150,B,reachability,0.25,0.0,,,,,,,,,,,,,,,,,,,,,,,,,,,,,,,,,,,,,,,,,,,,,
151,B,all_agents,,,40,30,10,0,17,13,0.42878981128780513,0.23689655730535664,0.9987648818043522,0.10839091992667026,1137,30,0.75,51,4.352941176470588,1.392156862745098,31.7,7079,,,,,,,,,,,,,,,,,,,,,,,,,,,
151,B,participants_only,,,30,30,0,0,17,13,0.49055262232908425,0.23250757912201434,0.9987648818043522,0.12911733241127613,1137,30,1.0,51,4.352941176470588,1.392156862745098,25.6,7079,,,,,,,,,,,,,,,,,,,,,,,,,,,
151,B,nonparticipants_only,,,10,0,10,0,0,0,0.24350137816396789,0.24361305833783836,0.2795952385349502,0.00043594454020373197,0,0,0.0,0,0.0,0.0,50.0,0,,,,,,,,,,,,,,,,,,,,,,,,,,,
151,B,step_totals,,,,,,,,,,,,,,,,,,,,,71.80000000000005,,,7.0,0.0974930362116991,56.0,0.7799442896935928,0.0,0.0,0.0038542637865173254,0.10714285714285714,0.0,0,6,26,11,,14,56,20,6.000000000000003,0.08356545961002783,2.8000000000000003,0.03899721448467964,30,14,19
152,B,all_agents,,,40,30,10,0,17,13,0.42885408898378596,0.23655790815946254,0.9988142865321781,0.10843930339135145,1141,30,0.75,51,4.352941176470588,1.392156862745098,31.85,7128,,,,,,,,,,,,,,,,,,,,,,,,,,,
152,B,participants_only,,,30,30,0,0,17,13,0.49055515618991,0.2326173676016075,0.9988142865321781,0.12921424863258346,1141,30,1.0,51,4.352941176470588,1.392156862745098,25.8,7128,,,,,,,,,,,,,,,,,,,,,,,,,,,
152,B,nonparticipants_only,,,10,0,10,0,0,0,0.24375088736541392,0.24436117656337247,0.2792007071782327,0.0004302073351598715,0,0,0.0,0,0.0,0.0,50.0,0,,,,,,,,,,,,,,,,,,,,,,,,,,,
152,B,step_totals,,,,,,,,,,,,,,,,,,,,,70.00000000000007,,,10.0,0.1428571428571427,50.0,0.7142857142857135,0.0,0.0,0.003899623791427609,0.08,0.0,0,4,20,32,,20,50,25,6.000000000000003,0.08571428571428566,4.000000000000001,0.0571428571428571,30,20,24
153,B,all_agents,,,40,30,10,0,17,13,0.429016605281151,0.23654375319422172,0.9988617150708909,0.10883320394832469,1152,30,0.75,51,4.352941176470588,1.392156862745098,31.7,7184,,,,,,,,,,,,,,,,,,,,,,,,,,,
153,B,participants_only,,,30,30,0,0,17,13,0.49068928914772186,0.23145428076359947,0.9988617150708909,0.12975490783564086,1152,30,1.0,51,4.352941176470588,1.392156862745098,25.6,7184,,,,,,,,,,,,,,,,,,,,,,,,,,,
153,B,nonparticipants_only,,,10,0,10,0,0,0,0.24399855368143855,0.24466661657445363,0.28106782608387615,0.00042585306270433865,0,0,0.0,0,0.0,0.0,50.0,0,,,,,,,,,,,,,,,,,,,,,,,,,,,
153,B,step_totals,,,,,,,,,,,,,,,,,,,,,72.00000000000006,,,7.0,0.09722222222222214,56.0,0.7777777777777771,0.0,0.0,0.003866721788466927,0.19642857142857142,0.0,0,11,26,11,,14,56,20,6.000000000000003,0.0833333333333333,3.0000000000000004,0.04166666666666664,30,15,19
154,B,all_agents,,,40,30,10,0,17,13,0.42910414626529697,0.23727133201322942,0.9989072464680553,0.10889564925433956,1161,30,0.75,51,4.352941176470588,1.392156862745098,31.85,7234,,,,,,,,,,,,,,,,,,,,,,,,,,,
154,B,participants_only,,,30,30,0,0,17,13,0.490723932593554,0.23174939676995843,0.9989072464680553,0.12986570201089254,1161,30,1.0,51,4.352941176470588,1.392156862745098,25.8,7234,,,,,,,,,,,,,,,,,,,,,,,,,,,
154,B,nonparticipants_only,,,10,0,10,0,0,0,0.2442447872805258,0.24484661323411772,0.28060798944083953,0.00042151417899999387,0,0,0.0,0,0.0,0.0,50.0,0,,,,,,,,,,,,,,,,,,,,,,,,,,,
154,B,step_totals,,,,,,,,,,,,,,,,,,,,,70.00000000000007,,,10.0,0.1428571428571427,50.0,0.7142857142857135,0.0,0.0,0.003979754126205487,0.18,0.0,0,9,20,32,,20,50,25,6.000000000000003,0.08571428571428566,4.000000000000001,0.0571428571428571,30,20,24
155,B,all_agents,,,40,30,10,0,17,13,0.42925575184379183,0.23782355103272756,0.9989509566093331,0.10928134426461601,1169,30,0.75,51,4.352941176470588,1.392156862745098,31.7,7289,,,,,,,,,,,,,,,,,,,,,,,,,,,
155,B,participants_only,,,30,30,0,0,17,13,0.4908444444430361,0.23059064978610866,0.9989509566093331,0.13039681337331116,1169,30,1.0,51,4.352941176470588,1.392156862745098,25.6,7289,,,,,,,,,,,,,,,,,,,,,,,,,,,
155,B,nonparticipants_only,,,10,0,10,0,0,0,0.24448967404605884,0.2452819726405145,0.27983322663045507,0.0004169322655200062,0,0,0.0,0,0.0,0.0,50.0,0,,,,,,,,,,,,,,,,,,,,,,,,,,,
155,B,step_totals,,,,,,,,,,,,,,,,,,,,,71.80000000000007,,,7.0,0.09749303621169907,56.0,0.7799442896935925,0.0,0.0,0.0038407403926777385,0.14285714285714285,0.0,0,8,26,11,,14,56,20,6.000000000000003,0.08356545961002781,2.8000000000000003,0.03899721448467963,30,14,19
156,B,all_agents,,,40,30,10,0,17,13,0.42933563408700903,0.23813513417280358,0.9989929183449597,0.10933655873723114,1175,30,0.75,51,4.352941176470588,1.392156862745098,31.85,7337,,,,,,,,,,,,,,,,,,,,,,,,,,,
156,B,participants_only,,,30,30,0,0,17,13,0.4908697668099351,0.2341161704213539,0.9989929183449597,0.13049892797797114,1175,30,1.0,51,4.352941176470588,1.392156862745098,25.8,7337,,,,,,,,,,,,,,,,,,,,,,,,,,,
156,B,nonparticipants_only,,,10,0,10,0,0,0,0.24473323591823087,0.24535898121644906,0.2793540457294368,0.00041205713545902026,0,0,0.0,0,0.0,0.0,50.0,0,,,,,,,,,,,,,,,,,,,,,,,,,,,
156,B,step_totals,,,,,,,,,,,,,,,,,,,,,70.00000000000006,,,10.0,0.14285714285714274,50.0,0.7142857142857137,0.0,0.0,0.00395432793452013,0.12,0.0,0,6,20,32,,20,50,25,6.000000000000003,0.08571428571428569,4.000000000000001,0.057142857142857106,30,20,24
